/*--------------------------------*- C++ -*----------------------------------*\
| =========                 |                                                 |
| \\      /  F ield         | OpenFOAM: The Open Source CFD Toolbox           |
|  \\    /   O peration     | Version:  2606                                  |
|   \\  /    A nd           | Website:  www.openfoam.com                      |
|    \\/     M anipulation  |                                                 |
\*---------------------------------------------------------------------------*/
FoamFile
{
    version     2.0;
    format      ascii;
    arch        "LSB;label=32;scalar=64";
    class       vectorField;
    location    "constant/cell4/polyMesh";
    object      points;
}
// * * * * * * * * * * * * * * * * * * * * * * * * * * * * * * * * * * * * * //


13138
(
(-0.0019059099 0.0011979149 8.3864883e-47)
(-2.2748227e-13 0.001 -1.5830177e-52)
(0.0019059099 0.0011979149 3.2794823e-47)
(-0.005836108 0.0031539274 -6.6817443e-43)
(-0.0040497208 0.0029215847 -1.061385e-41)
(-0.0020193141 0.0029746868 2.827735e-39)
(-2.586593e-09 0.0030008734 3.2512741e-39)
(0.0020194188 0.0029742111 1.6955494e-39)
(0.0040497733 0.0029215947 -9.1915145e-42)
(0.005836108 0.0031539274 -1.0334623e-42)
(-0.0076884434 0.0052938138 -2.416251e-40)
(-0.0061205834 0.0048938825 -1.3655581e-36)
(-0.0040777651 0.0049159662 -5.5622899e-36)
(-0.0020342262 0.0049499853 -7.101388e-36)
(-8.2044298e-07 0.0049700994 -5.4898089e-36)
(0.0020317926 0.0049480446 -5.5117791e-36)
(0.0040754019 0.0049132405 -5.5264334e-36)
(0.0061190835 0.0048924674 -1.8315981e-36)
(0.0076733873 0.0053043808 -3.181978e-41)
(-0.0083742625 0.0066934462 1.1320267e-36)
(-0.0060715794 0.0069508861 -6.165806e-34)
(-0.0040570839 0.0069511861 4.1984269e-33)
(-0.0020297361 0.0069630454 6.5960919e-33)
(-8.1353433e-07 0.0069698733 5.7650893e-33)
(0.0020278011 0.0069608661 5.08446e-33)
(0.0040551996 0.0069478396 4.0551225e-33)
(0.0060708042 0.0069492906 4.8916746e-34)
(0.0083742634 0.0066934458 2.6417978e-37)
(-0.0079740658 0.0090011933 4.4442444e-34)
(-0.0060170682 0.0089895974 4.4173949e-30)
(-0.0040315986 0.0089855477 1.2433975e-30)
(-0.002021671 0.00898721 -1.0112172e-29)
(-3.4528653e-07 0.0089875009 -5.1670512e-30)
(0.0020209153 0.0089851072 -7.9881238e-30)
(0.0040308838 0.0089819809 -1.164211e-30)
(0.0060168492 0.0089857896 1.6254754e-30)
(0.0079742577 0.0089987928 1.8127872e-35)
(-0.007968336 0.01100129 -2.0969065e-31)
(-0.0060156692 0.011014665 2.144321e-27)
(-0.0040307738 0.011017878 -1.0557845e-26)
(-0.0020209505 0.011014912 2.0440733e-27)
(3.1057956e-07 0.011012778 3.259171e-26)
(0.0020215217 0.011013488 5.4691461e-27)
(0.0040312727 0.011015754 -5.7334e-27)
(0.0060160122 0.011012632 6.3486307e-28)
(0.0079683513 0.010999988 -2.1352772e-34)
(-0.0083686163 0.013301472 2.3860879e-28)
(-0.0060708439 0.013048931 1.7835106e-24)
(-0.0040554159 0.01305082 -7.7804161e-24)
(-0.002027819 0.0130386 4.1211704e-23)
(8.7036745e-07 0.013030182 7.3937471e-23)
(0.0020296414 0.013037681 3.0577597e-23)
(0.0040570228 0.013049688 -4.9207053e-24)
(0.0060713168 0.013050187 1.1172831e-24)
(0.0083686163 0.013301472 -1.3882922e-28)
(-0.0076840223 0.014702407 -1.8887426e-20)
(-0.0061236114 0.015103629 6.151816e-21)
(-0.0040754761 0.015085361 1.8693857e-21)
(-0.0020313765 0.015051535 5.3922303e-20)
(1.2728471e-06 0.015029507 5.9043411e-20)
(0.0020344417 0.015050487 3.6853145e-20)
(0.0040785445 0.015083281 1.0735e-21)
(0.0061248789 0.01510274 4.2302261e-21)
(0.0076840142 0.014702404 -2.8317731e-20)
(-0.0058418873 0.016850137 1.2890769e-16)
(-0.0040494875 0.017076606 6.488215e-17)
(-0.0020181724 0.017025503 9.9962732e-17)
(1.1553378e-06 0.016997374 8.4868069e-18)
(0.0020208581 0.017024674 7.8581531e-17)
(0.0040502854 0.017076215 6.4286439e-17)
(0.0058418873 0.016850137 9.0869496e-17)
(-0.0019021915 0.018794396 1.0538728e-11)
(3.3183407e-12 0.018999999 1.9892198e-17)
(0.0019021915 0.018794396 1.0962593e-11)
(-0.0019281673 0.0012131199 0.0019988761)
(4.2613077e-06 0.0010001395 0.0019999094)
(0.0019143126 0.0012098894 0.0020006203)
(-0.0058511718 0.0031653742 0.0019826416)
(-0.0040559927 0.0029196526 0.0019959741)
(-0.0020324208 0.0029749551 0.0019978147)
(-2.3417647e-07 0.0030041306 0.0019995082)
(0.0020168397 0.0029684142 0.0020010784)
(0.0040568312 0.0029210268 0.0020004674)
(0.0058393392 0.0031556634 0.0019993332)
(-0.0076441297 0.005258621 0.0019862707)
(-0.0061297323 0.0048829279 0.0019825486)
(-0.0040841158 0.0049139889 0.0019900175)
(-0.0020387414 0.0049482895 0.0019956615)
(-1.1956181e-06 0.0049699543 0.0019975919)
(0.0020333242 0.0049444746 0.0019979114)
(0.0040773536 0.0049070331 0.0019965674)
(0.0061235195 0.0048773032 0.0019970571)
(0.0076637802 0.0052902217 0.0019987464)
(-0.008392414 0.0067617572 0.0019374845)
(-0.0060786962 0.0069554718 0.001956546)
(-0.0040601724 0.006952127 0.0019793124)
(-0.002031202 0.0069629333 0.0019907937)
(-9.7456795e-07 0.0069696789 0.0019940822)
(0.0020283815 0.0069596148 0.0019923511)
(0.0040561853 0.0069450749 0.0019841399)
(0.0060736205 0.0069435501 0.0019687237)
(0.0083620811 0.0066811644 0.0019671309)
(-0.0079692328 0.009004652 0.0017516248)
(-0.0060174653 0.0089918654 0.0018990122)
(-0.0040324084 0.0089863896 0.0019618031)
(-0.0020221158 0.0089874886 0.0019839231)
(-4.2860057e-07 0.0089875252 0.0019898725)
(0.0020210224 0.0089847582 0.0019846313)
(0.0040309163 0.0089811052 0.0019643745)
(0.0060158892 0.0089845344 0.0019081223)
(0.0079678639 0.0089982762 0.0017813095)
(-0.0079676961 0.011005703 0.0017723827)
(-0.0060161588 0.011015725 0.001884565)
(-0.0040313694 0.011018713 0.0019557263)
(-0.0020213468 0.011015339 0.0019818538)
(1.9249361e-07 0.011012964 0.0019883304)
(0.0020216846 0.011013571 0.0019808482)
(0.0040318088 0.011015491 0.0019523005)
(0.0060168095 0.011011464 0.0018756288)
(0.0079684882 0.01100042 0.0017640903)
(-0.0083808208 0.013269045 0.0017198476)
(-0.0060763374 0.013050109 0.0018874604)
(-0.0040574302 0.013052568 0.0019622432)
(-0.0020289391 0.013039662 0.0019865896)
(6.6575524e-07 0.013030682 0.0019912341)
(0.002030391 0.013038542 0.0019847358)
(0.0040593298 0.013050117 0.0019538231)
(0.006078247 0.013047794 0.001856234)
(0.0083813033 0.013267763 0.0016331054)
(-0.0076489456 0.014733634 0.0019362334)
(-0.0061293739 0.015115956 0.0019769346)
(-0.0040787259 0.015090949 0.0019902285)
(-0.0020341782 0.015054609 0.0019954423)
(1.1227655e-06 0.015030272 0.0019965434)
(0.0020368822 0.015053567 0.0019952477)
(0.0040831653 0.015086951 0.0019884473)
(0.0061378237 0.015109183 0.001972145)
(0.0076667342 0.014705028 0.0019142617)
(-0.0058455668 0.016839225 0.0020005644)
(-0.0040546567 0.017080316 0.0019991728)
(-0.0020211092 0.017029686 0.001998737)
(1.7023086e-06 0.016995775 0.0019993563)
(0.0020264529 0.017027856 0.0020004269)
(0.0040524855 0.017082113 0.0020006439)
(0.0058546115 0.016831802 0.0020013164)
(-0.0019329652 0.018785761 0.0019960972)
(1.6340748e-06 0.018999946 0.0019995389)
(0.0019083254 0.018791507 0.0019998104)
(-0.0019317041 0.0012139445 0.0040021427)
(3.7954243e-06 0.0010001243 0.0040014141)
(0.0019261082 0.0012126398 0.0039962619)
(-0.0058327204 0.0031502315 0.0039965848)
(-0.0040549525 0.0029199681 0.0039982131)
(-0.002021293 0.0029702353 0.0039987965)
(1.6390575e-06 0.0030048388 0.0039995102)
(0.0020263273 0.0029710314 0.003999334)
(0.0040543407 0.0029178125 0.0039991302)
(0.0058448171 0.003160159 0.0040010762)
(-0.0076851401 0.0053245711 0.0039871423)
(-0.0061338886 0.0048861089 0.0039955742)
(-0.0040847538 0.004913818 0.0039937791)
(-0.0020373387 0.0049471764 0.0039958498)
(1.0436696e-08 0.0049699412 0.0039970604)
(0.0020358175 0.0049440316 0.0039971426)
(0.0040750747 0.0049028164 0.0039958436)
(0.0061112956 0.0048658453 0.003996913)
(0.0076605534 0.0052850324 0.0039968618)
(-0.008403811 0.0067920382 0.0039884717)
(-0.0060814159 0.0069606493 0.0039760891)
(-0.0040611432 0.0069530804 0.003983165)
(-0.0020311433 0.0069628404 0.0039901637)
(-4.7840248e-07 0.006969659 0.0039927443)
(0.0020292707 0.0069592959 0.0039912967)
(0.0040562697 0.0069440866 0.00398565)
(0.0060741467 0.0069444731 0.0039798767)
(0.008378076 0.006723662 0.0039884669)
(-0.0079700694 0.0090052731 0.0039294361)
(-0.0060181581 0.0089934071 0.0039428184)
(-0.0040327676 0.0089869909 0.0039689651)
(-0.0020222282 0.0089876655 0.0039831509)
(-3.4354525e-07 0.0089876206 0.0039879212)
(0.0020212273 0.0089847515 0.0039836879)
(0.004030951 0.0089809098 0.0039704679)
(0.0060157678 0.0089845011 0.0039466901)
(0.0079679111 0.0089995508 0.0039367449)
(-0.0079677773 0.011003427 0.0039315399)
(-0.0060162166 0.011016139 0.003935913)
(-0.0040316508 0.011019297 0.0039651559)
(-0.0020217169 0.011015637 0.0039814749)
(-5.9858028e-08 0.011013166 0.0039864624)
(0.0020215669 0.011013816 0.0039806359)
(0.0040317499 0.011015664 0.0039628212)
(0.0060168889 0.011011122 0.0039316352)
(0.0079678177 0.011002241 0.003929707)
(-0.0083701764 0.013297327 0.0039545317)
(-0.006075505 0.013053877 0.0039544335)
(-0.0040580951 0.013053988 0.0039746032)
(-0.0020300722 0.013040128 0.0039871071)
(-2.1401618e-08 0.013031026 0.0039901708)
(0.0020298833 0.013039389 0.0039856682)
(0.0040586421 0.013051694 0.0039697001)
(0.0060771166 0.013050329 0.0039431396)
(0.0083600736 0.013324169 0.0039472539)
(-0.0076502397 0.014731553 0.0039824526)
(-0.0061308238 0.015116561 0.0039919962)
(-0.0040805298 0.015091971 0.003993161)
(-0.0020370261 0.015054686 0.0039955351)
(-1.2592118e-07 0.015030572 0.0039960044)
(0.0020353074 0.01505544 0.0039951495)
(0.0040796371 0.015091835 0.0039913328)
(0.0061287156 0.015118601 0.0039854712)
(0.0076410466 0.014746337 0.0039752223)
(-0.0058487469 0.016836615 0.0039973661)
(-0.0040516138 0.017082739 0.0039983471)
(-0.0020240239 0.017029221 0.0039993676)
(4.0857893e-07 0.016995389 0.0039992634)
(0.0020192197 0.017031615 0.0040000821)
(0.0040526393 0.017082089 0.0039989683)
(0.0058442861 0.016840276 0.0039994125)
(-0.0019238299 0.018787891 0.0039954098)
(9.8377309e-07 0.018999967 0.0039995295)
(0.0019224752 0.018788207 0.0040042077)
(-0.0019214376 0.0012115507 0.0059986617)
(5.8080675e-07 0.0010000191 0.0059998992)
(0.0019131779 0.0012096248 0.0060008857)
(-0.0058325151 0.003150063 0.0060002924)
(-0.0040547288 0.0029191985 0.0059988692)
(-0.0020220124 0.0029703152 0.0059996189)
(1.4239447e-06 0.0030053221 0.0059998428)
(0.0020313536 0.0029733776 0.0060018649)
(0.0040516153 0.0029158211 0.0059996664)
(0.0058578458 0.0031708513 0.0060004402)
(-0.0076703117 0.0053007251 0.0060050945)
(-0.0061452201 0.0048993509 0.0059979214)
(-0.0040820761 0.0049108879 0.0059971037)
(-0.0020364104 0.0049461473 0.0059973325)
(7.6279211e-07 0.00497024 0.0059977958)
(0.0020389029 0.0049454642 0.0059981341)
(0.0040785483 0.004905167 0.0059971155)
(0.0061145669 0.0048666432 0.0059969573)
(0.007666408 0.0052944474 0.006010354)
(-0.0083834062 0.006737824 0.0059945302)
(-0.0060787845 0.0069545678 0.0059908976)
(-0.0040597974 0.0069508165 0.0059909632)
(-0.002030638 0.0069621499 0.0059932224)
(3.5155468e-08 0.0069698048 0.0059943852)
(0.0020304866 0.0069599446 0.0059938547)
(0.0040575104 0.0069448101 0.0059919837)
(0.0060742322 0.0069435542 0.0059925418)
(0.00837104 0.0067049676 0.0059939711)
(-0.0079686522 0.0090017139 0.0059871625)
(-0.0060170153 0.0089911075 0.005980288)
(-0.0040322075 0.0089859953 0.0059840823)
(-0.0020220427 0.0089873545 0.0059887903)
(-1.8523832e-07 0.0089877388 0.0059909201)
(0.00202157 0.0089851634 0.0059891107)
(0.0040313381 0.0089814192 0.0059848029)
(0.0060159616 0.0089848125 0.0059817995)
(0.0079677806 0.0089994018 0.0059888154)
(-0.0079680804 0.011001393 0.0059882196)
(-0.006015834 0.011015607 0.005979193)
(-0.0040315637 0.011019226 0.0059829631)
(-0.0020219263 0.011015589 0.0059880457)
(-2.8510475e-07 0.011013258 0.0059901072)
(0.0020214657 0.011014062 0.0059876596)
(0.0040317833 0.01101569 0.0059820173)
(0.0060173905 0.011009901 0.0059780995)
(0.0079690924 0.010998226 0.0059879587)
(-0.008383327 0.013262387 0.0060039491)
(-0.0060749238 0.013053528 0.005989237)
(-0.0040581791 0.01305438 0.0059890901)
(-0.0020308459 0.013040061 0.005991974)
(-5.7976973e-07 0.013031036 0.0059929747)
(0.0020295785 0.013039559 0.0059913372)
(0.0040585415 0.013051242 0.0059870179)
(0.0060790611 0.013044344 0.0059860157)
(0.0083900466 0.013244533 0.0060017989)
(-0.0076441999 0.014741266 0.0059975513)
(-0.0061176002 0.015130902 0.0060031114)
(-0.0040800807 0.015093433 0.0059976346)
(-0.0020387312 0.015054149 0.0059971034)
(-8.393075e-07 0.015030356 0.0059970495)
(0.0020354167 0.015055432 0.0059971988)
(0.0040787425 0.015092934 0.0059961115)
(0.0061241134 0.015121882 0.005996574)
(0.0076705116 0.014698953 0.0059921616)
(-0.0058325849 0.016849879 0.0059994288)
(-0.0040582484 0.017079352 0.0060004468)
(-0.0020287629 0.017027124 0.0060000324)
(1.4781852e-07 0.01699491 0.0059992754)
(0.0020253935 0.017029246 0.0060012301)
(0.0040575589 0.017079531 0.0059997511)
(0.0058428698 0.016841438 0.0059985701)
(-0.0019044317 0.018792414 0.0060046214)
(3.0112218e-07 0.01899999 0.0059980518)
(0.0019332079 0.018785705 0.006001199)
(-0.0019179054 0.0012107271 0.0079945341)
(3.0973811e-06 0.0010001014 0.0080022373)
(0.0019259011 0.0012125915 0.0080024744)
(-0.005847292 0.0031621901 0.0079989171)
(-0.0040534923 0.0029178828 0.0079993903)
(-0.002028425 0.0029726574 0.0079991811)
(7.5122887e-08 0.0030058119 0.0080000595)
(0.002030836 0.002973763 0.0080006701)
(0.0040598392 0.0029215075 0.0080000689)
(0.0058484199 0.0031631157 0.0079996866)
(-0.0076541399 0.0052747187 0.0080037641)
(-0.0061070285 0.0048571811 0.0080003819)
(-0.0040770777 0.0049045048 0.0079989144)
(-0.0020382216 0.0049461599 0.007998355)
(1.8977123e-07 0.0049707507 0.0079985729)
(0.0020398868 0.0049467672 0.0079988146)
(0.0040831661 0.0049094055 0.0079987466)
(0.0061253409 0.0048772748 0.0079997131)
(0.0076550956 0.0052762556 0.0080012422)
(-0.0083847963 0.0067415175 0.0079958788)
(-0.0060755701 0.0069509877 0.0079963479)
(-0.0040581893 0.006948455 0.007995799)
(-0.0020308715 0.0069617597 0.0079960866)
(-3.5146913e-08 0.0069701469 0.0079964669)
(0.0020311665 0.0069610479 0.0079964442)
(0.0040595371 0.0069477909 0.0079963184)
(0.0060778249 0.0069515285 0.0079975941)
(0.0083956732 0.0067704166 0.007997296)
(-0.0079687418 0.0090020732 0.0079973089)
(-0.0060164335 0.0089904408 0.0079938985)
(-0.0040318068 0.0089852061 0.0079930714)
(-0.0020220975 0.0089870741 0.0079938566)
(-2.4320015e-07 0.0089879589 0.0079945048)
(0.0020217442 0.0089859232 0.0079940821)
(0.0040318196 0.0089829831 0.0079935329)
(0.0060166506 0.0089876064 0.0079948939)
(0.0079688712 0.0090018887 0.0079982314)
(-0.0079673923 0.011001409 0.0079979836)
(-0.0060153132 0.011016393 0.0079944422)
(-0.0040316851 0.011019027 0.0079930079)
(-0.0020222265 0.011015386 0.0079936389)
(-5.6652307e-07 0.011013395 0.0079941684)
(0.0020211885 0.01101474 0.00799357)
(0.0040313568 0.011017147 0.0079928244)
(0.0060165781 0.011012586 0.0079945177)
(0.0079681594 0.01100115 0.0079987308)
(-0.0083641546 0.013313326 0.0080028621)
(-0.0060745749 0.013057507 0.0079982294)
(-0.0040590682 0.013054303 0.007995912)
(-0.0020316411 0.013039663 0.007995717)
(-1.1505696e-06 0.013031046 0.0079958674)
(0.0020289614 0.013040235 0.0079956093)
(0.0040574825 0.013053281 0.0079952219)
(0.0060769624 0.013049867 0.0079970169)
(0.0083780474 0.013276414 0.0080055131)
(-0.0076553183 0.014723386 0.0079974731)
(-0.0061303978 0.015116546 0.0080031653)
(-0.0040825599 0.015090696 0.0079989785)
(-0.0020399185 0.015053223 0.0079979995)
(-1.5990872e-06 0.015030172 0.0079980779)
(0.0020345631 0.015055872 0.0079985741)
(0.0040776347 0.01509404 0.0079985655)
(0.0061213904 0.015123079 0.0079949968)
(0.0076569878 0.014720701 0.008020309)
(-0.0058382411 0.016845237 0.0080006296)
(-0.0040531152 0.017082227 0.0079986952)
(-0.0020289355 0.017027394 0.0079978913)
(-6.5387891e-07 0.016994858 0.007999175)
(0.0020233932 0.017029871 0.008000013)
(0.0040577398 0.017078954 0.0080008342)
(0.0058559331 0.016830718 0.007999962)
(-0.0019289938 0.018786687 0.0080017491)
(-2.3666692e-06 0.018999922 0.0079995989)
(0.0019340742 0.018785503 0.0080009216)
(-0.0019532793 0.0012189752 0.010001165)
(1.7427132e-06 0.0010000571 0.01000088)
(0.0019425596 0.0012164757 0.010000954)
(-0.0058427034 0.0031584243 0.0099993657)
(-0.0040556832 0.0029175226 0.0099991305)
(-0.0020423524 0.0029775651 0.0099987272)
(-2.3279577e-06 0.0030062457 0.0099997029)
(0.0020266394 0.0029719857 0.0099988724)
(0.0040523944 0.0029180097 0.010000505)
(0.0058471521 0.0031620753 0.010002803)
(-0.0076547964 0.0052757744 0.010006744)
(-0.0061311809 0.0048836803 0.0100021)
(-0.0040841264 0.0049105726 0.0099994831)
(-0.0020423732 0.0049482597 0.0099986643)
(-1.4954585e-06 0.0049713282 0.0099989513)
(0.0020384619 0.0049470852 0.0099989951)
(0.0040847818 0.0049121746 0.0099990227)
(0.0061402869 0.0048947125 0.009994819)
(0.0076593984 0.005283175 0.010004181)
(-0.008378997 0.0067261091 0.009997681)
(-0.0060781095 0.0069528377 0.0099991707)
(-0.0040601554 0.0069497302 0.0099982865)
(-0.0020322321 0.0069623701 0.0099978622)
(-7.8910763e-07 0.006970499 0.0099979573)
(0.0020307147 0.0069613773 0.0099980847)
(0.0040596529 0.0069476702 0.0099983225)
(0.0060764955 0.0069458076 0.0099986255)
(0.008357291 0.0066684375 0.0099984646)
(-0.00796841 0.0090008642 0.0099989791)
(-0.0060167652 0.0089900459 0.0099982562)
(-0.004032358 0.0089849724 0.009997215)
(-0.0020225541 0.0089870137 0.00999693)
(-5.5327565e-07 0.0089881212 0.009997028)
(0.0020215084 0.0089862849 0.0099970802)
(0.0040316048 0.0089832896 0.0099974042)
(0.0060159873 0.0089869369 0.0099984773)
(0.0079675733 0.0089997209 0.0099994631)
(-0.0079673491 0.011002751 0.0099994781)
(-0.0060158993 0.0110159 0.0099985219)
(-0.0040324023 0.011018302 0.0099972911)
(-0.0020226305 0.011015012 0.0099969036)
(-7.9581855e-07 0.011013467 0.009996918)
(0.0020208771 0.011015286 0.0099969359)
(0.0040307406 0.011018407 0.0099973246)
(0.0060155061 0.011015065 0.0099987248)
(0.0079671531 0.011003813 0.01000012)
(-0.0083603775 0.013323362 0.010004609)
(-0.0060765238 0.013055857 0.0099998904)
(-0.004061281 0.013052152 0.0099986175)
(-0.0020325629 0.013038756 0.0099979242)
(-1.4520912e-06 0.013031025 0.009997802)
(0.0020284821 0.013041007 0.0099979464)
(0.0040559486 0.01305588 0.0099986054)
(0.0060735985 0.013057662 0.01000012)
(0.0083548669 0.013338003 0.010005842)
(-0.0076765268 0.01468928 0.0099943642)
(-0.0061373198 0.015109806 0.010000249)
(-0.0040899425 0.015084217 0.010000316)
(-0.0020427893 0.015051069 0.0099990987)
(-1.9218667e-06 0.015029951 0.009998908)
(0.0020340473 0.015056708 0.0099992764)
(0.0040743584 0.015097268 0.010000671)
(0.0061193652 0.015126567 0.010003112)
(0.0076529314 0.014727225 0.0099948683)
(-0.0058425631 0.01684169 0.0099949881)
(-0.0040676683 0.017073532 0.010002459)
(-0.0020407168 0.017022067 0.0099997094)
(-3.2590095e-07 0.016994441 0.0099994774)
(0.0020236383 0.017029946 0.0099992794)
(0.0040508458 0.017083692 0.0099997884)
(0.0058473344 0.016837774 0.009997298)
(-0.0019262388 0.01878733 0.010000677)
(3.6368268e-06 0.01899988 0.0099998197)
(0.0019274147 0.018787055 0.010000689)
(-0.0019412297 0.0012161656 0.011998178)
(6.1995051e-07 0.0010000203 0.011999874)
(0.0019296375 0.0012134627 0.012006515)
(-0.0058453842 0.0031606244 0.012002109)
(-0.0040516697 0.0029172626 0.012000611)
(-0.0020270667 0.0029720735 0.011998286)
(-1.9988606e-06 0.0030055075 0.011999665)
(0.0020206176 0.002969622 0.011999375)
(0.004051977 0.0029173612 0.012001231)
(0.0058474434 0.0031623144 0.011998275)
(-0.0076661395 0.0052940156 0.011983086)
(-0.0061288217 0.0048815508 0.012000005)
(-0.0040840992 0.0049115968 0.011999671)
(-0.0020402939 0.0049477801 0.011998881)
(-1.7480703e-06 0.004971023 0.011999323)
(0.0020359597 0.0049462067 0.011999672)
(0.004081355 0.0049101184 0.012001478)
(0.006134412 0.0048874164 0.012006486)
(0.00765442 0.0052751691 0.011998295)
(-0.008383401 0.0067378102 0.011998676)
(-0.0060787176 0.0069529671 0.012000636)
(-0.0040603675 0.0069496818 0.011999415)
(-0.0020320096 0.006962224 0.011998822)
(-1.0398231e-06 0.0069704125 0.01199891)
(0.0020298559 0.0069611775 0.011999242)
(0.0040586684 0.0069472717 0.012000052)
(0.0060759135 0.0069454372 0.012000885)
(0.0083632637 0.0066843064 0.012001735)
(-0.0079688346 0.0090038943 0.011999674)
(-0.0060169432 0.0089891959 0.011999861)
(-0.0040324526 0.0089843863 0.011998944)
(-0.0020225092 0.0089867512 0.011998495)
(-6.2555927e-07 0.0089880494 0.011998478)
(0.0020212719 0.0089862036 0.011998677)
(0.0040313805 0.0089830097 0.011999138)
(0.00601587 0.0089861344 0.011999751)
(0.0079675834 0.0089986733 0.011999941)
(-0.0079685143 0.011001087 0.011999556)
(-0.0060170832 0.011013018 0.011999559)
(-0.0040325556 0.011017127 0.011998858)
(-0.0020222865 0.011014723 0.011998465)
(-5.7572952e-07 0.011013434 0.011998396)
(0.0020209258 0.011015183 0.011998501)
(0.0040309247 0.011017784 0.011998782)
(0.0060160719 0.011013166 0.01199913)
(0.007968199 0.010999932 0.011999412)
(-0.0083860347 0.013255192 0.012005408)
(-0.0060799304 0.013046744 0.011999926)
(-0.0040609384 0.013050359 0.011999266)
(-0.0020308041 0.013038946 0.01199886)
(-6.2994767e-07 0.013031237 0.011998769)
(0.0020287308 0.013040915 0.011998865)
(0.0040567455 0.013054338 0.011999046)
(0.0060767144 0.013050508 0.011998635)
(0.0083802043 0.013270683 0.011992663)
(-0.007645933 0.014738479 0.012000953)
(-0.0061382373 0.015108144 0.011995858)
(-0.0040857784 0.015085601 0.011999528)
(-0.002035945 0.015053497 0.011999287)
(9.1952505e-08 0.015030769 0.011999246)
(0.0020343876 0.015056879 0.011999374)
(0.0040758259 0.015095562 0.011999801)
(0.0061339419 0.015112471 0.01200058)
(0.0076587637 0.014717845 0.012004399)
(-0.0058395109 0.016844195 0.012000227)
(-0.0040530867 0.017080483 0.012001)
(-0.0020151491 0.017031835 0.01199909)
(2.8320847e-06 0.016995674 0.011999491)
(0.0020255176 0.017029482 0.011999193)
(0.0040493892 0.017085319 0.011999182)
(0.0058578481 0.016829146 0.011998347)
(-0.0019145874 0.018790046 0.011996763)
(4.0390517e-06 0.018999867 0.011998765)
(0.0019289611 0.018786695 0.011998722)
(-0.0019197979 0.0012111684 0.01400317)
(-3.3478321e-06 0.0010001096 0.013999975)
(0.0019360448 0.0012149566 0.013998928)
(-0.0058409534 0.0031569881 0.014000179)
(-0.0040542945 0.0029169512 0.013999351)
(-0.0020335013 0.0029745679 0.013999721)
(-2.1097837e-06 0.0030056356 0.013999996)
(0.0020275763 0.0029721444 0.013999808)
(0.0040514208 0.0029158136 0.013999907)
(0.0058509079 0.0031651576 0.01399871)
(-0.0076519896 0.0052712607 0.013997231)
(-0.0061253099 0.0048785411 0.013997929)
(-0.0040801315 0.0049078371 0.013998896)
(-0.002039598 0.0049469849 0.013999145)
(-1.5184259e-06 0.0049707704 0.013999643)
(0.0020361698 0.0049460397 0.014000033)
(0.0040795189 0.0049083165 0.014000818)
(0.0061295301 0.0048802866 0.014001877)
(0.0076885685 0.0053300845 0.014006217)
(-0.0083709811 0.0067048112 0.014000717)
(-0.006076528 0.0069476787 0.014000426)
(-0.0040589931 0.0069475031 0.013999506)
(-0.0020314626 0.0069614866 0.013999245)
(-8.868415e-07 0.0069701441 0.013999424)
(0.002029763 0.0069611547 0.013999775)
(0.0040584802 0.0069481086 0.014000387)
(0.0060775779 0.0069518892 0.014001169)
(0.0083946964 0.0067678214 0.014004774)
(-0.0079678618 0.0089998637 0.013999747)
(-0.0060161923 0.0089868214 0.013999909)
(-0.0040318588 0.0089833156 0.013999415)
(-0.0020221293 0.0089862864 0.013999162)
(-4.7063413e-07 0.0089878281 0.013999197)
(0.0020213181 0.0089860729 0.013999406)
(0.0040315474 0.0089831284 0.01399975)
(0.0060166689 0.0089871046 0.014000124)
(0.0079689 0.0090003677 0.014000275)
(-0.0079683077 0.010999883 0.013999639)
(-0.0060166238 0.011012499 0.013999531)
(-0.0040317876 0.011017026 0.013999301)
(-0.002021615 0.011014697 0.013999112)
(-1.7595916e-07 0.011013343 0.0139991)
(0.0020211364 0.011014879 0.013999208)
(0.0040312621 0.011017146 0.013999374)
(0.0060165972 0.011011968 0.01399952)
(0.0079680788 0.010999163 0.014000074)
(-0.0083717579 0.013293125 0.014004818)
(-0.0060773364 0.013050415 0.013999541)
(-0.0040585669 0.01305234 0.013999406)
(-0.0020291319 0.013039854 0.013999217)
(1.0669646e-07 0.013031455 0.013999223)
(0.0020288273 0.013040669 0.01399931)
(0.0040570039 0.013053838 0.013999447)
(0.006075897 0.013052194 0.013999682)
(0.0083625501 0.01331759 0.014010545)
(-0.0076426906 0.014743693 0.014003666)
(-0.0061299916 0.015117688 0.013998922)
(-0.0040794409 0.015091195 0.013999683)
(-0.0020323922 0.015055782 0.013999333)
(8.040421e-07 0.015031429 0.013999438)
(0.0020329244 0.015057112 0.01399951)
(0.0040753036 0.015095769 0.013999598)
(0.0061206967 0.015125337 0.013998015)
(0.0076593047 0.014716975 0.014002063)
(-0.0058326424 0.016849832 0.01399551)
(-0.0040568841 0.017079079 0.01400053)
(-0.0020138532 0.017032394 0.013999387)
(2.0256109e-06 0.016996453 0.013999678)
(0.0020126896 0.017034051 0.013999715)
(0.004053634 0.017081105 0.014000057)
(0.0058539028 0.016832384 0.014001059)
(-0.00191972 0.01878885 0.014005041)
(9.160611e-07 0.018999969 0.013999827)
(0.0019202595 0.018788724 0.013999079)
(-0.0019251296 0.0012124116 0.015999591)
(-7.6715373e-07 0.0010000252 0.016000343)
(0.0019390492 0.0012156572 0.015999699)
(-0.0058360773 0.0031529864 0.016004738)
(-0.0040460064 0.0029129569 0.015998761)
(-0.0020258877 0.0029716364 0.015997934)
(-4.6839918e-07 0.0030053643 0.015999904)
(0.002027422 0.0029719028 0.016000698)
(0.0040473961 0.0029141383 0.015999534)
(0.0058434886 0.0031590687 0.015993829)
(-0.0077027573 0.0053529018 0.016007467)
(-0.006134159 0.0048865244 0.015999322)
(-0.0040809764 0.0049091419 0.015999156)
(-0.0020384884 0.0049464759 0.015999022)
(-8.1195026e-07 0.0049704424 0.015999759)
(0.0020364211 0.0049459873 0.016000323)
(0.0040800879 0.0049087979 0.016000927)
(0.0061266617 0.0048794867 0.016002752)
(0.007645523 0.0052608616 0.016005488)
(-0.0083560616 0.0066651708 0.01600018)
(-0.0060759766 0.0069446808 0.015999309)
(-0.0040589014 0.0069469804 0.015999433)
(-0.0020310379 0.0069610591 0.015999397)
(-5.9865481e-07 0.0069698141 0.015999663)
(0.0020298322 0.0069608858 0.015999985)
(0.0040585123 0.0069475486 0.016000258)
(0.0060771698 0.0069490484 0.016000204)
(0.008376034 0.0067182364 0.016002186)
(-0.0079674603 0.0089995696 0.015999378)
(-0.0060158105 0.0089862639 0.015999455)
(-0.0040316186 0.0089830083 0.015999467)
(-0.0020218669 0.0089859891 0.015999425)
(-2.8571228e-07 0.0089875468 0.015999521)
(0.0020214145 0.0089857626 0.015999682)
(0.0040316162 0.0089825688 0.015999807)
(0.0060165766 0.0089857138 0.015999775)
(0.0079679795 0.0089973636 0.01600003)
(-0.0079674039 0.011001137 0.015999208)
(-0.0060156028 0.011014248 0.01599931)
(-0.004031179 0.011017481 0.015999378)
(-0.0020212511 0.011014689 0.015999358)
(1.0487158e-07 0.011013115 0.015999407)
(0.0020215004 0.011014372 0.015999484)
(0.0040318596 0.011016028 0.015999473)
(0.0060174456 0.011009681 0.015999233)
(0.0079690684 0.010995394 0.015999606)
(-0.0083623456 0.013318133 0.01599727)
(-0.0060747821 0.013056078 0.015999045)
(-0.0040572656 0.013054003 0.015999256)
(-0.0020287443 0.013040168 0.015999297)
(5.7984903e-07 0.013031212 0.015999412)
(0.0020298779 0.013039643 0.015999509)
(0.0040591991 0.013050763 0.015999501)
(0.0060810778 0.013043126 0.015998833)
(0.0083812751 0.013267838 0.016001175)
(-0.0076660572 0.014706116 0.016003849)
(-0.0061270865 0.015120044 0.016000228)
(-0.004077512 0.015093396 0.015998992)
(-0.0020333449 0.015055829 0.015999173)
(1.2525195e-06 0.015030993 0.015999499)
(0.0020356032 0.015055268 0.015999666)
(0.004080284 0.015090046 0.016000275)
(0.0061469901 0.015096604 0.016000702)
(0.0076537103 0.014725972 0.01599035)
(-0.0058461363 0.016838758 0.016003907)
(-0.0040507029 0.017083957 0.015998991)
(-0.0020199144 0.017030337 0.015999152)
(2.136934e-06 0.016995635 0.015999648)
(0.0020277127 0.017028466 0.015998797)
(0.0040460325 0.017087255 0.0159993)
(0.0058591604 0.016828069 0.016000026)
(-0.001897414 0.018794051 0.016003789)
(-1.989711e-07 0.018999993 0.01600063)
(0.0019571523 0.018780122 0.016000712)
(-0.0019407915 0.0012160634 0.017996574)
(3.0421983e-06 0.0010000996 0.018001681)
(0.0018996936 0.0012064807 0.017994033)
(-0.0058506754 0.0031649668 0.017997994)
(-0.0040513479 0.0029165929 0.017999747)
(-0.0020259732 0.0029717223 0.017999241)
(4.9701358e-07 0.0030049961 0.01800003)
(0.0020224914 0.0029703198 0.01800056)
(0.0040575584 0.0029210078 0.018000679)
(0.0058445707 0.0031599567 0.018000754)
(-0.0076349 0.0052437785 0.018011482)
(-0.0061328879 0.0048866611 0.018001936)
(-0.0040828919 0.004910825 0.018000458)
(-0.0020379922 0.0049463079 0.017999591)
(-3.9142895e-07 0.0049700798 0.017999941)
(0.0020358324 0.0049454435 0.018000383)
(0.0040811332 0.0049095016 0.018000051)
(0.0061297718 0.004884324 0.017995881)
(0.0076517011 0.0052707969 0.018005653)
(-0.0083855855 0.0067436143 0.018002341)
(-0.0060796581 0.0069533062 0.017999781)
(-0.0040599327 0.006948787 0.017999869)
(-0.0020309313 0.006961046 0.017999694)
(-4.2543785e-07 0.0069695092 0.017999844)
(0.0020297416 0.0069605365 0.018000065)
(0.0040584658 0.0069471061 0.01800002)
(0.0060767235 0.0069470101 0.017999386)
(0.0083555171 0.0066637243 0.017998413)
(-0.0079688931 0.0090030529 0.017999862)
(-0.0060168604 0.0089881258 0.017999641)
(-0.0040320104 0.0089833075 0.017999678)
(-0.0020218726 0.0089857784 0.017999633)
(-2.3733732e-07 0.0089873038 0.017999705)
(0.0020213223 0.0089856876 0.017999812)
(0.0040313582 0.0089826852 0.017999814)
(0.0060160729 0.008985741 0.017999596)
(0.0079670708 0.0089948603 0.017999497)
(-0.0079681766 0.011000378 0.018000018)
(-0.0060163139 0.011012765 0.017999731)
(-0.0040315074 0.011016588 0.017999599)
(-0.002021336 0.011014231 0.017999525)
(7.674178e-08 0.011012916 0.017999559)
(0.0020214003 0.011014571 0.017999612)
(0.0040313605 0.011017167 0.01799952)
(0.0060160594 0.011012868 0.01799913)
(0.0079675901 0.010999348 0.017999105)
(-0.0083875547 0.013251154 0.018000248)
(-0.0060773216 0.013049742 0.017999986)
(-0.0040581717 0.013051902 0.017999565)
(-0.0020289389 0.013039607 0.017999401)
(5.2573227e-07 0.013031013 0.017999505)
(0.0020299221 0.013039853 0.017999626)
(0.0040584372 0.013052845 0.017999474)
(0.0060773108 0.013051008 0.017998322)
(0.0083743171 0.013286325 0.017990842)
(-0.0076520538 0.014728636 0.018001181)
(-0.0061382879 0.015109442 0.018001451)
(-0.0040799455 0.015090571 0.017999517)
(-0.0020333021 0.015055685 0.017999239)
(1.1680248e-06 0.015030833 0.017999584)
(0.0020360286 0.015055069 0.018000076)
(0.0040798412 0.015091829 0.018000443)
(0.0061266965 0.015119159 0.018002018)
(0.0076925162 0.014663567 0.018008199)
(-0.0058431537 0.016841205 0.018002002)
(-0.0040495192 0.017083799 0.01799914)
(-0.0020189414 0.017031597 0.017999538)
(1.7743996e-06 0.016995713 0.017999773)
(0.0020229781 0.017029551 0.018001577)
(0.0040562407 0.017079946 0.01799972)
(0.0058441008 0.016840428 0.017997945)
(-0.0019489588 0.018782032 0.017999437)
(3.8525787e-06 0.018999873 0.017999232)
(0.0019084478 0.018791478 0.018000696)
(-0.0019214828 0.0012115613 0.020002833)
(-5.46145e-07 0.0010000179 0.019998776)
(0.0019324707 0.0012141233 0.019999091)
(-0.0058422284 0.0031580345 0.020000222)
(-0.0040512249 0.0029167751 0.01999996)
(-0.0020233313 0.0029705076 0.019999951)
(1.1458871e-06 0.0030048895 0.019999889)
(0.0020294616 0.002972473 0.019999012)
(0.0040510011 0.0029154833 0.019999838)
(0.0058463798 0.0031614414 0.019998893)
(-0.0076622308 0.0052877299 0.019988678)
(-0.0061328116 0.0048895978 0.020001529)
(-0.0040802794 0.0049084587 0.020000334)
(-0.0020365778 0.0049452749 0.019999824)
(2.1065267e-07 0.004969625 0.019999985)
(0.0020366302 0.0049449998 0.020000286)
(0.0040777529 0.0049058462 0.02000149)
(0.0061193847 0.0048731706 0.02000499)
(0.0076667259 0.0052949587 0.019999054)
(-0.0083593105 0.0066738031 0.019999429)
(-0.0060778542 0.0069484852 0.020000176)
(-0.0040590081 0.0069471958 0.02)
(-0.0020303637 0.0069603194 0.01999984)
(-1.6071181e-07 0.0069690942 0.019999958)
(0.0020298065 0.0069602679 0.020000232)
(0.0040577017 0.006946915 0.020000763)
(0.0060764013 0.0069494518 0.020001526)
(0.0083664077 0.00669266 0.02000516)
(-0.0079677608 0.0089977382 0.019999998)
(-0.0060166586 0.0089856989 0.019999949)
(-0.0040318624 0.0089820362 0.019999832)
(-0.0020217647 0.0089851214 0.019999756)
(-2.1332213e-07 0.0089870142 0.01999982)
(0.002021195 0.0089857846 0.019999962)
(0.0040309906 0.0089835053 0.020000141)
(0.0060159355 0.0089884511 0.020000237)
(0.0079678558 0.008999218 0.020000057)
(-0.0079694005 0.010996993 0.019999576)
(-0.0060175442 0.01100862 0.019999724)
(-0.0040318976 0.011014986 0.019999679)
(-0.0020215943 0.011013491 0.019999596)
(-1.0832714e-07 0.011012678 0.019999619)
(0.0020211358 0.011014942 0.019999684)
(0.0040307132 0.011018714 0.019999756)
(0.0060147911 0.011016377 0.019999875)
(0.0079673744 0.011000608 0.019999934)
(-0.0083969945 0.013226073 0.01998747)
(-0.0060788732 0.013042745 0.01999898)
(-0.0040583924 0.013050245 0.019999467)
(-0.0020295779 0.013038825 0.019999319)
(1.047207e-07 0.013030744 0.019999433)
(0.0020295803 0.013040299 0.01999947)
(0.0040574398 0.013055076 0.019999584)
(0.0060742751 0.013057376 0.020000207)
(0.0083740665 0.013286991 0.020007562)
(-0.0076733443 0.014694398 0.019995658)
(-0.0061209444 0.015127304 0.01999908)
(-0.0040771561 0.015093717 0.01999949)
(-0.0020347034 0.01505514 0.019998756)
(4.2479957e-07 0.015030541 0.019999318)
(0.00203561 0.015055376 0.019999286)
(0.0040791963 0.015093221 0.019999245)
(0.0061231421 0.015122001 0.0199987)
(0.0076782741 0.01468647 0.019995454)
(-0.0058406709 0.016843243 0.019999114)
(-0.0040566095 0.017080573 0.020000266)
(-0.0020233872 0.017029517 0.019997786)
(5.4228602e-07 0.016995518 0.019999595)
(0.0020197416 0.017030928 0.019998998)
(0.0040575456 0.017077931 0.019999033)
(0.0058354387 0.016847537 0.019998902)
(-0.0019285477 0.018786791 0.02000282)
(-1.0493066e-06 0.018999965 0.020000914)
(0.0019245692 0.018787719 0.019999011)
(-0.0019185271 0.0012108721 0.021999181)
(1.9353644e-07 0.0010000064 0.022000737)
(0.0018960222 0.0012056247 0.021997817)
(-0.0058299544 0.0031479615 0.022001877)
(-0.0040511284 0.0029162446 0.022000268)
(-0.0020250783 0.0029710242 0.021999401)
(6.0470733e-07 0.0030048955 0.022000084)
(0.0020239151 0.0029707484 0.022000916)
(0.0040597018 0.002922274 0.022000158)
(0.0058326185 0.0031501479 0.022000755)
(-0.0076390037 0.0052503778 0.021999442)
(-0.0061269633 0.0048820484 0.021999102)
(-0.004078961 0.0049071896 0.021999518)
(-0.0020363944 0.0049450097 0.02199969)
(4.2672053e-07 0.0049694219 0.022000043)
(0.0020370594 0.0049449028 0.022000491)
(0.0040806441 0.0049079619 0.022000908)
(0.0061299598 0.0048827488 0.021999822)
(0.007640905 0.0052534353 0.021996622)
(-0.0083811932 0.006731944 0.021998589)
(-0.0060772345 0.0069483064 0.022000019)
(-0.0040582959 0.0069463483 0.021999768)
(-0.0020299533 0.0069598715 0.021999802)
(7.2321229e-08 0.0069688059 0.021999995)
(0.0020299564 0.0069600548 0.022000281)
(0.0040579232 0.0069468819 0.022000616)
(0.0060761176 0.0069484448 0.022000866)
(0.0083692663 0.0067002549 0.02200063)
(-0.0079679087 0.0089982215 0.022000451)
(-0.0060160316 0.0089843241 0.022000096)
(-0.0040315392 0.0089813379 0.021999858)
(-0.0020216284 0.0089847146 0.021999797)
(-1.5956626e-07 0.0089867559 0.021999873)
(0.0020211576 0.0089856873 0.022000013)
(0.0040308262 0.0089837065 0.022000172)
(0.0060155254 0.0089892541 0.022000256)
(0.0079683399 0.0090034751 0.022)
(-0.0079688647 0.010999002 0.022000318)
(-0.0060174298 0.011008854 0.022000115)
(-0.0040321336 0.011014717 0.02199986)
(-0.0020219192 0.011013106 0.021999686)
(-3.1459946e-07 0.011012393 0.021999664)
(0.0020210645 0.011014878 0.02199969)
(0.0040306102 0.011019094 0.021999744)
(0.0060144497 0.011017629 0.02199981)
(0.0079670793 0.011002351 0.021999343)
(-0.0083898216 0.013245131 0.022006697)
(-0.0060809115 0.013040825 0.022000887)
(-0.0040597159 0.01304927 0.021999915)
(-0.0020307491 0.01303799 0.021999422)
(-3.9275955e-07 0.013030236 0.021999414)
(0.0020296161 0.013040011 0.021999269)
(0.0040575916 0.013055192 0.021999223)
(0.0060738839 0.013058888 0.021999518)
(0.0083719898 0.013292509 0.021999512)
(-0.007653946 0.014725593 0.021986347)
(-0.0061321747 0.015111698 0.022002471)
(-0.0040799987 0.015090884 0.021999796)
(-0.0020375985 0.015053273 0.02199875)
(-3.7776639e-07 0.015029759 0.02199918)
(0.0020359832 0.015054697 0.021998532)
(0.0040800196 0.015092238 0.021997917)
(0.0061188221 0.015129001 0.021995332)
(0.0076554057 0.014723245 0.021998986)
(-0.0058535512 0.016832672 0.022000773)
(-0.004048288 0.017085521 0.022000026)
(-0.0020282587 0.017027479 0.021997886)
(-1.1269876e-09 0.016994934 0.021999479)
(0.0020227043 0.017029543 0.021996889)
(0.0040549429 0.017080521 0.021999704)
(0.0058334425 0.016849175 0.022002004)
(-0.0019249185 0.018787638 0.022002162)
(1.3520767e-06 0.018999955 0.022001791)
(0.0019213963 0.018788459 0.022003433)
(-0.0019465227 0.0012173998 0.023997685)
(-6.3176225e-07 0.0010000207 0.02399798)
(0.0019404994 0.0012159953 0.024004151)
(-0.0058527277 0.003166651 0.024004628)
(-0.0040576737 0.002921673 0.023999686)
(-0.0020221178 0.0029699419 0.024000603)
(1.6028329e-06 0.0030048145 0.023999813)
(0.0020287688 0.0029721087 0.023999563)
(0.0040571291 0.0029206401 0.024001693)
(0.0058431881 0.0031588221 0.02399851)
(-0.0076685929 0.005297961 0.02399056)
(-0.0061228194 0.0048769088 0.023999045)
(-0.004079866 0.0049080589 0.023998921)
(-0.0020350912 0.0049449219 0.023999784)
(9.9403251e-07 0.0049692196 0.023999987)
(0.0020369722 0.0049443222 0.024000271)
(0.004077627 0.0049050035 0.024001064)
(0.006121016 0.0048764957 0.024000912)
(0.0076387473 0.0052499655 0.023994298)
(-0.0083612984 0.0066790848 0.023997233)
(-0.0060744204 0.0069423082 0.023999147)
(-0.0040577813 0.0069455223 0.023999398)
(-0.0020293975 0.0069597178 0.023999757)
(3.3868463e-07 0.0069686179 0.023999986)
(0.0020298108 0.0069595761 0.024000226)
(0.0040569132 0.0069454028 0.024000482)
(0.006074228 0.0069444783 0.02400022)
(0.0083610968 0.0066785491 0.023998224)
(-0.0079666149 0.0089955496 0.024000189)
(-0.0060150955 0.0089838648 0.023999819)
(-0.0040312388 0.0089815387 0.023999733)
(-0.0020214817 0.0089847798 0.023999795)
(-7.489621e-08 0.0089866215 0.023999904)
(0.0020211497 0.0089853384 0.024000031)
(0.0040306482 0.0089829946 0.024000135)
(0.0060150698 0.0089878423 0.024000031)
(0.0079676984 0.0090026922 0.023999694)
(-0.007966621 0.011003739 0.024000127)
(-0.0060154297 0.0110143 0.023999878)
(-0.0040319066 0.011016396 0.023999812)
(-0.0020221161 0.011013399 0.023999758)
(-4.0042263e-07 0.011012197 0.023999757)
(0.0020212422 0.011014356 0.023999792)
(0.0040311145 0.011018066 0.023999882)
(0.0060151629 0.011016086 0.024000043)
(0.0079672993 0.011002549 0.023999847)
(-0.0083465641 0.013360063 0.023994441)
(-0.00607523 0.013057828 0.023999348)
(-0.0040603503 0.013051823 0.023999682)
(-0.0020316872 0.013037903 0.023999617)
(-6.255066e-07 0.013029788 0.023999605)
(0.0020300736 0.013039084 0.023999519)
(0.0040592387 0.013052931 0.023999573)
(0.006076621 0.013055353 0.02399985)
(0.0083655866 0.013309522 0.023994694)
(-0.0076547246 0.014724341 0.023989114)
(-0.0061341676 0.015114163 0.023998956)
(-0.0040874398 0.015085318 0.023999422)
(-0.0020400877 0.015051499 0.023999351)
(-7.660215e-07 0.015029008 0.023999544)
(0.0020368391 0.015053485 0.023999259)
(0.0040841072 0.015087544 0.023999108)
(0.0061440229 0.015101782 0.023999023)
(0.0076807931 0.014682419 0.023999046)
(-0.0058368017 0.016846418 0.023998615)
(-0.0040652602 0.017074623 0.023998419)
(-0.0020301504 0.017025725 0.023998434)
(-1.3731086e-07 0.016994576 0.023999868)
(0.0020229193 0.017029608 0.023999801)
(0.0040527223 0.017081995 0.024000983)
(0.0058447642 0.016839884 0.024005342)
(-0.0019041113 0.018792489 0.023996051)
(4.7003853e-07 0.018999984 0.024001553)
(0.0019246328 0.018787704 0.023998557)
(-0.0018888203 0.0012039454 0.026001917)
(2.6434033e-06 0.0010000866 0.026001429)
(0.0019029636 0.0012072432 0.025997573)
(-0.005845515 0.0031607318 0.02600232)
(-0.0040552547 0.0029195876 0.025998294)
(-0.0020161664 0.0029686467 0.026000232)
(2.6392702e-06 0.0030042473 0.026000132)
(0.0020241069 0.0029701969 0.025999547)
(0.0040519655 0.0029162928 0.026001002)
(0.0058538285 0.0031675545 0.025998084)
(-0.0076245226 0.0052270902 0.025998454)
(-0.0061301539 0.0048818879 0.025998072)
(-0.0040802383 0.0049096228 0.025998687)
(-0.0020328715 0.0049446708 0.025999827)
(1.5898084e-06 0.0049689915 0.02600009)
(0.0020358407 0.0049436586 0.026000313)
(0.0040750144 0.004903254 0.026001161)
(0.0061223364 0.0048755597 0.026001908)
(0.007673771 0.0053062881 0.025999062)
(-0.0083775544 0.0067222761 0.025997394)
(-0.0060772927 0.0069499225 0.025998942)
(-0.0040586043 0.0069478184 0.025999341)
(-0.002029036 0.006960228 0.025999798)
(5.8580587e-07 0.0069686998 0.026000034)
(0.0020296664 0.0069595746 0.026000247)
(0.0040568652 0.0069463219 0.026000509)
(0.0060764728 0.0069510945 0.02600035)
(0.0083878381 0.0067495993 0.02599979)
(-0.0079680363 0.0089992452 0.02600019)
(-0.0060162527 0.0089872796 0.025999767)
(-0.0040317333 0.0089829251 0.025999743)
(-0.0020215687 0.0089852556 0.025999844)
(-7.3690853e-09 0.0089867068 0.02599995)
(0.0020212792 0.0089852461 0.026000061)
(0.0040310131 0.0089830636 0.026000167)
(0.0060161345 0.0089888821 0.026000116)
(0.0079688501 0.0090036941 0.025999849)
(-0.0079671066 0.011002892 0.026000287)
(-0.0060155455 0.011015419 0.026000027)
(-0.0040321726 0.01101705 0.025999942)
(-0.0020223116 0.011013664 0.02599988)
(-4.4137925e-07 0.01101214 0.025999855)
(0.0020214315 0.011013905 0.025999878)
(0.0040317114 0.011016905 0.026000009)
(0.006016545 0.011013534 0.026000407)
(0.0079682947 0.011002344 0.026000403)
(-0.0083671376 0.013305401 0.025996707)
(-0.0060756444 0.013056764 0.026000212)
(-0.0040605911 0.013051991 0.026000151)
(-0.0020318367 0.013038034 0.025999963)
(-7.6387608e-07 0.013029663 0.025999813)
(0.002030232 0.013038472 0.025999718)
(0.0040598926 0.013050792 0.025999886)
(0.0060793112 0.013046983 0.026000826)
(0.008388011 0.013249941 0.026001149)
(-0.0076811051 0.014681918 0.026002055)
(-0.0061356198 0.015112072 0.026002229)
(-0.0040862567 0.015086384 0.02600074)
(-0.0020393074 0.015052008 0.026000297)
(-7.9465636e-07 0.015029032 0.025999903)
(0.0020371478 0.01505327 0.025999622)
(0.0040832155 0.015088459 0.025999765)
(0.0061360078 0.015110849 0.026001875)
(0.0076551129 0.014723716 0.025992417)
(-0.0058415135 0.016842551 0.026001633)
(-0.0040561046 0.017079485 0.026002785)
(-0.0020234478 0.017028831 0.026001354)
(2.0694642e-07 0.016994742 0.026000152)
(0.00202721 0.017027727 0.025999677)
(0.0040556252 0.01708098 0.026000451)
(0.0058473875 0.016837731 0.025999741)
(-0.0019315513 0.018786091 0.026000653)
(9.6612677e-07 0.018999968 0.025999603)
(0.0019132572 0.018790357 0.026002391)
(-0.0019401832 0.0012159216 0.028003954)
(-3.1311398e-06 0.0010001026 0.028000115)
(0.0019252334 0.0012124358 0.028001512)
(-0.0058427138 0.0031584329 0.027999809)
(-0.0040540739 0.0029193785 0.028000572)
(-0.0020145422 0.0029675093 0.028000291)
(2.1403643e-06 0.0030043179 0.028000214)
(0.0020249189 0.0029703327 0.02800063)
(0.0040524826 0.0029164442 0.028000563)
(0.0058448233 0.0031601641 0.027997343)
(-0.0076805742 0.0053172284 0.028010676)
(-0.0061441621 0.0048977666 0.027996816)
(-0.004083235 0.0049129073 0.027999919)
(-0.0020332322 0.0049452523 0.028000209)
(1.6093547e-06 0.0049692949 0.028000216)
(0.0020366697 0.0049443426 0.028000526)
(0.0040764759 0.0049049797 0.028000924)
(0.0061242583 0.0048799637 0.028000099)
(0.0076491717 0.0052667293 0.027997841)
(-0.0083945781 0.006767507 0.028003995)
(-0.0060793908 0.0069536939 0.027999973)
(-0.0040598969 0.0069496209 0.027999877)
(-0.0020294509 0.0069608361 0.028000013)
(6.0328341e-07 0.0069689855 0.028000103)
(0.0020300929 0.0069598942 0.028000271)
(0.0040576916 0.0069467508 0.028000474)
(0.0060774181 0.0069502154 0.028000538)
(0.0083703935 0.00670325 0.02800481)
(-0.0079687075 0.008999486 0.028000266)
(-0.0060169719 0.0089876441 0.027999947)
(-0.0040323634 0.0089833639 0.027999895)
(-0.0020218827 0.0089855492 0.027999927)
(-5.657536e-08 0.0089868535 0.027999978)
(0.0020215141 0.0089853017 0.028000042)
(0.0040314643 0.0089830258 0.028000116)
(0.0060165247 0.0089883731 0.028000188)
(0.0079681571 0.0090023048 0.028000259)
(-0.0079692289 0.010997543 0.028000073)
(-0.006017057 0.011012453 0.028000062)
(-0.0040329136 0.011016268 0.027999972)
(-0.0020226473 0.011013583 0.0279999)
(-5.7577701e-07 0.011012174 0.027999866)
(0.0020214554 0.011013856 0.027999823)
(0.0040318831 0.011016741 0.027999745)
(0.0060167394 0.011013509 0.027999838)
(0.0079680885 0.011001927 0.028000071)
(-0.0084072828 0.013198737 0.028002321)
(-0.0060799533 0.013045261 0.028000581)
(-0.0040619531 0.013049499 0.028000147)
(-0.002032301 0.01303774 0.027999914)
(-1.126926e-06 0.013029758 0.02799982)
(0.002029654 0.013038716 0.027999637)
(0.0040593326 0.013051138 0.027999108)
(0.0060786232 0.013048612 0.027998445)
(0.0083808297 0.013269022 0.027989329)
(-0.0076727354 0.014695377 0.028001502)
(-0.006139269 0.015108116 0.028002062)
(-0.0040880426 0.015085273 0.028000405)
(-0.0020401065 0.015052006 0.027999987)
(-1.683178e-06 0.01502938 0.027999884)
(0.0020346713 0.015054508 0.027999583)
(0.0040807523 0.015089775 0.027998085)
(0.0061402694 0.015105643 0.027995242)
(0.0076551408 0.014723671 0.028001964)
(-0.0058327617 0.016849734 0.028000414)
(-0.0040647103 0.017074504 0.027999854)
(-0.0020287873 0.017026891 0.028000582)
(-1.4706958e-06 0.016995067 0.028000073)
(0.0020189311 0.017031341 0.027999774)
(0.0040517486 0.017083106 0.027999747)
(0.0058386595 0.016844894 0.028002818)
(-0.0019312672 0.018786157 0.028005755)
(-3.7408648e-07 0.018999987 0.027999724)
(0.0019558107 0.018780434 0.027999608)
(-0.001915934 0.0012102675 0.02999885)
(4.2110997e-06 0.0010001379 0.029998832)
(0.0019307504 0.0012137222 0.03000409)
(-0.005834869 0.0031519948 0.030000879)
(-0.0040652387 0.002926039 0.030002142)
(-0.0020262134 0.002972415 0.029999641)
(2.5310481e-06 0.0030051556 0.029999938)
(0.002031845 0.0029731575 0.030000646)
(0.0040524808 0.002916756 0.030001849)
(0.0058472841 0.0031621836 0.029998636)
(-0.0076717885 0.0053031 0.029998009)
(-0.0061353737 0.0048883689 0.030000206)
(-0.0040838543 0.0049115442 0.030001159)
(-0.0020363872 0.004946162 0.0300004)
(1.4015723e-06 0.0049698511 0.030000118)
(0.0020385606 0.0049453893 0.030000285)
(0.0040806592 0.004908406 0.030000841)
(0.0061369467 0.0048929331 0.030000734)
(0.007637553 0.0052480448 0.030000087)
(-0.0083821805 0.0067345674 0.029998631)
(-0.0060771044 0.006948755 0.029999365)
(-0.0040597767 0.0069484383 0.030000101)
(-0.0020302115 0.0069609141 0.030000115)
(5.2104016e-07 0.0069691994 0.030000058)
(0.0020307849 0.0069602586 0.030000124)
(0.0040590419 0.0069475412 0.030000297)
(0.0060791136 0.0069517762 0.030000271)
(0.0083792034 0.0067266573 0.030001774)
(-0.0079680553 0.008998445 0.02999967)
(-0.006016545 0.0089865419 0.029999723)
(-0.0040323621 0.0089830581 0.029999902)
(-0.0020220713 0.0089855902 0.029999942)
(-4.3982257e-08 0.0089869272 0.029999947)
(0.002021818 0.0089853177 0.029999958)
(0.0040319286 0.0089828631 0.029999984)
(0.006016815 0.008987672 0.029999996)
(0.0079685196 0.0090025712 0.030000157)
(-0.0079675777 0.011001765 0.030000027)
(-0.0060165964 0.011013579 0.029999862)
(-0.0040327779 0.011016652 0.029999832)
(-0.0020226034 0.011013792 0.029999825)
(-5.049841e-07 0.011012268 0.029999842)
(0.002021667 0.01101382 0.029999812)
(0.0040321223 0.01101662 0.029999666)
(0.0060167917 0.011013544 0.0299995)
(0.0079677945 0.011003177 0.030000047)
(-0.0083642945 0.013312955 0.029995237)
(-0.0060770975 0.013053219 0.029999275)
(-0.0040611838 0.013051057 0.0299996)
(-0.0020318328 0.013038267 0.029999638)
(-9.3980953e-07 0.013029967 0.029999807)
(0.0020299518 0.013038764 0.029999845)
(0.0040593724 0.013051549 0.02999946)
(0.0060777208 0.013051376 0.029998845)
(0.0083728048 0.013290343 0.029999587)
(-0.0076465556 0.014737478 0.029995841)
(-0.0061370358 0.015110954 0.029997651)
(-0.0040869075 0.015086003 0.029999372)
(-0.0020383767 0.015052931 0.02999923)
(-1.2902383e-06 0.015029651 0.029999869)
(0.0020356976 0.015054311 0.030000336)
(0.0040808528 0.015090096 0.02999991)
(0.0061344954 0.015111633 0.030000847)
(0.0076705058 0.014698962 0.030010292)
(-0.0058429452 0.016841376 0.03000191)
(-0.0040566137 0.017078741 0.030001087)
(-0.0020221491 0.01702957 0.029998577)
(-1.2972439e-06 0.016995274 0.029999951)
(0.002022465 0.017029851 0.030001764)
(0.0040472328 0.017085869 0.030002183)
(0.0058429073 0.016841408 0.03000053)
(-0.0019210594 0.018788537 0.030000545)
(-2.0289678e-06 0.018999933 0.030000322)
(0.001933591 0.018785615 0.030001927)
(-0.0019147686 0.0012099957 0.031998634)
(3.3996927e-06 0.0010001113 0.032000448)
(0.0018923387 0.0012047658 0.03199846)
(-0.0058496876 0.0031641561 0.03199912)
(-0.0040567037 0.0029203883 0.032001955)
(-0.0020245725 0.0029715542 0.031999663)
(1.8007692e-06 0.0030049695 0.031999672)
(0.0020271384 0.0029714888 0.031998743)
(0.0040499494 0.0029149426 0.031999521)
(0.0058489002 0.0031635099 0.031998268)
(-0.0076577306 0.005280493 0.031999899)
(-0.0061350235 0.0048894251 0.032000336)
(-0.004081324 0.0049090303 0.032000797)
(-0.0020365833 0.0049456638 0.032000276)
(9.7175786e-07 0.0049696588 0.031999854)
(0.0020375621 0.0049446677 0.031999514)
(0.0040784444 0.0049057449 0.03200004)
(0.0061292046 0.0048831354 0.03200112)
(0.0076676783 0.0052964903 0.031999822)
(-0.0083710574 0.0067050139 0.032000268)
(-0.0060769394 0.0069485067 0.031999723)
(-0.004059284 0.0069477952 0.032000141)
(-0.002030362 0.0069606996 0.032000081)
(3.3242832e-07 0.0069691027 0.031999909)
(0.0020305169 0.0069598751 0.031999801)
(0.0040580732 0.0069457071 0.03199991)
(0.0060752908 0.0069443802 0.031999767)
(0.0083563587 0.0066659603 0.031998597)
(-0.0079677815 0.0089977605 0.031999952)
(-0.0060166737 0.0089867256 0.031999864)
(-0.0040323142 0.0089830241 0.031999943)
(-0.0020221237 0.0089855633 0.03199993)
(-6.8600146e-08 0.0089869043 0.031999873)
(0.0020218534 0.00898512 0.031999819)
(0.004031862 0.0089820575 0.031999804)
(0.0060163302 0.0089855063 0.031999753)
(0.0079672521 0.0089966727 0.031999762)
(-0.0079682965 0.010999017 0.03199999)
(-0.0060166736 0.011012874 0.032000064)
(-0.0040325854 0.011016611 0.031999859)
(-0.0020224858 0.011013893 0.031999812)
(-4.0793866e-07 0.011012294 0.031999819)
(0.0020218888 0.011013589 0.031999771)
(0.0040325651 0.011015669 0.031999609)
(0.0060176837 0.011010891 0.031999449)
(0.0079688771 0.010999044 0.031999864)
(-0.0083873897 0.013251592 0.031998965)
(-0.0060777078 0.013049803 0.031999999)
(-0.004060537 0.013051243 0.031999523)
(-0.0020315011 0.013038599 0.031999588)
(-7.4925011e-07 0.013030051 0.031999826)
(0.0020305235 0.013038398 0.031999919)
(0.0040606292 0.013049694 0.031999542)
(0.0060803333 0.013044834 0.031999079)
(0.0083873264 0.01325176 0.031994454)
(-0.0076592361 0.014717086 0.032000334)
(-0.0061321274 0.015117244 0.031996532)
(-0.0040852083 0.015087793 0.031998422)
(-0.002038072 0.015053497 0.031999102)
(-1.1380951e-06 0.015029674 0.031999976)
(0.0020374974 0.015053491 0.032000665)
(0.0040846589 0.015087163 0.032000079)
(0.0061377926 0.015108815 0.03199998)
(0.0076756475 0.014690694 0.0320002)
(-0.0058365397 0.016846633 0.032001163)
(-0.0040626788 0.01707552 0.031998894)
(-0.0020226725 0.01702962 0.031998629)
(-1.9625056e-06 0.016995025 0.032000308)
(0.0020272897 0.01702776 0.032003292)
(0.0040519789 0.017082519 0.032001253)
(0.0058542642 0.016832087 0.032000022)
(-0.0019093587 0.018791266 0.032000576)
(-4.5780823e-06 0.01899985 0.032001325)
(0.0019299606 0.018786462 0.032003468)
(-0.0019157971 0.0012102355 0.034002503)
(6.0414655e-06 0.0010001978 0.034000538)
(0.0019428954 0.001216554 0.033998287)
(-0.0058478169 0.0031626208 0.034002805)
(-0.004057384 0.0029200328 0.034000423)
(-0.0020245787 0.002971123 0.034000399)
(2.2931674e-06 0.0030049135 0.033999659)
(0.0020275848 0.0029714798 0.033998521)
(0.0040561515 0.0029193949 0.033998363)
(0.005862041 0.0031742943 0.03400412)
(-0.0076622734 0.0052877985 0.034001396)
(-0.0061310736 0.0048856858 0.034000444)
(-0.0040801027 0.0049076537 0.034000797)
(-0.0020367395 0.0049454389 0.034000309)
(7.7298216e-07 0.0049696768 0.033999713)
(0.0020370738 0.0049448121 0.03399916)
(0.00407877 0.0049063122 0.03399919)
(0.0061216289 0.0048755859 0.033997167)
(0.0076894407 0.0053314869 0.033989454)
(-0.0083965436 0.0067727292 0.034003447)
(-0.0060791497 0.0069550651 0.033999892)
(-0.0040594808 0.0069487692 0.034000148)
(-0.0020305718 0.0069608274 0.034000038)
(1.6910964e-07 0.0069692691 0.033999785)
(0.0020305589 0.0069604056 0.033999597)
(0.0040587254 0.0069474893 0.033999738)
(0.006076884 0.0069498021 0.034000284)
(0.0083755564 0.0067169674 0.034007186)
(-0.0079690743 0.0089999281 0.033999926)
(-0.0060174686 0.0089882422 0.033999895)
(-0.0040324946 0.0089833715 0.033999956)
(-0.0020222373 0.008985633 0.03399991)
(-1.3730751e-07 0.0089870403 0.033999803)
(0.0020219154 0.0089855089 0.033999713)
(0.0040321685 0.0089830222 0.033999738)
(0.0060170381 0.008987497 0.033999921)
(0.0079683106 0.0089993279 0.034000088)
(-0.0079677782 0.010999787 0.034000196)
(-0.0060164005 0.0110133 0.034000271)
(-0.004032281 0.0110169 0.03399997)
(-0.0020224272 0.011013965 0.033999864)
(-4.9879418e-07 0.011012415 0.033999797)
(0.002021712 0.011013897 0.03399968)
(0.0040323219 0.011016243 0.033999507)
(0.0060174392 0.011011475 0.033999376)
(0.0079689738 0.010998582 0.033999245)
(-0.0083707696 0.013295751 0.033997256)
(-0.0060749246 0.013054786 0.034000384)
(-0.0040590376 0.013052943 0.033999822)
(-0.0020313862 0.013038965 0.033999786)
(-1.0596671e-06 0.013030299 0.03399982)
(0.0020297958 0.013038999 0.033999676)
(0.004059409 0.013051152 0.033999197)
(0.0060786031 0.013047585 0.033998666)
(0.0083823555 0.013264968 0.033988766)
(-0.0076789838 0.014685329 0.033997278)
(-0.0061176785 0.015130541 0.033997929)
(-0.0040811251 0.015091965 0.033999126)
(-0.002038889 0.01505376 0.033999662)
(-2.0536491e-06 0.015029974 0.033999942)
(0.0020354629 0.015054673 0.033999812)
(0.0040812098 0.015090583 0.033998865)
(0.0061274372 0.01511796 0.033997863)
(0.0076569253 0.014720802 0.033996286)
(-0.00584357 0.016840864 0.034000075)
(-0.0040558049 0.017080961 0.033999071)
(-0.002027246 0.017028197 0.033999865)
(-3.6528983e-06 0.01699503 0.034000209)
(0.0020222317 0.017029876 0.034000132)
(0.0040565021 0.017079298 0.033999776)
(0.0058507525 0.016834969 0.034001498)
(-0.0019041402 0.018792482 0.033996468)
(-7.8380456e-06 0.018999743 0.034000031)
(0.0019339284 0.018785537 0.034001443)
(-0.0019205951 0.0012113543 0.036001237)
(2.7985961e-06 0.0010000917 0.035998325)
(0.0019320781 0.0012140317 0.035999658)
(-0.0058462989 0.0031613751 0.035999184)
(-0.004055768 0.0029193377 0.036000715)
(-0.0020248128 0.0029714924 0.036000559)
(1.5724752e-06 0.0030049183 0.035999298)
(0.0020203417 0.0029690962 0.0359994)
(0.0040540293 0.0029191765 0.035996579)
(0.0058389868 0.0031553742 0.036001311)
(-0.0076576796 0.0052804111 0.03600375)
(-0.0061198478 0.0048733245 0.036000542)
(-0.0040806586 0.0049078795 0.036000745)
(-0.0020379002 0.0049461465 0.036000165)
(3.7523469e-07 0.0049700938 0.035999531)
(0.0020368407 0.0049457626 0.035999132)
(0.0040838704 0.004912615 0.035999055)
(0.0061454693 0.0049008397 0.03600062)
(0.0076305794 0.0052368304 0.036003792)
(-0.008386897 0.0067470987 0.035997783)
(-0.0060772471 0.0069503001 0.035999366)
(-0.0040595137 0.0069478911 0.035999957)
(-0.0020309819 0.0069609223 0.035999896)
(4.5172101e-08 0.0069695959 0.035999661)
(0.0020310133 0.0069613872 0.035999497)
(0.0040609299 0.0069511496 0.035999635)
(0.0060824668 0.0069601493 0.036000386)
(0.0083954215 0.0067697478 0.036004683)
(-0.0079686186 0.0089988013 0.035999651)
(-0.0060171695 0.0089865946 0.035999711)
(-0.0040325639 0.0089826736 0.035999857)
(-0.002022373 0.0089854218 0.035999841)
(-1.7580758e-07 0.0089871276 0.035999737)
(0.0020220857 0.0089860101 0.035999649)
(0.004032757 0.0089845352 0.035999677)
(0.0060181078 0.0089905551 0.035999849)
(0.0079694134 0.0090031799 0.035999689)
(-0.0079689356 0.010996463 0.036000226)
(-0.0060172275 0.011010612 0.036000135)
(-0.004032519 0.01101573 0.035999973)
(-0.0020224886 0.011013527 0.035999886)
(-5.8166342e-07 0.011012355 0.035999793)
(0.0020214995 0.011014236 0.035999662)
(0.0040319631 0.011017223 0.035999551)
(0.0060168115 0.011013491 0.035999547)
(0.0079681725 0.010999588 0.035999531)
(-0.0083812229 0.013267977 0.036000201)
(-0.006077649 0.013048239 0.036000726)
(-0.0040594188 0.013051339 0.036000139)
(-0.0020313346 0.013038565 0.035999997)
(-1.2844058e-06 0.013030308 0.035999872)
(0.0020289565 0.013039603 0.035999624)
(0.0040578073 0.013053195 0.035999286)
(0.0060758904 0.013053525 0.035998705)
(0.0083715326 0.013293724 0.035993289)
(-0.0076525079 0.014727905 0.036003166)
(-0.0061253456 0.015120697 0.036003921)
(-0.0040811918 0.015091126 0.036000397)
(-0.0020384108 0.01505375 0.036000298)
(-2.3952688e-06 0.015030177 0.036000067)
(0.0020333239 0.01505579 0.035999559)
(0.004076933 0.015093806 0.035999244)
(0.0061179972 0.015130416 0.035996889)
(0.0076381018 0.014751072 0.035998618)
(-0.0058401967 0.016843632 0.036000231)
(-0.0040604366 0.017078379 0.036000657)
(-0.0020269007 0.017028266 0.036000881)
(-3.4862248e-06 0.016995297 0.036000451)
(0.0020188603 0.017031353 0.035999212)
(0.0040429399 0.017088435 0.035999828)
(0.0058448851 0.016839784 0.03600151)
(-0.0019223881 0.018788228 0.035998497)
(-4.9761741e-06 0.018999836 0.036000415)
(0.0019333364 0.018785675 0.035998359)
(-0.0019324505 0.0012141186 0.038000165)
(4.8306293e-06 0.0010001582 0.037999398)
(0.0019165565 0.0012104126 0.038001354)
(-0.0058475384 0.0031623923 0.037998654)
(-0.0040676162 0.0029275637 0.038001296)
(-0.0020304017 0.0029739868 0.0379978)
(2.2389518e-06 0.0030055082 0.037999095)
(0.0020328474 0.0029736077 0.037997565)
(0.004049165 0.0029144786 0.037998252)
(0.0058343798 0.0031515933 0.038000809)
(-0.0076568242 0.0052790354 0.037989325)
(-0.0061323134 0.0048824876 0.037998602)
(-0.0040889101 0.0049150521 0.038000085)
(-0.0020399094 0.004947917 0.037999379)
(5.2466679e-07 0.0049705439 0.037999311)
(0.0020383807 0.004946173 0.037998929)
(0.0040821445 0.0049104329 0.037998886)
(0.0061397148 0.0048949953 0.037998376)
(0.0076518146 0.0052709793 0.037995085)
(-0.0083665542 0.006693049 0.037997006)
(-0.0060761344 0.0069444934 0.037999269)
(-0.0040610163 0.0069480807 0.037999702)
(-0.0020315557 0.0069612532 0.037999625)
(9.4150453e-08 0.0069696284 0.037999541)
(0.0020310858 0.0069611072 0.037999407)
(0.0040601346 0.0069494221 0.037999355)
(0.0060801261 0.0069543108 0.037999089)
(0.008381307 0.0067322466 0.03799511)
(-0.0079674676 0.0089965038 0.037999743)
(-0.0060166886 0.0089844119 0.037999664)
(-0.0040328073 0.0089819672 0.037999738)
(-0.0020224903 0.0089851386 0.037999737)
(-1.4503296e-07 0.0089868979 0.037999685)
(0.002022103 0.0089856132 0.037999618)
(0.0040325509 0.0089835026 0.037999581)
(0.006017463 0.008988062 0.037999529)
(0.0079683807 0.0089991219 0.037999308)
(-0.0079685406 0.010998068 0.037999702)
(-0.0060175145 0.011009659 0.037999752)
(-0.004032756 0.011014875 0.037999765)
(-0.0020225292 0.01101297 0.037999808)
(-5.1418658e-07 0.011011939 0.037999782)
(0.0020216418 0.011013724 0.037999705)
(0.0040322426 0.011016178 0.037999685)
(0.0060173864 0.011011309 0.03799986)
(0.0079688298 0.010996178 0.038000184)
(-0.008377699 0.01327734 0.037998715)
(-0.0060777832 0.013047867 0.037999594)
(-0.0040595378 0.013050366 0.037999615)
(-0.0020312331 0.013037949 0.037999899)
(-1.1159519e-06 0.013029843 0.037999881)
(0.0020292821 0.013038942 0.03799973)
(0.0040588692 0.013051253 0.037999667)
(0.0060788824 0.013047707 0.038000037)
(0.0083796249 0.013272223 0.038000021)
(-0.0076439384 0.014741686 0.038011138)
(-0.0061227802 0.015123539 0.037998218)
(-0.004080104 0.015091403 0.037998996)
(-0.0020377839 0.015053549 0.038000262)
(-2.0414026e-06 0.015029866 0.038000109)
(0.002033973 0.015055114 0.037999682)
(0.0040794189 0.015090901 0.037999462)
(0.0061287488 0.015118288 0.03799887)
(0.0076408499 0.014746653 0.037997918)
(-0.0058418491 0.016842276 0.038002022)
(-0.0040535633 0.017081625 0.0379993)
(-0.0020254978 0.017029061 0.038002127)
(-3.0290573e-06 0.016995195 0.038000646)
(0.0020215759 0.017030137 0.037999414)
(0.0040481412 0.017085581 0.037999734)
(0.0058450193 0.016839674 0.038000801)
(-0.001936433 0.018784953 0.038003403)
(-2.7238626e-06 0.01899991 0.03800198)
(0.0019242641 0.01878779 0.037998768)
(-0.001928101 0.0012131044 0.040000881)
(2.5817119e-06 0.0010000846 0.040001069)
(0.0019243463 0.0012122289 0.039999724)
(-0.0058392667 0.0031556039 0.04000178)
(-0.004055557 0.0029199986 0.039998599)
(-0.0020219132 0.002970554 0.039998233)
(2.8389966e-06 0.0030049514 0.039999659)
(0.0020253362 0.0029706038 0.039999694)
(0.004047474 0.002913655 0.03999798)
(0.0058453666 0.00316061 0.039998676)
(-0.0076538538 0.0052742587 0.040007028)
(-0.0061381665 0.0048918826 0.039999672)
(-0.0040852615 0.0049134979 0.039999309)
(-0.002036593 0.0049465493 0.039999155)
(1.319527e-06 0.0049699221 0.039999512)
(0.0020376155 0.0049448467 0.039999504)
(0.0040772725 0.0049048958 0.040000087)
(0.0061209051 0.0048738515 0.040005404)
(0.0076619063 0.005287208 0.040001426)
(-0.0083803287 0.0067296473 0.039997534)
(-0.0060799696 0.0069528402 0.039999344)
(-0.0040608615 0.0069493257 0.039999566)
(-0.0020305963 0.0069609743 0.039999553)
(5.0504688e-07 0.0069691357 0.039999622)
(0.0020307447 0.006959979 0.03999964)
(0.0040580608 0.0069460164 0.039999758)
(0.0060757045 0.0069464237 0.039999654)
(0.008369829 0.0067017501 0.039995934)
(-0.0079685303 0.0089992029 0.039999764)
(-0.0060176784 0.0089863875 0.039999713)
(-0.004032927 0.0089822291 0.039999723)
(-0.0020222057 0.0089848494 0.03999972)
(1.0958653e-07 0.0089864359 0.03999972)
(0.0020220933 0.0089848361 0.039999701)
(0.0040320513 0.0089819958 0.03999967)
(0.0060166365 0.0089860055 0.039999534)
(0.0079679976 0.0090001108 0.039999439)
(-0.0079699265 0.01099481 0.039999606)
(-0.0060183839 0.011007931 0.039999712)
(-0.0040331962 0.011013803 0.039999721)
(-0.0020225177 0.011012304 0.039999768)
(-2.5776673e-07 0.01101136 0.039999786)
(0.0020219646 0.011012978 0.039999752)
(0.0040325349 0.011015118 0.039999692)
(0.0060176562 0.011010227 0.039999652)
(0.007968884 0.010997463 0.039999466)
(-0.0084028401 0.013210541 0.039996163)
(-0.0060811699 0.013040374 0.039999045)
(-0.0040610054 0.013047637 0.039999511)
(-0.0020314885 0.013036877 0.039999733)
(-7.6628041e-07 0.013029143 0.03999983)
(0.0020299828 0.013038084 0.039999828)
(0.0040597074 0.013049844 0.03999974)
(0.0060800572 0.013044854 0.039999581)
(0.0083875902 0.013251059 0.039994977)
(-0.0076641423 0.014709196 0.039993853)
(-0.0061350512 0.015112307 0.039997187)
(-0.0040831223 0.015087933 0.039999348)
(-0.0020382515 0.015052519 0.039999649)
(-1.5130194e-06 0.015029257 0.039999878)
(0.0020349473 0.015054421 0.039999977)
(0.0040800525 0.015090435 0.03999993)
(0.0061346703 0.015110646 0.039999168)
(0.0076557742 0.014722653 0.040003895)
(-0.0058367244 0.016846482 0.039999413)
(-0.0040517721 0.017083273 0.040001099)
(-0.002029239 0.017027577 0.039999757)
(-2.4689718e-06 0.016994908 0.03999986)
(0.0020187309 0.017031087 0.040000037)
(0.0040512883 0.01708309 0.040001023)
(0.0058446561 0.016839972 0.039999101)
(-0.0019352675 0.018785224 0.040002481)
(3.3159307e-07 0.018999989 0.039998469)
(0.0019229392 0.018788099 0.039998727)
(-0.0019303756 0.0012136348 0.042004072)
(5.2634798e-06 0.0010001724 0.041999739)
(0.001925836 0.0012125763 0.04200848)
(-0.0058389731 0.003155363 0.041996833)
(-0.0040504531 0.0029159967 0.042000163)
(-0.0020179964 0.0029683355 0.042000148)
(3.7285826e-06 0.0030049184 0.041999919)
(0.0020323803 0.0029734179 0.042000163)
(0.0040584432 0.0029198676 0.041997879)
(0.0058477202 0.0031625415 0.041997598)
(-0.0076621757 0.0052876414 0.04199475)
(-0.0061327763 0.0048880913 0.042002037)
(-0.0040778889 0.0049074054 0.041999891)
(-0.0020335377 0.0049444266 0.041999588)
(2.4282387e-06 0.0049694106 0.041999794)
(0.002039346 0.0049450002 0.041999913)
(0.0040773527 0.0049036105 0.042000096)
(0.0061097225 0.0048625959 0.042002819)
(0.0076532232 0.0052732446 0.042001761)
(-0.0083807699 0.0067308196 0.042000734)
(-0.0060792318 0.0069530705 0.042000293)
(-0.0040586118 0.0069477987 0.04199991)
(-0.0020291313 0.0069599717 0.041999742)
(1.2248914e-06 0.0069686395 0.041999796)
(0.0020312716 0.0069596748 0.041999876)
(0.004058137 0.0069459135 0.042000063)
(0.0060763142 0.0069499839 0.042000675)
(0.008387599 0.0067489641 0.042007743)
(-0.00796839 0.0089984146 0.042000023)
(-0.0060174011 0.0089866742 0.04200003)
(-0.004032175 0.0089818794 0.041999894)
(-0.0020215209 0.0089843733 0.041999822)
(5.9318552e-07 0.0089860293 0.041999816)
(0.0020224127 0.0089844564 0.041999808)
(0.0040322187 0.0089818039 0.041999782)
(0.0060170508 0.0089871678 0.041999741)
(0.0079688194 0.0090010006 0.042000163)
(-0.0079686067 0.010997672 0.042000012)
(-0.006017764 0.011009174 0.041999952)
(-0.0040329499 0.011013684 0.041999871)
(-0.0020221668 0.01101193 0.041999836)
(2.0692644e-07 0.011010942 0.041999837)
(0.0020224798 0.011012458 0.041999796)
(0.0040329395 0.011014629 0.041999659)
(0.0060178608 0.011010193 0.041999384)
(0.0079691131 0.010997921 0.041999526)
(-0.0083715709 0.013293622 0.042007539)
(-0.0060797446 0.013045723 0.04199996)
(-0.0040615803 0.013047487 0.04199983)
(-0.0020313871 0.013036346 0.041999763)
(-2.552111e-08 0.013028587 0.041999849)
(0.0020313271 0.013037188 0.041999887)
(0.0040607649 0.013048979 0.041999758)
(0.0060800679 0.013044831 0.041999156)
(0.0083890068 0.013247296 0.041996929)
(-0.00765505 0.014723817 0.042000652)
(-0.006142274 0.015103774 0.041999013)
(-0.0040868621 0.015084335 0.042000039)
(-0.0020383071 0.015051484 0.041999505)
(-3.9215578e-08 0.015028466 0.041999833)
(0.0020392076 0.015052353 0.042000151)
(0.0040832239 0.015088709 0.042000676)
(0.0061298685 0.015116374 0.04200191)
(0.0076718075 0.014696869 0.042001925)
(-0.0058359379 0.016847127 0.042001328)
(-0.0040569508 0.017079747 0.042000862)
(-0.0020253996 0.017028099 0.041998787)
(9.9795237e-08 0.01699427 0.041999732)
(0.0020360502 0.017024191 0.042000451)
(0.004058542 0.017080189 0.042002103)
(0.0058364197 0.016846732 0.04200099)
(-0.0019385067 0.018784469 0.042000859)
(-2.5345721e-06 0.018999916 0.041999814)
(0.001908078 0.018791564 0.041998012)
(-0.0019085978 0.0012085569 0.043997585)
(2.5825918e-06 0.0010000846 0.044001489)
(0.0019193543 0.001211065 0.043997322)
(-0.0058493126 0.0031638483 0.043998772)
(-0.004051141 0.0029162967 0.044000096)
(-0.0020237446 0.0029708751 0.043998921)
(1.5891654e-06 0.0030050121 0.04400014)
(0.0020294966 0.0029726185 0.044000413)
(0.0040565908 0.0029199671 0.044000608)
(0.0058477121 0.0031625348 0.043998905)
(-0.0076818018 0.0053192026 0.044022435)
(-0.0061183212 0.004870472 0.043999625)
(-0.0040758184 0.0049043619 0.043999993)
(-0.0020343577 0.0049441548 0.043999625)
(1.9914233e-06 0.0049693593 0.043999995)
(0.0020394251 0.0049454945 0.044000281)
(0.0040817125 0.0049077721 0.044000385)
(0.0061271975 0.0048820186 0.043999209)
(0.0076797425 0.005315891 0.043997896)
(-0.0083837103 0.0067386319 0.04399877)
(-0.0060753506 0.0069473299 0.044000028)
(-0.004056808 0.0069454697 0.043999916)
(-0.0020286228 0.0069592629 0.043999822)
(1.477635e-06 0.0069684046 0.043999922)
(0.0020316222 0.0069597083 0.044000003)
(0.00405919 0.0069460958 0.043999932)
(0.0060762381 0.0069463981 0.04399961)
(0.0083625738 0.0066824734 0.044001794)
(-0.0079682028 0.00899846 0.04399998)
(-0.0060162834 0.0089851175 0.0440001)
(-0.0040311887 0.0089809353 0.043999961)
(-0.0020209027 0.0089839898 0.043999904)
(9.4736204e-07 0.0089858347 0.043999905)
(0.0020226625 0.0089842803 0.043999869)
(0.0040324652 0.0089815005 0.043999725)
(0.0060168278 0.0089861793 0.043999432)
(0.0079680408 0.0090007742 0.043999328)
(-0.0079694089 0.010995616 0.044000091)
(-0.0060175348 0.011008116 0.044000115)
(-0.004032381 0.011013507 0.043999961)
(-0.0020216017 0.011011922 0.043999935)
(5.7963077e-07 0.011010912 0.043999921)
(0.0020226719 0.011012317 0.043999844)
(0.0040331431 0.011014283 0.04399962)
(0.0060179468 0.011009815 0.043999245)
(0.0079685702 0.01099875 0.043999366)
(-0.0083871309 0.01325228 0.044001835)
(-0.0060800171 0.013042862 0.043999999)
(-0.0040611921 0.013047405 0.043999716)
(-0.0020307942 0.013036576 0.043999876)
(3.249285e-07 0.013028718 0.043999927)
(0.0020312039 0.013037162 0.043999856)
(0.0040611578 0.013048447 0.043999404)
(0.0060810971 0.013044522 0.043998399)
(0.0083714622 0.013293911 0.043992356)
(-0.0076427584 0.014743584 0.04399549)
(-0.006134827 0.015114091 0.04399442)
(-0.004087075 0.015084528 0.043998665)
(-0.0020378905 0.015051737 0.043999742)
(5.9555641e-08 0.015028807 0.043999904)
(0.002037086 0.015052971 0.043999889)
(0.0040835489 0.015087312 0.043998986)
(0.0061390394 0.015104663 0.04399586)
(0.0076346628 0.014756603 0.044001383)
(-0.0058438621 0.016840624 0.044001692)
(-0.0040661333 0.017073194 0.043999264)
(-0.0020268882 0.017027213 0.043999893)
(2.9850565e-08 0.016994851 0.04399983)
(0.0020207005 0.0170302 0.043999797)
(0.0040534565 0.017081778 0.043998499)
(0.0058376459 0.016845725 0.044004633)
(-0.0019211972 0.018788505 0.044000798)
(1.4587384e-06 0.018999952 0.043999214)
(0.0019100403 0.018791107 0.043997105)
(-0.0018994863 0.0012064324 0.046002716)
(-3.0266967e-06 0.0010000991 0.045999336)
(0.0018854708 0.0012031644 0.046006071)
(-0.0058363632 0.003153221 0.046000952)
(-0.0040510231 0.0029160601 0.045999526)
(-0.0020240064 0.0029710271 0.046000132)
(-3.1721428e-07 0.0030047585 0.046000348)
(0.0020226527 0.0029704004 0.04600192)
(0.0040618617 0.0029239404 0.046000699)
(0.0058475858 0.0031624312 0.046000826)
(-0.0076963121 0.0053425371 0.046009593)
(-0.0061281281 0.0048806424 0.045997393)
(-0.0040776213 0.0049059206 0.045999304)
(-0.0020348642 0.0049443597 0.045999895)
(1.3077616e-06 0.004969303 0.046000144)
(0.0020384857 0.0049454475 0.046000545)
(0.0040833156 0.0049095695 0.046000246)
(0.0061278635 0.0048809438 0.045999284)
(0.0076595627 0.0052834393 0.046012213)
(-0.0083761594 0.0067185697 0.045996715)
(-0.0060749596 0.0069455047 0.045999743)
(-0.004056643 0.0069449651 0.045999701)
(-0.0020285547 0.0069591394 0.045999874)
(1.4063221e-06 0.0069683688 0.045999992)
(0.0020315339 0.0069598047 0.046000047)
(0.004059818 0.0069470246 0.045999795)
(0.0060780998 0.0069502234 0.045999269)
(0.0083853391 0.0067429597 0.0459951)
(-0.0079681202 0.0089999111 0.045999987)
(-0.0060154479 0.0089844362 0.045999983)
(-0.0040305092 0.0089809011 0.045999943)
(-0.0020204643 0.0089841137 0.045999967)
(1.1133933e-06 0.0089859362 0.045999986)
(0.0020227025 0.0089843338 0.045999945)
(0.0040325442 0.008981513 0.045999775)
(0.006016895 0.0089857455 0.045999484)
(0.0079683254 0.0089997652 0.045999322)
(-0.0079684316 0.01099803 0.04600039)
(-0.0060165764 0.011009647 0.04600034)
(-0.0040312737 0.011014606 0.046000141)
(-0.0020208108 0.011012632 0.046000087)
(9.3027549e-07 0.011011327 0.046000063)
(0.0020226765 0.011012495 0.046000037)
(0.0040330887 0.011014181 0.045999995)
(0.0060179733 0.011008851 0.045999941)
(0.0079694204 0.010994467 0.045999644)
(-0.0083689536 0.013300576 0.045998405)
(-0.0060778867 0.013047827 0.046000376)
(-0.0040585559 0.013050376 0.046000179)
(-0.0020292064 0.01303808 0.046000198)
(7.5846161e-07 0.013029461 0.046000146)
(0.0020309089 0.013037608 0.046000183)
(0.0040609568 0.013048407 0.046000326)
(0.0060814126 0.013042569 0.046000778)
(0.0083898565 0.013245038 0.045998957)
(-0.0076360413 0.014754386 0.045995691)
(-0.0061341606 0.015112007 0.045998901)
(-0.0040789605 0.015090817 0.046000016)
(-0.0020341723 0.015054306 0.046000472)
(6.3358143e-07 0.0150298 0.046000223)
(0.0020358084 0.015053954 0.046000317)
(0.0040825854 0.015088204 0.046000609)
(0.0061419384 0.015101165 0.046004416)
(0.0076341324 0.014757456 0.04600188)
(-0.0058358559 0.016847195 0.046002037)
(-0.0040473394 0.017085685 0.046000738)
(-0.0020182025 0.01703132 0.046001529)
(8.2601769e-07 0.016995534 0.046000232)
(0.0020243954 0.01702874 0.046000432)
(0.0040574715 0.017079172 0.045998543)
(0.0058525799 0.016833469 0.045997195)
(-0.0019236772 0.018787927 0.046003658)
(2.1815922e-06 0.018999928 0.045999936)
(0.001921671 0.018788395 0.045997643)
(-0.0019217353 0.0012116201 0.04800085)
(-2.2745378e-06 0.0010000745 0.047999887)
(0.0019310264 0.0012137865 0.04800206)
(-0.0058464284 0.0031614814 0.048000086)
(-0.0040525838 0.0029176538 0.047999995)
(-0.0020223276 0.0029701809 0.048001564)
(9.2623259e-07 0.0030048554 0.048000107)
(0.0020318277 0.0029735255 0.048000158)
(0.0040529562 0.0029166625 0.048000039)
(0.0058669601 0.0031783313 0.048001756)
(-0.0076699409 0.0053001289 0.047999605)
(-0.0061295568 0.0048824663 0.047996984)
(-0.0040784153 0.0049068676 0.047999066)
(-0.0020343487 0.0049443933 0.048000111)
(1.4972533e-06 0.0049692558 0.047999977)
(0.0020387673 0.0049449819 0.047999906)
(0.0040788132 0.0049055571 0.047999587)
(0.006122496 0.0048777501 0.04799853)
(0.0076674939 0.0052961937 0.047996558)
(-0.0083360319 0.0066119532 0.047993323)
(-0.0060725003 0.0069383001 0.047999365)
(-0.0040564413 0.0069441949 0.047999543)
(-0.0020284545 0.0069592097 0.047999885)
(1.3613884e-06 0.0069683828 0.047999946)
(0.0020312644 0.0069594607 0.047999871)
(0.0040584146 0.0069454684 0.047999604)
(0.0060761218 0.0069462872 0.047999134)
(0.0083707116 0.0067040951 0.048002023)
(-0.0079666444 0.0089972535 0.047999918)
(-0.0060146174 0.0089843172 0.047999956)
(-0.0040300868 0.0089813472 0.047999943)
(-0.0020202016 0.0089845971 0.048000017)
(1.1911309e-06 0.0089862198 0.048000042)
(0.0020225432 0.0089844123 0.047999986)
(0.0040320627 0.0089812559 0.047999813)
(0.0060163043 0.0089850323 0.047999514)
(0.007967982 0.0089994883 0.047999608)
(-0.0079684651 0.010998128 0.048000378)
(-0.0060155176 0.011012507 0.048000312)
(-0.0040304432 0.011016532 0.048000238)
(-0.0020203028 0.011013745 0.048000177)
(1.0974147e-06 0.011011978 0.048000167)
(0.0020225329 0.011013031 0.048000182)
(0.0040326649 0.011014922 0.048000232)
(0.0060172952 0.01101013 0.048000332)
(0.0079688073 0.010996878 0.048000102)
(-0.0083906049 0.01324305 0.04800642)
(-0.0060764101 0.013050325 0.048000982)
(-0.0040575832 0.013052513 0.048000606)
(-0.0020285535 0.013039399 0.048000324)
(8.8619477e-07 0.01303028 0.048000229)
(0.0020304679 0.013038449 0.048000348)
(0.0040601669 0.013049853 0.048000722)
(0.0060795105 0.01304687 0.048001721)
(0.0083814704 0.013267319 0.048003744)
(-0.0076596061 0.014716491 0.048010301)
(-0.0061293857 0.01511906 0.048004388)
(-0.0040797381 0.015091277 0.048001456)
(-0.0020336017 0.015055322 0.048000613)
(4.0406396e-07 0.015030541 0.048000218)
(0.0020340468 0.015055019 0.04800044)
(0.0040816244 0.015088533 0.048000912)
(0.0061433842 0.015102003 0.04800408)
(0.0076458944 0.014738541 0.047998377)
(-0.0058446014 0.016840017 0.047999762)
(-0.0040597972 0.01707724 0.048001437)
(-0.0020169767 0.017031903 0.0480008)
(-2.1239965e-07 0.016996092 0.048000036)
(0.0020137248 0.017033275 0.04800071)
(0.0040450106 0.017086447 0.047999725)
(0.0058551437 0.016831365 0.048000176)
(-0.0019170124 0.018789481 0.047995031)
(-6.7076022e-07 0.018999977 0.047998713)
(0.0019302312 0.018786399 0.048002707)
(-0.0019003111 0.0012066247 0.04999615)
(-6.4924689e-07 0.0010000213 0.050000148)
(0.0019305584 0.0012136774 0.050004121)
(-0.0058542508 0.003167901 0.050001625)
(-0.0040485698 0.0029153368 0.049999706)
(-0.0020193694 0.0029693944 0.050000046)
(9.5529836e-07 0.0030046541 0.049999493)
(0.0020260667 0.0029707701 0.049996162)
(0.0040481673 0.0029143248 0.049998082)
(0.0058425783 0.0031583216 0.050000757)
(-0.0076543878 0.0052751174 0.04999947)
(-0.0061358537 0.0048890777 0.049994777)
(-0.0040805976 0.004909307 0.049998254)
(-0.0020351446 0.0049450355 0.049999444)
(1.1790229e-06 0.0049692473 0.04999959)
(0.0020374444 0.0049442323 0.049998889)
(0.0040780669 0.0049047164 0.049999237)
(0.006125449 0.0048775091 0.050000166)
(0.0076518471 0.0052710315 0.050011776)
(-0.0083894839 0.006753972 0.049998626)
(-0.0060783826 0.0069535275 0.050000065)
(-0.0040580674 0.0069478591 0.049999551)
(-0.0020289209 0.0069600964 0.049999797)
(1.1866574e-06 0.006968596 0.049999917)
(0.0020309139 0.0069593474 0.049999753)
(0.0040578385 0.0069450562 0.049999639)
(0.0060746675 0.0069445661 0.049999388)
(0.0083644251 0.0066873922 0.050006541)
(-0.007968741 0.0090032674 0.049999901)
(-0.0060156223 0.0089890767 0.050000202)
(-0.0040303297 0.0089835719 0.050000031)
(-0.0020202249 0.0089855205 0.050000106)
(1.2168375e-06 0.0089866355 0.050000173)
(0.0020224753 0.0089847135 0.050000111)
(0.0040318399 0.008981634 0.049999918)
(0.0060160466 0.0089853777 0.04999954)
(0.0079675029 0.008996668 0.04999956)
(-0.0079668953 0.011004283 0.050000038)
(-0.0060140102 0.011017619 0.050000138)
(-0.0040296735 0.011019084 0.050000145)
(-0.0020200106 0.011014932 0.050000193)
(1.2596905e-06 0.01101259 0.050000269)
(0.00202263 0.011013664 0.050000286)
(0.0040323966 0.011016116 0.050000221)
(0.0060166659 0.011012057 0.050000087)
(0.0079683728 0.010997906 0.049999957)
(-0.0083625835 0.013317501 0.050001007)
(-0.0060724395 0.013061054 0.050000046)
(-0.0040562013 0.013056091 0.050000028)
(-0.0020284085 0.013040564 0.049999998)
(1.219457e-06 0.013030761 0.050000139)
(0.0020311586 0.013038906 0.050000257)
(0.0040598324 0.013051525 0.050000323)
(0.0060780276 0.013050012 0.050000179)
(0.0083798336 0.013271668 0.049996484)
(-0.0076742015 0.014693019 0.049997795)
(-0.0061279326 0.015120895 0.049999032)
(-0.0040791256 0.015092794 0.049999566)
(-0.0020347336 0.015055485 0.049999428)
(9.434571e-07 0.01503039 0.049999805)
(0.0020369333 0.015054253 0.050000035)
(0.004081634 0.01509005 0.050000144)
(0.006129618 0.015117649 0.049999976)
(0.0076640906 0.014709279 0.050001793)
(-0.0058425698 0.016841685 0.049998122)
(-0.0040517114 0.017082841 0.049998826)
(-0.0020195541 0.017030964 0.049998698)
(5.361395e-07 0.016995396 0.049999422)
(0.0020243447 0.017029147 0.049999872)
(0.0040528212 0.017082704 0.049999761)
(0.0058404775 0.016843402 0.049998575)
(-0.0019288461 0.018786722 0.049999676)
(-1.4425894e-06 0.018999952 0.049997087)
(0.0019312261 0.018786167 0.049999506)
(-0.0019159914 0.0012102809 0.051998409)
(-1.1798693e-06 0.0010000387 0.052000335)
(0.0019260445 0.0012126249 0.052002029)
(-0.005845318 0.0031605701 0.052002089)
(-0.0040508662 0.002915604 0.051998438)
(-0.0020279981 0.0029724062 0.05199743)
(3.9825658e-07 0.0030052471 0.051999843)
(0.0020296765 0.0029727316 0.051999855)
(0.0040566389 0.0029202378 0.05200238)
(0.005841886 0.0031577535 0.052000265)
(-0.0076541911 0.005274801 0.051996753)
(-0.0061275836 0.0048812188 0.051999852)
(-0.0040803319 0.0049082869 0.051998347)
(-0.002037157 0.0049456496 0.051999013)
(9.8260233e-07 0.0049696186 0.051999946)
(0.0020387551 0.004945036 0.051999979)
(0.0040794088 0.0049053161 0.052000131)
(0.0061155899 0.0048688253 0.051998335)
(0.0076425209 0.0052560338 0.051997472)
(-0.0083609168 0.0066780709 0.052003991)
(-0.0060756593 0.0069454116 0.052000892)
(-0.0040575542 0.006946127 0.051999848)
(-0.0020292236 0.0069599524 0.052000017)
(1.2063935e-06 0.006968811 0.052000358)
(0.0020314714 0.0069600672 0.052000358)
(0.0040589006 0.0069471351 0.052000144)
(0.0060773817 0.0069519369 0.051999736)
(0.0083899562 0.0067552269 0.052000451)
(-0.0079670774 0.0089988283 0.052000345)
(-0.0060145471 0.0089868353 0.052000341)
(-0.004029933 0.0089829595 0.052000264)
(-0.0020201517 0.0089854822 0.052000459)
(1.3115151e-06 0.0089868599 0.052000643)
(0.002022717 0.0089853295 0.052000614)
(0.0040322252 0.0089829622 0.052000357)
(0.006016691 0.0089878814 0.051999964)
(0.0079686037 0.0089997258 0.051999778)
(-0.0079665568 0.011004799 0.051999805)
(-0.0060133263 0.011018334 0.052000015)
(-0.0040291923 0.011019611 0.052000243)
(-0.0020198922 0.011015224 0.052000473)
(1.3926212e-06 0.011012844 0.052000661)
(0.0020228767 0.011014241 0.052000669)
(0.0040323663 0.011017543 0.052000483)
(0.0060158299 0.011015296 0.052000093)
(0.007967036 0.011002334 0.052000013)
(-0.0083681306 0.013302762 0.051997603)
(-0.0060722139 0.013060962 0.051999796)
(-0.0040552249 0.013057384 0.051999915)
(-0.002028547 0.013040949 0.052000032)
(1.4831483e-06 0.013030829 0.052000356)
(0.0020322415 0.013038984 0.052000452)
(0.004060205 0.013053123 0.052000501)
(0.0060756418 0.013057472 0.052000373)
(0.0083572844 0.01333158 0.05200088)
(-0.0076586676 0.014718 0.051998555)
(-0.0061109213 0.015133411 0.052000858)
(-0.0040752267 0.015097036 0.051999218)
(-0.002036535 0.015055398 0.051998855)
(1.5421195e-06 0.015029877 0.051999789)
(0.0020408085 0.015052584 0.0519999)
(0.0040855874 0.015087958 0.052000539)
(0.0061328375 0.015114544 0.052001607)
(0.0076827203 0.01467932 0.052010902)
(-0.0058524721 0.016833558 0.052003103)
(-0.0040535698 0.017083075 0.051998049)
(-0.0020346326 0.017025717 0.051996193)
(1.3223447e-06 0.016994252 0.051999507)
(0.0020361531 0.017024601 0.051999404)
(0.0040580124 0.017079539 0.052000487)
(0.0058456981 0.016839117 0.052000395)
(-0.0019395429 0.018784228 0.052001618)
(3.1535905e-06 0.018999896 0.052001498)
(0.0019231032 0.018788061 0.052001349)
(-0.0019285229 0.0012132028 0.054003601)
(4.7198096e-06 0.0010001546 0.054000053)
(0.0019474374 0.001217613 0.053996791)
(-0.0058553292 0.003168786 0.053999417)
(-0.0040598028 0.0029226352 0.054000246)
(-0.0020276046 0.0029723611 0.054000582)
(1.8454738e-06 0.0030052883 0.05400071)
(0.0020342419 0.0029741563 0.054002997)
(0.0040528174 0.0029168605 0.054000425)
(0.0058335918 0.0031509466 0.053999491)
(-0.0076522001 0.0052715993 0.054000092)
(-0.0061297512 0.004886137 0.053996886)
(-0.0040798565 0.0049073851 0.053998985)
(-0.00203577 0.0049446775 0.054000298)
(1.895156e-06 0.0049695488 0.054001032)
(0.0020403693 0.0049459384 0.05400138)
(0.0040820619 0.0049086153 0.054000011)
(0.0061343064 0.0048885246 0.053997783)
(0.0076546255 0.0052754997 0.053992394)
(-0.0083578088 0.0066698131 0.054004473)
(-0.0060735178 0.0069396829 0.053999457)
(-0.0040567697 0.0069440998 0.054000102)
(-0.0020286752 0.006959181 0.054000944)
(1.6210432e-06 0.0069687428 0.054001409)
(0.002032097 0.006960652 0.054001432)
(0.0040600325 0.0069484288 0.054000834)
(0.0060788601 0.0069526511 0.054000519)
(0.0083863898 0.0067457513 0.054003076)
(-0.0079665642 0.0089970164 0.054000216)
(-0.0060137031 0.0089835278 0.054)
(-0.0040296825 0.0089813762 0.054000712)
(-0.0020200262 0.0089848242 0.054001322)
(1.3953703e-06 0.0089867645 0.05400164)
(0.0020228927 0.0089856138 0.054001601)
(0.0040326338 0.0089834316 0.054001181)
(0.0060169886 0.0089876998 0.054000614)
(0.0079681398 0.0089976735 0.054000279)
(-0.0079665149 0.011004717 0.053999416)
(-0.0060136115 0.011016411 0.053999828)
(-0.0040295293 0.011018317 0.054000761)
(-0.0020200626 0.011014579 0.054001329)
(1.243289e-06 0.011012622 0.054001602)
(0.0020227535 0.011014248 0.054001557)
(0.0040325267 0.011017578 0.054001162)
(0.006016122 0.011014901 0.05400038)
(0.0079671421 0.01100154 0.054000001)
(-0.0083667359 0.013306468 0.053991907)
(-0.006073245 0.013058999 0.053999054)
(-0.0040560172 0.013055947 0.054000425)
(-0.0020286551 0.013040456 0.054000943)
(1.2347843e-06 0.013030687 0.054001232)
(0.002031662 0.01303899 0.054001175)
(0.0040605931 0.013052547 0.054000882)
(0.0060764942 0.013055719 0.054000023)
(0.0083558959 0.013335269 0.053995816)
(-0.0076457005 0.014738853 0.05400277)
(-0.0061237958 0.015120462 0.054001724)
(-0.0040763939 0.015095511 0.054000446)
(-0.0020350287 0.015055795 0.054000192)
(1.2950951e-06 0.015030123 0.054000535)
(0.0020386694 0.015053105 0.054000274)
(0.0040870081 0.015085935 0.054000521)
(0.0061427116 0.015104416 0.054002752)
(0.0076653308 0.014707285 0.054000946)
(-0.0058411286 0.016842867 0.053998089)
(-0.0040558368 0.017079731 0.053999501)
(-0.0020180452 0.017031646 0.053999444)
(1.2831094e-06 0.016995118 0.053999866)
(0.0020233346 0.017029104 0.053998412)
(0.0040621864 0.017075324 0.053997557)
(0.0058387522 0.016844818 0.054001839)
(-0.0019116714 0.018790726 0.054000289)
(2.817683e-06 0.018999907 0.054000697)
(0.0019062065 0.018792001 0.053999742)
(-0.0019014544 0.0012068913 0.056001698)
(-2.131083e-06 0.0010000698 0.055997251)
(0.0019368005 0.0012151328 0.056002467)
(-0.0058421821 0.0031579965 0.056002988)
(-0.0040503977 0.0029166875 0.055999044)
(-0.0020148186 0.0029673081 0.056002334)
(2.3366833e-06 0.0030044363 0.05600124)
(0.002032395 0.0029734891 0.056000932)
(0.004055654 0.0029188361 0.056002108)
(0.0058446285 0.0031600042 0.055997362)
(-0.0076455468 0.0052608999 0.056000991)
(-0.0061316969 0.0048859078 0.055998459)
(-0.0040766633 0.0049050488 0.056000431)
(-0.0020327794 0.0049428726 0.056002398)
(2.32265e-06 0.0049688116 0.056002645)
(0.0020392423 0.0049454929 0.056002426)
(0.0040812463 0.0049083074 0.056000896)
(0.0061280536 0.0048816551 0.055994514)
(0.0076505745 0.0052689852 0.056007041)
(-0.0083736363 0.006711866 0.055988278)
(-0.0060741891 0.0069424733 0.055998666)
(-0.0040562672 0.006943886 0.056001338)
(-0.0020278977 0.006958616 0.056002776)
(1.7422857e-06 0.006968536 0.056003177)
(0.0020317558 0.0069606752 0.056003062)
(0.0040600555 0.0069484976 0.05600216)
(0.0060785318 0.0069515026 0.056000718)
(0.008365415 0.0066900222 0.055999604)
(-0.0079675134 0.0089991395 0.055999429)
(-0.0060146007 0.0089832921 0.056000477)
(-0.0040301298 0.0089805875 0.056002153)
(-0.0020200619 0.0089843064 0.056003002)
(1.2175782e-06 0.0089866889 0.056003311)
(0.002022613 0.0089856646 0.05600326)
(0.0040328138 0.0089835632 0.056002743)
(0.0060174795 0.0089881554 0.056001663)
(0.007968078 0.0089984005 0.056000319)
(-0.0079683133 0.010999536 0.056000306)
(-0.0060157494 0.011011764 0.056001017)
(-0.0040309403 0.011015907 0.056002361)
(-0.0020206731 0.011013332 0.056003016)
(7.3975397e-07 0.011011928 0.056003265)
(0.0020222035 0.011013924 0.056003226)
(0.004032453 0.011017116 0.056002768)
(0.0060167452 0.011013553 0.056001663)
(0.0079677914 0.011000158 0.05600044)
(-0.0083865453 0.013253836 0.05600488)
(-0.0060776502 0.01304893 0.056000489)
(-0.0040587929 0.013051729 0.056001982)
(-0.002029826 0.01303883 0.056002708)
(3.80278e-07 0.013030141 0.056002996)
(0.0020304132 0.013039006 0.056002931)
(0.0040594438 0.01305246 0.056002348)
(0.0060768681 0.013052702 0.056001091)
(0.0083684517 0.013301909 0.055995838)
(-0.0076588145 0.014717764 0.056003676)
(-0.006129382 0.015117006 0.055999817)
(-0.0040813898 0.015090614 0.056001324)
(-0.0020366393 0.015054343 0.056001796)
(2.0677245e-07 0.015030154 0.056002245)
(0.0020361271 0.015054333 0.056002142)
(0.004081996 0.015089925 0.056001622)
(0.0061309063 0.015116831 0.056001892)
(0.0076514884 0.014729545 0.055999011)
(-0.0058490127 0.016836397 0.055998826)
(-0.0040542571 0.017080818 0.055999929)
(-0.0020241304 0.017029071 0.05600008)
(8.3162846e-07 0.016995324 0.056000859)
(0.0020259212 0.017028498 0.056001866)
(0.0040546181 0.017081201 0.056000448)
(0.0058469563 0.016838085 0.056000321)
(-0.0019325462 0.018785859 0.055999349)
(3.6632371e-06 0.018999879 0.056000309)
(0.0019197135 0.018788851 0.056001565)
(-0.0018881735 0.0012037946 0.057998511)
(9.8737019e-07 0.0010000324 0.058000574)
(0.0019299273 0.0012135302 0.05800027)
(-0.005839886 0.0031561121 0.057999938)
(-0.0040511051 0.0029162889 0.058001618)
(-0.0020183115 0.0029683198 0.058004766)
(1.5531402e-06 0.0030036643 0.058004183)
(0.0020220363 0.0029692425 0.058003681)
(0.0040524013 0.0029172052 0.058003725)
(0.0058451942 0.0031604684 0.058000222)
(-0.007657095 0.0052794709 0.058004842)
(-0.0061393336 0.0048937139 0.058001129)
(-0.0040784954 0.0049064703 0.058004374)
(-0.0020340252 0.0049427675 0.058006266)
(1.504311e-06 0.0049679989 0.058006231)
(0.002036763 0.0049444936 0.058006176)
(0.0040814644 0.004909236 0.058005223)
(0.0061344763 0.0048886617 0.058001076)
(0.007650015 0.0052680854 0.058002805)
(-0.0083776074 0.0067224169 0.057992254)
(-0.0060765351 0.0069463384 0.058003044)
(-0.0040571494 0.006945103 0.058005304)
(-0.0020279513 0.0069592276 0.058005998)
(1.2823834e-06 0.0069689635 0.058006012)
(0.0020306904 0.0069610477 0.058006132)
(0.004060606 0.006949705 0.058005699)
(0.0060815727 0.006957241 0.058003201)
(0.0083842968 0.0067401902 0.057991913)
(-0.0079678623 0.0089975607 0.058001526)
(-0.006016458 0.0089839977 0.058004628)
(-0.0040311189 0.008980916 0.058005653)
(-0.0020198292 0.0089847224 0.05800562)
(7.8310147e-07 0.0089877297 0.058005544)
(0.0020215654 0.0089859375 0.058005719)
(0.0040331874 0.0089836177 0.058005821)
(0.0060188815 0.0089887217 0.058004758)
(0.0079688929 0.0089994182 0.058001147)
(-0.0079684939 0.010998154 0.058001713)
(-0.0060177094 0.011010173 0.058004606)
(-0.0040323916 0.011014405 0.058005669)
(-0.0020207442 0.011012028 0.058005583)
(1.8906131e-07 0.011010193 0.058005491)
(0.0020210552 0.011012879 0.058005677)
(0.0040326324 0.011016142 0.058005836)
(0.0060179484 0.011012293 0.058004989)
(0.0079684702 0.010999084 0.058001904)
(-0.0083681247 0.013302778 0.057998966)
(-0.0060793131 0.013047993 0.058003143)
(-0.0040611618 0.013049197 0.058005398)
(-0.0020306467 0.013037098 0.058005811)
(-5.0268977e-07 0.013029071 0.058005808)
(0.0020290398 0.013038339 0.058005947)
(0.004058935 0.013051809 0.058005533)
(0.0060775988 0.01305114 0.058004033)
(0.0083734303 0.013288682 0.058001959)
(-0.0077071765 0.014639991 0.058004861)
(-0.0061370682 0.015109356 0.0580019)
(-0.0040868855 0.015085808 0.058004375)
(-0.0020379122 0.015053214 0.058005544)
(-9.8934859e-07 0.015030483 0.058005811)
(0.0020335828 0.015055613 0.058005825)
(0.0040802366 0.015091298 0.058003647)
(0.0061299038 0.015115974 0.05799706)
(0.0076668528 0.014704837 0.05798211)
(-0.0058395669 0.016844149 0.05800178)
(-0.0040631632 0.017075535 0.058001426)
(-0.0020231584 0.01702934 0.058003091)
(-8.5042105e-08 0.016996052 0.058003688)
(0.0020182669 0.017031711 0.0580044)
(0.004062271 0.017076164 0.058002481)
(0.0058441273 0.016840406 0.058002163)
(-0.001919709 0.018788852 0.058001947)
(2.9481055e-06 0.018999903 0.058000275)
(0.0019377746 0.01878464 0.058006801)
(-0.0019290477 0.0012133252 0.06000105)
(3.1058279e-06 0.0010001017 0.060007291)
(0.0019109946 0.0012091157 0.06000725)
(-0.0058415611 0.0031574868 0.06000868)
(-0.0040497533 0.0029157247 0.060010946)
(-0.0020203928 0.0029666063 0.060013838)
(1.6204302e-06 0.0030005579 0.060014286)
(0.0020225401 0.0029680104 0.060014339)
(0.0040584965 0.0029210222 0.060013444)
(0.0058403647 0.003156505 0.060007718)
(-0.0076483095 0.0052653426 0.060003356)
(-0.0061165422 0.00486949 0.060008126)
(-0.0040763795 0.00490296 0.06001411)
(-0.0020338401 0.0049412926 0.060014075)
(1.0688563e-06 0.0049657462 0.06001281)
(0.0020362592 0.0049431334 0.060014565)
(0.0040834412 0.0049096131 0.060015273)
(0.006138925 0.0048939345 0.060011446)
(0.0076442204 0.0052587668 0.060007799)
(-0.00837817 0.0067239117 0.060008295)
(-0.0060774038 0.0069463401 0.060014767)
(-0.0040565827 0.0069456526 0.060012551)
(-0.0020262432 0.006961889 0.060009905)
(7.9387084e-07 0.0069711181 0.060008821)
(0.0020282723 0.0069628343 0.060010046)
(0.0040600088 0.0069480725 0.060012605)
(0.0060811291 0.006948991 0.060014112)
(0.0083662988 0.0066923705 0.060008996)
(-0.0079694636 0.0089978931 0.060011319)
(-0.0060210347 0.0089848116 0.060014928)
(-0.0040320653 0.008981909 0.060010805)
(-0.0020182228 0.0089866292 0.06000766)
(4.14561e-07 0.0089891314 0.060006637)
(0.0020192311 0.0089869812 0.060007597)
(0.0040334861 0.0089825282 0.060010401)
(0.0060220525 0.008985024 0.060013569)
(0.0079690939 0.0089985082 0.060009331)
(-0.0079701183 0.010996762 0.060010659)
(-0.0060222298 0.011009895 0.060014307)
(-0.0040335605 0.011013604 0.060010655)
(-0.0020191688 0.011010293 0.060007615)
(-9.3191469e-08 0.01100853 0.060006599)
(0.0020189449 0.011010489 0.060007568)
(0.0040333726 0.011013664 0.060010419)
(0.0060228804 0.011008675 0.060013686)
(0.0079708104 0.010996037 0.060009462)
(-0.0083826959 0.013264063 0.060004419)
(-0.006082306 0.01304574 0.060013558)
(-0.004062048 0.013047538 0.060012526)
(-0.0020293185 0.013034186 0.060009862)
(-7.7742426e-07 0.013026439 0.060008696)
(0.0020272067 0.013035132 0.060009901)
(0.0040585769 0.01304941 0.060012425)
(0.0060818325 0.013043203 0.060013483)
(0.0083913593 0.013241045 0.060000652)
(-0.0076271496 0.014768685 0.060010481)
(-0.0061422584 0.015107099 0.060012302)
(-0.0040896225 0.01508429 0.06001537)
(-0.0020388352 0.01505376 0.060014105)
(-1.3899268e-06 0.015032185 0.06001254)
(0.0020333975 0.015056654 0.060014255)
(0.0040770456 0.015094671 0.060014739)
(0.0061176824 0.015127534 0.060010241)
(0.0076640569 0.014709333 0.060009521)
(-0.0058484206 0.016836883 0.060007025)
(-0.0040554408 0.017079955 0.060011967)
(-0.0020245819 0.017030905 0.060013734)
(-2.7810619e-07 0.016998791 0.060013801)
(0.002018986 0.017033187 0.060014557)
(0.0040493898 0.017084987 0.060011729)
(0.0058449282 0.016839749 0.060006727)
(-0.0019366812 0.018784895 0.06000891)
(5.4241832e-06 0.018999822 0.060006732)
(0.0019106854 0.018790956 0.060006384)
(-0.0019276848 0.0012130074 0.062052128)
(1.5245043e-06 0.00100005 0.062044402)
(0.0019219794 0.0012116771 0.062056209)
(-0.0058215407 0.0031410565 0.062045323)
(-0.0040546096 0.0029133496 0.062050181)
(-0.0020247249 0.0029545227 0.062042644)
(8.4722304e-08 0.0029801505 0.062038661)
(0.0020205867 0.0029533269 0.062045983)
(0.0040467576 0.0029078778 0.0620515)
(0.0058647094 0.0031764841 0.062047967)
(-0.0076484561 0.0052655785 0.062054897)
(-0.0061328093 0.0048812528 0.062049329)
(-0.0040809507 0.0049011602 0.06203376)
(-0.0020335418 0.0049385348 0.06202136)
(5.8990806e-08 0.0049584989 0.062017295)
(0.0020339512 0.00493887 0.062022437)
(0.0040809861 0.0049002983 0.062035018)
(0.0061297756 0.0048767053 0.062049137)
(0.0076160007 0.0052133859 0.062044773)
(-0.0083765433 0.0067195895 0.062055189)
(-0.0060877836 0.0069419067 0.062039765)
(-0.0040547648 0.0069486389 0.06201829)
(-0.0020225372 0.0069673102 0.062009498)
(2.5555907e-07 0.0069755223 0.062007354)
(0.0020234624 0.0069670265 0.062009633)
(0.0040566321 0.0069469281 0.062018033)
(0.00608882 0.00693659 0.062037176)
(0.0083713726 0.0067058512 0.06205168)
(-0.0079774197 0.0089948383 0.062048742)
(-0.0060379583 0.0089829512 0.062028883)
(-0.0040330227 0.0089847529 0.062011777)
(-0.0020145577 0.0089901568 0.062005612)
(1.5702885e-07 0.0089923079 0.062004129)
(0.0020150966 0.0089896279 0.062005498)
(0.0040341161 0.0089829663 0.062011093)
(0.0060388056 0.0089795715 0.062025775)
(0.0079772957 0.0089956289 0.062040655)
(-0.0079777411 0.011000805 0.062045799)
(-0.0060387252 0.011013725 0.062027748)
(-0.004034109 0.011012797 0.062011575)
(-0.0020152906 0.011008166 0.062005579)
(-1.1370177e-07 0.011006066 0.06200411)
(0.0020151406 0.011007452 0.062005504)
(0.0040344779 0.011010635 0.062011262)
(0.0060401573 0.011009639 0.062026608)
(0.0079787016 0.010998789 0.062042733)
(-0.0083753074 0.013283694 0.062045658)
(-0.0060900925 0.013054968 0.062038046)
(-0.0040588332 0.013047765 0.062018303)
(-0.0020252791 0.01303016 0.06200957)
(-5.9707347e-07 0.013022293 0.062007301)
(0.0020238049 0.013029323 0.06200959)
(0.0040576951 0.01304521 0.062018463)
(0.0060926503 0.013047521 0.062039261)
(0.0083873487 0.013251701 0.062056414)
(-0.0076509398 0.014730427 0.062049291)
(-0.006125151 0.015127124 0.062051358)
(-0.0040885955 0.01509381 0.062035218)
(-0.0020393778 0.015057458 0.062022043)
(-1.1131273e-06 0.015038685 0.062017083)
(0.0020358428 0.015057245 0.062021936)
(0.0040837517 0.015094184 0.062035576)
(0.006130708 0.015120297 0.062053339)
(0.0076897633 0.014667994 0.062044761)
(-0.0058606297 0.016826863 0.062050625)
(-0.0040619141 0.017082845 0.06205205)
(-0.0020319949 0.01704179 0.0620446)
(-6.5240159e-07 0.017017751 0.062037515)
(0.0020304132 0.017042002 0.062043608)
(0.0040586905 0.01708436 0.062050299)
(0.0058461781 0.016838723 0.062051255)
(-0.0019355677 0.018785154 0.06204922)
(-1.3097896e-06 0.018999957 0.062041624)
(0.0019590221 0.018779686 0.062052857)
(-0.0018931571 0.0012049566 0.064069456)
(-2.0440315e-06 0.001000067 0.064079773)
(0.0019232785 0.00121198 0.064098207)
(-0.0058453892 0.0031606285 0.064108386)
(-0.0040947754 0.0028360241 0.064120924)
(-0.0020472369 0.0028763515 0.064049559)
(-1.1786761e-06 0.0029065176 0.064032075)
(0.0020441521 0.002877527 0.064054377)
(0.0041002074 0.0028449982 0.064121764)
(0.0058483478 0.0031630566 0.064101843)
(-0.0076887366 0.0053303547 0.06409714)
(-0.0061854716 0.0048293917 0.064101892)
(-0.0040900943 0.0048815735 0.064022633)
(-0.0020300719 0.0049380323 0.064007601)
(-2.0957842e-07 0.0049592048 0.064005123)
(0.0020305059 0.0049382529 0.064008046)
(0.0040957112 0.0048817851 0.064023651)
(0.0061844187 0.0048102303 0.064109964)
(0.0076370818 0.0052472871 0.064125449)
(-0.0083705704 0.00670372 0.064134682)
(-0.0061194562 0.006917336 0.064032889)
(-0.0040468196 0.0069558779 0.064005962)
(-0.0020129876 0.0069809689 0.064002109)
(6.6485914e-08 0.0069884998 0.064001463)
(0.002013695 0.0069805946 0.064002147)
(0.0040501984 0.0069531581 0.064005889)
(0.0061270231 0.0069051432 0.064030626)
(0.0083655977 0.0066905078 0.064101613)
(-0.0080700675 0.0089775133 0.064099524)
(-0.0060675958 0.008978683 0.064013544)
(-0.0040234612 0.0089899993 0.064002867)
(-0.0020057469 0.0089961559 0.064001031)
(3.7216709e-08 0.00899772 0.064000687)
(0.0020059939 0.0089957997 0.064001005)
(0.0040243623 0.0089881586 0.064002681)
(0.0060692792 0.0089731215 0.064012133)
(0.0080755848 0.0089776869 0.064085932)
(-0.0080769539 0.011014732 0.064097935)
(-0.0060673938 0.011019096 0.064013069)
(-0.0040240917 0.01100906 0.064002812)
(-0.0020061039 0.011003423 0.064001024)
(-4.2868436e-08 0.011001871 0.064000684)
(0.0020060385 0.011002944 0.064001008)
(0.0040245422 0.011006989 0.064002731)
(0.0060697222 0.011013319 0.064012575)
(0.0080772728 0.011012376 0.064094251)
(-0.0083780902 0.0132763 0.064108872)
(-0.0061239076 0.013077015 0.06403192)
(-0.0040515113 0.013041433 0.064006)
(-0.0020150743 0.013017905 0.064002135)
(-2.9567119e-07 0.013010604 0.064001454)
(0.0020140713 0.013016725 0.064002139)
(0.0040506605 0.013037181 0.06400602)
(0.0061301412 0.013064981 0.064031313)
(0.0083773473 0.013278274 0.064096777)
(-0.0076932723 0.014662351 0.064108882)
(-0.0061899153 0.015162979 0.064112426)
(-0.0041061082 0.015111456 0.064023714)
(-0.0020370543 0.015059211 0.064007878)
(-9.4279868e-07 0.015038863 0.064005074)
(0.0020330957 0.015056348 0.064007821)
(0.0040980414 0.015105907 0.064023966)
(0.0062056312 0.015141829 0.064111501)
(0.00769472 0.014660023 0.064120312)
(-0.005829575 0.016852349 0.064114913)
(-0.004117542 0.017156369 0.0641247)
(-0.0020573186 0.017118958 0.064052252)
(-1.4824955e-06 0.017091047 0.064031692)
(0.0020537215 0.017112969 0.064051558)
(0.0041106454 0.017153833 0.064120695)
(0.0058262221 0.016855101 0.064115127)
(-0.001936418 0.018784956 0.064107524)
(-2.1863319e-06 0.018999928 0.064078019)
(0.0019186972 0.018789088 0.064101467)
(-0.0046955411 0.0023273667 0.064999998)
(-0.0031587918 0.0015776827 0.064999998)
(-0.0010233842 0.0018793083 0.064999998)
(0.0010170838 0.0018991159 0.064999998)
(0.0031587918 0.0015776827 0.064999998)
(0.0046955411 0.0023273667 0.064999998)
(-0.0068504124 0.0041680642 0.064999998)
(-0.0051626179 0.0037628961 0.064999998)
(0.0051861389 0.0037723813 0.064999998)
(0.0068504124 0.0041680642 0.064999998)
(-0.0071530137 0.0058623948 0.064999998)
(0.007194963 0.0058426969 0.064999998)
(-0.0087765561 0.0080275534 0.064999998)
(0.0087769142 0.0080290895 0.064999998)
(-0.0089999124 0.010002663 0.064999998)
(0.0089999124 0.010002663 0.064999998)
(-0.0087783397 0.011964797 0.064999998)
(0.0087783397 0.011964797 0.064999998)
(-0.0071597213 0.014132366 0.064999998)
(0.0072183124 0.014095905 0.064999998)
(-0.0068551287 0.015826189 0.064999998)
(-0.005230282 0.016211321 0.064999998)
(0.0051629297 0.016206128 0.064999998)
(0.0068551287 0.015826189 0.064999998)
(-0.0046995793 0.017670123 0.064999998)
(-0.0031952073 0.018408612 0.064999998)
(-0.0010303523 0.018100487 0.064999998)
(0.0010368664 0.018093831 0.064999998)
(0.0031825772 0.018413366 0.064999998)
(0.0046995793 0.017670123 0.064999998)
(-0.0026829595 0.0014139273 0.06409975)
(-0.0040366702 0.0019581163 0.064118496)
(-0.00099284667 0.0010590817 0.064073933)
(-0.0020284687 0.001916544 0.064115421)
(-0.0019647973 0.0012216608 0.064999998)
(0.00099275362 0.0010590725 0.064096568)
(-2.1898635e-06 0.0019032426 0.064092078)
(7.9789186e-06 0.0010002612 0.064999998)
(0.0026681574 0.0014094372 0.064099799)
(0.0020301618 0.0019245379 0.064131859)
(0.0019647973 0.0012216608 0.064999998)
(0.0040397348 0.0019597544 0.064103899)
(-0.0052474907 0.0026940282 0.064082964)
(-0.006357978 0.0036304353 0.064073269)
(-0.0058261886 0.003144871 0.064999998)
(-0.0030851394 0.002823779 0.064087257)
(-0.0041066533 0.0038381269 0.064053282)
(-0.0041055711 0.0028038652 0.064999998)
(-0.0010207903 0.0029016901 0.064034612)
(-0.0020568439 0.0028478156 0.064999998)
(0.0010188801 0.0029008873 0.064037082)
(-1.2161087e-06 0.0028919578 0.064999998)
(0.0030800718 0.0028224935 0.064095728)
(0.0020513448 0.0028481721 0.064999998)
(0.0052455646 0.0026926479 0.064099424)
(0.0041124235 0.0038445482 0.064055316)
(0.0041265857 0.0028373356 0.064999998)
(0.0063491299 0.0036221481 0.064093048)
(0.0058261886 0.003144871 0.064999998)
(-0.0072959217 0.0047384844 0.064094475)
(-0.0080331884 0.0059470622 0.064128873)
(-0.0076701224 0.0053004208 0.064999998)
(-0.005138278 0.0048458069 0.064048214)
(-0.0061457855 0.0058778958 0.064055027)
(-0.0062126968 0.0048083009 0.064999998)
(-0.0040884053 0.0048804785 0.064999998)
(0.0051458706 0.0048398508 0.064051143)
(0.004096282 0.0048821905 0.064999998)
(0.0072747444 0.0047089315 0.064107248)
(0.0061551582 0.0058627896 0.064054479)
(0.006232588 0.004779542 0.064999998)
(0.0080332965 0.0059472645 0.064087954)
(0.0076693225 0.0052991344 0.064999998)
(-0.0085779008 0.007290102 0.064096084)
(-0.0071603882 0.0069030568 0.064094287)
(-0.0080704353 0.0079481518 0.064135472)
(-0.0084086119 0.0068047942 0.064999998)
(-0.0061267204 0.0069142691 0.064999998)
(0.0071693439 0.0068873064 0.064083918)
(0.006136588 0.0068989707 0.064999998)
(0.0085766708 0.0072860473 0.064094462)
(0.00807505 0.0079576772 0.064112728)
(0.0084086118 0.0068047939 0.064999998)
(-0.0089391741 0.0089894463 0.064081839)
(-0.0080916421 0.0099980318 0.06409392)
(-0.0080795379 0.0089740966 0.064999998)
(0.0089404683 0.0090025858 0.064054112)
(0.0080902725 0.009995243 0.06408483)
(0.0080973867 0.0089621568 0.064999998)
(-0.0089405105 0.010996985 0.064086963)
(-0.0080724292 0.012028169 0.064118064)
(-0.0081031122 0.011025647 0.064999998)
(0.0089400528 0.011001633 0.064079584)
(0.0080796076 0.012030122 0.064120072)
(0.0081005095 0.011015203 0.064999998)
(-0.0085794226 0.012704882 0.064126176)
(-0.0071676326 0.013085474 0.064088129)
(-0.0080602448 0.014002319 0.064128755)
(-0.0084223174 0.013158791 0.064999998)
(-0.006156214 0.014114441 0.064057265)
(-0.0061280848 0.013082295 0.064999998)
(0.0071724396 0.013073108 0.064084753)
(0.0061625363 0.014098928 0.064055923)
(0.006138661 0.013066813 0.064999998)
(0.0085816524 0.012697531 0.064126252)
(0.0080454559 0.014029987 0.064123039)
(0.0084223174 0.013158791 0.064999998)
(-0.00731737 0.015231585 0.064120235)
(-0.0076726335 0.014695541 0.064999998)
(-0.0051569606 0.015145927 0.064051575)
(-0.006337065 0.016389152 0.06409399)
(-0.00622085 0.015173713 0.064999998)
(-0.0041294984 0.016153741 0.064055443)
(-0.0041071894 0.015111253 0.064999998)
(0.0051497604 0.01513464 0.064052413)
(0.0041180831 0.016148708 0.06405576)
(0.0040965618 0.015106195 0.064999998)
(0.0073224022 0.015224562 0.064089584)
(0.006384531 0.016341999 0.064118475)
(0.0062377124 0.01515096 0.064999998)
(0.0076726335 0.014695541 0.064999998)
(-0.0052625322 0.017295193 0.064095365)
(-0.0058319351 0.016850412 0.064999998)
(-0.0030973225 0.017176076 0.064089489)
(-0.0040444638 0.018037718 0.064121421)
(-0.0041559877 0.017184434 0.064999998)
(-0.0010264777 0.017095759 0.064035032)
(-0.0020406975 0.018077474 0.064127309)
(-0.0020681193 0.017144573 0.064999998)
(0.0010246196 0.017093023 0.064035683)
(-2.149102e-06 0.018090878 0.064090751)
(-1.9576544e-06 0.017108857 0.064999998)
(0.0030940161 0.017164476 0.064087022)
(0.0020398611 0.018068512 0.06412605)
(0.002062129 0.017138894 0.064999998)
(0.005284775 0.017279254 0.064094391)
(0.0040314265 0.018044686 0.064107406)
(0.0041344231 0.017185744 0.064999998)
(0.0058319351 0.016850412 0.064999998)
(-0.002695596 0.018582239 0.064119672)
(-0.0010070076 0.018939523 0.064070192)
(-0.0019709106 0.018776914 0.064999998)
(0.0010089244 0.018939334 0.064088409)
(-9.8876029e-06 0.018999675 0.064999998)
(0.0027319663 0.018571206 0.064121469)
(0.0019709106 0.018776914 0.064999998)
(-0.0047626392 0.002369091 0.064113542)
(-0.0032943625 0.0016287079 0.064112969)
(-0.0010136494 0.0019155054 0.06409397)
(0.0010106634 0.0019213965 0.064102976)
(0.0032742071 0.0016211219 0.064143344)
(0.0047128884 0.002338154 0.064122237)
(-0.0068206988 0.0041318581 0.06409467)
(-0.0051546835 0.003801158 0.064099271)
(0.0051586157 0.0038003824 0.064108097)
(0.0068421256 0.0041579668 0.064112731)
(-0.0071453509 0.0058867339 0.064126886)
(0.0071536469 0.0058724328 0.064117627)
(-0.0087801075 0.0080427845 0.064117376)
(0.0087951937 0.0081074859 0.064072334)
(-0.0089999313 0.0099979115 0.064086369)
(0.0089999528 0.0099985699 0.064065172)
(-0.0087957162 0.011890273 0.06407732)
(0.0087896199 0.011916419 0.064095216)
(-0.0071605256 0.014091041 0.064131208)
(0.0071730825 0.014083921 0.06412344)
(-0.0068562991 0.015824762 0.064115684)
(-0.0051755798 0.01619306 0.064107404)
(0.0051699652 0.016176769 0.064112485)
(0.0068412882 0.015843053 0.064135696)
(-0.0047110048 0.017663018 0.06410715)
(-0.0032803604 0.018376563 0.064114955)
(-0.0010215544 0.018077309 0.064094099)
(0.0010231105 0.018074242 0.064099141)
(0.0032920246 0.018372172 0.064110651)
(0.0047193862 0.017657806 0.064111614)
(-0.0026666976 0.0014089943 0.064999998)
(-0.0010063882 0.0010604154 0.064999998)
(0.0010063882 0.0010604154 0.064999998)
(0.0026666976 0.0014089943 0.064999998)
(-0.0041020066 0.0019930394 0.064999998)
(-0.0051939916 0.0026556912 0.064999998)
(-0.0020437303 0.0018496334 0.064999998)
(-0.0031007164 0.0027899534 0.064999998)
(-3.9613261e-06 0.0018883511 0.064999998)
(-0.001023629 0.0028838749 0.064999998)
(0.0020426319 0.0018786268 0.064999998)
(0.0010228907 0.0028783842 0.064999998)
(0.0041020066 0.0019930394 0.064999998)
(0.0030985928 0.0027850375 0.064999998)
(0.0051939916 0.0026556912 0.064999998)
(-0.0063492407 0.0036222519 0.064999998)
(-0.0073008402 0.0047453481 0.064999998)
(-0.0041140164 0.0038171795 0.064999998)
(-0.0051456651 0.0048295201 0.064999998)
(0.0041258803 0.0038327961 0.064999998)
(0.0063492407 0.0036222519 0.064999998)
(0.0051637671 0.0048256587 0.064999998)
(0.0073008402 0.0047453481 0.064999998)
(-0.0080039258 0.0058923156 0.064999998)
(-0.0085888524 0.0073262043 0.064999998)
(-0.0061598202 0.0058656964 0.064999998)
(-0.0071802723 0.0068854327 0.064999998)
(0.0061793025 0.0058452939 0.064999998)
(0.0080039258 0.0058923156 0.064999998)
(0.0072050316 0.006857134 0.064999998)
(0.0085888517 0.0073262021 0.064999998)
(-0.0081316528 0.0079453393 0.064999998)
(-0.0089374816 0.0089722615 0.064999998)
(0.0081276925 0.0079239734 0.064999998)
(0.0089374816 0.0089722614 0.064999998)
(-0.0081025825 0.0099997629 0.064999998)
(-0.0089395845 0.011006388 0.064999998)
(0.0080948689 0.009992272 0.064999998)
(0.0089395845 0.011006388 0.064999998)
(-0.0081092868 0.012054988 0.064999998)
(-0.0085910057 0.012666697 0.064999998)
(-0.0071877682 0.013114261 0.064999998)
(0.0081445571 0.012040439 0.064999998)
(0.0071934407 0.013082211 0.064999998)
(0.0085910057 0.012666697 0.064999998)
(-0.0080151465 0.014086692 0.064999998)
(-0.0061765038 0.014130362 0.064999998)
(-0.0073443089 0.015193992 0.064999998)
(-0.0051799719 0.015156805 0.064999998)
(0.0061800097 0.014106863 0.064999998)
(0.0051577929 0.01514708 0.064999998)
(0.0080151465 0.014086692 0.064999998)
(0.0073443089 0.015193992 0.064999998)
(-0.0063777492 0.01634924 0.064999998)
(-0.0041479807 0.016170175 0.064999998)
(-0.0052546525 0.01730084 0.064999998)
(-0.0031258612 0.017217074 0.064999998)
(-0.0010299941 0.017116677 0.064999998)
(0.0010279786 0.017113535 0.064999998)
(0.0041275843 0.016168436 0.064999998)
(0.0031149901 0.017186303 0.064999998)
(0.0063777492 0.01634924 0.064999998)
(0.0052546525 0.01730084 0.064999998)
(-0.0041076841 0.018003925 0.064999998)
(-0.0020540694 0.018139083 0.064999998)
(-0.0026737979 0.018588852 0.064999998)
(-5.6521768e-06 0.018095964 0.064999998)
(-0.00102614 0.018937639 0.064999998)
(0.0020566837 0.01810653 0.064999998)
(0.00102614 0.018937639 0.064999998)
(0.0041076841 0.018003925 0.064999998)
(0.0026737979 0.018588852 0.064999998)
(-0.0047135033 0.0023385363 0.0010000336)
(-0.0032464887 0.0016106894 0.0010006571)
(-0.00099767175 0.0020299897 0.00099934643)
(0.00099981117 0.0020301487 0.0010006124)
(0.0032681192 0.0016188306 0.0010057831)
(0.004714455 0.0023391282 0.0010058653)
(-0.0068370533 0.0041517861 0.00098012705)
(-0.0051252962 0.0038814423 0.00097836015)
(0.0051232239 0.0038774559 0.00099925985)
(0.0068448014 0.0041612272 0.0010009857)
(-0.0070781579 0.0059438971 0.00097973819)
(0.0070786357 0.0059453453 0.00099077475)
(-0.0087899848 0.0080851458 0.00043500837)
(-0.007025409 0.0079772528 0.00088637863)
(0.0070252324 0.0079746752 0.00091293623)
(0.0087864302 0.0080699013 0.00059617315)
(-0.00899898 0.010031146 7.3405968e-05)
(-0.0069952656 0.010006216 0.00080897817)
(0.0069957528 0.0099988412 0.00081294257)
(0.0089998732 0.009996137 4.0651566e-05)
(-0.0087926456 0.011903442 0.00081262496)
(-0.0070235048 0.012024297 0.00081760121)
(0.0070231264 0.012027755 0.00077731869)
(0.0087898708 0.011915343 0.00079596962)
(-0.0070806262 0.014053028 0.00086858732)
(0.0070778768 0.014058989 0.00082966845)
(-0.00684098 0.015843429 0.00099111794)
(-0.0051159387 0.016126528 0.00099934313)
(0.0051242589 0.016117886 0.0009986107)
(0.0068464186 0.015836802 0.0009902323)
(-0.0047061283 0.01766605 0.0010034656)
(-0.0032469959 0.01838912 0.00099921977)
(-0.00099724718 0.017969192 0.00099986112)
(0.0010003096 0.017968643 0.0010000264)
(0.0032599375 0.018384249 0.00099980952)
(0.0047159959 0.017659914 0.00099981442)
(-0.0046896267 0.0023236889 0.002994717)
(-0.0032992282 0.0016305392 0.0030031)
(-0.00099885626 0.002032675 0.0029997831)
(0.0010014221 0.0020323228 0.0030001627)
(0.0032708477 0.0016198575 0.0030049728)
(0.0047010916 0.0023308182 0.0030071314)
(-0.0068342717 0.0041483967 0.0029943265)
(-0.0051376082 0.0038926048 0.0029892249)
(0.0051122173 0.0038660225 0.0029973593)
(0.0068474281 0.0041644279 0.0029991882)
(-0.0070794247 0.0059449462 0.0029844532)
(0.007077657 0.0059410986 0.0029890667)
(-0.008787771 0.0080756517 0.0028773031)
(-0.0070295507 0.007986327 0.0029204216)
(0.007025041 0.0079735917 0.0029324587)
(0.0087880786 0.0080769707 0.0029018045)
(-0.0089999746 0.010000764 0.0028241796)
(-0.0069959903 0.01000438 0.0028680746)
(0.0069956347 0.0099991773 0.0028717625)
(0.0089997818 0.010006653 0.0028344565)
(-0.0087884807 0.011921304 0.0029041827)
(-0.0070264644 0.012023443 0.0028882805)
(0.0070301661 0.012014587 0.0028660099)
(0.0087869896 0.011927699 0.0028889602)
(-0.0070814677 0.014052699 0.0029393265)
(0.0070825498 0.01405027 0.0029195734)
(-0.006842702 0.01584133 0.0029942041)
(-0.0051110717 0.016135893 0.0029987427)
(0.0051247058 0.016120891 0.0029945763)
(0.0068437002 0.015840114 0.0029908774)
(-0.0047124695 0.017662107 0.0030024035)
(-0.0032793494 0.018376943 0.0029996774)
(-0.00099842601 0.017967831 0.0029995791)
(0.0010012668 0.017967734 0.0030000147)
(0.0032578656 0.018385029 0.0030004315)
(0.0046797265 0.017682468 0.0030049813)
(-0.0047400106 0.0023550196 0.0050036857)
(-0.0032861762 0.0016256268 0.0050002352)
(-0.00099808262 0.0020323924 0.0050000638)
(0.0010033119 0.0020334584 0.0050003105)
(0.0032955188 0.0016291431 0.0049992664)
(0.0046962876 0.002327831 0.00500914)
(-0.00684155 0.0041572654 0.0049999903)
(-0.0051209037 0.0038736207 0.0049989981)
(0.0051115857 0.003863904 0.0049955113)
(0.0068427139 0.0041586836 0.0050018965)
(-0.0070786518 0.0059423449 0.0049956923)
(0.0070817587 0.0059459488 0.0049978365)
(-0.0087898304 0.0080844839 0.0049783433)
(-0.0070292561 0.0079859186 0.0049752942)
(0.0070241551 0.0079711857 0.0049780681)
(0.008788324 0.0080780234 0.004984859)
(-0.0089999477 0.010001587 0.0049765491)
(-0.0069957802 0.010003395 0.0049596226)
(0.006995554 0.009998341 0.0049605641)
(0.0089999893 0.010000314 0.004977485)
(-0.0087850689 0.011935937 0.0049829818)
(-0.0070258531 0.01202512 0.0049688115)
(0.0070286807 0.012016611 0.0049640699)
(0.0087919747 0.01190632 0.0049808513)
(-0.007073786 0.01406482 0.0049869436)
(0.0070810332 0.014053566 0.0049817542)
(-0.0068400625 0.015844546 0.0049976921)
(-0.0051233731 0.016125532 0.0049986303)
(0.0051042456 0.016141691 0.0050004991)
(0.0068413187 0.015843016 0.0050008432)
(-0.0047313876 0.017650343 0.0050113312)
(-0.0033514652 0.018349801 0.0050054535)
(-0.001002138 0.01796619 0.0049999574)
(0.0010038902 0.017966737 0.0049998549)
(0.0032997183 0.018369277 0.0049972209)
(0.0047169989 0.01765929 0.0049948467)
(-0.0047526618 0.0023628866 0.0070068052)
(-0.0032995657 0.0016306662 0.0069972675)
(-0.00099997917 0.0020330243 0.0069999254)
(0.0010002985 0.0020334795 0.0070004156)
(0.0033158977 0.0016368131 0.0069997062)
(0.0047232188 0.0023445778 0.0070003561)
(-0.0068375089 0.0041523413 0.0069998477)
(-0.0050958726 0.0038509672 0.0069986445)
(0.0051288977 0.0038812516 0.006996616)
(0.0068449867 0.004161453 0.0069993841)
(-0.0070803089 0.0059466692 0.0069985974)
(0.0070788695 0.0059420726 0.0069995514)
(-0.0087901789 0.0080859786 0.0069981448)
(-0.0070272649 0.0079813789 0.0069929279)
(0.0070257985 0.0079753923 0.0069962814)
(0.0087860172 0.0080681298 0.0069975757)
(-0.0089999367 0.0099980766 0.0069985703)
(-0.0069952022 0.01000206 0.0069906281)
(0.0069958069 0.0099992729 0.0069911896)
(0.0089999671 0.010000993 0.0069984734)
(-0.0087900803 0.011914444 0.0069994946)
(-0.0070249692 0.012026351 0.0069945284)
(0.0070294005 0.012015256 0.0069933859)
(0.0087894328 0.011917221 0.0069968243)
(-0.0070791425 0.014056499 0.0070010017)
(0.0070835243 0.014049336 0.0069966413)
(-0.0068395167 0.015845211 0.0069968575)
(-0.0051098446 0.016137964 0.0069948768)
(0.0051245466 0.016122666 0.0069990366)
(0.0068450539 0.015838464 0.0070017473)
(-0.0047182473 0.017658514 0.0070011102)
(-0.0032645617 0.018382509 0.0069973258)
(-0.00099988898 0.017967277 0.0069992361)
(0.0010004342 0.017967695 0.0069999609)
(0.0032607114 0.018383958 0.0070065511)
(0.0046986847 0.017670679 0.0069991117)
(-0.0047444978 0.0023578099 0.0090001247)
(-0.0033026201 0.0016318158 0.0090004105)
(-0.0010026271 0.0020337989 0.0089999223)
(0.00099977091 0.0020332104 0.0090002608)
(0.0033063908 0.001633235 0.0089989913)
(0.0046908172 0.0023244292 0.0090040169)
(-0.0068436593 0.0041598356 0.0090002227)
(-0.0051152442 0.0038677629 0.009000917)
(0.0051152283 0.0038669745 0.009000748)
(0.0068312825 0.0041447544 0.0089985753)
(-0.0070759484 0.0059406928 0.008999412)
(0.0070791701 0.0059425742 0.0089968671)
(-0.0087911808 0.0080902754 0.0089969749)
(-0.0070283966 0.0079844694 0.0089964055)
(0.0070260327 0.0079775517 0.008998047)
(0.0087960946 0.0081113494 0.0089992322)
(-0.0089998851 0.010003498 0.0089990244)
(-0.0069951862 0.010003069 0.0089975719)
(0.0069952301 0.010001104 0.0089981533)
(0.0089999878 0.01000036 0.0089997221)
(-0.0087904322 0.011912935 0.008997428)
(-0.0070241253 0.012028966 0.0089989058)
(0.0070250064 0.012025713 0.0089996306)
(0.0087916911 0.011907536 0.0090009734)
(-0.007078656 0.014059009 0.0089992202)
(0.0070758847 0.014062541 0.0089984208)
(-0.006834925 0.015850807 0.0089992058)
(-0.0051271857 0.016119793 0.0090016839)
(0.0051091482 0.016137143 0.0090029997)
(0.0068508198 0.015831439 0.0090019137)
(-0.0047114719 0.017662727 0.0090011457)
(-0.0032979592 0.018369939 0.0089972288)
(-0.0010012347 0.017966325 0.0089996244)
(0.0010024459 0.017967141 0.0089996454)
(0.0032781846 0.018377381 0.0090009545)
(0.0047540132 0.017636273 0.0090003561)
(-0.0047130407 0.0023382487 0.010998716)
(-0.0033343675 0.0016437647 0.010984888)
(-0.0010041916 0.0020341548 0.010999441)
(0.0010002085 0.0020334224 0.010999738)
(0.0033245667 0.0016400759 0.010991778)
(0.0046477738 0.0022976631 0.010997812)
(-0.0068441386 0.0041604196 0.010996838)
(-0.0051425682 0.0038933056 0.010998234)
(0.0051357721 0.0038887272 0.011003055)
(0.006843503 0.0041596451 0.010998486)
(-0.007081007 0.0059457863 0.010998816)
(0.0070819232 0.0059471852 0.010999757)
(-0.0087837186 0.0080582716 0.010997194)
(-0.0070280779 0.0079812587 0.01100137)
(0.0070270336 0.0079790834 0.010999847)
(0.0087903611 0.0080867596 0.011000962)
(-0.0089999983 0.010000041 0.010999781)
(-0.0069955346 0.010001719 0.010999459)
(0.0069951428 0.01000077 0.010999529)
(0.0089999582 0.010001265 0.011000162)
(-0.0087911335 0.011909927 0.011001331)
(-0.0070260279 0.012024766 0.010999696)
(0.0070264713 0.012023839 0.010999409)
(0.0087815955 0.011950833 0.011003779)
(-0.0070796222 0.014057283 0.011000016)
(0.0070816354 0.014052693 0.011000315)
(-0.0068336198 0.015852397 0.011000128)
(-0.005145717 0.016101692 0.011003397)
(0.0050964111 0.016147513 0.011004295)
(0.0068372215 0.015848008 0.011000134)
(-0.0046848819 0.017679262 0.010992736)
(-0.0033146435 0.018363659 0.010992724)
(-0.00099929592 0.01796683 0.010999509)
(0.0010027198 0.017966998 0.010999984)
(0.0032925757 0.018371965 0.010999719)
(0.00471529 0.017660353 0.010987164)
(-0.0047169771 0.0023406965 0.013005338)
(-0.0032712981 0.0016200271 0.012997202)
(-0.0010011022 0.0020327293 0.012999717)
(0.00099765822 0.0020322478 0.013000174)
(0.0032638858 0.0016172372 0.013004652)
(0.00474609 0.0023588 0.013007681)
(-0.0068431627 0.0041592304 0.012999411)
(-0.0051254733 0.0038786065 0.013000384)
(0.0051014356 0.0038577441 0.013001259)
(0.0068362842 0.004150849 0.013003276)
(-0.00708034 0.0059456893 0.013002115)
(0.0070759156 0.0059371915 0.013000721)
(-0.0087932465 0.0080991346 0.013001821)
(-0.0070267793 0.0079786036 0.013001923)
(0.0070246894 0.0079728897 0.013000733)
(0.0087878892 0.0080761582 0.013000026)
(-0.008999947 0.010001608 0.012999534)
(-0.006995681 0.010000526 0.012999815)
(0.0069952917 0.0099990155 0.012999776)
(0.0089999379 0.0099981153 0.013000184)
(-0.0087888502 0.01191972 0.013002661)
(-0.0070282109 0.012018912 0.012999874)
(0.0070259683 0.012023517 0.012997938)
(0.0087897135 0.011916017 0.012997141)
(-0.0070849685 0.014048081 0.012999513)
(0.0070771677 0.014059698 0.013001167)
(-0.0068448877 0.015838667 0.012997602)
(-0.0051224854 0.016125768 0.013001854)
(0.0051055331 0.016140547 0.012996793)
(0.0068374558 0.015847723 0.013000818)
(-0.004702556 0.017668272 0.012993987)
(-0.0031849804 0.018412461 0.012996192)
(-0.00099192042 0.01796992 0.012999555)
(0.0010011022 0.017967912 0.01299978)
(0.0032965487 0.01837047 0.012997917)
(0.0047271708 0.017652965 0.013000117)
(-0.0046855167 0.0023211331 0.015003677)
(-0.0033272634 0.0016410909 0.014996928)
(-0.0010024582 0.002033554 0.01499988)
(0.00099893129 0.0020328694 0.01500038)
(0.003294834 0.0016288853 0.014990604)
(0.0047274503 0.0023472092 0.01500215)
(-0.0068392451 0.0041544569 0.014999002)
(-0.005103434 0.0038586281 0.014994662)
(0.0051252666 0.0038783492 0.015002649)
(0.0068452381 0.0041617594 0.014998564)
(-0.007084584 0.005951207 0.015000798)
(0.0070757684 0.0059394278 0.015000119)
(-0.0087878014 0.008075782 0.014996553)
(-0.0070255243 0.0079747856 0.014999706)
(0.007028092 0.0079808157 0.015000264)
(0.0087872858 0.0080735705 0.0149982)
(-0.0089999893 0.009999684 0.014999883)
(-0.0069951708 0.0099995626 0.014999525)
(0.0069959952 0.0099974582 0.015000025)
(0.0089997572 0.0099925949 0.015002429)
(-0.0087878103 0.01192418 0.014999921)
(-0.0070271675 0.012020876 0.014998451)
(0.0070299893 0.012014682 0.014998647)
(0.0087820181 0.011949021 0.015000226)
(-0.0070820817 0.014051299 0.015000187)
(0.0070845319 0.014048278 0.014998352)
(-0.0068373891 0.015847804 0.015000641)
(-0.0051060444 0.016139949 0.014999957)
(0.0051048929 0.016141501 0.015002788)
(0.0068349758 0.015850745 0.014999445)
(-0.0047383587 0.017646008 0.015002547)
(-0.0032696522 0.018380593 0.01499881)
(-0.0009972896 0.017968222 0.014999735)
(0.0010007658 0.017967883 0.014999541)
(0.0032748545 0.018378635 0.014997823)
(0.0046955696 0.017672616 0.014998721)
(-0.0047370627 0.0023531865 0.01699661)
(-0.0033256093 0.0016404683 0.016988977)
(-0.001000085 0.0020329987 0.016998935)
(0.0010003388 0.0020322843 0.017000725)
(0.0032515656 0.0016126003 0.017006294)
(0.0046731494 0.0023134427 0.016991462)
(-0.0068415759 0.0041572969 0.016998218)
(-0.0051244144 0.0038798375 0.01700359)
(0.0051219683 0.0038769491 0.017002752)
(0.0068408129 0.0041563672 0.017000068)
(-0.0070834963 0.0059487357 0.0169986)
(0.0070845866 0.0059501436 0.01699941)
(-0.0087877543 0.0080755797 0.017000748)
(-0.007026044 0.0079763586 0.01699846)
(0.0070254184 0.0079727384 0.016998775)
(0.008785461 0.0080657445 0.017000672)
(-0.0089998923 0.0099967228 0.016999631)
(-0.0069950383 0.010000344 0.016999527)
(0.0069954197 0.0099970719 0.01699943)
(0.0089998687 0.0099960018 0.016999924)
(-0.0087845789 0.011938038 0.017003269)
(-0.0070234847 0.012030847 0.016999464)
(0.0070277959 0.012020077 0.016997109)
(0.0087843711 0.011938929 0.016997803)
(-0.0070763088 0.014062853 0.016999909)
(0.0070876519 0.014043871 0.016999273)
(-0.0068402044 0.015844374 0.016999812)
(-0.0051206668 0.016126303 0.016995285)
(0.0051242831 0.016121635 0.017000789)
(0.0068312769 0.015855252 0.016999256)
(-0.0047651659 0.017629338 0.017003458)
(-0.0032731564 0.018379274 0.016996091)
(-0.00099908479 0.017967843 0.016999506)
(0.0010006715 0.017967765 0.016999532)
(0.003257256 0.018385258 0.017000939)
(0.0047281575 0.017652352 0.016999957)
(-0.0047399728 0.0023549961 0.019016492)
(-0.0032826713 0.0016243076 0.018998975)
(-0.00099920995 0.0020326264 0.018999808)
(0.001001575 0.0020324089 0.019000355)
(0.0032370569 0.0016071396 0.019001059)
(0.0047267841 0.0023467949 0.019010002)
(-0.0068410916 0.0041567069 0.018999798)
(-0.0051320601 0.0038824923 0.019000109)
(0.0051267189 0.0038773575 0.019002139)
(0.0068469078 0.0041637939 0.019004275)
(-0.0070857934 0.0059536555 0.019001139)
(0.0070821009 0.0059486591 0.019000113)
(-0.008791272 0.0080906663 0.01900114)
(-0.0070277329 0.0079805435 0.01899967)
(0.0070292592 0.0079834071 0.018999942)
(0.0087847609 0.0080627419 0.019000686)
(-0.008999937 0.0099980856 0.019000505)
(-0.0069957806 0.0099990164 0.018999876)
(0.0069949576 0.010000035 0.018999727)
(0.0089998635 0.0099958404 0.01899976)
(-0.008788877 0.011919605 0.018999123)
(-0.0070275209 0.012019381 0.019000008)
(0.0070240472 0.01202924 0.018999733)
(0.0087871522 0.011927002 0.01900092)
(-0.007078912 0.014056429 0.019000374)
(0.0070859496 0.014046318 0.01899901)
(-0.0068408696 0.015843563 0.018995499)
(-0.0051121365 0.016133659 0.019003023)
(0.0051047587 0.016142524 0.019000261)
(0.0068489218 0.015833751 0.018999056)
(-0.0047394382 0.017645337 0.019004374)
(-0.0032216402 0.018398663 0.018996122)
(-0.00099655127 0.017968688 0.0189994)
(0.0010008209 0.017967381 0.018999934)
(0.0033041146 0.018367622 0.019001851)
(0.0047380163 0.017646221 0.019016221)
(-0.0046753273 0.002314797 0.020999521)
(-0.0032865363 0.0016257623 0.02099418)
(-0.0009985294 0.0020323768 0.020999758)
(0.0010014601 0.00203285 0.02100031)
(0.0032802786 0.0016234071 0.02100136)
(0.0047561735 0.0023650703 0.020996776)
(-0.006844072 0.0041603384 0.02099684)
(-0.0051038573 0.0038578406 0.021000958)
(0.0051069324 0.0038612797 0.021004654)
(0.0068494947 0.004166946 0.020999202)
(-0.0070879815 0.005956008 0.021000905)
(0.007080328 0.0059453306 0.02100131)
(-0.0087879748 0.0080765255 0.021001547)
(-0.0070266262 0.0079764672 0.021000391)
(0.0070276137 0.0079823485 0.021001246)
(0.0087891425 0.0080815335 0.021000934)
(-0.0089999193 0.0099975477 0.021000216)
(-0.0069959944 0.0099967685 0.021000132)
(0.0069945066 0.010002982 0.020999941)
(0.0089999376 0.010001893 0.020999598)
(-0.0087885635 0.01192095 0.021002097)
(-0.0070317578 0.012008756 0.021000308)
(0.0070213321 0.012035922 0.020999844)
(0.0087884639 0.011921376 0.021000722)
(-0.0070809871 0.014052809 0.021000428)
(0.0070766583 0.014063908 0.021000575)
(-0.0068344537 0.015851381 0.021001758)
(-0.0051002733 0.016146653 0.020999119)
(0.005120855 0.016127304 0.020998292)
(0.0068436135 0.01584022 0.021001961)
(-0.0047024923 0.017668311 0.020993199)
(-0.0032983153 0.018369805 0.020978981)
(-0.00099948604 0.017967227 0.020999029)
(0.0010011116 0.017967192 0.020999592)
(0.003301768 0.018368505 0.021003064)
(0.0047415315 0.017644035 0.020998263)
(-0.0047298608 0.0023487081 0.023000255)
(-0.0033250918 0.0016402736 0.022998264)
(-0.0010008967 0.0020333444 0.022999741)
(0.001001915 0.0020332332 0.022999947)
(0.0033150382 0.0016364896 0.023002507)
(0.0047060933 0.0023339285 0.022987308)
(-0.0068428217 0.0041588149 0.023001318)
(-0.0051282552 0.003880524 0.022998086)
(0.005116467 0.0038687532 0.023000338)
(0.0068421255 0.0041579666 0.023000773)
(-0.0070814304 0.0059450785 0.02299965)
(0.0070842471 0.0059509117 0.023000166)
(-0.008784309 0.0080608039 0.022998888)
(-0.0070223098 0.007965158 0.023000257)
(0.0070257631 0.0079784654 0.023000473)
(0.0087948384 0.0081059618 0.023001467)
(-0.0089999593 0.010001232 0.023000391)
(-0.0069949195 0.009997804 0.023000178)
(0.006994426 0.010003364 0.022999885)
(0.0089998609 0.010004237 0.022999812)
(-0.0087872385 0.011926632 0.022995598)
(-0.0070283202 0.012018874 0.022999493)
(0.007023224 0.012031355 0.023000093)
(0.0087922338 0.011905208 0.022997875)
(-0.0070842149 0.01404903 0.023000235)
(0.0070856303 0.01404868 0.023000316)
(-0.0068316993 0.015854737 0.023001017)
(-0.0051299336 0.016116438 0.02300128)
(0.0051220509 0.016123761 0.022995395)
(0.0068325372 0.015853716 0.023001052)
(-0.0046833247 0.01768023 0.022993963)
(-0.0032765657 0.018377991 0.02299446)
(-0.00099972856 0.017967176 0.022999643)
(0.0010000249 0.017967546 0.022999714)
(0.0032752076 0.018378502 0.022993712)
(0.0047152561 0.017660374 0.023003532)
(-0.0047428693 0.0023567973 0.024999784)
(-0.0032557075 0.0016141591 0.025001971)
(-0.00099710182 0.0020318019 0.025000029)
(0.0010007476 0.0020325939 0.025000161)
(0.0032791316 0.0016229754 0.024998422)
(0.0047204437 0.0023428521 0.024988952)
(-0.006845565 0.0041621577 0.025003598)
(-0.0051137128 0.0038663119 0.024995524)
(0.0051017003 0.0038559025 0.025004253)
(0.006850164 0.0041677616 0.024999011)
(-0.0070792071 0.0059430313 0.024998563)
(0.0070769961 0.0059405135 0.025000244)
(-0.0087873899 0.008074017 0.025000924)
(-0.0070258896 0.0079752995 0.024998997)
(0.0070247349 0.0079747289 0.0249996)
(0.0087861518 0.0080687072 0.025001221)
(-0.0089998773 0.0099962641 0.02500058)
(-0.0069945973 0.010000176 0.025000098)
(0.0069948419 0.010002201 0.025000103)
(0.0089998925 0.010003271 0.025000124)
(-0.0087925732 0.011903753 0.025000271)
(-0.0070229237 0.012031464 0.024999907)
(0.0070253431 0.012025953 0.025001397)
(0.0087945955 0.011895079 0.025004234)
(-0.0070774182 0.014061494 0.024999814)
(0.0070787222 0.014058794 0.025000343)
(-0.006839125 0.015845689 0.025001382)
(-0.0051380262 0.016110111 0.024998151)
(0.0051247663 0.016121515 0.02500122)
(0.0068418604 0.015842356 0.0249994)
(-0.0047043881 0.017667132 0.024995575)
(-0.0033067817 0.018366618 0.025001945)
(-0.0010004165 0.017966819 0.024999663)
(0.0010020547 0.017966702 0.025000239)
(0.0033144711 0.018363724 0.024998583)
(0.0047023842 0.017668378 0.024997284)
(-0.0046824295 0.0023192134 0.026998203)
(-0.0031971147 0.0015921064 0.027004407)
(-0.00099496768 0.0020307245 0.027000372)
(0.001003007 0.0020329596 0.026999841)
(0.0033043067 0.0016324506 0.026998133)
(0.0047624588 0.0023689788 0.027000367)
(-0.0068398654 0.0041552127 0.027000688)
(-0.0051246924 0.0038783181 0.026996477)
(0.0051013781 0.0038562132 0.02700261)
(0.0068374727 0.0041522972 0.027002175)
(-0.0070810137 0.0059470271 0.027001105)
(0.0070815257 0.0059477952 0.026998337)
(-0.0087855295 0.0080660381 0.026996444)
(-0.0070281136 0.007981017 0.026999817)
(0.0070282532 0.0079826624 0.027000069)
(0.008788439 0.0080785164 0.026998552)
(-0.0089998805 0.0099963599 0.026999964)
(-0.0069953837 0.010000495 0.027000095)
(0.0069956222 0.010002342 0.027000276)
(0.0089998074 0.010005871 0.027000068)
(-0.0087836701 0.011941936 0.027000523)
(-0.0070247031 0.01202863 0.02700029)
(0.0070284045 0.012019365 0.027001748)
(0.0087830083 0.011944774 0.027000831)
(-0.0070803575 0.014056222 0.027001747)
(0.007082499 0.01405173 0.027000367)
(-0.0068386397 0.01584628 0.026999452)
(-0.0051159037 0.016131328 0.026999458)
(0.005116012 0.016130734 0.026994728)
(0.0068384376 0.015846526 0.02700307)
(-0.0046941056 0.017673526 0.027001746)
(-0.0032877386 0.018373786 0.027006917)
(-0.00099874973 0.017967434 0.027000719)
(0.00099904446 0.017967889 0.027000181)
(0.0032737431 0.018379053 0.027005005)
(0.004733235 0.017649194 0.027004493)
(-0.004707318 0.0023346901 0.028999399)
(-0.0032642564 0.0016173767 0.029001743)
(-0.00099685192 0.0020318808 0.029000012)
(0.0010014028 0.0020330418 0.02900057)
(0.003312465 0.0016355212 0.029005005)
(0.0047011253 0.0023308392 0.029008856)
(-0.006842544 0.0041584766 0.029001692)
(-0.0051253222 0.003878198 0.029007024)
(0.0051145281 0.0038691249 0.02900294)
(0.0068422073 0.0041580663 0.028999643)
(-0.0070733092 0.0059339155 0.0289999)
(0.0070891612 0.0059567883 0.028999989)
(-0.0087931555 0.0080987444 0.028996863)
(-0.0070245428 0.007972136 0.028999528)
(0.0070264006 0.0079758964 0.029000208)
(0.0087814396 0.0080484975 0.029003354)
(-0.0089999308 0.0099978981 0.029000484)
(-0.0069954087 0.0099993523 0.029000013)
(0.0069954117 0.010001664 0.029000029)
(0.0089998601 0.010004262 0.029000314)
(-0.0087810135 0.011953329 0.02900246)
(-0.0070258879 0.01202551 0.028999848)
(0.0070255736 0.01202627 0.028998958)
(0.0087906744 0.011911896 0.029006044)
(-0.0070756628 0.014062153 0.029000194)
(0.0070792519 0.014058041 0.028999376)
(-0.0068309037 0.015855707 0.029001515)
(-0.0051350164 0.016115834 0.029000931)
(0.0051130548 0.016133154 0.028992853)
(0.0068327479 0.015853459 0.029000514)
(-0.0047173932 0.017659045 0.029001188)
(-0.0033006483 0.018368927 0.028986044)
(-0.0010020386 0.017966976 0.028999475)
(0.00099958769 0.017967606 0.02900015)
(0.0032792813 0.018376969 0.028996676)
(0.0047015177 0.017668917 0.028995004)
(-0.0047040177 0.0023326378 0.030996573)
(-0.0032681757 0.0016188518 0.031007431)
(-0.00099881918 0.0020325338 0.031000216)
(0.0010039253 0.0020335311 0.030999424)
(0.0032901077 0.0016271065 0.030989577)
(0.0047161558 0.0023401857 0.030997328)
(-0.0068466491 0.0041634786 0.031000972)
(-0.0051062129 0.0038604979 0.030999903)
(0.0051120228 0.0038647274 0.030999779)
(0.0068293819 0.0041424386 0.030996837)
(-0.0070777503 0.0059414863 0.03099711)
(0.0070871081 0.0059542645 0.031001752)
(-0.0087849262 0.0080634507 0.031001553)
(-0.0070270079 0.0079777573 0.030999174)
(0.0070259783 0.0079750387 0.030999702)
(0.0087862866 0.0080692851 0.031000602)
(-0.0089999439 0.010001703 0.031000492)
(-0.0069955062 0.0099997313 0.03099996)
(0.00699569 0.010000064 0.03099979)
(0.0089999282 0.01000218 0.031000303)
(-0.0087872671 0.011926509 0.030999196)
(-0.0070266806 0.01202309 0.03100008)
(0.0070274423 0.012021431 0.03099822)
(0.0087868669 0.011928226 0.031000201)
(-0.0070848355 0.014048395 0.030999476)
(0.0070809062 0.014054413 0.030999793)
(-0.0068325249 0.015853731 0.030999812)
(-0.0051262434 0.016121948 0.031000256)
(0.0051307421 0.016115547 0.031001025)
(0.0068425711 0.01584149 0.031001087)
(-0.0047489488 0.017639423 0.031000925)
(-0.0032220528 0.018398508 0.030993018)
(-0.0010014035 0.017968043 0.030999399)
(0.00099853202 0.017967461 0.031000683)
(0.0032961367 0.018370625 0.031001959)
(0.004676038 0.017684762 0.031002972)
(-0.0047596553 0.0023672355 0.03300904)
(-0.0032683571 0.0016189201 0.032997039)
(-0.00099815954 0.00203234 0.032999777)
(0.0010008812 0.0020324086 0.032999585)
(0.0032631294 0.0016169526 0.032993239)
(0.004708872 0.0023356564 0.032990373)
(-0.0068465726 0.0041633855 0.03299607)
(-0.0051126339 0.0038639854 0.033002755)
(0.0051075601 0.0038596139 0.033000821)
(0.0068440873 0.0041603571 0.03299919)
(-0.0070794157 0.0059432732 0.033000301)
(0.0070752849 0.0059374283 0.03300038)
(-0.0087921245 0.0080943228 0.033003689)
(-0.0070273174 0.0079793215 0.033000001)
(0.0070268377 0.0079780349 0.032999798)
(0.0087884083 0.0080783846 0.03300447)
(-0.008999706 0.0099910317 0.032999773)
(-0.0069955675 0.0099989093 0.033000093)
(0.0069960221 0.0099991054 0.03299981)
(0.0089999495 0.01000153 0.033000193)
(-0.008787501 0.011925506 0.03299921)
(-0.007025039 0.012026599 0.033001047)
(0.0070293234 0.012015947 0.03299975)
(0.008786374 0.01193034 0.033001128)
(-0.0070778733 0.014059682 0.032999905)
(0.0070802612 0.014055391 0.033001725)
(-0.0068460152 0.015837293 0.032999545)
(-0.0051182161 0.016129746 0.032998495)
(0.0051298184 0.016117685 0.032997109)
(0.00682884 0.015858221 0.033001213)
(-0.0046960679 0.017672306 0.033000846)
(-0.0033326631 0.018356877 0.03299411)
(-0.0010055568 0.017966385 0.032999835)
(0.00099751438 0.017967291 0.033000586)
(0.0032937087 0.018371539 0.032997902)
(0.0047349341 0.017648138 0.032993977)
(-0.0046607636 0.0023057407 0.034994023)
(-0.003285733 0.0016254599 0.035003591)
(-0.00099833707 0.0020327984 0.034999753)
(0.0010046824 0.0020332576 0.034999292)
(0.003312281 0.0016354519 0.034994193)
(0.0047175246 0.0023410369 0.035000387)
(-0.0068394798 0.0041547429 0.035002434)
(-0.005109537 0.0038614288 0.035000755)
(0.0051171184 0.0038708236 0.035000194)
(0.0068435923 0.004159754 0.035001041)
(-0.0070796416 0.0059449394 0.034998583)
(0.0070810498 0.0059455782 0.035000325)
(-0.0087922343 0.0080947934 0.035001114)
(-0.0070285014 0.0079820742 0.034999075)
(0.0070285896 0.0079820453 0.03500006)
(0.0087876037 0.0080749339 0.034995487)
(-0.008999799 0.0099938719 0.034999675)
(-0.0069959615 0.0099984093 0.035000014)
(0.0069960219 0.010000568 0.034999697)
(0.0089999252 0.0099977266 0.034999937)
(-0.0087907699 0.011911487 0.035001465)
(-0.0070266961 0.012021546 0.035001349)
(0.0070259589 0.0120245 0.034999247)
(0.0087859313 0.011932238 0.034999594)
(-0.0070744771 0.014062903 0.035000923)
(0.0070808536 0.014054968 0.034999185)
(-0.0068377336 0.015847384 0.034999554)
(-0.0051289079 0.016118494 0.035002516)
(0.0051172555 0.016130733 0.034998278)
(0.0068317254 0.015854705 0.035000785)
(-0.0046804456 0.017682021 0.03500931)
(-0.0032774592 0.018377655 0.034998922)
(-0.0010028805 0.017967133 0.035000787)
(0.00099780874 0.01796779 0.035000364)
(0.0032607535 0.018383942 0.03499602)
(0.0046939538 0.017673621 0.035008052)
(-0.004693821 0.0023262971 0.037006595)
(-0.0033079059 0.0016338052 0.037000292)
(-0.00099809708 0.0020329153 0.036998859)
(0.0010030888 0.0020326671 0.036999144)
(0.0032647029 0.0016175448 0.037002175)
(0.0046952466 0.0023271836 0.037004321)
(-0.0068315283 0.004145054 0.03699931)
(-0.0051294881 0.0038817998 0.037004558)
(0.0051249633 0.0038787707 0.036998912)
(0.0068327056 0.0041464885 0.037002135)
(-0.0070787588 0.0059414417 0.036999211)
(0.0070858225 0.0059535578 0.036999026)
(-0.0087889531 0.0080807213 0.037004865)
(-0.0070254388 0.0079737047 0.036999648)
(0.0070304103 0.0079865866 0.037000045)
(0.0087899319 0.0080849191 0.037000747)
(-0.008999948 0.0099984235 0.037001144)
(-0.0069959128 0.0099973047 0.036999954)
(0.006996187 0.01000045 0.036999724)
(0.0089998937 0.0099967658 0.036999549)
(-0.0087831261 0.011944269 0.037000461)
(-0.0070286244 0.012017223 0.036999478)
(0.0070264238 0.012023456 0.037000486)
(0.0087882791 0.011922169 0.037001713)
(-0.0070772626 0.014059243 0.037001265)
(0.0070859816 0.014047506 0.036999533)
(-0.0068451633 0.015838331 0.037000335)
(-0.0051184068 0.016127171 0.036995809)
(0.005128286 0.016118487 0.0370004)
(0.0068351967 0.015850475 0.036998863)
(-0.0047408724 0.017644445 0.036992972)
(-0.0033053889 0.018367143 0.037008349)
(-0.0010045516 0.017966735 0.037001076)
(0.00099533178 0.01796836 0.037000477)
(0.0032488304 0.01838843 0.037000311)
(0.00472212 0.017656106 0.036995429)
(-0.0046656112 0.0023087551 0.038993978)
(-0.0032951425 0.0016290014 0.039000959)
(-0.0009972952 0.0020327311 0.038999667)
(0.0010041778 0.002033284 0.038999823)
(0.0032893332 0.001626815 0.039000133)
(0.0046646702 0.00230817 0.039006546)
(-0.0068383035 0.0041533096 0.03899898)
(-0.0051422314 0.0038929378 0.038999038)
(0.0051168575 0.0038703314 0.038999586)
(0.0068481631 0.0041653234 0.038998524)
(-0.0070801315 0.0059429587 0.039000614)
(0.0070768121 0.0059392243 0.038998971)
(-0.0087861722 0.0080687947 0.039002041)
(-0.0070258943 0.0079741557 0.038999429)
(0.0070250109 0.007972448 0.038999028)
(0.0087838707 0.0080589239 0.038997869)
(-0.0089998975 0.0099968813 0.038999757)
(-0.0069961245 0.0099970769 0.038999784)
(0.0069959073 0.0099981973 0.038999615)
(0.0089999684 0.0099990472 0.038999302)
(-0.008790834 0.011911212 0.038998963)
(-0.0070284022 0.012016769 0.038999884)
(0.007028714 0.012017407 0.039000067)
(0.0087873589 0.011926116 0.039000801)
(-0.0070762912 0.014061034 0.038998913)
(0.0070846306 0.014047933 0.039001487)
(-0.0068399223 0.015844717 0.038995014)
(-0.0051193206 0.016127726 0.038997928)
(0.0051221927 0.016120528 0.038998049)
(0.0068469995 0.015836094 0.039001719)
(-0.0047147836 0.017660668 0.039011486)
(-0.0032861305 0.018374391 0.038999263)
(-0.0010047065 0.017966852 0.039000703)
(0.00099718234 0.017967866 0.038999941)
(0.0032695155 0.018380644 0.038997702)
(0.0047413589 0.017644142 0.038998057)
(-0.004712384 0.0023378403 0.040999177)
(-0.0032291795 0.0016041747 0.040993054)
(-0.00099599977 0.0020315754 0.040999881)
(0.0010039133 0.0020333985 0.041000002)
(0.0033043874 0.001632481 0.041001763)
(0.0047211367 0.0023432831 0.040992839)
(-0.0068394669 0.0041547272 0.041000245)
(-0.0051184424 0.003872393 0.040998908)
(0.0051094695 0.003862068 0.040997696)
(0.0068402053 0.0041556269 0.04099829)
(-0.007087079 0.0059557469 0.040999096)
(0.0070835818 0.0059497161 0.041000444)
(-0.0087927945 0.0080971959 0.041002516)
(-0.0070294978 0.0079837296 0.04099981)
(0.0070272265 0.0079786641 0.040999618)
(0.0087869625 0.0080721841 0.04100102)
(-0.0089999167 0.0099974678 0.040999816)
(-0.006996519 0.0099979611 0.040999878)
(0.0069960289 0.009999584 0.040999699)
(0.0089998626 0.010004184 0.04099991)
(-0.0087850058 0.011936207 0.041002437)
(-0.0070297474 0.012014593 0.041000127)
(0.0070272387 0.012020947 0.041000061)
(0.0087885411 0.011921045 0.04099934)
(-0.0070825342 0.014051227 0.040999363)
(0.0070776405 0.014060406 0.040999912)
(-0.0068391417 0.015845668 0.040998948)
(-0.0051263303 0.01612111 0.040999656)
(0.0051095863 0.016136141 0.041000531)
(0.0068429666 0.015841008 0.041000571)
(-0.0046717728 0.017687414 0.041005062)
(-0.0032506005 0.018387763 0.040986492)
(-0.0010027531 0.017967264 0.040999219)
(0.00099910742 0.017967475 0.040999877)
(0.0032559175 0.018385762 0.041001863)
(0.004721538 0.017656468 0.04099537)
(-0.0047199332 0.0023425347 0.043000423)
(-0.0033044013 0.0016324862 0.042997651)
(-0.00099939791 0.0020327633 0.042999948)
(0.0010028478 0.002033577 0.043000183)
(0.0033248431 0.0016401799 0.043002125)
(0.0046778788 0.0023163836 0.042998704)
(-0.0068345882 0.0041487825 0.042999855)
(-0.0051034911 0.0038576714 0.043001016)
(0.0051139394 0.0038652908 0.043004643)
(0.0068464878 0.0041632821 0.043000318)
(-0.0070828937 0.005948348 0.042998385)
(0.0070756417 0.0059381695 0.042999041)
(-0.0087891147 0.0080814141 0.043000635)
(-0.0070267773 0.0079771116 0.043000756)
(0.0070272445 0.007979698 0.042998723)
(0.0087929081 0.0080976831 0.043001264)
(-0.008999967 0.010000996 0.042999111)
(-0.0069959787 0.0099978872 0.042999897)
(0.0069961277 0.009999351 0.042999343)
(0.0089999117 0.0099973143 0.042999456)
(-0.0087829759 0.011944913 0.043000593)
(-0.0070285331 0.012017264 0.042998981)
(0.0070286445 0.01201814 0.042997708)
(0.0087856068 0.01193363 0.042995508)
(-0.0070757348 0.014061525 0.042999929)
(0.0070865603 0.014046161 0.042998656)
(-0.0068498052 0.015832675 0.043005228)
(-0.0051445485 0.016104592 0.043003382)
(0.0051378863 0.016108544 0.042999793)
(0.0068415732 0.015842706 0.042998962)
(-0.0047145825 0.017660793 0.043001741)
(-0.0032797753 0.018376783 0.04300015)
(-0.0010000235 0.017967119 0.042999756)
(0.0010029333 0.017966458 0.042999847)
(0.003306659 0.018366665 0.042996609)
(0.0047195535 0.017657702 0.042997267)
(-0.0046835796 0.0023199286 0.044999185)
(-0.0032703128 0.0016196562 0.0449903)
(-0.00099886891 0.0020323493 0.044999526)
(0.0010000612 0.0020325445 0.044999589)
(0.0032601747 0.0016158405 0.044996178)
(0.0046774106 0.0023160925 0.045008424)
(-0.006843058 0.0041591029 0.044998321)
(-0.0051133835 0.0038661324 0.045003061)
(0.0051283619 0.0038786177 0.045000231)
(0.0068390324 0.0041541977 0.044999501)
(-0.0070773124 0.0059396852 0.045001186)
(0.007084637 0.0059514656 0.04499936)
(-0.0087867492 0.0080712692 0.045002741)
(-0.0070254037 0.0079745497 0.045000312)
(0.0070268703 0.0079776801 0.044999246)
(0.0087904028 0.0080869387 0.045000163)
(-0.0089999781 0.0099993427 0.045000508)
(-0.0069956603 0.0099972537 0.04500027)
(0.0069961063 0.0099984963 0.044999484)
(0.0089999771 0.010000687 0.044999286)
(-0.0087889344 0.011919359 0.045003437)
(-0.0070301003 0.012011844 0.045001608)
(0.0070294436 0.01201549 0.044999639)
(0.0087890703 0.011918776 0.044999438)
(-0.0070797022 0.014054951 0.045000641)
(0.0070886766 0.014042035 0.044999571)
(-0.0068327471 0.01585346 0.045001015)
(-0.0051162194 0.016130155 0.04499786)
(0.0051115163 0.016134508 0.04499928)
(0.0068422666 0.015841861 0.044997998)
(-0.004752435 0.017637255 0.045003569)
(-0.003274075 0.018378928 0.044996102)
(-0.00099999031 0.017967508 0.045000109)
(0.00099921896 0.017968228 0.044999984)
(0.003233613 0.018394157 0.045001397)
(0.0046806681 0.017681882 0.044996283)
(-0.0047345799 0.0023516426 0.047000585)
(-0.003279555 0.0016231347 0.047010155)
(-0.00099925497 0.0020325291 0.04700101)
(0.00099850554 0.0020327171 0.047000875)
(0.0033108494 0.0016349131 0.047015505)
(0.0046886655 0.0023230912 0.047001609)
(-0.006832728 0.0041465157 0.046999887)
(-0.0051081121 0.0038617101 0.04699834)
(0.005115558 0.0038680239 0.047000542)
(0.0068386052 0.0041536772 0.046999391)
(-0.0070803489 0.005943736 0.047001056)
(0.0070868513 0.005954151 0.047000096)
(-0.0087879802 0.0080765489 0.046995871)
(-0.0070240913 0.0079710369 0.046999419)
(0.0070249866 0.0079727004 0.046999385)
(0.0087891154 0.0080814174 0.047001121)
(-0.0089999912 0.0099997426 0.046999665)
(-0.0069949587 0.0099980448 0.04700007)
(0.0069957368 0.0099974142 0.046999727)
(0.0089998956 0.0099968225 0.046999382)
(-0.0087916568 0.011907683 0.047000252)
(-0.0070279552 0.012017484 0.047000676)
(0.0070271217 0.012019862 0.047000966)
(0.0087950916 0.011892952 0.046996957)
(-0.0070820969 0.014052754 0.046998797)
(0.0070816134 0.014053164 0.047002418)
(-0.0068442622 0.015839429 0.046996153)
(-0.0051092807 0.016136058 0.047001931)
(0.0051186437 0.016129082 0.047003452)
(0.0068417574 0.015842481 0.04699854)
(-0.0047089628 0.017664288 0.046988254)
(-0.0032788675 0.018377124 0.047007373)
(-0.00099924007 0.017967945 0.047000558)
(0.00099862617 0.017968272 0.047000108)
(0.0032514302 0.018387451 0.047002233)
(0.0047335128 0.017649021 0.046997026)
(-0.0047219896 0.0023438134 0.049000391)
(-0.0032411214 0.0016086693 0.049000072)
(-0.00099817116 0.0020318071 0.048999942)
(0.00099983906 0.0020329486 0.048999649)
(0.0032967771 0.0016296167 0.049000863)
(0.0047111338 0.0023370629 0.048997913)
(-0.0068394923 0.0041547581 0.049000451)
(-0.0051135936 0.003867552 0.048998393)
(0.0051101127 0.0038642187 0.049000998)
(0.0068407814 0.0041563289 0.048998758)
(-0.0070804745 0.0059457949 0.049000402)
(0.0070780713 0.0059419362 0.048998423)
(-0.0087856813 0.0080666893 0.048998804)
(-0.0070267919 0.0079791788 0.049000923)
(0.0070258841 0.0079757957 0.048997558)
(0.0087910277 0.0080896189 0.049002717)
(-0.008999942 0.01000176 0.0489996)
(-0.0069945196 0.010001509 0.049000088)
(0.0069955417 0.0099981612 0.048999826)
(0.0089999428 0.010001736 0.049000564)
(-0.0087873789 0.01192603 0.048997658)
(-0.0070231995 0.012030502 0.048999652)
(0.0070273493 0.012019632 0.049001031)
(0.0087928272 0.011902664 0.049001163)
(-0.0070725423 0.014067735 0.04899882)
(0.00708115 0.014053239 0.049000591)
(-0.0068459899 0.015837324 0.04899829)
(-0.0051152632 0.016132327 0.049003668)
(0.0051284921 0.016118769 0.048998304)
(0.0068427928 0.01584122 0.049000271)
(-0.0047457716 0.017641398 0.049004306)
(-0.0032805246 0.018376501 0.049002738)
(-0.00099862511 0.017968115 0.049000086)
(0.00099825357 0.017968545 0.049000065)
(0.0032325487 0.018394558 0.049001667)
(0.0047332463 0.017649187 0.049006064)
(-0.004729701 0.0023486087 0.051000215)
(-0.003321446 0.0016389014 0.050996507)
(-0.0010014098 0.0020332339 0.05099953)
(0.00099989055 0.0020324581 0.050999511)
(0.0032616404 0.0016163921 0.050993056)
(0.0047295468 0.0023485128 0.050997305)
(-0.0068442286 0.0041605293 0.051002142)
(-0.0051264571 0.0038772356 0.050996603)
(0.0051137338 0.0038641128 0.050998489)
(0.0068464584 0.0041632463 0.050999752)
(-0.0070782577 0.0059428436 0.051001622)
(0.0070815672 0.0059477646 0.050998445)
(-0.0087861305 0.0080686159 0.050994553)
(-0.0070266572 0.0079791013 0.051000725)
(0.0070266593 0.0079779125 0.050998986)
(0.0087883207 0.0080780091 0.050997591)
(-0.0089999324 0.010002053 0.051000405)
(-0.0069940802 0.010003138 0.051000178)
(0.0069952349 0.0099995085 0.050999813)
(0.0089999158 0.009997438 0.05099981)
(-0.008788836 0.011919781 0.05099701)
(-0.0070217892 0.012035011 0.051000492)
(0.0070252028 0.012026837 0.05100006)
(0.0087865026 0.011929788 0.050997833)
(-0.0070833809 0.014051488 0.050999472)
(0.0070848033 0.014049066 0.05100101)
(-0.0068431358 0.015840802 0.050998655)
(-0.005121923 0.016123924 0.050997292)
(0.0051192227 0.016127695 0.051000435)
(0.0068338322 0.015852138 0.05099877)
(-0.0046989064 0.017670541 0.051011328)
(-0.0033000599 0.018369148 0.050988838)
(-0.0010016542 0.017966734 0.050999328)
(0.0010026589 0.017966612 0.050999692)
(0.003291481 0.018372377 0.050995506)
(0.0046825445 0.017680716 0.050993895)
(-0.0047099002 0.0023362958 0.053003641)
(-0.0032992552 0.0016305493 0.052990477)
(-0.00099989128 0.0020329761 0.052999734)
(0.0010023854 0.0020337064 0.05300059)
(0.0033204311 0.0016385194 0.053001295)
(0.0047260041 0.0023463098 0.05300007)
(-0.0068398058 0.0041551401 0.053002322)
(-0.0051205912 0.0038755091 0.052995845)
(0.0051157319 0.0038678407 0.053001126)
(0.0068448143 0.004161243 0.053000313)
(-0.0070865027 0.0059537137 0.053001692)
(0.0070826146 0.0059483857 0.053001758)
(-0.0087933061 0.0080993903 0.053001907)
(-0.0070243018 0.0079721893 0.05300062)
(0.0070271931 0.0079785103 0.053000641)
(0.0087897669 0.0080842115 0.053001232)
(-0.0089999926 0.0099997841 0.053000594)
(-0.0069934836 0.010001515 0.053000095)
(0.0069951875 0.010000023 0.052999996)
(0.0089998229 0.0099946009 0.052999009)
(-0.0087899126 0.011915163 0.052999136)
(-0.007020641 0.012036677 0.052999521)
(0.0070240888 0.012029454 0.052999432)
(0.00879399 0.011897676 0.05300062)
(-0.007084413 0.014050606 0.052999203)
(0.0070771076 0.014061002 0.053000104)
(-0.0068468255 0.015836306 0.052999222)
(-0.0050987439 0.016146644 0.052999997)
(0.0051352979 0.016113203 0.053001801)
(0.0068423876 0.015841713 0.052998151)
(-0.0047409238 0.017644413 0.053000349)
(-0.0032957101 0.018370785 0.053001831)
(-0.0010008828 0.01796699 0.05299973)
(0.0010041869 0.017966264 0.05299956)
(0.0032995286 0.018369348 0.052996186)
(0.0047519425 0.017637561 0.053004129)
(-0.0047264582 0.0023465922 0.05500515)
(-0.003249484 0.0016118168 0.055007279)
(-0.00099806377 0.0020318888 0.055000805)
(0.0010019703 0.0020331754 0.055001007)
(0.0032890074 0.0016266923 0.05500792)
(0.0047015246 0.0023310875 0.054997521)
(-0.0068323656 0.0041460742 0.054998521)
(-0.005105833 0.0038567263 0.054998602)
(0.0051183347 0.0038699355 0.054996606)
(0.0068498699 0.0041674032 0.055000377)
(-0.0070781222 0.0059402395 0.054999885)
(0.0070827254 0.0059480229 0.054999587)
(-0.0087891414 0.0080815286 0.055003902)
(-0.0070202234 0.0079616194 0.054997375)
(0.0070270635 0.0079775357 0.055000652)
(0.0087884811 0.0080786968 0.055000602)
(-0.00899993 0.010002128 0.055000531)
(-0.0069937442 0.0099992462 0.05499994)
(0.0069955813 0.0099989012 0.055000617)
(0.0089997412 0.009992105 0.05500109)
(-0.008792158 0.011905533 0.055001833)
(-0.0070234285 0.012029288 0.054998781)
(0.0070276637 0.012021083 0.055000131)
(0.0087857739 0.011932913 0.054998646)
(-0.007083102 0.014052793 0.054998751)
(0.0070819788 0.014052688 0.055000129)
(-0.0068469616 0.01583614 0.054997833)
(-0.0051033038 0.016142755 0.055002948)
(0.0051151007 0.01613254 0.05500076)
(0.0068397181 0.015844966 0.055007563)
(-0.004692909 0.017674271 0.055005549)
(-0.0033508587 0.018350029 0.055004024)
(-0.0010014559 0.017966649 0.055000305)
(0.0010012272 0.017967672 0.054999981)
(0.0032356164 0.018393403 0.054998433)
(0.0047044635 0.017667085 0.055002499)
(-0.0047466131 0.0023591253 0.056997976)
(-0.0032901165 0.0016271098 0.057011549)
(-0.00099810089 0.0020319135 0.057001611)
(0.0010015319 0.0020325273 0.057001102)
(0.0032614534 0.0016163217 0.056999804)
(0.0047340391 0.0023513063 0.057005263)
(-0.0068516894 0.0041696203 0.056999504)
(-0.0050996198 0.0038551062 0.056999408)
(0.0051090682 0.0038623144 0.057003805)
(0.0068405762 0.0041560788 0.056999681)
(-0.0070820287 0.0059473561 0.057002008)
(0.0070893542 0.0059597082 0.057000125)
(-0.0087811634 0.0080473132 0.057002894)
(-0.007024954 0.0079717911 0.057000502)
(0.0070315302 0.0079877511 0.057002911)
(0.0087873693 0.0080739286 0.057004613)
(-0.0089999766 0.0099992975 0.05700049)
(-0.0069953007 0.0099977846 0.057001573)
(0.0069962855 0.01000019 0.057001943)
(0.008999957 0.0099986967 0.056999684)
(-0.0087925846 0.011903704 0.056998569)
(-0.0070286827 0.01201643 0.057001144)
(0.007026107 0.012024845 0.057002733)
(0.0087899261 0.011915105 0.057000127)
(-0.0070836886 0.014050208 0.056999015)
(0.0070816178 0.014054685 0.057002059)
(-0.0068348919 0.015850847 0.056995596)
(-0.0051320074 0.016116072 0.057000216)
(0.0051231776 0.016124754 0.056999586)
(0.0068393597 0.015845403 0.057000295)
(-0.0047252251 0.017654175 0.05699144)
(-0.0032495926 0.018388143 0.056998101)
(-0.00099730186 0.017968179 0.05700054)
(0.000999321 0.017968338 0.057000786)
(0.0032277209 0.018396375 0.056995518)
(0.0047230676 0.017655517 0.056996898)
(-0.0047431367 0.0023569636 0.058992802)
(-0.0033551837 0.0016515994 0.059011692)
(-0.0010003156 0.0020326646 0.059005239)
(0.00099992217 0.0020316588 0.059005459)
(0.0032686338 0.0016190243 0.059004879)
(0.0047273569 0.0023471511 0.059000302)
(-0.0068395787 0.0041548633 0.059005091)
(-0.0051142155 0.0038682911 0.059004118)
(0.0051254431 0.0038751377 0.059004175)
(0.0068443105 0.0041606291 0.059002195)
(-0.0070758368 0.005937255 0.059006216)
(0.0070842581 0.005950567 0.059004572)
(-0.0087914839 0.0080915751 0.059000785)
(-0.0070251119 0.0079705675 0.059007531)
(0.0070294174 0.007979135 0.059007011)
(0.00878666 0.0080708867 0.059005508)
(-0.0089998951 0.0099968064 0.059001233)
(-0.0069971953 0.009997129 0.059007333)
(0.0069979057 0.0099986432 0.05900685)
(0.0089999345 0.0099980122 0.059001633)
(-0.0087848869 0.011936718 0.059002106)
(-0.0070292121 0.012018821 0.059005713)
(0.0070288024 0.012019614 0.059006802)
(0.0087873536 0.011926138 0.059001234)
(-0.0070844154 0.014047879 0.059002175)
(0.007080829 0.01405455 0.059002923)
(-0.0068250775 0.015862806 0.059002053)
(-0.0051339427 0.016117491 0.059005366)
(0.0051176775 0.016129281 0.059004883)
(0.0068382002 0.015846816 0.059001613)
(-0.004711259 0.01766286 0.05900674)
(-0.0032619185 0.018383504 0.059003264)
(-0.00099961963 0.017968063 0.059004495)
(0.00099821412 0.017968866 0.059004826)
(0.0032311396 0.018395088 0.059003469)
(0.0047250719 0.01765427 0.059004278)
(-0.0047223999 0.0023440686 0.06101677)
(-0.0032482066 0.001611336 0.06101774)
(-0.00099719832 0.0020279523 0.061023991)
(0.0010032867 0.0020293048 0.061025198)
(0.0033138295 0.0016360347 0.061022773)
(0.0047375347 0.00235348 0.061018279)
(-0.0068532151 0.0041714793 0.061024083)
(-0.0051114377 0.0038634204 0.061022372)
(0.0051216185 0.0038763398 0.061023227)
(0.0068360525 0.0041505667 0.061019354)
(-0.0070767036 0.0059378685 0.061025032)
(0.007084913 0.005948609 0.061024103)
(-0.0087848723 0.0080632196 0.061021039)
(-0.0070353947 0.0079818436 0.061027039)
(0.0070329348 0.0079731179 0.061023632)
(0.0087881119 0.0080771135 0.061015882)
(-0.0089998341 0.0099949435 0.061018478)
(-0.0070054653 0.0099975783 0.061024885)
(0.0070058625 0.0099967459 0.061022284)
(0.0089999334 0.010002023 0.061016233)
(-0.0087876576 0.011924835 0.061018255)
(-0.0070350156 0.012017969 0.061025181)
(0.007038005 0.012010916 0.061024952)
(0.008785218 0.011935298 0.061016213)
(-0.0070790511 0.01405851 0.061025643)
(0.0070800885 0.014057382 0.061025654)
(-0.0068366364 0.015848721 0.061023302)
(-0.0051405038 0.016106729 0.061025295)
(0.0051187428 0.016127569 0.061022634)
(0.0068483162 0.015834489 0.06102152)
(-0.0047021028 0.017668553 0.061011603)
(-0.0032605605 0.018384015 0.061017175)
(-0.0010007373 0.01797101 0.061023371)
(0.00099925721 0.017971063 0.061023977)
(0.0032738231 0.018379023 0.06102225)
(0.004737853 0.017646323 0.061013576)
(-0.0046968798 0.0023281992 0.063095188)
(-0.0032726403 0.0016205322 0.063088917)
(-0.0010088579 0.001997248 0.0630769)
(0.0010008336 0.0019974177 0.063083087)
(0.0032828676 0.0016243815 0.063093813)
(0.0046920236 0.0023251794 0.063065185)
(-0.0068437955 0.0041600016 0.063072879)
(-0.0051296967 0.0038598414 0.063079595)
(-0.0030604612 0.0038921006 0.0630435)
(-0.0010167266 0.0039401852 0.063025834)
(0.0010154716 0.0039401189 0.063027089)
(0.0030597317 0.0038923899 0.063045883)
(0.0051176215 0.0038464364 0.063085332)
(0.0068474811 0.0041644925 0.063093197)
(-0.0070939788 0.0059263392 0.06309333)
(-0.0050976852 0.0059079759 0.063036694)
(-0.0030441416 0.0059415107 0.063014375)
(-0.0010113982 0.0059660829 0.063008185)
(0.0010116083 0.0059659823 0.063008402)
(0.0030456705 0.0059406138 0.063014835)
(0.0050997606 0.0059018959 0.063037107)
(0.0070947585 0.0059217863 0.063088869)
(-0.0087842482 0.0080605432 0.063096925)
(-0.0070617341 0.0079558268 0.06306366)
(-0.0050566772 0.0079630785 0.063018447)
(-0.0030244842 0.0079786883 0.063006441)
(-0.0010061052 0.0079878069 0.063003357)
(0.0010064407 0.0079875896 0.063003359)
(0.0030255875 0.0079774421 0.063006285)
(0.0050589722 0.0079589354 0.063017092)
(0.0070643909 0.0079527835 0.063054878)
(0.0087878719 0.0080760841 0.063071117)
(-0.0089998705 0.0099960544 0.063082345)
(-0.007044762 0.0099981357 0.06304594)
(-0.0050400191 0.0099990087 0.063013248)
(-0.0030176164 0.0099994468 0.063004599)
(-0.0010044877 0.009999586 0.063002303)
(0.001004542 0.0099993228 0.063002273)
(0.0030179748 0.0099982165 0.063004415)
(0.0050410194 0.0099957545 0.063012314)
(0.0070452134 0.0099947534 0.063041144)
(0.0089999307 0.0099978961 0.063068941)
(-0.0087814275 0.011951554 0.0630786)
(-0.0070650733 0.012035565 0.063057438)
(-0.0050589541 0.012033847 0.063017772)
(-0.0030264076 0.012019651 0.063006392)
(-0.0010069246 0.012011051 0.063003349)
(0.0010064204 0.012010628 0.063003341)
(0.0030260286 0.012017801 0.06300637)
(0.0050603487 0.012028934 0.06301774)
(0.0070679179 0.01203031 0.063058381)
(0.0087857649 0.011932952 0.063078101)
(-0.0070998841 0.014063197 0.063093542)
(-0.0051032985 0.014088498 0.063037793)
(-0.0030502811 0.014055238 0.063014825)
(-0.0010137587 0.014031843 0.063008268)
(0.0010120254 0.014031113 0.063008272)
(0.0030473252 0.014052604 0.063014882)
(0.0051027245 0.01408202 0.063038371)
(0.0071026275 0.014061225 0.063090764)
(-0.0068498153 0.015832663 0.063091069)
(-0.0051282031 0.016147019 0.063083496)
(-0.003073308 0.016102689 0.06304602)
(-0.0010206846 0.01605684 0.063026173)
(0.0010182622 0.016055742 0.063026147)
(0.0030671758 0.016100696 0.063044704)
(0.005122389 0.016146742 0.063090467)
(0.0068628049 0.015816835 0.063093883)
(-0.0047186238 0.01765828 0.063095632)
(-0.003313829 0.018363966 0.063103926)
(-0.0010082163 0.018000948 0.063075416)
(0.0010101447 0.017999798 0.063077997)
(0.0033070563 0.018366515 0.063088738)
(0.0047491356 0.017639307 0.063103427)
(-0.0030746361 0.0038585256 0.064999998)
(-0.0010173553 0.0039278633 0.064999998)
(0.0010169687 0.0039260255 0.064999998)
(0.0030749271 0.0038643787 0.064999998)
(-0.0051088475 0.0058973561 0.064999998)
(-0.0030307337 0.0059572279 0.064999998)
(-0.0010056274 0.0059835887 0.064999998)
(0.001005711 0.0059834365 0.064999998)
(0.0030332194 0.0059568035 0.064999998)
(0.0051171019 0.0058895557 0.064999998)
(-0.007136648 0.0079358771 0.064999998)
(-0.0050489053 0.0079695661 0.064999998)
(-0.0030098304 0.007991157 0.064999998)
(-0.0010012024 0.007997821 0.064999998)
(0.0010012852 0.0079977475 0.064999998)
(0.0030106351 0.0079905685 0.064999998)
(0.0050520587 0.0079655955 0.064999998)
(0.0071444949 0.0079197402 0.064999998)
(-0.0071025253 0.0099994675 0.064999998)
(-0.0050299239 0.0099998041 0.064999998)
(-0.0030047205 0.0099999388 0.064999998)
(-0.0010003965 0.009999986 0.064999998)
(0.0010004005 0.0099999484 0.064999998)
(0.0030047635 0.0099995368 0.064999998)
(0.0050301222 0.0099973065 0.064999998)
(0.0070993083 0.0099924498 0.064999998)
(-0.0071349528 0.012061898 0.064999998)
(-0.0050500057 0.012028318 0.064999998)
(-0.0030108661 0.012008292 0.064999998)
(-0.0010014221 0.012002048 0.064999998)
(0.0010013133 0.012001905 0.064999998)
(0.003010726 0.012007272 0.064999998)
(0.0050523125 0.012023238 0.064999998)
(0.0071460682 0.012047226 0.064999998)
(-0.0051184572 0.014094785 0.064999998)
(-0.0030374455 0.014041607 0.064999998)
(-0.0010070508 0.014015762 0.064999998)
(0.0010061041 0.014015049 0.064999998)
(0.0030336937 0.014037484 0.064999998)
(0.0051151269 0.014084146 0.064999998)
(-0.0030939049 0.016134561 0.064999998)
(-0.0010219496 0.016070047 0.064999998)
(0.0010191189 0.016068756 0.064999998)
(0.0030817376 0.016126836 0.064999998)
(-0.0026948492 0.0013944599 5.333595e-46)
(-0.0040255103 0.0019496635 2.9071409e-45)
(-0.00098936321 0.0010361685 1.602533e-45)
(-0.0020003781 0.0020247698 -1.4707216e-42)
(-0.0018966956 0.0012057817 0.00099579037)
(0.00098936321 0.0010361685 9.5169678e-46)
(1.8876808e-07 0.002009809 -1.3439504e-42)
(-6.9080472e-07 0.0010000227 0.0010004786)
(0.0026948492 0.0013944599 1.6039187e-46)
(0.0020021348 0.0020250947 -3.3405532e-43)
(0.0019281467 0.0012131151 0.0010070167)
(0.0040255103 0.0019496635 2.3435956e-45)
(-0.0052736349 0.0026922123 -8.0352346e-42)
(-0.0063644559 0.0036388968 8.978593e-40)
(-0.0058431333 0.0031587771 0.0009782956)
(-0.003039699 0.0029173789 -1.9689274e-41)
(-0.004074868 0.0039085114 9.4989822e-39)
(-0.0040555439 0.0029215146 0.00099664111)
(-0.0010054956 0.0030025046 2.9824177e-39)
(-0.0020197502 0.0029715864 0.00099857604)
(0.001005739 0.0030022715 1.9819571e-39)
(2.1804718e-08 0.0030061543 0.0009999077)
(0.0030396116 0.0029170718 -1.0770068e-41)
(0.0020192413 0.0029705664 0.0010013953)
(0.0052736349 0.0026922123 -1.0373051e-41)
(0.0040736196 0.0039071134 9.8071936e-39)
(0.0040570676 0.0029229456 0.00099929151)
(0.0063647386 0.0036397462 1.5209353e-39)
(0.0058375027 0.0031541562 0.0010000963)
(-0.0073009009 0.004723039 1.5037655e-39)
(-0.0080473657 0.0059747095 -5.3606064e-40)
(-0.0076464476 0.0052623485 0.00099279353)
(-0.0051068208 0.0048944932 -2.4684841e-36)
(-0.0060928046 0.0059279008 -1.5542664e-36)
(-0.0061323064 0.0048886053 0.00097549114)
(-0.004084411 0.0049104302 0.00099252816)
(0.0051046795 0.0048920546 -3.4822994e-36)
(0.0040803718 0.0049061293 0.00099896361)
(0.0073009009 0.004723039 2.6914072e-39)
(0.0060915568 0.0059264936 -2.8031745e-36)
(0.0061246932 0.0048801247 0.00099994316)
(0.0080473657 0.0059747095 -1.819708e-41)
(0.0076586215 0.0052819258 0.0010044703)
(-0.0085979867 0.007310241 -1.719916e-39)
(-0.0070826202 0.006955237 6.4406268e-36)
(-0.0079798361 0.0079945564 7.7659279e-36)
(-0.0083616502 0.0066800196 0.00091897987)
(-0.0060386131 0.0079725355 -6.1496737e-33)
(-0.0060763301 0.0069493965 0.0009627183)
(0.0070829431 0.0069559783 2.6935811e-37)
(0.0060381747 0.007969755 -8.2890538e-34)
(0.0060751368 0.0069469902 0.00097500719)
(0.0085979864 0.0073102411 -2.7680935e-40)
(0.00798036 0.0079938593 1.079865e-36)
(0.0083751903 0.0067159947 0.00095834464)
(-0.0089521017 0.0090108434 -2.5330306e-37)
(-0.006999513 0.0089943345 -6.3692709e-33)
(-0.0079873273 0.010003263 5.7682345e-34)
(-0.0079692057 0.0090052201 0.00070605392)
(-0.0060081921 0.010002904 2.8223048e-30)
(-0.006015184 0.0089909514 0.00091307027)
(0.0069995602 0.0089909049 -1.4723291e-33)
(0.0060083885 0.0099990877 1.012528e-30)
(0.0060146432 0.0089855645 0.00092169575)
(0.0089521234 0.0090108368 -8.1426667e-39)
(0.0079876668 0.0099994096 5.4344089e-36)
(0.0079691555 0.0089978769 0.00073993552)
(-0.0089414472 0.010987475 -1.0034641e-33)
(-0.0069967724 0.011009737 -1.3711458e-30)
(-0.0079726703 0.01200332 4.1094497e-31)
(-0.0079670336 0.01100651 0.00074102375)
(-0.0060367826 0.012029161 2.1006906e-27)
(-0.0060139667 0.011015256 0.00089966142)
(0.0069969793 0.011008021 8.9966754e-32)
(0.0060370696 0.012029486 8.1530099e-28)
(0.006014421 0.011012413 0.00089135699)
(0.0089414538 0.010987408 2.2966429e-34)
(0.007972413 0.012004654 5.9798408e-31)
(0.0079676393 0.011001871 0.00072754843)
(-0.0086055378 0.01269485 -3.2944419e-28)
(-0.0070809681 0.013042312 -1.3482601e-26)
(-0.0080503363 0.01402551 -2.7376873e-25)
(-0.0083658314 0.013308871 0.00028665751)
(-0.0060945704 0.014070622 -1.5497994e-23)
(-0.0060756747 0.013051414 0.00087325024)
(0.0070805793 0.013044932 -1.0316273e-26)
(0.006095275 0.014071139 -3.3330035e-23)
(0.0060760489 0.013054062 0.00083678749)
(0.0086055151 0.012694853 -1.6027463e-26)
(0.0080502809 0.014025485 5.8344019e-24)
(0.008356569 0.013333481 0.00011565176)
(-0.0073077878 0.015273635 -1.1676182e-20)
(-0.0076672524 0.014704194 0.00091783383)
(-0.0051063289 0.015105138 1.1131676e-21)
(-0.0063672947 0.016357286 2.6782041e-20)
(-0.0061315668 0.015110918 0.00098156735)
(-0.0040730056 0.016091843 4.3310203e-19)
(-0.004079911 0.015092904 0.0009958344)
(0.0051092155 0.015102776 5.5953371e-22)
(0.0040755456 0.016090094 3.1298552e-19)
(0.004084378 0.01508943 0.00099501105)
(0.0073077773 0.015273629 -3.1484253e-20)
(0.0063672946 0.016357286 1.5730132e-20)
(0.0061374056 0.015106134 0.00097375035)
(0.0076556817 0.014722802 0.00089179018)
(-0.0052769612 0.017300901 1.420282e-16)
(-0.005834193 0.016848559 0.0010011439)
(-0.0030400748 0.017085431 1.9476992e-16)
(-0.0040252905 0.018047366 6.0422637e-15)
(-0.0040496822 0.017081986 0.00099916958)
(-0.0010044492 0.016995452 1.6687708e-17)
(-0.0020005323 0.017973042 9.4441187e-15)
(-0.0020163417 0.017030081 0.00099947543)
(0.0010067758 0.016995029 1.3516379e-17)
(6.7538172e-07 0.017987982 9.8213143e-16)
(1.6788002e-06 0.016993012 0.00099987286)
(0.0030423884 0.017084521 1.5651571e-16)
(0.0020017105 0.017972667 9.2572075e-15)
(0.0020211043 0.01702832 0.00099986889)
(0.0052769612 0.017300901 1.072192e-16)
(0.0040252905 0.018047366 5.8791431e-15)
(0.0040507848 0.017081586 0.0010012452)
(0.0058350414 0.016847863 0.0010004843)
(-0.002689759 0.018597986 5.5698822e-12)
(-0.00098935034 0.01895211 4.9221126e-13)
(-0.0019138143 0.018790227 0.0010032956)
(0.00098935034 0.01895211 5.6509208e-13)
(2.9300627e-06 0.018999903 0.0010008383)
(0.002689759 0.018597986 5.9456693e-12)
(0.0019140874 0.018790163 0.00099882153)
(-0.002748295 0.0014337466 0.0020053885)
(-0.0040219171 0.0019502306 0.0019990572)
(-0.00098527009 0.0010583355 0.0019998102)
(-0.0020223531 0.0020318343 0.0019977584)
(-0.0019086503 0.0012085692 0.0029978397)
(0.00099131374 0.0010589307 0.0019998481)
(1.4599028e-06 0.002013759 0.0019998241)
(3.7109723e-06 0.0010001215 0.0029986916)
(0.0026949335 0.0014175596 0.0019983438)
(0.0019965253 0.0020213618 0.0020017949)
(0.0019345747 0.0012146139 0.0030005927)
(0.0040356983 0.0019575968 0.0020018067)
(-0.0052672211 0.0027081667 0.0019930192)
(-0.0063604738 0.0036327728 0.0019798767)
(-0.0058521753 0.0031661977 0.0029897906)
(-0.0030675022 0.0029133387 0.0019962525)
(-0.0040825148 0.0039063488 0.0019922072)
(-0.0040504339 0.002916552 0.0029970983)
(-0.0010088322 0.0030068586 0.0019990953)
(-0.0020271724 0.0029726743 0.0029987181)
(0.0010054223 0.0030048773 0.0020002965)
(8.3015276e-07 0.0030080008 0.0029996023)
(0.0030298525 0.0028990241 0.0020018763)
(0.0020220151 0.0029695703 0.0030005541)
(0.0052758004 0.0027143146 0.0020005751)
(0.0040767686 0.0039012896 0.0019990421)
(0.0040516976 0.0029167404 0.0029985986)
(0.0063476026 0.0036207176 0.0019987017)
(0.0058521886 0.0031662086 0.0029992833)
(-0.0072858131 0.0047243779 0.0019876772)
(-0.0080408782 0.0059614489 0.0019781775)
(-0.0076556503 0.0052771477 0.0029950375)
(-0.005116001 0.0048906526 0.0019866179)
(-0.00609852 0.0059246205 0.0019762694)
(-0.0061469052 0.004899502 0.0029879718)
(-0.004089206 0.0049113292 0.002992509)
(0.0051078644 0.0048822204 0.0019978346)
(0.0040785741 0.0049002163 0.0029972184)
(0.0072937249 0.0047354187 0.0019985019)
(0.0060947868 0.0059196817 0.0019875831)
(0.0061228816 0.0048746699 0.0029965355)
(0.0080528172 0.0059837851 0.0019855212)
(0.007684999 0.0053243442 0.0029968323)
(-0.0085709751 0.0072672709 0.0018603767)
(-0.0070991498 0.0069702837 0.0019439751)
(-0.0079778737 0.0080017279 0.0018143806)
(-0.0083768865 0.0067205015 0.0029648812)
(-0.0060419979 0.0079766027 0.0019219772)
(-0.0060822854 0.006957511 0.002962457)
(0.0070890389 0.006942423 0.0019630202)
(0.0060385721 0.0079664527 0.0019358563)
(0.0060759403 0.0069441308 0.0029700408)
(0.0085851906 0.0073141331 0.0019013778)
(0.0079715597 0.0079865644 0.0018576829)
(0.0083740577 0.0067129856 0.0029638436)
(-0.0089415421 0.0090134884 0.0016928844)
(-0.0069989676 0.0089974332 0.0018393924)
(-0.0079860881 0.010007743 0.0016934801)
(-0.0079691679 0.0090034837 0.0028552942)
(-0.0060080814 0.010004338 0.0018741293)
(-0.0060163394 0.0089933567 0.0029106398)
(0.0069972691 0.0089896034 0.0018563702)
(0.006007843 0.00999833 0.0018761269)
(0.0060141698 0.0089849077 0.0029176505)
(0.0089414235 0.0090122843 0.0017306414)
(0.0079863182 0.0099999128 0.0017041345)
(0.0079678258 0.0089991813 0.0028714438)
(-0.0089405931 0.010996146 0.0017548658)
(-0.0069974342 0.011011627 0.0018305997)
(-0.0079744713 0.012008049 0.0017931946)
(-0.0079679826 0.011003448 0.0028630334)
(-0.0060397126 0.012030217 0.0018776145)
(-0.0060147054 0.011015519 0.0028988303)
(0.0069981991 0.011006993 0.0018199235)
(0.0060410896 0.012027177 0.0018537006)
(0.0060156425 0.011010088 0.0028913638)
(0.0089412164 0.010989818 0.0017532482)
(0.0079754263 0.012004824 0.0017529358)
(0.0079690109 0.011000081 0.0028583389)
(-0.0085926705 0.012661209 0.0017848834)
(-0.007095578 0.013040223 0.0018049832)
(-0.0080482565 0.014024747 0.001841934)
(-0.0083777545 0.013277192 0.0028860777)
(-0.0060979035 0.014075752 0.0019300973)
(-0.0060780744 0.013051464 0.0029184083)
(0.007096479 0.013039081 0.0017456435)
(0.006100693 0.014074072 0.0019093247)
(0.0060822836 0.013042805 0.0028956212)
(0.0085694289 0.012737826 0.0017595842)
(0.0080456371 0.014029648 0.0017934382)
(0.0084000434 0.013217972 0.0028357695)
(-0.0072969612 0.015260065 0.0019749971)
(-0.0076765659 0.014689217 0.0029581586)
(-0.0051107469 0.015114162 0.0019892177)
(-0.0063620983 0.016365706 0.0019896024)
(-0.0061206649 0.015125902 0.0029852626)
(-0.0040773626 0.016097752 0.001996673)
(-0.0040812151 0.015097061 0.0029939665)
(0.0051184398 0.015106715 0.0019871683)
(0.0040814164 0.016093853 0.0019972757)
(0.0040848567 0.015093177 0.0029921597)
(0.0072826147 0.015280086 0.0019658212)
(0.0063932444 0.016332696 0.0019983309)
(0.0061381635 0.015108603 0.0029779727)
(0.0076416176 0.014745419 0.0029538519)
(-0.005276013 0.017285533 0.0020005354)
(-0.0058464339 0.016838513 0.0029984457)
(-0.0030410582 0.017096888 0.0019985328)
(-0.0040245124 0.018048382 0.0019990658)
(-0.0040543834 0.017081083 0.0030000326)
(-0.0010048598 0.016994397 0.0019993552)
(-0.0020077713 0.017974744 0.0019981853)
(-0.0020223443 0.017029866 0.0029991738)
(0.0010086819 0.016993773 0.0019999577)
(1.9898564e-06 0.01798617 0.0019997448)
(1.2650704e-06 0.016992209 0.0029996144)
(0.0030553165 0.017091701 0.0020019774)
(0.0020111123 0.017972264 0.0020011692)
(0.0020215218 0.017030454 0.0030000084)
(0.0052653164 0.017293198 0.0020035829)
(0.0040179456 0.018051892 0.0019985446)
(0.0040530961 0.017082128 0.0030011796)
(0.0058521483 0.016833824 0.0030000424)
(-0.0027121989 0.018577202 0.0020060037)
(-0.00098322255 0.018941866 0.0019998217)
(-0.0019179895 0.018789253 0.0030012077)
(0.00099117347 0.018941083 0.0019998076)
(3.6119198e-06 0.018999881 0.0030003953)
(0.0027238616 0.018573665 0.0020006776)
(0.0019331321 0.018785722 0.0029996306)
(-0.0027565793 0.0014362597 0.0039899983)
(-0.0040261398 0.0019524877 0.0039983139)
(-0.00098625128 0.0010584321 0.0039999456)
(-0.0020033822 0.0020232753 0.0039996556)
(-0.0019312218 0.0012138321 0.004998575)
(0.00099002751 0.0010588041 0.0040001216)
(2.5814447e-06 0.0020141992 0.0040002591)
(-3.8004319e-07 0.0010000125 0.0049989559)
(0.0027478044 0.0014335978 0.0039949174)
(0.0020117152 0.0020265897 0.0039983091)
(0.0019447237 0.0012169803 0.0050007384)
(0.0040346417 0.0019570321 0.0039978425)
(-0.0052784413 0.002716207 0.0039993834)
(-0.0063799006 0.0036530575 0.0039954765)
(-0.0058300063 0.0031480041 0.0049975287)
(-0.0030349701 0.0029005639 0.0039979283)
(-0.0040828282 0.0039067136 0.0039963281)
(-0.0040503438 0.0029168402 0.0049987933)
(-0.001005584 0.003006257 0.0039994826)
(-0.0020232466 0.002970662 0.0049992382)
(0.0010092498 0.0030065522 0.003999799)
(1.8382156e-06 0.0030085253 0.004999797)
(0.0030460545 0.0029037228 0.0039987705)
(0.0020307062 0.0029726031 0.0050002011)
(0.0052603431 0.0027032381 0.0040020505)
(0.0040725946 0.0038955285 0.0039977467)
(0.0040550696 0.0029185878 0.0049986389)
(0.0063079046 0.0035835364 0.0039913115)
(0.0058451121 0.0031604011 0.0050002583)
(-0.0072807011 0.004717244 0.0040012165)
(-0.0080432641 0.0059659125 0.0039937781)
(-0.0076725709 0.0053043581 0.0049971504)
(-0.0051192107 0.0048924013 0.0039947913)
(-0.0061004733 0.005926485 0.0039886462)
(-0.0061309537 0.0048836777 0.0049982133)
(-0.0040854804 0.0049073459 0.0049968093)
(0.0050996039 0.0048733284 0.0039967007)
(0.0040795867 0.0048997229 0.0049970977)
(0.0072930546 0.0047344833 0.0040045764)
(0.0060916124 0.0059157815 0.0039916147)
(0.0061236435 0.0048776551 0.004997416)
(0.0080460004 0.0059710318 0.0039936772)
(0.0076526106 0.0052722594 0.0050018244)
(-0.0085906659 0.0073321827 0.0039730636)
(-0.0071046613 0.0069837242 0.0039794593)
(-0.0079834346 0.0080196132 0.003952188)
(-0.0083766056 0.0067197552 0.0049945905)
(-0.0060439713 0.0079809899 0.003956897)
(-0.0060812901 0.0069559918 0.0049850694)
(0.0070937027 0.0069537969 0.0039819537)
(0.0060388281 0.0079668074 0.0039620126)
(0.0060756245 0.0069425134 0.0049870085)
(0.0085749632 0.0072804179 0.0039732123)
(0.0079732709 0.0079897616 0.0039588096)
(0.0083639434 0.0066861123 0.0049913374)
(-0.0089410735 0.0090087309 0.0039357144)
(-0.0069998928 0.0089992084 0.0039327782)
(-0.0079865519 0.010004181 0.003921232)
(-0.007968953 0.0090025288 0.0049690084)
(-0.0060082677 0.010004461 0.0039310089)
(-0.0060159867 0.0089928164 0.0049640745)
(0.0069972531 0.0089902066 0.0039383875)
(0.0060077177 0.0099981181 0.0039317215)
(0.0060140406 0.0089845533 0.0049664111)
(0.0089415811 0.009013884 0.0039434229)
(0.00798618 0.0100006 0.0039249657)
(0.0079674769 0.0089979639 0.0049722199)
(-0.0089412021 0.010989963 0.0039440438)
(-0.0069975369 0.011011357 0.0039281928)
(-0.0079722251 0.012013687 0.0039445187)
(-0.00796797 0.011001876 0.0049698835)
(-0.006039524 0.012032202 0.0039400068)
(-0.006014358 0.011015497 0.0049605349)
(0.0069980487 0.011007493 0.0039243046)
(0.0060411301 0.012027393 0.0039300672)
(0.0060155392 0.01100968 0.0049581699)
(0.0089411807 0.010990181 0.0039446004)
(0.0079708328 0.012017241 0.0039360432)
(0.0079687872 0.010998568 0.004969043)
(-0.0085906749 0.012667788 0.0039586094)
(-0.0070921575 0.013050133 0.0039503689)
(-0.008042916 0.014034739 0.00396619)
(-0.0083783153 0.013275702 0.0049836548)
(-0.0060964122 0.014080085 0.0039724912)
(-0.0060767801 0.013053908 0.0049753244)
(0.0070912722 0.013052995 0.0039378533)
(0.0060979049 0.014077262 0.0039628898)
(0.006079845 0.013046626 0.0049694279)
(0.0085791492 0.012705783 0.0039529004)
(0.0080468401 0.014027397 0.0039544912)
(0.0083838356 0.013261035 0.0049791121)
(-0.0072934242 0.015265001 0.0039948369)
(-0.0076982263 0.014654384 0.0049803639)
(-0.0051119921 0.015115339 0.0039943906)
(-0.006375362 0.016351789 0.0039981755)
(-0.0061226468 0.015127416 0.0049961771)
(-0.0040790913 0.016097999 0.0039972973)
(-0.0040842632 0.015096331 0.0049969517)
(0.0051114264 0.015115295 0.0039915606)
(0.0040770699 0.016098926 0.0039967069)
(0.0040797897 0.015098961 0.0049959448)
(0.0072865862 0.015274544 0.003984456)
(0.0063672515 0.016360448 0.0039921064)
(0.0061198747 0.01512638 0.0049984366)
(0.0076507431 0.014730744 0.0049884264)
(-0.0052668434 0.017292104 0.0039951133)
(-0.0058321388 0.016850245 0.0049997188)
(-0.0030396023 0.017098285 0.0039999732)
(-0.0040165815 0.018052621 0.0039993803)
(-0.0040606739 0.017077892 0.0049993831)
(-0.0010073023 0.016993528 0.0039995121)
(-0.0020048632 0.017975853 0.0039989273)
(-0.0020350011 0.01702486 0.0050003268)
(0.0010069363 0.016994228 0.0039998625)
(1.0183315e-06 0.017985944 0.0039997126)
(2.461341e-07 0.016991408 0.0049996546)
(0.0030292362 0.017102324 0.0040001525)
(0.0020003214 0.017977938 0.0040017103)
(0.0020272001 0.017028763 0.0049996321)
(0.0052684348 0.017290964 0.004000174)
(0.0040304177 0.018045226 0.0039983034)
(0.0040487134 0.017085176 0.0049966691)
(0.0058482435 0.016837028 0.0050003364)
(-0.0027349151 0.018570311 0.0040034972)
(-0.00098787807 0.018941407 0.003999717)
(-0.0019353369 0.018785208 0.0050007166)
(0.0009911965 0.01894108 0.0039997534)
(2.3374489e-06 0.018999923 0.0050004784)
(0.0027126236 0.018577074 0.003995075)
(0.0019537537 0.018780914 0.0049980363)
(-0.0027192235 0.0014249279 0.0060074497)
(-0.00403123 0.0019552085 0.0059981321)
(-0.00098692188 0.0010584982 0.0059998409)
(-0.0020037977 0.0020240814 0.006000079)
(-0.0019289794 0.0012133092 0.0070002813)
(0.00098527447 0.0010583359 0.0060007048)
(8.974488e-07 0.002014397 0.0060001056)
(-1.1498685e-06 0.0010000377 0.0070005559)
(0.0027474324 0.001433485 0.0059948098)
(0.0020139797 0.0020280784 0.006003504)
(0.001914187 0.0012098601 0.0069998401)
(0.004023968 0.0019513268 0.0060014924)
(-0.0052707851 0.0027107207 0.0060002655)
(-0.0064218375 0.0036978331 0.005997476)
(-0.0058514584 0.0031656094 0.0069964921)
(-0.0030381723 0.0029013964 0.006000331)
(-0.0040809865 0.00390493 0.005998384)
(-0.0040494192 0.002914877 0.00699696)
(-0.001005998 0.0030064644 0.00599979)
(-0.0020268958 0.0029719817 0.006999125)
(0.0010102706 0.0030076836 0.0060006806)
(6.8738994e-07 0.0030090357 0.0070001191)
(0.0030573106 0.0029078346 0.0060044462)
(0.0020323697 0.002974208 0.0070007221)
(0.005250545 0.0026962169 0.0059958356)
(0.0040758838 0.00389795 0.0059983722)
(0.0040585875 0.0029208582 0.0069997469)
(0.0063276921 0.0036020694 0.0059985126)
(0.0058403677 0.0031565075 0.0069976988)
(-0.0072970816 0.0047401031 0.0059975039)
(-0.008044202 0.0059676673 0.0059965974)
(-0.0076639168 0.0052904413 0.0070035501)
(-0.0051180643 0.0048919217 0.0059981913)
(-0.0061009673 0.0059275197 0.0059955795)
(-0.0061090246 0.004862193 0.0070013504)
(-0.0040787446 0.0049001094 0.006998478)
(0.0051040009 0.0048767748 0.0059970156)
(0.0040858235 0.0049050313 0.0069981461)
(0.0072777753 0.0047131612 0.005996)
(0.0060924999 0.0059155536 0.0059962413)
(0.0061357459 0.00488817 0.0069961585)
(0.008048481 0.0059756726 0.0060017475)
(0.0076661736 0.0052940705 0.0070071906)
(-0.0085709347 0.0072671378 0.0059923415)
(-0.0070978552 0.00696485 0.0059927988)
(-0.0079757965 0.00799709 0.0059903481)
(-0.008373373 0.0067111663 0.0069960222)
(-0.006041782 0.0079760983 0.0059850018)
(-0.0060776896 0.0069506634 0.0069946263)
(0.0070910796 0.0069471945 0.0059944182)
(0.0060389752 0.007966821 0.0059870897)
(0.006077923 0.0069467801 0.0069970292)
(0.0085769444 0.007286949 0.0059975614)
(0.0079725657 0.0079881271 0.0059920388)
(0.0083694058 0.0067006258 0.0070126136)
(-0.0089413798 0.0090118408 0.005992261)
(-0.0069985182 0.008995664 0.0059820735)
(-0.0079863153 0.010001803 0.0059865301)
(-0.0079683612 0.0090011167 0.0069946407)
(-0.0060076007 0.010003196 0.0059774756)
(-0.0060148267 0.0089908732 0.0069891254)
(0.0069972263 0.0089901158 0.0059838257)
(0.0060079488 0.0099979575 0.005977919)
(0.0060146919 0.0089865243 0.0069905279)
(0.0089415852 0.0090139264 0.0059937032)
(0.007986397 0.010000338 0.0059871334)
(0.0079680202 0.0090005496 0.0069961451)
(-0.0089413613 0.010988347 0.0059938859)
(-0.0069973904 0.011010012 0.0059818647)
(-0.0079743909 0.012009903 0.0059924107)
(-0.0079678497 0.011000046 0.0069954975)
(-0.0060392564 0.012031943 0.0059830013)
(-0.0060137425 0.01101551 0.0069892512)
(0.0069990445 0.01100469 0.0059810833)
(0.0060424358 0.012023708 0.0059803888)
(0.0060156946 0.011010055 0.0069888617)
(0.0089413733 0.010988226 0.0059941775)
(0.0079777363 0.011999598 0.0059908028)
(0.0079689831 0.010998098 0.0069955739)
(-0.0085844838 0.012688197 0.0059835918)
(-0.007095234 0.013040811 0.0059943989)
(-0.0080434901 0.014033665 0.0059986217)
(-0.0083710151 0.013295099 0.0070012137)
(-0.0060918797 0.014085158 0.0059954487)
(-0.0060758699 0.013056221 0.006995625)
(0.0071007813 0.013027561 0.0059917371)
(0.0060970822 0.014076701 0.0059916673)
(0.00608139 0.013044246 0.0069933809)
(0.0085617442 0.012763159 0.0059883683)
(0.0080414079 0.01403756 0.0059945932)
(0.0083862611 0.013254591 0.0069993164)
(-0.0072816741 0.015281398 0.0059982415)
(-0.0076560702 0.014722177 0.0069980601)
(-0.0051068162 0.015121352 0.0060005529)
(-0.0063439793 0.016382676 0.0060174068)
(-0.0061155945 0.015132267 0.0069996523)
(-0.0040796218 0.016099019 0.0059999124)
(-0.0040821036 0.015097949 0.0069982422)
(0.005108434 0.01511802 0.0059967401)
(0.0040774193 0.016099638 0.0059981768)
(0.0040823297 0.015096252 0.0069981759)
(0.0072926617 0.015266065 0.0060050513)
(0.0063470178 0.016379831 0.0059887591)
(0.0061354399 0.015110524 0.006997248)
(0.0076335993 0.014758313 0.0070054674)
(-0.0052731372 0.017287594 0.0060006932)
(-0.0058424451 0.016841787 0.0070039982)
(-0.003053627 0.017092837 0.006000412)
(-0.0040284971 0.018046252 0.0060023826)
(-0.0040540383 0.017081446 0.0069972041)
(-0.0010087594 0.016992745 0.0059996774)
(-0.0020083714 0.017973253 0.0060016339)
(-0.0020256749 0.017028556 0.0069984643)
(0.0010086514 0.016993456 0.0060001306)
(9.2935414e-07 0.017985638 0.0059991689)
(2.5355988e-08 0.016991592 0.0069992733)
(0.0030447729 0.017096317 0.0060031333)
(0.0020126097 0.017973632 0.0060025925)
(0.002021582 0.017030417 0.0070010627)
(0.0052738657 0.017287072 0.0059995887)
(0.0040353074 0.018042612 0.0060000957)
(0.0040547724 0.017080707 0.0070002729)
(0.0058459911 0.016838877 0.007000405)
(-0.002690532 0.018583775 0.0060005555)
(-0.00098668124 0.018941525 0.0060000221)
(-0.0019314703 0.01878611 0.006995812)
(0.00099287651 0.018940915 0.0059998459)
(3.0754091e-06 0.018999899 0.0069977508)
(0.0027171367 0.018575704 0.0060008911)
(0.0019188362 0.018789056 0.0069996558)
(-0.0026824855 0.0014137835 0.0080012936)
(-0.0040170408 0.0019476242 0.0079995591)
(-0.00098598405 0.0010584058 0.0079999706)
(-0.0020103111 0.002026647 0.0079983335)
(-0.0019242529 0.0012122072 0.0090005471)
(0.00098466512 0.0010582759 0.0080005488)
(7.2873598e-07 0.0020146434 0.0080008531)
(-3.5458508e-06 0.0010001161 0.0089997316)
(0.0026987617 0.0014187209 0.0079999636)
(0.0020141691 0.0020283211 0.0080016444)
(0.0019072913 0.0012082523 0.0090047671)
(0.0040311501 0.0019551658 0.0079991389)
(-0.0052756477 0.0027142052 0.0080001284)
(-0.00633145 0.0036055891 0.0080029964)
(-0.0058538593 0.0031675797 0.0090001719)
(-0.0030501257 0.0029055233 0.0079997078)
(-0.00407534 0.0038977321 0.0079994892)
(-0.0040562441 0.0029188957 0.0089996988)
(-0.0010091153 0.0030075855 0.007999704)
(-0.0020343052 0.0029747541 0.0089994103)
(0.0010092649 0.0030079144 0.0080004066)
(-1.5477323e-06 0.0030094575 0.0089999324)
(0.0030560596 0.0029082278 0.0080008479)
(0.002029213 0.0029731559 0.0090000313)
(0.005271532 0.0027112559 0.0080014617)
(0.0040828145 0.0039036893 0.0079995905)
(0.0040607469 0.0029223347 0.0089995846)
(0.0063606238 0.0036329133 0.0080009001)
(0.0058451069 0.0031603968 0.0089999558)
(-0.0072636656 0.0046934711 0.007997436)
(-0.0080549522 0.0059877795 0.0079997059)
(-0.0076613242 0.0052862721 0.0090049602)
(-0.0051006219 0.0048727349 0.0080001098)
(-0.006089136 0.0059138703 0.0079987583)
(-0.0061187931 0.0048688436 0.0090018905)
(-0.0040830124 0.0049024815 0.008999672)
(0.0051123255 0.0048843493 0.00799918)
(0.0040857827 0.0049053421 0.0089992437)
(0.0072819601 0.004719001 0.0080008487)
(0.0060967014 0.005921168 0.0079986198)
(0.0061210611 0.0048738972 0.0089996488)
(0.008051937 0.0059821383 0.00799961)
(0.0076535268 0.0052737327 0.0090102935)
(-0.0085763722 0.007285063 0.0080132178)
(-0.0070968643 0.0069647423 0.0079961766)
(-0.0079770939 0.0080004664 0.0079956555)
(-0.0083842919 0.0067401773 0.0089894833)
(-0.0060406055 0.0079747228 0.0079948503)
(-0.0060784413 0.006952332 0.0089973878)
(0.0071001062 0.0069709441 0.0079984076)
(0.0060410294 0.007972338 0.0079963335)
(0.0060776451 0.0069463665 0.0089979966)
(0.0085627745 0.0072402374 0.0080039739)
(0.0079792017 0.0080062775 0.0079971673)
(0.0083662058 0.0066921234 0.0089973295)
(-0.0089413207 0.0090112405 0.0079993661)
(-0.0069982081 0.0089955245 0.007995218)
(-0.0079861508 0.010000747 0.0079981846)
(-0.007968976 0.0090040461 0.0089978648)
(-0.0060071397 0.01000307 0.0079938589)
(-0.0060149222 0.0089911668 0.0089966105)
(0.0069982504 0.0089937582 0.0079963655)
(0.0060078376 0.010000094 0.0079943834)
(0.0060145659 0.0089878442 0.008997339)
(0.0089411169 0.0090091717 0.0080000219)
(0.0079863791 0.010001482 0.0079981653)
(0.0079682017 0.0090018934 0.0089989413)
(-0.0089416622 0.010985292 0.0079987597)
(-0.0069965751 0.011011214 0.0079960857)
(-0.0079706905 0.012016366 0.0079987878)
(-0.0079674951 0.011002172 0.0089989993)
(-0.0060383592 0.012034804 0.0079962812)
(-0.0060137404 0.0110162 0.0089972794)
(0.0069980143 0.011007916 0.0079964753)
(0.0060407236 0.012028336 0.0079959073)
(0.0060141768 0.011013863 0.0089975875)
(0.0089412542 0.010989435 0.0079995008)
(0.0079739814 0.012009934 0.0080011111)
(0.0079677171 0.011001583 0.0089997031)
(-0.0085604885 0.012767298 0.0079981239)
(-0.0070891972 0.013058726 0.0080002926)
(-0.0080409188 0.014038475 0.0079985426)
(-0.0083699745 0.013297863 0.0090003019)
(-0.0060967914 0.014080529 0.0080003263)
(-0.0060773246 0.013056695 0.0089992638)
(0.0070961709 0.013040648 0.008000176)
(0.0060963266 0.014077862 0.0079967202)
(0.0060762269 0.013055533 0.0089991083)
(0.008563753 0.012756537 0.0080009017)
(0.008046554 0.014027932 0.0079994696)
(0.0083712694 0.013294423 0.0090013274)
(-0.0072970724 0.01525991 0.0080041851)
(-0.0076501236 0.01473174 0.0089969431)
(-0.0051129375 0.015114484 0.0080007054)
(-0.0063656746 0.016362132 0.0080078514)
(-0.0061368508 0.015111112 0.0089993292)
(-0.0040803049 0.016097455 0.0079993368)
(-0.0040895666 0.015091009 0.0090000085)
(0.0051067654 0.015119527 0.0079979956)
(0.0040764699 0.01610056 0.007999628)
(0.0040779033 0.015100645 0.0090002108)
(0.007304868 0.015249031 0.0079931131)
(0.0063241134 0.016401283 0.0079912317)
(0.0061201302 0.01512786 0.009000724)
(0.0076633028 0.014710546 0.0089938141)
(-0.0052670719 0.01729194 0.0079985206)
(-0.0058471096 0.016837959 0.0089990617)
(-0.0030491277 0.017094703 0.007995762)
(-0.0040197557 0.018050925 0.0079994036)
(-0.0040549691 0.017081414 0.0090013103)
(-0.0010092539 0.016992643 0.0079989885)
(-0.0020132994 0.017972876 0.0079977263)
(-0.002034192 0.017024985 0.0089989099)
(0.0010074529 0.016993747 0.0079997035)
(-4.3314448e-07 0.017985639 0.007999323)
(-5.2752002e-07 0.016991133 0.0089992616)
(0.0030415048 0.017097504 0.0079997346)
(0.0020098659 0.017974548 0.0079999979)
(0.0020240981 0.017029808 0.008999876)
(0.0052836686 0.017280047 0.008002555)
(0.0040294291 0.018045754 0.0080009582)
(0.0040495758 0.017084635 0.0090001536)
(0.0058533932 0.016832802 0.0089986843)
(-0.0027026081 0.018580112 0.0079987898)
(-0.0009857914 0.018941613 0.0080001257)
(-0.0019341027 0.018785496 0.0089999445)
(0.00099007416 0.018941191 0.0079996035)
(1.3998575e-06 0.018999954 0.0089974678)
(0.0027603368 0.0185626 0.0080042625)
(0.0019343615 0.018785436 0.00900087)
(-0.0027208296 0.0014254151 0.0099992394)
(-0.0040338597 0.0019566141 0.010000909)
(-0.00098680554 0.0010584867 0.009999673)
(-0.0020365271 0.0020355154 0.0099994008)
(-0.0019112602 0.0012091777 0.010999558)
(0.0009837012 0.001058181 0.010000504)
(-1.3159457e-06 0.0020149185 0.010000244)
(-4.1317673e-06 0.0010001353 0.011001144)
(0.0027162431 0.0014240238 0.0099938291)
(0.0020118001 0.0020261147 0.0099989668)
(0.0019332171 0.0012142973 0.010999197)
(0.0040126155 0.0019452588 0.010002589)
(-0.0052405815 0.0026890771 0.0099972853)
(-0.0063695673 0.0036420247 0.010007294)
(-0.0058389823 0.0031553705 0.010999589)
(-0.0030747462 0.0029147927 0.0099983155)
(-0.0040824849 0.0039034227 0.0099995957)
(-0.0040614556 0.0029235424 0.010998381)
(-0.0010145873 0.0030093528 0.009999377)
(-0.0020372434 0.0029761404 0.010997132)
(0.0010073237 0.0030074934 0.0099996321)
(-2.4657439e-06 0.003009472 0.010999648)
(0.0030426832 0.0029031697 0.0099975665)
(0.0020296016 0.002973264 0.010998387)
(0.0052699188 0.0027100999 0.010000752)
(0.0040829719 0.003905676 0.0099990021)
(0.004057979 0.0029209484 0.01100052)
(0.0063880718 0.0036617818 0.0099821223)
(0.0058504377 0.0031647717 0.01100234)
(-0.0072901079 0.0047303712 0.010000058)
(-0.008046048 0.0059711208 0.010000226)
(-0.007638364 0.005249349 0.010998037)
(-0.0051137092 0.0048862442 0.010000668)
(-0.0060983177 0.0059234647 0.010000178)
(-0.0061449598 0.0048981799 0.010998619)
(-0.0040907557 0.0049099817 0.010999196)
(0.0051193159 0.004892534 0.0099977886)
(0.0040883725 0.0049093503 0.011000589)
(0.007301616 0.0047464308 0.0099990046)
(0.0061016583 0.0059258926 0.0099980046)
(0.0061441801 0.0048975225 0.01100226)
(0.0080477567 0.0059743175 0.0099987789)
(0.0076642152 0.0052909211 0.010986277)
(-0.0085646891 0.007246549 0.010011937)
(-0.0070965581 0.006961668 0.0099990187)
(-0.0079746228 0.0079921453 0.0099992881)
(-0.0083826438 0.0067357982 0.011015176)
(-0.0060413321 0.0079745143 0.0099987314)
(-0.0060813524 0.0069546104 0.011001068)
(0.0070889963 0.0069399842 0.0099986876)
(0.0060397592 0.0079688675 0.0099986985)
(0.0060801875 0.0069504616 0.010999971)
(0.008568845 0.0072602491 0.01000216)
(0.0079710364 0.0079868365 0.0099991405)
(0.0083875016 0.0067487051 0.011000458)
(-0.008941361 0.0090116495 0.0099989707)
(-0.0069981875 0.0089946905 0.0099986906)
(-0.0079861277 0.01000179 0.0099991931)
(-0.0079683903 0.0090003532 0.010999757)
(-0.0060074801 0.010002737 0.0099983489)
(-0.0060152846 0.00899017 0.010999529)
(0.0069971137 0.0089916855 0.0099989943)
(0.0060071605 0.010000934 0.0099986089)
(0.0060144538 0.0089874609 0.010999369)
(0.0089414467 0.0090125199 0.0099997644)
(0.007985902 0.010001854 0.0099996622)
(0.0079683294 0.0090009565 0.01099982)
(-0.0089413114 0.010988854 0.0099993432)
(-0.0069968557 0.011011351 0.0099991041)
(-0.0079704452 0.012015799 0.010000575)
(-0.0079680001 0.011000745 0.010999528)
(-0.0060393809 0.012033873 0.0099993058)
(-0.0060148073 0.011014104 0.010999304)
(0.0069967213 0.011011002 0.0099995032)
(0.0060385685 0.012033675 0.009999502)
(0.0060142217 0.01101369 0.0109992)
(0.0089411632 0.010990359 0.0099998611)
(0.0079697462 0.012018195 0.010002124)
(0.0079678332 0.011002396 0.010999847)
(-0.0085715081 0.012730972 0.0099982442)
(-0.0070888508 0.013060801 0.010001318)
(-0.0080495812 0.014022269 0.0099992388)
(-0.0083701687 0.013297347 0.010995975)
(-0.0061015232 0.014075507 0.010000176)
(-0.0060802851 0.013051523 0.010999778)
(0.0070876053 0.013062987 0.010001813)
(0.0060939304 0.014081898 0.010001005)
(0.0060779701 0.013051299 0.010999564)
(0.0085882009 0.012675943 0.010004118)
(0.0080529358 0.014015993 0.010001045)
(0.0083854149 0.013256839 0.01099638)
(-0.0072937027 0.015264613 0.010002535)
(-0.0076745139 0.014692517 0.011000556)
(-0.0051235909 0.015104527 0.010001027)
(-0.0063725761 0.016354763 0.0099968902)
(-0.0061504307 0.01509651 0.011002772)
(-0.0040913405 0.016089122 0.010001279)
(-0.004093919 0.015085994 0.011000421)
(0.005102318 0.015123834 0.010002363)
(0.0040718653 0.016104335 0.01000109)
(0.0040757098 0.015102449 0.011000929)
(0.0072963607 0.015260903 0.01000077)
(0.0063363681 0.016389805 0.010007231)
(0.0061181237 0.015127752 0.01100444)
(0.0076551782 0.014723611 0.010998274)
(-0.0052909407 0.017274836 0.010008424)
(-0.0058438544 0.01684063 0.010998393)
(-0.0030805906 0.017081753 0.010000872)
(-0.0040289958 0.018045986 0.010000381)
(-0.0040637497 0.017075364 0.011000096)
(-0.0010117752 0.016991075 0.0099995799)
(-0.0020301923 0.017965706 0.010000338)
(-0.0020309857 0.017025632 0.01099858)
(0.0010081212 0.016993539 0.009999559)
(1.5855168e-06 0.017985324 0.0099996733)
(1.3487996e-06 0.016991431 0.010999618)
(0.0030401887 0.017098708 0.0099984605)
(0.002008793 0.017974672 0.0099991471)
(0.0020260397 0.017029329 0.010999384)
(0.0052711702 0.017289003 0.010001773)
(0.0040216953 0.018049888 0.0099979282)
(0.0040451039 0.017088386 0.011000291)
(0.0058612826 0.016826327 0.01100065)
(-0.0027738383 0.018558504 0.010003555)
(-0.00098274967 0.018941912 0.010000258)
(-0.0019175774 0.018789349 0.010997354)
(0.00099088286 0.018941111 0.0099999906)
(3.829428e-06 0.018999874 0.01100073)
(0.0027044059 0.018579566 0.009997853)
(0.0019300141 0.018786449 0.010998608)
(-0.0027317474 0.001428727 0.012003545)
(-0.0040207877 0.001949627 0.01199896)
(-0.00098738581 0.0010585439 0.011999371)
(-0.0020098194 0.0020254075 0.011998034)
(-0.0019077167 0.0012083515 0.012997515)
(0.0009880107 0.0010586054 0.012000799)
(-1.1775982e-06 0.0020143647 0.011999933)
(-4.6734599e-06 0.001000153 0.013000882)
(0.0027145116 0.0014234986 0.01200575)
(0.0020026378 0.0020230987 0.012000376)
(0.001916265 0.0012103446 0.012997684)
(0.0040312829 0.0019552367 0.012001858)
(-0.0052608787 0.0027036219 0.012005427)
(-0.0063538378 0.0036265575 0.01200296)
(-0.005849604 0.0031640875 0.013001186)
(-0.0030406826 0.0029023135 0.011998136)
(-0.004081121 0.0039039073 0.01200015)
(-0.0040525343 0.0029175304 0.013000696)
(-0.0010100402 0.0030074673 0.011999154)
(-0.0020259816 0.002971657 0.012998899)
(0.0010054932 0.0030065244 0.011999799)
(-2.2834889e-06 0.003008712 0.012999927)
(0.0030326513 0.0028992025 0.011997989)
(0.0020208112 0.002969624 0.01300021)
(0.0052633387 0.0027053846 0.01200244)
(0.0040785961 0.0039029211 0.012002034)
(0.0040410805 0.0029098889 0.013000859)
(0.0063802737 0.0036534558 0.012017111)
(0.0058592719 0.0031720217 0.01300075)
(-0.0072881154 0.0047275908 0.011997093)
(-0.0080482004 0.0059751476 0.011997135)
(-0.0076688539 0.0052983807 0.012995551)
(-0.0051149724 0.0048881293 0.012000334)
(-0.0060992932 0.0059245267 0.011999907)
(-0.0061339413 0.0048857768 0.013001338)
(-0.0040853635 0.0049061057 0.012999575)
(0.0051149068 0.0048886225 0.012003896)
(0.0040796999 0.0049021749 0.013001167)
(0.0072904614 0.0047308645 0.012003073)
(0.0060991296 0.005922555 0.012002315)
(0.0061202838 0.0048724251 0.013001815)
(0.0080475941 0.0059740134 0.011999832)
(0.0076642404 0.0052909617 0.012998322)
(-0.0085672677 0.0072550494 0.011997277)
(-0.0070976775 0.0069639544 0.012000844)
(-0.007976361 0.0079984253 0.012000157)
(-0.0083722194 0.0067081013 0.013011242)
(-0.0060415201 0.0079738925 0.01200055)
(-0.0060791844 0.0069496403 0.013001676)
(0.0070899506 0.0069432871 0.012001069)
(0.0060394719 0.0079681753 0.012000284)
(0.0060765665 0.0069444332 0.013001141)
(0.008577758 0.0072896313 0.011997386)
(0.0079712881 0.0079858997 0.012000231)
(0.0083624331 0.0066820996 0.013002083)
(-0.0089420893 0.0090190444 0.011999159)
(-0.0069983344 0.0089947917 0.012000012)
(-0.007986438 0.010001976 0.011999542)
(-0.0079683701 0.0090018004 0.01300007)
(-0.0060080259 0.010001235 0.011999645)
(-0.0060149189 0.0089884389 0.013000194)
(0.0069971011 0.0089906386 0.01199992)
(0.0060073059 0.0099997512 0.011999501)
(0.0060143251 0.0089863564 0.013000075)
(0.0089414728 0.0090127844 0.011999816)
(0.0079861018 0.0099995721 0.01199975)
(0.00796757 0.0089977493 0.013000148)
(-0.0089410142 0.010991871 0.011998499)
(-0.0069983528 0.011008014 0.011999753)
(-0.0079763382 0.012003317 0.012001495)
(-0.0079685408 0.010999735 0.012999592)
(-0.0060419337 0.012027491 0.01199989)
(-0.0060154158 0.011011889 0.012999664)
(0.0069976629 0.01100789 0.011999182)
(0.0060402113 0.012029467 0.011998765)
(0.0060145593 0.011012267 0.012999243)
(0.0089414447 0.0109875 0.011999985)
(0.0079749506 0.012006313 0.011997882)
(0.0079680658 0.010999465 0.01299924)
(-0.0085622534 0.01276148 0.011987896)
(-0.0070987998 0.013034452 0.01200149)
(-0.0080481683 0.014024912 0.012000111)
(-0.0083801194 0.013270909 0.012996802)
(-0.0061029041 0.014071919 0.011999035)
(-0.0060811071 0.013046999 0.012999508)
(0.0070963019 0.013039808 0.011996618)
(0.0060980931 0.014076734 0.011999996)
(0.006077154 0.01305305 0.012998407)
(0.0085746014 0.012720775 0.011992462)
(0.0080521548 0.014017454 0.012000273)
(0.0083725957 0.013290899 0.012988643)
(-0.0072921782 0.01526674 0.012000954)
(-0.0076534003 0.01472647 0.012992039)
(-0.0051217438 0.015105115 0.011998398)
(-0.0063804256 0.016346382 0.011983229)
(-0.0061320555 0.015113688 0.012999468)
(-0.0040836166 0.016092381 0.011999636)
(-0.0040840715 0.015093217 0.012999929)
(0.0051077203 0.01511788 0.012000149)
(0.0040737217 0.016101971 0.01199962)
(0.0040772983 0.015101332 0.01299924)
(0.0072922752 0.015266605 0.011999649)
(0.0063925856 0.016333399 0.012001208)
(0.0061174332 0.015130175 0.012998168)
(0.0076652152 0.014707471 0.012994052)
(-0.005278931 0.017283442 0.01200225)
(-0.0058333804 0.016849226 0.013000397)
(-0.00302913 0.017101199 0.011999804)
(-0.0040141289 0.018053932 0.012000862)
(-0.0040532894 0.017079915 0.013002185)
(-0.0010023207 0.016994816 0.01199941)
(-0.0019938079 0.017979127 0.011998531)
(-0.0020057592 0.017035523 0.012998973)
(0.0010092414 0.016993827 0.011999552)
(3.7811889e-06 0.01798606 0.01199943)
(3.5370552e-06 0.016992955 0.01299963)
(0.0030469019 0.017096477 0.011998793)
(0.0020125133 0.01797302 0.011998872)
(0.0020208376 0.017030922 0.012999429)
(0.0052520678 0.017302692 0.011996299)
(0.0040287094 0.018046139 0.012000862)
(0.0040487986 0.017085158 0.012999462)
(0.0058506074 0.016835088 0.012999175)
(-0.002736779 0.018569746 0.012000201)
(-0.00098554015 0.018941638 0.012000338)
(-0.0019194705 0.018788908 0.012997724)
(0.00099180403 0.018941021 0.012000153)
(5.0503023e-06 0.018999834 0.013000233)
(0.0027237671 0.018573693 0.011995141)
(0.0018997246 0.018793512 0.013001298)
(-0.0027024505 0.0014198399 0.013995317)
(-0.0040352895 0.0019573783 0.013998572)
(-0.00098918652 0.0010587212 0.014000355)
(-0.0020194112 0.0020305579 0.014001082)
(-0.0019058104 0.001207907 0.01499658)
(0.00098319282 0.0010581309 0.014000916)
(-2.5358156e-06 0.002014581 0.014000214)
(-1.0277241e-06 0.0010000337 0.015001882)
(0.0027304237 0.0014283254 0.013995541)
(0.0020167065 0.0020289653 0.013999585)
(0.001904931 0.0012077019 0.015004996)
(0.0040345523 0.0019569843 0.01400098)
(-0.0052489944 0.0026951057 0.013999793)
(-0.0063504625 0.0036233962 0.013996187)
(-0.005849488 0.0031639923 0.015001349)
(-0.0030649993 0.0029108932 0.014000079)
(-0.004077196 0.0038997152 0.013998822)
(-0.0040500661 0.0029143978 0.014998592)
(-0.0010113853 0.003007976 0.013999825)
(-0.002032006 0.0029739638 0.014998607)
(0.0010068863 0.0030070321 0.014000084)
(-1.4636352e-06 0.0030090258 0.015000095)
(0.0030524371 0.0029060591 0.013999649)
(0.0020268137 0.0029722318 0.014999509)
(0.0052474855 0.0026940244 0.013997361)
(0.0040772452 0.0039013549 0.014000489)
(0.0040558407 0.0029193345 0.015000974)
(0.0063906415 0.0036645255 0.014000848)
(0.005833064 0.0031505134 0.01499652)
(-0.007291092 0.0047317446 0.013997671)
(-0.0080510065 0.0059803975 0.014001831)
(-0.0076536217 0.0052738854 0.015003023)
(-0.0051081643 0.0048819534 0.013998387)
(-0.006097584 0.0059223501 0.013999732)
(-0.0061248917 0.004879197 0.014996835)
(-0.0040815265 0.0049025883 0.014998314)
(0.0051109157 0.004884414 0.014001295)
(0.0040836309 0.0049049919 0.015001061)
(0.0072720426 0.0047051612 0.014003086)
(0.0060964252 0.0059202596 0.014001361)
(0.0061286132 0.0048788398 0.015002457)
(0.0080523858 0.005982978 0.013999353)
(0.0076500027 0.0052680656 0.015000315)
(-0.0085744493 0.0072787239 0.014000963)
(-0.0070931036 0.0069510624 0.01400108)
(-0.0079718466 0.0079848669 0.01400033)
(-0.0083759115 0.006717911 0.015000134)
(-0.0060399574 0.0079695239 0.014000359)
(-0.0060783418 0.0069473352 0.014999797)
(0.0070996178 0.006970699 0.014002178)
(0.0060410479 0.0079724481 0.014000651)
(0.0060794296 0.0069514734 0.015000725)
(0.0085766234 0.007285891 0.013995513)
(0.0079787418 0.0080044588 0.014000871)
(0.0083833672 0.0067377203 0.015000898)
(-0.0089417694 0.0090157966 0.013999392)
(-0.0069974408 0.008991514 0.013999971)
(-0.0079862217 0.0099992016 0.013999702)
(-0.0079677875 0.0089995345 0.014999448)
(-0.0060076172 0.0099998322 0.0139997)
(-0.0060142225 0.0089866813 0.014999656)
(0.0069983453 0.0089926115 0.014000265)
(0.0060078922 0.0099990609 0.013999828)
(0.0060152462 0.008987113 0.015000029)
(0.0089411654 0.0090096643 0.014000123)
(0.0079863837 0.0099980094 0.014000165)
(0.0079686113 0.0089991411 0.015000208)
(-0.0089411717 0.010990272 0.013999503)
(-0.006997981 0.011007343 0.013999603)
(-0.0079752754 0.012003325 0.014000375)
(-0.0079683588 0.010998867 0.014999167)
(-0.0060409587 0.01202828 0.013999528)
(-0.0060145456 0.011012521 0.01499931)
(0.0069979136 0.011006975 0.013999754)
(0.0060404677 0.012028859 0.013999437)
(0.0060158334 0.01100939 0.014999393)
(0.0089416335 0.010985583 0.013999901)
(0.0079718811 0.012012635 0.014001672)
(0.0079691766 0.010995568 0.014999632)
(-0.0085727531 0.012726868 0.014007257)
(-0.0070940707 0.013045773 0.014000526)
(-0.0080457888 0.014029364 0.013993995)
(-0.0083857532 0.01325594 0.014992026)
(-0.0060979537 0.014077588 0.013999125)
(-0.0060786312 0.013050439 0.014998862)
(0.0070915259 0.013052662 0.014002138)
(0.0060952554 0.014079498 0.013999179)
(0.0060819221 0.013042787 0.014998678)
(0.0085822031 0.012695715 0.013999929)
(0.0080495424 0.014022342 0.014002459)
(0.0083980772 0.013223196 0.014991369)
(-0.007282002 0.015280941 0.013999764)
(-0.0076587612 0.014717849 0.014995375)
(-0.0051125941 0.015114111 0.01399971)
(-0.0063798554 0.016346991 0.013996175)
(-0.0061190216 0.01512812 0.015001562)
(-0.0040783189 0.016097262 0.013999991)
(-0.0040789273 0.015098542 0.014999479)
(0.0051045741 0.015122078 0.013999259)
(0.0040729261 0.016102531 0.013999696)
(0.0040787832 0.015098737 0.015000304)
(0.0072941868 0.015263937 0.013994675)
(0.0063424776 0.016384083 0.013998915)
(0.006120207 0.015123789 0.015001176)
(0.0076611373 0.014714028 0.015005454)
(-0.0052737377 0.017287164 0.014003272)
(-0.0058489604 0.01683644 0.015002832)
(-0.0030320644 0.017100519 0.013998392)
(-0.0040385552 0.018040876 0.013999422)
(-0.0040494714 0.01708426 0.014998963)
(-0.0010016141 0.016995557 0.013999588)
(-0.0019982057 0.01797775 0.014000442)
(-0.002017788 0.017031392 0.014999503)
(0.0010049227 0.016995532 0.013999705)
(1.845847e-06 0.017986529 0.013999845)
(2.3183434e-06 0.016992596 0.014999724)
(0.0030181186 0.01710645 0.014000309)
(0.0019891537 0.017981671 0.013999906)
(0.0020205872 0.017031022 0.014999146)
(0.0052751208 0.017286173 0.013998953)
(0.0040350487 0.01804275 0.014001152)
(0.0040530906 0.017081973 0.015000228)
(0.0058486018 0.016836734 0.014999747)
(-0.0027528829 0.018564861 0.013999291)
(-0.0009869725 0.018941496 0.013999545)
(-0.0019209184 0.01878857 0.015002897)
(0.00098919193 0.018941278 0.014000159)
(6.2094485e-06 0.018999796 0.015000686)
(0.002730275 0.018571719 0.014008677)
(0.001917986 0.018789254 0.014998682)
(-0.0027051691 0.0014206646 0.016004414)
(-0.0040149488 0.001946506 0.01599952)
(-0.00098798578 0.001058603 0.016000096)
(-0.002006116 0.0020251497 0.015997673)
(-0.0018828827 0.001202561 0.016994365)
(0.00098832841 0.0010586367 0.016001153)
(-2.0470385e-07 0.0020144108 0.016000129)
(1.5463904e-06 0.0010000507 0.016997889)
(0.002704398 0.0014204306 0.015986215)
(0.0020168064 0.0020285014 0.016000934)
(0.0019160041 0.0012102838 0.017000018)
(0.0040123767 0.0019451312 0.016002054)
(-0.0052497007 0.0026956118 0.015998503)
(-0.006385189 0.0036587039 0.015999985)
(-0.0058546862 0.0031682583 0.016999095)
(-0.0030435251 0.0029026722 0.015996904)
(-0.0040769679 0.0039009817 0.015998934)
(-0.0040538862 0.0029172668 0.016999382)
(-0.0010086351 0.0030071385 0.015999165)
(-0.0020277936 0.0029727208 0.016997335)
(0.0010081762 0.0030069947 0.016000436)
(-8.0759301e-08 0.0030085197 0.016999715)
(0.003050904 0.0029056192 0.016001272)
(0.0020206664 0.0029693253 0.017001288)
(0.0052561604 0.0027002407 0.015993196)
(0.0040764185 0.0039006144 0.01600077)
(0.004046242 0.002913765 0.017001217)
(0.0063524444 0.0036252524 0.016008668)
(0.0058512306 0.0031654224 0.016992793)
(-0.0072821204 0.0047192247 0.015998679)
(-0.0080537099 0.0059854553 0.015998432)
(-0.0076446269 0.0052594207 0.016998221)
(-0.0051133024 0.0048872227 0.015999278)
(-0.006100132 0.0059239762 0.015999332)
(-0.0061439445 0.0048981431 0.017001783)
(-0.0040860077 0.0049071977 0.017000188)
(0.0051110594 0.0048847316 0.016001695)
(0.004083624 0.0049058229 0.017000879)
(0.0072878822 0.0047272653 0.015998981)
(0.0060976385 0.0059217791 0.016000813)
(0.0061425331 0.0048975173 0.017001964)
(0.0080449499 0.0059690664 0.015998887)
(0.0076697105 0.0052997582 0.017001019)
(-0.0085698018 0.0072634034 0.015997586)
(-0.0070880994 0.006937568 0.015999222)
(-0.007970808 0.0079854757 0.015999545)
(-0.0083712634 0.0067055612 0.016990231)
(-0.0060394389 0.0079678256 0.015999378)
(-0.0060801124 0.0069493041 0.016998749)
(0.0070946286 0.0069556832 0.016000281)
(0.0060406201 0.0079700476 0.015999896)
(0.0060794546 0.0069481978 0.016999167)
(0.0085638636 0.0072438276 0.015992798)
(0.0079735545 0.0079891204 0.015999776)
(0.0083717308 0.006706803 0.016992508)
(-0.0089416953 0.0090150435 0.015999232)
(-0.0069968795 0.0089907324 0.015999406)
(-0.0079859111 0.009999656 0.015999571)
(-0.0079679716 0.0090010014 0.016999236)
(-0.006007088 0.01000015 0.015999453)
(-0.0060145942 0.0089876758 0.016999385)
(0.0069978007 0.0089900595 0.015999832)
(0.0060081288 0.0099976406 0.015999582)
(0.0060146093 0.0089854096 0.0169995)
(0.0089412409 0.0090104305 0.01600035)
(0.0079863871 0.0099963068 0.015999995)
(0.0079673782 0.0089955675 0.016999569)
(-0.0089416211 0.01098571 0.015999686)
(-0.0069968301 0.011009708 0.015999217)
(-0.007970533 0.012017174 0.015997428)
(-0.0079672274 0.011001518 0.016999771)
(-0.0060389308 0.012032906 0.015999043)
(-0.0060139362 0.011014136 0.016999512)
(0.0069988949 0.011003652 0.015999297)
(0.0060429237 0.01202377 0.015998793)
(0.0060153286 0.011010202 0.016998928)
(0.0089417118 0.010984789 0.015999563)
(0.0079775895 0.011997482 0.015999928)
(0.0079684164 0.010996273 0.016999128)
(-0.0085740087 0.012722729 0.016002597)
(-0.0070894561 0.013058176 0.015998327)
(-0.0080480494 0.014025135 0.015997242)
(-0.0083601551 0.013323953 0.016997295)
(-0.0060964022 0.014080111 0.01599975)
(-0.0060764031 0.013056984 0.016999231)
(0.0070998618 0.013032504 0.01599879)
(0.0061055644 0.014066768 0.015999645)
(0.0060823001 0.013045105 0.01699769)
(0.0085586377 0.0127734 0.016006032)
(0.0080471266 0.014026861 0.016001281)
(0.008379334 0.013272996 0.016987254)
(-0.0072937375 0.015264564 0.016004727)
(-0.0077066124 0.014640898 0.017008735)
(-0.0051083524 0.015117999 0.015999035)
(-0.006359535 0.016368107 0.015997444)
(-0.0061297951 0.015118281 0.016996294)
(-0.0040748249 0.016100827 0.015998719)
(-0.0040818885 0.015095905 0.016998602)
(0.0051165553 0.015107694 0.016000904)
(0.0040766315 0.016098236 0.016000341)
(0.0040839739 0.01509373 0.017000407)
(0.0073037706 0.015250563 0.0159984)
(0.0064114598 0.016313247 0.016003762)
(0.0061424977 0.015101721 0.016999809)
(0.0076445692 0.014740672 0.016998691)
(-0.0052546199 0.017300863 0.015998898)
(-0.0058347054 0.016848139 0.016999891)
(-0.0030450617 0.017096346 0.015997806)
(-0.004027268 0.018046909 0.01599964)
(-0.0040544147 0.017081121 0.016999216)
(-0.0010041609 0.016994383 0.015999526)
(-0.0020003291 0.017976128 0.01600008)
(-0.0020197336 0.017030779 0.016999002)
(0.0010093856 0.016993646 0.015999396)
(1.9333489e-06 0.017985933 0.015999964)
(1.9025043e-06 0.016992231 0.016999621)
(0.003049957 0.01709494 0.015997417)
(0.002023282 0.017970162 0.015998206)
(0.0020214503 0.017030342 0.016999893)
(0.0052353065 0.017314703 0.016000704)
(0.0040237745 0.018048776 0.015997896)
(0.0040513632 0.017082941 0.017000074)
(0.0058420089 0.016842145 0.016998736)
(-0.0027264427 0.018572882 0.016004028)
(-0.0009859894 0.018941593 0.01599956)
(-0.0019145674 0.018790051 0.016999896)
(0.00099007298 0.018941191 0.015999417)
(4.302668e-06 0.018999859 0.016999249)
(0.0027381043 0.018569344 0.016006382)
(0.0019097114 0.018791183 0.016995331)
(-0.0027395061 0.0014310805 0.017997866)
(-0.0040204609 0.0019494523 0.017999498)
(-0.00098610872 0.0010584181 0.018000065)
(-0.0020117261 0.0020263254 0.017999053)
(-0.0019232903 0.0012119827 0.018999215)
(0.00099345591 0.0010591417 0.01800066)
(1.7419459e-06 0.002014275 0.018000472)
(5.4518679e-06 0.0010001785 0.019000355)
(0.0026823474 0.0014137417 0.017994665)
(0.0020028316 0.0020243836 0.017999315)
(0.001938902 0.0012156228 0.019001235)
(0.0040278856 0.0019534208 0.018002031)
(-0.0052559604 0.0027000974 0.017999769)
(-0.0063597131 0.0036320604 0.018005931)
(-0.0058464394 0.0031614904 0.019000616)
(-0.0030444279 0.0029035257 0.018000348)
(-0.0040797189 0.0039027926 0.018000501)
(-0.0040646576 0.0029255823 0.018999512)
(-0.0010075647 0.0030068724 0.017999549)
(-0.0020252072 0.0029713925 0.018999593)
(0.0010074307 0.0030063351 0.018000314)
(1.1432446e-06 0.003008274 0.019000008)
(0.0030464574 0.0029045852 0.01800187)
(0.0020219062 0.0029697249 0.019000125)
(0.0052796969 0.0027171068 0.01799825)
(0.0040798658 0.0039029156 0.017999735)
(0.0040594411 0.0029228033 0.019001085)
(0.0063491116 0.003622131 0.017983855)
(0.0058485843 0.0031632506 0.01899975)
(-0.0072958164 0.0047383374 0.017998092)
(-0.0080474615 0.0059737653 0.017999168)
(-0.0076223763 0.0052236388 0.018995637)
(-0.0051151309 0.0048886989 0.018001557)
(-0.0061020012 0.0059277367 0.018000492)
(-0.0061363761 0.0048902778 0.019003534)
(-0.0040864881 0.004907103 0.019000463)
(0.0051134451 0.0048870215 0.017998505)
(0.0040833976 0.0049044626 0.01900092)
(0.0072994609 0.0047434233 0.017999629)
(0.0060998119 0.0059249657 0.017998937)
(0.0061304617 0.0048836321 0.019001557)
(0.0080503098 0.0059790942 0.017999293)
(0.0076283648 0.005233269 0.018991467)
(-0.0085787119 0.0072927758 0.018006527)
(-0.0070989506 0.006965598 0.01799987)
(-0.0079787733 0.0080059686 0.018000511)
(-0.0083779986 0.0067234562 0.018996615)
(-0.0060418744 0.0079734631 0.01799961)
(-0.0060813126 0.0069524956 0.019000024)
(0.0070898574 0.0069416036 0.017998825)
(0.0060401051 0.0079687278 0.017999498)
(0.0060811416 0.0069554154 0.019000281)
(0.0085828398 0.0073063835 0.017998624)
(0.0079696402 0.0079782098 0.017998816)
(0.0084046126 0.0067941681 0.018998659)
(-0.0089415345 0.0090134113 0.017999983)
(-0.0069983084 0.0089940732 0.017999675)
(-0.0079863444 0.0099999397 0.017999744)
(-0.0079685527 0.0090019629 0.018999758)
(-0.0060077177 0.010000112 0.017999689)
(-0.0060152833 0.0089878317 0.018999805)
(0.0069970374 0.0089890331 0.017999495)
(0.0060073311 0.0099990075 0.017999457)
(0.0060147469 0.0089883899 0.018999892)
(0.0089409941 0.0090079243 0.017999621)
(0.0079858304 0.0099960759 0.017999645)
(0.0079686542 0.0090000505 0.018999774)
(-0.008941427 0.01098768 0.017999723)
(-0.006997768 0.011007982 0.017999873)
(-0.0079746011 0.012009081 0.018001232)
(-0.0079683773 0.010999424 0.018999901)
(-0.0060403636 0.012029091 0.017999853)
(-0.0060152712 0.011010351 0.018999794)
(0.0069971957 0.011007812 0.017998974)
(0.006040222 0.01203029 0.017998503)
(0.0060136274 0.011014551 0.018999567)
(0.0089418129 0.010983762 0.017999716)
(0.0079713955 0.012017987 0.017996919)
(0.0079672979 0.011000193 0.018999664)
(-0.0085655062 0.012750757 0.017990136)
(-0.0070970999 0.013037131 0.018000287)
(-0.0080507946 0.014019999 0.018000039)
(-0.0083718046 0.013293001 0.019004401)
(-0.0060992028 0.014076641 0.01800059)
(-0.0060790419 0.013048452 0.019000111)
(0.0070944659 0.013045936 0.01799585)
(0.0060988279 0.014075566 0.017999797)
(0.0060768045 0.013055705 0.018999577)
(0.0085696692 0.012737034 0.018000391)
(0.0080475111 0.014026142 0.018001328)
(0.0083640496 0.013313605 0.01900235)
(-0.0072797866 0.015284032 0.018005266)
(-0.007644869 0.01474019 0.019003721)
(-0.0051160407 0.015110309 0.018000067)
(-0.006410748 0.016314007 0.018000528)
(-0.0061249172 0.015122948 0.019001804)
(-0.0040783846 0.01609655 0.0179995)
(-0.0040799347 0.015097446 0.019000034)
(0.0051105998 0.015115688 0.018001254)
(0.0040784274 0.016098555 0.018000751)
(0.0040805137 0.01509851 0.018999948)
(0.0072924669 0.015266337 0.017998)
(0.006353094 0.01637414 0.018009488)
(0.0061170601 0.015128054 0.018999859)
(0.0076471527 0.014736517 0.019007009)
(-0.0052626457 0.017295112 0.018000858)
(-0.0058561034 0.016830578 0.018998595)
(-0.0030337358 0.017100497 0.018000225)
(-0.0040202071 0.018050683 0.017996387)
(-0.0040498966 0.017083874 0.019000865)
(-0.0010041069 0.016994672 0.017999615)
(-0.0020088988 0.017975676 0.018000123)
(-0.0020147513 0.017033032 0.01899859)
(0.001007743 0.016993971 0.018000246)
(2.2701941e-06 0.017986055 0.017999719)
(1.3301118e-06 0.01699232 0.018999811)
(0.0030446945 0.017096199 0.01800406)
(0.0020034688 0.017975509 0.018002816)
(0.0020256242 0.017028783 0.019000443)
(0.0052776444 0.017284364 0.017998573)
(0.0040243291 0.01804848 0.017998245)
(0.0040582903 0.017079299 0.018999644)
(0.0058585984 0.01682853 0.018998807)
(-0.0027174054 0.018575623 0.018007423)
(-0.0009832744 0.018941861 0.018000376)
(-0.0019229028 0.018788108 0.018997917)
(0.00099063216 0.018941136 0.017999533)
(-2.5768114e-06 0.018999915 0.019001233)
(0.0026896626 0.018584039 0.018002141)
(0.0019281791 0.018786877 0.019000535)
(-0.0027466863 0.0014332586 0.020003648)
(-0.0040181275 0.001948205 0.019999247)
(-0.00098649245 0.0010584559 0.019999724)
(-0.0020058861 0.0020250736 0.020000926)
(-0.0019060487 0.0012079625 0.0210006)
(0.00098725442 0.0010585309 0.020000078)
(1.0191195e-06 0.0020142592 0.019999667)
(7.7164306e-07 0.0010000253 0.021002089)
(0.0026799212 0.0014130057 0.019992232)
(0.0020199583 0.0020294027 0.01999787)
(0.0019269448 0.0012128348 0.021002843)
(0.0040274287 0.0019531766 0.020000049)
(-0.0052626713 0.0027049064 0.020000836)
(-0.0063493497 0.0036223539 0.020002562)
(-0.005848165 0.0031629066 0.020999569)
(-0.003042878 0.0029029083 0.020000073)
(-0.0040770229 0.0039003069 0.020000286)
(-0.0040498482 0.0029155408 0.020999963)
(-0.0010062725 0.0030063272 0.019999866)
(-0.0020232263 0.0029706344 0.020999153)
(0.0010094917 0.0030069206 0.019999774)
(1.0156124e-06 0.0030082785 0.021000155)
(0.0030566015 0.0029076989 0.019997082)
(0.0020259478 0.0029712808 0.021000378)
(0.0052462394 0.0026931315 0.019999678)
(0.004074454 0.0038976515 0.020001361)
(0.0040507886 0.0029156264 0.02099996)
(0.0063318169 0.0036059327 0.02000983)
(0.0058409285 0.0031569677 0.020996881)
(-0.007315812 0.0047662413 0.020000178)
(-0.0080530414 0.0059842045 0.019999067)
(-0.0076611517 0.0052859947 0.020982209)
(-0.005111496 0.004885893 0.020001043)
(-0.0061023771 0.0059292628 0.0200008)
(-0.006124505 0.0048811978 0.021001337)
(-0.0040802501 0.0049018744 0.021000068)
(0.005104638 0.0048784101 0.020003159)
(0.0040804761 0.0049013783 0.021001695)
(0.0072925171 0.0047337333 0.020003609)
(0.0060949432 0.0059199178 0.020002451)
(0.0061229798 0.0048758317 0.021005265)
(0.0080416309 0.005962857 0.020001186)
(0.0076677877 0.0052966661 0.021005649)
(-0.0085795004 0.007295375 0.01999817)
(-0.0070918041 0.006944918 0.019999817)
(-0.0079714686 0.0079876275 0.020000114)
(-0.0083766498 0.0067198727 0.021001217)
(-0.0060407615 0.0079697457 0.020000037)
(-0.0060798678 0.0069499287 0.021000368)
(0.0070931331 0.0069523273 0.020002509)
(0.0060403698 0.0079720121 0.020000791)
(0.0060789298 0.0069516955 0.021001711)
(0.0085912076 0.0073339684 0.020001891)
(0.0079720716 0.007984976 0.020000677)
(0.0083882191 0.0067506116 0.02100455)
(-0.0089412036 0.009010052 0.019999929)
(-0.0069977665 0.0089901767 0.019999973)
(-0.0079864145 0.0099961785 0.02000002)
(-0.0079680696 0.008998549 0.021000287)
(-0.006008192 0.0099973786 0.019999895)
(-0.0060148527 0.0089854388 0.021000108)
(0.0069974359 0.0089928975 0.020000222)
(0.0060066837 0.010002013 0.019999962)
(0.0060141816 0.0089899846 0.021000374)
(0.0089414273 0.009012323 0.019999825)
(0.0079859 0.0099998881 0.019999931)
(0.0079685274 0.0090026077 0.021000155)
(-0.0089411666 0.010990324 0.020000136)
(-0.0069993277 0.011003009 0.019999613)
(-0.0079799538 0.011993432 0.019997128)
(-0.0079696556 0.01099624 0.021000224)
(-0.0060427122 0.012021609 0.01999938)
(-0.006016306 0.011007053 0.021000019)
(0.0069962004 0.011011074 0.019999986)
(0.0060379184 0.012035514 0.020000058)
(0.0060125613 0.011017696 0.020999866)
(0.0089417845 0.010984051 0.019999378)
(0.0079720812 0.012013427 0.02000151)
(0.007966613 0.011003177 0.020999578)
(-0.0085723375 0.012728238 0.020009274)
(-0.0071023488 0.013021689 0.019996037)
(-0.0080423902 0.014035722 0.019999896)
(-0.0083962902 0.013227944 0.021003372)
(-0.0060943512 0.01407989 0.019999593)
(-0.0060821047 0.013039303 0.021000287)
(0.0070916855 0.013052685 0.020002215)
(0.0060955042 0.014080737 0.019999332)
(0.0060740687 0.013062917 0.020999772)
(0.0085702312 0.012735181 0.020010955)
(0.0080428862 0.014034794 0.019999501)
(0.0083507394 0.01334897 0.020997909)
(-0.0072761279 0.015289138 0.019998656)
(-0.0076705008 0.01469897 0.021000748)
(-0.0051057694 0.01512085 0.019999726)
(-0.0063621996 0.016365611 0.019997268)
(-0.0061131539 0.015132001 0.020999886)
(-0.0040759354 0.016100553 0.019999532)
(-0.0040788872 0.015099218 0.020999289)
(0.005109025 0.015118182 0.019999145)
(0.0040786567 0.016098831 0.01999917)
(0.0040828941 0.015096465 0.020998536)
(0.0073030207 0.015251609 0.01999578)
(0.0063359882 0.016390161 0.020000169)
(0.0061295841 0.015117621 0.020999609)
(0.0076684599 0.014702253 0.020991236)
(-0.0052639674 0.017294165 0.019999994)
(-0.0058521057 0.016833859 0.021000891)
(-0.0030457706 0.017095989 0.019996462)
(-0.0040391644 0.01804055 0.02000279)
(-0.0040556878 0.017081147 0.020998895)
(-0.0010060055 0.016994006 0.01999897)
(-0.0020103014 0.017973523 0.019998628)
(-0.0020267961 0.017028011 0.0209961)
(0.0010065508 0.016994212 0.019999495)
(2.0108759e-07 0.017986036 0.020000194)
(8.2582126e-07 0.016991709 0.020999479)
(0.003030589 0.01710125 0.019998009)
(0.0019994728 0.017978037 0.01999851)
(0.0020259325 0.017028686 0.020998773)
(0.0053006286 0.017267894 0.019998484)
(0.004014585 0.018053688 0.019999751)
(0.0040564389 0.017079876 0.0209987)
(0.0058449856 0.016839702 0.021002987)
(-0.0027233552 0.018573818 0.019998019)
(-0.00098493444 0.018941697 0.020000075)
(-0.001914996 0.018789951 0.021000733)
(0.00098910204 0.018941287 0.019999804)
(6.4731649e-06 0.018999787 0.021001377)
(0.0027494989 0.018565888 0.019995503)
(0.001938845 0.01878439 0.020998814)
(-0.0027274457 0.0014274221 0.022005874)
(-0.0040248044 0.0019517739 0.02200128)
(-0.00098684479 0.0010584906 0.021999611)
(-0.0020075312 0.0020256622 0.021999245)
(-0.0019417735 0.0012162924 0.022999683)
(0.00098521671 0.0010583302 0.022000325)
(4.4981714e-07 0.0020141913 0.022000289)
(5.6879437e-06 0.0010001863 0.022999088)
(0.0027205707 0.0014253366 0.022000969)
(0.0019995155 0.0020232794 0.022000961)
(0.0019235 0.0012120316 0.022999738)
(0.0040263983 0.0019526259 0.021998858)
(-0.0052559189 0.0027000677 0.022000615)
(-0.0063465464 0.0036197283 0.021995535)
(-0.0058367633 0.0031535494 0.023000576)
(-0.0030448652 0.0029033764 0.021999173)
(-0.0040758 0.0038992185 0.021999513)
(-0.0040602251 0.0029220994 0.022999352)
(-0.0010071121 0.0030066543 0.021999745)
(-0.0020305339 0.0029730865 0.022999726)
(0.0010075772 0.003006575 0.02200033)
(1.2691847e-06 0.0030085702 0.022999861)
(0.0030453694 0.0029040493 0.022002248)
(0.0020297982 0.0029724391 0.023000447)
(0.0052918061 0.0027257841 0.022000759)
(0.0040811471 0.003903006 0.022000655)
(0.0040538216 0.0029178921 0.022999773)
(0.0063738833 0.0036466329 0.02199661)
(0.0058407538 0.0031568244 0.022999501)
(-0.0072998311 0.0047439399 0.022001626)
(-0.0080510794 0.0059805339 0.02200128)
(-0.0076761297 0.0053100812 0.023003508)
(-0.0051085486 0.0048828486 0.021999242)
(-0.0060991598 0.0059248196 0.021999973)
(-0.0061359483 0.0048894071 0.022997898)
(-0.0040843405 0.0049053033 0.022999063)
(0.0051127037 0.0048852451 0.022000881)
(0.0040824587 0.00490269 0.023000781)
(0.0072873432 0.0047265132 0.021999212)
(0.0060976179 0.0059224668 0.022000697)
(0.0061292622 0.0048830922 0.023000742)
(0.0080489227 0.005976499 0.022000112)
(0.0076481798 0.0052651342 0.023001018)
(-0.0085744477 0.0072787187 0.022001414)
(-0.0070962141 0.0069580353 0.02199995)
(-0.0079743845 0.0079918787 0.022000238)
(-0.0083549352 0.0066621781 0.023003759)
(-0.0060399559 0.0079679708 0.0220001)
(-0.0060764727 0.0069415034 0.022999906)
(0.0070927315 0.0069514409 0.022000874)
(0.0060397558 0.0079719665 0.022000659)
(0.0060775789 0.0069474279 0.02300058)
(0.0085587866 0.0072270912 0.021997254)
(0.0079748403 0.0079991474 0.02200081)
(0.0083723661 0.006708491 0.023001887)
(-0.0089413454 0.0090114913 0.022000649)
(-0.0069973925 0.0089893821 0.022000249)
(-0.0079863127 0.0099979984 0.022000433)
(-0.0079665655 0.0089955052 0.023000582)
(-0.0060077855 0.0099969332 0.022000121)
(-0.0060134781 0.0089834043 0.023000045)
(0.0069973452 0.00899494 0.022000194)
(0.0060063234 0.010003297 0.021999977)
(0.0060135969 0.0089893356 0.023000143)
(0.0089416722 0.0090148095 0.021999731)
(0.0079858777 0.010002664 0.021999545)
(0.0079682995 0.0090048097 0.022999876)
(-0.0089413188 0.010988779 0.022000305)
(-0.006999025 0.011004121 0.022000254)
(-0.0079762967 0.012007212 0.022000559)
(-0.0079684639 0.010999142 0.02300008)
(-0.0060430572 0.012022083 0.022000355)
(-0.0060149263 0.011010577 0.022999982)
(0.0069958072 0.011012722 0.02199966)
(0.006037489 0.012037006 0.021999709)
(0.0060129825 0.011016938 0.022999923)
(0.0089417072 0.010984836 0.021999524)
(0.0079709002 0.012016848 0.021998136)
(0.0079670066 0.011003046 0.022999591)
(-0.0085681215 0.012742136 0.021996917)
(-0.0071029053 0.013023432 0.022002598)
(-0.0080463529 0.014028309 0.022001152)
(-0.0083901638 0.013244222 0.022998112)
(-0.0061011878 0.014070736 0.022001314)
(-0.0060818792 0.013045004 0.022999988)
(0.0070902331 0.01305595 0.021999858)
(0.0060951571 0.014082011 0.021998505)
(0.0060772412 0.01305774 0.022999955)
(0.0085641335 0.012755283 0.02200246)
(0.0080564161 0.014009482 0.022000719)
(0.0083600382 0.013324264 0.023004469)
(-0.0073102789 0.01524148 0.022004377)
(-0.007667174 0.01470432 0.023008493)
(-0.0051104094 0.015114819 0.02200091)
(-0.0063548143 0.016372528 0.022003484)
(-0.0061437438 0.015101845 0.023001187)
(-0.0040759988 0.016100073 0.021999825)
(-0.0040876278 0.015090907 0.022999808)
(0.0051092361 0.015118038 0.021996565)
(0.0040780671 0.016098907 0.021997675)
(0.0040849366 0.015093467 0.02299804)
(0.0072792183 0.015284825 0.021998849)
(0.0063345194 0.016391536 0.021987168)
(0.0061402709 0.015105206 0.022996398)
(0.0076459143 0.014738509 0.022992904)
(-0.0052524732 0.017302402 0.022000989)
(-0.0058420958 0.016842074 0.023001264)
(-0.0030516329 0.017093935 0.021996974)
(-0.004016115 0.018052871 0.022000973)
(-0.0040509638 0.017083073 0.023000592)
(-0.0010084352 0.016992951 0.021999033)
(-0.0020136645 0.017972224 0.021998896)
(-0.0020273611 0.017027454 0.022998226)
(0.0010070605 0.01699365 0.021998836)
(7.2752744e-07 0.017985712 0.022000385)
(-2.2370871e-07 0.016991452 0.022999549)
(0.0030405556 0.017097703 0.021992822)
(0.0020056662 0.017975301 0.021996429)
(0.0020222065 0.017029756 0.022998144)
(0.0052788474 0.017283502 0.021999569)
(0.0040223854 0.018049519 0.022003832)
(0.0040502982 0.0170837 0.023000275)
(0.0058280334 0.016853614 0.023002718)
(-0.0027482739 0.018566259 0.022001337)
(-0.00098753097 0.018941441 0.022000624)
(-0.0019297923 0.018786501 0.023000566)
(0.00098876428 0.01894132 0.02199995)
(1.7492647e-07 0.018999994 0.022999548)
(0.0027436827 0.018567652 0.022006065)
(0.0019201872 0.018788741 0.023000199)
(-0.002764719 0.0014387288 0.023999506)
(-0.0040227435 0.0019506723 0.023998926)
(-0.00098407408 0.0010582177 0.024000284)
(-0.0020090106 0.0020247582 0.024000745)
(-0.001923276 0.0012119794 0.025000442)
(0.00099009145 0.0010588103 0.024000933)
(1.0870357e-06 0.0020142489 0.023999284)
(-1.2771756e-06 0.0010000419 0.024999248)
(0.002704284 0.001420396 0.023998093)
(0.0020170334 0.0020280336 0.023999731)
(0.0019205701 0.0012113484 0.025005009)
(0.0040173234 0.0019477752 0.024000969)
(-0.0052891065 0.0027238496 0.024000209)
(-0.0063359952 0.0036098461 0.023998334)
(-0.0058510919 0.0031653086 0.025000919)
(-0.0030354586 0.0029006397 0.024001995)
(-0.0040790741 0.0039020565 0.023999063)
(-0.0040524681 0.002918317 0.024999088)
(-0.0010056289 0.0030061566 0.024000093)
(-0.0020177672 0.0029686457 0.025000449)
(0.0010099 0.0030069642 0.023999938)
(1.9572815e-06 0.0030078997 0.024999951)
(0.0030501167 0.0029054763 0.023997711)
(0.0020249654 0.0029704492 0.02499995)
(0.0052920074 0.0027259284 0.024006476)
(0.004076819 0.0038988677 0.024001295)
(0.0040491161 0.0029145803 0.025000957)
(0.0063264237 0.0036008814 0.023998181)
(0.0058500523 0.0031644554 0.024998068)
(-0.007296506 0.0047392998 0.024002584)
(-0.0080515638 0.0059814402 0.023999625)
(-0.0076212556 0.0052218364 0.02501552)
(-0.0051101285 0.0048832291 0.023998387)
(-0.0060961878 0.0059200363 0.023999073)
(-0.0061218082 0.0048745837 0.024994593)
(-0.0040812755 0.0049033526 0.024998314)
(0.0051057243 0.0048789637 0.024001514)
(0.0040771261 0.0048980627 0.025001483)
(0.0073079224 0.0047552314 0.024002563)
(0.0060956402 0.0059211576 0.024000787)
(0.0061130687 0.0048646548 0.025003048)
(0.0080540426 0.0059860777 0.024000834)
(0.0076693914 0.005299245 0.024989728)
(-0.0085755564 0.0072823735 0.023997814)
(-0.0070887433 0.0069392693 0.02399879)
(-0.00796774 0.0079715677 0.023999105)
(-0.008381026 0.0067314999 0.024995404)
(-0.0060382187 0.0079643271 0.023999479)
(-0.0060778848 0.0069473858 0.024998451)
(0.0070896491 0.0069423571 0.023999563)
(0.0060384833 0.00796876 0.024000067)
(0.0060756802 0.0069450306 0.025000065)
(0.0085615605 0.0072362353 0.023996371)
(0.0079714038 0.0079881456 0.023999362)
(0.0083673827 0.0066952505 0.024996516)
(-0.0089414912 0.0090129717 0.024000549)
(-0.0069960343 0.008987681 0.023999943)
(-0.00798558 0.0099994525 0.024000376)
(-0.0079677888 0.0089990152 0.025000191)
(-0.0060066735 0.009999046 0.023999967)
(-0.0060139558 0.0089862436 0.024999707)
(0.0069966116 0.0089932401 0.023999873)
(0.0060064559 0.01000232 0.024000018)
(0.0060136996 0.008988396 0.025000013)
(0.0089420425 0.0090185695 0.023999733)
(0.0079858377 0.010002955 0.023999704)
(0.0079677914 0.0090017432 0.024999639)
(-0.0089414377 0.010987572 0.024000544)
(-0.0069962745 0.011010996 0.023999914)
(-0.0079660314 0.012028733 0.023999111)
(-0.0079671094 0.011001819 0.025000334)
(-0.0060386846 0.012034349 0.023999615)
(-0.0060134091 0.011015244 0.024999965)
(0.0069963687 0.011011557 0.023999975)
(0.0060390362 0.012034142 0.024000078)
(0.0060140841 0.011014579 0.025000361)
(0.0089414493 0.010987453 0.02400016)
(0.0079714683 0.012013886 0.023999127)
(0.007967686 0.011002278 0.025000224)
(-0.0085729353 0.012726267 0.024005371)
(-0.0070845107 0.013071682 0.023997944)
(-0.0080512168 0.014019209 0.024000245)
(-0.0083656028 0.013309479 0.025001706)
(-0.0060998367 0.014077587 0.023999526)
(-0.0060768248 0.013058524 0.024999872)
(0.0070902654 0.013057569 0.023998961)
(0.0061033656 0.01407285 0.023999763)
(0.0060787786 0.013053691 0.025000979)
(0.0085948071 0.012654166 0.024002829)
(0.008048667 0.014023979 0.023999644)
(0.0083636126 0.013314767 0.025006637)
(-0.0072798181 0.015283989 0.023997766)
(-0.0076507041 0.014730806 0.025002154)
(-0.0051212458 0.015106357 0.023999192)
(-0.0063778837 0.016349096 0.023998821)
(-0.0061410583 0.01510697 0.024998892)
(-0.0040882293 0.016090466 0.023998965)
(-0.0040914383 0.015088347 0.024999761)
(0.0051208349 0.015105566 0.023998732)
(0.0040818303 0.016094263 0.023999394)
(0.0040871767 0.015091724 0.02499985)
(0.0072982472 0.015258271 0.024002843)
(0.0063981681 0.016327439 0.023994958)
(0.006136926 0.015110568 0.025001372)
(0.007672709 0.014695419 0.024998276)
(-0.0052847672 0.01727926 0.023995117)
(-0.0058413681 0.016842671 0.024997523)
(-0.0030607087 0.017089321 0.023997639)
(-0.0040390063 0.018040635 0.023999992)
(-0.0040605777 0.017077051 0.024999123)
(-0.0010087549 0.016992323 0.023999415)
(-0.0020109714 0.017972151 0.023997272)
(-0.0020294712 0.01702635 0.024999848)
(0.0010073879 0.016993373 0.023999893)
(5.409805e-07 0.017985619 0.024000479)
(4.8712021e-07 0.016991109 0.025000013)
(0.0030393182 0.017098161 0.024001037)
(0.0020045472 0.01797604 0.024000252)
(0.0020287662 0.017026997 0.024999578)
(0.0052663141 0.017292483 0.024000897)
(0.0040241927 0.018048553 0.024002073)
(0.0040555265 0.017081256 0.025000546)
(0.0058482376 0.016837033 0.025000071)
(-0.0026653374 0.018591418 0.023998965)
(-0.00098455567 0.018941735 0.02400054)
(-0.0019232619 0.018788024 0.024996175)
(0.00098983803 0.018941214 0.024000929)
(3.3613491e-06 0.018999889 0.025000247)
(0.002696418 0.018581989 0.023990111)
(0.0019200977 0.018788762 0.024998008)
(-0.0026941018 0.0014173073 0.025999124)
(-0.0040343678 0.0019568856 0.02599832)
(-0.0009885565 0.0010586592 0.026000359)
(-0.0019961456 0.0020227628 0.026000601)
(-0.0019269072 0.001212826 0.027000545)
(0.00099229099 0.001059027 0.02599981)
(2.3536146e-06 0.0020139194 0.026000426)
(1.4987418e-06 0.0010000491 0.026999082)
(0.0027195413 0.0014250243 0.026006281)
(0.00200334 0.0020245719 0.025998757)
(0.0019319304 0.0012139973 0.027001267)
(0.0040322906 0.0019557754 0.026000326)
(-0.0052662401 0.0027074637 0.025995519)
(-0.0063823789 0.0036557035 0.02600228)
(-0.0058399732 0.0031561837 0.027002067)
(-0.0030418519 0.002903008 0.025999432)
(-0.0040789428 0.0039034332 0.025998581)
(-0.0040507827 0.0029177607 0.027001126)
(-0.0010024591 0.0030050978 0.026000245)
(-0.0020086054 0.0029653127 0.027000746)
(0.0010089173 0.0030061452 0.025999878)
(3.1956022e-06 0.0030075402 0.027000083)
(0.0030449977 0.0029029587 0.02599908)
(0.0020274489 0.0029712225 0.026999996)
(0.0052586488 0.0027020239 0.026002875)
(0.0040727856 0.0038961829 0.02600128)
(0.0040479294 0.0029136821 0.027000928)
(0.0063543857 0.0036270707 0.025999653)
(0.0058486643 0.0031633163 0.026998116)
(-0.0072779616 0.0047134211 0.025996163)
(-0.0080474376 0.0059737205 0.026001362)
(-0.0076762442 0.0053102654 0.026993916)
(-0.0051135291 0.0048868447 0.025997842)
(-0.0060975481 0.0059215854 0.025998558)
(-0.0061345102 0.0048869698 0.026996877)
(-0.0040838491 0.0049070373 0.026999002)
(0.0051029231 0.0048766435 0.026001744)
(0.0040769007 0.0048984408 0.027001027)
(0.0072922276 0.0047333293 0.026005198)
(0.0060944863 0.0059198387 0.02600116)
(0.0061187077 0.0048724967 0.026998855)
(0.0080452992 0.0059697199 0.026003627)
(0.0076572582 0.0052797334 0.026994732)
(-0.0085800359 0.0072971405 0.026001124)
(-0.0070952953 0.0069581124 0.025998584)
(-0.00797421 0.0079907606 0.025999311)
(-0.008382732 0.0067360327 0.027001435)
(-0.0060405971 0.0079710838 0.025999363)
(-0.0060809527 0.0069535661 0.02699968)
(0.0070983179 0.0069666362 0.026000175)
(0.0060403798 0.0079729596 0.026000117)
(0.0060792725 0.006952539 0.027000082)
(0.0085659704 0.0072507729 0.026001748)
(0.0079771765 0.0080003166 0.026000006)
(0.0083847729 0.0067414553 0.026999691)
(-0.0089413039 0.0090110704 0.026000647)
(-0.0069975885 0.0089920758 0.025999887)
(-0.0079859145 0.010001235 0.026000445)
(-0.0079683998 0.0089996103 0.027000094)
(-0.0060071629 0.010000984 0.025999984)
(-0.0060151568 0.0089885028 0.026999895)
(0.0069979545 0.0089950597 0.02600003)
(0.0060074366 0.010001643 0.026000233)
(0.0060149257 0.0089897492 0.02700017)
(0.0089417442 0.0090155405 0.025999394)
(0.007986334 0.010002929 0.026000382)
(0.0079687876 0.0090039248 0.027000181)
(-0.0089414373 0.010987575 0.026000733)
(-0.0069965048 0.011011329 0.026000093)
(-0.0079703213 0.012018754 0.025999345)
(-0.0079674055 0.011002386 0.027000297)
(-0.0060387524 0.01203472 0.026000032)
(-0.0060144735 0.011014137 0.027000113)
(0.0069980277 0.011008932 0.026000544)
(0.0060414755 0.012027978 0.026000793)
(0.0060152272 0.011012732 0.027000359)
(0.0089409872 0.010992145 0.026000036)
(0.007975752 0.012005871 0.026000966)
(0.0079682819 0.011002423 0.027000669)
(-0.0085650933 0.012752119 0.026003634)
(-0.0070895959 0.013058146 0.025999468)
(-0.0080462647 0.014028474 0.026002621)
(-0.0083605869 0.013322806 0.027001158)
(-0.0060991899 0.014078503 0.026001203)
(-0.0060779719 0.013054541 0.027000647)
(0.0070991617 0.013033139 0.026001536)
(0.0061012406 0.014073742 0.026000494)
(0.0060816263 0.013045404 0.027000803)
(0.008567833 0.012743087 0.026002861)
(0.0080472143 0.014026697 0.026000216)
(0.0083873709 0.013251642 0.027013728)
(-0.0072858072 0.015275631 0.026004024)
(-0.0076741409 0.014693117 0.026983008)
(-0.0051197259 0.01510774 0.026001423)
(-0.0063863612 0.016340045 0.026003193)
(-0.0061267819 0.015120212 0.027001029)
(-0.0040846613 0.01609266 0.02600151)
(-0.0040877742 0.015091886 0.027000593)
(0.0051166493 0.015110044 0.026000565)
(0.0040814003 0.016095572 0.026000223)
(0.0040839398 0.015094089 0.026998339)
(0.0072916299 0.015267505 0.025998227)
(0.0063817292 0.016344991 0.026009731)
(0.0061303644 0.015115615 0.026996194)
(0.0076827748 0.014679232 0.027003594)
(-0.0052744038 0.017286686 0.026008489)
(-0.0058444735 0.016840122 0.027002476)
(-0.0030377252 0.017098234 0.02600296)
(-0.0040253547 0.018047932 0.026001186)
(-0.0040538791 0.017081499 0.027000601)
(-0.0010072181 0.016993194 0.026000503)
(-0.0020047064 0.017976003 0.026001717)
(-0.0020258021 0.017028038 0.027001631)
(0.0010081674 0.016993034 0.026000049)
(7.2234189e-07 0.017985711 0.026000078)
(-6.5897255e-07 0.016991667 0.027000309)
(0.0030542277 0.017092542 0.025999096)
(0.0020102059 0.017973296 0.025999866)
(0.0020212922 0.017030284 0.026999977)
(0.0052631182 0.017294773 0.026001283)
(0.0040277746 0.018046638 0.026001506)
(0.0040561879 0.017080442 0.026998006)
(0.0058334132 0.016849199 0.027000914)
(-0.0027534183 0.018564699 0.026005477)
(-0.00098726215 0.018941468 0.026000222)
(-0.0019168044 0.018789529 0.027001088)
(0.00098774975 0.01894142 0.026000563)
(-1.2032911e-06 0.01899996 0.02700088)
(0.0026902939 0.018583847 0.025999414)
(0.0019028809 0.018792776 0.026995469)
(-0.0027326166 0.0014289906 0.028002452)
(-0.0040358806 0.0019576943 0.028000424)
(-0.00098946666 0.0010587488 0.02799996)
(-0.0020014753 0.0020223473 0.028000731)
(-0.0019053949 0.0012078101 0.028998357)
(0.00098351777 0.0010581629 0.027999683)
(6.0511889e-08 0.0020138999 0.028000172)
(1.8393382e-06 0.0010000603 0.029001669)
(0.0026620654 0.0014075892 0.028001612)
(0.0020064298 0.0020245895 0.028000851)
(0.0019125874 0.0012094871 0.029000639)
(0.0040389929 0.0019593578 0.027999398)
(-0.0052646051 0.0027062921 0.027999063)
(-0.0064115422 0.0036868409 0.027993059)
(-0.0058394556 0.0031557589 0.029000599)
(-0.0030272824 0.0028976154 0.027999522)
(-0.0040816689 0.0039068027 0.028000134)
(-0.0040547934 0.0029195149 0.029004504)
(-0.0010026214 0.0030049223 0.028000234)
(-0.0020186971 0.0029694003 0.029000275)
(0.0010086041 0.0030062551 0.028000287)
(2.5468434e-06 0.0030081839 0.029000306)
(0.0030412965 0.0029016577 0.02800069)
(0.0020297296 0.0029724043 0.029001231)
(0.0052532362 0.0026981453 0.028001098)
(0.0040728645 0.0038963996 0.02800103)
(0.004051899 0.0029158716 0.029001422)
(0.0063338982 0.0036078821 0.027999319)
(0.0058371374 0.0031538564 0.028998893)
(-0.0072936639 0.0047353337 0.027996548)
(-0.0080476971 0.0059742061 0.028001514)
(-0.0076646144 0.0052915632 0.028995191)
(-0.0051209387 0.0048948231 0.027998833)
(-0.0061023668 0.0059272872 0.027999025)
(-0.0061269889 0.0048765339 0.029001664)
(-0.0040859534 0.0049075939 0.02900157)
(0.0051046766 0.0048795531 0.028000882)
(0.0040822266 0.0049035375 0.029001201)
(0.0073028559 0.004748161 0.028000389)
(0.0060984877 0.0059249102 0.028000266)
(0.0061415262 0.0048987594 0.029001322)
(0.0080473485 0.0059735539 0.028001796)
(0.0076795197 0.0053155328 0.029003655)
(-0.0085736353 0.0072760404 0.027987675)
(-0.0071003523 0.0069709007 0.028001245)
(-0.0079776834 0.0080002485 0.028000276)
(-0.0083512837 0.0066524763 0.028999294)
(-0.0060416557 0.0079729589 0.027999921)
(-0.006076917 0.0069438136 0.028999762)
(0.0070944271 0.0069538857 0.028001601)
(0.0060408214 0.0079719388 0.028000374)
(0.0060809975 0.0069517583 0.029000106)
(0.0085591134 0.0072281685 0.028004233)
(0.0079733062 0.0079896457 0.028001183)
(0.0083719751 0.0067074522 0.028996527)
(-0.0089411408 0.009009414 0.028000548)
(-0.006998416 0.0089925647 0.028000078)
(-0.0079864695 0.0099985068 0.028000188)
(-0.0079674135 0.0089961598 0.029000041)
(-0.0060080096 0.010000013 0.028000015)
(-0.0060146971 0.0089865916 0.028999834)
(0.0069978036 0.0089936567 0.028000268)
(0.0060078008 0.010001317 0.028000063)
(0.0060150105 0.0089883547 0.029000094)
(0.0089419991 0.0090181289 0.027999852)
(0.0079862043 0.010002598 0.028000223)
(0.0079676374 0.0089989272 0.029000272)
(-0.0089414121 0.010987831 0.028000215)
(-0.0069985886 0.01100645 0.02800009)
(-0.007981217 0.011990266 0.027999335)
(-0.0079677403 0.011001264 0.029000154)
(-0.0060418668 0.012026983 0.028000197)
(-0.0060149845 0.011012797 0.028999953)
(0.0069979234 0.011009174 0.027999916)
(0.0060413038 0.012028776 0.027999345)
(0.0060148829 0.011013787 0.028999585)
(0.0089414135 0.010987817 0.028000449)
(0.0079742262 0.012010877 0.027998682)
(0.0079675986 0.011003568 0.029000114)
(-0.0085786258 0.012707508 0.027990429)
(-0.0071038591 0.013019761 0.028001081)
(-0.008046741 0.014027583 0.028002487)
(-0.0083696904 0.013298618 0.028998323)
(-0.0061006582 0.014074815 0.028001209)
(-0.0060789433 0.013051911 0.028999839)
(0.0070965883 0.013039849 0.027996583)
(0.0061012241 0.014074027 0.02799779)
(0.0060784731 0.013053334 0.028997929)
(0.0085834959 0.012691453 0.027999565)
(0.0080414877 0.014037411 0.028002544)
(0.008364698 0.013311883 0.028993835)
(-0.0072857993 0.015275642 0.028001522)
(-0.0076723523 0.014695993 0.029003054)
(-0.005122307 0.015105757 0.028001094)
(-0.0064050223 0.016320121 0.028004665)
(-0.006128223 0.015121456 0.029000533)
(-0.0040891827 0.016089804 0.028000423)
(-0.0040912785 0.015089469 0.028999892)
(0.0051155044 0.015109901 0.027996275)
(0.0040778107 0.016097305 0.027998196)
(0.0040819382 0.015095595 0.028998068)
(0.0072933704 0.015265076 0.027998536)
(0.0064018912 0.016323464 0.027991932)
(0.0061265003 0.015120108 0.028990947)
(0.0076478865 0.014735337 0.029001895)
(-0.0052859021 0.017278447 0.028000416)
(-0.0058354242 0.016847549 0.028997854)
(-0.0030528088 0.017092208 0.028000373)
(-0.0040344335 0.018043079 0.027998799)
(-0.0040685741 0.017071784 0.028999447)
(-0.0010094699 0.016992743 0.028000235)
(-0.0020136762 0.0179728 0.028002277)
(-0.0020280881 0.017027113 0.028998248)
(0.0010053308 0.016994308 0.028000043)
(-1.0133506e-06 0.01798582 0.028000022)
(-1.5358317e-06 0.016991767 0.0289999)
(0.0030270226 0.017103068 0.027999305)
(0.002006783 0.017976496 0.027999521)
(0.0020223113 0.017030175 0.029000327)
(0.00524796 0.017305636 0.028001791)
(0.004042593 0.018038718 0.027999143)
(0.0040495043 0.017084145 0.02900081)
(0.0058578589 0.016829137 0.029000058)
(-0.0026920188 0.018583324 0.028003501)
(-0.00099079509 0.01894112 0.027999753)
(-0.0019155728 0.018789817 0.029003223)
(0.00098786897 0.018941408 0.028000197)
(-1.9729977e-06 0.018999935 0.028999757)
(0.0027575299 0.018563451 0.028002108)
(0.00193727 0.018784758 0.029003488)
(-0.002756879 0.0014363506 0.029999121)
(-0.0040301359 0.0019546237 0.030000342)
(-0.0009839559 0.001058206 0.029999968)
(-0.0020115061 0.0020276269 0.029998411)
(-0.001926601 0.0012127546 0.031001698)
(0.0009869461 0.0010585006 0.03)
(2.9470369e-06 0.0020144207 0.029999628)
(2.426337e-06 0.0010000795 0.03099888)
(0.0027227028 0.0014259833 0.029998004)
(0.0020190025 0.0020291292 0.030001764)
(0.0019546055 0.0012192844 0.030996077)
(0.0040213447 0.0019499247 0.029999496)
(-0.0053036841 0.0027342958 0.030005831)
(-0.0063877105 0.003661396 0.030002363)
(-0.0058471081 0.0031620392 0.030999421)
(-0.0030569366 0.0029091418 0.029998916)
(-0.0040855946 0.0039073631 0.030002024)
(-0.0040478974 0.0029145386 0.031000543)
(-0.0010058908 0.0030067159 0.029999889)
(-0.0020235074 0.0029709465 0.0310008)
(0.0010112547 0.003007423 0.030000152)
(2.4221451e-06 0.0030085798 0.030999699)
(0.0030560391 0.0029074012 0.030001316)
(0.0020312258 0.0029727887 0.030998387)
(0.0052606987 0.0027034929 0.030005638)
(0.0040780283 0.0039005843 0.0300013)
(0.0040551604 0.0029185344 0.031001653)
(0.0063685741 0.0036409643 0.029998804)
(0.0058391921 0.0031555427 0.031000524)
(-0.0072949324 0.0047371038 0.029999386)
(-0.0080454627 0.0059700258 0.030000599)
(-0.0076359685 0.0052454967 0.030991435)
(-0.0051179597 0.00489026 0.030001398)
(-0.0060984515 0.0059221861 0.029999467)
(-0.0061177515 0.0048698852 0.030995758)
(-0.004082516 0.0049036234 0.031000574)
(0.0051130653 0.0048875338 0.03000108)
(0.0040822544 0.0049027217 0.031000312)
(0.0073069547 0.0047538809 0.030002667)
(0.0061030072 0.0059294496 0.030000514)
(0.0061294073 0.0048853452 0.030999833)
(0.0080427491 0.0059649489 0.029998375)
(0.0076811183 0.0053181035 0.031002386)
(-0.0085752418 0.0072813365 0.030007507)
(-0.007095619 0.0069583689 0.029998965)
(-0.0079746491 0.0079910544 0.029998537)
(-0.0083832927 0.0067375223 0.030996011)
(-0.0060404372 0.007969928 0.029999438)
(-0.006078718 0.0069495285 0.030998791)
(0.0070970826 0.0069597639 0.03000052)
(0.0060413925 0.007971868 0.030000145)
(0.0060794755 0.0069488268 0.030999951)
(0.0085779455 0.0072902494 0.030001083)
(0.0079765627 0.0080012313 0.030001102)
(0.0083732252 0.0067107737 0.030997414)
(-0.0089413234 0.0090112681 0.029999873)
(-0.0069977138 0.0089910909 0.029999668)
(-0.0079861387 0.009999657 0.029999956)
(-0.0079681007 0.0089984148 0.030999782)
(-0.0060077881 0.0099999065 0.029999864)
(-0.0060149467 0.0089871241 0.030999702)
(0.0069980818 0.0089933015 0.030000082)
(0.0060079893 0.010000701 0.029999813)
(0.0060149196 0.0089868729 0.03099983)
(0.008941745 0.0090155481 0.02999979)
(0.0079862343 0.010002223 0.030000144)
(0.0079678345 0.0089995498 0.030999897)
(-0.0089414161 0.01098779 0.030000247)
(-0.0069973693 0.011009294 0.029999888)
(-0.0079712042 0.012015583 0.029999587)
(-0.0079680266 0.011000467 0.031000099)
(-0.0060403461 0.012031286 0.029999672)
(-0.006014981 0.011012704 0.030999962)
(0.0069977312 0.011009637 0.029999621)
(0.0060409154 0.012030021 0.02999899)
(0.0060156022 0.011011773 0.030999365)
(0.0089409844 0.010992173 0.03000068)
(0.0079729574 0.012011353 0.029999155)
(0.0079682459 0.011000825 0.030999779)
(-0.0085899022 0.012670335 0.030004972)
(-0.0070907146 0.013055129 0.029998151)
(-0.0080510279 0.014019562 0.029999245)
(-0.0083775457 0.013277747 0.031002816)
(-0.0061001981 0.014076446 0.029998964)
(-0.0060801013 0.013049868 0.030999916)
(0.0070935419 0.01304833 0.029998758)
(0.0061003334 0.014075518 0.029999524)
(0.006081152 0.013047969 0.030998546)
(0.0085670392 0.012745704 0.02999705)
(0.0080417548 0.014036911 0.030001088)
(0.0083760805 0.01328164 0.030991396)
(-0.0072829925 0.015279559 0.029996515)
(-0.0076646817 0.014708328 0.031000457)
(-0.0051215994 0.015106503 0.029999059)
(-0.0063944506 0.016331408 0.029994928)
(-0.0061363776 0.015109839 0.031000493)
(-0.0040861224 0.01609143 0.029999593)
(-0.004088044 0.01509124 0.030999025)
(0.0051138149 0.015112024 0.029999969)
(0.0040764449 0.016098873 0.030000896)
(0.0040867776 0.015091624 0.031000435)
(0.0072991992 0.015256942 0.030001543)
(0.0063691676 0.016358402 0.030005583)
(0.0061419184 0.015104788 0.031001307)
(0.0076602528 0.014715451 0.03100491)
(-0.0052800892 0.017282612 0.030001195)
(-0.0058397472 0.016844001 0.031002088)
(-0.0030393597 0.017097468 0.029998039)
(-0.0040180762 0.018051822 0.03000447)
(-0.0040532903 0.017080757 0.030999159)
(-0.0010077506 0.016993759 0.029999346)
(-0.0020042893 0.017976118 0.029998966)
(-0.0020181688 0.017031758 0.030998272)
(0.0010059208 0.016993926 0.030000592)
(-1.7182646e-06 0.017985904 0.029999961)
(-1.2803241e-06 0.016991925 0.031000002)
(0.0030384579 0.017099023 0.030003044)
(0.0020081438 0.017974939 0.030002591)
(0.0020251999 0.017028636 0.031002209)
(0.0052481869 0.017305473 0.030005383)
(0.0040237436 0.018048793 0.030001104)
(0.0040520831 0.017082672 0.031000299)
(0.0058414939 0.016842568 0.031002256)
(-0.00273384 0.018570638 0.03000236)
(-0.00099051196 0.018941148 0.029999255)
(-0.0019494932 0.018781907 0.031001178)
(0.00098447807 0.018941742 0.029998766)
(-3.1827496e-06 0.018999895 0.030998516)
(0.0027508007 0.018565493 0.029994779)
(0.0019071945 0.01879177 0.031003527)
(-0.0027046033 0.0014204929 0.031994812)
(-0.0040213647 0.0019499354 0.032001533)
(-0.000985837 0.0010583913 0.031998777)
(-0.0020076036 0.0020259666 0.031998758)
(-0.0019263442 0.0012126948 0.033000728)
(0.00098759779 0.0010585647 0.031999814)
(2.1654045e-06 0.0020142693 0.031999834)
(-8.0854249e-08 0.0010000027 0.032999781)
(0.0026964616 0.0014180232 0.032008067)
(0.0020060584 0.0020257931 0.031998614)
(0.0019161444 0.0012103165 0.033002978)
(0.0040230013 0.0019508101 0.031998516)
(-0.0052783525 0.0027161434 0.032005021)
(-0.0063864462 0.0036600462 0.032000091)
(-0.0058526908 0.0031666208 0.032998836)
(-0.0030491007 0.0029056927 0.031999264)
(-0.0040808396 0.0039033403 0.032001343)
(-0.0040646445 0.0029250389 0.033001785)
(-0.0010061755 0.0030065846 0.031999685)
(-0.002023394 0.002970953 0.03299979)
(0.001009378 0.003006821 0.031999324)
(1.6319549e-06 0.0030082353 0.032999631)
(0.0030531255 0.0029061848 0.031998721)
(0.0020237626 0.0029700363 0.032998478)
(0.0052479085 0.0026943276 0.032000014)
(0.0040756061 0.003898335 0.03200001)
(0.004056151 0.0029197914 0.032999267)
(0.00636695 0.0036392303 0.032003024)
(0.0058332103 0.0031506335 0.032999519)
(-0.0073016934 0.0047465389 0.032002516)
(-0.0080428198 0.0059650814 0.032003599)
(-0.0076347395 0.0052435204 0.033004291)
(-0.0051135397 0.0048867435 0.032000811)
(-0.0060984059 0.0059230382 0.032)
(-0.0061172536 0.0048711696 0.033000631)
(-0.0040827109 0.0049031416 0.033001038)
(0.0051078837 0.0048813772 0.032000607)
(0.0040796505 0.0048999214 0.032999696)
(0.0072979953 0.0047413781 0.032000289)
(0.0060973693 0.0059216819 0.032000323)
(0.0061110837 0.0048631791 0.033001141)
(0.0080489189 0.005976492 0.03199843)
(0.007657774 0.0052805628 0.032990493)
(-0.008571724 0.0072697398 0.03200175)
(-0.0070935092 0.0069521844 0.031999887)
(-0.0079719091 0.0079844544 0.032000382)
(-0.0083726158 0.0067091546 0.032998077)
(-0.0060405514 0.0079702311 0.031999736)
(-0.0060787955 0.0069498451 0.032999824)
(0.0070886799 0.0069390967 0.031999169)
(0.0060395137 0.0079674587 0.031999703)
(0.0060774964 0.0069480482 0.032999712)
(0.0085840388 0.0073103362 0.032003098)
(0.0079693552 0.007979473 0.03199848)
(0.0083861675 0.0067451606 0.032995125)
(-0.0089413734 0.0090117757 0.031999711)
(-0.0069977313 0.0089909299 0.031999907)
(-0.007986189 0.0099980026 0.032000115)
(-0.007968305 0.008998903 0.033000016)
(-0.006007889 0.009999627 0.031999987)
(-0.0060153125 0.0089879026 0.032999934)
(0.0069972178 0.0089896653 0.031999719)
(0.0060082219 0.0099987681 0.031999671)
(0.0060150073 0.0089868617 0.032999817)
(0.0089411634 0.0090096435 0.032000247)
(0.0079863143 0.0099995306 0.031999888)
(0.0079683539 0.0089998303 0.03299988)
(-0.0089416863 0.010985048 0.032000017)
(-0.0069978473 0.011007506 0.032000092)
(-0.0079747008 0.012008463 0.031999277)
(-0.0079677455 0.010999673 0.03300043)
(-0.0060407369 0.012029397 0.032000139)
(-0.0060146055 0.011013051 0.033000279)
(0.0069988942 0.011005874 0.031999505)
(0.0060428079 0.012025083 0.031999061)
(0.0060161192 0.011010098 0.032999534)
(0.0089413392 0.010988571 0.032000671)
(0.0079771815 0.012001721 0.031998222)
(0.0079689469 0.010998481 0.033000151)
(-0.0085777821 0.01271029 0.03200294)
(-0.0070971513 0.013036658 0.032000288)
(-0.008047789 0.014025622 0.032001401)
(-0.0083675739 0.013304242 0.033007616)
(-0.0060978632 0.014078771 0.031999247)
(-0.0060771357 0.013054599 0.033000725)
(0.0070995693 0.013031672 0.031997926)
(0.0061019758 0.014072969 0.032000121)
(0.0060820672 0.01304444 0.032999691)
(0.0085769447 0.01271305 0.031995267)
(0.0080417342 0.01403695 0.032002992)
(0.0083851872 0.013257444 0.033005664)
(-0.0072674352 0.015301269 0.032002471)
(-0.007683884 0.014677449 0.033001464)
(-0.0051186591 0.015109681 0.031997301)
(-0.0063959215 0.016329837 0.031985797)
(-0.0061255821 0.015122371 0.032998937)
(-0.0040860292 0.01609218 0.031997905)
(-0.0040857249 0.015094635 0.032998655)
(0.0051196123 0.015107025 0.031999772)
(0.0040824705 0.016094291 0.032000543)
(0.0040869984 0.015092044 0.032999278)
(0.0072906914 0.015268815 0.032002523)
(0.006382132 0.01634456 0.031997737)
(0.0061383167 0.015108342 0.03299776)
(0.0076635598 0.014710133 0.033004659)
(-0.0052884395 0.017276628 0.031997342)
(-0.005844021 0.016840494 0.033000165)
(-0.0030406556 0.017097071 0.031997889)
(-0.0040352229 0.018042657 0.03200079)
(-0.0040617285 0.017077538 0.032999031)
(-0.0010088302 0.016993641 0.031999562)
(-0.0020016067 0.017976754 0.031998996)
(-0.0020321419 0.017026377 0.032998572)
(0.0010069886 0.016993128 0.032001301)
(-3.1878799e-06 0.017985707 0.032000584)
(-3.6671792e-06 0.016991422 0.033000212)
(0.0030510692 0.017093839 0.032006303)
(0.0020136841 0.01797185 0.032005275)
(0.0020254589 0.017028216 0.033001009)
(0.0052681836 0.017291144 0.032002387)
(0.0040130992 0.018054482 0.031999066)
(0.0040571557 0.017079346 0.033000569)
(0.00583549 0.016847495 0.032999408)
(-0.0027114822 0.01857742 0.032001786)
(-0.00099389048 0.018940815 0.032000089)
(-0.0019302969 0.018786383 0.032997615)
(0.00098809337 0.018941386 0.032000157)
(-9.4061498e-06 0.018999691 0.033000001)
(0.0027313297 0.018571399 0.031998278)
(0.0019150357 0.018789942 0.03300134)
(-0.0027240708 0.0014263983 0.034011311)
(-0.0040347451 0.0019570873 0.033999157)
(-0.00098591948 0.0010583994 0.033999647)
(-0.0020069891 0.0020254575 0.034000792)
(-0.001946243 0.0012173345 0.035001781)
(0.00099044328 0.001058845 0.033999305)
(3.7517061e-06 0.002014331 0.033999913)
(6.2484311e-06 0.0010002046 0.034999468)
(0.0027022249 0.0014197714 0.034001644)
(0.002016176 0.0020275826 0.033998521)
(0.0019228014 0.0012118687 0.03499853)
(0.0040313897 0.0019552938 0.033996881)
(-0.0052613966 0.002703993 0.034000232)
(-0.0063718629 0.0036444757 0.03400419)
(-0.0058423058 0.0031580981 0.034998351)
(-0.0030465634 0.0029045337 0.034000307)
(-0.0040791734 0.0039013176 0.03400108)
(-0.0040576067 0.0029206716 0.035001827)
(-0.0010059952 0.0030064505 0.033999948)
(-0.002026556 0.0029718381 0.035000968)
(0.001010107 0.0030066985 0.033999169)
(2.471453e-06 0.0030084401 0.034999502)
(0.0030474654 0.0029044576 0.033997983)
(0.0020278282 0.0029717483 0.03499841)
(0.0052697099 0.0027099502 0.034000066)
(0.0040768285 0.0038992614 0.033998802)
(0.0040501132 0.0029157065 0.03499772)
(0.0063407561 0.0036143052 0.033994813)
(0.0058536572 0.0031674139 0.035002892)
(-0.0073033575 0.0047488611 0.033997921)
(-0.0080466054 0.0059721636 0.034000724)
(-0.0076724476 0.0053041598 0.034993583)
(-0.0051099431 0.0048831943 0.034000927)
(-0.0060982649 0.0059245987 0.033999849)
(-0.0061141699 0.0048668085 0.034997983)
(-0.0040814318 0.0049017356 0.035000707)
(0.0051068284 0.0048799573 0.033998907)
(0.0040838117 0.004904981 0.034999221)
(0.0072953511 0.0047376881 0.033993901)
(0.0060952439 0.0059200529 0.033999149)
(0.0061333027 0.0048872067 0.035001949)
(0.0080436051 0.0059665504 0.03399893)
(0.007682101 0.0053196839 0.034998396)
(-0.0085796983 0.0072960275 0.03400541)
(-0.0071023629 0.006975765 0.034000585)
(-0.0079787566 0.0080030238 0.033999813)
(-0.0083746942 0.0067146766 0.034994672)
(-0.0060423293 0.007974768 0.033999789)
(-0.0060789923 0.0069512927 0.034999018)
(0.0070950664 0.0069570368 0.034001944)
(0.0060409817 0.0079717167 0.034000242)
(0.0060813933 0.0069545663 0.035000353)
(0.0085759336 0.0072836168 0.034000693)
(0.0079732754 0.0079882563 0.034002146)
(0.0083785203 0.0067248423 0.03499946)
(-0.008941098 0.0090089796 0.033999978)
(-0.0069989562 0.0089934683 0.03399991)
(-0.007986343 0.009997118 0.034000074)
(-0.007968639 0.0089984772 0.034999678)
(-0.0060081405 0.0099999143 0.034000068)
(-0.0060157279 0.0089880938 0.034999731)
(0.0069983063 0.0089922389 0.034000068)
(0.0060084114 0.0099996385 0.033999689)
(0.0060159529 0.00898973 0.03499989)
(0.0089414376 0.0090124272 0.033999418)
(0.0079865268 0.0099994869 0.033999905)
(0.0079686818 0.0090006809 0.034999626)
(-0.0089418081 0.01098381 0.033999847)
(-0.0069975234 0.011008333 0.034000326)
(-0.0079708291 0.012019128 0.03400046)
(-0.0079685209 0.010997217 0.035000467)
(-0.0060394676 0.012031623 0.034000536)
(-0.0060150998 0.011011515 0.03500035)
(0.0069988042 0.011006006 0.033999263)
(0.006042029 0.012026157 0.033998888)
(0.006015262 0.011012679 0.03499945)
(0.0089410783 0.010991221 0.033999981)
(0.0079783717 0.011993186 0.033995992)
(0.0079679632 0.011001165 0.034999639)
(-0.0085583578 0.012774322 0.033990885)
(-0.0070915196 0.013051435 0.034000084)
(-0.0080505908 0.01402038 0.034000075)
(-0.008376221 0.013281267 0.035006895)
(-0.0060931963 0.014083749 0.03399984)
(-0.0060777969 0.013051996 0.035001284)
(0.0070977489 0.01303666 0.033996573)
(0.0060987235 0.014075873 0.033999367)
(0.0060781712 0.013052685 0.034999019)
(0.0085622613 0.012761454 0.034000693)
(0.0080437539 0.014033171 0.034002604)
(0.008367773 0.013303713 0.035002752)
(-0.007281221 0.015282031 0.034001033)
(-0.0076405801 0.014747087 0.034991391)
(-0.0051078778 0.015119806 0.033998271)
(-0.0063362587 0.016389907 0.033990946)
(-0.0061291722 0.015120697 0.035002759)
(-0.0040793625 0.016098643 0.033998616)
(-0.0040851536 0.015094706 0.03500036)
(0.0051125506 0.015114237 0.033997823)
(0.0040795445 0.016097467 0.033998727)
(0.0040810852 0.015097153 0.034998967)
(0.0073012542 0.015254074 0.034005153)
(0.006343363 0.016383254 0.033989461)
(0.0061261921 0.015120795 0.034998152)
(0.0076513497 0.014729768 0.034998848)
(-0.0052620795 0.017295518 0.0339935)
(-0.0058530374 0.016833094 0.034999353)
(-0.0030489804 0.01709471 0.034000345)
(-0.0040280598 0.018046486 0.034002312)
(-0.0040598859 0.01707792 0.03500118)
(-0.0010107451 0.01699301 0.03400011)
(-0.0020057606 0.017974687 0.033999598)
(-0.0020269642 0.017028474 0.035000818)
(0.0010043068 0.016993822 0.034000319)
(-5.2646241e-06 0.01798568 0.034000214)
(-3.4501977e-06 0.016991808 0.035000368)
(0.0030397758 0.017097831 0.033999633)
(0.0020077614 0.017975192 0.034000469)
(0.0020201429 0.017030865 0.034999474)
(0.0052826044 0.01728081 0.033999924)
(0.0040232886 0.018049036 0.033999615)
(0.004052183 0.017081918 0.035000101)
(0.005844625 0.016839998 0.035001634)
(-0.0026434604 0.018598054 0.033994038)
(-0.00099216404 0.018940985 0.034000454)
(-0.0019340307 0.018785513 0.035008629)
(0.00098123302 0.018942062 0.034000424)
(-4.2258633e-06 0.018999861 0.035000431)
(0.002727509 0.018572558 0.033997239)
(0.001938529 0.018784464 0.035002365)
(-0.0027338754 0.0014293725 0.036011755)
(-0.0040318459 0.0019555377 0.035998559)
(-0.00098459924 0.0010582694 0.035998857)
(-0.002006289 0.0020251549 0.036000997)
(-0.0019160167 0.0012102867 0.036992597)
(0.00099115647 0.0010589152 0.035999114)
(2.4722681e-06 0.0020142007 0.035998982)
(8.9508704e-07 0.0010000293 0.036998621)
(0.0027386759 0.0014308287 0.036017464)
(0.0020014673 0.002022043 0.036000232)
(0.001928568 0.0012132133 0.036996965)
(0.0040319593 0.0019555983 0.035994244)
(-0.0052666464 0.0027077549 0.036001123)
(-0.0063338731 0.0036078585 0.036000108)
(-0.0058486957 0.0031633421 0.037001667)
(-0.0030433411 0.0029033715 0.036001725)
(-0.0040783163 0.0039006461 0.036001092)
(-0.0040534088 0.0029183745 0.037002329)
(-0.0010063337 0.0030066947 0.035999641)
(-0.0020290056 0.0029733163 0.03699901)
(0.0010081624 0.0030060237 0.035999245)
(1.6064302e-06 0.0030085689 0.036999067)
(0.0030292019 0.0028978719 0.036000074)
(0.0020243341 0.0029701639 0.036998875)
(0.0052719902 0.0027115842 0.035995041)
(0.0040810796 0.0039055218 0.035998361)
(0.0040494974 0.0029159905 0.036998544)
(0.0064002192 0.0036747514 0.036001283)
(0.0058341936 0.0031514405 0.03699738)
(-0.0072923263 0.004733467 0.036002121)
(-0.0080426297 0.0059647257 0.036001773)
(-0.0076904405 0.0053330948 0.03700235)
(-0.005107797 0.0048805789 0.036000853)
(-0.0060948465 0.0059193705 0.035999944)
(-0.0061367295 0.0048891789 0.037000885)
(-0.0040882941 0.0049081036 0.037000975)
(0.0051211381 0.0048951659 0.035999493)
(0.0040861841 0.0049079984 0.03699887)
(0.0073018193 0.0047467145 0.036000758)
(0.0061055569 0.005932908 0.036000142)
(0.00614197 0.0048970426 0.036998869)
(0.0080438113 0.0059669362 0.035998504)
(0.0076569666 0.0052792644 0.037001063)
(-0.0085620604 0.0072378834 0.035999967)
(-0.0070977318 0.006964241 0.035998795)
(-0.0079775242 0.0080003411 0.035998985)
(-0.0083674116 0.0066953271 0.036998261)
(-0.0060412597 0.0079717357 0.035999424)
(-0.0060780229 0.0069457969 0.036999343)
(0.0071038528 0.0069786293 0.036001618)
(0.0060438832 0.0079782788 0.036000177)
(0.0060843081 0.0069597803 0.036999821)
(0.0085812231 0.007301054 0.036009832)
(0.0079789067 0.0080029012 0.036000969)
(0.0083864262 0.006745848 0.037001915)
(-0.0089410287 0.0090082754 0.035999648)
(-0.006998454 0.008991664 0.035999667)
(-0.0079864955 0.0099966677 0.035999973)
(-0.0079677294 0.0089971182 0.037000031)
(-0.006008385 0.0099982954 0.035999936)
(-0.0060150384 0.0089853629 0.036999711)
(0.0069995484 0.0089960666 0.035999879)
(0.0060085537 0.01000143 0.035999689)
(0.0060164848 0.0089906927 0.036999728)
(0.0089415885 0.0090139597 0.035999167)
(0.0079865726 0.010001175 0.035999457)
(0.0079692363 0.0090026436 0.036999514)
(-0.0089416516 0.0109854 0.036000174)
(-0.0069986537 0.011004813 0.036000191)
(-0.007977025 0.011999442 0.036000749)
(-0.0079688521 0.010997101 0.03699983)
(-0.0060413804 0.012026275 0.036000419)
(-0.006015822 0.011009343 0.036999877)
(0.0069979426 0.011008394 0.035999532)
(0.0060402944 0.012030475 0.035999256)
(0.0060154166 0.011012313 0.036999815)
(0.0089416324 0.010985595 0.035999529)
(0.0079732807 0.012007899 0.035998964)
(0.0079682122 0.010998577 0.037000105)
(-0.0085742406 0.012721964 0.036005662)
(-0.0070971749 0.013036961 0.03600073)
(-0.0080466739 0.014027708 0.036001534)
(-0.0083882408 0.013249331 0.036995096)
(-0.0060968026 0.014078095 0.03600176)
(-0.0060803254 0.013046076 0.036999727)
(0.0070920945 0.013050704 0.035997308)
(0.0060950399 0.014081256 0.035998101)
(0.0060798862 0.013050482 0.036999955)
(0.0085723029 0.012728352 0.03600435)
(0.0080507496 0.014020083 0.036000646)
(0.0083695394 0.013299019 0.037004858)
(-0.0073002503 0.015255475 0.036003825)
(-0.0076738116 0.014693646 0.036993339)
(-0.0051099751 0.015116714 0.036001383)
(-0.0063405842 0.016385856 0.036009162)
(-0.00613082 0.015116975 0.036998475)
(-0.0040799703 0.016097872 0.036000609)
(-0.0040835048 0.015095384 0.036999326)
(0.0051057851 0.01512042 0.035998811)
(0.0040718135 0.016102751 0.035999544)
(0.0040826979 0.015094726 0.036999524)
(0.0072712457 0.015295951 0.035990074)
(0.0063399907 0.016386412 0.036000448)
(0.0061438297 0.015100729 0.037000617)
(0.0076944169 0.01466051 0.036998973)
(-0.0052634402 0.017294543 0.035998332)
(-0.0058365717 0.016846607 0.037000917)
(-0.0030464381 0.017095538 0.036000808)
(-0.0040463757 0.018036696 0.036002792)
(-0.0040558972 0.017081386 0.036999317)
(-0.0010104711 0.016993201 0.036000709)
(-0.002009423 0.017974153 0.036000394)
(-0.0020297925 0.017027508 0.037002056)
(0.0010033206 0.016994474 0.036000048)
(-3.8582825e-06 0.017985851 0.036000542)
(-3.6566188e-06 0.01699189 0.037000821)
(0.0030343478 0.017100817 0.035998405)
(0.0020062328 0.017975561 0.035998761)
(0.0020173239 0.017031709 0.03699974)
(0.005239297 0.017311844 0.036000831)
(0.0040166068 0.018052608 0.035999985)
(0.0040556429 0.017080114 0.036999014)
(0.0058518743 0.016834048 0.036999211)
(-0.0027641551 0.018561442 0.035996626)
(-0.00098944996 0.018941252 0.036000172)
(-0.0019384504 0.018784482 0.037000989)
(0.00098389198 0.0189418 0.036000454)
(-2.205537e-06 0.018999927 0.037002688)
(0.0027829901 0.018555728 0.036002503)
(0.0019204472 0.01878868 0.037002062)
(-0.0027454985 0.0014328983 0.038002606)
(-0.0040300863 0.0019545972 0.038001133)
(-0.00098430019 0.00105824 0.037999135)
(-0.0020158471 0.0020288124 0.03799665)
(-0.0019099654 0.0012088758 0.039001202)
(0.00099050773 0.0010588513 0.037998981)
(3.4263389e-06 0.0020145999 0.037999179)
(4.3999063e-06 0.0010001441 0.039000258)
(0.0027064138 0.0014210421 0.038004894)
(0.0020207277 0.0020307781 0.037997023)
(0.0019320739 0.0012140308 0.039003476)
(0.0040177004 0.0019479767 0.037999663)
(-0.0053020061 0.0027330933 0.038005073)
(-0.0063862024 0.0036597859 0.03799459)
(-0.0058347211 0.0031518734 0.039000515)
(-0.0030574771 0.0029097741 0.037995778)
(-0.0040912731 0.0039115319 0.038000434)
(-0.0040662659 0.0029265857 0.039000093)
(-0.0010075165 0.003007604 0.037998785)
(-0.0020267984 0.0029729419 0.038998861)
(0.0010116247 0.0030075146 0.03799879)
(2.8170495e-06 0.0030087334 0.038999484)
(0.003064214 0.0029104088 0.037994409)
(0.002029231 0.0029720975 0.038999243)
(0.0052481752 0.0026945187 0.037997769)
(0.0040786095 0.0039020293 0.037998442)
(0.004053297 0.0029173384 0.038999407)
(0.0063794716 0.0036525994 0.037996601)
(0.0058460596 0.0031611787 0.039000842)
(-0.0072670169 0.0046981478 0.037999686)
(-0.0080424604 0.0059644089 0.038000928)
(-0.007662682 0.0052884556 0.039002428)
(-0.0051231197 0.0048940994 0.03800003)
(-0.0060977953 0.0059193339 0.037999502)
(-0.0061450086 0.0048984453 0.039000427)
(-0.0040925699 0.0049125188 0.038999586)
(0.0051156859 0.0048900607 0.037998726)
(0.0040823516 0.0049031667 0.03899945)
(0.0073064836 0.0047532235 0.037999102)
(0.0061037691 0.0059304607 0.037999047)
(0.0061262828 0.004877618 0.03899942)
(0.0080536876 0.0059854135 0.037999481)
(0.0076568803 0.0052791257 0.039002532)
(-0.0085806885 0.0072992918 0.038003085)
(-0.0070894494 0.0069427481 0.037998584)
(-0.007970856 0.0079826504 0.037999596)
(-0.0083726333 0.0067092009 0.038997295)
(-0.0060399022 0.0079669203 0.037999447)
(-0.0060800719 0.0069483685 0.038999352)
(0.0070985182 0.0069639321 0.037998046)
(0.0060422824 0.0079736822 0.037999329)
(0.0060779919 0.0069465047 0.038999335)
(0.0085694051 0.0072620955 0.03800814)
(0.0079750979 0.0079926346 0.037998627)
(0.0083650892 0.0066891569 0.038999935)
(-0.0089413269 0.0090113037 0.037999623)
(-0.0069973991 0.0089885793 0.037999688)
(-0.0079862802 0.0099972425 0.037999876)
(-0.0079677858 0.0089970336 0.038999788)
(-0.0060083749 0.0099971122 0.037999765)
(-0.0060153951 0.0089853888 0.038999658)
(0.006998522 0.0089925672 0.037999426)
(0.0060085274 0.009999527 0.037999686)
(0.0060150599 0.0089864733 0.038999471)
(0.0089412182 0.0090101998 0.037999326)
(0.0079864996 0.0099980981 0.037999642)
(0.0079675307 0.0089976066 0.038999391)
(-0.008941646 0.010985456 0.037999921)
(-0.0069986577 0.011004811 0.037999724)
(-0.0079742144 0.012008996 0.037998835)
(-0.0079688329 0.010997536 0.038999828)
(-0.0060417581 0.0120255 0.037999654)
(-0.0060162134 0.011008368 0.038999737)
(0.0069985817 0.011005557 0.038000023)
(0.0060419117 0.012026637 0.038000078)
(0.0060160309 0.011009781 0.038999784)
(0.0089419873 0.010981991 0.037999939)
(0.0079760199 0.01200219 0.038001595)
(0.0079688457 0.010996545 0.03899992)
(-0.0085712353 0.012731871 0.037997228)
(-0.0070961749 0.013039783 0.037999515)
(-0.0080476155 0.014025947 0.037998602)
(-0.0083737224 0.013287905 0.039003799)
(-0.0060962852 0.014078542 0.03799949)
(-0.0060800429 0.013046843 0.038999602)
(0.0070965295 0.013039706 0.038000448)
(0.0061002946 0.01407448 0.037999891)
(0.0060825047 0.013044414 0.038999959)
(0.0085660502 0.012748964 0.038000613)
(0.008046974 0.014027147 0.03800319)
(0.0083804942 0.013269913 0.039000304)
(-0.0072950199 0.015262774 0.038005199)
(-0.0076764064 0.014689474 0.039011829)
(-0.0051089701 0.015117609 0.037997821)
(-0.0063369018 0.016389305 0.037990335)
(-0.0061270576 0.015121385 0.03899826)
(-0.0040774697 0.016099135 0.037998627)
(-0.004083845 0.015094616 0.038999069)
(0.0051119643 0.015113503 0.037999222)
(0.0040752525 0.016099635 0.037999466)
(0.0040828327 0.015093994 0.038999457)
(0.0072831152 0.015279387 0.03799947)
(0.0063553808 0.016371998 0.037997058)
(0.0061454069 0.015100233 0.038998527)
(0.0076471641 0.014736499 0.039004326)
(-0.0052731792 0.017287564 0.03799794)
(-0.005849666 0.016835861 0.039004488)
(-0.0030387135 0.017098619 0.038003157)
(-0.0040220046 0.018049722 0.037998739)
(-0.0040532122 0.017081987 0.038999703)
(-0.001010196 0.016993334 0.038001141)
(-0.0020099277 0.017974823 0.038003586)
(-0.0020281538 0.017028171 0.039000815)
(0.0010039241 0.016994164 0.038000085)
(-2.9548989e-06 0.01798584 0.03800112)
(-3.0741518e-06 0.016991712 0.039000255)
(0.0030440765 0.017096948 0.037998815)
(0.0020089697 0.017974038 0.03799908)
(0.002019646 0.017030843 0.038999567)
(0.0052486483 0.017305142 0.038001239)
(0.00402558 0.018047811 0.03799918)
(0.0040435737 0.017088316 0.03900005)
(0.0058395261 0.016844182 0.038998791)
(-0.002694231 0.018582653 0.037988083)
(-0.00098872083 0.018941324 0.038000269)
(-0.0019357634 0.018785109 0.039003731)
(0.00098260692 0.018941926 0.038000245)
(-2.5238066e-06 0.018999917 0.038999999)
(0.0027489876 0.018566043 0.038006589)
(0.0019243253 0.018787776 0.0390002)
(-0.0027097064 0.0014220409 0.039994352)
(-0.0040222488 0.0019504079 0.040000213)
(-0.00098237746 0.0010580506 0.039999524)
(-0.0020066109 0.0020247967 0.039998198)
(-0.0019363089 0.0012150182 0.041000236)
(0.0009887076 0.0010586741 0.039999954)
(2.9111951e-06 0.0020142245 0.040000105)
(2.2109463e-06 0.0010000724 0.040998114)
(0.0027342319 0.0014294807 0.039994542)
(0.002006834 0.0020244225 0.040000156)
(0.0019387319 0.0012155832 0.041002672)
(0.0040246676 0.0019517008 0.040000785)
(-0.0052716423 0.0027113349 0.039996291)
(-0.0063789366 0.0036520282 0.040001783)
(-0.0058414202 0.0031573712 0.041000258)
(-0.0030417515 0.0029032639 0.039996457)
(-0.0040834942 0.0039066709 0.039999001)
(-0.0040527032 0.0029178753 0.040999451)
(-0.0010043408 0.0030062462 0.039999232)
(-0.0020158578 0.0029676942 0.040998604)
(0.0010100992 0.0030067261 0.039999759)
(3.7365374e-06 0.003008233 0.040999655)
(0.0030391554 0.002900811 0.03999933)
(0.0020311181 0.0029726597 0.041000129)
(0.005245266 0.002692434 0.039993097)
(0.0040733124 0.0038968099 0.03999977)
(0.0040555552 0.0029186892 0.040996453)
(0.0063448948 0.0036181815 0.040019117)
(0.0058555023 0.0031689281 0.041003312)
(-0.007293516 0.0047351272 0.039997799)
(-0.0080475119 0.0059738597 0.040001075)
(-0.007674067 0.0053067641 0.040995333)
(-0.0051202268 0.0048935668 0.039999399)
(-0.006103068 0.0059283538 0.039999618)
(-0.0061367104 0.0048916085 0.040998723)
(-0.0040835409 0.0049060304 0.040999372)
(0.0051045496 0.0048780797 0.040002006)
(0.0040797869 0.0048997658 0.040999699)
(0.0072870026 0.0047260379 0.0399997)
(0.0060953516 0.0059198404 0.040001332)
(0.006123502 0.0048783889 0.041001933)
(0.00805472 0.0059873451 0.04000028)
(0.0076595533 0.0052834241 0.041004243)
(-0.0085754604 0.0072820571 0.040007884)
(-0.0070975331 0.0069616948 0.039998707)
(-0.0079753604 0.0079948017 0.039999691)
(-0.008384255 0.0067400792 0.040997548)
(-0.0060422853 0.0079722651 0.039999544)
(-0.0060827525 0.0069558034 0.040999528)
(0.0070923261 0.0069494933 0.039998303)
(0.0060400342 0.0079690485 0.039999402)
(0.0060783961 0.0069493768 0.041000064)
(0.0085764109 0.0072851904 0.04000116)
(0.0079727679 0.0079892302 0.039997945)
(0.0083775052 0.0067221452 0.040997128)
(-0.0089412525 0.0090105482 0.039999625)
(-0.0069986894 0.0089915265 0.039999728)
(-0.0079867931 0.009998738 0.040000037)
(-0.0079689372 0.0090005921 0.040999904)
(-0.0060089996 0.0099973181 0.039999775)
(-0.0060162435 0.0089877564 0.040999855)
(0.00699773 0.0089910801 0.039999431)
(0.0060083561 0.0099984263 0.039999615)
(0.006015237 0.0089872809 0.040999684)
(0.0089417372 0.0090154692 0.039999796)
(0.0079864341 0.0099987502 0.039999737)
(0.0079684863 0.0090017578 0.040999972)
(-0.0089416257 0.010985663 0.039999513)
(-0.0069998679 0.011002122 0.039999691)
(-0.0079817833 0.011988086 0.039998858)
(-0.0079691103 0.010997138 0.040999976)
(-0.006043768 0.012020618 0.039999494)
(-0.0060165861 0.011007948 0.04099986)
(0.0069988669 0.011005064 0.039999596)
(0.0060426017 0.01202482 0.039999619)
(0.0060159078 0.011010249 0.040999619)
(0.008941655 0.010985365 0.039999439)
(0.0079766276 0.012002785 0.039998484)
(0.0079684513 0.010998845 0.040999841)
(-0.0085887867 0.012674012 0.040002394)
(-0.0071044545 0.013017305 0.039998354)
(-0.0080449657 0.014030904 0.039997827)
(-0.0083845163 0.013259227 0.040999687)
(-0.006100335 0.014073716 0.039998271)
(-0.0060828114 0.013042052 0.040999469)
(0.0070998687 0.013031663 0.039998726)
(0.0061017806 0.014072016 0.039999826)
(0.006079788 0.013049128 0.040999914)
(0.0085716259 0.012730583 0.039995221)
(0.0080474652 0.014026228 0.040002262)
(0.0083667515 0.013306427 0.041005837)
(-0.0072831702 0.015279311 0.039996616)
(-0.0076657933 0.014706541 0.041007755)
(-0.0051160364 0.015110308 0.039998674)
(-0.0063895452 0.016336645 0.039995938)
(-0.0061362967 0.015109965 0.040997833)
(-0.0040804655 0.016095713 0.039999814)
(-0.0040875641 0.015090548 0.040999547)
(0.0051133314 0.015112151 0.039999552)
(0.0040763799 0.016098883 0.040000298)
(0.004082339 0.015095851 0.041000404)
(0.0073019651 0.015253082 0.040001207)
(0.006365596 0.016362216 0.039997492)
(0.0061242151 0.015122758 0.040997781)
(0.0076701756 0.014699493 0.040995314)
(-0.0052517179 0.017302943 0.040003803)
(-0.0058451039 0.016839605 0.040998714)
(-0.0030515325 0.01709377 0.039999596)
(-0.0040265624 0.018047286 0.040000813)
(-0.0040550456 0.017080126 0.041000692)
(-0.0010114115 0.016992785 0.040000034)
(-0.0020184535 0.01797132 0.040000592)
(-0.0020233254 0.017029252 0.040997697)
(0.0010045767 0.016994107 0.040000007)
(-2.0972038e-06 0.01798571 0.03999953)
(-1.1748382e-06 0.016991372 0.040999568)
(0.0030331468 0.017100875 0.040000556)
(0.0020009462 0.017976967 0.03999967)
(0.0020233984 0.017029357 0.041000287)
(0.0052646723 0.01729366 0.040002819)
(0.0040307235 0.018045062 0.039999871)
(0.0040496946 0.017084434 0.041002401)
(0.0058461219 0.016838769 0.041000493)
(-0.0026365567 0.018600148 0.039995657)
(-0.00099852379 0.018940359 0.040001729)
(-0.0019265597 0.018787255 0.040997032)
(0.00098765549 0.018941429 0.040000929)
(-9.0627238e-07 0.01899997 0.040998442)
(0.0027371842 0.018569623 0.039998385)
(0.0019278268 0.018786959 0.040996837)
(-0.002707592 0.0014213995 0.042002506)
(-0.004035267 0.0019573663 0.042001051)
(-0.00098448852 0.0010582585 0.042000399)
(-0.0020023379 0.0020231245 0.04200178)
(-0.0019231986 0.0012119613 0.043003751)
(0.0009892575 0.0010587282 0.0420001)
(4.0088429e-06 0.0020143012 0.041999908)
(3.8974893e-06 0.0010001276 0.042999335)
(0.0027320775 0.0014288271 0.042001013)
(0.0020166657 0.0020284946 0.042001876)
(0.0019180403 0.0012107586 0.042997453)
(0.0040367264 0.0019581464 0.042001501)
(-0.0052513571 0.0026967988 0.041999231)
(-0.0063629783 0.0036351185 0.042001565)
(-0.0058605855 0.0031730997 0.043005489)
(-0.0030314471 0.0028984667 0.042000502)
(-0.0040741645 0.0038990037 0.041999932)
(-0.0040514458 0.0029163037 0.043000416)
(-0.0010033381 0.0030055574 0.041999999)
(-0.0020244269 0.0029710776 0.042999733)
(0.0010121535 0.0030075885 0.042000125)
(2.8421077e-06 0.0030085995 0.042999985)
(0.0030565448 0.0029077243 0.041998372)
(0.0020339552 0.0029741982 0.043000354)
(0.0052616277 0.0027041586 0.041991407)
(0.0040760424 0.0038970273 0.041999191)
(0.0040632857 0.0029231151 0.043001389)
(0.0063148501 0.0035900416 0.042002297)
(0.0058525257 0.0031664853 0.042999207)
(-0.0073049752 0.0047511186 0.042006457)
(-0.0080478458 0.0059744844 0.042001139)
(-0.0076664123 0.0052944543 0.042995602)
(-0.0051097102 0.0048845592 0.042000422)
(-0.0061010936 0.005927691 0.042000741)
(-0.0061208588 0.0048755869 0.042999157)
(-0.0040780123 0.0049001923 0.043000006)
(0.0051001984 0.0048728197 0.042000813)
(0.0040823534 0.0049010479 0.043001001)
(0.0072829308 0.0047203556 0.04200448)
(0.0060914532 0.0059163873 0.042001553)
(0.006116257 0.0048673645 0.043003963)
(0.0080500145 0.0059785416 0.042001187)
(0.0076505384 0.005268927 0.042984121)
(-0.00858204 0.0073037468 0.04199824)
(-0.0070982602 0.0069634296 0.042000676)
(-0.0079750283 0.007992855 0.042001312)
(-0.008371603 0.0067064635 0.043005105)
(-0.0060420453 0.0079727764 0.042000217)
(-0.0060785797 0.0069490111 0.043000384)
(0.0070982756 0.006966094 0.042002218)
(0.0060409044 0.0079720734 0.042000068)
(0.0060773286 0.0069476116 0.042999317)
(0.008562661 0.0072398634 0.042001976)
(0.0079773951 0.008000327 0.042002042)
(0.0083770002 0.0067208037 0.042989521)
(-0.0089411054 0.0090090551 0.041999618)
(-0.0069985851 0.0089916963 0.042000086)
(-0.0079864947 0.0099976501 0.04199964)
(-0.0079680405 0.0089980029 0.042999961)
(-0.006008655 0.009997768 0.041999945)
(-0.0060151616 0.008986222 0.043000125)
(0.0069985533 0.0089932415 0.041999886)
(0.0060085693 0.0099988979 0.041999547)
(0.0060152903 0.0089873928 0.042999442)
(0.0089411312 0.0090093167 0.041999956)
(0.0079866629 0.0099999589 0.041999729)
(0.0079687668 0.0090027365 0.042999376)
(-0.0089418584 0.0109833 0.041999056)
(-0.0069987965 0.011004828 0.042000049)
(-0.0079736307 0.012009075 0.042002676)
(-0.0079687146 0.01099849 0.042999592)
(-0.0060424732 0.012024331 0.042000048)
(-0.0060159595 0.011008405 0.042999879)
(0.0069990961 0.011005256 0.041999357)
(0.0060428183 0.012024416 0.041999122)
(0.0060162808 0.011009621 0.042999082)
(0.0089413991 0.010987964 0.041999824)
(0.0079779935 0.011996734 0.041999027)
(0.00796853 0.01099957 0.042999063)
(-0.0085613123 0.012764583 0.04200754)
(-0.0070950956 0.013043415 0.042001512)
(-0.0080439593 0.014032787 0.041997514)
(-0.0083837413 0.013261286 0.042988848)
(-0.0061029816 0.014071588 0.04199918)
(-0.0060815752 0.013044363 0.042999291)
(0.0070996764 0.013031609 0.041998408)
(0.0061002753 0.01407415 0.041999912)
(0.00608356 0.013043241 0.042998159)
(0.0085705179 0.012734236 0.042007029)
(0.0080417113 0.014036993 0.042000557)
(0.0083789301 0.013274069 0.042992233)
(-0.0072961362 0.015261216 0.04199366)
(-0.0076639381 0.014709524 0.043003939)
(-0.0051221244 0.015104161 0.042000417)
(-0.0063941867 0.01633169 0.042001498)
(-0.0061400034 0.015108901 0.043005445)
(-0.0040850059 0.016091623 0.042000547)
(-0.004092169 0.015086781 0.043000086)
(0.0051135375 0.015112544 0.04200145)
(0.0040814213 0.016096611 0.042001629)
(0.0040894644 0.015089249 0.042999811)
(0.0072919542 0.015267052 0.041998938)
(0.0063551553 0.016372209 0.04200904)
(0.00615249 0.015091832 0.042999657)
(0.0076505494 0.014731055 0.043006413)
(-0.0052519757 0.017302758 0.042004842)
(-0.0058380916 0.01684536 0.043001738)
(-0.0030433999 0.017095995 0.041998255)
(-0.0040416027 0.018039247 0.041999755)
(-0.0040643102 0.017073816 0.042999322)
(-0.0010083618 0.016992858 0.041999487)
(-0.0020121003 0.017973633 0.041998889)
(-0.0020265164 0.017027399 0.042999476)
(0.0010105729 0.016991815 0.041999984)
(-7.7980501e-07 0.017985381 0.041999757)
(5.7225871e-07 0.01699107 0.042999778)
(0.0030758125 0.017084552 0.042001827)
(0.0020236858 0.017967508 0.042000152)
(0.0020317501 0.017025975 0.042999714)
(0.0052576829 0.017298668 0.042004891)
(0.0040333785 0.018043643 0.042001124)
(0.0040606366 0.017077728 0.042999613)
(0.0058450299 0.016839666 0.042999933)
(-0.0026871613 0.018584797 0.042010711)
(-0.00098881961 0.018941315 0.04200092)
(-0.0019290114 0.018786683 0.04299897)
(0.00098568415 0.018941623 0.042000144)
(4.7260771e-07 0.018999984 0.042999935)
(0.0026947683 0.01858249 0.042002025)
(0.0019366739 0.018784897 0.043000642)
(-0.0027624969 0.0014380547 0.044000542)
(-0.0040233421 0.0019509923 0.044002143)
(-0.00098688657 0.0010584947 0.044000078)
(-0.0020058085 0.0020253194 0.043998385)
(-0.0019246056 0.0012122894 0.044998047)
(0.00098758651 0.0010585636 0.043999352)
(1.4195756e-06 0.002014338 0.04400057)
(-8.2176465e-06 0.0010002691 0.045003552)
(0.0027417703 0.0014317674 0.044001713)
(0.0020125483 0.0020273642 0.043999895)
(0.001939944 0.0012158658 0.044996968)
(0.0040171315 0.0019476726 0.043999985)
(-0.0052607676 0.0027035423 0.043998915)
(-0.0063462572 0.0036194575 0.043997612)
(-0.0058439738 0.0031594669 0.044996622)
(-0.0030478348 0.0029044969 0.043998511)
(-0.0040736228 0.0038973627 0.043999877)
(-0.0040523005 0.0029175685 0.04499901)
(-0.0010062037 0.0030064473 0.043999648)
(-0.0020226574 0.0029703173 0.044998336)
(0.0010098485 0.0030072135 0.044000121)
(-1.8547377e-07 0.0030082622 0.045000324)
(0.0030537831 0.002907116 0.04400152)
(0.0020244045 0.0029706831 0.045000042)
(0.0052755118 0.0027141078 0.044000906)
(0.0040807144 0.0039017239 0.044000394)
(0.0040581125 0.0029219172 0.044999956)
(0.0063446824 0.0036179825 0.043993867)
(0.0058431237 0.0031587692 0.044999665)
(-0.0072813336 0.0047181268 0.043998375)
(-0.0080302148 0.0059414989 0.043995132)
(-0.0076584569 0.005281661 0.044998837)
(-0.0051036479 0.0048770899 0.044000215)
(-0.0060921483 0.0059151327 0.043999743)
(-0.0061216068 0.0048737958 0.045006797)
(-0.0040792327 0.0049006823 0.045000267)
(0.0051108023 0.0048831837 0.044000163)
(0.0040863719 0.0049057175 0.045000283)
(0.0073069373 0.0047538566 0.044001147)
(0.0060979001 0.0059230299 0.043999824)
(0.0061334292 0.0048870485 0.044999988)
(0.0080526909 0.0059835488 0.043999439)
(0.0076483883 0.0052654694 0.044998229)
(-0.0085799121 0.0072967322 0.043995383)
(-0.0070951624 0.006958807 0.043999587)
(-0.0079747027 0.0079922389 0.04399965)
(-0.0083723641 0.0067084856 0.045001688)
(-0.006039922 0.0079693394 0.044000138)
(-0.0060765249 0.0069454477 0.045000528)
(0.0070913335 0.0069455748 0.043999789)
(0.0060402764 0.0079693818 0.043999372)
(0.0060795962 0.0069494437 0.044999422)
(0.0085571205 0.0072215987 0.043999775)
(0.0079721008 0.0079891844 0.043998465)
(0.0083747209 0.0067147476 0.04499925)
(-0.0089412491 0.009010514 0.043999872)
(-0.0069978286 0.0089904681 0.04400009)
(-0.0079865407 0.009998376 0.044000164)
(-0.0079678826 0.0089983374 0.045000321)
(-0.0060080469 0.0099969686 0.044000109)
(-0.0060141709 0.0089850025 0.04500014)
(0.0069978808 0.0089917624 0.043999334)
(0.0060085198 0.0099984201 0.04399938)
(0.0060152681 0.0089865926 0.044999432)
(0.0089416136 0.0090142147 0.043999549)
(0.0079863837 0.010001326 0.043999471)
(0.0079683489 0.0090014327 0.044999553)
(-0.0089415909 0.010986015 0.044000341)
(-0.0069991491 0.011002777 0.044000135)
(-0.0079790872 0.011993248 0.043999623)
(-0.0079693982 0.010995535 0.045000484)
(-0.0060428271 0.012021803 0.044000143)
(-0.0060156695 0.011007672 0.045000412)
(0.0069988664 0.011005537 0.043999145)
(0.0060430915 0.012024324 0.043998792)
(0.0060164293 0.011008584 0.044999577)
(0.0089415516 0.010986415 0.043999801)
(0.0079748262 0.012005108 0.043998584)
(0.007968983 0.010996901 0.044999629)
(-0.0085735888 0.012724113 0.044004683)
(-0.007099785 0.013029126 0.044000759)
(-0.0080553682 0.014011442 0.044000732)
(-0.0083936768 0.013234888 0.045009185)
(-0.0060999824 0.014074607 0.043998962)
(-0.0060816496 0.013042362 0.045000937)
(0.0070967131 0.013041841 0.043996636)
(0.0061057544 0.014066474 0.043998481)
(0.0060833943 0.013042467 0.044999781)
(0.008568279 0.012741617 0.044008139)
(0.0080519878 0.014017767 0.044000869)
(0.0083803315 0.013270345 0.045001459)
(-0.0072704144 0.015297111 0.044002989)
(-0.0076585168 0.014718242 0.044995925)
(-0.0051221949 0.015105607 0.043996564)
(-0.0063978723 0.016327755 0.043975725)
(-0.0061280436 0.015119485 0.044997896)
(-0.0040890093 0.016088968 0.043997873)
(-0.0040841582 0.015093379 0.044999089)
(0.0051174782 0.01510767 0.043997501)
(0.0040801506 0.016096028 0.043998272)
(0.0040838663 0.015093647 0.044999738)
(0.0073085481 0.015243896 0.04400001)
(0.0063660887 0.01636169 0.043985547)
(0.0061311267 0.015112837 0.045000906)
(0.0076259786 0.014770568 0.044996679)
(-0.0052950723 0.017271875 0.043996477)
(-0.005844701 0.016839936 0.045000755)
(-0.0030520569 0.017092236 0.043999607)
(-0.0040364837 0.018041983 0.044001407)
(-0.0040489238 0.017084271 0.045000156)
(-0.0010079837 0.01699298 0.043999866)
(-0.0020115062 0.017972617 0.044000246)
(-0.0020227387 0.017029395 0.045000331)
(0.0010067463 0.016993749 0.043999847)
(4.5912466e-07 0.017985775 0.043999631)
(1.5561183e-07 0.016991991 0.045000045)
(0.0030364398 0.017099167 0.043999923)
(0.0019990714 0.017976952 0.043999287)
(0.0020174932 0.017031531 0.045000273)
(0.00526154 0.017295904 0.043996236)
(0.0040288003 0.01804609 0.043999006)
(0.0040538464 0.017081508 0.044999006)
(0.0058384482 0.016845067 0.045001097)
(-0.0026952532 0.018582343 0.044002461)
(-0.0009889637 0.0189413 0.043999429)
(-0.001931303 0.018786149 0.045004733)
(0.0009902674 0.018941172 0.043999872)
(1.4523065e-06 0.018999952 0.044999952)
(0.0026944615 0.018582583 0.044002893)
(0.0019210453 0.018788541 0.045001411)
(-0.0027480108 0.0014336604 0.04599466)
(-0.0040221339 0.0019503465 0.046000162)
(-0.00098653381 0.00105846 0.045999382)
(-0.0020047736 0.0020255132 0.046000675)
(-0.0019243824 0.0012122374 0.047002788)
(0.00098643228 0.00105845 0.045999373)
(-1.7255583e-06 0.0020140974 0.046000135)
(-7.0846631e-07 0.0010000232 0.047000592)
(0.0026847448 0.0014144689 0.046001991)
(0.0019952889 0.0020220421 0.046003411)
(0.001899806 0.0012065069 0.047001391)
(0.0040244083 0.0019515622 0.045998159)
(-0.0052564901 0.002700477 0.045998569)
(-0.0063724643 0.0036451178 0.045985163)
(-0.0058453806 0.0031606214 0.04700146)
(-0.0030499839 0.0029052973 0.045999544)
(-0.0040759543 0.0038994714 0.045998792)
(-0.0040567485 0.0029194034 0.047000975)
(-0.0010067962 0.0030064111 0.046000172)
(-0.0020236924 0.0029707508 0.047002059)
(0.001006286 0.0030063769 0.04600076)
(2.11396e-07 0.003008316 0.04700057)
(0.0030461867 0.0029046974 0.046002561)
(0.0020279951 0.0029724683 0.047002712)
(0.0052956846 0.0027285634 0.04600313)
(0.0040836755 0.0039045337 0.046000527)
(0.0040577447 0.0029198016 0.047000941)
(0.0063569305 0.0036294542 0.04599719)
(0.0058370844 0.0031538129 0.046999206)
(-0.0072879815 0.0047274038 0.046002475)
(-0.008048554 0.0059758092 0.045998915)
(-0.0076846947 0.0053238548 0.047001586)
(-0.0051083981 0.0048817826 0.045998389)
(-0.0060957729 0.0059193506 0.045999791)
(-0.0061221784 0.0048757737 0.047000067)
(-0.0040799851 0.0049014416 0.046999352)
(0.0051145854 0.0048864242 0.045999945)
(0.0040839999 0.0049036003 0.047000189)
(0.007288878 0.0047286549 0.046000273)
(0.0060990299 0.0059241648 0.045999898)
(0.0061315116 0.0048861027 0.046999723)
(0.0080480907 0.0059749425 0.046005112)
(0.0076431316 0.0052570159 0.046990073)
(-0.0085722297 0.007271407 0.046002504)
(-0.0070934439 0.0069531531 0.045999058)
(-0.0079738686 0.0079919733 0.045998941)
(-0.0083735832 0.0067117248 0.047000863)
(-0.0060388989 0.0079672957 0.045999811)
(-0.0060757312 0.0069425502 0.046999772)
(0.0070975376 0.0069623498 0.045998299)
(0.0060409635 0.0079703812 0.045999251)
(0.0060783761 0.0069461035 0.046999341)
(0.0085765328 0.0072855922 0.046008807)
(0.0079756434 0.0079948324 0.045998417)
(0.0083599023 0.0066753753 0.046999044)
(-0.0089417042 0.0090151338 0.046000496)
(-0.0069972002 0.0089900938 0.045999938)
(-0.0079862749 0.0099993872 0.046000102)
(-0.0079674975 0.0089980722 0.046999639)
(-0.0060072766 0.0099973568 0.046000164)
(-0.0060132726 0.0089843072 0.046999906)
(0.0069980195 0.0089912387 0.04599937)
(0.0060084651 0.0099975028 0.045999664)
(0.006014752 0.008985319 0.046999524)
(0.0089414233 0.0090122824 0.045999452)
(0.0079865577 0.0099976183 0.045999543)
(0.0079675146 0.0089975682 0.046999531)
(-0.0089416319 0.0109856 0.046000683)
(-0.00699809 0.011004909 0.046000397)
(-0.00797388 0.012007488 0.046000032)
(-0.0079685943 0.010997694 0.047000318)
(-0.0060413113 0.012025259 0.046000516)
(-0.0060145691 0.011010129 0.047000339)
(0.0069993128 0.011003114 0.04599986)
(0.0060432756 0.012022835 0.046000336)
(0.0060157792 0.01100922 0.047000226)
(0.0089419714 0.010982153 0.045998966)
(0.0079784133 0.011994338 0.046000785)
(0.0079685767 0.010996672 0.046999832)
(-0.008566575 0.012747234 0.0459937)
(-0.0070941218 0.013045228 0.046000279)
(-0.0080464879 0.014028056 0.04599914)
(-0.0083809996 0.01326857 0.047001545)
(-0.006099606 0.014074852 0.045999834)
(-0.0060796488 0.013047715 0.047000553)
(0.0071014246 0.013028653 0.046000307)
(0.006104859 0.014067418 0.046001962)
(0.0060801505 0.013049143 0.047001822)
(0.0085670414 0.012745696 0.046001244)
(0.0080429603 0.014034656 0.045995855)
(0.0083611779 0.013321235 0.047004351)
(-0.007293726 0.01526458 0.046003097)
(-0.0076738444 0.014693594 0.047009134)
(-0.0051118548 0.01511348 0.045999321)
(-0.0063802595 0.01634656 0.045993734)
(-0.0061285178 0.015117113 0.047000337)
(-0.0040747976 0.016099517 0.046000136)
(-0.0040802746 0.015096611 0.047001056)
(0.0051173192 0.015108072 0.046001757)
(0.0040810721 0.016095567 0.046000028)
(0.0040838642 0.015093778 0.04700129)
(0.0073159981 0.015233499 0.046007133)
(0.0063826852 0.01634397 0.046004878)
(0.0061252382 0.015121571 0.047005029)
(0.0076458652 0.014738588 0.046990816)
(-0.0052478345 0.017305726 0.046001952)
(-0.0058382486 0.016845231 0.04699732)
(-0.0030311688 0.017101627 0.046002094)
(-0.0040317217 0.018044529 0.045998964)
(-0.0040454017 0.017086752 0.047002231)
(-0.0010047947 0.016994458 0.046000624)
(-0.0020009966 0.01797761 0.046002623)
(-0.0020197337 0.017030977 0.047001839)
(0.0010071416 0.016993913 0.046000157)
(1.4627041e-06 0.017986024 0.046000095)
(-2.0795424e-09 0.016992534 0.047000287)
(0.0030529291 0.017092771 0.04600104)
(0.0020125066 0.017972809 0.046000083)
(0.0020174056 0.017031572 0.047000607)
(0.0052751662 0.01728614 0.045995289)
(0.0040250211 0.01804811 0.045998595)
(0.00405803 0.017078242 0.047000039)
(0.0058502188 0.016835407 0.04699857)
(-0.0027377405 0.018569454 0.046000031)
(-0.00098444979 0.018941745 0.045999899)
(-0.0019333924 0.018785662 0.047000568)
(0.0009905953 0.01894114 0.04599947)
(-8.5952426e-07 0.018999971 0.047000448)
(0.0027301209 0.018571766 0.04600019)
(0.0019156063 0.018789809 0.046999038)
(-0.0027592866 0.0014370809 0.047998884)
(-0.0040199197 0.001949163 0.04799891)
(-0.0009841862 0.0010582287 0.047998952)
(-0.0020076768 0.002025421 0.048002145)
(-0.0019300619 0.0012135616 0.049002458)
(0.00098405811 0.0010582161 0.04799955)
(-4.2532867e-07 0.0020142598 0.047999924)
(-2.0208747e-06 0.0010000662 0.048997123)
(0.0027644029 0.0014386329 0.048004913)
(0.0020194568 0.0020299591 0.048000297)
(0.0019315388 0.001213906 0.048997662)
(0.0040215123 0.0019500142 0.048001876)
(-0.0052703459 0.002710406 0.047999306)
(-0.0063701282 0.0036426236 0.047993494)
(-0.0058563656 0.0031696366 0.049004294)
(-0.0030439224 0.0029032606 0.048002552)
(-0.004076883 0.0039005659 0.047999233)
(-0.0040496533 0.0029159251 0.049000741)
(-0.0010056587 0.0030060461 0.048000543)
(-0.0020174375 0.002968159 0.04900068)
(0.0010094544 0.0030072838 0.048000101)
(1.1037388e-06 0.0030081189 0.048999543)
(0.0030594744 0.0029086818 0.047999422)
(0.0020295142 0.0029721848 0.04899852)
(0.0052608377 0.0027035925 0.04799928)
(0.004075916 0.0038978297 0.047999353)
(0.0040505653 0.0029150929 0.048997585)
(0.0063300534 0.003604281 0.047991047)
(0.0058400361 0.0031562354 0.049001381)
(-0.0072922091 0.0047333035 0.047997631)
(-0.0080472019 0.0059732796 0.048001634)
(-0.0076280818 0.005232814 0.049002843)
(-0.0051104002 0.0048837147 0.047997916)
(-0.0060963325 0.0059189258 0.047998965)
(-0.0061266922 0.0048790736 0.048997397)
(-0.0040810929 0.0049031581 0.04899876)
(0.0051059304 0.0048793736 0.047999109)
(0.004080443 0.0049003468 0.048999596)
(0.0073042209 0.0047500659 0.048002144)
(0.0060973323 0.0059228293 0.047999383)
(0.0061231852 0.0048743123 0.049003586)
(0.0080542744 0.0059865114 0.047998326)
(0.0076550686 0.0052762122 0.049005697)
(-0.0085638207 0.0072436862 0.04799894)
(-0.0070811338 0.0069198187 0.047998187)
(-0.0079658945 0.0079738806 0.047998329)
(-0.0083899406 0.0067551855 0.049009923)
(-0.0060373312 0.007963852 0.047999704)
(-0.0060787539 0.0069499276 0.0490005)
(0.0070931522 0.0069502299 0.047999387)
(0.0060398374 0.007968289 0.047999186)
(0.0060771587 0.0069458819 0.048997945)
(0.0085767015 0.0072861483 0.048000218)
(0.0079738603 0.0079946854 0.04800077)
(0.0083761752 0.0067186117 0.048982215)
(-0.0089417008 0.0090150997 0.048000577)
(-0.0069958724 0.0089883865 0.04799989)
(-0.0079859155 0.0099995245 0.048000135)
(-0.0079681542 0.0090007646 0.049000307)
(-0.0060065025 0.009998983 0.048000128)
(-0.0060136946 0.0089877741 0.04900019)
(0.0069975112 0.0089903383 0.047999497)
(0.0060079908 0.0099977288 0.047999851)
(0.0060144634 0.0089854953 0.048999299)
(0.0089415068 0.0090131303 0.04799928)
(0.0079863555 0.0099986253 0.047999681)
(0.0079678474 0.0089973007 0.048999157)
(-0.0089417497 0.010984404 0.048000021)
(-0.0069974297 0.011006915 0.048000371)
(-0.0079765295 0.012002208 0.048001803)
(-0.0079670997 0.011003337 0.048999858)
(-0.00603983 0.012028908 0.048000615)
(-0.0060128946 0.011015444 0.049000135)
(0.0069985854 0.011004794 0.048000325)
(0.0060419754 0.012025729 0.048001049)
(0.0060153389 0.011010424 0.049000257)
(0.0089415745 0.010986183 0.047999524)
(0.0079766766 0.011998782 0.048001603)
(0.0079686087 0.01099716 0.049000261)
(-0.0085755436 0.012717669 0.047997881)
(-0.0070976561 0.013034568 0.048002146)
(-0.00804476 0.014031289 0.047994939)
(-0.0083615985 0.013320118 0.048995384)
(-0.0060957378 0.014080746 0.048001419)
(-0.0060742894 0.01305969 0.049000021)
(0.0070972711 0.01303853 0.048002578)
(0.0061037636 0.014070207 0.048002472)
(0.0060803396 0.013048897 0.049001023)
(0.0085644626 0.012754198 0.047996543)
(0.0080531283 0.014015633 0.048000372)
(0.0083723649 0.013291512 0.049004244)
(-0.0072769239 0.015288027 0.048007186)
(-0.0077136287 0.014629615 0.049000766)
(-0.0051129643 0.015114163 0.048002697)
(-0.0063867642 0.016339615 0.048005913)
(-0.0061174015 0.015132189 0.049003219)
(-0.0040802778 0.016096103 0.048001845)
(-0.0040815454 0.015097118 0.04900102)
(0.0051181113 0.015107254 0.048001899)
(0.0040774609 0.016096603 0.048000632)
(0.0040846686 0.015093086 0.04900019)
(0.0072981531 0.015258402 0.048006898)
(0.0064049077 0.016320243 0.048004847)
(0.0061350044 0.015112994 0.04899838)
(0.007644204 0.014741259 0.04899593)
(-0.0052855334 0.017278711 0.048002823)
(-0.0058468581 0.016838165 0.048998618)
(-0.0030317316 0.017100814 0.048002015)
(-0.0040375151 0.018041432 0.047999975)
(-0.0040604531 0.017077633 0.049000493)
(-0.0010048855 0.016994843 0.048000258)
(-0.0019971786 0.017978641 0.047999558)
(-0.0020194276 0.017030813 0.049000246)
(0.0010038378 0.016995293 0.04800022)
(-3.4909939e-07 0.017986359 0.047999595)
(-7.252118e-08 0.01699256 0.048999849)
(0.0030232102 0.017104458 0.048000815)
(0.001996772 0.017979378 0.048001302)
(0.0020149785 0.017032746 0.049000469)
(0.0052433089 0.017308969 0.04799865)
(0.0040217833 0.018049841 0.047998975)
(0.0040541024 0.017080493 0.049001211)
(0.0058441073 0.016840423 0.049000685)
(-0.0026853835 0.018585337 0.047996781)
(-0.0009908992 0.01894111 0.04799974)
(-0.0019102934 0.018791048 0.049000467)
(0.00099015402 0.018941183 0.047999625)
(5.2941828e-07 0.018999982 0.048999983)
(0.0027139527 0.01857667 0.048000276)
(0.0019197624 0.01878884 0.049000291)
(-0.0027176665 0.0014244556 0.050007546)
(-0.0040170563 0.0019476325 0.049999936)
(-0.00098699436 0.0010585053 0.050000042)
(-0.0019967382 0.0020222964 0.049999837)
(-0.001933373 0.0012143337 0.050999273)
(0.0009851792 0.0010583265 0.050000189)
(3.1823768e-07 0.0020140568 0.049999712)
(3.7222801e-06 0.0010001219 0.051001311)
(0.0027713143 0.0014407295 0.050003853)
(0.0020112101 0.0020264626 0.049995523)
(0.0019235846 0.0012120513 0.050999161)
(0.0040172964 0.0019477608 0.04999948)
(-0.0052574023 0.0027011307 0.049999112)
(-0.0063894181 0.0036632192 0.049986568)
(-0.005845253 0.0031605167 0.051001891)
(-0.0030362941 0.0029004584 0.050001379)
(-0.0040782211 0.0039024407 0.049998177)
(-0.0040615262 0.0029232102 0.050998826)
(-0.0010052706 0.0030058626 0.049999771)
(-0.0020296658 0.0029730759 0.050998581)
(0.0010082386 0.0030064944 0.049998654)
(4.2447048e-07 0.0030084402 0.050999639)
(0.0030447729 0.0029029507 0.049990956)
(0.0020242908 0.0029704982 0.050997733)
(0.0052530654 0.0026980229 0.049999212)
(0.0040750908 0.0038979544 0.049998768)
(0.0040588921 0.0029220317 0.050999964)
(0.0063629958 0.0036351349 0.050000668)
(0.0058512853 0.0031654673 0.05100019)
(-0.0072922272 0.0047333287 0.049997274)
(-0.0080461908 0.005971388 0.05000171)
(-0.0076652679 0.005292614 0.050995362)
(-0.0051145426 0.0048880035 0.049996499)
(-0.0060996639 0.0059249912 0.049998619)
(-0.0061262998 0.0048773936 0.05099874)
(-0.0040845707 0.0049052448 0.050998112)
(0.0051070162 0.0048793448 0.049999737)
(0.0040809029 0.0049002673 0.050999248)
(0.0072900528 0.0047302943 0.050000277)
(0.0060944772 0.0059186621 0.049999559)
(0.0061155304 0.0048686907 0.050996441)
(0.0080447206 0.0059686374 0.049999484)
(0.0076672983 0.0052958791 0.050997985)
(-0.0085778791 0.0072900305 0.049994959)
(-0.0070998348 0.006970247 0.05000042)
(-0.0079780813 0.0080026616 0.049999612)
(-0.0083814629 0.0067326606 0.051005165)
(-0.006040784 0.007973707 0.050000303)
(-0.0060789729 0.006950548 0.051000894)
(0.0070902095 0.0069445634 0.050000633)
(0.0060392772 0.0079679445 0.049999208)
(0.0060775746 0.0069482362 0.050999017)
(0.0085765838 0.0072857604 0.050006212)
(0.0079716463 0.0079863635 0.049999237)
(0.0083759325 0.0067179668 0.050996507)
(-0.0089416355 0.0090144364 0.049999653)
(-0.00699769 0.008995008 0.050000169)
(-0.007985893 0.01000278 0.050000005)
(-0.0079680531 0.0090017501 0.051000083)
(-0.0060061588 0.010002863 0.050000154)
(-0.0060136192 0.0089890624 0.051000327)
(0.006997209 0.008989769 0.049999479)
(0.0060076273 0.009998725 0.049999824)
(0.0060146228 0.0089871788 0.050999636)
(0.0089410829 0.0090088262 0.049999746)
(0.007986113 0.0099969852 0.049999954)
(0.0079679799 0.0089984935 0.05099954)
(-0.0089411805 0.010990182 0.049999782)
(-0.0069956639 0.011013242 0.050000109)
(-0.0079703166 0.012015923 0.0500007)
(-0.0079665844 0.011004526 0.051000052)
(-0.0060366871 0.012037641 0.05000015)
(-0.0060119168 0.011018291 0.051000141)
(0.0069979104 0.011006626 0.050000007)
(0.0060409538 0.01202872 0.050000219)
(0.0060144653 0.011013551 0.051000037)
(0.0089416604 0.01098531 0.050000016)
(0.0079751169 0.012004475 0.049999581)
(0.0079676304 0.011000519 0.050999916)
(-0.0085809033 0.0127 0.050005203)
(-0.0070868427 0.013063812 0.050000207)
(-0.0080512066 0.014019228 0.049995584)
(-0.0083592434 0.013326375 0.051006124)
(-0.0060949999 0.014083197 0.049999527)
(-0.0060746062 0.013061398 0.051000338)
(0.0070958032 0.013041785 0.049999194)
(0.0060994124 0.014076188 0.050000159)
(0.0060789486 0.013053239 0.051000513)
(0.0085736391 0.012723947 0.049996183)
(0.0080457551 0.014029427 0.049998297)
(0.008370804 0.013295659 0.051001506)
(-0.007278668 0.015285593 0.050001417)
(-0.0076491434 0.014733316 0.051016638)
(-0.0051110118 0.015116174 0.04999947)
(-0.0063759995 0.016351108 0.049994638)
(-0.0061366301 0.015109579 0.050998399)
(-0.0040778133 0.01609852 0.049999068)
(-0.0040818338 0.015097188 0.050998711)
(0.0051131045 0.01511346 0.050000115)
(0.0040783559 0.016098035 0.049999957)
(0.0040857789 0.015093546 0.051000291)
(0.0072882743 0.015272188 0.049999032)
(0.0063627948 0.016365054 0.050000382)
(0.0061351691 0.015110878 0.051002396)
(0.00763983 0.014748293 0.050995646)
(-0.0052606781 0.017296522 0.049999625)
(-0.0058432538 0.016841123 0.050998417)
(-0.0030314382 0.017101421 0.049998017)
(-0.004025429 0.018047892 0.049998572)
(-0.0040559398 0.017081185 0.050996913)
(-0.0010058287 0.016994176 0.04999936)
(-0.0020009109 0.017977581 0.049998911)
(-0.0020289869 0.017027548 0.05099691)
(0.001007615 0.016993717 0.049999667)
(3.8718634e-08 0.017985937 0.049998822)
(8.1118464e-07 0.016991228 0.050999364)
(0.0030447368 0.017096378 0.049999884)
(0.0020112686 0.01797353 0.049999908)
(0.0020299855 0.017027152 0.050999295)
(0.0052529122 0.017302087 0.050000127)
(0.0040352012 0.018042669 0.049999108)
(0.0040495046 0.017084522 0.050998855)
(0.0058357104 0.016847314 0.051000877)
(-0.0027206942 0.018574625 0.050002463)
(-0.00098709268 0.018941485 0.050000878)
(-0.0019308425 0.018786256 0.051001775)
(0.00098815289 0.01894138 0.049999422)
(8.9349638e-07 0.01899997 0.050999735)
(0.0027158369 0.018576099 0.050002301)
(0.0019264777 0.018787274 0.051001928)
(-0.002720276 0.0014252472 0.052003778)
(-0.0040270338 0.0019529656 0.051998934)
(-0.00098676607 0.0010584828 0.052000301)
(-0.0020103671 0.0020271744 0.051996554)
(-0.0019116778 0.0012092751 0.053000981)
(0.00098670385 0.0010584767 0.052000225)
(-3.2887967e-07 0.0020144535 0.052000109)
(-7.6853692e-06 0.0010002516 0.053000852)
(0.0027222452 0.0014258445 0.052001687)
(0.0020145163 0.0020278695 0.052000234)
(0.0019176109 0.0012106585 0.052998037)
(0.0040137517 0.0019458661 0.052000713)
(-0.0052471741 0.0026938013 0.051999232)
(-0.0063475592 0.003620677 0.051995186)
(-0.0058466657 0.0031616761 0.05300194)
(-0.0030514644 0.0029060003 0.051995062)
(-0.0040772133 0.0039002984 0.051997879)
(-0.0040495535 0.0029150017 0.052999348)
(-0.0010083626 0.00300712 0.051999121)
(-0.0020278088 0.0029723467 0.052998213)
(0.0010095967 0.0030072712 0.051999936)
(5.3947303e-07 0.0030088958 0.05300025)
(0.003053868 0.0029070483 0.052000007)
(0.0020336814 0.0029742256 0.053001111)
(0.0052856153 0.0027213478 0.052008211)
(0.0040781979 0.0038994149 0.052000947)
(0.004054782 0.002918328 0.053001423)
(0.0063257329 0.0036002344 0.051999117)
(0.0058510657 0.0031652871 0.052999013)
(-0.00729683 0.0047397519 0.052006119)
(-0.0080539298 0.0059858667 0.052000371)
(-0.0076409354 0.0052534842 0.052997141)
(-0.0051103452 0.0048839691 0.051998137)
(-0.0060988416 0.0059235704 0.052000622)
(-0.0061406772 0.0048955045 0.052997887)
(-0.0040837716 0.0049049328 0.052998258)
(0.0051055524 0.0048773112 0.051999903)
(0.0040835497 0.0049026749 0.053000392)
(0.0072897099 0.0047298158 0.05199627)
(0.0060941859 0.0059208119 0.051999153)
(0.0061274758 0.0048811042 0.053000828)
(0.0080498488 0.0059782317 0.052000158)
(0.0076451972 0.0052603377 0.05300658)
(-0.0085957109 0.0073488137 0.051998061)
(-0.0070901138 0.0069428387 0.052002314)
(-0.0079703059 0.0079821612 0.052000864)
(-0.0083704437 0.0067033833 0.053000525)
(-0.006038733 0.0079679118 0.052000649)
(-0.0060778292 0.0069448035 0.05300031)
(0.0070994018 0.0069687096 0.05199989)
(0.0060411278 0.0079729471 0.051999814)
(0.0060793786 0.0069506407 0.05300053)
(0.0085793562 0.0072948999 0.051996436)
(0.0079778382 0.0080024926 0.051999248)
(0.0083697345 0.006701499 0.053002245)
(-0.0089414599 0.0090126539 0.052000231)
(-0.0069960956 0.0089912383 0.052000405)
(-0.0079854329 0.010002146 0.052000103)
(-0.0079673298 0.0089994509 0.05300049)
(-0.0060053974 0.010002419 0.052000149)
(-0.0060124937 0.0089857815 0.053000208)
(0.006998156 0.0089930209 0.051999848)
(0.0060075016 0.010000884 0.051999987)
(0.0060150703 0.0089882759 0.053000269)
(0.0089410331 0.0090083202 0.051999923)
(0.0079860425 0.0099985954 0.051999799)
(0.0079680533 0.0089982412 0.053000211)
(-0.0089413029 0.01098894 0.051999757)
(-0.0069950589 0.011013955 0.051999923)
(-0.0079697567 0.012021147 0.051999302)
(-0.0079661709 0.0110045 0.052999849)
(-0.0060360796 0.012038864 0.051999857)
(-0.0060114354 0.011017764 0.052999856)
(0.0069965923 0.011010936 0.051999979)
(0.006038987 0.012034788 0.052000112)
(0.0060140648 0.011015121 0.053000074)
(0.0089414177 0.010987774 0.052000145)
(0.0079692978 0.01201995 0.052000117)
(0.0079674472 0.011000731 0.052999965)
(-0.008565742 0.01274998 0.051997102)
(-0.0070892976 0.013059259 0.051999345)
(-0.00805124 0.014019166 0.051998805)
(-0.00835145 0.013347082 0.053002379)
(-0.0060927935 0.014083015 0.051999854)
(-0.0060732902 0.013063111 0.052999631)
(0.0070877507 0.013063841 0.052000326)
(0.0060998587 0.01407721 0.052000958)
(0.0060775284 0.013057315 0.052999805)
(0.0085858677 0.012683635 0.051996988)
(0.0080514785 0.014018719 0.051999827)
(0.0083687198 0.013301197 0.052995627)
(-0.0072980649 0.015258525 0.051999682)
(-0.0076883389 0.014670285 0.053006713)
(-0.0050993221 0.015126266 0.051999884)
(-0.0062956257 0.016427964 0.052004651)
(-0.0061192747 0.015125423 0.052999722)
(-0.0040727097 0.016104788 0.051998724)
(-0.0040769657 0.015101813 0.052999755)
(0.0051175416 0.015110251 0.05200122)
(0.0040841729 0.016094659 0.052000502)
(0.0040906969 0.015089764 0.053000573)
(0.0072928673 0.015265778 0.052002628)
(0.006367353 0.01636034 0.052000888)
(0.0061367578 0.015112205 0.053001123)
(0.007683852 0.0146775 0.052990893)
(-0.0052641153 0.017294059 0.051998134)
(-0.0058445977 0.01684002 0.053000838)
(-0.0030652108 0.017089322 0.05199166)
(-0.0040193394 0.018051147 0.052000081)
(-0.0040526483 0.017083702 0.053000332)
(-0.0010099184 0.016992134 0.051998644)
(-0.0020276735 0.017967381 0.051995555)
(-0.0020272724 0.017028379 0.05299875)
(0.0010120822 0.016991672 0.051999537)
(1.7690916e-06 0.017985184 0.052000117)
(1.5494273e-06 0.016991139 0.052999462)
(0.0030680462 0.01708735 0.051999136)
(0.0020239851 0.017968228 0.051999939)
(0.0020324251 0.017025923 0.052998878)
(0.0052726287 0.017287958 0.052003107)
(0.0040223221 0.018049553 0.051999722)
(0.0040603249 0.017077452 0.053000501)
(0.005850294 0.016835345 0.052998993)
(-0.0027277638 0.018572481 0.05199186)
(-0.0009844269 0.018941747 0.052000661)
(-0.0019275892 0.018787015 0.052999827)
(0.00098776305 0.018941419 0.051999762)
(1.910367e-06 0.018999937 0.052998268)
(0.0027104961 0.018577719 0.051997888)
(0.0019451796 0.018782913 0.053000653)
(-0.0027589866 0.0014369899 0.053997342)
(-0.0040159869 0.0019470609 0.054001957)
(-0.00098654457 0.001058461 0.05400014)
(-0.0020155601 0.0020287128 0.054001677)
(-0.0019221553 0.0012117181 0.055000362)
(0.0009876304 0.001058568 0.054000416)
(1.9970696e-06 0.0020145724 0.054000429)
(-2.9109354e-06 0.0010000953 0.054999815)
(0.0026755402 0.0014116767 0.05399489)
(0.0020241088 0.0020305837 0.054003267)
(0.0019125187 0.0012094711 0.055000039)
(0.0040222776 0.0019504233 0.05399995)
(-0.0052989427 0.0027308981 0.053999056)
(-0.0063448701 0.0036181584 0.05399414)
(-0.0058385882 0.0031550471 0.055001217)
(-0.0030550563 0.0029078987 0.0540006)
(-0.0040800755 0.0039019243 0.053998914)
(-0.0040573974 0.0029214071 0.055000216)
(-0.0010072881 0.0030068555 0.054000491)
(-0.0020184606 0.0029686661 0.055001914)
(0.0010118979 0.0030078659 0.054001344)
(2.0175809e-06 0.0030082611 0.055000909)
(0.0030580663 0.0029082157 0.054006564)
(0.0020306759 0.0029728638 0.05500237)
(0.0052574565 0.0027011695 0.053996881)
(0.0040798136 0.0039014941 0.053999925)
(0.0040550258 0.0029188078 0.055001166)
(0.0063732687 0.0036459767 0.053993691)
(0.0058477452 0.003162562 0.05499779)
(-0.0073174468 0.0047685227 0.053996679)
(-0.0080517597 0.0059818066 0.053998269)
(-0.007642318 0.0052557076 0.055009259)
(-0.0051112793 0.0048846302 0.053997794)
(-0.0060986993 0.0059233399 0.053998719)
(-0.0061066329 0.0048596656 0.054999544)
(-0.004078856 0.0048998299 0.05499969)
(0.005113008 0.0048859828 0.053998405)
(0.0040845702 0.0049042504 0.054999871)
(0.0073000179 0.0047442006 0.054000222)
(0.0061001291 0.0059256754 0.053999476)
(0.006129657 0.0048835804 0.054995781)
(0.0080410942 0.005961853 0.054000471)
(0.0076735138 0.0053058744 0.055010342)
(-0.0085688678 0.0072603242 0.05400444)
(-0.0070873078 0.0069339796 0.0540003)
(-0.0079688045 0.0079802104 0.054000705)
(-0.0083437187 0.0066323765 0.054983085)
(-0.0060368686 0.0079625104 0.053999644)
(-0.0060722681 0.0069340992 0.054997672)
(0.007098502 0.0069650852 0.054001424)
(0.0060415869 0.0079724841 0.054000631)
(0.0060800904 0.0069511015 0.055000138)
(0.0085884198 0.0073247783 0.054001491)
(0.0079743078 0.0079894368 0.05400117)
(0.0083738403 0.0067124079 0.055000196)
(-0.008941439 0.0090124412 0.054000265)
(-0.0069951768 0.008987905 0.053999959)
(-0.0079853432 0.010000329 0.054000062)
(-0.0079661622 0.0089960179 0.054999616)
(-0.0060051897 0.010000074 0.053999977)
(-0.0060119088 0.0089825573 0.054999689)
(0.0069981176 0.0089917827 0.054000461)
(0.0060077337 0.010000664 0.054000437)
(0.0060153814 0.008987998 0.055000874)
(0.0089411698 0.0090097088 0.053999967)
(0.0079860134 0.0099975296 0.054000004)
(0.0079679499 0.0089973091 0.055000191)
(-0.0089410537 0.01099147 0.053999957)
(-0.0069952244 0.011012505 0.053999485)
(-0.0079695614 0.012019299 0.053997135)
(-0.0079669365 0.011003121 0.054999651)
(-0.0060367578 0.012036679 0.053999204)
(-0.0060127115 0.011014059 0.055000011)
(0.0069968699 0.011010256 0.054000073)
(0.0060394719 0.01203388 0.054000042)
(0.0060149815 0.011013077 0.055000758)
(0.0089417497 0.010984404 0.054000163)
(0.0079680067 0.012025194 0.053999481)
(0.0079684287 0.010998258 0.055000283)
(-0.0085862525 0.012682366 0.054002516)
(-0.0070894815 0.013059025 0.053996768)
(-0.0080506546 0.014020261 0.054000577)
(-0.0083567899 0.013332894 0.054992611)
(-0.0060960974 0.014079156 0.054000202)
(-0.0060758851 0.013057274 0.054999085)
(0.0070884813 0.013061921 0.053998563)
(0.006101927 0.014074735 0.054001055)
(0.006080121 0.013048978 0.055000392)
(0.0085837201 0.012690714 0.05400028)
(0.0080548873 0.014012342 0.054000202)
(0.0083946966 0.013232178 0.05500015)
(-0.0073057346 0.015247822 0.05400194)
(-0.0076522648 0.014728296 0.055004617)
(-0.0051054361 0.01512064 0.054000953)
(-0.0063400635 0.016386344 0.054003388)
(-0.0061217457 0.015122705 0.055002049)
(-0.0040751507 0.01610184 0.054000227)
(-0.0040802744 0.015098674 0.055001169)
(0.0051236155 0.015104167 0.054001188)
(0.0040878926 0.016090164 0.05399967)
(0.0040852059 0.015093703 0.055000899)
(0.0072910208 0.015268355 0.05400293)
(0.0064070395 0.016317967 0.05400566)
(0.0061246626 0.015121555 0.055000574)
(0.0076684617 0.01470225 0.054989921)
(-0.0052899145 0.017275571 0.053997378)
(-0.0058493729 0.016836101 0.054998722)
(-0.0030258802 0.017103444 0.053998632)
(-0.0040237591 0.018048785 0.054000084)
(-0.0040550141 0.017082008 0.055001583)
(-0.0010054889 0.016994077 0.0539998)
(-0.0019918371 0.0179804 0.053999375)
(-0.0020304917 0.017026905 0.055000697)
(0.0010082258 0.016993339 0.05399947)
(1.747042e-06 0.017985872 0.05399999)
(2.1762376e-07 0.016991728 0.055000106)
(0.0030414754 0.01709658 0.053996118)
(0.0020014505 0.017976713 0.053997642)
(0.002021192 0.017030568 0.054999966)
(0.0052945383 0.017272258 0.053993825)
(0.0040284396 0.018046283 0.05399775)
(0.0040533613 0.017081151 0.055000666)
(0.0058354335 0.016847541 0.054998576)
(-0.0027165133 0.018575894 0.054001555)
(-0.00098777607 0.018941417 0.054000409)
(-0.0019261047 0.018787361 0.055003933)
(0.00098911116 0.018941286 0.054000183)
(-1.506343e-06 0.01899995 0.054998435)
(0.002710642 0.018577675 0.053996013)
(0.0019482408 0.018782199 0.054999762)
(-0.0027457835 0.0014329848 0.055995704)
(-0.004020437 0.0019494395 0.055998595)
(-0.00098929716 0.0010587321 0.056000215)
(-0.0019914829 0.0020202583 0.056002079)
(-0.0019175999 0.0012106559 0.056999828)
(0.00098726474 0.0010585319 0.056000747)
(6.8771851e-07 0.0020140667 0.055999762)
(9.6112402e-07 0.0010000315 0.057002281)
(0.0027275243 0.0014274459 0.05599553)
(0.0020224905 0.0020304616 0.055999939)
(0.0019347718 0.0012146598 0.057002259)
(0.0040231702 0.0019509004 0.055998876)
(-0.0052682005 0.0027088686 0.055996412)
(-0.0063803535 0.003653541 0.055994033)
(-0.0058384424 0.0031549274 0.057003468)
(-0.0030297891 0.0028977992 0.056002383)
(-0.0040748626 0.0038989476 0.055999601)
(-0.0040504025 0.0029150859 0.05699974)
(-0.0010032128 0.0030049763 0.056001611)
(-0.0020194567 0.0029686837 0.057003777)
(0.0010109378 0.0030071512 0.056001184)
(1.9060252e-06 0.0030075475 0.057002296)
(0.003059054 0.0029087787 0.055999255)
(0.0020250429 0.0029704209 0.057001883)
(0.0052679621 0.0027086978 0.056008716)
(0.0040794003 0.003901216 0.056000892)
(0.0040555432 0.0029190674 0.057002065)
(0.0063611242 0.003633382 0.055985921)
(0.0058442604 0.0031597021 0.057000094)
(-0.0073007667 0.0047452456 0.055999729)
(-0.0080501329 0.0059787631 0.056001081)
(-0.0076882732 0.0053296095 0.056999811)
(-0.0051086796 0.00488235 0.055999023)
(-0.0060970774 0.0059210635 0.055999501)
(-0.006119196 0.0048733746 0.057002248)
(-0.0040780491 0.0048997389 0.057001949)
(0.0051109706 0.0048840913 0.055998498)
(0.0040826367 0.0049034144 0.057002824)
(0.007290559 0.0047310008 0.055996304)
(0.0060993962 0.0059253543 0.055998441)
(0.0061279475 0.0048842998 0.057000653)
(0.0080492027 0.0059770228 0.056000258)
(0.0076301518 0.0052361428 0.057004412)
(-0.0085785174 0.0072921345 0.055998021)
(-0.0070917685 0.0069473953 0.055995119)
(-0.0079737617 0.0079940169 0.05599486)
(-0.008373483 0.0067114585 0.057002195)
(-0.0060378339 0.0079643688 0.055999193)
(-0.0060772988 0.0069452377 0.057000943)
(0.007093682 0.0069520907 0.056000591)
(0.0060419911 0.0079730097 0.056001346)
(0.0060840744 0.0069604374 0.057002351)
(0.0085680102 0.007257497 0.055994164)
(0.0079727056 0.0079874777 0.056000331)
(0.0084006828 0.006783727 0.057011512)
(-0.0089414909 0.0090129683 0.056000637)
(-0.0069962201 0.008988813 0.055999692)
(-0.0079859429 0.0099999089 0.056000211)
(-0.0079674616 0.0089973574 0.057000663)
(-0.0060065012 0.0099979519 0.056000829)
(-0.0060138846 0.0089840327 0.057001921)
(0.0069983487 0.0089921118 0.056001072)
(0.0060083044 0.010000415 0.056001575)
(0.0060167938 0.0089900434 0.057002765)
(0.0089413841 0.0090118843 0.055999756)
(0.0079862264 0.0099980521 0.056000426)
(0.0079692653 0.0090004076 0.057001044)
(-0.0089412606 0.010989369 0.056000384)
(-0.006997486 0.011006805 0.056000536)
(-0.0079766306 0.012000592 0.056000345)
(-0.0079687553 0.010998266 0.057000661)
(-0.0060404272 0.012027938 0.056000615)
(-0.0060152323 0.011009836 0.057002186)
(0.006997653 0.011008492 0.056001059)
(0.0060404219 0.012030922 0.056001382)
(0.0060154792 0.011012909 0.057002848)
(0.0089416134 0.010985787 0.055999746)
(0.007971773 0.012016361 0.056001055)
(0.0079681345 0.010998851 0.057000967)
(-0.0085672248 0.012745092 0.056008734)
(-0.0070975002 0.013036437 0.056000919)
(-0.0080398426 0.014040489 0.055997551)
(-0.0083834153 0.013262152 0.05700135)
(-0.006098522 0.014076566 0.055999563)
(-0.0060815709 0.013045639 0.057001179)
(0.0070922718 0.013050706 0.055999553)
(0.0060981755 0.014078285 0.056001066)
(0.0060788901 0.01305267 0.057002665)
(0.008563519 0.012757308 0.056004155)
(0.0080451816 0.0140305 0.056002252)
(0.0083701865 0.0132973 0.057007806)
(-0.0072918136 0.015267249 0.055995322)
(-0.0076485911 0.014734204 0.057006255)
(-0.0051129787 0.015113845 0.056000874)
(-0.0063613254 0.01636643 0.056003797)
(-0.0061413485 0.015104234 0.056998614)
(-0.0040796923 0.016097464 0.056000873)
(-0.0040879022 0.015091172 0.05700196)
(0.0051143886 0.015112706 0.056001619)
(0.0040804269 0.016096435 0.056001403)
(0.0040839822 0.01509445 0.057001888)
(0.007282244 0.015280603 0.055997276)
(0.0063791105 0.016347787 0.056008837)
(0.006134339 0.015111782 0.056999747)
(0.00766034 0.01471531 0.057001976)
(-0.0052779142 0.017284171 0.055998091)
(-0.0058432158 0.016841154 0.056998808)
(-0.0030423513 0.017097039 0.055998927)
(-0.004017123 0.018052332 0.056000721)
(-0.0040562714 0.01707904 0.057000007)
(-0.0010065957 0.016993654 0.056000496)
(-0.0020088907 0.01797457 0.055999199)
(-0.0020198951 0.017030537 0.057000924)
(0.0010080317 0.016993763 0.056001023)
(1.9872021e-06 0.017985833 0.056000333)
(5.2939246e-07 0.016992415 0.057001578)
(0.0030538883 0.017092554 0.056003163)
(0.0020146275 0.017971874 0.056002612)
(0.0020173348 0.017032048 0.057001973)
(0.0052670339 0.017291968 0.055999943)
(0.0040227718 0.018049312 0.05599903)
(0.0040557234 0.017079697 0.057000857)
(0.0058450786 0.016839626 0.056997033)
(-0.0027301529 0.018571756 0.055994208)
(-0.00098450796 0.018941739 0.056000111)
(-0.0019207443 0.018788611 0.056999891)
(0.00098964114 0.018941234 0.055999853)
(1.9561375e-06 0.018999935 0.056999866)
(0.0027340872 0.018570563 0.056008466)
(0.0019282803 0.018786854 0.05700401)
(-0.0027032835 0.0014200926 0.05800559)
(-0.0040276467 0.0019532932 0.058000876)
(-0.00098915552 0.0010587182 0.058000929)
(-0.0019913649 0.0020206602 0.058002447)
(-0.0019190322 0.0012109899 0.059003154)
(0.00098871839 0.0010586751 0.05800099)
(1.6160165e-06 0.0020136967 0.058002241)
(8.1732355e-06 0.0010002676 0.059002117)
(0.0027323705 0.001428916 0.057997362)
(0.0020058272 0.0020242261 0.05800172)
(0.0019104713 0.0012089937 0.059010163)
(0.0040299547 0.0019545268 0.058001864)
(-0.0052616132 0.0027041482 0.057999437)
(-0.0063977503 0.0036721155 0.058002548)
(-0.0058507955 0.0031650653 0.059004961)
(-0.0030366935 0.0029000058 0.058004761)
(-0.0040767485 0.0039004022 0.058003204)
(-0.0040502258 0.0029147964 0.059004754)
(-0.001004551 0.0030049731 0.058004228)
(-0.0020290476 0.0029716241 0.059008446)
(0.0010074884 0.0030053929 0.058003848)
(1.386958e-06 0.0030064585 0.059007601)
(0.003037752 0.0029007978 0.058002512)
(0.0020211494 0.0029687688 0.059008016)
(0.0052525172 0.00269763 0.058006311)
(0.0040786395 0.0039017637 0.058004757)
(0.0040638727 0.0029251605 0.059005228)
(0.0063792695 0.0036523837 0.058004353)
(0.0058363739 0.0031532299 0.05900418)
(-0.0073012388 0.0047459044 0.057995756)
(-0.008051338 0.0059810177 0.057998467)
(-0.0076570575 0.0052794106 0.059000494)
(-0.0051129002 0.0048867474 0.058002742)
(-0.0061002433 0.0059245905 0.058002299)
(-0.0061254166 0.00487617 0.059006474)
(-0.0040803851 0.0049005417 0.059008137)
(0.0051135125 0.0048871022 0.058003859)
(0.0040858056 0.00490559 0.059008792)
(0.0072933349 0.0047348746 0.057995022)
(0.006102578 0.0059297488 0.058001815)
(0.0061298487 0.0048835099 0.059004722)
(0.0080531071 0.0059843274 0.057998377)
(0.0076411888 0.0052538917 0.058993954)
(-0.0085772689 0.0072880189 0.057998692)
(-0.0070945163 0.006954031 0.057999419)
(-0.0079740545 0.0079910006 0.057999745)
(-0.0083567267 0.0066669382 0.059010597)
(-0.0060399284 0.0079669843 0.058003854)
(-0.0060766743 0.0069417141 0.05900829)
(0.0071011568 0.0069704919 0.057999594)
(0.0060441091 0.0079757013 0.058004147)
(0.0060828344 0.0069536462 0.059007613)
(0.0085821295 0.007304042 0.058010292)
(0.0079755771 0.0079927252 0.057999429)
(0.0083800857 0.0067290015 0.059008354)
(-0.0089411871 0.0090098838 0.058000503)
(-0.0069976534 0.0089890672 0.058003284)
(-0.0079863668 0.0099988059 0.058002083)
(-0.0079678289 0.0089962913 0.059004729)
(-0.0060084805 0.0099972605 0.058004727)
(-0.006016342 0.0089841258 0.059008876)
(0.0069997194 0.0089934173 0.058003286)
(0.0060096565 0.010000014 0.058004832)
(0.0060182969 0.0089874985 0.059008289)
(0.0089412707 0.0090107332 0.057999816)
(0.0079867045 0.0099988357 0.058001573)
(0.0079688571 0.0089989669 0.059004102)
(-0.0089417446 0.010984455 0.058000556)
(-0.0069987131 0.011005627 0.058003341)
(-0.00797355 0.012007913 0.05800131)
(-0.0079690048 0.010997892 0.059004234)
(-0.0060423001 0.012026298 0.058003864)
(-0.0060178111 0.011009409 0.05900839)
(0.006998792 0.011007245 0.05800376)
(0.006041605 0.012028926 0.05800475)
(0.0060181394 0.011010199 0.059008377)
(0.0089415001 0.010986938 0.058000355)
(0.0079740559 0.012006981 0.058002823)
(0.0079690554 0.010998245 0.05900419)
(-0.0085687488 0.012740068 0.057999523)
(-0.0070941313 0.013046971 0.058001147)
(-0.0080477194 0.014025752 0.058000659)
(-0.0083816855 0.013266748 0.058999139)
(-0.0061023175 0.014072362 0.058002262)
(-0.0060825992 0.013045766 0.059006396)
(0.0070940583 0.013046968 0.058003281)
(0.0060987965 0.014076907 0.058001608)
(0.006080812 0.013048401 0.059007291)
(0.0085757068 0.012717131 0.057993697)
(0.0080400794 0.014040046 0.05800121)
(0.0083733414 0.013288918 0.059006863)
(-0.0072941493 0.015263989 0.058002223)
(-0.0076753367 0.014691194 0.059002667)
(-0.0051208914 0.015106662 0.058003053)
(-0.0063788773 0.016348036 0.058000945)
(-0.0061309234 0.015116587 0.059005063)
(-0.0040867088 0.016091684 0.058003079)
(-0.0040914806 0.015089179 0.059008459)
(0.0051124284 0.015114368 0.058000379)
(0.0040796048 0.016097422 0.05800229)
(0.0040808556 0.015097475 0.05900795)
(0.0073017756 0.015253347 0.058001681)
(0.0063521291 0.016375043 0.057985038)
(0.0061293207 0.015117764 0.059003131)
(0.007654696 0.014724387 0.0590075)
(-0.0052750078 0.017286253 0.058000969)
(-0.0058381866 0.016845282 0.059001417)
(-0.0030455336 0.017095061 0.058001921)
(-0.0040406041 0.018039781 0.058000824)
(-0.0040689704 0.017071049 0.059003212)
(-0.0010064971 0.016994208 0.058003286)
(-0.0020061571 0.017975311 0.058001879)
(-0.0020235577 0.017029829 0.059006885)
(0.001005009 0.016995086 0.058003753)
(1.1670976e-06 0.017986226 0.058001855)
(-4.4586643e-07 0.016993533 0.059007177)
(0.0030346695 0.017099708 0.058003524)
(0.002005792 0.01797643 0.058004438)
(0.00201504 0.01703347 0.059007692)
(0.0052777594 0.017284282 0.058000676)
(0.00404941 0.018035074 0.058003035)
(0.0040543633 0.017081005 0.059005189)
(0.0058384895 0.016845033 0.059003443)
(-0.0026799066 0.018586998 0.058005028)
(-0.00098844545 0.018941351 0.058000891)
(-0.0019330045 0.018785752 0.059004406)
(0.00098696076 0.018941498 0.058000033)
(1.1924504e-06 0.01899996 0.059003086)
(0.0027459503 0.018566964 0.057996281)
(0.0019295722 0.018786552 0.059004698)
(-0.0027561765 0.0014361375 0.059996527)
(-0.0040128379 0.0019453777 0.060005714)
(-0.00098320493 0.0010581321 0.060007068)
(-0.0020030275 0.0020226777 0.060008928)
(-0.0019085242 0.0012085397 0.061021631)
(0.00099019024 0.0010588201 0.060008311)
(2.4735782e-06 0.0020125393 0.060011224)
(1.6152503e-06 0.0010000529 0.061018214)
(0.0027059412 0.0014208988 0.059997918)
(0.0020023862 0.002023259 0.060010235)
(0.0019244107 0.0012122439 0.061018049)
(0.0040331311 0.0019562247 0.0600092)
(-0.0052757144 0.002714253 0.060011802)
(-0.0063258605 0.0036003539 0.059999803)
(-0.0058494019 0.0031639216 0.061018743)
(-0.0030356364 0.0028987441 0.060012704)
(-0.0040735941 0.0038959473 0.060013128)
(-0.0040512109 0.0029154048 0.061023914)
(-0.0010050292 0.0030020165 0.060014221)
(-0.0020177318 0.0029618639 0.061025447)
(0.0010077781 0.003002513 0.060014734)
(1.6011088e-06 0.002997886 0.06102573)
(0.0030432097 0.0029023583 0.060011936)
(0.0020263314 0.0029652511 0.061027266)
(0.0052759179 0.0027143988 0.060016058)
(0.0040817772 0.0039035255 0.060014962)
(0.0040465193 0.0029116867 0.061026857)
(0.0063713308 0.0036439076 0.060005567)
(0.005846007 0.0031611355 0.06102363)
(-0.0072922611 0.0047333761 0.060006884)
(-0.0080427878 0.0059650215 0.060009833)
(-0.0076923612 0.0053361835 0.061033163)
(-0.0051041329 0.0048764617 0.060012003)
(-0.0060936034 0.0059156156 0.060013079)
(-0.0061196115 0.0048697575 0.061022282)
(-0.004079744 0.0048974061 0.061024)
(0.0051179155 0.0048903636 0.060013922)
(0.0040847933 0.0049024975 0.061025254)
(0.0073091596 0.0047569578 0.060013652)
(0.0061047611 0.0059288618 0.060013566)
(0.0061429266 0.0048952993 0.061021732)
(0.0080510968 0.0059805665 0.060007245)
(0.0076505975 0.0052690221 0.06102179)
(-0.0085694158 0.0072621307 0.060013725)
(-0.0070958625 0.0069564464 0.06001279)
(-0.007975655 0.0079943198 0.060010879)
(-0.0083999447 0.0067817658 0.061020117)
(-0.0060438161 0.0079685502 0.060015627)
(-0.0060845564 0.0069502159 0.061026405)
(0.0070947989 0.006949876 0.060012257)
(0.0060454368 0.007968805 0.060014292)
(0.0060861412 0.0069462363 0.061024532)
(0.0085745768 0.0072791443 0.060001132)
(0.0079719932 0.007982785 0.060008893)
(0.0083776709 0.0067225855 0.061016198)
(-0.0089411006 0.0090090058 0.060007566)
(-0.0070014815 0.008990021 0.060014521)
(-0.0079878163 0.009997024 0.060010924)
(-0.0079721872 0.0089990661 0.061024804)
(-0.0060137659 0.0099973708 0.060014981)
(-0.0060263274 0.0089854254 0.061023732)
(0.0070017251 0.0089897454 0.060012751)
(0.0060144957 0.009997192 0.060013792)
(0.0060267886 0.0089830982 0.061021213)
(0.0089416667 0.0090147538 0.060005732)
(0.0079879785 0.0099991526 0.060009233)
(0.0079714064 0.0089988506 0.061020625)
(-0.0089417522 0.010984378 0.060007211)
(-0.0070024146 0.011004692 0.060013736)
(-0.0079768001 0.0120029 0.060009494)
(-0.0079722067 0.010996881 0.061023554)
(-0.0060464265 0.012025318 0.060014381)
(-0.0060270382 0.011010648 0.061022845)
(0.007003279 0.011003121 0.060012842)
(0.0060472081 0.012022378 0.060014241)
(0.0060281821 0.011007636 0.061021747)
(0.0089414991 0.010986948 0.060006066)
(0.0079803349 0.011992642 0.060008236)
(0.0079729522 0.010995967 0.061021431)
(-0.0085633252 0.012757947 0.060004295)
(-0.0070989389 0.01303562 0.060010123)
(-0.0080474865 0.014026188 0.060006352)
(-0.0083886368 0.013248279 0.061020775)
(-0.0061031794 0.014074078 0.060013285)
(-0.006087576 0.01304681 0.061025441)
(0.0071032013 0.013024952 0.060009446)
(0.0060975788 0.014076878 0.060012794)
(0.0060887937 0.013041106 0.061025722)
(0.0085553713 0.012784168 0.06001087)
(0.0080499737 0.014021535 0.060008625)
(0.0083976232 0.013224402 0.06102055)
(-0.0072686225 0.015299612 0.060006733)
(-0.0076516918 0.014729218 0.061018858)
(-0.0051267666 0.015102001 0.060014847)
(-0.0064200217 0.016304106 0.060014548)
(-0.0061470111 0.015102577 0.061024097)
(-0.0040890702 0.016089539 0.060014851)
(-0.0040925683 0.015090837 0.061025618)
(0.0051042861 0.01512222 0.060013324)
(0.0040718466 0.01610325 0.060014177)
(0.0040826477 0.015098164 0.061025099)
(0.0072956564 0.015261886 0.060005572)
(0.0063170045 0.016407941 0.060009756)
(0.0061351927 0.015112503 0.061023765)
(0.0076721453 0.014696326 0.061010057)
(-0.0052773624 0.017284566 0.060011822)
(-0.0058530052 0.01683312 0.061015407)
(-0.0030425197 0.017097312 0.060011567)
(-0.0040132752 0.018054388 0.06000885)
(-0.0040541467 0.017082437 0.061026192)
(-0.0010074091 0.016996851 0.06001393)
(-0.0020105375 0.017974767 0.060010449)
(-0.0020246606 0.017034838 0.061026081)
(0.001005232 0.016997645 0.060014228)
(1.667689e-06 0.0179873 0.060010716)
(-3.8941092e-07 0.017001023 0.061024896)
(0.003038047 0.017100101 0.060013482)
(0.0020010332 0.017977302 0.060011123)
(0.0020231551 0.017035312 0.061026591)
(0.0052511068 0.017303381 0.06001041)
(0.0040288394 0.018046069 0.06000853)
(0.0040523293 0.017084426 0.061024121)
(0.0058483629 0.01683693 0.061025717)
(-0.0027145767 0.018576481 0.060012782)
(-0.00098476027 0.018941714 0.060007416)
(-0.0019219339 0.018788333 0.061022438)
(0.000986656 0.018941528 0.060006633)
(1.0967909e-06 0.018999963 0.061016877)
(0.0026906571 0.018583737 0.06000651)
(0.0019190445 0.018789007 0.06102252)
(-0.0027377304 0.0014305419 0.062051457)
(-0.0040227381 0.0019506694 0.062049873)
(-0.00098385119 0.0010581957 0.062044299)
(-0.0020098874 0.0020189889 0.062049615)
(-0.0019434624 0.0012166862 0.063075347)
(0.00098885461 0.0010586885 0.062047974)
(6.0297106e-07 0.0020024235 0.06204648)
(1.5014669e-06 0.0010000492 0.063080853)
(0.0027082883 0.0014216107 0.062055297)
(0.0019997653 0.0020156796 0.062054246)
(0.0019070709 0.0012082009 0.063096646)
(0.0040311815 0.0019551825 0.062048786)
(-0.0052689523 0.0027094073 0.062048057)
(-0.0063707594 0.0036432975 0.062052192)
(-0.005830587 0.0031484807 0.063090451)
(-0.0030450409 0.0028948905 0.062046579)
(-0.0040805392 0.0038930429 0.062043541)
(-0.0040637124 0.0028988747 0.063089896)
(-0.0010091949 0.0029793327 0.062039237)
(-0.0020332618 0.0039350284 0.062031632)
(-0.0020329689 0.0029294569 0.063057455)
(0.0010085444 0.0029792721 0.062041299)
(-2.4017187e-07 0.0039587817 0.062028346)
(-1.0012421e-06 0.0029507209 0.063046038)
(0.0030326135 0.0028897856 0.062049886)
(0.0020323506 0.0039351487 0.06203364)
(0.002028896 0.0029292614 0.063062667)
(0.0052360788 0.0026858505 0.062050591)
(0.0040762123 0.003889999 0.062045321)
(0.0040629546 0.0028992661 0.063090376)
(0.0063613031 0.0036335495 0.062052341)
(0.0058492626 0.0031638073 0.063092139)
(-0.0072926575 0.0047339292 0.062049056)
(-0.0080435325 0.0059664147 0.06205247)
(-0.0076550807 0.0052762316 0.063087514)
(-0.0051107633 0.0048851413 0.062042174)
(-0.0061024494 0.0059147111 0.062045392)
(-0.0061473132 0.0048760058 0.063080225)
(-0.0030546879 0.004918847 0.062026416)
(-0.0040687992 0.0059252533 0.062025865)
(-0.0040846345 0.0048950629 0.063035673)
(-0.0010151282 0.0049529714 0.062018594)
(-0.0020279452 0.0059531721 0.062014132)
(-0.0020323331 0.0049369977 0.063017461)
(0.0010150656 0.0049530385 0.062019223)
(1.1631516e-07 0.0059659666 0.062011108)
(-1.7274118e-07 0.0049560128 0.063013306)
(0.003055187 0.0049189183 0.062027689)
(0.0020286003 0.0059529792 0.062014615)
(0.0020324645 0.0049370976 0.06301839)
(0.0051090934 0.0048823027 0.062043252)
(0.0040700604 0.0059234092 0.062026257)
(0.0040856379 0.0048928815 0.063037214)
(0.0072856486 0.0047241484 0.06204596)
(0.0061038358 0.0059125398 0.062044206)
(0.0061348647 0.0048594791 0.063085718)
(0.008046973 0.0059728513 0.062049413)
(0.0076440992 0.005258572 0.063096159)
(-0.0085824708 0.0073051671 0.062052606)
(-0.0071019389 0.0069520102 0.062051556)
(-0.007980234 0.0079884287 0.06205225)
(-0.0083585122 0.0066716821 0.063100821)
(-0.005073723 0.0069406746 0.062028821)
(-0.0060570977 0.0079642205 0.062033604)
(-0.0060985875 0.0069293518 0.063046505)
(-0.003036795 0.0069590061 0.062012862)
(-0.0040416528 0.0079689125 0.0620144)
(-0.004052719 0.0069505581 0.063014616)
(-0.0010101659 0.0069739161 0.062007689)
(-0.0020172459 0.00798045 0.062006757)
(-0.0020188812 0.0069724635 0.063006377)
(0.001010656 0.0069737706 0.062007786)
(1.8905462e-07 0.0079851476 0.062004952)
(1.3298684e-07 0.0069805624 0.063004667)
(0.0030380658 0.0069579772 0.062012907)
(0.0020179527 0.0079798863 0.062006709)
(0.0020196624 0.0069719954 0.063006477)
(0.0050754024 0.0069367845 0.062027717)
(0.0040431361 0.0079667441 0.062013752)
(0.0040550927 0.0069479035 0.063014411)
(0.0071000884 0.0069430697 0.06204733)
(0.0060580693 0.0079594678 0.062030357)
(0.006101824 0.0069223868 0.063043209)
(0.0085836807 0.0073091558 0.062043996)
(0.0079782778 0.0079825283 0.062045103)
(0.008361582 0.0066798384 0.063085425)
(-0.008940691 0.0090048473 0.062046726)
(-0.0070176978 0.0089871924 0.062040552)
(-0.0079966325 0.009996623 0.062045989)
(-0.0079991601 0.0089929234 0.063081993)
(-0.0050412697 0.0089826983 0.062018938)
(-0.0060333136 0.0099982705 0.06202686)
(-0.0060534214 0.0089801382 0.063026764)
(-0.0030230852 0.0089880322 0.062007696)
(-0.0040305807 0.0099989655 0.062010967)
(-0.0040305289 0.0089866625 0.063008294)
(-0.0010065575 0.0089921742 0.062004198)
(-0.0020133245 0.0099992987 0.062004931)
(-0.0020109119 0.0089927604 0.063003402)
(0.0010068692 0.0089919137 0.062004159)
(2.6036978e-08 0.0099992722 0.062003489)
(8.6724758e-08 0.0089947491 0.063002354)
(0.0030238414 0.0089868175 0.062007391)
(0.0020135313 0.0099985949 0.062004811)
(0.0020113097 0.0089921906 0.063003321)
(0.0050424562 0.0089796249 0.06201737)
(0.0040312839 0.0099968728 0.062010391)
(0.004031605 0.0089845336 0.063007771)
(0.0070178137 0.0089846587 0.062035116)
(0.0060342301 0.0099952081 0.062024548)
(0.0060549116 0.0089757315 0.063023779)
(0.0089414863 0.0090129216 0.062037361)
(0.0079968306 0.0099974139 0.062040081)
(0.0079997407 0.0089881109 0.063067697)
(-0.0089415808 0.010986118 0.062043684)
(-0.0070182667 0.011009117 0.062038467)
(-0.0079787535 0.012015204 0.06204697)
(-0.0080004209 0.011006237 0.063076722)
(-0.0050422355 0.011014625 0.062018424)
(-0.0060587093 0.012032667 0.062031663)
(-0.0060541745 0.011016711 0.063025644)
(-0.0030240148 0.011010169 0.062007619)
(-0.0040439785 0.012028433 0.062014142)
(-0.0040314526 0.011011643 0.063008137)
(-0.0010070232 0.011006424 0.06200418)
(-0.0020188138 0.012017714 0.062006739)
(-0.0020114956 0.011006219 0.063003381)
(0.0010068066 0.011006067 0.062004148)
(-3.1406463e-07 0.01201307 0.062004923)
(-8.8056919e-08 0.011004201 0.063002344)
(0.0030240636 0.011008676 0.062007456)
(0.0020181694 0.012016759 0.062006717)
(0.0020113882 0.011005473 0.063003328)
(0.0050432362 0.01101109 0.062017799)
(0.0040439885 0.012025582 0.062014106)
(0.0040319404 0.0110092 0.063007908)
(0.0070196699 0.011005353 0.062036559)
(0.0060609862 0.012026461 0.06203194)
(0.0060559178 0.011011972 0.063024599)
(0.0089414504 0.010987443 0.062039417)
(0.0079836074 0.012003334 0.062049436)
(0.0080008976 0.011004756 0.063071374)
(-0.0085624979 0.012760675 0.062043832)
(-0.0071028976 0.01304637 0.062046829)
(-0.0080487597 0.014023806 0.062051723)
(-0.0083765657 0.013280351 0.063083635)
(-0.0050770554 0.013056058 0.062028419)
(-0.006103727 0.014083802 0.0620461)
(-0.006102822 0.013063539 0.063044519)
(-0.0030403886 0.013038162 0.062012975)
(-0.0040744205 0.014070975 0.06202655)
(-0.004057082 0.013046377 0.063014654)
(-0.0010118597 0.013024005 0.062007707)
(-0.0020320906 0.014043775 0.062014448)
(-0.0020214394 0.013025693 0.063006444)
(0.0010106255 0.013023532 0.062007713)
(-8.6665819e-07 0.014031464 0.062011025)
(-4.734054e-07 0.013017776 0.06300464)
(0.0030389536 0.013036327 0.062013034)
(0.002029702 0.014042815 0.062014458)
(0.0020201788 0.013024452 0.063006456)
(0.0050776615 0.013051084 0.06202891)
(0.0040720263 0.014068516 0.062026873)
(0.0040562639 0.013042595 0.063014783)
(0.0071083242 0.013032253 0.062050809)
(0.0061055582 0.014079164 0.062046583)
(0.0061057668 0.013056776 0.063045302)
(0.008570775 0.012733388 0.062052856)
(0.0080475981 0.014025979 0.062050476)
(0.0083702476 0.013297138 0.063097433)
(-0.0072826357 0.015280056 0.062053594)
(-0.0076654577 0.014707081 0.063096181)
(-0.0051140723 0.015113129 0.062043954)
(-0.0063423347 0.016384217 0.062050678)
(-0.0061366587 0.01513441 0.063085926)
(-0.0030624656 0.015076144 0.062027535)
(-0.004087655 0.016103061 0.062045333)
(-0.0040943293 0.015100754 0.063037266)
(-0.0010184423 0.01504398 0.06201879)
(-0.0020402257 0.016060818 0.062032866)
(-0.0020386278 0.015059608 0.063018111)
(0.0010159901 0.01504357 0.062018766)
(-1.021031e-06 0.016038334 0.06202781)
(-1.0475815e-06 0.015041354 0.063013164)
(0.0030577229 0.015076275 0.062027408)
(0.0020367675 0.016060942 0.06203242)
(0.002035145 0.015057867 0.063017963)
(0.0051120323 0.015111759 0.062045368)
(0.004082878 0.016104375 0.062045574)
(0.0040890724 0.015097535 0.063037955)
(0.0072856701 0.015275822 0.062049975)
(0.0063630863 0.016364781 0.062059997)
(0.0061427321 0.015125246 0.063088714)
(0.0076857215 0.014674494 0.063091399)
(-0.0052691821 0.017290428 0.062049492)
(-0.0058345062 0.016848302 0.06309707)
(-0.0030563743 0.017100272 0.062050008)
(-0.0040314007 0.0180447 0.0620509)
(-0.0040805793 0.01709255 0.063092607)
(-0.0010131971 0.01701826 0.062039191)
(-0.0020166173 0.017978376 0.062051236)
(-0.0020401749 0.017066675 0.063061579)
(0.0010119931 0.017017934 0.062039414)
(-5.6536731e-07 0.017996508 0.062044428)
(-8.3707739e-07 0.017046608 0.063044942)
(0.0030484259 0.017102849 0.062046835)
(0.0020208587 0.017977915 0.062050785)
(0.0020393709 0.017064199 0.063059676)
(0.0052673113 0.017291769 0.062049637)
(0.0040321507 0.018044299 0.062047914)
(0.0040708052 0.017096558 0.063090233)
(0.0058247439 0.016856314 0.063095778)
(-0.0026661605 0.018591168 0.062055143)
(-0.0009922532 0.018940976 0.062042363)
(-0.0018819627 0.018797653 0.063088533)
(0.00099056103 0.018941143 0.062045172)
(-1.5449653e-06 0.018999949 0.063078429)
(0.0027126939 0.018577052 0.062048054)
(0.0019160014 0.018789717 0.063091132)
(-0.0020408345 0.0039032977 0.064018409)
(-6.368266e-07 0.0039333989 0.064011764)
(0.0020398695 0.0039048867 0.064019778)
(-0.0030549966 0.0049122108 0.064012279)
(-0.0040667314 0.0059242399 0.064010704)
(-0.0010130894 0.004953983 0.064005598)
(-0.0020202784 0.0059642468 0.064003729)
(-0.0020253658 0.0049465423 0.064999998)
(0.001012915 0.0049539149 0.064005836)
(-2.6671828e-09 0.0059775498 0.064002584)
(-2.2548024e-07 0.0049682466 0.064999998)
(0.0030573544 0.0049130592 0.064012948)
(0.0020211044 0.0059640874 0.064003885)
(0.0020257698 0.0049462112 0.064999998)
(0.0040717567 0.0059221947 0.064010981)
(-0.005078612 0.0069369843 0.064012825)
(-0.006087158 0.0079520665 0.064019803)
(-0.00302577 0.0069707754 0.064003284)
(-0.0040321117 0.0079765837 0.064003852)
(-0.0040377859 0.0069642657 0.064999998)
(-0.0010052982 0.0069867196 0.064001598)
(-0.0020082531 0.0079906431 0.06400137)
(-0.0020076278 0.006988906 0.064999998)
(0.0010055604 0.0069865702 0.064001623)
(6.1833289e-08 0.0079944803 0.064000929)
(2.1622637e-08 0.0069949978 0.064999998)
(0.003027475 0.0069697471 0.064003306)
(0.0020087268 0.0079902482 0.064001361)
(0.0020081249 0.0069886528 0.064999998)
(0.0050835599 0.0069305305 0.064012366)
(0.0040340861 0.0079743003 0.064003669)
(0.0040414146 0.0069619536 0.064999998)
(0.0060916044 0.0079441026 0.064017874)
(-0.0070887136 0.0089744446 0.064036588)
(-0.0050422729 0.0089846751 0.064005804)
(-0.0060614849 0.0099991721 0.064011772)
(-0.0060682212 0.008980156 0.064999998)
(-0.003012049 0.0089937996 0.064001614)
(-0.0040207918 0.0099996315 0.064002564)
(-0.004015189 0.0089934612 0.064999998)
(-0.0010022663 0.0089973831 0.064000762)
(-0.0020050563 0.0099998258 0.064000925)
(-0.0020019684 0.0089986069 0.064999998)
(0.0010023798 0.008997253 0.064000754)
(3.2615602e-09 0.0099998226 0.064000611)
(7.7263065e-09 0.0089995683 0.064999998)
(0.0030125405 0.0089929596 0.064001543)
(0.0020051385 0.009999462 0.0640009)
(0.0020020871 0.0089984582 0.064999998)
(0.0050436244 0.0089811262 0.064005301)
(0.004021244 0.0099979362 0.064002421)
(0.0040157276 0.0089921682 0.064999998)
(0.0070904748 0.0089687283 0.06403233)
(0.0060624628 0.0099943733 0.064010839)
(0.0060691545 0.0089741177 0.064999998)
(-0.0070903264 0.011021438 0.06403535)
(-0.0050426482 0.01101388 0.064005639)
(-0.006088642 0.012044149 0.064018697)
(-0.0060658027 0.011018904 0.064999998)
(-0.0030125844 0.01100558 0.064001596)
(-0.0040341303 0.012021848 0.064003781)
(-0.0040155361 0.011006114 0.064999998)
(-0.0010024605 0.011002271 0.064000759)
(-0.0020092127 0.012008698 0.064001367)
(-0.0020021324 0.011001298 0.064999998)
(0.0010023763 0.011002086 0.064000752)
(-1.292685e-07 0.012004942 0.064000924)
(-1.0636493e-08 0.011000369 0.064999998)
(0.0030126272 0.011004539 0.064001559)
(0.0020088668 0.012007962 0.064001362)
(0.0020021002 0.011001093 0.064999998)
(0.0050440399 0.011010166 0.064005441)
(0.0040344383 0.012018826 0.064003759)
(0.0040158027 0.011004707 0.064999998)
(0.0070917162 0.011015353 0.064034075)
(0.0060936731 0.012035579 0.064018501)
(0.0060685375 0.01101279 0.064999998)
(-0.0050839361 0.013059454 0.064012756)
(-0.0030292064 0.013027461 0.064003327)
(-0.004076163 0.014071071 0.064011099)
(-0.0040419254 0.013033524 0.064999998)
(-0.001006364 0.01301247 0.064001605)
(-0.0020243434 0.014033822 0.064003832)
(-0.0020090292 0.013010504 0.064999998)
(0.0010056655 0.013011982 0.064001607)
(-5.7313853e-07 0.014021075 0.064002568)
(-1.3937216e-07 0.013004642 0.064999998)
(0.0030279364 0.013025135 0.06400334)
(0.0020221339 0.014031994 0.064003831)
(0.0020083431 0.013009642 0.064999998)
(0.0050852853 0.013051499 0.064012696)
(0.0040724928 0.01406573 0.064011173)
(0.0040409889 0.013029832 0.064999998)
(-0.0030665297 0.015081885 0.06401278)
(-0.0010163986 0.015044045 0.064005686)
(-0.0020503304 0.016092489 0.064019179)
(-0.0020324054 0.015052296 0.064999998)
(0.0010141391 0.015042877 0.064005684)
(-1.3564335e-06 0.016064263 0.064011617)
(-7.1739518e-07 0.015030587 0.064999998)
(0.0030601452 0.015078412 0.064012728)
(0.0020450974 0.016088586 0.064018948)
(0.0020283469 0.015048524 0.064999998)
(-0.0027013046 0.0014194923 0.001001956)
(-0.00098782011 0.0010585866 0.00099937967)
(0.00098935066 0.0010587374 0.00099991669)
(0.0027198781 0.0014251265 0.00099884749)
(-0.0040283139 0.0019536498 0.00099937159)
(-0.0052761036 0.0027145319 0.00099449653)
(-0.0046414279 0.002293717 0.0020116616)
(-0.0019935823 0.0020214226 0.00099811847)
(-0.0030359469 0.0029045131 0.00099836463)
(-0.0033499687 0.0016496365 0.0019938114)
(3.332413e-07 0.002012809 0.001000111)
(-0.0010057595 0.0030052374 0.00099937881)
(-0.0010010963 0.0020329651 0.0019993417)
(0.0020042684 0.0020238517 0.0010035031)
(0.0010056372 0.0030046682 0.0010004603)
(0.00099955566 0.0020312766 0.0020003355)
(0.0040202589 0.0019493443 0.00099754975)
(0.0030367536 0.002904625 0.0010019325)
(0.0032426425 0.0016092418 0.0020040175)
(0.0052925055 0.0027262853 0.0010004655)
(0.0046924357 0.0023254357 0.0020021493)
(-0.0063857323 0.0036592839 0.00094084155)
(-0.0072850978 0.0047233797 0.00099122102)
(-0.0068493199 0.0041667331 0.0019897882)
(-0.0040809564 0.0039073155 0.0009921791)
(-0.0051148543 0.004892221 0.00098545287)
(-0.0051208283 0.0038745665 0.0019864467)
(0.0040786795 0.003904755 0.00099944686)
(0.0063666319 0.0036388907 0.00099899857)
(0.0051100357 0.004886602 0.00099925048)
(0.005115012 0.0038680404 0.0019989992)
(0.007281995 0.0047190498 0.0010072958)
(0.0068489474 0.0041662792 0.0019981478)
(-0.0080495529 0.005977678 0.00097983006)
(-0.0085759017 0.0072835117 0.00082307631)
(-0.006097174 0.0059250975 0.00097923105)
(-0.007088176 0.0069465533 0.00094493471)
(-0.0070779325 0.0059422235 0.001976752)
(0.0060943637 0.0059218584 0.00099161674)
(0.0080519278 0.0059821212 0.00098691664)
(0.0070908096 0.0069532175 0.00096624424)
(0.0070813937 0.0059467742 0.0019869307)
(0.0085703599 0.0072652432 0.00086577511)
(-0.0079735898 0.0079889449 0.00074200825)
(-0.0089422554 0.0090207308 0.00054890775)
(-0.0087872844 0.0080735646 0.0017307668)
(-0.0060398466 0.0079728144 0.00093569912)
(-0.0069981019 0.008995967 0.00084797235)
(-0.0070290294 0.0079853189 0.0018858357)
(0.0060387381 0.0079682763 0.00094858036)
(0.007974785 0.0079884017 0.00081022356)
(0.0069978892 0.0089901079 0.00086509996)
(0.0070243655 0.0079716707 0.0019093614)
(0.0089412999 0.0090110293 0.00060104025)
(0.0087908533 0.0080888707 0.0017965738)
(-0.0079857295 0.010013736 0.00057629895)
(-0.0089404756 0.010997339 0.00067627646)
(-0.0089996695 0.010010084 0.0015893131)
(-0.0060073608 0.010004015 0.00089559004)
(-0.0069964769 0.011011876 0.00084082482)
(-0.0069957881 0.010005461 0.001809564)
(0.006007491 0.0099987954 0.00089727159)
(0.0079863564 0.0099980756 0.00056561012)
(0.0069969608 0.01100885 0.00082964559)
(0.0069957035 0.0099988523 0.0018151071)
(0.0089412962 0.010989008 0.00065819835)
(0.0089999744 0.010000771 0.0016051065)
(-0.0079725701 0.012008028 0.00072144536)
(-0.0085676998 0.012743526 0.00073625877)
(-0.0087864867 0.011929856 0.001833829)
(-0.0060382526 0.012030415 0.00089041413)
(-0.0070886393 0.013050916 0.00069939532)
(-0.0070262374 0.012022803 0.0018305798)
(0.0060386752 0.012030723 0.00086740348)
(0.0079708848 0.012016638 0.0006641104)
(0.0070865302 0.013062006 0.00060888715)
(0.0070274622 0.012020016 0.0017960113)
(0.0085788427 0.012706793 0.00069525696)
(0.008788122 0.011922843 0.0018102852)
(-0.008045461 0.014029977 0.00076837374)
(-0.0060976631 0.014073972 0.0009319713)
(-0.0072963644 0.015260898 0.00097284707)
(-0.0070825977 0.014051011 0.0018923693)
(-0.0051106594 0.015110893 0.00099286539)
(0.0060991312 0.014074473 0.00091107821)
(0.0051166864 0.015105438 0.00099031535)
(0.0080438115 0.014033063 0.0007160651)
(0.0072893185 0.015270731 0.0009649761)
(0.0070787883 0.014057127 0.0018584545)
(-0.0063711197 0.016356318 0.0010034579)
(-0.0068347435 0.015851028 0.0019901058)
(-0.0040753269 0.016096671 0.00099841205)
(-0.0052607065 0.017296502 0.0010007067)
(-0.0051181023 0.016128683 0.0019957012)
(-0.0030300945 0.017098515 0.00099902219)
(-0.0010037718 0.016994547 0.00099972624)
(0.0010072594 0.016993877 0.00099995633)
(0.0040796334 0.016093136 0.00099873665)
(0.0030379062 0.017095678 0.0010001546)
(0.0063933771 0.016332554 0.0009952171)
(0.005261252 0.017296111 0.0010055406)
(0.0051274201 0.016118016 0.0019980903)
(0.0068466139 0.015836564 0.0019874121)
(-0.0040252402 0.018047993 0.00099921713)
(-0.0047530015 0.017636903 0.0020010841)
(-0.0019961861 0.017978153 0.0010002867)
(-0.0027246602 0.018573422 0.00099399167)
(-0.0032798019 0.018376773 0.001997878)
(1.9330791e-06 0.017986458 0.0010001992)
(-0.00098809465 0.018941386 0.00099972412)
(-0.00099750945 0.017968174 0.0019994694)
(0.0020006931 0.017976303 0.00099948774)
(0.0009900056 0.018941198 0.001000291)
(0.0010023722 0.017967419 0.0020000919)
(0.0040242759 0.018048508 0.0010012775)
(0.0027101632 0.01857782 0.0010024147)
(0.0033228772 0.01836056 0.0020063082)
(0.0047079681 0.017664906 0.00199682)
(-0.0027305347 0.0014283591 0.0030019067)
(-0.00098488553 0.0010582976 0.0030003041)
(0.00098986444 0.001058788 0.0029999629)
(0.0026594191 0.0014067864 0.0029954991)
(-0.0040126842 0.0019452955 0.002999284)
(-0.0052592658 0.0027024661 0.0029947391)
(-0.0047254809 0.0023459845 0.0040137589)
(-0.0020085864 0.0020267305 0.0029995277)
(-0.0030521816 0.0029069135 0.002999052)
(-0.0032476613 0.0016111308 0.0039965068)
(2.2101424e-06 0.0020143908 0.002999547)
(-0.0010073543 0.0030072271 0.0029993623)
(-0.00099788205 0.0020321033 0.0039998912)
(0.002008393 0.0020250517 0.003001298)
(0.0010073936 0.0030062307 0.0030000897)
(0.0010026465 0.002032817 0.0039998522)
(0.0040278575 0.0019534058 0.0029989966)
(0.0030384578 0.0029010644 0.0030013617)
(0.003284879 0.0016251385 0.0039966464)
(0.0052578554 0.0027014554 0.0029954227)
(0.0047305973 0.0023491661 0.0040015168)
(-0.0064348758 0.0037117539 0.0029791365)
(-0.0072776798 0.0047130278 0.002997823)
(-0.0068319724 0.0041455951 0.0039928694)
(-0.0040850657 0.0039084464 0.0029938643)
(-0.0051241948 0.0048972567 0.002990034)
(-0.0051287619 0.0038814242 0.0039962173)
(0.0040749433 0.003898012 0.0029982035)
(0.0063688777 0.0036412885 0.0029985184)
(0.0051057924 0.0048782982 0.0029971124)
(0.0050974461 0.0038516309 0.00399677)
(0.007278489 0.0047141571 0.0029976623)
(0.0068498627 0.0041673945 0.0039969866)
(-0.0080520873 0.0059824195 0.0029852778)
(-0.0085681807 0.0072580591 0.0029223154)
(-0.0061032763 0.0059289543 0.0029811332)
(-0.0070977489 0.0069646388 0.002961283)
(-0.0070784718 0.005943644 0.0039922023)
(0.0060937877 0.0059171381 0.0029880857)
(0.0080488474 0.0059763582 0.0029907084)
(0.0070922906 0.0069502309 0.0029672794)
(0.0070799034 0.0059440601 0.0039944379)
(0.0085727545 0.007273137 0.0029392164)
(-0.0079762061 0.0079985133 0.0028981474)
(-0.0089414514 0.0090125681 0.0028464498)
(-0.0087945292 0.0081046359 0.0039488613)
(-0.0060432235 0.0079786912 0.0029348967)
(-0.0069991997 0.0089978315 0.0028853753)
(-0.0070323451 0.0079939042 0.0039541393)
(0.0060388547 0.0079667466 0.0029441522)
(0.0079729368 0.0079892261 0.0029150817)
(0.0069970838 0.0089901334 0.0028961245)
(0.0070253853 0.0079742692 0.0039597516)
(0.0089414061 0.0090121079 0.0028654095)
(0.008786925 0.0080720233 0.0039574998)
(-0.0079864438 0.010003411 0.0028340775)
(-0.0089410341 0.010991669 0.0028704558)
(-0.0089998328 0.010005095 0.0039305216)
(-0.006007823 0.010004408 0.0028954348)
(-0.0069975146 0.011011056 0.0028780645)
(-0.0069961417 0.010004485 0.003923261)
(0.0060073778 0.0099981261 0.0028967452)
(0.0079863029 0.01000198 0.0028417776)
(0.0069985628 0.011005861 0.0028706125)
(0.0069955666 0.0099990874 0.0039251868)
(0.0089409859 0.010992158 0.0028709473)
(0.0089999762 0.010000716 0.0039351864)
(-0.0079741904 0.012007828 0.002883867)
(-0.0085683404 0.012741415 0.0029021393)
(-0.0087870565 0.011927413 0.0039587337)
(-0.0060400375 0.012030841 0.0029043545)
(-0.0070952625 0.013042806 0.0028968217)
(-0.0070253739 0.012026298 0.0039376789)
(0.0060425152 0.012024481 0.0028866018)
(0.0079793769 0.011996201 0.0028598604)
(0.0071031983 0.013022416 0.0028622491)
(0.0070261902 0.012023653 0.0039273464)
(0.0085745988 0.012720783 0.0028841806)
(0.0087854977 0.011934098 0.0039507344)
(-0.0080524804 0.014016845 0.0029216328)
(-0.0060959409 0.014079222 0.0029514836)
(-0.0072878487 0.015272782 0.0029880297)
(-0.0070789223 0.014058118 0.003970625)
(-0.0051081396 0.015119168 0.0029922809)
(0.0061018353 0.014072352 0.0029359366)
(0.0051174371 0.015109564 0.0029883775)
(0.0080518755 0.014017977 0.0028950296)
(0.0072881474 0.015272365 0.0029860034)
(0.007079472 0.014056593 0.0039591735)
(-0.0063367489 0.016389448 0.0029960784)
(-0.0068465483 0.015836644 0.0039953128)
(-0.0040770712 0.016100141 0.0029976898)
(-0.0052706116 0.017289404 0.0030061782)
(-0.0051203003 0.016126883 0.0039970006)
(-0.0030424001 0.017097083 0.0029993728)
(-0.0010057873 0.016993539 0.002999458)
(0.0010075358 0.016993711 0.0029999029)
(0.004080376 0.016096233 0.002996846)
(0.0030361739 0.017099579 0.003000432)
(0.0063941877 0.016331689 0.002984161)
(0.005257925 0.017298495 0.0030034525)
(0.0051176893 0.016129095 0.0039961294)
(0.0068465511 0.01583664 0.0039955923)
(-0.0040267346 0.018047194 0.0029973971)
(-0.004742645 0.017643343 0.0039989084)
(-0.0020050177 0.017975414 0.0029997591)
(-0.0027533215 0.018564728 0.0029982093)
(-0.0032555353 0.018385906 0.0040013067)
(2.1253511e-06 0.017985752 0.0029999488)
(-0.00098671463 0.018941522 0.002999418)
(-0.00099955521 0.01796761 0.0039995855)
(0.00200552 0.017976257 0.0030003431)
(0.0009903329 0.018941165 0.0029998248)
(0.0010007526 0.017967966 0.0040001188)
(0.0040345187 0.018043034 0.0030023885)
(0.0027173665 0.018575635 0.0029962944)
(0.0032380067 0.018392503 0.0040021388)
(0.0047293482 0.017651611 0.0039969857)
(-0.002718023 0.0014245637 0.0050048552)
(-0.00098320987 0.0010581326 0.0050007137)
(0.00098872257 0.0010586755 0.005000465)
(0.0026893989 0.0014158807 0.0049946523)
(-0.0040115745 0.0019447024 0.0049994007)
(-0.0052681676 0.002708845 0.0049983447)
(-0.004710729 0.0023368111 0.0059963936)
(-0.0020095708 0.0020260431 0.0049995336)
(-0.0030428995 0.0029032247 0.0049993174)
(-0.0032595555 0.0016156074 0.0060034017)
(1.3303816e-06 0.0020146289 0.0049997559)
(-0.0010056648 0.0030068554 0.0049997029)
(-0.00099859688 0.0020323101 0.0059999594)
(0.0020199533 0.0020289585 0.0050003986)
(0.0010106015 0.0030077738 0.005000169)
(0.0010011663 0.0020333217 0.0060009558)
(0.0040200784 0.0019492478 0.0049993891)
(0.0030522437 0.0029059698 0.004999912)
(0.0033084838 0.0016340228 0.0060137236)
(0.0052770107 0.0027151818 0.0049965876)
(0.0046800881 0.0023177574 0.0060011896)
(-0.0063610847 0.003633345 0.0050020176)
(-0.00728879 0.0047285321 0.0049981265)
(-0.006832194 0.0041458651 0.0059988695)
(-0.0040801665 0.0039034319 0.0049980276)
(-0.0051164819 0.0048886141 0.0049975807)
(-0.0051320534 0.0038862484 0.0059987641)
(0.0040763302 0.0038975991 0.0049976575)
(0.0063513201 0.0036241994 0.0049916629)
(0.0051052942 0.0048774552 0.0049967177)
(0.0051029587 0.0038572243 0.0059969956)
(0.0073016498 0.004746478 0.0050048707)
(0.0068468443 0.0041637165 0.0059989497)
(-0.0080404714 0.0059606878 0.004998854)
(-0.0085626906 0.007239961 0.005003203)
(-0.0060995377 0.0059249057 0.0049933137)
(-0.0070971687 0.0069629735 0.0049888276)
(-0.0070816986 0.0059472333 0.0059963645)
(0.0060944477 0.0059180197 0.0049946015)
(0.0080473014 0.0059734659 0.0049984175)
(0.0070901091 0.0069432941 0.004989394)
(0.0070770107 0.0059397826 0.0059981663)
(0.0085804769 0.0072985941 0.0049941233)
(-0.0079767501 0.0080002649 0.0049783279)
(-0.0089412859 0.0090108871 0.004976627)
(-0.0087870359 0.008072499 0.0059932134)
(-0.0060427977 0.0079781028 0.0049737546)
(-0.0069988808 0.0089970105 0.0049641984)
(-0.0070283271 0.0079836116 0.0059869817)
(0.006038617 0.0079658832 0.0049766096)
(0.0079710968 0.0079843441 0.0049813503)
(0.006996801 0.0089893669 0.0049670251)
(0.0070248217 0.0079728912 0.0059891454)
(0.008941363 0.0090116696 0.0049797027)
(0.0087888302 0.0080801941 0.0059944211)
(-0.007986414 0.010002352 0.0049662731)
(-0.0089414788 0.010987154 0.0049797918)
(-0.0089999266 0.010002232 0.0059928851)
(-0.0060074913 0.010003853 0.0049586608)
(-0.0069972985 0.011010516 0.0049620995)
(-0.0069955936 0.010002626 0.0059801994)
(0.006007311 0.0099977253 0.0049591153)
(0.00798627 0.0099995478 0.0049676376)
(0.0069984442 0.011005341 0.0049602235)
(0.0069958314 0.0099985602 0.0059808173)
(0.0089413505 0.010988457 0.0049797577)
(0.0089999108 0.010002711 0.0059931199)
(-0.00797331 0.01201229 0.0049761319)
(-0.0085826338 0.012694295 0.0049872924)
(-0.0087842087 0.011939626 0.005992823)
(-0.0060394413 0.012032055 0.0049660015)
(-0.0070937842 0.013045006 0.00497822)
(-0.0070263042 0.012023927 0.0059866817)
(0.0060418851 0.01202503 0.0049608218)
(0.0079775497 0.011998128 0.0049727237)
(0.0070980133 0.013035235 0.0049724863)
(0.0070298307 0.012014166 0.0059844613)
(0.0085838755 0.012690202 0.0049841028)
(0.0087857528 0.011933004 0.0059920252)
(-0.0080446232 0.014031545 0.0049856341)
(-0.006093291 0.014084545 0.0049862445)
(-0.0072696659 0.015298156 0.0049975671)
(-0.0070759761 0.014061414 0.005996484)
(-0.0051113285 0.015118196 0.0049973555)
(0.0060960312 0.014078382 0.0049821266)
(0.0051056066 0.015121738 0.0049969733)
(0.0080463007 0.014028406 0.0049786611)
(0.0072927634 0.015265923 0.0049959593)
(0.007080552 0.014054108 0.0059949662)
(-0.0063689048 0.016358683 0.0049974987)
(-0.0068427909 0.015841222 0.0059966859)
(-0.0040829676 0.016096948 0.0049986257)
(-0.0052841531 0.0172797 0.004998508)
(-0.0051133042 0.016134634 0.0060039777)
(-0.0030699102 0.017086737 0.0050015564)
(-0.0010100879 0.016991813 0.004999845)
(0.0010090732 0.016992914 0.0049998341)
(0.0040739692 0.016102788 0.0049978495)
(0.003047303 0.017095936 0.0049988036)
(0.0063331112 0.016392855 0.0050161362)
(0.0052546554 0.017300838 0.0049919658)
(0.005113429 0.016133892 0.0059963218)
(0.0068395512 0.015845169 0.0059986309)
(-0.0040217749 0.018049845 0.0049993689)
(-0.0046882412 0.017677173 0.0060028668)
(-0.0020267135 0.017967289 0.0050013468)
(-0.0026514061 0.018595644 0.005000061)
(-0.0032944534 0.018371258 0.0060016408)
(1.3011803e-06 0.017985191 0.0049999296)
(-0.00098477814 0.018941713 0.0049994433)
(-0.0010000932 0.017967077 0.0059999938)
(0.0020213652 0.017970946 0.0049993123)
(0.00099032368 0.018941166 0.0049997971)
(0.0010033053 0.017967116 0.0060002259)
(0.004016932 0.018052434 0.0049966596)
(0.0027067015 0.01857887 0.0050049738)
(0.003282136 0.018375894 0.0060093677)
(0.0047374408 0.017646579 0.0060020697)
(-0.0027345095 0.0014295648 0.0069950167)
(-0.00098513242 0.0010583219 0.0070001794)
(0.00098361563 0.0010581725 0.0069999436)
(0.002752028 0.001434879 0.0069876472)
(-0.0040231838 0.0019509077 0.0069994831)
(-0.0052502591 0.002696012 0.0069899986)
(-0.0047431208 0.0023569537 0.0079975609)
(-0.0020134393 0.0020274031 0.0069992018)
(-0.003049519 0.0029050352 0.00699839)
(-0.0032886254 0.0016265486 0.0080009633)
(-1.3824588e-08 0.0020148552 0.0070003759)
(-0.0010077375 0.0030076053 0.0069997471)
(-0.0010003633 0.0020330739 0.0079998013)
(0.0020149159 0.002028864 0.0070006358)
(0.0010099066 0.0030084612 0.0070004634)
(0.0010003567 0.0020332822 0.0080006892)
(0.0040205671 0.001949509 0.0069980773)
(0.0030612479 0.0029098802 0.0070006711)
(0.0032973598 0.001629836 0.0080025329)
(0.0052801096 0.0027174025 0.0070016582)
(0.0047315669 0.002349769 0.0080153239)
(-0.0063043911 0.0035802456 0.0070063879)
(-0.0072842395 0.0047221819 0.0070008386)
(-0.0068428226 0.004158816 0.0079998277)
(-0.0040727951 0.0038957195 0.0069983786)
(-0.0051008711 0.004873718 0.0069994515)
(-0.0051066845 0.003859254 0.0080007315)
(0.0040838561 0.0039041079 0.0069986466)
(0.0063972202 0.0036715495 0.0069882727)
(0.0051155552 0.0048869166 0.0069973063)
(0.0051193785 0.0038714546 0.0080001876)
(0.0072892513 0.0047291759 0.0070008862)
(0.006844425 0.0041607686 0.0079984194)
(-0.0080547652 0.0059874295 0.006999438)
(-0.0085777463 0.0072895926 0.0069986261)
(-0.0060920403 0.0059176331 0.0069981098)
(-0.0070947532 0.0069572694 0.006995498)
(-0.0070754776 0.0059407061 0.007998452)
(0.0060979503 0.0059212486 0.0069975726)
(0.0080444657 0.0059681605 0.0069988477)
(0.0070926569 0.0069503675 0.007001939)
(0.0070802202 0.0059461915 0.0079992995)
(0.0085790437 0.0072938694 0.0070022525)
(-0.0079749961 0.0079955508 0.0069953733)
(-0.0089413752 0.009011794 0.0069974442)
(-0.008788837 0.0080802233 0.0079950284)
(-0.0060407085 0.0079743905 0.006991491)
(-0.0069978517 0.008994944 0.0069910864)
(-0.00702812 0.0079838003 0.0079952853)
(0.0060400319 0.0079691587 0.0069937163)
(0.0079723481 0.0079870278 0.0069995845)
(0.0069974357 0.0089916286 0.0069927055)
(0.0070287346 0.0079836857 0.0079972003)
(0.0089418213 0.0090163237 0.0069982883)
(0.0087899755 0.0080851059 0.0079947711)
(-0.0079861727 0.01000014 0.0069949463)
(-0.0089417232 0.010984673 0.0069979934)
(-0.0089999553 0.0099986447 0.0080008354)
(-0.0060067684 0.010002905 0.00698821)
(-0.0069967647 0.011010102 0.0069916548)
(-0.0069952045 0.010002492 0.0079954874)
(0.0060075594 0.0099987818 0.0069887293)
(0.0079864382 0.010000299 0.0069952853)
(0.0069986856 0.011005318 0.0069914747)
(0.0069957586 0.010000665 0.0079959918)
(0.0089415074 0.010986863 0.0069985121)
(0.0089999221 0.010002369 0.0079994065)
(-0.0079733847 0.012009605 0.0069977596)
(-0.0085735277 0.012724314 0.0070035579)
(-0.0087878635 0.011923951 0.00799703)
(-0.0060386813 0.012033326 0.0069919786)
(-0.0070919012 0.013051057 0.0069985962)
(-0.0070236087 0.012029903 0.0079977183)
(0.0060423508 0.012024467 0.0069906244)
(0.0079774815 0.011998836 0.0069965757)
(0.0071002503 0.01303034 0.0069964842)
(0.0070270876 0.012021402 0.0079981293)
(0.0085791876 0.012705656 0.0069809239)
(0.0087847628 0.01193725 0.0080021801)
(-0.008054205 0.014013618 0.0069993999)
(-0.0060927804 0.01408418 0.0069986931)
(-0.007282393 0.015280395 0.0070080653)
(-0.0070791375 0.014058897 0.0080006603)
(-0.005106264 0.015122382 0.0069986347)
(0.0061002999 0.014073394 0.0069953809)
(0.0051136682 0.015113687 0.0069978776)
(0.008050316 0.014020894 0.0069971621)
(0.0072932562 0.015265236 0.0069971835)
(0.0070835699 0.014050331 0.0079973092)
(-0.0063311291 0.016394712 0.0069883575)
(-0.00683685 0.015848461 0.0079951582)
(-0.0040777969 0.016100744 0.0069977859)
(-0.0052749954 0.017286262 0.0069915044)
(-0.0051184152 0.01612884 0.008001195)
(-0.0030418601 0.017097467 0.0069977845)
(-0.0010081317 0.016992573 0.0069991276)
(0.001007193 0.016993427 0.007000028)
(0.0040795348 0.016097995 0.0069992849)
(0.0030373668 0.017099034 0.0070025948)
(0.0063898448 0.016336326 0.0069993478)
(0.0052729894 0.0172877 0.0070005435)
(0.0051105215 0.016137163 0.0079984065)
(0.0068449761 0.015838559 0.0080019874)
(-0.0040197164 0.018050946 0.0069992286)
(-0.0047326918 0.017649532 0.0080065436)
(-0.0020081102 0.017974642 0.0069979068)
(-0.002702718 0.018580078 0.0070025374)
(-0.0032883995 0.018373537 0.0079900064)
(1.1329585e-06 0.01798545 0.0069988801)
(-0.0009870798 0.018941486 0.0069997205)
(-0.0010007041 0.017967015 0.0079993193)
(0.0020029556 0.017976564 0.0070016994)
(0.00098866644 0.01894133 0.0069995491)
(0.0010014904 0.017967448 0.0079996938)
(0.0040233529 0.018049002 0.0069993583)
(0.0027035829 0.018579816 0.0070001134)
(0.0032753568 0.018378446 0.0079974976)
(0.0046860768 0.017678519 0.0079888738)
(-0.0027249803 0.0014266742 0.008999423)
(-0.000985503 0.0010583584 0.0090001008)
(0.00098647835 0.0010584545 0.0089998177)
(0.0027141276 0.0014233821 0.008996426)
(-0.0040255981 0.0019521982 0.0090010185)
(-0.0052682436 0.0027088995 0.0089985115)
(-0.0047250498 0.0023457164 0.0099963811)
(-0.0020181086 0.0020293621 0.008999903)
(-0.0030586118 0.002908707 0.0089996419)
(-0.0033497512 0.0016495547 0.0099989086)
(-1.7902489e-06 0.0020150721 0.0090000894)
(-0.0010118546 0.003008885 0.0089996883)
(-0.001006163 0.0020347989 0.0099996816)
(0.0020102423 0.0020269044 0.009001345)
(0.001008231 0.0030082265 0.0090000617)
(0.00099920093 0.0020329264 0.0099999839)
(0.0040312319 0.0019552095 0.0090011217)
(0.0030560195 0.0029082836 0.0089993385)
(0.0032624148 0.0016166836 0.0099943757)
(0.0052795273 0.0027169852 0.0089970009)
(0.0047124549 0.0023378844 0.010003872)
(-0.0063624536 0.0036346271 0.0090040736)
(-0.0072684177 0.0047001026 0.009001822)
(-0.0068352739 0.0041496179 0.0099995382)
(-0.0040799608 0.0039004935 0.008999846)
(-0.0051075136 0.0048783556 0.0090007474)
(-0.0051151999 0.0038693362 0.010001086)
(0.0040823677 0.0039027188 0.0089996614)
(0.0063355298 0.0036094103 0.0090083297)
(0.0051115824 0.0048830171 0.0089994252)
(0.0051275721 0.0038804536 0.0099956833)
(0.0072866139 0.0047254953 0.0089941756)
(0.0068478443 0.004164935 0.0099980035)
(-0.0080517151 0.0059817232 0.0089994803)
(-0.0085552393 0.0072153973 0.0090014993)
(-0.0060929763 0.0059172873 0.0089997158)
(-0.0070973731 0.0069651321 0.0089952728)
(-0.0070799815 0.0059448858 0.0099997429)
(0.0060961906 0.0059198221 0.0089982446)
(0.0080463702 0.0059717237 0.0089962909)
(0.0070914015 0.0069472134 0.008997773)
(0.0070830174 0.0059473487 0.0099986227)
(0.0085778114 0.0072898071 0.0090020531)
(-0.0079774926 0.0080029962 0.0089956361)
(-0.0089418082 0.0090161899 0.0089986374)
(-0.0087853607 0.0080653142 0.010000905)
(-0.0060410407 0.0079752155 0.0089968045)
(-0.0069981757 0.0089961284 0.0089971274)
(-0.0070277587 0.0079813484 0.0099989409)
(0.0060401275 0.0079702077 0.0089977232)
(0.0079748961 0.0079984627 0.0089984476)
(0.0069973951 0.008992981 0.0089980586)
(0.0070246288 0.0079732775 0.0099989088)
(0.008941592 0.0090139953 0.0089994588)
(0.0087904551 0.0080871629 0.0099995583)
(-0.0079861746 0.010002708 0.0089986039)
(-0.0089413629 0.010988331 0.0089997206)
(-0.0089999496 0.010001529 0.0099993809)
(-0.0060067635 0.010003245 0.0089967824)
(-0.0069965295 0.01101145 0.0089980856)
(-0.0069953577 0.010002514 0.009998773)
(0.0060069395 0.010000775 0.008997274)
(0.007986125 0.010001215 0.0089992114)
(0.0069969934 0.011009625 0.0089986267)
(0.006995042 0.010001273 0.0099991313)
(0.0089413094 0.010988874 0.0089999217)
(0.0089999111 0.010002705 0.0099998253)
(-0.0079722188 0.012011206 0.0089989677)
(-0.0085843899 0.012688507 0.0090060168)
(-0.0087896593 0.01191625 0.0099997881)
(-0.0060388259 0.012034535 0.0089982819)
(-0.0070905959 0.013055585 0.0089999626)
(-0.0070239326 0.012029883 0.0099999378)
(0.0060392313 0.012031863 0.0089984423)
(0.0079734347 0.012008156 0.0090008985)
(0.0070913291 0.013052459 0.0090002648)
(0.0070237767 0.012030232 0.010000517)
(0.0085781322 0.012709135 0.0089984295)
(0.0087901169 0.011914287 0.010002213)
(-0.0080473165 0.014026506 0.0089984481)
(-0.0060997303 0.014078022 0.0089996359)
(-0.0072832964 0.015279134 0.0089980739)
(-0.0070813269 0.014055217 0.010000461)
(-0.0051196409 0.015108918 0.0090005444)
(0.0060934836 0.014083372 0.0089992452)
(0.0051045716 0.015122986 0.0090009817)
(0.0080416182 0.014037167 0.0089995804)
(0.0072782852 0.015286128 0.0089949496)
(0.0070818865 0.014053405 0.010000649)
(-0.006392985 0.016332973 0.0089977469)
(-0.0068427567 0.015841264 0.0099995855)
(-0.0040855091 0.016093814 0.009000617)
(-0.0052614892 0.017295941 0.00900617)
(-0.0051336504 0.016116004 0.01000237)
(-0.0030579019 0.017091149 0.0089986771)
(-0.0010107908 0.016991271 0.0089993015)
(0.0010079211 0.016993123 0.0089996137)
(0.0040736914 0.016103331 0.0090007959)
(0.0030414767 0.017098176 0.009000046)
(0.0063560402 0.01637138 0.0090090802)
(0.0052575984 0.017298729 0.0090008404)
(0.0051057577 0.016140649 0.010003669)
(0.0068519649 0.015830043 0.010000869)
(-0.0040197023 0.018050953 0.0089994669)
(-0.0047039219 0.017667422 0.010005727)
(-0.0020194975 0.017970289 0.0089989796)
(-0.0027142667 0.018576575 0.0090016276)
(-0.0033656751 0.018344453 0.010003276)
(7.3197819e-07 0.017985169 0.0089988698)
(-0.00098353101 0.018941835 0.0090003743)
(-0.0010022814 0.017965687 0.0099999199)
(0.0020117155 0.017973471 0.0090003272)
(0.00099135867 0.018941064 0.0089996095)
(0.0010022358 0.017967257 0.0099997192)
(0.0040209185 0.018050303 0.0089992671)
(0.0027163829 0.018575933 0.0090057982)
(0.0032710681 0.01838006 0.0099956368)
(0.0047110564 0.017662986 0.010007854)
(-0.0026935583 0.0014171424 0.011011482)
(-0.00098791069 0.0010585956 0.011000866)
(0.00098428425 0.0010582384 0.011000249)
(0.0027813966 0.0014437879 0.011002554)
(-0.0040067667 0.0019421325 0.011002028)
(-0.0053055255 0.0027356153 0.010994412)
(-0.004707817 0.0023350004 0.012009315)
(-0.0020211898 0.002031034 0.010996132)
(-0.0030687093 0.0029131804 0.010994013)
(-0.0032566278 0.0016145055 0.011998073)
(-2.5046737e-06 0.0020151375 0.011000231)
(-0.0010130677 0.0030092624 0.010998976)
(-0.0010014511 0.0020328593 0.011999283)
(0.0020199835 0.0020298344 0.010997747)
(0.0010075548 0.0030080325 0.010999458)
(0.00099863737 0.0020322505 0.01200027)
(0.0040250383 0.0019518989 0.010998873)
(0.0030576644 0.0029088953 0.010996649)
(0.0032438183 0.0016096844 0.011993953)
(0.0052771924 0.0027153121 0.011004163)
(0.0047140014 0.0023388461 0.011985808)
(-0.0064125481 0.0036879149 0.010998279)
(-0.0072935797 0.0047352162 0.010996052)
(-0.0068282814 0.0041410975 0.011999279)
(-0.0040892621 0.0039091669 0.010998842)
(-0.0051240525 0.0048952519 0.010999305)
(-0.0051178847 0.0038711205 0.012002144)
(0.0040855359 0.0039074392 0.011000849)
(0.0064102884 0.0036855022 0.011005435)
(0.0051227933 0.0048952019 0.011001658)
(0.005121154 0.00387533 0.012006307)
(0.0072876773 0.0047269794 0.011001591)
(0.0068411582 0.004156788 0.011997632)
(-0.0080428849 0.0059652031 0.010997849)
(-0.0085728669 0.0072735075 0.011002553)
(-0.0061027127 0.0059282899 0.010999569)
(-0.0070981031 0.0069643931 0.011004655)
(-0.0070809423 0.005946453 0.011998717)
(0.0061031807 0.0059274369 0.01100054)
(0.0080501617 0.005978817 0.010997805)
(0.0070972481 0.0069618916 0.011000039)
(0.0070798343 0.0059430417 0.012001098)
(0.0085723453 0.0072717879 0.011000419)
(-0.0079749172 0.0079914633 0.011002218)
(-0.0089412781 0.0090108076 0.010998921)
(-0.0087888416 0.0080802431 0.011998914)
(-0.0060418357 0.0079746213 0.011000325)
(-0.006998083 0.0089943438 0.010999816)
(-0.007028079 0.0079820803 0.012000789)
(0.0060405304 0.0079705884 0.010999658)
(0.0079767732 0.0080002881 0.011000261)
(0.0069973857 0.0089924416 0.010999605)
(0.0070245859 0.0079727008 0.012000381)
(0.0089413671 0.0090117117 0.010999749)
(0.0087892144 0.0080818417 0.011999317)
(-0.0079862729 0.010000887 0.010999591)
(-0.0089414896 0.010987044 0.010999415)
(-0.0089999142 0.010002608 0.011999338)
(-0.0060073222 0.010001993 0.010999272)
(-0.0069973951 0.011009451 0.010999491)
(-0.0069958674 0.01000143 0.011999699)
(0.0060067828 0.010000537 0.010999261)
(0.0079861097 0.010001174 0.01099987)
(0.0069971678 0.011009372 0.010999481)
(0.0069952646 0.0099996042 0.011999623)
(0.0089412105 0.010989878 0.010999824)
(0.0089999847 0.0099995446 0.011999719)
(-0.0079735898 0.012007883 0.010999712)
(-0.008585019 0.012686433 0.011013086)
(-0.0087865803 0.011929455 0.012001442)
(-0.0060408153 0.012030722 0.010999609)
(-0.0070928164 0.013050581 0.010999106)
(-0.0070283335 0.012019115 0.01200049)
(0.0060398417 0.012030721 0.010999305)
(0.0079735029 0.012012838 0.011000246)
(0.0070970423 0.013038415 0.010998609)
(0.0070269131 0.012021617 0.011998192)
(0.0085802997 0.01270199 0.010998334)
(0.0087881201 0.011922851 0.012000229)
(-0.0080463722 0.014028273 0.011000855)
(-0.0061048528 0.014071738 0.011000489)
(-0.0072835371 0.015278799 0.010998853)
(-0.0070827658 0.014051331 0.012000289)
(-0.0051295427 0.015098676 0.01100143)
(0.0060949318 0.01408012 0.011001249)
(0.0051009019 0.015125429 0.011002668)
(0.0080482297 0.014024797 0.011000106)
(0.0072918017 0.015267265 0.011001205)
(0.0070824277 0.01405127 0.011999763)
(-0.0064346845 0.016288451 0.011012899)
(-0.0068350872 0.015850609 0.011999391)
(-0.0040923014 0.016087127 0.011000847)
(-0.0052786672 0.017283631 0.011000055)
(-0.0051306518 0.016117328 0.011996625)
(-0.0030611575 0.017088987 0.010997658)
(-0.0010079726 0.016991993 0.010999351)
(0.0010090921 0.016993036 0.010999642)
(0.004069471 0.016106791 0.011001166)
(0.0030460609 0.017097071 0.010999485)
(0.0063299113 0.016395852 0.011012444)
(0.0052368209 0.017313618 0.011000756)
(0.0051154489 0.016129027 0.011999435)
(0.0068459477 0.015837375 0.011999618)
(-0.004032723 0.018043993 0.010999475)
(-0.0047234039 0.017655308 0.012005316)
(-0.0020143741 0.017971304 0.010997296)
(-0.0027079868 0.01857848 0.010993107)
(-0.0032459666 0.018389507 0.012001006)
(2.6194806e-06 0.017985273 0.01099999)
(-0.00098408009 0.018941781 0.011000206)
(-0.00099488556 0.017968834 0.011999604)
(0.0020137827 0.017972948 0.01099922)
(0.00098894583 0.018941302 0.011000721)
(0.0010033538 0.017967225 0.011999717)
(0.0040252584 0.018047983 0.011000662)
(0.0027210828 0.018574507 0.010998098)
(0.0032915187 0.018372363 0.011997794)
(0.0047507937 0.017638275 0.011997236)
(-0.0027123036 0.0014228288 0.013001721)
(-0.00098899291 0.0010587022 0.013000153)
(0.00098584357 0.001058392 0.01299999)
(0.002755719 0.0014359987 0.012998056)
(-0.00401904 0.0019486928 0.013000696)
(-0.0052695089 0.0027098061 0.013002922)
(-0.0047269228 0.0023468811 0.014000293)
(-0.0020034908 0.0020243156 0.012998396)
(-0.0030441076 0.0029034131 0.012998774)
(-0.0033342026 0.0016437026 0.014002555)
(-2.7592492e-06 0.0020146043 0.013000278)
(-0.0010095463 0.0030076586 0.012999516)
(-0.001003629 0.0020336999 0.014000234)
(0.0020024002 0.0020238268 0.013000277)
(0.0010051733 0.0030067994 0.013000049)
(0.00099913894 0.0020329275 0.014000344)
(0.0040154843 0.0019467922 0.013002131)
(0.0030357182 0.0028995217 0.01300132)
(0.0033076792 0.0016337199 0.013999545)
(0.0052344648 0.0026846939 0.012999277)
(0.0047281347 0.0023476348 0.0139971)
(-0.0063939428 0.0036680502 0.012998446)
(-0.0072791869 0.0047151311 0.013006988)
(-0.0068432652 0.0041593553 0.014000913)
(-0.0040810684 0.0039032314 0.012999877)
(-0.0051154669 0.0048875287 0.013000105)
(-0.0051075929 0.0038625274 0.013998003)
(0.0040717248 0.00389654 0.013001069)
(0.0063401136 0.0036137034 0.013001281)
(0.0051060757 0.0048793186 0.013001849)
(0.0051175838 0.003873212 0.014000183)
(0.0072830612 0.0047205375 0.013000301)
(0.0068431939 0.0041592685 0.013996837)
(-0.0080540589 0.0059861082 0.012999737)
(-0.0085641141 0.0072446535 0.013006665)
(-0.0060994777 0.0059238401 0.013001012)
(-0.0070939392 0.0069535984 0.013004469)
(-0.007082173 0.0059477313 0.01400048)
(0.0060945397 0.0059171415 0.013001461)
(0.008042018 0.0059635811 0.01300015)
(0.0070895019 0.0069428015 0.013001439)
(0.0070772488 0.0059420593 0.014001068)
(0.0085715114 0.007269039 0.012998944)
(-0.0079750211 0.0079967782 0.01300305)
(-0.0089415456 0.0090135244 0.012998995)
(-0.0087845567 0.0080618663 0.013999646)
(-0.0060407696 0.0079716889 0.013001009)
(-0.0069977095 0.008993309 0.01300032)
(-0.0070255464 0.0079746048 0.014000578)
(0.0060394765 0.0079683561 0.013000604)
(0.0079708821 0.0079843175 0.0130007)
(0.0069970508 0.008990432 0.013000157)
(0.0070286944 0.0079831712 0.014000884)
(0.0089413005 0.0090110359 0.012999996)
(0.0087897177 0.0080840006 0.013999113)
(-0.0079863852 0.010000957 0.012999675)
(-0.0089413739 0.01098822 0.012999133)
(-0.0089999185 0.0099975213 0.013999762)
(-0.0060074458 0.010000405 0.012999806)
(-0.0069981968 0.011007169 0.012999709)
(-0.0069955032 0.0099996428 0.013999719)
(0.0060070071 0.0099992916 0.01299969)
(0.0079861154 0.0099985494 0.012999934)
(0.0069974291 0.011007562 0.012999188)
(0.0069958019 0.009998813 0.013999985)
(0.0089415188 0.010986748 0.012999891)
(0.0089998968 0.0099968599 0.014000044)
(-0.0079757403 0.012003201 0.013000337)
(-0.0085774371 0.012711427 0.013000657)
(-0.0087921851 0.011905417 0.013998856)
(-0.0060419172 0.01202695 0.012999698)
(-0.0070977999 0.013037564 0.012999161)
(-0.007027098 0.012020738 0.013999804)
(0.0060399792 0.012029848 0.012998712)
(0.0079737503 0.012008128 0.012996428)
(0.0070927243 0.013048643 0.012996155)
(0.0070260293 0.012023923 0.014000132)
(0.0085728317 0.012726609 0.013010811)
(0.0087893521 0.011917567 0.014000717)
(-0.0080499371 0.014021603 0.012998291)
(-0.0061011628 0.014073329 0.012999339)
(-0.0073023117 0.015252599 0.013001648)
(-0.0070789567 0.014057108 0.01399816)
(-0.0051160411 0.015111382 0.012999966)
(0.0060938598 0.014082207 0.012999434)
(0.0051036939 0.015123964 0.012998578)
(0.0080461621 0.014028666 0.013002892)
(0.0072781459 0.015286322 0.013004203)
(0.0070815523 0.014053428 0.013999596)
(-0.0063557715 0.016371632 0.012999158)
(-0.0068350448 0.015850661 0.013999231)
(-0.0040791409 0.016096573 0.013000691)
(-0.0052835543 0.017280129 0.013008926)
(-0.0051225957 0.016124716 0.014000085)
(-0.0030076437 0.017109428 0.01299879)
(-0.00099908541 0.016995731 0.01299944)
(0.0010075016 0.016994193 0.012999634)
(0.0040721299 0.016103722 0.012998927)
(0.0030439795 0.017097369 0.012998985)
(0.0063404784 0.016385955 0.012990213)
(0.0052559982 0.017299876 0.012999248)
(0.0051094051 0.016137537 0.013999279)
(0.0068394081 0.015845344 0.013999661)
(-0.0040254945 0.018047857 0.013000054)
(-0.0047019447 0.017668652 0.014003813)
(-0.0019810412 0.017984455 0.012998263)
(-0.0027685434 0.01856011 0.013006385)
(-0.0032662355 0.018381879 0.013996081)
(4.1213815e-06 0.017986189 0.012999834)
(-0.00098411416 0.018941778 0.013000021)
(-0.0009958834 0.017968809 0.013999762)
(0.0020020738 0.017975848 0.012999693)
(0.00099150044 0.01894105 0.01299981)
(0.00099784014 0.017969077 0.013999893)
(0.0040215737 0.018049953 0.0129999)
(0.0027458977 0.01856698 0.013006776)
(0.003205938 0.018404573 0.01400224)
(0.0047061577 0.017666032 0.014000291)
(-0.0027451333 0.0014327876 0.015001716)
(-0.00098839326 0.0010586431 0.015000563)
(0.00098453345 0.0010582629 0.015000518)
(0.0027753829 0.0014419637 0.014992912)
(-0.0040250476 0.0019519039 0.015000873)
(-0.005246997 0.0026936744 0.014995928)
(-0.0047206896 0.0023430051 0.016000517)
(-0.0020144182 0.0020290639 0.014998079)
(-0.0030621626 0.0029094817 0.014998035)
(-0.003266288 0.0016181414 0.015994991)
(-1.3926892e-06 0.0020148481 0.015000696)
(-0.0010106469 0.0030083051 0.014999535)
(-0.0010004246 0.0020327355 0.015999431)
(0.0020078926 0.0020260978 0.014999645)
(0.0010073097 0.0030076556 0.015000127)
(0.001001663 0.0020330561 0.01600074)
(0.0040261807 0.0019525096 0.015001405)
(0.0030517116 0.0029060889 0.014997385)
(0.0033057589 0.0016329972 0.016003819)
(0.0052750134 0.0027137507 0.015003822)
(0.0047337407 0.0023511207 0.015997573)
(-0.0063395961 0.0036132187 0.014987321)
(-0.007299723 0.0047437891 0.015003244)
(-0.0068474987 0.0041645139 0.015999279)
(-0.0040752139 0.0038975347 0.014997814)
(-0.0051071614 0.0048804984 0.014997291)
(-0.0051171847 0.0038724778 0.015999178)
(0.0040807042 0.0039030988 0.015001069)
(0.0063867711 0.003660393 0.015004179)
(0.005113662 0.0048854634 0.015001918)
(0.0051125895 0.0038668933 0.016001338)
(0.0072679541 0.0046994556 0.015001702)
(0.0068427318 0.0041587055 0.01599828)
(-0.0080528038 0.0059837601 0.015000608)
(-0.0085759211 0.0072835759 0.015001311)
(-0.006098331 0.0059231515 0.014999229)
(-0.0070942498 0.0069531084 0.01500017)
(-0.0070808476 0.0059450525 0.015999001)
(0.0060966849 0.0059201052 0.015001132)
(0.0080497397 0.0059780276 0.014998047)
(0.0070972083 0.0069636154 0.015000748)
(0.0070792197 0.0059429948 0.015999512)
(0.0085762741 0.0072847393 0.015004966)
(-0.0079731954 0.0079896524 0.01499892)
(-0.0089415204 0.0090132678 0.014999484)
(-0.0087920924 0.008094185 0.016000164)
(-0.0060397809 0.007968863 0.014999779)
(-0.0069970018 0.0089910653 0.014999606)
(-0.007024088 0.0079713825 0.015999297)
(0.0060412508 0.0079721782 0.015000323)
(0.0079759259 0.0079964588 0.014999737)
(0.0069981569 0.0089918066 0.015000112)
(0.0070264527 0.0079763007 0.015999818)
(0.0089412693 0.0090107186 0.015000249)
(0.0087867713 0.0080713638 0.015998811)
(-0.0079861379 0.0099994614 0.014999607)
(-0.0089415954 0.01098597 0.014999422)
(-0.0089999712 0.0099991329 0.015999843)
(-0.0060068418 0.0099997538 0.014999529)
(-0.0069975192 0.01100747 0.014999209)
(-0.0069949734 0.010000005 0.015999456)
(0.0060077658 0.0099981098 0.014999782)
(0.0079865059 0.0099958017 0.015000774)
(0.0069987717 0.011003932 0.01499947)
(0.0069959262 0.0099969733 0.015999714)
(0.0089419704 0.010982162 0.014999649)
(0.0089998793 0.0099963254 0.01600004)
(-0.007975857 0.012003417 0.014997743)
(-0.0085698266 0.012736515 0.015003753)
(-0.0087883788 0.011921742 0.015994884)
(-0.006040404 0.012029265 0.014999007)
(-0.0070972851 0.013037601 0.014997122)
(-0.0070240419 0.012028926 0.015998562)
(0.0060426479 0.012024025 0.014998963)
(0.0079779177 0.01200144 0.014998291)
(0.0071032369 0.013022846 0.01499691)
(0.0070295389 0.012014999 0.015998819)
(0.008562168 0.012761762 0.014999912)
(0.0087926601 0.01190338 0.016002125)
(-0.0080552507 0.014011662 0.015000439)
(-0.0060957919 0.014079607 0.015000029)
(-0.0072871348 0.015273778 0.015002843)
(-0.0070804723 0.014055867 0.016000074)
(-0.0051058436 0.015121335 0.015000043)
(0.0060983569 0.014074484 0.014999468)
(0.0051058465 0.015120313 0.015001018)
(0.0080438222 0.014033043 0.014997905)
(0.0073026386 0.015252142 0.014997919)
(0.0070864873 0.014045704 0.015999503)
(-0.0063328457 0.016393104 0.015003388)
(-0.0068353647 0.015850271 0.01599829)
(-0.0040736167 0.016102394 0.014999377)
(-0.0052597485 0.017297188 0.0149977)
(-0.0051111468 0.016134851 0.015998191)
(-0.0030370165 0.017099329 0.014998762)
(-0.0010033054 0.01699439 0.014999618)
(0.0010071573 0.01699412 0.014999506)
(0.0040736442 0.016102757 0.015000618)
(0.0030384518 0.01709895 0.014998908)
(0.0063153784 0.016409464 0.015007138)
(0.0052747949 0.017286406 0.015002234)
(0.0051204388 0.016122542 0.01600173)
(0.0068399434 0.015844692 0.015999821)
(-0.0040211753 0.018050166 0.014999226)
(-0.0047203263 0.017657221 0.016005717)
(-0.0020013697 0.017976596 0.015000634)
(-0.0027566258 0.018563726 0.014996808)
(-0.0032937995 0.018371504 0.015995627)
(3.2558672e-06 0.017985862 0.015000054)
(-0.00098790524 0.018941405 0.014999204)
(-0.0009972354 0.017968045 0.015999708)
(0.0020046511 0.017975697 0.014998781)
(0.00098948825 0.018941249 0.014999645)
(0.0010038705 0.017966873 0.015999338)
(0.0040247148 0.018048274 0.014999542)
(0.0027176154 0.018575559 0.015002444)
(0.003308734 0.018365884 0.015992877)
(0.0047458514 0.017641349 0.015996435)
(-0.0027186386 0.0014247505 0.017005792)
(-0.00098872893 0.0010586762 0.017000038)
(0.00099088309 0.0010588883 0.017001171)
(0.0026679856 0.001409385 0.017005734)
(-0.00403488 0.0019571594 0.01699956)
(-0.0052521788 0.0026973876 0.017000941)
(-0.0046420874 0.0022941271 0.01800515)
(-0.0020058983 0.0020268324 0.016995223)
(-0.0030588892 0.002908743 0.016995643)
(-0.0032731285 0.001620716 0.018003933)
(7.4091878e-07 0.0020145846 0.016999337)
(-0.0010082776 0.0030076496 0.016998935)
(-0.00099982912 0.0020327652 0.017999714)
(0.001999988 0.0020224003 0.017001596)
(0.001006824 0.0030067406 0.017000512)
(0.0010015912 0.0020324819 0.018000339)
(0.0040177698 0.0019480139 0.017)
(0.0030346331 0.0028995112 0.017002879)
(0.0032960102 0.001629328 0.018003679)
(0.005251134 0.0026966389 0.017003051)
(0.0047521261 0.0023625535 0.017998959)
(-0.0064036334 0.0036783967 0.017011583)
(-0.0072971211 0.0047401582 0.016994562)
(-0.006845853 0.0041625086 0.017998931)
(-0.0040812399 0.0039036811 0.017000344)
(-0.0051186853 0.0048919682 0.017001441)
(-0.0051163741 0.0038700182 0.018002194)
(0.0040777863 0.0039017784 0.01700119)
(0.0063981678 0.0036725612 0.017007707)
(0.0051166007 0.0048901627 0.017001296)
(0.005118973 0.0038711876 0.017995758)
(0.0073039162 0.0047496407 0.016999818)
(0.0068476057 0.0041646442 0.017999483)
(-0.0080485735 0.0059758458 0.017001943)
(-0.0085573232 0.007222267 0.016998933)
(-0.0061037565 0.0059283517 0.016999871)
(-0.0070937065 0.0069513513 0.016996332)
(-0.0070839248 0.0059504004 0.017999317)
(0.0061026581 0.0059274891 0.017000151)
(0.0080480796 0.0059749216 0.016999741)
(0.0070935008 0.0069505452 0.016997248)
(0.0070839138 0.0059493318 0.017999389)
(0.0085755371 0.00728231 0.016997616)
(-0.0079730728 0.00799034 0.016997947)
(-0.0089417748 0.0090158516 0.016999366)
(-0.0087936339 0.0081007962 0.018001346)
(-0.0060407096 0.0079705551 0.016999078)
(-0.0069972861 0.0089922961 0.01699927)
(-0.0070288214 0.0079833518 0.01799969)
(0.0060403527 0.0079685988 0.016999336)
(0.0079716387 0.0079832413 0.016998334)
(0.006997076 0.0089888086 0.016999435)
(0.0070247417 0.0079713322 0.017999176)
(0.0089411306 0.0090093102 0.017000023)
(0.0087869129 0.0080719714 0.017998413)
(-0.0079859746 0.0099993113 0.01699959)
(-0.0089418528 0.010983357 0.01699986)
(-0.0089999645 0.0099989286 0.017999495)
(-0.0060067777 0.010000478 0.016999513)
(-0.0069965893 0.011010126 0.016999577)
(-0.0069956367 0.010000234 0.017999733)
(0.0060073007 0.0099978307 0.01699938)
(0.0079860845 0.0099961433 0.016999675)
(0.0069979927 0.011005143 0.016998823)
(0.0069951137 0.0099980257 0.017999464)
(0.0089422367 0.010979459 0.017000373)
(0.0089997875 0.009993521 0.017999962)
(-0.0079688812 0.012023199 0.017000181)
(-0.0085661536 0.012748623 0.017011855)
(-0.00878377 0.011941507 0.018003768)
(-0.0060388461 0.012033398 0.016999417)
(-0.007088341 0.013061035 0.016998818)
(-0.0070267833 0.012022042 0.018000191)
(0.0060420926 0.012026186 0.016998137)
(0.0079738726 0.01201013 0.016995931)
(0.0070983622 0.013037191 0.016994626)
(0.007025619 0.012025728 0.017997679)
(0.0085685468 0.012740734 0.017008296)
(0.0087825849 0.01194659 0.017998863)
(-0.0080408207 0.014038659 0.016998518)
(-0.0060968807 0.014080802 0.016999039)
(-0.0072846913 0.015277188 0.017001702)
(-0.0070788738 0.014056522 0.018001362)
(-0.0051129647 0.01511465 0.016997614)
(0.006105131 0.014067872 0.016999318)
(0.0051176714 0.015108401 0.017000594)
(0.0080524317 0.014016936 0.017001046)
(0.0073049499 0.015248917 0.016999588)
(0.0070828639 0.014051479 0.017999149)
(-0.0063700862 0.016357422 0.016984505)
(-0.0068386673 0.015846247 0.018000411)
(-0.0040783433 0.016098317 0.016998213)
(-0.0052710969 0.017289056 0.017000028)
(-0.0051283957 0.016117051 0.018000137)
(-0.0030397336 0.017098154 0.016998119)
(-0.0010046589 0.016993926 0.016999456)
(0.0010077363 0.016993577 0.016999723)
(0.0040792441 0.016097244 0.017000453)
(0.0030370363 0.017099333 0.01700053)
(0.0063879064 0.016338395 0.016998503)
(0.0052661054 0.017292633 0.01700198)
(0.005116567 0.016130902 0.018002469)
(0.0068453011 0.015838163 0.017998023)
(-0.0040299717 0.018045464 0.016999537)
(-0.0047081454 0.017664796 0.017996823)
(-0.0020024463 0.017976205 0.016998991)
(-0.0027293704 0.018571993 0.017003092)
(-0.0032654153 0.018382187 0.018003409)
(2.3933383e-06 0.017985703 0.016999536)
(-0.00099166055 0.018941035 0.016999471)
(-0.00099749674 0.017968169 0.017999908)
(0.0020004286 0.017977013 0.01699885)
(0.00099010223 0.018941188 0.016999599)
(0.0010008003 0.017967716 0.018000198)
(0.004023181 0.018049094 0.016998708)
(0.0026988117 0.018581263 0.016996163)
(0.0032819271 0.018375973 0.018011702)
(0.0047092728 0.017664095 0.01799711)
(-0.0027473707 0.0014334663 0.019006671)
(-0.00098662944 0.0010584694 0.018999819)
(0.00099103074 0.0010589029 0.019000868)
(0.0026762617 0.0014118956 0.019001043)
(-0.0040348986 0.0019571694 0.019003559)
(-0.0053014632 0.0027327042 0.018993791)
(-0.0047271553 0.0023470257 0.019997534)
(-0.0020087853 0.0020261432 0.018999456)
(-0.0030469462 0.0029050867 0.018999582)
(-0.0032766899 0.0016220564 0.020001541)
(2.5816401e-06 0.0020145256 0.019000158)
(-0.0010068629 0.0030070724 0.018999775)
(-0.00099877841 0.0020323049 0.019999932)
(0.0020047377 0.0020236626 0.019000234)
(0.0010078615 0.0030066783 0.019000136)
(0.0010025954 0.0020332093 0.019999706)
(0.0040256652 0.001952234 0.019001479)
(0.0030336373 0.0028998317 0.019000425)
(0.003324692 0.0016401231 0.01999052)
(0.0052958917 0.0027287118 0.019001903)
(0.0047185523 0.002341676 0.019999539)
(-0.0063820639 0.0036553672 0.019004818)
(-0.0072916278 0.0047324923 0.019005702)
(-0.006834172 0.0041482753 0.020000653)
(-0.004084771 0.003905673 0.019000088)
(-0.0051184143 0.0048904741 0.019001402)
(-0.0051122169 0.0038655877 0.020001149)
(0.004081242 0.0039030539 0.019001031)
(0.0063746957 0.0036475003 0.019005471)
(0.0051136954 0.0048856034 0.019001328)
(0.005101926 0.0038568162 0.020003807)
(0.0072890628 0.0047289128 0.018999359)
(0.0068434627 0.004159596 0.019995669)
(-0.0080557589 0.0059892887 0.018999563)
(-0.0085716324 0.007269438 0.019005513)
(-0.0061030808 0.0059291126 0.019001357)
(-0.0070970315 0.006959496 0.018999097)
(-0.0070898725 0.0059582905 0.020000086)
(0.0060989754 0.0059245939 0.019000699)
(0.0080482807 0.0059752978 0.019000139)
(0.0071034041 0.0069785083 0.01899982)
(0.0070792005 0.0059426893 0.020001907)
(0.0085815642 0.0073021787 0.018994923)
(-0.0079757837 0.0079987974 0.018999733)
(-0.008941725 0.0090153452 0.01899948)
(-0.0087912334 0.008090501 0.020000475)
(-0.006041746 0.0079725828 0.018999828)
(-0.0069980647 0.008992947 0.018999788)
(-0.0070257567 0.0079743406 0.02)
(0.0060415353 0.0079735101 0.019000081)
(0.0079787802 0.0080012314 0.01899984)
(0.0069978284 0.0089928907 0.018999836)
(0.0070263761 0.0079773009 0.020000963)
(0.0089413398 0.0090114341 0.018999723)
(0.008784849 0.0080631197 0.019997794)
(-0.0079863786 0.0099989455 0.019000063)
(-0.0089413753 0.010988205 0.018999659)
(-0.0089997724 0.0099930581 0.020000159)
(-0.0060075561 0.0099989395 0.018999815)
(-0.0069981252 0.011006007 0.018999857)
(-0.0069960373 0.0099970219 0.019999925)
(0.0060065839 0.010000772 0.018999721)
(0.0079859819 0.0099981467 0.018999753)
(0.0069963879 0.011009771 0.018999619)
(0.0069947752 0.010001377 0.019999961)
(0.0089418822 0.010983058 0.01899938)
(0.0089999716 0.0099991427 0.020000019)
(-0.0079747505 0.012007114 0.019000404)
(-0.0085750286 0.012719366 0.019004528)
(-0.0087875783 0.011925175 0.019999233)
(-0.0060412864 0.012026105 0.018999841)
(-0.0070948402 0.013042906 0.019000887)
(-0.00703073 0.012010556 0.019998515)
(0.0060387911 0.012033557 0.018999499)
(0.0079703754 0.012018196 0.019000401)
(0.0070912106 0.01305509 0.019000175)
(0.0070238088 0.012029712 0.020000696)
(0.0085848574 0.012686965 0.018998782)
(0.0087879401 0.011923623 0.01999973)
(-0.0080487578 0.014023809 0.019000616)
(-0.0060963503 0.014079025 0.019000567)
(-0.0072848538 0.015276961 0.018999833)
(-0.007076392 0.01405921 0.019999223)
(-0.0051089914 0.015118261 0.019001108)
(0.0060959359 0.014078969 0.018999505)
(0.0051051452 0.015122233 0.019000089)
(0.0080609313 0.014001034 0.018998061)
(0.0072974876 0.015259331 0.018999185)
(0.0070818332 0.014054511 0.019999058)
(-0.0063557115 0.016371688 0.019006188)
(-0.0068456939 0.015837685 0.020000897)
(-0.0040749566 0.016100826 0.019000517)
(-0.0052558442 0.017299986 0.01900471)
(-0.0051124332 0.016134207 0.019999484)
(-0.0030222919 0.017104945 0.018998208)
(-0.0010035254 0.016994518 0.018999285)
(0.0010079236 0.016993373 0.018999977)
(0.0040767861 0.016101566 0.018999993)
(0.0030504372 0.017094175 0.019000881)
(0.0063183909 0.016406642 0.019000169)
(0.0052677806 0.017291432 0.018999974)
(0.0051179488 0.016131688 0.019999298)
(0.0068377887 0.015847317 0.020002304)
(-0.0040326656 0.018044024 0.019000134)
(-0.0046926112 0.017674456 0.020000282)
(-0.0019945215 0.017980142 0.018998186)
(-0.0027102266 0.018577801 0.01899864)
(-0.0032920924 0.018372147 0.019994598)
(2.9512531e-07 0.017985831 0.019000262)
(-0.00098630217 0.018941562 0.018999355)
(-0.00099881025 0.017967726 0.019999501)
(0.0020125002 0.017972828 0.019000781)
(0.00098733471 0.018941461 0.01899939)
(0.00099934084 0.017968094 0.019999617)
(0.0040356449 0.018042432 0.018998953)
(0.002720244 0.018574762 0.01900574)
(0.0032314067 0.018394987 0.019994805)
(0.0047021276 0.017668538 0.020013802)
(-0.0026734366 0.0014110386 0.020999666)
(-0.00098654811 0.0010584614 0.020999741)
(0.00098978717 0.0010587804 0.021000071)
(0.0027272241 0.0014273549 0.021005844)
(-0.0040189513 0.0019486454 0.020999141)
(-0.0052627342 0.0027049514 0.021001875)
(-0.0047108952 0.0023369145 0.021999219)
(-0.0020034973 0.0020246754 0.020998889)
(-0.0030450199 0.0029033551 0.020997927)
(-0.0032767817 0.0016220909 0.021998826)
(9.9291989e-07 0.002014499 0.021000683)
(-0.001006306 0.0030067674 0.020999731)
(-0.00099954117 0.0020325804 0.021999699)
(0.0020097437 0.002025895 0.021001012)
(0.0010086268 0.0030071616 0.021000199)
(0.00099852717 0.0020322618 0.022000359)
(0.0040281625 0.0019535688 0.020999986)
(0.0030457575 0.0029035931 0.021000429)
(0.0032740488 0.0016210623 0.022005951)
(0.0052494629 0.0026954414 0.020998917)
(0.0047386266 0.002354159 0.022012869)
(-0.0063275354 0.0036019226 0.021001477)
(-0.0073091844 0.0047569924 0.02100261)
(-0.0068435095 0.004159653 0.021998227)
(-0.0040740289 0.0038969346 0.021000078)
(-0.0051067092 0.0048805509 0.021000605)
(-0.0051086361 0.0038629978 0.021998737)
(0.0040754745 0.0038978094 0.021001602)
(0.0063496433 0.0036226289 0.021015175)
(0.0051065918 0.0048791143 0.021003349)
(0.0051255445 0.0038767342 0.022000114)
(0.0072888865 0.0047286668 0.021000411)
(0.0068452236 0.0041617417 0.021998449)
(-0.0080502269 0.0059789391 0.021000198)
(-0.0085711676 0.0072679057 0.021000864)
(-0.0060999892 0.005926616 0.021000733)
(-0.0070963318 0.0069570535 0.021000587)
(-0.0070852897 0.0059521895 0.022000801)
(0.0060959876 0.0059209349 0.021002411)
(0.0080468148 0.0059725553 0.021001352)
(0.0070981095 0.0069654646 0.021002436)
(0.0070805592 0.0059453463 0.02200022)
(0.0085644349 0.0072457111 0.021005941)
(-0.0079741759 0.0079916337 0.021000857)
(-0.0089413991 0.0090120365 0.021000122)
(-0.0087883159 0.0080779883 0.022000961)
(-0.0060407259 0.0079696463 0.021000213)
(-0.0069976177 0.0089900807 0.021000194)
(-0.0070262187 0.0079750628 0.022000193)
(0.0060405044 0.0079733694 0.021000992)
(0.0079767365 0.0080005386 0.021001535)
(0.0069975087 0.008994927 0.021000348)
(0.007026244 0.0079795903 0.022000718)
(0.0089415386 0.0090134533 0.020999688)
(0.0087941996 0.0081032224 0.022001021)
(-0.0079865214 0.0099972882 0.021000222)
(-0.0089413871 0.010988085 0.021000095)
(-0.0089999198 0.0099975629 0.022000672)
(-0.0060077245 0.0099967099 0.021000059)
(-0.0069994978 0.011002126 0.021000101)
(-0.0069957071 0.0099972172 0.022000244)
(0.0060059394 0.010003194 0.02100002)
(0.0079858467 0.01000213 0.020999753)
(0.0069953353 0.011013243 0.0209998)
(0.0069945474 0.010003295 0.021999845)
(0.0089416761 0.010985151 0.020999338)
(0.0089999331 0.010002032 0.021999147)
(-0.0079801173 0.011992417 0.021001034)
(-0.0085842282 0.012689039 0.020995428)
(-0.0087799524 0.01195788 0.021997149)
(-0.006043587 0.01201978 0.021000085)
(-0.0071042426 0.013018213 0.021000976)
(-0.0070301504 0.01201395 0.022000677)
(0.0060368726 0.012038458 0.020999849)
(0.0079675813 0.012024292 0.020999658)
(0.0070843377 0.013071901 0.020999721)
(0.0070230319 0.012031856 0.021999486)
(0.0085780996 0.012709243 0.02100748)
(0.0087861831 0.011931158 0.021994729)
(-0.0080403364 0.014039565 0.020999758)
(-0.0060948856 0.014077751 0.021000285)
(-0.0072954614 0.015262158 0.021000954)
(-0.0070868176 0.014044492 0.022001883)
(-0.0051022275 0.015124544 0.020999755)
(0.0060956208 0.01408293 0.020999599)
(0.0051120474 0.015116252 0.020998489)
(0.0080363457 0.014047031 0.021002178)
(0.0072931927 0.015265324 0.021000687)
(0.0070800628 0.014055715 0.021999891)
(-0.0063069957 0.016417315 0.02099789)
(-0.0068378504 0.015847242 0.021999293)
(-0.0040743296 0.016103343 0.020998967)
(-0.0052700469 0.017289808 0.020999021)
(-0.0051099759 0.016135481 0.022001296)
(-0.0030515643 0.017093935 0.020991637)
(-0.0010074178 0.016992884 0.02099853)
(0.0010078494 0.01699309 0.020999252)
(0.004080033 0.016098269 0.02099847)
(0.0030488973 0.017094604 0.020999084)
(0.0063713791 0.016356041 0.021001219)
(0.0052736116 0.017287254 0.020996234)
(0.005113501 0.016134302 0.02199511)
(0.006840417 0.015844115 0.022003707)
(-0.0040292071 0.018045873 0.02100087)
(-0.0047657894 0.017628951 0.022000643)
(-0.0020103986 0.017972716 0.020995198)
(-0.0027074968 0.018578629 0.021009845)
(-0.0033016817 0.018368538 0.021996739)
(2.5102915e-06 0.017985423 0.021000264)
(-0.00098591197 0.018941601 0.021000074)
(-0.0010008801 0.017967043 0.021999785)
(0.0020157236 0.017972297 0.020999447)
(0.00098610519 0.018941582 0.02099962)
(0.0010002304 0.017967568 0.02199925)
(0.004024594 0.018048338 0.021000003)
(0.0027180695 0.018575422 0.02099625)
(0.0032683857 0.01838107 0.021980768)
(0.0047119047 0.017662458 0.021999934)
(-0.0027377141 0.001430537 0.022996847)
(-0.00098428131 0.0010582381 0.022999766)
(0.00098719703 0.0010585253 0.022999461)
(0.0027537813 0.0014354109 0.023000494)
(-0.0040287176 0.0019538655 0.023000045)
(-0.0052805979 0.0027177524 0.022997942)
(-0.0047279595 0.0023475258 0.023999452)
(-0.0020231353 0.0020304087 0.022999513)
(-0.0030587661 0.0029092619 0.022999445)
(-0.0032497137 0.0016119032 0.02400642)
(2.3076736e-06 0.002014769 0.022999589)
(-0.0010080978 0.0030075707 0.022999826)
(-0.00099845841 0.0020322324 0.024000083)
(0.0020157986 0.0020286376 0.023000606)
(0.0010095535 0.0030076016 0.023000092)
(0.0010030171 0.0020331854 0.024000162)
(0.0040179721 0.001948122 0.023001108)
(0.003056771 0.0029079234 0.023000846)
(0.0032900098 0.0016270696 0.02399153)
(0.0052641773 0.0027059856 0.022995933)
(0.0046789533 0.0023170518 0.023992458)
(-0.006393336 0.0036674023 0.022997137)
(-0.0072897503 0.0047298722 0.02299677)
(-0.0068375049 0.0041523365 0.024002466)
(-0.004082637 0.0039040663 0.022999054)
(-0.0051155784 0.004887968 0.022998472)
(-0.0051168568 0.0038682558 0.023998536)
(0.0040791731 0.0039003766 0.023000522)
(0.0063627759 0.003634929 0.023003868)
(0.0051108839 0.0048829053 0.023000816)
(0.0051114888 0.0038630878 0.024002172)
(0.0072964529 0.0047392256 0.022998142)
(0.0068468412 0.0041637128 0.024001443)
(-0.0080502487 0.0059789798 0.023000885)
(-0.0085879001 0.0073230651 0.022995005)
(-0.0060995004 0.0059229534 0.022999229)
(-0.0070872101 0.0069344188 0.023000924)
(-0.0070822461 0.005946856 0.024000016)
(0.0060983439 0.0059235328 0.023000581)
(0.0080532518 0.0059845982 0.023001006)
(0.0070931811 0.0069513665 0.02300078)
(0.0070857281 0.0059527579 0.024000912)
(0.0085667027 0.0072531869 0.023000193)
(-0.0079668799 0.0079712418 0.023000489)
(-0.0089415578 0.0090136474 0.023001087)
(-0.0087818219 0.0080501373 0.023999153)
(-0.0060383133 0.0079638317 0.022999967)
(-0.0069959463 0.0089870879 0.023000233)
(-0.0070228025 0.0079661201 0.02399938)
(0.0060393124 0.0079708361 0.023000395)
(0.0079751974 0.0080000309 0.023000855)
(0.0069968575 0.0089948179 0.023000062)
(0.0070242277 0.0079736443 0.023999776)
(0.0089420598 0.0090187443 0.022999393)
(0.0087910119 0.0080895508 0.023999246)
(-0.0079859031 0.0099990094 0.023000355)
(-0.0089415253 0.010986682 0.023000766)
(-0.0089999919 0.0099997641 0.024000674)
(-0.0060066508 0.0099975503 0.023000063)
(-0.0069978003 0.011006341 0.02299999)
(-0.0069945094 0.0099992061 0.024000099)
(0.0060058359 0.010003076 0.022999984)
(0.0079858467 0.010003651 0.022999744)
(0.0069957924 0.011012485 0.022999835)
(0.0069945779 0.010002639 0.023999911)
(0.0089413589 0.010988371 0.022999289)
(0.0089998959 0.010003167 0.023999403)
(-0.0079764278 0.012003283 0.022998213)
(-0.0085732262 0.012725308 0.022990722)
(-0.0087855067 0.011934059 0.024001609)
(-0.0060417195 0.012026377 0.02299987)
(-0.007100077 0.013031503 0.022999465)
(-0.0070221312 0.012034253 0.023999236)
(0.0060382702 0.012035923 0.022999959)
(0.0079705233 0.012014596 0.022999888)
(0.0070890408 0.013061405 0.023001254)
(0.0070241064 0.012029503 0.023999853)
(0.0085658371 0.012749667 0.022999536)
(0.0087891039 0.011918632 0.023999669)
(-0.0080485714 0.014024158 0.022999634)
(-0.0061038947 0.014070193 0.023000489)
(-0.0072965679 0.015260614 0.023000919)
(-0.0070783825 0.014059605 0.023999243)
(-0.0051207189 0.015106284 0.023000566)
(0.0061022038 0.014074102 0.022998892)
(0.0051172563 0.015109725 0.022996892)
(0.0080528916 0.014016076 0.023000247)
(0.007305033 0.015248801 0.023000675)
(0.007083262 0.014052451 0.024000478)
(-0.0064038614 0.01632136 0.023002351)
(-0.0068368805 0.015848424 0.024000194)
(-0.0040830798 0.016094323 0.022999971)
(-0.0052669238 0.017292046 0.023002385)
(-0.0051319702 0.016116429 0.023998099)
(-0.0030466992 0.017095353 0.022997281)
(-0.0010083129 0.016992377 0.022999203)
(0.0010068575 0.016993175 0.022999255)
(0.0040796117 0.016097129 0.022998093)
(0.0030403999 0.017097997 0.022996836)
(0.0063855089 0.016340955 0.022990085)
(0.0052581191 0.017298356 0.022997615)
(0.0051287154 0.016117275 0.023998319)
(0.0068317586 0.015854665 0.024003029)
(-0.0040101401 0.018056064 0.023002131)
(-0.0047486035 0.017639637 0.024000789)
(-0.0020102907 0.017973626 0.022998301)
(-0.0027498993 0.018565766 0.023006629)
(-0.0033158408 0.018363209 0.023995228)
(2.5667456e-07 0.017985441 0.022999839)
(-0.00098489338 0.018941701 0.023000299)
(-0.00099964669 0.017966931 0.023999647)
(0.0020050181 0.017975451 0.022998127)
(0.00098872427 0.018941324 0.023000512)
(0.0010006238 0.017967544 0.02400039)
(0.0040217848 0.01804984 0.023004626)
(0.002735142 0.018570243 0.023002158)
(0.0032620343 0.01838346 0.024004762)
(0.0047108652 0.017663105 0.023997759)
(-0.0027667224 0.0014393365 0.024999637)
(-0.00098605447 0.0010584127 0.024999576)
(0.00098695987 0.0010585019 0.025000143)
(0.0027602427 0.0014373709 0.024998007)
(-0.0040194101 0.0019488906 0.024999663)
(-0.0052725707 0.0027120002 0.024997996)
(-0.0046977097 0.0023287153 0.025997036)
(-0.0020002852 0.0020226038 0.025000752)
(-0.0030335189 0.0028996821 0.025000663)
(-0.0032966545 0.0016295705 0.025998171)
(8.3335481e-07 0.0020143172 0.024999745)
(-0.0010036912 0.0030059677 0.025000144)
(-0.00099649093 0.0020315708 0.026000346)
(0.0020074938 0.0020252822 0.025000991)
(0.001008764 0.0030068207 0.024999987)
(0.001001815 0.0020324752 0.025999789)
(0.0040247034 0.0019517199 0.025000879)
(0.0030437645 0.0029024281 0.024999261)
(0.0032824922 0.0016242402 0.025996991)
(0.0052498645 0.0026957292 0.025001211)
(0.0046692967 0.0023110469 0.026002935)
(-0.0063441075 0.0036174441 0.02498849)
(-0.007287818 0.0047271757 0.024994632)
(-0.0068469407 0.004163834 0.026001622)
(-0.0040770279 0.0039003753 0.024998236)
(-0.0051091742 0.0048815063 0.024996712)
(-0.0051224695 0.0038760134 0.025997997)
(0.0040723829 0.0038949247 0.025001723)
(0.0063368317 0.0036106295 0.025011273)
(0.0051009193 0.0048732251 0.025002556)
(0.0051069017 0.0038610808 0.026001952)
(0.0072721318 0.0047052857 0.02499769)
(0.0068466757 0.0041635111 0.025997786)
(-0.0080454599 0.0059700205 0.025001472)
(-0.0085788796 0.0072933287 0.025001719)
(-0.0060955413 0.0059192714 0.024997691)
(-0.0070952347 0.0069570591 0.024997669)
(-0.0070776397 0.005941495 0.025999147)
(0.006091901 0.0059158328 0.025001155)
(0.0080507435 0.0059799055 0.025001386)
(0.007090864 0.0069469465 0.024998894)
(0.0070802513 0.005945581 0.026002194)
(0.0085723937 0.0072719476 0.024999479)
(-0.0079739602 0.0079906449 0.02499903)
(-0.0089415463 0.0090135306 0.025000803)
(-0.0087864203 0.0080698588 0.026000468)
(-0.0060396402 0.0079685274 0.024999168)
(-0.0069968326 0.008990697 0.024999825)
(-0.00702678 0.0079780014 0.025999296)
(0.0060388136 0.0079694906 0.024999958)
(0.0079716529 0.0079857475 0.024999432)
(0.0069967749 0.0089932121 0.02499986)
(0.0070281317 0.0079824664 0.026000006)
(0.008941882 0.00901694 0.024999342)
(0.0087883259 0.0080780312 0.026000731)
(-0.0079857758 0.0099990493 0.025000388)
(-0.008941505 0.010986888 0.025000553)
(-0.0089998896 0.010003361 0.0260009)
(-0.006006276 0.010000324 0.02499995)
(-0.0069960133 0.011011172 0.025000072)
(-0.0069950274 0.010001064 0.026000124)
(0.0060063744 0.010001846 0.025000144)
(0.0079859842 0.010002696 0.025000042)
(0.0069968726 0.011010316 0.025000422)
(0.0069955101 0.010002243 0.02600027)
(0.0089411353 0.010990642 0.024999032)
(0.0089999082 0.010002792 0.026000863)
(-0.0079709795 0.012013281 0.025000241)
(-0.0085739122 0.012723047 0.025004454)
(-0.0087864637 0.011929955 0.025999771)
(-0.0060383621 0.012035408 0.024999877)
(-0.0070883788 0.013061598 0.025000077)
(-0.0070234296 0.012031065 0.025999802)
(0.006040028 0.012031658 0.02500076)
(0.0079733636 0.012007186 0.025002764)
(0.0070907588 0.013055834 0.025002432)
(0.0070281095 0.012019852 0.026001186)
(0.0085692761 0.01273833 0.025001862)
(0.0087847303 0.011937389 0.02599922)
(-0.0080451223 0.014030611 0.025000497)
(-0.006100538 0.014077914 0.024999809)
(-0.0072839108 0.015278277 0.024997983)
(-0.0070783392 0.014059644 0.026001926)
(-0.0051242669 0.015104322 0.024999369)
(0.0061011921 0.014075617 0.025000606)
(0.0051189647 0.015108738 0.025000455)
(0.0080455712 0.014029771 0.025000154)
(0.0072828828 0.015279712 0.024999418)
(0.0070818665 0.014052636 0.025999985)
(-0.0064050825 0.016320056 0.024997632)
(-0.0068436707 0.01584015 0.02600124)
(-0.0040890974 0.016089962 0.024999486)
(-0.0052827131 0.017280732 0.02499536)
(-0.0051289497 0.016118444 0.026003225)
(-0.0030563408 0.017091072 0.025000504)
(-0.0010085395 0.016992004 0.02499987)
(0.0010089461 0.016992224 0.024999978)
(0.0040823962 0.01609482 0.025000222)
(0.0030565329 0.01709172 0.02499959)
(0.0063882543 0.016338024 0.025004916)
(0.0052578035 0.017298582 0.024999035)
(0.0051225616 0.016124133 0.026002467)
(0.0068408614 0.015843573 0.026001472)
(-0.0040212495 0.018050126 0.025000162)
(-0.0046956649 0.017672557 0.026001074)
(-0.0020139361 0.017971809 0.024999083)
(-0.00274773 0.018566424 0.025000945)
(-0.0032501797 0.018387922 0.026005482)
(1.537074e-06 0.017985187 0.025000145)
(-0.0009867613 0.018941517 0.024999305)
(-0.00099918828 0.017967635 0.02600046)
(0.0020145507 0.017971796 0.024999075)
(0.00098889934 0.018941307 0.025000858)
(0.0010008207 0.017967155 0.026000239)
(0.0040320604 0.018044348 0.025002157)
(0.0027167293 0.018575828 0.024996226)
(0.0033063766 0.018366771 0.025996842)
(0.0047132837 0.017661601 0.026011254)
(-0.0027228167 0.0014260179 0.02699871)
(-0.00098776314 0.001058581 0.027000217)
(0.00099098474 0.0010588983 0.02699963)
(0.0027399635 0.0014312193 0.02699651)
(-0.004028935 0.0019539818 0.027003116)
(-0.0052663809 0.0027075647 0.027001254)
(-0.0047160244 0.0023401041 0.027987638)
(-0.0019871276 0.002017385 0.02700134)
(-0.0030124768 0.0028920632 0.02700148)
(-0.0032489661 0.0016116219 0.027996629)
(2.3353163e-06 0.00201411 0.026999832)
(-0.0010006708 0.0030047215 0.027000336)
(-0.00099790508 0.0020314992 0.028000203)
(0.002015111 0.0020277306 0.026999955)
(0.0010097862 0.0030068569 0.026999993)
(0.00099934134 0.0020322714 0.02800014)
(0.0040178066 0.0019480335 0.026999244)
(0.0030503449 0.0029047087 0.026999617)
(0.0032639309 0.0016172542 0.028000453)
(0.0052528087 0.002697839 0.027003742)
(0.0047379059 0.0023537108 0.027994287)
(-0.0063812512 0.0036544995 0.026988113)
(-0.0072841755 0.0047220926 0.027003434)
(-0.0068471175 0.0041640494 0.028001052)
(-0.0040789443 0.0039038662 0.026999177)
(-0.0051171746 0.0048899582 0.026997667)
(-0.0051320522 0.00388654 0.027998267)
(0.0040715004 0.0038945109 0.027001297)
(0.0063370328 0.003610818 0.027003637)
(0.0051019572 0.0048753108 0.027000986)
(0.0051020622 0.0038570613 0.028001053)
(0.0072888095 0.0047285594 0.026991275)
(0.0068380585 0.004153011 0.027999908)
(-0.008051933 0.0059821309 0.027001707)
(-0.0085863468 0.0073179445 0.027002253)
(-0.0061006388 0.0059254356 0.026999008)
(-0.007098294 0.006965063 0.027000548)
(-0.0070818003 0.0059477095 0.027999835)
(0.0060954118 0.0059212543 0.026999609)
(0.0080493207 0.0059772436 0.027000034)
(0.0070985017 0.0069657111 0.026999881)
(0.0070847451 0.0059510655 0.028000619)
(0.0085871116 0.0073204659 0.026995132)
(-0.0079755856 0.0079936197 0.02699918)
(-0.0089413273 0.0090113073 0.027000444)
(-0.008786672 0.0080709384 0.027998913)
(-0.0060416698 0.0079732081 0.026999735)
(-0.0069979982 0.0089928954 0.026999987)
(-0.0070287341 0.0079823271 0.028000198)
(0.0060410774 0.0079737582 0.027000157)
(0.0079765607 0.0079990002 0.026999706)
(0.0069980496 0.0089952501 0.027000165)
(0.0070266684 0.0079776303 0.028000699)
(0.0089418113 0.0090162221 0.027000507)
(0.0087885966 0.0080791922 0.028000114)
(-0.0079861174 0.0099991563 0.027000146)
(-0.0089414483 0.010987463 0.027000487)
(-0.0089999282 0.0099978192 0.028000248)
(-0.0060071726 0.010000815 0.027000024)
(-0.0069970431 0.011010043 0.02700017)
(-0.0069958792 0.0099994943 0.028000088)
(0.0060073017 0.010001585 0.027000222)
(0.0079863161 0.01000382 0.02700026)
(0.0069980482 0.011008651 0.027000598)
(0.0069956034 0.010001848 0.028000136)
(0.0089411012 0.010990988 0.026999954)
(0.0089999092 0.010002761 0.028000294)
(-0.0079696928 0.012021569 0.02700032)
(-0.008568772 0.012739992 0.02700246)
(-0.0087901791 0.01191402 0.027995934)
(-0.006039823 0.012032312 0.027000268)
(-0.007090391 0.013056476 0.027000841)
(-0.0070298625 0.012014813 0.028000141)
(0.0060419675 0.012027027 0.027000663)
(0.0079755065 0.012008485 0.027003301)
(0.007100096 0.013031323 0.027004251)
(0.0070273058 0.012022453 0.027999055)
(0.008567476 0.012744264 0.026999133)
(0.0087844928 0.011938408 0.028001808)
(-0.008047103 0.014026905 0.026999209)
(-0.0060981436 0.014078678 0.027001205)
(-0.0072931081 0.015265442 0.027005602)
(-0.0070801613 0.014054224 0.02800157)
(-0.0051152798 0.015112975 0.027000664)
(0.0061005394 0.014074083 0.026998988)
(0.0051137359 0.015113253 0.026997013)
(0.008045287 0.014030303 0.027000821)
(0.0072964537 0.015260774 0.026998854)
(0.0070803091 0.014055976 0.027999701)
(-0.0063430772 0.016383521 0.026995199)
(-0.0068378936 0.015847189 0.027998731)
(-0.0040823309 0.01609597 0.027000559)
(-0.0052639668 0.017294165 0.026999934)
(-0.0051373168 0.016111282 0.028001505)
(-0.0030473035 0.017094876 0.02700301)
(-0.0010077904 0.016992652 0.027000689)
(0.0010061168 0.01699343 0.027000117)
(0.0040792637 0.016097939 0.026997962)
(0.0030409998 0.017097575 0.027000883)
(0.0063521106 0.016375061 0.026989592)
(0.0052679981 0.017291277 0.02699327)
(0.005121402 0.016122913 0.027996244)
(0.0068401663 0.01584442 0.027999843)
(-0.0040197528 0.018050926 0.026999453)
(-0.0047180256 0.017658652 0.027996541)
(-0.0020078193 0.017974217 0.027002471)
(-0.0027240713 0.018573601 0.027006066)
(-0.0032919276 0.018372209 0.028001954)
(-4.447938e-07 0.01798557 0.027000457)
(-0.00098251411 0.018941936 0.027000247)
(-0.001002446 0.017966918 0.028000338)
(0.0019999762 0.017976587 0.026999609)
(0.00098880867 0.018941316 0.027000391)
(0.00099934408 0.017968003 0.028000047)
(0.0040342809 0.018043161 0.026998674)
(0.0027136934 0.018576749 0.026984997)
(0.0032326565 0.018394517 0.027998084)
(0.0047261995 0.017653569 0.027999695)
(-0.0027290936 0.001427922 0.029000633)
(-0.00098639828 0.0010584466 0.028999854)
(0.00098633064 0.0010584399 0.029000311)
(0.0027390643 0.0014309466 0.028996859)
(-0.0040254078 0.0019520965 0.029000563)
(-0.0052667146 0.0027078038 0.029015226)
(-0.0047170547 0.0023407447 0.029992121)
(-0.001997829 0.0020224216 0.028999781)
(-0.0030378898 0.0029016472 0.029001239)
(-0.0033180972 0.001637641 0.02999343)
(1.9501984e-06 0.0020144433 0.029000616)
(-0.0010038195 0.0030062112 0.029000137)
(-0.00099827778 0.0020326939 0.029999709)
(0.002013089 0.0020279509 0.029001725)
(0.0010101151 0.0030074774 0.029000513)
(0.0010031565 0.00203339 0.030000236)
(0.0040276374 0.0019532882 0.028999611)
(0.0030558641 0.0029071231 0.029002357)
(0.0033068805 0.0016334193 0.030003007)
(0.0052517443 0.0026970762 0.029003345)
(0.0047450696 0.0023581655 0.029997274)
(-0.0063759384 0.0036488271 0.029007881)
(-0.0072607422 0.0046893915 0.028999051)
(-0.0068375996 0.0041524518 0.029998791)
(-0.0040824402 0.0039053369 0.02900307)
(-0.0051166969 0.0048881619 0.02900236)
(-0.0051344633 0.003884896 0.030003493)
(0.0040771206 0.0038993363 0.029001604)
(0.0063776537 0.0036506585 0.029005169)
(0.0051131577 0.0048873871 0.029001561)
(0.005115664 0.0038694038 0.030001854)
(0.0073187292 0.0047703122 0.028998843)
(0.0068415829 0.0041573055 0.03000078)
(-0.0080492686 0.0059771461 0.029000855)
(-0.0085698209 0.0072634662 0.029008858)
(-0.0060965936 0.0059184247 0.029000058)
(-0.0070865904 0.0069352261 0.028999711)
(-0.0070800574 0.0059441052 0.029999459)
(0.0061044822 0.0059313334 0.029000474)
(0.0080472486 0.005973367 0.029000559)
(0.0070956759 0.0069550934 0.028999282)
(0.0070858665 0.005951978 0.030000492)
(0.0085744654 0.0072787771 0.02899686)
(-0.0079707388 0.007985644 0.028998781)
(-0.0089408055 0.0090060098 0.029000719)
(-0.0087855732 0.0080662255 0.029997284)
(-0.0060398792 0.0079685238 0.028999689)
(-0.0069971591 0.0089901367 0.028999872)
(-0.0070266603 0.007976772 0.029999166)
(0.006041249 0.0079715647 0.029000185)
(0.0079715381 0.0079821415 0.029000626)
(0.0069974781 0.0089924387 0.029000167)
(0.0070276429 0.0079799013 0.030000346)
(0.0089412773 0.0090108001 0.029000212)
(0.0087950258 0.0081067655 0.030002099)
(-0.0079860708 0.0099986268 0.029000203)
(-0.0089415508 0.010986423 0.029000236)
(-0.0089999828 0.0099994867 0.02999988)
(-0.0060073228 0.0099997257 0.028999939)
(-0.0069974775 0.011008595 0.029000002)
(-0.0069954867 0.0099998352 0.029999896)
(0.0060073526 0.010001181 0.028999921)
(0.0079860359 0.010002581 0.029000211)
(0.0069973203 0.011010198 0.028999729)
(0.0069956874 0.010001338 0.029999929)
(0.008940973 0.010992289 0.029000213)
(0.0089999241 0.010002305 0.030000276)
(-0.007971509 0.012019409 0.029000236)
(-0.0085808675 0.012700118 0.029003012)
(-0.0087887139 0.011920304 0.030001857)
(-0.0060407276 0.012030148 0.028999897)
(-0.0070928 0.01304905 0.028999376)
(-0.0070251909 0.012027389 0.029999471)
(0.0060405249 0.012030891 0.028998929)
(0.0079721664 0.012012217 0.029000241)
(0.0070912012 0.013054495 0.02899699)
(0.0070262496 0.01202476 0.029998946)
(0.0085799526 0.012703134 0.028980752)
(0.0087878419 0.011924044 0.029998771)
(-0.008046337 0.014028338 0.029000285)
(-0.006097769 0.014079634 0.029000182)
(-0.0072720755 0.015294793 0.029000661)
(-0.0070796441 0.01405657 0.029998596)
(-0.0051210712 0.015108998 0.029000353)
(0.0060982111 0.014078191 0.028996877)
(0.0051112613 0.015115514 0.028995177)
(0.0080450174 0.014030807 0.02900168)
(0.0072889656 0.015271223 0.028998207)
(0.0070810419 0.01405552 0.030000359)
(-0.0063687035 0.016358898 0.029001295)
(-0.0068426739 0.015841365 0.030001175)
(-0.0040904226 0.016090038 0.028999866)
(-0.0053021571 0.017266799 0.029001878)
(-0.0051339804 0.01611426 0.029999039)
(-0.0030547144 0.017091288 0.028995047)
(-0.0010092834 0.016992493 0.028999441)
(0.0010059011 0.016993627 0.029000197)
(0.004075961 0.016100118 0.028998226)
(0.0030391687 0.017098665 0.028999461)
(0.006349514 0.016377493 0.028972261)
(0.0052661775 0.017292581 0.029003708)
(0.0051147096 0.016130643 0.030002267)
(0.0068463284 0.015836912 0.029998244)
(-0.0040342628 0.01804317 0.028998402)
(-0.0046896251 0.017676313 0.029995786)
(-0.0020107869 0.01797299 0.028997996)
(-0.0026644157 0.018591697 0.029003285)
(-0.0032679366 0.018381239 0.029997872)
(-1.5333031e-06 0.017985499 0.028999856)
(-0.00098962308 0.018941235 0.028999684)
(-0.0010011587 0.017967696 0.029999379)
(0.0020113481 0.017974071 0.029000735)
(0.00098659433 0.018941534 0.029000001)
(0.00099844273 0.01796776 0.030000202)
(0.0040183633 0.018051669 0.02899988)
(0.0026994178 0.018581079 0.028995666)
(0.003267124 0.018381544 0.030006783)
(0.0047511659 0.017638044 0.030017504)
(-0.0027618544 0.0014378598 0.031000103)
(-0.00098742311 0.0010585475 0.031000425)
(0.00098891913 0.0010586949 0.031000438)
(0.0026984257 0.001418619 0.030995388)
(-0.0040153228 0.0019467059 0.03099945)
(-0.0052486127 0.0026948322 0.030999162)
(-0.0046873745 0.0023222884 0.032000527)
(-0.0020063243 0.0020249935 0.03100174)
(-0.0030417591 0.002902544 0.031002303)
(-0.0032959239 0.0016292955 0.031995647)
(2.499263e-06 0.0020146951 0.030999486)
(-0.0010059709 0.0030070378 0.031000073)
(-0.00099860031 0.0020324978 0.031999362)
(0.0020216662 0.0020291047 0.03099652)
(0.0010111941 0.0030078475 0.0309994)
(0.0010009544 0.0020327367 0.031999495)
(0.004024772 0.0019517566 0.03100576)
(0.0030515483 0.0029057539 0.030996901)
(0.0033085555 0.0016340497 0.031999724)
(0.0052732085 0.0027124573 0.031000747)
(0.0047726573 0.0023753206 0.032002204)
(-0.006330776 0.0036049578 0.030997744)
(-0.0072777061 0.0047130645 0.030987584)
(-0.0068425508 0.0041584848 0.032001887)
(-0.0040766972 0.0038995042 0.031000841)
(-0.0051081192 0.0048803037 0.030999462)
(-0.0051244222 0.0038768602 0.032001953)
(0.0040777451 0.0038991215 0.031000448)
(0.0063423204 0.0036157703 0.030996801)
(0.0051102922 0.0048833282 0.031000264)
(0.0051102458 0.0038644447 0.032000979)
(0.0073087698 0.0047564139 0.031001282)
(0.0068428477 0.0041588467 0.032001179)
(-0.0080474823 0.0059738042 0.031001239)
(-0.008571155 0.0072678642 0.031000964)
(-0.0060949717 0.0059187457 0.030998024)
(-0.0070965966 0.0069610024 0.030997883)
(-0.007081407 0.005945431 0.032001265)
(0.0061006723 0.005926478 0.031000518)
(0.0080510222 0.0059804268 0.031004993)
(0.0070946556 0.0069530691 0.030999437)
(0.0070821829 0.0059464922 0.031999819)
(0.0085660735 0.0072511127 0.031003448)
(-0.0079746482 0.0079907641 0.030999391)
(-0.0089412156 0.0090101734 0.0309998)
(-0.0087846078 0.0080620851 0.032001235)
(-0.0060406695 0.0079706063 0.030999343)
(-0.0069976883 0.0089913767 0.030999704)
(-0.0070259962 0.00797532 0.031999877)
(0.0060405857 0.0079696154 0.030999861)
(0.0079723201 0.0079874824 0.030999544)
(0.0069974792 0.0089913971 0.030999843)
(0.0070241417 0.0079704581 0.031999356)
(0.0089415531 0.0090135999 0.030999973)
(0.0087874715 0.0080743671 0.031996196)
(-0.0079862025 0.01000001 0.031000144)
(-0.0089414202 0.010987749 0.031000154)
(-0.0089999094 0.0099972431 0.0320003)
(-0.0060073723 0.0099998204 0.030999897)
(-0.0069975708 0.011008204 0.031000016)
(-0.0069956176 0.0099990342 0.032000032)
(0.0060076425 0.0099996479 0.030999697)
(0.0079862511 0.010001002 0.031000031)
(0.0069981029 0.011007734 0.030999403)
(0.0069958862 0.0099988735 0.031999741)
(0.0089413818 0.010988139 0.031000641)
(0.0089999859 0.010000417 0.031999884)
(-0.0079740495 0.012009351 0.031000215)
(-0.0085711293 0.012732221 0.03100341)
(-0.0087837651 0.011941529 0.031997405)
(-0.0060409353 0.01202961 0.030999958)
(-0.0070960092 0.013042247 0.03100054)
(-0.0070271735 0.012021803 0.032000118)
(0.0060419543 0.012027576 0.030998796)
(0.0079743337 0.012008995 0.03099776)
(0.0070958789 0.013042319 0.030996509)
(0.0070294278 0.012016661 0.031998696)
(0.0085775129 0.012711177 0.031001327)
(0.0087867933 0.011928541 0.031999368)
(-0.0080522504 0.014017275 0.031000165)
(-0.0061014641 0.014073973 0.030999649)
(-0.0073028525 0.015251844 0.030997739)
(-0.0070760659 0.014060741 0.032000848)
(-0.0051197042 0.015108692 0.030999359)
(0.006102861 0.014072683 0.030999973)
(0.0051206709 0.015106567 0.031000576)
(0.0080495527 0.014022322 0.0309995)
(0.0072859259 0.015275465 0.031000651)
(0.0070801184 0.014055609 0.032001398)
(-0.0063700801 0.016357428 0.031007276)
(-0.0068389416 0.015845912 0.031998788)
(-0.0040831932 0.01609432 0.030999115)
(-0.0052733521 0.01728744 0.030997201)
(-0.0051342219 0.016114541 0.031994889)
(-0.0030240373 0.017103474 0.03099674)
(-0.0010070808 0.016993813 0.030999322)
(0.0010065177 0.016993021 0.031000938)
(0.0040822552 0.016094808 0.031000766)
(0.0030491047 0.017094678 0.031002431)
(0.0064061344 0.016318933 0.031003873)
(0.0052674505 0.017291669 0.030998529)
(0.0051269286 0.016119831 0.031999881)
(0.0068338903 0.015852067 0.032002877)
(-0.0040210253 0.018050246 0.031001045)
(-0.0047045383 0.017667039 0.032001724)
(-0.0020019388 0.01797822 0.030998363)
(-0.0027364445 0.018569848 0.030996245)
(-0.0032641845 0.018382651 0.031997608)
(-2.2629977e-06 0.017985617 0.03099962)
(-0.00099229369 0.018940972 0.03099967)
(-0.001002628 0.017967587 0.031999798)
(0.0020068165 0.01797442 0.031002827)
(0.00098532598 0.018941659 0.03099995)
(0.0010000163 0.017967066 0.032001286)
(0.0040194842 0.01805107 0.030999363)
(0.002696797 0.018581874 0.030995315)
(0.0032967804 0.018370383 0.032016478)
(0.0047467876 0.017640767 0.03198531)
(-0.002716226 0.0014240186 0.032994983)
(-0.0009852724 0.0010583357 0.033000031)
(0.00098951778 0.0010587538 0.033000139)
(0.0027135344 0.0014232021 0.032999388)
(-0.004043495 0.0019617642 0.032999009)
(-0.0052880904 0.0027231215 0.033007314)
(-0.0047217859 0.0023436868 0.033995235)
(-0.0020056231 0.0020246843 0.032999525)
(-0.0030433412 0.0029037172 0.032999394)
(-0.0032851463 0.0016252391 0.033999733)
(1.3922333e-06 0.0020144354 0.032999761)
(-0.0010059178 0.0030068677 0.032999767)
(-0.00099818845 0.0020324152 0.033999933)
(0.0020029758 0.0020237022 0.032998886)
(0.0010086669 0.0030068188 0.032999255)
(0.0010038025 0.0020330315 0.033999287)
(0.0040238846 0.0019512823 0.033000082)
(0.0030408263 0.0029019456 0.032997011)
(0.0032862208 0.0016256436 0.033998084)
(0.0052831435 0.0027195766 0.032999688)
(0.004732643 0.0023504382 0.034004187)
(-0.0063221999 0.0035969254 0.033000048)
(-0.0072877415 0.004727069 0.0330016)
(-0.0068404966 0.0041559818 0.033999332)
(-0.0040805503 0.0039013036 0.03300152)
(-0.0051081005 0.0048800795 0.033001288)
(-0.0051160765 0.003869061 0.034001828)
(0.0040759616 0.003897469 0.032999611)
(0.0063213563 0.0035961353 0.033003814)
(0.0051033562 0.0048750579 0.033000324)
(0.0051101501 0.0038628756 0.033998477)
(0.007275365 0.0047097976 0.033001185)
(0.0068322445 0.0041459267 0.033998668)
(-0.0080440374 0.0059673593 0.032999528)
(-0.0085872893 0.0073210516 0.03299817)
(-0.0060952164 0.0059200334 0.033000167)
(-0.0070946945 0.0069554016 0.032999524)
(-0.0070841446 0.0059515068 0.03399964)
(0.0060918004 0.0059153441 0.033000218)
(0.0080418756 0.0059633149 0.0330016)
(0.0070960921 0.0069604205 0.032998696)
(0.0070798961 0.0059438624 0.033998524)
(0.0085787418 0.0072928745 0.033001287)
(-0.0079750587 0.0079956987 0.033000747)
(-0.0089412149 0.0090101664 0.032999729)
(-0.0087861645 0.0080687614 0.033997151)
(-0.0060412162 0.0079720857 0.03299986)
(-0.006998036 0.0089920991 0.032999981)
(-0.0070301963 0.0079854755 0.033999895)
(0.0060402746 0.007970132 0.03299985)
(0.0079756983 0.0079957372 0.033000356)
(0.0069978198 0.0089916286 0.032999854)
(0.0070271341 0.0079778701 0.034000848)
(0.0089414097 0.0090121442 0.032999554)
(0.0087847194 0.008062564 0.034002604)
(-0.0079861507 0.0099961374 0.03300003)
(-0.0089416974 0.010984934 0.033000437)
(-0.0089998255 0.0099946818 0.034000167)
(-0.0060074493 0.009999833 0.033000073)
(-0.0069972007 0.011008326 0.033000383)
(-0.0069959063 0.0099992088 0.034000081)
(0.0060079039 0.0099989039 0.032999708)
(0.0079864897 0.010000002 0.033000016)
(0.0069988574 0.011005361 0.032999702)
(0.0069961583 0.0099995033 0.033999749)
(0.0089414307 0.010987643 0.033000606)
(0.0089999881 0.0099996482 0.034000198)
(-0.0079717478 0.012015035 0.033001408)
(-0.0085692898 0.012738285 0.032994083)
(-0.0087823041 0.011947794 0.034001533)
(-0.0060396798 0.012031526 0.033000573)
(-0.0070914249 0.013052641 0.033002545)
(-0.0070249393 0.012027114 0.034000608)
(0.0060428838 0.012024545 0.032999402)
(0.0079767783 0.01200167 0.033000743)
(0.0070994023 0.013032482 0.03300115)
(0.0070289364 0.012016501 0.033998067)
(0.0085787762 0.012707012 0.032998671)
(0.0087962369 0.01188804 0.03399504)
(-0.008043375 0.01403388 0.033000179)
(-0.0060955004 0.014081748 0.032999673)
(-0.0072903252 0.015269326 0.03299738)
(-0.0070774991 0.014059131 0.034000343)
(-0.0051124399 0.015116439 0.032998375)
(0.0061016661 0.014073274 0.032999723)
(0.0051193864 0.015108384 0.032998235)
(0.0080427946 0.014034966 0.033001526)
(0.0072891209 0.015271006 0.033003428)
(0.0070826458 0.014052099 0.034001556)
(-0.0063554222 0.016371959 0.033002362)
(-0.0068476431 0.01583531 0.034000415)
(-0.0040831627 0.016096543 0.032998558)
(-0.0052714936 0.017288772 0.032998036)
(-0.0051100608 0.016136647 0.033995649)
(-0.003063324 0.017089104 0.03299744)
(-0.0010118078 0.01699217 0.032999668)
(0.0010055797 0.016992808 0.033000686)
(0.0040837461 0.016094375 0.032999352)
(0.0030495973 0.017094137 0.033000491)
(0.006392792 0.016333179 0.032989725)
(0.0052757324 0.017285734 0.033001729)
(0.0051179176 0.016130321 0.03399628)
(0.006838805 0.015846079 0.034000911)
(-0.0040347237 0.018042924 0.033000754)
(-0.0047312046 0.017650457 0.034004955)
(-0.002020844 0.017970076 0.032997718)
(-0.0026811178 0.018586631 0.033006402)
(-0.003282783 0.018375651 0.034003028)
(-5.7536692e-06 0.017985209 0.033000196)
(-0.0009920685 0.018940995 0.033000623)
(-0.0010033946 0.017967139 0.034000215)
(0.0020086533 0.017973642 0.033000903)
(0.00098418023 0.018941771 0.033000321)
(0.00099626385 0.017967816 0.034000404)
(0.0040258379 0.018047674 0.033000137)
(0.0027292002 0.018572045 0.032993254)
(0.0032678182 0.018381283 0.033999576)
(0.0046826898 0.017680625 0.034004502)
(-0.0027228246 0.0014260203 0.03500001)
(-0.00098240154 0.001058053 0.034998957)
(0.00099358288 0.0010591542 0.034999914)
(0.0026927275 0.0014168904 0.035002765)
(-0.0040231929 0.0019509126 0.035000674)
(-0.0052820714 0.0027188083 0.035004864)
(-0.0046892679 0.0023234658 0.035994843)
(-0.0020156138 0.0020276784 0.035001619)
(-0.0030470718 0.0029046542 0.035001953)
(-0.0032692574 0.001619259 0.036003816)
(4.0559522e-06 0.0020147125 0.034999482)
(-0.001006409 0.0030071957 0.034999949)
(-0.00099783349 0.0020324244 0.035999421)
(0.002015349 0.0020280313 0.034998023)
(0.0010102782 0.0030072485 0.034999126)
(0.0010016281 0.0020321595 0.035999317)
(0.0040164196 0.0019472921 0.034998891)
(0.0030521415 0.0029060988 0.034997205)
(0.0032318413 0.0016051765 0.03600449)
(0.0052567284 0.0027006478 0.034996358)
(0.0047173823 0.0023409484 0.036010732)
(-0.0063257708 0.0036002699 0.034995891)
(-0.0072805565 0.0047170423 0.034996516)
(-0.0068387017 0.0041537947 0.035999374)
(-0.004077966 0.0038992121 0.035001115)
(-0.0051053911 0.0048771049 0.035000142)
(-0.00510957 0.0038624715 0.036001211)
(0.0040784236 0.0039010972 0.034998811)
(0.0063703427 0.0036428527 0.035006572)
(0.005114301 0.0048868211 0.035000085)
(0.0051304996 0.0038839287 0.035998633)
(0.0072940566 0.0047358817 0.035001784)
(0.0068315968 0.0041451373 0.035998317)
(-0.0080511419 0.0059806508 0.034998999)
(-0.0085738763 0.0072768349 0.034996979)
(-0.0060938884 0.0059188854 0.034998997)
(-0.007096072 0.0069597024 0.034997823)
(-0.0070795267 0.0059437025 0.036000567)
(0.0061005652 0.0059260755 0.035000466)
(0.0080420018 0.0059635509 0.035000028)
(0.007097664 0.0069626037 0.035000447)
(0.0070849284 0.0059521816 0.035999888)
(0.0085707326 0.0072664718 0.034995189)
(-0.00797635 0.0079995334 0.034998945)
(-0.0089408263 0.0090062205 0.034999845)
(-0.0087895145 0.0080831289 0.035998545)
(-0.0060417387 0.0079733538 0.034999381)
(-0.0069985438 0.0089925191 0.034999677)
(-0.0070283075 0.0079811153 0.035999224)
(0.0060424749 0.0079750166 0.035000148)
(0.0079756572 0.007994623 0.034998891)
(0.0069986538 0.0089940357 0.034999861)
(0.0070309274 0.0079880891 0.036000546)
(0.0089414022 0.0090120678 0.034999619)
(0.0087858432 0.0080673838 0.036000374)
(-0.0079864202 0.0099963773 0.034999927)
(-0.0089417744 0.010984153 0.035000072)
(-0.0089998411 0.0099951564 0.035999876)
(-0.0060078191 0.0099992006 0.035000019)
(-0.0069978981 0.011006276 0.035000453)
(-0.0069961341 0.0099977714 0.035999957)
(0.0060079569 0.010000809 0.034999683)
(0.007986424 0.0099997024 0.03499975)
(0.0069978112 0.011008327 0.034999472)
(0.0069962644 0.010001347 0.03599965)
(0.0089412899 0.010989072 0.034999839)
(0.0089999168 0.01000253 0.035999037)
(-0.0079752156 0.012004046 0.035002185)
(-0.0085730231 0.012725978 0.035001194)
(-0.0087909994 0.011910503 0.036001443)
(-0.0060404003 0.012028929 0.035000827)
(-0.0070937034 0.01304529 0.035002669)
(-0.0070281919 0.012017392 0.036000515)
(0.0060406384 0.012029752 0.034999168)
(0.0079720242 0.01201352 0.034999735)
(0.0070923185 0.013051074 0.034999628)
(0.0070258509 0.01202446 0.035999049)
(0.0085778505 0.012710064 0.035005444)
(0.0087910547 0.011910265 0.036001164)
(-0.0080498927 0.014021686 0.035001262)
(-0.0060955227 0.014081596 0.035001372)
(-0.007263113 0.0153073 0.034999075)
(-0.0070817395 0.014052655 0.036001864)
(-0.0051141756 0.015114653 0.035001246)
(0.0060970353 0.014078955 0.034998747)
(0.0051100778 0.015117659 0.034998384)
(0.0080475062 0.014026151 0.034997473)
(0.0072933391 0.01526512 0.035001103)
(0.0070772769 0.014059323 0.035997194)
(-0.0064007537 0.016324678 0.035009473)
(-0.0068405981 0.015843894 0.036000744)
(-0.0040834305 0.016095406 0.035000717)
(-0.0052784711 0.017283772 0.035000505)
(-0.0051117534 0.016134698 0.036001935)
(-0.0030459925 0.017095646 0.035000188)
(-0.0010103392 0.016992704 0.035000571)
(0.0010040319 0.016993762 0.03500013)
(0.0040766689 0.01610016 0.034999129)
(0.0030348437 0.017100103 0.034998359)
(0.006357896 0.016369642 0.034995561)
(0.0052804418 0.017282359 0.035000635)
(0.0051035162 0.01614094 0.036000008)
(0.0068410927 0.015843291 0.03600279)
(-0.0040312777 0.018044766 0.035003542)
(-0.0047142854 0.017660978 0.036002178)
(-0.0020111679 0.017974045 0.035002594)
(-0.0027365526 0.018569815 0.034990198)
(-0.0032773876 0.018377681 0.036000074)
(-3.7426655e-06 0.017985485 0.035000451)
(-0.000989697 0.018941228 0.035000521)
(-0.0010027907 0.017967245 0.036000532)
(0.0020074806 0.017975578 0.034999772)
(0.000986822 0.018941511 0.035000773)
(0.00099665636 0.017968096 0.036000146)
(0.0040177294 0.018052008 0.035001046)
(0.0027310881 0.018571472 0.034992468)
(0.0032689994 0.018380839 0.035996542)
(0.0047114247 0.017662757 0.036000304)
(-0.0027430186 0.0014321461 0.037008102)
(-0.00098159954 0.001057974 0.036999328)
(0.00099307141 0.0010591038 0.036999461)
(0.0027168903 0.0014242201 0.037006933)
(-0.0040065553 0.0019420196 0.037000534)
(-0.0052710188 0.0027108881 0.037007411)
(-0.0047390767 0.0023544389 0.038000754)
(-0.0020122839 0.0020279887 0.036997303)
(-0.0030555363 0.0029081243 0.037000035)
(-0.0033010253 0.0016312155 0.03798719)
(2.0235249e-06 0.0020146272 0.03699891)
(-0.0010072534 0.0030077346 0.036999056)
(-0.00099913587 0.0020331304 0.037998752)
(0.0020074954 0.0020248752 0.036998954)
(0.0010093261 0.0030069457 0.036999033)
(0.0010049983 0.0020336209 0.037998808)
(0.0040153154 0.0019467019 0.036999042)
(0.0030392966 0.002901303 0.036999349)
(0.0033432368 0.0016471028 0.037985308)
(0.0052654246 0.0027068794 0.036998736)
(0.0047861639 0.0023837196 0.037992077)
(-0.0063942141 0.0036683398 0.037007635)
(-0.0072895921 0.0047296514 0.036995876)
(-0.0068461027 0.0041628129 0.038000559)
(-0.0040847767 0.0039059491 0.037001828)
(-0.0051189484 0.004890236 0.037001611)
(-0.0051399251 0.0038895565 0.038000472)
(0.0040802985 0.0039036813 0.036998649)
(0.006384858 0.0036583504 0.036999765)
(0.0051199389 0.0048933318 0.036998948)
(0.0051174619 0.003872397 0.037997965)
(0.0072993034 0.0047432036 0.0369972)
(0.0068400063 0.0041553843 0.038000333)
(-0.0080462659 0.0059715285 0.037000902)
(-0.0085775529 0.0072889551 0.037002377)
(-0.006098801 0.0059215668 0.03699982)
(-0.007091379 0.006946829 0.036998851)
(-0.0070729065 0.005932516 0.037999937)
(0.006105778 0.0059330532 0.036999325)
(0.008047161 0.0059732032 0.036999365)
(0.0071017718 0.0069724309 0.037000354)
(0.0070873939 0.0059559649 0.037999037)
(0.0085707389 0.0072664923 0.037005249)
(-0.0079725956 0.0079876577 0.03700089)
(-0.0089411697 0.0090097076 0.036999847)
(-0.0087865993 0.0080706265 0.038000697)
(-0.0060402411 0.0079682787 0.036999513)
(-0.0069974624 0.0089895389 0.036999802)
(-0.0070244316 0.0079708407 0.037999365)
(0.0060438627 0.0079777147 0.03699983)
(0.0079778704 0.0080026401 0.037000544)
(0.0069991898 0.0089954277 0.036999706)
(0.0070282322 0.0079803567 0.037999007)
(0.008941592 0.0090139949 0.036998902)
(0.0087862926 0.0080693109 0.037999745)
(-0.0079863736 0.0099975038 0.037000317)
(-0.0089417892 0.010984003 0.036999899)
(-0.0089999052 0.0099971166 0.037999863)
(-0.0060078663 0.009997469 0.036999853)
(-0.0069986348 0.011004501 0.03699984)
(-0.0069959448 0.0099970272 0.037999804)
(0.0060081534 0.010000878 0.036999728)
(0.0079865504 0.0099990983 0.036999643)
(0.0069979242 0.011007439 0.036999961)
(0.0069961727 0.0099989983 0.037999683)
(0.0089417713 0.010984184 0.036999826)
(0.008999925 0.0099977207 0.037999572)
(-0.0079757367 0.012005735 0.036999003)
(-0.0085680934 0.012742229 0.036996487)
(-0.0087853559 0.011934706 0.037997745)
(-0.0060419581 0.012025135 0.036999814)
(-0.0070989786 0.013032137 0.036998665)
(-0.007027813 0.012019123 0.03799948)
(0.0060411185 0.01202907 0.036999942)
(0.0079730993 0.012010368 0.037001621)
(0.0070938159 0.013048445 0.037001121)
(0.0070279876 0.012018946 0.03800053)
(0.0085711249 0.012732235 0.037002404)
(0.0087900774 0.011914457 0.038004013)
(-0.0080418907 0.014036657 0.037000849)
(-0.006097512 0.014077952 0.037000122)
(-0.0072795158 0.01528441 0.037003708)
(-0.0070808588 0.01405401 0.038000714)
(-0.0051120056 0.015115515 0.036998396)
(0.0061029628 0.014071794 0.036999656)
(0.0051170111 0.015109511 0.036999807)
(0.0080493044 0.014022787 0.036998871)
(0.0073110014 0.015240472 0.036999907)
(0.0070805721 0.014054541 0.038000966)
(-0.0063874557 0.016338876 0.036989867)
(-0.0068501863 0.015832211 0.037999838)
(-0.0040798838 0.016098054 0.036998911)
(-0.0052529274 0.017302076 0.036996431)
(-0.0051119683 0.016135011 0.037995743)
(-0.0030526295 0.017093442 0.037003352)
(-0.0010112935 0.016992523 0.037001156)
(0.0010027709 0.016994164 0.037000246)
(0.0040790638 0.016097249 0.036999584)
(0.0030320056 0.017101027 0.036999429)
(0.0064008928 0.01632453 0.037004817)
(0.0052792823 0.01728319 0.036997599)
(0.0051117581 0.016132982 0.037999208)
(0.0068431487 0.015840786 0.037997976)
(-0.004037183 0.018041609 0.036999401)
(-0.0047293311 0.017651622 0.03800051)
(-0.002018964 0.0179711 0.037002922)
(-0.0027061175 0.018579047 0.03698721)
(-0.0032571045 0.018385315 0.038007941)
(-3.4003479e-06 0.017985571 0.037001401)
(-0.00099101585 0.018941098 0.037000199)
(-0.0010027211 0.017967355 0.038001177)
(0.0019989865 0.017977705 0.037000427)
(0.00098316381 0.018941872 0.037000454)
(0.00099673205 0.017967833 0.038000158)
(0.0040349659 0.018042795 0.036999104)
(0.0027617768 0.018562163 0.037004376)
(0.0032948914 0.018371094 0.03799741)
(0.0046948928 0.017673037 0.038011214)
(-0.0027477503 0.0014335814 0.039002747)
(-0.00098320744 0.0010581323 0.039000186)
(0.00099118203 0.0010589178 0.03899995)
(0.0026802635 0.0014131095 0.039005315)
(-0.0040343761 0.0019568901 0.039002153)
(-0.0052909579 0.0027251763 0.038998553)
(-0.0047041086 0.0023326944 0.039992657)
(-0.0020076831 0.002026168 0.038999751)
(-0.003053432 0.0029082299 0.038998936)
(-0.0032776623 0.0016224223 0.03999239)
(3.6050733e-06 0.0020147631 0.038999852)
(-0.0010060174 0.0030076161 0.038999237)
(-0.00099650915 0.0020321298 0.039999446)
(0.0020148502 0.0020274418 0.039000563)
(0.0010111387 0.0030076686 0.038999445)
(0.0010020937 0.002032658 0.039999975)
(0.0040267891 0.0019528347 0.039001161)
(0.0030498276 0.0029050296 0.0389988)
(0.003260374 0.0016159155 0.040000063)
(0.0052666013 0.0027077226 0.038999013)
(0.0047217301 0.0023436521 0.040010708)
(-0.0064068156 0.0036817944 0.038998412)
(-0.007294862 0.0047370057 0.039004017)
(-0.0068360069 0.0041505112 0.0400003)
(-0.0040914883 0.003911686 0.038999535)
(-0.0051268363 0.0048981201 0.038999704)
(-0.0051272396 0.0038799556 0.039999035)
(0.0040779615 0.0039001267 0.038999288)
(0.0063701953 0.0036426953 0.038999509)
(0.0051105806 0.0048827768 0.038999802)
(0.0051039477 0.00385896 0.040002926)
(0.0072744936 0.0047085815 0.038996961)
(0.0068442324 0.0041605339 0.039999213)
(-0.0080428403 0.0059651196 0.03899974)
(-0.0085638706 0.0072438509 0.038998609)
(-0.0061029434 0.005926208 0.038999982)
(-0.0070934952 0.0069511308 0.038998779)
(-0.0070831007 0.0059488293 0.039999565)
(0.0060970704 0.0059205319 0.038999589)
(0.0080453147 0.005969749 0.038999911)
(0.0070907948 0.0069454106 0.038999084)
(0.0070813825 0.0059469166 0.03999986)
(0.008570039 0.0072641851 0.03900222)
(-0.0079724312 0.0079860971 0.038999863)
(-0.0089412095 0.0090101119 0.038999791)
(-0.0087878154 0.0080758418 0.040000799)
(-0.0060410302 0.0079690348 0.03899948)
(-0.0069977137 0.0089895164 0.038999688)
(-0.0070282212 0.0079797954 0.039999452)
(0.0060403262 0.0079691177 0.038999299)
(0.0079704195 0.0079798012 0.038998714)
(0.0069973864 0.0089902568 0.038999391)
(0.0070256169 0.0079747488 0.039998859)
(0.0089414945 0.0090130047 0.038999676)
(0.0087900445 0.008085402 0.039997406)
(-0.0079864378 0.0099973401 0.038999832)
(-0.0089413969 0.010987986 0.038999846)
(-0.0089999462 0.010001631 0.040000599)
(-0.0060081718 0.0099970463 0.038999745)
(-0.0069988761 0.01100393 0.038999782)
(-0.0069966322 0.0099975258 0.039999829)
(0.0060079103 0.0099984672 0.038999633)
(0.0079863588 0.0099982036 0.038999549)
(0.0069986572 0.011004795 0.038999842)
(0.0069960337 0.0099985306 0.039999622)
(0.008941889 0.01098299 0.038999997)
(0.0089999319 0.0099979315 0.040000075)
(-0.0079756002 0.012002308 0.039000135)
(-0.0085725195 0.012727638 0.038991486)
(-0.0087894386 0.011917196 0.039998726)
(-0.0060423741 0.012023943 0.038999681)
(-0.0070954008 0.013041439 0.039000601)
(-0.0070317061 0.012008823 0.039999321)
(0.0060427396 0.012024851 0.038999911)
(0.0079757486 0.012004042 0.039000322)
(0.0070986151 0.013035538 0.039000245)
(0.0070290617 0.012016839 0.039999334)
(0.0085590713 0.01277197 0.038996385)
(0.0087861507 0.011931297 0.039998314)
(-0.0080418273 0.014036775 0.038997811)
(-0.0060969793 0.014078719 0.038998856)
(-0.0072788139 0.01528539 0.038998905)
(-0.0070795878 0.014054778 0.039997991)
(-0.0051124468 0.015115418 0.038998318)
(0.0061047455 0.014069148 0.038999937)
(0.005117313 0.015108257 0.038998882)
(0.0080536966 0.01401457 0.039002593)
(0.0072922377 0.015266657 0.039002058)
(0.007084447 0.014048644 0.04000091)
(-0.0063693395 0.016358219 0.03899794)
(-0.0068413299 0.015843002 0.04000035)
(-0.004079495 0.016097873 0.038999127)
(-0.0052693256 0.017290325 0.038997554)
(-0.0051219576 0.016123393 0.039999551)
(-0.0030467287 0.01709571 0.039000211)
(-0.0010110878 0.016992632 0.039000596)
(0.0010040199 0.016993702 0.038999969)
(0.004076225 0.016098555 0.038999437)
(0.0030364431 0.01710008 0.038999111)
(0.0064167517 0.016307597 0.03899365)
(0.0052372641 0.0173133 0.038999931)
(0.0051166742 0.016129266 0.039999929)
(0.0068390229 0.015845813 0.039997922)
(-0.0040211236 0.018050193 0.039000982)
(-0.0047285026 0.017652137 0.039993857)
(-0.0020155105 0.017972714 0.039001691)
(-0.0027308485 0.018571545 0.038997793)
(-0.0033054641 0.018367114 0.040000439)
(-2.9378667e-06 0.017985465 0.039000215)
(-0.00099178639 0.018941022 0.039000327)
(-0.0010069118 0.017966517 0.040000558)
(0.002004257 0.017976158 0.038999367)
(0.00098521985 0.018941669 0.038999887)
(0.00099784201 0.017968029 0.040000157)
(0.004021735 0.018049867 0.039000483)
(0.0027013643 0.018580489 0.038998308)
(0.0032556887 0.018385848 0.040000904)
(0.0047228306 0.017655664 0.040005446)
(-0.0027580564 0.0014367077 0.040994518)
(-0.00098543282 0.0010583515 0.041000922)
(0.00098856844 0.0010586603 0.040999458)
(0.0027028464 0.00141996 0.040989485)
(-0.0040379931 0.0019588234 0.041000301)
(-0.0052588726 0.0027021843 0.040999897)
(-0.0047443442 0.0023577144 0.042007105)
(-0.0019991647 0.0020214215 0.040998419)
(-0.0030245364 0.0028961739 0.040997037)
(-0.0032522182 0.0016128459 0.042003429)
(3.2368008e-06 0.0020144834 0.040999351)
(-0.001002673 0.0030058441 0.040999509)
(-0.00099652134 0.0020317411 0.042000373)
(0.0020194365 0.002028954 0.041001349)
(0.0010117118 0.0030077108 0.04099994)
(0.0010039551 0.0020334413 0.042000359)
(0.0040230187 0.0019508194 0.040999309)
(0.003053956 0.0029065643 0.040999524)
(0.003299578 0.0016306708 0.041995721)
(0.0052744052 0.0027133148 0.040988555)
(0.0046962132 0.0023277846 0.041994942)
(-0.0063747178 0.0036475238 0.040996882)
(-0.0073001813 0.0047444286 0.040997879)
(-0.0068348281 0.0041490748 0.041996727)
(-0.0040780865 0.0039018992 0.040999222)
(-0.005115315 0.0048888635 0.0409993)
(-0.0051105249 0.003865448 0.042000228)
(0.0040762466 0.0038973054 0.040998509)
(0.0063448683 0.0036181566 0.0410031)
(0.0051049793 0.0048773501 0.041000355)
(0.0051001315 0.0038534692 0.04199852)
(0.0073049714 0.0047511132 0.040999619)
(0.0068468711 0.0041637492 0.041999445)
(-0.0080536075 0.0059852637 0.040998663)
(-0.0085678945 0.0072571159 0.041000587)
(-0.0061036305 0.0059303282 0.040999479)
(-0.007100183 0.0069677266 0.040998939)
(-0.0070860326 0.0059535154 0.042001641)
(0.0060957756 0.0059210659 0.04100111)
(0.0080462413 0.0059714826 0.04100112)
(0.0070961212 0.0069586556 0.040999241)
(0.0070793198 0.0059447139 0.042001738)
(0.0085763093 0.0072848556 0.040998695)
(-0.0079780911 0.008003629 0.041000351)
(-0.0089412331 0.0090103509 0.04099974)
(-0.0087855622 0.0080661787 0.042002907)
(-0.0060429837 0.0079743453 0.040999785)
(-0.0069988704 0.0089928454 0.040999879)
(-0.0070282708 0.0079803538 0.042000538)
(0.0060407077 0.0079709911 0.040999769)
(0.007974461 0.0079926421 0.040999663)
(0.0069980364 0.0089926209 0.040999731)
(0.0070283887 0.0079821655 0.0420006)
(0.0089418614 0.0090167309 0.041000435)
(0.0087883791 0.0080782595 0.04200213)
(-0.0079867344 0.0099981323 0.040999865)
(-0.0089415793 0.010986134 0.040999734)
(-0.0089998814 0.009996388 0.041999118)
(-0.0060085271 0.0099977364 0.040999864)
(-0.0069992054 0.01100357 0.040999933)
(-0.0069962862 0.0099979349 0.041999899)
(0.0060079547 0.0099989055 0.040999636)
(0.0079864599 0.010001188 0.040999836)
(0.0069984221 0.011006165 0.040999703)
(0.0069963162 0.0099994209 0.041999603)
(0.0089417018 0.01098489 0.040999789)
(0.0089999926 0.010000214 0.041999758)
(-0.0079763986 0.012003513 0.041000945)
(-0.0085696749 0.012737015 0.041002059)
(-0.0087881215 0.011922845 0.042003868)
(-0.0060434281 0.012022111 0.040999807)
(-0.0071000936 0.013030716 0.040999749)
(-0.0070278516 0.012019378 0.042000738)
(0.0060419632 0.012026321 0.04099969)
(0.007973329 0.012009392 0.041000722)
(0.007093225 0.013048546 0.04100135)
(0.0070294734 0.012015661 0.041998917)
(0.0085828515 0.012693578 0.041000141)
(0.0087906745 0.011911896 0.042000678)
(-0.008047227 0.014026673 0.041000165)
(-0.0061023064 0.014071648 0.040998778)
(-0.0072940485 0.01526413 0.04100004)
(-0.0070811853 0.014054374 0.041997853)
(-0.0051192599 0.015108098 0.040999169)
(0.0060975934 0.014078117 0.040999389)
(0.0051095536 0.01511738 0.04099985)
(0.0080386357 0.014042746 0.04099909)
(0.0072868447 0.015274183 0.04100007)
(0.0070806809 0.014054873 0.041999509)
(-0.0063747158 0.016352479 0.040994267)
(-0.0068366663 0.015848685 0.041996931)
(-0.0040828695 0.016094273 0.040999861)
(-0.0052787124 0.017283599 0.041003611)
(-0.0051275212 0.016118229 0.042002201)
(-0.0030362578 0.01709899 0.040995269)
(-0.0010089995 0.016992704 0.040999201)
(0.0010068246 0.016992833 0.04099994)
(0.0040762605 0.016100605 0.041001068)
(0.0030387196 0.017098856 0.041001443)
(0.0063469937 0.016379853 0.040991221)
(0.0052579518 0.017298476 0.041008005)
(0.0051145869 0.016131418 0.042004107)
(0.0068386049 0.015846323 0.042001968)
(-0.0040222718 0.01804958 0.041000859)
(-0.0047702376 0.017626185 0.042000642)
(-0.0020050552 0.017976296 0.040995889)
(-0.0026750363 0.018588475 0.041002964)
(-0.0032768354 0.018377889 0.041996964)
(-1.3456274e-06 0.0179854 0.040999227)
(-0.00099266444 0.018940936 0.040999962)
(-0.0010016842 0.017967105 0.041999883)
(0.002004929 0.017976016 0.040999445)
(0.00098672518 0.018941521 0.041000185)
(0.0010024765 0.017966067 0.041999993)
(0.0040208436 0.018050343 0.040999485)
(0.0027124894 0.018577114 0.040993721)
(0.0033696173 0.018342969 0.042004038)
(0.0047329937 0.017649344 0.04199866)
(-0.0027320332 0.0014288137 0.042994913)
(-0.000987667 0.0010585716 0.042999589)
(0.00098618584 0.0010584257 0.04300048)
(0.0027173717 0.0014243662 0.043001124)
(-0.0040237488 0.0019512097 0.043000477)
(-0.0052618561 0.0027043222 0.043001453)
(-0.004653858 0.0023014465 0.043995305)
(-0.0020116974 0.0020274485 0.043000615)
(-0.0030495401 0.002905033 0.042999151)
(-0.00329374 0.0016284736 0.043997913)
(2.8123899e-06 0.0020147664 0.042999876)
(-0.0010056909 0.003006851 0.042999866)
(-0.0009989403 0.0020324942 0.043999739)
(0.0020182452 0.002029486 0.042999997)
(0.0010117686 0.0030082026 0.043000159)
(0.0010016278 0.0020330412 0.043999843)
(0.0040354086 0.001957442 0.043000265)
(0.0030644243 0.0029110398 0.043000984)
(0.0032989833 0.001630447 0.044004039)
(0.0052797757 0.0027171633 0.043005395)
(0.0047235871 0.0023448068 0.043997179)
(-0.0063299241 0.0036041599 0.043002298)
(-0.007300335 0.0047446431 0.042993956)
(-0.0068335638 0.0041475342 0.043999599)
(-0.0040730171 0.0038962629 0.043000206)
(-0.005104148 0.0048776532 0.043000156)
(-0.0051073339 0.0038612497 0.043999569)
(0.0040808849 0.0039001509 0.043001391)
(0.0063477769 0.0036208809 0.043011752)
(0.00510589 0.0048766363 0.043002378)
(0.0051156663 0.0038672307 0.043999314)
(0.007273412 0.0047070722 0.043001285)
(0.0068420633 0.0041578909 0.043999977)
(-0.0080487021 0.0059760863 0.042998809)
(-0.0085776757 0.00728936 0.042996334)
(-0.006096203 0.0059212459 0.042999572)
(-0.0070945033 0.006954337 0.043001439)
(-0.0070730206 0.0059326129 0.043998096)
(0.0060924903 0.0059159931 0.043000874)
(0.0080439003 0.0059671028 0.042996061)
(0.0070942723 0.0069556452 0.042996708)
(0.0070855228 0.005952111 0.04399985)
(0.0085747467 0.0072797045 0.043006091)
(-0.007973614 0.0079906699 0.043001466)
(-0.0089411268 0.0090092715 0.042999262)
(-0.0087858817 0.0080675488 0.043998647)
(-0.0060408227 0.0079705477 0.043000346)
(-0.0069978685 0.0089907877 0.043000145)
(-0.0070266579 0.00797718 0.044000045)
(0.006040539 0.0079709455 0.042999356)
(0.0079759603 0.0080002803 0.042998119)
(0.0069981265 0.008993136 0.042999349)
(0.0070256355 0.0079750765 0.04399915)
(0.0089418302 0.0090164133 0.042999694)
(0.0087905131 0.0080874117 0.043995327)
(-0.0079864305 0.009999008 0.042999613)
(-0.0089414724 0.010987219 0.042999942)
(-0.0089999902 0.0099997116 0.044000469)
(-0.0060078517 0.0099974365 0.042999988)
(-0.0069986523 0.011004447 0.04299974)
(-0.006995991 0.0099973472 0.044000114)
(0.0060080892 0.0099987497 0.042999358)
(0.0079865108 0.009999596 0.042999416)
(0.006998705 0.01100576 0.042998947)
(0.0069961105 0.0099992899 0.043999365)
(0.0089413268 0.010988698 0.042999947)
(0.0089998362 0.010004992 0.043999648)
(-0.0079752302 0.012007596 0.042997975)
(-0.0085594691 0.012770659 0.043001102)
(-0.0087922425 0.011905171 0.043996849)
(-0.006042544 0.012023508 0.042999629)
(-0.0070976368 0.0130353 0.042996713)
(-0.0070300653 0.0120121 0.044000196)
(0.0060432293 0.012024216 0.042998522)
(0.0079748688 0.012007331 0.042996357)
(0.007098567 0.013036745 0.042996214)
(0.0070283948 0.012018615 0.04399834)
(0.0085637702 0.01275648 0.042993973)
(0.0087908412 0.011911181 0.044002957)
(-0.0080423589 0.014035781 0.042998018)
(-0.0061013423 0.014074362 0.043000825)
(-0.0072729532 0.015293568 0.043004268)
(-0.0070784882 0.014055401 0.044000971)
(-0.0051263001 0.015102452 0.043001563)
(0.0061077118 0.014065438 0.042999015)
(0.0051248466 0.01510165 0.042999651)
(0.0080484781 0.014024333 0.042997712)
(0.0073032632 0.015251271 0.043000112)
(0.0070890048 0.014042276 0.043999451)
(-0.0064069879 0.016318022 0.043018399)
(-0.0068360928 0.015849384 0.044000653)
(-0.0040911442 0.016087582 0.04300026)
(-0.0053002466 0.017268168 0.042996831)
(-0.0051393695 0.016109628 0.043992241)
(-0.0030477199 0.017093823 0.042999508)
(-0.0010079238 0.016992301 0.042999679)
(0.0010100136 0.016991883 0.042999829)
(0.0040869218 0.016091596 0.042999819)
(0.0030583046 0.017090698 0.042999108)
(0.0064244298 0.016299399 0.043000224)
(0.005276687 0.01728505 0.042999807)
(0.0051190017 0.016127142 0.04399464)
(0.0068413584 0.015842967 0.044002212)
(-0.00402265 0.018049377 0.043000251)
(-0.0047589615 0.017633196 0.043992941)
(-0.0020107669 0.017973645 0.042999498)
(-0.0027299554 0.018571816 0.04299502)
(-0.003296764 0.018370389 0.044000067)
(5.9209939e-07 0.017985209 0.04299981)
(-0.00098505886 0.018941685 0.042999825)
(-0.0010010021 0.017967119 0.043999777)
(0.0020192271 0.01797025 0.04299941)
(0.00098893183 0.018941303 0.043000068)
(0.00099976436 0.017967944 0.043999757)
(0.0040306107 0.018045122 0.042999003)
(0.0027352107 0.018570222 0.042999178)
(0.0032578903 0.01838502 0.044001028)
(0.0047125999 0.017662026 0.044000211)
(-0.0027400054 0.001431232 0.045006773)
(-0.00098534417 0.0010583428 0.044999711)
(0.00098941476 0.0010587437 0.044998656)
(0.002716164 0.0014239998 0.044998899)
(-0.0040178808 0.0019480732 0.045002569)
(-0.0052758 0.0027143143 0.044994734)
(-0.0047235098 0.0023447588 0.045993309)
(-0.0020051157 0.0020245938 0.044997119)
(-0.0030417961 0.0029022923 0.044996278)
(-0.0033021639 0.0016316441 0.045998755)
(-2.4980207e-06 0.0020145182 0.045001133)
(-0.0010064425 0.0030067456 0.044999579)
(-0.00099911358 0.0020324633 0.046000016)
(0.0020078307 0.0020248709 0.044998645)
(0.0010075653 0.0030070107 0.045000135)
(0.00099710481 0.002031939 0.046000496)
(0.0040154945 0.0019467977 0.044999674)
(0.0030406776 0.0029024241 0.04499944)
(0.003277805 0.0016224761 0.046004375)
(0.0052916673 0.0027256846 0.044999657)
(0.0047228692 0.0023443604 0.04599368)
(-0.0063494307 0.0036224298 0.045018696)
(-0.007286593 0.0047254662 0.045006644)
(-0.0068501971 0.0041678019 0.045998285)
(-0.0040756831 0.0038984197 0.045000099)
(-0.0051066448 0.0048788177 0.04500212)
(-0.0051143682 0.0038683401 0.045995541)
(0.0040838597 0.0039043613 0.045000274)
(0.006373599 0.0036463294 0.045001378)
(0.0051165774 0.004887653 0.04500012)
(0.0051254044 0.0038752222 0.046000259)
(0.0072960134 0.0047386123 0.044999406)
(0.0068368631 0.0041515544 0.046000594)
(-0.0080447812 0.0059687508 0.044998519)
(-0.0085713705 0.0072685746 0.044998742)
(-0.0060937549 0.0059166506 0.045001894)
(-0.0070926704 0.0069512272 0.045000613)
(-0.00707969 0.0059436299 0.046000401)
(0.006100447 0.005925561 0.044999707)
(0.0080525867 0.0059833539 0.044998203)
(0.0070952057 0.0069554676 0.044999221)
(0.0070823129 0.0059481693 0.04600123)
(0.0085646603 0.0072464541 0.045008225)
(-0.0079728325 0.0079875927 0.045001025)
(-0.0089413568 0.009011607 0.045000333)
(-0.0087889048 0.008080514 0.045999072)
(-0.0060392649 0.0079679451 0.045000197)
(-0.0069972226 0.0089899581 0.045000186)
(-0.0070256581 0.0079746892 0.045999511)
(0.006040942 0.0079703985 0.044999341)
(0.0079745736 0.0079945028 0.044999369)
(0.0069978683 0.0089919349 0.044999413)
(0.007027355 0.0079785054 0.045998917)
(0.0089417868 0.009015973 0.044999914)
(0.0087868457 0.008071683 0.045999178)
(-0.0079864381 0.0099982905 0.045000345)
(-0.0089416288 0.010985631 0.044999427)
(-0.0089999687 0.010000944 0.045999972)
(-0.0060072448 0.0099968554 0.045000222)
(-0.0069988153 0.011002726 0.045000559)
(-0.0069953872 0.0099979449 0.046000154)
(0.0060080852 0.0099979313 0.044999506)
(0.0079865159 0.0099996619 0.044999461)
(0.0069989886 0.011004112 0.044999562)
(0.0069961728 0.0099975646 0.045999603)
(0.0089416452 0.010985464 0.04499967)
(0.0089999114 0.0099973063 0.045999601)
(-0.0079793723 0.011993399 0.045003083)
(-0.0085767763 0.012713605 0.044993735)
(-0.008788504 0.011921205 0.045999252)
(-0.0060426463 0.012021877 0.04500077)
(-0.0071013614 0.013025526 0.045003359)
(-0.0070273043 0.012019089 0.04600054)
(0.0060434977 0.012022953 0.04499963)
(0.0079766515 0.012000935 0.044999948)
(0.0070997706 0.013033981 0.044999856)
(0.0070299364 0.012013409 0.04600034)
(0.0085718218 0.012729938 0.045000724)
(0.0087904249 0.011912966 0.046003331)
(-0.0080439497 0.014032805 0.045000472)
(-0.0060988033 0.014075589 0.04499957)
(-0.007287114 0.015273807 0.044999763)
(-0.0070813522 0.014053714 0.046000399)
(-0.005113585 0.015113772 0.044998113)
(0.0061039636 0.014068116 0.045000165)
(0.0051132868 0.015112706 0.04499987)
(0.0080534805 0.014014974 0.04499684)
(0.0073033093 0.015251206 0.045001861)
(0.00708803 0.014043959 0.046000956)
(-0.0063577123 0.016369814 0.044996249)
(-0.0068420268 0.015842153 0.046003906)
(-0.0040785867 0.01609768 0.0449991)
(-0.0052592379 0.017297554 0.045000814)
(-0.0051146945 0.016129811 0.045998823)
(-0.0030403244 0.017097823 0.044999118)
(-0.0010066091 0.016993279 0.045000176)
(0.0010056906 0.016993905 0.045000055)
(0.0040778003 0.016098806 0.044999343)
(0.0030287588 0.017102133 0.045000422)
(0.0063442493 0.016382424 0.04500148)
(0.0052604017 0.01729672 0.044998643)
(0.005124517 0.016122644 0.046000512)
(0.0068422558 0.015841874 0.045999199)
(-0.004013897 0.018054056 0.045000629)
(-0.0047305461 0.017650866 0.04599514)
(-0.0020084284 0.017974651 0.045001113)
(-0.0027021807 0.018580241 0.045002211)
(-0.0032509939 0.018387615 0.046004222)
(6.3993226e-07 0.017985688 0.044999962)
(-0.00098860193 0.018941336 0.044999661)
(-0.0009973614 0.01796824 0.046000546)
(0.0019960553 0.017979107 0.045000645)
(0.00099057601 0.018941142 0.044999804)
(0.0010015775 0.017967387 0.04599989)
(0.004036763 0.018041834 0.044998982)
(0.0027397121 0.018568856 0.045000772)
(0.003319877 0.01836169 0.046003236)
(0.0047421984 0.01764362 0.045997133)
(-0.0027259602 0.0014269715 0.047002559)
(-0.00098636978 0.0010584438 0.047000782)
(0.00098454815 0.0010582644 0.046999778)
(0.002780815 0.0014436115 0.046994398)
(-0.0040413856 0.0019606368 0.047002812)
(-0.0052630385 0.0027051696 0.046999027)
(-0.0047309792 0.0023494035 0.048003852)
(-0.0020075096 0.0020254343 0.047003715)
(-0.0030450282 0.002903554 0.047003929)
(-0.0032889516 0.0016266714 0.048005322)
(-6.1824343e-07 0.0020144946 0.047000529)
(-0.0010065436 0.003006806 0.047000879)
(-0.00099838947 0.002032262 0.048000186)
(0.002006762 0.0020263776 0.047004481)
(0.001007885 0.0030074093 0.047000999)
(0.0010006065 0.0020332426 0.047999977)
(0.0040321353 0.0019556923 0.046997998)
(0.0030575263 0.0029083088 0.04700568)
(0.0033167401 0.0016371302 0.047996313)
(0.005263854 0.0027057539 0.047002802)
(0.0047273131 0.0023471238 0.04799655)
(-0.0063374854 0.0036112419 0.046998609)
(-0.0072947811 0.0047368927 0.047004567)
(-0.0068418085 0.0041575804 0.048000016)
(-0.0040762351 0.0038985721 0.046999577)
(-0.0051068548 0.0048795575 0.046998854)
(-0.0051178357 0.0038708275 0.047997378)
(0.0040804548 0.0039009208 0.047000546)
(0.0063620651 0.0036342633 0.047000035)
(0.0051118163 0.0048838974 0.046999928)
(0.005104773 0.0038583545 0.04799745)
(0.0073044434 0.0047503765 0.047000104)
(0.0068468981 0.0041637821 0.048000161)
(-0.0080462103 0.0059714245 0.046999951)
(-0.0085753494 0.007281691 0.046993622)
(-0.0060952329 0.0059183672 0.046999998)
(-0.0070913747 0.0069465542 0.046999955)
(-0.0070790931 0.0059407192 0.04799977)
(0.0061002018 0.0059254471 0.04699972)
(0.0080551005 0.0059880568 0.04700029)
(0.0070910234 0.0069436493 0.04699924)
(0.0070861074 0.0059535139 0.047999693)
(0.0085682992 0.00725845 0.046998156)
(-0.0079723808 0.0079872367 0.046998494)
(-0.0089413649 0.0090116892 0.046999752)
(-0.0087919343 0.0080935069 0.047999173)
(-0.0060381048 0.0079653791 0.046999709)
(-0.0069963535 0.0089890076 0.046999796)
(-0.0070212347 0.007964326 0.047999282)
(0.0060400766 0.0079681085 0.046999336)
(0.0079708642 0.0079847017 0.046999833)
(0.0069972182 0.0089897031 0.04699951)
(0.0070257451 0.0079753514 0.047999374)
(0.0089412902 0.0090109304 0.046999402)
(0.0087934242 0.0080998969 0.048003048)
(-0.0079861187 0.0099989402 0.04699993)
(-0.0089414399 0.010987549 0.047000188)
(-0.0089999761 0.010000719 0.048000314)
(-0.0060064079 0.0099977856 0.04700012)
(-0.0069977261 0.011005257 0.047000361)
(-0.0069947044 0.0099989305 0.048000115)
(0.0060076713 0.0099974313 0.046999796)
(0.0079862722 0.0099973455 0.046999572)
(0.006998374 0.011004576 0.047000139)
(0.0069957746 0.0099978958 0.047999809)
(0.0089416609 0.010985305 0.046999544)
(0.0089999898 0.0099996987 0.047999374)
(-0.0079767703 0.011999176 0.04700075)
(-0.0085742133 0.012722054 0.046990771)
(-0.0087861908 0.011931125 0.048001481)
(-0.0060410192 0.012026139 0.04700055)
(-0.0070972229 0.013037603 0.04700074)
(-0.0070271685 0.012019553 0.04800099)
(0.006041946 0.012025762 0.047000913)
(0.0079742571 0.012002896 0.047000361)
(0.0070921094 0.013052196 0.047002476)
(0.0070281415 0.012017682 0.048001341)
(0.0085671515 0.012745334 0.047002591)
(0.0087909577 0.011910681 0.048001454)
(-0.0080440076 0.014032696 0.046997577)
(-0.0060983617 0.01407645 0.047000116)
(-0.0073007782 0.015254739 0.046996905)
(-0.0070761121 0.014060886 0.048000313)
(-0.005109753 0.01511668 0.047001079)
(0.0061000376 0.01407457 0.047002878)
(0.0051137052 0.01511344 0.047002876)
(0.0080518276 0.014018066 0.047002875)
(0.0072825633 0.015280158 0.047002358)
(0.0070852168 0.014047285 0.048002657)
(-0.0063498525 0.016377176 0.047002497)
(-0.0068341383 0.015851765 0.047999152)
(-0.0040739745 0.016101338 0.047001548)
(-0.005250524 0.017303798 0.047002559)
(-0.0051271836 0.016120621 0.048003511)
(-0.0030373739 0.017099395 0.047003642)
(-0.0010053316 0.016994141 0.047000696)
(0.0010049497 0.016994337 0.047000262)
(0.0040796746 0.016097171 0.047001111)
(0.0030330112 0.017100261 0.047001111)
(0.0063429937 0.0163836 0.047010443)
(0.0052845198 0.017279437 0.04700038)
(0.005123654 0.016120495 0.048001402)
(0.0068430883 0.01584086 0.047998773)
(-0.004014342 0.018053818 0.04700256)
(-0.0046916647 0.017675044 0.048003144)
(-0.0020073886 0.017974971 0.047002234)
(-0.0027575822 0.018563435 0.046999789)
(-0.0032458483 0.018389552 0.048002797)
(-2.0093158e-07 0.017985927 0.047000224)
(-0.00098765386 0.018941429 0.047000127)
(-0.00099886804 0.017968421 0.047999914)
(0.0019981939 0.017977979 0.047000415)
(0.00098904454 0.018941292 0.046999963)
(0.00099821062 0.017968699 0.048000075)
(0.0040333002 0.018043685 0.046999677)
(0.0027179477 0.018575458 0.04700268)
(0.0032379789 0.018392514 0.048001393)
(0.0047042872 0.017667195 0.048001955)
(-0.002758549 0.0014368572 0.049000903)
(-0.00098848814 0.0010586524 0.0489997)
(0.00098230667 0.0010580436 0.049000664)
(0.0027488255 0.0014339076 0.04900096)
(-0.0040295319 0.0019543008 0.049000005)
(-0.0052573743 0.0027011106 0.049003248)
(-0.0046916474 0.0023249455 0.050000763)
(-0.0019996179 0.0020221511 0.049001076)
(-0.003028841 0.0028974801 0.049000797)
(-0.0032609124 0.0016161182 0.050005511)
(-2.9193179e-07 0.0020144049 0.048998932)
(-0.0010046184 0.0030060127 0.049000086)
(-0.00099771617 0.0020318683 0.049999859)
(0.0020160343 0.002028231 0.048998739)
(0.0010090017 0.0030074239 0.048999316)
(0.00099988256 0.0020325139 0.049999045)
(0.004027851 0.0019534024 0.049000307)
(0.0030517115 0.0029054207 0.048998105)
(0.0032833988 0.0016245814 0.049976906)
(0.0052507864 0.0026963898 0.048991607)
(0.0047010386 0.0023307853 0.04999851)
(-0.0063592693 0.0036316447 0.048995238)
(-0.0072843664 0.004722359 0.048999962)
(-0.0068417988 0.0041575686 0.050001483)
(-0.0040758334 0.0038996273 0.048999241)
(-0.0051105264 0.0048830979 0.048997801)
(-0.0051221093 0.0038761759 0.049995094)
(0.0040756261 0.003897392 0.048999167)
(0.0063661399 0.0036383653 0.049013938)
(0.0051067769 0.0048784069 0.049000779)
(0.0051110631 0.0038647501 0.049999723)
(0.0072751145 0.004709448 0.049000019)
(0.0068413623 0.0041570366 0.05000535)
(-0.0080506543 0.0059797386 0.0490005)
(-0.0085693466 0.0072619027 0.04901194)
(-0.006097548 0.0059217985 0.048999105)
(-0.0070978626 0.0069642752 0.049003022)
(-0.0070812652 0.0059471728 0.050000023)
(0.0060951339 0.0059186555 0.048999966)
(0.0080504766 0.0059794061 0.048997572)
(0.0070933501 0.0069524977 0.048993786)
(0.0070787156 0.005941883 0.049999554)
(0.0085808905 0.0072999577 0.049008443)
(-0.0079759255 0.0079959161 0.049001473)
(-0.008941387 0.0090119139 0.049000234)
(-0.0087892254 0.0080818893 0.049999076)
(-0.006039801 0.0079706545 0.049000354)
(-0.0069970016 0.0089927125 0.04900028)
(-0.0070284637 0.0079840129 0.050000313)
(0.0060396366 0.0079683497 0.04899857)
(0.0079744008 0.0079949317 0.048996837)
(0.0069972639 0.0089900786 0.048999133)
(0.0070248061 0.0079731903 0.049999239)
(0.0089407587 0.0090055348 0.048999573)
(0.0087887373 0.0080797957 0.04999591)
(-0.0079858901 0.01000165 0.048999927)
(-0.0089411999 0.010989986 0.049000076)
(-0.0089999228 0.010002345 0.049999958)
(-0.0060058613 0.010001333 0.049000138)
(-0.0069959375 0.011011198 0.049000022)
(-0.0069945234 0.010003083 0.05000011)
(0.0060073339 0.0099981105 0.048999812)
(0.0079862636 0.0099989204 0.049000023)
(0.006998094 0.011005459 0.049000286)
(0.0069954382 0.0099982105 0.049999825)
(0.0089416732 0.01098518 0.048999937)
(0.0089998292 0.0099947947 0.050000215)
(-0.0079704632 0.012018136 0.048998587)
(-0.0085691615 0.012738707 0.048995764)
(-0.0087910641 0.011910225 0.050001942)
(-0.0060376113 0.012034986 0.049000093)
(-0.0070874468 0.013061393 0.048998673)
(-0.0070221446 0.012033161 0.050000244)
(0.0060415357 0.012027001 0.049000742)
(0.0079752655 0.012001275 0.049001489)
(0.0070946633 0.013044979 0.049001875)
(0.0070270194 0.012021176 0.049999948)
(0.0085751469 0.012718976 0.049006527)
(0.0087888514 0.011919714 0.05000045)
(-0.0080429523 0.014034671 0.048995316)
(-0.0060917952 0.014087017 0.049000668)
(-0.0072715731 0.015295494 0.049001607)
(-0.007077162 0.014060742 0.049998818)
(-0.0051086405 0.015119934 0.049002188)
(0.0061012888 0.014074135 0.049000399)
(0.005117733 0.01510981 0.048999608)
(0.0080547034 0.014012686 0.0490008)
(0.0072791185 0.015284965 0.048999189)
(0.0070806153 0.014054857 0.049999402)
(-0.0063446183 0.016382078 0.049007905)
(-0.0068408745 0.015843557 0.049997983)
(-0.0040792771 0.016098569 0.049001216)
(-0.0052739412 0.017287018 0.04900364)
(-0.0051187983 0.016127536 0.049998401)
(-0.0030408179 0.017097494 0.049001009)
(-0.0010052867 0.016994107 0.048999971)
(0.0010044778 0.016994565 0.049000057)
(0.0040803326 0.016095871 0.04900007)
(0.0030249688 0.017103526 0.049000931)
(0.0063876689 0.016338649 0.048992774)
(0.0052806801 0.017282189 0.049000191)
(0.0051149297 0.016131218 0.049999993)
(0.0068405916 0.015843902 0.049998902)
(-0.0040426678 0.018038678 0.048997795)
(-0.0047471573 0.017640537 0.050006854)
(-0.002001051 0.017976384 0.049000465)
(-0.0027067242 0.018578863 0.04899209)
(-0.0032408131 0.018391447 0.049997457)
(6.1677916e-08 0.017985976 0.048999777)
(-0.00098848763 0.018941347 0.049000245)
(-0.00099865713 0.017968075 0.049999789)
(0.0019950309 0.017979548 0.049000668)
(0.00098982978 0.018941215 0.049000129)
(0.0010008636 0.017967415 0.049999558)
(0.0040280868 0.018046471 0.049003847)
(0.0027195348 0.018574977 0.048999778)
(0.003288552 0.01837348 0.050000226)
(0.0047203995 0.017657176 0.049997978)
(-0.0027648589 0.0014387713 0.050994121)
(-0.00098762056 0.001058567 0.050999778)
(0.00098730203 0.0010585356 0.05100027)
(0.0027023049 0.0014197957 0.050998804)
(-0.0040252956 0.0019520365 0.051002362)
(-0.0052953697 0.0027283378 0.050995072)
(-0.0047045686 0.0023329804 0.052003254)
(-0.0020184308 0.0020293982 0.050998477)
(-0.0030590009 0.0029093945 0.050997865)
(-0.0032929355 0.0016281708 0.051989526)
(1.0015623e-06 0.0020146187 0.051000212)
(-0.0010084006 0.0030075363 0.050999336)
(-0.0010005001 0.0020329347 0.05199937)
(0.0020052125 0.0020241172 0.050997456)
(0.0010079707 0.0030069807 0.050999112)
(0.0010012957 0.0020331266 0.052000142)
(0.0040215941 0.0019500579 0.050999763)
(0.0030407848 0.002902145 0.050996075)
(0.0033004873 0.0016310131 0.05199969)
(0.0052979855 0.0027302122 0.051002437)
(0.0046842284 0.0023203321 0.052004867)
(-0.0063686798 0.0036410772 0.050997728)
(-0.0072734833 0.0047071716 0.051000807)
(-0.006833434 0.004147376 0.052002666)
(-0.0040827808 0.0039038942 0.050997944)
(-0.0051140502 0.0048853983 0.050997621)
(-0.0051090761 0.0038634642 0.05199714)
(0.0040782007 0.003898921 0.050999284)
(0.0063266477 0.0036010913 0.050991672)
(0.0051059243 0.004876791 0.050998637)
(0.005110882 0.0038622919 0.052002029)
(0.0072889919 0.0047288138 0.050996732)
(0.0068493597 0.0041667815 0.052000518)
(-0.0080501844 0.0059788595 0.05100284)
(-0.0085749839 0.0072804864 0.051002204)
(-0.0060974364 0.0059216132 0.051000076)
(-0.0070961771 0.0069604334 0.051002433)
(-0.0070840049 0.0059501021 0.052002295)
(0.0060936138 0.0059187142 0.050998394)
(0.0080533306 0.0059847457 0.050999028)
(0.0070949592 0.0069564492 0.050998506)
(0.0070818542 0.0059486858 0.051999116)
(0.0085789956 0.0072937109 0.05100302)
(-0.0079744922 0.0079926959 0.050999591)
(-0.0089417125 0.0090152181 0.051000171)
(-0.0087872147 0.0080732658 0.051999419)
(-0.0060400896 0.0079717676 0.051000596)
(-0.006996905 0.0089938477 0.051000301)
(-0.0070239182 0.0079718896 0.052000991)
(0.0060401913 0.007970518 0.050999307)
(0.0079745987 0.0079927936 0.050998159)
(0.0069974521 0.0089915689 0.050999547)
(0.007028607 0.0079829262 0.051999713)
(0.0089411851 0.0090098638 0.050999994)
(0.0087899068 0.0080848114 0.051997681)
(-0.007985667 0.010002604 0.051000182)
(-0.0089414024 0.010987929 0.050999892)
(-0.008999912 0.010002676 0.052000005)
(-0.0060053317 0.010003147 0.05100019)
(-0.0069950375 0.011013965 0.051000144)
(-0.0069937783 0.010002377 0.05200014)
(0.0060070344 0.0099999534 0.050999857)
(0.0079860603 0.009998366 0.050999805)
(0.0069970143 0.011009032 0.050999962)
(0.0069952881 0.010000385 0.051999895)
(0.0089415914 0.010986011 0.051000048)
(0.0089998785 0.0099962993 0.051999724)
(-0.00796871 0.012020704 0.05100043)
(-0.0085758546 0.012716644 0.051006918)
(-0.0087853085 0.011934909 0.051999378)
(-0.0060364526 0.012038792 0.051000212)
(-0.0070873387 0.013064788 0.051001814)
(-0.0070219323 0.012034595 0.0519997)
(0.0060400341 0.012031871 0.051000192)
(0.0079718077 0.01201433 0.050999604)
(0.0070930348 0.013050594 0.051000624)
(0.0070232502 0.012031817 0.052000026)
(0.0085749368 0.012719669 0.050990739)
(0.0087883828 0.011921724 0.052000244)
(-0.0080561473 0.014009985 0.051000111)
(-0.0060984106 0.014078499 0.050999434)
(-0.0072953506 0.015262313 0.050997861)
(-0.007083132 0.014051704 0.051999321)
(-0.0051123477 0.015114795 0.050998648)
(0.0061012399 0.014074585 0.051001095)
(0.0051155341 0.015111737 0.051000934)
(0.0080526873 0.014016458 0.05100122)
(0.0073004725 0.015255165 0.05100188)
(0.0070818519 0.014054236 0.052000839)
(-0.006396693 0.016329014 0.050996829)
(-0.0068381731 0.015846849 0.051999264)
(-0.0040792203 0.016098791 0.050997888)
(-0.0052624239 0.017295271 0.050994976)
(-0.0050949592 0.016150472 0.052000227)
(-0.0030525578 0.017093761 0.050993877)
(-0.0010086606 0.016992386 0.050998755)
(0.001010093 0.016992057 0.050999522)
(0.004080117 0.0160978 0.050999895)
(0.0030514494 0.017094042 0.05099814)
(0.0063725535 0.016354787 0.051005635)
(0.0052620034 0.017295572 0.050995307)
(0.0051235778 0.016124646 0.052001531)
(0.0068302744 0.015856473 0.051998036)
(-0.004033893 0.018043368 0.050998137)
(-0.0046954141 0.017672713 0.051999453)
(-0.0020165106 0.017971667 0.050997104)
(-0.0027052162 0.018579321 0.051012142)
(-0.0033375541 0.018355037 0.051979829)
(7.7256805e-07 0.017985182 0.050999555)
(-0.00098787464 0.018941408 0.051000365)
(-0.0010024893 0.017966119 0.051999239)
(0.0020147778 0.017972151 0.050999499)
(0.0009890329 0.018941294 0.050999934)
(0.0010043213 0.017965962 0.051999775)
(0.0040094242 0.018056447 0.051000524)
(0.002717458 0.018575607 0.050999576)
(0.0033392622 0.018354394 0.051999045)
(0.0047263564 0.017653472 0.052003972)
(-0.0026926559 0.0014168687 0.052998056)
(-0.00098475688 0.0010582849 0.05300021)
(0.00098705269 0.0010585111 0.053000742)
(0.0027056875 0.0014208218 0.052997661)
(-0.0040204666 0.0019494553 0.053000862)
(-0.0052486491 0.0026948583 0.052999962)
(-0.0047055869 0.0023336136 0.053999928)
(-0.0020099272 0.0020269666 0.052997922)
(-0.0030524876 0.0029062536 0.052995932)
(-0.0033117028 0.0016352343 0.054002146)
(-1.7813082e-06 0.0020149249 0.053000422)
(-0.0010080083 0.0030075926 0.052999569)
(-0.001000295 0.0020329875 0.054000491)
(0.0020185011 0.0020296472 0.053000353)
(0.0010110991 0.0030083318 0.053000645)
(0.0010039283 0.0020337462 0.054001077)
(0.004017109 0.0019476606 0.052997618)
(0.0030617897 0.0029097722 0.053001848)
(0.003308083 0.0016338719 0.054016582)
(0.0052704261 0.0027104634 0.053006118)
(0.0046643479 0.0023079696 0.053995261)
(-0.0063966357 0.0036709254 0.052988757)
(-0.0072986142 0.0047422418 0.053005568)
(-0.0068408958 0.0041564683 0.054002754)
(-0.004079088 0.0039016155 0.052997989)
(-0.0051153748 0.0048886527 0.052997504)
(-0.0051200347 0.003870382 0.053997167)
(0.0040798241 0.0039002412 0.053000871)
(0.0063572451 0.0036297488 0.052997743)
(0.0051101936 0.0048816038 0.053000184)
(0.0051173159 0.003870603 0.05399708)
(0.0072954885 0.0047378798 0.053006684)
(0.0068420867 0.0041579194 0.054000933)
(-0.0080561722 0.0059900618 0.053000565)
(-0.0085756061 0.0072825374 0.052997407)
(-0.0061024439 0.005927329 0.052999821)
(-0.0070921483 0.0069467822 0.053000937)
(-0.0070877281 0.005954134 0.053998844)
(0.0060980444 0.0059234631 0.053000439)
(0.0080488735 0.005976407 0.053000221)
(0.0070947225 0.0069547879 0.053001317)
(0.0070823381 0.0059472996 0.054000485)
(0.0085741414 0.0072777088 0.052987326)
(-0.0079731823 0.0079926075 0.053001031)
(-0.0089414846 0.009012905 0.053000572)
(-0.0087894779 0.0080829718 0.0540002)
(-0.0060383459 0.0079662412 0.053000302)
(-0.0069956433 0.008990388 0.053000311)
(-0.0070218985 0.0079657389 0.053999847)
(0.0060412109 0.0079722117 0.053000393)
(0.0079738138 0.0079916723 0.053000939)
(0.0069977541 0.0089921468 0.053000235)
(0.0070279107 0.0079791514 0.054000877)
(0.0089411515 0.0090095232 0.053000219)
(0.0087821449 0.0080515225 0.05400083)
(-0.0079853921 0.01000101 0.053000272)
(-0.0089415121 0.010986816 0.052999959)
(-0.0089999835 0.0099995077 0.054000225)
(-0.0060046782 0.010001488 0.053000059)
(-0.0069945792 0.011013842 0.052999793)
(-0.006993558 0.010000253 0.053999926)
(0.0060070496 0.010000962 0.053000146)
(0.0079860016 0.0099975887 0.052999682)
(0.0069965219 0.011010341 0.052999918)
(0.0069954057 0.0099997144 0.054000244)
(0.0089414317 0.010987633 0.053000466)
(0.0089998516 0.0099954794 0.053999699)
(-0.0079670985 0.012024159 0.052999678)
(-0.0085900392 0.012669883 0.052993152)
(-0.0087867382 0.011928778 0.053997591)
(-0.0060358051 0.012039246 0.052999605)
(-0.0070852046 0.013070567 0.052999914)
(-0.0070223605 0.012032693 0.053998304)
(0.0060391364 0.012034602 0.052999869)
(0.0079728364 0.012009255 0.052999211)
(0.0070898453 0.013058006 0.05299845)
(0.0070236279 0.01203147 0.053999552)
(0.0085765388 0.012714388 0.053008787)
(0.0087835757 0.011942341 0.054001515)
(-0.008052617 0.01401659 0.052996946)
(-0.0060944995 0.014081534 0.052999699)
(-0.0073026181 0.015252171 0.0530009)
(-0.0070851492 0.014049236 0.053999972)
(-0.0051009682 0.015125474 0.053000042)
(0.0061000814 0.014078106 0.053000638)
(0.0051227252 0.015106517 0.053001231)
(0.0080480175 0.014025194 0.05300121)
(0.0072743786 0.015291579 0.052998756)
(0.0070822726 0.014053018 0.054000683)
(-0.0063312434 0.016394605 0.05299684)
(-0.0068420385 0.015842139 0.053999919)
(-0.0040723501 0.016105396 0.052999713)
(-0.0052491832 0.017304759 0.053002684)
(-0.0051122085 0.016135833 0.054000657)
(-0.0030494135 0.017095269 0.052998934)
(-0.0010079228 0.016992649 0.052999301)
(0.0010112302 0.016991666 0.052999391)
(0.004088303 0.016091277 0.053000491)
(0.0030559856 0.017091531 0.052998035)
(0.0063974207 0.016328237 0.053002847)
(0.0052792686 0.0172832 0.053002524)
(0.0051403754 0.016108527 0.054000235)
(0.0068288505 0.015858208 0.053997903)
(-0.0040350948 0.018042726 0.053000653)
(-0.0046705638 0.017688166 0.054002164)
(-0.0020132989 0.01797234 0.052999497)
(-0.0027351054 0.018570254 0.052995274)
(-0.0032116442 0.018402425 0.053996001)
(1.7545236e-06 0.017985139 0.052999306)
(-0.00098825896 0.01894137 0.053000287)
(-0.00099742164 0.017968361 0.054000013)
(0.0020211949 0.01797055 0.052998901)
(0.00099003608 0.018941195 0.05299994)
(0.0010005796 0.017967618 0.053999566)
(0.0040241239 0.01804859 0.053001295)
(0.0026882523 0.018584466 0.053008589)
(0.003266993 0.018381594 0.053990726)
(0.0047051178 0.017666679 0.054000755)
(-0.0027479299 0.0014336359 0.055002315)
(-0.00098801218 0.0010586056 0.055000211)
(0.00098767671 0.0010585725 0.05500063)
(0.0027091845 0.0014218826 0.054996487)
(-0.0040237001 0.0019511836 0.055000356)
(-0.0052907292 0.0027250124 0.054999369)
(-0.0047407359 0.0023554706 0.055998805)
(-0.0019992407 0.0020223322 0.055002437)
(-0.0030336574 0.002899731 0.05500305)
(-0.0032473245 0.001611004 0.056002889)
(2.3723291e-07 0.0020145092 0.05500033)
(-0.0010045441 0.0030061316 0.055001125)
(-0.00099692368 0.0020313473 0.056000886)
(0.0020113639 0.0020271912 0.055002411)
(0.0010108893 0.0030077915 0.055001338)
(0.0010030993 0.0020333991 0.05600062)
(0.0040173544 0.0019477918 0.055000073)
(0.0030524334 0.0029063088 0.055003962)
(0.0033210356 0.0016387469 0.055993087)
(0.0052767772 0.0027150145 0.055001457)
(0.0047603177 0.0023676474 0.056001023)
(-0.0062987815 0.0035749917 0.054998626)
(-0.007277043 0.0047121392 0.055002531)
(-0.0068418132 0.0041575861 0.056001331)
(-0.0040756495 0.0038975919 0.054999627)
(-0.0051026897 0.0048745619 0.054998944)
(-0.0051174911 0.003870785 0.055997091)
(0.0040805093 0.0039012677 0.054999903)
(0.006357305 0.0036298049 0.05498845)
(0.0051127562 0.0048846046 0.054997635)
(0.0051158172 0.0038684828 0.0559987)
(0.0072969788 0.0047399595 0.05500061)
(0.0068327517 0.0041465446 0.056001637)
(-0.0080529664 0.0059840643 0.055001318)
(-0.0085713564 0.007268528 0.054994003)
(-0.0060911613 0.0059135056 0.05499917)
(-0.0070817181 0.0069209841 0.054993598)
(-0.0070832742 0.0059485446 0.055999809)
(0.0060996545 0.0059249278 0.054998534)
(0.0080468115 0.0059725493 0.054998612)
(0.0070951849 0.0069557728 0.055000355)
(0.0070826589 0.005948369 0.055999112)
(0.0085727065 0.0072729786 0.05500274)
(-0.0079658364 0.00797276 0.054996832)
(-0.0089414832 0.0090128904 0.055000703)
(-0.0087944662 0.0081043657 0.055992726)
(-0.0060359827 0.0079602626 0.054998623)
(-0.0069947807 0.0089866768 0.054999374)
(-0.0070241437 0.0079715517 0.055997482)
(0.006041535 0.0079720734 0.05500071)
(0.007974072 0.0079901928 0.05500044)
(0.0069978304 0.0089914175 0.055000614)
(0.0070271814 0.0079777858 0.056001079)
(0.0089410743 0.0090087388 0.054999649)
(0.0087877325 0.0080754865 0.055998784)
(-0.0079853915 0.0100005 0.055000092)
(-0.008941115 0.010990848 0.054999808)
(-0.0089999611 0.010001177 0.056000222)
(-0.0060050946 0.0099987771 0.055000082)
(-0.0069957502 0.011010317 0.054999719)
(-0.0069947027 0.0099985085 0.056000436)
(0.0060075274 0.01000017 0.055000842)
(0.0079861706 0.0099961015 0.055000543)
(0.0069977086 0.011007605 0.055000465)
(0.0069958613 0.0099995874 0.056001061)
(0.0089416776 0.010985135 0.055000426)
(0.0089998962 0.0099968414 0.056000088)
(-0.0079706757 0.012014516 0.054998548)
(-0.0085852607 0.012685636 0.055004003)
(-0.0087887099 0.011920322 0.055998105)
(-0.0060380578 0.012033558 0.054999492)
(-0.007088469 0.013061741 0.054996954)
(-0.0070274217 0.012019124 0.056000411)
(0.0060409277 0.012029796 0.055000517)
(0.0079764979 0.012003664 0.054999722)
(0.0070997494 0.013031734 0.054999853)
(0.00702556 0.012025887 0.056000931)
(0.0085718662 0.012729791 0.054995312)
(0.0087847291 0.011937394 0.056004888)
(-0.0080457131 0.014029506 0.054996669)
(-0.006096256 0.014079318 0.055000008)
(-0.007305012 0.01524883 0.055001453)
(-0.0070799446 0.014056355 0.055998018)
(-0.0051056272 0.015121177 0.055001705)
(0.0060984129 0.014077213 0.055000621)
(0.0051134105 0.015114466 0.055000968)
(0.0080457569 0.014029424 0.054999752)
(0.0072951669 0.015262569 0.055000047)
(0.0070782614 0.014059038 0.056000354)
(-0.0063261972 0.016399331 0.055004908)
(-0.006836784 0.015848541 0.055999307)
(-0.0040758257 0.016102379 0.055001369)
(-0.0052562671 0.017299683 0.055004043)
(-0.0051198191 0.016128198 0.056001044)
(-0.0030640763 0.017089332 0.055001323)
(-0.0010082979 0.016992608 0.055000287)
(0.0010073238 0.016993368 0.0550001)
(0.0040800309 0.016097413 0.05500063)
(0.0030307927 0.017101166 0.054999582)
(0.0063352545 0.016390848 0.054999272)
(0.0052723366 0.017288168 0.055001552)
(0.005122169 0.016125068 0.056002669)
(0.0068527185 0.015829125 0.056000959)
(-0.0040295116 0.01804571 0.055001457)
(-0.0047761782 0.01762249 0.056005911)
(-0.0020219773 0.017968962 0.055001844)
(-0.0026815226 0.018586508 0.055009415)
(-0.0032692662 0.018380738 0.055995649)
(4.5796401e-08 0.017985446 0.054999602)
(-0.00098680144 0.018941513 0.055000062)
(-0.0009986486 0.017967589 0.056000121)
(0.0020060436 0.017976476 0.054999693)
(0.00099109522 0.01894109 0.055000173)
(0.0010022246 0.017967246 0.056000634)
(0.0040213317 0.018050082 0.055001963)
(0.0026993381 0.018581104 0.054991941)
(0.003325923 0.018359414 0.056008839)
(0.0047230211 0.017655546 0.055998237)
(-0.0027394737 0.0014310707 0.056994905)
(-0.0009881692 0.001058621 0.057000296)
(0.00098895496 0.0010586984 0.05700022)
(0.0027015416 0.0014195642 0.056996336)
(-0.0040398453 0.0019598134 0.056999901)
(-0.0052416931 0.0026898736 0.056995242)
(-0.0047113287 0.0023371841 0.058001552)
(-0.0020031126 0.0020244377 0.057003427)
(-0.0030423533 0.0029020521 0.057005331)
(-0.0032521653 0.001612826 0.05800417)
(1.3243194e-06 0.0020141915 0.057001646)
(-0.0010042559 0.0030056004 0.057002648)
(-0.00099716078 0.0020314923 0.058002404)
(0.0020096116 0.0020255378 0.057001179)
(0.0010088503 0.0030065795 0.057001996)
(0.0010005276 0.0020319852 0.058002223)
(0.00403291 0.0019561065 0.05699845)
(0.0030399549 0.0029016566 0.057001088)
(0.0032654229 0.0016178158 0.057999305)
(0.0052681912 0.0027088619 0.057005848)
(0.0047030101 0.0023320113 0.05800431)
(-0.0063258774 0.0036003697 0.057002461)
(-0.0072897893 0.0047299266 0.057005062)
(-0.0068446536 0.0041610471 0.057997744)
(-0.0040723002 0.003895669 0.05700101)
(-0.0051043672 0.0048777653 0.057001044)
(-0.0051217921 0.0038761582 0.058001566)
(0.0040774795 0.0038993704 0.057002848)
(0.0063328169 0.0036068693 0.057004619)
(0.0051099148 0.0048830509 0.057001958)
(0.0051174824 0.0038716108 0.058004818)
(0.0073128653 0.0047621292 0.056999017)
(0.0068402188 0.0041556433 0.057999031)
(-0.0080510212 0.0059804251 0.057002394)
(-0.0085820445 0.0073037618 0.057001059)
(-0.0060961527 0.0059204117 0.05700149)
(-0.0070935811 0.006951619 0.057000406)
(-0.0070841253 0.0059501736 0.057999788)
(0.0061018571 0.0059300645 0.057000598)
(0.0080500006 0.0059785157 0.056999915)
(0.0071058135 0.0069824189 0.057004175)
(0.0070859236 0.0059544915 0.057999125)
(0.0085758015 0.0072831814 0.056999592)
(-0.0079711199 0.0079809986 0.0570007)
(-0.0089414765 0.0090128221 0.057000527)
(-0.0087888932 0.0080804643 0.058000595)
(-0.0060390694 0.0079660994 0.057001234)
(-0.0069967529 0.0089888308 0.057001226)
(-0.0070258706 0.0079741002 0.058002098)
(0.0060441127 0.0079773894 0.057002705)
(0.0079800687 0.0080052194 0.05700417)
(0.0069994011 0.0089945011 0.057002085)
(0.0070302444 0.0079833049 0.05800239)
(0.0089409977 0.0090079614 0.056999595)
(0.0087835526 0.0080575599 0.05799821)
(-0.0079861712 0.0099987181 0.057000842)
(-0.0089411764 0.010990224 0.057000204)
(-0.0089999731 0.01000081 0.05800155)
(-0.0060069762 0.0099973776 0.05700222)
(-0.0069981919 0.011005235 0.057001498)
(-0.0069960605 0.0099976844 0.058003598)
(0.0060084089 0.010000706 0.057002758)
(0.0079865493 0.0099990597 0.057000683)
(0.0069978332 0.011008038 0.057002128)
(0.0069969174 0.0099996731 0.058003549)
(0.008941825 0.010983639 0.056999741)
(0.0089999401 0.0099981804 0.058000266)
(-0.0079779783 0.011995985 0.057000255)
(-0.0085678829 0.012742922 0.056999271)
(-0.0087898566 0.011915403 0.058002015)
(-0.0060419749 0.012025386 0.057001753)
(-0.0070985274 0.013035202 0.057000808)
(-0.0070274764 0.012020715 0.058002595)
(0.0060408072 0.012030488 0.057002866)
(0.0079731062 0.012009697 0.057002547)
(0.0070928454 0.013050615 0.05700378)
(0.0070270245 0.012022593 0.058003921)
(0.0085667344 0.012746709 0.056998509)
(0.0087898134 0.011915589 0.058003031)
(-0.0080467704 0.014027528 0.057000377)
(-0.0061031247 0.014071249 0.056999961)
(-0.0072991758 0.015256975 0.056995291)
(-0.0070828554 0.01405166 0.058001227)
(-0.0051210821 0.015106737 0.057000761)
(0.0060998425 0.014076358 0.057001338)
(0.0051153907 0.015112312 0.057000527)
(0.008044229 0.014032282 0.057002249)
(0.0072996309 0.01525634 0.057002193)
(0.0070812881 0.01405523 0.058001934)
(-0.0063921674 0.016333846 0.056998563)
(-0.0068287062 0.015858384 0.0579988)
(-0.0040843979 0.016093545 0.05700116)
(-0.0052816719 0.017281478 0.057000112)
(-0.0051291495 0.016119261 0.058001897)
(-0.0030345552 0.017099531 0.056999838)
(-0.0010054105 0.016993792 0.057001305)
(0.0010055932 0.01699435 0.057001752)
(0.004080336 0.016096986 0.057001219)
(0.0030270503 0.017102639 0.057000223)
(0.0063720775 0.016355296 0.056996613)
(0.0052765005 0.017285184 0.057001229)
(0.0051182086 0.016129799 0.057997096)
(0.0068409385 0.015843479 0.05800547)
(-0.0040202508 0.01805066 0.056998999)
(-0.0046825673 0.017680701 0.058006388)
(-0.0019996177 0.017977722 0.056999879)
(-0.0027306494 0.018571605 0.056984538)
(-0.0032852181 0.018374734 0.058000378)
(1.4197922e-06 0.01798589 0.057000631)
(-0.00098530423 0.018941661 0.057000148)
(-0.00099932884 0.017967881 0.058001888)
(0.0019983611 0.017978615 0.057001461)
(0.00098956724 0.018941241 0.056999638)
(0.00099907053 0.017968316 0.058002153)
(0.004027465 0.018046804 0.057000175)
(0.0027059138 0.018579109 0.056999904)
(0.0032654039 0.018382192 0.058003723)
(0.0047110904 0.017662965 0.057999701)
(-0.0026741437 0.0014112531 0.059003078)
(-0.00098701278 0.0010585071 0.059002748)
(0.00098910463 0.0010587132 0.059002762)
(0.0027057673 0.001420846 0.058993811)
(-0.0040202309 0.0019493293 0.059003889)
(-0.0052513538 0.0026967964 0.059000915)
(-0.004747952 0.0023599579 0.060001678)
(-0.0020191534 0.0020303651 0.059006351)
(-0.003064829 0.0029101253 0.059008942)
(-0.003254671 0.001613769 0.060008938)
(3.2607365e-06 0.0020139236 0.059004958)
(-0.0010071492 0.0030055768 0.059007765)
(-0.00099693157 0.0020305386 0.060010825)
(0.0020003268 0.0020226489 0.059007109)
(0.0010070571 0.0030050404 0.059007759)
(0.0010008131 0.0020309911 0.060011676)
(0.004032944 0.0019561246 0.059003417)
(0.0030408422 0.002902417 0.05900643)
(0.0032732861 0.0016207753 0.060004375)
(0.0052999225 0.0027316002 0.059002108)
(0.0046821182 0.0023190198 0.060010972)
(-0.006372737 0.003645409 0.059004231)
(-0.0072719792 0.0047050727 0.059010043)
(-0.0068440684 0.0041603341 0.060005639)
(-0.0040763321 0.0038981991 0.059006763)
(-0.0051088876 0.004880611 0.059006532)
(-0.0051072287 0.0038599003 0.06000916)
(0.0040834153 0.0039039163 0.059007452)
(0.0063533776 0.0036261265 0.058999685)
(0.0051160719 0.0048872473 0.059006831)
(0.0051242981 0.0038757862 0.060012337)
(0.0072938671 0.0047356173 0.059006784)
(0.0068436941 0.0041598779 0.060006852)
(-0.0080487314 0.0059761412 0.059002691)
(-0.0085826787 0.0073058524 0.059001136)
(-0.0060954683 0.0059170893 0.059007153)
(-0.0070879583 0.0069371135 0.059007922)
(-0.0070783746 0.0059408539 0.060011327)
(0.0061019268 0.005927302 0.05900624)
(0.0080482252 0.005975194 0.059000419)
(0.0070984398 0.0069621055 0.059006742)
(0.0070878119 0.0059543897 0.060011799)
(0.0085774647 0.0072886643 0.05900205)
(-0.007970883 0.007985128 0.059005169)
(-0.0089411034 0.0090090344 0.059002245)
(-0.0087889723 0.0080808036 0.06000774)
(-0.0060405786 0.0079658743 0.059008777)
(-0.0069983511 0.0089884353 0.059007506)
(-0.0070294084 0.0079771203 0.060014478)
(0.0060443072 0.0079726891 0.059008207)
(0.0079750526 0.007991466 0.059005625)
(0.0069999795 0.0089918082 0.059006838)
(0.0070288127 0.0079734437 0.060012889)
(0.008941331 0.0090113451 0.059001455)
(0.0087855993 0.0080663375 0.060003755)
(-0.0079867276 0.009997237 0.059004329)
(-0.0089416685 0.010985228 0.059002179)
(-0.0089998929 0.0099967393 0.06000701)
(-0.0060098142 0.0099970503 0.059008806)
(-0.0069997987 0.01100508 0.059006917)
(-0.0069999864 0.0099972832 0.060014183)
(0.0060107754 0.0099987041 0.059008369)
(0.0079870431 0.0099985337 0.059003995)
(0.0070000571 0.011005665 0.059006928)
(0.0070004585 0.0099975327 0.060012718)
(0.0089416363 0.010985555 0.059001907)
(0.0089999424 0.010001747 0.060005145)
(-0.0079749979 0.012007609 0.059003015)
(-0.0085823844 0.012695118 0.059012274)
(-0.0087877243 0.011924549 0.060008373)
(-0.0060439653 0.012025414 0.059007633)
(-0.0070985605 0.013036421 0.059003162)
(-0.0070312872 0.012017421 0.060012796)
(0.0060435769 0.012026247 0.059008213)
(0.007974446 0.012007347 0.059004428)
(0.007095796 0.013043141 0.059006075)
(0.0070335622 0.012011502 0.060012374)
(0.0085675309 0.012744083 0.05900287)
(0.0087906919 0.011911821 0.060007165)
(-0.0080576931 0.014007093 0.05899996)
(-0.0061018581 0.014073204 0.059005599)
(-0.0072907277 0.015268764 0.058999354)
(-0.0070769942 0.014059759 0.060009534)
(-0.0051221542 0.015107528 0.059007107)
(0.0060986615 0.014076883 0.059005244)
(0.0051107757 0.015117063 0.059005784)
(0.0080478025 0.014025597 0.059001862)
(0.0072875858 0.015273149 0.05899816)
(0.0070836258 0.014049384 0.060009892)
(-0.0063556682 0.016371729 0.059007977)
(-0.0068393958 0.015845359 0.060007023)
(-0.0040898909 0.016090448 0.059006844)
(-0.0053103747 0.01726091 0.058999176)
(-0.0051425726 0.016105314 0.060014042)
(-0.0030414461 0.017096511 0.059005218)
(-0.001006969 0.01699446 0.059006974)
(0.001004212 0.016995652 0.059007354)
(0.0040767629 0.016100013 0.059006913)
(0.0030250533 0.017103967 0.05900628)
(0.0063731216 0.016354181 0.05900594)
(0.0052686781 0.017290789 0.059003142)
(0.0050997161 0.016146023 0.060011756)
(0.0068517738 0.015830276 0.060008428)
(-0.0040365161 0.018041966 0.059001149)
(-0.0047196871 0.017657619 0.060017442)
(-0.0020072623 0.017975228 0.059004875)
(-0.0027827321 0.018555806 0.058989692)
(-0.003275838 0.018378265 0.060006065)
(5.3967743e-07 0.017986299 0.059004891)
(-0.0009878042 0.018941415 0.059001603)
(-0.00099931956 0.017968789 0.060010881)
(0.0019970844 0.017979356 0.059005528)
(0.0009891925 0.018941278 0.059002078)
(0.00099833977 0.017969296 0.060010895)
(0.0040334211 0.01804362 0.059004009)
(0.0027429117 0.018567886 0.058999678)
(0.0032772674 0.018377727 0.060010937)
(0.0047153347 0.017660325 0.060011459)
(-0.0027784278 0.0014428873 0.061014114)
(-0.00098776893 0.0010585816 0.061019443)
(0.00099317984 0.0010591145 0.061020574)
(0.0027387922 0.001430864 0.061018375)
(-0.0040261728 0.0019525054 0.061022281)
(-0.0052653206 0.0027068049 0.061018056)
(-0.0047069376 0.0023344535 0.062061396)
(-0.0019959034 0.0020197085 0.0610235)
(-0.0030314049 0.0028952963 0.061023916)
(-0.0032852618 0.0016252826 0.062046837)
(2.0105313e-06 0.0020102828 0.061023908)
(-0.0010049738 0.0029961639 0.061025635)
(-0.0010000832 0.0020211828 0.06204666)
(0.002013744 0.0020260171 0.061024687)
(0.001009124 0.0029971928 0.061026736)
(0.00099990041 0.0020210392 0.062049801)
(0.0040165512 0.0019473625 0.06102265)
(0.0030516718 0.0029027244 0.06102677)
(0.0032418016 0.0016089253 0.062051406)
(0.0052436175 0.0026912526 0.061025949)
(0.0047784384 0.0023789156 0.062049131)
(-0.0063501832 0.0036231346 0.06101848)
(-0.0072764186 0.0047112678 0.061017502)
(-0.0068490612 0.0041664178 0.062038905)
(-0.0040754736 0.003894798 0.061025104)
(-0.0051063718 0.0048770597 0.061024311)
(-0.0051204758 0.0038692432 0.062048764)
(-0.0030539668 0.0039059394 0.06203696)
(-0.0010148836 0.0039537723 0.062029142)
(0.0010141703 0.0039537877 0.062030392)
(0.0040787109 0.0038986214 0.061026876)
(0.0030514089 0.0039049599 0.062039144)
(0.0064041986 0.0036790002 0.061010284)
(0.0051173808 0.0048890719 0.061025035)
(0.0051082152 0.0038596275 0.062050649)
(0.007292346 0.0047334945 0.061022294)
(0.0068355458 0.0041499493 0.062049927)
(-0.0080412224 0.0059620927 0.061024141)
(-0.0085661286 0.0072512945 0.061027911)
(-0.0060959455 0.00591521 0.061026151)
(-0.0071044147 0.0069741598 0.061025978)
(-0.00708267 0.0059393488 0.062052565)
(-0.005092437 0.005913461 0.062036729)
(-0.0030462926 0.005939748 0.062018559)
(-0.0010128182 0.005962659 0.062011804)
(0.0010131039 0.0059625941 0.06201209)
(0.0030473352 0.0059389917 0.062019094)
(0.0061060043 0.0059252759 0.06102538)
(0.0050933187 0.0059101414 0.06203664)
(0.0080516176 0.0059815408 0.061019635)
(0.0070985303 0.0069543538 0.0610233)
(0.0070830391 0.0059383604 0.062049623)
(0.008574604 0.0072792338 0.061020711)
(-0.0079806716 0.0080012897 0.061024717)
(-0.0089412246 0.0090102648 0.061020282)
(-0.0087873709 0.0080739354 0.062046679)
(-0.0060497131 0.0079699792 0.061025423)
(-0.0070069228 0.0089908533 0.061025935)
(-0.0070413244 0.0079717124 0.062045899)
(-0.0050540659 0.0079639477 0.062022696)
(-0.0030284062 0.0079752247 0.062009509)
(-0.0010078792 0.007984106 0.062005306)
(0.0010083135 0.0079838725 0.062005307)
(0.0030294705 0.007973986 0.062009284)
(0.0060500631 0.0079658325 0.06102291)
(0.0050556229 0.0079603177 0.062021105)
(0.0079757712 0.0079901949 0.06102031)
(0.0070065461 0.0089884933 0.061022536)
(0.0070407894 0.0079657779 0.062040413)
(0.0089416283 0.0090143636 0.061016201)
(0.0087861046 0.0080685048 0.062040529)
(-0.0079901662 0.0099966423 0.061023666)
(-0.0089417587 0.010984313 0.061019296)
(-0.008999825 0.0099946667 0.062043915)
(-0.006020302 0.0099978504 0.061022775)
(-0.0070072381 0.011005463 0.061024773)
(-0.0070174827 0.0099977428 0.062037952)
(-0.0050374688 0.0099987322 0.062017529)
(-0.0030214873 0.0099991966 0.06200706)
(-0.0010061796 0.0099993622 0.062003751)
(0.0010062596 0.0099990472 0.062003705)
(0.0030219013 0.0099978521 0.062006788)
(0.0060210069 0.0099959942 0.0610208)
(0.00503843 0.0099957103 0.062016327)
(0.0079902775 0.0099990433 0.061020678)
(0.0070084032 0.011002727 0.061023249)
(0.0070180232 0.0099957977 0.06203396)
(0.0089416681 0.010985233 0.061016698)
(0.0089999252 0.0099977259 0.062037506)
(-0.0079787678 0.01200126 0.061022807)
(-0.0085629081 0.012759322 0.061019859)
(-0.0087840411 0.011940345 0.062044807)
(-0.0060512019 0.012026913 0.061024006)
(-0.0071022083 0.013032768 0.061024889)
(-0.0070420644 0.012026503 0.062042022)
(-0.0050561781 0.012033096 0.062021927)
(-0.0030304671 0.012022638 0.06200944)
(-0.0010088774 0.012014265 0.062005291)
(0.0010082395 0.012013824 0.06200528)
(0.0030299942 0.012020839 0.062009405)
(0.0060529228 0.012021795 0.06102385)
(0.0050572389 0.012028573 0.062021941)
(0.0079816274 0.011995575 0.061021993)
(0.0071069741 0.013020201 0.061025281)
(0.0070456276 0.012017893 0.06204316)
(0.0085875932 0.012677947 0.061022076)
(0.0087861017 0.011931508 0.062045902)
(-0.0080474828 0.014026195 0.06102314)
(-0.0061055162 0.014074707 0.061026732)
(-0.0072762332 0.015288991 0.061022573)
(-0.0070831863 0.014058874 0.062052942)
(-0.005126505 0.015103172 0.061026521)
(-0.0050961016 0.01408388 0.062037527)
(-0.0030517589 0.014056659 0.062019082)
(-0.0010153008 0.014034777 0.062011904)
(0.0010134049 0.014034256 0.062011909)
(0.0030489808 0.014055073 0.062019163)
(0.0061024192 0.014075561 0.061026713)
(0.0051123076 0.015115404 0.061025603)
(0.0050956848 0.014079887 0.062038225)
(0.0080357358 0.014048172 0.061022966)
(0.0072895343 0.015270429 0.061022926)
(0.0070848543 0.014055893 0.062051969)
(-0.0064327764 0.016290488 0.061016419)
(-0.0068363425 0.015849079 0.062053772)
(-0.0040885819 0.016093128 0.0610271)
(-0.0052643443 0.017293895 0.06102656)
(-0.0051178243 0.016134464 0.062050004)
(-0.0030400992 0.017100495 0.06102468)
(-0.0030632697 0.016089087 0.062038927)
(-0.001008757 0.01700205 0.061025361)
(-0.0010186961 0.016043105 0.06202938)
(0.0010072677 0.017002175 0.061025714)
(0.0010164361 0.016042756 0.062029345)
(0.0040781435 0.016101692 0.061025993)
(0.0030413311 0.017100561 0.061025744)
(0.0030576992 0.016090148 0.06203801)
(0.0063905154 0.01633561 0.061015025)
(0.0052546541 0.017300839 0.061018373)
(0.0051185386 0.016132219 0.062053236)
(0.0068422744 0.015841851 0.062052121)
(-0.0040227674 0.018049315 0.061021112)
(-0.0046586723 0.01769556 0.062052645)
(-0.0020048806 0.017977721 0.061024064)
(-0.0027477577 0.018566416 0.061020336)
(-0.0032982329 0.018369836 0.062052028)
(2.4465223e-07 0.017989333 0.061022763)
(-0.00098906428 0.01894129 0.061018238)
(-0.0010047813 0.01797732 0.062045713)
(0.0020058409 0.01797692 0.061025255)
(0.00098478804 0.018941712 0.06101884)
(0.0010046723 0.017977088 0.062046983)
(0.0040316215 0.018044582 0.061021255)
(0.0027139337 0.018576676 0.061010135)
(0.0032787527 0.018377168 0.062045712)
(0.0047442387 0.017642352 0.062042767)
(-0.0027748116 0.0014417904 0.063090409)
(-0.0010013702 0.0010599212 0.063083497)
(0.00098479705 0.0010582889 0.063090763)
(0.0026953438 0.0014176841 0.063089014)
(-0.004035536 0.0019575101 0.063099034)
(-0.0052579338 0.0027015115 0.063090602)
(-0.0020181708 0.0019994799 0.063082192)
(-0.0030521264 0.0028769885 0.063075493)
(-1.026921e-06 0.0019780657 0.063075764)
(-0.0010148918 0.0029499669 0.063047903)
(0.0020070634 0.0019981422 0.063093622)
(0.0010116583 0.002949819 0.063050961)
(0.0040306511 0.001954899 0.063095288)
(0.0030519863 0.002877371 0.063079666)
(0.0052630652 0.0027051887 0.063092787)
(-0.0063859718 0.0036595397 0.063078866)
(-0.0072905663 0.004731011 0.063090538)
(-0.0040896719 0.0038776912 0.063060635)
(-0.00512055 0.0048757116 0.063055247)
(-0.0020364448 0.0039213728 0.063031575)
(-0.0030551797 0.0049158575 0.063024151)
(-0.0030719771 0.0038675249 0.064031006)
(-5.6912826e-07 0.0039454537 0.063024522)
(-0.0010146837 0.0049512187 0.063014182)
(-0.0010181411 0.0039264396 0.064012932)
(0.0020351253 0.0039217947 0.063033727)
(0.0010144217 0.0049512106 0.06301471)
(0.0010172621 0.003925946 0.064013649)
(0.0040875604 0.0038755143 0.063062986)
(0.0030560576 0.0049156504 0.063025335)
(0.003072274 0.0038705005 0.064033069)
(0.00633969 0.0036133067 0.06309108)
(0.0051179304 0.0048675268 0.063058299)
(0.0072914675 0.0047322686 0.063094503)
(-0.0080414065 0.0059624372 0.063103539)
(-0.00860532 0.0073804904 0.063100174)
(-0.0061164799 0.0059036057 0.06306257)
(-0.0071105727 0.0069245853 0.063082505)
(-0.0040689474 0.0059241082 0.063022175)
(-0.0050764829 0.0069380052 0.063025439)
(-0.0051070543 0.0058975927 0.064023076)
(-0.0020254008 0.0059563859 0.063010204)
(-0.0030331833 0.0069628267 0.063009191)
(-0.003038578 0.0059473377 0.06400584)
(3.7785613e-08 0.0059693531 0.06300764)
(-0.0010083628 0.0069786056 0.063005024)
(-0.0010085536 0.005974307 0.064002816)
(0.0020260918 0.0059561136 0.063010582)
(0.0010087372 0.0069784308 0.063005094)
(0.0010087312 0.0059741939 0.0640029)
(0.0040713353 0.0059215311 0.063022645)
(0.0030346569 0.0069616227 0.063009233)
(0.0030409501 0.005946768 0.064006056)
(0.0061168071 0.0058945831 0.063062087)
(0.0050793961 0.0069328755 0.063024473)
(0.0051137701 0.0058902212 0.064023464)
(0.008038506 0.0059570108 0.063094417)
(0.0071133274 0.0069215929 0.063073507)
(0.0085595806 0.0072297085 0.063080769)
(-0.0079926478 0.0079673759 0.063095503)
(-0.0089421866 0.0090200326 0.063088392)
(-0.0060704697 0.0079569486 0.063033943)
(-0.0070440941 0.0089816514 0.063050583)
(-0.0071108648 0.0079424657 0.06405465)
(-0.0040391192 0.0079711868 0.063010491)
(-0.005043933 0.0089828549 0.063014595)
(-0.0050561079 0.007964867 0.064008035)
(-0.0020138392 0.0079843382 0.063004363)
(-0.0030191797 0.0089902031 0.063005055)
(-0.003016947 0.0079851349 0.06400214)
(1.2681136e-07 0.0079888746 0.063003079)
(-0.0010048184 0.008994343 0.063002566)
(-0.0010032907 0.0079935998 0.064001025)
(0.0020144575 0.0079837757 0.063004331)
(0.0010050393 0.0089941101 0.06300254)
(0.0010034912 0.0079934571 0.064001026)
(0.0040408684 0.0079687505 0.06301)
(0.0030198636 0.0089890204 0.063004841)
(0.0030179894 0.0079841619 0.06400209)
(0.0060731482 0.0079515649 0.063030429)
(0.0050453385 0.0089794097 0.063013332)
(0.0050591776 0.0079602606 0.064007452)
(0.0079953196 0.0079732387 0.063077805)
(0.0070451056 0.008977645 0.063043518)
(0.007116534 0.0079341239 0.064048074)
(0.0089404674 0.0090025771 0.06306832)
(-0.0080196196 0.0099976677 0.063076161)
(-0.0089410682 0.010991323 0.063081206)
(-0.0060490174 0.0099986224 0.063024208)
(-0.0070452853 0.011014417 0.063047834)
(-0.0070871719 0.0099986435 0.06403245)
(-0.0040279184 0.0099992617 0.063007565)
(-0.0050447878 0.01101488 0.063014167)
(-0.0050377892 0.0099994551 0.064005117)
(-0.0020100509 0.0099995491 0.063003067)
(-0.0030199762 0.011008539 0.063004999)
(-0.0030106131 0.0099997557 0.06400145)
(1.2427135e-08 0.0099995194 0.06300209)
(-0.0010051772 0.011004744 0.063002555)
(-0.0010020042 0.0099998519 0.064000682)
(0.0020102102 0.0099989208 0.063002986)
(0.0010050121 0.011004424 0.063002533)
(0.0010020279 0.0099997144 0.064000672)
(0.0040285882 0.0099971432 0.063007151)
(0.0030200506 0.011007097 0.063004888)
(0.0030108193 0.0099989306 0.06400139)
(0.0060501085 0.0099945998 0.063022111)
(0.0050459716 0.011011104 0.063013676)
(0.0050385555 0.0099963363 0.064004758)
(0.0080195139 0.0099966939 0.063066367)
(0.0070465949 0.01101036 0.063045496)
(0.0070866595 0.0099932655 0.064029768)
(0.0089409654 0.010992367 0.063071234)
(-0.007996475 0.012022995 0.063082159)
(-0.0085585745 0.012773608 0.063093501)
(-0.0060727398 0.012038263 0.063031817)
(-0.0071190778 0.013055269 0.063074809)
(-0.0071125075 0.012049745 0.064050214)
(-0.0040414124 0.012026584 0.063010294)
(-0.0050807666 0.013058059 0.063025115)
(-0.0050580223 0.012032643 0.064007755)
(-0.0020152084 0.012014357 0.063004353)
(-0.0030368384 0.013034819 0.063009287)
(-0.0030184799 0.012013852 0.064002125)
(-2.420075e-07 0.012009852 0.063003062)
(-0.0010098438 0.013019849 0.063005043)
(-0.0010037934 0.012005894 0.064001023)
(0.0020146835 0.012013379 0.063004338)
(0.0010088098 0.013019292 0.063005047)
(0.0010035057 0.012005601 0.06400102)
(0.0040415957 0.012023439 0.063010263)
(0.0030354924 0.013032523 0.063009331)
(0.0030182169 0.012012309 0.064002116)
(0.0060755784 0.012032032 0.063031917)
(0.0050816147 0.013052096 0.063025407)
(0.0050600589 0.01202715 0.064007686)
(0.0079984895 0.012018927 0.063084654)
(0.0071198004 0.013054828 0.063078771)
(0.0071190459 0.012040922 0.064049942)
(0.008578206 0.012708892 0.063089537)
(-0.008048028 0.014025175 0.063097744)
(-0.0061189455 0.014093344 0.063064102)
(-0.0072934207 0.015265006 0.063099388)
(-0.0040759391 0.014072069 0.063022854)
(-0.0051249224 0.015124252 0.063058309)
(-0.0051170255 0.014096041 0.064024033)
(-0.0020296478 0.014041065 0.063010463)
(-0.0030643873 0.015079537 0.063025247)
(-0.0030454705 0.014049908 0.064006042)
(-7.6551451e-07 0.014028497 0.063007588)
(-0.001018026 0.015046134 0.063014374)
(-0.0010105517 0.014024391 0.064002848)
(0.002027325 0.014039512 0.063010461)
(0.0010156322 0.015045246 0.063014349)
(0.001009159 0.014023585 0.064002853)
(0.0040732536 0.014067955 0.063023152)
(0.0030594713 0.015077246 0.063025113)
(0.0030420019 0.014046438 0.064006049)
(0.0061224558 0.014085805 0.063064119)
(0.0051223685 0.015118624 0.063060635)
(0.0051154024 0.014086168 0.064024053)
(0.0080425315 0.014035458 0.063097678)
(0.0073022115 0.015252738 0.063090245)
(-0.0063408108 0.016385644 0.06308414)
(-0.0041009883 0.016118683 0.06306305)
(-0.0052803353 0.017282436 0.063093425)
(-0.0020443525 0.016074621 0.063033142)
(-0.0030732108 0.017114994 0.063082113)
(-0.0030875522 0.016127103 0.064032082)
(-1.1259139e-06 0.016051623 0.063024121)
(-0.0010181162 0.017047369 0.063048177)
(-0.0010227878 0.016070979 0.064013133)
(0.002040665 0.016072598 0.06303249)
(0.0010172589 0.017046028 0.063048578)
(0.0010198867 0.016069321 0.064013197)
(0.0040935348 0.016117961 0.063064112)
(0.0030671231 0.017114706 0.063075926)
(0.0030792235 0.016120958 0.064031617)
(0.0063439777 0.016382678 0.063102306)
(0.0052623552 0.01729532 0.06309625)
(-0.0040494002 0.018035079 0.063099846)
(-0.0020116134 0.017999732 0.063091204)
(-0.0027459509 0.018566964 0.06308897)
(-6.9929895e-07 0.018019888 0.06307339)
(-0.00099591585 0.018940616 0.063075518)
(0.0020210013 0.017996016 0.06308895)
(0.00099758523 0.018940451 0.063081745)
(0.0040397487 0.018040238 0.063094319)
(0.0027422182 0.018568096 0.063093013)
(-0.0020402586 0.003899881 0.064999998)
(-0.0030501117 0.0049174802 0.064999998)
(-7.8614218e-07 0.0039363032 0.064999998)
(-0.001010494 0.0049628871 0.064999998)
(0.0020391572 0.0039029416 0.064999998)
(0.0010103524 0.004962843 0.064999998)
(0.0030533298 0.0049188579 0.064999998)
(-0.0040590009 0.0059308248 0.064999998)
(-0.0050725978 0.0069421376 0.064999998)
(-0.0020145401 0.0059741344 0.064999998)
(-0.0030178572 0.0069795467 0.064999998)
(-3.1924538e-08 0.0059864951 0.064999998)
(-0.0010026891 0.0069936441 0.064999998)
(0.0020152415 0.0059740954 0.064999998)
(0.0010028438 0.0069935123 0.064999998)
(0.0040657983 0.0059299581 0.064999998)
(0.0030193415 0.0069787991 0.064999998)
(0.005077893 0.0069356564 0.064999998)
(-0.0060899071 0.0079528712 0.064999998)
(-0.0071059502 0.0089727338 0.064999998)
(-0.004023163 0.0079830339 0.064999998)
(-0.0050346697 0.0089878013 0.064999998)
(-0.0020037481 0.0079957207 0.064999998)
(-0.0030058746 0.0089968407 0.064999998)
(1.6457097e-08 0.0079984024 0.064999998)
(-0.0010005582 0.0089993718 0.064999998)
(0.0020040396 0.0079954992 0.064999998)
(0.0010005952 0.0089993281 0.064999998)
(0.004024983 0.0079812523 0.064999998)
(0.0030061086 0.0089963983 0.064999998)
(0.0060948662 0.0079435229 0.064999998)
(0.0050355489 0.0089846459 0.064999998)
(0.0071054562 0.0089647725 0.064999998)
(-0.0060594123 0.0099997097 0.064999998)
(-0.0071067646 0.011024909 0.064999998)
(-0.0040127579 0.0099998649 0.064999998)
(-0.005034499 0.011011436 0.064999998)
(-0.0020015124 0.0099999684 0.064999998)
(-0.0030061506 0.011002917 0.064999998)
(-1.5863237e-09 0.0099999823 0.064999998)
(-0.001000625 0.011000581 0.064999998)
(0.0020015329 0.0099998466 0.064999998)
(0.0010006021 0.011000518 0.064999998)
(0.0040128934 0.0099987924 0.064999998)
(0.003006114 0.011002351 0.064999998)
(0.0060602054 0.0099949399 0.064999998)
(0.0050359554 0.011008465 0.064999998)
(0.0071068638 0.011017274 0.064999998)
(-0.006090249 0.012045027 0.064999998)
(-0.0040247739 0.012015995 0.064999998)
(-0.0050783904 0.013055753 0.064999998)
(-0.0020042855 0.012004029 0.064999998)
(-0.0030205721 0.013019129 0.064999998)
(-4.2856216e-08 0.01200145 0.064999998)
(-0.0010033139 0.01300606 0.064999998)
(0.0020041053 0.01200362 0.064999998)
(0.0010029397 0.01300574 0.064999998)
(0.0040250601 0.012013585 0.064999998)
(0.0030195527 0.013017308 0.064999998)
(0.0060973866 0.012034756 0.064999998)
(0.005079761 0.013047068 0.064999998)
(-0.0040692922 0.01406421 0.064999998)
(-0.0020177975 0.014024254 0.064999998)
(-0.0030627825 0.015073728 0.064999998)
(-3.6020173e-07 0.014012776 0.064999998)
(-0.0010132931 0.015035686 0.064999998)
(0.002016047 0.014022768 0.064999998)
(0.0010115679 0.01503472 0.064999998)
(0.0040650043 0.014059273 0.064999998)
(0.0030551296 0.015071676 0.064999998)
(-0.0020505658 0.016095196 0.064999998)
(-1.492514e-06 0.016062618 0.064999998)
(0.0020438621 0.016091134 0.064999998)
(-0.0088148666 0.0080915889 -3.9921922e-37)
(-0.0089999996 0.01 -4.219842e-41)
(-0.0088021242 0.01190592 -4.1034595e-32)
(-0.0068501377 0.0041581122 5.0550464e-40)
(-0.0070757534 0.0059489711 2.7883151e-37)
(-0.0070245097 0.0079788894 -3.858283e-33)
(-0.0069961329 0.010003303 -9.6383482e-31)
(-0.0070211529 0.01202129 -4.5172628e-28)
(-0.0070789298 0.014049289 -3.1141631e-23)
(-0.0068460722 0.015836108 2.9480545e-18)
(-0.0047024066 0.0023159779 3.6376775e-45)
(-0.0051086213 0.003880663 5.1762215e-39)
(-0.0051087988 0.016117203 4.0137502e-19)
(-0.0046956193 0.017673387 1.064607e-14)
(-0.003301077 0.0016324335 -2.4564659e-43)
(-0.0033065545 0.018374264 5.893438e-14)
(-0.00099889725 0.0020222399 -2.7441189e-42)
(-0.00099865357 0.017972349 6.7199867e-15)
(0.00099967074 0.0020222995 -1.5974989e-42)
(0.00099987727 0.017972143 6.9317856e-15)
(0.003301077 0.0016324335 -1.4752021e-43)
(0.0033065545 0.018374264 5.9821316e-14)
(0.0047024066 0.0023159779 4.1077672e-45)
(0.0051080266 0.0038798646 7.9715432e-39)
(0.0051107008 0.016115457 2.5160074e-19)
(0.0046956193 0.017673387 1.1338647e-14)
(0.0068501377 0.0041581122 6.7105432e-40)
(0.007075727 0.0059491308 -2.1357684e-37)
(0.0070246901 0.0079773598 -8.9834497e-34)
(0.0069964917 0.0099992442 -7.0682332e-32)
(0.0070210287 0.012022588 -1.7662914e-29)
(0.0070784962 0.014050676 -4.4612721e-23)
(0.006846072 0.015836108 2.7807802e-18)
(0.0088160918 0.008091382 -1.5078126e-38)
(0.0089999996 0.01 2.3190247e-42)
(0.0088021006 0.011905914 -3.5520891e-31)
(-0.0030543275 0.0039207618 0.0009966854)
(0.0030504326 0.0039179872 0.0010002642)
(-0.0030486284 0.016082603 0.00099860746)
(0.0030537659 0.016080227 0.00099909747)
(-0.0030598445 0.0039204676 0.0029964055)
(0.0030510146 0.0039140169 0.0029994066)
(-0.0030534139 0.016084185 0.0029979253)
(0.0030529937 0.016083827 0.0029980923)
(-0.0030546717 0.0039173811 0.0049981921)
(0.003057269 0.0039156853 0.0049990269)
(-0.0030631518 0.016080647 0.0049991759)
(0.0030534848 0.016085161 0.0049983843)
(-0.0030553074 0.0039156838 0.0069986437)
(0.0030629113 0.0039191781 0.0069997628)
(-0.0030562712 0.016083505 0.0069982222)
(0.0030524592 0.01608481 0.0070001684)
(-0.0030623085 0.0039187239 0.0089993063)
(0.003060953 0.0039189484 0.0089994044)
(-0.0030644732 0.016078792 0.0089992898)
(0.0030516403 0.016086353 0.0089999971)
(-0.0030670632 0.0039222502 0.010997653)
(0.0030599069 0.0039195343 0.010999038)
(-0.0030648024 0.016077028 0.010999434)
(0.0030519382 0.016087073 0.0109999)
(-0.0030578006 0.0039179863 0.012999107)
(0.0030511074 0.0039146611 0.013000551)
(-0.0030436223 0.01608642 0.012999505)
(0.0030505622 0.01608685 0.012999283)
(-0.0030605112 0.0039178539 0.014998395)
(0.0030575589 0.0039177046 0.014999839)
(-0.0030493335 0.016085957 0.014999072)
(0.0030499579 0.01608633 0.014999632)
(-0.0030599456 0.0039186742 0.016998491)
(0.0030524993 0.0039157609 0.017001319)
(-0.0030514703 0.016084756 0.016998662)
(0.0030529645 0.016084108 0.01700034)
(-0.0030572151 0.0039178525 0.018999812)
(0.0030531383 0.0039158346 0.019000513)
(-0.0030468885 0.016086801 0.018999002)
(0.0030550412 0.016084161 0.019000231)
(-0.0030539967 0.0039151793 0.020999342)
(0.00305528 0.0039155404 0.021000711)
(-0.0030555701 0.016083931 0.020996813)
(0.0030553276 0.016083583 0.020998464)
(-0.0030586514 0.0039180613 0.02299951)
(0.0030586413 0.0039169604 0.023000586)
(-0.0030589109 0.016080648 0.022998592)
(0.0030540439 0.016083398 0.022997936)
(-0.0030501499 0.0039149189 0.024999659)
(0.0030532841 0.0039138158 0.0250003)
(-0.0030626879 0.016078338 0.025000005)
(0.0030595282 0.016080737 0.024999676)
(-0.0030445357 0.0039138996 0.027000118)
(0.0030541049 0.003914073 0.027000462)
(-0.0030587137 0.016080793 0.02700118)
(0.0030537176 0.016083487 0.026999465)
(-0.0030533175 0.003917236 0.029001131)
(0.0030580874 0.0039165271 0.029001295)
(-0.0030619247 0.016078899 0.028998496)
(0.0030515071 0.016084846 0.028999554)
(-0.003054949 0.0039165698 0.031000987)
(0.003058067 0.0039164259 0.030999311)
(-0.0030518505 0.016083353 0.030998273)
(0.0030571714 0.016081949 0.03100152)
(-0.0030555167 0.0039166058 0.033000438)
(0.0030540653 0.0039146791 0.032998654)
(-0.0030617026 0.016080709 0.032998519)
(0.0030577666 0.016081709 0.033000364)
(-0.0030560144 0.0039163399 0.035001072)
(0.0030565211 0.0039167231 0.034998466)
(-0.0030577094 0.016082179 0.035000253)
(0.0030504517 0.016085625 0.034999106)
(-0.0030613349 0.0039199147 0.037000278)
(0.0030548569 0.0039168177 0.036998752)
(-0.0030577157 0.016082328 0.037000919)
(0.0030497375 0.016085406 0.036999422)
(-0.0030619082 0.0039214927 0.038998969)
(0.0030572474 0.003916545 0.038998889)
(-0.0030563847 0.016082521 0.038999921)
(0.0030508565 0.016085007 0.038999549)
(-0.0030486968 0.0039146563 0.040998643)
(0.0030577876 0.0039157952 0.040999363)
(-0.0030552675 0.016081677 0.040998487)
(0.0030542647 0.016083898 0.041000785)
(-0.0030530408 0.0039147012 0.042999581)
(0.0030625108 0.0039181242 0.043000593)
(-0.0030601496 0.016078523 0.042999581)
(0.0030620401 0.016079376 0.042999843)
(-0.0030529969 0.0039148299 0.044998862)
(0.0030570079 0.0039172238 0.045000362)
(-0.0030537069 0.016082822 0.044999668)
(0.0030509034 0.016084427 0.044999997)
(-0.0030537625 0.0039152977 0.047000926)
(0.0030601755 0.003917676 0.047001747)
(-0.0030496719 0.016085434 0.047001759)
(0.0030506603 0.016084427 0.047000804)
(-0.0030493431 0.0039141577 0.049000019)
(0.0030572392 0.0039156178 0.048998589)
(-0.0030519709 0.01608461 0.049000545)
(0.003048837 0.016085141 0.0490004)
(-0.0030593567 0.0039184045 0.050998297)
(0.0030548829 0.0039150344 0.05099815)
(-0.0030570733 0.016083488 0.050997053)
(0.0030593171 0.016081667 0.050999454)
(-0.0030580616 0.003917376 0.052997952)
(0.003061979 0.0039180158 0.053001174)
(-0.0030545748 0.016085538 0.05299887)
(0.0030628511 0.016079092 0.052999358)
(-0.0030504192 0.0039136956 0.055001117)
(0.0030600903 0.0039176996 0.05500188)
(-0.0030580748 0.016083326 0.055000786)
(0.003052832 0.016083554 0.055000337)
(-0.0030506001 0.0039131025 0.057003479)
(0.0030545194 0.0039155268 0.057002627)
(-0.0030544773 0.016082573 0.057001571)
(0.0030500136 0.016084975 0.057002074)
(-0.0030575658 0.0039151494 0.059009088)
(0.0030547555 0.0039158421 0.059008717)
(-0.0030581295 0.01608086 0.05900791)
(0.003047411 0.016087199 0.059008392)
(-0.0030496419 0.003908745 0.061024491)
(0.0030559584 0.0039121802 0.061026268)
(-0.0030587987 0.016084478 0.061025578)
(0.0030533793 0.016087998 0.061025542)
(-0.0020354389 0.0039499944 1.4663749e-38)
(0.002033587 0.0039483492 9.7850237e-39)
(-0.0030568338 0.004928291 -5.2235851e-36)
(-0.002042837 0.0049431871 0.00099742713)
(0.0030541222 0.0049257665 -4.0045172e-36)
(0.0020388584 0.0049401183 0.00099943891)
(-0.0030537966 0.015073704 4.3386613e-21)
(-0.0020327576 0.016051552 6.9966267e-19)
(-0.0020385974 0.015059361 0.00099798133)
(0.0030572424 0.015072036 2.5177977e-21)
(0.0020360849 0.016050344 4.7401667e-19)
(0.0020422273 0.015057948 0.00099798796)
(-0.0020426515 0.0039489445 0.0019968594)
(0.0020334496 0.0039439123 0.0019998422)
(-0.0030625126 0.004926614 0.0019943574)
(-0.0020454108 0.0049423496 0.0029959649)
(0.0030549125 0.0049208034 0.0019984153)
(0.0020404276 0.0049377155 0.0029982359)
(-0.0030563405 0.015077713 0.0019952752)
(-0.0020352807 0.01605487 0.0019978123)
(-0.0020417626 0.015060885 0.0029962931)
(0.0030600721 0.015075494 0.0019949447)
(0.0020390094 0.016053479 0.0019985258)
(0.0020422922 0.015060615 0.0029961055)
(-0.0020382045 0.0039464478 0.0039975298)
(0.0020385912 0.0039443154 0.0039988405)
(-0.0030607321 0.004925074 0.0039957705)
(-0.0020431196 0.0049407188 0.0049972045)
(0.0030565945 0.0049191517 0.0039975728)
(0.0020441937 0.0049386084 0.0049982352)
(-0.0030593187 0.015078072 0.0039960851)
(-0.00203928 0.016054427 0.0039981298)
(-0.0020458494 0.015059738 0.0049973455)
(0.0030570391 0.015078936 0.0039953378)
(0.0020356469 0.016056238 0.003998207)
(0.0020418024 0.015061683 0.0049970632)
(-0.0020377526 0.0039455891 0.0059986269)
(0.0020433392 0.0039464224 0.0060000451)
(-0.0030589222 0.0049229417 0.0059977854)
(-0.0020434516 0.0049396912 0.0069982448)
(0.0030607567 0.0049212242 0.005998534)
(0.0020471212 0.0049406193 0.0069989978)
(-0.0030609836 0.015077854 0.0059979868)
(-0.0020423391 0.016053271 0.0059988304)
(-0.0020453169 0.015059805 0.0069979472)
(0.0030573098 0.015079203 0.0059977961)
(0.0020377748 0.01605549 0.0059994965)
(0.0020412058 0.015061663 0.0069986933)
(-0.0020418377 0.0039464904 0.0079989445)
(0.0020441072 0.0039475707 0.0079998213)
(-0.0030595334 0.0049213062 0.0079988299)
(-0.0020477193 0.004941333 0.0089988262)
(0.0030631581 0.0049235847 0.007999129)
(0.0020464992 0.0049411715 0.0089991618)
(-0.0030624133 0.015076302 0.007998535)
(-0.0020430262 0.016052677 0.0079982611)
(-0.0020492447 0.015057184 0.0089988585)
(0.0030562617 0.015079964 0.0079991099)
(0.0020365606 0.016056007 0.0079996405)
(0.0020404781 0.015062643 0.0089993555)
(-0.00204964 0.0039498538 0.0099986557)
(0.0020413946 0.0039470512 0.0099990407)
(-0.0030656489 0.0049251592 0.0099989535)
(-0.0020497516 0.0049430451 0.010998553)
(0.0030621916 0.0049244562 0.00999914)
(0.0020448344 0.0049412583 0.010999346)
(-0.0030682288 0.015071952 0.0099997399)
(-0.0020493847 0.016049125 0.0099994455)
(-0.0020476535 0.0150568 0.010999323)
(0.0030547566 0.015081777 0.009999925)
(0.0020363934 0.016056731 0.0099995224)
(0.0020404726 0.015063245 0.010999564)
(-0.0020428775 0.0039476995 0.011998572)
(0.0020370516 0.0039454006 0.011999603)
(-0.003063023 0.0049248621 0.011999042)
(-0.0020462075 0.0049414527 0.012999036)
(0.0030585442 0.004922929 0.012000266)
(0.0020416472 0.004939624 0.013000088)
(-0.0030597988 0.015074987 0.011999532)
(-0.0020346769 0.016054575 0.011999276)
(-0.0020381319 0.015061147 0.012999364)
(0.003055311 0.015081388 0.011999605)
(0.0020368613 0.016056669 0.01199938)
(0.0020393329 0.015063395 0.012999432)
(-0.002044106 0.0039476993 0.013999151)
(0.0020392728 0.0039459986 0.014000005)
(-0.0030617593 0.0049232242 0.013999004)
(-0.0020460616 0.0049408628 0.014998868)
(0.0030585493 0.0049223358 0.014000391)
(0.002043348 0.0049403326 0.015000184)
(-0.0030547268 0.015078812 0.013999416)
(-0.0020307208 0.016056931 0.013999297)
(-0.0020384785 0.015062101 0.014999247)
(0.0030532634 0.01508157 0.013999616)
(0.0020314461 0.016058222 0.013999577)
(0.0020397915 0.015062459 0.014999614)
(-0.0020410513 0.0039465143 0.015998431)
(0.0020392984 0.0039459432 0.01600055)
(-0.0030606767 0.0049230178 0.015998868)
(-0.0020453183 0.0049408337 0.016999072)
(0.0030589277 0.0049226132 0.016000661)
(0.0020420921 0.004939654 0.017000619)
(-0.0030555104 0.015079431 0.015998982)
(-0.0020342489 0.016056151 0.015999035)
(-0.0020395066 0.015061732 0.016999069)
(0.0030575837 0.015078224 0.015999877)
(0.0020378551 0.016055219 0.015999449)
(0.0020419365 0.015060906 0.017000016)
(-0.0020402778 0.0039463157 0.01799934)
(0.0020372825 0.0039450867 0.018000602)
(-0.0030609712 0.0049235521 0.017999833)
(-0.0020440743 0.0049401317 0.018999759)
(0.003058512 0.0049223803 0.018000528)
(0.0020423321 0.0049391791 0.019000393)
(-0.0030555039 0.015078823 0.01799926)
(-0.0020334688 0.016056539 0.017999197)
(-0.0020389533 0.015061984 0.018998996)
(0.0030581051 0.015078343 0.018000416)
(0.0020375114 0.016055112 0.018000682)
(0.0020422083 0.015061236 0.018999864)
(-0.0020382214 0.0039451266 0.019999765)
(0.002039967 0.0039454133 0.01999994)
(-0.0030588565 0.004921955 0.019999954)
(-0.0020425181 0.0049389198 0.020999667)
(0.0030584225 0.0049210433 0.020000639)
(0.0020432065 0.0049388435 0.02100053)
(-0.0030561773 0.015079222 0.019998777)
(-0.0020363742 0.016055472 0.019998117)
(-0.0020425597 0.015060373 0.020998288)
(0.0030573833 0.015079128 0.019999203)
(0.0020363577 0.016055701 0.019999179)
(0.0020424399 0.015060964 0.020998741)
(-0.002038852 0.0039451827 0.021999523)
(0.0020394384 0.0039451967 0.022000685)
(-0.0030584347 0.0049214274 0.021999552)
(-0.002043264 0.0049395665 0.022999652)
(0.0030593625 0.0049214375 0.022000801)
(0.002044148 0.0049389068 0.023000464)
(-0.0030597619 0.015076745 0.021998842)
(-0.0020406976 0.016053208 0.021998121)
(-0.0020457892 0.015057843 0.022998926)
(0.0030583736 0.015078162 0.021998008)
(0.0020374785 0.016054945 0.021997769)
(0.002042704 0.015060042 0.022998601)
(-0.0020365675 0.0039447808 0.024000058)
(0.0020403601 0.0039450096 0.024000052)
(-0.0030574387 0.0049216826 0.023999501)
(-0.0020396603 0.0049386548 0.024999731)
(0.0030583243 0.0049200968 0.024000526)
(0.0020422334 0.0049375902 0.025000345)
(-0.0030647021 0.015073166 0.023999315)
(-0.0020437849 0.016050998 0.023998979)
(-0.0020473078 0.015056894 0.024999866)
(0.0030602801 0.015075932 0.023999161)
(0.0020384785 0.016053989 0.023999316)
(0.0020444868 0.015058793 0.024999495)
(-0.0020322544 0.0039438043 0.025999967)
(0.0020379059 0.0039438294 0.026000089)
(-0.0030558181 0.0049219309 0.025999388)
(-0.0020376474 0.0049386431 0.02700001)
(0.0030561586 0.0049188235 0.026000622)
(0.0020422619 0.0049377153 0.027000456)
(-0.0030631109 0.015074094 0.026000593)
(-0.0020406771 0.016052443 0.026000791)
(-0.0020462967 0.015057816 0.027000463)
(0.0030607295 0.015075867 0.025999546)
(0.0020401094 0.016053343 0.025999618)
(0.002042106 0.015059996 0.026999508)
(-0.0020317907 0.0039438716 0.02800029)
(0.0020389002 0.0039444152 0.02800064)
(-0.0030566024 0.0049231833 0.028000174)
(-0.002041169 0.0049399804 0.029000497)
(0.0030573036 0.0049199358 0.028000781)
(0.0020444772 0.0049391378 0.029000665)
(-0.0030645579 0.015073662 0.028000111)
(-0.002042808 0.016051817 0.028000132)
(-0.0020467217 0.015057759 0.028999369)
(0.0030569466 0.015077766 0.027999043)
(0.002034916 0.016055706 0.027999655)
(0.0020411224 0.015060749 0.028999837)
(-0.0020390333 0.0039464413 0.030000327)
(0.0020427427 0.0039461355 0.030000402)
(-0.0030603999 0.0049238255 0.030000756)
(-0.0020429601 0.0049399284 0.031000492)
(0.0030605568 0.0049219156 0.030000557)
(0.0020450254 0.0049392011 0.030999747)
(-0.003062311 0.015074722 0.029999081)
(-0.002038909 0.016053532 0.029998773)
(-0.002043642 0.015059378 0.030998898)
(0.0030582806 0.01507743 0.030000321)
(0.0020370605 0.016054996 0.030001028)
(0.002043649 0.015059581 0.031000854)
(-0.002038819 0.0039458478 0.032000216)
(0.0020404952 0.0039450557 0.031999097)
(-0.0030594952 0.0049224517 0.032000564)
(-0.0020430554 0.0049395499 0.033000357)
(0.0030590898 0.0049205882 0.031999579)
(0.0020432075 0.0049382885 0.03299916)
(-0.0030614715 0.015075829 0.031998667)
(-0.0020391221 0.016053913 0.031998667)
(-0.0020459664 0.015059199 0.032999113)
(0.0030614035 0.015075668 0.032000758)
(0.0020404193 0.016053453 0.032001757)
(0.0020437303 0.015059678 0.03300031)
(-0.0020389519 0.0039455346 0.034000467)
(0.0020397358 0.0039449717 0.033998729)
(-0.0030590861 0.0049217636 0.034000625)
(-0.0020437564 0.0049396318 0.035000486)
(0.0030586704 0.0049208754 0.033999008)
(0.0020436749 0.004939412 0.034998971)
(-0.0030612236 0.015077121 0.033999444)
(-0.0020415715 0.016053527 0.033999651)
(-0.0020451693 0.015059584 0.035000108)
(0.0030583766 0.015077799 0.03399948)
(0.0020369776 0.016055123 0.033999931)
(0.0020402624 0.015061662 0.034999521)
(-0.0020401493 0.0039462298 0.036000428)
(0.0020373687 0.0039449152 0.035999014)
(-0.0030603768 0.0049226175 0.036000582)
(-0.0020464355 0.0049416331 0.036999871)
(0.0030593961 0.0049232395 0.035998992)
(0.0020439511 0.0049401375 0.036998918)
(-0.0030604351 0.015077086 0.036000335)
(-0.0020407928 0.016053668 0.036000655)
(-0.0020447313 0.015059446 0.037000478)
(0.0030550563 0.015079791 0.035999329)
(0.002033657 0.016056742 0.035999369)
(0.0020394536 0.015061716 0.036999558)
(-0.0020437734 0.0039486555 0.037998855)
(0.0020425672 0.0039466191 0.037998347)
(-0.0030651565 0.0049266192 0.037999562)
(-0.002046078 0.0049423195 0.038999166)
(0.0030611301 0.0049232483 0.037998682)
(0.0020446687 0.0049395685 0.038999147)
(-0.0030592776 0.015077192 0.037999963)
(-0.0020396848 0.016053932 0.038000952)
(-0.0020444634 0.015058992 0.038999974)
(0.0030564741 0.015078404 0.037999516)
(0.0020350502 0.016055888 0.03799952)
(0.0020403931 0.015061017 0.038999746)
(-0.0020376615 0.0039461085 0.039998673)
(0.0020399063 0.0039448999 0.039999479)
(-0.0030606349 0.0049247121 0.039999033)
(-0.0020403452 0.0049392086 0.040999195)
(0.0030583844 0.0049203273 0.039999568)
(0.0020450368 0.0049388014 0.040999698)
(-0.0030608995 0.015075303 0.039999482)
(-0.0020409574 0.016052881 0.039999596)
(-0.0020445226 0.015057906 0.04099928)
(0.0030571387 0.01507796 0.040000043)
(0.0020352637 0.016055609 0.040000065)
(0.0020433016 0.015059717 0.041000229)
(-0.002033782 0.0039435766 0.041999609)
(0.0020437473 0.003946179 0.041999922)
(-0.0030553209 0.0049207251 0.041999615)
(-0.0020403069 0.0049381308 0.042999619)
(0.0030604006 0.0049204229 0.041999912)
(0.0020468002 0.0049396295 0.043000249)
(-0.0030624433 0.015073317 0.041999543)
(-0.0020401467 0.016052222 0.041999139)
(-0.0020455864 0.015056819 0.042999602)
(0.0030629179 0.015075179 0.042000436)
(0.0020446282 0.016051646 0.042000381)
(0.0020461221 0.015057884 0.042999982)
(-0.0020368676 0.0039444103 0.043999276)
(0.002042761 0.0039463564 0.044000437)
(-0.0030559949 0.0049197939 0.043999631)
(-0.0020408921 0.0049381731 0.044999547)
(0.00306178 0.0049221776 0.04400045)
(0.0020452766 0.0049397444 0.045000427)
(-0.003062422 0.015073454 0.043999389)
(-0.0020405008 0.016052002 0.043999714)
(-0.0020422622 0.015059047 0.045000016)
(0.0030600655 0.015075638 0.043999657)
(0.0020377773 0.016054049 0.043999861)
(0.0020418494 0.015059847 0.045000078)
(-0.0020373989 0.0039447023 0.045999925)
(0.0020400362 0.0039456791 0.04600115)
(-0.0030569456 0.0049204652 0.045999669)
(-0.0020410828 0.0049384266 0.047000239)
(0.0030614379 0.0049226573 0.046000622)
(0.0020455367 0.0049395916 0.047000629)
(-0.0030560919 0.015077816 0.046000432)
(-0.0020342048 0.016055557 0.046000906)
(-0.002039453 0.015061159 0.047000883)
(0.0030588408 0.015076578 0.046000433)
(0.002036973 0.016054586 0.046000392)
(0.0020405027 0.015060718 0.047000531)
(-0.0020359976 0.0039443211 0.048000724)
(0.0020428464 0.0039460638 0.047999993)
(-0.0030565312 0.0049207876 0.047999867)
(-0.0020401896 0.0049384416 0.048999822)
(0.0030605065 0.0049210656 0.0479998)
(0.0020446385 0.004938579 0.048999158)
(-0.0030558486 0.015078635 0.048001022)
(-0.0020335005 0.016056228 0.048000874)
(-0.0020401278 0.015061519 0.049000168)
(0.0030562845 0.015077718 0.048000624)
(0.0020320032 0.016056752 0.048000556)
(0.0020405445 0.015060977 0.049000286)
(-0.0020361014 0.0039446745 0.049999598)
(0.0020397618 0.0039445773 0.049997692)
(-0.003057772 0.0049219646 0.049999031)
(-0.0020437155 0.0049399446 0.050998905)
(0.0030585104 0.0049198759 0.049998563)
(0.0020439692 0.0049383609 0.050999047)
(-0.0030568659 0.015079147 0.049999314)
(-0.0020357928 0.016055815 0.049998939)
(-0.0020428911 0.015061164 0.05099857)
(0.0030593689 0.015077135 0.050000075)
(0.002038231 0.016054614 0.049999956)
(0.002045991 0.01505905 0.05099986)
(-0.0020408513 0.0039462554 0.05199819)
(0.002042318 0.003945867 0.051999863)
(-0.0030599937 0.0049224824 0.051998366)
(-0.0020437673 0.0049396095 0.052999131)
(0.003060518 0.0049208733 0.051999972)
(0.0020469921 0.0049398684 0.053000774)
(-0.0030580946 0.015080095 0.05199847)
(-0.0020421812 0.016054183 0.051997568)
(-0.0020422308 0.015061932 0.052999274)
(0.0030645737 0.015074731 0.052000004)
(0.0020459537 0.016051426 0.051999575)
(0.0020475831 0.015057873 0.052999867)
(-0.0020392446 0.0039453505 0.054000142)
(0.0020450469 0.0039470564 0.054002006)
(-0.0030586336 0.0049212983 0.053999643)
(-0.0020399734 0.0049373719 0.055001174)
(0.0030626194 0.0049225921 0.054001137)
(0.0020467894 0.0049400783 0.055001772)
(-0.0030561123 0.015080442 0.054000091)
(-0.0020361218 0.016056203 0.053999722)
(-0.0020429855 0.015061003 0.055000858)
(0.0030624888 0.015074843 0.054000094)
(0.0020400619 0.016053238 0.053999432)
(0.0020432306 0.01505975 0.055000898)
(-0.0020325497 0.0039422614 0.056002329)
(0.0020430412 0.0039463463 0.056001859)
(-0.0030544663 0.0049187915 0.056001667)
(-0.0020392442 0.0049364705 0.057003949)
(0.0030613157 0.0049222706 0.056001788)
(0.0020439871 0.0049389828 0.0570037)
(-0.0030594102 0.015077491 0.05600141)
(-0.0020385864 0.016054512 0.056000984)
(-0.0020434624 0.015059609 0.05700296)
(0.0030590657 0.01507709 0.056001832)
(0.0020379238 0.016054527 0.056001818)
(0.0020405049 0.015061164 0.05700337)
(-0.0020351433 0.0039426645 0.058005889)
(0.002037508 0.0039441096 0.058005328)
(-0.003056294 0.0049191776 0.05800569)
(-0.0020414774 0.0049363108 0.059009856)
(0.0030589321 0.004921581 0.058005811)
(0.0020427709 0.0049380387 0.059009976)
(-0.0030622696 0.015074873 0.058005044)
(-0.002038994 0.016053785 0.058004553)
(-0.0020453231 0.015058997 0.059009343)
(0.0030560409 0.015079 0.0580051)
(0.0020334014 0.016056775 0.058005249)
(0.0020387362 0.015062824 0.059009618)
(-0.0020353274 0.0039404799 0.060015164)
(0.0020377021 0.0039424488 0.060015757)
(-0.003055623 0.004917061 0.060014929)
(-0.0020394047 0.0049328949 0.061020487)
(0.003059636 0.0049208067 0.060015701)
(0.0020421077 0.0049348261 0.061021603)
(-0.0030638918 0.015074942 0.060015352)
(-0.0020403068 0.016055042 0.060015108)
(-0.0020461051 0.015061674 0.061021099)
(0.0030552335 0.015080845 0.060015338)
(0.002033955 0.016058518 0.060015561)
(0.0020411483 0.015063835 0.061021122)
(-0.0020382876 0.0039477555 0.00099792562)
(-0.0030606497 0.0049254508 0.00099610847)
(-0.0030621249 0.0039220415 0.0019954702)
(0.0020345452 0.0039450894 0.0010002609)
(0.0030562378 0.004921717 0.000999431)
(0.0030487015 0.0039150622 0.0019999382)
(-0.00305589 0.015077692 0.00099752396)
(0.003060075 0.015075481 0.0009973888)
(-0.002033609 0.01605481 0.00099882423)
(-0.0030517219 0.016083327 0.0019975704)
(0.0020378409 0.016053232 0.00099915868)
(0.0030573034 0.016080639 0.0019985816)
(-0.0020421088 0.0039472166 0.0029971842)
(-0.0030640296 0.0049249189 0.0029949748)
(-0.0030544305 0.0039183464 0.0039970941)
(0.0020365146 0.0039429073 0.0029994602)
(0.0030566829 0.0049179597 0.0029981879)
(0.0030534639 0.0039145479 0.0039985872)
(-0.0030587897 0.01507997 0.00299592)
(0.0030599318 0.015078807 0.0029953242)
(-0.0020377841 0.01605585 0.0029979691)
(-0.0030550492 0.016083269 0.003998238)
(0.0020376562 0.016055999 0.0029983247)
(0.0030500365 0.016085404 0.0039979844)
(-0.0020387244 0.0039452137 0.0049982352)
(-0.0030609338 0.0049224353 0.0049971819)
(-0.0030537093 0.0039170056 0.0059987677)
(0.0020424074 0.0039446304 0.0049993361)
(0.0030600393 0.0049185098 0.0049981036)
(0.003059645 0.0039172677 0.0060002633)
(-0.0030631841 0.015078794 0.0049975535)
(0.0030582404 0.01508111 0.0049969362)
(-0.002044848 0.016053393 0.004998877)
(-0.0030592409 0.016081951 0.0059992087)
(0.0020387497 0.016056404 0.0049986458)
(0.0030536301 0.016084278 0.0059997384)
(-0.0020404849 0.0039449714 0.0069987496)
(-0.0030594795 0.0049195661 0.0069984142)
(-0.0030571746 0.0039167363 0.007999199)
(0.0020455517 0.0039467172 0.0069999301)
(0.0030644393 0.0049216253 0.0069989235)
(0.0030616382 0.0039194007 0.00799983)
(-0.0030616864 0.015079412 0.0069982004)
(0.0030583026 0.015080646 0.0069988247)
(-0.0020418332 0.016054496 0.0069983639)
(-0.0030589052 0.01608147 0.0079981247)
(0.002037262 0.016056603 0.0069999082)
(0.0030521415 0.016085065 0.0079997335)
(-0.0020467215 0.0039473706 0.0089990583)
(-0.0030640019 0.0049214743 0.008999145)
(-0.0030675518 0.0039218067 0.0099987358)
(0.0020439149 0.0039466439 0.008999523)
(0.0030641585 0.0049223672 0.0089992267)
(0.0030578185 0.0039188088 0.0099988018)
(-0.0030672013 0.015075262 0.0089993132)
(0.0030565651 0.015082628 0.0089997507)
(-0.0020475801 0.016051415 0.0089989618)
(-0.0030706472 0.016075065 0.010000085)
(0.0020373128 0.016057214 0.0089997061)
(0.0030507756 0.016086715 0.0099997718)
(-0.0020489588 0.0039489794 0.010998055)
(-0.0030677484 0.004924887 0.010998668)
(-0.0030580104 0.0039188094 0.011998764)
(0.0020421306 0.0039464225 0.010999049)
(0.0030632721 0.004923299 0.010999685)
(0.0030521253 0.0039163719 0.011999845)
(-0.0030674337 0.015073456 0.010999707)
(0.0030559937 0.0150836 0.011000014)
(-0.002045008 0.016051469 0.010999188)
(-0.0030515967 0.016082202 0.01199955)
(0.0020378986 0.016057518 0.010999552)
(0.003052493 0.016085875 0.011999398)
(-0.0020426705 0.0039463803 0.012998952)
(-0.00306313 0.0049224921 0.012999164)
(-0.0030613979 0.0039189268 0.01399914)
(0.0020372459 0.0039441201 0.013000106)
(0.003058166 0.0049200356 0.013000516)
(0.0030560144 0.0039172293 0.014000128)
(-0.0030563734 0.015079178 0.012999561)
(0.0030554559 0.015083209 0.012999424)
(-0.0020294107 0.016058006 0.012999273)
(-0.0030475732 0.016085269 0.013999243)
(0.0020352417 0.016058145 0.012999417)
(0.003044835 0.016088156 0.013999717)
(-0.0020442948 0.0039465386 0.014998675)
(-0.0030624388 0.004921226 0.01499867)
(-0.0030565742 0.0039172978 0.01599826)
(0.0020407307 0.0039455796 0.014999986)
(0.0030608302 0.0049213799 0.015000428)
(0.0030558256 0.0039172304 0.01600076)
(-0.0030557336 0.015081279 0.014999241)
(0.003056202 0.015081777 0.014999818)
(-0.0020334295 0.016057434 0.014999239)
(-0.0030516112 0.016084737 0.015998658)
(0.0020352925 0.016057579 0.01499947)
(0.0030541535 0.016083609 0.01599941)
(-0.0020423547 0.0039461104 0.01699847)
(-0.0030630274 0.0049224199 0.016999292)
(-0.0030566759 0.0039178151 0.017999764)
(0.0020376157 0.0039441887 0.017000907)
(0.0030594569 0.0049209905 0.017000816)
(0.0030544404 0.0039169518 0.018000807)
(-0.0030571801 0.015080398 0.016998899)
(0.0030593068 0.015079284 0.017000223)
(-0.0020350538 0.016056925 0.016998985)
(-0.0030492973 0.016084955 0.017999358)
(0.0020376503 0.016056057 0.017000075)
(0.0030541866 0.016083585 0.018001244)
(-0.0020404112 0.0039452296 0.018999652)
(-0.0030619642 0.0049218587 0.018999973)
(-0.003054274 0.0039162915 0.019999884)
(0.0020382128 0.0039440935 0.019000307)
(0.0030595235 0.0049203031 0.019000604)
(0.0030564721 0.0039164733 0.0199999)
(-0.0030557764 0.015081172 0.018999233)
(0.0030590204 0.015080593 0.018999942)
(-0.0020332089 0.016057779 0.018998773)
(-0.0030525968 0.016084468 0.019998037)
(0.0020388373 0.01605588 0.019000104)
(0.0030513847 0.016084821 0.019998988)
(-0.0020387383 0.0039440472 0.020999467)
(-0.0030591427 0.0049195144 0.020999716)
(-0.0030547616 0.0039161492 0.02199942)
(0.0020401873 0.003944329 0.021000448)
(0.0030596838 0.0049192939 0.021000895)
(0.0030562323 0.0039168361 0.022001012)
(-0.0030588632 0.015080186 0.020998378)
(0.0030597168 0.015079958 0.020998586)
(-0.0020398683 0.01605506 0.020997398)
(-0.0030569062 0.016082227 0.021998146)
(0.0020390191 0.016055685 0.020998588)
(0.0030535199 0.016083735 0.021996883)
(-0.0020412098 0.0039453038 0.022999693)
(-0.0030608835 0.0049209834 0.022999445)
(-0.0030522289 0.0039160386 0.024000063)
(0.0020420492 0.003944824 0.02300045)
(0.0030609804 0.004919723 0.023000635)
(0.0030561681 0.0039159126 0.023999975)
(-0.0030637043 0.015076029 0.022999103)
(0.0030604736 0.015078479 0.022998327)
(-0.0020426527 0.016052901 0.022998547)
(-0.0030633404 0.016077857 0.023998843)
(0.0020383169 0.016055391 0.022998334)
(0.0030549678 0.016082088 0.02399951)
(-0.0020345334 0.0039432113 0.024999993)
(-0.0030572104 0.00491983 0.024999297)
(-0.0030504283 0.0039160155 0.025999504)
(0.0020391532 0.0039432266 0.025000138)
(0.0030577039 0.0049173017 0.025000671)
(0.0030529214 0.0039141339 0.026000255)
(-0.0030663118 0.015074335 0.024999907)
(0.0030628165 0.015076811 0.024999555)
(-0.0020442293 0.016051897 0.024999899)
(-0.0030571561 0.0160805 0.026001283)
(0.0020418 0.01605367 0.02499954)
(0.0030582741 0.016081047 0.02599959)
(-0.0020299203 0.0039420605 0.027000251)
(-0.0030560035 0.0049207124 0.026999727)
(-0.0030483788 0.0039160171 0.028000193)
(0.0020396229 0.003943388 0.027000316)
(0.0030576414 0.0049174552 0.027000676)
(0.0030532408 0.0039145775 0.028000816)
(-0.0030644474 0.01507595 0.027000605)
(0.0030598166 0.015078515 0.026999164)
(-0.002042178 0.016053166 0.027000887)
(-0.0030615616 0.016078697 0.028000137)
(0.0020377154 0.016055534 0.026999658)
(0.0030493779 0.016084849 0.027999192)
(-0.0020360703 0.003944421 0.029000507)
(-0.0030599196 0.0049221298 0.029000856)
(-0.0030586098 0.0039194377 0.030000627)
(0.0020423229 0.0039448557 0.029000876)
(0.0030609006 0.0049199485 0.029000923)
(0.0030589534 0.0039174245 0.030000748)
(-0.003065865 0.015075145 0.028999378)
(0.0030582818 0.015079606 0.028999333)
(-0.0020431451 0.016052772 0.028998951)
(-0.0030561646 0.016080917 0.029998678)
(0.0020367455 0.016056274 0.029000086)
(0.0030525964 0.016083907 0.030001172)
(-0.0020392022 0.0039450118 0.031000584)
(-0.0030604083 0.0049209542 0.031000682)
(-0.0030563478 0.0039176294 0.032000422)
(0.0020430747 0.0039450287 0.030999341)
(0.0030613878 0.0049198381 0.030999898)
(0.0030567198 0.003916092 0.031999208)
(-0.0030617801 0.015077207 0.030998777)
(0.0030619013 0.015077526 0.031000789)
(-0.0020374364 0.016055471 0.030998549)
(-0.0030562938 0.016081458 0.031998282)
(0.0020401303 0.016054699 0.031001521)
(0.0030582576 0.016081039 0.032002107)
(-0.0020392984 0.0039447755 0.033000236)
(-0.0030603687 0.0049203921 0.033000614)
(-0.0030556172 0.0039168334 0.034000656)
(0.0020396004 0.0039436221 0.032998799)
(0.003059249 0.0049184562 0.032999218)
(0.0030553401 0.0039159619 0.033998574)
(-0.003063663 0.015077791 0.03299886)
(0.0030621587 0.015077666 0.033000023)
(-0.0020437274 0.016053628 0.032998878)
(-0.003058143 0.016082033 0.0339995)
(0.0020403375 0.0160546 0.033000692)
(0.0030533422 0.016083568 0.03399953)
(-0.0020405378 0.003944991 0.03500071)
(-0.0030604945 0.004920063 0.035000709)
(-0.0030560992 0.0039172189 0.036000919)
(0.0020405498 0.0039446126 0.034998697)
(0.0030608278 0.0049207318 0.034998929)
(0.0030521583 0.0039163704 0.035998988)
(-0.0030623181 0.015078397 0.035000113)
(0.0030574156 0.015080772 0.034999265)
(-0.002041831 0.016054407 0.035000323)
(-0.0030568381 0.016082312 0.036000613)
(0.0020356386 0.016057008 0.034999471)
(0.0030485945 0.016086261 0.035999157)
(-0.0020436254 0.0039470303 0.036999668)
(-0.0030647881 0.0049235147 0.037000278)
(-0.0030635094 0.0039222489 0.037998827)
(0.0020399392 0.0039447606 0.036998784)
(0.0030614412 0.0049220328 0.036998842)
(0.0030601666 0.0039186352 0.03799773)
(-0.0030614703 0.015078511 0.0370002)
(0.0030570719 0.01508031 0.03699947)
(-0.0020420337 0.016054209 0.037001068)
(-0.0030541957 0.016083266 0.038000704)
(0.0020343133 0.016057295 0.036999528)
(0.0030517052 0.016084465 0.037999351)
(-0.002042667 0.0039473842 0.038998898)
(-0.003065807 0.0049253665 0.038999265)
(-0.0030552111 0.003918526 0.039998352)
(0.0020422111 0.0039450417 0.038999023)
(0.0030611009 0.0049202737 0.03899915)
(0.0030536648 0.0039148605 0.0399994)
(-0.0030612941 0.015077963 0.038999671)
(0.003057958 0.015079585 0.038999653)
(-0.0020413616 0.016054172 0.039000276)
(-0.0030574248 0.016081116 0.039999495)
(0.002035564 0.016056672 0.038999681)
(0.0030504463 0.016084787 0.040000239)
(-0.0020344005 0.0039432207 0.040998919)
(-0.0030580081 0.0049207911 0.040999161)
(-0.0030486433 0.003914149 0.041999693)
(0.0020430682 0.0039447955 0.040999728)
(0.0030606105 0.0049186707 0.040999642)
(0.0030595231 0.0039167899 0.041999484)
(-0.003062496 0.01507597 0.040999256)
(0.0030603343 0.015078877 0.041000394)
(-0.0020400892 0.016053755 0.040998777)
(-0.0030572541 0.01607986 0.041999227)
(0.0020394859 0.016055031 0.04100036)
(0.0030643607 0.016079044 0.042000894)
(-0.0020371836 0.0039435083 0.04299957)
(-0.0030568786 0.0049184028 0.042999696)
(-0.003053293 0.0039151545 0.043999252)
(0.002045584 0.0039460683 0.04300032)
(0.0030631761 0.0049199574 0.043000462)
(0.0030596533 0.0039180053 0.044000671)
(-0.0030650508 0.015073918 0.042999652)
(0.0030646172 0.015075642 0.042999941)
(-0.0020419621 0.016052308 0.042999503)
(-0.0030595507 0.016078775 0.043999294)
(0.0020440409 0.016052654 0.042999945)
(0.0030538081 0.016082543 0.043999589)
(-0.0020375477 0.0039436058 0.044999138)
(-0.0030575656 0.0049184945 0.044999594)
(-0.0030544802 0.0039159308 0.045999601)
(0.0020412094 0.003944966 0.045000463)
(0.0030627516 0.0049212242 0.045000421)
(0.0030577277 0.0039178675 0.046001235)
(-0.0030600428 0.015077533 0.044999701)
(0.0030594424 0.015078338 0.044999975)
(-0.002037997 0.016054702 0.045000132)
(-0.0030491415 0.01608487 0.046000894)
(0.0020361432 0.016055926 0.045000125)
(0.0030553587 0.016082129 0.046000471)
(-0.0020378219 0.0039438255 0.047000845)
(-0.0030580402 0.0049190034 0.047000017)
(-0.0030524918 0.0039155878 0.048000649)
(0.0020427777 0.0039453888 0.047001333)
(0.0030627351 0.0049206183 0.047000619)
(0.003059527 0.0039171272 0.047999789)
(-0.0030565398 0.015080196 0.047001057)
(0.0030584129 0.01507895 0.047000755)
(-0.0020346198 0.016056799 0.047001299)
(-0.0030497917 0.01608463 0.048001399)
(0.0020347492 0.01605663 0.047000586)
(0.003047051 0.016085386 0.048000646)
(-0.0020350116 0.0039429756 0.049000195)
(-0.0030572832 0.0049194216 0.048999493)
(-0.0030522304 0.0039160223 0.049999502)
(0.0020423104 0.0039445042 0.048998763)
(0.0030606068 0.0049187406 0.048999138)
(0.0030546482 0.003915087 0.049996788)
(-0.0030576432 0.015080489 0.049000438)
(0.0030583071 0.015079116 0.049000315)
(-0.002035485 0.016056731 0.049000167)
(-0.0030510253 0.016084882 0.04999878)
(0.0020340392 0.016057116 0.049000342)
(0.0030544898 0.016083092 0.049999949)
(-0.0020415319 0.0039456378 0.050998696)
(-0.0030615381 0.004921376 0.050998522)
(-0.0030576591 0.0039176426 0.05199748)
(0.0020403679 0.0039439039 0.05099844)
(0.0030600841 0.0049185092 0.05099898)
(0.003058596 0.0039169356 0.052000037)
(-0.0030597906 0.015080496 0.050998395)
(0.0030633919 0.015077522 0.050999934)
(-0.0020409683 0.016055301 0.050997736)
(-0.0030588191 0.016083481 0.051996771)
(0.0020433868 0.016053715 0.050999605)
(0.003064582 0.016078795 0.051999648)
(-0.0020414435 0.0039452899 0.052998678)
(-0.0030612563 0.0049208617 0.052998635)
(-0.0030570659 0.0039172393 0.053999759)
(0.0020456137 0.0039461477 0.053001001)
(0.0030635629 0.0049204597 0.053000695)
(0.003061316 0.0039184097 0.054002323)
(-0.003057892 0.015082315 0.052999293)
(0.0030661064 0.015075464 0.052999979)
(-0.0020399897 0.01605613 0.052998823)
(-0.003049904 0.016086253 0.053999667)
(0.0020453157 0.016052406 0.052999387)
(0.0030574051 0.016080525 0.053999001)
(-0.0020354059 0.0039424798 0.055001359)
(-0.0030567971 0.0049178062 0.055000641)
(-0.0030480442 0.0039130663 0.056001755)
(0.0020446009 0.0039459088 0.055001998)
(0.0030634382 0.0049210778 0.055001268)
(0.0030597598 0.0039179427 0.056001258)
(-0.0030597806 0.015080511 0.05500087)
(0.0030608593 0.015078082 0.055000799)
(-0.0020409263 0.016055248 0.055000609)
(-0.00305502 0.016083015 0.056000653)
(0.0020382659 0.016055327 0.055000455)
(0.0030557897 0.016082232 0.056001833)
(-0.0020347889 0.0039416604 0.05700387)
(-0.0030560911 0.004917065 0.057003309)
(-0.0030516682 0.0039141091 0.058005272)
(0.002040165 0.0039441298 0.057003007)
(0.0030605761 0.0049200271 0.057003315)
(0.0030530842 0.0039156135 0.058004812)
(-0.0030619252 0.015077402 0.057002542)
(0.0030582692 0.015079613 0.057002803)
(-0.0020382887 0.016055216 0.057002114)
(-0.0030573653 0.016080695 0.058003868)
(0.0020350361 0.016056892 0.057002829)
(0.0030497105 0.016085113 0.058004333)
(-0.0020394446 0.003942379 0.059009625)
(-0.0030587785 0.0049172913 0.059009493)
(-0.0030506347 0.0039116909 0.060014784)
(0.0020380779 0.0039428507 0.059009473)
(0.0030608101 0.0049200787 0.05900975)
(0.0030551755 0.0039152902 0.060015374)
(-0.0030646848 0.015076003 0.059009167)
(0.0030560337 0.015081818 0.059009224)
(-0.0020405847 0.016054696 0.059008653)
(-0.0030582779 0.01608133 0.060014875)
(0.0020328987 0.016058768 0.059009215)
(0.0030495867 0.016087338 0.060015309)
(-0.002034441 0.0039366036 0.061023633)
(-0.0030562669 0.0049144178 0.06102222)
(0.0020385053 0.00393889 0.06102514)
(0.0030600768 0.0049173913 0.061023485)
(-0.0030653053 0.015078009 0.061023209)
(0.0030585344 0.015081933 0.061023077)
(-0.0020413926 0.016058528 0.061024347)
(0.0020371909 0.016060466 0.061024474)
(-0.003051866 0.003924131 1.324768e-38)
(-0.0030494733 0.016077912 8.1691993e-19)
(0.0030500512 0.0039224803 9.4389074e-39)
(0.0030527771 0.016076391 5.5341246e-19)
)


// ************************************************************************* //
