/*--------------------------------*- C++ -*----------------------------------*\
| =========                 |                                                 |
| \\      /  F ield         | OpenFOAM: The Open Source CFD Toolbox           |
|  \\    /   O peration     | Version:  2606                                  |
|   \\  /    A nd           | Website:  www.openfoam.com                      |
|    \\/     M anipulation  |                                                 |
\*---------------------------------------------------------------------------*/
FoamFile
{
    version     2.0;
    format      ascii;
    arch        "LSB;label=32;scalar=64";
    class       labelList;
    location    "constant/cell5/polyMesh";
    object      faceRegionAddressing;
}
// * * * * * * * * * * * * * * * * * * * * * * * * * * * * * * * * * * * * * //


31591
(
4336
4337
4338
4339
4341
4342
4343
4344
4346
4348
4349
4677
4678
4679
4680
4681
4682
4683
4684
4685
4686
4687
4688
4689
4690
4691
4692
4693
4694
4695
4696
4697
4698
4699
4700
4701
4702
4703
4704
4705
4706
4707
4708
4709
4710
4711
4712
4713
4714
5039
5040
5041
5042
5043
5044
5045
5046
5047
5048
5049
5050
5051
5052
5053
5054
5055
5056
5057
5058
5059
5060
5061
5062
5063
5064
5065
5066
5067
5068
5069
5070
5071
5072
5073
5074
5075
5076
5077
5078
5079
5080
5081
5082
5083
5084
5085
5086
5374
5375
5376
5377
5378
5379
5380
5381
5382
5383
5384
5385
5386
5387
5388
5389
5390
5391
5392
5393
5394
5395
5396
5397
5398
5399
5400
5401
5402
5403
5404
5405
5406
5407
5409
5411
5412
5694
5695
5696
5697
5698
5699
5700
5701
5702
5703
5704
5705
5706
5707
5708
5709
5710
5711
5712
5713
5714
5715
5716
5717
5718
5719
5720
5721
5722
5723
5724
5725
5726
5727
5728
5729
5731
5732
6015
6016
6017
6018
6019
6020
6021
6022
6023
6024
6025
6026
6027
6028
6029
6030
6031
6032
6033
6034
6035
6036
6037
6038
6039
6040
6041
6042
6043
6044
6045
6046
6047
6048
6049
6050
6052
6053
6362
6364
6365
6366
6367
6368
6369
6370
6371
6372
6373
6374
6375
6376
6377
6378
6379
6380
6381
6382
6383
6384
6385
6386
6387
6388
6389
6390
6391
6392
6393
6394
6395
6396
6397
6398
6399
6400
6401
6402
6403
6404
6405
6406
6407
6720
6721
6722
6723
6724
6725
6726
6727
6728
6729
6730
6731
6732
6733
6734
6735
6736
6737
6738
6739
6740
6741
6742
6743
6744
6745
6746
6747
6748
6749
6750
6751
6752
6753
6754
6755
6758
7082
7083
7085
7086
7087
7088
7089
7090
7091
7092
7093
7094
7095
7096
7097
7098
7099
7100
7101
7104
12359
12361
12362
12363
12364
12365
12367
12368
12369
12370
12371
12373
12375
12376
12722
12725
12726
12727
12728
12729
12730
12731
12732
12733
12734
12735
12736
12737
12738
12739
12740
12741
12742
12743
12744
12745
12746
12747
12748
12749
12750
12751
12752
12753
12754
12755
12756
12757
12758
12759
12760
12761
12762
12763
12764
12765
13099
13102
13103
13104
13105
13106
13107
13108
13109
13110
13111
13112
13113
13114
13115
13116
13117
13118
13119
13120
13121
13122
13123
13124
13125
13126
13127
13128
13129
13130
13131
13132
13133
13134
13135
13136
13137
13138
13139
13140
13141
13142
13143
13144
13145
13146
13147
13148
13149
13150
13449
13450
13451
13452
13453
13454
13455
13456
13457
13458
13459
13460
13461
13462
13463
13464
13465
13466
13467
13468
13469
13470
13471
13472
13473
13474
13475
13476
13477
13478
13479
13480
13481
13482
13483
13484
13485
13487
13489
13490
13783
13784
13785
13786
13787
13788
13789
13790
13791
13792
13793
13794
13795
13796
13797
13798
13799
13800
13801
13802
13803
13804
13805
13806
13807
13808
13809
13810
13811
13812
13813
13814
13815
13816
13817
13818
13819
13820
13821
13823
13824
14118
14119
14120
14121
14122
14123
14124
14125
14126
14127
14128
14129
14130
14131
14132
14133
14134
14135
14136
14137
14138
14139
14140
14141
14142
14143
14144
14145
14146
14147
14148
14149
14150
14151
14152
14153
14154
14155
14156
14158
14159
14478
14479
14481
14482
14483
14484
14485
14486
14487
14488
14489
14490
14491
14492
14493
14494
14495
14496
14497
14498
14499
14500
14501
14502
14503
14504
14505
14506
14507
14508
14509
14510
14511
14512
14513
14514
14515
14516
14517
14518
14519
14520
14521
14522
14523
14524
14525
14857
14858
14859
14860
14861
14862
14863
14864
14865
14866
14867
14868
14869
14870
14871
14872
14873
14874
14875
14876
14877
14878
14879
14880
14881
14882
14883
14884
14885
14886
14887
14888
14889
14890
14891
14892
14893
14894
14895
14896
14897
14900
15243
15244
15245
15247
15248
15249
15250
15251
15252
15253
15254
15255
15256
15257
15258
15259
15260
15261
15262
15263
15264
15265
15266
15267
15270
20544
20546
20547
20548
20549
20550
20552
20553
20554
20555
20556
20558
20560
20561
20907
20910
20911
20912
20913
20914
20915
20916
20917
20918
20919
20920
20921
20922
20923
20924
20925
20926
20927
20928
20929
20930
20931
20932
20933
20934
20935
20936
20937
20938
20939
20940
20941
20942
20943
20944
20945
20946
20947
20948
20949
20950
21284
21287
21288
21289
21290
21291
21292
21293
21294
21295
21296
21297
21298
21299
21300
21301
21302
21303
21304
21305
21306
21307
21308
21309
21310
21311
21312
21313
21314
21315
21316
21317
21318
21319
21320
21321
21322
21323
21324
21325
21326
21327
21328
21329
21330
21331
21332
21333
21334
21335
21634
21635
21636
21637
21638
21639
21640
21641
21642
21643
21644
21645
21646
21647
21648
21649
21650
21651
21652
21653
21654
21655
21656
21657
21658
21659
21660
21661
21662
21663
21664
21665
21666
21667
21668
21669
21670
21672
21674
21675
21968
21969
21970
21971
21972
21973
21974
21975
21976
21977
21978
21979
21980
21981
21982
21983
21984
21985
21986
21987
21988
21989
21990
21991
21992
21993
21994
21995
21996
21997
21998
21999
22000
22001
22002
22003
22004
22005
22006
22008
22009
22303
22304
22305
22306
22307
22308
22309
22310
22311
22312
22313
22314
22315
22316
22317
22318
22319
22320
22321
22322
22323
22324
22325
22326
22327
22328
22329
22330
22331
22332
22333
22334
22335
22336
22337
22338
22339
22340
22341
22343
22344
22663
22664
22666
22667
22668
22669
22670
22671
22672
22673
22674
22675
22676
22677
22678
22679
22680
22681
22682
22683
22684
22685
22686
22687
22688
22689
22690
22691
22692
22693
22694
22695
22696
22697
22698
22699
22700
22701
22702
22703
22704
22705
22706
22707
22708
22709
22710
23042
23043
23044
23045
23046
23047
23048
23049
23050
23051
23052
23053
23054
23055
23056
23057
23058
23059
23060
23061
23062
23063
23064
23065
23066
23067
23068
23069
23070
23071
23072
23073
23074
23075
23076
23077
23078
23079
23080
23081
23082
23085
23428
23429
23430
23432
23433
23434
23435
23436
23437
23438
23439
23440
23441
23442
23443
23444
23445
23446
23447
23448
23449
23450
23451
23452
23455
28729
28731
28732
28733
28734
28735
28737
28738
28739
28740
28741
28743
28745
28746
29092
29095
29096
29097
29098
29099
29100
29101
29102
29103
29104
29105
29106
29107
29108
29109
29110
29111
29112
29113
29114
29115
29116
29117
29118
29119
29120
29121
29122
29123
29124
29125
29126
29127
29128
29129
29130
29131
29132
29133
29134
29135
29469
29472
29473
29474
29475
29476
29477
29478
29479
29480
29481
29482
29483
29484
29485
29486
29487
29488
29489
29490
29491
29492
29493
29494
29495
29496
29497
29498
29499
29500
29501
29502
29503
29504
29505
29506
29507
29508
29509
29510
29511
29512
29513
29514
29515
29516
29517
29518
29519
29520
29819
29820
29821
29822
29823
29824
29825
29826
29827
29828
29829
29830
29831
29832
29833
29834
29835
29836
29837
29838
29839
29840
29841
29842
29843
29844
29845
29846
29847
29848
29849
29850
29851
29852
29853
29854
29855
29857
29859
29860
30153
30154
30155
30156
30157
30158
30159
30160
30161
30162
30163
30164
30165
30166
30167
30168
30169
30170
30171
30172
30173
30174
30175
30176
30177
30178
30179
30180
30181
30182
30183
30184
30185
30186
30187
30188
30189
30190
30191
30193
30194
30488
30489
30490
30491
30492
30493
30494
30495
30496
30497
30498
30499
30500
30501
30502
30503
30504
30505
30506
30507
30508
30509
30510
30511
30512
30513
30514
30515
30516
30517
30518
30519
30520
30521
30522
30523
30524
30525
30526
30528
30529
30848
30849
30851
30852
30853
30854
30855
30856
30857
30858
30859
30860
30861
30862
30863
30864
30865
30866
30867
30868
30869
30870
30871
30872
30873
30874
30875
30876
30877
30878
30879
30880
30881
30882
30883
30884
30885
30886
30887
30888
30889
30890
30891
30892
30893
30894
30895
31227
31228
31229
31230
31231
31232
31233
31234
31235
31236
31237
31238
31239
31240
31241
31242
31243
31244
31245
31246
31247
31248
31249
31250
31251
31252
31253
31254
31255
31256
31257
31258
31259
31260
31261
31262
31263
31264
31265
31266
31267
31270
31613
31614
31615
31617
31618
31619
31620
31621
31622
31623
31624
31625
31626
31627
31628
31629
31630
31631
31632
31633
31634
31635
31636
31637
31640
36914
36916
36917
36918
36919
36920
36922
36923
36924
36925
36926
36928
36930
36931
37277
37280
37281
37282
37283
37284
37285
37286
37287
37288
37289
37290
37291
37292
37293
37294
37295
37296
37297
37298
37299
37300
37301
37302
37303
37304
37305
37306
37307
37308
37309
37310
37311
37312
37313
37314
37315
37316
37317
37318
37319
37320
37654
37657
37658
37659
37660
37661
37662
37663
37664
37665
37666
37667
37668
37669
37670
37671
37672
37673
37674
37675
37676
37677
37678
37679
37680
37681
37682
37683
37684
37685
37686
37687
37688
37689
37690
37691
37692
37693
37694
37695
37696
37697
37698
37699
37700
37701
37702
37703
37704
37705
38004
38005
38006
38007
38008
38009
38010
38011
38012
38013
38014
38015
38016
38017
38018
38019
38020
38021
38022
38023
38024
38025
38026
38027
38028
38029
38030
38031
38032
38033
38034
38035
38036
38037
38038
38039
38040
38042
38044
38045
38338
38339
38340
38341
38342
38343
38344
38345
38346
38347
38348
38349
38350
38351
38352
38353
38354
38355
38356
38357
38358
38359
38360
38361
38362
38363
38364
38365
38366
38367
38368
38369
38370
38371
38372
38373
38374
38375
38376
38378
38379
38673
38674
38675
38676
38677
38678
38679
38680
38681
38682
38683
38684
38685
38686
38687
38688
38689
38690
38691
38692
38693
38694
38695
38696
38697
38698
38699
38700
38701
38702
38703
38704
38705
38706
38707
38708
38709
38710
38711
38713
38714
39033
39034
39036
39037
39038
39039
39040
39041
39042
39043
39044
39045
39046
39047
39048
39049
39050
39051
39052
39053
39054
39055
39056
39057
39058
39059
39060
39061
39062
39063
39064
39065
39066
39067
39068
39069
39070
39071
39072
39073
39074
39075
39076
39077
39078
39079
39080
39412
39413
39414
39415
39416
39417
39418
39419
39420
39421
39422
39423
39424
39425
39426
39427
39428
39429
39430
39431
39432
39433
39434
39435
39436
39437
39438
39439
39440
39441
39442
39443
39444
39445
39446
39447
39448
39449
39450
39451
39452
39455
39798
39799
39800
39802
39803
39804
39805
39806
39807
39808
39809
39810
39811
39812
39813
39814
39815
39816
39817
39818
39819
39820
39821
39822
39825
45099
45101
45102
45103
45104
45105
45107
45108
45109
45110
45111
45113
45115
45116
45462
45465
45466
45467
45468
45469
45470
45471
45472
45473
45474
45475
45476
45477
45478
45479
45480
45481
45482
45483
45484
45485
45486
45487
45488
45489
45490
45491
45492
45493
45494
45495
45496
45497
45498
45499
45500
45501
45502
45503
45504
45505
45839
45842
45843
45844
45845
45846
45847
45848
45849
45850
45851
45852
45853
45854
45855
45856
45857
45858
45859
45860
45861
45862
45863
45864
45865
45866
45867
45868
45869
45870
45871
45872
45873
45874
45875
45876
45877
45878
45879
45880
45881
45882
45883
45884
45885
45886
45887
45888
45889
45890
46189
46190
46191
46192
46193
46194
46195
46196
46197
46198
46199
46200
46201
46202
46203
46204
46205
46206
46207
46208
46209
46210
46211
46212
46213
46214
46215
46216
46217
46218
46219
46220
46221
46222
46223
46224
46225
46227
46229
46230
46523
46524
46525
46526
46527
46528
46529
46530
46531
46532
46533
46534
46535
46536
46537
46538
46539
46540
46541
46542
46543
46544
46545
46546
46547
46548
46549
46550
46551
46552
46553
46554
46555
46556
46557
46558
46559
46560
46561
46563
46564
46858
46859
46860
46861
46862
46863
46864
46865
46866
46867
46868
46869
46870
46871
46872
46873
46874
46875
46876
46877
46878
46879
46880
46881
46882
46883
46884
46885
46886
46887
46888
46889
46890
46891
46892
46893
46894
46895
46896
46898
46899
47218
47219
47221
47222
47223
47224
47225
47226
47227
47228
47229
47230
47231
47232
47233
47234
47235
47236
47237
47238
47239
47240
47241
47242
47243
47244
47245
47246
47247
47248
47249
47250
47251
47252
47253
47254
47255
47256
47257
47258
47259
47260
47261
47262
47263
47264
47265
47597
47598
47599
47600
47601
47602
47603
47604
47605
47606
47607
47608
47609
47610
47611
47612
47613
47614
47615
47616
47617
47618
47619
47620
47621
47622
47623
47624
47625
47626
47627
47628
47629
47630
47631
47632
47633
47634
47635
47636
47637
47640
47983
47984
47985
47987
47988
47989
47990
47991
47992
47993
47994
47995
47996
47997
47998
47999
48000
48001
48002
48003
48004
48005
48006
48007
48010
53284
53286
53287
53288
53289
53290
53292
53293
53294
53295
53296
53298
53300
53301
53647
53650
53651
53652
53653
53654
53655
53656
53657
53658
53659
53660
53661
53662
53663
53664
53665
53666
53667
53668
53669
53670
53671
53672
53673
53674
53675
53676
53677
53678
53679
53680
53681
53682
53683
53684
53685
53686
53687
53688
53689
53690
54024
54027
54028
54029
54030
54031
54032
54033
54034
54035
54036
54037
54038
54039
54040
54041
54042
54043
54044
54045
54046
54047
54048
54049
54050
54051
54052
54053
54054
54055
54056
54057
54058
54059
54060
54061
54062
54063
54064
54065
54066
54067
54068
54069
54070
54071
54072
54073
54074
54075
54374
54375
54376
54377
54378
54379
54380
54381
54382
54383
54384
54385
54386
54387
54388
54389
54390
54391
54392
54393
54394
54395
54396
54397
54398
54399
54400
54401
54402
54403
54404
54405
54406
54407
54408
54409
54410
54412
54414
54415
54708
54709
54710
54711
54712
54713
54714
54715
54716
54717
54718
54719
54720
54721
54722
54723
54724
54725
54726
54727
54728
54729
54730
54731
54732
54733
54734
54735
54736
54737
54738
54739
54740
54741
54742
54743
54744
54745
54746
54748
54749
55043
55044
55045
55046
55047
55048
55049
55050
55051
55052
55053
55054
55055
55056
55057
55058
55059
55060
55061
55062
55063
55064
55065
55066
55067
55068
55069
55070
55071
55072
55073
55074
55075
55076
55077
55078
55079
55080
55081
55083
55084
55403
55404
55406
55407
55408
55409
55410
55411
55412
55413
55414
55415
55416
55417
55418
55419
55420
55421
55422
55423
55424
55425
55426
55427
55428
55429
55430
55431
55432
55433
55434
55435
55436
55437
55438
55439
55440
55441
55442
55443
55444
55445
55446
55447
55448
55449
55450
55782
55783
55784
55785
55786
55787
55788
55789
55790
55791
55792
55793
55794
55795
55796
55797
55798
55799
55800
55801
55802
55803
55804
55805
55806
55807
55808
55809
55810
55811
55812
55813
55814
55815
55816
55817
55818
55819
55820
55821
55822
55825
56168
56169
56170
56172
56173
56174
56175
56176
56177
56178
56179
56180
56181
56182
56183
56184
56185
56186
56187
56188
56189
56190
56191
56192
56195
61469
61471
61472
61473
61474
61475
61477
61478
61479
61480
61481
61483
61485
61486
61832
61835
61836
61837
61838
61839
61840
61841
61842
61843
61844
61845
61846
61847
61848
61849
61850
61851
61852
61853
61854
61855
61856
61857
61858
61859
61860
61861
61862
61863
61864
61865
61866
61867
61868
61869
61870
61871
61872
61873
61874
61875
62209
62212
62213
62214
62215
62216
62217
62218
62219
62220
62221
62222
62223
62224
62225
62226
62227
62228
62229
62230
62231
62232
62233
62234
62235
62236
62237
62238
62239
62240
62241
62242
62243
62244
62245
62246
62247
62248
62249
62250
62251
62252
62253
62254
62255
62256
62257
62258
62259
62260
62559
62560
62561
62562
62563
62564
62565
62566
62567
62568
62569
62570
62571
62572
62573
62574
62575
62576
62577
62578
62579
62580
62581
62582
62583
62584
62585
62586
62587
62588
62589
62590
62591
62592
62593
62594
62595
62597
62599
62600
62893
62894
62895
62896
62897
62898
62899
62900
62901
62902
62903
62904
62905
62906
62907
62908
62909
62910
62911
62912
62913
62914
62915
62916
62917
62918
62919
62920
62921
62922
62923
62924
62925
62926
62927
62928
62929
62930
62931
62933
62934
63228
63229
63230
63231
63232
63233
63234
63235
63236
63237
63238
63239
63240
63241
63242
63243
63244
63245
63246
63247
63248
63249
63250
63251
63252
63253
63254
63255
63256
63257
63258
63259
63260
63261
63262
63263
63264
63265
63266
63268
63269
63588
63589
63591
63592
63593
63594
63595
63596
63597
63598
63599
63600
63601
63602
63603
63604
63605
63606
63607
63608
63609
63610
63611
63612
63613
63614
63615
63616
63617
63618
63619
63620
63621
63622
63623
63624
63625
63626
63627
63628
63629
63630
63631
63632
63633
63634
63635
63967
63968
63969
63970
63971
63972
63973
63974
63975
63976
63977
63978
63979
63980
63981
63982
63983
63984
63985
63986
63987
63988
63989
63990
63991
63992
63993
63994
63995
63996
63997
63998
63999
64000
64001
64002
64003
64004
64005
64006
64007
64010
64353
64354
64355
64357
64358
64359
64360
64361
64362
64363
64364
64365
64366
64367
64368
64369
64370
64371
64372
64373
64374
64375
64376
64377
64380
69654
69656
69657
69658
69659
69660
69662
69663
69664
69665
69666
69668
69670
69671
70017
70020
70021
70022
70023
70024
70025
70026
70027
70028
70029
70030
70031
70032
70033
70034
70035
70036
70037
70038
70039
70040
70041
70042
70043
70044
70045
70046
70047
70048
70049
70050
70051
70052
70053
70054
70055
70056
70057
70058
70059
70060
70394
70397
70398
70399
70400
70401
70402
70403
70404
70405
70406
70407
70408
70409
70410
70411
70412
70413
70414
70415
70416
70417
70418
70419
70420
70421
70422
70423
70424
70425
70426
70427
70428
70429
70430
70431
70432
70433
70434
70435
70436
70437
70438
70439
70440
70441
70442
70443
70444
70445
70744
70745
70746
70747
70748
70749
70750
70751
70752
70753
70754
70755
70756
70757
70758
70759
70760
70761
70762
70763
70764
70765
70766
70767
70768
70769
70770
70771
70772
70773
70774
70775
70776
70777
70778
70779
70780
70782
70784
70785
71078
71079
71080
71081
71082
71083
71084
71085
71086
71087
71088
71089
71090
71091
71092
71093
71094
71095
71096
71097
71098
71099
71100
71101
71102
71103
71104
71105
71106
71107
71108
71109
71110
71111
71112
71113
71114
71115
71116
71118
71119
71413
71414
71415
71416
71417
71418
71419
71420
71421
71422
71423
71424
71425
71426
71427
71428
71429
71430
71431
71432
71433
71434
71435
71436
71437
71438
71439
71440
71441
71442
71443
71444
71445
71446
71447
71448
71449
71450
71451
71453
71454
71773
71774
71776
71777
71778
71779
71780
71781
71782
71783
71784
71785
71786
71787
71788
71789
71790
71791
71792
71793
71794
71795
71796
71797
71798
71799
71800
71801
71802
71803
71804
71805
71806
71807
71808
71809
71810
71811
71812
71813
71814
71815
71816
71817
71818
71819
71820
72152
72153
72154
72155
72156
72157
72158
72159
72160
72161
72162
72163
72164
72165
72166
72167
72168
72169
72170
72171
72172
72173
72174
72175
72176
72177
72178
72179
72180
72181
72182
72183
72184
72185
72186
72187
72188
72189
72190
72191
72192
72195
72538
72539
72540
72542
72543
72544
72545
72546
72547
72548
72549
72550
72551
72552
72553
72554
72555
72556
72557
72558
72559
72560
72561
72562
72565
77839
77841
77842
77843
77844
77845
77847
77848
77849
77850
77851
77853
77855
77856
78202
78205
78206
78207
78208
78209
78210
78211
78212
78213
78214
78215
78216
78217
78218
78219
78220
78221
78222
78223
78224
78225
78226
78227
78228
78229
78230
78231
78232
78233
78234
78235
78236
78237
78238
78239
78240
78241
78242
78243
78244
78245
78579
78582
78583
78584
78585
78586
78587
78588
78589
78590
78591
78592
78593
78594
78595
78596
78597
78598
78599
78600
78601
78602
78603
78604
78605
78606
78607
78608
78609
78610
78611
78612
78613
78614
78615
78616
78617
78618
78619
78620
78621
78622
78623
78624
78625
78626
78627
78628
78629
78630
78929
78930
78931
78932
78933
78934
78935
78936
78937
78938
78939
78940
78941
78942
78943
78944
78945
78946
78947
78948
78949
78950
78951
78952
78953
78954
78955
78956
78957
78958
78959
78960
78961
78962
78963
78964
78965
78967
78969
78970
79263
79264
79265
79266
79267
79268
79269
79270
79271
79272
79273
79274
79275
79276
79277
79278
79279
79280
79281
79282
79283
79284
79285
79286
79287
79288
79289
79290
79291
79292
79293
79294
79295
79296
79297
79298
79299
79300
79301
79303
79304
79598
79599
79600
79601
79602
79603
79604
79605
79606
79607
79608
79609
79610
79611
79612
79613
79614
79615
79616
79617
79618
79619
79620
79621
79622
79623
79624
79625
79626
79627
79628
79629
79630
79631
79632
79633
79634
79635
79636
79638
79639
79958
79959
79961
79962
79963
79964
79965
79966
79967
79968
79969
79970
79971
79972
79973
79974
79975
79976
79977
79978
79979
79980
79981
79982
79983
79984
79985
79986
79987
79988
79989
79990
79991
79992
79993
79994
79995
79996
79997
79998
79999
80000
80001
80002
80003
80004
80005
80337
80338
80339
80340
80341
80342
80343
80344
80345
80346
80347
80348
80349
80350
80351
80352
80353
80354
80355
80356
80357
80358
80359
80360
80361
80362
80363
80364
80365
80366
80367
80368
80369
80370
80371
80372
80373
80374
80375
80376
80377
80380
80723
80724
80725
80727
80728
80729
80730
80731
80732
80733
80734
80735
80736
80737
80738
80739
80740
80741
80742
80743
80744
80745
80746
80747
80750
86024
86026
86027
86028
86029
86030
86032
86033
86034
86035
86036
86038
86040
86041
86387
86390
86391
86392
86393
86394
86395
86396
86397
86398
86399
86400
86401
86402
86403
86404
86405
86406
86407
86408
86409
86410
86411
86412
86413
86414
86415
86416
86417
86418
86419
86420
86421
86422
86423
86424
86425
86426
86427
86428
86429
86430
86764
86767
86768
86769
86770
86771
86772
86773
86774
86775
86776
86777
86778
86779
86780
86781
86782
86783
86784
86785
86786
86787
86788
86789
86790
86791
86792
86793
86794
86795
86796
86797
86798
86799
86800
86801
86802
86803
86804
86805
86806
86807
86808
86809
86810
86811
86812
86813
86814
86815
87114
87115
87116
87117
87118
87119
87120
87121
87122
87123
87124
87125
87126
87127
87128
87129
87130
87131
87132
87133
87134
87135
87136
87137
87138
87139
87140
87141
87142
87143
87144
87145
87146
87147
87148
87149
87150
87152
87154
87155
87448
87449
87450
87451
87452
87453
87454
87455
87456
87457
87458
87459
87460
87461
87462
87463
87464
87465
87466
87467
87468
87469
87470
87471
87472
87473
87474
87475
87476
87477
87478
87479
87480
87481
87482
87483
87484
87485
87486
87488
87489
87783
87784
87785
87786
87787
87788
87789
87790
87791
87792
87793
87794
87795
87796
87797
87798
87799
87800
87801
87802
87803
87804
87805
87806
87807
87808
87809
87810
87811
87812
87813
87814
87815
87816
87817
87818
87819
87820
87821
87823
87824
88143
88144
88146
88147
88148
88149
88150
88151
88152
88153
88154
88155
88156
88157
88158
88159
88160
88161
88162
88163
88164
88165
88166
88167
88168
88169
88170
88171
88172
88173
88174
88175
88176
88177
88178
88179
88180
88181
88182
88183
88184
88185
88186
88187
88188
88189
88190
88522
88523
88524
88525
88526
88527
88528
88529
88530
88531
88532
88533
88534
88535
88536
88537
88538
88539
88540
88541
88542
88543
88544
88545
88546
88547
88548
88549
88550
88551
88552
88553
88554
88555
88556
88557
88558
88559
88560
88561
88562
88565
88908
88909
88910
88912
88913
88914
88915
88916
88917
88918
88919
88920
88921
88922
88923
88924
88925
88926
88927
88928
88929
88930
88931
88932
88935
94209
94211
94212
94213
94214
94215
94217
94218
94219
94220
94221
94223
94225
94226
94572
94575
94576
94577
94578
94579
94580
94581
94582
94583
94584
94585
94586
94587
94588
94589
94590
94591
94592
94593
94594
94595
94596
94597
94598
94599
94600
94601
94602
94603
94604
94605
94606
94607
94608
94609
94610
94611
94612
94613
94614
94615
94949
94952
94953
94954
94955
94956
94957
94958
94959
94960
94961
94962
94963
94964
94965
94966
94967
94968
94969
94970
94971
94972
94973
94974
94975
94976
94977
94978
94979
94980
94981
94982
94983
94984
94985
94986
94987
94988
94989
94990
94991
94992
94993
94994
94995
94996
94997
94998
94999
95000
95299
95300
95301
95302
95303
95304
95305
95306
95307
95308
95309
95310
95311
95312
95313
95314
95315
95316
95317
95318
95319
95320
95321
95322
95323
95324
95325
95326
95327
95328
95329
95330
95331
95332
95333
95334
95335
95337
95339
95340
95633
95634
95635
95636
95637
95638
95639
95640
95641
95642
95643
95644
95645
95646
95647
95648
95649
95650
95651
95652
95653
95654
95655
95656
95657
95658
95659
95660
95661
95662
95663
95664
95665
95666
95667
95668
95669
95670
95671
95673
95674
95968
95969
95970
95971
95972
95973
95974
95975
95976
95977
95978
95979
95980
95981
95982
95983
95984
95985
95986
95987
95988
95989
95990
95991
95992
95993
95994
95995
95996
95997
95998
95999
96000
96001
96002
96003
96004
96005
96006
96008
96009
96328
96329
96331
96332
96333
96334
96335
96336
96337
96338
96339
96340
96341
96342
96343
96344
96345
96346
96347
96348
96349
96350
96351
96352
96353
96354
96355
96356
96357
96358
96359
96360
96361
96362
96363
96364
96365
96366
96367
96368
96369
96370
96371
96372
96373
96374
96375
96707
96708
96709
96710
96711
96712
96713
96714
96715
96716
96717
96718
96719
96720
96721
96722
96723
96724
96725
96726
96727
96728
96729
96730
96731
96732
96733
96734
96735
96736
96737
96738
96739
96740
96741
96742
96743
96744
96745
96746
96747
96750
97093
97094
97095
97097
97098
97099
97100
97101
97102
97103
97104
97105
97106
97107
97108
97109
97110
97111
97112
97113
97114
97115
97116
97117
97120
102394
102396
102397
102398
102399
102400
102402
102403
102404
102405
102406
102408
102410
102411
102757
102760
102761
102762
102763
102764
102765
102766
102767
102768
102769
102770
102771
102772
102773
102774
102775
102776
102777
102778
102779
102780
102781
102782
102783
102784
102785
102786
102787
102788
102789
102790
102791
102792
102793
102794
102795
102796
102797
102798
102799
102800
103134
103137
103138
103139
103140
103141
103142
103143
103144
103145
103146
103147
103148
103149
103150
103151
103152
103153
103154
103155
103156
103157
103158
103159
103160
103161
103162
103163
103164
103165
103166
103167
103168
103169
103170
103171
103172
103173
103174
103175
103176
103177
103178
103179
103180
103181
103182
103183
103184
103185
103484
103485
103486
103487
103488
103489
103490
103491
103492
103493
103494
103495
103496
103497
103498
103499
103500
103501
103502
103503
103504
103505
103506
103507
103508
103509
103510
103511
103512
103513
103514
103515
103516
103517
103518
103519
103520
103522
103524
103525
103818
103819
103820
103821
103822
103823
103824
103825
103826
103827
103828
103829
103830
103831
103832
103833
103834
103835
103836
103837
103838
103839
103840
103841
103842
103843
103844
103845
103846
103847
103848
103849
103850
103851
103852
103853
103854
103855
103856
103858
103859
104153
104154
104155
104156
104157
104158
104159
104160
104161
104162
104163
104164
104165
104166
104167
104168
104169
104170
104171
104172
104173
104174
104175
104176
104177
104178
104179
104180
104181
104182
104183
104184
104185
104186
104187
104188
104189
104190
104191
104193
104194
104513
104514
104516
104517
104518
104519
104520
104521
104522
104523
104524
104525
104526
104527
104528
104529
104530
104531
104532
104533
104534
104535
104536
104537
104538
104539
104540
104541
104542
104543
104544
104545
104546
104547
104548
104549
104550
104551
104552
104553
104554
104555
104556
104557
104558
104559
104560
104892
104893
104894
104895
104896
104897
104898
104899
104900
104901
104902
104903
104904
104905
104906
104907
104908
104909
104910
104911
104912
104913
104914
104915
104916
104917
104918
104919
104920
104921
104922
104923
104924
104925
104926
104927
104928
104929
104930
104931
104932
104935
105278
105279
105280
105282
105283
105284
105285
105286
105287
105288
105289
105290
105291
105292
105293
105294
105295
105296
105297
105298
105299
105300
105301
105302
105305
110579
110581
110582
110583
110584
110585
110587
110588
110589
110590
110591
110593
110595
110596
110942
110945
110946
110947
110948
110949
110950
110951
110952
110953
110954
110955
110956
110957
110958
110959
110960
110961
110962
110963
110964
110965
110966
110967
110968
110969
110970
110971
110972
110973
110974
110975
110976
110977
110978
110979
110980
110981
110982
110983
110984
110985
111319
111322
111323
111324
111325
111326
111327
111328
111329
111330
111331
111332
111333
111334
111335
111336
111337
111338
111339
111340
111341
111342
111343
111344
111345
111346
111347
111348
111349
111350
111351
111352
111353
111354
111355
111356
111357
111358
111359
111360
111361
111362
111363
111364
111365
111366
111367
111368
111369
111370
111669
111670
111671
111672
111673
111674
111675
111676
111677
111678
111679
111680
111681
111682
111683
111684
111685
111686
111687
111688
111689
111690
111691
111692
111693
111694
111695
111696
111697
111698
111699
111700
111701
111702
111703
111704
111705
111707
111709
111710
112003
112004
112005
112006
112007
112008
112009
112010
112011
112012
112013
112014
112015
112016
112017
112018
112019
112020
112021
112022
112023
112024
112025
112026
112027
112028
112029
112030
112031
112032
112033
112034
112035
112036
112037
112038
112039
112040
112041
112043
112044
112338
112339
112340
112341
112342
112343
112344
112345
112346
112347
112348
112349
112350
112351
112352
112353
112354
112355
112356
112357
112358
112359
112360
112361
112362
112363
112364
112365
112366
112367
112368
112369
112370
112371
112372
112373
112374
112375
112376
112378
112379
112698
112699
112701
112702
112703
112704
112705
112706
112707
112708
112709
112710
112711
112712
112713
112714
112715
112716
112717
112718
112719
112720
112721
112722
112723
112724
112725
112726
112727
112728
112729
112730
112731
112732
112733
112734
112735
112736
112737
112738
112739
112740
112741
112742
112743
112744
112745
113077
113078
113079
113080
113081
113082
113083
113084
113085
113086
113087
113088
113089
113090
113091
113092
113093
113094
113095
113096
113097
113098
113099
113100
113101
113102
113103
113104
113105
113106
113107
113108
113109
113110
113111
113112
113113
113114
113115
113116
113117
113120
113463
113464
113465
113467
113468
113469
113470
113471
113472
113473
113474
113475
113476
113477
113478
113479
113480
113481
113482
113483
113484
113485
113486
113487
113490
118764
118766
118767
118768
118769
118770
118772
118773
118774
118775
118776
118778
118780
118781
119127
119130
119131
119132
119133
119134
119135
119136
119137
119138
119139
119140
119141
119142
119143
119144
119145
119146
119147
119148
119149
119150
119151
119152
119153
119154
119155
119156
119157
119158
119159
119160
119161
119162
119163
119164
119165
119166
119167
119168
119169
119170
119504
119507
119508
119509
119510
119511
119512
119513
119514
119515
119516
119517
119518
119519
119520
119521
119522
119523
119524
119525
119526
119527
119528
119529
119530
119531
119532
119533
119534
119535
119536
119537
119538
119539
119540
119541
119542
119543
119544
119545
119546
119547
119548
119549
119550
119551
119552
119553
119554
119555
119854
119855
119856
119857
119858
119859
119860
119861
119862
119863
119864
119865
119866
119867
119868
119869
119870
119871
119872
119873
119874
119875
119876
119877
119878
119879
119880
119881
119882
119883
119884
119885
119886
119887
119888
119889
119890
119892
119894
119895
120188
120189
120190
120191
120192
120193
120194
120195
120196
120197
120198
120199
120200
120201
120202
120203
120204
120205
120206
120207
120208
120209
120210
120211
120212
120213
120214
120215
120216
120217
120218
120219
120220
120221
120222
120223
120224
120225
120226
120228
120229
120523
120524
120525
120526
120527
120528
120529
120530
120531
120532
120533
120534
120535
120536
120537
120538
120539
120540
120541
120542
120543
120544
120545
120546
120547
120548
120549
120550
120551
120552
120553
120554
120555
120556
120557
120558
120559
120560
120561
120563
120564
120883
120884
120886
120887
120888
120889
120890
120891
120892
120893
120894
120895
120896
120897
120898
120899
120900
120901
120902
120903
120904
120905
120906
120907
120908
120909
120910
120911
120912
120913
120914
120915
120916
120917
120918
120919
120920
120921
120922
120923
120924
120925
120926
120927
120928
120929
120930
121262
121263
121264
121265
121266
121267
121268
121269
121270
121271
121272
121273
121274
121275
121276
121277
121278
121279
121280
121281
121282
121283
121284
121285
121286
121287
121288
121289
121290
121291
121292
121293
121294
121295
121296
121297
121298
121299
121300
121301
121302
121305
121648
121649
121650
121652
121653
121654
121655
121656
121657
121658
121659
121660
121661
121662
121663
121664
121665
121666
121667
121668
121669
121670
121671
121672
121675
126949
126951
126952
126953
126954
126955
126957
126958
126959
126960
126961
126963
126965
126966
127312
127315
127316
127317
127318
127319
127320
127321
127322
127323
127324
127325
127326
127327
127328
127329
127330
127331
127332
127333
127334
127335
127336
127337
127338
127339
127340
127341
127342
127343
127344
127345
127346
127347
127348
127349
127350
127351
127352
127353
127354
127355
127689
127692
127693
127694
127695
127696
127697
127698
127699
127700
127701
127702
127703
127704
127705
127706
127707
127708
127709
127710
127711
127712
127713
127714
127715
127716
127717
127718
127719
127720
127721
127722
127723
127724
127725
127726
127727
127728
127729
127730
127731
127732
127733
127734
127735
127736
127737
127738
127739
127740
128039
128040
128041
128042
128043
128044
128045
128046
128047
128048
128049
128050
128051
128052
128053
128054
128055
128056
128057
128058
128059
128060
128061
128062
128063
128064
128065
128066
128067
128068
128069
128070
128071
128072
128073
128074
128075
128077
128079
128080
128373
128374
128375
128376
128377
128378
128379
128380
128381
128382
128383
128384
128385
128386
128387
128388
128389
128390
128391
128392
128393
128394
128395
128396
128397
128398
128399
128400
128401
128402
128403
128404
128405
128406
128407
128408
128409
128410
128411
128413
128414
128708
128709
128710
128711
128712
128713
128714
128715
128716
128717
128718
128719
128720
128721
128722
128723
128724
128725
128726
128727
128728
128729
128730
128731
128732
128733
128734
128735
128736
128737
128738
128739
128740
128741
128742
128743
128744
128745
128746
128748
128749
129068
129069
129071
129072
129073
129074
129075
129076
129077
129078
129079
129080
129081
129082
129083
129084
129085
129086
129087
129088
129089
129090
129091
129092
129093
129094
129095
129096
129097
129098
129099
129100
129101
129102
129103
129104
129105
129106
129107
129108
129109
129110
129111
129112
129113
129114
129115
129447
129448
129449
129450
129451
129452
129453
129454
129455
129456
129457
129458
129459
129460
129461
129462
129463
129464
129465
129466
129467
129468
129469
129470
129471
129472
129473
129474
129475
129476
129477
129478
129479
129480
129481
129482
129483
129484
129485
129486
129487
129490
129833
129834
129835
129837
129838
129839
129840
129841
129842
129843
129844
129845
129846
129847
129848
129849
129850
129851
129852
129853
129854
129855
129856
129857
129860
135134
135136
135137
135138
135139
135140
135142
135143
135144
135145
135146
135148
135150
135151
135497
135500
135501
135502
135503
135504
135505
135506
135507
135508
135509
135510
135511
135512
135513
135514
135515
135516
135517
135518
135519
135520
135521
135522
135523
135524
135525
135526
135527
135528
135529
135530
135531
135532
135533
135534
135535
135536
135537
135538
135539
135540
135874
135877
135878
135879
135880
135881
135882
135883
135884
135885
135886
135887
135888
135889
135890
135891
135892
135893
135894
135895
135896
135897
135898
135899
135900
135901
135902
135903
135904
135905
135906
135907
135908
135909
135910
135911
135912
135913
135914
135915
135916
135917
135918
135919
135920
135921
135922
135923
135924
135925
136224
136225
136226
136227
136228
136229
136230
136231
136232
136233
136234
136235
136236
136237
136238
136239
136240
136241
136242
136243
136244
136245
136246
136247
136248
136249
136250
136251
136252
136253
136254
136255
136256
136257
136258
136259
136260
136262
136264
136265
136558
136559
136560
136561
136562
136563
136564
136565
136566
136567
136568
136569
136570
136571
136572
136573
136574
136575
136576
136577
136578
136579
136580
136581
136582
136583
136584
136585
136586
136587
136588
136589
136590
136591
136592
136593
136594
136595
136596
136598
136599
136893
136894
136895
136896
136897
136898
136899
136900
136901
136902
136903
136904
136905
136906
136907
136908
136909
136910
136911
136912
136913
136914
136915
136916
136917
136918
136919
136920
136921
136922
136923
136924
136925
136926
136927
136928
136929
136930
136931
136933
136934
137253
137254
137256
137257
137258
137259
137260
137261
137262
137263
137264
137265
137266
137267
137268
137269
137270
137271
137272
137273
137274
137275
137276
137277
137278
137279
137280
137281
137282
137283
137284
137285
137286
137287
137288
137289
137290
137291
137292
137293
137294
137295
137296
137297
137298
137299
137300
137632
137633
137634
137635
137636
137637
137638
137639
137640
137641
137642
137643
137644
137645
137646
137647
137648
137649
137650
137651
137652
137653
137654
137655
137656
137657
137658
137659
137660
137661
137662
137663
137664
137665
137666
137667
137668
137669
137670
137671
137672
137675
138018
138019
138020
138022
138023
138024
138025
138026
138027
138028
138029
138030
138031
138032
138033
138034
138035
138036
138037
138038
138039
138040
138041
138042
138045
143319
143321
143322
143323
143324
143325
143327
143328
143329
143330
143331
143333
143335
143336
143682
143685
143686
143687
143688
143689
143690
143691
143692
143693
143694
143695
143696
143697
143698
143699
143700
143701
143702
143703
143704
143705
143706
143707
143708
143709
143710
143711
143712
143713
143714
143715
143716
143717
143718
143719
143720
143721
143722
143723
143724
143725
144059
144062
144063
144064
144065
144066
144067
144068
144069
144070
144071
144072
144073
144074
144075
144076
144077
144078
144079
144080
144081
144082
144083
144084
144085
144086
144087
144088
144089
144090
144091
144092
144093
144094
144095
144096
144097
144098
144099
144100
144101
144102
144103
144104
144105
144106
144107
144108
144109
144110
144409
144410
144411
144412
144413
144414
144415
144416
144417
144418
144419
144420
144421
144422
144423
144424
144425
144426
144427
144428
144429
144430
144431
144432
144433
144434
144435
144436
144437
144438
144439
144440
144441
144442
144443
144444
144445
144447
144449
144450
144743
144744
144745
144746
144747
144748
144749
144750
144751
144752
144753
144754
144755
144756
144757
144758
144759
144760
144761
144762
144763
144764
144765
144766
144767
144768
144769
144770
144771
144772
144773
144774
144775
144776
144777
144778
144779
144780
144781
144783
144784
145078
145079
145080
145081
145082
145083
145084
145085
145086
145087
145088
145089
145090
145091
145092
145093
145094
145095
145096
145097
145098
145099
145100
145101
145102
145103
145104
145105
145106
145107
145108
145109
145110
145111
145112
145113
145114
145115
145116
145118
145119
145438
145439
145441
145442
145443
145444
145445
145446
145447
145448
145449
145450
145451
145452
145453
145454
145455
145456
145457
145458
145459
145460
145461
145462
145463
145464
145465
145466
145467
145468
145469
145470
145471
145472
145473
145474
145475
145476
145477
145478
145479
145480
145481
145482
145483
145484
145485
145817
145818
145819
145820
145821
145822
145823
145824
145825
145826
145827
145828
145829
145830
145831
145832
145833
145834
145835
145836
145837
145838
145839
145840
145841
145842
145843
145844
145845
145846
145847
145848
145849
145850
145851
145852
145853
145854
145855
145856
145857
145860
146203
146204
146205
146207
146208
146209
146210
146211
146212
146213
146214
146215
146216
146217
146218
146219
146220
146221
146222
146223
146224
146225
146226
146227
146230
151504
151506
151507
151508
151509
151510
151512
151513
151514
151515
151516
151518
151520
151521
151867
151870
151871
151872
151873
151874
151875
151876
151877
151878
151879
151880
151881
151882
151883
151884
151885
151886
151887
151888
151889
151890
151891
151892
151893
151894
151895
151896
151897
151898
151899
151900
151901
151902
151903
151904
151905
151906
151907
151908
151909
151910
152244
152247
152248
152249
152250
152251
152252
152253
152254
152255
152256
152257
152258
152259
152260
152261
152262
152263
152264
152265
152266
152267
152268
152269
152270
152271
152272
152273
152274
152275
152276
152277
152278
152279
152280
152281
152282
152283
152284
152285
152286
152287
152288
152289
152290
152291
152292
152293
152294
152295
152594
152595
152596
152597
152598
152599
152600
152601
152602
152603
152604
152605
152606
152607
152608
152609
152610
152611
152612
152613
152614
152615
152616
152617
152618
152619
152620
152621
152622
152623
152624
152625
152626
152627
152628
152629
152630
152632
152634
152635
152928
152929
152930
152931
152932
152933
152934
152935
152936
152937
152938
152939
152940
152941
152942
152943
152944
152945
152946
152947
152948
152949
152950
152951
152952
152953
152954
152955
152956
152957
152958
152959
152960
152961
152962
152963
152964
152965
152966
152968
152969
153263
153264
153265
153266
153267
153268
153269
153270
153271
153272
153273
153274
153275
153276
153277
153278
153279
153280
153281
153282
153283
153284
153285
153286
153287
153288
153289
153290
153291
153292
153293
153294
153295
153296
153297
153298
153299
153300
153301
153303
153304
153623
153624
153626
153627
153628
153629
153630
153631
153632
153633
153634
153635
153636
153637
153638
153639
153640
153641
153642
153643
153644
153645
153646
153647
153648
153649
153650
153651
153652
153653
153654
153655
153656
153657
153658
153659
153660
153661
153662
153663
153664
153665
153666
153667
153668
153669
153670
154002
154003
154004
154005
154006
154007
154008
154009
154010
154011
154012
154013
154014
154015
154016
154017
154018
154019
154020
154021
154022
154023
154024
154025
154026
154027
154028
154029
154030
154031
154032
154033
154034
154035
154036
154037
154038
154039
154040
154041
154042
154045
154388
154389
154390
154392
154393
154394
154395
154396
154397
154398
154399
154400
154401
154402
154403
154404
154405
154406
154407
154408
154409
154410
154411
154412
154415
159689
159691
159692
159693
159694
159695
159697
159698
159699
159700
159701
159703
159705
159706
160052
160055
160056
160057
160058
160059
160060
160061
160062
160063
160064
160065
160066
160067
160068
160069
160070
160071
160072
160073
160074
160075
160076
160077
160078
160079
160080
160081
160082
160083
160084
160085
160086
160087
160088
160089
160090
160091
160092
160093
160094
160095
160429
160432
160433
160434
160435
160436
160437
160438
160439
160440
160441
160442
160443
160444
160445
160446
160447
160448
160449
160450
160451
160452
160453
160454
160455
160456
160457
160458
160459
160460
160461
160462
160463
160464
160465
160466
160467
160468
160469
160470
160471
160472
160473
160474
160475
160476
160477
160478
160479
160480
160779
160780
160781
160782
160783
160784
160785
160786
160787
160788
160789
160790
160791
160792
160793
160794
160795
160796
160797
160798
160799
160800
160801
160802
160803
160804
160805
160806
160807
160808
160809
160810
160811
160812
160813
160814
160815
160817
160819
160820
161113
161114
161115
161116
161117
161118
161119
161120
161121
161122
161123
161124
161125
161126
161127
161128
161129
161130
161131
161132
161133
161134
161135
161136
161137
161138
161139
161140
161141
161142
161143
161144
161145
161146
161147
161148
161149
161150
161151
161153
161154
161448
161449
161450
161451
161452
161453
161454
161455
161456
161457
161458
161459
161460
161461
161462
161463
161464
161465
161466
161467
161468
161469
161470
161471
161472
161473
161474
161475
161476
161477
161478
161479
161480
161481
161482
161483
161484
161485
161486
161488
161489
161808
161809
161811
161812
161813
161814
161815
161816
161817
161818
161819
161820
161821
161822
161823
161824
161825
161826
161827
161828
161829
161830
161831
161832
161833
161834
161835
161836
161837
161838
161839
161840
161841
161842
161843
161844
161845
161846
161847
161848
161849
161850
161851
161852
161853
161854
161855
162187
162188
162189
162190
162191
162192
162193
162194
162195
162196
162197
162198
162199
162200
162201
162202
162203
162204
162205
162206
162207
162208
162209
162210
162211
162212
162213
162214
162215
162216
162217
162218
162219
162220
162221
162222
162223
162224
162225
162226
162227
162230
162573
162574
162575
162577
162578
162579
162580
162581
162582
162583
162584
162585
162586
162587
162588
162589
162590
162591
162592
162593
162594
162595
162596
162597
162600
167874
167876
167877
167878
167879
167880
167882
167883
167884
167885
167886
167888
167890
167891
168237
168240
168241
168242
168243
168244
168245
168246
168247
168248
168249
168250
168251
168252
168253
168254
168255
168256
168257
168258
168259
168260
168261
168262
168263
168264
168265
168266
168267
168268
168269
168270
168271
168272
168273
168274
168275
168276
168277
168278
168279
168280
168614
168617
168618
168619
168620
168621
168622
168623
168624
168625
168626
168627
168628
168629
168630
168631
168632
168633
168634
168635
168636
168637
168638
168639
168640
168641
168642
168643
168644
168645
168646
168647
168648
168649
168650
168651
168652
168653
168654
168655
168656
168657
168658
168659
168660
168661
168662
168663
168664
168665
168964
168965
168966
168967
168968
168969
168970
168971
168972
168973
168974
168975
168976
168977
168978
168979
168980
168981
168982
168983
168984
168985
168986
168987
168988
168989
168990
168991
168992
168993
168994
168995
168996
168997
168998
168999
169000
169002
169004
169005
169298
169299
169300
169301
169302
169303
169304
169305
169306
169307
169308
169309
169310
169311
169312
169313
169314
169315
169316
169317
169318
169319
169320
169321
169322
169323
169324
169325
169326
169327
169328
169329
169330
169331
169332
169333
169334
169335
169336
169338
169339
169633
169634
169635
169636
169637
169638
169639
169640
169641
169642
169643
169644
169645
169646
169647
169648
169649
169650
169651
169652
169653
169654
169655
169656
169657
169658
169659
169660
169661
169662
169663
169664
169665
169666
169667
169668
169669
169670
169671
169673
169674
169993
169994
169996
169997
169998
169999
170000
170001
170002
170003
170004
170005
170006
170007
170008
170009
170010
170011
170012
170013
170014
170015
170016
170017
170018
170019
170020
170021
170022
170023
170024
170025
170026
170027
170028
170029
170030
170031
170032
170033
170034
170035
170036
170037
170038
170039
170040
170372
170373
170374
170375
170376
170377
170378
170379
170380
170381
170382
170383
170384
170385
170386
170387
170388
170389
170390
170391
170392
170393
170394
170395
170396
170397
170398
170399
170400
170401
170402
170403
170404
170405
170406
170407
170408
170409
170410
170411
170412
170415
170758
170759
170760
170762
170763
170764
170765
170766
170767
170768
170769
170770
170771
170772
170773
170774
170775
170776
170777
170778
170779
170780
170781
170782
170785
176059
176061
176062
176063
176064
176065
176067
176068
176069
176070
176071
176073
176075
176076
176422
176425
176426
176427
176428
176429
176430
176431
176432
176433
176434
176435
176436
176437
176438
176439
176440
176441
176442
176443
176444
176445
176446
176447
176448
176449
176450
176451
176452
176453
176454
176455
176456
176457
176458
176459
176460
176461
176462
176463
176464
176465
176799
176802
176803
176804
176805
176806
176807
176808
176809
176810
176811
176812
176813
176814
176815
176816
176817
176818
176819
176820
176821
176822
176823
176824
176825
176826
176827
176828
176829
176830
176831
176832
176833
176834
176835
176836
176837
176838
176839
176840
176841
176842
176843
176844
176845
176846
176847
176848
176849
176850
177149
177150
177151
177152
177153
177154
177155
177156
177157
177158
177159
177160
177161
177162
177163
177164
177165
177166
177167
177168
177169
177170
177171
177172
177173
177174
177175
177176
177177
177178
177179
177180
177181
177182
177183
177184
177185
177187
177189
177190
177483
177484
177485
177486
177487
177488
177489
177490
177491
177492
177493
177494
177495
177496
177497
177498
177499
177500
177501
177502
177503
177504
177505
177506
177507
177508
177509
177510
177511
177512
177513
177514
177515
177516
177517
177518
177519
177520
177521
177523
177524
177818
177819
177820
177821
177822
177823
177824
177825
177826
177827
177828
177829
177830
177831
177832
177833
177834
177835
177836
177837
177838
177839
177840
177841
177842
177843
177844
177845
177846
177847
177848
177849
177850
177851
177852
177853
177854
177855
177856
177858
177859
178178
178179
178181
178182
178183
178184
178185
178186
178187
178188
178189
178190
178191
178192
178193
178194
178195
178196
178197
178198
178199
178200
178201
178202
178203
178204
178205
178206
178207
178208
178209
178210
178211
178212
178213
178214
178215
178216
178217
178218
178219
178220
178221
178222
178223
178224
178225
178557
178558
178559
178560
178561
178562
178563
178564
178565
178566
178567
178568
178569
178570
178571
178572
178573
178574
178575
178576
178577
178578
178579
178580
178581
178582
178583
178584
178585
178586
178587
178588
178589
178590
178591
178592
178593
178594
178595
178596
178597
178600
178943
178944
178945
178947
178948
178949
178950
178951
178952
178953
178954
178955
178956
178957
178958
178959
178960
178961
178962
178963
178964
178965
178966
178967
178970
184244
184246
184247
184248
184249
184250
184252
184253
184254
184255
184256
184258
184260
184261
184607
184610
184611
184612
184613
184614
184615
184616
184617
184618
184619
184620
184621
184622
184623
184624
184625
184626
184627
184628
184629
184630
184631
184632
184633
184634
184635
184636
184637
184638
184639
184640
184641
184642
184643
184644
184645
184646
184647
184648
184649
184650
184984
184987
184988
184989
184990
184991
184992
184993
184994
184995
184996
184997
184998
184999
185000
185001
185002
185003
185004
185005
185006
185007
185008
185009
185010
185011
185012
185013
185014
185015
185016
185017
185018
185019
185020
185021
185022
185023
185024
185025
185026
185027
185028
185029
185030
185031
185032
185033
185034
185035
185334
185335
185336
185337
185338
185339
185340
185341
185342
185343
185344
185345
185346
185347
185348
185349
185350
185351
185352
185353
185354
185355
185356
185357
185358
185359
185360
185361
185362
185363
185364
185365
185366
185367
185368
185369
185370
185372
185374
185375
185668
185669
185670
185671
185672
185673
185674
185675
185676
185677
185678
185679
185680
185681
185682
185683
185684
185685
185686
185687
185688
185689
185690
185691
185692
185693
185694
185695
185696
185697
185698
185699
185700
185701
185702
185703
185704
185705
185706
185708
185709
186003
186004
186005
186006
186007
186008
186009
186010
186011
186012
186013
186014
186015
186016
186017
186018
186019
186020
186021
186022
186023
186024
186025
186026
186027
186028
186029
186030
186031
186032
186033
186034
186035
186036
186037
186038
186039
186040
186041
186043
186044
186363
186364
186366
186367
186368
186369
186370
186371
186372
186373
186374
186375
186376
186377
186378
186379
186380
186381
186382
186383
186384
186385
186386
186387
186388
186389
186390
186391
186392
186393
186394
186395
186396
186397
186398
186399
186400
186401
186402
186403
186404
186405
186406
186407
186408
186409
186410
186742
186743
186744
186745
186746
186747
186748
186749
186750
186751
186752
186753
186754
186755
186756
186757
186758
186759
186760
186761
186762
186763
186764
186765
186766
186767
186768
186769
186770
186771
186772
186773
186774
186775
186776
186777
186778
186779
186780
186781
186782
186785
187128
187129
187130
187132
187133
187134
187135
187136
187137
187138
187139
187140
187141
187142
187143
187144
187145
187146
187147
187148
187149
187150
187151
187152
187155
192429
192431
192432
192433
192434
192435
192437
192438
192439
192440
192441
192443
192445
192446
192792
192795
192796
192797
192798
192799
192800
192801
192802
192803
192804
192805
192806
192807
192808
192809
192810
192811
192812
192813
192814
192815
192816
192817
192818
192819
192820
192821
192822
192823
192824
192825
192826
192827
192828
192829
192830
192831
192832
192833
192834
192835
193169
193172
193173
193174
193175
193176
193177
193178
193179
193180
193181
193182
193183
193184
193185
193186
193187
193188
193189
193190
193191
193192
193193
193194
193195
193196
193197
193198
193199
193200
193201
193202
193203
193204
193205
193206
193207
193208
193209
193210
193211
193212
193213
193214
193215
193216
193217
193218
193219
193220
193519
193520
193521
193522
193523
193524
193525
193526
193527
193528
193529
193530
193531
193532
193533
193534
193535
193536
193537
193538
193539
193540
193541
193542
193543
193544
193545
193546
193547
193548
193549
193550
193551
193552
193553
193554
193555
193557
193559
193560
193853
193854
193855
193856
193857
193858
193859
193860
193861
193862
193863
193864
193865
193866
193867
193868
193869
193870
193871
193872
193873
193874
193875
193876
193877
193878
193879
193880
193881
193882
193883
193884
193885
193886
193887
193888
193889
193890
193891
193893
193894
194188
194189
194190
194191
194192
194193
194194
194195
194196
194197
194198
194199
194200
194201
194202
194203
194204
194205
194206
194207
194208
194209
194210
194211
194212
194213
194214
194215
194216
194217
194218
194219
194220
194221
194222
194223
194224
194225
194226
194228
194229
194548
194549
194551
194552
194553
194554
194555
194556
194557
194558
194559
194560
194561
194562
194563
194564
194565
194566
194567
194568
194569
194570
194571
194572
194573
194574
194575
194576
194577
194578
194579
194580
194581
194582
194583
194584
194585
194586
194587
194588
194589
194590
194591
194592
194593
194594
194595
194927
194928
194929
194930
194931
194932
194933
194934
194935
194936
194937
194938
194939
194940
194941
194942
194943
194944
194945
194946
194947
194948
194949
194950
194951
194952
194953
194954
194955
194956
194957
194958
194959
194960
194961
194962
194963
194964
194965
194966
194967
194970
195313
195314
195315
195317
195318
195319
195320
195321
195322
195323
195324
195325
195326
195327
195328
195329
195330
195331
195332
195333
195334
195335
195336
195337
195340
200614
200616
200617
200618
200619
200620
200622
200623
200624
200625
200626
200628
200630
200631
200977
200980
200981
200982
200983
200984
200985
200986
200987
200988
200989
200990
200991
200992
200993
200994
200995
200996
200997
200998
200999
201000
201001
201002
201003
201004
201005
201006
201007
201008
201009
201010
201011
201012
201013
201014
201015
201016
201017
201018
201019
201020
201354
201357
201358
201359
201360
201361
201362
201363
201364
201365
201366
201367
201368
201369
201370
201371
201372
201373
201374
201375
201376
201377
201378
201379
201380
201381
201382
201383
201384
201385
201386
201387
201388
201389
201390
201391
201392
201393
201394
201395
201396
201397
201398
201399
201400
201401
201402
201403
201404
201405
201704
201705
201706
201707
201708
201709
201710
201711
201712
201713
201714
201715
201716
201717
201718
201719
201720
201721
201722
201723
201724
201725
201726
201727
201728
201729
201730
201731
201732
201733
201734
201735
201736
201737
201738
201739
201740
201742
201744
201745
202038
202039
202040
202041
202042
202043
202044
202045
202046
202047
202048
202049
202050
202051
202052
202053
202054
202055
202056
202057
202058
202059
202060
202061
202062
202063
202064
202065
202066
202067
202068
202069
202070
202071
202072
202073
202074
202075
202076
202078
202079
202373
202374
202375
202376
202377
202378
202379
202380
202381
202382
202383
202384
202385
202386
202387
202388
202389
202390
202391
202392
202393
202394
202395
202396
202397
202398
202399
202400
202401
202402
202403
202404
202405
202406
202407
202408
202409
202410
202411
202413
202414
202733
202734
202736
202737
202738
202739
202740
202741
202742
202743
202744
202745
202746
202747
202748
202749
202750
202751
202752
202753
202754
202755
202756
202757
202758
202759
202760
202761
202762
202763
202764
202765
202766
202767
202768
202769
202770
202771
202772
202773
202774
202775
202776
202777
202778
202779
202780
203112
203113
203114
203115
203116
203117
203118
203119
203120
203121
203122
203123
203124
203125
203126
203127
203128
203129
203130
203131
203132
203133
203134
203135
203136
203137
203138
203139
203140
203141
203142
203143
203144
203145
203146
203147
203148
203149
203150
203151
203152
203155
203498
203499
203500
203502
203503
203504
203505
203506
203507
203508
203509
203510
203511
203512
203513
203514
203515
203516
203517
203518
203519
203520
203521
203522
203525
208799
208801
208802
208803
208804
208805
208807
208808
208809
208810
208811
208813
208815
208816
209162
209165
209166
209167
209168
209169
209170
209171
209172
209173
209174
209175
209176
209177
209178
209179
209180
209181
209182
209183
209184
209185
209186
209187
209188
209189
209190
209191
209192
209193
209194
209195
209196
209197
209198
209199
209200
209201
209202
209203
209204
209205
209539
209542
209543
209544
209545
209546
209547
209548
209549
209550
209551
209552
209553
209554
209555
209556
209557
209558
209559
209560
209561
209562
209563
209564
209565
209566
209567
209568
209569
209570
209571
209572
209573
209574
209575
209576
209577
209578
209579
209580
209581
209582
209583
209584
209585
209586
209587
209588
209589
209590
209889
209890
209891
209892
209893
209894
209895
209896
209897
209898
209899
209900
209901
209902
209903
209904
209905
209906
209907
209908
209909
209910
209911
209912
209913
209914
209915
209916
209917
209918
209919
209920
209921
209922
209923
209924
209925
209927
209929
209930
210223
210224
210225
210226
210227
210228
210229
210230
210231
210232
210233
210234
210235
210236
210237
210238
210239
210240
210241
210242
210243
210244
210245
210246
210247
210248
210249
210250
210251
210252
210253
210254
210255
210256
210257
210258
210259
210260
210261
210263
210264
210558
210559
210560
210561
210562
210563
210564
210565
210566
210567
210568
210569
210570
210571
210572
210573
210574
210575
210576
210577
210578
210579
210580
210581
210582
210583
210584
210585
210586
210587
210588
210589
210590
210591
210592
210593
210594
210595
210596
210598
210599
210918
210919
210921
210922
210923
210924
210925
210926
210927
210928
210929
210930
210931
210932
210933
210934
210935
210936
210937
210938
210939
210940
210941
210942
210943
210944
210945
210946
210947
210948
210949
210950
210951
210952
210953
210954
210955
210956
210957
210958
210959
210960
210961
210962
210963
210964
210965
211297
211298
211299
211300
211301
211302
211303
211304
211305
211306
211307
211308
211309
211310
211311
211312
211313
211314
211315
211316
211317
211318
211319
211320
211321
211322
211323
211324
211325
211326
211327
211328
211329
211330
211331
211332
211333
211334
211335
211336
211337
211340
211683
211684
211685
211687
211688
211689
211690
211691
211692
211693
211694
211695
211696
211697
211698
211699
211700
211701
211702
211703
211704
211705
211706
211707
211710
216984
216986
216987
216988
216989
216990
216992
216993
216994
216995
216996
216998
217000
217001
217347
217350
217351
217352
217353
217354
217355
217356
217357
217358
217359
217360
217361
217362
217363
217364
217365
217366
217367
217368
217369
217370
217371
217372
217373
217374
217375
217376
217377
217378
217379
217380
217381
217382
217383
217384
217385
217386
217387
217388
217389
217390
217724
217727
217728
217729
217730
217731
217732
217733
217734
217735
217736
217737
217738
217739
217740
217741
217742
217743
217744
217745
217746
217747
217748
217749
217750
217751
217752
217753
217754
217755
217756
217757
217758
217759
217760
217761
217762
217763
217764
217765
217766
217767
217768
217769
217770
217771
217772
217773
217774
217775
218074
218075
218076
218077
218078
218079
218080
218081
218082
218083
218084
218085
218086
218087
218088
218089
218090
218091
218092
218093
218094
218095
218096
218097
218098
218099
218100
218101
218102
218103
218104
218105
218106
218107
218108
218109
218110
218112
218114
218115
218408
218409
218410
218411
218412
218413
218414
218415
218416
218417
218418
218419
218420
218421
218422
218423
218424
218425
218426
218427
218428
218429
218430
218431
218432
218433
218434
218435
218436
218437
218438
218439
218440
218441
218442
218443
218444
218445
218446
218448
218449
218743
218744
218745
218746
218747
218748
218749
218750
218751
218752
218753
218754
218755
218756
218757
218758
218759
218760
218761
218762
218763
218764
218765
218766
218767
218768
218769
218770
218771
218772
218773
218774
218775
218776
218777
218778
218779
218780
218781
218783
218784
219103
219104
219106
219107
219108
219109
219110
219111
219112
219113
219114
219115
219116
219117
219118
219119
219120
219121
219122
219123
219124
219125
219126
219127
219128
219129
219130
219131
219132
219133
219134
219135
219136
219137
219138
219139
219140
219141
219142
219143
219144
219145
219146
219147
219148
219149
219150
219482
219483
219484
219485
219486
219487
219488
219489
219490
219491
219492
219493
219494
219495
219496
219497
219498
219499
219500
219501
219502
219503
219504
219505
219506
219507
219508
219509
219510
219511
219512
219513
219514
219515
219516
219517
219518
219519
219520
219521
219522
219525
219868
219869
219870
219872
219873
219874
219875
219876
219877
219878
219879
219880
219881
219882
219883
219884
219885
219886
219887
219888
219889
219890
219891
219892
219895
225169
225171
225172
225173
225174
225175
225177
225178
225179
225180
225181
225183
225185
225186
225532
225535
225536
225537
225538
225539
225540
225541
225542
225543
225544
225545
225546
225547
225548
225549
225550
225551
225552
225553
225554
225555
225556
225557
225558
225559
225560
225561
225562
225563
225564
225565
225566
225567
225568
225569
225570
225571
225572
225573
225574
225575
225909
225912
225913
225914
225915
225916
225917
225918
225919
225920
225921
225922
225923
225924
225925
225926
225927
225928
225929
225930
225931
225932
225933
225934
225935
225936
225937
225938
225939
225940
225941
225942
225943
225944
225945
225946
225947
225948
225949
225950
225951
225952
225953
225954
225955
225956
225957
225958
225959
225960
226259
226260
226261
226262
226263
226264
226265
226266
226267
226268
226269
226270
226271
226272
226273
226274
226275
226276
226277
226278
226279
226280
226281
226282
226283
226284
226285
226286
226287
226288
226289
226290
226291
226292
226293
226294
226295
226297
226299
226300
226593
226594
226595
226596
226597
226598
226599
226600
226601
226602
226603
226604
226605
226606
226607
226608
226609
226610
226611
226612
226613
226614
226615
226616
226617
226618
226619
226620
226621
226622
226623
226624
226625
226626
226627
226628
226629
226630
226631
226633
226634
226928
226929
226930
226931
226932
226933
226934
226935
226936
226937
226938
226939
226940
226941
226942
226943
226944
226945
226946
226947
226948
226949
226950
226951
226952
226953
226954
226955
226956
226957
226958
226959
226960
226961
226962
226963
226964
226965
226966
226968
226969
227288
227289
227291
227292
227293
227294
227295
227296
227297
227298
227299
227300
227301
227302
227303
227304
227305
227306
227307
227308
227309
227310
227311
227312
227313
227314
227315
227316
227317
227318
227319
227320
227321
227322
227323
227324
227325
227326
227327
227328
227329
227330
227331
227332
227333
227334
227335
227667
227668
227669
227670
227671
227672
227673
227674
227675
227676
227677
227678
227679
227680
227681
227682
227683
227684
227685
227686
227687
227688
227689
227690
227691
227692
227693
227694
227695
227696
227697
227698
227699
227700
227701
227702
227703
227704
227705
227706
227707
227710
228053
228054
228055
228057
228058
228059
228060
228061
228062
228063
228064
228065
228066
228067
228068
228069
228070
228071
228072
228073
228074
228075
228076
228077
228080
233354
233356
233357
233358
233359
233360
233362
233363
233364
233365
233366
233368
233370
233371
233717
233720
233721
233722
233723
233724
233725
233726
233727
233728
233729
233730
233731
233732
233733
233734
233735
233736
233737
233738
233739
233740
233741
233742
233743
233744
233745
233746
233747
233748
233749
233750
233751
233752
233753
233754
233755
233756
233757
233758
233759
233760
234094
234097
234098
234099
234100
234101
234102
234103
234104
234105
234106
234107
234108
234109
234110
234111
234112
234113
234114
234115
234116
234117
234118
234119
234120
234121
234122
234123
234124
234125
234126
234127
234128
234129
234130
234131
234132
234133
234134
234135
234136
234137
234138
234139
234140
234141
234142
234143
234144
234145
234444
234445
234446
234447
234448
234449
234450
234451
234452
234453
234454
234455
234456
234457
234458
234459
234460
234461
234462
234463
234464
234465
234466
234467
234468
234469
234470
234471
234472
234473
234474
234475
234476
234477
234478
234479
234480
234482
234484
234485
234778
234779
234780
234781
234782
234783
234784
234785
234786
234787
234788
234789
234790
234791
234792
234793
234794
234795
234796
234797
234798
234799
234800
234801
234802
234803
234804
234805
234806
234807
234808
234809
234810
234811
234812
234813
234814
234815
234816
234818
234819
235113
235114
235115
235116
235117
235118
235119
235120
235121
235122
235123
235124
235125
235126
235127
235128
235129
235130
235131
235132
235133
235134
235135
235136
235137
235138
235139
235140
235141
235142
235143
235144
235145
235146
235147
235148
235149
235150
235151
235153
235154
235473
235474
235476
235477
235478
235479
235480
235481
235482
235483
235484
235485
235486
235487
235488
235489
235490
235491
235492
235493
235494
235495
235496
235497
235498
235499
235500
235501
235502
235503
235504
235505
235506
235507
235508
235509
235510
235511
235512
235513
235514
235515
235516
235517
235518
235519
235520
235852
235853
235854
235855
235856
235857
235858
235859
235860
235861
235862
235863
235864
235865
235866
235867
235868
235869
235870
235871
235872
235873
235874
235875
235876
235877
235878
235879
235880
235881
235882
235883
235884
235885
235886
235887
235888
235889
235890
235891
235892
235895
236238
236239
236240
236242
236243
236244
236245
236246
236247
236248
236249
236250
236251
236252
236253
236254
236255
236256
236257
236258
236259
236260
236261
236262
236265
241539
241541
241542
241543
241544
241545
241547
241548
241549
241550
241551
241553
241555
241556
241902
241905
241906
241907
241908
241909
241910
241911
241912
241913
241914
241915
241916
241917
241918
241919
241920
241921
241922
241923
241924
241925
241926
241927
241928
241929
241930
241931
241932
241933
241934
241935
241936
241937
241938
241939
241940
241941
241942
241943
241944
241945
242279
242282
242283
242284
242285
242286
242287
242288
242289
242290
242291
242292
242293
242294
242295
242296
242297
242298
242299
242300
242301
242302
242303
242304
242305
242306
242307
242308
242309
242310
242311
242312
242313
242314
242315
242316
242317
242318
242319
242320
242321
242322
242323
242324
242325
242326
242327
242328
242329
242330
242629
242630
242631
242632
242633
242634
242635
242636
242637
242638
242639
242640
242641
242642
242643
242644
242645
242646
242647
242648
242649
242650
242651
242652
242653
242654
242655
242656
242657
242658
242659
242660
242661
242662
242663
242664
242665
242667
242669
242670
242963
242964
242965
242966
242967
242968
242969
242970
242971
242972
242973
242974
242975
242976
242977
242978
242979
242980
242981
242982
242983
242984
242985
242986
242987
242988
242989
242990
242991
242992
242993
242994
242995
242996
242997
242998
242999
243000
243001
243003
243004
243298
243299
243300
243301
243302
243303
243304
243305
243306
243307
243308
243309
243310
243311
243312
243313
243314
243315
243316
243317
243318
243319
243320
243321
243322
243323
243324
243325
243326
243327
243328
243329
243330
243331
243332
243333
243334
243335
243336
243338
243339
243658
243659
243661
243662
243663
243664
243665
243666
243667
243668
243669
243670
243671
243672
243673
243674
243675
243676
243677
243678
243679
243680
243681
243682
243683
243684
243685
243686
243687
243688
243689
243690
243691
243692
243693
243694
243695
243696
243697
243698
243699
243700
243701
243702
243703
243704
243705
244037
244038
244039
244040
244041
244042
244043
244044
244045
244046
244047
244048
244049
244050
244051
244052
244053
244054
244055
244056
244057
244058
244059
244060
244061
244062
244063
244064
244065
244066
244067
244068
244069
244070
244071
244072
244073
244074
244075
244076
244077
244080
244423
244424
244425
244427
244428
244429
244430
244431
244432
244433
244434
244435
244436
244437
244438
244439
244440
244441
244442
244443
244444
244445
244446
244447
244450
250030
250032
250033
250034
250035
250036
250038
250039
250040
250041
250042
250044
250046
250047
250405
250408
250409
250410
250411
250412
250413
250414
250415
250416
250417
250418
250419
250420
250421
250422
250423
250424
250425
250426
250427
250428
250429
250430
250431
250432
250433
250434
250435
250436
250437
250438
250439
250440
250441
250442
250443
250444
250445
250446
250447
250448
250449
250450
250451
250452
250453
250454
250824
250827
250828
250829
250830
250831
250832
250833
250834
250835
250836
250837
250838
250839
250840
250841
250842
250843
250844
250845
250846
250847
250848
250849
250850
250851
250852
250853
250854
250855
250856
250857
250858
250859
250860
250861
250862
250863
250864
250865
250866
250867
250868
250869
250870
250871
250872
250873
250874
250875
250876
250877
250878
250879
250880
250881
250882
250883
250884
250885
250886
250887
250888
250889
250890
250891
250892
250893
251228
251229
251230
251231
251232
251233
251234
251235
251236
251237
251238
251239
251240
251241
251242
251243
251244
251245
251246
251247
251248
251249
251250
251251
251252
251253
251254
251255
251256
251257
251258
251259
251260
251261
251262
251263
251264
251265
251266
251267
251268
251269
251270
251271
251272
251273
251274
251275
251276
251277
251278
251279
251280
251281
251282
251284
251286
251287
251616
251617
251618
251619
251620
251621
251622
251623
251624
251625
251626
251627
251628
251629
251630
251631
251632
251633
251634
251635
251636
251637
251638
251639
251640
251641
251642
251643
251644
251645
251646
251647
251648
251649
251650
251651
251652
251653
251654
251655
251656
251657
251658
251659
251660
251661
251662
251663
251664
251665
251666
251667
251668
251669
251670
251671
251672
251674
251675
252005
252006
252007
252008
252009
252010
252011
252012
252013
252014
252015
252016
252017
252018
252019
252020
252021
252022
252023
252024
252025
252026
252027
252028
252029
252030
252031
252032
252033
252034
252035
252036
252037
252038
252039
252040
252041
252042
252043
252044
252045
252046
252047
252048
252049
252050
252051
252052
252053
252054
252055
252056
252057
252058
252059
252060
252061
252063
252064
252419
252420
252422
252423
252424
252425
252426
252427
252428
252429
252430
252431
252432
252433
252434
252435
252436
252437
252438
252439
252440
252441
252442
252443
252444
252445
252446
252447
252448
252449
252450
252451
252452
252453
252454
252455
252456
252457
252458
252459
252460
252461
252462
252463
252464
252465
252466
252467
252468
252469
252470
252471
252472
252473
252474
252475
252476
252477
252478
252479
252480
252481
252482
252483
252484
252828
252829
252830
252831
252832
252833
252834
252835
252836
252837
252838
252839
252840
252841
252842
252843
252844
252845
252846
252847
252848
252849
252850
252851
252852
252853
252854
252855
252856
252857
252858
252859
252860
252861
252862
252863
252864
252865
252866
252867
252868
252869
252870
252871
252872
252873
252874
252877
253220
253221
253222
253224
253225
253226
253227
253228
253229
253230
253231
253232
253233
253234
253235
253236
253237
253238
253239
253240
253241
253242
253243
253244
253247
258491
258493
258494
258495
258496
258497
258499
258500
258501
258502
258503
258505
258507
258508
258834
258837
258838
258839
258840
258841
258842
258843
258844
258845
258846
258847
258848
258849
258850
258851
258852
258853
258854
258855
258856
258857
258858
258859
258860
258861
258862
258863
258864
258865
258866
258867
259181
259184
259185
259186
259187
259188
259189
259190
259191
259192
259193
259194
259195
259196
259197
259198
259199
259200
259201
259202
259203
259204
259205
259206
259207
259208
259209
259210
259211
259212
259213
259214
259215
259216
259217
259218
259219
259220
259221
259222
259533
259534
259535
259536
259537
259538
259539
259540
259541
259542
259543
259544
259545
259546
259547
259548
259549
259550
259551
259552
259553
259554
259555
259556
259557
259558
259559
259560
259561
259562
259563
259564
259565
259566
259567
259568
259569
259570
259571
259572
259573
259574
259575
259577
259579
259580
259885
259886
259887
259888
259889
259890
259891
259892
259893
259894
259895
259896
259897
259898
259899
259900
259901
259902
259903
259904
259905
259906
259907
259908
259909
259910
259911
259912
259913
259914
259915
259916
259917
259918
259919
259920
259921
259922
259923
259924
259925
259926
259927
259928
259929
259931
259932
260238
260239
260240
260241
260242
260243
260244
260245
260246
260247
260248
260249
260250
260251
260252
260253
260254
260255
260256
260257
260258
260259
260260
260261
260262
260263
260264
260265
260266
260267
260268
260269
260270
260271
260272
260273
260274
260275
260276
260277
260278
260279
260280
260281
260282
260284
260285
260592
260593
260595
260596
260597
260598
260599
260600
260601
260602
260603
260604
260605
260606
260607
260608
260609
260610
260611
260612
260613
260614
260615
260616
260617
260618
260619
260620
260621
260622
260623
260624
260625
260626
260627
260628
260629
260630
260631
260632
260633
260957
260958
260959
260960
260961
260962
260963
260964
260965
260966
260967
260968
260969
260970
260971
260972
260973
260974
260975
260976
260977
260978
260979
260980
260981
260982
260983
260984
260985
260986
260987
260988
260989
260990
260991
260992
260993
260996
261343
261344
261345
261346
261348
261349
261350
261351
261352
261353
261354
261355
261356
261357
261358
261359
261360
261361
261362
261363
261364
261365
261366
261367
261368
261369
261372
266719
266720
266721
266723
266725
266726
266727
266729
266730
266732
266734
267067
267068
267070
267071
267072
267073
267074
267075
267077
267078
267079
267080
267081
267083
267084
267085
267086
267087
267089
267090
267091
267092
267093
267095
267096
267097
267099
267100
267428
267429
267431
267432
267433
267434
267435
267436
267438
267439
267440
267441
267442
267444
267445
267446
267447
267448
267450
267451
267452
267453
267454
267456
267457
267458
267459
267460
267462
267463
267464
267465
267466
267468
267469
267470
267472
267473
267796
267797
267798
267799
267800
267802
267803
267804
267805
267806
267808
267809
267810
267811
267812
267814
267815
267816
267817
267818
267820
267821
267822
267823
267824
267826
267827
267828
267829
267830
267832
267833
267834
267835
267836
267838
267839
267840
267841
267842
267846
267848
267849
268166
268167
268168
268169
268170
268172
268173
268174
268175
268176
268178
268179
268180
268181
268182
268184
268185
268186
268187
268188
268190
268191
268192
268193
268194
268196
268197
268198
268199
268200
268202
268203
268204
268205
268206
268208
268209
268210
268211
268212
268214
268216
268218
268219
268537
268538
268539
268540
268541
268543
268544
268545
268546
268547
268549
268550
268551
268552
268553
268555
268556
268557
268558
268559
268561
268562
268563
268564
268565
268567
268568
268569
268570
268571
268573
268574
268575
268576
268577
268579
268580
268581
268582
268583
268585
268587
268589
268590
268910
268911
268913
268914
268915
268916
268917
268918
268919
268921
268922
268923
268924
268925
268927
268928
268929
268930
268931
268933
268934
268935
268936
268937
268939
268940
268941
268942
268943
268945
268946
268947
268948
268949
268951
268952
268954
268955
268956
269284
269285
269286
269288
269289
269290
269291
269292
269293
269294
269296
269297
269298
269299
269300
269302
269303
269304
269305
269306
269308
269309
269310
269311
269312
269314
269315
269317
269318
269319
269320
269321
269325
269672
269673
269676
269677
269678
269679
269680
269682
269683
269684
269685
269686
269688
269689
269690
269691
269692
269694
269695
269696
269697
269701
293629
293630
293631
293647
293649
293651
293653
293655
293656
293657
293671
293673
293674
293676
293678
293679
293680
293692
293694
293695
293697
293699
293700
293701
293717
293719
293721
293722
293723
293743
293962
293963
293964
293980
293982
293983
293985
293987
293988
293989
294001
294003
294004
294006
294007
294009
294010
294011
294031
294244
294246
294247
294249
294251
294252
294253
294265
294267
294268
294270
294271
294274
294275
294400
294402
294407
294408
294409
294426
294427
294538
294540
294545
294546
294547
294564
294565
294676
294678
294684
294685
294702
294703
294913
294915
294916
294917
294919
294921
294922
294923
294937
294939
294940
294941
294943
294944
294948
295173
295195
295197
295198
295199
295201
295203
295204
295205
295219
295221
295222
295223
295225
295226
295230
295551
295573
295575
295576
295581
295582
295597
295599
295600
295601
295603
295605
295606
295621
295623
295624
295625
295627
295629
295630
295647
295648
295651
298642
298643
298644
298657
298658
298659
298660
298661
298662
298663
298664
298665
298666
298669
298670
298671
298672
298673
298674
298675
298676
298677
298678
298679
298680
298681
298682
298683
298684
298685
298686
298687
298688
298689
298690
298691
298692
298693
298694
298695
298696
298697
298698
298699
298700
298701
298702
298703
298704
298705
298706
298707
298710
298711
298712
298713
298714
298716
298720
298721
298722
298723
298724
298725
298730
298742
298743
298909
298910
298911
298924
298925
298926
298927
298928
298929
298930
298931
298932
298933
298934
298935
298936
298937
298938
298939
298940
298941
298942
298943
298944
298945
298946
298947
298948
298949
298950
298951
298952
298954
298955
298956
298957
298958
298959
298964
298976
298977
299152
299153
299154
299155
299156
299157
299158
299159
299160
299161
299162
299163
299164
299165
299166
299167
299168
299169
299170
299171
299173
299174
299175
299176
299178
299179
299180
299181
299183
299184
299344
299345
299348
299349
299350
299353
299354
299355
299359
299360
299361
299362
299363
299364
299365
299366
299367
299368
299369
299370
299371
299372
299373
299374
299375
299376
299377
299378
299379
299380
299381
299382
299383
299384
299385
299386
299387
299388
299389
299390
299391
299392
299393
299394
299398
299403
299408
299409
299554
299555
299558
299559
299560
299563
299564
299565
299569
299570
299571
299572
299573
299574
299575
299576
299577
299578
299579
299580
299581
299582
299583
299584
299585
299586
299587
299588
299589
299590
299591
299592
299593
299594
299595
299596
299597
299598
299599
299600
299601
299602
299603
299604
299608
299613
299618
299619
299764
299765
299768
299769
299773
299774
299775
299779
299781
299782
299783
299784
299785
299786
299787
299788
299789
299790
299791
299792
299793
299794
299795
299796
299797
299798
299799
299800
299801
299802
299803
299804
299805
299806
299807
299808
299809
299810
299811
299812
299813
299814
299818
299823
299829
299989
299990
299991
299992
299993
299994
299995
299996
299997
299998
299999
300001
300002
300003
300004
300005
300006
300007
300008
300011
300012
300013
300015
300016
300017
300018
300021
300194
300205
300206
300214
300215
300216
300217
300218
300219
300220
300221
300222
300223
300224
300225
300226
300228
300229
300230
300231
300232
300233
300234
300235
300236
300237
300240
300241
300242
300243
300244
300245
300246
300247
300248
300249
300252
300506
300517
300518
300526
300527
300528
300531
300532
300534
300536
300537
300538
300539
300540
300544
300546
300547
300548
300549
300550
300551
300552
300554
300555
300556
300557
300558
300559
300561
300562
300564
300565
300566
300567
300568
300569
300570
300572
300573
300574
300575
300576
300577
300579
300580
300582
300584
300585
300587
300591
300592
300593
300595
300596
300597
300600
303697
303698
303699
303712
303713
303714
303715
303716
303717
303718
303719
303720
303721
303724
303725
303726
303727
303728
303729
303730
303731
303732
303733
303734
303735
303736
303737
303738
303739
303740
303741
303742
303743
303744
303745
303746
303747
303748
303749
303750
303751
303752
303753
303754
303755
303756
303757
303758
303759
303760
303761
303762
303765
303766
303767
303768
303769
303771
303775
303776
303777
303778
303779
303780
303785
303797
303798
303964
303965
303966
303979
303980
303981
303982
303983
303984
303985
303986
303987
303988
303989
303990
303991
303992
303993
303994
303995
303996
303997
303998
303999
304000
304001
304002
304003
304004
304005
304006
304007
304009
304010
304011
304012
304013
304014
304019
304031
304032
304207
304208
304209
304210
304211
304212
304213
304214
304215
304216
304217
304218
304219
304220
304221
304222
304223
304224
304225
304226
304228
304229
304230
304231
304233
304234
304235
304236
304238
304239
304399
304400
304403
304404
304405
304408
304409
304410
304414
304415
304416
304417
304418
304419
304420
304421
304422
304423
304424
304425
304426
304427
304428
304429
304430
304431
304432
304433
304434
304435
304436
304437
304438
304439
304440
304441
304442
304443
304444
304445
304446
304447
304448
304449
304453
304458
304463
304464
304609
304610
304613
304614
304615
304618
304619
304620
304624
304625
304626
304627
304628
304629
304630
304631
304632
304633
304634
304635
304636
304637
304638
304639
304640
304641
304642
304643
304644
304645
304646
304647
304648
304649
304650
304651
304652
304653
304654
304655
304656
304657
304658
304659
304663
304668
304673
304674
304819
304820
304823
304824
304828
304829
304830
304834
304836
304837
304838
304839
304840
304841
304842
304843
304844
304845
304846
304847
304848
304849
304850
304851
304852
304853
304854
304855
304856
304857
304858
304859
304860
304861
304862
304863
304864
304865
304866
304867
304868
304869
304873
304878
304884
305044
305045
305046
305047
305048
305049
305050
305051
305052
305053
305054
305056
305057
305058
305059
305060
305061
305062
305063
305066
305067
305068
305070
305071
305072
305073
305076
305249
305260
305261
305269
305270
305271
305272
305273
305274
305275
305276
305277
305278
305279
305280
305281
305283
305284
305285
305286
305287
305288
305289
305290
305291
305292
305295
305296
305297
305298
305299
305300
305301
305302
305303
305304
305307
305561
305572
305573
305581
305582
305583
305586
305587
305589
305591
305592
305593
305594
305595
305599
305601
305602
305603
305604
305605
305606
305607
305609
305610
305611
305612
305613
305614
305616
305617
305619
305620
305621
305622
305623
305624
305625
305627
305628
305629
305630
305631
305632
305634
305635
305637
305639
305640
305642
305646
305647
305648
305650
305651
305652
305655
308752
308753
308754
308767
308768
308769
308770
308771
308772
308773
308774
308775
308776
308779
308780
308781
308782
308783
308784
308785
308786
308787
308788
308789
308790
308791
308792
308793
308794
308795
308796
308797
308798
308799
308800
308801
308802
308803
308804
308805
308806
308807
308808
308809
308810
308811
308812
308813
308814
308815
308816
308817
308820
308821
308822
308823
308824
308826
308830
308831
308832
308833
308834
308835
308840
308852
308853
309019
309020
309021
309034
309035
309036
309037
309038
309039
309040
309041
309042
309043
309044
309045
309046
309047
309048
309049
309050
309051
309052
309053
309054
309055
309056
309057
309058
309059
309060
309061
309062
309064
309065
309066
309067
309068
309069
309074
309086
309087
309262
309263
309264
309265
309266
309267
309268
309269
309270
309271
309272
309273
309274
309275
309276
309277
309278
309279
309280
309281
309283
309284
309285
309286
309288
309289
309290
309291
309293
309294
309454
309455
309458
309459
309460
309463
309464
309465
309469
309470
309471
309472
309473
309474
309475
309476
309477
309478
309479
309480
309481
309482
309483
309484
309485
309486
309487
309488
309489
309490
309491
309492
309493
309494
309495
309496
309497
309498
309499
309500
309501
309502
309503
309504
309508
309513
309518
309519
309664
309665
309668
309669
309670
309673
309674
309675
309679
309680
309681
309682
309683
309684
309685
309686
309687
309688
309689
309690
309691
309692
309693
309694
309695
309696
309697
309698
309699
309700
309701
309702
309703
309704
309705
309706
309707
309708
309709
309710
309711
309712
309713
309714
309718
309723
309728
309729
309874
309875
309878
309879
309883
309884
309885
309889
309891
309892
309893
309894
309895
309896
309897
309898
309899
309900
309901
309902
309903
309904
309905
309906
309907
309908
309909
309910
309911
309912
309913
309914
309915
309916
309917
309918
309919
309920
309921
309922
309923
309924
309928
309933
309939
310099
310100
310101
310102
310103
310104
310105
310106
310107
310108
310109
310111
310112
310113
310114
310115
310116
310117
310118
310121
310122
310123
310125
310126
310127
310128
310131
310304
310315
310316
310324
310325
310326
310327
310328
310329
310330
310331
310332
310333
310334
310335
310336
310338
310339
310340
310341
310342
310343
310344
310345
310346
310347
310350
310351
310352
310353
310354
310355
310356
310357
310358
310359
310362
310616
310627
310628
310636
310637
310638
310641
310642
310644
310646
310647
310648
310649
310650
310654
310656
310657
310658
310659
310660
310661
310662
310664
310665
310666
310667
310668
310669
310671
310672
310674
310675
310676
310677
310678
310679
310680
310682
310683
310684
310685
310686
310687
310689
310690
310692
310694
310695
310697
310701
310702
310703
310705
310706
310707
310710
313807
313808
313809
313822
313823
313824
313825
313826
313827
313828
313829
313830
313831
313834
313835
313836
313837
313838
313839
313840
313841
313842
313843
313844
313845
313846
313847
313848
313849
313850
313851
313852
313853
313854
313855
313856
313857
313858
313859
313860
313861
313862
313863
313864
313865
313866
313867
313868
313869
313870
313871
313872
313875
313876
313877
313878
313879
313881
313885
313886
313887
313888
313889
313890
313895
313907
313908
314074
314075
314076
314089
314090
314091
314092
314093
314094
314095
314096
314097
314098
314099
314100
314101
314102
314103
314104
314105
314106
314107
314108
314109
314110
314111
314112
314113
314114
314115
314116
314117
314119
314120
314121
314122
314123
314124
314129
314141
314142
314317
314318
314319
314320
314321
314322
314323
314324
314325
314326
314327
314328
314329
314330
314331
314332
314333
314334
314335
314336
314338
314339
314340
314341
314343
314344
314345
314346
314348
314349
314509
314510
314513
314514
314515
314518
314519
314520
314524
314525
314526
314527
314528
314529
314530
314531
314532
314533
314534
314535
314536
314537
314538
314539
314540
314541
314542
314543
314544
314545
314546
314547
314548
314549
314550
314551
314552
314553
314554
314555
314556
314557
314558
314559
314563
314568
314573
314574
314719
314720
314723
314724
314725
314728
314729
314730
314734
314735
314736
314737
314738
314739
314740
314741
314742
314743
314744
314745
314746
314747
314748
314749
314750
314751
314752
314753
314754
314755
314756
314757
314758
314759
314760
314761
314762
314763
314764
314765
314766
314767
314768
314769
314773
314778
314783
314784
314929
314930
314933
314934
314938
314939
314940
314944
314946
314947
314948
314949
314950
314951
314952
314953
314954
314955
314956
314957
314958
314959
314960
314961
314962
314963
314964
314965
314966
314967
314968
314969
314970
314971
314972
314973
314974
314975
314976
314977
314978
314979
314983
314988
314994
315154
315155
315156
315157
315158
315159
315160
315161
315162
315163
315164
315166
315167
315168
315169
315170
315171
315172
315173
315176
315177
315178
315180
315181
315182
315183
315186
315359
315370
315371
315379
315380
315381
315382
315383
315384
315385
315386
315387
315388
315389
315390
315391
315393
315394
315395
315396
315397
315398
315399
315400
315401
315402
315405
315406
315407
315408
315409
315410
315411
315412
315413
315414
315417
315671
315682
315683
315691
315692
315693
315696
315697
315699
315701
315702
315703
315704
315705
315709
315711
315712
315713
315714
315715
315716
315717
315719
315720
315721
315722
315723
315724
315726
315727
315729
315730
315731
315732
315733
315734
315735
315737
315738
315739
315740
315741
315742
315744
315745
315747
315749
315750
315752
315756
315757
315758
315760
315761
315762
315765
318862
318863
318864
318877
318878
318879
318880
318881
318882
318883
318884
318885
318886
318889
318890
318891
318892
318893
318894
318895
318896
318897
318898
318899
318900
318901
318902
318903
318904
318905
318906
318907
318908
318909
318910
318911
318912
318913
318914
318915
318916
318917
318918
318919
318920
318921
318922
318923
318924
318925
318926
318927
318930
318931
318932
318933
318934
318936
318940
318941
318942
318943
318944
318945
318950
318962
318963
319129
319130
319131
319144
319145
319146
319147
319148
319149
319150
319151
319152
319153
319154
319155
319156
319157
319158
319159
319160
319161
319162
319163
319164
319165
319166
319167
319168
319169
319170
319171
319172
319174
319175
319176
319177
319178
319179
319184
319196
319197
319372
319373
319374
319375
319376
319377
319378
319379
319380
319381
319382
319383
319384
319385
319386
319387
319388
319389
319390
319391
319393
319394
319395
319396
319398
319399
319400
319401
319403
319404
319564
319565
319568
319569
319570
319573
319574
319575
319579
319580
319581
319582
319583
319584
319585
319586
319587
319588
319589
319590
319591
319592
319593
319594
319595
319596
319597
319598
319599
319600
319601
319602
319603
319604
319605
319606
319607
319608
319609
319610
319611
319612
319613
319614
319618
319623
319628
319629
319774
319775
319778
319779
319780
319783
319784
319785
319789
319790
319791
319792
319793
319794
319795
319796
319797
319798
319799
319800
319801
319802
319803
319804
319805
319806
319807
319808
319809
319810
319811
319812
319813
319814
319815
319816
319817
319818
319819
319820
319821
319822
319823
319824
319828
319833
319838
319839
319984
319985
319988
319989
319993
319994
319995
319999
320001
320002
320003
320004
320005
320006
320007
320008
320009
320010
320011
320012
320013
320014
320015
320016
320017
320018
320019
320020
320021
320022
320023
320024
320025
320026
320027
320028
320029
320030
320031
320032
320033
320034
320038
320043
320049
320209
320210
320211
320212
320213
320214
320215
320216
320217
320218
320219
320221
320222
320223
320224
320225
320226
320227
320228
320231
320232
320233
320235
320236
320237
320238
320241
320414
320425
320426
320434
320435
320436
320437
320438
320439
320440
320441
320442
320443
320444
320445
320446
320448
320449
320450
320451
320452
320453
320454
320455
320456
320457
320460
320461
320462
320463
320464
320465
320466
320467
320468
320469
320472
320726
320737
320738
320746
320747
320748
320751
320752
320754
320756
320757
320758
320759
320760
320764
320766
320767
320768
320769
320770
320771
320772
320774
320775
320776
320777
320778
320779
320781
320782
320784
320785
320786
320787
320788
320789
320790
320792
320793
320794
320795
320796
320797
320799
320800
320802
320804
320805
320807
320811
320812
320813
320815
320816
320817
320820
323917
323918
323919
323932
323933
323934
323935
323936
323937
323938
323939
323940
323941
323944
323945
323946
323947
323948
323949
323950
323951
323952
323953
323954
323955
323956
323957
323958
323959
323960
323961
323962
323963
323964
323965
323966
323967
323968
323969
323970
323971
323972
323973
323974
323975
323976
323977
323978
323979
323980
323981
323982
323985
323986
323987
323988
323989
323991
323995
323996
323997
323998
323999
324000
324005
324017
324018
324184
324185
324186
324199
324200
324201
324202
324203
324204
324205
324206
324207
324208
324209
324210
324211
324212
324213
324214
324215
324216
324217
324218
324219
324220
324221
324222
324223
324224
324225
324226
324227
324229
324230
324231
324232
324233
324234
324239
324251
324252
324427
324428
324429
324430
324431
324432
324433
324434
324435
324436
324437
324438
324439
324440
324441
324442
324443
324444
324445
324446
324448
324449
324450
324451
324453
324454
324455
324456
324458
324459
324619
324620
324623
324624
324625
324628
324629
324630
324634
324635
324636
324637
324638
324639
324640
324641
324642
324643
324644
324645
324646
324647
324648
324649
324650
324651
324652
324653
324654
324655
324656
324657
324658
324659
324660
324661
324662
324663
324664
324665
324666
324667
324668
324669
324673
324678
324683
324684
324829
324830
324833
324834
324835
324838
324839
324840
324844
324845
324846
324847
324848
324849
324850
324851
324852
324853
324854
324855
324856
324857
324858
324859
324860
324861
324862
324863
324864
324865
324866
324867
324868
324869
324870
324871
324872
324873
324874
324875
324876
324877
324878
324879
324883
324888
324893
324894
325039
325040
325043
325044
325048
325049
325050
325054
325056
325057
325058
325059
325060
325061
325062
325063
325064
325065
325066
325067
325068
325069
325070
325071
325072
325073
325074
325075
325076
325077
325078
325079
325080
325081
325082
325083
325084
325085
325086
325087
325088
325089
325093
325098
325104
325264
325265
325266
325267
325268
325269
325270
325271
325272
325273
325274
325276
325277
325278
325279
325280
325281
325282
325283
325286
325287
325288
325290
325291
325292
325293
325296
325469
325480
325481
325489
325490
325491
325492
325493
325494
325495
325496
325497
325498
325499
325500
325501
325503
325504
325505
325506
325507
325508
325509
325510
325511
325512
325515
325516
325517
325518
325519
325520
325521
325522
325523
325524
325527
325781
325792
325793
325801
325802
325803
325806
325807
325809
325811
325812
325813
325814
325815
325819
325821
325822
325823
325824
325825
325826
325827
325829
325830
325831
325832
325833
325834
325836
325837
325839
325840
325841
325842
325843
325844
325845
325847
325848
325849
325850
325851
325852
325854
325855
325857
325859
325860
325862
325866
325867
325868
325870
325871
325872
325875
328972
328973
328974
328987
328988
328989
328990
328991
328992
328993
328994
328995
328996
328999
329000
329001
329002
329003
329004
329005
329006
329007
329008
329009
329010
329011
329012
329013
329014
329015
329016
329017
329018
329019
329020
329021
329022
329023
329024
329025
329026
329027
329028
329029
329030
329031
329032
329033
329034
329035
329036
329037
329040
329041
329042
329043
329044
329046
329050
329051
329052
329053
329054
329055
329060
329072
329073
329239
329240
329241
329254
329255
329256
329257
329258
329259
329260
329261
329262
329263
329264
329265
329266
329267
329268
329269
329270
329271
329272
329273
329274
329275
329276
329277
329278
329279
329280
329281
329282
329284
329285
329286
329287
329288
329289
329294
329306
329307
329482
329483
329484
329485
329486
329487
329488
329489
329490
329491
329492
329493
329494
329495
329496
329497
329498
329499
329500
329501
329503
329504
329505
329506
329508
329509
329510
329511
329513
329514
329674
329675
329678
329679
329680
329683
329684
329685
329689
329690
329691
329692
329693
329694
329695
329696
329697
329698
329699
329700
329701
329702
329703
329704
329705
329706
329707
329708
329709
329710
329711
329712
329713
329714
329715
329716
329717
329718
329719
329720
329721
329722
329723
329724
329728
329733
329738
329739
329884
329885
329888
329889
329890
329893
329894
329895
329899
329900
329901
329902
329903
329904
329905
329906
329907
329908
329909
329910
329911
329912
329913
329914
329915
329916
329917
329918
329919
329920
329921
329922
329923
329924
329925
329926
329927
329928
329929
329930
329931
329932
329933
329934
329938
329943
329948
329949
330094
330095
330098
330099
330103
330104
330105
330109
330111
330112
330113
330114
330115
330116
330117
330118
330119
330120
330121
330122
330123
330124
330125
330126
330127
330128
330129
330130
330131
330132
330133
330134
330135
330136
330137
330138
330139
330140
330141
330142
330143
330144
330148
330153
330159
330319
330320
330321
330322
330323
330324
330325
330326
330327
330328
330329
330331
330332
330333
330334
330335
330336
330337
330338
330341
330342
330343
330345
330346
330347
330348
330351
330524
330535
330536
330544
330545
330546
330547
330548
330549
330550
330551
330552
330553
330554
330555
330556
330558
330559
330560
330561
330562
330563
330564
330565
330566
330567
330570
330571
330572
330573
330574
330575
330576
330577
330578
330579
330582
330836
330847
330848
330856
330857
330858
330861
330862
330864
330866
330867
330868
330869
330870
330874
330876
330877
330878
330879
330880
330881
330882
330884
330885
330886
330887
330888
330889
330891
330892
330894
330895
330896
330897
330898
330899
330900
330902
330903
330904
330905
330906
330907
330909
330910
330912
330914
330915
330917
330921
330922
330923
330925
330926
330927
330930
334027
334028
334029
334042
334043
334044
334045
334046
334047
334048
334049
334050
334051
334054
334055
334056
334057
334058
334059
334060
334061
334062
334063
334064
334065
334066
334067
334068
334069
334070
334071
334072
334073
334074
334075
334076
334077
334078
334079
334080
334081
334082
334083
334084
334085
334086
334087
334088
334089
334090
334091
334092
334095
334096
334097
334098
334099
334101
334105
334106
334107
334108
334109
334110
334115
334127
334128
334294
334295
334296
334309
334310
334311
334312
334313
334314
334315
334316
334317
334318
334319
334320
334321
334322
334323
334324
334325
334326
334327
334328
334329
334330
334331
334332
334333
334334
334335
334336
334337
334339
334340
334341
334342
334343
334344
334349
334361
334362
334537
334538
334539
334540
334541
334542
334543
334544
334545
334546
334547
334548
334549
334550
334551
334552
334553
334554
334555
334556
334558
334559
334560
334561
334563
334564
334565
334566
334568
334569
334729
334730
334733
334734
334735
334738
334739
334740
334744
334745
334746
334747
334748
334749
334750
334751
334752
334753
334754
334755
334756
334757
334758
334759
334760
334761
334762
334763
334764
334765
334766
334767
334768
334769
334770
334771
334772
334773
334774
334775
334776
334777
334778
334779
334783
334788
334793
334794
334939
334940
334943
334944
334945
334948
334949
334950
334954
334955
334956
334957
334958
334959
334960
334961
334962
334963
334964
334965
334966
334967
334968
334969
334970
334971
334972
334973
334974
334975
334976
334977
334978
334979
334980
334981
334982
334983
334984
334985
334986
334987
334988
334989
334993
334998
335003
335004
335149
335150
335153
335154
335158
335159
335160
335164
335166
335167
335168
335169
335170
335171
335172
335173
335174
335175
335176
335177
335178
335179
335180
335181
335182
335183
335184
335185
335186
335187
335188
335189
335190
335191
335192
335193
335194
335195
335196
335197
335198
335199
335203
335208
335214
335374
335375
335376
335377
335378
335379
335380
335381
335382
335383
335384
335386
335387
335388
335389
335390
335391
335392
335393
335396
335397
335398
335400
335401
335402
335403
335406
335579
335590
335591
335599
335600
335601
335602
335603
335604
335605
335606
335607
335608
335609
335610
335611
335613
335614
335615
335616
335617
335618
335619
335620
335621
335622
335625
335626
335627
335628
335629
335630
335631
335632
335633
335634
335637
335891
335902
335903
335911
335912
335913
335916
335917
335919
335921
335922
335923
335924
335925
335929
335931
335932
335933
335934
335935
335936
335937
335939
335940
335941
335942
335943
335944
335946
335947
335949
335950
335951
335952
335953
335954
335955
335957
335958
335959
335960
335961
335962
335964
335965
335967
335969
335970
335972
335976
335977
335978
335980
335981
335982
335985
339082
339083
339084
339097
339098
339099
339100
339101
339102
339103
339104
339105
339106
339109
339110
339111
339112
339113
339114
339115
339116
339117
339118
339119
339120
339121
339122
339123
339124
339125
339126
339127
339128
339129
339130
339131
339132
339133
339134
339135
339136
339137
339138
339139
339140
339141
339142
339143
339144
339145
339146
339147
339150
339151
339152
339153
339154
339156
339160
339161
339162
339163
339164
339165
339170
339182
339183
339349
339350
339351
339364
339365
339366
339367
339368
339369
339370
339371
339372
339373
339374
339375
339376
339377
339378
339379
339380
339381
339382
339383
339384
339385
339386
339387
339388
339389
339390
339391
339392
339394
339395
339396
339397
339398
339399
339404
339416
339417
339592
339593
339594
339595
339596
339597
339598
339599
339600
339601
339602
339603
339604
339605
339606
339607
339608
339609
339610
339611
339613
339614
339615
339616
339618
339619
339620
339621
339623
339624
339784
339785
339788
339789
339790
339793
339794
339795
339799
339800
339801
339802
339803
339804
339805
339806
339807
339808
339809
339810
339811
339812
339813
339814
339815
339816
339817
339818
339819
339820
339821
339822
339823
339824
339825
339826
339827
339828
339829
339830
339831
339832
339833
339834
339838
339843
339848
339849
339994
339995
339998
339999
340000
340003
340004
340005
340009
340010
340011
340012
340013
340014
340015
340016
340017
340018
340019
340020
340021
340022
340023
340024
340025
340026
340027
340028
340029
340030
340031
340032
340033
340034
340035
340036
340037
340038
340039
340040
340041
340042
340043
340044
340048
340053
340058
340059
340204
340205
340208
340209
340213
340214
340215
340219
340221
340222
340223
340224
340225
340226
340227
340228
340229
340230
340231
340232
340233
340234
340235
340236
340237
340238
340239
340240
340241
340242
340243
340244
340245
340246
340247
340248
340249
340250
340251
340252
340253
340254
340258
340263
340269
340429
340430
340431
340432
340433
340434
340435
340436
340437
340438
340439
340441
340442
340443
340444
340445
340446
340447
340448
340451
340452
340453
340455
340456
340457
340458
340461
340634
340645
340646
340654
340655
340656
340657
340658
340659
340660
340661
340662
340663
340664
340665
340666
340668
340669
340670
340671
340672
340673
340674
340675
340676
340677
340680
340681
340682
340683
340684
340685
340686
340687
340688
340689
340692
340946
340957
340958
340966
340967
340968
340971
340972
340974
340976
340977
340978
340979
340980
340984
340986
340987
340988
340989
340990
340991
340992
340994
340995
340996
340997
340998
340999
341001
341002
341004
341005
341006
341007
341008
341009
341010
341012
341013
341014
341015
341016
341017
341019
341020
341022
341024
341025
341027
341031
341032
341033
341035
341036
341037
341040
344137
344138
344139
344152
344153
344154
344155
344156
344157
344158
344159
344160
344161
344164
344165
344166
344167
344168
344169
344170
344171
344172
344173
344174
344175
344176
344177
344178
344179
344180
344181
344182
344183
344184
344185
344186
344187
344188
344189
344190
344191
344192
344193
344194
344195
344196
344197
344198
344199
344200
344201
344202
344205
344206
344207
344208
344209
344211
344215
344216
344217
344218
344219
344220
344225
344237
344238
344404
344405
344406
344419
344420
344421
344422
344423
344424
344425
344426
344427
344428
344429
344430
344431
344432
344433
344434
344435
344436
344437
344438
344439
344440
344441
344442
344443
344444
344445
344446
344447
344449
344450
344451
344452
344453
344454
344459
344471
344472
344647
344648
344649
344650
344651
344652
344653
344654
344655
344656
344657
344658
344659
344660
344661
344662
344663
344664
344665
344666
344668
344669
344670
344671
344673
344674
344675
344676
344678
344679
344839
344840
344843
344844
344845
344848
344849
344850
344854
344855
344856
344857
344858
344859
344860
344861
344862
344863
344864
344865
344866
344867
344868
344869
344870
344871
344872
344873
344874
344875
344876
344877
344878
344879
344880
344881
344882
344883
344884
344885
344886
344887
344888
344889
344893
344898
344903
344904
345049
345050
345053
345054
345055
345058
345059
345060
345064
345065
345066
345067
345068
345069
345070
345071
345072
345073
345074
345075
345076
345077
345078
345079
345080
345081
345082
345083
345084
345085
345086
345087
345088
345089
345090
345091
345092
345093
345094
345095
345096
345097
345098
345099
345103
345108
345113
345114
345259
345260
345263
345264
345268
345269
345270
345274
345276
345277
345278
345279
345280
345281
345282
345283
345284
345285
345286
345287
345288
345289
345290
345291
345292
345293
345294
345295
345296
345297
345298
345299
345300
345301
345302
345303
345304
345305
345306
345307
345308
345309
345313
345318
345324
345484
345485
345486
345487
345488
345489
345490
345491
345492
345493
345494
345496
345497
345498
345499
345500
345501
345502
345503
345506
345507
345508
345510
345511
345512
345513
345516
345689
345700
345701
345709
345710
345711
345712
345713
345714
345715
345716
345717
345718
345719
345720
345721
345723
345724
345725
345726
345727
345728
345729
345730
345731
345732
345735
345736
345737
345738
345739
345740
345741
345742
345743
345744
345747
346001
346012
346013
346021
346022
346023
346026
346027
346029
346031
346032
346033
346034
346035
346039
346041
346042
346043
346044
346045
346046
346047
346049
346050
346051
346052
346053
346054
346056
346057
346059
346060
346061
346062
346063
346064
346065
346067
346068
346069
346070
346071
346072
346074
346075
346077
346079
346080
346082
346086
346087
346088
346090
346091
346092
346095
349192
349193
349194
349207
349208
349209
349210
349211
349212
349213
349214
349215
349216
349219
349220
349221
349222
349223
349224
349225
349226
349227
349228
349229
349230
349231
349232
349233
349234
349235
349236
349237
349238
349239
349240
349241
349242
349243
349244
349245
349246
349247
349248
349249
349250
349251
349252
349253
349254
349255
349256
349257
349260
349261
349262
349263
349264
349266
349270
349271
349272
349273
349274
349275
349280
349292
349293
349459
349460
349461
349474
349475
349476
349477
349478
349479
349480
349481
349482
349483
349484
349485
349486
349487
349488
349489
349490
349491
349492
349493
349494
349495
349496
349497
349498
349499
349500
349501
349502
349504
349505
349506
349507
349508
349509
349514
349526
349527
349702
349703
349704
349705
349706
349707
349708
349709
349710
349711
349712
349713
349714
349715
349716
349717
349718
349719
349720
349721
349723
349724
349725
349726
349728
349729
349730
349731
349733
349734
349894
349895
349898
349899
349900
349903
349904
349905
349909
349910
349911
349912
349913
349914
349915
349916
349917
349918
349919
349920
349921
349922
349923
349924
349925
349926
349927
349928
349929
349930
349931
349932
349933
349934
349935
349936
349937
349938
349939
349940
349941
349942
349943
349944
349948
349953
349958
349959
350104
350105
350108
350109
350110
350113
350114
350115
350119
350120
350121
350122
350123
350124
350125
350126
350127
350128
350129
350130
350131
350132
350133
350134
350135
350136
350137
350138
350139
350140
350141
350142
350143
350144
350145
350146
350147
350148
350149
350150
350151
350152
350153
350154
350158
350163
350168
350169
350314
350315
350318
350319
350323
350324
350325
350329
350331
350332
350333
350334
350335
350336
350337
350338
350339
350340
350341
350342
350343
350344
350345
350346
350347
350348
350349
350350
350351
350352
350353
350354
350355
350356
350357
350358
350359
350360
350361
350362
350363
350364
350368
350373
350379
350539
350540
350541
350542
350543
350544
350545
350546
350547
350548
350549
350551
350552
350553
350554
350555
350556
350557
350558
350561
350562
350563
350565
350566
350567
350568
350571
350744
350755
350756
350764
350765
350766
350767
350768
350769
350770
350771
350772
350773
350774
350775
350776
350778
350779
350780
350781
350782
350783
350784
350785
350786
350787
350790
350791
350792
350793
350794
350795
350796
350797
350798
350799
350802
351056
351067
351068
351076
351077
351078
351081
351082
351084
351086
351087
351088
351089
351090
351094
351096
351097
351098
351099
351100
351101
351102
351104
351105
351106
351107
351108
351109
351111
351112
351114
351115
351116
351117
351118
351119
351120
351122
351123
351124
351125
351126
351127
351129
351130
351132
351134
351135
351137
351141
351142
351143
351145
351146
351147
351150
354247
354248
354249
354262
354263
354264
354265
354266
354267
354268
354269
354270
354271
354274
354275
354276
354277
354278
354279
354280
354281
354282
354283
354284
354285
354286
354287
354288
354289
354290
354291
354292
354293
354294
354295
354296
354297
354298
354299
354300
354301
354302
354303
354304
354305
354306
354307
354308
354309
354310
354311
354312
354315
354316
354317
354318
354319
354321
354325
354326
354327
354328
354329
354330
354335
354347
354348
354514
354515
354516
354529
354530
354531
354532
354533
354534
354535
354536
354537
354538
354539
354540
354541
354542
354543
354544
354545
354546
354547
354548
354549
354550
354551
354552
354553
354554
354555
354556
354557
354559
354560
354561
354562
354563
354564
354569
354581
354582
354757
354758
354759
354760
354761
354762
354763
354764
354765
354766
354767
354768
354769
354770
354771
354772
354773
354774
354775
354776
354778
354779
354780
354781
354783
354784
354785
354786
354788
354789
354949
354950
354953
354954
354955
354958
354959
354960
354964
354965
354966
354967
354968
354969
354970
354971
354972
354973
354974
354975
354976
354977
354978
354979
354980
354981
354982
354983
354984
354985
354986
354987
354988
354989
354990
354991
354992
354993
354994
354995
354996
354997
354998
354999
355003
355008
355013
355014
355159
355160
355163
355164
355165
355168
355169
355170
355174
355175
355176
355177
355178
355179
355180
355181
355182
355183
355184
355185
355186
355187
355188
355189
355190
355191
355192
355193
355194
355195
355196
355197
355198
355199
355200
355201
355202
355203
355204
355205
355206
355207
355208
355209
355213
355218
355223
355224
355369
355370
355373
355374
355378
355379
355380
355384
355386
355387
355388
355389
355390
355391
355392
355393
355394
355395
355396
355397
355398
355399
355400
355401
355402
355403
355404
355405
355406
355407
355408
355409
355410
355411
355412
355413
355414
355415
355416
355417
355418
355419
355423
355428
355434
355594
355595
355596
355597
355598
355599
355600
355601
355602
355603
355604
355606
355607
355608
355609
355610
355611
355612
355613
355616
355617
355618
355620
355621
355622
355623
355626
355799
355810
355811
355819
355820
355821
355822
355823
355824
355825
355826
355827
355828
355829
355830
355831
355833
355834
355835
355836
355837
355838
355839
355840
355841
355842
355845
355846
355847
355848
355849
355850
355851
355852
355853
355854
355857
356111
356122
356123
356131
356132
356133
356136
356137
356139
356141
356142
356143
356144
356145
356149
356151
356152
356153
356154
356155
356156
356157
356159
356160
356161
356162
356163
356164
356166
356167
356169
356170
356171
356172
356173
356174
356175
356177
356178
356179
356180
356181
356182
356184
356185
356187
356189
356190
356192
356196
356197
356198
356200
356201
356202
356205
359302
359303
359304
359317
359318
359319
359320
359321
359322
359323
359324
359325
359326
359329
359330
359331
359332
359333
359334
359335
359336
359337
359338
359339
359340
359341
359342
359343
359344
359345
359346
359347
359348
359349
359350
359351
359352
359353
359354
359355
359356
359357
359358
359359
359360
359361
359362
359363
359364
359365
359366
359367
359370
359371
359372
359373
359374
359376
359380
359381
359382
359383
359384
359385
359390
359402
359403
359569
359570
359571
359584
359585
359586
359587
359588
359589
359590
359591
359592
359593
359594
359595
359596
359597
359598
359599
359600
359601
359602
359603
359604
359605
359606
359607
359608
359609
359610
359611
359612
359614
359615
359616
359617
359618
359619
359624
359636
359637
359812
359813
359814
359815
359816
359817
359818
359819
359820
359821
359822
359823
359824
359825
359826
359827
359828
359829
359830
359831
359833
359834
359835
359836
359838
359839
359840
359841
359843
359844
360004
360005
360008
360009
360010
360013
360014
360015
360019
360020
360021
360022
360023
360024
360025
360026
360027
360028
360029
360030
360031
360032
360033
360034
360035
360036
360037
360038
360039
360040
360041
360042
360043
360044
360045
360046
360047
360048
360049
360050
360051
360052
360053
360054
360058
360063
360068
360069
360214
360215
360218
360219
360220
360223
360224
360225
360229
360230
360231
360232
360233
360234
360235
360236
360237
360238
360239
360240
360241
360242
360243
360244
360245
360246
360247
360248
360249
360250
360251
360252
360253
360254
360255
360256
360257
360258
360259
360260
360261
360262
360263
360264
360268
360273
360278
360279
360424
360425
360428
360429
360433
360434
360435
360439
360441
360442
360443
360444
360445
360446
360447
360448
360449
360450
360451
360452
360453
360454
360455
360456
360457
360458
360459
360460
360461
360462
360463
360464
360465
360466
360467
360468
360469
360470
360471
360472
360473
360474
360478
360483
360489
360649
360650
360651
360652
360653
360654
360655
360656
360657
360658
360659
360661
360662
360663
360664
360665
360666
360667
360668
360671
360672
360673
360675
360676
360677
360678
360681
360854
360865
360866
360874
360875
360876
360877
360878
360879
360880
360881
360882
360883
360884
360885
360886
360888
360889
360890
360891
360892
360893
360894
360895
360896
360897
360900
360901
360902
360903
360904
360905
360906
360907
360908
360909
360912
361166
361177
361178
361186
361187
361188
361191
361192
361194
361196
361197
361198
361199
361200
361204
361206
361207
361208
361209
361210
361211
361212
361214
361215
361216
361217
361218
361219
361221
361222
361224
361225
361226
361227
361228
361229
361230
361232
361233
361234
361235
361236
361237
361239
361240
361242
361244
361245
361247
361251
361252
361253
361255
361256
361257
361260
364357
364358
364359
364372
364373
364374
364375
364376
364377
364378
364379
364380
364381
364384
364385
364386
364387
364388
364389
364390
364391
364392
364393
364394
364395
364396
364397
364398
364399
364400
364401
364402
364403
364404
364405
364406
364407
364408
364409
364410
364411
364412
364413
364414
364415
364416
364417
364418
364419
364420
364421
364422
364425
364426
364427
364428
364429
364431
364435
364436
364437
364438
364439
364440
364445
364457
364458
364624
364625
364626
364639
364640
364641
364642
364643
364644
364645
364646
364647
364648
364649
364650
364651
364652
364653
364654
364655
364656
364657
364658
364659
364660
364661
364662
364663
364664
364665
364666
364667
364669
364670
364671
364672
364673
364674
364679
364691
364692
364867
364868
364869
364870
364871
364872
364873
364874
364875
364876
364877
364878
364879
364880
364881
364882
364883
364884
364885
364886
364888
364889
364890
364891
364893
364894
364895
364896
364898
364899
365059
365060
365063
365064
365065
365068
365069
365070
365074
365075
365076
365077
365078
365079
365080
365081
365082
365083
365084
365085
365086
365087
365088
365089
365090
365091
365092
365093
365094
365095
365096
365097
365098
365099
365100
365101
365102
365103
365104
365105
365106
365107
365108
365109
365113
365118
365123
365124
365269
365270
365273
365274
365275
365278
365279
365280
365284
365285
365286
365287
365288
365289
365290
365291
365292
365293
365294
365295
365296
365297
365298
365299
365300
365301
365302
365303
365304
365305
365306
365307
365308
365309
365310
365311
365312
365313
365314
365315
365316
365317
365318
365319
365323
365328
365333
365334
365479
365480
365483
365484
365488
365489
365490
365494
365496
365497
365498
365499
365500
365501
365502
365503
365504
365505
365506
365507
365508
365509
365510
365511
365512
365513
365514
365515
365516
365517
365518
365519
365520
365521
365522
365523
365524
365525
365526
365527
365528
365529
365533
365538
365544
365704
365705
365706
365707
365708
365709
365710
365711
365712
365713
365714
365716
365717
365718
365719
365720
365721
365722
365723
365726
365727
365728
365730
365731
365732
365733
365736
365909
365920
365921
365929
365930
365931
365932
365933
365934
365935
365936
365937
365938
365939
365940
365941
365943
365944
365945
365946
365947
365948
365949
365950
365951
365952
365955
365956
365957
365958
365959
365960
365961
365962
365963
365964
365967
366221
366232
366233
366241
366242
366243
366246
366247
366249
366251
366252
366253
366254
366255
366259
366261
366262
366263
366264
366265
366266
366267
366269
366270
366271
366272
366273
366274
366276
366277
366279
366280
366281
366282
366283
366284
366285
366287
366288
366289
366290
366291
366292
366294
366295
366297
366299
366300
366302
366306
366307
366308
366310
366311
366312
366315
369412
369413
369414
369427
369428
369429
369430
369431
369432
369433
369434
369435
369436
369439
369440
369441
369442
369443
369444
369445
369446
369447
369448
369449
369450
369451
369452
369453
369454
369455
369456
369457
369458
369459
369460
369461
369462
369463
369464
369465
369466
369467
369468
369469
369470
369471
369472
369473
369474
369475
369476
369477
369480
369481
369482
369483
369484
369486
369490
369491
369492
369493
369494
369495
369500
369512
369513
369679
369680
369681
369694
369695
369696
369697
369698
369699
369700
369701
369702
369703
369704
369705
369706
369707
369708
369709
369710
369711
369712
369713
369714
369715
369716
369717
369718
369719
369720
369721
369722
369724
369725
369726
369727
369728
369729
369734
369746
369747
369922
369923
369924
369925
369926
369927
369928
369929
369930
369931
369932
369933
369934
369935
369936
369937
369938
369939
369940
369941
369943
369944
369945
369946
369948
369949
369950
369951
369953
369954
370114
370115
370118
370119
370120
370123
370124
370125
370129
370130
370131
370132
370133
370134
370135
370136
370137
370138
370139
370140
370141
370142
370143
370144
370145
370146
370147
370148
370149
370150
370151
370152
370153
370154
370155
370156
370157
370158
370159
370160
370161
370162
370163
370164
370168
370173
370178
370179
370324
370325
370328
370329
370330
370333
370334
370335
370339
370340
370341
370342
370343
370344
370345
370346
370347
370348
370349
370350
370351
370352
370353
370354
370355
370356
370357
370358
370359
370360
370361
370362
370363
370364
370365
370366
370367
370368
370369
370370
370371
370372
370373
370374
370378
370383
370388
370389
370534
370535
370538
370539
370543
370544
370545
370549
370551
370552
370553
370554
370555
370556
370557
370558
370559
370560
370561
370562
370563
370564
370565
370566
370567
370568
370569
370570
370571
370572
370573
370574
370575
370576
370577
370578
370579
370580
370581
370582
370583
370584
370588
370593
370599
370759
370760
370761
370762
370763
370764
370765
370766
370767
370768
370769
370771
370772
370773
370774
370775
370776
370777
370778
370781
370782
370783
370785
370786
370787
370788
370791
370964
370975
370976
370984
370985
370986
370987
370988
370989
370990
370991
370992
370993
370994
370995
370996
370998
370999
371000
371001
371002
371003
371004
371005
371006
371007
371010
371011
371012
371013
371014
371015
371016
371017
371018
371019
371022
371276
371287
371288
371296
371297
371298
371301
371302
371304
371306
371307
371308
371309
371310
371314
371316
371317
371318
371319
371320
371321
371322
371324
371325
371326
371327
371328
371329
371331
371332
371334
371335
371336
371337
371338
371339
371340
371342
371343
371344
371345
371346
371347
371349
371350
371352
371354
371355
371357
371361
371362
371363
371365
371366
371367
371370
374467
374468
374469
374482
374483
374484
374485
374486
374487
374488
374489
374490
374491
374494
374495
374496
374497
374498
374499
374500
374501
374502
374503
374504
374505
374506
374507
374508
374509
374510
374511
374512
374513
374514
374515
374516
374517
374518
374519
374520
374521
374522
374523
374524
374525
374526
374527
374528
374529
374530
374531
374532
374535
374536
374537
374538
374539
374541
374545
374546
374547
374548
374549
374550
374555
374567
374568
374734
374735
374736
374749
374750
374751
374752
374753
374754
374755
374756
374757
374758
374759
374760
374761
374762
374763
374764
374765
374766
374767
374768
374769
374770
374771
374772
374773
374774
374775
374776
374777
374779
374780
374781
374782
374783
374784
374789
374801
374802
374977
374978
374979
374980
374981
374982
374983
374984
374985
374986
374987
374988
374989
374990
374991
374992
374993
374994
374995
374996
374998
374999
375000
375001
375003
375004
375005
375006
375008
375009
375169
375170
375173
375174
375175
375178
375179
375180
375184
375185
375186
375187
375188
375189
375190
375191
375192
375193
375194
375195
375196
375197
375198
375199
375200
375201
375202
375203
375204
375205
375206
375207
375208
375209
375210
375211
375212
375213
375214
375215
375216
375217
375218
375219
375223
375228
375233
375234
375379
375380
375383
375384
375385
375388
375389
375390
375394
375395
375396
375397
375398
375399
375400
375401
375402
375403
375404
375405
375406
375407
375408
375409
375410
375411
375412
375413
375414
375415
375416
375417
375418
375419
375420
375421
375422
375423
375424
375425
375426
375427
375428
375429
375433
375438
375443
375444
375589
375590
375593
375594
375598
375599
375600
375604
375606
375607
375608
375609
375610
375611
375612
375613
375614
375615
375616
375617
375618
375619
375620
375621
375622
375623
375624
375625
375626
375627
375628
375629
375630
375631
375632
375633
375634
375635
375636
375637
375638
375639
375643
375648
375654
375814
375815
375816
375817
375818
375819
375820
375821
375822
375823
375824
375826
375827
375828
375829
375830
375831
375832
375833
375836
375837
375838
375840
375841
375842
375843
375846
376019
376030
376031
376039
376040
376041
376042
376043
376044
376045
376046
376047
376048
376049
376050
376051
376053
376054
376055
376056
376057
376058
376059
376060
376061
376062
376065
376066
376067
376068
376069
376070
376071
376072
376073
376074
376077
376331
376342
376343
376351
376352
376353
376356
376357
376359
376361
376362
376363
376364
376365
376369
376371
376372
376373
376374
376375
376376
376377
376379
376380
376381
376382
376383
376384
376386
376387
376389
376390
376391
376392
376393
376394
376395
376397
376398
376399
376400
376401
376402
376404
376405
376407
376409
376410
376412
376416
376417
376418
376420
376421
376422
376425
379522
379523
379524
379537
379538
379539
379540
379541
379542
379543
379544
379545
379546
379549
379550
379551
379552
379553
379554
379555
379556
379557
379558
379559
379560
379561
379562
379563
379564
379565
379566
379567
379568
379569
379570
379571
379572
379573
379574
379575
379576
379577
379578
379579
379580
379581
379582
379583
379584
379585
379586
379587
379590
379591
379592
379593
379594
379596
379600
379601
379602
379603
379604
379605
379610
379622
379623
379789
379790
379791
379804
379805
379806
379807
379808
379809
379810
379811
379812
379813
379814
379815
379816
379817
379818
379819
379820
379821
379822
379823
379824
379825
379826
379827
379828
379829
379830
379831
379832
379834
379835
379836
379837
379838
379839
379844
379856
379857
380032
380033
380034
380035
380036
380037
380038
380039
380040
380041
380042
380043
380044
380045
380046
380047
380048
380049
380050
380051
380053
380054
380055
380056
380058
380059
380060
380061
380063
380064
380224
380225
380228
380229
380230
380233
380234
380235
380239
380240
380241
380242
380243
380244
380245
380246
380247
380248
380249
380250
380251
380252
380253
380254
380255
380256
380257
380258
380259
380260
380261
380262
380263
380264
380265
380266
380267
380268
380269
380270
380271
380272
380273
380274
380278
380283
380288
380289
380434
380435
380438
380439
380440
380443
380444
380445
380449
380450
380451
380452
380453
380454
380455
380456
380457
380458
380459
380460
380461
380462
380463
380464
380465
380466
380467
380468
380469
380470
380471
380472
380473
380474
380475
380476
380477
380478
380479
380480
380481
380482
380483
380484
380488
380493
380498
380499
380644
380645
380648
380649
380653
380654
380655
380659
380661
380662
380663
380664
380665
380666
380667
380668
380669
380670
380671
380672
380673
380674
380675
380676
380677
380678
380679
380680
380681
380682
380683
380684
380685
380686
380687
380688
380689
380690
380691
380692
380693
380694
380698
380703
380709
380869
380870
380871
380872
380873
380874
380875
380876
380877
380878
380879
380881
380882
380883
380884
380885
380886
380887
380888
380891
380892
380893
380895
380896
380897
380898
380901
381074
381085
381086
381094
381095
381096
381097
381098
381099
381100
381101
381102
381103
381104
381105
381106
381108
381109
381110
381111
381112
381113
381114
381115
381116
381117
381120
381121
381122
381123
381124
381125
381126
381127
381128
381129
381132
381386
381397
381398
381406
381407
381408
381411
381412
381414
381416
381417
381418
381419
381420
381424
381426
381427
381428
381429
381430
381431
381432
381434
381435
381436
381437
381438
381439
381441
381442
381444
381445
381446
381447
381448
381449
381450
381452
381453
381454
381455
381456
381457
381459
381460
381462
381464
381465
381467
381471
381472
381473
381475
381476
381477
381480
384577
384578
384579
384592
384593
384594
384595
384596
384597
384598
384599
384600
384601
384604
384605
384606
384607
384608
384609
384610
384611
384612
384613
384614
384615
384616
384617
384618
384619
384620
384621
384622
384623
384624
384625
384626
384627
384628
384629
384630
384631
384632
384633
384634
384635
384636
384637
384638
384639
384640
384641
384642
384645
384646
384647
384648
384649
384651
384655
384656
384657
384658
384659
384660
384665
384677
384678
384844
384845
384846
384859
384860
384861
384862
384863
384864
384865
384866
384867
384868
384869
384870
384871
384872
384873
384874
384875
384876
384877
384878
384879
384880
384881
384882
384883
384884
384885
384886
384887
384889
384890
384891
384892
384893
384894
384899
384911
384912
385087
385088
385089
385090
385091
385092
385093
385094
385095
385096
385097
385098
385099
385100
385101
385102
385103
385104
385105
385106
385108
385109
385110
385111
385113
385114
385115
385116
385118
385119
385279
385280
385283
385284
385285
385288
385289
385290
385294
385295
385296
385297
385298
385299
385300
385301
385302
385303
385304
385305
385306
385307
385308
385309
385310
385311
385312
385313
385314
385315
385316
385317
385318
385319
385320
385321
385322
385323
385324
385325
385326
385327
385328
385329
385333
385338
385343
385344
385489
385490
385493
385494
385495
385498
385499
385500
385504
385505
385506
385507
385508
385509
385510
385511
385512
385513
385514
385515
385516
385517
385518
385519
385520
385521
385522
385523
385524
385525
385526
385527
385528
385529
385530
385531
385532
385533
385534
385535
385536
385537
385538
385539
385543
385548
385553
385554
385699
385700
385703
385704
385708
385709
385710
385714
385716
385717
385718
385719
385720
385721
385722
385723
385724
385725
385726
385727
385728
385729
385730
385731
385732
385733
385734
385735
385736
385737
385738
385739
385740
385741
385742
385743
385744
385745
385746
385747
385748
385749
385753
385758
385764
385924
385925
385926
385927
385928
385929
385930
385931
385932
385933
385934
385936
385937
385938
385939
385940
385941
385942
385943
385946
385947
385948
385950
385951
385952
385953
385956
386129
386140
386141
386149
386150
386151
386152
386153
386154
386155
386156
386157
386158
386159
386160
386161
386163
386164
386165
386166
386167
386168
386169
386170
386171
386172
386175
386176
386177
386178
386179
386180
386181
386182
386183
386184
386187
386441
386452
386453
386461
386462
386463
386466
386467
386469
386471
386472
386473
386474
386475
386479
386481
386482
386483
386484
386485
386486
386487
386489
386490
386491
386492
386493
386494
386496
386497
386499
386500
386501
386502
386503
386504
386505
386507
386508
386509
386510
386511
386512
386514
386515
386517
386519
386520
386522
386526
386527
386528
386530
386531
386532
386535
389632
389633
389634
389647
389648
389649
389650
389651
389652
389653
389654
389655
389656
389659
389660
389661
389662
389663
389664
389665
389666
389667
389668
389669
389670
389671
389672
389673
389674
389675
389676
389677
389678
389679
389680
389681
389682
389683
389684
389685
389686
389687
389688
389689
389690
389691
389692
389693
389694
389695
389696
389697
389700
389701
389702
389703
389704
389706
389710
389711
389712
389713
389714
389715
389720
389732
389733
389899
389900
389901
389914
389915
389916
389917
389918
389919
389920
389921
389922
389923
389924
389925
389926
389927
389928
389929
389930
389931
389932
389933
389934
389935
389936
389937
389938
389939
389940
389941
389942
389944
389945
389946
389947
389948
389949
389954
389966
389967
390142
390143
390144
390145
390146
390147
390148
390149
390150
390151
390152
390153
390154
390155
390156
390157
390158
390159
390160
390161
390163
390164
390165
390166
390168
390169
390170
390171
390173
390174
390334
390335
390338
390339
390340
390343
390344
390345
390349
390350
390351
390352
390353
390354
390355
390356
390357
390358
390359
390360
390361
390362
390363
390364
390365
390366
390367
390368
390369
390370
390371
390372
390373
390374
390375
390376
390377
390378
390379
390380
390381
390382
390383
390384
390388
390393
390398
390399
390544
390545
390548
390549
390550
390553
390554
390555
390559
390560
390561
390562
390563
390564
390565
390566
390567
390568
390569
390570
390571
390572
390573
390574
390575
390576
390577
390578
390579
390580
390581
390582
390583
390584
390585
390586
390587
390588
390589
390590
390591
390592
390593
390594
390598
390603
390608
390609
390754
390755
390758
390759
390763
390764
390765
390769
390771
390772
390773
390774
390775
390776
390777
390778
390779
390780
390781
390782
390783
390784
390785
390786
390787
390788
390789
390790
390791
390792
390793
390794
390795
390796
390797
390798
390799
390800
390801
390802
390803
390804
390808
390813
390819
390979
390980
390981
390982
390983
390984
390985
390986
390987
390988
390989
390991
390992
390993
390994
390995
390996
390997
390998
391001
391002
391003
391005
391006
391007
391008
391011
391184
391195
391196
391204
391205
391206
391207
391208
391209
391210
391211
391212
391213
391214
391215
391216
391218
391219
391220
391221
391222
391223
391224
391225
391226
391227
391230
391231
391232
391233
391234
391235
391236
391237
391238
391239
391242
391496
391507
391508
391516
391517
391518
391521
391522
391524
391526
391527
391528
391529
391530
391534
391536
391537
391538
391539
391540
391541
391542
391544
391545
391546
391547
391548
391549
391551
391552
391554
391555
391556
391557
391558
391559
391560
391562
391563
391564
391565
391566
391567
391569
391570
391572
391574
391575
391577
391581
391582
391583
391585
391586
391587
391590
394687
394688
394689
394702
394703
394704
394705
394706
394707
394708
394709
394710
394711
394714
394715
394716
394717
394718
394719
394720
394721
394722
394723
394724
394725
394726
394727
394728
394729
394730
394731
394732
394733
394734
394735
394736
394737
394738
394739
394740
394741
394742
394743
394744
394745
394746
394747
394748
394749
394750
394751
394752
394755
394756
394757
394758
394759
394761
394765
394766
394767
394768
394769
394770
394775
394787
394788
394954
394955
394956
394969
394970
394971
394972
394973
394974
394975
394976
394977
394978
394979
394980
394981
394982
394983
394984
394985
394986
394987
394988
394989
394990
394991
394992
394993
394994
394995
394996
394997
394999
395000
395001
395002
395003
395004
395009
395021
395022
395197
395198
395199
395200
395201
395202
395203
395204
395205
395206
395207
395208
395209
395210
395211
395212
395213
395214
395215
395216
395218
395219
395220
395221
395223
395224
395225
395226
395228
395229
395389
395390
395393
395394
395395
395398
395399
395400
395404
395405
395406
395407
395408
395409
395410
395411
395412
395413
395414
395415
395416
395417
395418
395419
395420
395421
395422
395423
395424
395425
395426
395427
395428
395429
395430
395431
395432
395433
395434
395435
395436
395437
395438
395439
395443
395448
395453
395454
395599
395600
395603
395604
395605
395608
395609
395610
395614
395615
395616
395617
395618
395619
395620
395621
395622
395623
395624
395625
395626
395627
395628
395629
395630
395631
395632
395633
395634
395635
395636
395637
395638
395639
395640
395641
395642
395643
395644
395645
395646
395647
395648
395649
395653
395658
395663
395664
395809
395810
395813
395814
395818
395819
395820
395824
395826
395827
395828
395829
395830
395831
395832
395833
395834
395835
395836
395837
395838
395839
395840
395841
395842
395843
395844
395845
395846
395847
395848
395849
395850
395851
395852
395853
395854
395855
395856
395857
395858
395859
395863
395868
395874
396034
396035
396036
396037
396038
396039
396040
396041
396042
396043
396044
396046
396047
396048
396049
396050
396051
396052
396053
396056
396057
396058
396060
396061
396062
396063
396066
396239
396250
396251
396259
396260
396261
396262
396263
396264
396265
396266
396267
396268
396269
396270
396271
396273
396274
396275
396276
396277
396278
396279
396280
396281
396282
396285
396286
396287
396288
396289
396290
396291
396292
396293
396294
396297
396551
396562
396563
396571
396572
396573
396576
396577
396579
396581
396582
396583
396584
396585
396589
396591
396592
396593
396594
396595
396596
396597
396599
396600
396601
396602
396603
396604
396606
396607
396609
396610
396611
396612
396613
396614
396615
396617
396618
396619
396620
396621
396622
396624
396625
396627
396629
396630
396632
396636
396637
396638
396640
396641
396642
396645
399742
399743
399744
399757
399758
399759
399760
399761
399762
399763
399764
399765
399766
399769
399770
399771
399772
399773
399774
399775
399776
399777
399778
399779
399780
399781
399782
399783
399784
399785
399786
399787
399788
399789
399790
399791
399792
399793
399794
399795
399796
399797
399798
399799
399800
399801
399802
399803
399804
399805
399806
399807
399810
399811
399812
399813
399814
399816
399820
399821
399822
399823
399824
399825
399830
399842
399843
400009
400010
400011
400024
400025
400026
400027
400028
400029
400030
400031
400032
400033
400034
400035
400036
400037
400038
400039
400040
400041
400042
400043
400044
400045
400046
400047
400048
400049
400050
400051
400052
400054
400055
400056
400057
400058
400059
400064
400076
400077
400252
400253
400254
400255
400256
400257
400258
400259
400260
400261
400262
400263
400264
400265
400266
400267
400268
400269
400270
400271
400273
400274
400275
400276
400278
400279
400280
400281
400283
400284
400444
400445
400448
400449
400450
400453
400454
400455
400459
400460
400461
400462
400463
400464
400465
400466
400467
400468
400469
400470
400471
400472
400473
400474
400475
400476
400477
400478
400479
400480
400481
400482
400483
400484
400485
400486
400487
400488
400489
400490
400491
400492
400493
400494
400498
400503
400508
400509
400654
400655
400658
400659
400660
400663
400664
400665
400669
400670
400671
400672
400673
400674
400675
400676
400677
400678
400679
400680
400681
400682
400683
400684
400685
400686
400687
400688
400689
400690
400691
400692
400693
400694
400695
400696
400697
400698
400699
400700
400701
400702
400703
400704
400708
400713
400718
400719
400864
400865
400868
400869
400873
400874
400875
400879
400881
400882
400883
400884
400885
400886
400887
400888
400889
400890
400891
400892
400893
400894
400895
400896
400897
400898
400899
400900
400901
400902
400903
400904
400905
400906
400907
400908
400909
400910
400911
400912
400913
400914
400918
400923
400929
401089
401090
401091
401092
401093
401094
401095
401096
401097
401098
401099
401101
401102
401103
401104
401105
401106
401107
401108
401111
401112
401113
401115
401116
401117
401118
401121
401294
401305
401306
401314
401315
401316
401317
401318
401319
401320
401321
401322
401323
401324
401325
401326
401328
401329
401330
401331
401332
401333
401334
401335
401336
401337
401340
401341
401342
401343
401344
401345
401346
401347
401348
401349
401352
401606
401617
401618
401626
401627
401628
401631
401632
401634
401636
401637
401638
401639
401640
401644
401646
401647
401648
401649
401650
401651
401652
401654
401655
401656
401657
401658
401659
401661
401662
401664
401665
401666
401667
401668
401669
401670
401672
401673
401674
401675
401676
401677
401679
401680
401682
401684
401685
401687
401691
401692
401693
401695
401696
401697
401700
404797
404798
404799
404812
404813
404814
404815
404816
404817
404818
404819
404820
404821
404824
404825
404826
404827
404828
404829
404830
404831
404832
404833
404834
404835
404836
404837
404838
404839
404840
404841
404842
404843
404844
404845
404846
404847
404848
404849
404850
404851
404852
404853
404854
404855
404856
404857
404858
404859
404860
404861
404862
404865
404866
404867
404868
404869
404871
404875
404876
404877
404878
404879
404880
404885
404897
404898
405064
405065
405066
405079
405080
405081
405082
405083
405084
405085
405086
405087
405088
405089
405090
405091
405092
405093
405094
405095
405096
405097
405098
405099
405100
405101
405102
405103
405104
405105
405106
405107
405109
405110
405111
405112
405113
405114
405119
405131
405132
405307
405308
405309
405310
405311
405312
405313
405314
405315
405316
405317
405318
405319
405320
405321
405322
405323
405324
405325
405326
405328
405329
405330
405331
405333
405334
405335
405336
405338
405339
405499
405500
405503
405504
405505
405508
405509
405510
405514
405515
405516
405517
405518
405519
405520
405521
405522
405523
405524
405525
405526
405527
405528
405529
405530
405531
405532
405533
405534
405535
405536
405537
405538
405539
405540
405541
405542
405543
405544
405545
405546
405547
405548
405549
405553
405558
405563
405564
405709
405710
405713
405714
405715
405718
405719
405720
405724
405725
405726
405727
405728
405729
405730
405731
405732
405733
405734
405735
405736
405737
405738
405739
405740
405741
405742
405743
405744
405745
405746
405747
405748
405749
405750
405751
405752
405753
405754
405755
405756
405757
405758
405759
405763
405768
405773
405774
405919
405920
405923
405924
405928
405929
405930
405934
405936
405937
405938
405939
405940
405941
405942
405943
405944
405945
405946
405947
405948
405949
405950
405951
405952
405953
405954
405955
405956
405957
405958
405959
405960
405961
405962
405963
405964
405965
405966
405967
405968
405969
405973
405978
405984
406144
406145
406146
406147
406148
406149
406150
406151
406152
406153
406154
406156
406157
406158
406159
406160
406161
406162
406163
406166
406167
406168
406170
406171
406172
406173
406176
406349
406360
406361
406369
406370
406371
406372
406373
406374
406375
406376
406377
406378
406379
406380
406381
406383
406384
406385
406386
406387
406388
406389
406390
406391
406392
406395
406396
406397
406398
406399
406400
406401
406402
406403
406404
406407
406661
406672
406673
406681
406682
406683
406686
406687
406689
406691
406692
406693
406694
406695
406699
406701
406702
406703
406704
406705
406706
406707
406709
406710
406711
406712
406713
406714
406716
406717
406719
406720
406721
406722
406723
406724
406725
406727
406728
406729
406730
406731
406732
406734
406735
406737
406739
406740
406742
406746
406747
406748
406750
406751
406752
406755
409852
409853
409854
409867
409868
409869
409870
409871
409872
409873
409874
409875
409876
409879
409880
409881
409882
409883
409884
409885
409886
409887
409888
409889
409890
409891
409892
409893
409894
409895
409896
409897
409898
409899
409900
409901
409902
409903
409904
409905
409906
409907
409908
409909
409910
409911
409912
409913
409914
409915
409916
409917
409920
409921
409922
409923
409924
409926
409930
409931
409932
409933
409934
409935
409940
409952
409953
410119
410120
410121
410134
410135
410136
410137
410138
410139
410140
410141
410142
410143
410144
410145
410146
410147
410148
410149
410150
410151
410152
410153
410154
410155
410156
410157
410158
410159
410160
410161
410162
410164
410165
410166
410167
410168
410169
410174
410186
410187
410362
410363
410364
410365
410366
410367
410368
410369
410370
410371
410372
410373
410374
410375
410376
410377
410378
410379
410380
410381
410383
410384
410385
410386
410388
410389
410390
410391
410393
410394
410554
410555
410558
410559
410560
410563
410564
410565
410569
410570
410571
410572
410573
410574
410575
410576
410577
410578
410579
410580
410581
410582
410583
410584
410585
410586
410587
410588
410589
410590
410591
410592
410593
410594
410595
410596
410597
410598
410599
410600
410601
410602
410603
410604
410608
410613
410618
410619
410764
410765
410768
410769
410770
410773
410774
410775
410779
410780
410781
410782
410783
410784
410785
410786
410787
410788
410789
410790
410791
410792
410793
410794
410795
410796
410797
410798
410799
410800
410801
410802
410803
410804
410805
410806
410807
410808
410809
410810
410811
410812
410813
410814
410818
410823
410828
410829
410974
410975
410978
410979
410983
410984
410985
410989
410991
410992
410993
410994
410995
410996
410997
410998
410999
411000
411001
411002
411003
411004
411005
411006
411007
411008
411009
411010
411011
411012
411013
411014
411015
411016
411017
411018
411019
411020
411021
411022
411023
411024
411028
411033
411039
411199
411200
411201
411202
411203
411204
411205
411206
411207
411208
411209
411211
411212
411213
411214
411215
411216
411217
411218
411221
411222
411223
411225
411226
411227
411228
411231
411404
411415
411416
411424
411425
411426
411427
411428
411429
411430
411431
411432
411433
411434
411435
411436
411438
411439
411440
411441
411442
411443
411444
411445
411446
411447
411450
411451
411452
411453
411454
411455
411456
411457
411458
411459
411462
411716
411727
411728
411736
411737
411738
411741
411742
411744
411746
411747
411748
411749
411750
411754
411756
411757
411758
411759
411760
411761
411762
411764
411765
411766
411767
411768
411769
411771
411772
411774
411775
411776
411777
411778
411779
411780
411782
411783
411784
411785
411786
411787
411789
411790
411792
411794
411795
411797
411801
411802
411803
411805
411806
411807
411810
414907
414908
414909
414922
414923
414924
414925
414926
414927
414928
414929
414930
414931
414934
414935
414936
414937
414938
414939
414940
414941
414942
414943
414944
414945
414946
414947
414948
414949
414950
414951
414952
414953
414954
414955
414956
414957
414958
414959
414960
414961
414962
414963
414964
414965
414966
414967
414968
414969
414970
414971
414972
414975
414976
414977
414978
414979
414981
414985
414986
414987
414988
414989
414990
414995
415007
415008
415174
415175
415176
415189
415190
415191
415192
415193
415194
415195
415196
415197
415198
415199
415200
415201
415202
415203
415204
415205
415206
415207
415208
415209
415210
415211
415212
415213
415214
415215
415216
415217
415219
415220
415221
415222
415223
415224
415229
415241
415242
415417
415418
415419
415420
415421
415422
415423
415424
415425
415426
415427
415428
415429
415430
415431
415432
415433
415434
415435
415436
415438
415439
415440
415441
415443
415444
415445
415446
415448
415449
415609
415610
415613
415614
415615
415618
415619
415620
415624
415625
415626
415627
415628
415629
415630
415631
415632
415633
415634
415635
415636
415637
415638
415639
415640
415641
415642
415643
415644
415645
415646
415647
415648
415649
415650
415651
415652
415653
415654
415655
415656
415657
415658
415659
415663
415668
415673
415674
415819
415820
415823
415824
415825
415828
415829
415830
415834
415835
415836
415837
415838
415839
415840
415841
415842
415843
415844
415845
415846
415847
415848
415849
415850
415851
415852
415853
415854
415855
415856
415857
415858
415859
415860
415861
415862
415863
415864
415865
415866
415867
415868
415869
415873
415878
415883
415884
416029
416030
416033
416034
416038
416039
416040
416044
416046
416047
416048
416049
416050
416051
416052
416053
416054
416055
416056
416057
416058
416059
416060
416061
416062
416063
416064
416065
416066
416067
416068
416069
416070
416071
416072
416073
416074
416075
416076
416077
416078
416079
416083
416088
416094
416254
416255
416256
416257
416258
416259
416260
416261
416262
416263
416264
416266
416267
416268
416269
416270
416271
416272
416273
416276
416277
416278
416280
416281
416282
416283
416286
416459
416470
416471
416479
416480
416481
416482
416483
416484
416485
416486
416487
416488
416489
416490
416491
416493
416494
416495
416496
416497
416498
416499
416500
416501
416502
416505
416506
416507
416508
416509
416510
416511
416512
416513
416514
416517
416771
416782
416783
416791
416792
416793
416796
416797
416799
416801
416802
416803
416804
416805
416809
416811
416812
416813
416814
416815
416816
416817
416819
416820
416821
416822
416823
416824
416826
416827
416829
416830
416831
416832
416833
416834
416835
416837
416838
416839
416840
416841
416842
416844
416845
416847
416849
416850
416852
416856
416857
416858
416860
416861
416862
416865
419962
419963
419964
419977
419978
419979
419980
419981
419982
419983
419984
419985
419986
419989
419990
419991
419992
419993
419994
419995
419996
419997
419998
419999
420000
420001
420002
420003
420004
420005
420006
420007
420008
420009
420010
420011
420012
420013
420014
420015
420016
420017
420018
420019
420020
420021
420022
420023
420024
420025
420026
420027
420030
420031
420032
420033
420034
420036
420040
420041
420042
420043
420044
420045
420050
420062
420063
420229
420230
420231
420244
420245
420246
420247
420248
420249
420250
420251
420252
420253
420254
420255
420256
420257
420258
420259
420260
420261
420262
420263
420264
420265
420266
420267
420268
420269
420270
420271
420272
420274
420275
420276
420277
420278
420279
420284
420296
420297
420472
420473
420474
420475
420476
420477
420478
420479
420480
420481
420482
420483
420484
420485
420486
420487
420488
420489
420490
420491
420493
420494
420495
420496
420498
420499
420500
420501
420503
420504
420664
420665
420668
420669
420670
420673
420674
420675
420679
420680
420681
420682
420683
420684
420685
420686
420687
420688
420689
420690
420691
420692
420693
420694
420695
420696
420697
420698
420699
420700
420701
420702
420703
420704
420705
420706
420707
420708
420709
420710
420711
420712
420713
420714
420718
420723
420728
420729
420874
420875
420878
420879
420880
420883
420884
420885
420889
420890
420891
420892
420893
420894
420895
420896
420897
420898
420899
420900
420901
420902
420903
420904
420905
420906
420907
420908
420909
420910
420911
420912
420913
420914
420915
420916
420917
420918
420919
420920
420921
420922
420923
420924
420928
420933
420938
420939
421084
421085
421088
421089
421093
421094
421095
421099
421101
421102
421103
421104
421105
421106
421107
421108
421109
421110
421111
421112
421113
421114
421115
421116
421117
421118
421119
421120
421121
421122
421123
421124
421125
421126
421127
421128
421129
421130
421131
421132
421133
421134
421138
421143
421149
421309
421310
421311
421312
421313
421314
421315
421316
421317
421318
421319
421321
421322
421323
421324
421325
421326
421327
421328
421331
421332
421333
421335
421336
421337
421338
421341
421514
421525
421526
421534
421535
421536
421537
421538
421539
421540
421541
421542
421543
421544
421545
421546
421548
421549
421550
421551
421552
421553
421554
421555
421556
421557
421560
421561
421562
421563
421564
421565
421566
421567
421568
421569
421572
421826
421837
421838
421846
421847
421848
421851
421852
421854
421856
421857
421858
421859
421860
421864
421866
421867
421868
421869
421870
421871
421872
421874
421875
421876
421877
421878
421879
421881
421882
421884
421885
421886
421887
421888
421889
421890
421892
421893
421894
421895
421896
421897
421899
421900
421902
421904
421905
421907
421911
421912
421913
421915
421916
421917
421920
425017
425018
425019
425032
425033
425034
425035
425036
425037
425038
425039
425040
425041
425044
425045
425046
425047
425048
425049
425050
425051
425052
425053
425054
425055
425056
425057
425058
425059
425060
425061
425062
425063
425064
425065
425066
425067
425068
425069
425070
425071
425072
425073
425074
425075
425076
425077
425078
425079
425080
425081
425082
425085
425086
425087
425088
425089
425091
425095
425096
425097
425098
425099
425100
425105
425117
425118
425284
425285
425286
425299
425300
425301
425302
425303
425304
425305
425306
425307
425308
425309
425310
425311
425312
425313
425314
425315
425316
425317
425318
425319
425320
425321
425322
425323
425324
425325
425326
425327
425329
425330
425331
425332
425333
425334
425339
425351
425352
425527
425528
425529
425530
425531
425532
425533
425534
425535
425536
425537
425538
425539
425540
425541
425542
425543
425544
425545
425546
425548
425549
425550
425551
425553
425554
425555
425556
425558
425559
425719
425720
425723
425724
425725
425728
425729
425730
425734
425735
425736
425737
425738
425739
425740
425741
425742
425743
425744
425745
425746
425747
425748
425749
425750
425751
425752
425753
425754
425755
425756
425757
425758
425759
425760
425761
425762
425763
425764
425765
425766
425767
425768
425769
425773
425778
425783
425784
425929
425930
425933
425934
425935
425938
425939
425940
425944
425945
425946
425947
425948
425949
425950
425951
425952
425953
425954
425955
425956
425957
425958
425959
425960
425961
425962
425963
425964
425965
425966
425967
425968
425969
425970
425971
425972
425973
425974
425975
425976
425977
425978
425979
425983
425988
425993
425994
426139
426140
426143
426144
426148
426149
426150
426154
426156
426157
426158
426159
426160
426161
426162
426163
426164
426165
426166
426167
426168
426169
426170
426171
426172
426173
426174
426175
426176
426177
426178
426179
426180
426181
426182
426183
426184
426185
426186
426187
426188
426189
426193
426198
426204
426364
426365
426366
426367
426368
426369
426370
426371
426372
426373
426374
426376
426377
426378
426379
426380
426381
426382
426383
426386
426387
426388
426390
426391
426392
426393
426396
426569
426580
426581
426589
426590
426591
426592
426593
426594
426595
426596
426597
426598
426599
426600
426601
426603
426604
426605
426606
426607
426608
426609
426610
426611
426612
426615
426616
426617
426618
426619
426620
426621
426622
426623
426624
426627
426881
426892
426893
426901
426902
426903
426906
426907
426909
426911
426912
426913
426914
426915
426919
426921
426922
426923
426924
426925
426926
426927
426929
426930
426931
426932
426933
426934
426936
426937
426939
426940
426941
426942
426943
426944
426945
426947
426948
426949
426950
426951
426952
426954
426955
426957
426959
426960
426962
426966
426967
426968
426970
426971
426972
426975
430072
430073
430074
430087
430088
430089
430090
430091
430092
430093
430094
430095
430096
430099
430100
430101
430102
430103
430104
430105
430106
430107
430108
430109
430110
430111
430112
430113
430114
430115
430116
430117
430118
430119
430120
430121
430122
430123
430124
430125
430126
430127
430128
430129
430130
430131
430132
430133
430134
430135
430136
430137
430140
430141
430142
430143
430144
430146
430150
430151
430152
430153
430154
430155
430160
430172
430173
430339
430340
430341
430354
430355
430356
430357
430358
430359
430360
430361
430362
430363
430364
430365
430366
430367
430368
430369
430370
430371
430372
430373
430374
430375
430376
430377
430378
430379
430380
430381
430382
430384
430385
430386
430387
430388
430389
430394
430406
430407
430582
430583
430584
430585
430586
430587
430588
430589
430590
430591
430592
430593
430594
430595
430596
430597
430598
430599
430600
430601
430603
430604
430605
430606
430608
430609
430610
430611
430613
430614
430774
430775
430778
430779
430780
430783
430784
430785
430789
430790
430791
430792
430793
430794
430795
430796
430797
430798
430799
430800
430801
430802
430803
430804
430805
430806
430807
430808
430809
430810
430811
430812
430813
430814
430815
430816
430817
430818
430819
430820
430821
430822
430823
430824
430828
430833
430838
430839
430984
430985
430988
430989
430990
430993
430994
430995
430999
431000
431001
431002
431003
431004
431005
431006
431007
431008
431009
431010
431011
431012
431013
431014
431015
431016
431017
431018
431019
431020
431021
431022
431023
431024
431025
431026
431027
431028
431029
431030
431031
431032
431033
431034
431038
431043
431048
431049
431194
431195
431198
431199
431203
431204
431205
431209
431211
431212
431213
431214
431215
431216
431217
431218
431219
431220
431221
431222
431223
431224
431225
431226
431227
431228
431229
431230
431231
431232
431233
431234
431235
431236
431237
431238
431239
431240
431241
431242
431243
431244
431248
431253
431259
431419
431420
431421
431422
431423
431424
431425
431426
431427
431428
431429
431431
431432
431433
431434
431435
431436
431437
431438
431441
431442
431443
431445
431446
431447
431448
431451
431624
431635
431636
431644
431645
431646
431647
431648
431649
431650
431651
431652
431653
431654
431655
431656
431658
431659
431660
431661
431662
431663
431664
431665
431666
431667
431670
431671
431672
431673
431674
431675
431676
431677
431678
431679
431682
431936
431947
431948
431956
431957
431958
431961
431962
431964
431966
431967
431968
431969
431970
431974
431976
431977
431978
431979
431980
431981
431982
431984
431985
431986
431987
431988
431989
431991
431992
431994
431995
431996
431997
431998
431999
432000
432002
432003
432004
432005
432006
432007
432009
432010
432012
432014
432015
432017
432021
432022
432023
432025
432026
432027
432030
435127
435128
435129
435142
435143
435144
435145
435146
435147
435148
435149
435150
435151
435154
435155
435156
435157
435158
435159
435160
435161
435162
435163
435164
435165
435166
435167
435168
435169
435170
435171
435172
435173
435174
435175
435176
435177
435178
435179
435180
435181
435182
435183
435184
435185
435186
435187
435188
435189
435190
435191
435192
435195
435196
435197
435198
435199
435201
435205
435206
435207
435208
435209
435210
435215
435227
435228
435394
435395
435396
435409
435410
435411
435412
435413
435414
435415
435416
435417
435418
435419
435420
435421
435422
435423
435424
435425
435426
435427
435428
435429
435430
435431
435432
435433
435434
435435
435436
435437
435439
435440
435441
435442
435443
435444
435449
435461
435462
435637
435638
435639
435640
435641
435642
435643
435644
435645
435646
435647
435648
435649
435650
435651
435652
435653
435654
435655
435656
435658
435659
435660
435661
435663
435664
435665
435666
435668
435669
435829
435830
435833
435834
435835
435838
435839
435840
435844
435845
435846
435847
435848
435849
435850
435851
435852
435853
435854
435855
435856
435857
435858
435859
435860
435861
435862
435863
435864
435865
435866
435867
435868
435869
435870
435871
435872
435873
435874
435875
435876
435877
435878
435879
435883
435888
435893
435894
436039
436040
436043
436044
436045
436048
436049
436050
436054
436055
436056
436057
436058
436059
436060
436061
436062
436063
436064
436065
436066
436067
436068
436069
436070
436071
436072
436073
436074
436075
436076
436077
436078
436079
436080
436081
436082
436083
436084
436085
436086
436087
436088
436089
436093
436098
436103
436104
436249
436250
436253
436254
436258
436259
436260
436264
436266
436267
436268
436269
436270
436271
436272
436273
436274
436275
436276
436277
436278
436279
436280
436281
436282
436283
436284
436285
436286
436287
436288
436289
436290
436291
436292
436293
436294
436295
436296
436297
436298
436299
436303
436308
436314
436474
436475
436476
436477
436478
436479
436480
436481
436482
436483
436484
436486
436487
436488
436489
436490
436491
436492
436493
436496
436497
436498
436500
436501
436502
436503
436506
436679
436690
436691
436699
436700
436701
436702
436703
436704
436705
436706
436707
436708
436709
436710
436711
436713
436714
436715
436716
436717
436718
436719
436720
436721
436722
436725
436726
436727
436728
436729
436730
436731
436732
436733
436734
436737
436991
437002
437003
437011
437012
437013
437016
437017
437019
437021
437022
437023
437024
437025
437029
437031
437032
437033
437034
437035
437036
437037
437039
437040
437041
437042
437043
437044
437046
437047
437049
437050
437051
437052
437053
437054
437055
437057
437058
437059
437060
437061
437062
437064
437065
437067
437069
437070
437072
437076
437077
437078
437080
437081
437082
437085
440182
440183
440184
440197
440198
440199
440200
440201
440202
440203
440204
440205
440206
440209
440210
440211
440212
440213
440214
440215
440216
440217
440218
440219
440220
440221
440222
440223
440224
440225
440226
440227
440228
440229
440230
440231
440232
440233
440234
440235
440236
440237
440238
440239
440240
440241
440242
440243
440244
440245
440246
440247
440250
440251
440252
440253
440254
440256
440260
440261
440262
440263
440264
440265
440270
440282
440283
440449
440450
440451
440464
440465
440466
440467
440468
440469
440470
440471
440472
440473
440474
440475
440476
440477
440478
440479
440480
440481
440482
440483
440484
440485
440486
440487
440488
440489
440490
440491
440492
440494
440495
440496
440497
440498
440499
440504
440516
440517
440692
440693
440694
440695
440696
440697
440698
440699
440700
440701
440702
440703
440704
440705
440706
440707
440708
440709
440710
440711
440713
440714
440715
440716
440718
440719
440720
440721
440723
440724
440884
440885
440888
440889
440890
440893
440894
440895
440899
440900
440901
440902
440903
440904
440905
440906
440907
440908
440909
440910
440911
440912
440913
440914
440915
440916
440917
440918
440919
440920
440921
440922
440923
440924
440925
440926
440927
440928
440929
440930
440931
440932
440933
440934
440938
440943
440948
440949
441094
441095
441098
441099
441100
441103
441104
441105
441109
441110
441111
441112
441113
441114
441115
441116
441117
441118
441119
441120
441121
441122
441123
441124
441125
441126
441127
441128
441129
441130
441131
441132
441133
441134
441135
441136
441137
441138
441139
441140
441141
441142
441143
441144
441148
441153
441158
441159
441304
441305
441308
441309
441313
441314
441315
441319
441321
441322
441323
441324
441325
441326
441327
441328
441329
441330
441331
441332
441333
441334
441335
441336
441337
441338
441339
441340
441341
441342
441343
441344
441345
441346
441347
441348
441349
441350
441351
441352
441353
441354
441358
441363
441369
441529
441530
441531
441532
441533
441534
441535
441536
441537
441538
441539
441541
441542
441543
441544
441545
441546
441547
441548
441551
441552
441553
441555
441556
441557
441558
441561
441734
441745
441746
441754
441755
441756
441757
441758
441759
441760
441761
441762
441763
441764
441765
441766
441768
441769
441770
441771
441772
441773
441774
441775
441776
441777
441780
441781
441782
441783
441784
441785
441786
441787
441788
441789
441792
442046
442057
442058
442066
442067
442068
442071
442072
442074
442076
442077
442078
442079
442080
442084
442086
442087
442088
442089
442090
442091
442092
442094
442095
442096
442097
442098
442099
442101
442102
442104
442105
442106
442107
442108
442109
442110
442112
442113
442114
442115
442116
442117
442119
442120
442122
442124
442125
442127
442131
442132
442133
442135
442136
442137
442140
445237
445238
445239
445252
445253
445254
445255
445256
445257
445258
445259
445260
445261
445264
445265
445266
445267
445268
445269
445270
445271
445272
445273
445274
445275
445276
445277
445278
445279
445280
445281
445282
445283
445284
445285
445286
445287
445288
445289
445290
445291
445292
445293
445294
445295
445296
445297
445298
445299
445300
445301
445302
445305
445306
445307
445308
445309
445311
445315
445316
445317
445318
445319
445320
445325
445337
445338
445504
445505
445506
445519
445520
445521
445522
445523
445524
445525
445526
445527
445528
445529
445530
445531
445532
445533
445534
445535
445536
445537
445538
445539
445540
445541
445542
445543
445544
445545
445546
445547
445549
445550
445551
445552
445553
445554
445559
445571
445572
445747
445748
445749
445750
445751
445752
445753
445754
445755
445756
445757
445758
445759
445760
445761
445762
445763
445764
445765
445766
445768
445769
445770
445771
445773
445774
445775
445776
445778
445779
445939
445940
445943
445944
445945
445948
445949
445950
445954
445955
445956
445957
445958
445959
445960
445961
445962
445963
445964
445965
445966
445967
445968
445969
445970
445971
445972
445973
445974
445975
445976
445977
445978
445979
445980
445981
445982
445983
445984
445985
445986
445987
445988
445989
445993
445998
446003
446004
446149
446150
446153
446154
446155
446158
446159
446160
446164
446165
446166
446167
446168
446169
446170
446171
446172
446173
446174
446175
446176
446177
446178
446179
446180
446181
446182
446183
446184
446185
446186
446187
446188
446189
446190
446191
446192
446193
446194
446195
446196
446197
446198
446199
446203
446208
446213
446214
446359
446360
446363
446364
446368
446369
446370
446374
446376
446377
446378
446379
446380
446381
446382
446383
446384
446385
446386
446387
446388
446389
446390
446391
446392
446393
446394
446395
446396
446397
446398
446399
446400
446401
446402
446403
446404
446405
446406
446407
446408
446409
446413
446418
446424
446584
446585
446586
446587
446588
446589
446590
446591
446592
446593
446594
446596
446597
446598
446599
446600
446601
446602
446603
446606
446607
446608
446610
446611
446612
446613
446616
446789
446800
446801
446809
446810
446811
446812
446813
446814
446815
446816
446817
446818
446819
446820
446821
446823
446824
446825
446826
446827
446828
446829
446830
446831
446832
446835
446836
446837
446838
446839
446840
446841
446842
446843
446844
446847
447101
447112
447113
447121
447122
447123
447126
447127
447129
447131
447132
447133
447134
447135
447139
447141
447142
447143
447144
447145
447146
447147
447149
447150
447151
447152
447153
447154
447156
447157
447159
447160
447161
447162
447163
447164
447165
447167
447168
447169
447170
447171
447172
447174
447175
447177
447179
447180
447182
447186
447187
447188
447190
447191
447192
447195
450292
450293
450294
450307
450308
450309
450310
450311
450312
450313
450314
450315
450316
450319
450320
450321
450322
450323
450324
450325
450326
450327
450328
450329
450330
450331
450332
450333
450334
450335
450336
450337
450338
450339
450340
450341
450342
450343
450344
450345
450346
450347
450348
450349
450350
450351
450352
450353
450354
450355
450356
450357
450360
450361
450362
450363
450364
450366
450370
450371
450372
450373
450374
450375
450380
450392
450393
450559
450560
450561
450574
450575
450576
450577
450578
450579
450580
450581
450582
450583
450584
450585
450586
450587
450588
450589
450590
450591
450592
450593
450594
450595
450596
450597
450598
450599
450600
450601
450602
450604
450605
450606
450607
450608
450609
450614
450626
450627
450802
450803
450804
450805
450806
450807
450808
450809
450810
450811
450812
450813
450814
450815
450816
450817
450818
450819
450820
450821
450823
450824
450825
450826
450828
450829
450830
450831
450833
450834
450994
450995
450998
450999
451000
451003
451004
451005
451009
451010
451011
451012
451013
451014
451015
451016
451017
451018
451019
451020
451021
451022
451023
451024
451025
451026
451027
451028
451029
451030
451031
451032
451033
451034
451035
451036
451037
451038
451039
451040
451041
451042
451043
451044
451048
451053
451058
451059
451204
451205
451208
451209
451210
451213
451214
451215
451219
451220
451221
451222
451223
451224
451225
451226
451227
451228
451229
451230
451231
451232
451233
451234
451235
451236
451237
451238
451239
451240
451241
451242
451243
451244
451245
451246
451247
451248
451249
451250
451251
451252
451253
451254
451258
451263
451268
451269
451414
451415
451418
451419
451423
451424
451425
451429
451431
451432
451433
451434
451435
451436
451437
451438
451439
451440
451441
451442
451443
451444
451445
451446
451447
451448
451449
451450
451451
451452
451453
451454
451455
451456
451457
451458
451459
451460
451461
451462
451463
451464
451468
451473
451479
451639
451640
451641
451642
451643
451644
451645
451646
451647
451648
451649
451651
451652
451653
451654
451655
451656
451657
451658
451661
451662
451663
451665
451666
451667
451668
451671
451844
451855
451856
451864
451865
451866
451867
451868
451869
451870
451871
451872
451873
451874
451875
451876
451878
451879
451880
451881
451882
451883
451884
451885
451886
451887
451890
451891
451892
451893
451894
451895
451896
451897
451898
451899
451902
452156
452167
452168
452176
452177
452178
452181
452182
452184
452186
452187
452188
452189
452190
452194
452196
452197
452198
452199
452200
452201
452202
452204
452205
452206
452207
452208
452209
452211
452212
452214
452215
452216
452217
452218
452219
452220
452222
452223
452224
452225
452226
452227
452229
452230
452232
452234
452235
452237
452241
452242
452243
452245
452246
452247
452250
457132
457133
457134
457145
457146
457147
457148
457149
457150
457151
457152
457153
457156
457157
457158
457159
457160
457161
457162
457163
457164
457165
457166
457167
457168
457169
457170
457171
457172
457173
457174
457175
457176
457177
457178
457179
457180
457181
457182
457183
457184
457185
457186
457187
457188
457189
457190
457191
457194
457195
457196
457197
457198
457200
457203
457204
457205
457206
457211
457222
457525
457526
457527
457538
457539
457540
457541
457542
457543
457544
457545
457546
457547
457548
457549
457550
457551
457552
457553
457554
457555
457556
457557
457558
457559
457560
457561
457562
457563
457564
457565
457566
457567
457568
457569
457570
457571
457572
457573
457574
457575
457576
457577
457578
457579
457580
457581
457582
457583
457584
457585
457586
457587
457588
457589
457590
457591
457592
457593
457594
457595
457596
457597
457598
457599
457600
457601
457602
457603
457604
457605
457606
457607
457608
457609
457610
457611
457612
457613
457614
457615
457616
457617
457618
457619
457620
457621
457622
457623
457624
457625
457626
457627
457628
457629
457630
457631
457632
457633
457634
457635
457636
457637
457638
457639
457640
457641
457642
457644
457645
457646
457647
457652
457663
458032
458033
458034
458035
458036
458037
458038
458039
458040
458041
458042
458043
458044
458045
458046
458047
458048
458049
458050
458051
458052
458053
458054
458055
458056
458057
458058
458059
458060
458061
458062
458063
458064
458065
458066
458067
458068
458069
458070
458071
458072
458073
458074
458075
458076
458077
458078
458079
458080
458081
458082
458083
458084
458085
458086
458087
458088
458089
458090
458091
458092
458093
458094
458095
458096
458097
458098
458099
458100
458101
458102
458103
458104
458105
458106
458107
458108
458109
458110
458111
458112
458113
458114
458115
458116
458117
458118
458119
458120
458121
458122
458123
458124
458125
458126
458127
458128
458129
458130
458131
458132
458133
458134
458135
458136
458137
458138
458139
458140
458141
458142
458143
458144
458145
458146
458147
458148
458149
458150
458151
458152
458153
458154
458155
458156
458157
458158
458159
458161
458162
458163
458164
458166
458167
458169
458536
458537
458540
458541
458542
458545
458546
458549
458550
458551
458552
458553
458554
458555
458556
458557
458558
458559
458560
458561
458562
458563
458564
458565
458566
458567
458568
458569
458570
458571
458572
458573
458574
458575
458576
458577
458578
458579
458580
458581
458582
458583
458584
458585
458586
458587
458588
458589
458590
458591
458592
458593
458594
458595
458596
458597
458598
458599
458600
458601
458602
458603
458604
458605
458606
458607
458608
458609
458610
458611
458612
458613
458614
458615
458616
458617
458618
458619
458620
458621
458622
458623
458624
458625
458626
458627
458628
458629
458630
458631
458632
458633
458634
458635
458636
458637
458638
458639
458640
458641
458642
458643
458644
458645
458646
458647
458648
458649
458650
458651
458652
458653
458654
458655
458656
458657
458658
458659
458660
458661
458662
458663
458664
458665
458666
458667
458668
458669
458670
458671
458672
458673
458674
458675
458676
458677
458678
458679
458680
458681
458682
458683
458684
458685
458686
458687
458688
458689
458690
458691
458692
458693
458694
458698
458703
458707
459061
459062
459065
459066
459067
459070
459071
459074
459075
459076
459077
459078
459079
459080
459081
459082
459083
459084
459085
459086
459087
459088
459089
459090
459091
459092
459093
459094
459095
459096
459097
459098
459099
459100
459101
459102
459103
459104
459105
459106
459107
459108
459109
459110
459111
459112
459113
459114
459115
459116
459117
459118
459119
459120
459121
459122
459123
459124
459125
459126
459127
459128
459129
459130
459131
459132
459133
459134
459135
459136
459137
459138
459139
459140
459141
459142
459143
459144
459145
459146
459147
459148
459149
459150
459151
459152
459153
459154
459155
459156
459157
459158
459159
459160
459161
459162
459163
459164
459165
459166
459167
459168
459169
459170
459171
459172
459173
459174
459175
459176
459177
459178
459179
459180
459181
459182
459183
459184
459185
459186
459187
459188
459189
459190
459191
459192
459193
459194
459195
459196
459197
459198
459199
459200
459201
459202
459203
459204
459205
459206
459207
459208
459209
459210
459211
459212
459213
459214
459215
459216
459217
459218
459219
459223
459228
459232
459586
459587
459590
459591
459595
459596
459599
459601
459602
459603
459604
459605
459606
459607
459608
459609
459610
459611
459612
459613
459614
459615
459616
459617
459618
459619
459620
459621
459622
459623
459624
459625
459626
459627
459628
459629
459630
459631
459632
459633
459634
459635
459636
459637
459638
459639
459640
459641
459642
459643
459644
459645
459646
459647
459648
459649
459650
459651
459652
459653
459654
459655
459656
459657
459658
459659
459660
459661
459662
459663
459664
459665
459666
459667
459668
459669
459670
459671
459672
459673
459674
459675
459676
459677
459678
459679
459680
459681
459682
459683
459684
459685
459686
459687
459688
459689
459690
459691
459692
459693
459694
459695
459696
459697
459698
459699
459700
459701
459702
459703
459704
459705
459706
459707
459708
459709
459710
459711
459712
459713
459714
459715
459716
459717
459718
459719
459720
459721
459722
459723
459724
459725
459726
459727
459728
459729
459730
459731
459732
459733
459734
459735
459736
459737
459738
459739
459740
459741
459742
459743
459744
459748
459753
460111
460112
460113
460114
460115
460116
460117
460118
460119
460120
460121
460122
460124
460125
460126
460127
460128
460129
460130
460131
460132
460133
460134
460135
460136
460137
460138
460139
460140
460141
460142
460143
460144
460145
460146
460147
460148
460149
460150
460151
460152
460153
460154
460155
460156
460157
460158
460159
460160
460161
460162
460163
460164
460165
460166
460167
460168
460169
460170
460171
460172
460173
460174
460175
460176
460177
460178
460179
460180
460181
460182
460183
460184
460185
460186
460187
460188
460189
460190
460191
460192
460193
460194
460195
460196
460197
460198
460199
460200
460201
460202
460203
460204
460205
460206
460207
460208
460209
460210
460211
460212
460213
460214
460215
460216
460217
460218
460219
460220
460221
460222
460223
460224
460225
460226
460227
460228
460229
460230
460231
460232
460233
460234
460235
460236
460237
460238
460241
460242
460243
460245
460246
460544
460555
460561
460562
460563
460564
460565
460566
460567
460568
460569
460570
460571
460572
460574
460575
460576
460577
460578
460579
460580
460581
460582
460583
460584
460585
460586
460587
460588
460589
460590
460591
460592
460593
460594
460595
460596
460597
460598
460599
460600
460601
460602
460603
460604
460605
460606
460607
460608
460609
460610
460611
460612
460613
460614
460615
460616
460617
460618
460619
460620
460621
460622
460623
460624
460625
460626
460627
460628
460629
460630
460631
460632
460633
460634
460635
460636
460637
460638
460639
460640
460641
460642
460643
460644
460645
460646
460647
460648
460649
460650
460651
460652
460653
460654
460655
460656
460657
460658
460661
460662
460663
460664
460665
460666
460871
460882
460888
460889
460892
460893
460895
460897
460898
460901
460903
460904
460905
460906
460907
460908
460910
460911
460912
460913
460914
460916
460918
460919
460920
460921
460922
460923
460925
460926
460927
460928
460929
460931
460934
460936
460940
460941
460943
463756
463758
463761
463762
463774
463776
463779
463780
463792
463794
463797
463798
463810
463812
463815
464035
464037
464040
464041
464053
464055
464058
464059
464071
464073
464076
464077
464089
464091
464094
464095
464107
464109
464112
464113
464125
464127
464130
464422
464424
464427
464428
464440
464442
464445
464446
464458
464460
464463
464464
464476
464478
464481
464482
464494
464496
464499
464500
464512
464514
464517
464518
464530
464532
464535
464536
464548
464550
464553
464845
464847
464850
464851
464863
464865
464868
464869
464881
464883
464886
464887
464899
464901
464904
464905
464917
464919
464922
464923
464935
464937
464940
464941
464953
464955
464958
464959
464971
464973
464976
465256
465258
465261
465271
465273
465276
465277
465289
465291
465294
465295
465307
465309
465312
465313
465325
465327
465330
465331
465343
465345
465348
465349
465361
465363
465366
465367
465379
465381
465589
465591
465594
465604
465606
465609
465610
465622
465624
465627
465628
465640
465642
465645
465646
465658
465660
465663
465664
465676
465678
465802
465804
465807
465817
465819
465822
465832
465834
465837
465847
465849
466870
466871
466872
466873
466874
466875
466876
466877
466878
466879
466880
466881
466882
466883
466884
466885
466886
466887
466888
466889
466890
466891
466892
466893
467104
467105
467106
467107
467108
467109
467110
467111
467112
467113
467114
467115
467116
467117
467118
467119
467120
467121
467122
467123
467124
467125
467126
467127
468142
468143
468144
468145
468146
468147
468148
468149
468150
468151
468152
468153
468154
468155
468156
468157
468158
468159
468160
468161
468162
468163
468164
468165
468376
468377
468378
468379
468380
468381
468382
468383
468384
468385
468386
468387
468388
468389
468390
468391
468392
468393
468394
468395
468396
468397
468398
468399
469414
469415
469416
469417
469418
469419
469420
469421
469422
469423
469424
469425
469426
469427
469428
469429
469430
469431
469432
469433
469434
469435
469436
469437
469648
469649
469650
469651
469652
469653
469654
469655
469656
469657
469658
469659
469660
469661
469662
469663
469664
469665
469666
469667
469668
469669
469670
469671
470686
470687
470688
470689
470690
470691
470692
470693
470694
470695
470696
470697
470698
470699
470700
470701
470702
470703
470704
470705
470706
470707
470708
470709
470920
470921
470922
470923
470924
470925
470926
470927
470928
470929
470930
470931
470932
470933
470934
470935
470936
470937
470938
470939
470940
470941
470942
470943
471958
471959
471960
471961
471962
471963
471964
471965
471966
471967
471968
471969
471970
471971
471972
471973
471974
471975
471976
471977
471978
471979
471980
471981
472192
472193
472194
472195
472196
472197
472198
472199
472200
472201
472202
472203
472204
472205
472206
472207
472208
472209
472210
472211
472212
472213
472214
472215
473230
473231
473232
473233
473234
473235
473236
473237
473238
473239
473240
473241
473242
473243
473244
473245
473246
473247
473248
473249
473250
473251
473252
473253
473464
473465
473466
473467
473468
473469
473470
473471
473472
473473
473474
473475
473476
473477
473478
473479
473480
473481
473482
473483
473484
473485
473486
473487
474502
474503
474504
474505
474506
474507
474508
474509
474510
474511
474512
474513
474514
474515
474516
474517
474518
474519
474520
474521
474522
474523
474524
474525
474736
474737
474738
474739
474740
474741
474742
474743
474744
474745
474746
474747
474748
474749
474750
474751
474752
474753
474754
474755
474756
474757
474758
474759
475774
475775
475776
475777
475778
475779
475780
475781
475782
475783
475784
475785
475786
475787
475788
475789
475790
475791
475792
475793
475794
475795
475796
475797
476008
476009
476010
476011
476012
476013
476014
476015
476016
476017
476018
476019
476020
476021
476022
476023
476024
476025
476026
476027
476028
476029
476030
476031
477046
477047
477048
477049
477050
477051
477052
477053
477054
477055
477056
477057
477058
477059
477060
477061
477062
477063
477064
477065
477066
477067
477068
477069
477280
477281
477282
477283
477284
477285
477286
477287
477288
477289
477290
477291
477292
477293
477294
477295
477296
477297
477298
477299
477300
477301
477302
477303
478318
478319
478320
478321
478322
478323
478324
478325
478326
478327
478328
478329
478330
478331
478332
478333
478334
478335
478336
478337
478338
478339
478340
478341
478552
478553
478554
478555
478556
478557
478558
478559
478560
478561
478562
478563
478564
478565
478566
478567
478568
478569
478570
478571
478572
478573
478574
478575
479590
479591
479592
479593
479594
479595
479596
479597
479598
479599
479600
479601
479602
479603
479604
479605
479606
479607
479608
479609
479610
479611
479612
479613
479824
479825
479826
479827
479828
479829
479830
479831
479832
479833
479834
479835
479836
479837
479838
479839
479840
479841
479842
479843
479844
479845
479846
479847
480862
480863
480864
480865
480866
480867
480868
480869
480870
480871
480872
480873
480874
480875
480876
480877
480878
480879
480880
480881
480882
480883
480884
480885
481096
481097
481098
481099
481100
481101
481102
481103
481104
481105
481106
481107
481108
481109
481110
481111
481112
481113
481114
481115
481116
481117
481118
481119
482134
482135
482136
482137
482138
482139
482140
482141
482142
482143
482144
482145
482146
482147
482148
482149
482150
482151
482152
482153
482154
482155
482156
482157
482368
482369
482370
482371
482372
482373
482374
482375
482376
482377
482378
482379
482380
482381
482382
482383
482384
482385
482386
482387
482388
482389
482390
482391
483406
483407
483408
483409
483410
483411
483412
483413
483414
483415
483416
483417
483418
483419
483420
483421
483422
483423
483424
483425
483426
483427
483428
483429
483640
483641
483642
483643
483644
483645
483646
483647
483648
483649
483650
483651
483652
483653
483654
483655
483656
483657
483658
483659
483660
483661
483662
483663
484678
484679
484680
484681
484682
484683
484684
484685
484686
484687
484688
484689
484690
484691
484692
484693
484694
484695
484696
484697
484698
484699
484700
484701
484912
484913
484914
484915
484916
484917
484918
484919
484920
484921
484922
484923
484924
484925
484926
484927
484928
484929
484930
484931
484932
484933
484934
484935
485950
485951
485952
485953
485954
485955
485956
485957
485958
485959
485960
485961
485962
485963
485964
485965
485966
485967
485968
485969
485970
485971
485972
485973
486184
486185
486186
486187
486188
486189
486190
486191
486192
486193
486194
486195
486196
486197
486198
486199
486200
486201
486202
486203
486204
486205
486206
486207
487222
487223
487224
487225
487226
487227
487228
487229
487230
487231
487232
487233
487234
487235
487236
487237
487238
487239
487240
487241
487242
487243
487244
487245
487456
487457
487458
487459
487460
487461
487462
487463
487464
487465
487466
487467
487468
487469
487470
487471
487472
487473
487474
487475
487476
487477
487478
487479
488494
488495
488496
488497
488498
488499
488500
488501
488502
488503
488504
488505
488506
488507
488508
488509
488510
488511
488512
488513
488514
488515
488516
488517
488728
488729
488730
488731
488732
488733
488734
488735
488736
488737
488738
488739
488740
488741
488742
488743
488744
488745
488746
488747
488748
488749
488750
488751
489766
489767
489768
489769
489770
489771
489772
489773
489774
489775
489776
489777
489778
489779
489780
489781
489782
489783
489784
489785
489786
489787
489788
489789
490000
490001
490002
490003
490004
490005
490006
490007
490008
490009
490010
490011
490012
490013
490014
490015
490016
490017
490018
490019
490020
490021
490022
490023
491038
491039
491040
491041
491042
491043
491044
491045
491046
491047
491048
491049
491050
491051
491052
491053
491054
491055
491056
491057
491058
491059
491060
491061
491272
491273
491274
491275
491276
491277
491278
491279
491280
491281
491282
491283
491284
491285
491286
491287
491288
491289
491290
491291
491292
491293
491294
491295
492310
492311
492312
492313
492314
492315
492316
492317
492318
492319
492320
492321
492322
492323
492324
492325
492326
492327
492328
492329
492330
492331
492332
492333
492544
492545
492546
492547
492548
492549
492550
492551
492552
492553
492554
492555
492556
492557
492558
492559
492560
492561
492562
492563
492564
492565
492566
492567
493582
493583
493584
493585
493586
493587
493588
493589
493590
493591
493592
493593
493594
493595
493596
493597
493598
493599
493600
493601
493602
493603
493604
493605
493816
493817
493818
493819
493820
493821
493822
493823
493824
493825
493826
493827
493828
493829
493830
493831
493832
493833
493834
493835
493836
493837
493838
493839
494854
494855
494856
494857
494858
494859
494860
494861
494862
494863
494864
494865
494866
494867
494868
494869
494870
494871
494872
494873
494874
494875
494876
494877
495088
495089
495090
495091
495092
495093
495094
495095
495096
495097
495098
495099
495100
495101
495102
495103
495104
495105
495106
495107
495108
495109
495110
495111
496126
496127
496128
496129
496130
496131
496132
496133
496134
496135
496136
496137
496138
496139
496140
496141
496142
496143
496144
496145
496146
496147
496148
496149
496360
496361
496362
496363
496364
496365
496366
496367
496368
496369
496370
496371
496372
496373
496374
496375
496376
496377
496378
496379
496380
496381
496382
496383
497398
497399
497400
497401
497402
497403
497404
497405
497406
497407
497408
497409
497410
497411
497412
497413
497414
497415
497416
497417
497418
497419
497420
497421
497632
497633
497634
497635
497636
497637
497638
497639
497640
497641
497642
497643
497644
497645
497646
497647
497648
497649
497650
497651
497652
497653
497654
497655
498670
498671
498672
498673
498674
498675
498676
498677
498678
498679
498680
498681
498682
498683
498684
498685
498686
498687
498688
498689
498690
498691
498692
498693
498904
498905
498906
498907
498908
498909
498910
498911
498912
498913
498914
498915
498916
498917
498918
498919
498920
498921
498922
498923
498924
498925
498926
498927
499942
499943
499944
499945
499946
499947
499948
499949
499950
499951
499952
499953
499954
499955
499956
499957
499958
499959
499960
499961
499962
499963
499964
499965
500176
500177
500178
500179
500180
500181
500182
500183
500184
500185
500186
500187
500188
500189
500190
500191
500192
500193
500194
500195
500196
500197
500198
500199
501214
501215
501216
501217
501218
501219
501220
501221
501222
501223
501224
501225
501226
501227
501228
501229
501230
501231
501232
501233
501234
501235
501236
501237
501448
501449
501450
501451
501452
501453
501454
501455
501456
501457
501458
501459
501460
501461
501462
501463
501464
501465
501466
501467
501468
501469
501470
501471
502486
502487
502488
502489
502490
502491
502492
502493
502494
502495
502496
502497
502498
502499
502500
502501
502502
502503
502504
502505
502506
502507
502508
502509
502720
502721
502722
502723
502724
502725
502726
502727
502728
502729
502730
502731
502732
502733
502734
502735
502736
502737
502738
502739
502740
502741
502742
502743
503758
503759
503760
503761
503762
503763
503764
503765
503766
503767
503768
503769
503770
503771
503772
503773
503774
503775
503776
503777
503778
503779
503780
503781
503992
503993
503994
503995
503996
503997
503998
503999
504000
504001
504002
504003
504004
504005
504006
504007
504008
504009
504010
504011
504012
504013
504014
504015
504982
504983
504984
504985
504986
504987
504988
504989
504990
504991
504992
504993
504994
504995
504996
504997
504998
504999
505198
505199
505200
505201
505202
505203
505204
505205
505206
505207
505208
505209
505210
505211
505212
505213
505214
505215
516303
516304
516305
516306
516307
516325
516326
516327
516328
516329
516330
516331
516348
516349
516350
516351
516352
516353
516354
516355
516370
516371
516372
516373
516374
516375
516376
516377
516378
516393
516394
516395
516396
516397
516398
516399
516400
516401
516416
516417
516418
516419
516420
516421
516422
516423
516424
516440
516441
516442
516443
516444
516445
516446
516447
516464
516465
516466
516467
516468
516469
516488
516489
516490
526307
526308
526310
526311
526313
526314
526340
526342
526343
526344
526345
526346
526347
526348
526349
526350
526351
526352
526353
526354
526355
526356
526359
526373
526375
526376
526377
526378
526379
526380
526383
526396
526397
526398
526400
526401
526417
526418
526419
526420
526421
526422
526438
526439
526440
526441
526442
526443
526459
526460
526462
526464
526480
526483
526484
526485
526486
526487
526488
526513
526516
526517
526518
526519
526520
526521
526522
526523
526524
526525
526526
526527
526528
526529
526530
526552
526555
526558
526801
526802
526803
526804
526805
526806
526813
526814
526815
526816
526817
526818
-4332
-4333
4335
4340
4345
4347
-4352
4675
4676
-4715
-4717
5037
5038
-5087
-5371
5408
5410
-5691
5730
-6012
6051
6363
-6408
-6409
-6715
-6716
6756
6757
-7077
-7078
7084
7102
7103
-7434
-7439
-7444
-12356
-12357
12360
12366
12372
12374
-12380
12723
12724
-12767
-12769
13100
13101
-13152
-13446
13486
13488
-13780
13822
-14115
14157
14480
-14527
-14528
-14852
-14853
14898
14899
-15238
-15239
15246
15268
15269
-15616
-15622
-15628
-20541
-20542
20545
20551
20557
20559
-20565
20908
20909
-20952
-20954
21285
21286
-21337
-21631
21671
21673
-21965
22007
-22300
22342
22665
-22712
-22713
-23037
-23038
23083
23084
-23423
-23424
23431
23453
23454
-23801
-23807
-23813
-28726
-28727
28730
28736
28742
28744
-28750
29093
29094
-29137
-29139
29470
29471
-29522
-29816
29856
29858
-30150
30192
-30485
30527
30850
-30897
-30898
-31222
-31223
31268
31269
-31608
-31609
31616
31638
31639
-31986
-31992
-31998
-36911
-36912
36915
36921
36927
36929
-36935
37278
37279
-37322
-37324
37655
37656
-37707
-38001
38041
38043
-38335
38377
-38670
38712
39035
-39082
-39083
-39407
-39408
39453
39454
-39793
-39794
39801
39823
39824
-40171
-40177
-40183
-45096
-45097
45100
45106
45112
45114
-45120
45463
45464
-45507
-45509
45840
45841
-45892
-46186
46226
46228
-46520
46562
-46855
46897
47220
-47267
-47268
-47592
-47593
47638
47639
-47978
-47979
47986
48008
48009
-48356
-48362
-48368
-53281
-53282
53285
53291
53297
53299
-53305
53648
53649
-53692
-53694
54025
54026
-54077
-54371
54411
54413
-54705
54747
-55040
55082
55405
-55452
-55453
-55777
-55778
55823
55824
-56163
-56164
56171
56193
56194
-56541
-56547
-56553
-61466
-61467
61470
61476
61482
61484
-61490
61833
61834
-61877
-61879
62210
62211
-62262
-62556
62596
62598
-62890
62932
-63225
63267
63590
-63637
-63638
-63962
-63963
64008
64009
-64348
-64349
64356
64378
64379
-64726
-64732
-64738
-69651
-69652
69655
69661
69667
69669
-69675
70018
70019
-70062
-70064
70395
70396
-70447
-70741
70781
70783
-71075
71117
-71410
71452
71775
-71822
-71823
-72147
-72148
72193
72194
-72533
-72534
72541
72563
72564
-72911
-72917
-72923
-77836
-77837
77840
77846
77852
77854
-77860
78203
78204
-78247
-78249
78580
78581
-78632
-78926
78966
78968
-79260
79302
-79595
79637
79960
-80007
-80008
-80332
-80333
80378
80379
-80718
-80719
80726
80748
80749
-81096
-81102
-81108
-86021
-86022
86025
86031
86037
86039
-86045
86388
86389
-86432
-86434
86765
86766
-86817
-87111
87151
87153
-87445
87487
-87780
87822
88145
-88192
-88193
-88517
-88518
88563
88564
-88903
-88904
88911
88933
88934
-89281
-89287
-89293
-94206
-94207
94210
94216
94222
94224
-94230
94573
94574
-94617
-94619
94950
94951
-95002
-95296
95336
95338
-95630
95672
-95965
96007
96330
-96377
-96378
-96702
-96703
96748
96749
-97088
-97089
97096
97118
97119
-97466
-97472
-97478
-102391
-102392
102395
102401
102407
102409
-102415
102758
102759
-102802
-102804
103135
103136
-103187
-103481
103521
103523
-103815
103857
-104150
104192
104515
-104562
-104563
-104887
-104888
104933
104934
-105273
-105274
105281
105303
105304
-105651
-105657
-105663
-110576
-110577
110580
110586
110592
110594
-110600
110943
110944
-110987
-110989
111320
111321
-111372
-111666
111706
111708
-112000
112042
-112335
112377
112700
-112747
-112748
-113072
-113073
113118
113119
-113458
-113459
113466
113488
113489
-113836
-113842
-113848
-118761
-118762
118765
118771
118777
118779
-118785
119128
119129
-119172
-119174
119505
119506
-119557
-119851
119891
119893
-120185
120227
-120520
120562
120885
-120932
-120933
-121257
-121258
121303
121304
-121643
-121644
121651
121673
121674
-122021
-122027
-122033
-126946
-126947
126950
126956
126962
126964
-126970
127313
127314
-127357
-127359
127690
127691
-127742
-128036
128076
128078
-128370
128412
-128705
128747
129070
-129117
-129118
-129442
-129443
129488
129489
-129828
-129829
129836
129858
129859
-130206
-130212
-130218
-135131
-135132
135135
135141
135147
135149
-135155
135498
135499
-135542
-135544
135875
135876
-135927
-136221
136261
136263
-136555
136597
-136890
136932
137255
-137302
-137303
-137627
-137628
137673
137674
-138013
-138014
138021
138043
138044
-138391
-138397
-138403
-143316
-143317
143320
143326
143332
143334
-143340
143683
143684
-143727
-143729
144060
144061
-144112
-144406
144446
144448
-144740
144782
-145075
145117
145440
-145487
-145488
-145812
-145813
145858
145859
-146198
-146199
146206
146228
146229
-146576
-146582
-146588
-151501
-151502
151505
151511
151517
151519
-151525
151868
151869
-151912
-151914
152245
152246
-152297
-152591
152631
152633
-152925
152967
-153260
153302
153625
-153672
-153673
-153997
-153998
154043
154044
-154383
-154384
154391
154413
154414
-154761
-154767
-154773
-159686
-159687
159690
159696
159702
159704
-159710
160053
160054
-160097
-160099
160430
160431
-160482
-160776
160816
160818
-161110
161152
-161445
161487
161810
-161857
-161858
-162182
-162183
162228
162229
-162568
-162569
162576
162598
162599
-162946
-162952
-162958
-167871
-167872
167875
167881
167887
167889
-167895
168238
168239
-168282
-168284
168615
168616
-168667
-168961
169001
169003
-169295
169337
-169630
169672
169995
-170042
-170043
-170367
-170368
170413
170414
-170753
-170754
170761
170783
170784
-171131
-171137
-171143
-176056
-176057
176060
176066
176072
176074
-176080
176423
176424
-176467
-176469
176800
176801
-176852
-177146
177186
177188
-177480
177522
-177815
177857
178180
-178227
-178228
-178552
-178553
178598
178599
-178938
-178939
178946
178968
178969
-179316
-179322
-179328
-184241
-184242
184245
184251
184257
184259
-184265
184608
184609
-184652
-184654
184985
184986
-185037
-185331
185371
185373
-185665
185707
-186000
186042
186365
-186412
-186413
-186737
-186738
186783
186784
-187123
-187124
187131
187153
187154
-187501
-187507
-187513
-192426
-192427
192430
192436
192442
192444
-192450
192793
192794
-192837
-192839
193170
193171
-193222
-193516
193556
193558
-193850
193892
-194185
194227
194550
-194597
-194598
-194922
-194923
194968
194969
-195308
-195309
195316
195338
195339
-195686
-195692
-195698
-200611
-200612
200615
200621
200627
200629
-200635
200978
200979
-201022
-201024
201355
201356
-201407
-201701
201741
201743
-202035
202077
-202370
202412
202735
-202782
-202783
-203107
-203108
203153
203154
-203493
-203494
203501
203523
203524
-203871
-203877
-203883
-208796
-208797
208800
208806
208812
208814
-208820
209163
209164
-209207
-209209
209540
209541
-209592
-209886
209926
209928
-210220
210262
-210555
210597
210920
-210967
-210968
-211292
-211293
211338
211339
-211678
-211679
211686
211708
211709
-212056
-212062
-212068
-216981
-216982
216985
216991
216997
216999
-217005
217348
217349
-217392
-217394
217725
217726
-217777
-218071
218111
218113
-218405
218447
-218740
218782
219105
-219152
-219153
-219477
-219478
219523
219524
-219863
-219864
219871
219893
219894
-220241
-220247
-220253
-225166
-225167
225170
225176
225182
225184
-225190
225533
225534
-225577
-225579
225910
225911
-225962
-226256
226296
226298
-226590
226632
-226925
226967
227290
-227337
-227338
-227662
-227663
227708
227709
-228048
-228049
228056
228078
228079
-228426
-228432
-228438
-233351
-233352
233355
233361
233367
233369
-233375
233718
233719
-233762
-233764
234095
234096
-234147
-234441
234481
234483
-234775
234817
-235110
235152
235475
-235522
-235523
-235847
-235848
235893
235894
-236233
-236234
236241
236263
236264
-236611
-236617
-236623
-241536
-241537
241540
241546
241552
241554
-241560
241903
241904
-241947
-241949
242280
242281
-242332
-242626
242666
242668
-242960
243002
-243295
243337
243660
-243707
-243708
-244032
-244033
244078
244079
-244418
-244419
244426
244448
244449
-244796
-244802
-244808
-250027
-250028
250031
250037
250043
250045
-250051
250406
250407
-250456
-250458
250825
250826
-250895
-251225
251283
251285
-251613
251673
-252002
252062
252421
-252486
-252487
-252823
-252824
252875
252876
-253215
-253216
253223
253245
253246
-253593
-253599
-253605
-258488
-258489
258492
258498
258504
258506
-258512
258835
258836
-258869
-258871
259182
259183
-259224
-259530
259576
259578
-259882
259930
-260235
260283
260594
-260635
-260636
-260952
-260953
260994
260995
-261338
-261339
261347
261370
261371
-261718
-261724
-261730
-266713
-266714
266718
266722
266724
266728
266731
266733
266735
-266738
267065
267066
267069
267076
267082
267088
267094
267098
-267101
-267103
267426
267427
267430
267437
267443
267449
267455
267461
267467
267471
-267474
-267792
267801
267807
267813
267819
267825
267831
267837
267843
267844
267845
267847
-268162
268171
268177
268183
268189
268195
268201
268207
268213
268215
268217
-268533
268542
268548
268554
268560
268566
268572
268578
268584
268586
268588
268909
268912
268920
268926
268932
268938
268944
268950
268953
-268957
-268958
-269278
-269279
269287
269295
269301
269307
269313
269316
269322
269323
269324
-269666
-269667
269674
269675
269681
269687
269693
269698
269699
269700
-270046
-270052
-270058
-293296
-293315
-293620
-293624
293628
293648
293650
293652
293654
293672
293675
293677
293693
293696
293698
-293713
293718
293720
293741
293742
-293745
-293953
-293957
293961
293981
293984
293986
294002
294005
294008
294029
294030
-294033
-294231
-294232
294245
294248
294250
294266
294269
294272
294273
294401
-294403
294406
294424
294425
294539
-294541
294544
294562
294563
294677
-294679
294682
294683
294700
294701
-294902
294914
294918
294920
294938
294942
294945
294946
294947
295171
295172
-295179
295196
295200
295202
295220
295224
295227
295228
295229
295549
295550
295574
-295577
295580
295583
295598
295602
295604
295607
295622
295626
295628
295631
295645
295646
295649
295650
-298346
-298358
-298366
-298373
-298376
-298384
-298391
-298394
-298409
-298636
-298639
-298649
-298653
-298654
-298667
-298668
-298708
298715
-298717
298729
-298732
-298735
298741
-298744
-298903
-298906
-298916
-298917
-298920
-298921
298953
298963
-298966
-298969
298975
-298978
-299137
-299138
-299143
-299149
-299150
299172
299177
299182
-299199
-299346
-299351
-299356
299397
299402
299407
-299556
-299561
-299566
299607
299612
299617
-299766
299770
-299771
-299776
299780
299817
299822
299827
299828
-299976
-299981
-299986
300000
300009
300010
300014
300019
300020
300193
-300199
-300201
300204
-300211
300227
300238
300239
300250
300251
300260
300261
300505
-300513
300516
-300529
300533
300535
-300541
300545
300553
300560
300563
300571
300578
300581
300583
300586
300594
300598
300599
300611
300612
-303401
-303413
-303421
-303428
-303431
-303439
-303446
-303449
-303464
-303691
-303694
-303704
-303708
-303709
-303722
-303723
-303763
303770
-303772
303784
-303787
-303790
303796
-303799
-303958
-303961
-303971
-303972
-303975
-303976
304008
304018
-304021
-304024
304030
-304033
-304192
-304193
-304198
-304204
-304205
304227
304232
304237
-304254
-304401
-304406
-304411
304452
304457
304462
-304611
-304616
-304621
304662
304667
304672
-304821
304825
-304826
-304831
304835
304872
304877
304882
304883
-305031
-305036
-305041
305055
305064
305065
305069
305074
305075
305248
-305254
-305256
305259
-305266
305282
305293
305294
305305
305306
305315
305316
305560
-305568
305571
-305584
305588
305590
-305596
305600
305608
305615
305618
305626
305633
305636
305638
305641
305649
305653
305654
305666
305667
-308456
-308468
-308476
-308483
-308486
-308494
-308501
-308504
-308519
-308746
-308749
-308759
-308763
-308764
-308777
-308778
-308818
308825
-308827
308839
-308842
-308845
308851
-308854
-309013
-309016
-309026
-309027
-309030
-309031
309063
309073
-309076
-309079
309085
-309088
-309247
-309248
-309253
-309259
-309260
309282
309287
309292
-309309
-309456
-309461
-309466
309507
309512
309517
-309666
-309671
-309676
309717
309722
309727
-309876
309880
-309881
-309886
309890
309927
309932
309937
309938
-310086
-310091
-310096
310110
310119
310120
310124
310129
310130
310303
-310309
-310311
310314
-310321
310337
310348
310349
310360
310361
310370
310371
310615
-310623
310626
-310639
310643
310645
-310651
310655
310663
310670
310673
310681
310688
310691
310693
310696
310704
310708
310709
310721
310722
-313511
-313523
-313531
-313538
-313541
-313549
-313556
-313559
-313574
-313801
-313804
-313814
-313818
-313819
-313832
-313833
-313873
313880
-313882
313894
-313897
-313900
313906
-313909
-314068
-314071
-314081
-314082
-314085
-314086
314118
314128
-314131
-314134
314140
-314143
-314302
-314303
-314308
-314314
-314315
314337
314342
314347
-314364
-314511
-314516
-314521
314562
314567
314572
-314721
-314726
-314731
314772
314777
314782
-314931
314935
-314936
-314941
314945
314982
314987
314992
314993
-315141
-315146
-315151
315165
315174
315175
315179
315184
315185
315358
-315364
-315366
315369
-315376
315392
315403
315404
315415
315416
315425
315426
315670
-315678
315681
-315694
315698
315700
-315706
315710
315718
315725
315728
315736
315743
315746
315748
315751
315759
315763
315764
315776
315777
-318566
-318578
-318586
-318593
-318596
-318604
-318611
-318614
-318629
-318856
-318859
-318869
-318873
-318874
-318887
-318888
-318928
318935
-318937
318949
-318952
-318955
318961
-318964
-319123
-319126
-319136
-319137
-319140
-319141
319173
319183
-319186
-319189
319195
-319198
-319357
-319358
-319363
-319369
-319370
319392
319397
319402
-319419
-319566
-319571
-319576
319617
319622
319627
-319776
-319781
-319786
319827
319832
319837
-319986
319990
-319991
-319996
320000
320037
320042
320047
320048
-320196
-320201
-320206
320220
320229
320230
320234
320239
320240
320413
-320419
-320421
320424
-320431
320447
320458
320459
320470
320471
320480
320481
320725
-320733
320736
-320749
320753
320755
-320761
320765
320773
320780
320783
320791
320798
320801
320803
320806
320814
320818
320819
320831
320832
-323621
-323633
-323641
-323648
-323651
-323659
-323666
-323669
-323684
-323911
-323914
-323924
-323928
-323929
-323942
-323943
-323983
323990
-323992
324004
-324007
-324010
324016
-324019
-324178
-324181
-324191
-324192
-324195
-324196
324228
324238
-324241
-324244
324250
-324253
-324412
-324413
-324418
-324424
-324425
324447
324452
324457
-324474
-324621
-324626
-324631
324672
324677
324682
-324831
-324836
-324841
324882
324887
324892
-325041
325045
-325046
-325051
325055
325092
325097
325102
325103
-325251
-325256
-325261
325275
325284
325285
325289
325294
325295
325468
-325474
-325476
325479
-325486
325502
325513
325514
325525
325526
325535
325536
325780
-325788
325791
-325804
325808
325810
-325816
325820
325828
325835
325838
325846
325853
325856
325858
325861
325869
325873
325874
325886
325887
-328676
-328688
-328696
-328703
-328706
-328714
-328721
-328724
-328739
-328966
-328969
-328979
-328983
-328984
-328997
-328998
-329038
329045
-329047
329059
-329062
-329065
329071
-329074
-329233
-329236
-329246
-329247
-329250
-329251
329283
329293
-329296
-329299
329305
-329308
-329467
-329468
-329473
-329479
-329480
329502
329507
329512
-329529
-329676
-329681
-329686
329727
329732
329737
-329886
-329891
-329896
329937
329942
329947
-330096
330100
-330101
-330106
330110
330147
330152
330157
330158
-330306
-330311
-330316
330330
330339
330340
330344
330349
330350
330523
-330529
-330531
330534
-330541
330557
330568
330569
330580
330581
330590
330591
330835
-330843
330846
-330859
330863
330865
-330871
330875
330883
330890
330893
330901
330908
330911
330913
330916
330924
330928
330929
330941
330942
-333731
-333743
-333751
-333758
-333761
-333769
-333776
-333779
-333794
-334021
-334024
-334034
-334038
-334039
-334052
-334053
-334093
334100
-334102
334114
-334117
-334120
334126
-334129
-334288
-334291
-334301
-334302
-334305
-334306
334338
334348
-334351
-334354
334360
-334363
-334522
-334523
-334528
-334534
-334535
334557
334562
334567
-334584
-334731
-334736
-334741
334782
334787
334792
-334941
-334946
-334951
334992
334997
335002
-335151
335155
-335156
-335161
335165
335202
335207
335212
335213
-335361
-335366
-335371
335385
335394
335395
335399
335404
335405
335578
-335584
-335586
335589
-335596
335612
335623
335624
335635
335636
335645
335646
335890
-335898
335901
-335914
335918
335920
-335926
335930
335938
335945
335948
335956
335963
335966
335968
335971
335979
335983
335984
335996
335997
-338786
-338798
-338806
-338813
-338816
-338824
-338831
-338834
-338849
-339076
-339079
-339089
-339093
-339094
-339107
-339108
-339148
339155
-339157
339169
-339172
-339175
339181
-339184
-339343
-339346
-339356
-339357
-339360
-339361
339393
339403
-339406
-339409
339415
-339418
-339577
-339578
-339583
-339589
-339590
339612
339617
339622
-339639
-339786
-339791
-339796
339837
339842
339847
-339996
-340001
-340006
340047
340052
340057
-340206
340210
-340211
-340216
340220
340257
340262
340267
340268
-340416
-340421
-340426
340440
340449
340450
340454
340459
340460
340633
-340639
-340641
340644
-340651
340667
340678
340679
340690
340691
340700
340701
340945
-340953
340956
-340969
340973
340975
-340981
340985
340993
341000
341003
341011
341018
341021
341023
341026
341034
341038
341039
341051
341052
-343841
-343853
-343861
-343868
-343871
-343879
-343886
-343889
-343904
-344131
-344134
-344144
-344148
-344149
-344162
-344163
-344203
344210
-344212
344224
-344227
-344230
344236
-344239
-344398
-344401
-344411
-344412
-344415
-344416
344448
344458
-344461
-344464
344470
-344473
-344632
-344633
-344638
-344644
-344645
344667
344672
344677
-344694
-344841
-344846
-344851
344892
344897
344902
-345051
-345056
-345061
345102
345107
345112
-345261
345265
-345266
-345271
345275
345312
345317
345322
345323
-345471
-345476
-345481
345495
345504
345505
345509
345514
345515
345688
-345694
-345696
345699
-345706
345722
345733
345734
345745
345746
345755
345756
346000
-346008
346011
-346024
346028
346030
-346036
346040
346048
346055
346058
346066
346073
346076
346078
346081
346089
346093
346094
346106
346107
-348896
-348908
-348916
-348923
-348926
-348934
-348941
-348944
-348959
-349186
-349189
-349199
-349203
-349204
-349217
-349218
-349258
349265
-349267
349279
-349282
-349285
349291
-349294
-349453
-349456
-349466
-349467
-349470
-349471
349503
349513
-349516
-349519
349525
-349528
-349687
-349688
-349693
-349699
-349700
349722
349727
349732
-349749
-349896
-349901
-349906
349947
349952
349957
-350106
-350111
-350116
350157
350162
350167
-350316
350320
-350321
-350326
350330
350367
350372
350377
350378
-350526
-350531
-350536
350550
350559
350560
350564
350569
350570
350743
-350749
-350751
350754
-350761
350777
350788
350789
350800
350801
350810
350811
351055
-351063
351066
-351079
351083
351085
-351091
351095
351103
351110
351113
351121
351128
351131
351133
351136
351144
351148
351149
351161
351162
-353951
-353963
-353971
-353978
-353981
-353989
-353996
-353999
-354014
-354241
-354244
-354254
-354258
-354259
-354272
-354273
-354313
354320
-354322
354334
-354337
-354340
354346
-354349
-354508
-354511
-354521
-354522
-354525
-354526
354558
354568
-354571
-354574
354580
-354583
-354742
-354743
-354748
-354754
-354755
354777
354782
354787
-354804
-354951
-354956
-354961
355002
355007
355012
-355161
-355166
-355171
355212
355217
355222
-355371
355375
-355376
-355381
355385
355422
355427
355432
355433
-355581
-355586
-355591
355605
355614
355615
355619
355624
355625
355798
-355804
-355806
355809
-355816
355832
355843
355844
355855
355856
355865
355866
356110
-356118
356121
-356134
356138
356140
-356146
356150
356158
356165
356168
356176
356183
356186
356188
356191
356199
356203
356204
356216
356217
-359006
-359018
-359026
-359033
-359036
-359044
-359051
-359054
-359069
-359296
-359299
-359309
-359313
-359314
-359327
-359328
-359368
359375
-359377
359389
-359392
-359395
359401
-359404
-359563
-359566
-359576
-359577
-359580
-359581
359613
359623
-359626
-359629
359635
-359638
-359797
-359798
-359803
-359809
-359810
359832
359837
359842
-359859
-360006
-360011
-360016
360057
360062
360067
-360216
-360221
-360226
360267
360272
360277
-360426
360430
-360431
-360436
360440
360477
360482
360487
360488
-360636
-360641
-360646
360660
360669
360670
360674
360679
360680
360853
-360859
-360861
360864
-360871
360887
360898
360899
360910
360911
360920
360921
361165
-361173
361176
-361189
361193
361195
-361201
361205
361213
361220
361223
361231
361238
361241
361243
361246
361254
361258
361259
361271
361272
-364061
-364073
-364081
-364088
-364091
-364099
-364106
-364109
-364124
-364351
-364354
-364364
-364368
-364369
-364382
-364383
-364423
364430
-364432
364444
-364447
-364450
364456
-364459
-364618
-364621
-364631
-364632
-364635
-364636
364668
364678
-364681
-364684
364690
-364693
-364852
-364853
-364858
-364864
-364865
364887
364892
364897
-364914
-365061
-365066
-365071
365112
365117
365122
-365271
-365276
-365281
365322
365327
365332
-365481
365485
-365486
-365491
365495
365532
365537
365542
365543
-365691
-365696
-365701
365715
365724
365725
365729
365734
365735
365908
-365914
-365916
365919
-365926
365942
365953
365954
365965
365966
365975
365976
366220
-366228
366231
-366244
366248
366250
-366256
366260
366268
366275
366278
366286
366293
366296
366298
366301
366309
366313
366314
366326
366327
-369116
-369128
-369136
-369143
-369146
-369154
-369161
-369164
-369179
-369406
-369409
-369419
-369423
-369424
-369437
-369438
-369478
369485
-369487
369499
-369502
-369505
369511
-369514
-369673
-369676
-369686
-369687
-369690
-369691
369723
369733
-369736
-369739
369745
-369748
-369907
-369908
-369913
-369919
-369920
369942
369947
369952
-369969
-370116
-370121
-370126
370167
370172
370177
-370326
-370331
-370336
370377
370382
370387
-370536
370540
-370541
-370546
370550
370587
370592
370597
370598
-370746
-370751
-370756
370770
370779
370780
370784
370789
370790
370963
-370969
-370971
370974
-370981
370997
371008
371009
371020
371021
371030
371031
371275
-371283
371286
-371299
371303
371305
-371311
371315
371323
371330
371333
371341
371348
371351
371353
371356
371364
371368
371369
371381
371382
-374171
-374183
-374191
-374198
-374201
-374209
-374216
-374219
-374234
-374461
-374464
-374474
-374478
-374479
-374492
-374493
-374533
374540
-374542
374554
-374557
-374560
374566
-374569
-374728
-374731
-374741
-374742
-374745
-374746
374778
374788
-374791
-374794
374800
-374803
-374962
-374963
-374968
-374974
-374975
374997
375002
375007
-375024
-375171
-375176
-375181
375222
375227
375232
-375381
-375386
-375391
375432
375437
375442
-375591
375595
-375596
-375601
375605
375642
375647
375652
375653
-375801
-375806
-375811
375825
375834
375835
375839
375844
375845
376018
-376024
-376026
376029
-376036
376052
376063
376064
376075
376076
376085
376086
376330
-376338
376341
-376354
376358
376360
-376366
376370
376378
376385
376388
376396
376403
376406
376408
376411
376419
376423
376424
376436
376437
-379226
-379238
-379246
-379253
-379256
-379264
-379271
-379274
-379289
-379516
-379519
-379529
-379533
-379534
-379547
-379548
-379588
379595
-379597
379609
-379612
-379615
379621
-379624
-379783
-379786
-379796
-379797
-379800
-379801
379833
379843
-379846
-379849
379855
-379858
-380017
-380018
-380023
-380029
-380030
380052
380057
380062
-380079
-380226
-380231
-380236
380277
380282
380287
-380436
-380441
-380446
380487
380492
380497
-380646
380650
-380651
-380656
380660
380697
380702
380707
380708
-380856
-380861
-380866
380880
380889
380890
380894
380899
380900
381073
-381079
-381081
381084
-381091
381107
381118
381119
381130
381131
381140
381141
381385
-381393
381396
-381409
381413
381415
-381421
381425
381433
381440
381443
381451
381458
381461
381463
381466
381474
381478
381479
381491
381492
-384281
-384293
-384301
-384308
-384311
-384319
-384326
-384329
-384344
-384571
-384574
-384584
-384588
-384589
-384602
-384603
-384643
384650
-384652
384664
-384667
-384670
384676
-384679
-384838
-384841
-384851
-384852
-384855
-384856
384888
384898
-384901
-384904
384910
-384913
-385072
-385073
-385078
-385084
-385085
385107
385112
385117
-385134
-385281
-385286
-385291
385332
385337
385342
-385491
-385496
-385501
385542
385547
385552
-385701
385705
-385706
-385711
385715
385752
385757
385762
385763
-385911
-385916
-385921
385935
385944
385945
385949
385954
385955
386128
-386134
-386136
386139
-386146
386162
386173
386174
386185
386186
386195
386196
386440
-386448
386451
-386464
386468
386470
-386476
386480
386488
386495
386498
386506
386513
386516
386518
386521
386529
386533
386534
386546
386547
-389336
-389348
-389356
-389363
-389366
-389374
-389381
-389384
-389399
-389626
-389629
-389639
-389643
-389644
-389657
-389658
-389698
389705
-389707
389719
-389722
-389725
389731
-389734
-389893
-389896
-389906
-389907
-389910
-389911
389943
389953
-389956
-389959
389965
-389968
-390127
-390128
-390133
-390139
-390140
390162
390167
390172
-390189
-390336
-390341
-390346
390387
390392
390397
-390546
-390551
-390556
390597
390602
390607
-390756
390760
-390761
-390766
390770
390807
390812
390817
390818
-390966
-390971
-390976
390990
390999
391000
391004
391009
391010
391183
-391189
-391191
391194
-391201
391217
391228
391229
391240
391241
391250
391251
391495
-391503
391506
-391519
391523
391525
-391531
391535
391543
391550
391553
391561
391568
391571
391573
391576
391584
391588
391589
391601
391602
-394391
-394403
-394411
-394418
-394421
-394429
-394436
-394439
-394454
-394681
-394684
-394694
-394698
-394699
-394712
-394713
-394753
394760
-394762
394774
-394777
-394780
394786
-394789
-394948
-394951
-394961
-394962
-394965
-394966
394998
395008
-395011
-395014
395020
-395023
-395182
-395183
-395188
-395194
-395195
395217
395222
395227
-395244
-395391
-395396
-395401
395442
395447
395452
-395601
-395606
-395611
395652
395657
395662
-395811
395815
-395816
-395821
395825
395862
395867
395872
395873
-396021
-396026
-396031
396045
396054
396055
396059
396064
396065
396238
-396244
-396246
396249
-396256
396272
396283
396284
396295
396296
396305
396306
396550
-396558
396561
-396574
396578
396580
-396586
396590
396598
396605
396608
396616
396623
396626
396628
396631
396639
396643
396644
396656
396657
-399446
-399458
-399466
-399473
-399476
-399484
-399491
-399494
-399509
-399736
-399739
-399749
-399753
-399754
-399767
-399768
-399808
399815
-399817
399829
-399832
-399835
399841
-399844
-400003
-400006
-400016
-400017
-400020
-400021
400053
400063
-400066
-400069
400075
-400078
-400237
-400238
-400243
-400249
-400250
400272
400277
400282
-400299
-400446
-400451
-400456
400497
400502
400507
-400656
-400661
-400666
400707
400712
400717
-400866
400870
-400871
-400876
400880
400917
400922
400927
400928
-401076
-401081
-401086
401100
401109
401110
401114
401119
401120
401293
-401299
-401301
401304
-401311
401327
401338
401339
401350
401351
401360
401361
401605
-401613
401616
-401629
401633
401635
-401641
401645
401653
401660
401663
401671
401678
401681
401683
401686
401694
401698
401699
401711
401712
-404501
-404513
-404521
-404528
-404531
-404539
-404546
-404549
-404564
-404791
-404794
-404804
-404808
-404809
-404822
-404823
-404863
404870
-404872
404884
-404887
-404890
404896
-404899
-405058
-405061
-405071
-405072
-405075
-405076
405108
405118
-405121
-405124
405130
-405133
-405292
-405293
-405298
-405304
-405305
405327
405332
405337
-405354
-405501
-405506
-405511
405552
405557
405562
-405711
-405716
-405721
405762
405767
405772
-405921
405925
-405926
-405931
405935
405972
405977
405982
405983
-406131
-406136
-406141
406155
406164
406165
406169
406174
406175
406348
-406354
-406356
406359
-406366
406382
406393
406394
406405
406406
406415
406416
406660
-406668
406671
-406684
406688
406690
-406696
406700
406708
406715
406718
406726
406733
406736
406738
406741
406749
406753
406754
406766
406767
-409556
-409568
-409576
-409583
-409586
-409594
-409601
-409604
-409619
-409846
-409849
-409859
-409863
-409864
-409877
-409878
-409918
409925
-409927
409939
-409942
-409945
409951
-409954
-410113
-410116
-410126
-410127
-410130
-410131
410163
410173
-410176
-410179
410185
-410188
-410347
-410348
-410353
-410359
-410360
410382
410387
410392
-410409
-410556
-410561
-410566
410607
410612
410617
-410766
-410771
-410776
410817
410822
410827
-410976
410980
-410981
-410986
410990
411027
411032
411037
411038
-411186
-411191
-411196
411210
411219
411220
411224
411229
411230
411403
-411409
-411411
411414
-411421
411437
411448
411449
411460
411461
411470
411471
411715
-411723
411726
-411739
411743
411745
-411751
411755
411763
411770
411773
411781
411788
411791
411793
411796
411804
411808
411809
411821
411822
-414611
-414623
-414631
-414638
-414641
-414649
-414656
-414659
-414674
-414901
-414904
-414914
-414918
-414919
-414932
-414933
-414973
414980
-414982
414994
-414997
-415000
415006
-415009
-415168
-415171
-415181
-415182
-415185
-415186
415218
415228
-415231
-415234
415240
-415243
-415402
-415403
-415408
-415414
-415415
415437
415442
415447
-415464
-415611
-415616
-415621
415662
415667
415672
-415821
-415826
-415831
415872
415877
415882
-416031
416035
-416036
-416041
416045
416082
416087
416092
416093
-416241
-416246
-416251
416265
416274
416275
416279
416284
416285
416458
-416464
-416466
416469
-416476
416492
416503
416504
416515
416516
416525
416526
416770
-416778
416781
-416794
416798
416800
-416806
416810
416818
416825
416828
416836
416843
416846
416848
416851
416859
416863
416864
416876
416877
-419666
-419678
-419686
-419693
-419696
-419704
-419711
-419714
-419729
-419956
-419959
-419969
-419973
-419974
-419987
-419988
-420028
420035
-420037
420049
-420052
-420055
420061
-420064
-420223
-420226
-420236
-420237
-420240
-420241
420273
420283
-420286
-420289
420295
-420298
-420457
-420458
-420463
-420469
-420470
420492
420497
420502
-420519
-420666
-420671
-420676
420717
420722
420727
-420876
-420881
-420886
420927
420932
420937
-421086
421090
-421091
-421096
421100
421137
421142
421147
421148
-421296
-421301
-421306
421320
421329
421330
421334
421339
421340
421513
-421519
-421521
421524
-421531
421547
421558
421559
421570
421571
421580
421581
421825
-421833
421836
-421849
421853
421855
-421861
421865
421873
421880
421883
421891
421898
421901
421903
421906
421914
421918
421919
421931
421932
-424721
-424733
-424741
-424748
-424751
-424759
-424766
-424769
-424784
-425011
-425014
-425024
-425028
-425029
-425042
-425043
-425083
425090
-425092
425104
-425107
-425110
425116
-425119
-425278
-425281
-425291
-425292
-425295
-425296
425328
425338
-425341
-425344
425350
-425353
-425512
-425513
-425518
-425524
-425525
425547
425552
425557
-425574
-425721
-425726
-425731
425772
425777
425782
-425931
-425936
-425941
425982
425987
425992
-426141
426145
-426146
-426151
426155
426192
426197
426202
426203
-426351
-426356
-426361
426375
426384
426385
426389
426394
426395
426568
-426574
-426576
426579
-426586
426602
426613
426614
426625
426626
426635
426636
426880
-426888
426891
-426904
426908
426910
-426916
426920
426928
426935
426938
426946
426953
426956
426958
426961
426969
426973
426974
426986
426987
-429776
-429788
-429796
-429803
-429806
-429814
-429821
-429824
-429839
-430066
-430069
-430079
-430083
-430084
-430097
-430098
-430138
430145
-430147
430159
-430162
-430165
430171
-430174
-430333
-430336
-430346
-430347
-430350
-430351
430383
430393
-430396
-430399
430405
-430408
-430567
-430568
-430573
-430579
-430580
430602
430607
430612
-430629
-430776
-430781
-430786
430827
430832
430837
-430986
-430991
-430996
431037
431042
431047
-431196
431200
-431201
-431206
431210
431247
431252
431257
431258
-431406
-431411
-431416
431430
431439
431440
431444
431449
431450
431623
-431629
-431631
431634
-431641
431657
431668
431669
431680
431681
431690
431691
431935
-431943
431946
-431959
431963
431965
-431971
431975
431983
431990
431993
432001
432008
432011
432013
432016
432024
432028
432029
432041
432042
-434831
-434843
-434851
-434858
-434861
-434869
-434876
-434879
-434894
-435121
-435124
-435134
-435138
-435139
-435152
-435153
-435193
435200
-435202
435214
-435217
-435220
435226
-435229
-435388
-435391
-435401
-435402
-435405
-435406
435438
435448
-435451
-435454
435460
-435463
-435622
-435623
-435628
-435634
-435635
435657
435662
435667
-435684
-435831
-435836
-435841
435882
435887
435892
-436041
-436046
-436051
436092
436097
436102
-436251
436255
-436256
-436261
436265
436302
436307
436312
436313
-436461
-436466
-436471
436485
436494
436495
436499
436504
436505
436678
-436684
-436686
436689
-436696
436712
436723
436724
436735
436736
436745
436746
436990
-436998
437001
-437014
437018
437020
-437026
437030
437038
437045
437048
437056
437063
437066
437068
437071
437079
437083
437084
437096
437097
-439886
-439898
-439906
-439913
-439916
-439924
-439931
-439934
-439949
-440176
-440179
-440189
-440193
-440194
-440207
-440208
-440248
440255
-440257
440269
-440272
-440275
440281
-440284
-440443
-440446
-440456
-440457
-440460
-440461
440493
440503
-440506
-440509
440515
-440518
-440677
-440678
-440683
-440689
-440690
440712
440717
440722
-440739
-440886
-440891
-440896
440937
440942
440947
-441096
-441101
-441106
441147
441152
441157
-441306
441310
-441311
-441316
441320
441357
441362
441367
441368
-441516
-441521
-441526
441540
441549
441550
441554
441559
441560
441733
-441739
-441741
441744
-441751
441767
441778
441779
441790
441791
441800
441801
442045
-442053
442056
-442069
442073
442075
-442081
442085
442093
442100
442103
442111
442118
442121
442123
442126
442134
442138
442139
442151
442152
-444941
-444953
-444961
-444968
-444971
-444979
-444986
-444989
-445004
-445231
-445234
-445244
-445248
-445249
-445262
-445263
-445303
445310
-445312
445324
-445327
-445330
445336
-445339
-445498
-445501
-445511
-445512
-445515
-445516
445548
445558
-445561
-445564
445570
-445573
-445732
-445733
-445738
-445744
-445745
445767
445772
445777
-445794
-445941
-445946
-445951
445992
445997
446002
-446151
-446156
-446161
446202
446207
446212
-446361
446365
-446366
-446371
446375
446412
446417
446422
446423
-446571
-446576
-446581
446595
446604
446605
446609
446614
446615
446788
-446794
-446796
446799
-446806
446822
446833
446834
446845
446846
446855
446856
447100
-447108
447111
-447124
447128
447130
-447136
447140
447148
447155
447158
447166
447173
447176
447178
447181
447189
447193
447194
447206
447207
-449996
-450008
-450016
-450023
-450026
-450034
-450041
-450044
-450059
-450286
-450289
-450299
-450303
-450304
-450317
-450318
-450358
450365
-450367
450379
-450382
-450385
450391
-450394
-450553
-450556
-450566
-450567
-450570
-450571
450603
450613
-450616
-450619
450625
-450628
-450787
-450788
-450793
-450799
-450800
450822
450827
450832
-450849
-450996
-451001
-451006
451047
451052
451057
-451206
-451211
-451216
451257
451262
451267
-451416
451420
-451421
-451426
451430
451467
451472
451477
451478
-451626
-451631
-451636
451650
451659
451660
451664
451669
451670
451843
-451849
-451851
451854
-451861
451877
451888
451889
451900
451901
451910
451911
452155
-452163
452166
-452179
452183
452185
-452191
452195
452203
452210
452213
452221
452228
452231
452233
452236
452244
452248
452249
452261
452262
-456866
-456878
-456886
-456892
-456894
-456901
-456907
-456909
-456923
-457126
-457129
-457139
-457142
-457143
-457154
-457155
-457192
457199
-457201
457210
-457213
-457216
457221
-457223
-457519
-457522
-457532
-457533
-457535
-457536
457643
457651
-457654
-457657
457662
-457664
-458020
-458021
-458026
-458030
-458031
458160
458165
458168
-458183
-458538
-458543
-458547
458697
458702
458706
-459063
-459068
-459072
459222
459227
459231
-459588
459592
-459593
-459597
459600
459747
459752
459756
459757
-460101
-460106
-460109
460123
460239
460240
460244
460247
460248
460543
-460549
-460551
460554
-460559
460573
460659
460660
460667
460668
460676
460677
460870
-460878
460881
-460890
460894
460896
-460899
460902
460909
460915
460917
460924
460930
460932
460933
460935
460942
460944
460945
460955
460956
463757
463759
463760
463775
463777
463778
463793
463795
463796
463811
463813
463814
464036
464038
464039
464054
464056
464057
464072
464074
464075
464090
464092
464093
464108
464110
464111
464126
464128
464129
464423
464425
464426
464441
464443
464444
464459
464461
464462
464477
464479
464480
464495
464497
464498
464513
464515
464516
464531
464533
464534
464549
464551
464552
464846
464848
464849
464864
464866
464867
464882
464884
464885
464900
464902
464903
464918
464920
464921
464936
464938
464939
464954
464956
464957
464972
464974
464975
465257
465259
465260
465272
465274
465275
465290
465292
465293
465308
465310
465311
465326
465328
465329
465344
465346
465347
465362
465364
465365
465380
465382
465383
465590
465592
465593
465605
465607
465608
465623
465625
465626
465641
465643
465644
465659
465661
465662
465677
465679
465680
465803
465805
465806
465818
465820
465821
465833
465835
465836
465848
465850
465851
)


// ************************************************************************* //
