/*--------------------------------*- C++ -*----------------------------------*\
| =========                 |                                                 |
| \\      /  F ield         | OpenFOAM: The Open Source CFD Toolbox           |
|  \\    /   O peration     | Version:  2606                                  |
|   \\  /    A nd           | Website:  www.openfoam.com                      |
|    \\/     M anipulation  |                                                 |
\*---------------------------------------------------------------------------*/
FoamFile
{
    version     2.0;
    format      ascii;
    arch        "LSB;label=32;scalar=64";
    class       vectorField;
    location    "constant/cell5/polyMesh";
    object      points;
}
// * * * * * * * * * * * * * * * * * * * * * * * * * * * * * * * * * * * * * //


13138
(
(0.018097808 0.0012056036 -9.962821e-49)
(0.02 0.001 -2.361522e-54)
(0.02190591 0.001197915 -1.4792688e-49)
(0.014158112 0.0031498623 1.4647117e-43)
(0.015950834 0.0029224042 -6.8327584e-44)
(0.01798111 0.0029743657 4.9379014e-43)
(0.020001597 0.0030034807 1.3513451e-41)
(0.022023895 0.0029772937 6.4005701e-41)
(0.024049713 0.0029210218 -1.9385223e-43)
(0.025836108 0.0031539269 1.6465178e-44)
(0.012315977 0.0052975932 -1.2316455e-40)
(0.013876911 0.0048957514 1.202261e-37)
(0.015923292 0.0049149472 6.4433397e-38)
(0.017967984 0.0049479976 -1.6317376e-37)
(0.020001878 0.004970415 -2.8505635e-37)
(0.022035893 0.0049492287 -3.9220824e-37)
(0.024075665 0.0049125604 -7.012316e-38)
(0.02611645 0.0048903478 6.25397e-38)
(0.027673387 0.0053043808 3.1327873e-41)
(0.011625666 0.0066936153 1.850063e-37)
(0.013926463 0.0069540121 -5.6814208e-34)
(0.015942938 0.0069504645 -2.1278519e-34)
(0.017971603 0.0069613313 3.5269669e-34)
(0.020001305 0.0069693398 5.6415448e-34)
(0.02203055 0.0069615513 5.4411032e-34)
(0.024056787 0.0069492051 -1.484539e-34)
(0.026071511 0.0069516984 -5.7264659e-34)
(0.028374264 0.0066934456 1.6365164e-37)
(0.012027017 0.0089994085 1.2452067e-34)
(0.013981715 0.0089871084 1.1032375e-30)
(0.015967546 0.0089826684 1.2876263e-30)
(0.017978356 0.0089847126 -9.2853255e-31)
(0.020000613 0.0089862444 -6.429227e-31)
(0.022022496 0.008985105 -1.0773794e-30)
(0.024032334 0.0089829492 1.4099769e-30)
(0.026017653 0.0089876599 1.0555435e-30)
(0.027972936 0.0090001102 1.0480045e-34)
(0.012026782 0.010996447 -3.8215544e-32)
(0.013981119 0.011007026 1.0082766e-27)
(0.015966915 0.011012653 -2.7630896e-27)
(0.017977667 0.011011453 -1.6032468e-27)
(0.019999936 0.011010784 4.6903945e-27)
(0.022022095 0.011012466 -2.102015e-27)
(0.024032559 0.011015014 -2.5725807e-27)
(0.026018293 0.011011367 8.2891369e-28)
(0.027977977 0.010999543 -7.0515657e-31)
(0.011632434 0.013301077 2.2882563e-27)
(0.0139254 0.013040441 9.608441e-25)
(0.015941227 0.013045342 -2.9026196e-24)
(0.017969559 0.013035162 1.0997419e-23)
(0.019999379 0.013028107 2.1407066e-23)
(0.022029122 0.013036093 9.2145078e-24)
(0.024057635 0.013047686 -3.4283793e-24)
(0.026072472 0.013045705 -1.317864e-25)
(0.028367194 0.013302298 6.2645578e-26)
(0.012315979 0.014702406 -1.539034e-20)
(0.013873795 0.015101873 3.9560876e-21)
(0.015920151 0.015081881 1.3729863e-21)
(0.01796445 0.015048791 2.0318512e-20)
(0.019998872 0.015028208 2.3174421e-20)
(0.022032698 0.015049317 1.8238472e-20)
(0.024078669 0.015081952 4.8960439e-22)
(0.026123087 0.01510326 -6.3138922e-22)
(0.027673387 0.014695619 -1.2322481e-21)
(0.014158186 0.016850061 1.2304419e-16)
(0.015947923 0.017075273 5.4160572e-17)
(0.017976435 0.017023423 5.5392933e-17)
(0.019998848 0.016997632 5.3356424e-18)
(0.02201894 0.017025194 4.6596587e-17)
(0.024049309 0.017078451 3.0390027e-17)
(0.025836108 0.016846073 2.1507649e-17)
(0.018097808 0.018794396 9.8090708e-12)
(0.02 0.018999999 1.5587375e-17)
(0.02190591 0.018802085 7.2290722e-12)
(0.018074428 0.0012125145 0.0018858266)
(0.020001381 0.0010000453 0.0016576429)
(0.021907608 0.0012083261 0.0019184771)
(0.014163395 0.0031534198 0.0018804348)
(0.015955181 0.0029130489 0.0017742255)
(0.017978764 0.0029699853 0.0018675532)
(0.020002684 0.0030047354 0.0018512966)
(0.022029722 0.002973532 0.0019504953)
(0.0240563 0.0029201046 0.0019955)
(0.025845279 0.0031605374 0.0020011532)
(0.012359959 0.005252046 0.0019290977)
(0.013869195 0.0048853428 0.0018468671)
(0.015921452 0.004909303 0.0018966759)
(0.01796638 0.0049446955 0.0019288953)
(0.020002741 0.0049697167 0.0019428702)
(0.022040144 0.0049466789 0.0019777129)
(0.024081375 0.0049093888 0.0019956883)
(0.026133434 0.0048899191 0.001999461)
(0.027667203 0.0052957261 0.0019952357)
(0.01160335 0.0067730116 0.0019786986)
(0.013919495 0.0069585154 0.0019426332)
(0.015941187 0.0069499293 0.0019520458)
(0.017971145 0.0069604748 0.0019655135)
(0.020001784 0.0069689851 0.0019754831)
(0.022032311 0.0069608412 0.0019883703)
(0.024059711 0.0069485445 0.0019968979)
(0.026078186 0.0069523657 0.0020006902)
(0.028380308 0.0067295925 0.0020096005)
(0.012030477 0.0089993754 0.0018344748)
(0.013981306 0.0089880873 0.0019280179)
(0.015967196 0.0089826186 0.0019635485)
(0.017978319 0.00898459 0.0019787428)
(0.020000865 0.0089861809 0.001987116)
(0.022023079 0.0089849577 0.0019937908)
(0.024033052 0.0089827751 0.001997754)
(0.026017763 0.0089875081 0.0019998446)
(0.027968725 0.0089994187 0.0020002566)
(0.012030308 0.01099506 0.0018347033)
(0.01398091 0.01100736 0.0019290095)
(0.015966517 0.0110131 0.0019656068)
(0.017977576 0.011011725 0.0019825957)
(0.020000099 0.011010933 0.0019913032)
(0.022022516 0.011012692 0.0019957609)
(0.024033048 0.011015402 0.0019977893)
(0.026017586 0.011012458 0.0019990701)
(0.02796805 0.011000449 0.001999935)
(0.01161348 0.013253902 0.0019818565)
(0.013919022 0.013040457 0.0019439746)
(0.015939384 0.013046676 0.0019587833)
(0.01796903 0.013036245 0.0019815728)
(0.019999563 0.013028566 0.0019921436)
(0.022030291 0.013036963 0.0019959602)
(0.024060139 0.013049057 0.001996357)
(0.026078461 0.013049831 0.0019965176)
(0.028361648 0.013319987 0.0020011433)
(0.012353492 0.014737553 0.0019618941)
(0.013867676 0.01511267 0.0017990691)
(0.015918352 0.015087672 0.00191104)
(0.017963108 0.015052389 0.0019751874)
(0.019999052 0.015028923 0.0019926026)
(0.02203483 0.015052291 0.0019957255)
(0.024083707 0.015084459 0.0019920889)
(0.026142437 0.015102558 0.0019841257)
(0.027680707 0.014682558 0.0019958674)
(0.014153798 0.016838703 0.0017960893)
(0.015949368 0.017082883 0.0019529373)
(0.017978632 0.017029566 0.0019898917)
(0.019998479 0.016995686 0.0019976009)
(0.022015477 0.017031697 0.0019973757)
(0.024044541 0.017086529 0.0019941315)
(0.025851606 0.016834269 0.0019818645)
(0.01809827 0.018793045 0.0020004593)
(0.019997736 0.018999925 0.0019998055)
(0.021943276 0.018783357 0.0019957564)
(0.018077532 0.0012117908 0.0039668552)
(0.019999626 0.0010000123 0.0039480407)
(0.021930855 0.0012137465 0.0039788138)
(0.014160585 0.0031557257 0.0039667912)
(0.015954721 0.0029127298 0.0039453531)
(0.017979649 0.0029691615 0.0039438197)
(0.020003195 0.0030051026 0.0039434386)
(0.022037243 0.00297532 0.003977592)
(0.024054529 0.0029181253 0.003996282)
(0.025839535 0.0031558231 0.0039990183)
(0.012325467 0.0053075136 0.0039861897)
(0.013868491 0.0048856112 0.0039583203)
(0.015922433 0.0049069919 0.0039475749)
(0.017966711 0.0049438582 0.0039518557)
(0.020003538 0.0049696597 0.0039622733)
(0.022042816 0.0049466083 0.0039834243)
(0.024082579 0.0049081077 0.0039959407)
(0.026125471 0.0048792187 0.0040002886)
(0.027654088 0.0052746349 0.0039922594)
(0.011629344 0.0067039479 0.0040016836)
(0.013921729 0.0069509312 0.0039690675)
(0.015941777 0.0069476105 0.0039644506)
(0.017971383 0.006959796 0.0039690572)
(0.02000233 0.0069688436 0.00397722)
(0.02203336 0.0069606864 0.0039883296)
(0.024060748 0.0069481043 0.0039965051)
(0.026079047 0.0069527713 0.0040005418)
(0.028389275 0.0067534166 0.0040106195)
(0.012031877 0.0089976531 0.0039533787)
(0.013982193 0.0089864564 0.003958093)
(0.015967595 0.0089818561 0.0039691545)
(0.017978562 0.0089843654 0.0039778981)
(0.020001163 0.00898615 0.0039854519)
(0.022023467 0.008984878 0.0039925261)
(0.024033381 0.0089824155 0.0039971146)
(0.026017787 0.0089868223 0.0039996178)
(0.027968509 0.0089981663 0.0040004934)
(0.012030527 0.01099619 0.0039538576)
(0.013980846 0.011007635 0.003959426)
(0.015966477 0.011013255 0.003971729)
(0.017977659 0.011011912 0.0039819391)
(0.020000336 0.011011033 0.0039896545)
(0.022022857 0.011012634 0.0039946069)
(0.024033423 0.011014954 0.0039972732)
(0.026017993 0.01101068 0.0039987221)
(0.02796899 0.010997291 0.0039993351)
(0.011612293 0.013250749 0.0040046658)
(0.013917565 0.013039917 0.0039735284)
(0.015938747 0.013046994 0.0039727147)
(0.017968919 0.013036747 0.0039835529)
(0.01999997 0.013028782 0.0039914923)
(0.022031143 0.013037076 0.0039954447)
(0.024061477 0.013048356 0.0039968274)
(0.026081422 0.013043598 0.0039969849)
(0.028390079 0.013244448 0.0039878889)
(0.012348409 0.01472938 0.0039820646)
(0.013858081 0.015104324 0.003960972)
(0.015917929 0.015088136 0.003963823)
(0.017963185 0.0150534 0.0039832542)
(0.019999786 0.015029076 0.0039933936)
(0.022036985 0.015052544 0.0039965837)
(0.024084971 0.015086087 0.0039967122)
(0.026136677 0.015108265 0.0039961653)
(0.027657436 0.014719981 0.0040008091)
(0.014155788 0.016840337 0.0039594159)
(0.015953878 0.017086683 0.0039831964)
(0.01797533 0.017029392 0.0039940876)
(0.019999229 0.016995175 0.0039982035)
(0.022018865 0.017030347 0.0039998731)
(0.024058205 0.017078528 0.0039997283)
(0.025835207 0.016847728 0.0039974859)
(0.018047582 0.018781226 0.0040019288)
(0.019998675 0.018999956 0.0040004389)
(0.021909365 0.018791264 0.0040006421)
(0.018096756 0.0012073083 0.0060000164)
(0.019998174 0.0010000598 0.0059953626)
(0.021912941 0.0012095696 0.0059940484)
(0.014153796 0.0031612971 0.0059954449)
(0.015949964 0.0029153944 0.0059934967)
(0.017982088 0.0029684697 0.005987321)
(0.020002395 0.0030053557 0.0059861416)
(0.022034697 0.0029746664 0.0059945298)
(0.024059631 0.0029214172 0.0059995071)
(0.025840203 0.0031563718 0.0059990864)
(0.012339685 0.0052846485 0.0060006032)
(0.013864075 0.0048912521 0.0059928165)
(0.015922334 0.0049067122 0.0059838083)
(0.017965945 0.004944253 0.00598087)
(0.020003219 0.0049699636 0.0059838053)
(0.022043315 0.004946999 0.0059923872)
(0.024084418 0.0049091111 0.0059979914)
(0.026126067 0.004879145 0.0060010205)
(0.027657255 0.0052797279 0.0060039307)
(0.011608368 0.0067596793 0.0059981785)
(0.013921434 0.0069526118 0.0059893908)
(0.015942048 0.0069471738 0.005983244)
(0.017971271 0.0069597487 0.0059827772)
(0.02000226 0.006968947 0.0059864701)
(0.022033497 0.006960626 0.0059925894)
(0.024060758 0.0069470886 0.005997512)
(0.026077272 0.0069477361 0.0059996436)
(0.028367197 0.0066947572 0.0060020932)
(0.012031107 0.0090013598 0.0059919784)
(0.013982809 0.0089865274 0.0059850498)
(0.015968069 0.008981691 0.0059835472)
(0.017978745 0.0089843661 0.0059856277)
(0.020001207 0.0089862352 0.0059896262)
(0.022023407 0.0089848495 0.0059942911)
(0.024033098 0.0089819812 0.0059976569)
(0.026017 0.0089856319 0.0059995559)
(0.027967701 0.0089973315 0.0060002438)
(0.012030508 0.01099608 0.0059920225)
(0.013981152 0.011007755 0.0059860001)
(0.015966782 0.011013485 0.005985338)
(0.017977829 0.011012124 0.0059881865)
(0.020000442 0.011011211 0.0059922055)
(0.022022808 0.011012839 0.0059955792)
(0.024033024 0.011015355 0.0059977668)
(0.02601713 0.011011513 0.0059990801)
(0.027968144 0.010999273 0.0059997647)
(0.011621673 0.013275672 0.006007173)
(0.013917996 0.013041137 0.0059926928)
(0.015938921 0.013047723 0.0059884974)
(0.017968913 0.013037069 0.0059906895)
(0.020000199 0.013028982 0.0059940503)
(0.022031454 0.013037452 0.0059964292)
(0.024060884 0.013049905 0.0059978345)
(0.026078396 0.013049673 0.0059988362)
(0.028372411 0.013291391 0.0060016565)
(0.012361831 0.014750964 0.0060086596)
(0.013863453 0.015108461 0.0059966309)
(0.015918136 0.015089032 0.0059917896)
(0.017962786 0.015053408 0.0059933871)
(0.020000528 0.015029008 0.0059961216)
(0.022038799 0.015052312 0.0059974203)
(0.024085474 0.01508677 0.0059982143)
(0.026134992 0.015111516 0.0059989914)
(0.02764517 0.014739706 0.0059887261)
(0.014165918 0.01684865 0.0059951239)
(0.015949416 0.017084279 0.0059981562)
(0.017978232 0.017030145 0.0059984119)
(0.020001509 0.016994748 0.0059990935)
(0.022028249 0.017027086 0.0059983395)
(0.024060626 0.017077176 0.0059992548)
(0.025839366 0.016844314 0.0060008518)
(0.018094533 0.018792173 0.0059976965)
(0.020006767 0.018999778 0.0060031301)
(0.021903652 0.018792596 0.0060050956)
(0.018092296 0.0012083483 0.0080058712)
(0.019998414 0.0010000519 0.0079995116)
(0.021932893 0.0012142218 0.0080032949)
(0.014147243 0.0031666748 0.0080022723)
(0.01594816 0.0029161694 0.0079991332)
(0.017967069 0.0029745226 0.0079965835)
(0.020000475 0.0030060675 0.0079967495)
(0.022038346 0.0029764036 0.0079977469)
(0.024062633 0.0029225949 0.0079997991)
(0.025839189 0.0031555398 0.0079993405)
(0.012322912 0.0053116218 0.0080051938)
(0.013881077 0.0048701289 0.007994699)
(0.015922419 0.0049049425 0.0079945774)
(0.017962931 0.0049453286 0.0079932099)
(0.020001801 0.0049704289 0.007993783)
(0.022042766 0.004947186 0.0079966221)
(0.024082883 0.0049079293 0.0079989647)
(0.026121915 0.004876278 0.0079994492)
(0.027672402 0.0053040871 0.0079981654)
(0.011633846 0.0066919855 0.0079920293)
(0.01392642 0.0069433922 0.0079955896)
(0.015943016 0.006944917 0.0079928338)
(0.017970588 0.0069596809 0.0079919072)
(0.020001545 0.0069691187 0.007993255)
(0.022032856 0.0069606402 0.0079960854)
(0.024059987 0.0069466522 0.0079988518)
(0.026076601 0.0069474411 0.0080010126)
(0.028370094 0.0067024527 0.008010337)
(0.012032272 0.0089988194 0.0079982476)
(0.013984135 0.0089851186 0.0079951371)
(0.015968725 0.0089810711 0.0079925409)
(0.017978773 0.0089843549 0.0079923601)
(0.020000917 0.0089863742 0.0079940046)
(0.022022958 0.0089849275 0.0079965125)
(0.024032555 0.0089819141 0.0079986278)
(0.026016599 0.0089857297 0.0080001048)
(0.027967998 0.0089995517 0.0080008666)
(0.012030902 0.010998177 0.0079986446)
(0.013982244 0.011009334 0.0079956729)
(0.015967417 0.011014168 0.0079935065)
(0.017978013 0.011012456 0.007993626)
(0.020000302 0.011011486 0.0079952316)
(0.022022385 0.01101317 0.007997063)
(0.024032403 0.011015719 0.00799841)
(0.026016895 0.011011421 0.0079990937)
(0.027968392 0.010999472 0.0079997801)
(0.011602268 0.013224114 0.0079954896)
(0.013919239 0.013042571 0.0079976668)
(0.015939337 0.013048637 0.0079955357)
(0.017968787 0.013037435 0.0079953836)
(0.019999956 0.013029329 0.007996465)
(0.022030721 0.01303813 0.007997561)
(0.024059427 0.013051027 0.0079981704)
(0.026078085 0.013048463 0.0079973934)
(0.02837775 0.013277204 0.007983043)
(0.01233781 0.014712335 0.0079946975)
(0.013867193 0.015113261 0.0080041282)
(0.015916977 0.015089273 0.0079984622)
(0.017961045 0.015053078 0.0079974108)
(0.019999778 0.015029212 0.0079978056)
(0.022037196 0.015053392 0.0079980714)
(0.024080794 0.015090532 0.0079983665)
(0.026125349 0.015121185 0.0079988601)
(0.027660638 0.014714831 0.0080021852)
(0.014146369 0.016832607 0.0079985214)
(0.015937055 0.017076723 0.007998193)
(0.017968553 0.01702653 0.0079986218)
(0.019999837 0.016994547 0.0079990758)
(0.02202377 0.017028865 0.0079974903)
(0.024050734 0.017084345 0.0079982783)
(0.025841658 0.016842434 0.008001737)
(0.018067176 0.018785794 0.008000337)
(0.020002977 0.018999902 0.0079994811)
(0.02191073 0.018790946 0.0080019566)
(0.018063474 0.0012150688 0.0100007)
(0.019996891 0.0010001018 0.01000012)
(0.021939075 0.0012156632 0.0099981777)
(0.014155908 0.0031595641 0.010001034)
(0.015939887 0.0029219801 0.0099999686)
(0.017972577 0.0029719632 0.0099987501)
(0.019998754 0.0030054855 0.0099990981)
(0.022026298 0.0029717412 0.009998891)
(0.024049033 0.0029151264 0.010000496)
(0.025846593 0.0031616157 0.0099994271)
(0.012353833 0.0052618966 0.010001611)
(0.013865688 0.0048856791 0.0099996057)
(0.015919099 0.0049077306 0.0099979809)
(0.017962535 0.0049456264 0.0099973617)
(0.020000183 0.0049703472 0.0099975982)
(0.022038841 0.0049463099 0.0099986489)
(0.024080713 0.004907916 0.0099997735)
(0.026130342 0.004883639 0.0099995041)
(0.027683245 0.0053215242 0.0099916115)
(0.011623398 0.006719745 0.010001287)
(0.013924796 0.0069467033 0.0099990544)
(0.015942024 0.0069459171 0.0099972235)
(0.017969895 0.0069599979 0.0099964363)
(0.020000588 0.0069692556 0.0099968908)
(0.02203144 0.0069605601 0.0099981583)
(0.024059172 0.0069465986 0.0099995678)
(0.026076652 0.0069473604 0.010000429)
(0.028377833 0.0067230155 0.010000692)
(0.012031941 0.0089998546 0.0099999096)
(0.013984444 0.0089855769 0.0099986733)
(0.015968834 0.0089814459 0.0099969113)
(0.017978649 0.0089846154 0.0099963326)
(0.020000499 0.0089865756 0.0099969197)
(0.022022334 0.0089850575 0.0099981728)
(0.024031991 0.0089819512 0.0099994003)
(0.026016057 0.0089853682 0.01000028)
(0.027967618 0.0089981772 0.010000518)
(0.012031273 0.01099827 0.0099997429)
(0.013983384 0.011011149 0.0099986397)
(0.015968167 0.011015117 0.009997193)
(0.017978341 0.011012956 0.0099968213)
(0.020000211 0.011011815 0.0099974191)
(0.022021986 0.011013525 0.0099984042)
(0.024031822 0.011016297 0.0099993304)
(0.026016283 0.011012627 0.0099999908)
(0.027967602 0.011003342 0.010000514)
(0.011603907 0.013228466 0.010001455)
(0.013921605 0.013046843 0.0099989009)
(0.015941023 0.013050646 0.0099979191)
(0.017969754 0.013038278 0.0099976733)
(0.02000006 0.013029795 0.0099981005)
(0.022030233 0.013038766 0.009998777)
(0.024058268 0.013052448 0.0099995102)
(0.026076308 0.013052058 0.0099999027)
(0.028369374 0.013299461 0.0099968096)
(0.012349307 0.014730824 0.010001761)
(0.013874017 0.015119411 0.0099981144)
(0.015921533 0.015092784 0.0099987102)
(0.017964216 0.015054617 0.0099986125)
(0.020000183 0.015029795 0.0099988727)
(0.022036367 0.015054298 0.009999331)
(0.024078431 0.0150928 0.010000313)
(0.026122061 0.015124497 0.01000414)
(0.027664591 0.014708475 0.0099967166)
(0.0141722 0.016853806 0.010000112)
(0.015949751 0.017083344 0.0099983514)
(0.017982443 0.017031578 0.0099989953)
(0.020000542 0.016995156 0.0099995359)
(0.022024671 0.017028749 0.0099999449)
(0.024049759 0.017084393 0.010001686)
(0.02583522 0.016847717 0.010002343)
(0.018091562 0.01879148 0.0099978364)
(0.020000209 0.018999993 0.0099996308)
(0.021921991 0.01878832 0.0099985671)
(0.018069665 0.0012136252 0.012001415)
(0.019997311 0.0010000881 0.011999863)
(0.021920365 0.0012113007 0.011999638)
(0.014149508 0.0031648166 0.012001015)
(0.015944325 0.0029185556 0.011997923)
(0.01797145 0.002972388 0.011998461)
(0.019997638 0.0030055417 0.011999635)
(0.022022654 0.0029708325 0.012000728)
(0.024059491 0.0029229788 0.012001111)
(0.025838441 0.0031549257 0.011999197)
(0.012303998 0.0053420392 0.01200261)
(0.01386149 0.0048924428 0.011999905)
(0.015918174 0.0049091471 0.011998891)
(0.017960835 0.0049464863 0.011998642)
(0.019999011 0.0049706579 0.011998968)
(0.022037449 0.0049466791 0.011999597)
(0.024083677 0.0049111612 0.012000473)
(0.026132708 0.0048872548 0.01200354)
(0.027647086 0.0052633752 0.012000753)
(0.011629953 0.0067023308 0.012001571)
(0.013924219 0.0069456686 0.012000241)
(0.015941514 0.0069458608 0.011999001)
(0.017969186 0.0069602891 0.011998425)
(0.019999856 0.0069694997 0.011998586)
(0.022030773 0.0069608445 0.011999219)
(0.024059349 0.0069468535 0.012000139)
(0.026075611 0.0069438846 0.012001039)
(0.028360657 0.0066773804 0.01200097)
(0.01203248 0.008998141 0.012000095)
(0.013984795 0.0089844301 0.011999798)
(0.015968825 0.0089811117 0.011998777)
(0.017978424 0.0089846629 0.011998309)
(0.020000134 0.0089867495 0.011998504)
(0.022021978 0.0089852755 0.011999148)
(0.024031822 0.0089820152 0.011999925)
(0.026015731 0.0089846282 0.012000585)
(0.02796726 0.0089975583 0.012000428)
(0.012031747 0.011000203 0.011999901)
(0.013983808 0.01101179 0.011999398)
(0.015968312 0.011015367 0.011998678)
(0.017978346 0.011013094 0.011998415)
(0.020000144 0.011011963 0.011998671)
(0.022021906 0.011013608 0.011999226)
(0.024031857 0.011016041 0.011999886)
(0.026016579 0.011011689 0.012000619)
(0.027968683 0.010998822 0.01200066)
(0.011609126 0.013242335 0.011998284)
(0.01392231 0.013048611 0.011999398)
(0.015940907 0.013050985 0.011998783)
(0.017969632 0.013038296 0.011998719)
(0.020000083 0.01302985 0.01199899)
(0.022030474 0.013038675 0.011999425)
(0.024058685 0.013051532 0.012000032)
(0.026077673 0.013048 0.012001334)
(0.028394541 0.013232592 0.012007431)
(0.012330602 0.014700744 0.01200691)
(0.013879509 0.01512518 0.012001273)
(0.015920047 0.015091919 0.011998769)
(0.017963042 0.015053867 0.011999047)
(0.020000094 0.01502963 0.011999392)
(0.022037271 0.015054059 0.011999714)
(0.024079061 0.01509265 0.011999769)
(0.026119662 0.015126514 0.011999392)
(0.027640285 0.014747562 0.011988534)
(0.014153054 0.016838093 0.012001018)
(0.015944386 0.017081112 0.011997271)
(0.01797039 0.017026967 0.011999262)
(0.01999983 0.016994747 0.011999803)
(0.022029085 0.017027234 0.012000022)
(0.024052693 0.017082616 0.012000306)
(0.025853582 0.016832648 0.012001793)
(0.01806989 0.018786427 0.012002209)
(0.019998269 0.018999943 0.012000048)
(0.021921986 0.018788321 0.011999744)
(0.018075082 0.001212362 0.01399948)
(0.01999392 0.0010001991 0.013999399)
(0.021910707 0.0012090488 0.013997509)
(0.014155802 0.0031596507 0.014000265)
(0.015941622 0.0029202811 0.013999759)
(0.017964059 0.0029753933 0.013999497)
(0.019997327 0.0030060264 0.013999491)
(0.022030505 0.0029740518 0.013998645)
(0.024055758 0.0029185274 0.013998579)
(0.025845814 0.0031609765 0.014002497)
(0.012349883 0.0052682488 0.013999667)
(0.013875366 0.0048770557 0.014000521)
(0.015916809 0.0049091399 0.014000244)
(0.017959158 0.0049473156 0.013999587)
(0.019998641 0.0049709541 0.013999354)
(0.0220386 0.0049474409 0.013999105)
(0.024084528 0.004912069 0.013998857)
(0.026135297 0.0048857195 0.013999189)
(0.027660955 0.0052856779 0.01398919)
(0.01166586 0.0066069284 0.014005166)
(0.013927871 0.0069360835 0.014000956)
(0.01594169 0.0069441409 0.013999902)
(0.017968753 0.0069602144 0.013999376)
(0.01999951 0.0069696442 0.013999279)
(0.022030692 0.0069613462 0.01399944)
(0.024059723 0.0069484982 0.014000011)
(0.026077405 0.0069498561 0.014001569)
(0.028389206 0.0067532323 0.014006346)
(0.012034162 0.0089935252 0.014000714)
(0.013985431 0.0089818833 0.014000157)
(0.015968825 0.00898038 0.013999512)
(0.017978255 0.0089845556 0.013999205)
(0.019999903 0.0089868888 0.013999241)
(0.022021806 0.0089856586 0.013999537)
(0.024031909 0.0089828496 0.014000037)
(0.026016334 0.0089862633 0.01400077)
(0.027968291 0.0089987341 0.014000807)
(0.012031686 0.010999572 0.013999868)
(0.013983357 0.011010462 0.013999427)
(0.01596796 0.011014679 0.013999187)
(0.017978236 0.011012994 0.013999133)
(0.020000081 0.011012089 0.013999276)
(0.022021912 0.011013818 0.013999545)
(0.024032056 0.011015929 0.013999855)
(0.0260172 0.011010383 0.014000174)
(0.027969189 0.010997681 0.014000123)
(0.011617909 0.013265671 0.013996069)
(0.013920536 0.013046281 0.013998521)
(0.015939378 0.013049331 0.01399894)
(0.017969432 0.013037973 0.013999207)
(0.020000134 0.013029878 0.013999416)
(0.022030846 0.013038651 0.013999615)
(0.024059708 0.013050449 0.013999751)
(0.026079594 0.013044476 0.013999947)
(0.028392414 0.013238243 0.013996662)
(0.012355058 0.014740073 0.0140034)
(0.013860229 0.015106372 0.013996441)
(0.015913375 0.015085766 0.013998948)
(0.017962682 0.015053113 0.013999472)
(0.020000283 0.015029575 0.013999658)
(0.022037879 0.015053756 0.013999766)
(0.024083101 0.015089128 0.01399957)
(0.026136434 0.015110228 0.013999638)
(0.027679031 0.014685253 0.014000135)
(0.014154326 0.016839137 0.014000077)
(0.015933299 0.017072336 0.014000612)
(0.017976442 0.017028897 0.014000599)
(0.020000093 0.016994854 0.013999901)
(0.02202793 0.017027488 0.013999275)
(0.024057251 0.017079169 0.013998602)
(0.025847575 0.016837578 0.014001226)
(0.018079183 0.018788594 0.014002095)
(0.019997925 0.018999931 0.013999595)
(0.021931603 0.018786079 0.013995997)
(0.018094989 0.0012077203 0.016001774)
(0.019996825 0.001000104 0.015999515)
(0.021909699 0.0012088137 0.016005337)
(0.01415698 0.0031586843 0.015999706)
(0.015938849 0.0029230728 0.016001396)
(0.017971883 0.0029728396 0.016000645)
(0.019998415 0.0030051417 0.015999707)
(0.022024136 0.0029711394 0.015998998)
(0.024049049 0.0029146708 0.015999955)
(0.02585044 0.0031647725 0.016002988)
(0.012337178 0.0052886799 0.016004384)
(0.013859009 0.0048942458 0.016000673)
(0.015915169 0.0049116306 0.016001062)
(0.017961757 0.0049463004 0.016000046)
(0.019998796 0.0049701361 0.015999597)
(0.02203575 0.0049458687 0.015999038)
(0.024080286 0.0049092077 0.01599863)
(0.026133357 0.0048868005 0.015998519)
(0.027627632 0.0052320913 0.015988143)
(0.01161999 0.0067288012 0.015990365)
(0.013922715 0.0069483562 0.015998578)
(0.015940591 0.0069468685 0.015999736)
(0.017969216 0.0069603088 0.015999696)
(0.019999338 0.0069693791 0.015999575)
(0.02202962 0.0069610253 0.015999502)
(0.024058627 0.0069484655 0.015999692)
(0.026077474 0.0069503723 0.016000464)
(0.028369952 0.0067020764 0.016005284)
(0.012031801 0.0089999114 0.01599976)
(0.013984048 0.0089849668 0.015999347)
(0.015968401 0.0089814783 0.015999518)
(0.01797825 0.0089848369 0.01599953)
(0.019999714 0.0089869944 0.015999554)
(0.022021346 0.0089859763 0.015999642)
(0.02403154 0.0089837228 0.015999826)
(0.026016595 0.0089879754 0.016000113)
(0.027967966 0.0089976228 0.016000046)
(0.012031158 0.010999177 0.015999744)
(0.013982867 0.011010134 0.015999336)
(0.015968097 0.011015117 0.015999367)
(0.017978409 0.011013336 0.015999455)
(0.019999999 0.011012428 0.015999549)
(0.022021536 0.011014533 0.015999623)
(0.024031278 0.011017353 0.015999613)
(0.026016244 0.011012467 0.015999459)
(0.027968611 0.010997525 0.015999663)
(0.011610829 0.013246858 0.01599194)
(0.013920817 0.013044472 0.015998802)
(0.015940981 0.01305031 0.015999155)
(0.017970388 0.013038664 0.015999467)
(0.02000034 0.013030372 0.015999634)
(0.022030517 0.013039493 0.01599969)
(0.024057491 0.013053549 0.01599946)
(0.026076061 0.013050435 0.015998437)
(0.028381244 0.013267921 0.015985787)
(0.012319542 0.014682958 0.016007792)
(0.013876019 0.015122001 0.015999082)
(0.015920902 0.015091826 0.015998866)
(0.017965669 0.015054878 0.015999568)
(0.020001041 0.015030216 0.01599985)
(0.022037266 0.015054732 0.016000077)
(0.024076906 0.015095193 0.016000226)
(0.026111093 0.015134059 0.016001669)
(0.027664042 0.014709357 0.015996128)
(0.014152147 0.016837349 0.016000369)
(0.015943993 0.017079731 0.015998295)
(0.017981312 0.017030799 0.016000256)
(0.020001244 0.016995322 0.016000106)
(0.022025698 0.017028525 0.016001047)
(0.024053886 0.017082902 0.016001395)
(0.025854397 0.016831979 0.015999323)
(0.018087481 0.018790529 0.016002516)
(0.020001404 0.018999953 0.016000127)
(0.021907148 0.018791781 0.016001662)
(0.01806731 0.0012141743 0.018003659)
(0.01999702 0.0010000976 0.018001619)
(0.021939762 0.0012158235 0.017998466)
(0.014154253 0.0031609221 0.017999615)
(0.015937942 0.0029234109 0.017998214)
(0.017981249 0.0029685575 0.017998399)
(0.019998948 0.0030039253 0.017999947)
(0.022019176 0.0029689239 0.01799946)
(0.024054432 0.0029195582 0.01799837)
(0.025836883 0.003153647 0.017996697)
(0.01237442 0.0052287912 0.017999486)
(0.013884532 0.0048681403 0.01800165)
(0.015922611 0.0049056041 0.018000306)
(0.017966557 0.0049435987 0.017999693)
(0.019999127 0.0049688069 0.017999801)
(0.022032408 0.0049439177 0.017999565)
(0.024075539 0.004905575 0.017999461)
(0.026116186 0.0048707663 0.018002732)
(0.027670207 0.0053005563 0.018001931)
(0.011639029 0.0066782161 0.017995079)
(0.013925197 0.0069447888 0.017998634)
(0.015942588 0.0069454512 0.017999659)
(0.01797062 0.006959435 0.017999767)
(0.019999343 0.0069687657 0.017999776)
(0.022028398 0.0069605057 0.017999721)
(0.02405758 0.006949244 0.017999717)
(0.02607933 0.0069581734 0.017999686)
(0.0283964 0.0067723479 0.017994171)
(0.012032608 0.0089979575 0.017999621)
(0.013984094 0.0089854343 0.01799922)
(0.015968718 0.0089816904 0.017999592)
(0.017978506 0.0089848441 0.017999706)
(0.019999567 0.0089869092 0.017999738)
(0.022020844 0.0089860855 0.017999738)
(0.024031224 0.0089847055 0.017999738)
(0.026017245 0.0089910675 0.017999691)
(0.027969424 0.00900217 0.017999301)
(0.012032395 0.011001647 0.017999557)
(0.013983585 0.011012428 0.017999382)
(0.015968456 0.0110162 0.017999586)
(0.017978529 0.011013768 0.017999677)
(0.019999838 0.01101264 0.017999706)
(0.022021089 0.011014885 0.017999664)
(0.024030727 0.011018818 0.017999514)
(0.026014846 0.011016455 0.017999389)
(0.027967006 0.011000814 0.017999956)
(0.011636449 0.013314929 0.017997356)
(0.013923132 0.01305118 0.017999454)
(0.01594192 0.013052202 0.017999729)
(0.017970791 0.013039331 0.017999758)
(0.020000305 0.013030692 0.017999754)
(0.022029941 0.013039974 0.017999648)
(0.024057322 0.013055431 0.017999134)
(0.026072173 0.013062216 0.017998256)
(0.028346111 0.013361269 0.017993146)
(0.012369688 0.014763599 0.017998278)
(0.013871015 0.015116976 0.018001676)
(0.015922189 0.015092785 0.018000464)
(0.017966829 0.015055632 0.017999982)
(0.020001192 0.015030411 0.017999909)
(0.022037243 0.015054352 0.01799989)
(0.024081156 0.01509116 0.017998966)
(0.026134064 0.015114576 0.017995534)
(0.027694816 0.014659868 0.01799721)
(0.014154808 0.016839533 0.01800009)
(0.015948235 0.017082874 0.018002478)
(0.017985417 0.017032486 0.018000648)
(0.020001833 0.016995477 0.018000031)
(0.022027942 0.017027899 0.018000646)
(0.02405537 0.017081635 0.018001053)
(0.025848702 0.016836653 0.017999753)
(0.018107922 0.018795295 0.017999426)
(0.019996876 0.018999897 0.017999657)
(0.021937921 0.018784606 0.017999509)
(0.01806807 0.0012139971 0.019998341)
(0.019999662 0.0010000111 0.019999522)
(0.021918362 0.0012108336 0.019997911)
(0.014162906 0.0031538212 0.020001076)
(0.015945417 0.0029197931 0.019998987)
(0.017986221 0.0029664322 0.020000404)
(0.019998462 0.0030034476 0.020000236)
(0.022011628 0.0029662089 0.020001269)
(0.024049562 0.0029171118 0.020001569)
(0.025852898 0.0031667903 0.020002163)
(0.012341315 0.0052820272 0.019997602)
(0.013882822 0.004870606 0.020000295)
(0.015923776 0.004905169 0.019999847)
(0.017967216 0.0049431179 0.020000257)
(0.019998745 0.0049683034 0.020000169)
(0.022030719 0.0049430861 0.020000354)
(0.024076084 0.0049063831 0.020000033)
(0.026127348 0.0048801046 0.019999679)
(0.027657549 0.0052802015 0.019997831)
(0.011610977 0.0067527476 0.020001696)
(0.013923288 0.0069499394 0.020000579)
(0.015942337 0.0069465788 0.020000102)
(0.017970657 0.0069594785 0.020000069)
(0.019999031 0.0069684355 0.020000029)
(0.022027638 0.0069598021 0.020000049)
(0.024056931 0.0069477684 0.020000084)
(0.026077218 0.0069516352 0.020000595)
(0.028378632 0.0067251398 0.02000285)
(0.01203168 0.0090000581 0.019999916)
(0.013983518 0.0089867531 0.019999998)
(0.015968423 0.008982403 0.019999948)
(0.017978312 0.0089850378 0.019999934)
(0.019999287 0.0089867513 0.019999917)
(0.02202043 0.0089856377 0.019999903)
(0.024030828 0.0089838026 0.019999922)
(0.026016538 0.0089888751 0.020000051)
(0.027968111 0.0089984431 0.019999774)
(0.012031703 0.011000227 0.019999454)
(0.013983412 0.011012533 0.019999607)
(0.015968175 0.011016504 0.019999807)
(0.017978178 0.011013904 0.019999849)
(0.019999454 0.01101256 0.019999833)
(0.022020726 0.011014563 0.019999774)
(0.024030729 0.011018062 0.019999646)
(0.026015401 0.011014894 0.019999523)
(0.02796787 0.010999513 0.019999647)
(0.011617771 0.013265302 0.019995329)
(0.013922063 0.013048891 0.019999171)
(0.015940976 0.013051704 0.019999847)
(0.017969814 0.013039127 0.019999867)
(0.019999567 0.013030555 0.019999825)
(0.022029181 0.013039639 0.01999972)
(0.024057864 0.013053578 0.019999373)
(0.026075711 0.013054065 0.019998916)
(0.028377661 0.01327744 0.019993359)
(0.012330982 0.014701355 0.020011379)
(0.013863675 0.015109406 0.019998315)
(0.015918603 0.015090303 0.020000515)
(0.017963902 0.015054566 0.019999978)
(0.019999615 0.015030169 0.019999867)
(0.022035019 0.015054367 0.019999796)
(0.024081503 0.015089681 0.019999222)
(0.026134003 0.015113204 0.019999325)
(0.027674437 0.01469264 0.020000683)
(0.01414271 0.016829604 0.019999584)
(0.015944415 0.017080287 0.020001405)
(0.017977215 0.017029582 0.019999362)
(0.019999519 0.016995344 0.019999785)
(0.022022351 0.017029523 0.019999912)
(0.024053855 0.017081235 0.019999872)
(0.025861457 0.016826185 0.02000295)
(0.018063076 0.018784838 0.019999231)
(0.019998079 0.018999937 0.019999344)
(0.02191604 0.018789708 0.02000144)
(0.018063539 0.0012150536 0.022002132)
(0.019998433 0.0010000513 0.021999205)
(0.021932779 0.0012141952 0.022001579)
(0.014153688 0.0031613858 0.021999968)
(0.015950121 0.0029153669 0.022001013)
(0.017973679 0.0029713289 0.022001742)
(0.01999789 0.0030042954 0.022000292)
(0.022019121 0.0029689121 0.022000598)
(0.024052683 0.0029179155 0.022001092)
(0.025838698 0.0031551364 0.022000414)
(0.012327886 0.0053036236 0.022005249)
(0.013855448 0.0048998514 0.022001199)
(0.015916966 0.0049117417 0.022000316)
(0.017963018 0.0049453448 0.022000601)
(0.019998066 0.0049688424 0.022000268)
(0.022031923 0.0049433462 0.022000302)
(0.024077195 0.0049066603 0.021999355)
(0.026133188 0.0048862598 0.021997695)
(0.027658379 0.0052815354 0.022004825)
(0.011611066 0.006752511 0.022005943)
(0.013920342 0.0069526568 0.022001257)
(0.015940179 0.0069485985 0.022000406)
(0.017969287 0.0069602897 0.022000251)
(0.019998596 0.006968504 0.02200013)
(0.022027659 0.0069593713 0.022000094)
(0.024056711 0.0069468729 0.022000016)
(0.026077319 0.0069519557 0.022000732)
(0.028393307 0.0067641297 0.022009147)
(0.012031447 0.0090011104 0.022000169)
(0.013983031 0.0089874995 0.02200044)
(0.015967802 0.008983136 0.022000205)
(0.017977823 0.0089853401 0.022000089)
(0.019999014 0.0089866326 0.022000022)
(0.022020245 0.0089850648 0.021999993)
(0.02403054 0.008982782 0.022000021)
(0.026016222 0.0089877435 0.022000281)
(0.027968832 0.0090018405 0.022000339)
(0.012032383 0.01100195 0.022000073)
(0.013983474 0.011013525 0.022000226)
(0.015968008 0.011016989 0.022000061)
(0.017977854 0.011014056 0.021999976)
(0.019999159 0.011012426 0.021999932)
(0.022020493 0.011014115 0.021999904)
(0.024030628 0.01101721 0.021999867)
(0.026015748 0.011013337 0.021999822)
(0.027968089 0.010999064 0.021999688)
(0.01163706 0.013316553 0.022007899)
(0.013923149 0.013052837 0.022000855)
(0.015941091 0.013052713 0.022000045)
(0.017969162 0.013039203 0.021999917)
(0.019998964 0.013030454 0.021999899)
(0.022028547 0.013039487 0.021999907)
(0.024057129 0.013053405 0.021999859)
(0.026075363 0.013053182 0.021999713)
(0.028375598 0.013282923 0.021996084)
(0.012313829 0.014673772 0.022001482)
(0.013863802 0.015108937 0.021999399)
(0.015919416 0.015091397 0.021999679)
(0.017961847 0.015054138 0.021999924)
(0.019998506 0.015030047 0.021999933)
(0.022033598 0.015054729 0.022000089)
(0.024078076 0.015092549 0.022000227)
(0.026116808 0.015132609 0.022001787)
(0.027669866 0.014699991 0.022004014)
(0.014166813 0.016849385 0.022001187)
(0.015947473 0.017083685 0.021999494)
(0.017968195 0.017026402 0.022000482)
(0.019998414 0.016995086 0.021999974)
(0.022020623 0.017029785 0.022000439)
(0.024054405 0.017081774 0.022001173)
(0.025852964 0.016833155 0.022001109)
(0.018087466 0.018790525 0.021999907)
(0.020000552 0.018999981 0.021999634)
(0.021906698 0.018791886 0.021998179)
(0.018052878 0.0012175393 0.023997495)
(0.019998122 0.0010000615 0.023999751)
(0.021936371 0.0012150327 0.023998397)
(0.01415253 0.0031623362 0.023998263)
(0.01594831 0.0029173855 0.02400004)
(0.017976522 0.0029701956 0.024000099)
(0.019998724 0.0030046192 0.023999978)
(0.022023875 0.0029703545 0.024000418)
(0.024055849 0.0029188161 0.024000458)
(0.025852186 0.0031662058 0.024002145)
(0.012327788 0.0053037816 0.023996894)
(0.013872224 0.0048794293 0.023998919)
(0.015918214 0.0049096793 0.023999269)
(0.017962848 0.0049453166 0.024)
(0.019998404 0.004968934 0.024000066)
(0.022033127 0.004942977 0.024000163)
(0.024071752 0.0049002188 0.023999438)
(0.026102727 0.0048567611 0.023998894)
(0.027647881 0.0052646538 0.023996605)
(0.011625344 0.0067145746 0.023994135)
(0.013923797 0.0069461789 0.023999862)
(0.015940973 0.0069470237 0.024000006)
(0.01796922 0.0069600909 0.024000088)
(0.0199987 0.0069683337 0.024000063)
(0.022027764 0.0069585286 0.024000012)
(0.024054688 0.0069430867 0.023999754)
(0.026071748 0.0069407677 0.023999507)
(0.028357706 0.0066695395 0.023997143)
(0.012031892 0.0090007016 0.023999515)
(0.013983518 0.0089866323 0.024000238)
(0.015967993 0.0089827464 0.024000174)
(0.017977828 0.0089852405 0.024000099)
(0.019999084 0.0089864157 0.024000037)
(0.022020282 0.0089843916 0.023999995)
(0.02403007 0.0089811632 0.023999962)
(0.026015181 0.0089851299 0.024000044)
(0.027967396 0.0089984538 0.023999881)
(0.012031565 0.011000042 0.023999985)
(0.01398306 0.011012753 0.024000206)
(0.015967959 0.011016912 0.024000066)
(0.017977887 0.011014023 0.023999998)
(0.019999261 0.011012242 0.023999966)
(0.022020654 0.011013615 0.023999958)
(0.024030798 0.011016307 0.023999974)
(0.026016044 0.011012338 0.024000006)
(0.027968059 0.010999987 0.024000187)
(0.011617292 0.013264029 0.023993482)
(0.013921506 0.013048142 0.023999791)
(0.01594106 0.01305223 0.023999709)
(0.017969404 0.013039194 0.023999792)
(0.019999153 0.013030352 0.023999877)
(0.02202877 0.013039209 0.023999927)
(0.02405734 0.013052823 0.024000024)
(0.026075999 0.013051779 0.024000167)
(0.028371106 0.013294858 0.024003952)
(0.012352307 0.014735648 0.02399536)
(0.013878223 0.015124127 0.02399637)
(0.015920812 0.015092555 0.023998692)
(0.017963272 0.015054569 0.023999487)
(0.01999898 0.015030113 0.023999827)
(0.02203417 0.015054722 0.023999947)
(0.024078012 0.015092929 0.02400016)
(0.026121601 0.015124355 0.024000415)
(0.027659672 0.014716385 0.024003686)
(0.014159074 0.016843034 0.024001174)
(0.015946883 0.017081906 0.024000316)
(0.017978573 0.017030376 0.023999342)
(0.019999438 0.016995274 0.024000018)
(0.022021557 0.017029471 0.024000376)
(0.02405483 0.017081239 0.023999975)
(0.025848282 0.016836997 0.023996458)
(0.018056365 0.018783274 0.024001401)
(0.020000191 0.018999993 0.02400082)
(0.021909695 0.018791187 0.02399827)
(0.018072781 0.0012128985 0.026000123)
(0.019996832 0.0010001038 0.025999156)
(0.021940491 0.0012159934 0.026000833)
(0.0141573 0.0031584218 0.02599811)
(0.015945183 0.0029179051 0.025998543)
(0.017971534 0.0029723881 0.025999573)
(0.019998492 0.0030048389 0.025999802)
(0.022022838 0.0029700423 0.026000131)
(0.024055963 0.0029201057 0.026000212)
(0.025841289 0.0031572632 0.026001502)
(0.012349072 0.0052695539 0.026002958)
(0.013879069 0.004872733 0.026001485)
(0.015921109 0.0049060746 0.025999685)
(0.017962723 0.0049449377 0.025999866)
(0.019998903 0.0049691567 0.025999953)
(0.022034811 0.0049438556 0.026000017)
(0.02407652 0.0049044816 0.025999423)
(0.026127045 0.0048827854 0.025997373)
(0.027680217 0.0053166539 0.026001872)
(0.011618561 0.0067325965 0.026007524)
(0.013924226 0.0069479625 0.026001909)
(0.015941847 0.006946493 0.026000501)
(0.017969504 0.0069598911 0.026000139)
(0.01999923 0.0069684128 0.026000039)
(0.022028845 0.0069589655 0.025999978)
(0.024056603 0.0069449029 0.025999806)
(0.026075829 0.0069477705 0.025999888)
(0.028369052 0.0066996856 0.026000109)
(0.012031283 0.0090022863 0.026000599)
(0.013983581 0.008987833 0.026000869)
(0.015968314 0.0089829776 0.026000416)
(0.017978106 0.008985238 0.026000179)
(0.019999509 0.008986352 0.026000064)
(0.02202092 0.0089842698 0.026000009)
(0.024030863 0.0089811607 0.025999991)
(0.026016118 0.0089858065 0.026000105)
(0.027968027 0.0089999616 0.02600016)
(0.012032267 0.011001089 0.026000012)
(0.013983914 0.011014953 0.026000425)
(0.015968249 0.011017511 0.026000249)
(0.017978145 0.011014142 0.02600009)
(0.019999664 0.011012098 0.026000011)
(0.022021252 0.011013139 0.02599998)
(0.024031563 0.011015324 0.026000005)
(0.026016958 0.011010728 0.026000036)
(0.027968161 0.011000727 0.026000156)
(0.011626806 0.013289308 0.026001043)
(0.013923219 0.013054424 0.026000809)
(0.015941098 0.013053108 0.026000144)
(0.017969575 0.013039243 0.025999872)
(0.019999579 0.013030202 0.025999873)
(0.022029421 0.013038744 0.025999837)
(0.024058164 0.013051717 0.025999949)
(0.026076292 0.013050669 0.026000069)
(0.028360173 0.013323907 0.026005356)
(0.012328388 0.014697184 0.025978802)
(0.01386103 0.015105664 0.026000576)
(0.015918581 0.015090377 0.025999757)
(0.017962871 0.015054077 0.025999307)
(0.019999237 0.015030023 0.025999647)
(0.022034413 0.015054786 0.025999417)
(0.02407867 0.015092677 0.025999683)
(0.026117793 0.015129277 0.025998892)
(0.027665841 0.014706465 0.025997044)
(0.014153145 0.016838168 0.02600001)
(0.015945257 0.017081732 0.026000811)
(0.017974111 0.017028356 0.025997743)
(0.019998967 0.016995304 0.02599958)
(0.022016122 0.017031908 0.025998288)
(0.02405638 0.017079721 0.02599909)
(0.025835863 0.016847189 0.025998853)
(0.018071892 0.018786894 0.026001785)
(0.020001506 0.01899995 0.026000507)
(0.021909083 0.01879133 0.025994643)
(0.0180785 0.0012115651 0.027998204)
(0.019995859 0.0010001356 0.028000472)
(0.021926553 0.0012127434 0.028000892)
(0.014162378 0.0031542538 0.028000563)
(0.015945128 0.0029189524 0.02800054)
(0.017974992 0.0029712582 0.028000201)
(0.019999292 0.003005212 0.027999994)
(0.02202655 0.0029718397 0.028000194)
(0.024057138 0.0029204071 0.027998885)
(0.025854792 0.0031683449 0.027997011)
(0.012318234 0.0053191448 0.027989684)
(0.013878019 0.0048746481 0.028001202)
(0.015919903 0.0049069882 0.028000962)
(0.017962594 0.0049450582 0.028000228)
(0.019999908 0.0049696272 0.028000002)
(0.022037768 0.0049453835 0.027999931)
(0.024079042 0.0049062325 0.027999749)
(0.026118301 0.0048734251 0.028000287)
(0.027658816 0.0052822383 0.028001635)
(0.011625042 0.0067153775 0.027999269)
(0.013923119 0.0069505497 0.028000805)
(0.015941687 0.0069468594 0.028000528)
(0.017969737 0.0069599445 0.02800021)
(0.019999994 0.0069686505 0.028000058)
(0.022030238 0.0069595223 0.027999989)
(0.024057797 0.0069453202 0.027999912)
(0.026075775 0.0069464145 0.027999699)
(0.028363625 0.0066852662 0.027993394)
(0.012031491 0.0090004031 0.027999788)
(0.013983502 0.0089880203 0.028000443)
(0.015968508 0.0089828954 0.028000355)
(0.017978439 0.0089852161 0.028000211)
(0.020000069 0.0089863812 0.028000103)
(0.022021727 0.0089842472 0.028000054)
(0.024031639 0.0089808516 0.02800005)
(0.026016525 0.0089848791 0.028000063)
(0.027967894 0.0089989728 0.028000138)
(0.012031505 0.010997464 0.028000036)
(0.013983931 0.011014242 0.028000338)
(0.015968493 0.011017461 0.028000312)
(0.017978527 0.011014172 0.028000207)
(0.02000024 0.011011966 0.028000112)
(0.022022129 0.011012564 0.028000068)
(0.02403271 0.011013731 0.028000094)
(0.026018441 0.011007313 0.028000112)
(0.027969737 0.01099751 0.027999896)
(0.011612366 0.013250944 0.028002736)
(0.01392289 0.013052515 0.02800046)
(0.015941474 0.013053071 0.028000301)
(0.017970243 0.013039348 0.028000173)
(0.020000396 0.013029975 0.028000065)
(0.022030991 0.013037646 0.027999986)
(0.0240606 0.013048169 0.028000088)
(0.026081093 0.013039637 0.027999966)
(0.028395377 0.013230371 0.027996576)
(0.012325344 0.014692289 0.027996189)
(0.01386886 0.015113831 0.027995955)
(0.015920205 0.015091357 0.027999953)
(0.017964559 0.01505448 0.028000095)
(0.02000061 0.015029798 0.02799996)
(0.022037857 0.015053332 0.027999671)
(0.024082768 0.015089366 0.0280001)
(0.026128703 0.015118434 0.028000449)
(0.027702697 0.014647195 0.028005511)
(0.014156179 0.016840658 0.028000612)
(0.015949411 0.017083745 0.028000859)
(0.017977187 0.017030046 0.028000381)
(0.020000676 0.016995096 0.027999942)
(0.022028247 0.01702746 0.027998484)
(0.024055141 0.017080946 0.027999514)
(0.025835328 0.016847628 0.028000655)
(0.0180573 0.018783492 0.028000927)
(0.019999517 0.018999984 0.028000804)
(0.021926369 0.018787299 0.02799661)
(0.018082093 0.0012107273 0.029998291)
(0.020001261 0.0010000413 0.029999591)
(0.021927748 0.0012130221 0.029999899)
(0.014153016 0.0031619377 0.029998827)
(0.015944387 0.0029190046 0.030000345)
(0.017971088 0.0029727129 0.029999149)
(0.020000889 0.0030056624 0.029999614)
(0.022037603 0.0029758287 0.029998643)
(0.024050345 0.0029140611 0.029999041)
(0.025836128 0.0031530273 0.029999871)
(0.01233777 0.0052877288 0.029986452)
(0.01388416 0.0048684231 0.029999388)
(0.015920641 0.004906194 0.030000754)
(0.017962707 0.0049451102 0.029999936)
(0.020001094 0.0049699258 0.029999858)
(0.022040308 0.0049462616 0.029999751)
(0.024079965 0.0049067598 0.030000304)
(0.026130722 0.0048842465 0.030001943)
(0.027678682 0.005314185 0.029997632)
(0.01162598 0.0067128871 0.029989699)
(0.013925851 0.0069437075 0.029998886)
(0.015942491 0.006945254 0.030000063)
(0.017970205 0.0069597304 0.030000075)
(0.020000768 0.0069688209 0.030000022)
(0.022031333 0.0069599276 0.030000028)
(0.024058445 0.0069457155 0.030000315)
(0.026076197 0.0069471912 0.030000958)
(0.028377328 0.0067216743 0.030006978)
(0.012032865 0.0089961979 0.029999576)
(0.013984808 0.0089846533 0.029999861)
(0.015969056 0.0089819663 0.030000159)
(0.017978818 0.0089850838 0.030000176)
(0.02000054 0.0089865088 0.030000124)
(0.022022281 0.0089844442 0.030000117)
(0.02403201 0.0089810272 0.030000201)
(0.02601651 0.0089848819 0.030000329)
(0.027968241 0.0089996358 0.030000615)
(0.0120324 0.011000907 0.030000228)
(0.013984161 0.01101366 0.030000341)
(0.015968679 0.011017225 0.030000404)
(0.01797877 0.011014205 0.03000032)
(0.020000566 0.011012087 0.030000223)
(0.022022536 0.011012669 0.030000182)
(0.024033022 0.011013963 0.030000226)
(0.026018078 0.011008436 0.030000348)
(0.027969152 0.010998205 0.030000613)
(0.011630391 0.013298835 0.03000055)
(0.013923239 0.0130535 0.030000655)
(0.015941306 0.013053092 0.030000791)
(0.017970411 0.013039504 0.030000512)
(0.020000745 0.013030041 0.030000313)
(0.022031577 0.013037512 0.030000274)
(0.024061472 0.013048015 0.030000453)
(0.026080682 0.013042773 0.030001116)
(0.028387506 0.013251284 0.030003743)
(0.012326096 0.014693497 0.030000123)
(0.013861334 0.015107338 0.030003711)
(0.015918035 0.015089587 0.030001781)
(0.01796483 0.015054602 0.030000768)
(0.020001028 0.015029778 0.030000367)
(0.022038572 0.015052879 0.030000358)
(0.02408559 0.015086503 0.030000691)
(0.026139197 0.015107649 0.030001772)
(0.027669955 0.014699848 0.030002334)
(0.014152806 0.01683789 0.030000355)
(0.015946863 0.01708163 0.030000469)
(0.017981515 0.017030859 0.030000515)
(0.020001189 0.016995214 0.030000294)
(0.022026449 0.017028024 0.030000599)
(0.024058148 0.017078236 0.030000674)
(0.025838059 0.016845387 0.029998666)
(0.01808868 0.018790809 0.029998283)
(0.020000385 0.018999987 0.03000024)
(0.021933083 0.018785734 0.030003183)
(0.018109758 0.0012042767 0.031997684)
(0.019996732 0.001000107 0.031999943)
(0.021945018 0.0012170489 0.032002527)
(0.014153678 0.003161394 0.032005693)
(0.01594207 0.0029223282 0.031999309)
(0.017988219 0.0029665274 0.032000212)
(0.020001775 0.0030048974 0.031999873)
(0.022031085 0.002973292 0.032000081)
(0.024056384 0.0029197638 0.032001661)
(0.025845099 0.0031603899 0.03200009)
(0.012342543 0.0052800525 0.032003273)
(0.013871946 0.0048803327 0.032002803)
(0.015919476 0.0049081696 0.032000271)
(0.017965533 0.0049444444 0.032000041)
(0.020001797 0.0049697057 0.031999945)
(0.022039661 0.0049458226 0.031999883)
(0.02408009 0.0049063899 0.032000016)
(0.026121675 0.0048721364 0.031999483)
(0.027671963 0.0053033805 0.031993994)
(0.011628671 0.0067057362 0.031997673)
(0.013925733 0.0069424923 0.032000454)
(0.015942261 0.0069458085 0.032000195)
(0.017970836 0.00695993 0.032000091)
(0.020001159 0.0069690107 0.032000037)
(0.02203153 0.0069600859 0.032000038)
(0.024058491 0.0069455509 0.032000223)
(0.026074608 0.0069443646 0.032000678)
(0.028367824 0.0066964232 0.032008893)
(0.012032927 0.0089978652 0.032000168)
(0.013985091 0.0089843363 0.032000206)
(0.015969096 0.0089823802 0.032000207)
(0.017978984 0.0089854804 0.032000177)
(0.020000713 0.008986901 0.03200013)
(0.022022388 0.0089849666 0.032000107)
(0.024031976 0.0089816962 0.032000112)
(0.026016191 0.0089855217 0.032000086)
(0.027967922 0.0089987768 0.032000069)
(0.012032239 0.010999502 0.032000461)
(0.013984342 0.011013672 0.032000473)
(0.015968844 0.011017641 0.032000446)
(0.017978788 0.011014622 0.032000355)
(0.020000496 0.011012575 0.032000262)
(0.022022337 0.01101348 0.032000176)
(0.024032555 0.0110155 0.032000016)
(0.026017118 0.011011341 0.03199961)
(0.027968204 0.011000596 0.031999693)
(0.011631987 0.013303075 0.03199737)
(0.013924881 0.013055287 0.032000617)
(0.01594202 0.01305422 0.032000817)
(0.0179702 0.013039998 0.032000598)
(0.020000383 0.013030505 0.032000406)
(0.022031057 0.013038317 0.032000315)
(0.024060783 0.013049753 0.031999998)
(0.026079721 0.013046835 0.031998807)
(0.02837867 0.01327476 0.031992908)
(0.012340678 0.014716947 0.031998374)
(0.013875045 0.015124542 0.032002825)
(0.015920117 0.015092632 0.032001785)
(0.017963607 0.015054938 0.032000948)
(0.020000069 0.015030048 0.032000517)
(0.022037439 0.015053366 0.032000548)
(0.024084856 0.015086594 0.032000321)
(0.026138625 0.015107164 0.032000274)
(0.027686474 0.014673284 0.031997444)
(0.014159001 0.016842973 0.032000147)
(0.015944372 0.017081408 0.032001954)
(0.017974216 0.017028689 0.032001788)
(0.019999186 0.016995189 0.032000372)
(0.022021824 0.01702971 0.032000689)
(0.024053042 0.017081255 0.031998738)
(0.02584384 0.016840643 0.031998875)
(0.018065592 0.018785425 0.031998877)
(0.019998431 0.018999948 0.031999789)
(0.021922216 0.018788268 0.032001172)
(0.018080979 0.0012109871 0.034001024)
(0.0199991 0.0010000295 0.034000479)
(0.021904393 0.0012075765 0.034000666)
(0.014154876 0.0031604105 0.034001014)
(0.015946466 0.002917205 0.034001051)
(0.017975275 0.002971305 0.034000597)
(0.020001194 0.0030053559 0.034000159)
(0.022033022 0.0029742064 0.033999236)
(0.024056743 0.0029193553 0.033998904)
(0.02584277 0.0031584783 0.033999746)
(0.012350306 0.0052675694 0.034003092)
(0.013874594 0.0048794729 0.03399737)
(0.015920848 0.0049074496 0.034000052)
(0.017963848 0.0049453366 0.03400019)
(0.020001607 0.0049701227 0.034000019)
(0.022040376 0.0049464362 0.033999811)
(0.02408306 0.0049095715 0.03399996)
(0.026132297 0.0048845946 0.034001188)
(0.027651713 0.0052708165 0.034001832)
(0.011610513 0.0067539819 0.034000491)
(0.013920395 0.0069564355 0.033999827)
(0.015941032 0.0069495553 0.03399996)
(0.017970245 0.0069611752 0.034000041)
(0.020001126 0.0069695955 0.034000024)
(0.022031855 0.0069608186 0.033999991)
(0.024059758 0.0069477515 0.034000048)
(0.02607817 0.0069508258 0.034000122)
(0.028381129 0.0067317736 0.03400132)
(0.012031061 0.0090019607 0.03400006)
(0.013982898 0.0089901939 0.034000023)
(0.015968282 0.0089848558 0.034000077)
(0.017978667 0.0089865478 0.034000109)
(0.020000598 0.0089875639 0.034000103)
(0.022022334 0.0089858133 0.03400008)
(0.024032055 0.0089831785 0.034000027)
(0.026016507 0.0089875756 0.033999841)
(0.027968249 0.0090001587 0.033999568)
(0.012031704 0.010998628 0.034000581)
(0.013983782 0.011014219 0.034000526)
(0.015968592 0.01101837 0.034000348)
(0.017978571 0.011015231 0.034000282)
(0.020000186 0.011013254 0.034000246)
(0.02202178 0.011014681 0.034000207)
(0.024031581 0.011017787 0.034000108)
(0.026015766 0.011014935 0.033999852)
(0.02796726 0.011002858 0.034000264)
(0.011623962 0.013281751 0.034001479)
(0.013923559 0.013052459 0.034000718)
(0.01594189 0.013054172 0.034000426)
(0.017969848 0.013040324 0.034000418)
(0.019999807 0.013031126 0.03400039)
(0.022029984 0.013039752 0.034000434)
(0.024058575 0.013053281 0.034000447)
(0.026076248 0.013054211 0.034000531)
(0.028368824 0.013300922 0.03401306)
(0.01234702 0.014727146 0.034000819)
(0.013871628 0.015118723 0.033999493)
(0.015920657 0.015093226 0.033999986)
(0.017962859 0.015055095 0.034000493)
(0.019999124 0.015030429 0.034000484)
(0.022036098 0.015054519 0.034000768)
(0.024081136 0.015090099 0.034001169)
(0.026131764 0.01511728 0.034002572)
(0.027658102 0.014718909 0.033992757)
(0.014153713 0.016838634 0.033998021)
(0.015947108 0.017083218 0.033999446)
(0.017973408 0.017028404 0.034001047)
(0.019997591 0.016995176 0.034000392)
(0.022020575 0.017030483 0.034001067)
(0.024046559 0.017086336 0.034001269)
(0.025843768 0.016840702 0.034000354)
(0.018079348 0.018788632 0.034001622)
(0.019995588 0.018999855 0.03400035)
(0.021908241 0.018791526 0.034001046)
(0.018082814 0.0012105592 0.036003653)
(0.019998513 0.0010000487 0.035999663)
(0.021917698 0.0012106788 0.036004845)
(0.014163808 0.0031530802 0.036001338)
(0.015944149 0.0029188733 0.035999281)
(0.017967206 0.0029741214 0.035999201)
(0.020000397 0.0030055381 0.035999971)
(0.02202797 0.0029722987 0.036000489)
(0.024045997 0.0029128059 0.035999008)
(0.025844053 0.0031595313 0.036001567)
(0.012343277 0.0052788727 0.036003389)
(0.013861082 0.0048936589 0.035999485)
(0.015917754 0.004910352 0.035999701)
(0.017962156 0.0049462358 0.035999682)
(0.020000934 0.0049702988 0.035999933)
(0.022039101 0.0049459133 0.035999967)
(0.024079873 0.0049072719 0.035999711)
(0.026130304 0.0048854322 0.035997835)
(0.027667963 0.0052969486 0.036002481)
(0.01160905 0.0067578676 0.035996356)
(0.013918285 0.0069613319 0.035998815)
(0.015939893 0.0069517152 0.035999605)
(0.01796966 0.0069619376 0.035999846)
(0.020000767 0.0069698968 0.03599997)
(0.022031444 0.0069609017 0.035999998)
(0.02405906 0.0069472559 0.035999957)
(0.026076817 0.0069476368 0.036000016)
(0.028360557 0.0066771151 0.036003362)
(0.01203002 0.009005394 0.035999378)
(0.013981975 0.0089933489 0.035999572)
(0.015967798 0.0089862134 0.035999864)
(0.017978397 0.0089871795 0.035999993)
(0.020000355 0.0089879712 0.036000058)
(0.022022031 0.0089863077 0.036000075)
(0.024031691 0.0089837742 0.036000031)
(0.026016124 0.0089878855 0.035999937)
(0.027967334 0.00899784 0.035999848)
(0.012032087 0.011000141 0.036000565)
(0.013984076 0.011015981 0.03600064)
(0.015968552 0.011019283 0.03600026)
(0.017978424 0.011015702 0.036000191)
(0.019999863 0.01101374 0.036000201)
(0.022021211 0.011015576 0.036000203)
(0.024030628 0.011019511 0.036000137)
(0.026014586 0.011017547 0.035999992)
(0.027966713 0.011003896 0.035999954)
(0.011637605 0.013318 0.036011961)
(0.013924902 0.013056909 0.036001348)
(0.015941883 0.013054926 0.036000292)
(0.017969728 0.013040614 0.036000285)
(0.019999355 0.013031611 0.036000317)
(0.022029027 0.013040964 0.036000369)
(0.024056305 0.01305661 0.036000212)
(0.026072735 0.01306107 0.035999567)
(0.028356407 0.013333912 0.035995786)
(0.012345989 0.014725488 0.036006894)
(0.013868024 0.015114771 0.035994231)
(0.015919388 0.015092031 0.035999182)
(0.017962876 0.015055035 0.036000237)
(0.019998735 0.015030742 0.036000359)
(0.022035097 0.015055605 0.036000575)
(0.02407637 0.015095107 0.036000312)
(0.026119943 0.015126337 0.035996854)
(0.027655622 0.014722898 0.035999428)
(0.014146311 0.016832559 0.03600058)
(0.015945385 0.017081212 0.036001353)
(0.017976414 0.017029294 0.036000016)
(0.019997868 0.016995178 0.036000235)
(0.022027328 0.017027976 0.036000711)
(0.024052601 0.01708311 0.036000322)
(0.025839 0.016844615 0.03599915)
(0.018115916 0.018797159 0.035999095)
(0.019995064 0.018999838 0.036000383)
(0.021946709 0.018782557 0.035999791)
(0.018085767 0.0012098706 0.038002063)
(0.019999732 0.0010000088 0.037999047)
(0.021916548 0.0012104106 0.03799964)
(0.014153985 0.0031611422 0.03799956)
(0.015953533 0.002913879 0.038002004)
(0.017977708 0.0029703366 0.038000675)
(0.020002269 0.0030051912 0.037999981)
(0.022032541 0.0029740057 0.038000322)
(0.024061053 0.0029232436 0.038001264)
(0.025844587 0.0031599697 0.03800033)
(0.012346485 0.0052737141 0.037986467)
(0.013873185 0.00487965 0.038001767)
(0.015921714 0.0049070782 0.038000174)
(0.017964967 0.004944944 0.037999906)
(0.020001834 0.0049699939 0.037999992)
(0.022039781 0.0049462847 0.038000083)
(0.024083134 0.004909765 0.037999802)
(0.026130498 0.0048837532 0.037998626)
(0.027658207 0.005281259 0.037994248)
(0.011607057 0.0067631636 0.038001354)
(0.013921487 0.006954874 0.037999586)
(0.015941478 0.0069493335 0.037999736)
(0.017970491 0.0069611819 0.037999866)
(0.020000982 0.0069696817 0.037999985)
(0.022031438 0.0069610426 0.038000047)
(0.024059727 0.0069486197 0.037999999)
(0.026078872 0.006953585 0.038000118)
(0.028387976 0.0067499657 0.038002611)
(0.012030994 0.0090027988 0.037999976)
(0.013983097 0.0089902967 0.037999728)
(0.015968308 0.0089849764 0.03799983)
(0.01797858 0.0089867471 0.037999947)
(0.020000296 0.0089878527 0.038000041)
(0.022021876 0.0089863452 0.038000098)
(0.024031735 0.0089841439 0.038000104)
(0.026016623 0.0089891263 0.038000133)
(0.027968602 0.0090013575 0.038000076)
(0.012032383 0.011001621 0.038000286)
(0.013984235 0.011015471 0.03800028)
(0.01596862 0.011018845 0.038000092)
(0.017978424 0.011015518 0.038000108)
(0.019999729 0.011013718 0.038000165)
(0.022021015 0.011015612 0.038000232)
(0.024030587 0.011019506 0.038000309)
(0.026014576 0.011017572 0.0380004)
(0.027966545 0.011003035 0.038000364)
(0.011632848 0.013305361 0.038001579)
(0.013924659 0.013055513 0.038000558)
(0.015941921 0.013054537 0.038000181)
(0.01796989 0.013040578 0.038000262)
(0.019999233 0.01303168 0.038000284)
(0.022028664 0.013041057 0.038000414)
(0.024056521 0.013056494 0.03800067)
(0.02607241 0.013062221 0.038001196)
(0.028351045 0.013348158 0.038007359)
(0.012368906 0.014762341 0.037997709)
(0.013870178 0.015116623 0.038000987)
(0.015920068 0.015092339 0.038000188)
(0.017963862 0.015055386 0.038000569)
(0.019998617 0.015030972 0.038000348)
(0.02203391 0.015055801 0.03800059)
(0.024078358 0.015093194 0.038001037)
(0.026121788 0.015125878 0.038000712)
(0.027672599 0.014695596 0.037995184)
(0.014142863 0.016829729 0.038001692)
(0.015943005 0.017079737 0.038000325)
(0.017977995 0.017030421 0.03800138)
(0.019997631 0.016995625 0.038000178)
(0.022020792 0.017030498 0.038001471)
(0.024055201 0.017080618 0.038000177)
(0.025836227 0.01684689 0.037996758)
(0.018061057 0.018784368 0.037999343)
(0.019996333 0.018999879 0.037999126)
(0.021951431 0.018781456 0.037999962)
(0.018069432 0.0012136795 0.040004785)
(0.020004603 0.0010001507 0.040000035)
(0.021907367 0.00120827 0.039999045)
(0.014160507 0.0031557896 0.039999555)
(0.015953196 0.0029137825 0.040001229)
(0.017980104 0.0029690197 0.040000475)
(0.020002958 0.0030048219 0.040000065)
(0.022028796 0.002972309 0.040000221)
(0.024052473 0.0029168323 0.039997343)
(0.025843563 0.0031591294 0.040000354)
(0.012350002 0.0052680576 0.039997206)
(0.013873085 0.0048806114 0.039995292)
(0.015922375 0.004906556 0.039998957)
(0.017965885 0.004944308 0.039999854)
(0.020001566 0.004969418 0.040000067)
(0.022037871 0.0049451735 0.040000297)
(0.024078884 0.004906514 0.039999641)
(0.026123332 0.0048753983 0.040001352)
(0.027654453 0.0052752216 0.03999353)
(0.011634506 0.0066902342 0.039990851)
(0.013924467 0.0069454068 0.039998536)
(0.015942332 0.0069467581 0.039999313)
(0.017970734 0.0069603179 0.039999794)
(0.020000567 0.0069691047 0.04000001)
(0.022030286 0.0069601082 0.04000012)
(0.024057845 0.0069462997 0.039999988)
(0.02607598 0.0069472275 0.040000117)
(0.028378018 0.0067235076 0.03999802)
(0.012032859 0.0089970726 0.039999524)
(0.01398411 0.0089860979 0.039999572)
(0.01596858 0.0089832453 0.039999694)
(0.017978545 0.0089860066 0.03999989)
(0.020000026 0.0089873574 0.040000026)
(0.022021418 0.0089856203 0.040000093)
(0.024031223 0.008982725 0.040000076)
(0.026016053 0.0089865453 0.040000094)
(0.027968045 0.0089994964 0.040000132)
(0.012031818 0.01099975 0.039999688)
(0.013983538 0.011013079 0.039999707)
(0.015968328 0.01101766 0.039999823)
(0.017978258 0.011014946 0.039999996)
(0.019999644 0.011013267 0.040000103)
(0.022021092 0.011014765 0.040000171)
(0.024031163 0.011017461 0.040000227)
(0.026016042 0.01101328 0.040000202)
(0.027968265 0.010998993 0.039999969)
(0.011622758 0.013278552 0.03999684)
(0.013922343 0.013049873 0.039998732)
(0.015941382 0.013053077 0.039999583)
(0.017969716 0.013040097 0.040000063)
(0.019999309 0.01303129 0.040000168)
(0.022029092 0.013040077 0.040000265)
(0.024058333 0.013052745 0.040000521)
(0.02607767 0.013049519 0.040000465)
(0.028383018 0.013263207 0.039999904)
(0.012313095 0.014672591 0.039994012)
(0.013871887 0.01511947 0.039995565)
(0.015920464 0.015092231 0.039999246)
(0.017963619 0.015055204 0.040000224)
(0.01999878 0.015030813 0.040000155)
(0.022034232 0.015055336 0.040000207)
(0.024081173 0.015090326 0.040001213)
(0.026133932 0.015112758 0.040005559)
(0.027668534 0.014702133 0.039996945)
(0.014144765 0.016831291 0.039999648)
(0.015951543 0.017085601 0.039998125)
(0.017975974 0.017029712 0.039999953)
(0.019997898 0.016995638 0.039999917)
(0.022017244 0.017031578 0.040000065)
(0.024059297 0.017078012 0.039999346)
(0.025838771 0.016844803 0.040000387)
(0.018065995 0.018785519 0.039999216)
(0.019998501 0.01899995 0.039999307)
(0.02192708 0.018787133 0.040000771)
(0.018075208 0.0012123327 0.041997575)
(0.020003579 0.0010001172 0.042000243)
(0.021915165 0.0012100882 0.042000907)
(0.014160523 0.0031557764 0.042001109)
(0.015942029 0.0029218816 0.041999288)
(0.017978296 0.0029698782 0.041999086)
(0.020000912 0.0030043317 0.042000165)
(0.022020421 0.0029685305 0.04200258)
(0.024048452 0.0029142125 0.042002438)
(0.025852432 0.0031664081 0.041999886)
(0.012313288 0.0053270996 0.042007419)
(0.013880795 0.0048733924 0.041998796)
(0.015920039 0.0049077064 0.041999157)
(0.017963866 0.0049449843 0.041999773)
(0.019999685 0.0049688762 0.042000187)
(0.022033158 0.0049430124 0.042000887)
(0.024072695 0.0049019905 0.042000877)
(0.026117024 0.0048736025 0.042000536)
(0.027648356 0.0052654174 0.042000841)
(0.01160745 0.0067621201 0.041994164)
(0.013921719 0.0069535125 0.041999449)
(0.015941089 0.00694835 0.041999617)
(0.017969804 0.0069605125 0.041999868)
(0.019999503 0.0069686862 0.042000073)
(0.022028451 0.0069590695 0.042000246)
(0.024055838 0.006944623 0.042000059)
(0.026074582 0.0069448484 0.041999454)
(0.028364704 0.006688133 0.041995478)
(0.012031106 0.0090014517 0.041999774)
(0.013982962 0.0089884671 0.041999799)
(0.015967963 0.0089837285 0.041999855)
(0.017978051 0.0089858713 0.041999953)
(0.019999521 0.0089869576 0.042000041)
(0.022020812 0.008984917 0.042000073)
(0.024030696 0.0089818289 0.041999975)
(0.026015801 0.0089856792 0.041999808)
(0.02796766 0.0089986015 0.041999991)
(0.012032096 0.011000334 0.041999919)
(0.013983365 0.011013591 0.0419999)
(0.015967946 0.011017546 0.041999942)
(0.017977938 0.011014644 0.042000032)
(0.019999489 0.011012827 0.042000083)
(0.022021117 0.011014085 0.042000084)
(0.024031268 0.0110165 0.042000039)
(0.026016214 0.01101211 0.041999977)
(0.027968105 0.011000027 0.042000316)
(0.011643611 0.013333959 0.041992741)
(0.013923227 0.013053963 0.041999347)
(0.015940944 0.013053176 0.041999922)
(0.017969475 0.01303978 0.042000132)
(0.019999415 0.013030864 0.042000139)
(0.022029583 0.013039494 0.042000103)
(0.02405832 0.013052338 0.042000068)
(0.026076586 0.013050148 0.041999654)
(0.028382357 0.013264964 0.041999825)
(0.012320933 0.014685195 0.042012316)
(0.013859454 0.015103531 0.042000686)
(0.015918619 0.015090429 0.042000493)
(0.017963732 0.015054989 0.042000388)
(0.019999268 0.015030488 0.042000162)
(0.022035596 0.015055023 0.041999946)
(0.024079194 0.015092757 0.042000181)
(0.026118958 0.015127734 0.04199967)
(0.0276364 0.014753809 0.04200499)
(0.014156105 0.016840597 0.041999985)
(0.015946238 0.017081181 0.042000516)
(0.017977388 0.017029912 0.042000879)
(0.019998925 0.01699538 0.042000084)
(0.02202384 0.017029498 0.041999066)
(0.024055754 0.017079719 0.042000387)
(0.025840588 0.016843312 0.04199964)
(0.01807582 0.01878781 0.042000666)
(0.019997416 0.018999915 0.042000123)
(0.021941986 0.018783658 0.042000931)
(0.018084974 0.0012100557 0.043997117)
(0.019998576 0.0010000467 0.043999831)
(0.021916928 0.0012104993 0.043997893)
(0.014164605 0.0031524267 0.043999672)
(0.015938108 0.0029243811 0.043999766)
(0.017977078 0.0029707087 0.043999899)
(0.019999223 0.0030040122 0.044000107)
(0.022014217 0.0029668623 0.044000338)
(0.024055827 0.0029207531 0.044000411)
(0.025840036 0.0031562344 0.044000403)
(0.012331314 0.0052981116 0.044001447)
(0.013874391 0.0048780078 0.044003578)
(0.015917316 0.0049098613 0.044000347)
(0.017962889 0.0049455608 0.044000117)
(0.019998562 0.004968776 0.044000143)
(0.022031586 0.0049427312 0.044000447)
(0.024076095 0.0049051853 0.044000178)
(0.026122688 0.0048764318 0.043999852)
(0.027667211 0.0052957391 0.043992188)
(0.011619323 0.0067305731 0.044000687)
(0.013922266 0.0069511645 0.044001089)
(0.015940235 0.0069484752 0.044000295)
(0.017969125 0.0069606245 0.044000065)
(0.019998819 0.0069685608 0.044000067)
(0.022027881 0.0069591094 0.044000096)
(0.024056829 0.006946732 0.04399983)
(0.026077993 0.0069538778 0.043999348)
(0.028403583 0.0067914314 0.043994784)
(0.012031719 0.0089984556 0.044000088)
(0.013982952 0.0089879143 0.044000475)
(0.015967567 0.0089834837 0.04400019)
(0.017977627 0.0089856811 0.044000075)
(0.019999169 0.0089866948 0.044000051)
(0.022020614 0.008984747 0.044000004)
(0.024030895 0.0089822149 0.04399985)
(0.026016477 0.0089874907 0.043999691)
(0.02796915 0.009001603 0.044000063)
(0.01203194 0.011000707 0.044000609)
(0.013983373 0.011013679 0.044000365)
(0.015967603 0.01101726 0.044000141)
(0.017977541 0.011014231 0.044000109)
(0.019999374 0.011012386 0.0440001)
(0.022021307 0.011013588 0.044000049)
(0.024031681 0.011015977 0.043999917)
(0.026016547 0.011011863 0.043999638)
(0.027968672 0.010998138 0.043999863)
(0.01161957 0.013270082 0.044001142)
(0.013923377 0.013052551 0.044000442)
(0.015940509 0.013052613 0.044000119)
(0.0179688 0.013039111 0.044000187)
(0.019999376 0.013030246 0.044000184)
(0.022030374 0.013038645 0.044000157)
(0.024059778 0.013050745 0.044000031)
(0.02607835 0.01304835 0.04399897)
(0.028383242 0.013262612 0.043987188)
(0.012319496 0.014682885 0.043993328)
(0.013872929 0.015121456 0.044002402)
(0.015919251 0.015091404 0.044000144)
(0.01796248 0.015054146 0.04400037)
(0.019999232 0.015029794 0.044000292)
(0.022037345 0.015053831 0.044000344)
(0.024083722 0.015088377 0.044001001)
(0.026137041 0.015109795 0.044002171)
(0.02766414 0.014709199 0.043997953)
(0.014154459 0.016839246 0.043998181)
(0.01595032 0.017084449 0.043999603)
(0.017976506 0.017029755 0.044000617)
(0.019998914 0.016994999 0.044000326)
(0.022025894 0.017028524 0.044000423)
(0.024056492 0.017079893 0.044001719)
(0.025842191 0.016841996 0.043998619)
(0.018067477 0.018785865 0.044000546)
(0.020000716 0.018999976 0.044000089)
(0.021934586 0.018785383 0.043997544)
(0.018078389 0.001211591 0.04599924)
(0.019999124 0.0010000287 0.046000247)
(0.021923668 0.0012120708 0.045998142)
(0.014155907 0.0031595644 0.04600037)
(0.015946225 0.0029185013 0.046000803)
(0.017978298 0.0029703239 0.045998889)
(0.020000459 0.0030040488 0.045999993)
(0.022022245 0.0029696571 0.046000627)
(0.024051975 0.0029174305 0.046000176)
(0.025840221 0.0031563865 0.04600005)
(0.012346861 0.0052731095 0.046003105)
(0.013856136 0.0048985507 0.045996465)
(0.015915425 0.0049129473 0.045999454)
(0.017963613 0.004945686 0.045999707)
(0.019998923 0.0049687776 0.045999938)
(0.022032985 0.0049430084 0.046000052)
(0.024077065 0.0049056001 0.0459995)
(0.026126785 0.0048802624 0.045998274)
(0.027676528 0.0053107214 0.046012071)
(0.011630069 0.0067020212 0.046008872)
(0.013922192 0.0069473679 0.046001054)
(0.015939788 0.0069481878 0.046000139)
(0.017969035 0.0069605317 0.045999958)
(0.019998732 0.0069683861 0.045999964)
(0.022027934 0.0069587366 0.045999902)
(0.02405648 0.006945162 0.04599957)
(0.026075104 0.0069452975 0.045999152)
(0.028371764 0.0067068912 0.045997381)
(0.012032325 0.0089980442 0.046000808)
(0.013983534 0.008985907 0.046000632)
(0.01596744 0.0089828296 0.046000204)
(0.017977434 0.0089853647 0.046000074)
(0.019999021 0.0089864118 0.04600003)
(0.022020523 0.0089843522 0.045999943)
(0.024030638 0.0089814573 0.04599975)
(0.026015505 0.0089854409 0.045999515)
(0.027967439 0.0089980119 0.04599972)
(0.012032379 0.011001514 0.045999821)
(0.013983234 0.011013321 0.046000144)
(0.015967024 0.01101655 0.046000073)
(0.017977072 0.011013722 0.04600011)
(0.01999921 0.01101199 0.046000113)
(0.022021411 0.011013214 0.046000057)
(0.024031776 0.011015725 0.045999966)
(0.026016432 0.011012148 0.045999866)
(0.027967984 0.011002147 0.045999929)
(0.011624589 0.013283418 0.045991489)
(0.01392036 0.013049504 0.045999339)
(0.015937996 0.013050253 0.045999781)
(0.017967191 0.013037921 0.046000166)
(0.019998954 0.013029637 0.046000203)
(0.022030693 0.013038183 0.046000181)
(0.02406002 0.013050543 0.046000201)
(0.02607848 0.013048417 0.046000124)
(0.028377409 0.013278111 0.045998102)
(0.012353975 0.01473833 0.045999031)
(0.013846656 0.015090399 0.045994987)
(0.01591053 0.015084067 0.045999277)
(0.017957291 0.015051379 0.046000485)
(0.019997979 0.015028896 0.04600033)
(0.022037923 0.015053259 0.04600026)
(0.024082766 0.015089027 0.046000729)
(0.026135912 0.015112225 0.046002025)
(0.027650827 0.014730609 0.045998343)
(0.014163914 0.016847006 0.045998066)
(0.015938465 0.017077747 0.046001734)
(0.017962476 0.01702405 0.046001976)
(0.019996418 0.01699414 0.046000414)
(0.022026713 0.017027971 0.046000268)
(0.024043054 0.017089095 0.046001224)
(0.025837398 0.01684593 0.045999419)
(0.018068931 0.018786204 0.045999427)
(0.019995867 0.018999864 0.046000309)
(0.021917292 0.018789416 0.046005795)
(0.018074586 0.0012124777 0.047999607)
(0.019999914 0.0010000029 0.048000264)
(0.021893462 0.0012050278 0.048001278)
(0.01415493 0.0031603668 0.048000149)
(0.01594438 0.00292098 0.04799881)
(0.017982262 0.0029684446 0.047999018)
(0.019999464 0.0030037155 0.047999712)
(0.022012605 0.0029662342 0.047998487)
(0.024053929 0.0029186319 0.047999194)
(0.025845773 0.0031609428 0.048001516)
(0.012325585 0.0053073242 0.048003576)
(0.013878892 0.0048748047 0.047998767)
(0.015918017 0.0049098872 0.047999663)
(0.017963613 0.0049453497 0.047999641)
(0.019998412 0.0049685651 0.047999763)
(0.022031507 0.0049422058 0.047999466)
(0.024075581 0.0049042319 0.047999242)
(0.026121992 0.0048737179 0.047998101)
(0.027689117 0.0053309658 0.048003243)
(0.011615655 0.0067403185 0.047994938)
(0.013922915 0.0069487219 0.047999208)
(0.015940425 0.0069477963 0.047999716)
(0.017969023 0.0069603651 0.047999878)
(0.019998532 0.0069681946 0.047999921)
(0.022027563 0.0069583108 0.04799978)
(0.024056032 0.0069449731 0.047999519)
(0.02607609 0.0069497895 0.047999127)
(0.028381468 0.0067326741 0.047996932)
(0.012031391 0.0090014623 0.047999557)
(0.013983235 0.0089868826 0.047999957)
(0.015967543 0.0089829061 0.047999993)
(0.017977482 0.0089852872 0.048000053)
(0.019999015 0.0089862333 0.048000064)
(0.022020481 0.0089840466 0.04799997)
(0.024030536 0.0089813195 0.047999779)
(0.026015845 0.0089869791 0.047999544)
(0.02796861 0.0090009753 0.047999636)
(0.012031619 0.010999113 0.047999566)
(0.013982934 0.01101234 0.048000184)
(0.015967271 0.011016444 0.048000092)
(0.017977322 0.011013707 0.048000135)
(0.019999428 0.011011867 0.048000162)
(0.022021648 0.011012987 0.048000103)
(0.02403197 0.011015629 0.047999997)
(0.026016275 0.011012907 0.047999993)
(0.027967498 0.011002532 0.047999632)
(0.011616625 0.013262259 0.04800191)
(0.01392165 0.01304884 0.048000632)
(0.015939287 0.013050932 0.048000068)
(0.017967927 0.013038228 0.048000171)
(0.019999388 0.013029609 0.048000211)
(0.02203127 0.013037913 0.048000171)
(0.02406081 0.013050339 0.048000057)
(0.02607828 0.013050326 0.048000394)
(0.028370766 0.013295761 0.04799784)
(0.01232915 0.014698409 0.047994292)
(0.013871675 0.015120111 0.047998851)
(0.015915076 0.015088464 0.047999708)
(0.017959092 0.015052379 0.048000312)
(0.019998589 0.015029007 0.048000275)
(0.022038712 0.015052859 0.048000195)
(0.024085181 0.015087462 0.047999605)
(0.026139022 0.015106251 0.047999308)
(0.027641057 0.01474632 0.047995232)
(0.014164973 0.016847875 0.047999001)
(0.015945236 0.017081618 0.047999539)
(0.017967878 0.017026369 0.048000611)
(0.019996736 0.016994354 0.048000376)
(0.022026196 0.017028086 0.048000544)
(0.024051988 0.017082615 0.047999738)
(0.025850861 0.01683488 0.048001534)
(0.018071177 0.018786727 0.048000868)
(0.019992563 0.018999756 0.048001545)
(0.021938446 0.018784483 0.047999285)
(0.018057941 0.0012163588 0.049995591)
(0.020003456 0.0010001132 0.050000459)
(0.02193882 0.0012156037 0.05000299)
(0.014161506 0.0031549696 0.050000997)
(0.015939437 0.0029209406 0.050001712)
(0.017963969 0.002975346 0.050000076)
(0.019998637 0.003004992 0.049999832)
(0.022022468 0.0029699763 0.049999111)
(0.024053101 0.0029178863 0.049998226)
(0.025851772 0.0031658664 0.049999456)
(0.012328393 0.0053028078 0.050004136)
(0.013879063 0.0048711492 0.049996809)
(0.015917838 0.0049088544 0.049999295)
(0.0179602 0.0049464099 0.05000006)
(0.019998057 0.0049691567 0.049999971)
(0.022033381 0.0049427517 0.049999652)
(0.024073661 0.0049013013 0.049999565)
(0.026106188 0.0048573233 0.049999069)
(0.027685475 0.0053251089 0.0500001)
(0.01161194 0.0067501891 0.049995406)
(0.013922866 0.0069505701 0.049999079)
(0.015940519 0.0069479 0.049999638)
(0.017968458 0.0069605794 0.050000077)
(0.019998538 0.0069682547 0.05000015)
(0.022027934 0.0069578181 0.050000026)
(0.024054659 0.0069419008 0.049999874)
(0.02607122 0.006939595 0.049999775)
(0.028362179 0.0066814235 0.049995148)
(0.01203104 0.0090027464 0.050000226)
(0.013983001 0.0089879718 0.04999985)
(0.015967738 0.0089832933 0.049999993)
(0.017977646 0.0089854634 0.05000021)
(0.019999221 0.0089861849 0.050000292)
(0.022020641 0.0089835307 0.050000214)
(0.024030157 0.0089797647 0.050000025)
(0.026014716 0.0089835983 0.049999823)
(0.027967278 0.0089970501 0.049999759)
(0.012031326 0.010998649 0.050000024)
(0.013983223 0.011012736 0.050000009)
(0.015968022 0.011017026 0.050000081)
(0.017978021 0.011014086 0.050000234)
(0.01999991 0.011011952 0.050000336)
(0.022021977 0.011012696 0.050000281)
(0.024032298 0.01101475 0.050000071)
(0.026016712 0.011011134 0.049999853)
(0.02796839 0.010998777 0.049999589)
(0.011613972 0.01325521 0.05000642)
(0.013923096 0.01304971 0.050000344)
(0.015941629 0.013052814 0.049999952)
(0.017969814 0.013039298 0.050000103)
(0.020000365 0.013029932 0.050000272)
(0.022031962 0.013037628 0.050000272)
(0.024062077 0.013048825 0.05)
(0.026080519 0.01304597 0.049999888)
(0.028384891 0.013258233 0.049996102)
(0.012349509 0.01473115 0.049987263)
(0.013871128 0.015118374 0.050000038)
(0.015921708 0.015093606 0.049999355)
(0.017963975 0.015054868 0.049999871)
(0.020000505 0.015029577 0.050000176)
(0.022040445 0.015052207 0.05000027)
(0.024089171 0.015083969 0.04999965)
(0.026144072 0.015101864 0.049999311)
(0.027649355 0.014732975 0.050004414)
(0.014163053 0.016846299 0.050000731)
(0.01594926 0.017083563 0.049999817)
(0.017979688 0.017030867 0.050000141)
(0.019999638 0.01699485 0.050000159)
(0.022031882 0.017025694 0.050000022)
(0.024063191 0.017075931 0.049998687)
(0.025858431 0.016828669 0.050002661)
(0.018076947 0.018788073 0.050000602)
(0.019995334 0.018999847 0.050000051)
(0.021912582 0.018790514 0.050001125)
(0.018072843 0.0012128841 0.052000524)
(0.019997694 0.0010000755 0.051999911)
(0.021922674 0.001211839 0.051998719)
(0.014163629 0.0031532271 0.052001572)
(0.015948417 0.0029162856 0.051999691)
(0.017968813 0.0029733847 0.052001256)
(0.019998762 0.0030052198 0.052000211)
(0.022027741 0.0029720944 0.052000808)
(0.024057079 0.0029203815 0.051998561)
(0.025846842 0.00316182 0.052000863)
(0.012329951 0.005300303 0.052006942)
(0.013865095 0.0048875648 0.051998861)
(0.015917997 0.0049095175 0.05199964)
(0.017961433 0.0049459988 0.052000617)
(0.01999905 0.0049694515 0.052000469)
(0.022036314 0.0049441167 0.052000415)
(0.024075679 0.0049022919 0.052000076)
(0.026095081 0.0048464978 0.051998202)
(0.02768936 0.0053313569 0.051999381)
(0.011649242 0.0066510814 0.051995989)
(0.013924388 0.0069449901 0.051999365)
(0.015941171 0.0069469641 0.052000032)
(0.017969133 0.0069603656 0.052000583)
(0.01999923 0.0069683955 0.052000686)
(0.02202934 0.0069580055 0.052000619)
(0.024055134 0.0069412799 0.052000459)
(0.026069895 0.0069359497 0.052000847)
(0.028369408 0.0067006308 0.052004944)
(0.012032689 0.0089983539 0.051999441)
(0.013983702 0.0089871964 0.05199989)
(0.015968233 0.0089832561 0.05200031)
(0.017978133 0.0089855267 0.052000674)
(0.019999687 0.0089862771 0.052000823)
(0.022021159 0.0089834613 0.052000747)
(0.024030363 0.0089793651 0.052000486)
(0.026014348 0.0089819663 0.05200022)
(0.027966935 0.0089963756 0.052000035)
(0.012032893 0.011003464 0.051999548)
(0.013984239 0.011014972 0.051999858)
(0.015968657 0.011017919 0.052000253)
(0.017978538 0.011014455 0.052000592)
(0.020000197 0.011012187 0.052000791)
(0.022021966 0.011012963 0.052000735)
(0.024032095 0.0110151 0.052000361)
(0.026016501 0.011011581 0.051999743)
(0.027967808 0.011000427 0.051999623)
(0.011647605 0.01334457 0.051995939)
(0.013926831 0.013059037 0.051999421)
(0.015942705 0.013054848 0.05199982)
(0.017970499 0.013039918 0.052000211)
(0.020000509 0.013030415 0.052000578)
(0.022030878 0.013038494 0.052000652)
(0.024060339 0.013050608 0.05200024)
(0.02607859 0.013049539 0.051999386)
(0.028371209 0.013294584 0.05199744)
(0.01232732 0.014695466 0.05198835)
(0.013870162 0.015117949 0.052002643)
(0.015921159 0.015093355 0.051998946)
(0.01796441 0.01505513 0.05199943)
(0.020000345 0.015030301 0.052000249)
(0.022036189 0.015054376 0.05200064)
(0.024082454 0.015089135 0.052000417)
(0.026129803 0.015115103 0.052001758)
(0.027649367 0.014732956 0.051998969)
(0.014158169 0.016842291 0.051999122)
(0.015942748 0.017079366 0.051997167)
(0.017976713 0.017029675 0.051998731)
(0.019999965 0.016995531 0.051999998)
(0.022016734 0.017032369 0.05200074)
(0.024056667 0.017078768 0.051999208)
(0.02584351 0.016840914 0.051996211)
(0.018072755 0.018787095 0.051996473)
(0.020002901 0.018999904 0.051999886)
(0.021935847 0.018785089 0.052000795)
(0.018074118 0.0012125869 0.054004259)
(0.019998464 0.0010000503 0.053997879)
(0.021903665 0.0012074067 0.054001017)
(0.014141283 0.0031715662 0.05399927)
(0.015952683 0.0029134898 0.054000987)
(0.017972267 0.0029718327 0.054001491)
(0.019999783 0.0030050336 0.054000247)
(0.02202733 0.0029721813 0.054000512)
(0.024055908 0.0029192815 0.053999776)
(0.025848616 0.0031632763 0.05399973)
(0.012332408 0.0052963516 0.053987299)
(0.01387413 0.0048776199 0.054000136)
(0.015922574 0.0049057854 0.054000462)
(0.017964348 0.0049445918 0.054001104)
(0.020000522 0.0049693698 0.054001056)
(0.022038435 0.0049452717 0.054000962)
(0.024082033 0.0049087741 0.054000231)
(0.026132311 0.0048852765 0.053998377)
(0.027662748 0.0052885613 0.054003387)
(0.011605495 0.0067673123 0.054008957)
(0.01392188 0.0069543635 0.05400139)
(0.015942022 0.0069478461 0.054001091)
(0.017970385 0.0069601681 0.05400145)
(0.020000289 0.0069685618 0.054001564)
(0.022030457 0.0069591685 0.054001427)
(0.02405824 0.0069451883 0.054000889)
(0.026076537 0.0069469139 0.054000193)
(0.028376765 0.0067201784 0.053998009)
(0.012030598 0.009004427 0.054000474)
(0.013982948 0.0089894368 0.054000737)
(0.015968416 0.0089836276 0.054001209)
(0.017978652 0.0089855854 0.054001616)
(0.020000225 0.0089865128 0.054001789)
(0.022021755 0.0089842091 0.054001672)
(0.024031503 0.0089808415 0.054001204)
(0.026016044 0.0089848945 0.054000477)
(0.027967842 0.0089984405 0.053999942)
(0.012031227 0.010999591 0.05399975)
(0.013983147 0.011012713 0.054000435)
(0.015968456 0.011017269 0.054001056)
(0.01797874 0.011014302 0.054001503)
(0.020000424 0.011012274 0.054001738)
(0.022022104 0.011013284 0.054001659)
(0.024032354 0.011015686 0.054001123)
(0.026016736 0.011012574 0.054000064)
(0.027967732 0.011000031 0.05399947)
(0.011612992 0.013252607 0.0540037)
(0.013922518 0.013048044 0.054000282)
(0.015941911 0.013052687 0.054000593)
(0.017970558 0.013039568 0.054001021)
(0.020000526 0.013030501 0.054001419)
(0.022030572 0.013038818 0.054001481)
(0.024060153 0.013051201 0.054000936)
(0.026077996 0.01305258 0.05399934)
(0.028358221 0.013329092 0.053992781)
(0.012348598 0.014729683 0.054005745)
(0.013881293 0.015127489 0.054000166)
(0.015921138 0.015093033 0.053999747)
(0.017964624 0.015054938 0.054000019)
(0.020000401 0.015030451 0.054000842)
(0.022035311 0.015054747 0.05400128)
(0.024083154 0.01508771 0.054001379)
(0.026147098 0.015097257 0.054003361)
(0.027665682 0.01470672 0.054005205)
(0.01415256 0.016837688 0.054001302)
(0.01594098 0.017078163 0.053998855)
(0.017979839 0.01703035 0.053998427)
(0.02000078 0.016995668 0.054000205)
(0.022019203 0.017031041 0.054001346)
(0.02404982 0.017083758 0.054000025)
(0.025847786 0.016837404 0.053999567)
(0.018097267 0.018792811 0.054000048)
(0.020003013 0.018999901 0.053999829)
(0.02190953 0.018791226 0.053999722)
(0.018057267 0.001216516 0.055999137)
(0.019998478 0.0010000499 0.055999312)
(0.021912843 0.0012095469 0.055996835)
(0.014150564 0.0031639497 0.056003097)
(0.015950675 0.002916498 0.05600005)
(0.017980074 0.0029688878 0.056000238)
(0.020001186 0.0030045368 0.056000894)
(0.022027191 0.0029716684 0.056001629)
(0.024049706 0.0029150845 0.056000475)
(0.025845326 0.0031605757 0.056000203)
(0.01230521 0.0053400898 0.055999543)
(0.013875906 0.0048745123 0.056001899)
(0.015923086 0.0049057387 0.05600097)
(0.017967024 0.0049435265 0.056001991)
(0.020001471 0.0049688721 0.056002398)
(0.022038028 0.0049444759 0.05600231)
(0.024078208 0.0049051495 0.056001069)
(0.026122072 0.0048756523 0.055998212)
(0.027654174 0.005274774 0.055995585)
(0.011623884 0.0067184561 0.056003639)
(0.013925129 0.0069463864 0.056001248)
(0.015942964 0.0069462929 0.056002143)
(0.01797144 0.0069598014 0.056002881)
(0.020000822 0.0069685987 0.056003139)
(0.022030465 0.0069592559 0.056003041)
(0.024057834 0.0069450276 0.056002315)
(0.026076204 0.0069472553 0.056001197)
(0.028379731 0.0067280576 0.056005508)
(0.012031784 0.0090017778 0.05600032)
(0.013983706 0.0089875234 0.056001439)
(0.015968714 0.0089831064 0.056002616)
(0.017979098 0.0089855792 0.056003173)
(0.020000474 0.0089868215 0.056003372)
(0.022021818 0.0089845201 0.056003323)
(0.024031817 0.0089810655 0.056002851)
(0.026016623 0.0089851637 0.056001728)
(0.027968222 0.0089992976 0.056000634)
(0.012031802 0.011001462 0.056000468)
(0.013983218 0.011013211 0.056001495)
(0.015968399 0.011017229 0.056002627)
(0.017978904 0.011014155 0.05600314)
(0.020000495 0.011012102 0.056003344)
(0.022022096 0.01101321 0.056003322)
(0.024032697 0.011015304 0.056002879)
(0.026017661 0.011010954 0.056001692)
(0.027968781 0.010997762 0.056000805)
(0.011621957 0.013276426 0.056006855)
(0.013922416 0.013049553 0.056000767)
(0.015941662 0.013052672 0.056002061)
(0.017970506 0.013039406 0.056002729)
(0.02000057 0.013030389 0.056003047)
(0.022030652 0.01303869 0.056003046)
(0.024060397 0.013050306 0.056002584)
(0.0260797 0.013046508 0.056001672)
(0.028385118 0.013257629 0.056005343)
(0.012292114 0.01463885 0.055994823)
(0.013874067 0.015120482 0.055996963)
(0.015920551 0.015092074 0.05600108)
(0.017964228 0.01505476 0.05600173)
(0.020000636 0.015030469 0.05600225)
(0.022036245 0.015054709 0.05600219)
(0.024082939 0.015088751 0.056001831)
(0.026136529 0.015109654 0.056002501)
(0.027643438 0.014742491 0.055998443)
(0.014152202 0.016837394 0.05600105)
(0.015950045 0.017083903 0.055999723)
(0.017973947 0.017028248 0.056000325)
(0.020001289 0.016995411 0.056000831)
(0.022024337 0.017029456 0.056000684)
(0.024055551 0.017079935 0.056000159)
(0.025837699 0.016845682 0.055999681)
(0.018074328 0.018787462 0.056000195)
(0.020000901 0.01899997 0.055999998)
(0.021933896 0.018785544 0.056000049)
(0.01806951 0.0012136612 0.057998097)
(0.019998677 0.0010000433 0.057999971)
(0.021911304 0.0012091879 0.058001522)
(0.014155981 0.0031595039 0.058000486)
(0.01594614 0.0029197725 0.058000989)
(0.01798409 0.0029669295 0.058003481)
(0.02000114 0.0030040143 0.058003475)
(0.022025349 0.0029708038 0.058003044)
(0.024061084 0.0029228688 0.058001441)
(0.025849526 0.0031640229 0.058001387)
(0.012338463 0.0052866135 0.058000737)
(0.01387531 0.004879958 0.058000016)
(0.015922506 0.0049062836 0.058003167)
(0.017966879 0.0049435987 0.058005458)
(0.020001194 0.0049684676 0.058005717)
(0.022037147 0.0049436845 0.0580057)
(0.024076581 0.0049025644 0.058004177)
(0.026103412 0.0048565098 0.058000359)
(0.027672895 0.0053048794 0.05799981)
(0.011618132 0.0067337382 0.057994368)
(0.013923368 0.0069481252 0.058001883)
(0.015942099 0.0069471457 0.058004812)
(0.017971442 0.0069607192 0.058005687)
(0.020000545 0.0069693711 0.058005791)
(0.02202969 0.0069595361 0.058005988)
(0.024057021 0.0069438418 0.058005695)
(0.026073998 0.0069434613 0.058003781)
(0.028374196 0.0067133523 0.058004094)
(0.012031338 0.0090031625 0.058001438)
(0.013982743 0.0089879924 0.058004197)
(0.015968051 0.0089837295 0.05800552)
(0.017979502 0.0089863964 0.058005552)
(0.020000251 0.0089883004 0.058005512)
(0.02202093 0.0089851312 0.058005786)
(0.024031861 0.0089808525 0.05800605)
(0.026017065 0.0089840076 0.058005044)
(0.027967985 0.0089975051 0.058001829)
(0.012032453 0.011002863 0.058002156)
(0.013983139 0.011015331 0.058004935)
(0.015968035 0.011017643 0.058005797)
(0.017979376 0.011013771 0.058005605)
(0.020000261 0.01101099 0.058005507)
(0.022021199 0.011012903 0.058005779)
(0.024032772 0.011015309 0.058006075)
(0.026018446 0.01101046 0.058005082)
(0.027969123 0.010996817 0.058001267)
(0.011633636 0.013307456 0.058003041)
(0.013924677 0.0130568 0.058003519)
(0.015941877 0.013053978 0.058005412)
(0.017970713 0.013039107 0.05800572)
(0.020000375 0.013029949 0.058005731)
(0.022030083 0.013038594 0.058005919)
(0.02405968 0.013051101 0.058005738)
(0.02607934 0.013046671 0.058003958)
(0.028385723 0.013256021 0.057998211)
(0.012351859 0.014734928 0.058006251)
(0.013876071 0.01512365 0.057996757)
(0.015920937 0.015092826 0.05800379)
(0.017964305 0.015055224 0.05800522)
(0.020000648 0.015031054 0.058005558)
(0.022036688 0.015055379 0.058005405)
(0.024080419 0.015091994 0.058004087)
(0.026127099 0.0151189 0.058003654)
(0.027646215 0.014738026 0.057999661)
(0.014168649 0.016850892 0.05799919)
(0.015951233 0.01708524 0.058001538)
(0.017977306 0.017029712 0.058002464)
(0.0200017 0.016995795 0.058003346)
(0.02202797 0.01702854 0.058002098)
(0.024052583 0.017082869 0.05800044)
(0.025847166 0.016837913 0.057999752)
(0.018086542 0.01879031 0.05800273)
(0.020000552 0.018999981 0.05800025)
(0.021926321 0.01878731 0.057999035)
(0.018067357 0.0012141633 0.060005654)
(0.019998141 0.0010000609 0.060006928)
(0.021915861 0.0012102506 0.060006408)
(0.014158823 0.0031571714 0.060009114)
(0.015936211 0.0029235512 0.060010815)
(0.017972882 0.0029698348 0.06001339)
(0.020000208 0.0030020549 0.060013542)
(0.022031484 0.0029714188 0.060013193)
(0.024056784 0.0029193286 0.060013437)
(0.025850946 0.0031651886 0.060009439)
(0.012331533 0.0052977588 0.060001188)
(0.013863763 0.0048905223 0.060010357)
(0.015916439 0.0049098643 0.060013936)
(0.017962745 0.0049447958 0.060013726)
(0.019999979 0.0049674872 0.060012334)
(0.022037857 0.004943235 0.060013975)
(0.024080329 0.0049044769 0.060015028)
(0.026128532 0.0048809538 0.060011122)
(0.027665225 0.0052925456 0.060007486)
(0.011612922 0.0067475799 0.0600092)
(0.013918115 0.0069528392 0.060013258)
(0.015939452 0.0069501506 0.060012063)
(0.017971403 0.0069645115 0.060009692)
(0.019999697 0.0069722961 0.060008637)
(0.022027742 0.0069622843 0.060009954)
(0.024057636 0.0069446074 0.060012921)
(0.026077201 0.0069441185 0.06001485)
(0.028373842 0.006712413 0.060011259)
(0.012030143 0.0090009093 0.060010553)
(0.013977418 0.0089884314 0.060014089)
(0.015966011 0.0089848691 0.060010532)
(0.017980527 0.0089884584 0.060007568)
(0.019999777 0.0089900978 0.060006615)
(0.022018835 0.0089871589 0.060007761)
(0.024032696 0.0089817769 0.060011075)
(0.026021114 0.0089839937 0.060015067)
(0.027969307 0.0089986509 0.060010984)
(0.012030014 0.010999356 0.060011542)
(0.013977672 0.011013986 0.060015029)
(0.015966131 0.011016347 0.060010862)
(0.017980573 0.011011888 0.060007627)
(0.019999824 0.011009682 0.060006617)
(0.022018956 0.011011791 0.060007763)
(0.024033216 0.01101584 0.060011136)
(0.026021874 0.01101249 0.060015401)
(0.02796956 0.010998874 0.060011048)
(0.011612852 0.013252233 0.060010022)
(0.013919472 0.013050114 0.060014972)
(0.015940333 0.013051436 0.060012742)
(0.017971633 0.013036006 0.060009738)
(0.019999715 0.013027761 0.060008602)
(0.022027555 0.01303693 0.06000992)
(0.024058834 0.013052703 0.060012907)
(0.02607942 0.01305156 0.060015674)
(0.028378343 0.01327563 0.0600136)
(0.012348988 0.014730312 0.060011582)
(0.013872878 0.01511909 0.060010573)
(0.01591911 0.015092776 0.060014641)
(0.017962999 0.015055946 0.060013474)
(0.019999591 0.015033179 0.060012269)
(0.022035151 0.015057396 0.060013994)
(0.024080167 0.015093886 0.060014053)
(0.026120991 0.015126206 0.060007285)
(0.027663777 0.014709784 0.060011414)
(0.014162514 0.016845857 0.060007549)
(0.01594289 0.017080616 0.060011738)
(0.017973294 0.017030298 0.060012904)
(0.020000001 0.016998854 0.060013692)
(0.02202171 0.017032767 0.060015082)
(0.02405327 0.017082178 0.060010084)
(0.025846533 0.016838433 0.060008939)
(0.018086937 0.018790402 0.060011482)
(0.020002811 0.018999907 0.060006699)
(0.021921546 0.018788424 0.06000957)
(0.018074106 0.0012125897 0.062033659)
(0.019998513 0.0010000487 0.062042848)
(0.021916559 0.0012104132 0.062041378)
(0.014151397 0.0031632661 0.062050528)
(0.015942312 0.002914917 0.06205444)
(0.017971248 0.0029585575 0.062042879)
(0.019998147 0.0029836895 0.062037653)
(0.022022844 0.0029550673 0.062042592)
(0.024060549 0.0029162887 0.06205246)
(0.025832748 0.0031502531 0.06204923)
(0.012344516 0.0052768802 0.062047101)
(0.01385837 0.0048910964 0.062048348)
(0.015910263 0.0049073113 0.062035235)
(0.017960283 0.0049441367 0.06202194)
(0.019998104 0.0049618517 0.062016994)
(0.022034594 0.0049390877 0.062021798)
(0.024079178 0.0048956959 0.062035339)
(0.026115417 0.004862742 0.062049155)
(0.027670826 0.0053015513 0.062052943)
(0.01160512 0.0067683086 0.062046409)
(0.013905729 0.0069512164 0.062037721)
(0.015939607 0.0069528261 0.062018271)
(0.017974092 0.0069700938 0.062009574)
(0.019998986 0.0069769986 0.062007277)
(0.022023097 0.0069667998 0.062009623)
(0.024055225 0.0069445687 0.062018743)
(0.026084801 0.0069301004 0.062039833)
(0.028353208 0.0066575883 0.062053864)
(0.012020211 0.0090022138 0.062047241)
(0.013958177 0.0089868302 0.062028038)
(0.015963962 0.008986738 0.062011644)
(0.01798389 0.0089913524 0.062005607)
(0.019999585 0.0089930868 0.062004131)
(0.022015033 0.0089901935 0.062005661)
(0.024034364 0.0089836672 0.062011976)
(0.026039349 0.0089798027 0.062029063)
(0.027976825 0.0089919704 0.062047726)
(0.012021705 0.011003143 0.062048765)
(0.013957711 0.011015775 0.062028705)
(0.015963583 0.01101344 0.062011793)
(0.017983921 0.01100869 0.062005612)
(0.019999684 0.011006936 0.062004122)
(0.022015209 0.011009452 0.062005654)
(0.024034733 0.011015309 0.062011999)
(0.026039502 0.011017976 0.062029373)
(0.027977425 0.011001603 0.062049074)
(0.0116389 0.013321442 0.062049512)
(0.013908239 0.013058282 0.062039339)
(0.015940082 0.013047382 0.062018573)
(0.017974789 0.013030327 0.062009476)
(0.019999392 0.013023498 0.062007201)
(0.022023549 0.013032982 0.062009535)
(0.024056831 0.013054131 0.062018706)
(0.026086645 0.01306858 0.062040594)
(0.028355668 0.013335876 0.062051173)
(0.01231882 0.014681797 0.062055923)
(0.013866016 0.015116598 0.062052006)
(0.015913663 0.015093906 0.062034876)
(0.01796257 0.015057822 0.062021229)
(0.01999884 0.015039866 0.062016844)
(0.022034458 0.015061205 0.06202155)
(0.024081783 0.015101498 0.062034684)
(0.026123649 0.015128166 0.062051181)
(0.027687409 0.01467178 0.06203829)
(0.014154553 0.016839323 0.062049392)
(0.015940885 0.017083763 0.062050374)
(0.017973697 0.017043511 0.062041493)
(0.019998499 0.017018273 0.06203803)
(0.022026077 0.017044435 0.062043341)
(0.02405737 0.017085259 0.062049938)
(0.025833117 0.016849443 0.062048806)
(0.018090217 0.018791167 0.062044751)
(0.0199977 0.018999924 0.062044952)
(0.021939533 0.01878423 0.062050279)
(0.018079462 0.0012113407 0.06407195)
(0.019997778 0.0010000728 0.064086703)
(0.021967823 0.0012223664 0.064058508)
(0.014166124 0.0031511801 0.06411962)
(0.015877386 0.0028539682 0.064132248)
(0.01793751 0.0028976686 0.064052016)
(0.019995743 0.0029202656 0.064032138)
(0.02205211 0.0028836342 0.064050414)
(0.024100027 0.0028354228 0.064128723)
(0.025830689 0.0031485639 0.064111537)
(0.012361648 0.0052493304 0.064111891)
(0.013798765 0.0048308253 0.064114568)
(0.015888312 0.0048888612 0.064024401)
(0.017961159 0.0049462379 0.064007959)
(0.019997989 0.0049634456 0.06400508)
(0.022031594 0.0049379417 0.064007825)
(0.024093156 0.0048725851 0.064024187)
(0.026173541 0.0048088674 0.06411172)
(0.027640187 0.0052522813 0.064133049)
(0.011611495 0.0067513717 0.064087996)
(0.013873298 0.0069231011 0.064030926)
(0.0159468 0.006958551 0.064006024)
(0.017984327 0.0069828058 0.064002153)
(0.019999468 0.0069893572 0.064001452)
(0.022013755 0.0069801178 0.06400215)
(0.024049222 0.0069507846 0.064006153)
(0.026126999 0.0069067408 0.06403315)
(0.028378601 0.0067250565 0.064131795)
(0.011918647 0.0089816174 0.064099546)
(0.013926902 0.0089801088 0.064013099)
(0.015974542 0.0089905343 0.064002832)
(0.017993581 0.0089964927 0.064001034)
(0.019999896 0.0089979266 0.064000688)
(0.022006164 0.0089959491 0.064001038)
(0.024025454 0.0089887353 0.064002905)
(0.02607456 0.0089755195 0.064013489)
(0.028083926 0.0089751158 0.064097293)
(0.011912888 0.01100894 0.064099397)
(0.013921028 0.011017804 0.064013272)
(0.01597327 0.011008381 0.06400286)
(0.017993499 0.011003345 0.064001032)
(0.019999915 0.011002105 0.064000686)
(0.022006247 0.011003948 0.064001036)
(0.024025739 0.011010766 0.064002906)
(0.02607346 0.011023013 0.064013697)
(0.028079371 0.01101648 0.064108527)
(0.011623576 0.013280726 0.064116282)
(0.013861518 0.013070934 0.06403254)
(0.015946185 0.013038362 0.064006083)
(0.017984954 0.01301731 0.064002117)
(0.019999659 0.013011122 0.064001433)
(0.022014001 0.013019714 0.064002116)
(0.024051382 0.013048156 0.064006071)
(0.026129775 0.013094087 0.06403232)
(0.028365071 0.013310892 0.064105372)
(0.012355199 0.014740299 0.064119979)
(0.013793129 0.015141826 0.064115538)
(0.015896969 0.015104839 0.064023711)
(0.017964864 0.015057595 0.064007625)
(0.019998724 0.015039396 0.064005031)
(0.022031364 0.015062153 0.064007618)
(0.024096076 0.01512456 0.064023352)
(0.026179552 0.015193923 0.064113656)
(0.027642265 0.014744378 0.06414782)
(0.014185612 0.016864813 0.064110712)
(0.015895795 0.017159656 0.064121678)
(0.01794322 0.017116405 0.064049491)
(0.019996881 0.017088217 0.064032525)
(0.022048891 0.017117388 0.064049844)
(0.024102779 0.017166008 0.064119015)
(0.025849446 0.016836042 0.064098227)
(0.018051841 0.018782219 0.064078094)
(0.019995403 0.018999849 0.064095465)
(0.021948349 0.018782174 0.064101814)
(0.015300421 0.0023298777 0.064999998)
(0.016804794 0.001591388 0.064999998)
(0.018963065 0.0019062676 0.064999998)
(0.021014894 0.0019107827 0.064999998)
(0.023158792 0.0015776823 0.064999998)
(0.024695541 0.0023273669 0.064999998)
(0.013144871 0.0041738116 0.064999998)
(0.014756127 0.0037682619 0.064999998)
(0.02519155 0.0037305706 0.064999998)
(0.026850413 0.004168064 0.064999998)
(0.012828192 0.005867964 0.064999998)
(0.027148486 0.0058452537 0.064999998)
(0.011223087 0.0080290897 0.064999998)
(0.028776914 0.0080290897 0.064999998)
(0.011000087 0.010002663 0.064999998)
(0.028999912 0.010002663 0.064999998)
(0.011221661 0.011964797 0.064999998)
(0.028778339 0.011964797 0.064999998)
(0.012804214 0.014111372 0.064999998)
(0.027167673 0.014151727 0.064999998)
(0.013144871 0.015826189 0.064999998)
(0.014789634 0.016202121 0.064999998)
(0.025191197 0.016261048 0.064999998)
(0.026850413 0.015831936 0.064999998)
(0.015300421 0.017670123 0.064999998)
(0.016804793 0.018408612 0.064999998)
(0.018969606 0.018093503 0.064999998)
(0.021013882 0.018087828 0.064999998)
(0.023158791 0.018422319 0.064999998)
(0.024695541 0.017672634 0.064999998)
(0.017286152 0.0014232972 0.064113534)
(0.015956187 0.0019619345 0.064131425)
(0.018984191 0.0010613433 0.064084711)
(0.017955569 0.0019395367 0.064120897)
(0.01802909 0.0012230859 0.064999998)
(0.020992509 0.0010590484 0.06408632)
(0.019996465 0.0019169958 0.064093735)
(0.020002663 0.0010000872 0.064999998)
(0.022694239 0.0014173487 0.064100465)
(0.022054921 0.0019353674 0.064115108)
(0.021964797 0.0012216608 0.064999998)
(0.024057627 0.0019693179 0.064120227)
(0.014727243 0.0027121342 0.064114832)
(0.013617769 0.003655545 0.064097301)
(0.014168064 0.0031495876 0.064999998)
(0.016894314 0.0028444211 0.064094467)
(0.015862713 0.0038523943 0.064057826)
(0.015833979 0.0028415544 0.064999998)
(0.018970029 0.0029174838 0.064035593)
(0.017924357 0.0028780209 0.064999998)
(0.02101984 0.0029121547 0.064035403)
(0.019995286 0.0029106559 0.064999998)
(0.023090552 0.0028270094 0.06409119)
(0.022056802 0.0028540719 0.064999998)
(0.025232019 0.0026829412 0.064115015)
(0.024110863 0.0038297606 0.064056969)
(0.024113624 0.0028013481 0.064999998)
(0.026342912 0.0036163235 0.064091671)
(0.025826189 0.0031448705 0.064999998)
(0.012718912 0.0047177848 0.06412126)
(0.011954976 0.0059692059 0.064106995)
(0.012327366 0.0053044589 0.064999998)
(0.01483623 0.0048525631 0.064052857)
(0.013845724 0.0058842481 0.064056618)
(0.013745182 0.0048087568 0.064999998)
(0.015885749 0.0048855612 0.064999998)
(0.025138058 0.0048306148 0.064052376)
(0.024094215 0.0048706719 0.064999998)
(0.027280439 0.004716878 0.06411602)
(0.026145379 0.0058635732 0.064057183)
(0.026199541 0.0047791669 0.064999998)
(0.028043092 0.0059655911 0.064116657)
(0.027668674 0.0052980911 0.064999998)
(0.011415957 0.0073103482 0.064117183)
(0.012828116 0.0069200302 0.064082262)
(0.011924123 0.0079632214 0.06411613)
(0.011577683 0.0068412081 0.064999998)
(0.013867656 0.0069159894 0.064999998)
(0.027178834 0.006900371 0.064093561)
(0.026135181 0.0068964365 0.064999998)
(0.028577191 0.0072877617 0.064100036)
(0.028078099 0.0079516919 0.064124805)
(0.028408611 0.0068047929 0.064999998)
(0.011059618 0.0090017055 0.06409184)
(0.011902181 0.0099981407 0.064096793)
(0.011888482 0.0089684396 0.064999998)
(0.0289394 0.0089917474 0.064077173)
(0.028099429 0.0099967776 0.064098873)
(0.028120495 0.0089640022 0.064999998)
(0.011057136 0.010973094 0.064091741)
(0.011913595 0.012038054 0.064113835)
(0.011877911 0.011023311 0.064999998)
(0.028941215 0.010989828 0.064118725)
(0.028070452 0.012059105 0.064122667)
(0.028105656 0.011022317 0.064999998)
(0.011398665 0.012632648 0.064101401)
(0.012812628 0.013082367 0.064089977)
(0.011946057 0.014014109 0.064123871)
(0.011577683 0.013158792 0.064999998)
(0.01383506 0.014103214 0.064058148)
(0.013850991 0.013073718 0.064999998)
(0.027172538 0.01311113 0.064088027)
(0.026152876 0.014138067 0.064057957)
(0.026142122 0.013098337 0.064999998)
(0.028581237 0.012698899 0.064147796)
(0.028032632 0.014053978 0.06412902)
(0.028420619 0.013163304 0.064999998)
(0.012695249 0.015249194 0.064127689)
(0.012327366 0.014695541 0.064999998)
(0.014842407 0.015131118 0.06405211)
(0.013588021 0.016312693 0.064095223)
(0.013770141 0.015154443 0.064999998)
(0.015876197 0.016147065 0.06405469)
(0.015898407 0.015104848 0.064999998)
(0.025144511 0.015166203 0.064051455)
(0.024113009 0.016166544 0.064053953)
(0.024097002 0.015126308 0.064999998)
(0.027280542 0.015282979 0.064126135)
(0.026341262 0.016385222 0.064090993)
(0.026213803 0.015233912 0.064999998)
(0.027669323 0.014700866 0.064999998)
(0.014735388 0.017293703 0.064089201)
(0.014168065 0.016850412 0.064999998)
(0.016904239 0.017169654 0.06408493)
(0.01599133 0.01805685 0.064118038)
(0.015858054 0.017184228 0.064999998)
(0.018974976 0.017091306 0.064034706)
(0.017953064 0.01806898 0.064116549)
(0.017932426 0.017146238 0.064999998)
(0.021018553 0.017093896 0.064036029)
(0.019996297 0.01809264 0.064096276)
(0.019996497 0.017101249 0.064999998)
(0.023087623 0.017170618 0.06408038)
(0.02204356 0.018074062 0.064120886)
(0.022053824 0.017143428 0.064999998)
(0.025242408 0.017309614 0.064093334)
(0.024040591 0.018039788 0.064106443)
(0.024133679 0.017205218 0.064999998)
(0.025826188 0.016855129 0.064999998)
(0.017315136 0.018585494 0.064103145)
(0.019007976 0.018940999 0.064074983)
(0.018029089 0.018776914 0.064999998)
(0.0209786 0.018942321 0.064093566)
(0.020002663 0.018999912 0.064999998)
(0.022757898 0.01856334 0.064142444)
(0.021964797 0.018778339 0.064999998)
(0.015272029 0.002347533 0.064109276)
(0.016699474 0.0016310276 0.064132911)
(0.018973297 0.001929536 0.064097596)
(0.021013639 0.0019289325 0.064097625)
(0.023322357 0.0016392441 0.064121895)
(0.024696812 0.0023281571 0.064108351)
(0.013142959 0.0041761417 0.064107368)
(0.014806866 0.0038133067 0.064112673)
(0.025154596 0.0037824959 0.064111682)
(0.0268192 0.0041300308 0.06411079)
(0.012847857 0.0058924372 0.064125383)
(0.027145989 0.0058813514 0.064128266)
(0.011216726 0.0080563666 0.064085914)
(0.028783917 0.0080591232 0.064083791)
(0.011000102 0.0099968854 0.064094822)
(0.028999857 0.0099956511 0.064098981)
(0.011214303 0.011933239 0.06405278)
(0.028777234 0.01196954 0.064090575)
(0.012831452 0.014090602 0.064131824)
(0.027148151 0.014124835 0.064132733)
(0.013152238 0.015835165 0.064126642)
(0.014813212 0.016170782 0.064106341)
(0.025158371 0.016211943 0.064106027)
(0.026828717 0.015858372 0.06410686)
(0.015302624 0.017671493 0.064132103)
(0.016700698 0.018369434 0.064102335)
(0.018981868 0.018074482 0.064094567)
(0.021007744 0.018074333 0.064101574)
(0.023297118 0.018370256 0.064083225)
(0.024712842 0.017661875 0.064109867)
(0.017326202 0.0014111482 0.064999998)
(0.018972261 0.0010625183 0.064999998)
(0.021006388 0.0010604154 0.064999998)
(0.022666698 0.0014089943 0.064999998)
(0.015892316 0.0019960743 0.064999998)
(0.014745348 0.0026991599 0.064999998)
(0.017934554 0.0019211914 0.064999998)
(0.016865586 0.0028303926 0.064999998)
(0.01999776 0.0019232388 0.064999998)
(0.018966419 0.0029034554 0.064999998)
(0.022049348 0.0018899159 0.064999998)
(0.021021946 0.0028968412 0.064999998)
(0.024086692 0.0019848532 0.064999998)
(0.023091073 0.0027889836 0.064999998)
(0.025193991 0.0026556906 0.064999998)
(0.013622252 0.0036507596 0.064999998)
(0.012655691 0.0048060082 0.064999998)
(0.015843423 0.0038354885 0.064999998)
(0.014817304 0.0048383138 0.064999998)
(0.024122654 0.0038072554 0.064999998)
(0.026349241 0.003622252 0.064999998)
(0.025151683 0.0048140508 0.064999998)
(0.027300841 0.0047453491 0.064999998)
(0.011996075 0.005892316 0.064999998)
(0.011410754 0.0073275032 0.064999998)
(0.013833946 0.0058764431 0.064999998)
(0.012806063 0.0068889361 0.064999998)
(0.026160946 0.0058459309 0.064999998)
(0.028003925 0.005892316 0.064999998)
(0.02722383 0.0068637412 0.064999998)
(0.028588851 0.0073262025 0.064999998)
(0.011878011 0.0079465755 0.064999998)
(0.011062518 0.0089722613 0.064999998)
(0.028135327 0.0079277675 0.064999998)
(0.028937481 0.0089722615 0.064999998)
(0.011888024 0.010001227 0.064999998)
(0.011060415 0.011006388 0.064999998)
(0.028121024 0.009997516 0.064999998)
(0.028939584 0.011006388 0.064999998)
(0.011834881 0.012051517 0.064999998)
(0.011408995 0.012666697 0.064999998)
(0.01276468 0.013100294 0.064999998)
(0.028129378 0.012062325 0.064999998)
(0.027217194 0.013134449 0.064999998)
(0.028591099 0.012666389 0.064999998)
(0.011984854 0.014086691 0.064999998)
(0.0138176 0.014113401 0.064999998)
(0.012655691 0.015193992 0.064999998)
(0.014832545 0.015140061 0.064999998)
(0.026176186 0.014155531 0.064999998)
(0.02516142 0.015180908 0.064999998)
(0.028008739 0.014098679 0.064999998)
(0.02730084 0.015254652 0.064999998)
(0.01362225 0.01634924 0.064999998)
(0.01586475 0.016163699 0.064999998)
(0.014745347 0.01730084 0.064999998)
(0.01688124 0.017199736 0.064999998)
(0.018972418 0.017107378 0.064999998)
(0.021021812 0.017114069 0.064999998)
(0.024124188 0.016186861 0.064999998)
(0.023101529 0.017194818 0.064999998)
(0.026349241 0.016377749 0.064999998)
(0.025193991 0.01734431 0.064999998)
(0.015892316 0.018003925 0.064999998)
(0.017946307 0.018114432 0.064999998)
(0.017326202 0.018588852 0.064999998)
(0.019997875 0.018105253 0.064999998)
(0.018972261 0.018937481 0.064999998)
(0.022041865 0.018135857 0.064999998)
(0.021006388 0.018939584 0.064999998)
(0.024086692 0.018015146 0.064999998)
(0.022669315 0.018590211 0.064999998)
(0.015276775 0.0023445814 0.00055128999)
(0.016741042 0.0016153827 0.00073325835)
(0.01900255 0.0020311537 0.0007910534)
(0.021001196 0.0020330109 0.00081306352)
(0.023315001 0.0016364754 0.00099088792)
(0.024735726 0.0023523555 0.00098450724)
(0.01316334 0.0041513073 0.0002278427)
(0.014874557 0.0038826867 0.00083356884)
(0.025110878 0.0038672083 0.00099916676)
(0.026848681 0.0041659535 0.0010004699)
(0.012918099 0.0059488709 0.00090804577)
(0.027079224 0.0059453667 0.00099960619)
(0.011211211 0.0080800205 0.00089932399)
(0.012972695 0.0079819576 0.00094443091)
(0.02702612 0.0079796363 0.0010015533)
(0.028785848 0.0080674039 0.0010051476)
(0.011000351 0.009989282 5.912057e-05)
(0.013002461 0.0099960384 0.00084761419)
(0.026997089 0.0099997597 0.0010000444)
(0.028999972 0.0099991815 0.0010001998)
(0.011205329 0.011894752 0.00089817905)
(0.012969924 0.012007908 0.00094603147)
(0.027026361 0.012019618 0.000999446)
(0.028791 0.011910498 0.0009974155)
(0.012914997 0.014044669 0.00094999035)
(0.02707972 0.014053629 0.00099658728)
(0.013155352 0.015838959 0.00071424191)
(0.01487423 0.016118349 0.00067075157)
(0.025133736 0.016108271 0.00096694372)
(0.02683887 0.015846001 0.00097075517)
(0.015257085 0.017643175 0.0009628511)
(0.016696547 0.018367871 0.0009921302)
(0.018998431 0.017968015 0.00099867966)
(0.020997713 0.017969805 0.00099950799)
(0.023275794 0.018378282 0.00099920903)
(0.024713132 0.017661695 0.00099691609)
(0.0152518 0.0023601122 0.0028795852)
(0.016726745 0.0016207638 0.002896379)
(0.019001177 0.0020321717 0.0028916768)
(0.021003344 0.0020335616 0.002908452)
(0.023316717 0.0016371214 0.0029966102)
(0.024684436 0.0023204611 0.0030011569)
(0.01316545 0.0041487355 0.0028778484)
(0.014883514 0.0038705675 0.0029095823)
(0.025111642 0.0038650444 0.0030016443)
(0.02684243 0.0041583365 0.0030028828)
(0.012918497 0.0059467855 0.0029473015)
(0.027081388 0.0059453916 0.0030015066)
(0.011211914 0.0080770047 0.0029450788)
(0.012970228 0.0079836748 0.0029484127)
(0.027027222 0.0079772702 0.0029999716)
(0.028786558 0.0080704481 0.0029952253)
(0.011000081 0.0099975136 0.002855142)
(0.013002939 0.0099978239 0.0029054071)
(0.026996262 0.0099990942 0.002999822)
(0.028999911 0.0099973172 0.0030002217)
(0.011213386 0.011929306 0.0029454276)
(0.012971307 0.012017699 0.0029517673)
(0.02702688 0.012024494 0.0029990634)
(0.028784233 0.011939519 0.0030021798)
(0.012915693 0.014048122 0.0029671627)
(0.027092572 0.014037815 0.0029967581)
(0.013156023 0.015839777 0.0028971134)
(0.014883432 0.016129244 0.0028984661)
(0.02513645 0.016110724 0.0029930359)
(0.02683371 0.015852288 0.0029901088)
(0.015294347 0.017666346 0.0029619145)
(0.01669412 0.018366957 0.0030005215)
(0.018999061 0.017967266 0.0029987736)
(0.020999735 0.017967567 0.0029996512)
(0.023319122 0.018361974 0.0030005733)
(0.024717701 0.017658854 0.0029955223)
(0.015244045 0.0023649342 0.004982202)
(0.016726739 0.0016207659 0.0049908671)
(0.019001281 0.0020320967 0.0049769028)
(0.0210046 0.0020341247 0.0049811516)
(0.02332016 0.001638417 0.0050043345)
(0.024693544 0.0023261247 0.0050016726)
(0.013153484 0.0041633169 0.0049840448)
(0.014887047 0.0038663485 0.0049799595)
(0.025118186 0.0038696472 0.004996588)
(0.026844068 0.0041603324 0.0049985978)
(0.01291666 0.0059484345 0.004987788)
(0.027081914 0.0059475854 0.0049982076)
(0.011215475 0.0080617341 0.0049933058)
(0.012972793 0.0079773684 0.0049827908)
(0.027027887 0.0079789069 0.0050001466)
(0.028788542 0.0080789577 0.0050000125)
(0.011000081 0.010002485 0.004981166)
(0.013003216 0.0099976443 0.0049721927)
(0.026996053 0.0099979953 0.0049998161)
(0.028999808 0.0099941666 0.0050006991)
(0.011215968 0.01194038 0.0049886018)
(0.012967903 0.012009521 0.0049836545)
(0.027028074 0.012018595 0.0049987553)
(0.028792674 0.011903321 0.0049988679)
(0.012913548 0.014044446 0.0049930398)
(0.02708509 0.014048641 0.0049990719)
(0.01316062 0.015845377 0.0049855718)
(0.014880595 0.016125844 0.0049859117)
(0.025118046 0.016129733 0.004999974)
(0.02682813 0.015859088 0.0049965706)
(0.015310914 0.017676648 0.0050016816)
(0.016715388 0.018374962 0.0050047763)
(0.019001011 0.017967542 0.0049994397)
(0.021000736 0.017967251 0.0049999029)
(0.023297607 0.018370072 0.0050024844)
(0.024755678 0.017635238 0.0049978305)
(0.01526995 0.0023488259 0.0069934485)
(0.016672558 0.0016411582 0.0069933851)
(0.018998827 0.0020333472 0.0069963815)
(0.02100125 0.0020336833 0.0069966247)
(0.023303875 0.0016322879 0.0069949951)
(0.024696469 0.0023279439 0.0069962513)
(0.013161674 0.0041533367 0.0069978556)
(0.014894998 0.0038597352 0.0069961066)
(0.025123509 0.0038741736 0.007000974)
(0.026850038 0.0041676069 0.0069983753)
(0.012921824 0.0059405906 0.006998803)
(0.027083181 0.0059483826 0.0069996215)
(0.011209754 0.0080862668 0.0069968852)
(0.012974631 0.0079749176 0.0069945611)
(0.027026535 0.0079746719 0.0069995614)
(0.028779006 0.0080380589 0.006998066)
(0.011000172 0.010005246 0.0069981153)
(0.013003859 0.0099985398 0.0069933593)
(0.026995527 0.0099983969 0.0070001639)
(0.028999838 0.0099950729 0.0070034669)
(0.011211217 0.011920006 0.0070028215)
(0.012969655 0.012013585 0.0069963531)
(0.027025955 0.012023857 0.006998611)
(0.028788997 0.011919091 0.0070011797)
(0.012915859 0.014048748 0.006999894)
(0.027077643 0.014060447 0.0069998292)
(0.013160148 0.015844803 0.0069939653)
(0.014878389 0.016123955 0.0070004404)
(0.025133852 0.0161114 0.0069981607)
(0.02683101 0.015855577 0.0070023421)
(0.01528508 0.017660583 0.0069991026)
(0.016674394 0.018359534 0.0070044389)
(0.018996924 0.017966204 0.0069995398)
(0.021001762 0.017967076 0.0069992365)
(0.023290406 0.018372782 0.0069948596)
(0.024709181 0.017664152 0.0070029707)
(0.015274865 0.0023457694 0.0090023909)
(0.016744893 0.0016139332 0.0089996474)
(0.018999211 0.0020327018 0.0089996143)
(0.021000718 0.0020340486 0.0089990608)
(0.023361214 0.0016538688 0.0089896015)
(0.024698214 0.0023290288 0.0090068072)
(0.013158995 0.0041566014 0.0089982942)
(0.014888486 0.003864729 0.0089967313)
(0.025110483 0.0038618062 0.0089994207)
(0.026845945 0.0041626203 0.0090042344)
(0.012927535 0.0059331205 0.0089989124)
(0.027081324 0.0059458782 0.0090021968)
(0.011211232 0.0080799293 0.0090016691)
(0.012973619 0.0079777584 0.008998839)
(0.027026703 0.0079769965 0.0090012358)
(0.028788585 0.0080791449 0.0089994875)
(0.011000038 0.010001167 0.0089991234)
(0.013004538 0.0099992568 0.0089983078)
(0.026995554 0.0099993276 0.0090002311)
(0.028999938 0.010001873 0.0090007902)
(0.011209704 0.011913518 0.0089988618)
(0.012973641 0.012022962 0.0089984957)
(0.02702916 0.012015342 0.0089983455)
(0.028789811 0.011915599 0.0090019429)
(0.012921163 0.014058732 0.0089977692)
(0.027081005 0.014054159 0.009000463)
(0.013152911 0.015835985 0.0089993725)
(0.014887828 0.016133661 0.0089993405)
(0.025118584 0.016127457 0.008998993)
(0.026838791 0.015846097 0.0089984365)
(0.015256662 0.017642912 0.0090066926)
(0.016652524 0.018351302 0.0090033478)
(0.018997291 0.01796629 0.0089997088)
(0.021000284 0.01796736 0.0089998805)
(0.023292192 0.01837211 0.0090026565)
(0.024746843 0.017640732 0.0090026958)
(0.015243179 0.002365473 0.011002302)
(0.016687273 0.0016356199 0.010997462)
(0.018996675 0.0020334085 0.010999939)
(0.020998051 0.0020324448 0.011000258)
(0.023272445 0.0016204583 0.011005079)
(0.024713838 0.0023387445 0.010993703)
(0.013162614 0.0041521918 0.010998444)
(0.014904257 0.0038516508 0.010997884)
(0.025116043 0.0038687281 0.011000341)
(0.026836684 0.0041513356 0.011003381)
(0.012921002 0.0059419235 0.011000205)
(0.027080053 0.0059425188 0.0110004)
(0.011212469 0.0080746238 0.011007155)
(0.012975444 0.0079724833 0.011000452)
(0.027023919 0.0079692154 0.011000084)
(0.028783255 0.0080562862 0.011001121)
(0.011000036 0.0099988995 0.011000054)
(0.013005056 0.0099990736 0.010999709)
(0.026994928 0.0099994809 0.011000472)
(0.02899994 0.010001794 0.011000199)
(0.011213904 0.011931532 0.01100141)
(0.012974204 0.0120246 0.010999766)
(0.027024329 0.012028453 0.011001245)
(0.028786548 0.011929592 0.010999259)
(0.01291888 0.014055987 0.010999962)
(0.027079895 0.014056605 0.010999505)
(0.013168072 0.015854458 0.011001096)
(0.014889639 0.016136683 0.010999423)
(0.025120333 0.01612637 0.010999041)
(0.026831777 0.015854643 0.011003419)
(0.015258033 0.017643764 0.011005151)
(0.016754199 0.01838957 0.010998703)
(0.019001686 0.017968135 0.010999619)
(0.021000344 0.017967551 0.011000136)
(0.023259345 0.018384472 0.010997053)
(0.024767319 0.017628 0.010994199)
(0.015285666 0.0023390532 0.012998081)
(0.016679981 0.0016383646 0.012995386)
(0.018994598 0.0020341026 0.012999513)
(0.021000602 0.0020331019 0.012999631)
(0.02328517 0.0016252479 0.012995127)
(0.024676113 0.0023152859 0.013001711)
(0.01316768 0.004146019 0.012998614)
(0.014879273 0.0038740197 0.013000338)
(0.025132159 0.0038836327 0.012998236)
(0.026837192 0.0041519545 0.013000338)
(0.012921274 0.0059413777 0.013000172)
(0.027074779 0.0059351554 0.013002057)
(0.011215332 0.0080623452 0.012999214)
(0.012974947 0.0079730742 0.013000828)
(0.027025958 0.0079755218 0.013002144)
(0.028784751 0.0080626993 0.013002749)
(0.011000055 0.010001685 0.01300042)
(0.013005259 0.009998727 0.013000016)
(0.026995434 0.0099987114 0.01300061)
(0.02899994 0.009998197 0.0130002)
(0.011213867 0.011931371 0.01300233)
(0.012974778 0.012026014 0.012998954)
(0.027027158 0.012021695 0.013001452)
(0.028784554 0.011938145 0.013000108)
(0.012916378 0.014051329 0.012999676)
(0.027082325 0.014052287 0.013000304)
(0.013158478 0.015842768 0.012996194)
(0.014871963 0.016121874 0.012998555)
(0.025117149 0.016130844 0.013000788)
(0.026844546 0.015839084 0.013000222)
(0.01530912 0.017675532 0.013004373)
(0.016735443 0.01838251 0.013001107)
(0.01899899 0.017967296 0.013000186)
(0.021001607 0.017966878 0.013000128)
(0.023279878 0.018376744 0.01300533)
(0.024720315 0.017657228 0.012997223)
(0.015339836 0.0023053678 0.015000572)
(0.016709133 0.0016273924 0.015001397)
(0.018996482 0.0020335526 0.014999823)
(0.02100028 0.0020333638 0.014999751)
(0.023301002 0.0016312064 0.01499836)
(0.024676831 0.002315732 0.015003255)
(0.013162555 0.0041522636 0.014997865)
(0.014877545 0.0038736321 0.015002626)
(0.025119457 0.0038720794 0.014994932)
(0.026839132 0.004154318 0.015000568)
(0.012917411 0.0059471939 0.015001199)
(0.027077819 0.0059407648 0.015000797)
(0.011211743 0.0080777393 0.014999442)
(0.01297635 0.0079692631 0.015000693)
(0.027025115 0.0079739213 0.015001788)
(0.028788281 0.0080778377 0.014998645)
(0.011000016 0.010000501 0.01500079)
(0.013004811 0.0099976628 0.014999976)
(0.026995542 0.0099985013 0.01500009)
(0.028999984 0.0099995479 0.014998774)
(0.011213826 0.011931193 0.015002663)
(0.01297069 0.012015622 0.014999017)
(0.027028672 0.012016724 0.014999295)
(0.028785744 0.011933041 0.015002618)
(0.012919795 0.01405508 0.015000317)
(0.02708155 0.014052895 0.01500174)
(0.013157714 0.015841838 0.014999931)
(0.014873821 0.016121132 0.014999179)
(0.025123026 0.016123139 0.014999479)
(0.026844029 0.015839714 0.015001678)
(0.015294813 0.017666635 0.014998371)
(0.016696942 0.01836802 0.014994329)
(0.01899915 0.017967246 0.014999949)
(0.020999976 0.017967374 0.014999893)
(0.023276616 0.018377972 0.014996779)
(0.024725494 0.017654008 0.014996209)
(0.015283479 0.0023404131 0.017003538)
(0.016777385 0.0016017042 0.016992863)
(0.019001248 0.0020316239 0.016999627)
(0.020998242 0.0020318231 0.016999697)
(0.023225569 0.0016028156 0.016994594)
(0.024711364 0.0023372061 0.017022264)
(0.013161906 0.0041530547 0.017000687)
(0.014883277 0.0038685543 0.017003354)
(0.025123937 0.0038760039 0.016994551)
(0.026840745 0.0041562831 0.017000403)
(0.012917376 0.0059489461 0.016999688)
(0.027082719 0.005949489 0.017000859)
(0.011210855 0.0080815451 0.017000565)
(0.012973823 0.0079765629 0.016997022)
(0.027031559 0.0079902727 0.016999036)
(0.028791866 0.0080932148 0.016999636)
(0.011000017 0.0099994639 0.016999784)
(0.01300453 0.0099991218 0.016999453)
(0.026995514 0.01000088 0.016999766)
(0.028999852 0.0099955114 0.017000034)
(0.011212385 0.011925014 0.017000305)
(0.012972301 0.012020166 0.016999326)
(0.027024374 0.012026901 0.016999283)
(0.028786005 0.01193192 0.017001131)
(0.012914471 0.014047009 0.017000369)
(0.027075155 0.014062668 0.017000687)
(0.013154279 0.015837651 0.017000094)
(0.014898892 0.016145231 0.016998566)
(0.025109087 0.016138297 0.016998721)
(0.026840063 0.015844546 0.017000441)
(0.015305214 0.017673103 0.016994246)
(0.016755286 0.018389979 0.01699026)
(0.019002445 0.017968339 0.016999996)
(0.021001176 0.01796699 0.017000042)
(0.023302766 0.01836813 0.01699785)
(0.024706477 0.017665834 0.017006487)
(0.015344369 0.0023025488 0.019020576)
(0.016800724 0.0015929199 0.019003344)
(0.019001722 0.0020308214 0.019000012)
(0.020997454 0.0020316115 0.018999843)
(0.023277921 0.0016225195 0.018999397)
(0.024743427 0.0023571441 0.019006893)
(0.013151415 0.0041658377 0.01899772)
(0.014885382 0.0038668349 0.01899794)
(0.025096141 0.0038511003 0.019001429)
(0.026844065 0.0041603287 0.019003479)
(0.012918186 0.0059482626 0.018999898)
(0.02708154 0.0059461586 0.018999773)
(0.011213889 0.0080685355 0.018997098)
(0.012973626 0.007976478 0.018999248)
(0.027028304 0.0079821467 0.019000655)
(0.028784511 0.0080616717 0.019000842)
(0.011000044 0.010001345 0.01900018)
(0.013004571 0.0099998052 0.018999603)
(0.026995172 0.010001507 0.01899977)
(0.028999993 0.0099998054 0.018999782)
(0.011212286 0.011924591 0.019001144)
(0.012972752 0.012021078 0.018998683)
(0.027023336 0.012030011 0.018998694)
(0.028785623 0.01193356 0.019000624)
(0.012919898 0.014054202 0.018999998)
(0.02707565 0.014062508 0.018999604)
(0.013148754 0.015830919 0.019001851)
(0.014871546 0.016120039 0.019001883)
(0.025128724 0.016119121 0.018995908)
(0.026850964 0.015831264 0.019005115)
(0.015304265 0.017672513 0.019010969)
(0.016718995 0.01837632 0.018996476)
(0.019000372 0.017967816 0.018999993)
(0.021002364 0.017967315 0.01899977)
(0.02325625 0.018385637 0.018998839)
(0.024712498 0.017662089 0.018993353)
(0.015238612 0.0023683132 0.021001904)
(0.016708364 0.0016276818 0.021011246)
(0.018998359 0.0020323889 0.021000265)
(0.020996043 0.0020310977 0.021000408)
(0.023237054 0.0016071382 0.021009984)
(0.024732761 0.0023505116 0.020991581)
(0.013161794 0.0041531907 0.021000406)
(0.014891466 0.0038617671 0.021000766)
(0.025120666 0.0038740783 0.020997517)
(0.026840187 0.0041556041 0.020999938)
(0.012920005 0.0059435415 0.021000735)
(0.02708022 0.0059455915 0.021001044)
(0.011213434 0.0080704837 0.020997494)
(0.012974414 0.0079740404 0.021001427)
(0.027028176 0.0079815144 0.021000508)
(0.028787743 0.0080755321 0.021000352)
(0.011000009 0.010000292 0.020998691)
(0.013004509 0.010000037 0.020999878)
(0.026995341 0.010000349 0.020999851)
(0.028999933 0.0099979799 0.020999466)
(0.011208517 0.011908427 0.02099776)
(0.01297394 0.012023551 0.021000078)
(0.027025132 0.012025231 0.020999875)
(0.028791649 0.011907714 0.020999905)
(0.01292454 0.014063374 0.020999534)
(0.027078153 0.014059518 0.021000286)
(0.013163403 0.015848769 0.021003941)
(0.014892309 0.016139026 0.021005145)
(0.025121857 0.016123701 0.020999072)
(0.026840763 0.015843693 0.020996862)
(0.015288842 0.017662922 0.021002908)
(0.016714643 0.018374682 0.020998032)
(0.018999764 0.017967278 0.020999407)
(0.020997493 0.017968543 0.021000088)
(0.023211323 0.018402546 0.021000302)
(0.024720047 0.017657395 0.020995871)
(0.015313556 0.0023217095 0.022990854)
(0.016704602 0.0016290978 0.023003418)
(0.018997815 0.0020328834 0.023000066)
(0.02100024 0.002032365 0.023000152)
(0.023262832 0.0016168402 0.023006773)
(0.02476821 0.002372555 0.022995973)
(0.013163894 0.004150632 0.022998084)
(0.014856518 0.0038983338 0.022997412)
(0.025103629 0.0038569687 0.022995737)
(0.026836909 0.0041516096 0.02300324)
(0.012918122 0.0059459945 0.02300091)
(0.027076587 0.0059393813 0.022998952)
(0.011208058 0.0080935439 0.023004812)
(0.01297374 0.0079766094 0.023000763)
(0.027024439 0.007973183 0.023000995)
(0.028788342 0.0080780998 0.023003755)
(0.011000009 0.010000282 0.022999179)
(0.013004319 0.010000397 0.023000007)
(0.026995114 0.0099991886 0.023000023)
(0.028999893 0.0099967598 0.023000009)
(0.011215165 0.011936937 0.022998516)
(0.012972494 0.012021598 0.023000665)
(0.027026411 0.012022127 0.022999861)
(0.028787512 0.011925457 0.022998676)
(0.012914155 0.014047412 0.023000865)
(0.02707956 0.014055579 0.022999147)
(0.01316551 0.015851336 0.022994109)
(0.014884597 0.016129737 0.022996112)
(0.025123463 0.016122528 0.022998996)
(0.026842013 0.015842171 0.022999768)
(0.015274323 0.017653894 0.023008171)
(0.016707463 0.01837198 0.023002842)
(0.01899903 0.017967229 0.023000132)
(0.020999159 0.017968137 0.023000148)
(0.02325364 0.01838662 0.023000842)
(0.024724367 0.017654708 0.023004687)
(0.015288576 0.0023372434 0.025004483)
(0.016730084 0.0016195069 0.024997348)
(0.018999218 0.0020325601 0.024999482)
(0.020997902 0.0020323508 0.025000592)
(0.023281515 0.001623872 0.025007252)
(0.024713961 0.0023388209 0.025000098)
(0.013163998 0.0041505058 0.025000719)
(0.014892525 0.0038596655 0.024996292)
(0.025103509 0.0038561859 0.024999843)
(0.026839362 0.0041545985 0.025001485)
(0.012920323 0.0059438093 0.025000243)
(0.027081048 0.0059457699 0.024998899)
(0.011209283 0.0080882894 0.024995185)
(0.012975318 0.0079730281 0.025000979)
(0.027026429 0.0079778012 0.025000069)
(0.028788528 0.0080788991 0.024998881)
(0.011000031 0.0099990544 0.02499918)
(0.013004539 0.010000297 0.025000131)
(0.026995389 0.0099995928 0.02499999)
(0.028999976 0.010000721 0.025000213)
(0.011212069 0.011923658 0.025002178)
(0.012973409 0.012023405 0.025000804)
(0.027027153 0.012020715 0.0249992)
(0.028787244 0.011926607 0.024995489)
(0.012917255 0.014051652 0.025002341)
(0.027081086 0.01405296 0.024999407)
(0.013169923 0.015856713 0.025000499)
(0.014881207 0.016129638 0.024997819)
(0.025116937 0.016131161 0.025002594)
(0.026836324 0.015849102 0.024999767)
(0.015292973 0.017665491 0.025000898)
(0.016683386 0.018362918 0.025004794)
(0.01899844 0.017966916 0.024999972)
(0.020999771 0.017967722 0.024999732)
(0.023283755 0.018375285 0.024992347)
(0.024738754 0.017645762 0.025000007)
(0.015303472 0.0023279805 0.027001495)
(0.016732194 0.001618713 0.02700228)
(0.018999622 0.0020323887 0.026999908)
(0.020999897 0.0020328742 0.027000023)
(0.023307233 0.0016335516 0.027002238)
(0.02469912 0.0023295925 0.026990056)
(0.013159063 0.0041565186 0.026997022)
(0.014873441 0.0038775891 0.026999063)
(0.025104596 0.00385638 0.026999325)
(0.026846233 0.0041629712 0.027000879)
(0.012921951 0.0059432907 0.027000469)
(0.027084876 0.0059522523 0.027000797)
(0.011216957 0.0080553745 0.027003483)
(0.01297279 0.0079798944 0.027003152)
(0.027026769 0.0079769382 0.027000741)
(0.028782175 0.0080516526 0.02699981)
(0.011000046 0.0099986053 0.026999613)
(0.013004766 0.010001251 0.027000379)
(0.026996132 0.0099984308 0.027000109)
(0.028999835 0.01000502 0.027000022)
(0.011208518 0.01190843 0.027000042)
(0.012978296 0.012035607 0.027000644)
(0.027031935 0.012008471 0.026999926)
(0.028788951 0.011919285 0.026998696)
(0.012923372 0.014064099 0.027002337)
(0.027079369 0.014054668 0.026997923)
(0.013160166 0.015844825 0.026996436)
(0.014882333 0.016127687 0.027001615)
(0.025127063 0.016120605 0.026999351)
(0.026847189 0.015835863 0.026994041)
(0.015272493 0.017652756 0.027001916)
(0.016695904 0.018367629 0.026990497)
(0.019000083 0.017967379 0.026999633)
(0.020998395 0.017968006 0.026999202)
(0.023254004 0.018386483 0.026993851)
(0.024733149 0.017649248 0.026999988)
(0.015259032 0.0023556151 0.028989375)
(0.016679639 0.001638493 0.029001533)
(0.018996283 0.0020337058 0.029000192)
(0.021001449 0.0020335975 0.028999978)
(0.023316852 0.0016371721 0.028999625)
(0.024699924 0.0023300924 0.029005475)
(0.013169201 0.0041441659 0.028999704)
(0.014880483 0.0038711853 0.029004183)
(0.025130563 0.0038827077 0.029003009)
(0.026844907 0.0041613549 0.029001894)
(0.012920613 0.0059446583 0.029000806)
(0.027081581 0.0059459551 0.028999863)
(0.011212652 0.0080738408 0.028998668)
(0.012971338 0.0079830208 0.028999264)
(0.027026476 0.0079758234 0.028999555)
(0.028784725 0.0080625875 0.028998817)
(0.01100005 0.0099984598 0.028999831)
(0.013004672 0.0099999388 0.029000001)
(0.026996234 0.0099972463 0.029000318)
(0.028999916 0.009997451 0.02900109)
(0.011209585 0.011913007 0.029003547)
(0.012973965 0.012024025 0.029000179)
(0.027030746 0.012010914 0.029000904)
(0.028792622 0.011903545 0.029003265)
(0.012918539 0.014054239 0.028998677)
(0.027078347 0.0140568 0.029002175)
(0.013158333 0.015842591 0.02899982)
(0.014879856 0.016127119 0.029003238)
(0.025122588 0.016126846 0.029002457)
(0.026832174 0.015854159 0.028998863)
(0.015249103 0.017638212 0.029003479)
(0.016741365 0.018384739 0.029008059)
(0.019003759 0.017968369 0.029000815)
(0.020999936 0.017967104 0.028999767)
(0.023309562 0.018365572 0.029001597)
(0.0247194 0.017657797 0.029002536)
(0.015287792 0.0023377309 0.031005655)
(0.016691661 0.0016339684 0.030982208)
(0.019000088 0.0020326466 0.030999042)
(0.021000917 0.0020333699 0.030999471)
(0.023288963 0.0016266754 0.031000687)
(0.024685022 0.0023208257 0.0310084)
(0.01315937 0.0041561442 0.031002837)
(0.014878688 0.0038745312 0.031000758)
(0.02509758 0.0038520259 0.031001166)
(0.026839452 0.0041547081 0.030997524)
(0.012921174 0.0059404664 0.031000183)
(0.027073647 0.005935229 0.031000553)
(0.011209781 0.0080861527 0.031003034)
(0.012980261 0.0079600816 0.031000187)
(0.027024782 0.0079727828 0.031000343)
(0.02878542 0.0080655691 0.030999313)
(0.011000025 0.0099992459 0.030999395)
(0.013005614 0.0099982758 0.031000154)
(0.026995728 0.0099982649 0.031000124)
(0.028999972 0.010000831 0.031000122)
(0.011210748 0.011917995 0.031002365)
(0.012974547 0.012025107 0.031001041)
(0.027029049 0.012016669 0.030999807)
(0.028788629 0.011920666 0.031000239)
(0.012920614 0.014058843 0.03100049)
(0.027082769 0.014052466 0.031002037)
(0.013159781 0.015844356 0.030998803)
(0.014876519 0.016124717 0.031004273)
(0.025119395 0.016126098 0.0309996)
(0.026833733 0.01585226 0.030997369)
(0.015282293 0.01765885 0.03099876)
(0.016701013 0.018369552 0.030989687)
(0.018999462 0.017967236 0.031000021)
(0.020999913 0.017967555 0.031000165)
(0.023268841 0.018380898 0.031003236)
(0.024737678 0.017646431 0.031011524)
(0.015294901 0.0023333101 0.033016805)
(0.016702813 0.0016297709 0.033008516)
(0.019001056 0.0020322812 0.03300063)
(0.021000566 0.0020330374 0.032999978)
(0.023281798 0.0016239788 0.032999894)
(0.024720953 0.0023431688 0.033005615)
(0.013156721 0.0041593717 0.033000598)
(0.014889661 0.0038635309 0.032999919)
(0.02511678 0.0038686471 0.032996576)
(0.026853807 0.0041721993 0.032999108)
(0.012917227 0.0059484434 0.033002008)
(0.027082009 0.0059464433 0.032998712)
(0.011218602 0.0080483226 0.032998627)
(0.012974796 0.0079738836 0.033000585)
(0.027027221 0.0079784485 0.032999357)
(0.028783675 0.0080580852 0.032999418)
(0.011000169 0.010005165 0.033000512)
(0.013004921 0.010000177 0.033000339)
(0.02699535 0.01000011 0.032999725)
(0.02899993 0.010002104 0.033000054)
(0.011211962 0.0119232 0.032999385)
(0.012973739 0.012023228 0.033000875)
(0.027026576 0.012023511 0.032997421)
(0.028789541 0.011916755 0.032996861)
(0.012921336 0.014057371 0.033000103)
(0.027082301 0.014053199 0.032997575)
(0.013160908 0.015845729 0.033001535)
(0.014892484 0.016137931 0.03300081)
(0.025134686 0.016112054 0.032999761)
(0.026838014 0.015847043 0.032999968)
(0.015261438 0.017645882 0.033000114)
(0.016738555 0.018383682 0.032996055)
(0.018999469 0.017967676 0.033000379)
(0.020998794 0.017967047 0.033000075)
(0.023336837 0.018355306 0.033001896)
(0.024759805 0.017632672 0.032995697)
(0.015251909 0.0023600442 0.035003281)
(0.016718714 0.0016237864 0.035003998)
(0.018999792 0.0020330445 0.035000546)
(0.021001553 0.0020334869 0.035000133)
(0.023315686 0.0016367334 0.035001393)
(0.024706218 0.0023340062 0.034997351)
(0.013166543 0.0041474043 0.034999008)
(0.014884028 0.003869357 0.035002234)
(0.025117302 0.0038727056 0.035003093)
(0.026841596 0.0041573209 0.035000333)
(0.012912157 0.005958475 0.034999337)
(0.027083681 0.0059494617 0.035001294)
(0.011209348 0.0080880098 0.034999555)
(0.012968405 0.0079913067 0.034998733)
(0.027026214 0.0079766365 0.034999828)
(0.028791501 0.0080916508 0.034996073)
(0.011000031 0.010000938 0.035000581)
(0.013004011 0.010002676 0.035000212)
(0.026994833 0.010001492 0.034999833)
(0.028999935 0.010001953 0.034999361)
(0.011208375 0.011907819 0.03500091)
(0.012974022 0.012023449 0.035001435)
(0.027024557 0.012028146 0.034999761)
(0.028790564 0.01191237 0.034996388)
(0.012918871 0.014054024 0.034999138)
(0.027084567 0.014050178 0.034999835)
(0.013149692 0.015832062 0.035001531)
(0.014880531 0.016127146 0.034997082)
(0.025111745 0.016133223 0.035002372)
(0.026845951 0.015837372 0.034998702)
(0.01530713 0.017674295 0.034987926)
(0.016677959 0.018360875 0.035001218)
(0.01899539 0.017966457 0.035000428)
(0.020997006 0.017967733 0.03500023)
(0.023288871 0.01837336 0.035004005)
(0.02470036 0.017669637 0.034994214)
(0.01526025 0.0023548574 0.036995536)
(0.016734493 0.0016178477 0.036980669)
(0.019001759 0.0020326337 0.03699948)
(0.02100186 0.0020331527 0.036999834)
(0.023275067 0.0016214452 0.036995914)
(0.024718133 0.0023414155 0.037000146)
(0.013152343 0.0041647071 0.037002161)
(0.014886986 0.0038647455 0.0370009)
(0.025110928 0.003862993 0.037000037)
(0.026839792 0.0041551229 0.03699928)
(0.012919615 0.0059469096 0.036999322)
(0.027076779 0.005939536 0.037000168)
(0.011212866 0.0080729214 0.03700227)
(0.012969718 0.0079883604 0.03699819)
(0.027028784 0.0079830822 0.036999482)
(0.028786905 0.0080719386 0.037002366)
(0.011000094 0.0099971292 0.037000911)
(0.013004343 0.010002719 0.037000079)
(0.026994748 0.01000243 0.037)
(0.028999984 0.009999535 0.036999604)
(0.011206315 0.01189898 0.036998314)
(0.012976249 0.012029128 0.037001361)
(0.027022062 0.012034297 0.037000504)
(0.028788722 0.01192027 0.036998304)
(0.0129179 0.014053073 0.037001835)
(0.027084938 0.01404979 0.036999101)
(0.013161587 0.015846557 0.036998832)
(0.014892402 0.016139278 0.03700132)
(0.025105653 0.016141129 0.03699996)
(0.02684041 0.015844124 0.036996797)
(0.015298887 0.017669169 0.036999212)
(0.016711718 0.018373581 0.037003785)
(0.018997624 0.01796729 0.037000006)
(0.020997467 0.017967725 0.037000027)
(0.023277185 0.018377758 0.036992217)
(0.024736136 0.01764739 0.037000662)
(0.015317308 0.0023193764 0.039003562)
(0.016745516 0.0016136986 0.039002813)
(0.019003421 0.0020320001 0.039000237)
(0.021003639 0.0020334113 0.039000325)
(0.023295205 0.0016290249 0.039005267)
(0.024717347 0.0023409266 0.039005392)
(0.013164579 0.0041497977 0.03900191)
(0.014882894 0.0038698152 0.038999299)
(0.025122965 0.0038770291 0.038997521)
(0.026837307 0.0041520948 0.039005771)
(0.012921269 0.005941734 0.038999557)
(0.027081522 0.0059466134 0.0390006)
(0.011211048 0.0080807165 0.039004761)
(0.012974792 0.0079742062 0.039000226)
(0.027026499 0.0079769138 0.039000853)
(0.028785857 0.0080674424 0.039001914)
(0.011000031 0.010000941 0.038999614)
(0.013004791 0.010000585 0.038999949)
(0.026994973 0.010000784 0.039000208)
(0.028999967 0.0099990266 0.038999874)
(0.011217676 0.011947708 0.03900586)
(0.012973765 0.012023791 0.039000538)
(0.027024274 0.012028978 0.039000606)
(0.02878331 0.011943482 0.038997105)
(0.012923653 0.014060196 0.038999421)
(0.027082061 0.014054041 0.03900153)
(0.013164855 0.015850538 0.038997182)
(0.014875249 0.016122618 0.038999185)
(0.025132537 0.016115426 0.039003731)
(0.026838372 0.015846608 0.038999823)
(0.01527386 0.017653606 0.039001804)
(0.01670919 0.018372629 0.039012856)
(0.018998118 0.017967496 0.039000227)
(0.020995094 0.017968736 0.038999974)
(0.023243792 0.018390326 0.038991982)
(0.024731279 0.01765041 0.03900122)
(0.015303341 0.0023280619 0.040998829)
(0.016713652 0.0016256915 0.041000507)
(0.019003256 0.0020319787 0.04099934)
(0.021004234 0.002033354 0.040999982)
(0.023321488 0.0016389168 0.041006933)
(0.024729362 0.0023483976 0.04099249)
(0.013160195 0.0041551387 0.040998872)
(0.014880876 0.0038726031 0.040995867)
(0.02510371 0.0038584834 0.040998317)
(0.026842761 0.0041587404 0.041001095)
(0.012917173 0.0059478753 0.040999857)
(0.027080868 0.0059449516 0.041001558)
(0.011216681 0.0080565592 0.040996102)
(0.012974608 0.0079733153 0.04099949)
(0.027024817 0.0079727452 0.040999585)
(0.02878813 0.0080771899 0.041001601)
(0.011000057 0.010001747 0.04099968)
(0.013004512 0.0099997527 0.040999705)
(0.026995204 0.0099988433 0.041000062)
(0.028999943 0.0099982868 0.041000023)
(0.011211477 0.011921123 0.041000575)
(0.012972249 0.012019883 0.040999222)
(0.027027299 0.012020515 0.04100019)
(0.028788224 0.011922405 0.041003322)
(0.012918448 0.014054163 0.040997829)
(0.027078675 0.014056402 0.040998497)
(0.013160076 0.015844715 0.041000572)
(0.014883514 0.01612959 0.041002768)
(0.025110634 0.01613589 0.040996183)
(0.026843886 0.015839888 0.040998706)
(0.015231642 0.017627353 0.041003523)
(0.016695634 0.018367527 0.040998328)
(0.018998248 0.017967036 0.04100003)
(0.020999476 0.017967275 0.04099993)
(0.023313635 0.018364039 0.040995853)
(0.024702936 0.017668035 0.041004887)
(0.01529627 0.0023324586 0.043007287)
(0.016664072 0.0016443522 0.043010567)
(0.018998835 0.0020330498 0.043000391)
(0.020997502 0.0020308759 0.043000204)
(0.023207034 0.0015958395 0.042999927)
(0.02470923 0.0023358792 0.042996452)
(0.013160542 0.0041547169 0.042998009)
(0.014881469 0.0038694788 0.042999606)
(0.02510778 0.0038609673 0.043002687)
(0.026841651 0.0041573873 0.043000356)
(0.012923883 0.0059385815 0.043001363)
(0.027079556 0.0059441897 0.043000776)
(0.0112104 0.008083497 0.042997729)
(0.01297106 0.0079837729 0.043000129)
(0.027027477 0.0079794978 0.042999275)
(0.028788967 0.0080807804 0.043000184)
(0.011000071 0.0099978198 0.042999413)
(0.01300411 0.010000518 0.043000099)
(0.026995385 0.009999125 0.043000005)
(0.028999821 0.0099945606 0.043000864)
(0.011207472 0.011903946 0.043005243)
(0.01297325 0.012021801 0.043001398)
(0.027025999 0.012023374 0.042999582)
(0.028786787 0.011928569 0.042999914)
(0.012923721 0.014061882 0.043001404)
(0.027080571 0.014055321 0.042999577)
(0.013162335 0.015847468 0.042999818)
(0.01488198 0.01612968 0.043000458)
(0.025118663 0.016129024 0.043001978)
(0.026838583 0.01584635 0.04299818)
(0.015269036 0.017650607 0.042996254)
(0.016738728 0.018383747 0.043003847)
(0.018998642 0.017967715 0.043000394)
(0.020998285 0.017967895 0.043000281)
(0.023249029 0.018388355 0.043000459)
(0.024707704 0.01766507 0.042999148)
(0.015302615 0.0023285132 0.044998821)
(0.016748072 0.0016127367 0.045015532)
(0.019003126 0.0020316949 0.045000388)
(0.021000417 0.0020322677 0.045000185)
(0.023288818 0.001626621 0.045005446)
(0.024775154 0.0023768731 0.044998923)
(0.01317489 0.0041372338 0.045001227)
(0.014882075 0.0038722899 0.044997436)
(0.025114994 0.0038677465 0.044997343)
(0.026841199 0.0041568373 0.045002149)
(0.012918745 0.0059453897 0.04500059)
(0.027080449 0.0059442342 0.045000837)
(0.011210239 0.0080841881 0.045000404)
(0.012973295 0.0079775143 0.045002366)
(0.027025121 0.0079736997 0.044999598)
(0.02878747 0.0080743606 0.044999834)
(0.011000081 0.0099975214 0.045000124)
(0.013004565 0.0099997072 0.045000441)
(0.026995211 0.0099994824 0.044999807)
(0.028999937 0.0099980942 0.044999984)
(0.011208058 0.011906457 0.044998435)
(0.012975205 0.012027785 0.045000003)
(0.027026803 0.012022 0.044999226)
(0.028786819 0.01192843 0.04499737)
(0.012919737 0.014056592 0.045000527)
(0.027078011 0.0140585 0.045001506)
(0.013164953 0.015850658 0.045000879)
(0.014884861 0.016131803 0.044995461)
(0.025131068 0.016114957 0.045001326)
(0.026837043 0.015848226 0.045000168)
(0.01528648 0.017661454 0.045004504)
(0.016712194 0.01837376 0.044997807)
(0.018996191 0.017966603 0.045000529)
(0.021000338 0.017966707 0.045000383)
(0.023321527 0.018361069 0.04499688)
(0.024697309 0.017671534 0.04500786)
(0.015288755 0.002337132 0.047004936)
(0.016741437 0.0016152339 0.046994817)
(0.019004889 0.0020313616 0.046999672)
(0.02099856 0.0020315286 0.04700012)
(0.023255834 0.0016142063 0.047004572)
(0.024764688 0.002370365 0.047005128)
(0.01316085 0.0041543407 0.046998747)
(0.014862115 0.0038918264 0.046999801)
(0.025109303 0.0038625949 0.046999621)
(0.026841089 0.0041567029 0.046998156)
(0.012917275 0.0059469139 0.046999958)
(0.027081786 0.0059459215 0.047001595)
(0.011213983 0.0080681317 0.047001144)
(0.012976533 0.0079681718 0.047000202)
(0.027024838 0.0079732959 0.046998303)
(0.028786581 0.0080705501 0.047000857)
(0.011000029 0.0099991211 0.046999559)
(0.013004631 0.0099991324 0.04700016)
(0.026995072 0.0099995754 0.04699977)
(0.028999969 0.0099990833 0.046999797)
(0.011215614 0.011938862 0.046997827)
(0.012973056 0.012023471 0.047001296)
(0.027027754 0.012020564 0.047000709)
(0.028785047 0.011936029 0.047000793)
(0.012919776 0.014056973 0.047001193)
(0.02708049 0.014054622 0.04700167)
(0.013164337 0.015849907 0.046999569)
(0.014858636 0.016108007 0.047001557)
(0.025116448 0.016130451 0.046996515)
(0.026844486 0.015839158 0.047002385)
(0.015325324 0.017685609 0.047005411)
(0.016650734 0.018350628 0.047004952)
(0.018993069 0.017965447 0.047000287)
(0.020996557 0.017967395 0.046999768)
(0.02327952 0.018376879 0.046997187)
(0.02470488 0.017666826 0.047001564)
(0.015248939 0.0023618913 0.048996019)
(0.016734099 0.0016179959 0.049008762)
(0.018999887 0.0020326254 0.048999744)
(0.020997782 0.0020315411 0.048999509)
(0.023248968 0.0016116223 0.048999997)
(0.024732499 0.0023503485 0.049004305)
(0.013165966 0.0041481077 0.048999156)
(0.014882202 0.0038691028 0.048998592)
(0.025111394 0.0038645545 0.048999638)
(0.026829286 0.004142321 0.048999604)
(0.012922653 0.005940215 0.049000299)
(0.027079741 0.0059451156 0.049002118)
(0.011211289 0.0080796869 0.049000634)
(0.012972575 0.0079801027 0.049000425)
(0.027029366 0.0079849488 0.048999672)
(0.028783993 0.0080594502 0.049003416)
(0.011000026 0.010000799 0.048999799)
(0.013004074 0.010000097 0.048999944)
(0.026995194 0.0099998311 0.048999747)
(0.028999953 0.0099985946 0.04899899)
(0.011208699 0.011909207 0.049000467)
(0.012972483 0.012020276 0.049000207)
(0.02702568 0.012025029 0.049000809)
(0.028790783 0.011911429 0.049000175)
(0.012919038 0.014054448 0.04899937)
(0.027079305 0.014058038 0.049001947)
(0.013163944 0.015849428 0.04900523)
(0.014885592 0.016132703 0.048998439)
(0.02513712 0.016111581 0.048999229)
(0.026836284 0.015849151 0.048998494)
(0.015254434 0.017641526 0.049001485)
(0.016717545 0.018375774 0.049007417)
(0.0189984 0.01796743 0.049000088)
(0.020999819 0.017966977 0.049000359)
(0.023282998 0.01837557 0.049006125)
(0.02471845 0.017658388 0.049000923)
(0.015300544 0.0023298011 0.051008224)
(0.016710516 0.0016268717 0.051001897)
(0.01899836 0.0020332877 0.050999912)
(0.020999979 0.0020329926 0.050999625)
(0.023310233 0.001634681 0.050997892)
(0.024657092 0.0023034576 0.051003323)
(0.013161447 0.0041536136 0.05100201)
(0.01487419 0.0038794223 0.050996939)
(0.025109321 0.0038614768 0.051004116)
(0.026838695 0.0041537861 0.050996772)
(0.012923345 0.0059373624 0.050998132)
(0.027077323 0.0059383527 0.051000622)
(0.011213553 0.0080699768 0.051000641)
(0.01297331 0.007977428 0.05099939)
(0.027020293 0.0079616311 0.051000059)
(0.028785099 0.008064194 0.050994371)
(0.011000095 0.009997101 0.050998436)
(0.013004509 0.010000308 0.050999624)
(0.026994668 0.0099974532 0.050999811)
(0.028999968 0.010000948 0.051000152)
(0.011217288 0.011946043 0.051000594)
(0.012973802 0.012024221 0.05099934)
(0.027028036 0.012019133 0.050999339)
(0.028789618 0.011916428 0.051001035)
(0.012926515 0.014065206 0.050999431)
(0.027086064 0.014046706 0.050999476)
(0.013159687 0.015844241 0.051001206)
(0.014904708 0.016150249 0.050997247)
(0.025128493 0.016117937 0.051000576)
(0.026836664 0.015848689 0.050995909)
(0.015279361 0.017657027 0.051009544)
(0.016678262 0.018360989 0.050994635)
(0.018997801 0.017966934 0.050999757)
(0.021001385 0.017966954 0.051000452)
(0.02331034 0.01836528 0.051010833)
(0.024719407 0.017657793 0.051001743)
(0.015280307 0.0023423855 0.05300136)
(0.016767087 0.0016055799 0.053010716)
(0.019000009 0.0020320886 0.053000342)
(0.02099926 0.0020326803 0.053000124)
(0.023274651 0.0016212886 0.053002967)
(0.02478899 0.002385477 0.052999056)
(0.013161768 0.0041532231 0.052996966)
(0.014887092 0.0038659468 0.052999631)
(0.025132269 0.0038850069 0.053003295)
(0.026834267 0.00414839 0.052999214)
(0.012919123 0.0059474584 0.052998086)
(0.027077971 0.0059398869 0.053001108)
(0.011215082 0.0080634159 0.052996258)
(0.012971179 0.0079828993 0.053000818)
(0.027023511 0.0079697769 0.05300039)
(0.028790216 0.008086139 0.05299927)
(0.011000075 0.010002287 0.052999829)
(0.013004362 0.010001402 0.052999995)
(0.026994945 0.0099986268 0.0529999)
(0.02899997 0.0099990936 0.052999734)
(0.011207582 0.011904415 0.053000793)
(0.012974003 0.012023613 0.053000054)
(0.027025927 0.01202494 0.052998743)
(0.028787149 0.011927015 0.053003825)
(0.01292245 0.01406024 0.052998306)
(0.027084213 0.014050031 0.052999987)
(0.013148123 0.015830151 0.053002121)
(0.014884944 0.016132772 0.052994569)
(0.025110061 0.016136792 0.052998855)
(0.026847542 0.015835434 0.052998046)
(0.015267116 0.017649412 0.05300214)
(0.016710349 0.018373066 0.052995284)
(0.019000812 0.017967658 0.052999342)
(0.020999719 0.017968081 0.05300024)
(0.023272393 0.018379561 0.053001646)
(0.024733282 0.017649165 0.052999891)
(0.015262912 0.0023532023 0.055004285)
(0.016729218 0.0016198328 0.054996924)
(0.018999771 0.0020324527 0.054999977)
(0.021003584 0.0020339531 0.054999962)
(0.023350535 0.0016498495 0.055001712)
(0.024699986 0.002330131 0.05499646)
(0.013162579 0.0041522343 0.054999348)
(0.014888914 0.0038635681 0.054999501)
(0.025116265 0.0038689774 0.054999607)
(0.026826979 0.0041395099 0.055004974)
(0.012925747 0.0059365554 0.055001617)
(0.027082229 0.005947531 0.05499898)
(0.011210747 0.008082008 0.055000936)
(0.012972897 0.007980297 0.055000731)
(0.027027216 0.0079783015 0.055000664)
(0.028789605 0.0080835159 0.055000066)
(0.011000098 0.010002996 0.05500001)
(0.013004083 0.010001067 0.055000505)
(0.026995725 0.0099989918 0.055000453)
(0.028999931 0.0099979325 0.055000048)
(0.011213302 0.01192895 0.055005439)
(0.012970764 0.012016328 0.05500077)
(0.027027071 0.012022521 0.054999698)
(0.02878484 0.011936916 0.054995835)
(0.012919792 0.014054519 0.054998623)
(0.027082343 0.014052007 0.054998313)
(0.013166623 0.015852692 0.054999772)
(0.014875762 0.016124144 0.055004011)
(0.025135514 0.016111331 0.05500266)
(0.02684038 0.01584416 0.054998688)
(0.0152595 0.017644676 0.054999325)
(0.016709239 0.018372648 0.055007369)
(0.018998758 0.017967197 0.055000516)
(0.021000729 0.017968084 0.055000472)
(0.023229916 0.018395549 0.055007384)
(0.024720162 0.017657324 0.054997635)
(0.015315548 0.002320471 0.056998701)
(0.016767358 0.001605478 0.057014238)
(0.019002454 0.0020315654 0.057001199)
(0.021000121 0.0020325373 0.057000897)
(0.023273174 0.0016207327 0.057007901)
(0.024681933 0.0023189049 0.056999203)
(0.013159205 0.0041563458 0.057001528)
(0.014889073 0.0038638865 0.056996798)
(0.025112613 0.0038656922 0.056998874)
(0.026845204 0.0041617166 0.057002997)
(0.012919747 0.0059440988 0.057000457)
(0.027078476 0.0059411831 0.057000694)
(0.011217152 0.0080545414 0.057001011)
(0.012975087 0.0079730923 0.057000217)
(0.027024226 0.0079696885 0.057001966)
(0.028784321 0.0080608538 0.056999548)
(0.011000067 0.010002049 0.057000522)
(0.013004489 0.010001428 0.057001696)
(0.026995989 0.0099972938 0.05700196)
(0.028999835 0.0099949818 0.057000274)
(0.011208381 0.011907841 0.056998644)
(0.012974301 0.012025433 0.057000821)
(0.027027766 0.012020693 0.057001819)
(0.02878589 0.011932415 0.056996202)
(0.012918196 0.014053575 0.056999264)
(0.027077508 0.014058091 0.057000683)
(0.013157984 0.015842165 0.057001019)
(0.014879671 0.016126109 0.057002754)
(0.025110086 0.016136277 0.0569987)
(0.026834408 0.015851437 0.05699891)
(0.015302342 0.017671317 0.056997602)
(0.016752577 0.018388959 0.057000212)
(0.019003946 0.017968196 0.057000632)
(0.02100239 0.017967559 0.057000442)
(0.02325619 0.01838566 0.056998815)
(0.024695278 0.017672797 0.05700093)
(0.015302427 0.0023286304 0.059005768)
(0.016693396 0.0016333155 0.059002867)
(0.018997846 0.0020326927 0.059004572)
(0.021002702 0.002032846 0.0590043)
(0.023293969 0.0016285596 0.059002836)
(0.024697349 0.002328491 0.059011687)
(0.013158437 0.0041572818 0.059003552)
(0.01488579 0.0038665341 0.058999146)
(0.025112203 0.0038618953 0.059006115)
(0.026841955 0.0041577577 0.059003124)
(0.01292322 0.0059381787 0.059006274)
(0.02708485 0.0059525016 0.059005919)
(0.011210575 0.0080827468 0.05899739)
(0.01297299 0.0079759994 0.05900338)
(0.027027697 0.0079757574 0.059005385)
(0.02878492 0.0080634241 0.059003801)
(0.011000167 0.010005104 0.059002851)
(0.013002688 0.010002112 0.059007352)
(0.026997569 0.0099980274 0.059007491)
(0.028999966 0.0099989817 0.059001978)
(0.011208591 0.011908744 0.059000961)
(0.012974632 0.012028827 0.05900732)
(0.027029331 0.012020216 0.059006909)
(0.028784394 0.011938832 0.059000464)
(0.012922238 0.014060068 0.059004434)
(0.027083136 0.014050678 0.059002859)
(0.013162704 0.015847918 0.059001085)
(0.014876422 0.016122776 0.059007002)
(0.025133039 0.016115305 0.059002078)
(0.026841511 0.015842782 0.059001783)
(0.015313709 0.017678386 0.058996643)
(0.016705478 0.018371232 0.059002612)
(0.019000173 0.017967694 0.059004635)
(0.021002217 0.017967976 0.059004788)
(0.023254859 0.018386161 0.059012333)
(0.024722973 0.017655575 0.059008967)
(0.015271881 0.0023476249 0.061012652)
(0.016716042 0.0016247918 0.061019126)
(0.018999311 0.0020296212 0.061023638)
(0.021001872 0.0020301503 0.061023154)
(0.023330484 0.001642303 0.061022802)
(0.024702588 0.002331749 0.061012)
(0.013164448 0.0041499566 0.06102193)
(0.014876082 0.0038761263 0.061024713)
(0.025112112 0.0038618801 0.061023113)
(0.02684336 0.0041594702 0.061019052)
(0.012914117 0.0059505981 0.061023904)
(0.027077286 0.0059372197 0.061024137)
(0.011216018 0.0080594032 0.061017788)
(0.012965322 0.0079785539 0.061025001)
(0.027031002 0.0079686833 0.061027482)
(0.028787154 0.0080730075 0.061023531)
(0.011000054 0.0099983593 0.061021307)
(0.012993478 0.01000088 0.061025358)
(0.027005342 0.0099982876 0.061025699)
(0.028999961 0.0099988476 0.0610186)
(0.011212494 0.011925481 0.061022875)
(0.012965381 0.012023371 0.061027454)
(0.027032664 0.012025853 0.061028657)
(0.028788439 0.011921482 0.06102054)
(0.012912352 0.01404734 0.061025511)
(0.027078999 0.014060499 0.061029232)
(0.013159328 0.015843804 0.061025503)
(0.014892253 0.016140017 0.061022029)
(0.025123126 0.016127171 0.061026191)
(0.026843007 0.01584096 0.061023711)
(0.015242949 0.017634384 0.061021253)
(0.016729328 0.018380209 0.061015763)
(0.018999298 0.017971152 0.061023274)
(0.020998178 0.017971528 0.061024236)
(0.023249175 0.0183883 0.061021025)
(0.024704355 0.017667153 0.061018629)
(0.015232944 0.0023718376 0.063116222)
(0.016701238 0.0016303638 0.063100751)
(0.018990887 0.0020013546 0.063077317)
(0.021004354 0.002000401 0.06307768)
(0.023277376 0.0016223142 0.063089633)
(0.024670417 0.0023117439 0.063095159)
(0.013144238 0.0041745826 0.063103316)
(0.014865475 0.003858082 0.063087143)
(0.016926283 0.0039018336 0.063046716)
(0.018977866 0.0039481906 0.06302624)
(0.021015564 0.0039442769 0.06302602)
(0.023061357 0.003890242 0.06304527)
(0.025111545 0.0038382146 0.063088921)
(0.026845259 0.0041617837 0.063097485)
(0.012904258 0.0059293818 0.063092221)
(0.01489365 0.0059121763 0.063037956)
(0.01694807 0.0059462334 0.063014975)
(0.01898541 0.0059695097 0.063008274)
(0.021011081 0.005967133 0.063008235)
(0.023045118 0.0059383233 0.063014935)
(0.025095656 0.0058980919 0.063038553)
(0.027096152 0.0059283204 0.063094199)
(0.011218698 0.0080479115 0.063078552)
(0.012931444 0.0079677082 0.063057914)
(0.014938473 0.0079665191 0.06301783)
(0.016972503 0.0079804498 0.063006452)
(0.018992657 0.0079888806 0.063003362)
(0.021006168 0.0079879838 0.06300336)
(0.023025632 0.0079771102 0.063006545)
(0.025059714 0.00795897 0.063018555)
(0.027068422 0.0079565819 0.063061719)
(0.028781589 0.0080491385 0.063086256)
(0.011000038 0.0099988285 0.063085755)
(0.012949832 0.0099998652 0.063046582)
(0.014955832 0.0099997002 0.063013296)
(0.016980797 0.0099998356 0.063004631)
(0.018995018 0.0099999944 0.063002312)
(0.021004503 0.0099999743 0.063002312)
(0.02301845 0.0099998129 0.063004688)
(0.025042812 0.0099995286 0.063013621)
(0.027048535 0.0099987666 0.063047527)
(0.028999906 0.0099971409 0.063086347)
(0.011212941 0.011927399 0.063095293)
(0.012927279 0.012036797 0.063060097)
(0.014935616 0.012032557 0.063018265)
(0.016972312 0.012019052 0.063006469)
(0.018992873 0.012011304 0.063003332)
(0.021006363 0.01201209 0.063003337)
(0.023026194 0.012022452 0.063006505)
(0.025060331 0.012040733 0.063018511)
(0.027064392 0.012049843 0.063060786)
(0.028790926 0.011910815 0.063081102)
(0.012898429 0.014063967 0.063093376)
(0.014893212 0.014082883 0.06303876)
(0.016950293 0.01405341 0.0630147)
(0.018986592 0.014031942 0.063008095)
(0.021011455 0.014033591 0.063008142)
(0.023046368 0.014060713 0.063014618)
(0.025099844 0.014100041 0.063038387)
(0.027094973 0.014077252 0.063096701)
(0.013176675 0.015864941 0.063103846)
(0.014860823 0.016134771 0.063088036)
(0.016932095 0.016101717 0.063043935)
(0.018980518 0.016056369 0.063025635)
(0.021015735 0.01605794 0.063026265)
(0.023061992 0.016108171 0.063043521)
(0.02512404 0.016150891 0.063082437)
(0.026833424 0.015852636 0.063092408)
(0.015305811 0.017673475 0.063116213)
(0.016719525 0.018376519 0.063090633)
(0.018993367 0.018000748 0.063076334)
(0.021001532 0.018000812 0.063082754)
(0.023273415 0.018379177 0.063092471)
(0.024689571 0.017676346 0.063089956)
(0.016901189 0.003880233 0.064999998)
(0.018976177 0.0039395751 0.064999998)
(0.02101615 0.0039333301 0.064999998)
(0.023081683 0.0038562268 0.064999998)
(0.014878601 0.0059013862 0.064999998)
(0.016961142 0.0059605311 0.064999998)
(0.018992549 0.0059857833 0.064999998)
(0.021005863 0.005984027 0.064999998)
(0.023033367 0.0059537569 0.064999998)
(0.025110811 0.0058828686 0.064999998)
(0.012862007 0.0079381503 0.064999998)
(0.014948051 0.0079712389 0.064999998)
(0.016988857 0.0079917157 0.064999998)
(0.018998559 0.0079980517 0.064999998)
(0.021001359 0.0079977587 0.064999998)
(0.0230109 0.0079901086 0.064999998)
(0.025053693 0.0079652983 0.064999998)
(0.027157655 0.0079220469 0.064999998)
(0.012888895 0.0099988259 0.064999998)
(0.014967002 0.0099992951 0.064999998)
(0.016994943 0.0099998505 0.064999998)
(0.018999581 0.0099999909 0.064999998)
(0.021000453 0.0099999992 0.064999998)
(0.023005222 0.0099999449 0.064999998)
(0.025033056 0.0099996598 0.064999998)
(0.027111452 0.010000163 0.064999998)
(0.012824061 0.012059405 0.064999998)
(0.014942036 0.012025581 0.064999998)
(0.016988473 0.012007601 0.064999998)
(0.018998566 0.012002018 0.064999998)
(0.021001338 0.012002278 0.064999998)
(0.023011203 0.012009597 0.064999998)
(0.025053924 0.012033016 0.064999998)
(0.02715415 0.012072964 0.064999998)
(0.014880137 0.014085074 0.064999998)
(0.016963831 0.014038222 0.064999998)
(0.018993254 0.014015549 0.064999998)
(0.021005688 0.014016535 0.064999998)
(0.023034386 0.014045104 0.064999998)
(0.025114586 0.014114427 0.064999998)
(0.016913421 0.016130077 0.064999998)
(0.018979705 0.016069357 0.064999998)
(0.021015908 0.016071027 0.064999998)
(0.023079418 0.01613998 0.064999998)
(0.017310241 0.0014020126 4.9136211e-49)
(0.01597446 0.0019521673 3.4290105e-49)
(0.019010837 0.0010478763 9.268832e-49)
(0.017999199 0.0020270931 -3.6022529e-46)
(0.018090993 0.001208652 0.00087309124)
(0.020987408 0.001058546 2.6306491e-47)
(0.020000676 0.0020128886 -9.2189066e-46)
(0.020001319 0.0010000432 0.00011880868)
(0.022694849 0.0013944598 1.7419727e-48)
(0.02200386 0.0020276804 1.4702777e-45)
(0.021913158 0.0012096202 0.00090622124)
(0.02402551 0.0019496634 4.8121724e-47)
(0.014723039 0.002699099 2.0947103e-43)
(0.013639746 0.0036352611 -1.2280816e-40)
(0.014168039 0.0031496081 0.00086929831)
(0.016959088 0.0029142735 -2.7528461e-44)
(0.015926527 0.0039077676 -5.12571e-41)
(0.015954264 0.0029151596 0.00066223647)
(0.018995414 0.0030048201 7.1232796e-42)
(0.017982352 0.0029701084 0.00087946232)
(0.021008211 0.0030073667 -3.4630857e-41)
(0.020002286 0.003007755 0.00083213292)
(0.023044101 0.0029186898 -4.1907089e-43)
(0.022029076 0.0029749685 0.00095677504)
(0.025273635 0.0026922119 3.5532859e-44)
(0.024072865 0.0039054973 1.8388287e-40)
(0.0240527 0.0029187578 0.00099673326)
(0.026357287 0.0036327056 -4.9907079e-41)
(0.025830628 0.0031485139 0.0010034997)
(0.012692212 0.0047263651 -8.5704222e-40)
(0.011952635 0.0059747097 -1.8693522e-40)
(0.012365414 0.005243273 0.00093066008)
(0.014892578 0.0048954824 1.8817581e-37)
(0.013904238 0.005931088 7.4627936e-37)
(0.013859965 0.0048984053 0.00081737088)
(0.015918344 0.0049083513 0.00090642311)
(0.025102194 0.0048897553 1.4210908e-37)
(0.024081108 0.0049056708 0.0009970135)
(0.0273009 0.0047230395 -4.2650358e-40)
(0.026091258 0.0059270411 5.3223609e-37)
(0.02612363 0.0048814264 0.00099919781)
(0.028047365 0.0059747097 -1.4668128e-40)
(0.027667251 0.005295803 0.0010052637)
(0.011402013 0.0073102407 -1.0150176e-40)
(0.012915649 0.0069591182 1.7911337e-36)
(0.012027442 0.0079977886 3.1666806e-37)
(0.011624493 0.0067168364 0.00098434766)
(0.013960398 0.0079740157 -1.7540004e-33)
(0.013920219 0.0069557558 0.00095319187)
(0.027083224 0.0069579857 1.7107391e-36)
(0.026038362 0.007972731 -1.6845232e-33)
(0.026077287 0.0069521475 0.0010009056)
(0.028597986 0.0073102415 2.6925232e-40)
(0.027972253 0.0079973207 3.834154e-37)
(0.028378646 0.0067251764 0.0010074788)
(0.011047876 0.0090108366 -9.4219685e-38)
(0.01300015 0.0089920337 -8.277212e-34)
(0.012011393 0.0099979022 2.4295823e-34)
(0.012030551 0.0089977856 0.00080289558)
(0.013989588 0.009996998 3.891742e-31)
(0.013983182 0.0089878997 0.00093960582)
(0.026999424 0.0089928113 -9.0733509e-34)
(0.026009964 0.0099996336 4.5931654e-31)
(0.026015946 0.0089881735 0.0010002014)
(0.028952123 0.0090108368 5.1422094e-38)
(0.027989333 0.0099998348 -2.2134047e-33)
(0.027969344 0.009000056 0.0010006233)
(0.011049245 0.010988324 -2.5582921e-34)
(0.012999586 0.01100207 -8.377611e-31)
(0.01202526 0.011998094 -4.1981973e-31)
(0.012029229 0.010992102 0.0008025717)
(0.01395932 0.012019841 1.0163435e-27)
(0.013982476 0.011005799 0.00093985646)
(0.027001062 0.011006569 -1.0135093e-30)
(0.026039042 0.012025911 8.570667e-28)
(0.026016219 0.011011338 0.00099950778)
(0.028963832 0.010989363 -1.5020949e-29)
(0.027974631 0.012001864 1.5307804e-28)
(0.027970261 0.010999077 0.00099980765)
(0.01139446 0.012694849 -6.9107945e-27)
(0.01291648 0.01303424 -6.4772473e-27)
(0.011949664 0.01402551 2.6626118e-24)
(0.01160864 0.013241043 0.00097820502)
(0.013902303 0.01406572 -1.6551103e-23)
(0.013918001 0.013037247 0.00094921609)
(0.027081209 0.013039637 -1.0158183e-27)
(0.026095347 0.01406874 2.9766559e-24)
(0.026079107 0.013046006 0.00099683108)
(0.028605913 0.012693189 4.0857467e-25)
(0.028050336 0.01402551 -6.3168551e-25)
(0.028382065 0.013265741 0.0010023747)
(0.012692261 0.015273606 -1.0973353e-20)
(0.012369785 0.014763755 0.00096849527)
(0.014889713 0.015102266 1.0029147e-21)
(0.01363115 0.016358742 1.1413525e-20)
(0.013860463 0.015102512 0.00067382087)
(0.015922739 0.016089317 3.4914525e-19)
(0.015914863 0.015088798 0.00090707293)
(0.025109682 0.015101968 2.6617639e-22)
(0.02407518 0.016090112 1.6350499e-19)
(0.024085691 0.015086582 0.00099115326)
(0.027300901 0.015276961 2.3372374e-21)
(0.026364456 0.016361104 6.0755542e-21)
(0.026145003 0.015097711 0.00096798598)
(0.027680138 0.014683472 0.0010034876)
(0.014723071 0.017300862 1.5381728e-16)
(0.014164707 0.016847656 0.00071328684)
(0.016954291 0.017083017 1.2403336e-16)
(0.01597471 0.018047365 5.3919948e-15)
(0.015941702 0.017077298 0.00095127693)
(0.018992135 0.016994547 2.9914137e-18)
(0.017996229 0.017971916 2.6064641e-15)
(0.017973868 0.017026197 0.00099095044)
(0.021004828 0.016997029 8.4252244e-18)
(0.019999545 0.017988857 2.3739835e-16)
(0.019998625 0.016992983 0.00099867333)
(0.023039609 0.017082482 9.9764774e-17)
(0.02200151 0.01797485 5.8836512e-15)
(0.022018172 0.017029034 0.00099855203)
(0.025273635 0.017307788 5.1264024e-17)
(0.02402551 0.018050336 6.9393101e-15)
(0.024052676 0.017079997 0.00099552496)
(0.025842339 0.016841874 0.00097153388)
(0.017310241 0.018597986 4.9288303e-12)
(0.019010837 0.018952123 3.8797012e-13)
(0.018075367 0.018787704 0.00099649458)
(0.020989363 0.018963832 -1.4001676e-12)
(0.020002053 0.018999932 0.00099986472)
(0.022694849 0.018605539 2.9199059e-12)
(0.021913643 0.018790267 0.0010018146)
(0.017336228 0.001408107 0.0018800638)
(0.015983826 0.0019471609 0.001659092)
(0.019015695 0.0010582404 0.0017978358)
(0.017992339 0.0020257213 0.0018559831)
(0.01808971 0.0012089513 0.0029275686)
(0.020991778 0.0010589764 0.0018072619)
(0.020001947 0.0020141554 0.0017538322)
(0.020001977 0.0010000648 0.0028621828)
(0.022737931 0.0014306025 0.0019645444)
(0.022008591 0.0020266988 0.0019327948)
(0.021915763 0.0012102275 0.0029488041)
(0.024021643 0.001950084 0.0019970726)
(0.014748789 0.0026966945 0.0018568986)
(0.013637512 0.0036346589 0.0018132127)
(0.014167734 0.0031498586 0.0029307998)
(0.016957676 0.0029026924 0.0018280868)
(0.015925956 0.0039001956 0.0018521399)
(0.015953345 0.0029140535 0.0028814346)
(0.018995497 0.0030057266 0.001857695)
(0.017980102 0.0029690821 0.0029037939)
(0.02101089 0.0030074466 0.0018890026)
(0.020003075 0.0030083909 0.0028957385)
(0.023054223 0.0029079407 0.0019857698)
(0.022034025 0.0029741865 0.0029629362)
(0.025279864 0.0027172266 0.0019977979)
(0.024079345 0.003902564 0.0019956858)
(0.024049855 0.0029149914 0.002996734)
(0.026359757 0.0036321007 0.0020037477)
(0.025840312 0.0031564608 0.0030000149)
(0.012709068 0.0047315221 0.0018279158)
(0.011949609 0.0059792475 0.0019681889)
(0.01233787 0.0052875685 0.0029542624)
(0.01488852 0.0048871893 0.001873544)
(0.0138994 0.0059284367 0.0019064973)
(0.013866719 0.0048871879 0.002911859)
(0.015919364 0.0049034107 0.002914716)
(0.025112256 0.0048866744 0.0019989228)
(0.024084054 0.0049036766 0.0029957943)
(0.027312759 0.0047619807 0.0019934591)
(0.026100034 0.0059272764 0.0020000273)
(0.026128794 0.0048830357 0.0030039935)
(0.028045496 0.0059700897 0.0020005332)
(0.027669302 0.0052991019 0.002998325)
(0.011430215 0.0072633485 0.0019531254)
(0.012897018 0.0069785406 0.0019533442)
(0.012020858 0.0080041808 0.0019211774)
(0.011613428 0.0067462354 0.0029796937)
(0.013956626 0.0079767812 0.0019417019)
(0.013917921 0.0069562779 0.0029522704)
(0.027097005 0.0069618085 0.0020033177)
(0.026041555 0.0079727023 0.0020005864)
(0.02607986 0.0069506649 0.0030005402)
(0.028576686 0.0072860988 0.0019932423)
(0.027976204 0.0079981726 0.0020008589)
(0.028370746 0.0067041866 0.0029952123)
(0.01105913 0.0090066678 0.0017949912)
(0.012999963 0.0089933369 0.0018912219)
(0.012012929 0.0099965116 0.0017459294)
(0.012030909 0.0089999862 0.0029034112)
(0.013989939 0.0099974112 0.0019112718)
(0.013983127 0.0089882273 0.0029364699)
(0.026998848 0.0089924935 0.0020003075)
(0.026009079 0.0099997835 0.0019996797)
(0.026016059 0.0089873657 0.0029998853)
(0.028941089 0.009008889 0.002000025)
(0.027986639 0.0099999296 0.0020000292)
(0.027968066 0.0089969708 0.0029999032)
(0.011058268 0.010984585 0.0017944845)
(0.012999829 0.011002037 0.0018921844)
(0.012022169 0.011997826 0.0019224557)
(0.012031205 0.010998065 0.0029040239)
(0.013956166 0.01202032 0.0019433846)
(0.013982644 0.011007701 0.0029377074)
(0.026998242 0.011008526 0.001999612)
(0.026041118 0.012029363 0.0019983907)
(0.026016124 0.011011495 0.0029990455)
(0.028941933 0.010982538 0.0019998989)
(0.027969649 0.012020313 0.0020002769)
(0.027968012 0.011000523 0.0029999418)
(0.011435925 0.012755476 0.0019598855)
(0.012899505 0.013028208 0.001962492)
(0.011950247 0.014021947 0.0019845555)
(0.01162971 0.013297026 0.0029862993)
(0.013897869 0.014069178 0.0018977358)
(0.013917512 0.013043443 0.0029561099)
(0.027090615 0.013055393 0.0019987134)
(0.026104772 0.014068911 0.0019915833)
(0.026083046 0.013046141 0.0029970776)
(0.028578203 0.012708902 0.0020016223)
(0.028046154 0.014028681 0.001997835)
(0.028369644 0.013298743 0.0030019344)
(0.012702737 0.015259644 0.0019105958)
(0.012364535 0.014755312 0.00296716)
(0.014886053 0.015110655 0.0018366885)
(0.013639248 0.016366967 0.0016409045)
(0.013867304 0.015113627 0.0028982162)
(0.01592182 0.01609671 0.0019034771)
(0.015916089 0.015093387 0.0029346683)
(0.025120504 0.015103004 0.0019864644)
(0.024077693 0.016093997 0.001991268)
(0.024089517 0.015087534 0.0029943939)
(0.027291051 0.015268313 0.0019894333)
(0.026388047 0.016338246 0.0019791268)
(0.026154445 0.015087332 0.0029913369)
(0.0276388 0.014749949 0.0029969)
(0.014735113 0.017293506 0.0019071805)
(0.014151927 0.016837168 0.0028962665)
(0.016962275 0.017098196 0.0019822896)
(0.015981153 0.01805141 0.0019873073)
(0.015949433 0.017083948 0.0029705749)
(0.018992539 0.016993934 0.0019961556)
(0.018002242 0.017977537 0.0019989225)
(0.017973513 0.017028489 0.0029912405)
(0.021003816 0.016994839 0.0019984887)
(0.019998411 0.017986309 0.0019992537)
(0.019998651 0.016991955 0.0029982477)
(0.0230214 0.01710406 0.0019954545)
(0.021998583 0.017979022 0.0019968599)
(0.022023166 0.017028754 0.0029988559)
(0.025233356 0.017316101 0.0019903669)
(0.024028764 0.01804611 0.001995861)
(0.02406014 0.017077045 0.0029974495)
(0.025839063 0.016844563 0.0029903938)
(0.017312664 0.018584745 0.0019940786)
(0.019008269 0.018941028 0.0019998973)
(0.01807301 0.018787155 0.0029965167)
(0.02098718 0.018941476 0.0020001732)
(0.01999673 0.018999892 0.0030001238)
(0.022706284 0.018578997 0.0020012246)
(0.021905882 0.018792076 0.0030011923)
(0.017264983 0.0014297187 0.0039621217)
(0.015979246 0.001949609 0.0039435133)
(0.019013226 0.0010584836 0.0039571789)
(0.017994533 0.0020247152 0.003953265)
(0.018070099 0.001213524 0.0049847413)
(0.020984701 0.0010582794 0.0039601259)
(0.020001417 0.0020143688 0.0039416552)
(0.019999554 0.0010000146 0.0049810695)
(0.022694151 0.0014173221 0.003987677)
(0.022023476 0.0020311289 0.0039776958)
(0.021941099 0.0012161352 0.004993867)
(0.024011412 0.0019446154 0.0039961142)
(0.01475344 0.0026933613 0.0039647716)
(0.013633785 0.003638445 0.0039660202)
(0.014156518 0.0031590634 0.0049865286)
(0.016960935 0.0029006997 0.0039448509)
(0.015926872 0.00389825 0.003944781)
(0.01594846 0.0029168878 0.0049788325)
(0.018995449 0.0030057383 0.0039407229)
(0.017979902 0.0029685428 0.0049720516)
(0.021013307 0.0030082325 0.0039553701)
(0.020003105 0.0030086934 0.0049708016)
(0.023064198 0.002910639 0.0039925224)
(0.022038285 0.0029757407 0.0049890128)
(0.025275006 0.0027137449 0.0039966594)
(0.024080348 0.003900961 0.0039962111)
(0.024059451 0.0029207366 0.0049992974)
(0.026346756 0.0036199244 0.0040006972)
(0.02584336 0.0031589625 0.0050009412)
(0.012704736 0.0047375666 0.0039630607)
(0.011954608 0.0059698948 0.0039893225)
(0.012366109 0.0052421564 0.0049900759)
(0.014890033 0.0048845186 0.0039505974)
(0.013900162 0.0059252581 0.0039636759)
(0.013869833 0.0048852162 0.004979232)
(0.015920033 0.0049023475 0.0049693116)
(0.025110397 0.0048827355 0.0039985832)
(0.024086532 0.0049043455 0.0049966412)
(0.027295407 0.0047377663 0.0040004632)
(0.026097923 0.0059232516 0.0040004484)
(0.026127557 0.0048801964 0.0049967115)
(0.028045132 0.0059694073 0.0040016207)
(0.027657275 0.00527976 0.0050029355)
(0.011418219 0.0073028941 0.0039789648)
(0.012905553 0.0069540067 0.003981862)
(0.012027842 0.0079842656 0.0039757176)
(0.011624898 0.0067157594 0.0049947363)
(0.013958179 0.0079717683 0.0039652554)
(0.013919722 0.0069514713 0.004981823)
(0.027099717 0.0069682662 0.0040035349)
(0.026042161 0.0079724315 0.0040004082)
(0.026080189 0.0069510548 0.0049996885)
(0.028575385 0.0072818105 0.0040006964)
(0.02797596 0.0079934777 0.0040024295)
(0.028380261 0.0067294659 0.0049979119)
(0.011058687 0.0090111621 0.0039575348)
(0.013001325 0.0089909065 0.0039540212)
(0.01201326 0.0099976441 0.003941747)
(0.012031812 0.0089985556 0.0049798486)
(0.013990422 0.0099972885 0.0039525497)
(0.013984099 0.00898675 0.004973967)
(0.02699877 0.0089916028 0.0040002483)
(0.026008901 0.0099986675 0.0039994639)
(0.026015753 0.0089867681 0.0049997729)
(0.02894114 0.0090094056 0.0040002161)
(0.027986567 0.0099978357 0.0039999852)
(0.027968315 0.0089981421 0.0050002601)
(0.011058377 0.010985689 0.0039576129)
(0.012999879 0.011002683 0.0039549926)
(0.012022516 0.011998569 0.0039774992)
(0.012030223 0.010995578 0.0049794997)
(0.013955295 0.012020412 0.0039678817)
(0.013982296 0.01100653 0.0049748638)
(0.026999072 0.011005441 0.0039990669)
(0.026042993 0.012025199 0.003997992)
(0.026015899 0.011010239 0.0049990811)
(0.028941721 0.010984693 0.0040000232)
(0.027976755 0.012001883 0.0039966654)
(0.027968735 0.010997202 0.0049997611)
(0.011437672 0.012761237 0.0039877868)
(0.01289847 0.013027223 0.0039868024)
(0.011952322 0.014025828 0.0039951562)
(0.011602906 0.013225808 0.0049910449)
(0.013895398 0.014068128 0.0039684966)
(0.013914258 0.013036465 0.0049849127)
(0.027101014 0.013029831 0.0039950923)
(0.026104367 0.014068781 0.0039970866)
(0.02608158 0.013046496 0.0049984009)
(0.028553273 0.012791083 0.0040023237)
(0.028044026 0.014032661 0.0040012115)
(0.028376241 0.013281215 0.0049997873)
(0.012711178 0.015271423 0.0039817721)
(0.012352654 0.014736206 0.0049947575)
(0.014882717 0.015107807 0.0039540956)
(0.013597754 0.016323086 0.0039568727)
(0.013860739 0.015106115 0.0049854572)
(0.015922365 0.016097125 0.0039684323)
(0.015915503 0.015093076 0.0049817756)
(0.025118811 0.015107092 0.0039960661)
(0.024082587 0.016094123 0.0039975937)
(0.024086937 0.015091852 0.0049981207)
(0.027297509 0.015259301 0.0039993317)
(0.026367492 0.016360192 0.0039932154)
(0.026131814 0.015112978 0.0049995055)
(0.027655833 0.014722558 0.0050005702)
(0.014755875 0.017308384 0.003970725)
(0.014154988 0.01683968 0.0049810877)
(0.016961602 0.017099115 0.0039912984)
(0.015977183 0.018049288 0.0039956542)
(0.015949167 0.017083872 0.0049937423)
(0.018992034 0.016993576 0.0039974093)
(0.017985631 0.017973547 0.0039991651)
(0.017976357 0.017029545 0.0049970114)
(0.021005354 0.016994056 0.00399937)
(0.019998966 0.017985929 0.0039997109)
(0.020000899 0.016991645 0.0049989835)
(0.023033519 0.017099796 0.0040010877)
(0.021994728 0.017978527 0.0040011467)
(0.022025939 0.017027967 0.0049994361)
(0.025269157 0.017290446 0.0039991011)
(0.024038883 0.018040701 0.0040014635)
(0.024056167 0.017080076 0.0049996776)
(0.025843448 0.016840964 0.0049998003)
(0.017281866 0.018575402 0.0039950676)
(0.01901104 0.018941301 0.0039997269)
(0.018077284 0.018788151 0.0049979184)
(0.020987615 0.018941433 0.0040001733)
(0.020004254 0.01899986 0.0049990682)
(0.022738191 0.018569318 0.0039982142)
(0.021921729 0.018788381 0.0049977895)
(0.017257148 0.0014320957 0.0059946465)
(0.015962063 0.0019587936 0.0059966303)
(0.0190136 0.0010584468 0.0059952094)
(0.018006648 0.0020206781 0.0059945818)
(0.018083013 0.0012105128 0.0069995713)
(0.020987517 0.0010585567 0.005995609)
(0.020000444 0.0020143884 0.0059906085)
(0.019995197 0.0010001573 0.0069988506)
(0.022715057 0.001423664 0.0060023097)
(0.022014428 0.0020282244 0.0059961069)
(0.02192379 0.0012120992 0.0069950914)
(0.024019754 0.0019490742 0.0060013316)
(0.01475267 0.0026939134 0.0059998088)
(0.013622661 0.0036503223 0.0059937109)
(0.014155456 0.0031599352 0.0069996586)
(0.016968479 0.0028980578 0.0059913566)
(0.015925617 0.0038988079 0.0059874408)
(0.015949681 0.0029148551 0.0069965749)
(0.018995446 0.0030059485 0.0059859939)
(0.017970174 0.0029730035 0.006993308)
(0.02101229 0.0030082557 0.0059893754)
(0.020000748 0.0030092703 0.0069937386)
(0.023060418 0.0029096326 0.0059997193)
(0.022035335 0.0029750629 0.0069962555)
(0.025280088 0.0027173869 0.0059969444)
(0.024083681 0.0039032383 0.0059987941)
(0.024063154 0.0029233373 0.0070005716)
(0.02634975 0.0036227289 0.0060061811)
(0.02584765 0.0031624828 0.0069985558)
(0.012694457 0.0047519116 0.0059974922)
(0.011956824 0.0059657483 0.0059992529)
(0.01235118 0.0052661637 0.0070003685)
(0.014889782 0.0048849528 0.0059882404)
(0.013899695 0.0059260524 0.0059914998)
(0.013878223 0.0048747973 0.0069990882)
(0.015920708 0.0049005269 0.0069914056)
(0.025112572 0.0048841613 0.0059994972)
(0.024087663 0.0049053712 0.0069988304)
(0.027292468 0.0047336658 0.005999515)
(0.02609774 0.0059220959 0.0059999624)
(0.026132626 0.004886756 0.0070000965)
(0.028047798 0.0059743959 0.0060012016)
(0.027680512 0.0053171287 0.0070016871)
(0.011437211 0.0072402852 0.0060021991)
(0.01289988 0.0069692136 0.0059941984)
(0.012022057 0.0080009757 0.0059963011)
(0.011633483 0.006692952 0.0069954872)
(0.013958597 0.00797221 0.0059876917)
(0.013923195 0.0069455112 0.0069941445)
(0.027092773 0.0069495033 0.0060002928)
(0.026040871 0.0079692131 0.0059998439)
(0.026079616 0.0069495422 0.0069996758)
(0.028561182 0.0072349876 0.005996563)
(0.027971872 0.007985569 0.0060002061)
(0.028381539 0.0067328618 0.0069928026)
(0.011058518 0.0090128778 0.0059955157)
(0.013001364 0.0089924966 0.0059876696)
(0.012013216 0.0099994524 0.0059902967)
(0.012031894 0.0090010093 0.0069961603)
(0.013990944 0.0099975113 0.00598429)
(0.013985254 0.0089860701 0.006991791)
(0.026997734 0.0089900348 0.0059999938)
(0.026008204 0.0099984843 0.0059995647)
(0.026015032 0.0089859226 0.0069999005)
(0.028941279 0.0090108217 0.0060005603)
(0.02798625 0.0099989239 0.0059997567)
(0.027967636 0.0089968284 0.0070002383)
(0.01105842 0.010986131 0.0059952285)
(0.013000028 0.011002783 0.005988262)
(0.012021697 0.01199516 0.0059961574)
(0.012030849 0.010997931 0.0069970958)
(0.013955424 0.012020495 0.0059895843)
(0.013983205 0.011007882 0.0069925765)
(0.026998092 0.011006928 0.0059995079)
(0.026041264 0.012028247 0.0059989049)
(0.026015116 0.011011378 0.0069992352)
(0.028941676 0.010985146 0.0059996215)
(0.027972322 0.012011946 0.0059997724)
(0.027967939 0.010999847 0.007000236)
(0.01143768 0.012761261 0.0059911995)
(0.012900528 0.013033341 0.0059983532)
(0.011957322 0.014035184 0.0060031944)
(0.011617952 0.013265783 0.0069987891)
(0.013896207 0.014068925 0.0059946954)
(0.013916351 0.013041234 0.0069966587)
(0.027093875 0.01304722 0.0059997988)
(0.02610124 0.014074094 0.0059991415)
(0.026079754 0.013050723 0.006998316)
(0.028565676 0.012750195 0.0060056116)
(0.028045651 0.014029622 0.0059998964)
(0.028369858 0.013298173 0.0069974532)
(0.012697443 0.015252257 0.0059922541)
(0.012352839 0.014736504 0.0069996211)
(0.014885548 0.015110822 0.0059940203)
(0.013633646 0.016361407 0.0060054249)
(0.013860831 0.015106424 0.0070030096)
(0.015922695 0.016098555 0.0059950874)
(0.015914154 0.015092983 0.0069968938)
(0.025118983 0.015108123 0.0059984478)
(0.024084894 0.016093103 0.005998506)
(0.024088029 0.015090808 0.006998222)
(0.027293773 0.015264514 0.0060013436)
(0.026369488 0.016358061 0.0059969922)
(0.026145839 0.01510103 0.0069979376)
(0.027673391 0.014694322 0.0070111671)
(0.01475351 0.017306689 0.0060009576)
(0.014151794 0.016837059 0.0069970083)
(0.01696423 0.017100013 0.0059992791)
(0.015963395 0.018041918 0.0059989491)
(0.015946516 0.017082848 0.0069970388)
(0.018993495 0.016993555 0.0059989276)
(0.01800135 0.017977493 0.0059995338)
(0.017967117 0.017026006 0.0069991504)
(0.021009268 0.016992808 0.0059991265)
(0.020003432 0.017985663 0.006000649)
(0.020000464 0.01699112 0.0069992062)
(0.023057237 0.017091047 0.0059966397)
(0.022008804 0.017973019 0.0059993535)
(0.022026334 0.017027987 0.0069976141)
(0.025286677 0.017277892 0.0059983582)
(0.024023696 0.018048818 0.006001238)
(0.024055657 0.017080953 0.0069991948)
(0.025847451 0.016837679 0.0069993391)
(0.01728577 0.018576586 0.0060007526)
(0.019011676 0.018941363 0.0059986199)
(0.01804902 0.018781561 0.0069991677)
(0.020991356 0.018941065 0.0059998333)
(0.020004263 0.01899986 0.0069996169)
(0.022712736 0.018577039 0.0060043251)
(0.021914131 0.018790153 0.0069967838)
(0.017270479 0.0014280516 0.0080040449)
(0.015987421 0.0019452397 0.0080008314)
(0.019014252 0.0010583826 0.0079997069)
(0.017981245 0.0020309323 0.0079994492)
(0.018092335 0.0012083393 0.0090001418)
(0.020982278 0.0010580407 0.0079996361)
(0.019999052 0.0020148751 0.0079984987)
(0.019996375 0.0010001187 0.0089993455)
(0.022756757 0.0014363135 0.0079992834)
(0.022024412 0.0020314715 0.0079993191)
(0.02191241 0.0012094457 0.0089989802)
(0.024031426 0.0019553131 0.0080011354)
(0.014734597 0.002706864 0.0080016285)
(0.013648988 0.0036239107 0.0079901411)
(0.014150083 0.003164344 0.0089995031)
(0.016930827 0.0029124251 0.0079957745)
(0.015924016 0.0038984043 0.0079961593)
(0.015948976 0.0029162813 0.0089990213)
(0.018990294 0.0030079594 0.007996973)
(0.017976064 0.0029708699 0.0089982659)
(0.021011898 0.0030089108 0.0079973827)
(0.019999961 0.003009257 0.0089984563)
(0.023068233 0.0029126497 0.007997975)
(0.022038365 0.0029765033 0.0089974514)
(0.025273598 0.002712736 0.0079995088)
(0.024082564 0.0039018416 0.0079991489)
(0.024061956 0.0029224627 0.0089988591)
(0.026335997 0.0036098478 0.0079971311)
(0.025843546 0.0031591152 0.0089992092)
(0.012719914 0.0047163856 0.0079947612)
(0.011953009 0.0059728851 0.0079993994)
(0.012322044 0.0053130187 0.0090007499)
(0.014894984 0.0048775737 0.0079954031)
(0.013908011 0.005914561 0.0079964168)
(0.013881987 0.0048679222 0.0089978287)
(0.015919086 0.0049012136 0.0089967679)
(0.025108808 0.0048810058 0.0079994238)
(0.024083965 0.0049027525 0.0089992974)
(0.027297088 0.004740112 0.0080001613)
(0.026096134 0.0059208162 0.0080004382)
(0.026117753 0.0048721464 0.0090011985)
(0.028045535 0.0059701622 0.0080003564)
(0.02766325 0.0052893689 0.0089997444)
(0.011421741 0.0072912821 0.0080023842)
(0.012910359 0.006944494 0.0079954594)
(0.012028845 0.0079845293 0.0079978387)
(0.011615922 0.0067396085 0.0090010878)
(0.01396132 0.0079673692 0.0079956947)
(0.013923743 0.0069464027 0.0089980508)
(0.027093362 0.0069516115 0.0080036956)
(0.026040386 0.007969118 0.0080007588)
(0.026078281 0.0069481567 0.0090012165)
(0.028581804 0.0073029708 0.0079974878)
(0.027973534 0.0079903666 0.0080027069)
(0.028378483 0.0067247419 0.0090034572)
(0.011058505 0.0090130048 0.0079994005)
(0.013002746 0.0089902996 0.0079966157)
(0.012013638 0.0099983619 0.0079981654)
(0.012031586 0.009001287 0.0089994646)
(0.013991972 0.0099977908 0.0079954161)
(0.013985877 0.0089861781 0.0089976254)
(0.026997631 0.0089907889 0.0080005963)
(0.026007905 0.0099987 0.0079998341)
(0.026014712 0.0089862401 0.0090003916)
(0.028941642 0.0090145091 0.0080006887)
(0.027986282 0.0099997434 0.0080003766)
(0.027968081 0.0089995624 0.0090005779)
(0.011058666 0.010988626 0.0080003488)
(0.013000893 0.011004492 0.0079970137)
(0.01202129 0.011998607 0.0079975064)
(0.012032045 0.011000781 0.0089992973)
(0.013956817 0.012023003 0.0079967493)
(0.013984748 0.011010562 0.0089977448)
(0.026998184 0.011006637 0.007999248)
(0.02604128 0.012027141 0.0079981344)
(0.026015254 0.011010801 0.008999521)
(0.028941456 0.010987382 0.0080010274)
(0.027974791 0.01200649 0.0079963841)
(0.027968858 0.010999263 0.0090001057)
(0.011432791 0.012745145 0.0079992784)
(0.012897355 0.013023638 0.007997596)
(0.011956217 0.014033115 0.0080008933)
(0.011642288 0.013330442 0.0089984863)
(0.013899077 0.014072836 0.0080001958)
(0.013920917 0.013050533 0.0089982645)
(0.027096099 0.013040389 0.0079934509)
(0.02609828 0.014076751 0.0079991747)
(0.026081005 0.013045182 0.0089983919)
(0.028580043 0.012702836 0.0079951039)
(0.028048602 0.0140241 0.0080016403)
(0.02839564 0.013229671 0.0089925244)
(0.012704019 0.015261433 0.0080022594)
(0.012345677 0.014724986 0.0089984997)
(0.014885307 0.015111996 0.0080010893)
(0.013634488 0.016362306 0.0080129825)
(0.013870805 0.015117578 0.0089967748)
(0.015917455 0.016095972 0.0079992849)
(0.015917044 0.015096102 0.0089987667)
(0.025110361 0.015115482 0.0079982155)
(0.024076587 0.016099425 0.0079980309)
(0.024082512 0.015095677 0.0089993774)
(0.027289918 0.015269894 0.0080032349)
(0.026340591 0.016385851 0.0079943867)
(0.026133877 0.015112016 0.00899966)
(0.027697002 0.014656354 0.0089956393)
(0.014721154 0.017283503 0.007998067)
(0.014150062 0.016835637 0.008996454)
(0.016947208 0.017093072 0.0079971979)
(0.015956265 0.018038107 0.0079984275)
(0.015948057 0.01708406 0.0089990602)
(0.018989918 0.016992325 0.0079991503)
(0.017983297 0.017971846 0.0079986165)
(0.017966911 0.017026054 0.0089997237)
(0.02100754 0.016993263 0.0079988769)
(0.020001145 0.01798551 0.0079994168)
(0.019999766 0.016991321 0.008999452)
(0.023045137 0.017096341 0.0079947444)
(0.022003452 0.017975162 0.0079972894)
(0.022023841 0.017028792 0.0089994278)
(0.0252454 0.017307471 0.0079955623)
(0.024032383 0.018044175 0.0080010194)
(0.024052408 0.017082907 0.0089999539)
(0.025843158 0.016841202 0.0089998173)
(0.017271599 0.018572288 0.0079967381)
(0.019014533 0.018941645 0.00799926)
(0.01806224 0.018784644 0.009003938)
(0.020990244 0.018941174 0.008000171)
(0.020002834 0.018999907 0.0089994366)
(0.022730932 0.01857152 0.0079995211)
(0.021898188 0.01879387 0.0089998837)
(0.017300783 0.0014188589 0.0099930626)
(0.015966419 0.0019564656 0.010001119)
(0.019010788 0.0010587238 0.0099999608)
(0.017986934 0.0020268277 0.0099995695)
(0.018076886 0.0012119415 0.011000087)
(0.020983719 0.0010581827 0.0099998727)
(0.019997665 0.0020144784 0.0099997368)
(0.019996253 0.0010001227 0.011000617)
(0.022706501 0.0014210684 0.0099986665)
(0.022010091 0.0020258085 0.0099985522)
(0.021924205 0.001212196 0.011004685)
(0.024018991 0.0019486663 0.010001196)
(0.014716769 0.0027196397 0.010001513)
(0.013602254 0.0036721106 0.010000314)
(0.014158548 0.0031573972 0.011001012)
(0.016952183 0.0029050238 0.0099985325)
(0.015918705 0.003903328 0.0099986807)
(0.015946319 0.0029163708 0.010998051)
(0.018990409 0.0030072162 0.0099991491)
(0.017969591 0.0029729115 0.010998649)
(0.021007498 0.0030071595 0.0099992088)
(0.01999765 0.0030088217 0.010999697)
(0.023040943 0.0029019911 0.0099985411)
(0.022022978 0.002970488 0.011000862)
(0.025253254 0.0026981579 0.010001752)
(0.024077584 0.003900485 0.010000036)
(0.024052248 0.002917664 0.011000571)
(0.026372797 0.003645473 0.01000079)
(0.025844209 0.0031596595 0.01100196)
(0.01271368 0.0047250851 0.010000781)
(0.011950943 0.0059767505 0.0099984083)
(0.012312038 0.0053291092 0.011002619)
(0.014886629 0.0048853729 0.009998675)
(0.013904193 0.0059205512 0.0099992501)
(0.013883592 0.0048699491 0.010998577)
(0.015918895 0.0049016309 0.010998377)
(0.025110603 0.0048837836 0.01000006)
(0.024083871 0.004904734 0.011000216)
(0.027292764 0.0047340784 0.0099968046)
(0.02609785 0.0059221236 0.010000258)
(0.026128338 0.0048818711 0.01099975)
(0.02804939 0.0059773743 0.010001376)
(0.027661134 0.0052859663 0.010999261)
(0.011432614 0.0072554382 0.0099998495)
(0.01290634 0.0069545251 0.010000066)
(0.012025417 0.0079931873 0.010000674)
(0.011632385 0.0066958686 0.01099957)
(0.013960938 0.0079687093 0.0099991135)
(0.013923833 0.0069443196 0.010999771)
(0.027094837 0.0069554066 0.010000541)
(0.026039844 0.0079681263 0.010000501)
(0.026077187 0.0069437112 0.011000224)
(0.028576102 0.0072841734 0.0099989757)
(0.027972987 0.007986516 0.010000319)
(0.02836575 0.0066909114 0.010996029)
(0.011058571 0.0090123435 0.0099999362)
(0.013002792 0.0089910969 0.0099994081)
(0.012013758 0.01000026 0.0099994239)
(0.012032547 0.0089977074 0.011000245)
(0.013992683 0.0099986539 0.0099987393)
(0.013986432 0.0089852428 0.010999565)
(0.026997211 0.0089902562 0.010000456)
(0.026007436 0.0099991684 0.010000233)
(0.026013933 0.008984855 0.011000422)
(0.02894128 0.0090108282 0.010000684)
(0.027985975 0.010001564 0.010000524)
(0.027967099 0.0089974923 0.011000353)
(0.011058369 0.010985607 0.009999462)
(0.013001839 0.011006169 0.0099992762)
(0.012022288 0.011999554 0.010001048)
(0.012032306 0.011001386 0.010999995)
(0.013958652 0.012026487 0.0099989787)
(0.013985489 0.011011618 0.010999324)
(0.026997444 0.011008798 0.010000226)
(0.026040193 0.012029539 0.0099999105)
(0.026014353 0.011012689 0.011000502)
(0.028940738 0.010994676 0.010000396)
(0.027972896 0.012011132 0.010001205)
(0.027967294 0.011002441 0.011000679)
(0.011419433 0.012701109 0.009992748)
(0.012899414 0.01302893 0.0099997038)
(0.011954939 0.014030725 0.0099988967)
(0.011637694 0.013318237 0.011000255)
(0.013902254 0.014076521 0.0099985465)
(0.013921625 0.013051446 0.010999457)
(0.027092673 0.013049517 0.0099992451)
(0.02609652 0.014078713 0.010001394)
(0.026077098 0.013054992 0.011000866)
(0.028573894 0.012723107 0.010003822)
(0.028051967 0.014017805 0.010001564)
(0.028355309 0.01333683 0.011005963)
(0.012700828 0.01525698 0.0099955066)
(0.012344082 0.014722422 0.011000036)
(0.014891648 0.01511778 0.009998848)
(0.013653271 0.016380101 0.010000211)
(0.01387345 0.015117909 0.010999534)
(0.015924982 0.016101008 0.0099988572)
(0.015919568 0.01509773 0.010998882)
(0.025107442 0.015118585 0.010001698)
(0.024074921 0.016101003 0.01000109)
(0.02408158 0.015096666 0.01099984)
(0.027289348 0.015270689 0.010007322)
(0.026337601 0.01638865 0.010008511)
(0.026131623 0.01511523 0.010997113)
(0.027643627 0.014742188 0.011008167)
(0.014727961 0.017288381 0.009998944)
(0.014153543 0.016838494 0.011002345)
(0.016972895 0.017103107 0.0099981664)
(0.015979444 0.018050497 0.0099972212)
(0.015949594 0.017083333 0.010998866)
(0.018994473 0.016994202 0.0099994044)
(0.018007237 0.017979842 0.0099987116)
(0.017981075 0.017031182 0.010999363)
(0.021007557 0.016993447 0.009999782)
(0.020000654 0.017985904 0.0099996654)
(0.020000499 0.016991825 0.010999767)
(0.023047106 0.017095732 0.010000563)
(0.022008972 0.01797377 0.0099999226)
(0.022022966 0.017029663 0.011000044)
(0.025258904 0.017297793 0.010005308)
(0.024021593 0.018049943 0.010000629)
(0.024047098 0.017085245 0.011000866)
(0.025851601 0.016834274 0.011002569)
(0.0172588 0.018568405 0.010002564)
(0.019011296 0.018941326 0.0099994388)
(0.018081535 0.018789142 0.011003619)
(0.020988096 0.018941386 0.010000011)
(0.020000163 0.018999994 0.011000112)
(0.022737537 0.018569516 0.010003318)
(0.021918753 0.018789075 0.01100528)
(0.017282164 0.001424507 0.011993063)
(0.015963222 0.0019581743 0.01199583)
(0.019010071 0.0010587944 0.012000252)
(0.017989352 0.0020258767 0.011998834)
(0.018063601 0.0012150389 0.013001004)
(0.020989282 0.0010587306 0.011999971)
(0.019997459 0.0020145028 0.011999879)
(0.01999595 0.0010001326 0.012999792)
(0.022729366 0.0014280044 0.011994819)
(0.022003759 0.0020237674 0.012001359)
(0.021929043 0.001213324 0.013001104)
(0.024019768 0.0019490815 0.012001577)
(0.01474277 0.0027010071 0.011999604)
(0.013604474 0.0036697402 0.011996446)
(0.014147009 0.0031668675 0.013000374)
(0.016955411 0.0029034597 0.011996949)
(0.015919694 0.0039027934 0.011998539)
(0.015940259 0.0029205556 0.012999908)
(0.018988944 0.003007614 0.01199935)
(0.017964405 0.0029749207 0.01299879)
(0.021006074 0.0030067736 0.012000043)
(0.019997174 0.0030093008 0.012999556)
(0.023040397 0.0029027565 0.012002066)
(0.022027204 0.0029723662 0.012999232)
(0.025296315 0.0027290147 0.012001042)
(0.024083166 0.0039053513 0.012000965)
(0.024060596 0.002922923 0.012999791)
(0.026356097 0.0036286726 0.012010352)
(0.02583358 0.0031509361 0.012997784)
(0.012703016 0.0047399667 0.012003777)
(0.011955813 0.0059676391 0.011999619)
(0.012301305 0.0053463685 0.013001977)
(0.01488573 0.0048879171 0.011999179)
(0.01390073 0.0059230597 0.012000238)
(0.013866024 0.0048866323 0.013000402)
(0.01591384 0.0049058439 0.012999642)
(0.025116538 0.0048892001 0.012001619)
(0.024088262 0.0049086526 0.012999498)
(0.027306859 0.0047537477 0.012001922)
(0.026099053 0.0059225177 0.012001622)
(0.026134514 0.0048861666 0.012999685)
(0.028046385 0.0059717521 0.012001385)
(0.027647937 0.0052647442 0.012995514)
(0.011419687 0.0072980547 0.011999564)
(0.01290778 0.0069490775 0.012000923)
(0.012028264 0.0079849383 0.011999532)
(0.011608972 0.0067580748 0.01300251)
(0.013961248 0.0079667149 0.012000168)
(0.013922244 0.0069460666 0.013000759)
(0.027089356 0.0069404371 0.012001159)
(0.026039056 0.0079661437 0.012000875)
(0.026078479 0.0069476557 0.013001865)
(0.028565507 0.007249246 0.011997847)
(0.027970453 0.007982886 0.012000167)
(0.028379538 0.0067275469 0.013007179)
(0.011058533 0.0090127276 0.012000171)
(0.013003304 0.0089894482 0.012000078)
(0.012014019 0.010000664 0.012000159)
(0.012032368 0.0089982784 0.01300033)
(0.013993084 0.0099984255 0.01199969)
(0.013986707 0.0089839345 0.01300015)
(0.026996724 0.0089890625 0.012000622)
(0.026007408 0.0099984714 0.012000571)
(0.026014404 0.0089859261 0.013000904)
(0.028941421 0.0090122672 0.012000367)
(0.02798611 0.0099990691 0.012000422)
(0.027967967 0.0089995136 0.013000783)
(0.011058643 0.010988395 0.012000383)
(0.01300232 0.011007339 0.011999642)
(0.012023802 0.012004123 0.011998779)
(0.012032553 0.011001714 0.01299989)
(0.013959282 0.012027982 0.011999311)
(0.013985553 0.011011434 0.012999484)
(0.026998092 0.011006601 0.012000807)
(0.026041052 0.012027422 0.012001091)
(0.026015177 0.011010733 0.01300061)
(0.028941453 0.01098741 0.01200051)
(0.027977987 0.011999267 0.012001223)
(0.02796811 0.011000383 0.013000433)
(0.011425831 0.012722201 0.011998577)
(0.012901312 0.013033957 0.011999228)
(0.011952841 0.014026801 0.012001915)
(0.011640784 0.013326448 0.012995613)
(0.013903445 0.014077885 0.012000436)
(0.013920906 0.013051435 0.012998915)
(0.027099818 0.013030434 0.012003502)
(0.026096023 0.014078423 0.012000303)
(0.026079532 0.013048863 0.013001259)
(0.028572115 0.01272897 0.011994735)
(0.028048569 0.014024162 0.011998527)
(0.028367223 0.013305174 0.013007419)
(0.012708336 0.015267456 0.012004052)
(0.012327603 0.014695921 0.013004873)
(0.014892522 0.015118881 0.011999161)
(0.013668168 0.016394054 0.012000344)
(0.013866033 0.015111511 0.013001389)
(0.015922309 0.016099797 0.01199809)
(0.015912676 0.015092197 0.012998943)
(0.025106956 0.015119479 0.011999363)
(0.024076415 0.016100489 0.011999744)
(0.024083668 0.015095416 0.012999914)
(0.027291287 0.015267983 0.01200353)
(0.026329928 0.016395837 0.011995049)
(0.026127269 0.015118827 0.013001008)
(0.027635453 0.014755333 0.013006786)
(0.014738515 0.017295944 0.011991499)
(0.014163512 0.016846676 0.012998484)
(0.016940126 0.017090565 0.011997728)
(0.015974221 0.018047705 0.012000496)
(0.015934121 0.01707362 0.012997774)
(0.018991207 0.016992916 0.011999677)
(0.017979634 0.017969905 0.011999881)
(0.017974958 0.017028487 0.013000039)
(0.021008787 0.016992829 0.011999965)
(0.019999037 0.017985534 0.011999923)
(0.019999713 0.016991356 0.012999916)
(0.023056059 0.017092225 0.011999944)
(0.022016035 0.017971194 0.011999988)
(0.022028068 0.017027872 0.013000296)
(0.025267839 0.017291391 0.011999763)
(0.024018131 0.018051793 0.012000801)
(0.024056867 0.017079791 0.013000444)
(0.025847794 0.016837398 0.013001668)
(0.017311923 0.01858452 0.01200079)
(0.019010628 0.01894126 0.011999441)
(0.018072854 0.018787118 0.013001099)
(0.020986872 0.018941506 0.012000002)
(0.019995111 0.018999839 0.012999533)
(0.022732186 0.018571139 0.012003627)
(0.021934827 0.018785327 0.012998583)
(0.017364763 0.0013994507 0.01400507)
(0.015974064 0.0019523788 0.013999445)
(0.019010238 0.001058778 0.014000123)
(0.017977982 0.0020309064 0.013999393)
(0.018071526 0.0012131913 0.015001979)
(0.020984476 0.0010582572 0.013999467)
(0.019996186 0.0020148517 0.013999491)
(0.019997725 0.0010000745 0.014998877)
(0.022689061 0.0014157782 0.014003445)
(0.022013901 0.0020289905 0.013998131)
(0.021928616 0.0012132245 0.015002394)
(0.024033275 0.0019563011 0.013998178)
(0.014732322 0.0027084945 0.013999138)
(0.01365266 0.0036204712 0.014001752)
(0.014149541 0.0031647892 0.014999318)
(0.016935419 0.0029112981 0.013999256)
(0.015917995 0.00390285 0.01400026)
(0.015941093 0.002921532 0.015001485)
(0.018986831 0.0030085479 0.013999613)
(0.017968424 0.0029738763 0.015000427)
(0.021007944 0.0030077608 0.013999291)
(0.019997988 0.0030091645 0.014999583)
(0.023060139 0.0029097468 0.013997776)
(0.022029389 0.0029734715 0.014999021)
(0.025247703 0.0026941798 0.013999294)
(0.024083768 0.0039061301 0.013998516)
(0.024060387 0.0029216448 0.014997795)
(0.026403638 0.0036784012 0.013998688)
(0.025845322 0.0031605729 0.015001179)
(0.012711567 0.0047280344 0.013998781)
(0.011954705 0.0059697123 0.014000043)
(0.012340371 0.0052835459 0.015006884)
(0.014887929 0.0048836406 0.014000624)
(0.0139045 0.0059173011 0.014000564)
(0.013868862 0.0048839778 0.015001644)
(0.015912682 0.0049064676 0.015000986)
(0.025117551 0.0048900937 0.013998569)
(0.024085231 0.0049060547 0.014998059)
(0.027270939 0.004703621 0.014000716)
(0.026097999 0.0059207486 0.014000285)
(0.026127148 0.0048786182 0.01499582)
(0.028045896 0.0059708376 0.013998828)
(0.027659682 0.0052836314 0.015007523)
(0.011417607 0.0073049088 0.013993584)
(0.012920353 0.0069159538 0.014002418)
(0.012037588 0.0079601104 0.014002512)
(0.011629289 0.0067040943 0.015006623)
(0.013963322 0.0079605606 0.014000702)
(0.013923269 0.006942942 0.015000638)
(0.027097107 0.0069637935 0.014003528)
(0.026040428 0.0079706403 0.014001453)
(0.026077624 0.0069462621 0.015001356)
(0.028574441 0.0072786955 0.013995875)
(0.027976814 0.0079987051 0.014001981)
(0.028363258 0.0066842909 0.015007963)
(0.011058487 0.0090131965 0.014000306)
(0.013004676 0.0089852376 0.014000504)
(0.012014215 0.0099985524 0.014000282)
(0.012032797 0.008996904 0.015000576)
(0.013993064 0.0099969654 0.013999859)
(0.013986506 0.0089833854 0.014999947)
(0.026997749 0.0089912764 0.014000957)
(0.026007849 0.0099985074 0.014000433)
(0.026014548 0.0089866173 0.015000581)
(0.028940997 0.0090079559 0.014000524)
(0.027986427 0.0099994109 0.014000375)
(0.0279674 0.008995693 0.015000466)
(0.011058669 0.010988652 0.014000281)
(0.013002039 0.011006075 0.01399957)
(0.012024054 0.012003492 0.013998622)
(0.012031377 0.011000025 0.015000148)
(0.013958286 0.012025989 0.013998934)
(0.013984531 0.011009268 0.014999442)
(0.026998836 0.011004825 0.014000187)
(0.026042353 0.012024283 0.014000073)
(0.026015288 0.011010321 0.014999808)
(0.02894128 0.010989166 0.014000153)
(0.027979814 0.011992433 0.013999547)
(0.02796862 0.01099931 0.015000081)
(0.011413492 0.012681523 0.014001814)
(0.012902327 0.013036933 0.013997571)
(0.011948725 0.0140191 0.013997951)
(0.011612515 0.013251338 0.014997851)
(0.013897549 0.014071688 0.013998317)
(0.013918028 0.013043463 0.014998877)
(0.027100745 0.013027883 0.013999302)
(0.026100326 0.014073994 0.014000087)
(0.026080736 0.013045561 0.014999349)
(0.028563411 0.012757664 0.013997668)
(0.028042843 0.014034875 0.014000888)
(0.02838276 0.013263893 0.014998774)
(0.012708385 0.015267525 0.013994991)
(0.012353921 0.014738244 0.015003597)
(0.014877142 0.015104778 0.01399834)
(0.013607118 0.016333083 0.013991915)
(0.013864467 0.015111209 0.015000583)
(0.015910891 0.016089683 0.013999192)
(0.015913609 0.015092356 0.014999005)
(0.025117292 0.015109827 0.013999154)
(0.02408278 0.016094531 0.013999112)
(0.02408386 0.015095193 0.014999931)
(0.027287052 0.015273893 0.013999541)
(0.026390435 0.016335696 0.013999569)
(0.026137023 0.015108943 0.014998511)
(0.027644384 0.014740969 0.014993939)
(0.01469111 0.017261973 0.014003617)
(0.014161204 0.016844781 0.014999893)
(0.016957214 0.017095803 0.014001126)
(0.015973046 0.018047077 0.014000664)
(0.01594265 0.017079381 0.014998482)
(0.018992621 0.016993363 0.014000171)
(0.017995452 0.017975579 0.014001818)
(0.017974596 0.017028582 0.014999899)
(0.021008786 0.016992912 0.013999771)
(0.019999186 0.017985674 0.013999836)
(0.020000323 0.016991671 0.014999995)
(0.023050799 0.017093679 0.013998714)
(0.022014369 0.017972373 0.013997956)
(0.022024854 0.017028901 0.014999847)
(0.025281009 0.017281953 0.013991217)
(0.024019593 0.018051012 0.01400191)
(0.024056615 0.017080459 0.015002049)
(0.025849772 0.016835775 0.015002573)
(0.017259041 0.018568478 0.013989498)
(0.019009759 0.018941175 0.013999894)
(0.0180739 0.018787362 0.01500594)
(0.020987982 0.018941397 0.014000227)
(0.019999721 0.01899999 0.015000021)
(0.022713144 0.018576916 0.01400164)
(0.021913362 0.018790332 0.015000313)
(0.017278753 0.0014255417 0.015994841)
(0.015973852 0.0019524923 0.015999752)
(0.019009281 0.0010588722 0.015999778)
(0.0179893 0.0020275248 0.016001632)
(0.018084122 0.0012102542 0.017001098)
(0.020990289 0.0010588297 0.015999475)
(0.019997934 0.0020143789 0.015999729)
(0.019996513 0.0010001142 0.017000831)
(0.022741527 0.0014316935 0.016004945)
(0.022007212 0.0020255162 0.016000254)
(0.021937935 0.0012153974 0.016998281)
(0.024026497 0.0019526781 0.016000723)
(0.01471496 0.0027209359 0.016003288)
(0.01359116 0.0036839555 0.016005861)
(0.014143679 0.0031696004 0.016996898)
(0.016941759 0.0029094418 0.016001883)
(0.01591399 0.0039075471 0.01600169)
(0.015947346 0.0029185234 0.017000813)
(0.018990639 0.0030070915 0.015999991)
(0.017983327 0.0029681053 0.016998934)
(0.021006605 0.0030066694 0.015999485)
(0.019998806 0.0030077 0.016999806)
(0.023047491 0.0029044883 0.015997703)
(0.022017018 0.0029681126 0.0169986)
(0.025240127 0.0026887512 0.016003)
(0.024077162 0.0039012266 0.015998855)
(0.024054493 0.0029198429 0.016997903)
(0.026375314 0.0036481602 0.016003332)
(0.025849161 0.0031637231 0.017000115)
(0.012712049 0.0047273616 0.015994629)
(0.011953353 0.005972242 0.016000736)
(0.01234924 0.0052692834 0.016997467)
(0.014879554 0.0048923356 0.016001808)
(0.013899178 0.0059252221 0.015999754)
(0.013874552 0.0048783694 0.017002179)
(0.015917191 0.0049037764 0.017001004)
(0.025112233 0.0048862863 0.015998438)
(0.024081459 0.0049040369 0.016998321)
(0.027294216 0.0047361042 0.015995387)
(0.026098988 0.0059238103 0.015999448)
(0.026133446 0.0048875844 0.016996732)
(0.028042657 0.005964777 0.016001804)
(0.027673755 0.0053062627 0.017007419)
(0.011424125 0.0072834235 0.015997438)
(0.012904535 0.0069575479 0.015995862)
(0.012024606 0.0079965912 0.01599778)
(0.011622217 0.0067228828 0.016985437)
(0.013960168 0.0079685519 0.015998838)
(0.013921629 0.0069480344 0.016997675)
(0.027093616 0.0069530532 0.016001957)
(0.026041012 0.0079725736 0.016000419)
(0.026082465 0.0069594582 0.016999348)
(0.028570503 0.0072657145 0.015996571)
(0.027973451 0.0079895896 0.016000397)
(0.028398198 0.0067771249 0.016993634)
(0.011058613 0.0090119094 0.01600058)
(0.013002527 0.0089906346 0.015999355)
(0.012013652 0.0099998922 0.015999943)
(0.012031873 0.0090002659 0.016999377)
(0.013992328 0.0099978959 0.015999488)
(0.013985608 0.0089859927 0.016998991)
(0.026997894 0.0089919741 0.016000157)
(0.026007636 0.010000043 0.015999856)
(0.026015768 0.0089911765 0.016999737)
(0.02894103 0.0090082894 0.015999935)
(0.027986305 0.0099985391 0.015999917)
(0.027969455 0.0090014486 0.016999547)
(0.011058724 0.010989216 0.016000547)
(0.013001286 0.011005367 0.015999401)
(0.012022801 0.012001183 0.015997757)
(0.012031647 0.010999592 0.016999815)
(0.013957749 0.012024309 0.015998954)
(0.013984844 0.011010825 0.016999371)
(0.026997975 0.011006516 0.015999352)
(0.026040214 0.012028336 0.015998754)
(0.026013745 0.011014482 0.016999451)
(0.028941745 0.01098445 0.016001205)
(0.027976266 0.012001208 0.015995875)
(0.027967755 0.010999734 0.017000077)
(0.011432069 0.012742765 0.015993503)
(0.01289941 0.01302861 0.015997089)
(0.011954601 0.014030093 0.016000043)
(0.011621278 0.01327462 0.01700138)
(0.013902479 0.014075992 0.015999746)
(0.01392029 0.013047603 0.016999519)
(0.027096634 0.013038301 0.015995098)
(0.02609305 0.014081295 0.016000095)
(0.02607512 0.01305705 0.016999033)
(0.028597123 0.012646532 0.016007921)
(0.028051058 0.014019505 0.016001806)
(0.028374538 0.013285739 0.017003266)
(0.0127083 0.015267407 0.016004608)
(0.0123794 0.014779218 0.016995752)
(0.014890888 0.015117232 0.015998325)
(0.013652714 0.01637958 0.015992044)
(0.013882693 0.015126426 0.017000297)
(0.01592275 0.016099083 0.015998204)
(0.015922195 0.015099319 0.016999536)
(0.025100151 0.015125917 0.01600078)
(0.02407349 0.016103743 0.016000938)
(0.024080592 0.015098835 0.01699961)
(0.027297574 0.01525921 0.016000236)
(0.026299413 0.016424418 0.016006996)
(0.026113436 0.015135215 0.016998829)
(0.027661438 0.014713545 0.01700292)
(0.014722101 0.017284182 0.015994024)
(0.014155161 0.016839822 0.017000362)
(0.016963719 0.017099115 0.016000197)
(0.015969757 0.018045319 0.016000335)
(0.015953413 0.017085267 0.016999424)
(0.01899506 0.016994269 0.016000172)
(0.018000416 0.017977429 0.016001698)
(0.017984603 0.017032382 0.016999309)
(0.021008125 0.016993348 0.01600032)
(0.020000855 0.017985927 0.016000161)
(0.020002117 0.016992045 0.017000038)
(0.023048842 0.017095088 0.016002509)
(0.022005524 0.017974714 0.016001981)
(0.02202921 0.017027455 0.017000278)
(0.025247572 0.017305914 0.016002582)
(0.024037113 0.018041647 0.016000236)
(0.024060756 0.01707829 0.017000429)
(0.025841369 0.016842671 0.017004785)
(0.017305476 0.018582564 0.016000406)
(0.019010118 0.01894121 0.016000506)
(0.018062882 0.018784793 0.017001908)
(0.020985552 0.018941636 0.015999937)
(0.020001905 0.018999937 0.016999868)
(0.022692225 0.018583261 0.01599961)
(0.021928 0.018786919 0.016998985)
(0.01728966 0.001422233 0.017990294)
(0.015951354 0.0019645175 0.017996975)
(0.019007794 0.0010590187 0.017999991)
(0.017992395 0.0020246194 0.017998377)
(0.018074198 0.0012125681 0.019002204)
(0.020988092 0.0010586133 0.018000058)
(0.019998127 0.0020138104 0.018000485)
(0.019996565 0.0010001125 0.018999992)
(0.022728828 0.0014278413 0.017993016)
(0.022008281 0.0020249265 0.017999357)
(0.021907643 0.0012083343 0.018997462)
(0.024021275 0.0019498872 0.01799827)
(0.014722604 0.0027154582 0.017998403)
(0.01367059 0.0036036778 0.018011562)
(0.014160033 0.0031561789 0.018999636)
(0.016960278 0.0029021409 0.017995337)
(0.015923067 0.0038998866 0.018000189)
(0.015944715 0.002920117 0.018999243)
(0.018994257 0.0030050555 0.017999539)
(0.017990272 0.002964792 0.019000061)
(0.021004686 0.0030052981 0.017999762)
(0.019999059 0.0030068948 0.019000045)
(0.023036448 0.0029007425 0.017999549)
(0.02201659 0.002968 0.019000011)
(0.025284258 0.0027203753 0.017996541)
(0.02407367 0.0038981975 0.017999124)
(0.024048856 0.0029152607 0.019000507)
(0.026323412 0.0035980599 0.018004623)
(0.025839149 0.0031555067 0.01899982)
(0.012716814 0.0047207116 0.017994815)
(0.011939373 0.0059983974 0.018003115)
(0.01236375 0.0052459492 0.018984735)
(0.014894869 0.0048779246 0.018001312)
(0.013905866 0.0059188561 0.017999907)
(0.0138773 0.0048754333 0.01899767)
(0.015921448 0.0049006123 0.018999629)
(0.02510381 0.0048780836 0.01800011)
(0.024075514 0.0048990477 0.019000123)
(0.027290586 0.0047310382 0.018006092)
(0.026095053 0.0059223053 0.01800081)
(0.026115652 0.0048718326 0.019001124)
(0.028045623 0.0059703256 0.017998788)
(0.027676378 0.0053104808 0.018997944)
(0.011421252 0.0072928958 0.017997159)
(0.012909879 0.0069435606 0.01799704)
(0.012030221 0.0079798164 0.017998258)
(0.011621117 0.0067258064 0.018999455)
(0.013960739 0.0079675642 0.017998699)
(0.013922005 0.0069484502 0.018999493)
(0.027103519 0.0069800233 0.017998247)
(0.026042909 0.0079785901 0.017999599)
(0.026079469 0.0069536644 0.019000731)
(0.028567903 0.007257144 0.018006549)
(0.027980299 0.0080080075 0.017997095)
(0.028378754 0.0067254621 0.01900682)
(0.011058517 0.0090128863 0.018000375)
(0.013002935 0.008990123 0.017999194)
(0.012013961 0.010000437 0.01799986)
(0.012032008 0.0089996467 0.018999752)
(0.0139925 0.0099991098 0.017999405)
(0.01398545 0.0089866509 0.018999558)
(0.02699918 0.0089963897 0.017999518)
(0.02600735 0.010002599 0.017999659)
(0.026015237 0.0089904874 0.018999947)
(0.028941226 0.0090102867 0.017999524)
(0.027986177 0.0099983249 0.018000245)
(0.027968373 0.0089999049 0.018999873)
(0.011058378 0.010985703 0.018000007)
(0.013002458 0.01100854 0.017999371)
(0.012029804 0.012020707 0.01799839)
(0.012031738 0.011000147 0.018999439)
(0.013959549 0.01202943 0.017999219)
(0.013985099 0.011011902 0.018999392)
(0.026996107 0.011011423 0.017999513)
(0.026037006 0.012036928 0.017998825)
(0.026013314 0.011015791 0.018999392)
(0.028941859 0.010983285 0.018000341)
(0.027968004 0.012019281 0.017999226)
(0.027967328 0.011001327 0.018999873)
(0.011421354 0.012707443 0.017997569)
(0.012907767 0.013051795 0.017998781)
(0.011944497 0.01401119 0.01799943)
(0.011616953 0.013263129 0.018994833)
(0.013901207 0.014075299 0.018000581)
(0.013920198 0.013048513 0.018999065)
(0.027082575 0.013074973 0.017996979)
(0.02609573 0.014082809 0.017997936)
(0.026075782 0.013058105 0.018998339)
(0.028587112 0.012679534 0.01798919)
(0.028051449 0.014018774 0.0180005)
(0.028372079 0.013292272 0.018996061)
(0.012702746 0.015259656 0.018004625)
(0.012374832 0.014771872 0.019002334)
(0.014891043 0.015116884 0.018001093)
(0.013637671 0.01636549 0.017999996)
(0.013869613 0.015117901 0.019001677)
(0.015924977 0.016100358 0.018001101)
(0.01591618 0.015094625 0.019000694)
(0.025113511 0.015113436 0.017997537)
(0.024080773 0.016096348 0.017999349)
(0.024085322 0.015093531 0.018998644)
(0.027279 0.01528513 0.017996447)
(0.026402917 0.016322369 0.017990865)
(0.026130457 0.0151193 0.018996184)
(0.027673701 0.014693824 0.019002525)
(0.014746278 0.017301506 0.018006386)
(0.014143032 0.016829868 0.01899888)
(0.016968662 0.017101411 0.018002338)
(0.015963732 0.018042098 0.018002222)
(0.015939487 0.017077041 0.019000288)
(0.01899684 0.016994908 0.018000157)
(0.018009665 0.017979782 0.018001267)
(0.017979086 0.017030225 0.01899979)
(0.02100967 0.016993163 0.018000171)
(0.020000491 0.017985972 0.017999952)
(0.020000941 0.016992016 0.018999944)
(0.0230483 0.017094963 0.018001896)
(0.022016168 0.01797226 0.018000929)
(0.022024038 0.0170294 0.018999872)
(0.025245838 0.017307156 0.018003306)
(0.024039549 0.018040345 0.018000477)
(0.024060321 0.017077324 0.018999465)
(0.025842764 0.016841526 0.019000708)
(0.017261967 0.018569366 0.017998415)
(0.019011916 0.018941387 0.018000051)
(0.018076351 0.018787934 0.01900213)
(0.020990629 0.018941136 0.018000018)
(0.020001031 0.018999966 0.019000448)
(0.022703441 0.018579859 0.018001226)
(0.021945361 0.018782871 0.018998348)
(0.017360874 0.0014006306 0.02000597)
(0.015971463 0.0019537695 0.019999822)
(0.019008486 0.0010589505 0.019999702)
(0.018002961 0.0020204236 0.019999735)
(0.01808423 0.0012102291 0.021000087)
(0.020988496 0.0010586532 0.019999887)
(0.019998563 0.0020134455 0.020000015)
(0.019995586 0.0010001445 0.021002057)
(0.022730679 0.0014284029 0.019996338)
(0.021992342 0.0020198536 0.020001001)
(0.021901502 0.0012069024 0.020995935)
(0.024013779 0.0019458807 0.020002191)
(0.014720569 0.0027169161 0.019995445)
(0.013665938 0.0036080351 0.019999275)
(0.01415296 0.0031619829 0.020999602)
(0.016976954 0.0028956441 0.020000143)
(0.015925681 0.0038985658 0.019999457)
(0.015946034 0.002918443 0.021001632)
(0.018995181 0.0030044298 0.020000237)
(0.017977448 0.002969919 0.021002128)
(0.02100187 0.0030043163 0.020000447)
(0.019997456 0.0030072549 0.02100056)
(0.023024007 0.0028960132 0.020003257)
(0.022011459 0.0029662128 0.021001509)
(0.025280931 0.0027179909 0.020001947)
(0.024074332 0.0038999149 0.020000353)
(0.024050278 0.0029169503 0.020999756)
(0.026371896 0.0036445102 0.019996389)
(0.025837796 0.0031543964 0.021000142)
(0.012711539 0.004728073 0.020002705)
(0.01195432 0.0059704327 0.020001526)
(0.012329994 0.0053002336 0.020997725)
(0.014895327 0.0048780635 0.019999524)
(0.013905999 0.0059189956 0.020000513)
(0.013880201 0.0048736939 0.021000499)
(0.0159194 0.0049024892 0.021000414)
(0.025109119 0.00488304 0.01999968)
(0.024079787 0.0049029414 0.020999562)
(0.027284089 0.0047219716 0.02000226)
(0.026096331 0.0059214034 0.02000018)
(0.026130692 0.0048831428 0.020998884)
(0.028043561 0.0059664686 0.01999837)
(0.027656621 0.0052787093 0.021000427)
(0.011428966 0.0072674644 0.020002613)
(0.012901809 0.006965457 0.020001252)
(0.012024515 0.0079931826 0.02000038)
(0.011638637 0.0066792565 0.02100721)
(0.013959458 0.0079707611 0.02000031)
(0.013921945 0.0069470494 0.021001456)
(0.027096018 0.0069601529 0.020001407)
(0.02604119 0.0079735355 0.020000415)
(0.02607983 0.0069528101 0.021000401)
(0.028581316 0.0073013597 0.020007151)
(0.027974532 0.0079903293 0.020000325)
(0.028381018 0.0067314784 0.020998012)
(0.011058517 0.0090128907 0.019999804)
(0.013002078 0.0089920421 0.019999998)
(0.012013704 0.010000533 0.019999721)
(0.012032352 0.008998338 0.020999998)
(0.013992232 0.0099997351 0.019999783)
(0.013985092 0.0089871214 0.021000356)
(0.026997994 0.0089931048 0.020000028)
(0.026007298 0.01000149 0.019999795)
(0.026014995 0.0089890449 0.02100016)
(0.028941026 0.009008257 0.019999373)
(0.027986168 0.0099993704 0.019999742)
(0.027968525 0.0090005015 0.02099978)
(0.011058582 0.010987776 0.019999813)
(0.013002013 0.011007703 0.019999469)
(0.012025373 0.012008323 0.019998212)
(0.012031876 0.010999716 0.020999725)
(0.013959125 0.012028394 0.019999329)
(0.013985225 0.011012731 0.020999956)
(0.026997003 0.011009301 0.019999495)
(0.026038851 0.012032716 0.019999117)
(0.026013976 0.011013734 0.020999739)
(0.028941853 0.010983351 0.020000181)
(0.027972708 0.012012005 0.019998237)
(0.027967919 0.010999328 0.020999852)
(0.011427926 0.012729106 0.020006108)
(0.012902869 0.013038059 0.019997872)
(0.01195518 0.014031175 0.019998603)
(0.011626591 0.013288737 0.021002008)
(0.013900341 0.014075258 0.019999264)
(0.013922266 0.013052925 0.021000258)
(0.02709348 0.013046726 0.019997668)
(0.026098318 0.014078642 0.019999568)
(0.026077333 0.013054308 0.020999875)
(0.028580629 0.012700905 0.0199975)
(0.028043448 0.014033742 0.020002128)
(0.028369013 0.013300419 0.021004254)
(0.012698194 0.015253304 0.019997712)
(0.012333063 0.014704702 0.021002697)
(0.014885147 0.015111703 0.020000372)
(0.013615677 0.016342222 0.019994151)
(0.013883933 0.015131583 0.021002468)
(0.015919459 0.016096343 0.020000864)
(0.015918084 0.015097057 0.021000834)
(0.02511571 0.015111159 0.019998796)
(0.02408017 0.016095937 0.019999276)
(0.024082215 0.015094919 0.02099975)
(0.027294327 0.015263741 0.020003104)
(0.026373784 0.016353474 0.019996839)
(0.0261358 0.015111693 0.020999566)
(0.027655066 0.014723791 0.021002005)
(0.014729996 0.017289839 0.020003968)
(0.014163005 0.016846259 0.020998837)
(0.016960618 0.017098127 0.01999927)
(0.015972634 0.018046856 0.020001051)
(0.015944813 0.01708126 0.0210013)
(0.018992881 0.016993775 0.019999635)
(0.017992041 0.017975188 0.019998747)
(0.017973461 0.017028432 0.020999255)
(0.021006254 0.016994001 0.019999875)
(0.019999191 0.0179859 0.01999964)
(0.019998434 0.016991934 0.020999827)
(0.023045159 0.017095867 0.01999962)
(0.022008009 0.017974153 0.02000006)
(0.022014649 0.017032792 0.021000174)
(0.025270957 0.017289157 0.02000079)
(0.024021501 0.018049992 0.019999392)
(0.024047255 0.017085021 0.02100038)
(0.025851763 0.016834141 0.020999966)
(0.017223942 0.018557831 0.019996026)
(0.019011339 0.01894133 0.019999682)
(0.018085284 0.018790017 0.020992903)
(0.020987513 0.018941443 0.019999478)
(0.019998872 0.018999962 0.020999756)
(0.022716902 0.018575776 0.020000015)
(0.021931309 0.018786147 0.021000138)
(0.017250528 0.0014341038 0.021997259)
(0.015973749 0.0019525473 0.022001346)
(0.019012571 0.0010585481 0.021999051)
(0.017985865 0.0020273155 0.022002224)
(0.018074958 0.001212391 0.022999071)
(0.020987785 0.0010585831 0.022000008)
(0.019998199 0.0020140088 0.021999907)
(0.019998262 0.0010000569 0.022999366)
(0.02273382 0.0014293555 0.021993797)
(0.022007128 0.002025067 0.022000179)
(0.021925396 0.0012124737 0.023001681)
(0.024024296 0.0019515018 0.022002323)
(0.014755169 0.0026921225 0.022000171)
(0.013602907 0.0036714135 0.022003083)
(0.014148591 0.0031655692 0.02299951)
(0.016953705 0.0029039575 0.022002785)
(0.015919933 0.0039041638 0.022000604)
(0.015941964 0.0029209409 0.022999734)
(0.018991049 0.0030063016 0.022000614)
(0.017973013 0.0029716504 0.023000908)
(0.021004235 0.0030053414 0.022000394)
(0.019998333 0.0030080129 0.023000136)
(0.023038653 0.002901375 0.02200003)
(0.022020633 0.0029693488 0.023001217)
(0.025267705 0.0027085132 0.02200139)
(0.02407658 0.0039010949 0.021999693)
(0.02405738 0.0029200885 0.023001312)
(0.026385488 0.0036590228 0.021997273)
(0.025850778 0.0031650502 0.023001005)
(0.012697699 0.0047473877 0.022001717)
(0.011949917 0.0059786709 0.021999495)
(0.012342919 0.0052794482 0.023001602)
(0.014881035 0.0048937038 0.022000322)
(0.013895654 0.0059300817 0.022000794)
(0.013843742 0.0049106407 0.022997674)
(0.015910788 0.0049106731 0.022999498)
(0.025110961 0.0048846831 0.021998205)
(0.024075938 0.0048978402 0.022998894)
(0.027292438 0.0047336236 0.021998666)
(0.026097377 0.0059222522 0.021999189)
(0.026111332 0.0048636775 0.022993608)
(0.028042825 0.0059650925 0.022000455)
(0.027667451 0.0052961239 0.022986788)
(0.011425035 0.0072804222 0.022009911)
(0.012900846 0.0069659865 0.022002825)
(0.012023108 0.0079993385 0.022002729)
(0.01163298 0.0066942886 0.022999718)
(0.013958373 0.0079720144 0.022001019)
(0.013919449 0.0069493853 0.023000353)
(0.027099704 0.0069701514 0.022003289)
(0.026040727 0.0079725905 0.022000736)
(0.026074835 0.0069430394 0.022999917)
(0.028572662 0.007272834 0.022000432)
(0.0279779 0.0080007801 0.022002644)
(0.028364864 0.0066885577 0.023002467)
(0.011058596 0.0090120804 0.021999252)
(0.013001768 0.008992914 0.022000466)
(0.012013766 0.010001255 0.021999613)
(0.012031874 0.0090009421 0.022999897)
(0.013992027 0.010000389 0.022000177)
(0.013984864 0.0089875669 0.023000324)
(0.026998075 0.008993438 0.022000431)
(0.026007312 0.010000224 0.021999996)
(0.026013812 0.0089863027 0.023000221)
(0.028941639 0.0090144818 0.021999757)
(0.027986273 0.0099985867 0.021999671)
(0.027967648 0.0089992917 0.02300024)
(0.011058633 0.01098829 0.021999597)
(0.013002475 0.011009298 0.022000255)
(0.012029036 0.012016213 0.022001906)
(0.012031797 0.011000795 0.022999816)
(0.013959715 0.01203077 0.022000599)
(0.013984734 0.011012482 0.023000247)
(0.026997369 0.011007962 0.021999753)
(0.026039459 0.012030557 0.021999683)
(0.02601432 0.011012247 0.022999926)
(0.02894169 0.01098501 0.021999956)
(0.027973739 0.012009079 0.021998827)
(0.02796816 0.010999266 0.022999815)
(0.011407925 0.012663173 0.021997399)
(0.012908889 0.013054821 0.022002895)
(0.011953768 0.014028534 0.021997664)
(0.011617896 0.013265637 0.023002574)
(0.013899788 0.014075035 0.022000018)
(0.013919032 0.013047686 0.023000524)
(0.027093436 0.013046192 0.02199889)
(0.026093931 0.014082531 0.022000408)
(0.026078324 0.013051102 0.022999781)
(0.028572264 0.012728478 0.021997648)
(0.028058104 0.014006322 0.022001283)
(0.028378867 0.013274237 0.02299994)
(0.012697998 0.01525303 0.022000179)
(0.012302589 0.014655695 0.023000295)
(0.01488755 0.015113257 0.02199928)
(0.013618642 0.016345387 0.021996804)
(0.013861693 0.015106167 0.022999351)
(0.015921732 0.016098855 0.021999415)
(0.015917295 0.015095786 0.022998818)
(0.02510711 0.015119707 0.022000668)
(0.024076033 0.016099676 0.022000649)
(0.024081659 0.015095888 0.022999992)
(0.02726741 0.015301303 0.022001815)
(0.026340147 0.016386266 0.02200565)
(0.026133439 0.015114379 0.0229981)
(0.02765004 0.014731875 0.022997919)
(0.014747266 0.017302214 0.021994785)
(0.014159335 0.016843248 0.022995974)
(0.016935493 0.0170895 0.022001757)
(0.015975098 0.018048174 0.022001894)
(0.015950243 0.017085002 0.022998711)
(0.018989719 0.016992678 0.021999998)
(0.017982335 0.017969828 0.0220009)
(0.017973643 0.017028647 0.023000362)
(0.021004951 0.016994067 0.022000151)
(0.019999434 0.017985735 0.021999871)
(0.019999217 0.016991837 0.023000086)
(0.023048015 0.017094912 0.022001351)
(0.022004579 0.017974608 0.022000123)
(0.02201701 0.017031106 0.023000331)
(0.025258525 0.017298065 0.022000795)
(0.024036175 0.018042148 0.022002413)
(0.024054737 0.017080987 0.023000096)
(0.025848393 0.016836906 0.02300105)
(0.017282275 0.018575526 0.022001004)
(0.019009169 0.018941116 0.02199926)
(0.018085829 0.018790144 0.023002333)
(0.020988982 0.018941299 0.022000346)
(0.02000542 0.018999822 0.023000263)
(0.022754089 0.018564495 0.021994155)
(0.021889976 0.018795785 0.022998749)
(0.01730421 0.0014178194 0.023994388)
(0.015979705 0.0019493636 0.024001907)
(0.01901182 0.0010586221 0.023999924)
(0.017989876 0.0020250372 0.023999608)
(0.018083222 0.0012104642 0.024999185)
(0.02098858 0.0010586614 0.023999383)
(0.019998663 0.0020141755 0.023999772)
(0.019997097 0.0010000951 0.024998816)
(0.022767428 0.0014395505 0.024002812)
(0.022012413 0.0020265863 0.023999647)
(0.021927973 0.0012130745 0.025001378)
(0.024035792 0.0019576467 0.024001984)
(0.014735812 0.0027059938 0.023998696)
(0.013635199 0.0036369349 0.023997076)
(0.014150969 0.0031636173 0.025002339)
(0.016963839 0.0029004606 0.024000706)
(0.015920575 0.0039028629 0.023999102)
(0.015942452 0.0029206623 0.024998653)
(0.01899182 0.0030063093 0.023999966)
(0.01797608 0.0029705838 0.024999381)
(0.021006476 0.0030061235 0.02400018)
(0.019998582 0.0030081601 0.024999846)
(0.023043968 0.002903094 0.024000241)
(0.022023585 0.0029702568 0.025001121)
(0.02526365 0.0027056072 0.023998518)
(0.024070135 0.0038934058 0.023999788)
(0.024056716 0.0029198071 0.025000332)
(0.026293478 0.0035700236 0.024001778)
(0.025842853 0.0031585464 0.025002259)
(0.012719819 0.0047165191 0.024001222)
(0.011953776 0.0059714502 0.023997627)
(0.012313348 0.0053270017 0.024995008)
(0.014886514 0.0048863525 0.023998573)
(0.013902663 0.0059204631 0.023999591)
(0.013887292 0.0048651036 0.024999099)
(0.015919048 0.0049014887 0.024999027)
(0.025093675 0.0048676071 0.02399876)
(0.024076032 0.0048973708 0.024999592)
(0.027287487 0.0047267141 0.023998779)
(0.026087932 0.0059119486 0.023998897)
(0.026115018 0.0048698548 0.024998806)
(0.028051545 0.0059814062 0.024000002)
(0.027662589 0.0052883057 0.024991782)
(0.011428619 0.0072686099 0.023993933)
(0.012907532 0.0069501942 0.023998456)
(0.01202609 0.0079923835 0.023999236)
(0.011642238 0.0066696893 0.025004837)
(0.013959949 0.0079689443 0.024000253)
(0.013924351 0.0069426887 0.025001026)
(0.027087428 0.0069378441 0.023999093)
(0.026037823 0.0079662129 0.023999973)
(0.026076601 0.0069471845 0.024999688)
(0.028562117 0.0072380692 0.024005442)
(0.027970505 0.0079851395 0.024000065)
(0.028384858 0.0067416803 0.025001146)
(0.011058399 0.0090140882 0.023999132)
(0.013002379 0.0089918531 0.02399999)
(0.012013683 0.010000609 0.02399975)
(0.012032208 0.0090001626 0.02499976)
(0.013992033 0.010000017 0.024000186)
(0.013985485 0.008986999 0.025000535)
(0.026996727 0.0089900799 0.024000038)
(0.026007126 0.0099990512 0.02400002)
(0.026014112 0.0089863341 0.025000032)
(0.028941378 0.0090118237 0.023999547)
(0.027986072 0.010000145 0.023999918)
(0.027968285 0.0090009817 0.024999923)
(0.011058652 0.010988485 0.023999617)
(0.013001736 0.011007657 0.024000127)
(0.012024171 0.012004674 0.024000954)
(0.012031883 0.011000068 0.025000074)
(0.013958547 0.012028087 0.024000232)
(0.01398508 0.011013203 0.025000358)
(0.02699758 0.011007621 0.024000082)
(0.026040053 0.012029204 0.024000089)
(0.026014847 0.011011303 0.02499991)
(0.028941482 0.010987114 0.023999781)
(0.027973423 0.012009069 0.024002188)
(0.027968332 0.010999729 0.024999566)
(0.011416153 0.012690296 0.023997214)
(0.012901788 0.013036118 0.023998609)
(0.011946444 0.014014833 0.024001384)
(0.011625306 0.013285322 0.025002206)
(0.013901801 0.014075845 0.023999471)
(0.013920545 0.01305094 0.025000593)
(0.027093492 0.013047104 0.024001024)
(0.026095636 0.014079478 0.024000168)
(0.026078469 0.01304985 0.024999602)
(0.028565854 0.01274961 0.023997767)
(0.028046291 0.014028423 0.024000477)
(0.028382452 0.013264712 0.024993119)
(0.012708821 0.015268133 0.024002803)
(0.012323774 0.014689764 0.024998171)
(0.014892066 0.015118347 0.023997384)
(0.013665926 0.016391954 0.023985186)
(0.013873184 0.015119737 0.024998665)
(0.015923973 0.016100552 0.023998525)
(0.015916655 0.015095738 0.024999073)
(0.025106959 0.015119274 0.024000313)
(0.02407631 0.016100032 0.024000164)
(0.024080976 0.01509736 0.025000306)
(0.027296155 0.01526119 0.024000782)
(0.026333534 0.01639246 0.024000032)
(0.026123574 0.015124212 0.025003051)
(0.027690545 0.014666737 0.025006502)
(0.01473216 0.01729139 0.024003841)
(0.014138477 0.01682613 0.024998317)
(0.016969694 0.017101872 0.023998018)
(0.015970841 0.018045898 0.02399976)
(0.015940962 0.017078357 0.025000552)
(0.018992619 0.016993792 0.023999832)
(0.017995599 0.017977098 0.023999272)
(0.017971573 0.0170275 0.024999629)
(0.021005995 0.016993919 0.024000073)
(0.020000257 0.017985917 0.024000322)
(0.019999166 0.016991809 0.024999795)
(0.023046756 0.01709529 0.024001939)
(0.022003799 0.017975078 0.02400063)
(0.022021545 0.017029875 0.024998688)
(0.025264685 0.017293651 0.023999583)
(0.024027975 0.018046531 0.023999388)
(0.024059033 0.017078392 0.02499986)
(0.025842608 0.016841654 0.024999347)
(0.017228208 0.018559125 0.024000569)
(0.019012224 0.018941417 0.024000151)
(0.018072756 0.018787095 0.02500077)
(0.020991005 0.018941099 0.024000217)
(0.020001497 0.01899995 0.025000301)
(0.022721467 0.018574391 0.023992193)
(0.021928098 0.018786896 0.024999781)
(0.017257997 0.0014318382 0.02600132)
(0.015966579 0.0019563798 0.025999281)
(0.019013709 0.001058436 0.025999448)
(0.017984075 0.0020286233 0.025999551)
(0.018111436 0.0012038855 0.027000508)
(0.020984778 0.001058287 0.025999611)
(0.019997747 0.0020142602 0.025999518)
(0.019994471 0.001000181 0.026999213)
(0.02275668 0.00143629 0.02599911)
(0.022008416 0.0020249458 0.025999921)
(0.021924018 0.0012121524 0.027002806)
(0.024021139 0.0019498144 0.02600116)
(0.014749011 0.0026965349 0.025996449)
(0.013648333 0.0036245236 0.026004433)
(0.01417407 0.0031446587 0.02700201)
(0.016942818 0.0029081612 0.025999096)
(0.015922723 0.0038995395 0.025999209)
(0.015942238 0.0029211806 0.026999478)
(0.018991077 0.0030068912 0.025999707)
(0.017977804 0.0029702898 0.027000206)
(0.021006144 0.0030062261 0.026000052)
(0.019998936 0.0030084336 0.026999887)
(0.023037167 0.0029008857 0.025999318)
(0.022027462 0.0029719549 0.027000531)
(0.025281568 0.0027184477 0.025999612)
(0.024076355 0.0038989639 0.025999504)
(0.024060177 0.0029220966 0.027000585)
(0.02635642 0.0036289753 0.025994336)
(0.025848939 0.0031635415 0.026999735)
(0.012714593 0.0047238111 0.026001611)
(0.011951494 0.0059757197 0.025997215)
(0.012342683 0.0052798281 0.027009366)
(0.014893743 0.0048787465 0.025999887)
(0.013906021 0.005917966 0.026000845)
(0.013873974 0.0048762784 0.026999291)
(0.015916642 0.0049032084 0.027000073)
(0.025106172 0.0048798815 0.025998502)
(0.024079315 0.0048999214 0.026999533)
(0.027307381 0.0047544764 0.02599814)
(0.026096692 0.0059229206 0.025998992)
(0.026113883 0.0048695069 0.026997972)
(0.028048678 0.0059760424 0.026000122)
(0.027630176 0.0052361815 0.027001759)
(0.011433654 0.0072520108 0.026001744)
(0.012904659 0.0069586727 0.026004018)
(0.012021929 0.0080075856 0.026003736)
(0.011618812 0.0067319306 0.027014892)
(0.013959777 0.00797125 0.026001688)
(0.013921483 0.0069502971 0.02700241)
(0.027093861 0.0069527356 0.026000278)
(0.026039779 0.0079694268 0.026000137)
(0.026078377 0.0069496393 0.027000397)
(0.028577474 0.0072886967 0.02599875)
(0.027973306 0.0079900949 0.026000809)
(0.028384572 0.0067409216 0.02700653)
(0.011058714 0.0090108915 0.025999552)
(0.013001986 0.0089936868 0.026000955)
(0.012013754 0.010000897 0.02599987)
(0.012031683 0.0090002124 0.027000737)
(0.01399239 0.010001189 0.026000487)
(0.013985141 0.0089887318 0.027000968)
(0.026997644 0.0089913903 0.026000178)
(0.026007866 0.0099985426 0.026000073)
(0.026014845 0.008985945 0.027000169)
(0.028941509 0.0090131534 0.025999862)
(0.027986273 0.010001266 0.02600017)
(0.027968046 0.0089990468 0.027000309)
(0.011058466 0.0109866 0.025999564)
(0.013002779 0.011010189 0.026000336)
(0.012027554 0.012011673 0.026000708)
(0.012033172 0.011002262 0.027000082)
(0.013960361 0.012033148 0.02600064)
(0.013986111 0.011015684 0.027000446)
(0.026998238 0.011006613 0.026000092)
(0.026041114 0.012026683 0.026000068)
(0.026016517 0.011007613 0.027000042)
(0.028941241 0.010989559 0.025999919)
(0.027972518 0.01201037 0.02600142)
(0.027969754 0.010997275 0.02699993)
(0.011427537 0.012727826 0.025994876)
(0.012907237 0.013051553 0.026001184)
(0.011949417 0.014020394 0.026000775)
(0.011662748 0.013384804 0.027000707)
(0.013898201 0.014073782 0.026001058)
(0.01392462 0.013062301 0.027000895)
(0.027091242 0.013052331 0.026001285)
(0.026094568 0.014080428 0.025999447)
(0.026082652 0.013039671 0.026999714)
(0.028568323 0.01274147 0.02600593)
(0.02804917 0.014023038 0.025999104)
(0.028403823 0.01320793 0.027000697)
(0.012690008 0.015241881 0.026004002)
(0.012366165 0.014757935 0.027005453)
(0.01488527 0.01511116 0.026000158)
(0.013621777 0.016348735 0.025997099)
(0.013866639 0.015114326 0.027002099)
(0.015920654 0.016097531 0.025999945)
(0.015916697 0.015095003 0.027000008)
(0.025106798 0.015120127 0.02599955)
(0.024076979 0.016099582 0.025999427)
(0.024084314 0.015094457 0.026999542)
(0.027286668 0.01527443 0.025999259)
(0.026330122 0.016395655 0.025996814)
(0.026132474 0.015115242 0.026997376)
(0.027655138 0.014723676 0.027001044)
(0.014744806 0.017300452 0.02600611)
(0.014148863 0.016834653 0.027000259)
(0.016954298 0.017096051 0.025994825)
(0.015963873 0.018042174 0.026000081)
(0.015948092 0.017083616 0.026999756)
(0.018991624 0.016993316 0.025999195)
(0.017990268 0.017974065 0.025997116)
(0.017974062 0.017028437 0.026998257)
(0.021004305 0.016994509 0.025999173)
(0.019999833 0.017985968 0.025999956)
(0.019999404 0.016991865 0.026999608)
(0.023030047 0.01710152 0.025998509)
(0.021993379 0.01797962 0.02599718)
(0.022019955 0.017030582 0.026997787)
(0.025269508 0.017290194 0.025999096)
(0.024035 0.018042776 0.025998639)
(0.024058636 0.017078264 0.026999675)
(0.02584709 0.016837975 0.026999739)
(0.017281625 0.018575329 0.026003097)
(0.019011894 0.018941385 0.026000245)
(0.018090448 0.018791221 0.027000916)
(0.020988758 0.018941321 0.026000248)
(0.019999244 0.018999975 0.02700049)
(0.022733184 0.018570837 0.026008601)
(0.021924962 0.018787627 0.026994572)
(0.017272336 0.0014274884 0.02799856)
(0.015975967 0.0019513618 0.027998943)
(0.01901226 0.0010585788 0.027999988)
(0.017993785 0.0020250668 0.027999854)
(0.018068589 0.0012138759 0.029002013)
(0.020986492 0.0010584558 0.02799943)
(0.019997949 0.0020143987 0.028000103)
(0.019998763 0.0010000405 0.029000285)
(0.022733752 0.001429335 0.027994412)
(0.02200798 0.0020253201 0.028000745)
(0.0219204 0.0012113088 0.02900541)
(0.024023028 0.0019508244 0.027998191)
(0.014730861 0.0027095409 0.028002519)
(0.013657612 0.003615833 0.028007136)
(0.01415632 0.0031592256 0.028999268)
(0.016955402 0.0029035854 0.028000606)
(0.015921251 0.0039008175 0.028001236)
(0.015942741 0.0029200664 0.02900103)
(0.018991696 0.0030068669 0.028000026)
(0.017968242 0.002973492 0.029000247)
(0.021008154 0.0030070793 0.028000001)
(0.019999843 0.0030091146 0.02899991)
(0.023044439 0.0029037527 0.027999874)
(0.022033704 0.0029746706 0.028999876)
(0.025276508 0.0027148212 0.02799817)
(0.024077855 0.0038997224 0.027999271)
(0.024062474 0.00292308 0.028998771)
(0.026320918 0.0035957246 0.027993168)
(0.025853478 0.0031672658 0.028993933)
(0.012709482 0.0047309442 0.027994975)
(0.011947105 0.0059839322 0.028002782)
(0.012338353 0.0052867905 0.028997553)
(0.014891321 0.0048809476 0.028001696)
(0.013904417 0.0059206794 0.028000743)
(0.013874504 0.0048775708 0.029004348)
(0.015916932 0.0049026332 0.029001427)
(0.025105849 0.0048793013 0.027999665)
(0.0240855 0.0049052761 0.029000444)
(0.027298096 0.0047415194 0.028006608)
(0.026095642 0.0059211538 0.028000367)
(0.026139616 0.0048938026 0.029003995)
(0.028050825 0.0059800595 0.027997867)
(0.02767583 0.0053095986 0.028991976)
(0.011419521 0.0072986005 0.0279963)
(0.012904202 0.0069594688 0.028000593)
(0.012024697 0.0079956486 0.028000519)
(0.011602695 0.0067747538 0.028996776)
(0.013959245 0.0079725052 0.028000742)
(0.013920623 0.0069527254 0.028999812)
(0.027091734 0.0069470801 0.02799811)
(0.026039917 0.0079684341 0.027999881)
(0.026079142 0.0069490082 0.029000018)
(0.028576679 0.0072860761 0.028002716)
(0.02797221 0.0079875902 0.027999052)
(0.028379533 0.0067275318 0.028995218)
(0.01105861 0.0090119397 0.027998896)
(0.013001895 0.0089932233 0.028000294)
(0.012013681 0.0099985819 0.027999886)
(0.012031197 0.0090008652 0.028999521)
(0.01399245 0.010000842 0.028000311)
(0.013985374 0.0089877891 0.028999988)
(0.026997751 0.0089901113 0.028000021)
(0.026008587 0.0099968214 0.028000124)
(0.02601502 0.0089852745 0.029000149)
(0.028941565 0.0090137207 0.028000679)
(0.027986601 0.0099998454 0.028000016)
(0.02796806 0.0089982609 0.029000164)
(0.011058146 0.010983348 0.027999785)
(0.013002481 0.01100823 0.028000251)
(0.012023088 0.011998945 0.028000398)
(0.012031969 0.010999613 0.029000136)
(0.013960028 0.012031563 0.028000459)
(0.013985573 0.011013389 0.029000255)
(0.027000049 0.01100221 0.028000026)
(0.026044208 0.012019144 0.02800004)
(0.02601675 0.011006926 0.029000363)
(0.028941035 0.010991651 0.02800016)
(0.027980656 0.011992265 0.027998523)
(0.027969434 0.01099717 0.029000561)
(0.011430115 0.012736324 0.028000861)
(0.012903326 0.013040269 0.028001135)
(0.011956927 0.014034443 0.028000072)
(0.011628758 0.013294496 0.028996556)
(0.013900447 0.014076339 0.027999682)
(0.013921186 0.013052764 0.029000123)
(0.027103898 0.013019118 0.027999069)
(0.026098554 0.014074924 0.028000163)
(0.026082027 0.013042011 0.029001019)
(0.028560691 0.012766631 0.027995973)
(0.028044104 0.014032515 0.02800007)
(0.028383483 0.013261972 0.029002182)
(0.012691634 0.01524415 0.028003081)
(0.012344061 0.014722387 0.029002679)
(0.014888537 0.015114367 0.027998649)
(0.013649835 0.016376883 0.027979631)
(0.013868515 0.01511544 0.029002732)
(0.015923859 0.016099687 0.027999689)
(0.015916846 0.015094853 0.029001233)
(0.025113513 0.015113944 0.028000396)
(0.024081307 0.016096404 0.028)
(0.024086772 0.01509301 0.029000786)
(0.027291229 0.015268065 0.027999697)
(0.026361949 0.016365847 0.028001631)
(0.026124729 0.015123658 0.029002993)
(0.027659381 0.014716852 0.029002329)
(0.014739827 0.017296884 0.028004769)
(0.014160515 0.016844216 0.029000852)
(0.016959267 0.017098068 0.02800096)
(0.015975417 0.018048344 0.027998673)
(0.015949462 0.017083054 0.029000673)
(0.018993919 0.016993814 0.028000149)
(0.017989885 0.017974336 0.028000974)
(0.017982856 0.017031331 0.029001434)
(0.021008304 0.016993044 0.027999361)
(0.020000258 0.01798583 0.02800026)
(0.020001623 0.01699182 0.029000207)
(0.023054683 0.017092294 0.027998215)
(0.022014664 0.017971868 0.027997337)
(0.022029396 0.017026973 0.028999669)
(0.025267633 0.017291538 0.027999337)
(0.024019441 0.018051093 0.027999336)
(0.024059522 0.017078022 0.02900104)
(0.025851172 0.016834625 0.028998012)
(0.017263567 0.018569851 0.02799995)
(0.019013658 0.018941558 0.028000268)
(0.018101425 0.01879378 0.02900078)
(0.020987099 0.018941484 0.028000173)
(0.02000147 0.018999951 0.029000369)
(0.022714601 0.018576474 0.028006458)
(0.021911831 0.018790689 0.028995585)
(0.017274268 0.0014269021 0.030005996)
(0.01597753 0.0019505262 0.029999317)
(0.019009909 0.0010588103 0.030000012)
(0.017987394 0.0020276042 0.029998882)
(0.018086181 0.0012097742 0.030999644)
(0.020986375 0.0010584443 0.029999396)
(0.020000469 0.0020147152 0.029999601)
(0.019997237 0.0010000905 0.030999333)
(0.022694925 0.001417557 0.030012583)
(0.022026239 0.0020328512 0.029997971)
(0.021922737 0.0012118537 0.030997554)
(0.024026734 0.001952805 0.030000645)
(0.014728627 0.0027111418 0.030001884)
(0.013675049 0.0035995014 0.030005294)
(0.0141618 0.0031547286 0.03100024)
(0.016945297 0.0029072873 0.029999175)
(0.015922169 0.0038997137 0.030001015)
(0.015946416 0.0029178954 0.030999821)
(0.018991055 0.0030073618 0.029999511)
(0.01797588 0.0029711007 0.030997635)
(0.021012065 0.0030083729 0.029999382)
(0.020001081 0.0030087345 0.030999512)
(0.023070511 0.0029125598 0.029996737)
(0.022031633 0.002973461 0.030999487)
(0.025232988 0.0026836353 0.029996804)
(0.024077211 0.0038992721 0.029999924)
(0.024052096 0.0029158997 0.031001328)
(0.026369953 0.0036424366 0.030002341)
(0.025850561 0.0031648726 0.030999835)
(0.012715578 0.0047224375 0.029990905)
(0.011953093 0.0059727296 0.030000011)
(0.012327773 0.0053038047 0.031001575)
(0.014893911 0.0048786165 0.03000121)
(0.013907075 0.005916155 0.029999313)
(0.013867689 0.0048847937 0.030999421)
(0.015916731 0.0049037091 0.03100028)
(0.025108535 0.0048821264 0.030001012)
(0.024079638 0.0048993502 0.031000308)
(0.027298303 0.0047418079 0.030002014)
(0.026097078 0.0059210977 0.030001254)
(0.026105809 0.0048565247 0.03100032)
(0.02804526 0.0059696475 0.030001418)
(0.027694254 0.0053392269 0.031000676)
(0.011425 0.0072805397 0.030004689)
(0.012908225 0.006949019 0.029995985)
(0.012029507 0.0079793199 0.029998065)
(0.011664014 0.0066118315 0.031003171)
(0.013961679 0.0079659512 0.029999367)
(0.013926857 0.0069347951 0.030999989)
(0.027094548 0.0069555562 0.030002392)
(0.026039977 0.0079685629 0.030000574)
(0.026075233 0.006942869 0.031000546)
(0.028579197 0.0072943762 0.029989673)
(0.027974391 0.0079929354 0.030001945)
(0.02837002 0.0067022569 0.030997787)
(0.011058739 0.0090106321 0.029999944)
(0.013003479 0.0089888172 0.029999627)
(0.012014143 0.0099987017 0.029999851)
(0.01203406 0.0089946274 0.031000202)
(0.013993087 0.0099992164 0.030000102)
(0.013987389 0.0089829706 0.031000068)
(0.026997806 0.0089904948 0.030000462)
(0.026008401 0.0099971407 0.030000282)
(0.026014432 0.0089850793 0.031000237)
(0.028941539 0.0090134602 0.030000434)
(0.027986526 0.0099997721 0.030000423)
(0.027967654 0.0089978285 0.031000206)
(0.011058567 0.010987624 0.029999863)
(0.013002932 0.011008833 0.0300003)
(0.012028071 0.012014055 0.030001114)
(0.012032282 0.011000245 0.031000478)
(0.01396018 0.01203166 0.030000539)
(0.013986032 0.011013073 0.031000458)
(0.026999351 0.011003735 0.030000488)
(0.026043435 0.012021865 0.030000665)
(0.02601601 0.011009212 0.030999994)
(0.028941195 0.010990034 0.030000308)
(0.027978099 0.011997203 0.030002166)
(0.027968652 0.010999555 0.030999922)
(0.011417741 0.012695531 0.029995192)
(0.012907877 0.013051761 0.030000313)
(0.011957876 0.014036219 0.029999817)
(0.011625522 0.013285897 0.031003681)
(0.013899398 0.014075866 0.030001257)
(0.013921929 0.013053825 0.031000997)
(0.027099936 0.013029982 0.030001982)
(0.026101456 0.014072986 0.030001767)
(0.026082431 0.013044086 0.031000254)
(0.028558265 0.012774627 0.029998491)
(0.028040669 0.014038943 0.030002828)
(0.02838089 0.013268863 0.030998673)
(0.012703212 0.015260307 0.029998561)
(0.012334711 0.014707351 0.031004813)
(0.01488297 0.015109402 0.030003026)
(0.01361224 0.016338552 0.030011391)
(0.013866138 0.015112489 0.031002644)
(0.015919892 0.016096076 0.030001913)
(0.015915347 0.015094506 0.031002046)
(0.025120719 0.015106538 0.030001196)
(0.024085067 0.016092503 0.030000597)
(0.024086931 0.015091416 0.031000502)
(0.027287431 0.015273364 0.030002387)
(0.026398065 0.01632755 0.029999875)
(0.026139813 0.015105506 0.03100347)
(0.027647643 0.014735729 0.030998875)
(0.014734536 0.017293092 0.029998643)
(0.01415868 0.01684271 0.030998562)
(0.016964555 0.017099549 0.030000893)
(0.01597279 0.01804694 0.030000837)
(0.01594148 0.017078687 0.03100117)
(0.01899515 0.016994197 0.030000384)
(0.018002616 0.017977735 0.029999948)
(0.017974511 0.017028504 0.030999726)
(0.021008338 0.016993251 0.03000029)
(0.020000878 0.017985918 0.030000272)
(0.020000137 0.016991799 0.031000269)
(0.023046521 0.017095119 0.030000971)
(0.022011749 0.017973415 0.030001248)
(0.022023245 0.017029457 0.03100064)
(0.025287711 0.017277151 0.030000881)
(0.024020681 0.01805043 0.030001024)
(0.024048546 0.017084898 0.030998981)
(0.025839014 0.016844603 0.030997305)
(0.017238913 0.018562372 0.030004683)
(0.019010823 0.018941279 0.030000384)
(0.018076657 0.018788005 0.031000128)
(0.020986853 0.018941508 0.030000285)
(0.02000182 0.01899994 0.031000195)
(0.022737263 0.018569599 0.029993212)
(0.021934608 0.018785378 0.030997837)
(0.017301981 0.0014184956 0.031996809)
(0.015976335 0.0019511651 0.032000473)
(0.019010423 0.0010587597 0.032000276)
(0.018020339 0.0020161992 0.032000375)
(0.018091759 0.0012084735 0.032999741)
(0.020983469 0.001058158 0.031999622)
(0.019999881 0.0020141343 0.031999887)
(0.019999541 0.0010000151 0.032999639)
(0.022746726 0.0014332706 0.031999175)
(0.022019383 0.0020290709 0.032000766)
(0.021917271 0.0012105794 0.033001114)
(0.024020811 0.0019496393 0.032001216)
(0.014703558 0.0027291063 0.03199599)
(0.013634606 0.0036375683 0.032002965)
(0.014152314 0.0031625134 0.033001681)
(0.016979447 0.0028950916 0.032001459)
(0.015919576 0.0039032095 0.031999931)
(0.015939817 0.0029213495 0.032999616)
(0.018997049 0.0030051742 0.031999965)
(0.017978878 0.0029701063 0.033001316)
(0.021010118 0.0030075079 0.031999859)
(0.020001432 0.0030084856 0.033000085)
(0.023052146 0.0029063435 0.032000325)
(0.022028967 0.0029726543 0.032999792)
(0.025280226 0.0027174858 0.032004893)
(0.024079611 0.0039011406 0.032000425)
(0.024054149 0.0029185085 0.032999535)
(0.026370724 0.0036432596 0.031998422)
(0.025850558 0.0031648702 0.033001042)
(0.012713296 0.0047256219 0.032006059)
(0.011949165 0.0059800778 0.03200029)
(0.012341561 0.0052816328 0.032993551)
(0.014887019 0.0048852578 0.032000823)
(0.013903293 0.0059198997 0.032001394)
(0.013875513 0.0048783041 0.033001461)
(0.015918307 0.0049026708 0.033000236)
(0.025108379 0.0048800804 0.031999841)
(0.024084363 0.004903867 0.032999357)
(0.027271791 0.0047048104 0.032001236)
(0.026092972 0.0059155362 0.031999981)
(0.026129032 0.0048834893 0.032996509)
(0.028050314 0.0059791031 0.031999773)
(0.027657379 0.0052799277 0.033002781)
(0.011408846 0.0073337914 0.032001733)
(0.01290981 0.00694408 0.03200004)
(0.012029173 0.0079833175 0.031999997)
(0.011628983 0.0067049062 0.033004709)
(0.013962101 0.0079647346 0.03200024)
(0.013921712 0.006948385 0.033000816)
(0.027090729 0.006946757 0.032002757)
(0.026039441 0.0079681884 0.03200034)
(0.026079279 0.006950114 0.032999514)
(0.028575854 0.0072833563 0.03200425)
(0.027974035 0.0079949404 0.032000448)
(0.028383608 0.0067383609 0.032994925)
(0.011058256 0.0090155338 0.032000214)
(0.013003904 0.0089884996 0.032000192)
(0.012014177 0.0099991281 0.032000298)
(0.01203266 0.0089973787 0.033000083)
(0.013993265 0.0099991969 0.032000303)
(0.01398581 0.0089871997 0.033000232)
(0.026997441 0.0089906484 0.03200011)
(0.026007846 0.0099986735 0.03199989)
(0.026014797 0.0089872094 0.032999817)
(0.028941197 0.0090099933 0.032000015)
(0.027986195 0.0099987777 0.032000086)
(0.027968034 0.0089982525 0.032999575)
(0.011058229 0.010984187 0.032000332)
(0.013003015 0.011008481 0.032000472)
(0.012027749 0.012012073 0.032000934)
(0.012031853 0.01099894 0.033000395)
(0.013960671 0.012031934 0.032000633)
(0.013985685 0.011013304 0.033000518)
(0.026998193 0.011007004 0.031999473)
(0.026041971 0.012026672 0.031999041)
(0.026014811 0.01101274 0.032999403)
(0.02894124 0.010989572 0.032000207)
(0.027974601 0.012008113 0.031998558)
(0.02796789 0.011001425 0.032999349)
(0.011435191 0.012753055 0.031996486)
(0.012909259 0.013053541 0.031999725)
(0.011951048 0.014023445 0.032000357)
(0.0116218 0.013276008 0.033003749)
(0.013904855 0.014082477 0.032001021)
(0.013922309 0.013053006 0.033000807)
(0.027096722 0.013039811 0.031996616)
(0.026102987 0.014071772 0.031999887)
(0.02608055 0.013049478 0.032997962)
(0.02857744 0.012711418 0.031996153)
(0.02804371 0.014033253 0.032002291)
(0.028376158 0.013281436 0.032984214)
(0.012728011 0.015294913 0.031997924)
(0.012350647 0.014732978 0.033000574)
(0.014890094 0.015117565 0.032002758)
(0.013629489 0.016356968 0.032010417)
(0.013877158 0.015125636 0.03299985)
(0.015921654 0.016098946 0.03200236)
(0.015919338 0.015098565 0.033000815)
(0.025120288 0.015106044 0.03200036)
(0.024082189 0.016094122 0.031999996)
(0.024088047 0.015090455 0.033000538)
(0.027295328 0.015262344 0.031998175)
(0.026377606 0.016349393 0.032002252)
(0.026145946 0.015099973 0.032997988)
(0.027644045 0.014741515 0.03300949)
(0.014743876 0.017299785 0.032003207)
(0.014144751 0.016831279 0.033000025)
(0.01695249 0.017095474 0.032004474)
(0.015961681 0.018041002 0.03200073)
(0.01594877 0.017084327 0.033000317)
(0.018991701 0.01699351 0.032000745)
(0.017987481 0.017973204 0.03200252)
(0.017978063 0.017030236 0.033000869)
(0.021006314 0.016993769 0.032000371)
(0.019998752 0.017985815 0.032000129)
(0.019998601 0.016991744 0.033000328)
(0.023036497 0.017099076 0.032000768)
(0.022002503 0.01797647 0.032000866)
(0.022028566 0.01702714 0.033000768)
(0.025278287 0.017283904 0.031998912)
(0.024017572 0.018052092 0.031996249)
(0.024056005 0.017080249 0.033000742)
(0.025833752 0.016848922 0.032999552)
(0.017298608 0.018580481 0.031993106)
(0.019010795 0.018941277 0.032000534)
(0.01809473 0.018792219 0.033004202)
(0.020989147 0.018941282 0.031999731)
(0.019995712 0.018999859 0.032999602)
(0.022665771 0.018591286 0.031992572)
(0.021919589 0.01878888 0.032998873)
(0.017286208 0.0014232804 0.033998753)
(0.015967707 0.0019557766 0.034000836)
(0.019012998 0.0010585061 0.03400041)
(0.017992148 0.0020256111 0.034000536)
(0.018075784 0.0012121984 0.035000241)
(0.020983057 0.0010581175 0.034000066)
(0.020000169 0.0020144345 0.034000286)
(0.020003106 0.0010001017 0.035000906)
(0.022713222 0.0014231073 0.033998431)
(0.022014501 0.0020293077 0.033998987)
(0.021920416 0.0012113126 0.035000191)
(0.024024635 0.001951683 0.033997837)
(0.014747589 0.002697554 0.03400346)
(0.013651424 0.0036216291 0.03399289)
(0.014153092 0.0031618746 0.034998634)
(0.016952236 0.0029045767 0.034000423)
(0.01592368 0.0038993027 0.034000217)
(0.015944915 0.0029183059 0.034999877)
(0.018993182 0.0030067601 0.034000406)
(0.017972348 0.0029720231 0.035000478)
(0.021010227 0.0030077848 0.033999862)
(0.020001031 0.0030089583 0.035000208)
(0.023065325 0.0029112621 0.033997733)
(0.022031941 0.0029736445 0.03500008)
(0.025271875 0.0027115012 0.034000001)
(0.024082004 0.0039034764 0.033999647)
(0.024045834 0.0029122919 0.034999366)
(0.026380888 0.0036541107 0.034001307)
(0.025846515 0.0031615519 0.034998914)
(0.012706816 0.004734665 0.033996202)
(0.011951072 0.0059765097 0.034000673)
(0.012393236 0.0051985319 0.035007113)
(0.014892165 0.0048817954 0.033999447)
(0.013901075 0.0059261343 0.033999412)
(0.01386672 0.0048883847 0.035001851)
(0.015916446 0.004904627 0.035000243)
(0.025114919 0.0048873776 0.034000511)
(0.024084466 0.0049046046 0.03500048)
(0.027280331 0.0047167275 0.034001923)
(0.026099557 0.0059242106 0.034000387)
(0.026138562 0.0048925782 0.03500538)
(0.028051586 0.0059814832 0.033998555)
(0.027632615 0.0052401045 0.035015762)
(0.011430758 0.0072615557 0.034005768)
(0.012898941 0.0069723788 0.033999952)
(0.012022303 0.0079992551 0.033999807)
(0.011610611 0.0067537199 0.03499438)
(0.013957687 0.0079763367 0.033999848)
(0.01391609 0.0069618283 0.034999012)
(0.027096639 0.0069608618 0.034000284)
(0.026041018 0.0079716181 0.033999853)
(0.026079591 0.0069491761 0.035000539)
(0.028587758 0.0073225959 0.03400191)
(0.027975492 0.0079954559 0.033998534)
(0.028370974 0.0067047923 0.035001471)
(0.011058459 0.0090134762 0.034000225)
(0.01300129 0.0089951857 0.034000012)
(0.012013579 0.010000478 0.03400035)
(0.012030366 0.0090041219 0.034999729)
(0.013992201 0.010001899 0.034000272)
(0.013983626 0.0089933706 0.03499972)
(0.026997794 0.0089925904 0.033999705)
(0.02600734 0.010000987 0.033999839)
(0.026014562 0.0089881193 0.034999883)
(0.028941422 0.0090122734 0.033999796)
(0.027986017 0.0099999568 0.034000111)
(0.027967823 0.0089996924 0.034999535)
(0.011058203 0.010983922 0.034001064)
(0.013002295 0.011008284 0.034000567)
(0.012025615 0.012007061 0.0340002)
(0.012031703 0.010999229 0.035000398)
(0.013959941 0.012030687 0.034000774)
(0.013985427 0.011014641 0.035000613)
(0.026996848 0.0110107 0.033999962)
(0.026039408 0.012032905 0.033999923)
(0.026013496 0.011015815 0.034999907)
(0.028941528 0.010986654 0.034000429)
(0.027969722 0.012022548 0.03400133)
(0.027967434 0.011002073 0.035000042)
(0.01143227 0.012743426 0.033998641)
(0.012905588 0.013044869 0.03400122)
(0.011954284 0.0140295 0.034002109)
(0.011625322 0.013285366 0.035002756)
(0.013902566 0.014078691 0.034000049)
(0.013921787 0.013053442 0.035000854)
(0.027091074 0.013053333 0.034003348)
(0.026098686 0.014078544 0.034000573)
(0.026077521 0.013055365 0.03500001)
(0.028580558 0.012701137 0.034002633)
(0.028046657 0.014027739 0.034001468)
(0.028374739 0.013285205 0.034999244)
(0.012705209 0.015263093 0.033999595)
(0.012326363 0.014693926 0.035004368)
(0.014890632 0.015117516 0.033999602)
(0.013640697 0.016368325 0.033999609)
(0.013867722 0.015115252 0.034998205)
(0.015923211 0.016100421 0.033999822)
(0.015916443 0.015096113 0.034999156)
(0.02511456 0.015111709 0.034001937)
(0.024077307 0.01609794 0.034001699)
(0.024080662 0.015097109 0.035000983)
(0.027268068 0.015300385 0.033999497)
(0.026385846 0.016340595 0.034009976)
(0.026135405 0.015109856 0.035000761)
(0.027649849 0.014732181 0.035000941)
(0.014743991 0.017299868 0.034000398)
(0.014140021 0.016827397 0.035001807)
(0.016951505 0.017095336 0.034001194)
(0.015969304 0.018045076 0.033997775)
(0.015945119 0.01708197 0.034998597)
(0.018990415 0.016993217 0.034000597)
(0.017989801 0.017973515 0.034001792)
(0.017969226 0.017026978 0.035000764)
(0.021004719 0.016993919 0.034000494)
(0.019996535 0.017985811 0.034000261)
(0.019997008 0.016991624 0.03500026)
(0.023037014 0.017099645 0.034001791)
(0.021997728 0.017977471 0.034001099)
(0.022022655 0.017029741 0.035000999)
(0.025246171 0.017306918 0.034002497)
(0.024024366 0.018048461 0.034000389)
(0.024043255 0.01708863 0.035000676)
(0.025829159 0.016852691 0.034998707)
(0.017288769 0.018577496 0.034004523)
(0.019009777 0.018941176 0.034000118)
(0.018067413 0.01878585 0.035005129)
(0.020985812 0.018941611 0.033999846)
(0.019994497 0.018999819 0.034999124)
(0.022749795 0.018565798 0.03399677)
(0.021903287 0.018792681 0.034997913)
(0.017266137 0.0014293688 0.035994781)
(0.015979019 0.0019497306 0.036000283)
(0.01901499 0.0010583099 0.036000274)
(0.017979397 0.0020306349 0.035999981)
(0.018066446 0.0012143758 0.036997423)
(0.020982174 0.0010580305 0.035999074)
(0.019999657 0.0020145498 0.035999954)
(0.020001736 0.0010000569 0.037000286)
(0.02273266 0.0014290038 0.036003367)
(0.022010099 0.0020265988 0.036001919)
(0.021933276 0.001214311 0.03699849)
(0.024015579 0.0019468424 0.035997715)
(0.014734906 0.002706643 0.035998209)
(0.013604527 0.0036696837 0.035993486)
(0.014164791 0.0031522736 0.037000673)
(0.016933441 0.0029117986 0.035998168)
(0.015918355 0.0039038272 0.035999344)
(0.015942488 0.0029209245 0.036999399)
(0.01899094 0.0030077019 0.035999799)
(0.017974562 0.0029712689 0.036997461)
(0.021008833 0.0030073935 0.036000088)
(0.020001431 0.0030087515 0.036999835)
(0.023048981 0.0029045543 0.036000516)
(0.02202833 0.0029721569 0.036999694)
(0.02524885 0.0026950019 0.035998308)
(0.024075009 0.0038983452 0.035999241)
(0.024053662 0.0029184374 0.037001115)
(0.026352807 0.0036255912 0.035990095)
(0.02585152 0.0031656593 0.036999912)
(0.012703152 0.0047397769 0.036003658)
(0.01195022 0.0059781038 0.036000239)
(0.012333631 0.0052943845 0.036994685)
(0.014884446 0.0048893223 0.035999578)
(0.013897382 0.005931016 0.03599972)
(0.013882867 0.0048702212 0.037000296)
(0.015917969 0.0049030787 0.036999905)
(0.025109386 0.0048832088 0.03599912)
(0.024082701 0.0049026739 0.03699982)
(0.027307308 0.004754374 0.035999943)
(0.026099098 0.0059242795 0.035999394)
(0.026117048 0.0048699741 0.036999436)
(0.02804732 0.0059735013 0.035994834)
(0.027650517 0.0052688929 0.036991952)
(0.01142239 0.0072891412 0.035996226)
(0.012896656 0.0069783413 0.035997695)
(0.012018381 0.0080156709 0.035998183)
(0.011614127 0.0067443789 0.036989017)
(0.013955853 0.0079816212 0.035998949)
(0.013918513 0.0069582279 0.036998409)
(0.027091039 0.006944981 0.03600065)
(0.026040325 0.0079702171 0.035999953)
(0.02607998 0.0069532394 0.036999463)
(0.028573314 0.0072749809 0.036006753)
(0.027970175 0.0079806403 0.035999982)
(0.028393202 0.0067638517 0.036993567)
(0.011058649 0.0090115481 0.035999443)
(0.013000202 0.0089991117 0.03599942)
(0.012013402 0.010001718 0.036000218)
(0.012030709 0.0090032942 0.036999317)
(0.013991935 0.01000389 0.036000118)
(0.013984029 0.0089929533 0.036999504)
(0.026997137 0.0089917231 0.035999883)
(0.026006765 0.010002358 0.035999953)
(0.026014899 0.0089897236 0.036999951)
(0.028941285 0.0090108806 0.035999911)
(0.027985728 0.010001014 0.035999851)
(0.027968594 0.0090012273 0.036999801)
(0.011058642 0.010988379 0.035999263)
(0.013002812 0.011010178 0.036000825)
(0.012026697 0.012004951 0.036003885)
(0.012032328 0.010999569 0.037000104)
(0.013960923 0.012033592 0.036001361)
(0.013986039 0.01101588 0.037000503)
(0.026995809 0.011013091 0.035999931)
(0.0260371 0.01203779 0.03599987)
(0.026012687 0.011017862 0.037000203)
(0.028941414 0.010987806 0.036000143)
(0.02796838 0.01202267 0.035999462)
(0.027966803 0.011003234 0.037000109)
(0.011419354 0.012700847 0.035999073)
(0.012910654 0.013059221 0.036004627)
(0.011949646 0.014020823 0.035996421)
(0.011640634 0.013326049 0.037002548)
(0.013901593 0.014078032 0.035998708)
(0.013924135 0.013058755 0.037001146)
(0.0270861 0.013066953 0.035998622)
(0.026094284 0.014083025 0.035998891)
(0.026074422 0.013061504 0.03700036)
(0.028581179 0.012699092 0.036001559)
(0.028040786 0.014038724 0.0360045)
(0.028364749 0.013311749 0.037003003)
(0.012706038 0.015264251 0.03600063)
(0.012367867 0.01476067 0.036998809)
(0.014887316 0.015114409 0.0359971)
(0.013625758 0.016352985 0.035980148)
(0.013879417 0.015126314 0.036999726)
(0.015920619 0.016098035 0.035999172)
(0.015918714 0.015097863 0.037000071)
(0.025104537 0.015121374 0.035999385)
(0.024073662 0.016102687 0.036000359)
(0.0240787 0.015099495 0.037000406)
(0.027289624 0.015270305 0.035992384)
(0.026335853 0.016390288 0.035996853)
(0.026121489 0.015123407 0.036998918)
(0.027654272 0.014725068 0.037004564)
(0.014726251 0.017287156 0.036005391)
(0.014152524 0.016837658 0.037000594)
(0.016954735 0.017096139 0.035999176)
(0.01597787 0.018049655 0.036000743)
(0.015946697 0.017082433 0.037002084)
(0.018991257 0.016993523 0.036000155)
(0.018002462 0.017976806 0.035999243)
(0.017975253 0.017029248 0.037001)
(0.02100636 0.016993389 0.036000352)
(0.019996829 0.017985736 0.036000158)
(0.019997624 0.016991932 0.037000194)
(0.02305232 0.017093845 0.036001411)
(0.02201935 0.017970712 0.036000715)
(0.022022496 0.017029701 0.036999885)
(0.025262558 0.017295175 0.036000159)
(0.024028036 0.018046499 0.035999942)
(0.024053484 0.01708199 0.036999994)
(0.025844914 0.016839761 0.036999012)
(0.017291525 0.018578332 0.036007402)
(0.019009029 0.018941103 0.035999635)
(0.018067144 0.018785787 0.037000616)
(0.020982318 0.018941955 0.036000033)
(0.0199954 0.018999849 0.037000207)
(0.022763089 0.018561765 0.03599796)
(0.021908974 0.018791355 0.037000404)
(0.017256655 0.001432245 0.038001792)
(0.015989303 0.0019442335 0.038003991)
(0.019015309 0.0010582785 0.038000556)
(0.017994112 0.0020250787 0.038002025)
(0.018064701 0.0012147825 0.0389986)
(0.020986766 0.0010584827 0.038000024)
(0.020001444 0.0020143454 0.03799975)
(0.020001337 0.0010000438 0.038999724)
(0.022730025 0.0014282043 0.037996801)
(0.022017236 0.0020294705 0.038000202)
(0.021934322 0.001214555 0.039003419)
(0.024014848 0.001946452 0.038000557)
(0.014745653 0.0026989417 0.03800165)
(0.013634821 0.0036373386 0.038002714)
(0.01415848 0.0031574535 0.038999821)
(0.016957076 0.0029026442 0.038002509)
(0.015924965 0.0038992396 0.038000774)
(0.015946595 0.0029183397 0.039001245)
(0.018994886 0.0030063025 0.038000162)
(0.01798043 0.0029689148 0.039000747)
(0.021011147 0.0030076881 0.038000113)
(0.020002997 0.0030084207 0.039000116)
(0.023061474 0.0029102561 0.038000615)
(0.022031186 0.0029729792 0.03900101)
(0.025300319 0.0027318839 0.038003846)
(0.024083802 0.003904695 0.03800014)
(0.024053334 0.0029172204 0.039000005)
(0.026366591 0.0036388466 0.037996782)
(0.025844675 0.0031600414 0.039001325)
(0.012710729 0.0047292032 0.038004182)
(0.011952762 0.0059733477 0.037999321)
(0.012365746 0.0052427401 0.039002671)
(0.014891337 0.0048821191 0.038000649)
(0.013902901 0.0059229505 0.038000276)
(0.013872751 0.0048795119 0.038998255)
(0.015919515 0.0049023507 0.038999659)
(0.025114903 0.0048870103 0.037999359)
(0.024085048 0.0049052664 0.038999526)
(0.027293866 0.0047356162 0.037999034)
(0.026098724 0.0059241732 0.037999563)
(0.026137537 0.0048908955 0.03899931)
(0.028048715 0.0059761111 0.037999072)
(0.027661306 0.0052862426 0.039003521)
(0.011437341 0.0072398561 0.038003094)
(0.012899434 0.0069723736 0.037999921)
(0.012022302 0.0080009708 0.03799997)
(0.011635545 0.0066874733 0.039003809)
(0.013958223 0.0079757391 0.037999497)
(0.013922476 0.0069468225 0.038999541)
(0.027099724 0.0069689608 0.038000781)
(0.026041669 0.0079739507 0.03800014)
(0.026079374 0.0069496957 0.039000579)
(0.028574774 0.0072797951 0.038001101)
(0.027977053 0.0079977001 0.03799999)
(0.028370532 0.006703617 0.039004772)
(0.011058381 0.0090142648 0.038000172)
(0.013001398 0.0089955397 0.037999798)
(0.012013717 0.010001304 0.038000116)
(0.012032334 0.0089987586 0.039000199)
(0.01399243 0.010002471 0.038000002)
(0.013985545 0.0089878614 0.038999763)
(0.026998095 0.008994209 0.03800014)
(0.026006951 0.010002531 0.038000199)
(0.026014678 0.0089881705 0.03900025)
(0.02894157 0.0090137791 0.038000029)
(0.02798592 0.0099996124 0.038000093)
(0.027967825 0.0089985858 0.039000498)
(0.011058625 0.010988214 0.037999755)
(0.01300298 0.011010379 0.038000378)
(0.012027928 0.012012735 0.038001588)
(0.012032111 0.011001174 0.039000295)
(0.013960901 0.012033143 0.038000603)
(0.013985567 0.011013656 0.03900003)
(0.026995635 0.011013165 0.038000457)
(0.026036898 0.012038371 0.03800082)
(0.026013657 0.011015187 0.039000363)
(0.028941809 0.010983795 0.037999967)
(0.02796705 0.012026346 0.038001779)
(0.027967253 0.011002174 0.039000081)
(0.01142775 0.012728528 0.037998158)
(0.012908991 0.013054289 0.038001067)
(0.011953211 0.014027492 0.037998615)
(0.011617094 0.013263503 0.039000909)
(0.013902474 0.014078744 0.038000352)
(0.013921341 0.013051321 0.038999753)
(0.027084022 0.013072113 0.038002829)
(0.026094523 0.014083433 0.038000622)
(0.026077956 0.013054482 0.039001268)
(0.028588302 0.012675611 0.037995912)
(0.028044017 0.014032678 0.038001573)
(0.028373189 0.013289325 0.039001939)
(0.012700272 0.015256204 0.038002149)
(0.012325268 0.014692167 0.039001563)
(0.014888766 0.015115762 0.038000117)
(0.013637278 0.016365123 0.038001719)
(0.013871362 0.015120914 0.038999253)
(0.015921361 0.016098488 0.038000395)
(0.015916647 0.01509578 0.038999804)
(0.02510848 0.015118166 0.038001456)
(0.02407691 0.016099442 0.038001074)
(0.024084595 0.015093592 0.039001594)
(0.027280647 0.015282831 0.037994523)
(0.026347526 0.016379355 0.038005338)
(0.026141614 0.015104148 0.039005972)
(0.027656588 0.014721345 0.03899863)
(0.014730409 0.017290135 0.037998371)
(0.014151374 0.016836715 0.039000679)
(0.016965262 0.017099977 0.038002321)
(0.015962461 0.018041419 0.038000089)
(0.015942591 0.017079599 0.039000692)
(0.018991692 0.016994094 0.038000494)
(0.017993498 0.017975897 0.038001212)
(0.017975555 0.0170295 0.039001923)
(0.021004378 0.01699435 0.038000462)
(0.019996997 0.017985984 0.037999765)
(0.019996992 0.016992332 0.038999999)
(0.023037955 0.017098668 0.038003948)
(0.022010638 0.01797446 0.038002679)
(0.022014863 0.017032339 0.0389998)
(0.025266957 0.017292023 0.038000205)
(0.024032041 0.018044358 0.03799835)
(0.024058489 0.017077809 0.038999915)
(0.025851712 0.016834182 0.038999824)
(0.017262287 0.018569463 0.037995004)
(0.01900963 0.018941162 0.037999772)
(0.018081373 0.018789105 0.038999766)
(0.020985251 0.018941666 0.037999789)
(0.019994045 0.018999804 0.038998654)
(0.022744397 0.018567435 0.037994373)
(0.021902591 0.018792843 0.039002256)
(0.017287803 0.0014227966 0.039995454)
(0.015978232 0.0019501511 0.039999584)
(0.019014824 0.0010583263 0.039999909)
(0.017994576 0.0020240343 0.040001471)
(0.018094839 0.0012077553 0.040991402)
(0.020987625 0.0010585673 0.039999476)
(0.020003348 0.0020142189 0.039999965)
(0.020004086 0.0010001338 0.040999345)
(0.022707341 0.0014213234 0.040006743)
(0.022009488 0.0020262558 0.039999477)
(0.021930548 0.0012136751 0.040997244)
(0.024022041 0.0019502965 0.039999573)
(0.014751636 0.0026946539 0.040005713)
(0.013648678 0.003624201 0.039988249)
(0.014159494 0.0031566212 0.041001683)
(0.016963202 0.0029002439 0.040000801)
(0.015926375 0.0038982926 0.039999361)
(0.015947013 0.0029176997 0.040998753)
(0.018995981 0.0030057742 0.040000128)
(0.017979173 0.0029695707 0.040999154)
(0.021010566 0.0030071314 0.040000161)
(0.020002721 0.003008124 0.040999988)
(0.023051869 0.0029058818 0.039999313)
(0.022029806 0.0029723391 0.041001491)
(0.025263462 0.0027054729 0.039990003)
(0.024076878 0.0038996352 0.039998819)
(0.024051836 0.0029157393 0.040999712)
(0.026355323 0.003627948 0.040004551)
(0.02584862 0.0031632796 0.041002305)
(0.012705121 0.004737029 0.039998304)
(0.011947589 0.0059830265 0.039998962)
(0.012341823 0.0052812116 0.041007589)
(0.014891724 0.0048822376 0.039997472)
(0.013902332 0.0059221177 0.039997889)
(0.013865534 0.0048886148 0.040996515)
(0.015918099 0.0049034599 0.040998551)
(0.02510801 0.0048811961 0.039999551)
(0.024077637 0.0048991401 0.041000182)
(0.027280147 0.0047164719 0.040000148)
(0.02609556 0.0059193124 0.040000665)
(0.026121779 0.0048754564 0.041001088)
(0.028046185 0.0059713775 0.040001301)
(0.02765758 0.0052802516 0.040993177)
(0.011424486 0.0072822341 0.040006704)
(0.012909431 0.0069442856 0.039996817)
(0.01203075 0.0079762987 0.039998328)
(0.011632652 0.0066951581 0.041004446)
(0.013960713 0.0079676582 0.039999163)
(0.013921434 0.0069480081 0.040999348)
(0.027094005 0.0069546656 0.039999654)
(0.026039915 0.0079695352 0.040000066)
(0.026076454 0.006944375 0.040999798)
(0.028583453 0.0073084062 0.04000223)
(0.027974604 0.0079941109 0.039999704)
(0.028366718 0.0066934845 0.040997173)
(0.011058426 0.0090138072 0.039999672)
(0.013003126 0.0089896896 0.039999525)
(0.012013946 0.0099995145 0.039999743)
(0.012032504 0.0089976829 0.040999622)
(0.013992504 0.0099999027 0.039999721)
(0.013985334 0.0089870464 0.040999626)
(0.026997453 0.0089913633 0.040000099)
(0.026007321 0.0099999067 0.040000138)
(0.026014126 0.008985913 0.040999924)
(0.028941433 0.0090123891 0.040000243)
(0.027986145 0.0099987791 0.040000151)
(0.027967577 0.0089981659 0.041000028)
(0.011058358 0.010985499 0.039999808)
(0.013002188 0.011007804 0.039999684)
(0.012025948 0.012010581 0.039999055)
(0.012031462 0.010998847 0.040999496)
(0.013959205 0.012029073 0.039999391)
(0.013984896 0.011012312 0.040999643)
(0.0269976 0.011007811 0.040000132)
(0.026040357 0.012029475 0.040000297)
(0.026014629 0.01101182 0.041000075)
(0.028941714 0.010984757 0.039999745)
(0.027975234 0.012006373 0.039999839)
(0.027968271 0.010999569 0.041000216)
(0.011416616 0.012691822 0.039989062)
(0.012904009 0.013040898 0.039998008)
(0.011945973 0.01401395 0.03999609)
(0.011613257 0.013253311 0.040997943)
(0.013901702 0.014077172 0.039997537)
(0.013919588 0.013048591 0.040998737)
(0.027097291 0.013037658 0.039999921)
(0.026099762 0.014075165 0.040001255)
(0.026078637 0.013049656 0.040999639)
(0.028564053 0.012755546 0.039999959)
(0.028052655 0.014016517 0.039997139)
(0.028378978 0.013273942 0.040999598)
(0.012712796 0.015273681 0.039994555)
(0.012359679 0.014747504 0.041004339)
(0.014889702 0.015116246 0.039997709)
(0.013637666 0.016365486 0.039991967)
(0.013865777 0.015111825 0.040997955)
(0.015924285 0.016100272 0.039998745)
(0.015917111 0.015095632 0.041000108)
(0.025114846 0.015111883 0.040003229)
(0.024080732 0.01609594 0.040001294)
(0.024081522 0.01509727 0.040999697)
(0.027292163 0.015266761 0.039996952)
(0.026377501 0.016349505 0.040021821)
(0.026120056 0.015128286 0.04099572)
(0.027649675 0.014732461 0.041005988)
(0.014756422 0.017308776 0.039993192)
(0.014150553 0.016836041 0.040998848)
(0.016960364 0.017098743 0.039998753)
(0.015970498 0.018045715 0.039999557)
(0.015951556 0.017085258 0.041000209)
(0.018991541 0.016993815 0.040000014)
(0.017990747 0.017974941 0.039999156)
(0.017972929 0.017028555 0.041000313)
(0.021003643 0.016994681 0.039999978)
(0.019997977 0.017986062 0.039999628)
(0.019998727 0.0169919 0.040999907)
(0.023030859 0.017101053 0.040000394)
(0.021998667 0.017978031 0.040000738)
(0.022025825 0.017028536 0.0409991)
(0.025269834 0.017289961 0.039998278)
(0.024045513 0.018037157 0.03999936)
(0.02405429 0.017082019 0.040998048)
(0.025858561 0.016828561 0.040996476)
(0.017279544 0.018574698 0.040004978)
(0.019012801 0.018941474 0.039999469)
(0.018065517 0.018785408 0.041003926)
(0.020986133 0.018941579 0.040000074)
(0.020000343 0.018999988 0.040999335)
(0.022716152 0.018576003 0.039996923)
(0.021926148 0.018787351 0.040999221)
(0.017235167 0.0014387633 0.041999901)
(0.015983045 0.0019475785 0.041998928)
(0.019014021 0.0010584053 0.041999846)
(0.017997715 0.0020234386 0.041997796)
(0.01807674 0.0012119754 0.043004412)
(0.020990727 0.0010588728 0.041999747)
(0.020002207 0.0020139522 0.042000068)
(0.020002431 0.0010000796 0.042999608)
(0.022680933 0.0014133124 0.041998593)
(0.022003751 0.0020243258 0.042003373)
(0.021914588 0.0012099537 0.043000809)
(0.024028634 0.0019538209 0.042001254)
(0.014703497 0.00272915 0.042000627)
(0.013673903 0.0036005749 0.041994968)
(0.014139673 0.0031728874 0.042995996)
(0.016962102 0.0029015182 0.041997999)
(0.015920897 0.003901433 0.041998938)
(0.015940536 0.0029217044 0.042999801)
(0.018994284 0.0030059839 0.041999742)
(0.017970144 0.0029731339 0.043001161)
(0.021006644 0.0030055742 0.042000838)
(0.019999116 0.0030075437 0.043000203)
(0.023039531 0.0029008381 0.042005569)
(0.022010156 0.0029650632 0.043001129)
(0.025247731 0.0026942 0.042004122)
(0.024068549 0.0038932835 0.042001584)
(0.024054547 0.0029192537 0.043002311)
(0.026311481 0.0035868851 0.042001925)
(0.025853871 0.0031675885 0.042999363)
(0.012705403 0.0047366367 0.042001907)
(0.01194951 0.0059794312 0.041999882)
(0.012326533 0.0053057999 0.042997786)
(0.014891328 0.0048813911 0.041998671)
(0.013904023 0.0059219137 0.041999625)
(0.013877857 0.0048741907 0.043001645)
(0.015915995 0.0049040124 0.042999942)
(0.025098527 0.0048737154 0.04200093)
(0.024075882 0.0048984658 0.043000972)
(0.027311659 0.0047604462 0.04199903)
(0.026094206 0.0059195752 0.042000257)
(0.026117613 0.0048707947 0.043000298)
(0.028046304 0.0059716001 0.04200099)
(0.027658437 0.0052816296 0.042991473)
(0.011420326 0.0072959477 0.042006587)
(0.012899272 0.0069720065 0.041998323)
(0.012021758 0.0080021239 0.041998559)
(0.01161459 0.0067431489 0.043001672)
(0.013958384 0.0079738391 0.041999612)
(0.013920275 0.0069530796 0.043000539)
(0.027091175 0.0069455369 0.041998169)
(0.026039279 0.0079680748 0.041999527)
(0.026078042 0.006949523 0.042999399)
(0.028572265 0.0072715228 0.041996042)
(0.027971623 0.0079861769 0.041999349)
(0.028377522 0.0067221881 0.042997356)
(0.011058686 0.0090111743 0.042000374)
(0.01300144 0.0089939087 0.041999713)
(0.012013631 0.01000126 0.042000005)
(0.012030989 0.0090022047 0.042999792)
(0.013991943 0.010000757 0.041999891)
(0.013984377 0.0089893362 0.043000139)
(0.026997198 0.0089903946 0.041999805)
(0.026007348 0.009998984 0.041999943)
(0.026014657 0.0089873117 0.042999726)
(0.028941542 0.0090134878 0.042000217)
(0.02798613 0.0099986014 0.042000181)
(0.027968358 0.0089993952 0.043000137)
(0.011058571 0.01098766 0.041999657)
(0.013002334 0.011008605 0.041999905)
(0.012028099 0.012009678 0.042000246)
(0.012031567 0.010999138 0.043000476)
(0.013959611 0.012030828 0.041999743)
(0.013984959 0.011013107 0.043000301)
(0.02699767 0.011007154 0.042000107)
(0.026040394 0.012028396 0.041999886)
(0.026014616 0.011011739 0.0429998)
(0.028941343 0.010988531 0.041999993)
(0.027974873 0.012008769 0.042001361)
(0.027967921 0.010999249 0.043000295)
(0.01142049 0.012704593 0.042001603)
(0.012910503 0.013059608 0.041997719)
(0.01196384 0.014047377 0.042001136)
(0.011620602 0.013272825 0.04300612)
(0.013898684 0.014074594 0.041999881)
(0.013921675 0.013052673 0.043000719)
(0.027096269 0.013039141 0.041999572)
(0.026094496 0.014080897 0.041999396)
(0.026078574 0.013051219 0.04299954)
(0.028580356 0.012701804 0.041997528)
(0.028042663 0.014035212 0.042000201)
(0.028368748 0.013301122 0.04300056)
(0.012681791 0.015230414 0.042000461)
(0.012349325 0.014730853 0.042993521)
(0.014883701 0.015109987 0.042000838)
(0.013624097 0.016351212 0.042002644)
(0.013875459 0.015124163 0.04300057)
(0.015920714 0.016097267 0.042000886)
(0.015917251 0.015096029 0.043000452)
(0.025107783 0.015119419 0.042000295)
(0.02407771 0.016099357 0.042000276)
(0.024083498 0.015095369 0.043000745)
(0.027290817 0.01526864 0.041996433)
(0.02633287 0.016393082 0.042003926)
(0.02612906 0.015117905 0.043001417)
(0.027658427 0.014718387 0.042992652)
(0.014722936 0.01728478 0.04200309)
(0.014153579 0.016838524 0.042999564)
(0.016960363 0.017098258 0.042001275)
(0.015976794 0.01804908 0.041998211)
(0.015949566 0.017083078 0.04300031)
(0.018992258 0.016993867 0.042000373)
(0.017993848 0.017975227 0.042001255)
(0.017979681 0.017030778 0.043001119)
(0.021006404 0.016993818 0.041999816)
(0.019998391 0.01798587 0.042000061)
(0.019998778 0.016991989 0.043000219)
(0.023041098 0.017097435 0.041997577)
(0.022011836 0.017974181 0.041998758)
(0.022021284 0.017030592 0.043000126)
(0.02529004 0.017275482 0.042002346)
(0.024016199 0.018052826 0.042001337)
(0.024052137 0.017082132 0.042999924)
(0.025847044 0.016838014 0.042999625)
(0.017288224 0.018577331 0.04199983)
(0.019010155 0.018941214 0.042000083)
(0.018088452 0.018790755 0.043002034)
(0.020985472 0.018941644 0.042000425)
(0.019996414 0.018999882 0.042999719)
(0.022704714 0.018579473 0.041999349)
(0.021933376 0.018785665 0.043002638)
(0.017280664 0.001424962 0.044001071)
(0.015976319 0.0019511735 0.043999571)
(0.019013624 0.0010584445 0.0440003)
(0.017996726 0.002024225 0.043998489)
(0.018076272 0.0012120846 0.044997138)
(0.020990658 0.0010588661 0.043999486)
(0.01999964 0.002013747 0.04399992)
(0.020001804 0.0010000591 0.044999714)
(0.022733121 0.0014291435 0.043999788)
(0.021995276 0.0020208242 0.043999318)
(0.021924513 0.001212268 0.045003559)
(0.024022766 0.0019506843 0.043999337)
(0.014697312 0.0027335824 0.043999601)
(0.013644404 0.0036282043 0.044011961)
(0.014156645 0.0031589591 0.045002296)
(0.016956503 0.0029038692 0.043999059)
(0.015917094 0.0039046475 0.044000532)
(0.015950568 0.0029156474 0.045000496)
(0.018993445 0.0030060233 0.044000119)
(0.017980769 0.0029690591 0.045001197)
(0.021003754 0.0030046131 0.044000189)
(0.020000477 0.0030074868 0.045000152)
(0.023028357 0.0028977055 0.044000064)
(0.022021578 0.002969542 0.045001184)
(0.025290274 0.002724686 0.04400094)
(0.024075543 0.0038995144 0.044000344)
(0.024052088 0.0029172567 0.045000418)
(0.026345127 0.0036183984 0.043998308)
(0.025851209 0.0031654041 0.044999959)
(0.012713512 0.0047253205 0.044000836)
(0.011955835 0.0059675989 0.04400009)
(0.012343139 0.0052790952 0.045000353)
(0.014886033 0.0048855197 0.044001364)
(0.013903425 0.0059210912 0.044001377)
(0.013863706 0.0048895318 0.04499756)
(0.015914452 0.0049065684 0.044999619)
(0.025107086 0.0048803404 0.04399986)
(0.024079504 0.0049012964 0.044999535)
(0.027294021 0.0047358322 0.044002201)
(0.026095714 0.0059214388 0.044000041)
(0.026127252 0.004880343 0.044997308)
(0.028044717 0.0059686323 0.044001978)
(0.027658695 0.0052820438 0.044997767)
(0.011426401 0.0072759214 0.043995035)
(0.012903513 0.0069611703 0.044001355)
(0.01202523 0.0079908472 0.044000397)
(0.011624108 0.0067178605 0.045010602)
(0.013958673 0.0079724928 0.04400085)
(0.013920197 0.0069499417 0.045001741)
(0.027103286 0.0069791512 0.04399826)
(0.026041267 0.0079734126 0.043999448)
(0.026077293 0.0069462291 0.044999529)
(0.028570829 0.0072667887 0.043997051)
(0.027979909 0.0080062017 0.043999786)
(0.02836115 0.0066786892 0.045001739)
(0.011058925 0.0090087487 0.043999635)
(0.013001742 0.0089924607 0.044000438)
(0.012013709 0.0099986685 0.044000015)
(0.012031969 0.0089983221 0.045000958)
(0.013991947 0.010000501 0.044000342)
(0.013984936 0.0089873626 0.045000807)
(0.026998421 0.0089935939 0.043999769)
(0.026007613 0.0099995834 0.04399976)
(0.026014198 0.0089865493 0.044999631)
(0.028941274 0.0090107724 0.044000265)
(0.027986447 0.010000648 0.044000161)
(0.027967604 0.0089984951 0.04499997)
(0.011058796 0.01098995 0.044000077)
(0.013002267 0.01100853 0.044000523)
(0.012025739 0.012008201 0.04400284)
(0.012032427 0.011000902 0.045000166)
(0.013959681 0.01203067 0.044000541)
(0.01398525 0.011013591 0.045000246)
(0.026998097 0.011006615 0.043999576)
(0.026041136 0.012027391 0.043999183)
(0.026014781 0.011011682 0.044999691)
(0.028941564 0.01098628 0.044000527)
(0.027976934 0.011998107 0.043998132)
(0.027967941 0.011001487 0.04499982)
(0.011431674 0.012741462 0.04400816)
(0.012905378 0.013043792 0.044000799)
(0.011952326 0.014025836 0.043998128)
(0.011640767 0.013326401 0.0449999)
(0.013903467 0.014080412 0.044000541)
(0.013921911 0.013054952 0.044999722)
(0.027096945 0.013038252 0.04399573)
(0.026100572 0.014074797 0.044000724)
(0.026080028 0.013049146 0.044999776)
(0.028585066 0.012686279 0.044003731)
(0.028044559 0.014031664 0.044000972)
(0.028373761 0.013287804 0.044999833)
(0.012719423 0.015282929 0.043999934)
(0.012332168 0.014703263 0.045010244)
(0.014889124 0.015116157 0.044000666)
(0.013628875 0.016356313 0.044010167)
(0.013873621 0.015120609 0.044996204)
(0.015922841 0.016099115 0.04400022)
(0.015913475 0.015093257 0.044999078)
(0.025118086 0.015108886 0.044001768)
(0.024082515 0.016094688 0.044001422)
(0.024087597 0.015091583 0.045000951)
(0.027292745 0.015265948 0.044003404)
(0.026383387 0.016343221 0.044002565)
(0.026140074 0.015107925 0.045001243)
(0.02767224 0.014696174 0.045005131)
(0.014749137 0.017303555 0.043997991)
(0.014154682 0.016839429 0.045000819)
(0.01696172 0.017099003 0.044000111)
(0.015972413 0.018046739 0.044000269)
(0.015943363 0.017080328 0.044999337)
(0.018991394 0.01699347 0.044000479)
(0.017992329 0.017975729 0.044000627)
(0.017969643 0.017027124 0.045000908)
(0.021007079 0.016993402 0.044000312)
(0.019999124 0.017985737 0.044000243)
(0.019997889 0.016991072 0.045000427)
(0.023045619 0.017095848 0.044001461)
(0.022012141 0.017973342 0.044000103)
(0.02203002 0.017026663 0.044999973)
(0.025272532 0.017288028 0.044004375)
(0.024029113 0.018045923 0.044001007)
(0.024054457 0.017081753 0.045000756)
(0.025834427 0.016848368 0.044999428)
(0.017288858 0.018577523 0.043992361)
(0.019009046 0.018941104 0.044000203)
(0.018064827 0.018785247 0.045004956)
(0.020985092 0.018941682 0.044000481)
(0.019997217 0.018999908 0.04500063)
(0.022729697 0.018571894 0.043993643)
(0.021916978 0.018789489 0.044999867)
(0.017289689 0.0014222242 0.045998549)
(0.015971579 0.0019537072 0.046000801)
(0.019017573 0.0010580555 0.046000123)
(0.017992716 0.00202565 0.045997862)
(0.018080389 0.0012111246 0.047001464)
(0.02098971 0.0010587728 0.045999799)
(0.020000692 0.0020138296 0.046000065)
(0.020001887 0.0010000618 0.047000632)
(0.022735646 0.0014299095 0.045998343)
(0.022009194 0.0020260913 0.046000378)
(0.021928473 0.0012131912 0.046998788)
(0.024015903 0.0019470157 0.045999863)
(0.014736026 0.0027058403 0.04600445)
(0.013609579 0.0036642897 0.045991835)
(0.014163051 0.0031537015 0.047000087)
(0.016955122 0.0029040339 0.045997382)
(0.015917999 0.0039059575 0.04599952)
(0.015945771 0.0029194682 0.046999016)
(0.018995186 0.0030056083 0.045999678)
(0.017981695 0.002968672 0.046998674)
(0.021006421 0.0030055198 0.046000201)
(0.020000451 0.003007181 0.046999885)
(0.023044337 0.0029031366 0.046001408)
(0.022017122 0.0029672718 0.047000127)
(0.0252749 0.002713669 0.046000261)
(0.024075606 0.0038992664 0.045999605)
(0.024051043 0.0029167449 0.046999766)
(0.026356683 0.0036292219 0.045996698)
(0.025849915 0.0031643423 0.046999829)
(0.012698806 0.0047458417 0.045995977)
(0.011951082 0.0059764905 0.045998669)
(0.012325272 0.0053078267 0.047002066)
(0.014878543 0.0048948398 0.045998548)
(0.013896107 0.0059287425 0.045999118)
(0.01385058 0.0049032952 0.047002202)
(0.015911813 0.0049097703 0.04699963)
(0.025108715 0.0048820173 0.045998876)
(0.024078236 0.0049001299 0.04699956)
(0.027294144 0.0047360036 0.045998131)
(0.026096454 0.005920478 0.045999508)
(0.026124999 0.0048792253 0.047001386)
(0.028045174 0.0059694866 0.04600264)
(0.027668208 0.0052973427 0.046993201)
(0.011428987 0.0072673949 0.045993847)
(0.012907704 0.006947558 0.046003454)
(0.012027125 0.0079909129 0.046003264)
(0.011650246 0.0066484129 0.046997477)
(0.013959721 0.0079684595 0.046001127)
(0.013921912 0.006943593 0.046999966)
(0.027091954 0.0069483007 0.045998603)
(0.026039047 0.0079675658 0.045999156)
(0.02607683 0.0069454944 0.046998802)
(0.028566661 0.0072530505 0.045997512)
(0.02797117 0.0079824586 0.045998095)
(0.02836501 0.0066889445 0.046991391)
(0.011058734 0.0090106885 0.045999948)
(0.013002612 0.0089901924 0.046000855)
(0.012013978 0.0099980292 0.046000578)
(0.012032953 0.0089967179 0.047000013)
(0.01399219 0.0099995505 0.046000374)
(0.013985434 0.00898563 0.047000251)
(0.026996802 0.0089900763 0.045999496)
(0.026007204 0.0099991801 0.045999732)
(0.026013891 0.0089862597 0.046999403)
(0.028941515 0.0090132146 0.046000476)
(0.027986005 0.010000514 0.046000021)
(0.027967462 0.0089977949 0.046999429)
(0.011058523 0.01098717 0.046000085)
(0.013002492 0.011008987 0.046000017)
(0.012028292 0.012017264 0.045997908)
(0.012032073 0.011001217 0.047000134)
(0.013958879 0.012030298 0.045999863)
(0.013984771 0.0110123 0.047000316)
(0.026997695 0.011008033 0.045999864)
(0.026041167 0.01202781 0.04599994)
(0.02601479 0.011011957 0.047000016)
(0.028940982 0.010992197 0.045999986)
(0.02797446 0.012008309 0.045999628)
(0.027968105 0.011001914 0.047000186)
(0.011413628 0.012681974 0.045996263)
(0.012904557 0.013045171 0.045997697)
(0.01195013 0.014021728 0.045997604)
(0.011621745 0.013275863 0.0470121)
(0.01389314 0.014067763 0.045998494)
(0.013918613 0.013048302 0.047001239)
(0.027095747 0.013041176 0.045999571)
(0.026100591 0.014074859 0.046000672)
(0.026080733 0.013047218 0.047000726)
(0.028592245 0.012662612 0.046003897)
(0.028054394 0.014013264 0.045999484)
(0.028386935 0.0132528 0.04700529)
(0.012688529 0.015239817 0.046001396)
(0.012345005 0.014723905 0.046997515)
(0.014873645 0.015100031 0.045997432)
(0.013580774 0.016304956 0.045981978)
(0.013854731 0.015100492 0.04700177)
(0.015910469 0.016089769 0.045999506)
(0.015906225 0.015087517 0.046999965)
(0.025115902 0.015110536 0.046001508)
(0.02407775 0.01609779 0.046001279)
(0.024085334 0.015093954 0.046999682)
(0.027279352 0.015284638 0.04599773)
(0.026393601 0.016332316 0.046009169)
(0.026129204 0.015118053 0.046998697)
(0.02764315 0.014742954 0.046994838)
(0.014737646 0.017295321 0.046006594)
(0.014174593 0.01685577 0.047004189)
(0.016934847 0.017088138 0.046004146)
(0.015966339 0.018043492 0.045999489)
(0.015927792 0.01707091 0.046999626)
(0.018985739 0.016991337 0.046000847)
(0.017976174 0.017968817 0.046002535)
(0.017958645 0.017022544 0.047001351)
(0.021006129 0.016992823 0.046000292)
(0.019995981 0.017985271 0.04600035)
(0.019995421 0.016990706 0.047000233)
(0.023050015 0.017094877 0.045999978)
(0.022009591 0.017973169 0.046001373)
(0.022023898 0.017028834 0.046999478)
(0.025233051 0.017316319 0.046005715)
(0.024014447 0.018053762 0.045998867)
(0.024050222 0.017083998 0.04699999)
(0.025843843 0.01684064 0.046999906)
(0.017358634 0.018598689 0.045992623)
(0.01900993 0.018941191 0.045999896)
(0.018065709 0.018785452 0.046999133)
(0.02098279 0.018941908 0.046000412)
(0.019993189 0.018999776 0.046999128)
(0.022740623 0.01856858 0.046000566)
(0.021907703 0.018791652 0.046993674)
(0.017232574 0.0014395501 0.047997411)
(0.015985376 0.0019463328 0.047997841)
(0.019016735 0.0010581381 0.048000068)
(0.018001533 0.0020217767 0.047998566)
(0.018057518 0.0012164575 0.04899341)
(0.020987809 0.0010585854 0.048000269)
(0.020000172 0.0020135138 0.047999912)
(0.020003334 0.0010001092 0.048999212)
(0.022698283 0.0014185757 0.048003067)
(0.021988108 0.0020191837 0.047997922)
(0.02191663 0.0012104298 0.0489964)
(0.024034955 0.0019571995 0.047999496)
(0.014706869 0.0027267336 0.047999083)
(0.01367312 0.0036013086 0.048006516)
(0.014158494 0.003157442 0.049001559)
(0.016970924 0.0028983753 0.047998187)
(0.015920137 0.0039031441 0.047999716)
(0.015940551 0.0029220808 0.049000093)
(0.018995346 0.0030051658 0.047999545)
(0.017974054 0.0029713331 0.049000235)
(0.021002761 0.0030043253 0.047999453)
(0.019999026 0.0030077234 0.048999665)
(0.023027926 0.0028970634 0.047996449)
(0.022015401 0.0029670779 0.048998851)
(0.025269452 0.002709765 0.048000328)
(0.024074351 0.0038983907 0.047998967)
(0.024051483 0.0029168042 0.048998794)
(0.026358938 0.0036313341 0.047993982)
(0.025850804 0.0031650718 0.0490009)
(0.012708307 0.0047325843 0.047989053)
(0.011952736 0.0059733971 0.04799918)
(0.012333998 0.0052937943 0.0489915)
(0.01488754 0.0048848298 0.047999837)
(0.013903505 0.0059209403 0.04799875)
(0.013878142 0.004873922 0.048999516)
(0.015915989 0.0049041971 0.048999496)
(0.025106241 0.0048791794 0.047998922)
(0.024077068 0.0048986452 0.04899941)
(0.027277583 0.0047128936 0.047998231)
(0.026094404 0.0059188268 0.047999522)
(0.026124625 0.0048774599 0.049001359)
(0.028048647 0.0059759834 0.047999327)
(0.027657292 0.0052797881 0.048992373)
(0.011433617 0.0072521316 0.047995725)
(0.012903687 0.0069597336 0.047997861)
(0.01202206 0.0080040247 0.047998723)
(0.01162367 0.0067190225 0.04900564)
(0.013959309 0.0079705384 0.047999709)
(0.013921632 0.0069491899 0.04899986)
(0.027096673 0.0069625455 0.047998265)
(0.026040126 0.0079717566 0.047999195)
(0.026078839 0.0069530988 0.048999801)
(0.028571012 0.0072673941 0.047997465)
(0.027977562 0.0080030097 0.04799854)
(0.028406217 0.0067984297 0.04899935)
(0.011058618 0.0090118664 0.047999336)
(0.013001961 0.0089924785 0.047999821)
(0.012013611 0.010000143 0.047999698)
(0.012031392 0.0090015256 0.049000166)
(0.013991901 0.0099996724 0.048000054)
(0.0139847 0.0089881443 0.04899996)
(0.026997783 0.0089929543 0.047999487)
(0.026007223 0.0099997873 0.047999776)
(0.026014212 0.0089872838 0.048999707)
(0.028941278 0.0090108128 0.048000031)
(0.027986127 0.009999545 0.04799997)
(0.027968949 0.0090007404 0.04899994)
(0.011058133 0.010983219 0.047998701)
(0.013001822 0.011007363 0.048000075)
(0.012025835 0.012011139 0.048000124)
(0.012031396 0.010998396 0.048999778)
(0.013958591 0.012028201 0.048000484)
(0.013984618 0.011011841 0.049000076)
(0.026997305 0.011009286 0.047999909)
(0.026040695 0.012029735 0.048000247)
(0.02601466 0.01101217 0.049000012)
(0.028941415 0.010987801 0.047999378)
(0.02797087 0.012020065 0.047999017)
(0.02796775 0.011000753 0.048999779)
(0.01142847 0.0127309 0.048005307)
(0.012903275 0.013038362 0.04800146)
(0.011959275 0.014038837 0.048001491)
(0.011624985 0.01328447 0.048998298)
(0.013902041 0.014078482 0.048000084)
(0.013920703 0.013049593 0.049000095)
(0.027093481 0.0130485 0.048000151)
(0.026101998 0.014073478 0.048000254)
(0.026080093 0.013050927 0.049000921)
(0.028584249 0.01268897 0.04800409)
(0.028038323 0.014043331 0.047999138)
(0.028365733 0.013309134 0.04900708)
(0.012721078 0.015285239 0.048001315)
(0.012340392 0.014716487 0.049004335)
(0.014884872 0.015112573 0.047999185)
(0.013634786 0.016362624 0.047994388)
(0.013872975 0.015119614 0.048998474)
(0.015917088 0.016095566 0.047999603)
(0.015916633 0.015096081 0.048999491)
(0.025118951 0.015108271 0.047999004)
(0.024081892 0.016095319 0.047999383)
(0.024091738 0.015088574 0.048999733)
(0.027307895 0.015244807 0.048001452)
(0.02637404 0.0163532 0.047996547)
(0.026140938 0.01510629 0.049000518)
(0.027660285 0.014715399 0.048991583)
(0.014740951 0.01729769 0.048000713)
(0.014143672 0.016830394 0.049000481)
(0.016945755 0.017092564 0.04800044)
(0.015978674 0.018050085 0.047997747)
(0.015946683 0.017082089 0.049000449)
(0.018987545 0.016992144 0.048000414)
(0.017984203 0.01797158 0.048000326)
(0.01797592 0.0170292 0.049000726)
(0.021006453 0.016992864 0.048000291)
(0.019995153 0.017985346 0.048000619)
(0.019998353 0.016991302 0.049000306)
(0.023045722 0.017095744 0.048001461)
(0.022012451 0.017973147 0.048000529)
(0.022028307 0.017027156 0.049000898)
(0.025263733 0.017294333 0.047998512)
(0.024017378 0.018052196 0.047999534)
(0.024063297 0.017075428 0.049000716)
(0.025840336 0.016843518 0.04899782)
(0.017259272 0.018568548 0.04799053)
(0.019007473 0.018940949 0.048000053)
(0.018098825 0.018793174 0.04899408)
(0.02098575 0.018941617 0.047999902)
(0.019994473 0.018999818 0.049000297)
(0.022776309 0.018557755 0.04799585)
(0.021924189 0.018787808 0.048999404)
(0.017321953 0.0014124371 0.04999864)
(0.015957658 0.0019611481 0.050001234)
(0.019016395 0.0010581715 0.049999675)
(0.017971082 0.0020329674 0.04999873)
(0.018090339 0.0012088047 0.050999969)
(0.020987378 0.001058543 0.049999659)
(0.020000459 0.0020144225 0.049999946)
(0.01999761 0.0010000783 0.050999844)
(0.022727681 0.0014274932 0.050000115)
(0.022010158 0.002025889 0.049999612)
(0.021905981 0.0012079469 0.050999351)
(0.024021213 0.0019498543 0.049998937)
(0.014744694 0.0026996289 0.050005125)
(0.013642593 0.0036298999 0.049990508)
(0.014166839 0.0031505933 0.051000634)
(0.016931658 0.0029126073 0.050001054)
(0.01591844 0.003902676 0.049999742)
(0.015941868 0.0029200088 0.051000471)
(0.01898886 0.0030078449 0.049999887)
(0.017969024 0.0029736399 0.05100062)
(0.021005974 0.0030061004 0.049999562)
(0.0199986 0.0030087364 0.050999964)
(0.023041363 0.0029021109 0.049997879)
(0.022027111 0.0029719279 0.050999629)
(0.025274005 0.0027130278 0.049996401)
(0.024072503 0.0038956463 0.049998898)
(0.024055527 0.0029190321 0.050999051)
(0.026315444 0.0035905971 0.049994053)
(0.025853235 0.0031670665 0.051000712)
(0.01273185 0.0046997289 0.050001076)
(0.011951841 0.0059750706 0.050000307)
(0.012319891 0.0053164799 0.051004858)
(0.014890119 0.0048819738 0.049998072)
(0.013905807 0.0059173543 0.049998523)
(0.013860691 0.0048926014 0.050995298)
(0.015913515 0.004906528 0.050999099)
(0.025098564 0.0048710013 0.049999504)
(0.024077219 0.0048974395 0.051000454)
(0.027270469 0.0047029659 0.049999268)
(0.026087208 0.0059090806 0.050000235)
(0.026116838 0.0048695048 0.051005278)
(0.028043963 0.00596722 0.050000733)
(0.027659667 0.0052836071 0.050997565)
(0.011442666 0.0072223008 0.050006176)
(0.012902325 0.0069655127 0.049998442)
(0.01202294 0.0079991232 0.050001277)
(0.011619466 0.0067301941 0.050998758)
(0.013958861 0.0079723776 0.049999625)
(0.013921075 0.0069488629 0.050998828)
(0.027087622 0.0069396753 0.04999858)
(0.026037207 0.007964561 0.049999747)
(0.02607065 0.0069329708 0.051000769)
(0.028573643 0.007276065 0.049998438)
(0.027970974 0.0079841967 0.049998865)
(0.028349754 0.0066484117 0.051002999)
(0.011058157 0.0090165442 0.050000287)
(0.013001546 0.0089937689 0.049999941)
(0.012013463 0.009999825 0.049999821)
(0.012031766 0.0090003994 0.050999619)
(0.013991891 0.010000299 0.049999895)
(0.013985045 0.0089878951 0.050999711)
(0.026996283 0.0089887086 0.049999714)
(0.02600699 0.009997909 0.049999808)
(0.026012297 0.0089816916 0.051000004)
(0.028941266 0.0090106893 0.050000262)
(0.027986033 0.0099989138 0.049999578)
(0.027966247 0.0089946034 0.050999723)
(0.01105837 0.010985619 0.049999745)
(0.013001749 0.011007152 0.050000034)
(0.012023665 0.012003895 0.050001601)
(0.012032021 0.011001068 0.050999387)
(0.013959221 0.012028458 0.050000201)
(0.013985487 0.011013589 0.05099977)
(0.026997976 0.011006476 0.049999711)
(0.02604195 0.012026747 0.049999857)
(0.026015036 0.011010286 0.050999723)
(0.028941634 0.01098557 0.049999646)
(0.027975491 0.012006169 0.049999258)
(0.027968331 0.010998583 0.050999647)
(0.01142143 0.012707692 0.050004952)
(0.012902286 0.0130353 0.050001907)
(0.01195545 0.014031681 0.049999296)
(0.011616326 0.013261464 0.050994139)
(0.013904339 0.014080133 0.050000046)
(0.013923858 0.013054162 0.050999286)
(0.027098413 0.013035704 0.049999075)
(0.026104835 0.014069799 0.050000167)
(0.026082537 0.013045446 0.050999538)
(0.028572626 0.012727287 0.050004381)
(0.028046087 0.014028805 0.050000952)
(0.028380708 0.013269347 0.050997755)
(0.012710093 0.015269909 0.05000371)
(0.012316531 0.014678116 0.051007471)
(0.014891562 0.015118296 0.049999145)
(0.013620641 0.016347521 0.049998043)
(0.01389608 0.015144134 0.050998529)
(0.015924084 0.016100378 0.049999279)
(0.015921979 0.015100942 0.050998863)
(0.025125339 0.015101798 0.049999114)
(0.02408938 0.016089639 0.049999061)
(0.024089279 0.015089996 0.051000262)
(0.027293655 0.015264679 0.050001211)
(0.026397 0.016328687 0.049995272)
(0.026144876 0.015099989 0.051001633)
(0.027659166 0.014717199 0.05100841)
(0.014739103 0.017296365 0.049999782)
(0.014148912 0.016834694 0.050999331)
(0.016968141 0.017101386 0.050000461)
(0.015973999 0.018047586 0.049999947)
(0.015945048 0.017082017 0.050998772)
(0.018992825 0.016993856 0.050000038)
(0.018000175 0.017977552 0.05000041)
(0.017972161 0.017028039 0.050999114)
(0.021009074 0.016992449 0.050000234)
(0.019997994 0.017985656 0.050000106)
(0.019999821 0.016991639 0.051000119)
(0.02306309 0.017088736 0.049998484)
(0.022015808 0.017970804 0.049999439)
(0.022028596 0.017027493 0.051001472)
(0.025281925 0.017281297 0.049994762)
(0.024029781 0.018045566 0.050000242)
(0.024054064 0.017081687 0.051000215)
(0.025825996 0.016855287 0.050999215)
(0.017278856 0.018574489 0.050006581)
(0.01900961 0.01894116 0.049999613)
(0.018069261 0.01878628 0.051002721)
(0.020984822 0.018941708 0.050000109)
(0.019999669 0.018999989 0.051000414)
(0.022700045 0.018580889 0.050003939)
(0.021932675 0.018785829 0.050999697)
(0.017280399 0.0014250423 0.052003148)
(0.015983182 0.0019475054 0.051999399)
(0.019011779 0.0010586261 0.051999637)
(0.017981033 0.0020296136 0.052001252)
(0.018091893 0.0012084424 0.052997436)
(0.020986467 0.0010584533 0.051999401)
(0.019998265 0.0020144633 0.051999997)
(0.019995619 0.0010001435 0.052999938)
(0.022751928 0.0014348485 0.052002677)
(0.022012057 0.0020272347 0.052001148)
(0.021931348 0.0012138615 0.05300399)
(0.024019393 0.0019488813 0.051999484)
(0.014743395 0.0027005593 0.0519981)
(0.013614179 0.003659378 0.052000462)
(0.01415208 0.0031627055 0.052998541)
(0.016939649 0.0029093914 0.052001901)
(0.015919854 0.003902922 0.051999732)
(0.015946866 0.0029179172 0.053000212)
(0.018989834 0.0030074112 0.052000487)
(0.017978758 0.0029691923 0.053002036)
(0.021007827 0.0030069563 0.052000215)
(0.01999924 0.003008415 0.053000293)
(0.023052935 0.0029066681 0.052001784)
(0.022025963 0.0029713362 0.053001121)
(0.025284444 0.0027205084 0.051993809)
(0.024074436 0.0038969756 0.051999335)
(0.02405502 0.0029193374 0.053000656)
(0.026275764 0.0035534324 0.051991189)
(0.025847719 0.0031625395 0.053000126)
(0.012711598 0.004727991 0.051999693)
(0.011954096 0.0059708521 0.052000888)
(0.012333903 0.0052939477 0.053012707)
(0.01488544 0.004887755 0.051998827)
(0.01390155 0.0059216912 0.051998875)
(0.013877998 0.0048740663 0.052997413)
(0.015918617 0.0049024788 0.053000015)
(0.025097147 0.0048688962 0.051999453)
(0.024084124 0.0049042102 0.053000663)
(0.027263247 0.0046928873 0.051998173)
(0.026084396 0.0059052185 0.052000222)
(0.02613941 0.0048923269 0.053002879)
(0.028044191 0.0059676479 0.052000187)
(0.027679814 0.0053160056 0.052999152)
(0.011417018 0.0073068532 0.051992338)
(0.012912955 0.0069358246 0.05199867)
(0.012030996 0.0079780429 0.051997627)
(0.011607064 0.0067631443 0.053007656)
(0.013960159 0.0079689728 0.051999642)
(0.013920036 0.0069534915 0.053000608)
(0.027086972 0.006938444 0.052002004)
(0.026036124 0.0079612584 0.052000539)
(0.026075351 0.006940795 0.053000681)
(0.028586467 0.0073183403 0.05199839)
(0.02797132 0.0079850919 0.052001244)
(0.02836344 0.0066847753 0.053000857)
(0.011058419 0.0090138821 0.051999777)
(0.013002783 0.0089911827 0.05199967)
(0.012014023 0.010000372 0.051999696)
(0.012031275 0.0090012777 0.053000086)
(0.013992479 0.010000971 0.051999872)
(0.013984744 0.0089893347 0.053000297)
(0.026995743 0.0089870188 0.052000155)
(0.026006885 0.0099973967 0.051999941)
(0.026013425 0.0089836817 0.053000251)
(0.028941158 0.009009594 0.051999629)
(0.027985808 0.010000122 0.051999928)
(0.027967255 0.0089978945 0.052999935)
(0.011058853 0.010990528 0.051999104)
(0.013003196 0.011010814 0.051999691)
(0.012030807 0.012019441 0.052000369)
(0.01203193 0.011001056 0.052999558)
(0.013961502 0.01203403 0.051999669)
(0.01398542 0.01101367 0.053000039)
(0.026997524 0.011007466 0.05199957)
(0.02604117 0.012028615 0.051999361)
(0.026014794 0.011012003 0.052999697)
(0.028941551 0.010986418 0.051999827)
(0.027972543 0.012013041 0.051998914)
(0.027967709 0.011000987 0.052999631)
(0.01142645 0.012724241 0.052007355)
(0.012914321 0.01306698 0.051998396)
(0.011955947 0.01403261 0.051999068)
(0.011626377 0.013288168 0.053001313)
(0.013905922 0.0140838 0.052000159)
(0.013923115 0.013054173 0.052999571)
(0.027094492 0.013046558 0.051998408)
(0.02610099 0.014073278 0.052000293)
(0.026079587 0.013051371 0.052998912)
(0.028585663 0.01268431 0.051995337)
(0.028047091 0.014026926 0.051996904)
(0.028373534 0.013288405 0.052993778)
(0.012713797 0.015275078 0.052004112)
(0.012351984 0.014735129 0.053000292)
(0.014889773 0.015117046 0.051999526)
(0.013611653 0.016337925 0.052009212)
(0.013876172 0.015123919 0.052994675)
(0.015920785 0.016098004 0.051998372)
(0.015918556 0.015097577 0.052998413)
(0.025114602 0.015111758 0.052000698)
(0.024079595 0.016096894 0.052000103)
(0.024083027 0.015095025 0.053000616)
(0.027301431 0.015253827 0.052003655)
(0.026347719 0.016379174 0.052001906)
(0.02612451 0.015120523 0.052999622)
(0.027634139 0.014757445 0.053002172)
(0.014722014 0.017284119 0.051993861)
(0.014148337 0.016834222 0.052998914)
(0.016959657 0.017097861 0.051998624)
(0.015971597 0.018046302 0.051997428)
(0.0159427 0.017079705 0.052998485)
(0.018992894 0.016993816 0.05199944)
(0.017994023 0.017975714 0.051998382)
(0.017976373 0.017029316 0.052998119)
(0.021005336 0.016994655 0.052000393)
(0.020000823 0.017986069 0.051999937)
(0.020000317 0.016992253 0.052999953)
(0.02302276 0.01710414 0.052000404)
(0.021997005 0.017979496 0.052000594)
(0.022018704 0.017031462 0.053000974)
(0.025286782 0.017277816 0.051999126)
(0.024030283 0.018045298 0.051997473)
(0.024050354 0.017083245 0.053000369)
(0.025863243 0.016824719 0.052999313)
(0.017288411 0.018577387 0.051999409)
(0.019012202 0.018941415 0.051999746)
(0.018073282 0.018787218 0.052996348)
(0.020987485 0.018941446 0.05200016)
(0.02000254 0.018999916 0.052999863)
(0.022729774 0.018571871 0.0519952)
(0.021920726 0.018788615 0.053001459)
(0.017300217 0.0014190308 0.053997354)
(0.015983245 0.0019474718 0.054001052)
(0.019007058 0.0010590911 0.054000043)
(0.017982987 0.0020289515 0.054002398)
(0.018084569 0.0012101499 0.054998981)
(0.020987113 0.0010585169 0.053999779)
(0.019998683 0.0020143435 0.053999408)
(0.019998942 0.0010000347 0.055000296)
(0.022729566 0.0014280653 0.054005056)
(0.02200558 0.0020255337 0.054000336)
(0.021942973 0.0012165721 0.054998174)
(0.024027399 0.0019531608 0.054000164)
(0.014753797 0.0026931057 0.054001581)
(0.013633606 0.0036386361 0.053999305)
(0.014147915 0.0031661239 0.055002495)
(0.01694458 0.0029070321 0.054002038)
(0.015925557 0.0038982015 0.054000518)
(0.015946835 0.002918004 0.054999857)
(0.018991226 0.0030066997 0.054000628)
(0.01797765 0.0029698968 0.055000098)
(0.021008581 0.003007098 0.054000292)
(0.020001045 0.0030084533 0.055000368)
(0.023049535 0.0029053873 0.054000049)
(0.022036077 0.0029746991 0.055000767)
(0.025268625 0.0027091724 0.053998422)
(0.024081213 0.0039031332 0.053999853)
(0.024055061 0.0029179363 0.055000125)
(0.02636931 0.0036417494 0.053993493)
(0.025844555 0.0031599431 0.055000311)
(0.012711561 0.0047280434 0.054001996)
(0.011951994 0.0059747852 0.053999453)
(0.012345253 0.0052756947 0.055000391)
(0.014893095 0.0048799069 0.054000033)
(0.013904232 0.0059208995 0.054000401)
(0.013885168 0.004865267 0.055000419)
(0.015921154 0.0049002767 0.055000491)
(0.025114283 0.0048869383 0.053999365)
(0.024083466 0.0049031658 0.055000357)
(0.027291131 0.004731799 0.054000062)
(0.026099052 0.0059231949 0.053999674)
(0.026130242 0.0048836248 0.054998297)
(0.028053989 0.0059859788 0.053999993)
(0.027665325 0.0052927062 0.054997657)
(0.011425901 0.0072775691 0.053995808)
(0.012898574 0.0069750819 0.054003584)
(0.012021016 0.0080049083 0.054002026)
(0.011623812 0.0067186469 0.05499697)
(0.013958288 0.007975211 0.054001072)
(0.013922732 0.0069487518 0.055000929)
(0.027094509 0.0069547988 0.053999611)
(0.026039719 0.007967898 0.05400036)
(0.026079172 0.0069492652 0.055000391)
(0.02856526 0.0072484331 0.054001027)
(0.02797359 0.0079898597 0.053999385)
(0.028379237 0.0067267471 0.055001586)
(0.011058127 0.0090168429 0.054000293)
(0.013001067 0.0089957508 0.054000641)
(0.012013361 0.010001758 0.053999806)
(0.012031455 0.0090018026 0.055000024)
(0.013991881 0.010001146 0.054000453)
(0.013984985 0.0089889804 0.055000884)
(0.026997315 0.0089902486 0.054000185)
(0.026007698 0.009998683 0.054000261)
(0.026014955 0.0089861357 0.055000847)
(0.028941287 0.0090109062 0.053999878)
(0.027986103 0.0099991214 0.05400001)
(0.027968309 0.0089995794 0.055000436)
(0.011058645 0.010988412 0.053999472)
(0.013001541 0.01100724 0.054000165)
(0.012023138 0.012001467 0.053999644)
(0.012031152 0.010999684 0.05500033)
(0.013958757 0.012027199 0.054000329)
(0.013984486 0.011011761 0.055000781)
(0.02699754 0.011008333 0.053999646)
(0.026040807 0.012030477 0.05399945)
(0.026015571 0.011011457 0.055000581)
(0.028941588 0.010986038 0.053999511)
(0.027971782 0.012010265 0.05399809)
(0.027968085 0.011000123 0.055000088)
(0.011429746 0.012735108 0.053999047)
(0.012901004 0.013032333 0.05400111)
(0.011950779 0.014022943 0.053998593)
(0.011609646 0.013243715 0.054999512)
(0.013904855 0.014079453 0.053999623)
(0.013919303 0.013045491 0.055000367)
(0.027089845 0.013059102 0.053997023)
(0.026104551 0.014070708 0.054000673)
(0.026081471 0.013048225 0.055000107)
(0.028582109 0.012696025 0.053995732)
(0.028040906 0.014038499 0.054001082)
(0.028378232 0.013275925 0.054999003)
(0.012706504 0.015264901 0.054000321)
(0.012343585 0.014721623 0.054997736)
(0.014892967 0.01511997 0.05399982)
(0.013673059 0.016398635 0.054001722)
(0.013869859 0.015116875 0.055002781)
(0.015922102 0.016099449 0.053999432)
(0.01591726 0.015095994 0.055000899)
(0.025120603 0.015104775 0.054002198)
(0.024079755 0.016095343 0.054001306)
(0.024087191 0.015090761 0.055001686)
(0.02730776 0.015244996 0.05400008)
(0.026403495 0.016321752 0.05401115)
(0.026143819 0.015102732 0.055001018)
(0.027649393 0.014732915 0.05500697)
(0.014720592 0.0172831 0.053999828)
(0.014143835 0.016830527 0.0550005)
(0.016962179 0.017098587 0.053996427)
(0.015964527 0.018042523 0.053998472)
(0.015946799 0.017081346 0.055000443)
(0.018994665 0.016994211 0.053999589)
(0.018003094 0.017978108 0.05399764)
(0.017973941 0.01702873 0.055000552)
(0.021006132 0.01699454 0.054000632)
(0.020001997 0.017986094 0.054000011)
(0.020000534 0.016992129 0.055000476)
(0.023038726 0.017098586 0.054002035)
(0.022001635 0.017976691 0.054001255)
(0.022017904 0.01703198 0.055001693)
(0.025255366 0.017300329 0.053998215)
(0.024025585 0.018047809 0.053999602)
(0.024051644 0.017081672 0.055000877)
(0.025839625 0.016844102 0.055001798)
(0.017225507 0.018558306 0.054001021)
(0.019016878 0.018941876 0.054000384)
(0.018058061 0.018783669 0.05499997)
(0.020991583 0.018941042 0.054000286)
(0.020002292 0.018999924 0.055000167)
(0.022779569 0.018556766 0.054001327)
(0.021935815 0.018785097 0.05500066)
(0.017316735 0.0014140199 0.056002794)
(0.015988281 0.0019447797 0.055999832)
(0.019014005 0.0010584069 0.055999816)
(0.017990302 0.0020252273 0.055998755)
(0.018047285 0.0012188433 0.057002244)
(0.020985808 0.0010583884 0.056000182)
(0.019999906 0.0020141071 0.056000042)
(0.020001036 0.001000034 0.057000042)
(0.022727438 0.0014274197 0.055991418)
(0.022007876 0.0020257358 0.056000635)
(0.021936639 0.0012150953 0.056998831)
(0.024018479 0.0019483926 0.055999348)
(0.014724959 0.0027137704 0.056000689)
(0.013622209 0.0036508042 0.056003523)
(0.01415544 0.0031599477 0.05700095)
(0.016965874 0.0028994704 0.055998594)
(0.015924426 0.0039000859 0.056000479)
(0.015951394 0.0029159898 0.057000765)
(0.018994748 0.0030055017 0.056000632)
(0.017984212 0.0029670069 0.057003202)
(0.021008969 0.0030067829 0.056001001)
(0.020001487 0.0030076201 0.057001704)
(0.023046859 0.0029037838 0.056002892)
(0.022025351 0.002970523 0.057002544)
(0.025257062 0.002700887 0.056000563)
(0.024075056 0.003897691 0.056000847)
(0.024054605 0.0029181304 0.057000529)
(0.026338116 0.0036118323 0.056002361)
(0.025847977 0.0031627515 0.05699774)
(0.012728191 0.0047048349 0.056003869)
(0.011952581 0.0059736875 0.05600258)
(0.012332531 0.005296154 0.056992446)
(0.014891386 0.0048810828 0.05600067)
(0.013906676 0.0059162143 0.056001366)
(0.013877146 0.0048761069 0.056997303)
(0.015921595 0.0049008097 0.057001142)
(0.025105895 0.0048790546 0.055999838)
(0.024079928 0.0048997361 0.057001791)
(0.027294328 0.004736261 0.055992884)
(0.026095721 0.0059201028 0.055999278)
(0.026124621 0.004876899 0.056998819)
(0.028048465 0.0059756433 0.055998813)
(0.027666634 0.0052948103 0.057003081)
(0.011442735 0.0072220737 0.05600367)
(0.01290715 0.0069530496 0.056001571)
(0.01202631 0.0079904453 0.056001468)
(0.011634011 0.0066915471 0.056994131)
(0.013960355 0.00796989 0.056001186)
(0.013923212 0.0069451685 0.057000441)
(0.027095371 0.0069573224 0.056002033)
(0.02604017 0.0079687282 0.056001508)
(0.02607581 0.0069423776 0.057001943)
(0.028578041 0.0072905656 0.055998948)
(0.027975209 0.007995223 0.056001139)
(0.028362105 0.0066812269 0.057002147)
(0.011058121 0.009016912 0.055999586)
(0.013002275 0.00899284 0.056000887)
(0.012013713 0.01000205 0.056000388)
(0.012032275 0.0090008478 0.0570004)
(0.013992102 0.010000781 0.056001396)
(0.013985286 0.008987649 0.057002081)
(0.02699789 0.0089906367 0.05600119)
(0.026008394 0.0099981813 0.056001574)
(0.026014802 0.00898427 0.057002783)
(0.028941335 0.0090113916 0.056000277)
(0.027986425 0.0099994455 0.056000221)
(0.027967364 0.0089963106 0.057001082)
(0.011058729 0.010989264 0.056000171)
(0.013001931 0.011008472 0.056000974)
(0.012025461 0.012009371 0.056000821)
(0.012032235 0.011002209 0.057000596)
(0.013958923 0.012028628 0.056001154)
(0.013985117 0.011014106 0.057002433)
(0.026998716 0.01100585 0.056001183)
(0.026042367 0.012026534 0.056001567)
(0.026016191 0.011010118 0.057002764)
(0.028941786 0.010984026 0.0560004)
(0.027976332 0.012004374 0.056002662)
(0.027968618 0.010997132 0.057000685)
(0.011424973 0.012719372 0.055996488)
(0.012903848 0.013040573 0.056001692)
(0.011951352 0.014024014 0.055999609)
(0.011630638 0.013299491 0.056995079)
(0.013902279 0.014077249 0.055998728)
(0.013921721 0.013053615 0.057000937)
(0.027098812 0.013034416 0.056002354)
(0.026101628 0.014072872 0.056001213)
(0.02607978 0.01304896 0.0570023)
(0.028569702 0.012736926 0.056000809)
(0.028048599 0.014024106 0.055999662)
(0.028373475 0.013288563 0.057004032)
(0.012707771 0.015266669 0.055988535)
(0.012341414 0.014718131 0.056996772)
(0.014889822 0.015116334 0.056000031)
(0.013651199 0.016378161 0.05599939)
(0.013865916 0.015112724 0.057000375)
(0.015923242 0.0160995 0.056000658)
(0.015917945 0.015096178 0.057002024)
(0.025117564 0.015109242 0.056001899)
(0.024081388 0.016095223 0.056001333)
(0.024082032 0.015096936 0.057001902)
(0.027298891 0.015257371 0.056001473)
(0.026378088 0.016348879 0.056006997)
(0.026118497 0.015130549 0.056998703)
(0.027649266 0.014733119 0.056999865)
(0.014734977 0.017293408 0.05599744)
(0.014156761 0.016841136 0.057002209)
(0.016948466 0.017093945 0.055999578)
(0.015986969 0.018054519 0.056000564)
(0.015950279 0.017083911 0.057000648)
(0.018993573 0.016993579 0.056000572)
(0.017986056 0.017972235 0.055999734)
(0.017981055 0.017030855 0.057001036)
(0.021008411 0.01699397 0.056000661)
(0.0200018 0.017985847 0.056000264)
(0.020002335 0.016992195 0.057001421)
(0.023045406 0.017095909 0.055999931)
(0.022013347 0.017973162 0.055999925)
(0.022023186 0.017030281 0.057000973)
(0.025281273 0.017281764 0.056000055)
(0.024021827 0.018049818 0.055999651)
(0.024049311 0.017084567 0.057000124)
(0.025842426 0.016841803 0.056995942)
(0.017258546 0.018568328 0.056001818)
(0.01901815 0.018942001 0.055999929)
(0.01808982 0.018791074 0.056999469)
(0.020991644 0.018941036 0.055999458)
(0.020006434 0.018999789 0.057000397)
(0.022687342 0.018584743 0.055998899)
(0.021926562 0.018787254 0.057002105)
(0.017284195 0.0014238909 0.057997301)
(0.015979915 0.0019492515 0.058001057)
(0.019011086 0.0010586944 0.058000638)
(0.018001702 0.0020206266 0.058001221)
(0.018060115 0.0012158519 0.059002335)
(0.020988583 0.0010586617 0.058000713)
(0.020000094 0.0020138353 0.058001528)
(0.019999735 0.0010000087 0.059000667)
(0.022699868 0.0014190565 0.057995594)
(0.022005566 0.0020249745 0.058001097)
(0.021921086 0.0012114688 0.059002479)
(0.024027061 0.0019529798 0.05800241)
(0.014710322 0.0027242595 0.05799875)
(0.013665039 0.0036088772 0.058000573)
(0.014160001 0.0031562048 0.059004052)
(0.016976716 0.0028957404 0.058002776)
(0.015924564 0.0038994629 0.058001878)
(0.015944742 0.0029188763 0.059002653)
(0.018995411 0.0030048171 0.058003387)
(0.017973243 0.0029707634 0.059006612)
(0.021008433 0.00300616 0.058003228)
(0.020000585 0.003007243 0.0590067)
(0.023046888 0.0029043925 0.058001456)
(0.022028752 0.0029715608 0.059006555)
(0.025292638 0.0027263802 0.057997859)
(0.024076379 0.0038972386 0.05800273)
(0.024059842 0.0029224182 0.059005526)
(0.026294306 0.0035707995 0.05799735)
(0.025854885 0.0031684211 0.059002312)
(0.012689553 0.0047587541 0.057998531)
(0.011962901 0.0059543793 0.058002697)
(0.012331207 0.0052982822 0.058992536)
(0.014891937 0.004881553 0.058000997)
(0.013903802 0.0059205707 0.058001643)
(0.013877235 0.0048747643 0.059002587)
(0.015917681 0.0049029317 0.059006613)
(0.025099266 0.0048712061 0.058002129)
(0.024080878 0.004899129 0.05900858)
(0.027281673 0.004718601 0.057999344)
(0.026088734 0.0059120476 0.058002367)
(0.026113844 0.00486812 0.059007247)
(0.028042769 0.0059649871 0.057999434)
(0.02762766 0.0052321352 0.05900325)
(0.011435475 0.0072460074 0.057999685)
(0.012904209 0.0069581404 0.057998546)
(0.012023559 0.0080001124 0.057999638)
(0.011635473 0.0066876634 0.058986033)
(0.013959138 0.0079706022 0.058002833)
(0.013921001 0.006946829 0.059004929)
(0.027092548 0.0069506336 0.058002682)
(0.026039721 0.0079662763 0.058004428)
(0.026078102 0.0069466492 0.059006637)
(0.02856727 0.0072550591 0.058003254)
(0.027972452 0.0079854283 0.058001812)
(0.028380962 0.00673133 0.058987935)
(0.011058274 0.009015352 0.05800116)
(0.013001585 0.0089937197 0.05800281)
(0.012013669 0.010002264 0.058001894)
(0.012031247 0.0090033365 0.059003713)
(0.01399133 0.010001662 0.058004725)
(0.013982555 0.0089885605 0.059007855)
(0.026998047 0.0089889539 0.058003658)
(0.026009255 0.0099974517 0.05800511)
(0.026016981 0.0089847809 0.059008781)
(0.028941492 0.0090129825 0.05800071)
(0.027986588 0.0099975443 0.058001738)
(0.027968544 0.0089979176 0.059003803)
(0.01105864 0.010988359 0.058001319)
(0.013002426 0.011011074 0.058003743)
(0.012028727 0.012015818 0.058001856)
(0.012032012 0.01100231 0.059004982)
(0.013960165 0.012033742 0.058004413)
(0.013983043 0.011014935 0.059008974)
(0.026999434 0.011005006 0.058003504)
(0.026042954 0.01202599 0.058004509)
(0.026018038 0.011010768 0.059009115)
(0.02894183 0.010983585 0.058000185)
(0.027976371 0.01200212 0.057999214)
(0.027968895 0.010999746 0.059004426)
(0.011423093 0.012713174 0.057995958)
(0.012910157 0.01305751 0.058002583)
(0.011952022 0.014025267 0.058001127)
(0.011641502 0.013328354 0.059005081)
(0.013903799 0.014081064 0.058001049)
(0.013921985 0.013057099 0.059007876)
(0.027099256 0.013033278 0.058001693)
(0.026098683 0.014075835 0.058003128)
(0.026081963 0.013047264 0.059007703)
(0.028574485 0.012721157 0.058003321)
(0.028047087 0.014026935 0.057999094)
(0.028380491 0.013269921 0.059003357)
(0.012715166 0.015276988 0.05799623)
(0.012345387 0.014724521 0.059002437)
(0.014891085 0.015117684 0.058001127)
(0.01365092 0.016377899 0.057987596)
(0.013866922 0.015115287 0.059005991)
(0.015924483 0.016100607 0.058002453)
(0.015916361 0.015096051 0.059008184)
(0.025110439 0.015116367 0.058003111)
(0.024077639 0.01609955 0.058002602)
(0.024085069 0.01509498 0.059007339)
(0.027298902 0.015257357 0.058005052)
(0.026349036 0.01637794 0.05800573)
(0.026139117 0.015107542 0.059002135)
(0.027680173 0.014683417 0.059012921)
(0.014748607 0.017303176 0.058002175)
(0.01414657 0.016832772 0.059002754)
(0.016955402 0.017096794 0.05800045)
(0.015977309 0.018049355 0.058000252)
(0.015945172 0.017081644 0.059004533)
(0.01899433 0.016994245 0.058002994)
(0.017995018 0.017975041 0.058001071)
(0.017973553 0.017029193 0.059006384)
(0.021009698 0.0169939 0.058002878)
(0.020001918 0.017985981 0.058001605)
(0.020000811 0.016993213 0.059006957)
(0.023053482 0.017093532 0.05799943)
(0.022016744 0.017971498 0.057999282)
(0.022022926 0.017031099 0.059007783)
(0.025260314 0.017296783 0.05800064)
(0.024023262 0.018049051 0.057998879)
(0.02405721 0.017078945 0.059003175)
(0.025838299 0.01684519 0.059001839)
(0.017298844 0.018580552 0.058002828)
(0.019013469 0.01894154 0.058000545)
(0.018074756 0.018787562 0.059005067)
(0.020992101 0.018940991 0.058000133)
(0.020001455 0.018999952 0.059002452)
(0.022693893 0.018582755 0.057999465)
(0.021935438 0.018785185 0.059001058)
(0.017290346 0.0014220251 0.060001252)
(0.015949604 0.0019654532 0.060009348)
(0.019012508 0.0010585543 0.060007207)
(0.017987152 0.0020264857 0.060009558)
(0.018083216 0.0012104654 0.061019571)
(0.020988004 0.0010586047 0.060006746)
(0.019999478 0.0020132191 0.060010631)
(0.019998894 0.0010000362 0.061019523)
(0.022732919 0.0014290823 0.060019118)
(0.022014514 0.0020279028 0.060009003)
(0.021921053 0.0012114612 0.061019061)
(0.024018224 0.0019482564 0.060010537)
(0.014725365 0.0027134796 0.060006771)
(0.013629308 0.0036432249 0.060006072)
(0.014151856 0.0031628896 0.061020997)
(0.016952135 0.002904327 0.060011859)
(0.015916904 0.0039035801 0.060012933)
(0.015946396 0.0029165859 0.061026879)
(0.01899146 0.003003892 0.06001372)
(0.017973451 0.0029666442 0.061025509)
(0.021010173 0.0030044512 0.06001355)
(0.019999723 0.0030000335 0.061024966)
(0.023059799 0.002908178 0.060011401)
(0.022031759 0.0029680219 0.061025738)
(0.025272106 0.0027116671 0.06001483)
(0.024080608 0.0039002272 0.060014561)
(0.024061422 0.0029209327 0.061026469)
(0.026377312 0.0036502931 0.060001899)
(0.025840637 0.0031567281 0.061028768)
(0.012694936 0.0047512428 0.060009957)
(0.011949856 0.0059787839 0.060007475)
(0.012359254 0.0052531803 0.061018511)
(0.014884003 0.004888592 0.060012274)
(0.013897017 0.0059272951 0.060012977)
(0.013860225 0.0048927687 0.061024208)
(0.015911343 0.0049054079 0.061025058)
(0.025109958 0.0048808117 0.060013638)
(0.024081868 0.0048965168 0.061025117)
(0.027291432 0.0047322201 0.060014807)
(0.026095949 0.0059177681 0.060014185)
(0.02611361 0.0048637817 0.061021624)
(0.028044805 0.0059687962 0.060009037)
(0.027661756 0.005286966 0.06102105)
(0.01142582 0.0072778364 0.060015885)
(0.012899585 0.0069659363 0.06001106)
(0.012024068 0.0079929795 0.060008069)
(0.011627757 0.0067081655 0.061019149)
(0.013953801 0.0079725191 0.060013878)
(0.013911899 0.0069521511 0.061024973)
(0.0270945 0.006951994 0.060013142)
(0.026043444 0.0079660704 0.060015553)
(0.02608061 0.0069381925 0.061026706)
(0.02858563 0.0073155818 0.060004923)
(0.027975172 0.0079926874 0.060011841)
(0.028373631 0.0067118515 0.061023927)
(0.011058553 0.0090125253 0.06000774)
(0.012997471 0.0089934858 0.060013519)
(0.012011994 0.010000762 0.060011077)
(0.012028062 0.0090005083 0.061023708)
(0.01398541 0.010001258 0.060015009)
(0.013971639 0.0089883944 0.061022909)
(0.027001287 0.0089894188 0.060014473)
(0.026013861 0.0099981904 0.060015528)
(0.026026032 0.008982393 0.061024032)
(0.028941369 0.0090117363 0.060006605)
(0.027987716 0.0099978503 0.060010804)
(0.027971045 0.0089980526 0.061024611)
(0.011058499 0.010986929 0.060007744)
(0.012997682 0.011008475 0.060014693)
(0.012022208 0.012000684 0.060011299)
(0.012028129 0.011000873 0.061025019)
(0.013954454 0.012030051 0.060015766)
(0.01397173 0.011014163 0.061023821)
(0.027001908 0.011007266 0.060014813)
(0.02604507 0.01202998 0.060016326)
(0.026026658 0.011014306 0.061024453)
(0.02894176 0.010984295 0.060006484)
(0.027974484 0.01201046 0.060011636)
(0.027971599 0.010999209 0.06102465)
(0.011415241 0.012687289 0.059997842)
(0.012900331 0.01303588 0.060013195)
(0.011949521 0.014020589 0.060007981)
(0.011620749 0.013273215 0.06102536)
(0.013900223 0.014076701 0.060013462)
(0.013913424 0.013051471 0.061026861)
(0.027096933 0.013041954 0.060014707)
(0.02609698 0.014080606 0.060013242)
(0.02608351 0.013056908 0.061028907)
(0.028576169 0.012715606 0.060009032)
(0.028044467 0.014031836 0.060004864)
(0.028380652 0.013269494 0.061030113)
(0.012702915 0.015259893 0.060005683)
(0.01235161 0.014734528 0.061023318)
(0.014889649 0.015116882 0.060013597)
(0.01365082 0.016377806 0.060009578)
(0.013873553 0.015118893 0.06102303)
(0.01592097 0.016099909 0.060013944)
(0.015916142 0.015098686 0.061024575)
(0.025109296 0.015118825 0.060011694)
(0.024077695 0.016100676 0.060012515)
(0.024083375 0.015100604 0.06102529)
(0.027290179 0.01526953 0.060006657)
(0.026331136 0.016394706 0.059993699)
(0.026126649 0.015122965 0.061032716)
(0.027654583 0.014724568 0.061015753)
(0.014730367 0.017290105 0.060010706)
(0.014142995 0.016829838 0.061022165)
(0.016946964 0.017094251 0.060010108)
(0.01597031 0.018045614 0.060009861)
(0.015944433 0.01708252 0.061024907)
(0.018992027 0.016996661 0.060013568)
(0.017990693 0.01797367 0.06001034)
(0.017976567 0.017035162 0.061024436)
(0.021006929 0.016997505 0.060014401)
(0.020001031 0.017987233 0.060010699)
(0.019999098 0.017001364 0.061024879)
(0.023040134 0.01709919 0.060014562)
(0.022005628 0.017976062 0.060012804)
(0.022020412 0.017036688 0.061026153)
(0.025267047 0.017291958 0.060009296)
(0.024022791 0.018049302 0.060004869)
(0.024057381 0.01708021 0.061023696)
(0.025833247 0.016849336 0.061021047)
(0.01729203 0.018578485 0.06000009)
(0.019013008 0.018941494 0.06000705)
(0.018093592 0.018791954 0.061019948)
(0.02099006 0.018941192 0.060007075)
(0.019999188 0.018999973 0.061015988)
(0.022715137 0.018576311 0.060022572)
(0.02192778 0.01878697 0.06101797)
(0.017254571 0.0014328774 0.062049249)
(0.015966988 0.0019561614 0.062055457)
(0.019011409 0.0010586626 0.06204489)
(0.017991516 0.0020193368 0.062045115)
(0.018089929 0.0012089001 0.063080261)
(0.020986322 0.001058439 0.062045689)
(0.019998362 0.0020038927 0.062045159)
(0.019997364 0.0010000863 0.06308145)
(0.022729592 0.0014280732 0.062035397)
(0.021998899 0.0020158684 0.062046842)
(0.021936749 0.0012151209 0.063086435)
(0.024042966 0.0019614815 0.062050629)
(0.014741872 0.0027016507 0.062051683)
(0.013616716 0.0036566693 0.062042754)
(0.014179346 0.0031403288 0.063091431)
(0.016953541 0.002896825 0.062049686)
(0.015912418 0.003897923 0.062045912)
(0.015925558 0.0029057062 0.063096144)
(0.018987294 0.002983553 0.062038988)
(0.017960458 0.0039409723 0.062032444)
(0.017959113 0.0029390928 0.063060479)
(0.021008781 0.0029819433 0.062038999)
(0.019997646 0.0039631591 0.062027762)
(0.019996922 0.0029577999 0.063045441)
(0.023035306 0.0028915959 0.062047746)
(0.022034289 0.0039363773 0.06203211)
(0.022033866 0.0029324243 0.063058759)
(0.02526909 0.0027095061 0.062052208)
(0.024078882 0.0038886166 0.062045762)
(0.024065094 0.0028985138 0.063093077)
(0.02632898 0.0036032755 0.062050539)
(0.025842364 0.0031581451 0.063103772)
(0.012699917 0.0047442913 0.062050224)
(0.011953861 0.0059712918 0.062048829)
(0.0123508 0.0052667752 0.063104571)
(0.014880835 0.0048921114 0.062043125)
(0.013890304 0.0059232479 0.062044785)
(0.013858061 0.0048671977 0.063087358)
(0.016937343 0.0049248361 0.062027574)
(0.01592346 0.0059304725 0.062026531)
(0.015902437 0.0049007855 0.06303807)
(0.018980832 0.0049577483 0.06201872)
(0.017967095 0.0059573586 0.062014451)
(0.01796009 0.0049439148 0.063018171)
(0.021014589 0.0049550911 0.062018638)
(0.019998384 0.0059683507 0.062010974)
(0.019997742 0.0049600782 0.063013145)
(0.023055443 0.0049170342 0.062027395)
(0.022028389 0.0059527626 0.062014411)
(0.022033075 0.0049370837 0.063017917)
(0.025102141 0.0048735743 0.062043828)
(0.024067871 0.0059196777 0.062026819)
(0.024083457 0.0048871282 0.063037994)
(0.027286033 0.0047246853 0.062045977)
(0.026096338 0.0059045775 0.062045753)
(0.026128711 0.0048558574 0.063088161)
(0.028044329 0.0059679058 0.062052331)
(0.02762086 0.0052212006 0.06310385)
(0.011424159 0.0072833102 0.062048774)
(0.012889148 0.0069721016 0.062046754)
(0.012012214 0.0080110682 0.062050036)
(0.011620839 0.0067265457 0.06308978)
(0.01491993 0.0069464373 0.062028289)
(0.013937981 0.0079707109 0.062031817)
(0.013894394 0.0069385676 0.063044338)
(0.016958428 0.0069623735 0.062013022)
(0.015954193 0.0079718702 0.062014213)
(0.015941036 0.0069540642 0.063014727)
(0.018987565 0.0069761111 0.062007703)
(0.017980415 0.0079822351 0.062006776)
(0.017977769 0.0069749527 0.06300648)
(0.021010028 0.006974496 0.062007699)
(0.019999311 0.0079861295 0.06200493)
(0.019999074 0.0069818598 0.06300463)
(0.023037499 0.0069567621 0.062013164)
(0.022017751 0.0079800074 0.062006819)
(0.022019481 0.00697168 0.063006482)
(0.025072996 0.0069333507 0.06202931)
(0.024042849 0.0079660336 0.062014622)
(0.024054104 0.0069459424 0.06301504)
(0.027093808 0.006927373 0.062050943)
(0.026056948 0.007956347 0.062033527)
(0.026102047 0.006925221 0.063046723)
(0.028591307 0.0073342947 0.06204806)
(0.027972899 0.007966552 0.06205102)
(0.028382934 0.0067365694 0.063097905)
(0.01105853 0.00901275 0.062044784)
(0.012978844 0.0089927596 0.062039232)
(0.0120022 0.010000531 0.062047369)
(0.011997472 0.0089929412 0.06307886)
(0.014954861 0.0089853477 0.062018567)
(0.013963134 0.01000079 0.062027071)
(0.013941498 0.0089830612 0.063025896)
(0.016974591 0.0089894378 0.06200768)
(0.015966732 0.010000011 0.062011026)
(0.015966592 0.0089879478 0.063008205)
(0.018992441 0.0089930887 0.062004199)
(0.017985535 0.0099999887 0.062004954)
(0.017987819 0.0089935382 0.063003409)
(0.021006615 0.0089925592 0.062004205)
(0.019999674 0.010000001 0.062003507)
(0.019999695 0.0089952699 0.063002358)
(0.023023995 0.0089874971 0.062007806)
(0.022013612 0.0099998553 0.062004987)
(0.022011396 0.0089926217 0.063003427)
(0.025043085 0.0089806308 0.062019179)
(0.024031834 0.0099995578 0.06201126)
(0.024032394 0.0089854306 0.063008414)
(0.027018137 0.0089832664 0.062040368)
(0.026034883 0.0099988389 0.062027748)
(0.02605791 0.0089778665 0.063026753)
(0.0289411 0.0090090064 0.062044558)
(0.027996931 0.0099977244 0.06204785)
(0.028002554 0.0089905826 0.063079512)
(0.011058553 0.010987483 0.062047503)
(0.012979386 0.011012023 0.062040277)
(0.012022129 0.012017637 0.062050689)
(0.011996565 0.011006726 0.063080839)
(0.014954112 0.011015419 0.062018877)
(0.013938334 0.012035194 0.06203304)
(0.01393865 0.011016906 0.06302637)
(0.01697446 0.011010492 0.062007717)
(0.015953795 0.012028254 0.062014442)
(0.015965726 0.011011436 0.063008288)
(0.018992531 0.011006985 0.062004189)
(0.017980647 0.012017881 0.062006748)
(0.017987792 0.011006352 0.063003406)
(0.02100674 0.011007371 0.062004197)
(0.019999557 0.012014081 0.062004895)
(0.019999767 0.011004777 0.063002351)
(0.023024274 0.011011952 0.062007801)
(0.022018115 0.012019763 0.062006783)
(0.022011542 0.011007188 0.06300342)
(0.025043385 0.011018106 0.062019278)
(0.024043716 0.01203308 0.062014627)
(0.024032695 0.011013932 0.063008417)
(0.027018228 0.011013084 0.062041012)
(0.026057657 0.012041789 0.062033948)
(0.026057265 0.01102117 0.063027002)
(0.028941823 0.010983653 0.062046272)
(0.027976073 0.012018907 0.062052023)
(0.028000969 0.011006541 0.063083686)
(0.011416892 0.012692732 0.062047555)
(0.012900377 0.013060417 0.062049016)
(0.011954885 0.014030624 0.062051076)
(0.011628913 0.013294907 0.063089469)
(0.014920251 0.013055509 0.062029098)
(0.013892866 0.014080738 0.062046568)
(0.013890427 0.013062518 0.063045803)
(0.016959145 0.013037677 0.062012997)
(0.015925338 0.014069426 0.062026653)
(0.015940814 0.013044249 0.063014896)
(0.018988183 0.013024498 0.062007596)
(0.017968646 0.014043663 0.062014127)
(0.017978504 0.01302529 0.063006388)
(0.02101041 0.013025781 0.062007627)
(0.019999068 0.014032752 0.062010835)
(0.01999945 0.013018694 0.063004574)
(0.023038472 0.01304255 0.06201305)
(0.022028896 0.014047226 0.062014225)
(0.022019937 0.013028177 0.063006403)
(0.025075156 0.013065357 0.062029557)
(0.024070337 0.014078349 0.062026636)
(0.024055881 0.01305321 0.063014911)
(0.027094553 0.013071911 0.062050958)
(0.026101193 0.01409082 0.062047753)
(0.026101797 0.013080326 0.063046462)
(0.02856631 0.012748108 0.062046947)
(0.028048344 0.014024583 0.062052808)
(0.028351841 0.013346045 0.063093473)
(0.01270416 0.01526163 0.062048779)
(0.012335814 0.014709125 0.063110861)
(0.014885163 0.015110737 0.06204433)
(0.013634235 0.016362036 0.06205531)
(0.013854184 0.015124724 0.06309206)
(0.016940197 0.015076558 0.062026686)
(0.015914792 0.016103539 0.062044468)
(0.015906544 0.015096453 0.06303753)
(0.018982429 0.015044427 0.062018314)
(0.017963028 0.016061576 0.06203118)
(0.017963174 0.015058806 0.0630175)
(0.021014946 0.01504607 0.062018551)
(0.019998505 0.016039215 0.062027739)
(0.019998662 0.015042273 0.063013024)
(0.023056049 0.015082011 0.0620268)
(0.022034145 0.016064076 0.062032012)
(0.022033334 0.015063018 0.063017624)
(0.02510793 0.015120855 0.062043993)
(0.024080446 0.016109215 0.062043863)
(0.024086782 0.01510989 0.063036689)
(0.027297284 0.015259615 0.062052655)
(0.026334429 0.016391622 0.06204508)
(0.026137476 0.015137914 0.063088215)
(0.027649032 0.014733496 0.06310781)
(0.014726066 0.017287023 0.06204595)
(0.014146806 0.016832965 0.063091661)
(0.016952147 0.017103134 0.062045445)
(0.015973877 0.018047521 0.062052029)
(0.015928908 0.01709554 0.063089921)
(0.018988406 0.017018667 0.062038531)
(0.017995763 0.017981773 0.062046643)
(0.017964007 0.017066732 0.06305751)
(0.021009105 0.01701927 0.06203989)
(0.019998215 0.017996894 0.062046218)
(0.019997732 0.017046344 0.063046036)
(0.023043669 0.017105321 0.062046179)
(0.022013731 0.017980071 0.062050168)
(0.022034865 0.017067737 0.063059957)
(0.025270015 0.017289831 0.062051421)
(0.024028521 0.01804624 0.062047627)
(0.0240652 0.01710102 0.063087324)
(0.025824077 0.016856862 0.063088192)
(0.01725385 0.018566903 0.062049928)
(0.019005171 0.018940723 0.062044399)
(0.018087001 0.018790417 0.063078769)
(0.020987178 0.018941476 0.062045298)
(0.019997187 0.018999907 0.063083548)
(0.022720377 0.018574722 0.062050949)
(0.021959939 0.018779472 0.063098669)
(0.017946831 0.0039183288 0.064019355)
(0.019996777 0.0039414457 0.064011691)
(0.022042778 0.003905413 0.064018882)
(0.016930374 0.0049214989 0.064013103)
(0.015920719 0.005929052 0.064011261)
(0.018982287 0.0049602004 0.064005717)
(0.017974543 0.005968258 0.064003868)
(0.017966224 0.0049543995 0.064999998)
(0.021012801 0.004956344 0.064005664)
(0.019998899 0.0059795227 0.064002565)
(0.019998611 0.0049717618 0.064999998)
(0.023057834 0.004908454 0.064012894)
(0.022021358 0.0059633563 0.064003834)
(0.022027358 0.0049463224 0.064999998)
(0.024069006 0.0059168092 0.064011281)
(0.014913961 0.006939756 0.064012633)
(0.013908047 0.0079556412 0.064018423)
(0.016969759 0.0069730029 0.064003363)
(0.0159647 0.0079779756 0.064003796)
(0.015956762 0.0069664633 0.064999998)
(0.018993291 0.0069880725 0.064001611)
(0.017990432 0.0079914508 0.064001379)
(0.017990635 0.0069900494 0.064999998)
(0.02100543 0.0069868756 0.064001605)
(0.019999765 0.0079948554 0.064000926)
(0.019999816 0.006995447 0.064999998)
(0.02302731 0.0069682926 0.064003385)
(0.022008836 0.0079900906 0.064001386)
(0.022008341 0.0069881809 0.064999998)
(0.025082207 0.006928891 0.064013134)
(0.024034506 0.0079736986 0.06400391)
(0.02404043 0.006959241 0.064999998)
(0.026096487 0.0079458557 0.064019528)
(0.012901666 0.0089769446 0.0640356)
(0.014954545 0.008985472 0.064005658)
(0.013931405 0.0099989868 0.064011814)
(0.013927336 0.0089806139 0.064999998)
(0.016986762 0.0089942198 0.064001611)
(0.015977195 0.0099995678 0.064002575)
(0.015983817 0.0089935658 0.064999998)
(0.018997389 0.0089976491 0.064000764)
(0.0179945 0.0099999224 0.064000932)
(0.017997828 0.0089986888 0.064999998)
(0.021002387 0.0089974151 0.064000763)
(0.019999934 0.010000003 0.064000614)
(0.020000012 0.0089996007 0.064999998)
(0.023013 0.0089931949 0.064001635)
(0.022005343 0.0099999535 0.064000935)
(0.02200224 0.0089984544 0.064999998)
(0.025046097 0.0089825135 0.06400584)
(0.024022528 0.009999776 0.064002629)
(0.024016797 0.0089923915 0.064999998)
(0.027099572 0.0089708195 0.06403612)
(0.026067832 0.0099993706 0.06401212)
(0.02607488 0.0089763105 0.064999998)
(0.012894021 0.011020175 0.064035882)
(0.014951394 0.011012784 0.064005735)
(0.013896814 0.012041291 0.064018967)
(0.013919841 0.011017191 0.064999998)
(0.016986365 0.011005264 0.064001617)
(0.015962839 0.012020232 0.064003851)
(0.015982556 0.011005445 0.064999998)
(0.018997392 0.011002347 0.064000761)
(0.017990473 0.012008406 0.064001369)
(0.017997739 0.011001205 0.064999998)
(0.021002422 0.011002579 0.064000761)
(0.019999835 0.012005293 0.064000918)
(0.019999997 0.011000416 0.064999998)
(0.023013188 0.01100654 0.064001633)
(0.022009002 0.012009769 0.064001375)
(0.022002274 0.01100151 0.064999998)
(0.025046228 0.011016664 0.064005863)
(0.024035342 0.012025635 0.064003881)
(0.024017062 0.011007245 0.064999998)
(0.027095798 0.011025929 0.064037659)
(0.026095163 0.01205394 0.064019266)
(0.026073852 0.011021871 0.064999998)
(0.014909471 0.013053992 0.064012999)
(0.016970291 0.013025904 0.064003339)
(0.015923755 0.014065955 0.064011191)
(0.015956177 0.013030768 0.064999998)
(0.018993699 0.013012434 0.064001583)
(0.017976395 0.014032857 0.064003749)
(0.017991082 0.013010054 0.064999998)
(0.021005531 0.013013364 0.064001586)
(0.01999931 0.014021739 0.064002526)
(0.019999844 0.013004895 0.064999998)
(0.023028151 0.013031058 0.064003328)
(0.022021557 0.0140365 0.06400375)
(0.022008363 0.01301164 0.064999998)
(0.025086062 0.013070804 0.064012959)
(0.024072055 0.014081164 0.064011069)
(0.024042737 0.013039342 0.064999998)
(0.016936654 0.015079952 0.064012501)
(0.018984403 0.015043615 0.064005562)
(0.017952471 0.016090298 0.064018386)
(0.017969671 0.015049925 0.064999998)
(0.021012748 0.01504532 0.064005619)
(0.01999794 0.016063684 0.064011692)
(0.01999896 0.015031002 0.064999998)
(0.023058142 0.015089797 0.064012293)
(0.022041675 0.016093989 0.064018412)
(0.022026841 0.015054289 0.064999998)
(0.017296803 0.0014200663 0.00087913017)
(0.019012231 0.0010585817 0.00070567715)
(0.02098628 0.0010584349 0.00071429917)
(0.022732948 0.0014290912 0.00095435452)
(0.015998667 0.0019392283 0.00017428457)
(0.014726857 0.0027124107 0.00082950394)
(0.015252615 0.0023596056 0.0017522314)
(0.018002489 0.0020225098 0.00084877068)
(0.016966143 0.0029019745 0.00080907018)
(0.016710442 0.0016268997 0.0018030722)
(0.020001573 0.0020141835 0.00061802626)
(0.018996066 0.0030057988 0.00086687955)
(0.019002122 0.0020320532 0.0018192948)
(0.02201183 0.0020283489 0.0009310275)
(0.021009775 0.003007968 0.00089303308)
(0.021002718 0.0020330774 0.0018431532)
(0.02401789 0.0019480781 0.00099824983)
(0.023056419 0.0029115625 0.00098787789)
(0.023294365 0.0016287087 0.0019920861)
(0.025266481 0.0027076366 0.0010002524)
(0.02472403 0.0023450826 0.0019990493)
(0.013604791 0.0036694017 0.00072490274)
(0.012699505 0.0047448675 0.00074616447)
(0.013158074 0.0041577242 0.0016978226)
(0.015923501 0.0039043596 0.00084623492)
(0.014884476 0.0048939664 0.00087922096)
(0.014886982 0.003868326 0.0018501053)
(0.024076753 0.0039020146 0.00099685974)
(0.02634918 0.0036221943 0.00099970783)
(0.025107592 0.004884816 0.00099889641)
(0.025118549 0.0038706861 0.00199981)
(0.027292699 0.0047339875 0.00099921787)
(0.026833089 0.0041469546 0.0019987102)
(0.01195809 0.0059633808 0.00096972875)
(0.011414298 0.0073158195 0.00096446757)
(0.013898694 0.0059309278 0.00091048267)
(0.012905552 0.00696151 0.00095999952)
(0.012916802 0.0059512588 0.0019174059)
(0.026095504 0.0059245104 0.00099986277)
(0.028041808 0.0059631891 0.00099976353)
(0.027093526 0.0069602438 0.0010027951)
(0.027085716 0.0059527762 0.0019991529)
(0.028576048 0.007283996 0.0009970139)
(0.012025163 0.0079950085 0.00092355747)
(0.011059026 0.0090077236 0.00069488167)
(0.011212743 0.0080734506 0.0019049247)
(0.013958222 0.0079750284 0.00095553523)
(0.013000606 0.0089919712 0.00089773773)
(0.012969318 0.0079872472 0.0019335767)
(0.026040253 0.0079727468 0.0010006999)
(0.027973927 0.0079920316 0.0010030993)
(0.026998751 0.0089927556 0.0010004825)
(0.027027916 0.0079805627 0.0020012052)
(0.028941517 0.0090132396 0.0010001407)
(0.028791413 0.0080912734 0.0019954285)
(0.012012873 0.0099938975 0.00060104024)
(0.011058013 0.010981993 0.00069462369)
(0.011000123 0.0099962263 0.001636283)
(0.013990271 0.0099967948 0.00092480151)
(0.012999683 0.011000295 0.00089807317)
(0.013002536 0.0099971494 0.0018574096)
(0.026008944 0.0099997411 0.00099989472)
(0.027987427 0.0099995574 0.0010001373)
(0.026999152 0.011006879 0.00099974879)
(0.026996549 0.0099999368 0.0019999312)
(0.0289414 0.010987952 0.0009997908)
(0.028999973 0.010000795 0.0019999495)
(0.012019518 0.011986407 0.0009223841)
(0.011425426 0.012720866 0.0009715198)
(0.011211913 0.011922993 0.0019055691)
(0.013956711 0.012018304 0.0009554297)
(0.012900096 0.013022571 0.00096655337)
(0.012969775 0.012012156 0.0019367789)
(0.02604077 0.012026735 0.00099880979)
(0.027976228 0.012001446 0.00099943256)
(0.027093655 0.013038677 0.00099936314)
(0.027025021 0.012027271 0.0019992959)
(0.028570577 0.01273404 0.0010026595)
(0.028785359 0.011934692 0.0020005124)
(0.011951693 0.014024651 0.00098757897)
(0.013896988 0.014065651 0.00088289289)
(0.012699228 0.015254747 0.00089894172)
(0.012914868 0.014046187 0.001949218)
(0.014882848 0.015105161 0.00079914928)
(0.026102626 0.014068518 0.00098955133)
(0.025121763 0.015100063 0.00098078948)
(0.028047006 0.014027087 0.00099906439)
(0.027286525 0.015274629 0.00099583017)
(0.027082095 0.01405334 0.0019949956)
(0.013613521 0.01633992 0.00011823831)
(0.013160509 0.015845242 0.0017955736)
(0.015918158 0.016092353 0.00088831762)
(0.01472673 0.017287499 0.00088947179)
(0.014882973 0.016129009 0.0017987598)
(0.016948733 0.017090173 0.00098083945)
(0.018991597 0.01699319 0.00099697344)
(0.021004189 0.016994834 0.00099907411)
(0.024081167 0.016090329 0.00098914829)
(0.023037071 0.017094995 0.0009975362)
(0.026420273 0.016303838 0.000903848)
(0.025271539 0.017288739 0.00099190501)
(0.025120201 0.016122769 0.0019844783)
(0.026832894 0.015853282 0.0019803208)
(0.015965777 0.018043191 0.00098926326)
(0.01525785 0.017643651 0.0019646443)
(0.017988344 0.01797258 0.00099589671)
(0.017293739 0.018579003 0.0010083836)
(0.016743255 0.018385451 0.0020037368)
(0.019999651 0.017986593 0.00099944571)
(0.019010439 0.018941241 0.00099967027)
(0.018999686 0.017968062 0.0019989219)
(0.022001193 0.017976591 0.0009995314)
(0.020986143 0.018941578 0.00099969341)
(0.020997481 0.017968771 0.0019991746)
(0.024026435 0.018047354 0.00099988851)
(0.022761644 0.018562204 0.00099553561)
(0.023216076 0.018400758 0.0019930109)
(0.024706991 0.017665514 0.0019954755)
(0.017295398 0.0014204926 0.0029264746)
(0.019009626 0.0010588382 0.0028976139)
(0.020988595 0.0010586629 0.0029041611)
(0.02265976 0.0014068899 0.0029740409)
(0.015983766 0.001947193 0.0028607135)
(0.014738067 0.0027043777 0.0029162821)
(0.015275817 0.0023451776 0.0039564374)
(0.017998347 0.0020238074 0.0029079043)
(0.016961267 0.0029008338 0.0028931421)
(0.016722837 0.0016222347 0.0039541536)
(0.020002088 0.0020145948 0.0028728128)
(0.018995468 0.0030061973 0.0028975464)
(0.01900146 0.0020321451 0.0039462854)
(0.02201645 0.0020289748 0.0029561016)
(0.021012294 0.0030083211 0.0029215471)
(0.021003453 0.0020338417 0.0039555345)
(0.024013419 0.0019456882 0.0029966651)
(0.023060906 0.0029092578 0.00298931)
(0.023319263 0.0016380796 0.0039959467)
(0.025254028 0.0026987125 0.0030020258)
(0.024728028 0.0023475683 0.0039949986)
(0.013627051 0.0036456351 0.002911486)
(0.012705534 0.0047364531 0.002910682)
(0.013165423 0.0041487694 0.0039531234)
(0.015925277 0.0038990976 0.0029007167)
(0.014887912 0.0048857181 0.0029119052)
(0.014889113 0.0038659598 0.0039563534)
(0.024078425 0.0038996038 0.0029963211)
(0.026357162 0.0036296706 0.0030064806)
(0.025110674 0.0048831226 0.0030001457)
(0.025114535 0.0038664661 0.0039984278)
(0.027296566 0.0047393844 0.0030077322)
(0.026831607 0.0041451491 0.0040020799)
(0.011958075 0.0059634076 0.002974856)
(0.011422087 0.0072901411 0.0029759086)
(0.013899277 0.0059267609 0.0029351133)
(0.012899884 0.0069691887 0.0029635346)
(0.01291808 0.0059465451 0.0039741887)
(0.026098847 0.0059240035 0.0030014759)
(0.028041499 0.0059626118 0.0029985012)
(0.0270946 0.0069544039 0.0029998233)
(0.027082079 0.0059477065 0.0040010138)
(0.028577275 0.0072880392 0.002995281)
(0.012022485 0.0079989907 0.0029478187)
(0.011058685 0.0090111818 0.0028977956)
(0.011215619 0.0080611159 0.0039766315)
(0.013956813 0.0079752 0.0029491121)
(0.01300062 0.0089929183 0.0029217077)
(0.012972957 0.0079764556 0.0039692243)
(0.026041767 0.0079716845 0.0030002801)
(0.027972869 0.0079878064 0.0029979641)
(0.026998391 0.0089912699 0.0030000252)
(0.027028648 0.0079806246 0.0040013243)
(0.028940921 0.0090071918 0.003000345)
(0.028783799 0.008058619 0.0040009668)
(0.01201317 0.0099978645 0.0028715966)
(0.011058458 0.010986513 0.0028977105)
(0.011000079 0.0099975739 0.0039452666)
(0.013990638 0.0099977073 0.0029278379)
(0.013000482 0.011003849 0.0029229642)
(0.013003055 0.0099973594 0.0039464651)
(0.026008482 0.009999258 0.0029995922)
(0.02798639 0.0099983688 0.0030000313)
(0.026998274 0.011007689 0.0029994698)
(0.02699642 0.0099983814 0.0039997573)
(0.028941583 0.010986095 0.0030000331)
(0.028999934 0.0099980071 0.0040000236)
(0.012026635 0.012009835 0.0029497792)
(0.011427523 0.01272778 0.0029804186)
(0.011211489 0.011921174 0.0039795728)
(0.013956218 0.012022329 0.0029517562)
(0.012903761 0.013041509 0.0029718797)
(0.012969098 0.012012437 0.0039717469)
(0.026042401 0.012027761 0.0029983097)
(0.027971521 0.012017379 0.0030005919)
(0.027095858 0.01304556 0.0029987186)
(0.027029274 0.012017122 0.0039975687)
(0.028581065 0.012699468 0.0029976379)
(0.028786445 0.011930035 0.0039983527)
(0.011945997 0.014013996 0.0029894467)
(0.01389752 0.014070522 0.0029363218)
(0.012709036 0.015268435 0.0029505631)
(0.012916812 0.014049672 0.0039845113)
(0.01488575 0.015112108 0.0029035829)
(0.026110109 0.014062303 0.0029946253)
(0.025126624 0.015099268 0.002992298)
(0.028054106 0.014013802 0.0030009501)
(0.027324231 0.01522201 0.002991404)
(0.027084869 0.014048509 0.0039987275)
(0.013632378 0.016360053 0.0028421192)
(0.013159013 0.01584342 0.0039556256)
(0.015921993 0.01609831 0.0029393763)
(0.01474142 0.017298025 0.0029513356)
(0.014878185 0.016121944 0.0039579984)
(0.016950072 0.017094532 0.0029866497)
(0.018991666 0.016993034 0.002996509)
(0.021005751 0.016993435 0.0029989775)
(0.024085687 0.016091075 0.0029950936)
(0.023052285 0.017092522 0.0029987607)
(0.026405249 0.016319879 0.0029905818)
(0.025286156 0.017278265 0.0029970433)
(0.025122541 0.016124847 0.0039964203)
(0.026837858 0.015847233 0.0039970163)
(0.015976422 0.018048881 0.0029923824)
(0.015302367 0.017671333 0.0039836302)
(0.01798623 0.017972398 0.0029977962)
(0.017309125 0.018583671 0.0030106791)
(0.01673587 0.018382671 0.0039980487)
(0.019998274 0.017985615 0.0029994782)
(0.019014463 0.018941638 0.0029994192)
(0.018998372 0.017967321 0.003999223)
(0.022007203 0.017973483 0.0030000485)
(0.020990333 0.018941166 0.0029997684)
(0.020997651 0.017968249 0.0040000728)
(0.024028504 0.018046249 0.0029985613)
(0.022749081 0.018566015 0.0030042976)
(0.023238396 0.018392357 0.0040048473)
(0.024657713 0.017696156 0.0039930638)
(0.01721601 0.0014445747 0.0049881611)
(0.019011894 0.0010586149 0.0049852818)
(0.020987647 0.0010585695 0.0049859439)
(0.022698637 0.0014186829 0.004996068)
(0.015974968 0.0019518957 0.0049803562)
(0.014729902 0.0027102288 0.0049908879)
(0.015283986 0.0023400977 0.0059933662)
(0.01799463 0.0020243367 0.0049809142)
(0.016961999 0.0029004739 0.0049775361)
(0.016759822 0.0016083145 0.0059997811)
(0.020001305 0.0020146999 0.0049751606)
(0.018995505 0.0030063028 0.0049698515)
(0.019003002 0.0020317336 0.0059910912)
(0.022026211 0.0020318737 0.0049918851)
(0.021013735 0.0030089256 0.0049775431)
(0.021002458 0.0020335212 0.0059924523)
(0.024028574 0.0019537884 0.0050012177)
(0.023065396 0.0029112723 0.0049981232)
(0.023304798 0.0016326352 0.0060047398)
(0.025270377 0.0027104279 0.0050000029)
(0.024717617 0.0023410947 0.0059989891)
(0.013648155 0.0036246905 0.0049792755)
(0.012697549 0.0047475964 0.004983604)
(0.013155112 0.0041613328 0.0059970365)
(0.015925147 0.0038984552 0.0049724304)
(0.014889843 0.004883723 0.0049742379)
(0.014887386 0.0038679221 0.0059926862)
(0.02408321 0.0039020929 0.0049972401)
(0.026361479 0.003633714 0.0049897543)
(0.025112422 0.0048831807 0.0049975042)
(0.025118779 0.0038697917 0.0060002796)
(0.027289888 0.0047300651 0.0049985966)
(0.026831124 0.0041445608 0.0060017273)
(0.011956431 0.0059664844 0.0049955045)
(0.01141261 0.0073213846 0.004996783)
(0.013899948 0.0059255309 0.0049810542)
(0.012903991 0.006957588 0.0049886635)
(0.01291616 0.0059498039 0.0059958986)
(0.026098283 0.0059229093 0.0049988253)
(0.028049753 0.0059780535 0.0049950296)
(0.027097151 0.0069609475 0.0049995822)
(0.027081518 0.0059460805 0.0059999929)
(0.028589455 0.00732819 0.005003922)
(0.01202685 0.0079868604 0.0049888145)
(0.011058636 0.0090116836 0.0049850552)
(0.011211403 0.0080791968 0.0060019804)
(0.01395838 0.0079716097 0.0049786763)
(0.013001643 0.0089911888 0.0049755139)
(0.012971376 0.0079818851 0.0059911164)
(0.026041764 0.0079713931 0.0049999796)
(0.027975533 0.0079943114 0.0050000049)
(0.026998199 0.0089911401 0.0050000565)
(0.027026078 0.0079741819 0.0060000456)
(0.028941146 0.0090094742 0.005000422)
(0.028788269 0.008077786 0.0059998015)
(0.012013234 0.0099992767 0.0049754931)
(0.01105828 0.01098471 0.0049844752)
(0.011000003 0.0099999027 0.0059940569)
(0.013991059 0.0099971856 0.0049716785)
(0.012999781 0.01100192 0.004975936)
(0.013003319 0.009998185 0.0059863592)
(0.026008101 0.009998384 0.0049995541)
(0.027986412 0.0099967897 0.0050001689)
(0.026998483 0.011005429 0.0049993703)
(0.026995786 0.0099984699 0.005999807)
(0.028941604 0.010985876 0.0050002814)
(0.028999959 0.010001234 0.0059986526)
(0.012020592 0.01199671 0.0049869645)
(0.011412192 0.012677239 0.0049958496)
(0.0112061 0.011898061 0.0059946166)
(0.013954584 0.012018765 0.0049805227)
(0.012894679 0.013018124 0.0049902118)
(0.012969242 0.012012316 0.005992648)
(0.026042271 0.01202601 0.0049986219)
(0.027976202 0.012000653 0.004998982)
(0.027097 0.013040242 0.0049987072)
(0.027026544 0.012023316 0.0059992853)
(0.028566622 0.012747079 0.0050075253)
(0.02878612 0.011931427 0.0059993155)
(0.011949023 0.014019656 0.0050010558)
(0.013894642 0.01406672 0.0049857367)
(0.012701863 0.015258424 0.004989989)
(0.012915587 0.014049003 0.0059975079)
(0.014883359 0.015109486 0.0049809044)
(0.02610206 0.014071977 0.0049987171)
(0.025116076 0.015111204 0.0049985794)
(0.028046533 0.01402797 0.0050011524)
(0.027304734 0.015249218 0.0049965441)
(0.027081455 0.014054485 0.0060000288)
(0.013619639 0.016346452 0.0049884933)
(0.013161194 0.015846078 0.0059934972)
(0.015921646 0.016097968 0.0049861585)
(0.014742753 0.01729898 0.0049918096)
(0.014886756 0.016131636 0.0059988024)
(0.016957205 0.017097352 0.0049975601)
(0.018993341 0.016993257 0.0049984119)
(0.021007962 0.016992777 0.0049994075)
(0.024082074 0.016096137 0.0049988803)
(0.023050736 0.017093653 0.0050001568)
(0.026350373 0.016376689 0.0050050464)
(0.025272333 0.01728817 0.0049984315)
(0.025127828 0.016120576 0.0059981875)
(0.026826908 0.015860576 0.0059995315)
(0.015971382 0.018046187 0.0049990549)
(0.015292131 0.017664968 0.005997975)
(0.017991802 0.017974193 0.0049998714)
(0.017249002 0.018565433 0.0049968744)
(0.016750544 0.018388194 0.0060021725)
(0.020002045 0.017985475 0.004999558)
(0.019014619 0.018941653 0.0049996681)
(0.019001492 0.01796779 0.0059993282)
(0.022009345 0.017973731 0.0049998606)
(0.020987945 0.018941401 0.005000237)
(0.021002389 0.017966993 0.0059997229)
(0.024020484 0.018050536 0.0050008877)
(0.022723531 0.018573765 0.0049918343)
(0.023309956 0.018365424 0.0059924133)
(0.024702465 0.017668328 0.006009192)
(0.017299749 0.0014191727 0.0070013844)
(0.019013161 0.0010584901 0.0069985102)
(0.020984463 0.001058256 0.0069985263)
(0.022719107 0.0014248925 0.0070068454)
(0.015977363 0.0019506158 0.006999813)
(0.014748319 0.0026970309 0.0069957572)
(0.015277697 0.0023440082 0.0079975085)
(0.017984669 0.0020289646 0.0069965786)
(0.01693942 0.0029089485 0.0069937664)
(0.016647372 0.0016506377 0.0079934887)
(0.019998491 0.0020150297 0.0069964017)
(0.018991565 0.0030078867 0.0069935131)
(0.018998182 0.0020336888 0.0079987351)
(0.022017128 0.0020292096 0.0069961029)
(0.021011613 0.0030089204 0.0069948262)
(0.021001495 0.0020340667 0.0079986828)
(0.024029882 0.0019544878 0.0070015427)
(0.023061252 0.0029100796 0.0069975294)
(0.023321493 0.001638919 0.0079982884)
(0.025281715 0.0027185526 0.0070025061)
(0.024658403 0.0023042732 0.0080022048)
(0.013657206 0.0036162137 0.0069999068)
(0.012710418 0.0047296377 0.0070060534)
(0.013156285 0.0041599039 0.0080020657)
(0.015925664 0.0038968076 0.0069935554)
(0.014894716 0.0048781716 0.0069944807)
(0.014889787 0.0038635009 0.0079960411)
(0.024085531 0.0039039015 0.0069995302)
(0.026369891 0.0036423693 0.0070018689)
(0.025114784 0.00488568 0.006999861)
(0.025111952 0.0038635064 0.007999)
(0.027301439 0.0047461846 0.0069984195)
(0.026831117 0.0041445515 0.0080004907)
(0.01195741 0.0059646527 0.0069971797)
(0.011437036 0.007240861 0.0070071551)
(0.013905177 0.0059182938 0.0069963501)
(0.01290875 0.0069470007 0.0069956234)
(0.012924382 0.0059374518 0.0079973909)
(0.026099359 0.0059240082 0.0069999594)
(0.028044792 0.0059687725 0.0070003688)
(0.027096564 0.00695912 0.0069982343)
(0.027081748 0.0059462355 0.0080008812)
(0.028568372 0.0072586904 0.0069929804)
(0.012027293 0.0079897475 0.0069962843)
(0.011058137 0.0090167414 0.0069978686)
(0.011213484 0.0080702711 0.0080017633)
(0.013960365 0.0079688263 0.0069929217)
(0.013002467 0.008991312 0.0069936123)
(0.012975575 0.0079726836 0.0079965518)
(0.026040843 0.0079693218 0.0069999304)
(0.027972438 0.0079817471 0.0069982986)
(0.026997416 0.0089899648 0.0070000895)
(0.027026258 0.0079754403 0.0080016105)
(0.028941287 0.0090109076 0.0070005329)
(0.028789978 0.0080851194 0.0080009926)
(0.012013507 0.010001047 0.006996079)
(0.011058639 0.010988348 0.0069990415)
(0.011000126 0.0099961605 0.0079989529)
(0.01399193 0.0099976233 0.0069916079)
(0.013000632 0.011003748 0.0069943671)
(0.01300414 0.0099981585 0.00799663)
(0.026007479 0.0099985463 0.0069997596)
(0.027986158 0.0099975852 0.0070012115)
(0.026997658 0.011007252 0.0069995532)
(0.02699567 0.0099989716 0.0080000994)
(0.028941461 0.010987331 0.0070009466)
(0.02899997 0.010000876 0.0080000798)
(0.012022803 0.011999596 0.0069990298)
(0.011441903 0.012775184 0.0069986607)
(0.011215292 0.011937481 0.0079971629)
(0.013955882 0.012021454 0.006994568)
(0.012899831 0.013031507 0.006998213)
(0.012969738 0.012013795 0.0079973395)
(0.026040958 0.01202871 0.0069986259)
(0.027972568 0.01201095 0.006999249)
(0.027092689 0.013050202 0.0069978853)
(0.027027446 0.012020012 0.0079971107)
(0.028568281 0.012741609 0.006996179)
(0.028787097 0.011927238 0.00800153)
(0.011950158 0.01402178 0.0070001323)
(0.01389621 0.014069411 0.0069992283)
(0.012706441 0.015264813 0.0070019522)
(0.012917594 0.014051486 0.0080001978)
(0.014883067 0.015109831 0.0069994131)
(0.02610229 0.014074077 0.0069988959)
(0.025121913 0.015105387 0.0069981783)
(0.028041415 0.014037545 0.007001153)
(0.027283506 0.015278842 0.0069993025)
(0.027080852 0.01405425 0.0080003396)
(0.013609562 0.016335693 0.0070096259)
(0.013169399 0.015856075 0.0080029364)
(0.015918869 0.016096861 0.0069978602)
(0.014745303 0.017300808 0.0069926298)
(0.01487842 0.016126294 0.0080028768)
(0.016940486 0.017091043 0.0069999675)
(0.018990043 0.016991858 0.0069992196)
(0.021008607 0.016992459 0.0069988394)
(0.024084036 0.016093131 0.0069983667)
(0.023050229 0.017094177 0.0069965049)
(0.026428291 0.016295278 0.006995087)
(0.025259531 0.017297344 0.0070019735)
(0.025107135 0.016137437 0.0079965561)
(0.026839998 0.015844626 0.0079982027)
(0.01597583 0.018048565 0.0069979829)
(0.01528311 0.017659358 0.0080095334)
(0.017973373 0.017968478 0.0070002851)
(0.017313082 0.018584871 0.0069988648)
(0.016717863 0.018375894 0.0079930813)
(0.020001863 0.017985141 0.0069996296)
(0.019012125 0.018941408 0.0069994582)
(0.018998317 0.017966667 0.0079992736)
(0.022007104 0.017974208 0.0069972257)
(0.020990847 0.018941115 0.0069999422)
(0.021000637 0.017967444 0.0079993006)
(0.024031985 0.018044388 0.0069988226)
(0.022700364 0.018580793 0.0070054957)
(0.023280809 0.018376394 0.0079872833)
(0.024728469 0.017652158 0.0080016398)
(0.017302944 0.0014182036 0.0089958258)
(0.019009189 0.0010588812 0.0090004774)
(0.020980776 0.0010578928 0.0090002811)
(0.022724665 0.0014265785 0.0090016677)
(0.015977246 0.0019506782 0.0090007786)
(0.014740739 0.0027024628 0.0089972246)
(0.015296956 0.0023320321 0.01000826)
(0.01799965 0.0020232956 0.008999619)
(0.016959976 0.0029016544 0.0089983838)
(0.016716426 0.0016246475 0.009998113)
(0.019998368 0.0020149727 0.0089991852)
(0.018991705 0.0030075525 0.0089985752)
(0.018997514 0.0020330105 0.009999725)
(0.022024588 0.0020328073 0.0089969051)
(0.021011052 0.003009099 0.0089983633)
(0.020998601 0.0020326953 0.0099995179)
(0.024020458 0.0019494506 0.0089985053)
(0.023076141 0.0029155624 0.0089956017)
(0.023257877 0.0016149755 0.0099968338)
(0.025287682 0.0027228285 0.0089995179)
(0.024747899 0.002359925 0.010004276)
(0.013649225 0.0036236886 0.0089947258)
(0.012730177 0.0047020648 0.0090014394)
(0.013159472 0.0041560201 0.010000388)
(0.015923243 0.0038988643 0.0089974816)
(0.014893003 0.0048778223 0.0089971488)
(0.014872271 0.0038800394 0.0099995305)
(0.024081186 0.0039003738 0.008999156)
(0.026320569 0.0035953977 0.0089989135)
(0.025107194 0.0048788102 0.0089999364)
(0.025114745 0.0038685662 0.010000677)
(0.027296312 0.0047390288 0.0090055288)
(0.026846337 0.004163098 0.010001908)
(0.011959649 0.0059604632 0.0089974939)
(0.011427153 0.007273441 0.0090050308)
(0.01390831 0.0059139942 0.0089981209)
(0.012905339 0.0069583299 0.008999147)
(0.012921427 0.0059426293 0.0099995497)
(0.026095188 0.0059196973 0.0090011229)
(0.028044474 0.0059681776 0.0090013695)
(0.027095512 0.006957212 0.0090023176)
(0.027081892 0.0059468432 0.010000091)
(0.028587359 0.0073212809 0.0090015462)
(0.012024147 0.0079966924 0.0090003239)
(0.011058303 0.0090150633 0.0089998857)
(0.011210997 0.0080809368 0.010000441)
(0.013960819 0.0079690387 0.0089979268)
(0.013002683 0.0089917559 0.008998479)
(0.012974275 0.0079764454 0.0099998405)
(0.026040329 0.0079694329 0.0090008542)
(0.027974913 0.0079932133 0.00900113)
(0.026997475 0.008991139 0.0090005935)
(0.027025774 0.0079743467 0.010000515)
(0.028941381 0.0090118527 0.0090002032)
(0.028784889 0.0080632911 0.0099998326)
(0.012013738 0.010000399 0.0089990226)
(0.011058718 0.010989155 0.0089999875)
(0.011000065 0.010001995 0.009999065)
(0.013992865 0.0099985369 0.0089976176)
(0.013002126 0.011006901 0.0089984469)
(0.01300463 0.0099991735 0.0099991808)
(0.02600731 0.0099988545 0.009000051)
(0.027986288 0.010000534 0.0090005026)
(0.026998274 0.011006124 0.0089996405)
(0.026995249 0.0099998889 0.01000037)
(0.028941118 0.010990811 0.0090008219)
(0.028999876 0.01000375 0.010000651)
(0.012028362 0.012012763 0.008998878)
(0.01141297 0.012679802 0.0090035688)
(0.011213076 0.011927979 0.010003055)
(0.013958671 0.012027209 0.0089980877)
(0.012909009 0.01305452 0.0089983848)
(0.012971481 0.012017446 0.0099996605)
(0.026041769 0.012025692 0.0089988199)
(0.027979005 0.011994563 0.0089986254)
(0.027101273 0.013026908 0.0089964121)
(0.027025837 0.01202409 0.010000058)
(0.028592378 0.012662174 0.0089885882)
(0.02878884 0.011919763 0.010005884)
(0.011959452 0.014039168 0.0090003785)
(0.013901699 0.014077289 0.0089982037)
(0.012709435 0.015268991 0.0089923877)
(0.012917368 0.014051697 0.0099981693)
(0.01488925 0.015116551 0.008998868)
(0.026099509 0.014075171 0.0089998836)
(0.02511237 0.015114435 0.0089995608)
(0.028039779 0.014040607 0.0090021473)
(0.027296268 0.015261032 0.009000053)
(0.027081385 0.014053505 0.010002178)
(0.013634885 0.01636273 0.0089956899)
(0.013155297 0.015838892 0.010000366)
(0.015921902 0.016100044 0.0089990751)
(0.014750897 0.017304816 0.0090012486)
(0.014888183 0.016135302 0.0099993883)
(0.016935321 0.017089312 0.0090000523)
(0.018990106 0.016992033 0.0089995069)
(0.021007287 0.016992872 0.0089995087)
(0.024077879 0.01609915 0.0089994578)
(0.023048098 0.017095264 0.0089999812)
(0.026381505 0.01634523 0.0089973935)
(0.02526447 0.017293805 0.0089990854)
(0.025108009 0.016137603 0.010003728)
(0.026846594 0.015836589 0.0099969175)
(0.015978015 0.018049733 0.0089975335)
(0.015302854 0.017671636 0.0099999366)
(0.01797388 0.01796802 0.0090014609)
(0.017272509 0.018572563 0.0090062911)
(0.016773099 0.018396683 0.0099964137)
(0.02000077 0.01798524 0.0089995731)
(0.019013278 0.018941521 0.0089993002)
(0.019002138 0.017968351 0.0099994146)
(0.022002425 0.017975331 0.0090001034)
(0.020990438 0.018941155 0.0090002775)
(0.021000482 0.017967382 0.0099999246)
(0.024024565 0.018048354 0.0090007957)
(0.022659588 0.018593162 0.0089966835)
(0.023293277 0.018371701 0.010001208)
(0.024705248 0.017666598 0.0099931277)
(0.017283884 0.0014239854 0.01100587)
(0.019011241 0.0010586791 0.011000628)
(0.020985318 0.0010583401 0.010999628)
(0.022743633 0.0014323324 0.010996563)
(0.015957428 0.001961271 0.010996861)
(0.01476388 0.0026858799 0.01099854)
(0.015316218 0.0023200542 0.011993926)
(0.01798373 0.0020286018 0.010999125)
(0.016944375 0.0029072904 0.010997869)
(0.016736366 0.0016171428 0.011994487)
(0.019997094 0.0020147566 0.011000139)
(0.018989126 0.0030079846 0.010999398)
(0.018996861 0.002033176 0.011999733)
(0.022005895 0.0020243946 0.011002511)
(0.021005865 0.0030071287 0.011000034)
(0.020999218 0.0020324779 0.012000177)
(0.024020597 0.0019495248 0.010998765)
(0.023040295 0.0029020883 0.011001881)
(0.023264695 0.0016175417 0.012005677)
(0.025267934 0.0027086773 0.01100184)
(0.024744558 0.0023578476 0.012003452)
(0.013688671 0.0035867434 0.010995645)
(0.0127079 0.0047331521 0.010999664)
(0.013161447 0.0041536136 0.011999622)
(0.015924824 0.0038971061 0.010998254)
(0.014895253 0.0048772268 0.010998513)
(0.014878923 0.0038758168 0.011998474)
(0.024078852 0.0039012121 0.011000434)
(0.026355096 0.0036277359 0.010997264)
(0.025112344 0.0048845526 0.011000359)
(0.02512597 0.0038763609 0.012003113)
(0.027294555 0.0047365774 0.010999947)
(0.02683829 0.0041532928 0.011995635)
(0.011955968 0.0059673503 0.01100088)
(0.011427469 0.0072723993 0.010994626)
(0.013905853 0.0059178453 0.010999578)
(0.012908997 0.006946318 0.011000069)
(0.012919364 0.0059440418 0.01200096)
(0.02609778 0.0059208791 0.011000419)
(0.028042305 0.0059641192 0.011000944)
(0.027090459 0.0069432716 0.010999141)
(0.02708283 0.0059464576 0.012001469)
(0.028574946 0.0072803624 0.010987639)
(0.012028329 0.0079854178 0.011002095)
(0.011058738 0.0090106436 0.010999743)
(0.011213466 0.0080703479 0.011996044)
(0.013961347 0.0079670843 0.010999848)
(0.013003466 0.0089897881 0.010999949)
(0.012975351 0.0079723225 0.012000318)
(0.026039058 0.0079658763 0.011000404)
(0.027969268 0.007977364 0.010999678)
(0.026996443 0.0089890317 0.011000397)
(0.027023938 0.007969928 0.012000825)
(0.028941651 0.0090145945 0.011000557)
(0.028789845 0.0080845455 0.011998389)
(0.012014033 0.0099995493 0.010999963)
(0.011058641 0.01098837 0.011000057)
(0.011000106 0.010003229 0.012000444)
(0.013993467 0.0099986389 0.010999426)
(0.013002686 0.01100791 0.010999651)
(0.013005025 0.0099990738 0.011999907)
(0.02600674 0.0099989514 0.011000442)
(0.027985838 0.010000598 0.011000399)
(0.026996919 0.011009322 0.011000663)
(0.026995282 0.0099985952 0.012000576)
(0.028941516 0.01098677 0.011000469)
(0.028999978 0.0099993423 0.012000268)
(0.012029075 0.012016544 0.011000464)
(0.011424972 0.01271937 0.010998352)
(0.011213447 0.01192957 0.011997556)
(0.013959581 0.012028907 0.010999392)
(0.012907936 0.013052057 0.010999831)
(0.012972559 0.012020237 0.011999256)
(0.026039648 0.012031187 0.011000752)
(0.02796946 0.012020601 0.011001497)
(0.027088506 0.013060993 0.011002361)
(0.027028483 0.012018363 0.012001636)
(0.028565083 0.012752153 0.011003844)
(0.028788387 0.011921704 0.011996814)
(0.011964468 0.014048552 0.011000598)
(0.013902718 0.01407777 0.010999608)
(0.012692856 0.015245855 0.010999616)
(0.012918275 0.014052806 0.01200138)
(0.014892015 0.015118816 0.010999209)
(0.026097715 0.014078364 0.010999648)
(0.025111466 0.015115808 0.010999255)
(0.028047814 0.014025574 0.011001531)
(0.027289115 0.015271014 0.010993114)
(0.027081827 0.014052012 0.012000841)
(0.013654484 0.016381238 0.010999361)
(0.01316137 0.015846292 0.01199877)
(0.015924944 0.016101798 0.010998844)
(0.014730624 0.017290289 0.011000816)
(0.014892725 0.016139349 0.011997177)
(0.016968349 0.017101359 0.010998601)
(0.018994327 0.016993716 0.010999569)
(0.0210075 0.01699313 0.010999949)
(0.024076747 0.016099865 0.01100007)
(0.023038355 0.017099042 0.01099932)
(0.026384184 0.01634237 0.01099502)
(0.025268984 0.01729057 0.01100058)
(0.025108303 0.016138424 0.01199852)
(0.026837172 0.01584807 0.012001176)
(0.015980502 0.018051062 0.010998386)
(0.01529103 0.017664283 0.011997856)
(0.01800192 0.017977948 0.011000505)
(0.017258683 0.018568369 0.011013062)
(0.016666181 0.018356442 0.011995727)
(0.020000353 0.017985633 0.010999916)
(0.019012505 0.018941445 0.010999114)
(0.018997266 0.017966703 0.011999727)
(0.022003403 0.01797605 0.011001007)
(0.020989918 0.018941206 0.011000027)
(0.021001347 0.017966846 0.012000017)
(0.024005918 0.018058321 0.011001999)
(0.022727102 0.018572682 0.010995783)
(0.023318389 0.01836225 0.011999223)
(0.024741975 0.017643759 0.011992862)
(0.017287483 0.0014228937 0.012999744)
(0.019010384 0.0010587636 0.012999565)
(0.020989628 0.0010587646 0.012999772)
(0.022718563 0.0014247274 0.013004303)
(0.015960555 0.0019595995 0.01300245)
(0.014739878 0.00270308 0.012999186)
(0.015330314 0.0023112891 0.014006441)
(0.017975991 0.0020310164 0.012998957)
(0.016937461 0.0029103253 0.012997772)
(0.016676577 0.0016396454 0.013998602)
(0.019996815 0.0020150587 0.012999673)
(0.018986896 0.0030088703 0.012999373)
(0.018994662 0.0020340644 0.013999745)
(0.022011451 0.0020271955 0.012999191)
(0.021007318 0.0030078517 0.012999558)
(0.020999627 0.0020333069 0.013999313)
(0.024026047 0.001952438 0.013000136)
(0.023049315 0.0029060276 0.01299827)
(0.023319366 0.0016381184 0.013996251)
(0.025285556 0.0027213049 0.013000334)
(0.024720506 0.0023428908 0.014006093)
(0.013619774 0.0036534048 0.013002589)
(0.012710491 0.0047295354 0.012998565)
(0.01315894 0.004156669 0.013996183)
(0.015916982 0.0039034711 0.012999659)
(0.014884951 0.0048868779 0.013000077)
(0.014885273 0.0038670995 0.014000705)
(0.024086101 0.003907199 0.012999335)
(0.026387402 0.0036610662 0.012992736)
(0.025119592 0.0048908973 0.012999457)
(0.025125981 0.0038805073 0.013998283)
(0.027280836 0.0047174324 0.013004325)
(0.026840377 0.004155835 0.013999942)
(0.01195816 0.0059632487 0.013000331)
(0.01142208 0.0072901663 0.01299298)
(0.013901531 0.005921319 0.013000401)
(0.012903757 0.0069597881 0.013001453)
(0.012922473 0.0059377414 0.014000262)
(0.026098246 0.0059205232 0.013001053)
(0.028036209 0.0059527139 0.013000746)
(0.027094333 0.0069555432 0.013003681)
(0.027074926 0.0059372681 0.014000674)
(0.028587914 0.0073231111 0.012998911)
(0.012025598 0.0079900411 0.013000699)
(0.011058529 0.0090127609 0.013000129)
(0.011216359 0.008057939 0.014003114)
(0.013961425 0.0079658182 0.013000547)
(0.013003647 0.0089888515 0.013000325)
(0.012980425 0.0079586557 0.014001415)
(0.026039963 0.0079688606 0.013001494)
(0.027973779 0.0079890938 0.013002922)
(0.026997207 0.0089907113 0.013000993)
(0.027027188 0.0079795622 0.014002067)
(0.028941699 0.009015084 0.01299997)
(0.028788741 0.0080798122 0.013999112)
(0.012014135 0.010000292 0.01300023)
(0.011058519 0.01098713 0.013000115)
(0.011000009 0.0099997219 0.014000327)
(0.013993645 0.0099979514 0.01299985)
(0.01300294 0.011008101 0.012999611)
(0.013005186 0.0099972956 0.014000055)
(0.026007177 0.00999848 0.013000626)
(0.027986199 0.0099990634 0.013000419)
(0.026997923 0.011006641 0.013000672)
(0.026995785 0.0099985918 0.014000439)
(0.028941403 0.010987921 0.012999684)
(0.028999958 0.010001271 0.014000539)
(0.012029906 0.012019057 0.012999347)
(0.011427363 0.01272725 0.013002123)
(0.011210943 0.01191883 0.013998947)
(0.013959475 0.012029113 0.012999105)
(0.012908834 0.013055099 0.012997902)
(0.012972089 0.012018848 0.013998705)
(0.026041371 0.012027 0.013000932)
(0.027972331 0.012014131 0.013001863)
(0.027094271 0.01304621 0.01300302)
(0.027030042 0.012013908 0.013999923)
(0.028577579 0.012710959 0.012997404)
(0.028792608 0.011903603 0.014000033)
(0.011953569 0.014028161 0.01299901)
(0.013899377 0.014074277 0.012999857)
(0.012696901 0.0152515 0.013001497)
(0.01291678 0.01405028 0.013997775)
(0.014882328 0.015110565 0.012999356)
(0.026098287 0.014076358 0.01300058)
(0.025111818 0.015115821 0.013000138)
(0.028047581 0.014026009 0.012999535)
(0.027296842 0.015260231 0.012999313)
(0.027079979 0.014055191 0.014000333)
(0.013634261 0.016362064 0.013005254)
(0.013165769 0.015851652 0.01400155)
(0.01591405 0.016093663 0.012998568)
(0.01470681 0.017273224 0.012992754)
(0.014859063 0.016109575 0.013998385)
(0.01695608 0.017095691 0.0129997)
(0.018992009 0.016992704 0.013000011)
(0.02100886 0.016992348 0.013000023)
(0.024080087 0.016098241 0.013000092)
(0.023047884 0.017094956 0.013001563)
(0.026351661 0.016375483 0.01300467)
(0.025275729 0.017285737 0.013000207)
(0.025129838 0.016118079 0.013997342)
(0.026839739 0.015844941 0.01400343)
(0.015962138 0.018041246 0.012999617)
(0.015299771 0.017669719 0.013997116)
(0.017992719 0.017975022 0.013000816)
(0.017286237 0.018576728 0.012999043)
(0.016734812 0.018382273 0.014004261)
(0.019998259 0.01798529 0.012999855)
(0.019011337 0.01894133 0.013000242)
(0.018999304 0.017967538 0.014000268)
(0.022013614 0.017973007 0.013000426)
(0.020988944 0.018941302 0.013000376)
(0.021001417 0.017966948 0.013999714)
(0.024026457 0.018047343 0.01300111)
(0.022694419 0.018582596 0.01300411)
(0.023295316 0.018370934 0.013996538)
(0.024737303 0.017646664 0.013991671)
(0.017284908 0.0014236747 0.015014691)
(0.019010621 0.0010587402 0.01499931)
(0.020985874 0.0010583949 0.015000092)
(0.022711017 0.0014224385 0.014995525)
(0.015979323 0.0019495679 0.014999179)
(0.014719151 0.0027179327 0.015005669)
(0.015260561 0.0023546639 0.015997635)
(0.017985088 0.0020280588 0.015001002)
(0.016945201 0.0029078538 0.015000969)
(0.016677502 0.0016392973 0.01600562)
(0.019997754 0.0020149705 0.014999427)
(0.0189886 0.0030084263 0.01499989)
(0.018997709 0.0020330274 0.016000072)
(0.022015121 0.0020284236 0.014999995)
(0.021007917 0.0030080794 0.014999447)
(0.021000167 0.0020327248 0.015999712)
(0.02403886 0.0019592865 0.014997447)
(0.023055544 0.0029079745 0.01499816)
(0.023297768 0.0016299893 0.015995645)
(0.025272827 0.002712184 0.014996512)
(0.024696525 0.0023279789 0.015999011)
(0.013642344 0.0036301336 0.015000834)
(0.012701373 0.0047422605 0.01500383)
(0.013165219 0.004149017 0.015999429)
(0.015915864 0.0039043894 0.015001375)
(0.014883942 0.004887018 0.015001609)
(0.014863852 0.0038878644 0.016003552)
(0.024082132 0.0039034453 0.014997593)
(0.026361615 0.0036338416 0.014987194)
(0.025113569 0.004885413 0.014996951)
(0.025113747 0.0038689896 0.016000121)
(0.027281583 0.0047184745 0.014999154)
(0.026841325 0.0041569904 0.016000891)
(0.011949811 0.0059788691 0.015000395)
(0.011422446 0.0072889597 0.015005076)
(0.013901396 0.0059226493 0.015000843)
(0.012909078 0.0069448734 0.015002127)
(0.012919293 0.0059453922 0.01599855)
(0.026097043 0.005920078 0.014999352)
(0.028049488 0.0059775578 0.015001837)
(0.027090389 0.0069448211 0.015003709)
(0.027080041 0.0059438469 0.015999855)
(0.02856783 0.0072569046 0.014998538)
(0.012028676 0.0079846362 0.015001364)
(0.011058669 0.0090113427 0.015000677)
(0.01120936 0.0080879575 0.016001172)
(0.013961669 0.0079645056 0.015000199)
(0.013003765 0.0089878972 0.015000208)
(0.012973706 0.0079769291 0.015998111)
(0.02603998 0.0079695336 0.01500116)
(0.02797135 0.0079851169 0.015001749)
(0.026997146 0.0089900918 0.015000666)
(0.027026748 0.00797823 0.016000676)
(0.028940736 0.0090053045 0.015000111)
(0.028787468 0.0080743534 0.015997462)
(0.012013905 0.0099992391 0.015000387)
(0.011059021 0.010992233 0.015000689)
(0.011000033 0.010001016 0.016000117)
(0.013993125 0.0099970733 0.014999753)
(0.01300162 0.011005232 0.01499963)
(0.013004356 0.0099985331 0.015999626)
(0.026007274 0.0099987855 0.015000152)
(0.027986238 0.0099986762 0.014999742)
(0.026998304 0.01100552 0.014999817)
(0.026995611 0.0099993395 0.01599986)
(0.028941108 0.010990912 0.015000601)
(0.028999972 0.0099991601 0.016000056)
(0.012023054 0.012002077 0.014999801)
(0.011421167 0.012706825 0.014998704)
(0.011213542 0.011929978 0.015998938)
(0.013957456 0.012023923 0.014999035)
(0.012899796 0.013030009 0.0149984)
(0.0129706 0.012015449 0.015998464)
(0.026041817 0.012025232 0.014999443)
(0.027976353 0.012003586 0.014999857)
(0.0270987 0.013033881 0.014998972)
(0.02702736 0.012019306 0.015997681)
(0.028572803 0.012726704 0.015003684)
(0.028790681 0.011911865 0.015996623)
(0.011958658 0.014037683 0.014998539)
(0.01389917 0.014073494 0.014999683)
(0.012710514 0.015270497 0.015005086)
(0.012918393 0.014052261 0.016000763)
(0.014882275 0.015110037 0.014999182)
(0.026100088 0.014074187 0.014999985)
(0.025114324 0.01511313 0.014999525)
(0.028045008 0.014030824 0.015002486)
(0.02729329 0.015265188 0.015004659)
(0.027082619 0.014050748 0.01600027)
(0.013616158 0.016342735 0.014999521)
(0.013158038 0.015842231 0.015998841)
(0.015916463 0.016094606 0.014998846)
(0.014733146 0.017292096 0.015001108)
(0.014885437 0.01613309 0.015995605)
(0.016949349 0.017093673 0.014998082)
(0.018992777 0.016993013 0.015000034)
(0.021007839 0.016992823 0.014999955)
(0.024080678 0.016097336 0.015000312)
(0.023045359 0.017096052 0.014999545)
(0.026394624 0.016331223 0.014989102)
(0.025262412 0.01729528 0.015008593)
(0.025093171 0.016152057 0.016002531)
(0.026835092 0.015850603 0.015999755)
(0.015973231 0.018047176 0.014995549)
(0.015270924 0.017651781 0.016001452)
(0.017988129 0.017973093 0.015000985)
(0.017223783 0.018557783 0.01499657)
(0.016738006 0.018383475 0.016003981)
(0.019999825 0.017985488 0.014999982)
(0.019011668 0.018941362 0.014999025)
(0.019001176 0.017968036 0.016000452)
(0.022004712 0.017975414 0.014999447)
(0.02098871 0.018941325 0.014999945)
(0.020999378 0.017967488 0.016000334)
(0.024036462 0.018041995 0.015000352)
(0.02275111 0.018565399 0.014997833)
(0.023289724 0.018373039 0.01600687)
(0.024676784 0.017684297 0.015991031)
(0.017241604 0.0014368108 0.017002752)
(0.019010945 0.0010587083 0.016999616)
(0.020988015 0.0010586058 0.017000212)
(0.022733197 0.0014291665 0.017000235)
(0.01598175 0.0019482705 0.017001468)
(0.014727522 0.0027119343 0.017002779)
(0.015276476 0.0023447677 0.017994427)
(0.018006656 0.0020201455 0.016998678)
(0.016973624 0.0028970833 0.016997394)
(0.016711824 0.0016263797 0.017987944)
(0.019998128 0.0020141655 0.017000177)
(0.018994178 0.0030059217 0.016999583)
(0.018998911 0.0020319698 0.017999715)
(0.02200012 0.00202155 0.016998165)
(0.021004611 0.0030059384 0.016999479)
(0.020999068 0.0020320024 0.017999894)
(0.024024554 0.0019516396 0.016996361)
(0.023025467 0.0028967059 0.016997242)
(0.023271413 0.00162007 0.018001054)
(0.025284661 0.0027206635 0.01699894)
(0.024732348 0.0023502544 0.017998534)
(0.013649187 0.0036237236 0.017005528)
(0.012708454 0.0047323786 0.017000851)
(0.013159636 0.0041558203 0.017999729)
(0.01592125 0.003901226 0.017001231)
(0.014888636 0.0048830194 0.017002032)
(0.014890168 0.0038620915 0.018002867)
(0.024078213 0.0039017288 0.016997673)
(0.026376847 0.0036497967 0.016982357)
(0.025113011 0.0048859581 0.016997395)
(0.025108323 0.0038608743 0.017999664)
(0.02729697 0.004739947 0.017005595)
(0.02683987 0.0041552172 0.017997176)
(0.01194742 0.0059833424 0.017001909)
(0.011432437 0.0072560221 0.016995861)
(0.01390247 0.0059221142 0.017000017)
(0.012904857 0.0069562476 0.016993891)
(0.012917682 0.0059490084 0.017999266)
(0.026099888 0.0059266167 0.016999368)
(0.028044199 0.0059676617 0.016999193)
(0.027104089 0.0069804209 0.016998042)
(0.027081451 0.0059481702 0.018000978)
(0.028596632 0.007351851 0.017003611)
(0.012025471 0.0079933604 0.016996254)
(0.011058387 0.0090142102 0.017000648)
(0.011214423 0.0080662448 0.018000564)
(0.013960067 0.0079690549 0.016998173)
(0.013002663 0.0089911371 0.016998918)
(0.012975437 0.0079714446 0.017998175)
(0.026043176 0.007978436 0.016999595)
(0.027981634 0.0080122839 0.016998085)
(0.026998971 0.008995884 0.016999619)
(0.027031257 0.0079900442 0.017998876)
(0.02894087 0.0090066685 0.016999942)
(0.028788699 0.0080796321 0.01799521)
(0.012013738 0.0099997652 0.016999728)
(0.011058442 0.010986356 0.017000129)
(0.011000051 0.010001568 0.018000297)
(0.01399283 0.0099986105 0.016999346)
(0.013002008 0.011006762 0.016999479)
(0.013004673 0.0099995843 0.017999505)
(0.026007096 0.010001792 0.016999697)
(0.027986324 0.0099983975 0.016999955)
(0.026996778 0.011009285 0.01699961)
(0.026995392 0.010001625 0.017999776)
(0.028941668 0.010985226 0.0170004)
(0.028999788 0.0099935485 0.018001267)
(0.012025143 0.01200728 0.016999777)
(0.011424589 0.012718108 0.017004837)
(0.011216662 0.011943359 0.017997529)
(0.013958609 0.01202677 0.016999284)
(0.012902699 0.013038739 0.016999755)
(0.01297437 0.012026221 0.017998915)
(0.026038325 0.012033164 0.016999071)
(0.027972412 0.012012479 0.017000309)
(0.027091328 0.013051533 0.016999778)
(0.027021348 0.012034383 0.017998696)
(0.028554093 0.01278838 0.017005588)
(0.028794003 0.011897621 0.018002621)
(0.011951719 0.0140247 0.016999539)
(0.013903299 0.014076479 0.017000144)
(0.012693554 0.015246829 0.017001329)
(0.012915024 0.014047799 0.018000854)
(0.014896465 0.015122678 0.016999546)
(0.026091234 0.014086175 0.016999366)
(0.025103923 0.015123844 0.016999084)
(0.028047196 0.014026731 0.01700217)
(0.027272897 0.015293646 0.017001257)
(0.027076171 0.01406262 0.017998759)
(0.013690599 0.016415062 0.016999559)
(0.013161609 0.015846583 0.017995659)
(0.015928618 0.016104202 0.016999301)
(0.014729978 0.017289826 0.016996728)
(0.014888098 0.016133797 0.018002051)
(0.016972867 0.017103072 0.016997175)
(0.018996639 0.01699439 0.016999926)
(0.021009493 0.016992623 0.017000162)
(0.024078093 0.016100824 0.016999846)
(0.023054351 0.017092726 0.01700011)
(0.026335706 0.016390425 0.016996124)
(0.025275804 0.017285683 0.016999298)
(0.025122364 0.016122603 0.017997542)
(0.026837746 0.01584737 0.018002759)
(0.015991883 0.018057145 0.01700185)
(0.015271886 0.017652379 0.017998096)
(0.01799967 0.017977666 0.016998987)
(0.017264659 0.018570182 0.016998805)
(0.016745125 0.018386154 0.018007485)
(0.020001547 0.017985653 0.016999984)
(0.01901223 0.018941418 0.017000243)
(0.019003486 0.01796871 0.018000236)
(0.022015175 0.017971812 0.016999675)
(0.020985157 0.018941675 0.01700004)
(0.021003058 0.017966938 0.018000133)
(0.024037818 0.01804127 0.017001023)
(0.022717585 0.018575569 0.016996647)
(0.023288808 0.018373384 0.018005357)
(0.024687527 0.017677617 0.017998556)
(0.017237917 0.0014379294 0.01899697)
(0.019008156 0.001058983 0.018999626)
(0.020987945 0.0010585988 0.018999889)
(0.022726198 0.0014270434 0.018997696)
(0.01596311 0.0019582342 0.018996402)
(0.014726772 0.0027124715 0.01900299)
(0.015291824 0.0023352234 0.01999655)
(0.018011206 0.0020175114 0.019001072)
(0.016986999 0.0028919448 0.019000209)
(0.016767303 0.0016054987 0.019998581)
(0.019998216 0.0020137819 0.019000053)
(0.018996472 0.0030044642 0.018999982)
(0.019000526 0.0020312684 0.019999933)
(0.021999307 0.0020227976 0.018999131)
(0.021003521 0.0030052977 0.019000004)
(0.020996147 0.0020309906 0.020000198)
(0.02402685 0.001952867 0.01899991)
(0.023036661 0.0029003746 0.019000332)
(0.023238746 0.0016077749 0.02000696)
(0.025253872 0.002698601 0.019001992)
(0.024735762 0.0023523775 0.019999098)
(0.013642728 0.0036297738 0.018989249)
(0.012711479 0.0047281565 0.019001461)
(0.013159223 0.0041563242 0.020000278)
(0.015924612 0.0038988478 0.018999276)
(0.014893302 0.0048788497 0.018999051)
(0.014889922 0.0038625831 0.019998268)
(0.024069846 0.0038945235 0.019000365)
(0.026307749 0.0035833904 0.01900343)
(0.025100659 0.004874924 0.019000584)
(0.025120019 0.0038727924 0.019999475)
(0.027307474 0.0047546055 0.018999289)
(0.026845284 0.0041618147 0.020001472)
(0.011946859 0.0059843925 0.018998647)
(0.011418188 0.0073029958 0.019000971)
(0.013904641 0.0059201401 0.018999421)
(0.012904309 0.0069581049 0.018999416)
(0.01292014 0.0059448562 0.020001359)
(0.026094419 0.0059207541 0.019000511)
(0.02803725 0.0059546613 0.018998061)
(0.027097558 0.0069633363 0.01900214)
(0.02707827 0.0059418992 0.020000357)
(0.02856194 0.0072374866 0.018998739)
(0.012026131 0.0079892846 0.01899868)
(0.011058435 0.0090137151 0.019000324)
(0.011215475 0.0080617303 0.019999989)
(0.013959913 0.007969637 0.018999452)
(0.0130026 0.0089914092 0.018999566)
(0.012972585 0.0079790144 0.020000471)
(0.026041769 0.0079753609 0.0190003)
(0.027974555 0.0079911092 0.019001362)
(0.026998182 0.0089943755 0.01899996)
(0.027027598 0.0079799079 0.020000592)
(0.028941363 0.0090116762 0.01899941)
(0.028785262 0.0080648919 0.019998464)
(0.012013792 0.010000514 0.018999836)
(0.011058573 0.01098768 0.018999653)
(0.011000042 0.010001295 0.019999825)
(0.013992839 0.0099994397 0.01899955)
(0.013002236 0.011007618 0.018999329)
(0.013004353 0.010000004 0.01999974)
(0.026006784 0.010002319 0.018999715)
(0.027986095 0.0099999496 0.018999868)
(0.026996238 0.011010814 0.018999478)
(0.026995327 0.01000073 0.019999778)
(0.02894155 0.010986426 0.019000532)
(0.028999972 0.009999158 0.019999731)
(0.012024835 0.0120063 0.018998609)
(0.011425659 0.012721633 0.019006443)
(0.011215255 0.011937325 0.019998726)
(0.013959024 0.012028143 0.018999114)
(0.012902897 0.013038252 0.018997682)
(0.012972685 0.012021099 0.019998848)
(0.02603789 0.01203517 0.018998847)
(0.0279711 0.012016308 0.018998948)
(0.027090186 0.013055192 0.018997637)
(0.027024892 0.012026103 0.019998754)
(0.028572968 0.01272616 0.018997577)
(0.028785492 0.011934121 0.019999426)
(0.011946395 0.01401474 0.019000848)
(0.013901034 0.014076223 0.01900022)
(0.012725275 0.015291096 0.019000383)
(0.012917647 0.014052369 0.019998666)
(0.014884826 0.015112919 0.019001219)
(0.026096488 0.014082047 0.018998273)
(0.025116472 0.015112127 0.018997248)
(0.028050411 0.014020716 0.019001129)
(0.027270932 0.015296388 0.018999119)
(0.027079417 0.014057546 0.020000975)
(0.013618726 0.016345477 0.019005394)
(0.013165535 0.015851367 0.019999641)
(0.015917929 0.016095782 0.019000873)
(0.014711591 0.01727665 0.018999596)
(0.014875923 0.016123002 0.020000574)
(0.016957641 0.017096722 0.018999195)
(0.018994386 0.016993787 0.018999914)
(0.02100826 0.016993171 0.018999912)
(0.024083314 0.016094647 0.018998586)
(0.023038544 0.017098193 0.018999719)
(0.026383868 0.016342708 0.018990598)
(0.025280831 0.017282081 0.018997346)
(0.025123546 0.016123709 0.01999856)
(0.026844898 0.015838655 0.020004133)
(0.015968512 0.018044654 0.01899971)
(0.015298598 0.017668989 0.019991881)
(0.017994714 0.017975249 0.018999868)
(0.017271867 0.018572369 0.019006468)
(0.016736721 0.018382991 0.019997566)
(0.020000778 0.017985625 0.019000043)
(0.019010102 0.018941208 0.01900015)
(0.018999583 0.01796762 0.019999533)
(0.022010722 0.017974675 0.018999373)
(0.020991797 0.018941021 0.018999636)
(0.020999739 0.01796769 0.019999767)
(0.024037549 0.018041414 0.019000478)
(0.022714668 0.018576453 0.019006207)
(0.023298726 0.01836965 0.019998947)
(0.024671602 0.01768752 0.020006596)
(0.017256136 0.0014324025 0.020999556)
(0.019009162 0.0010588839 0.020998756)
(0.02099005 0.0010588062 0.02099999)
(0.0227475 0.0014335054 0.021006209)
(0.015975555 0.001951582 0.021002588)
(0.014727985 0.0027116023 0.021001016)
(0.015247081 0.0023630464 0.021996997)
(0.017992539 0.0020255454 0.021002873)
(0.016955619 0.0029034258 0.021004575)
(0.01671407 0.0016255341 0.022004443)
(0.019997051 0.0020139981 0.021000802)
(0.018992285 0.0030060973 0.02100073)
(0.018998104 0.0020327385 0.022000149)
(0.021988938 0.0020193274 0.021001197)
(0.021001787 0.0030049221 0.021000646)
(0.020998824 0.0020320288 0.022000132)
(0.024026995 0.0019529446 0.020998286)
(0.023024052 0.0028959783 0.021003775)
(0.02327968 0.0016231815 0.021996171)
(0.025265306 0.0027067945 0.020997685)
(0.024707254 0.0023346502 0.022003368)
(0.013671269 0.0036030425 0.021001704)
(0.012708705 0.0047320285 0.020998737)
(0.013150448 0.0041670163 0.022003046)
(0.015924107 0.0038988949 0.021000776)
(0.014892619 0.0048803548 0.02100034)
(0.014877257 0.0038784713 0.022000754)
(0.024076033 0.0039006564 0.020999544)
(0.026376699 0.0036496386 0.020994591)
(0.025112063 0.0048848752 0.020998704)
(0.025121454 0.0038752388 0.021998592)
(0.027284021 0.0047218778 0.021002808)
(0.026844539 0.0041609068 0.021999387)
(0.011955463 0.0059682948 0.021000892)
(0.011425623 0.0072784862 0.020998991)
(0.013903859 0.0059205171 0.021000757)
(0.012908743 0.006945872 0.021003244)
(0.012914486 0.0059525687 0.022000898)
(0.026098214 0.0059231241 0.020999927)
(0.028050689 0.0059798042 0.021001046)
(0.027097509 0.0069635516 0.021000359)
(0.027079863 0.0059446465 0.022000146)
(0.02858035 0.0072981765 0.02100549)
(0.012029255 0.0079826195 0.021001306)
(0.011058624 0.009011797 0.020999468)
(0.011211186 0.0080801267 0.022003136)
(0.013959524 0.0079696905 0.021000956)
(0.013002544 0.0089912697 0.021000334)
(0.012971884 0.007980671 0.022001679)
(0.026041381 0.0079736316 0.021000451)
(0.027975617 0.0079955108 0.021000112)
(0.026998036 0.0089935407 0.021000106)
(0.02702846 0.0079825633 0.022001601)
(0.02894143 0.0090123594 0.020999318)
(0.028787082 0.0080726981 0.022000875)
(0.012013817 0.010000067 0.020999436)
(0.011058426 0.010986184 0.020999765)
(0.011000065 0.010001985 0.021999086)
(0.013992663 0.0099999871 0.021000024)
(0.013002488 0.011008195 0.020999881)
(0.013004304 0.01000075 0.022000037)
(0.026006919 0.010000924 0.020999907)
(0.027986237 0.0099990807 0.020999678)
(0.026996982 0.011008581 0.02099977)
(0.02699542 0.009999866 0.021999938)
(0.028941599 0.01098593 0.020999851)
(0.028999877 0.0099962555 0.021999135)
(0.01202577 0.012006221 0.020999747)
(0.011428725 0.012731741 0.021005255)
(0.011212202 0.011924229 0.02200034)
(0.013959763 0.012030048 0.021000052)
(0.012907152 0.013048703 0.021000678)
(0.012974812 0.012026686 0.022001206)
(0.026039247 0.012031691 0.02099967)
(0.027972963 0.012008229 0.021000375)
(0.027091619 0.013051942 0.021000822)
(0.02702573 0.012023573 0.021999412)
(0.028559737 0.012769776 0.02100347)
(0.028787134 0.011927079 0.021999163)
(0.011960217 0.014040599 0.021002585)
(0.013905574 0.014082258 0.021000384)
(0.012722409 0.015287096 0.020995063)
(0.012917173 0.014052837 0.021999788)
(0.01489281 0.015120409 0.021001877)
(0.026098225 0.014078854 0.020999941)
(0.025114406 0.015112748 0.020999544)
(0.028041867 0.014036701 0.021000764)
(0.027290203 0.015269496 0.020998987)
(0.027077333 0.014057817 0.02200061)
(0.01367528 0.016400715 0.021014838)
(0.013158099 0.015842306 0.022002867)
(0.01592257 0.016100577 0.021001518)
(0.014731409 0.017290851 0.021004095)
(0.014883746 0.016129017 0.021997786)
(0.016951348 0.01709505 0.020999711)
(0.018991446 0.016992772 0.020999612)
(0.021003828 0.016994146 0.021000027)
(0.0240771 0.016098206 0.02099985)
(0.023020638 0.017105313 0.021000331)
(0.026392233 0.016333776 0.020998992)
(0.025256997 0.01729916 0.02099768)
(0.025109568 0.016136521 0.022001617)
(0.026841317 0.015843018 0.02200165)
(0.015972347 0.018046703 0.021000396)
(0.015234689 0.017629248 0.021995932)
(0.017991815 0.017974428 0.020997273)
(0.017270566 0.018571974 0.020995334)
(0.016661155 0.018354551 0.022005664)
(0.019998879 0.017985673 0.020999761)
(0.019014293 0.018941621 0.020999999)
(0.018996848 0.017966558 0.021999837)
(0.021994348 0.017980019 0.021000197)
(0.020988613 0.018941335 0.021000332)
(0.020999097 0.017967766 0.02200016)
(0.024021547 0.018049967 0.021002595)
(0.022713703 0.018576746 0.020999441)
(0.023310161 0.018365347 0.022002875)
(0.024725013 0.017654307 0.022000461)
(0.017287591 0.0014228609 0.022998512)
(0.01901078 0.0010587246 0.022999827)
(0.0209913 0.0010589293 0.022999441)
(0.022694815 0.0014175234 0.023000548)
(0.01596576 0.0019568177 0.022997594)
(0.014728493 0.0027112385 0.023000601)
(0.015285359 0.0023392436 0.024005472)
(0.017986901 0.0020269982 0.023000781)
(0.016950721 0.0029055615 0.023001664)
(0.016745436 0.001613729 0.024002122)
(0.01999854 0.002014459 0.022999799)
(0.018990859 0.0030070218 0.023000321)
(0.018998756 0.0020324759 0.023999815)
(0.022005214 0.002024159 0.023001962)
(0.021005612 0.0030062544 0.023000406)
(0.021000465 0.0020325677 0.023999842)
(0.02404169 0.001960799 0.022999593)
(0.023037649 0.0029008342 0.023002514)
(0.023283898 0.0016247691 0.023997971)
(0.025268111 0.0027088046 0.023004245)
(0.024704268 0.0023327938 0.023998837)
(0.013551156 0.0037266667 0.022991221)
(0.012707947 0.0047330856 0.023000671)
(0.013162971 0.0041517562 0.024000525)
(0.015913337 0.0039092448 0.022999376)
(0.014872766 0.0049005783 0.02299856)
(0.014880915 0.0038721235 0.023997806)
(0.024073343 0.0038960511 0.022999234)
(0.026327306 0.0036017072 0.02298222)
(0.025100058 0.0048726176 0.02299676)
(0.025091666 0.0038460282 0.023999363)
(0.027279047 0.0047149367 0.022997321)
(0.026845821 0.004162469 0.024001425)
(0.011952874 0.005973138 0.023002337)
(0.01142372 0.0072847585 0.023002998)
(0.013893727 0.0059304939 0.02299979)
(0.012907155 0.0069492892 0.023000376)
(0.012922337 0.0059403919 0.023999533)
(0.026090418 0.0059137242 0.02299786)
(0.028048385 0.0059754942 0.022999053)
(0.027089827 0.006944134 0.023001017)
(0.027078775 0.0059425105 0.023999227)
(0.02857875 0.0072929033 0.022999946)
(0.012026422 0.0079929069 0.023001666)
(0.011058408 0.0090139908 0.022999104)
(0.011210707 0.0080821813 0.024000943)
(0.013958892 0.0079705156 0.02300055)
(0.013002305 0.0089923613 0.023000219)
(0.012974198 0.0079753149 0.023999833)
(0.026038604 0.0079677646 0.023000387)
(0.027971565 0.007985891 0.023002099)
(0.026996818 0.0089908896 0.023000321)
(0.027023546 0.007970958 0.024000002)
(0.028941626 0.0090143422 0.02299954)
(0.028791095 0.0080899061 0.02400121)
(0.012013714 0.010000653 0.022999607)
(0.011058592 0.010987877 0.022999277)
(0.011000041 0.010001247 0.023999766)
(0.013992417 0.010000172 0.023000181)
(0.013002081 0.011008163 0.023000161)
(0.013004261 0.010000168 0.02400001)
(0.02600667 0.0099993876 0.023000037)
(0.027986085 0.0099984966 0.022999955)
(0.026997378 0.011007457 0.022999905)
(0.026995175 0.0099993373 0.024000006)
(0.028941533 0.0109866 0.022999654)
(0.028999939 0.010001851 0.023999729)
(0.012025312 0.012009165 0.023000488)
(0.011439966 0.012768797 0.022994944)
(0.011212169 0.011924089 0.024006624)
(0.013958529 0.012028388 0.023000466)
(0.012902004 0.01303771 0.023001288)
(0.012972046 0.012019963 0.024000206)
(0.026040043 0.012029361 0.022999865)
(0.02797455 0.012007286 0.022999714)
(0.027095155 0.013042614 0.022999778)
(0.027026186 0.012022833 0.024000544)
(0.028564139 0.012755262 0.023003446)
(0.02878886 0.011919676 0.024005486)
(0.011954206 0.014029354 0.022997616)
(0.013897626 0.01407174 0.023000035)
(0.012691995 0.015244653 0.02300537)
(0.012915981 0.014048562 0.02400121)
(0.01488683 0.015113162 0.022998135)
(0.026097711 0.014078236 0.022999422)
(0.025112581 0.015114724 0.022999489)
(0.028050372 0.014020788 0.023000574)
(0.02728319 0.015279283 0.022995484)
(0.027081209 0.014053873 0.024000279)
(0.013621586 0.01634853 0.022994683)
(0.013168046 0.015854426 0.024001724)
(0.015922791 0.016099942 0.022998395)
(0.014750029 0.017304195 0.022995054)
(0.014891093 0.016137854 0.023995967)
(0.016951564 0.017095527 0.023000618)
(0.018991377 0.016992862 0.023000086)
(0.021004861 0.016993792 0.023000159)
(0.024078777 0.016097762 0.022999993)
(0.02303585 0.017099351 0.023000809)
(0.026397593 0.016328053 0.022996841)
(0.025265174 0.0172933 0.022998715)
(0.025108721 0.01613771 0.02400015)
(0.026844653 0.015838953 0.023999841)
(0.015975312 0.018048288 0.022999957)
(0.015301883 0.017671032 0.024000903)
(0.017991529 0.017973954 0.023001342)
(0.017330669 0.018590206 0.023014955)
(0.016769872 0.018395468 0.023993382)
(0.020001319 0.017985554 0.023000162)
(0.019011009 0.018941298 0.022999735)
(0.01900015 0.017967804 0.023999973)
(0.021990791 0.017979508 0.022999926)
(0.020994086 0.018940796 0.023000194)
(0.021000191 0.01796769 0.024000211)
(0.024033516 0.01804357 0.023000434)
(0.022737099 0.018569649 0.023003947)
(0.023294299 0.018371317 0.024006919)
(0.02473161 0.017650205 0.02400217)
(0.017253639 0.0014331602 0.025005387)
(0.019010866 0.0010587161 0.024999475)
(0.020981832 0.0010579968 0.025001058)
(0.022652672 0.0014047395 0.024999105)
(0.01597144 0.0019537818 0.024999721)
(0.014718034 0.0027187331 0.02499666)
(0.015265278 0.002351731 0.02599506)
(0.017994713 0.0020245067 0.024998959)
(0.016957751 0.0029027876 0.024998772)
(0.016678518 0.001638915 0.025998522)
(0.019998002 0.0020144709 0.02499952)
(0.018991891 0.0030069057 0.024999664)
(0.018998518 0.0020330282 0.025999573)
(0.022009389 0.0020255267 0.025002059)
(0.021006001 0.0030066461 0.02500038)
(0.020998448 0.0020322887 0.02599989)
(0.024030381 0.0019547542 0.024999878)
(0.023043352 0.0029030405 0.025002404)
(0.023254148 0.001613572 0.025996144)
(0.02527413 0.0027131173 0.024999925)
(0.024761285 0.0023682488 0.02599771)
(0.013682278 0.0035927311 0.024991988)
(0.012714954 0.0047233083 0.025004884)
(0.013147594 0.0041704935 0.025999772)
(0.015922888 0.0038987873 0.024998461)
(0.014895154 0.0048765035 0.024998473)
(0.014891001 0.0038626775 0.025999498)
(0.024073453 0.0038954953 0.024999946)
(0.02632396 0.0035985734 0.02500097)
(0.02510005 0.004872953 0.024999126)
(0.025115015 0.0038668163 0.025998124)
(0.027297827 0.0047411434 0.024997177)
(0.026846141 0.0041628589 0.02600331)
(0.011945569 0.0059868047 0.024996024)
(0.011440007 0.007231067 0.025001081)
(0.013907291 0.005915887 0.025000086)
(0.012911636 0.0069393113 0.0250021)
(0.01292086 0.0059438218 0.026000273)
(0.026092461 0.005917549 0.024999015)
(0.028042721 0.0059648968 0.02499926)
(0.027096207 0.0069599501 0.025000032)
(0.027085375 0.0059521621 0.025999498)
(0.028554333 0.0072124098 0.024997027)
(0.01202877 0.0079874979 0.024999991)
(0.01105836 0.0090144793 0.024999211)
(0.011201899 0.0081199561 0.026003869)
(0.013960694 0.0079680406 0.025000908)
(0.013002817 0.0089916778 0.02500035)
(0.012972591 0.0079813777 0.026002598)
(0.026039269 0.0079691376 0.024999977)
(0.027975624 0.0079964644 0.024999974)
(0.02699729 0.0089917614 0.025000032)
(0.0270262 0.0079762022 0.026000395)
(0.028941615 0.0090142354 0.024999725)
(0.028789287 0.0080821535 0.026001812)
(0.012013791 0.0099999799 0.024999676)
(0.011058438 0.010986311 0.024999585)
(0.011000028 0.010000863 0.025999342)
(0.013992727 0.010000341 0.025000331)
(0.013002363 0.011008494 0.02500029)
(0.013004508 0.010001241 0.026000329)
(0.026007004 0.0099989962 0.025000005)
(0.027986262 0.010000493 0.025000005)
(0.026997747 0.011007048 0.024999783)
(0.026995742 0.0099994475 0.026000107)
(0.02894147 0.01098724 0.024999738)
(0.028999896 0.010003162 0.026000316)
(0.012026048 0.012009037 0.025001418)
(0.011435422 0.012753819 0.025001609)
(0.011211387 0.011920736 0.026000612)
(0.013959226 0.012030097 0.025000541)
(0.012904815 0.013044689 0.025001222)
(0.012975098 0.012027715 0.026000742)
(0.026040673 0.012027875 0.024999745)
(0.027974932 0.012005731 0.0249976)
(0.027096216 0.013039711 0.024997991)
(0.0270267 0.012021585 0.026000446)
(0.028574054 0.012722578 0.024998538)
(0.028790576 0.011912317 0.026001801)
(0.011950722 0.014022835 0.025001607)
(0.013901001 0.014076282 0.025000423)
(0.012708617 0.015267849 0.025005522)
(0.01291399 0.014048032 0.026001997)
(0.014888247 0.015115977 0.024998574)
(0.026095855 0.01407938 0.025000454)
(0.025108546 0.015119422 0.02500136)
(0.028053411 0.014015104 0.024997574)
(0.027284693 0.015277185 0.025001594)
(0.027079514 0.014056017 0.025999329)
(0.013647429 0.016374629 0.024990993)
(0.013174741 0.015862585 0.026001532)
(0.015919715 0.016098255 0.024999193)
(0.014713797 0.017278231 0.025003022)
(0.014881573 0.016127417 0.026000838)
(0.016944882 0.017092262 0.025000408)
(0.018991138 0.01699271 0.024999706)
(0.021005799 0.016993586 0.024999504)
(0.024078604 0.016099225 0.025000391)
(0.023043804 0.017096302 0.024997486)
(0.02636059 0.016367119 0.025009552)
(0.025277786 0.017284263 0.024999964)
(0.025109738 0.016137524 0.025999049)
(0.026836641 0.015848716 0.025998483)
(0.015977123 0.018049256 0.024999082)
(0.015308488 0.017675139 0.025987275)
(0.017983381 0.017971152 0.025000684)
(0.017324123 0.018588221 0.024999764)
(0.016724642 0.018378445 0.0259856)
(0.02000014 0.017985525 0.02500007)
(0.019012599 0.018941454 0.024999877)
(0.018999195 0.017967334 0.025999475)
(0.022006625 0.01797487 0.024997958)
(0.020988753 0.018941321 0.025000505)
(0.0209975 0.017968511 0.025999389)
(0.024033642 0.018043502 0.02500099)
(0.022709155 0.018578126 0.024998851)
(0.023241943 0.018391022 0.025999182)
(0.024711748 0.017662556 0.026001364)
(0.017283608 0.001424069 0.02700415)
(0.019007181 0.001059079 0.026999782)
(0.020986196 0.0010584266 0.026999558)
(0.022713866 0.0014233027 0.027006069)
(0.015978882 0.0019498038 0.027002019)
(0.014711734 0.0027232477 0.026995487)
(0.015265218 0.0023517683 0.027994909)
(0.018004479 0.0020220798 0.027000584)
(0.016957169 0.0029031135 0.027000602)
(0.016726481 0.0016208632 0.028000778)
(0.019997452 0.0020145898 0.026999674)
(0.018992361 0.0030070016 0.026999945)
(0.018999265 0.0020326847 0.028000004)
(0.022013602 0.0020275806 0.027001416)
(0.021007624 0.003007294 0.027000094)
(0.020999636 0.0020327106 0.027999943)
(0.024028947 0.0019539879 0.026999856)
(0.0230529 0.0029068786 0.027000748)
(0.023265122 0.0016177022 0.028000208)
(0.025283612 0.0027199124 0.027002974)
(0.024691404 0.0023247943 0.027995815)
(0.013618573 0.0036546866 0.026999889)
(0.012729563 0.0047029204 0.026996005)
(0.013155176 0.0041612549 0.028003368)
(0.015918493 0.0039025958 0.0269998)
(0.014887964 0.0048826774 0.026999905)
(0.014886647 0.0038658833 0.028003262)
(0.024076658 0.0038976687 0.026999728)
(0.026307954 0.0035835826 0.02699673)
(0.025102762 0.0048754246 0.02699896)
(0.025108057 0.0038604982 0.02799789)
(0.027299855 0.0047439735 0.026997269)
(0.026841418 0.0041571036 0.028002038)
(0.011945607 0.0059867335 0.027001876)
(0.011431802 0.0072581148 0.027000347)
(0.013904365 0.0059196121 0.027000612)
(0.012903732 0.006961102 0.027005921)
(0.012918264 0.0059482787 0.027999974)
(0.026094803 0.0059210578 0.026999648)
(0.028050811 0.0059800328 0.027004032)
(0.027097634 0.0069623024 0.027002031)
(0.027083517 0.0059493923 0.028000789)
(0.028586439 0.0073182496 0.027001403)
(0.012025705 0.007991096 0.02700501)
(0.011058597 0.0090120789 0.026999292)
(0.011209989 0.0080852603 0.028000499)
(0.013959338 0.007972239 0.027001873)
(0.013002138 0.0089933953 0.027001077)
(0.012972452 0.0079806534 0.028000749)
(0.026040268 0.007969803 0.027000289)
(0.0279738 0.0079879716 0.027001374)
(0.026997701 0.0089909638 0.027000261)
(0.027025475 0.0079739109 0.027999465)
(0.028941391 0.0090119548 0.027000049)
(0.02879075 0.0080884287 0.028001483)
(0.012013938 0.0099999841 0.027000003)
(0.011058343 0.010985342 0.026999931)
(0.011000105 0.0099967922 0.027999728)
(0.013993005 0.010001538 0.027000513)
(0.013003759 0.011011544 0.027000338)
(0.013004468 0.010000237 0.028000166)
(0.026007926 0.0099975075 0.027000104)
(0.027986541 0.010001047 0.02700008)
(0.026999577 0.011002938 0.027000015)
(0.026996358 0.0099975935 0.028000097)
(0.02894115 0.010990489 0.026999843)
(0.028999924 0.010002294 0.027999718)
(0.012033777 0.01202531 0.027000386)
(0.011441343 0.012773338 0.027001686)
(0.011208577 0.011908684 0.027998756)
(0.013961654 0.01203645 0.027000626)
(0.012918551 0.013080489 0.02700113)
(0.012973374 0.012022403 0.028000539)
(0.026043735 0.012020306 0.026999951)
(0.027981748 0.011988138 0.026999722)
(0.027104913 0.013016201 0.026999858)
(0.027032136 0.012008021 0.027999646)
(0.028569445 0.012737772 0.026994383)
(0.028787002 0.011927646 0.027996972)
(0.011958241 0.014036903 0.027001187)
(0.013901251 0.014079768 0.027001325)
(0.012718104 0.015281088 0.027005744)
(0.012916424 0.014051725 0.028000987)
(0.014886338 0.015113402 0.027000666)
(0.026098754 0.014075231 0.026998777)
(0.025114795 0.015113378 0.026999141)
(0.028045594 0.014029727 0.026998523)
(0.027281395 0.015281788 0.026993868)
(0.02708064 0.014052968 0.027999851)
(0.013617343 0.016344 0.02700289)
(0.013154924 0.015838438 0.027999677)
(0.015921607 0.01609869 0.02700005)
(0.014747856 0.017302637 0.027004196)
(0.014888071 0.016134188 0.027996389)
(0.016948914 0.017094214 0.026996096)
(0.018992274 0.01699301 0.026999384)
(0.021005565 0.016993571 0.026999033)
(0.024081879 0.016095993 0.026999482)
(0.023035728 0.01709926 0.026997195)
(0.026390558 0.016335564 0.026997705)
(0.025277632 0.017284373 0.02700066)
(0.025119482 0.016128501 0.028000522)
(0.026838208 0.015846807 0.027997907)
(0.015971072 0.018046022 0.026996719)
(0.015288915 0.017662968 0.028006531)
(0.017990882 0.017973317 0.026997822)
(0.017243774 0.018563847 0.026998982)
(0.016725898 0.018378918 0.028002776)
(0.019999486 0.017985651 0.026999975)
(0.019013907 0.018941583 0.027000217)
(0.01900067 0.017967738 0.028000348)
(0.022001244 0.017977229 0.026996044)
(0.02098737 0.018941457 0.0270003)
(0.021000848 0.017967097 0.02799946)
(0.024034863 0.01804285 0.02700042)
(0.022731083 0.018571474 0.027002792)
(0.023309319 0.018365663 0.027996347)
(0.024674807 0.017685527 0.028000721)
(0.017298456 0.001419565 0.029002505)
(0.019009403 0.0010588602 0.029000337)
(0.020984975 0.0010583063 0.028999639)
(0.022724015 0.0014263812 0.028998853)
(0.015979636 0.0019494006 0.029000552)
(0.014722872 0.0027152659 0.029002193)
(0.015322581 0.0023160977 0.029994071)
(0.017979956 0.0020298814 0.02900081)
(0.016940066 0.0029093141 0.029000713)
(0.016699628 0.00163097 0.029999908)
(0.01999903 0.0020149926 0.029000063)
(0.018989866 0.003008114 0.028999991)
(0.018997829 0.0020332733 0.029999619)
(0.022017901 0.0020297669 0.029001379)
(0.021010502 0.0030084667 0.028999832)
(0.021003492 0.0020340854 0.02999929)
(0.024030887 0.0019550251 0.029000055)
(0.023062617 0.0029105499 0.028999139)
(0.023347529 0.0016487182 0.029991139)
(0.025285507 0.0027212699 0.02899611)
(0.024716755 0.0023405582 0.030001676)
(0.013631856 0.0036405044 0.029009006)
(0.012714959 0.004723301 0.029005549)
(0.013155097 0.0041613513 0.029999862)
(0.0159194 0.0039011689 0.029001716)
(0.01488982 0.0048813472 0.029002777)
(0.014891665 0.0038612195 0.030002742)
(0.024084363 0.0039045441 0.02900025)
(0.026400477 0.0036750259 0.029015543)
(0.025116419 0.0048886867 0.029001844)
(0.025108265 0.0038640122 0.03000032)
(0.027295677 0.004738143 0.028997285)
(0.026832274 0.004145962 0.029999704)
(0.011954185 0.005970685 0.028999781)
(0.011436918 0.0072412492 0.028994389)
(0.013904277 0.0059202981 0.029001213)
(0.012898886 0.0069736864 0.028998569)
(0.012922083 0.0059409674 0.029997451)
(0.02610033 0.0059248984 0.02900122)
(0.028043588 0.0059665199 0.029001012)
(0.027095666 0.0069573818 0.028998543)
(0.02708101 0.0059453442 0.030001358)
(0.028576647 0.0072859708 0.029000183)
(0.01202133 0.0080024675 0.028998639)
(0.011058618 0.0090118596 0.028999592)
(0.011218622 0.0080482369 0.03000121)
(0.013959255 0.0079723191 0.028999808)
(0.013002117 0.0089929192 0.028999759)
(0.012975944 0.0079705129 0.02999857)
(0.026040452 0.0079691151 0.029000014)
(0.027973439 0.007988677 0.02899881)
(0.026997748 0.0089901861 0.029000105)
(0.027026344 0.0079760955 0.030001011)
(0.028941288 0.0090109158 0.029000502)
(0.028789335 0.0080823613 0.030002015)
(0.012013738 0.0099991879 0.028999859)
(0.011058551 0.010987455 0.029000021)
(0.011000045 0.0099986186 0.029999715)
(0.01399307 0.010000236 0.029000126)
(0.013002746 0.011008359 0.029000178)
(0.013005131 0.0099989511 0.029999993)
(0.026008126 0.0099966908 0.029000251)
(0.02798657 0.0099981757 0.029000547)
(0.026999568 0.011002563 0.029000452)
(0.026996146 0.0099979027 0.030000357)
(0.028941169 0.010990291 0.029000317)
(0.028999933 0.01000203 0.030000336)
(0.012026111 0.012007104 0.029000637)
(0.011412318 0.012677655 0.028998623)
(0.011213492 0.011929764 0.030002101)
(0.013959821 0.012031042 0.029000303)
(0.012906588 0.013048728 0.028998979)
(0.012974787 0.012026321 0.030000602)
(0.026043809 0.012020334 0.029000623)
(0.027978888 0.011993192 0.029001701)
(0.027099661 0.013030424 0.029001425)
(0.027030135 0.01201303 0.030001116)
(0.028574939 0.012719662 0.028999547)
(0.028788622 0.0119207 0.030003313)
(0.011950122 0.014021713 0.028998854)
(0.013900267 0.014076595 0.02900053)
(0.012711416 0.015271755 0.028995659)
(0.012919515 0.014056677 0.029999698)
(0.014885802 0.015113188 0.02900192)
(0.026097857 0.014076707 0.02900174)
(0.025114811 0.015114169 0.029001705)
(0.028046768 0.014027532 0.029000295)
(0.027279142 0.015284931 0.029006327)
(0.027079058 0.014056833 0.030002318)
(0.013630874 0.016358447 0.029014331)
(0.013155573 0.015839229 0.029999626)
(0.015921918 0.016098437 0.029001415)
(0.014728908 0.017289059 0.028996676)
(0.014875105 0.016121614 0.0300041)
(0.016965913 0.017100363 0.029003135)
(0.018996011 0.016993947 0.029000612)
(0.021008925 0.016992461 0.02899985)
(0.024083803 0.016095491 0.029000959)
(0.023057063 0.017091224 0.029000538)
(0.026353872 0.016373411 0.029002339)
(0.025283107 0.01728045 0.029005131)
(0.025134434 0.016113934 0.030000684)
(0.026833343 0.015852735 0.029998687)
(0.015982626 0.018052197 0.029002499)
(0.015288814 0.017662905 0.029993271)
(0.018006016 0.017978549 0.02900219)
(0.017286109 0.018576689 0.028989497)
(0.016742543 0.018385183 0.030001569)
(0.020001343 0.017985638 0.0290003)
(0.019014436 0.018941635 0.029000836)
(0.019001996 0.017968161 0.030000314)
(0.022012128 0.017972449 0.02899876)
(0.020983273 0.018941861 0.028999877)
(0.021000579 0.017967326 0.030000345)
(0.024022483 0.018049467 0.028998844)
(0.022668933 0.018590327 0.029001258)
(0.023279939 0.018376721 0.030001536)
(0.024735415 0.017647839 0.030006415)
(0.017227485 0.0014410939 0.03100275)
(0.019011575 0.0010586463 0.030999699)
(0.020984674 0.0010582767 0.030999538)
(0.022703231 0.0014200765 0.031003712)
(0.015975528 0.0019515962 0.030998997)
(0.014739848 0.0027031013 0.031003795)
(0.015296381 0.0023323897 0.032001962)
(0.017992194 0.0020264246 0.030995854)
(0.016949039 0.0029059023 0.030994211)
(0.016796729 0.0015944235 0.032006285)
(0.019999431 0.0020147461 0.030999447)
(0.018993485 0.0030069507 0.03099912)
(0.01900439 0.0020308756 0.032000084)
(0.022014427 0.0020280457 0.030999113)
(0.021010473 0.0030082431 0.030999535)
(0.021000964 0.0020332245 0.031999892)
(0.024028379 0.0019536842 0.030999902)
(0.023052879 0.0029060466 0.030999932)
(0.023294098 0.0016286079 0.032000339)
(0.025253747 0.0026985109 0.031005251)
(0.024681097 0.0023183851 0.032000386)
(0.013613963 0.0036596093 0.030997294)
(0.012711422 0.0047282361 0.030999263)
(0.01316206 0.0041528666 0.031998562)
(0.015920063 0.0039018129 0.031000125)
(0.014887012 0.0048847872 0.031000452)
(0.014874382 0.0038762244 0.031999845)
(0.024074452 0.0038958288 0.031000591)
(0.026311702 0.0035870925 0.030998039)
(0.025100151 0.0048717833 0.031000555)
(0.025119784 0.0038714815 0.032000661)
(0.027266571 0.0046975264 0.031001961)
(0.026841873 0.0041576584 0.03199989)
(0.011949007 0.005980374 0.031001327)
(0.011422326 0.0072893533 0.030998663)
(0.013903546 0.0059180911 0.031000033)
(0.012920071 0.0069164642 0.031000453)
(0.012919802 0.0059440418 0.032001904)
(0.026089356 0.0059114574 0.03100052)
(0.028048837 0.0059763391 0.030999151)
(0.02709065 0.0069466722 0.031000253)
(0.027075585 0.0059379674 0.032000468)
(0.028566047 0.0072510264 0.031000409)
(0.012035529 0.0079681326 0.031001339)
(0.011058513 0.0090129249 0.031000078)
(0.011212214 0.0080757193 0.032000651)
(0.01396351 0.007960875 0.030999977)
(0.013004967 0.0089861453 0.031000081)
(0.012976829 0.0079687513 0.032000186)
(0.026039056 0.0079670135 0.031000411)
(0.027971452 0.0079848252 0.030999723)
(0.026997142 0.0089898318 0.031000246)
(0.027025389 0.007975214 0.032000648)
(0.028941283 0.0090108576 0.031000336)
(0.028795081 0.0081070045 0.031995967)
(0.012014384 0.0099985179 0.030999945)
(0.011058598 0.01098794 0.031000128)
(0.011000033 0.0099989879 0.032000419)
(0.013993935 0.009998554 0.031000214)
(0.013003213 0.011008421 0.031000487)
(0.013005295 0.0099989769 0.032000293)
(0.026007612 0.0099976846 0.031000107)
(0.027986295 0.0099994927 0.031000144)
(0.026998607 0.011005265 0.030999967)
(0.026995608 0.0099989062 0.031999912)
(0.028941166 0.010990326 0.030999652)
(0.028999895 0.0099968101 0.03200041)
(0.012026266 0.012008737 0.031001902)
(0.011417571 0.012694972 0.030993758)
(0.01121165 0.011921861 0.032003344)
(0.013960321 0.012031536 0.031000756)
(0.012906974 0.013049105 0.031001453)
(0.012975016 0.012026091 0.032000588)
(0.026042934 0.012023937 0.030999951)
(0.027976576 0.012002308 0.030999769)
(0.027098431 0.013035603 0.030999741)
(0.027027724 0.0120204 0.031998381)
(0.028569367 0.01273803 0.0309964)
(0.028786267 0.011930796 0.032002805)
(0.011963412 0.014046577 0.03100121)
(0.013901142 0.014078268 0.031001322)
(0.012698716 0.015254033 0.030999571)
(0.012924207 0.014062255 0.03199977)
(0.014884495 0.015112459 0.031003014)
(0.026103337 0.014071052 0.031001653)
(0.025118845 0.015108034 0.031001086)
(0.028040731 0.014038825 0.030998367)
(0.027303239 0.015251304 0.031009123)
(0.027082041 0.014053403 0.031999749)
(0.013632572 0.016360261 0.031005714)
(0.01315204 0.015834923 0.031999519)
(0.015918341 0.016096673 0.03100218)
(0.014718782 0.017281803 0.03100412)
(0.014884669 0.016130897 0.032004747)
(0.01694975 0.017094067 0.03099791)
(0.018992649 0.01699307 0.031000203)
(0.021007103 0.016993217 0.031000335)
(0.024080283 0.016096421 0.030999953)
(0.023038866 0.017098529 0.031001195)
(0.026377507 0.0163495 0.031001786)
(0.025246095 0.017306972 0.030996211)
(0.025127574 0.016119838 0.032000226)
(0.026826416 0.015861175 0.032000273)
(0.015973592 0.018047369 0.030999899)
(0.015291671 0.017664682 0.032001809)
(0.017988626 0.01797292 0.030998369)
(0.017245811 0.018564465 0.031003148)
(0.01671052 0.01837313 0.03201322)
(0.020000446 0.017985523 0.031000175)
(0.019012086 0.018941404 0.031000292)
(0.018998263 0.017967249 0.032000726)
(0.022008474 0.017974808 0.031000376)
(0.020987032 0.018941491 0.030999934)
(0.020999158 0.017967781 0.032000141)
(0.024024262 0.018048516 0.030999223)
(0.022792164 0.018552945 0.030999293)
(0.023251362 0.018387477 0.032001627)
(0.024682824 0.017680541 0.032007157)
(0.017258539 0.0014316737 0.032994365)
(0.019010182 0.0010587834 0.033000594)
(0.020987391 0.0010585443 0.032999916)
(0.022643245 0.0014018801 0.0329976)
(0.015949718 0.0019653924 0.032997652)
(0.014739373 0.0027034418 0.032999324)
(0.015295026 0.0023332322 0.0339867)
(0.017997428 0.0020246704 0.033002031)
(0.016952956 0.0029046618 0.033003047)
(0.016711597 0.0016264651 0.03399842)
(0.020000255 0.0020145549 0.033000008)
(0.018994718 0.0030065414 0.03300049)
(0.019000388 0.0020326873 0.034000462)
(0.022009136 0.0020259516 0.033000221)
(0.021009642 0.0030078871 0.032999919)
(0.021000326 0.0020332794 0.033999901)
(0.024013999 0.0019459982 0.032999872)
(0.023049897 0.0029054643 0.032999503)
(0.023332423 0.0016430325 0.033993952)
(0.02527585 0.0027143498 0.0329985)
(0.024760779 0.0023679339 0.03399395)
(0.013654053 0.0036191661 0.033000573)
(0.012704455 0.0047379595 0.033004082)
(0.013158996 0.0041566008 0.034000861)
(0.015921707 0.0038999341 0.033000085)
(0.014891402 0.0048810564 0.033000414)
(0.014892334 0.0038620826 0.033999303)
(0.024080289 0.0039011635 0.03299906)
(0.026347381 0.0036205096 0.032989075)
(0.025112101 0.0048837491 0.032998319)
(0.025123659 0.0038763534 0.034000304)
(0.027307851 0.0047551327 0.032998518)
(0.026843736 0.0041599276 0.033995608)
(0.011950317 0.0059779225 0.033001889)
(0.011428186 0.0072700375 0.03299482)
(0.013902589 0.0059224283 0.033001095)
(0.012906278 0.0069525159 0.033001947)
(0.012916154 0.0059516248 0.033999437)
(0.026097926 0.0059222553 0.032998858)
(0.028039242 0.0059583881 0.032997523)
(0.027097279 0.006961887 0.032998534)
(0.027080586 0.0059458421 0.0340001)
(0.028566101 0.0072512045 0.032998525)
(0.012029439 0.0079795223 0.033000581)
(0.01105876 0.0090104224 0.032999647)
(0.01121357 0.0080699004 0.03399935)
(0.013960152 0.0079696697 0.033000365)
(0.013003075 0.0089908655 0.033000231)
(0.01297042 0.007985118 0.033999828)
(0.026040721 0.0079708312 0.032999753)
(0.027974762 0.0079912864 0.032998511)
(0.026997587 0.0089917148 0.032999699)
(0.02702742 0.0079794761 0.033999562)
(0.028940995 0.0090079415 0.032999713)
(0.028788375 0.0080782413 0.033995613)
(0.012013996 0.010001065 0.033000359)
(0.011058286 0.010984771 0.033000027)
(0.011000011 0.0099996664 0.034000415)
(0.013993251 0.010000371 0.033000332)
(0.013002765 0.011008016 0.03300052)
(0.013004234 0.010001396 0.034000295)
(0.026007158 0.0099999322 0.032999734)
(0.027986122 0.010000449 0.03299986)
(0.026997404 0.011008664 0.032999224)
(0.026995195 0.010000902 0.033999878)
(0.028941232 0.01098966 0.03300054)
(0.028999916 0.0099974652 0.034000658)
(0.012025756 0.012007231 0.033000875)
(0.011415943 0.012689605 0.032993462)
(0.011211676 0.011921972 0.033997809)
(0.013960105 0.012030786 0.033000732)
(0.012905571 0.013044523 0.033001492)
(0.012973603 0.012022949 0.034000836)
(0.026040995 0.012029395 0.032998668)
(0.027974128 0.012008419 0.032995411)
(0.027095131 0.013044373 0.032994214)
(0.027024383 0.012029292 0.034000477)
(0.028593767 0.012657593 0.033000793)
(0.028780775 0.01195435 0.03399762)
(0.011949851 0.014021206 0.032999892)
(0.013904598 0.014081486 0.033000313)
(0.012718517 0.015281665 0.032999392)
(0.012919004 0.014054636 0.03400058)
(0.014892886 0.015120821 0.033000716)
(0.026103873 0.014071806 0.032998716)
(0.025122976 0.015104162 0.032999971)
(0.028046218 0.014028561 0.032996922)
(0.027297711 0.015259018 0.032996953)
(0.027075648 0.014062719 0.034000454)
(0.013644367 0.016371762 0.032998564)
(0.013154407 0.015837807 0.033998961)
(0.015924637 0.016102112 0.033000793)
(0.014754297 0.017307253 0.033001696)
(0.014888223 0.01613429 0.033999679)
(0.016961448 0.017099183 0.032999862)
(0.018992177 0.016993312 0.033000566)
(0.021006845 0.016992758 0.033000388)
(0.024084501 0.016093064 0.033000567)
(0.023060697 0.017090152 0.033001265)
(0.026407867 0.016317084 0.032994735)
(0.025276779 0.017284984 0.033001924)
(0.025118743 0.016125755 0.034003949)
(0.026842509 0.015841566 0.033996631)
(0.015962983 0.018041698 0.032998898)
(0.015330982 0.017689127 0.033983415)
(0.018000552 0.017977094 0.033001204)
(0.017246136 0.018564563 0.032989528)
(0.016710585 0.018373155 0.034003614)
(0.019997566 0.017985479 0.03300003)
(0.019009741 0.018941173 0.032999853)
(0.018997378 0.017967089 0.034000535)
(0.022016678 0.017970601 0.033000399)
(0.020982748 0.018941913 0.032999714)
(0.020996568 0.017968117 0.034000258)
(0.024019512 0.018051055 0.033000303)
(0.022720958 0.018574545 0.033000918)
(0.023255437 0.018385943 0.0340027)
(0.024739496 0.017645301 0.034001543)
(0.017288893 0.0014224657 0.034995444)
(0.019013171 0.0010584891 0.035000652)
(0.020986972 0.0010585031 0.034999985)
(0.022743546 0.0014323061 0.034998369)
(0.015968006 0.0019556168 0.03499971)
(0.01473906 0.0027036661 0.034998869)
(0.015300856 0.002329607 0.035996274)
(0.017989523 0.0020263936 0.035001095)
(0.016950895 0.0029051124 0.035001088)
(0.016654669 0.0016478913 0.035997529)
(0.020001266 0.0020148598 0.035000443)
(0.018992015 0.0030077152 0.035000304)
(0.018998827 0.002033508 0.036000064)
(0.0220162 0.0020293664 0.035000494)
(0.02101019 0.0030082099 0.035000077)
(0.020999193 0.0020329206 0.036000007)
(0.024012624 0.0019452629 0.034998856)
(0.023058813 0.0029081888 0.035000059)
(0.023290371 0.0016272055 0.036002501)
(0.025243133 0.0026909053 0.034999563)
(0.024741547 0.0023559753 0.035997828)
(0.013635035 0.0036371104 0.035010212)
(0.01269913 0.0047453906 0.034998085)
(0.013166231 0.0041477846 0.036000038)
(0.015920671 0.0039010828 0.035000431)
(0.014887206 0.0048858633 0.03500083)
(0.014875112 0.0038783457 0.035998089)
(0.02407815 0.0039004491 0.035000386)
(0.026389664 0.0036634808 0.035012492)
(0.025114721 0.004887503 0.035002011)
(0.025107945 0.0038626352 0.035997162)
(0.027296838 0.0047397634 0.035006457)
(0.026842234 0.0041580983 0.036001357)
(0.011944961 0.0059879428 0.035000391)
(0.011433152 0.0072536664 0.035003955)
(0.013897334 0.0059313378 0.034999967)
(0.012896432 0.006977673 0.034997577)
(0.012914689 0.0059543125 0.036000414)
(0.026101765 0.0059269668 0.035001474)
(0.028050207 0.0059789016 0.034998962)
(0.027093676 0.0069516557 0.035000833)
(0.027084117 0.0059493544 0.035998734)
(0.028571923 0.0072703976 0.035012178)
(0.012020053 0.0080087218 0.034998279)
(0.011058654 0.0090114975 0.035000237)
(0.011204347 0.0081094578 0.035998974)
(0.01395594 0.0079808731 0.034999218)
(0.013000537 0.0089981617 0.034999639)
(0.01296778 0.0079932408 0.035998454)
(0.026040698 0.0079707445 0.035000016)
(0.027973838 0.0079926314 0.034998836)
(0.026997199 0.0089922475 0.034999764)
(0.027025216 0.0079736581 0.036000006)
(0.028941362 0.0090116662 0.034999532)
(0.028785182 0.0080645501 0.035998505)
(0.012013396 0.010001387 0.035000306)
(0.011058467 0.010986605 0.03499961)
(0.011000034 0.010001037 0.036000408)
(0.013992336 0.010003293 0.035000187)
(0.013002474 0.011009004 0.035000664)
(0.013003987 0.010003288 0.03600015)
(0.02600653 0.010001718 0.034999881)
(0.027985902 0.010001171 0.034999713)
(0.02699635 0.011011224 0.03499991)
(0.026994679 0.010001934 0.035999904)
(0.028941376 0.010988195 0.035000766)
(0.028999971 0.010000864 0.035999842)
(0.012025307 0.012003561 0.035001567)
(0.011423541 0.012714653 0.034994008)
(0.011203585 0.011887274 0.036002846)
(0.013960092 0.012031473 0.035001029)
(0.012906335 0.013047758 0.035001799)
(0.012975231 0.012026993 0.036002477)
(0.026038711 0.012034358 0.034999892)
(0.027973061 0.012010142 0.034998886)
(0.027093081 0.013050079 0.035000003)
(0.027021956 0.012034674 0.035999633)
(0.028573805 0.0127234 0.035002966)
(0.028787486 0.011925569 0.036001471)
(0.011948728 0.014019104 0.034996318)
(0.01390107 0.014077459 0.034999271)
(0.012713269 0.01527434 0.034999941)
(0.012918 0.014053613 0.035999729)
(0.014886861 0.01511484 0.034998155)
(0.026099804 0.014076411 0.035000044)
(0.02511101 0.015115355 0.035001142)
(0.02804882 0.014023693 0.035002676)
(0.027309509 0.015242554 0.034996223)
(0.027078184 0.014060688 0.035999116)
(0.013621251 0.016348172 0.034997252)
(0.013157952 0.015842127 0.036001519)
(0.015920045 0.016098564 0.034998828)
(0.014739313 0.017296516 0.034995264)
(0.014878953 0.016126484 0.035995629)
(0.016940992 0.017091263 0.035000261)
(0.018989081 0.016992322 0.035000443)
(0.021005016 0.016993302 0.035000451)
(0.024073933 0.016101929 0.03500126)
(0.023044517 0.017097182 0.035002051)
(0.026371127 0.016356311 0.035006673)
(0.025246428 0.017306734 0.034999766)
(0.025105367 0.016140645 0.035999484)
(0.026838647 0.015846272 0.03599974)
(0.015972539 0.018046806 0.034998857)
(0.015285288 0.017660713 0.036002446)
(0.017980647 0.017970539 0.035002047)
(0.017323991 0.018588181 0.034998957)
(0.016723823 0.018378137 0.035995512)
(0.019995885 0.017985374 0.034999906)
(0.019008139 0.018941015 0.035000054)
(0.018998985 0.01796761 0.035999867)
(0.022002826 0.017975364 0.035000577)
(0.020985013 0.01894169 0.035000113)
(0.0209988 0.01796714 0.036000223)
(0.024010484 0.018055881 0.035000485)
(0.022741916 0.018568188 0.035005972)
(0.023307442 0.01836637 0.036003681)
(0.024731469 0.017650292 0.035998049)
(0.017243798 0.0014361453 0.037000927)
(0.019017252 0.0010580871 0.037000751)
(0.020989201 0.0010587226 0.037000052)
(0.022724857 0.0014266366 0.03699718)
(0.015975298 0.0019517193 0.036998639)
(0.014712395 0.0027227736 0.037002037)
(0.015251079 0.0023605607 0.038000276)
(0.017990682 0.0020259452 0.036995255)
(0.016956521 0.0029032639 0.036993609)
(0.016712598 0.0016260881 0.038008955)
(0.020001392 0.0020146987 0.036999931)
(0.018993332 0.0030073354 0.036999356)
(0.019002415 0.0020323008 0.038000433)
(0.022012078 0.0020265026 0.036998951)
(0.021009757 0.003007844 0.036999905)
(0.021002621 0.0020334434 0.03800004)
(0.024015177 0.0019466277 0.03700167)
(0.02304651 0.0029041584 0.036999073)
(0.023321804 0.0016390357 0.038000681)
(0.025278778 0.002716448 0.037003125)
(0.024803675 0.0023946088 0.037997427)
(0.013673879 0.0036005976 0.037001585)
(0.012717701 0.004719474 0.036999102)
(0.013158983 0.0041566158 0.038000621)
(0.015921434 0.0039003233 0.036999842)
(0.014891847 0.0048802933 0.037000306)
(0.014887149 0.0038667842 0.038001357)
(0.024078052 0.0038994407 0.037000087)
(0.026328007 0.0036023639 0.036998444)
(0.025107804 0.0048795155 0.036999576)
(0.025127992 0.0038778664 0.037999881)
(0.027282546 0.0047198192 0.037001445)
(0.026842161 0.0041580089 0.038000904)
(0.011951286 0.0059761102 0.036999842)
(0.011437985 0.007237732 0.036993877)
(0.013903624 0.0059231153 0.036999664)
(0.012899377 0.0069720726 0.036995809)
(0.012919171 0.0059468266 0.038000664)
(0.026094946 0.0059194869 0.036999629)
(0.028036641 0.0059535216 0.037001069)
(0.027099964 0.0069701993 0.036998169)
(0.027082174 0.0059484757 0.037999657)
(0.028567373 0.0072553982 0.036998407)
(0.012022239 0.0080018124 0.036997929)
(0.011058542 0.0090126341 0.036999253)
(0.011213295 0.0080710828 0.037999114)
(0.013956934 0.0079792275 0.03699886)
(0.013000919 0.0089975239 0.036999374)
(0.01297085 0.0079850854 0.037999632)
(0.026041546 0.0079738432 0.036999776)
(0.027977839 0.008000001 0.036999326)
(0.026997861 0.0089942867 0.036999872)
(0.027028748 0.007982883 0.038000246)
(0.028941374 0.0090117907 0.036999852)
(0.028786377 0.0080696752 0.037997483)
(0.012013612 0.010000232 0.03700026)
(0.011058107 0.010982949 0.036999222)
(0.011000034 0.010001031 0.038000146)
(0.01399267 0.010003564 0.037000042)
(0.013003265 0.011010529 0.037000523)
(0.01300447 0.010002123 0.038000058)
(0.026006351 0.010002936 0.037000059)
(0.027985934 0.010000846 0.036999854)
(0.026995511 0.011013347 0.037000197)
(0.026994907 0.010001954 0.038000177)
(0.028941518 0.010986754 0.037000028)
(0.028999865 0.0099959114 0.038000054)
(0.012028239 0.012010519 0.037000837)
(0.011427112 0.012726424 0.037000326)
(0.01121086 0.011918475 0.038002402)
(0.013961397 0.012034583 0.03700102)
(0.012911752 0.013062442 0.037002198)
(0.012975351 0.012027577 0.038000981)
(0.026036852 0.012038479 0.03700036)
(0.027969827 0.012018623 0.037000329)
(0.027088412 0.013062077 0.037001058)
(0.027021102 0.012036589 0.038001286)
(0.028578696 0.012707276 0.036999897)
(0.028787732 0.011924514 0.038000329)
(0.011944742 0.014011648 0.037003691)
(0.013903969 0.014080678 0.037000371)
(0.012710158 0.01527 0.037001893)
(0.012918251 0.014053939 0.038000428)
(0.014892447 0.01512025 0.036999766)
(0.026095324 0.014081376 0.036999498)
(0.025104851 0.015121961 0.036999958)
(0.028053804 0.014014369 0.036998254)
(0.027308801 0.015243543 0.036998551)
(0.027076537 0.014062976 0.037999687)
(0.013666372 0.016392372 0.036999225)
(0.013161277 0.015846179 0.038000327)
(0.015923508 0.016101324 0.037000752)
(0.014739347 0.01729654 0.037007391)
(0.014882713 0.016130077 0.038000144)
(0.016954744 0.01709635 0.03700195)
(0.01899111 0.016993228 0.037000342)
(0.021005134 0.016993443 0.037000173)
(0.024074326 0.016102856 0.037000301)
(0.023042892 0.017097131 0.036998418)
(0.026328594 0.016397087 0.036998808)
(0.025270139 0.017289743 0.037000139)
(0.025112891 0.016133873 0.038002174)
(0.026847005 0.015836088 0.03799879)
(0.01597253 0.018046801 0.036999391)
(0.015271769 0.017652306 0.037998858)
(0.017989157 0.017973857 0.037001169)
(0.01730921 0.018583697 0.036997519)
(0.016751652 0.018388611 0.038003412)
(0.019996696 0.017985538 0.037000081)
(0.019009685 0.018941167 0.036999291)
(0.018998207 0.017967749 0.038000167)
(0.022004256 0.017975484 0.036998979)
(0.020985042 0.018941687 0.037000238)
(0.020997928 0.017967924 0.038000381)
(0.02402423 0.018048533 0.037000246)
(0.022724711 0.018573407 0.0369946)
(0.023269846 0.01838052 0.038013446)
(0.024668721 0.017689311 0.038002381)
(0.017213467 0.0014453462 0.039001485)
(0.019017117 0.0010581004 0.039000056)
(0.02099014 0.0010588151 0.038999897)
(0.022715456 0.001423785 0.039000859)
(0.01596928 0.0019549363 0.039000941)
(0.014726328 0.0027127895 0.039001379)
(0.015261533 0.0023540597 0.040002654)
(0.01799522 0.0020239471 0.039000714)
(0.016966143 0.0028994348 0.03900169)
(0.01673063 0.0016193016 0.040001133)
(0.02000246 0.0020145605 0.038999967)
(0.018996076 0.0030063267 0.039000274)
(0.019002882 0.0020319787 0.040000152)
(0.022016603 0.0020282747 0.039002208)
(0.021011382 0.0030079566 0.039000345)
(0.021002162 0.0020330091 0.039999814)
(0.024027977 0.0019534695 0.039001336)
(0.023053504 0.0029067034 0.039001759)
(0.023293091 0.0016282291 0.03999697)
(0.025252437 0.0026975721 0.038998405)
(0.024702797 0.0023318785 0.039993529)
(0.013635545 0.0036365662 0.038996766)
(0.012713443 0.0047254165 0.038998864)
(0.013149077 0.004168687 0.040002973)
(0.015923656 0.0038995471 0.039000152)
(0.014890056 0.0048823074 0.03899903)
(0.014891737 0.0038630793 0.039997545)
(0.024081363 0.0039028696 0.038999311)
(0.026395551 0.0036697669 0.038994122)
(0.025115611 0.0048878682 0.038998982)
(0.025112492 0.0038662311 0.039997788)
(0.027291604 0.0047324596 0.039003517)
(0.026843583 0.0041597422 0.039999862)
(0.011955202 0.0059687832 0.038999758)
(0.011424053 0.0072836615 0.039005472)
(0.013903136 0.0059206667 0.038999069)
(0.012909054 0.0069461176 0.039000591)
(0.012917377 0.0059477853 0.039998615)
(0.026100179 0.0059246969 0.039000113)
(0.028049375 0.0059773455 0.038998274)
(0.027094079 0.0069534471 0.039001795)
(0.027077737 0.005941068 0.040000701)
(0.028577812 0.0072898106 0.038996784)
(0.012028239 0.007985981 0.039001988)
(0.011058602 0.0090120194 0.038999912)
(0.011217088 0.0080548152 0.040000785)
(0.013960109 0.007969977 0.038999658)
(0.01300285 0.0089915982 0.038999935)
(0.012975939 0.0079700907 0.039998791)
(0.026040787 0.0079712597 0.039000403)
(0.02797297 0.0079873683 0.039001691)
(0.026997382 0.0089921592 0.039000352)
(0.027026125 0.007976712 0.039999964)
(0.028941237 0.0090103976 0.039000499)
(0.028790022 0.0080853084 0.039999563)
(0.012013926 0.010000467 0.038999923)
(0.011058555 0.010987499 0.038999861)
(0.011000006 0.0099998194 0.039999816)
(0.013993059 0.01000089 0.038999894)
(0.013002744 0.011008969 0.039000163)
(0.013004685 0.0099995317 0.039999721)
(0.02600667 0.010001278 0.039000231)
(0.02798596 0.009999647 0.039000101)
(0.026996411 0.011010714 0.039000294)
(0.026995298 0.0099995144 0.040000133)
(0.028941474 0.010987194 0.039000053)
(0.028999927 0.0099978027 0.040000298)
(0.0120264 0.012012848 0.03900214)
(0.011433618 0.012747872 0.039004606)
(0.01121487 0.011935672 0.039998563)
(0.01395984 0.012030521 0.039000077)
(0.012904159 0.013040795 0.039000094)
(0.012973001 0.012022068 0.039999242)
(0.026038928 0.012033718 0.039000686)
(0.027970969 0.012018789 0.038999837)
(0.027092728 0.013050519 0.039001464)
(0.027027061 0.012021521 0.040000128)
(0.028577332 0.012711772 0.03900005)
(0.028786948 0.011927878 0.039999161)
(0.011950828 0.014023034 0.038997512)
(0.013902977 0.014079791 0.038999258)
(0.012731816 0.015300223 0.039002414)
(0.012918384 0.014052358 0.039996757)
(0.014886556 0.015115069 0.038999212)
(0.026101028 0.014075295 0.039002327)
(0.025118827 0.01510867 0.039003394)
(0.028044126 0.014032474 0.039000815)
(0.027300991 0.015254442 0.039004699)
(0.027083112 0.01405027 0.039998598)
(0.013613703 0.016340114 0.038996925)
(0.013167523 0.015853789 0.040001381)
(0.015919371 0.016097308 0.03899999)
(0.014724934 0.017286212 0.039002041)
(0.014889257 0.016134309 0.039995932)
(0.016954095 0.017095879 0.039004564)
(0.018991233 0.016993437 0.039000514)
(0.021002464 0.016994539 0.039000043)
(0.024082483 0.016094765 0.03900138)
(0.02302928 0.01710157 0.038998168)
(0.026398527 0.016327057 0.039012486)
(0.025285164 0.017278976 0.038996139)
(0.025123281 0.01612379 0.040005703)
(0.026839899 0.015844747 0.039997108)
(0.015968661 0.018044733 0.038999484)
(0.01528217 0.017658774 0.040000177)
(0.017991427 0.01797433 0.03900281)
(0.017284101 0.01857608 0.039007039)
(0.016733776 0.018381883 0.039995074)
(0.019996083 0.017985801 0.038999516)
(0.01901041 0.018941239 0.038999417)
(0.018998962 0.017967579 0.039999683)
(0.021991852 0.017979801 0.038999471)
(0.020985779 0.018941614 0.039000183)
(0.020996673 0.017968465 0.040000069)
(0.02402963 0.018045647 0.039003372)
(0.022710361 0.01857776 0.039001519)
(0.023241352 0.018391245 0.040003363)
(0.024729683 0.017651403 0.040003023)
(0.017278042 0.0014257574 0.041003803)
(0.019015068 0.0010583022 0.04099966)
(0.020991516 0.0010589506 0.040999181)
(0.022673245 0.0014109805 0.040999347)
(0.015971698 0.0019536437 0.040997854)
(0.014737531 0.0027047619 0.040997962)
(0.015302401 0.0023286462 0.042002648)
(0.01799855 0.0020238557 0.040997266)
(0.016956908 0.0029029414 0.040999586)
(0.016748682 0.001612507 0.041993311)
(0.020003468 0.0020144898 0.040999696)
(0.018995564 0.0030062859 0.040999648)
(0.019002131 0.0020319347 0.041999548)
(0.022018833 0.0020293902 0.041001089)
(0.021010425 0.0030073211 0.04100047)
(0.021000811 0.0020320369 0.042000582)
(0.024029152 0.0019540977 0.041001072)
(0.023057321 0.0029076613 0.041003081)
(0.02327922 0.0016230085 0.042012816)
(0.025252846 0.0026978658 0.040995915)
(0.024676033 0.0023152356 0.042001665)
(0.013618833 0.0036544096 0.040990412)
(0.012701159 0.0047425593 0.04100089)
(0.01316859 0.0041449104 0.042000652)
(0.015922136 0.0039006758 0.040998339)
(0.014887631 0.0048851432 0.040997269)
(0.014884487 0.0038663253 0.04199801)
(0.024073104 0.0038957015 0.040999856)
(0.026346529 0.0036197117 0.040998055)
(0.025103171 0.0048764455 0.040999975)
(0.025092971 0.0038488921 0.04200203)
(0.027293396 0.0047349608 0.041004736)
(0.026837501 0.0041523308 0.041999994)
(0.011953403 0.0059721479 0.040999543)
(0.011429446 0.0072658812 0.040993282)
(0.0139005 0.0059243022 0.040998577)
(0.012907274 0.0069494791 0.041000483)
(0.012917181 0.0059498367 0.042000326)
(0.026094986 0.0059189354 0.041000764)
(0.028047924 0.005974632 0.041001397)
(0.027091023 0.0069456654 0.040999028)
(0.027084384 0.0059498519 0.042000147)
(0.028584433 0.0073116365 0.041004083)
(0.012029174 0.0079801554 0.040999215)
(0.011058565 0.0090124018 0.040999768)
(0.011211534 0.0080786328 0.041999956)
(0.013959801 0.0079695054 0.040999444)
(0.013002802 0.0089907269 0.040999611)
(0.012970903 0.0079839249 0.041999226)
(0.02603922 0.0079676486 0.04099977)
(0.027971722 0.0079860979 0.04099973)
(0.026996889 0.0089901773 0.040999922)
(0.027025024 0.0079732444 0.041999232)
(0.028941409 0.0090121451 0.041000156)
(0.02878912 0.0080814358 0.042001623)
(0.012013804 0.010000136 0.040999702)
(0.011058492 0.010986864 0.040999078)
(0.011000098 0.010003 0.042000387)
(0.013992686 0.0099999539 0.040999716)
(0.013002048 0.011007209 0.040999597)
(0.013004154 0.01000084 0.041999893)
(0.026006868 0.0099990684 0.04100003)
(0.02798611 0.0099986261 0.041000096)
(0.026997611 0.011007035 0.041000144)
(0.026995316 0.0099988224 0.042000029)
(0.028941353 0.010988422 0.040999921)
(0.02899994 0.0099982013 0.042000202)
(0.012023759 0.012001827 0.040999551)
(0.01143375 0.012748306 0.040999231)
(0.011206054 0.011897861 0.042004827)
(0.013958715 0.012028365 0.040999325)
(0.012901928 0.013036526 0.040998172)
(0.012974603 0.012025735 0.041999647)
(0.026040598 0.012028247 0.041000016)
(0.027974954 0.012005688 0.04100105)
(0.027096091 0.013039899 0.04099952)
(0.027026951 0.012021205 0.042000161)
(0.028574636 0.012720659 0.041001407)
(0.028784812 0.011937036 0.042003986)
(0.011958612 0.014037597 0.041005193)
(0.013899464 0.014074987 0.040998326)
(0.012703154 0.015260226 0.040987686)
(0.012916836 0.014054148 0.042000032)
(0.014886403 0.015113505 0.040999925)
(0.026095221 0.014080396 0.040998691)
(0.025107943 0.015120046 0.040998664)
(0.028051462 0.01401875 0.041001457)
(0.027276344 0.015288837 0.040993892)
(0.027079034 0.014057047 0.041998869)
(0.013629376 0.016356848 0.041007493)
(0.013173109 0.015860596 0.04200178)
(0.015922802 0.0160997 0.041000594)
(0.014742507 0.017298804 0.041003544)
(0.014876254 0.016123981 0.042002117)
(0.016950395 0.017094998 0.040999604)
(0.018991207 0.016993004 0.04100012)
(0.021006345 0.016993258 0.040999755)
(0.024077542 0.016100174 0.040998922)
(0.023052195 0.017093569 0.040997915)
(0.026351172 0.01637594 0.040988531)
(0.025255547 0.017300199 0.040994778)
(0.025114275 0.016134102 0.042001475)
(0.026844877 0.01583868 0.042000672)
(0.015984883 0.018053404 0.040998487)
(0.015295988 0.017667366 0.041996671)
(0.017983513 0.017971792 0.041000944)
(0.017224728 0.018558069 0.041004759)
(0.016731773 0.018381129 0.04200266)
(0.019999123 0.017985506 0.040999728)
(0.019013061 0.0189415 0.040999713)
(0.018998861 0.017967582 0.042000323)
(0.022014927 0.017971951 0.040998792)
(0.02098498 0.018941693 0.041000574)
(0.020999352 0.017967587 0.041999965)
(0.024030067 0.018045413 0.040998844)
(0.022738749 0.018569149 0.040993626)
(0.023271847 0.018379767 0.041993352)
(0.024702826 0.017668104 0.042002276)
(0.01729895 0.001419415 0.043002225)
(0.019012606 0.0010585447 0.042999799)
(0.020992008 0.0010589991 0.042999982)
(0.022761324 0.0014376988 0.042997474)
(0.015977566 0.0019505073 0.042999944)
(0.014722766 0.0027153419 0.042998134)
(0.015272295 0.0023473675 0.044000022)
(0.017981705 0.0020300778 0.043003075)
(0.016937722 0.0029106336 0.04300297)
(0.016729724 0.0016196423 0.043993437)
(0.0200004 0.0020141348 0.042999983)
(0.018991641 0.003007106 0.043000341)
(0.019001403 0.0020320694 0.043999964)
(0.02198627 0.0020171224 0.043000732)
(0.021003019 0.0030047359 0.043000493)
(0.020998265 0.0020312958 0.043999792)
(0.024040573 0.0019602024 0.042998144)
(0.023016076 0.0028926922 0.043001516)
(0.02324787 0.0016112091 0.043997932)
(0.02527168 0.0027113616 0.04300912)
(0.02468347 0.0023198606 0.044005028)
(0.01364646 0.0036262778 0.043000041)
(0.012716755 0.0047207945 0.043004361)
(0.013165538 0.0041486286 0.043999888)
(0.015918232 0.0039023464 0.04299986)
(0.014889275 0.0048816943 0.043000291)
(0.014874233 0.0038755098 0.044002872)
(0.024072334 0.0038961799 0.043001651)
(0.026341201 0.003614721 0.042998835)
(0.025102671 0.0048756694 0.043001012)
(0.025116558 0.0038679967 0.043999844)
(0.027284434 0.0047224531 0.043001614)
(0.026845857 0.0041625123 0.044000164)
(0.011963171 0.0059538746 0.043000073)
(0.011411074 0.007326448 0.04299522)
(0.013905014 0.0059192438 0.043000983)
(0.01290158 0.0069666485 0.043000784)
(0.012921518 0.0059420744 0.044000777)
(0.026093939 0.005918856 0.043000214)
(0.028046979 0.005972863 0.043001348)
(0.027095896 0.0069591116 0.042998664)
(0.027081474 0.0059476358 0.04400106)
(0.028570569 0.0072659342 0.043001989)
(0.012022468 0.0080012257 0.042999516)
(0.011058343 0.0090146536 0.042999698)
(0.011216172 0.0080587409 0.043998988)
(0.013958171 0.0079743262 0.043000256)
(0.013001427 0.0089943198 0.043000025)
(0.012972333 0.0079795936 0.04400092)
(0.026040503 0.0079712993 0.04299946)
(0.027975389 0.0079953262 0.042999354)
(0.026997709 0.0089921555 0.042999809)
(0.027029858 0.007985411 0.043999322)
(0.028941199 0.00901001 0.043000615)
(0.028787116 0.0080728419 0.044003481)
(0.012013524 0.0099995541 0.042999866)
(0.011058616 0.010988122 0.042999487)
(0.011000097 0.0099970244 0.043999544)
(0.013992294 0.010000843 0.043000152)
(0.013002201 0.011007918 0.043000461)
(0.01300422 0.0099999787 0.044000291)
(0.026007032 0.0099993273 0.042999853)
(0.027986207 0.0099978679 0.043000386)
(0.026997397 0.011007227 0.042999918)
(0.026995679 0.009999894 0.043999867)
(0.028941712 0.010984785 0.043000699)
(0.028999889 0.010003378 0.044000424)
(0.012023904 0.012000498 0.043003402)
(0.011416915 0.012692809 0.042994598)
(0.011214016 0.011932011 0.044006576)
(0.013959474 0.012030123 0.043000582)
(0.012905635 0.013044873 0.04300214)
(0.012973683 0.012023388 0.04400112)
(0.02604043 0.012028832 0.042999592)
(0.027972449 0.012012594 0.04300002)
(0.027093126 0.013048665 0.042999315)
(0.0270279 0.012018879 0.043998398)
(0.028580602 0.012700993 0.042987458)
(0.028793151 0.011901273 0.044003584)
(0.011956306 0.014033282 0.043000455)
(0.01390363 0.014080998 0.043000658)
(0.012723146 0.015288125 0.043004088)
(0.01292221 0.014059025 0.04399985)
(0.014888241 0.015116497 0.043000588)
(0.026097916 0.014077843 0.043000185)
(0.025112855 0.015115135 0.043001295)
(0.028046319 0.014028372 0.042999924)
(0.027292898 0.015265735 0.042998807)
(0.027080647 0.014054913 0.044000741)
(0.013642463 0.016369979 0.042996036)
(0.013149535 0.015831871 0.044001508)
(0.01592229 0.016099296 0.043000506)
(0.014725664 0.017286735 0.043003406)
(0.014885635 0.016131242 0.044001724)
(0.016964494 0.0170999 0.04300166)
(0.018992571 0.016993599 0.043000499)
(0.021005831 0.016993546 0.043000161)
(0.024078952 0.016098456 0.043000795)
(0.023033403 0.017100552 0.043000032)
(0.026362503 0.016365327 0.04300493)
(0.025269809 0.017289979 0.042999655)
(0.025127003 0.016120264 0.044002602)
(0.026838964 0.015845886 0.044000759)
(0.015985919 0.018053957 0.042997388)
(0.0152907 0.017664078 0.044002586)
(0.017999645 0.017976907 0.04300185)
(0.017317296 0.01858615 0.042996973)
(0.016734489 0.018382151 0.043999507)
(0.019997934 0.017985632 0.043000076)
(0.019006668 0.01894087 0.042999866)
(0.018997976 0.017967402 0.044000377)
(0.022004882 0.017976412 0.04300077)
(0.020985538 0.018941638 0.043000274)
(0.020999523 0.01796739 0.044000333)
(0.024020125 0.018050728 0.042998747)
(0.022756309 0.018563822 0.042997847)
(0.02328043 0.018376537 0.044003628)
(0.024705081 0.017666702 0.043995018)
(0.017248028 0.001434862 0.044995537)
(0.019015187 0.0010582905 0.045000272)
(0.02098896 0.0010586988 0.044999402)
(0.022766567 0.0014392891 0.045000762)
(0.015972048 0.0019534567 0.045000627)
(0.014753863 0.0026930583 0.044998719)
(0.015293249 0.0023343375 0.045997385)
(0.017999868 0.0020223487 0.045001917)
(0.016966259 0.0028996182 0.04500452)
(0.016706393 0.0016284237 0.045990736)
(0.020001183 0.002014109 0.045000007)
(0.018995113 0.0030059661 0.045000332)
(0.019003209 0.0020319165 0.045999684)
(0.022008489 0.0020256151 0.045002253)
(0.021006135 0.0030059033 0.045000369)
(0.021000701 0.0020322662 0.04600007)
(0.024023368 0.0019510061 0.045000256)
(0.023043435 0.0029029605 0.045002147)
(0.023290233 0.0016271533 0.046002694)
(0.025263885 0.0027057762 0.04500018)
(0.024696659 0.0023280617 0.045998151)
(0.013623779 0.0036491278 0.044991525)
(0.012703468 0.0047393365 0.044999939)
(0.013169716 0.0041435379 0.045999525)
(0.015920743 0.0039025009 0.044999645)
(0.014883364 0.0048888138 0.044998744)
(0.014872554 0.0038813795 0.045998495)
(0.024076017 0.0038989732 0.044999554)
(0.026361475 0.0036337102 0.044991119)
(0.025109086 0.0048814589 0.044998435)
(0.025115583 0.0038680192 0.045998666)
(0.027292166 0.0047332439 0.045000327)
(0.026833774 0.00414779 0.04600225)
(0.011956953 0.0059655064 0.045000202)
(0.01143014 0.0072635952 0.045006882)
(0.013899569 0.0059257877 0.04499996)
(0.012905003 0.0069555338 0.045004507)
(0.012915725 0.0059494445 0.045999122)
(0.026096728 0.0059207949 0.044999399)
(0.028046814 0.005972555 0.045002148)
(0.027090874 0.0069452758 0.045000111)
(0.027080573 0.0059441119 0.04600042)
(0.028577564 0.0072889929 0.0450039)
(0.012025589 0.0079936581 0.045003166)
(0.01105891 0.0090088931 0.045000603)
(0.011208161 0.0080930989 0.046002413)
(0.013959022 0.0079708363 0.045001435)
(0.013002308 0.00899146 0.045000979)
(0.012974774 0.0079736582 0.046002054)
(0.026039667 0.0079690281 0.044999476)
(0.027971171 0.0079833417 0.044999938)
(0.026997027 0.0089908898 0.044999734)
(0.027024776 0.0079719733 0.045998808)
(0.028941483 0.0090128958 0.045000126)
(0.028784764 0.0080627574 0.045996972)
(0.012013887 0.0099986014 0.045000334)
(0.011058462 0.010986551 0.045000292)
(0.011000154 0.0099952975 0.046001269)
(0.013992622 0.010000133 0.045000442)
(0.013002883 0.011009308 0.045000225)
(0.013004577 0.0099991916 0.046000415)
(0.026006896 0.0099993003 0.044999728)
(0.027986075 0.0099995092 0.04499997)
(0.026997523 0.011007713 0.044999676)
(0.026995138 0.0099995496 0.045999797)
(0.028941059 0.010991416 0.045000256)
(0.028999931 0.010002068 0.046000372)
(0.012028475 0.012013586 0.044999653)
(0.011420474 0.012704541 0.044995476)
(0.011217243 0.011945851 0.045998616)
(0.013959887 0.01203197 0.045000062)
(0.01291048 0.013059048 0.044999824)
(0.012973875 0.012025901 0.045999289)
(0.02604108 0.012027942 0.04499955)
(0.027974154 0.012009669 0.044998735)
(0.027094388 0.013044903 0.04499939)
(0.027027276 0.01202133 0.045999804)
(0.028573575 0.012724156 0.044998695)
(0.028787183 0.01192687 0.046000054)
(0.011952336 0.014025855 0.045001141)
(0.013901251 0.014077922 0.044998996)
(0.012711764 0.01527224 0.045001788)
(0.012912848 0.014046196 0.045999413)
(0.014886082 0.015113881 0.044997539)
(0.026101364 0.014074802 0.045000873)
(0.025120557 0.01510723 0.045001353)
(0.028047271 0.014026589 0.045000529)
(0.027277885 0.015286685 0.045005534)
(0.02708028 0.014054248 0.045999755)
(0.013655259 0.016381964 0.044986276)
(0.013152769 0.015835811 0.046001147)
(0.015918422 0.016097118 0.044998772)
(0.014731366 0.017290821 0.044998798)
(0.014864004 0.016110305 0.045996357)
(0.016949658 0.017094169 0.044999949)
(0.018988661 0.016991956 0.045000631)
(0.021007813 0.016992214 0.045000285)
(0.024083661 0.016094215 0.045001037)
(0.023059152 0.017091069 0.044999421)
(0.026407549 0.016317424 0.044996198)
(0.025265713 0.017292914 0.045004681)
(0.025117722 0.016125868 0.046003989)
(0.026839629 0.015845075 0.046001951)
(0.015971313 0.01804615 0.044998541)
(0.01527125 0.017651983 0.046002739)
(0.017983956 0.017972325 0.045001605)
(0.017299679 0.018580805 0.044995817)
(0.016682822 0.018362705 0.046010352)
(0.01999769 0.01798513 0.045000463)
(0.019010431 0.018941241 0.045000007)
(0.018993896 0.01796585 0.046000633)
(0.022015676 0.017970846 0.044999556)
(0.020986796 0.018941514 0.045000792)
(0.020997665 0.017967198 0.046000443)
(0.024024072 0.018048617 0.044997444)
(0.022681592 0.018586487 0.045000587)
(0.023296956 0.018370317 0.045999593)
(0.024752062 0.017637487 0.045997312)
(0.017233062 0.0014394019 0.046999217)
(0.019019041 0.0010579109 0.047000012)
(0.020988288 0.0010586327 0.047000245)
(0.022756091 0.0014361113 0.047002554)
(0.01597404 0.0019523917 0.047003503)
(0.01472958 0.0027104593 0.046993265)
(0.015281419 0.0023416937 0.048001599)
(0.01800041 0.0020223172 0.046998696)
(0.016965541 0.0029002462 0.046997334)
(0.01676061 0.0016080177 0.047995393)
(0.020001275 0.0020138833 0.047000155)
(0.018996144 0.003005573 0.046999501)
(0.019003818 0.0020313154 0.04799965)
(0.022000808 0.0020225521 0.047000379)
(0.021004585 0.0030052959 0.046999968)
(0.02099599 0.00203088 0.047999633)
(0.024026266 0.0019525549 0.046997818)
(0.023032229 0.0028983608 0.047001048)
(0.023247184 0.0016109508 0.047990027)
(0.025263743 0.0027056742 0.047001713)
(0.024739054 0.0023544246 0.048001192)
(0.013572982 0.0037033641 0.047006582)
(0.012707286 0.0047340087 0.047003673)
(0.013161234 0.0041538729 0.048002199)
(0.015915756 0.0039075958 0.046999433)
(0.014875547 0.0048971164 0.047000117)
(0.014882444 0.0038688716 0.0480012)
(0.024073858 0.0038972229 0.046999579)
(0.026343566 0.0036169363 0.046998557)
(0.025106846 0.0048795558 0.04699977)
(0.025113771 0.00386668 0.047998168)
(0.027302262 0.004747332 0.047008114)
(0.026836423 0.0041510175 0.047997642)
(0.011947619 0.0059829701 0.046998902)
(0.011426101 0.0072769107 0.046990725)
(0.013896287 0.0059279483 0.047000043)
(0.012913228 0.0069324985 0.046999434)
(0.012919145 0.005945603 0.047996879)
(0.026096186 0.0059203591 0.04700034)
(0.028045011 0.0059691818 0.047000292)
(0.027091231 0.006946139 0.046996881)
(0.027077979 0.0059424212 0.047999607)
(0.028574604 0.0072792333 0.047009293)
(0.01203255 0.0079756537 0.047000139)
(0.011058585 0.0090121937 0.046999763)
(0.011205225 0.0081056905 0.047999034)
(0.013960329 0.007966633 0.047000242)
(0.013003191 0.0089892867 0.047000204)
(0.012972574 0.0079798327 0.047999347)
(0.026039199 0.007968416 0.046998935)
(0.027971232 0.0079839678 0.046997792)
(0.026996785 0.0089905293 0.046999319)
(0.027027783 0.0079819834 0.047998851)
(0.028941277 0.009010797 0.046999873)
(0.028793445 0.0080999864 0.04799851)
(0.012013965 0.0099990646 0.046999939)
(0.011058658 0.01098854 0.046999753)
(0.011000018 0.010000555 0.047999567)
(0.013992635 0.009999251 0.047000228)
(0.013002354 0.01100822 0.047000322)
(0.013004161 0.0099998395 0.04799994)
(0.026006716 0.0099993637 0.046999741)
(0.027986031 0.0099996404 0.046999854)
(0.026997594 0.011008124 0.047000086)
(0.026995252 0.010000148 0.047999788)
(0.028941032 0.010991683 0.047000198)
(0.028999909 0.009997249 0.048000581)
(0.01202666 0.012013298 0.047001717)
(0.011429721 0.012735023 0.046997743)
(0.011217613 0.011947438 0.047998326)
(0.013958434 0.012028856 0.047000684)
(0.012903756 0.013041831 0.04700407)
(0.012972581 0.012021535 0.048000631)
(0.026041352 0.012027699 0.047000357)
(0.027975604 0.012007106 0.047001252)
(0.027098477 0.013034721 0.04700202)
(0.02702565 0.012026138 0.048000082)
(0.028560162 0.012768375 0.046998703)
(0.028781618 0.011950736 0.047997294)
(0.011962378 0.014044641 0.047000278)
(0.013896012 0.014071876 0.047000631)
(0.012703967 0.01526136 0.047002111)
(0.012923634 0.014061544 0.048000975)
(0.0148734 0.015101919 0.047000177)
(0.026099683 0.014075736 0.047000366)
(0.025114374 0.015113608 0.046998914)
(0.028046794 0.014027483 0.046999196)
(0.027286877 0.015274137 0.047006725)
(0.027082167 0.014054421 0.048000592)
(0.013598581 0.016323969 0.04700714)
(0.013151767 0.01583459 0.047999611)
(0.015906487 0.016088219 0.047000229)
(0.014701337 0.017269302 0.04700096)
(0.014880973 0.016128101 0.047998606)
(0.016923472 0.017083463 0.047002369)
(0.018984585 0.016990546 0.047000614)
(0.0210051 0.016992566 0.046999993)
(0.024078393 0.016098457 0.046999383)
(0.023044459 0.017096565 0.046999263)
(0.026359271 0.016368354 0.046987632)
(0.025263514 0.01729449 0.04699907)
(0.025122776 0.016124493 0.047997971)
(0.026839571 0.015845146 0.047999107)
(0.01595889 0.01803951 0.046996222)
(0.015291031 0.017664284 0.047986004)
(0.017969614 0.017966393 0.047001263)
(0.017287264 0.01857704 0.047003479)
(0.016708053 0.018372202 0.047998957)
(0.019994577 0.017984919 0.046999893)
(0.019011992 0.018941394 0.046999694)
(0.018994793 0.017966473 0.048000247)
(0.022003529 0.017975364 0.046997665)
(0.020983736 0.018941815 0.047000202)
(0.020998839 0.01796712 0.048000186)
(0.024021641 0.018049917 0.047000849)
(0.022726052 0.018573 0.046999848)
(0.023281478 0.018376142 0.048003967)
(0.024721521 0.017656478 0.047999479)
(0.017249928 0.0014342857 0.04900422)
(0.019013599 0.0010584469 0.049000019)
(0.020989149 0.0010587175 0.048999878)
(0.022740332 0.0014313311 0.049000495)
(0.015971117 0.001953954 0.049002017)
(0.014717367 0.0027192108 0.048996298)
(0.015298657 0.0023309743 0.050005637)
(0.01798758 0.0020261098 0.048999427)
(0.016957607 0.0029030699 0.049002626)
(0.01665574 0.001647488 0.050000541)
(0.020000701 0.0020142451 0.048999586)
(0.018992005 0.0030069093 0.048999817)
(0.018997372 0.002033842 0.049999631)
(0.021996065 0.0020209684 0.048998468)
(0.021003735 0.0030054132 0.048999411)
(0.020999864 0.0020324779 0.049999657)
(0.024031794 0.0019555096 0.048997946)
(0.023029514 0.0028975788 0.048998715)
(0.023275609 0.0016216492 0.049995836)
(0.025260127 0.0027030831 0.048999883)
(0.024694207 0.0023265374 0.049994471)
(0.01364911 0.0036237962 0.048999267)
(0.012713492 0.0047253476 0.049001474)
(0.013170483 0.0041426035 0.050000757)
(0.015918977 0.0039021597 0.048999625)
(0.014889592 0.0048815485 0.048999093)
(0.01488628 0.0038671477 0.049998143)
(0.024073584 0.0038968152 0.048999119)
(0.026362154 0.0036343461 0.049001178)
(0.025105235 0.0048774012 0.04899985)
(0.025102779 0.0038556689 0.049997732)
(0.027294691 0.0047367675 0.049004855)
(0.026847703 0.0041647622 0.050000077)
(0.011957742 0.0059640306 0.049001023)
(0.011427875 0.0072710619 0.048991681)
(0.013905366 0.0059180924 0.048999425)
(0.012904919 0.0069575886 0.049001275)
(0.012925132 0.0059376904 0.049999786)
(0.026094222 0.0059188255 0.049000748)
(0.028042948 0.0059653224 0.049003475)
(0.027103428 0.006980263 0.048999659)
(0.027072564 0.005932775 0.050000235)
(0.028582143 0.0073040857 0.048996455)
(0.01202481 0.0079959141 0.049001418)
(0.01105849 0.0090131615 0.048999967)
(0.011212651 0.0080738423 0.050006938)
(0.013959052 0.0079717773 0.048999934)
(0.013001849 0.0089933254 0.049000055)
(0.012971682 0.0079818159 0.049999868)
(0.026040338 0.0079723617 0.048999629)
(0.027980128 0.0080048121 0.049000514)
(0.026997748 0.0089931122 0.048999726)
(0.027023493 0.0079700312 0.049999361)
(0.028941128 0.0090092932 0.049000126)
(0.028789739 0.008084092 0.049999873)
(0.012013506 0.010000248 0.048999853)
(0.011058356 0.01098548 0.048999561)
(0.011000035 0.0099989165 0.049999772)
(0.013992266 0.010000013 0.048999984)
(0.013001787 0.011006871 0.049000001)
(0.013004023 0.010000213 0.049999872)
(0.026006743 0.0099994264 0.048999808)
(0.027986212 0.0099995433 0.048999546)
(0.026997222 0.011008427 0.04899998)
(0.026995019 0.009998272 0.049999717)
(0.028941469 0.01098725 0.048999199)
(0.028999991 0.0099997548 0.049999328)
(0.012024636 0.012003693 0.049000001)
(0.011432009 0.012742568 0.049000986)
(0.011213393 0.011929338 0.050000956)
(0.013958767 0.012027959 0.049000212)
(0.012904455 0.013042269 0.048999887)
(0.012972134 0.012019556 0.050000674)
(0.0260409 0.01202937 0.049000405)
(0.027972339 0.012011526 0.049001362)
(0.027091884 0.013052631 0.04900259)
(0.027027955 0.012019708 0.049999629)
(0.028579518 0.012704566 0.049008968)
(0.028785104 0.011935785 0.049999813)
(0.011953568 0.014028159 0.048998587)
(0.013902589 0.014078335 0.048999527)
(0.012704219 0.015261712 0.048998296)
(0.01292096 0.01405681 0.050000749)
(0.014889057 0.015116983 0.048998889)
(0.026102897 0.014073394 0.049000803)
(0.025124709 0.015103884 0.048999561)
(0.028045014 0.014030812 0.049001275)
(0.027284661 0.015277229 0.049004399)
(0.027082774 0.014051831 0.050000625)
(0.013647743 0.016374924 0.048997094)
(0.013155755 0.015839449 0.05000711)
(0.015921443 0.016099453 0.048999597)
(0.014731824 0.017291149 0.048998865)
(0.014884166 0.016130337 0.049998731)
(0.016955603 0.017096489 0.049002605)
(0.018991146 0.016992865 0.049000295)
(0.021007865 0.016992201 0.049000411)
(0.024089171 0.016090473 0.048999771)
(0.023050802 0.017093255 0.049002142)
(0.02639627 0.016329466 0.048997894)
(0.025288091 0.017276878 0.049001693)
(0.025136399 0.016111655 0.049997114)
(0.026832474 0.015853794 0.049999909)
(0.015976305 0.018048819 0.049001774)
(0.015263403 0.017647104 0.050004388)
(0.01799807 0.017976279 0.048999976)
(0.017313937 0.018585131 0.048997811)
(0.016760512 0.018391946 0.050001466)
(0.019996842 0.017985282 0.049000294)
(0.019008731 0.018941073 0.048999986)
(0.018999628 0.017967923 0.04999994)
(0.022010632 0.017973405 0.04900122)
(0.02098726 0.018941468 0.049000134)
(0.02100044 0.017966725 0.050000099)
(0.024031924 0.018044421 0.049000962)
(0.022745017 0.018567247 0.049002289)
(0.023322842 0.018360574 0.049993162)
(0.024681346 0.017681461 0.049997934)
(0.017296196 0.0014202505 0.050998673)
(0.019012675 0.0010585379 0.050999601)
(0.020987108 0.0010585164 0.050999405)
(0.022748384 0.0014337736 0.051003169)
(0.015964703 0.0019573825 0.051000544)
(0.014736949 0.002705179 0.051000229)
(0.015259472 0.0023553414 0.051999951)
(0.017989318 0.0020270372 0.051000432)
(0.016944992 0.0029075802 0.0510012)
(0.016668661 0.0016426251 0.05200303)
(0.019998672 0.0020147874 0.05099987)
(0.018989484 0.0030081151 0.051000161)
(0.018997231 0.0020333458 0.052000174)
(0.02201005 0.002027234 0.050999422)
(0.021007392 0.0030073461 0.050999783)
(0.021000068 0.0020328933 0.051999976)
(0.024019484 0.0019489297 0.050999582)
(0.023054897 0.0029071674 0.050999081)
(0.023300236 0.0016309182 0.052005925)
(0.025276286 0.0027146624 0.050998546)
(0.024709563 0.002336086 0.051999242)
(0.013603667 0.0036706016 0.050990719)
(0.01270383 0.0047388315 0.050995669)
(0.013167626 0.0041460847 0.051998489)
(0.015916511 0.0039044564 0.050999315)
(0.014882768 0.0048893243 0.05099746)
(0.014878854 0.0038753485 0.051999016)
(0.024075205 0.0038966407 0.0510004)
(0.026346028 0.0036192424 0.051018678)
(0.025101156 0.0048727685 0.051002033)
(0.02509777 0.0038497124 0.051996788)
(0.02729746 0.0047406312 0.05100098)
(0.026844838 0.0041612704 0.052000534)
(0.011968244 0.0059443831 0.050998669)
(0.01142739 0.0072726592 0.051003681)
(0.013900945 0.0059219833 0.050997778)
(0.012905037 0.0069566958 0.05099868)
(0.012921551 0.0059405331 0.05199941)
(0.026088667 0.0059096813 0.051001603)
(0.028046678 0.0059722997 0.051000125)
(0.027082549 0.0069250183 0.051001178)
(0.027070357 0.0059294031 0.052000136)
(0.028586107 0.0073171548 0.051012703)
(0.012025484 0.0079917101 0.050999684)
(0.011058417 0.0090138974 0.050999572)
(0.011212223 0.0080756803 0.051995305)
(0.013959335 0.0079707597 0.05099942)
(0.013002329 0.0089923915 0.050999652)
(0.012975854 0.007971163 0.051999175)
(0.02603548 0.007959688 0.051000231)
(0.027966072 0.0079700691 0.05099891)
(0.026995119 0.0089858278 0.050999897)
(0.027022128 0.0079670206 0.052000824)
(0.028941403 0.0090120858 0.050999834)
(0.028789372 0.008082519 0.052000856)
(0.012013769 0.0099993519 0.050999248)
(0.01105859 0.010987854 0.050999172)
(0.011000011 0.0099996612 0.052000008)
(0.01399272 0.010000598 0.050999767)
(0.013002659 0.011008887 0.050999621)
(0.013004725 0.010000813 0.05199975)
(0.026006312 0.0099969748 0.050999856)
(0.02798581 0.0099988985 0.050999866)
(0.026997751 0.011005977 0.050999629)
(0.026994795 0.009998157 0.051999885)
(0.028941524 0.010986687 0.05099966)
(0.028999892 0.010003283 0.052000102)
(0.012026384 0.012012108 0.05099907)
(0.011420392 0.01270427 0.05099948)
(0.011210006 0.011914812 0.052004629)
(0.013960442 0.012031267 0.05099963)
(0.01290511 0.013042254 0.050997997)
(0.012976662 0.012030912 0.051999572)
(0.026042142 0.01202631 0.050999553)
(0.027975766 0.01200342 0.050999519)
(0.027098353 0.01303706 0.050998737)
(0.027026399 0.012023683 0.051999022)
(0.028564256 0.012754879 0.051006505)
(0.028786072 0.011931633 0.051998987)
(0.011957631 0.014035762 0.051000091)
(0.013911081 0.014088438 0.050999437)
(0.012726938 0.015293416 0.050998271)
(0.012924109 0.014063459 0.052000207)
(0.014900788 0.015128528 0.050998571)
(0.026105628 0.014068331 0.051000281)
(0.025122417 0.015104729 0.051000534)
(0.028049929 0.014021618 0.050997137)
(0.027302068 0.015252938 0.051001637)
(0.027084558 0.014049523 0.051999711)
(0.013705596 0.016429109 0.050995346)
(0.013154768 0.015838247 0.052000298)
(0.015926465 0.016104233 0.050998483)
(0.014742273 0.017298637 0.050996321)
(0.014876478 0.016123916 0.051999394)
(0.016944912 0.017092761 0.050997779)
(0.018991496 0.016992899 0.050999695)
(0.021008423 0.016992713 0.051000541)
(0.024084517 0.016093658 0.051000204)
(0.023053957 0.017092748 0.051003465)
(0.0263973 0.016328366 0.051003672)
(0.025259984 0.01729702 0.050999526)
(0.025119378 0.016128887 0.05200027)
(0.026842386 0.015841717 0.051996236)
(0.015966288 0.018043465 0.0510016)
(0.015356949 0.017705274 0.052011788)
(0.017982285 0.017970849 0.050999428)
(0.017272658 0.018572609 0.051008765)
(0.016739055 0.01838387 0.052000513)
(0.019999593 0.017985393 0.05100018)
(0.019010993 0.018941296 0.050999791)
(0.019000147 0.017967747 0.051999478)
(0.022016888 0.017971397 0.051002281)
(0.020987772 0.018941418 0.050999847)
(0.020998323 0.017968565 0.052000275)
(0.024020132 0.018050723 0.051000443)
(0.022699926 0.018580925 0.050988322)
(0.023212893 0.018401956 0.051999109)
(0.024685036 0.017679166 0.05200589)
(0.017284581 0.0014237739 0.053002932)
(0.019010385 0.0010587635 0.052999491)
(0.02098545 0.0010583532 0.052999248)
(0.022708718 0.0014217409 0.052996867)
(0.015971079 0.0019539747 0.052998235)
(0.014728109 0.0027115136 0.05300028)
(0.015271655 0.0023477653 0.05398396)
(0.018003846 0.0020215049 0.053002184)
(0.016967218 0.0028988928 0.053004297)
(0.01667326 0.0016408941 0.054003406)
(0.019997992 0.0020145203 0.052999994)
(0.018992426 0.0030068346 0.053000728)
(0.018996519 0.0020331602 0.054000415)
(0.022009248 0.0020257188 0.053002146)
(0.021007635 0.0030072769 0.053000389)
(0.020999826 0.0020327983 0.053999945)
(0.024019262 0.0019488113 0.052997842)
(0.023045092 0.002903798 0.053001518)
(0.023281686 0.0016239366 0.053998573)
(0.025275433 0.0027140508 0.053005295)
(0.024713137 0.0023383087 0.05400964)
(0.01365462 0.0036186354 0.052998973)
(0.01271694 0.004720536 0.052992814)
(0.013170852 0.004142153 0.053999901)
(0.015923184 0.003899428 0.053000225)
(0.014891321 0.0048807029 0.052999102)
(0.014889715 0.0038643363 0.054000204)
(0.024082289 0.0039039606 0.053000884)
(0.026417405 0.0036930997 0.053008523)
(0.025115637 0.0048873735 0.053001361)
(0.025121521 0.0038740421 0.053998162)
(0.0272902 0.0047304996 0.053002956)
(0.026830541 0.0041438497 0.053999969)
(0.01194685 0.0059844078 0.052998323)
(0.011428187 0.0072700326 0.053012239)
(0.013903617 0.0059212849 0.052998896)
(0.012899715 0.0069710083 0.053002479)
(0.012919673 0.0059465114 0.054000764)
(0.026097162 0.005919272 0.053001034)
(0.028044601 0.0059684151 0.053000708)
(0.027088703 0.0069402958 0.053000804)
(0.027082692 0.0059486661 0.053999926)
(0.028571114 0.0072677297 0.053001418)
(0.012022604 0.00799783 0.053000503)
(0.011058692 0.0090111127 0.053000063)
(0.011211816 0.0080774264 0.053999784)
(0.013958497 0.0079738003 0.053000506)
(0.01300176 0.0089942348 0.05300024)
(0.012970212 0.0079864795 0.054001604)
(0.026037938 0.0079642029 0.05300045)
(0.027971137 0.0079856744 0.053000072)
(0.0269962 0.0089886078 0.053000121)
(0.027025895 0.0079751509 0.054000035)
(0.028941475 0.0090128112 0.052999797)
(0.028786677 0.0080709616 0.05399922)
(0.012013656 0.010001521 0.052999822)
(0.011058799 0.010989981 0.052998803)
(0.011000056 0.010001714 0.053999231)
(0.013992637 0.010001312 0.053000125)
(0.01300257 0.011009024 0.052999892)
(0.013003893 0.010001426 0.054000228)
(0.026006738 0.0099981067 0.053000006)
(0.027985914 0.0099993015 0.052999833)
(0.026997258 0.011008193 0.052999532)
(0.02699542 0.009999023 0.054000066)
(0.028941337 0.010988585 0.052999827)
(0.028999967 0.0099990226 0.054000276)
(0.012025344 0.012004534 0.053000442)
(0.011422197 0.012710221 0.053007817)
(0.011213095 0.01192806 0.053995332)
(0.013960243 0.012030899 0.052999928)
(0.012907377 0.01304904 0.052999995)
(0.012971412 0.012017557 0.05400034)
(0.026040802 0.012029921 0.052999199)
(0.027972761 0.012011656 0.052999287)
(0.027094019 0.013048066 0.052997173)
(0.027025265 0.012026546 0.053998635)
(0.028582919 0.012693356 0.052999554)
(0.028794802 0.011894193 0.054000181)
(0.011958248 0.014036916 0.052998723)
(0.013905344 0.014082292 0.052998233)
(0.012711682 0.015272127 0.052995336)
(0.01291823 0.014052053 0.053999383)
(0.01489113 0.015119336 0.052997078)
(0.026099816 0.014075057 0.052999918)
(0.025111397 0.015115469 0.053000258)
(0.028050739 0.014020103 0.052998298)
(0.027297159 0.015259789 0.053003951)
(0.027083567 0.014052783 0.053999793)
(0.013646331 0.016373601 0.052985288)
(0.013151168 0.015833861 0.054001179)
(0.015921276 0.016099475 0.052997773)
(0.0147306 0.017290272 0.052996651)
(0.014888945 0.016136963 0.054000159)
(0.016954085 0.017095765 0.052997166)
(0.018993459 0.016993497 0.052999287)
(0.02100565 0.016994141 0.053000425)
(0.024075972 0.01610013 0.053000227)
(0.023036014 0.017099564 0.053001126)
(0.026331431 0.016394429 0.052992177)
(0.025266718 0.017292194 0.053001705)
(0.025126832 0.016118245 0.054002998)
(0.0268332 0.015852909 0.054000929)
(0.015968913 0.018044867 0.053001218)
(0.015259732 0.017644821 0.05399479)
(0.017991298 0.01797417 0.052997173)
(0.017327258 0.018589172 0.053003943)
(0.016743307 0.01838547 0.053990307)
(0.020001318 0.017985762 0.052999883)
(0.019013005 0.018941494 0.053000002)
(0.019003516 0.017968307 0.053999681)
(0.022002298 0.017976842 0.053001154)
(0.02098987 0.018941211 0.052999787)
(0.021000513 0.017968013 0.054000455)
(0.024019019 0.018051319 0.052999697)
(0.022728253 0.018572332 0.053001221)
(0.023280237 0.018376609 0.054003607)
(0.024704538 0.017667039 0.054003248)
(0.01726375 0.0014300929 0.05499736)
(0.01901121 0.0010586822 0.055000011)
(0.020987019 0.0010585077 0.054999552)
(0.02271521 0.0014237103 0.055002596)
(0.01597473 0.0019520229 0.054998959)
(0.014725774 0.0027131863 0.055000471)
(0.015267709 0.0023502196 0.055999607)
(0.017995166 0.0020244405 0.0549992)
(0.016959261 0.0029018353 0.054999193)
(0.016734294 0.0016179224 0.055992861)
(0.020000068 0.0020146907 0.055000045)
(0.018993326 0.0030065996 0.055000313)
(0.019000778 0.0020321102 0.055999985)
(0.022029264 0.0020331787 0.05499987)
(0.021011168 0.0030081512 0.055000456)
(0.021000099 0.0020327425 0.056000395)
(0.02402203 0.001950291 0.054999738)
(0.023069191 0.0029123103 0.055001168)
(0.023278351 0.0016226813 0.056005588)
(0.025263575 0.0027055537 0.054999974)
(0.024723119 0.0023445158 0.056007513)
(0.013661677 0.0036120255 0.054997051)
(0.012727861 0.0047052961 0.055002978)
(0.013167187 0.00414662 0.055999564)
(0.015924753 0.0038980861 0.055000147)
(0.01489493 0.0048765062 0.055000191)
(0.014879159 0.0038734349 0.056000763)
(0.024079773 0.0039005221 0.055000238)
(0.026366487 0.0036387359 0.054999211)
(0.025111561 0.0048834937 0.054999426)
(0.025106214 0.0038601817 0.056000667)
(0.027294836 0.0047369698 0.054996598)
(0.02685176 0.0041697054 0.056000516)
(0.011955265 0.0059686647 0.055001453)
(0.011420334 0.0072959215 0.055003031)
(0.013908227 0.0059148724 0.055000954)
(0.01290559 0.0069571311 0.055000296)
(0.01292513 0.0059371386 0.056002245)
(0.026098667 0.0059230912 0.054999222)
(0.028046787 0.0059725043 0.055000024)
(0.027096306 0.0069590937 0.055000661)
(0.027081671 0.0059469159 0.055998175)
(0.028587359 0.007321282 0.055000201)
(0.012024924 0.0079955007 0.055000251)
(0.011058562 0.0090124317 0.054999363)
(0.011212613 0.008074007 0.056002222)
(0.013959545 0.0079723021 0.055000951)
(0.013001962 0.0089940613 0.05500057)
(0.01297411 0.0079764034 0.05600106)
(0.026040643 0.0079698373 0.055000741)
(0.027975396 0.0079959299 0.055000523)
(0.026997743 0.0089913092 0.055000611)
(0.02702665 0.0079769546 0.056001444)
(0.028941314 0.0090111788 0.055000579)
(0.028790232 0.0080862072 0.055998335)
(0.012013505 0.01000182 0.055000134)
(0.011058722 0.010989192 0.054999872)
(0.011000096 0.010002934 0.056000123)
(0.013992372 0.010000763 0.055000791)
(0.013001497 0.011006831 0.055000567)
(0.013004278 0.010001172 0.056000927)
(0.026007671 0.009998712 0.055000732)
(0.027986285 0.0099989915 0.055000174)
(0.026997953 0.011007335 0.055000253)
(0.026996035 0.009998477 0.056001032)
(0.028941403 0.010987922 0.055000658)
(0.028999934 0.010002004 0.055999241)
(0.012022414 0.012000571 0.055001669)
(0.011427698 0.012728357 0.055003332)
(0.011214802 0.011935379 0.05599709)
(0.013958041 0.012026004 0.055000676)
(0.012899534 0.013028913 0.055000143)
(0.012972605 0.012021506 0.05600105)
(0.026041855 0.01202821 0.055000249)
(0.027973893 0.012010842 0.054998654)
(0.027096132 0.01304227 0.054999291)
(0.027028697 0.012018896 0.05600165)
(0.02856916 0.012738713 0.054996745)
(0.028786769 0.011928645 0.05600469)
(0.011955786 0.01403231 0.054999576)
(0.013901946 0.014076723 0.055000088)
(0.01271212 0.015272738 0.054996368)
(0.012918295 0.01405276 0.055997086)
(0.014887227 0.015115246 0.055001728)
(0.026104431 0.014070766 0.055000216)
(0.025123167 0.015104043 0.055001885)
(0.028052494 0.014016818 0.054997898)
(0.027284282 0.015277759 0.054995399)
(0.027083713 0.014049667 0.056000533)
(0.01362282 0.016349848 0.055015062)
(0.013164836 0.015850515 0.056002966)
(0.015920285 0.016097957 0.055001139)
(0.01471642 0.017280111 0.054999008)
(0.014886377 0.016133025 0.056000083)
(0.016952447 0.017095195 0.055001881)
(0.018992739 0.016993122 0.055000354)
(0.021006344 0.016994104 0.055000765)
(0.024082739 0.016093477 0.055001629)
(0.023026601 0.017102958 0.055003097)
(0.026408183 0.016316747 0.055005115)
(0.025277103 0.017284752 0.055001055)
(0.025127142 0.016120641 0.056002342)
(0.026841196 0.015843166 0.055998435)
(0.015992229 0.01805733 0.055001758)
(0.015264152 0.017647569 0.056002353)
(0.017985036 0.017972325 0.055001221)
(0.017256734 0.018567778 0.054997202)
(0.016690386 0.018365552 0.055997229)
(0.020001248 0.017985655 0.055000288)
(0.019009217 0.018941121 0.055000797)
(0.019001593 0.017967389 0.056000199)
(0.022000761 0.017978096 0.055002044)
(0.020991704 0.018941031 0.054999857)
(0.021002938 0.017967347 0.056000047)
(0.024017416 0.018052175 0.055000168)
(0.022720067 0.018574816 0.054993485)
(0.023295297 0.018370941 0.055997499)
(0.024721595 0.017656432 0.055990234)
(0.017222697 0.0014425462 0.057002926)
(0.019016043 0.0010582062 0.057000003)
(0.020986085 0.0010584157 0.057000063)
(0.022724757 0.0014266063 0.056998911)
(0.015977273 0.0019506635 0.057000288)
(0.014734952 0.0027066099 0.056999281)
(0.015256023 0.0023574862 0.057997976)
(0.017995141 0.0020226965 0.057004085)
(0.016977734 0.0028950332 0.05700536)
(0.016774233 0.0016028906 0.058000798)
(0.020000864 0.0020141856 0.057000723)
(0.018996133 0.003005298 0.057001971)
(0.019001399 0.0020314143 0.058001775)
(0.022010065 0.0020254688 0.057001909)
(0.021008284 0.0030067349 0.057001809)
(0.021000472 0.002032441 0.05800168)
(0.024034737 0.001957083 0.056999493)
(0.023042969 0.0029025037 0.057003736)
(0.023280947 0.0016236584 0.057996967)
(0.025259054 0.0027023139 0.056999288)
(0.024665856 0.0023089073 0.057991468)
(0.013654632 0.0036186245 0.056988371)
(0.012706745 0.0047347634 0.057000414)
(0.013155828 0.0041604609 0.058002744)
(0.015926521 0.0038977106 0.0570004)
(0.01489295 0.0048795248 0.056999101)
(0.014885944 0.003865685 0.057999607)
(0.024076619 0.003897979 0.05700107)
(0.026369946 0.003642429 0.056995717)
(0.025106053 0.0048777301 0.057000116)
(0.025103234 0.0038542338 0.057999863)
(0.027287674 0.0047269746 0.057000242)
(0.026853056 0.0041712852 0.058002314)
(0.011951818 0.0059751142 0.057000385)
(0.011433218 0.007253447 0.057003112)
(0.013904914 0.0059186535 0.057000089)
(0.012908737 0.0069465639 0.056998401)
(0.012918249 0.0059453521 0.058001258)
(0.026094003 0.0059168566 0.057000489)
(0.028046824 0.0059725725 0.057001541)
(0.027089431 0.0069417014 0.057001919)
(0.027076447 0.0059387559 0.058001105)
(0.028576967 0.0072870239 0.05699583)
(0.012029652 0.0079803392 0.056999272)
(0.011058 0.0090181315 0.057000041)
(0.011207171 0.0080973461 0.05800245)
(0.013960347 0.0079687613 0.057001276)
(0.0130027 0.0089922254 0.057001268)
(0.012972824 0.0079790651 0.058001001)
(0.026039215 0.0079657349 0.057002489)
(0.027969527 0.00797779 0.057001088)
(0.026997222 0.0089884445 0.057002022)
(0.027025737 0.0079724881 0.058003198)
(0.028941408 0.0090121299 0.05700078)
(0.028785823 0.0080672981 0.058000371)
(0.012013869 0.010001862 0.057000816)
(0.01105885 0.01099049 0.057000252)
(0.011000048 0.010001463 0.058000602)
(0.013992532 0.010001139 0.057002434)
(0.013002624 0.011009895 0.057001624)
(0.013003907 0.010002066 0.058003566)
(0.026008109 0.0099974696 0.057002803)
(0.027986291 0.0099967438 0.057000831)
(0.026998596 0.011005401 0.057001887)
(0.026996617 0.0099973949 0.058003749)
(0.028942007 0.01098179 0.057000127)
(0.02899993 0.0099978757 0.058000441)
(0.012026554 0.012008689 0.056999071)
(0.011421262 0.012707137 0.057004826)
(0.011212604 0.011925953 0.058000561)
(0.013959741 0.012031493 0.057001876)
(0.012907592 0.013051253 0.05699919)
(0.012975481 0.012029199 0.058003313)
(0.026042167 0.012026849 0.057002553)
(0.027973916 0.012010059 0.057000236)
(0.027095114 0.013043237 0.057002405)
(0.027029344 0.012017587 0.058002653)
(0.028555226 0.012784647 0.057000143)
(0.028788157 0.011922694 0.057995563)
(0.011950605 0.014022616 0.057000892)
(0.013900826 0.014077062 0.05700002)
(0.012706138 0.015264389 0.056997544)
(0.01292148 0.014058702 0.058000354)
(0.014887033 0.015114359 0.057001291)
(0.026095922 0.014079903 0.057001015)
(0.025108515 0.015119626 0.057000608)
(0.028052436 0.014016928 0.057000099)
(0.027268027 0.015300442 0.056999724)
(0.027083198 0.01405042 0.058001896)
(0.013617578 0.016344252 0.057006469)
(0.013155222 0.015838801 0.058000508)
(0.01592279 0.016099321 0.057001699)
(0.014734247 0.017292885 0.057003109)
(0.014890361 0.01613577 0.057998908)
(0.016966514 0.017100656 0.057000504)
(0.018995633 0.016993834 0.057001285)
(0.02100876 0.016993576 0.057001217)
(0.024076308 0.016100838 0.057000852)
(0.023037159 0.017099639 0.056999863)
(0.026347571 0.016379313 0.056991717)
(0.02525621 0.017299724 0.057000555)
(0.025112313 0.016134185 0.058002386)
(0.026845101 0.015838408 0.058000617)
(0.015978199 0.018049831 0.056998475)
(0.015311593 0.01767707 0.058002663)
(0.018003405 0.01797808 0.057000166)
(0.017224217 0.018557914 0.057001389)
(0.016711817 0.018373618 0.057995888)
(0.020003742 0.017985671 0.057000699)
(0.019015116 0.018941702 0.057000351)
(0.019001779 0.017967855 0.058001623)
(0.022006074 0.017975732 0.057000446)
(0.020990836 0.018941116 0.056999909)
(0.021003993 0.01796709 0.058001191)
(0.024022271 0.01804958 0.056999469)
(0.02274117 0.018568414 0.057003015)
(0.023316149 0.018363093 0.057992044)
(0.024726941 0.017653108 0.057998715)
(0.017272325 0.0014274917 0.059005647)
(0.019010794 0.0010587232 0.059002917)
(0.020992386 0.0010590363 0.059002335)
(0.022709894 0.0014220978 0.058999879)
(0.015975471 0.0019516271 0.05900158)
(0.014734145 0.0027071878 0.058998159)
(0.015301601 0.0023291438 0.060014116)
(0.017981715 0.0020284962 0.059003961)
(0.016949707 0.0029054591 0.059005058)
(0.016719447 0.0016235106 0.060007805)
(0.020000001 0.0020142129 0.05900395)
(0.01899207 0.0030059261 0.059006828)
(0.018998686 0.0020318012 0.060010685)
(0.022011383 0.002026564 0.059003851)
(0.02100969 0.0030065214 0.059006696)
(0.021002102 0.0020322437 0.060010335)
(0.024011043 0.0019444181 0.05900268)
(0.02305298 0.0029064153 0.059005374)
(0.023312051 0.0016353649 0.06000422)
(0.025301402 0.0027326603 0.059006176)
(0.02472416 0.0023451634 0.060000332)
(0.01364713 0.0036256506 0.058991004)
(0.012721166 0.0047146383 0.059009455)
(0.013165733 0.0041483916 0.0600079)
(0.015921422 0.0039001869 0.059004607)
(0.01489021 0.0048815195 0.059003914)
(0.014877508 0.0038744538 0.060009121)
(0.024079168 0.0038984913 0.059007404)
(0.02631543 0.0035905843 0.059005553)
(0.025104485 0.0048752108 0.059007489)
(0.025121172 0.0038723864 0.060011189)
(0.027298433 0.0047419893 0.059010267)
(0.026843458 0.0041595892 0.060009027)
(0.011958151 0.0059632654 0.059007257)
(0.011425386 0.0072792675 0.059003966)
(0.013903595 0.0059192271 0.05900557)
(0.012908213 0.0069467318 0.058999239)
(0.012913711 0.0059530842 0.060011004)
(0.026093338 0.0059176663 0.059007223)
(0.028058042 0.0059935603 0.059003208)
(0.027096889 0.0069594699 0.059001045)
(0.027080046 0.0059432214 0.060012949)
(0.028570135 0.0072645033 0.059002443)
(0.012027112 0.0079892347 0.058998379)
(0.011057723 0.009020951 0.059003048)
(0.011215477 0.008061723 0.060002774)
(0.013957641 0.0079704367 0.0590064)
(0.013000636 0.0089935747 0.059006214)
(0.012969012 0.0079800603 0.060012196)
(0.026041504 0.0079676387 0.059008006)
(0.027974299 0.0079896673 0.059001492)
(0.02699913 0.0089897402 0.059007019)
(0.027028636 0.0079742699 0.060014457)
(0.02894125 0.0090105225 0.059001294)
(0.028790797 0.0080886283 0.060010024)
(0.012013275 0.010003092 0.059004805)
(0.011058629 0.010988245 0.059002764)
(0.011000017 0.010000535 0.060006644)
(0.013989891 0.010001716 0.059008733)
(0.013001329 0.011010699 0.059007645)
(0.012999516 0.010001131 0.060014293)
(0.026010292 0.0099978605 0.059009143)
(0.027986924 0.0099984691 0.059004409)
(0.026999921 0.011006311 0.05900748)
(0.026999925 0.0099981605 0.060014551)
(0.028941301 0.01098895 0.059002354)
(0.02899988 0.0099963687 0.060006237)
(0.012028949 0.012014281 0.059004431)
(0.011430742 0.012738389 0.058998098)
(0.011210878 0.011918551 0.060007548)
(0.013958639 0.012033449 0.059008792)
(0.01291112 0.0130614 0.059006357)
(0.012969088 0.012020641 0.060014698)
(0.026043816 0.012027152 0.059008805)
(0.027975084 0.012009453 0.059003426)
(0.027098337 0.013037232 0.059005573)
(0.02702983 0.012022735 0.060015289)
(0.028585444 0.012685032 0.058999791)
(0.028785306 0.011934921 0.060006392)
(0.011951003 0.014023361 0.058999734)
(0.013901659 0.014079668 0.059006391)
(0.012722172 0.015286766 0.059007184)
(0.012915589 0.014049507 0.06001045)
(0.014886162 0.015114278 0.059007102)
(0.026101606 0.014073815 0.059005425)
(0.02511779 0.015110636 0.0590049)
(0.02805153 0.014018622 0.059001392)
(0.027290985 0.015268405 0.058998444)
(0.027080099 0.014056533 0.060010235)
(0.013604527 0.016330317 0.059006466)
(0.01314897 0.015831182 0.060012158)
(0.015919751 0.016098088 0.059007106)
(0.014735464 0.017293757 0.05900891)
(0.014886427 0.016133753 0.060012016)
(0.016949669 0.017094755 0.0590047)
(0.018992691 0.016994155 0.059006756)
(0.021008145 0.016994726 0.059007185)
(0.024082628 0.016095992 0.059005602)
(0.023037443 0.017099386 0.059008169)
(0.026402832 0.01632246 0.059000334)
(0.025289459 0.017275898 0.058998834)
(0.02511111 0.016136343 0.060007066)
(0.026838194 0.015846824 0.060008131)
(0.01597158 0.018046293 0.058998217)
(0.01529812 0.017668692 0.060007943)
(0.017988843 0.01797337 0.059004634)
(0.017242635 0.018563501 0.058999884)
(0.016696493 0.018367851 0.060003183)
(0.020001316 0.017986027 0.059004643)
(0.019013384 0.018941532 0.059002524)
(0.018999931 0.017968552 0.060010709)
(0.022007177 0.017975808 0.059005786)
(0.020992073 0.018940994 0.059002216)
(0.021000585 0.017969022 0.060011349)
(0.024021917 0.01804977 0.059001729)
(0.022739522 0.018568914 0.059002368)
(0.023277448 0.018377659 0.060014667)
(0.024709419 0.017664004 0.060010221)
(0.017331747 0.0014094663 0.061028867)
(0.019012749 0.0010585306 0.061019389)
(0.020987386 0.0010585438 0.061017477)
(0.022730731 0.0014284187 0.06102364)
(0.015980024 0.0019491932 0.061024113)
(0.014738149 0.0027043189 0.061024853)
(0.015194066 0.0023960133 0.062074897)
(0.01799199 0.0020240774 0.061022639)
(0.016953179 0.0029019661 0.061025294)
(0.016730516 0.0016193444 0.06204984)
(0.019999491 0.0020112006 0.061023621)
(0.018990861 0.0029990734 0.061025263)
(0.01899741 0.0020228942 0.062045934)
(0.022017828 0.002027849 0.061023345)
(0.021009953 0.0029993017 0.061025158)
(0.020998987 0.0020219591 0.062046443)
(0.024023751 0.0019512108 0.061024529)
(0.023063223 0.0029077215 0.061026054)
(0.023235334 0.0016064909 0.06204696)
(0.025285454 0.0027212321 0.061021845)
(0.024743623 0.002357266 0.062056507)
(0.013615713 0.0036577407 0.061019391)
(0.012704134 0.0047384073 0.061022909)
(0.013157705 0.0041581739 0.062050992)
(0.015916421 0.0039016023 0.061026818)
(0.014880806 0.0048902994 0.06102572)
(0.0148754 0.0038733221 0.062048899)
(0.016938872 0.0039115012 0.062038996)
(0.018980823 0.003959305 0.062029239)
(0.021014153 0.0039567236 0.062029119)
(0.024080324 0.0038960124 0.061026654)
(0.02305377 0.0039048401 0.062038273)
(0.026329843 0.0036040836 0.06101434)
(0.025105212 0.0048739071 0.061025008)
(0.025106418 0.0038543044 0.062051143)
(0.027278257 0.0047138338 0.061017633)
(0.026858679 0.0041781361 0.062044662)
(0.011950275 0.0059780018 0.061017682)
(0.011420448 0.0072955442 0.061024192)
(0.013893441 0.0059277591 0.061026002)
(0.012900145 0.0069579584 0.061024134)
(0.012911536 0.0059486686 0.062050832)
(0.014899877 0.0059197632 0.062037055)
(0.016947026 0.0059444646 0.062019137)
(0.018983954 0.0059660709 0.062011879)
(0.021012402 0.0059638244 0.062011843)
(0.0230467 0.0059371047 0.062019166)
(0.026093348 0.0059102848 0.061026102)
(0.025088412 0.0059043593 0.062037801)
(0.028047468 0.0059737789 0.06102006)
(0.027094212 0.0069456508 0.061027015)
(0.027080083 0.0059336806 0.062051766)
(0.028584007 0.0073102332 0.061016225)
(0.012024967 0.0079873266 0.061022538)
(0.011058332 0.0090147647 0.061018669)
(0.011203891 0.0081114123 0.062053336)
(0.013947927 0.0079721086 0.061023819)
(0.012992037 0.0089930453 0.061024965)
(0.012952893 0.0079832934 0.06204276)
(0.014941101 0.0079681675 0.062022007)
(0.016968287 0.0079774601 0.062009508)
(0.018990593 0.007985485 0.062005306)
(0.021007878 0.0079844406 0.062005309)
(0.023029316 0.0079736916 0.062009656)
(0.026047748 0.0079618621 0.06102561)
(0.025055194 0.0079591265 0.062022885)
(0.02797398 0.0079850266 0.061026127)
(0.027005936 0.0089874756 0.061026108)
(0.027038726 0.0079585985 0.062045234)
(0.028941829 0.009016407 0.061019272)
(0.02878234 0.0080523615 0.062046017)
(0.012009556 0.0099999603 0.061024886)
(0.011058699 0.01098896 0.061019519)
(0.011000028 0.0099991493 0.062045975)
(0.013977985 0.010001086 0.061022965)
(0.012992251 0.011009304 0.061026133)
(0.012979804 0.010001121 0.06203855)
(0.01495892 0.010000235 0.062017617)
(0.01697667 0.0099999511 0.062007104)
(0.018993144 0.010000012 0.062003764)
(0.02100614 0.0099999553 0.062003768)
(0.023022209 0.0099997415 0.0620072)
(0.02602049 0.0099983991 0.061023614)
(0.025039243 0.0099993428 0.062018054)
(0.027989978 0.0099984249 0.061024177)
(0.027006588 0.011008956 0.061026522)
(0.027018418 0.0099982778 0.062039256)
(0.028941648 0.010985437 0.061018317)
(0.028999936 0.0099980588 0.062046628)
(0.012022894 0.012007297 0.061026158)
(0.011442106 0.012775851 0.061011073)
(0.011211243 0.011920117 0.062048083)
(0.013948474 0.012031157 0.061025539)
(0.012899591 0.013041448 0.06102743)
(0.012956931 0.012031519 0.062044455)
(0.01494033 0.012033305 0.062022588)
(0.016968317 0.012022472 0.062009546)
(0.018990871 0.012014755 0.062005264)
(0.021008141 0.012015621 0.062005277)
(0.023029927 0.012025767 0.062009619)
(0.026049288 0.012034157 0.061026639)
(0.025056108 0.012039795 0.062023021)
(0.027976419 0.012006947 0.061026811)
(0.02709764 0.013046109 0.061030421)
(0.027039402 0.01203763 0.062045576)
(0.028584158 0.012689269 0.061026217)
(0.028791479 0.011908445 0.062051653)
(0.011951691 0.014024649 0.061020155)
(0.013897538 0.014076562 0.061026796)
(0.012690855 0.015243062 0.061024146)
(0.012913595 0.014056777 0.062051953)
(0.014890372 0.015118459 0.061025167)
(0.014901685 0.014081172 0.062038061)
(0.016948876 0.014055912 0.062018855)
(0.018985085 0.014035212 0.062011646)
(0.02101287 0.01403685 0.062011725)
(0.02304788 0.01406201 0.062018884)
(0.026098392 0.014084114 0.061030488)
(0.025111832 0.015118881 0.061028171)
(0.02509245 0.014092406 0.062038284)
(0.028044225 0.014032289 0.061020675)
(0.027283371 0.01527903 0.061035188)
(0.027084515 0.014060452 0.062054596)
(0.013667031 0.016392989 0.061011598)
(0.013162729 0.015847947 0.062055432)
(0.015921404 0.016103184 0.06102553)
(0.014738003 0.017295577 0.061021151)
(0.014877706 0.016130096 0.062050345)
(0.016956773 0.017099658 0.061022787)
(0.016941188 0.016090252 0.062036844)
(0.018991577 0.017002257 0.061024833)
(0.0189826 0.016043506 0.062028678)
(0.021006185 0.017002893 0.061025813)
(0.021014474 0.01604479 0.06202932)
(0.024080596 0.016101715 0.061026061)
(0.023033964 0.017103095 0.061025246)
(0.023054614 0.016094254 0.062037144)
(0.026368832 0.016358761 0.06103621)
(0.025288339 0.017276701 0.061014377)
(0.025111701 0.016140797 0.062048848)
(0.026831959 0.015854421 0.062048081)
(0.01596758 0.018044155 0.0610232)
(0.015336023 0.017692262 0.06205631)
(0.01799948 0.017978005 0.061022261)
(0.017270966 0.018572095 0.061021935)
(0.016718982 0.018376315 0.062043922)
(0.019999173 0.017989528 0.06102275)
(0.019008924 0.018941092 0.061018993)
(0.018996575 0.017977893 0.062045922)
(0.0220027 0.017978885 0.061023747)
(0.020984689 0.018941721 0.061019769)
(0.021000668 0.017977973 0.062047943)
(0.024023842 0.018048741 0.061024021)
(0.022712895 0.018576991 0.061008794)
(0.023276692 0.018377943 0.062044593)
(0.024710376 0.017663409 0.062052602)
(0.01724701 0.0014351707 0.063095306)
(0.019006432 0.0010591528 0.063081047)
(0.020989236 0.0010587261 0.063082744)
(0.0227497 0.0014341729 0.063087029)
(0.015966311 0.0019565232 0.063104014)
(0.014724989 0.0027137491 0.063096933)
(0.017983601 0.0020038545 0.06308666)
(0.016932556 0.0028867137 0.063082372)
(0.019997403 0.0019820855 0.063075224)
(0.018980399 0.002958268 0.063048548)
(0.022018792 0.0020023238 0.063085418)
(0.021013069 0.0029551832 0.063048337)
(0.02403562 0.0019575545 0.063097069)
(0.023053338 0.0028777018 0.063077303)
(0.025257976 0.0027015419 0.06309856)
(0.013643773 0.0036287946 0.06309081)
(0.012716887 0.0047206102 0.063097888)
(0.015897036 0.0038840717 0.063065231)
(0.014869964 0.0048776641 0.063059557)
(0.017954488 0.0039310549 0.063033079)
(0.016933817 0.0049230994 0.063025599)
(0.016907705 0.0038840406 0.064033305)
(0.019997052 0.0039516011 0.063024189)
(0.018980813 0.0049568653 0.063014387)
(0.018975091 0.003937516 0.064013258)
(0.022037211 0.0039229205 0.063032339)
(0.021014028 0.0049535463 0.063014283)
(0.021017171 0.0039319403 0.064013125)
(0.024086797 0.0038697775 0.063064612)
(0.023056114 0.0049127523 0.063025233)
(0.023076386 0.0038656039 0.064032467)
(0.026327519 0.0036019064 0.063095232)
(0.025112216 0.0048608614 0.063060063)
(0.027296826 0.0047397462 0.063096734)
(0.011958529 0.0059625591 0.06309784)
(0.011448977 0.0072014967 0.063100978)
(0.013879476 0.0059067164 0.063063789)
(0.012878373 0.0069496205 0.063075598)
(0.015921503 0.0059288134 0.06302309)
(0.014916719 0.0069426856 0.063025104)
(0.014880247 0.0059022831 0.064024147)
(0.017969265 0.0059606749 0.063010516)
(0.016961905 0.006965785 0.063009362)
(0.01695272 0.0059518166 0.064006137)
(0.01999846 0.0059717203 0.063007566)
(0.0189896 0.0069805388 0.06300505)
(0.018988758 0.0059773177 0.064002858)
(0.022026021 0.0059556903 0.063010446)
(0.021008298 0.006979006 0.063005039)
(0.021008569 0.0059750775 0.064002843)
(0.024069174 0.0059176117 0.063023251)
(0.023034283 0.0069603428 0.063009437)
(0.023040644 0.0059437856 0.064006102)
(0.026112386 0.0058939362 0.063064996)
(0.025078127 0.0069315787 0.063025986)
(0.02510814 0.0058855189 0.064024352)
(0.028041977 0.0059635061 0.06310119)
(0.027120974 0.0069404146 0.063081347)
(0.028571589 0.0072692956 0.063107885)
(0.012000955 0.0079809031 0.06308376)
(0.011059196 0.0090059925 0.063084621)
(0.013923972 0.007963037 0.063031889)
(0.01295028 0.0089854924 0.063048719)
(0.012883434 0.007949887 0.064049172)
(0.015956876 0.0079734973 0.063010363)
(0.014952104 0.0089847232 0.063014273)
(0.014939731 0.0079669895 0.064007717)
(0.01798413 0.0079857392 0.063004387)
(0.016978837 0.0089911615 0.063005048)
(0.016980854 0.0079861937 0.064002145)
(0.019999469 0.0079896191 0.063003067)
(0.018994426 0.0089949715 0.06300257)
(0.018996019 0.0079941893 0.064001028)
(0.022014406 0.0079837855 0.063004405)
(0.021004909 0.0089945541 0.063002569)
(0.021003442 0.007993601 0.064001027)
(0.024041025 0.0079682997 0.063010653)
(0.023020215 0.0089895805 0.063005123)
(0.0230182 0.0079836943 0.064002179)
(0.026075379 0.0079529587 0.063033611)
(0.025047001 0.0089809524 0.063014731)
(0.02506071 0.0079602895 0.064008066)
(0.027998631 0.0079745886 0.063089584)
(0.027049218 0.0089797799 0.063049902)
(0.027125003 0.0079367682 0.064052773)
(0.028941354 0.0090115835 0.063083935)
(0.011977825 0.009999362 0.06307809)
(0.011059295 0.010995014 0.063087385)
(0.013945411 0.0099998066 0.063024341)
(0.012947643 0.011015163 0.063049691)
(0.012903957 0.009998791 0.064032869)
(0.01596943 0.009999734 0.063007605)
(0.014950241 0.011014647 0.063014485)
(0.014958167 0.0099992865 0.064005125)
(0.017989044 0.0099999373 0.063003084)
(0.016978554 0.011008468 0.063005067)
(0.016988437 0.0099997883 0.06400146)
(0.019999779 0.010000004 0.063002102)
(0.018994481 0.011005057 0.063002561)
(0.018997792 0.0099999854 0.064000684)
(0.022010378 0.009999907 0.063003099)
(0.021005001 0.011005419 0.063002563)
(0.021002068 0.0099999903 0.064000684)
(0.024029567 0.0099996843 0.063007759)
(0.023020457 0.011010027 0.063005115)
(0.023011377 0.0099998862 0.064001479)
(0.026052924 0.0099992767 0.063024943)
(0.025047114 0.011018242 0.063014781)
(0.02504131 0.0099996027 0.06400525)
(0.028021879 0.0099977594 0.063079319)
(0.027047429 0.011018899 0.063051046)
(0.027094739 0.0099989063 0.064033569)
(0.028941594 0.010985977 0.06309192)
(0.011999918 0.01202034 0.063088977)
(0.011426166 0.012723304 0.063075721)
(0.013919305 0.012037808 0.063032901)
(0.012878152 0.013061397 0.063077565)
(0.012864441 0.012049456 0.064050296)
(0.015955738 0.012025526 0.063010511)
(0.014914544 0.013055157 0.063025743)
(0.01493452 0.012030056 0.064007907)
(0.017984286 0.012014218 0.063004361)
(0.016962519 0.013033617 0.063009318)
(0.016980469 0.012013027 0.064002149)
(0.019999657 0.012010583 0.063003043)
(0.018990179 0.013020049 0.063004971)
(0.018996119 0.012005926 0.064001017)
(0.022014713 0.012016047 0.063004376)
(0.021008602 0.013021288 0.063004985)
(0.02100351 0.012006454 0.064001019)
(0.024041853 0.012031084 0.063010611)
(0.023035256 0.013039046 0.063009318)
(0.023018648 0.01201592 0.064002161)
(0.026074459 0.012048462 0.063033444)
(0.025080306 0.013068611 0.063025882)
(0.025061351 0.012038852 0.064007993)
(0.027993603 0.0120305 0.063087438)
(0.027110097 0.013088602 0.063079524)
(0.02712065 0.012065009 0.06405169)
(0.028566439 0.01274768 0.063103606)
(0.011951686 0.014024639 0.063096445)
(0.01387536 0.014088232 0.063065832)
(0.012709581 0.015269195 0.063098617)
(0.015923347 0.014068485 0.063023113)
(0.014870776 0.015115513 0.063060633)
(0.014879846 0.014087088 0.064024416)
(0.017971041 0.014040367 0.063010245)
(0.016938058 0.015077901 0.063024654)
(0.016955478 0.014047256 0.064005988)
(0.019999107 0.014029533 0.063007463)
(0.018982763 0.015046061 0.06301404)
(0.018989797 0.014024224 0.064002789)
(0.022026518 0.014044249 0.063010273)
(0.021014351 0.015047863 0.06301421)
(0.021008649 0.014025616 0.064002803)
(0.024071885 0.014080614 0.063022868)
(0.023057163 0.015085892 0.063024421)
(0.023041729 0.014055087 0.06400593)
(0.026116539 0.014105986 0.063065931)
(0.025119329 0.015133949 0.063058527)
(0.025112827 0.0141129 0.064024207)
(0.02804056 0.014039146 0.063101934)
(0.027293792 0.015264488 0.063102895)
(0.013637308 0.01636515 0.063104358)
(0.015900902 0.016115012 0.063062935)
(0.01470808 0.017274134 0.063089698)
(0.017958741 0.016073879 0.063031553)
(0.016941146 0.017118751 0.063075584)
(0.016917279 0.016123057 0.064030949)
(0.019998167 0.016052002 0.063024197)
(0.018983329 0.017046428 0.063047668)
(0.018978495 0.016069611 0.064012899)
(0.022037296 0.016077182 0.063032118)
(0.021012585 0.017047385 0.063049926)
(0.021016935 0.016071459 0.06401317)
(0.024090479 0.016126331 0.063061001)
(0.023053123 0.017121727 0.063075405)
(0.023075479 0.016131764 0.064030142)
(0.026352565 0.016374635 0.0630875)
(0.025271246 0.017288949 0.063088302)
(0.015978626 0.018050059 0.06309876)
(0.017987513 0.017999444 0.063083242)
(0.017229993 0.018559666 0.063075381)
(0.019997339 0.018020362 0.063077065)
(0.019007781 0.01894098 0.063080613)
(0.022024972 0.017997132 0.063091811)
(0.020979491 0.018942233 0.063091866)
(0.02402428 0.018048507 0.063092885)
(0.022704304 0.018579597 0.063095735)
(0.01794713 0.0039179813 0.064999998)
(0.016934479 0.0049277347 0.064999998)
(0.019997169 0.0039436626 0.064999998)
(0.018985531 0.0049685351 0.064999998)
(0.022041691 0.003901069 0.064999998)
(0.021010559 0.0049647974 0.064999998)
(0.023053781 0.0049131679 0.064999998)
(0.015927121 0.0059357373 0.064999998)
(0.014920051 0.0069423551 0.064999998)
(0.017981297 0.0059773934 0.064999998)
(0.01697875 0.0069810269 0.064999998)
(0.019999407 0.0059878378 0.064999998)
(0.01899656 0.0069944043 0.064999998)
(0.022015744 0.0059732423 0.064999998)
(0.021002915 0.0069936408 0.064999998)
(0.024062163 0.0059230808 0.064999998)
(0.023019399 0.006977495 0.064999998)
(0.025076297 0.0069334739 0.064999998)
(0.01390709 0.0079544959 0.064999998)
(0.012879976 0.0089734006 0.064999998)
(0.015974806 0.0079837561 0.064999998)
(0.014963744 0.0089879302 0.064999998)
(0.017995618 0.0079960704 0.064999998)
(0.016993679 0.0089969579 0.064999998)
(0.019999969 0.0079985221 0.064999998)
(0.018999379 0.0089994274 0.064999998)
(0.02200422 0.0079952943 0.064999998)
(0.02100065 0.0089993397 0.064999998)
(0.024025404 0.0079805279 0.064999998)
(0.023006514 0.008996406 0.064999998)
(0.026102501 0.0079455709 0.064999998)
(0.025037929 0.0089856668 0.064999998)
(0.027118994 0.0089669942 0.064999998)
(0.013933674 0.0099986946 0.064999998)
(0.012870645 0.011023982 0.064999998)
(0.015986149 0.0099996346 0.064999998)
(0.014960049 0.011010217 0.064999998)
(0.017998397 0.0099999514 0.064999998)
(0.01699331 0.011002649 0.064999998)
(0.020000013 0.010000004 0.064999998)
(0.018999354 0.011000568 0.064999998)
(0.022001677 0.0099999858 0.064999998)
(0.021000653 0.011000665 0.064999998)
(0.024014066 0.0099998549 0.064999998)
(0.023006655 0.011003437 0.064999998)
(0.026067123 0.0099995934 0.064999998)
(0.025038391 0.011013657 0.064999998)
(0.027112485 0.011028004 0.064999998)
(0.013892291 0.012040881 0.064999998)
(0.015972722 0.012014507 0.064999998)
(0.014914831 0.013048954 0.064999998)
(0.017995576 0.012003817 0.064999998)
(0.016979136 0.013017861 0.064999998)
(0.019999955 0.012001567 0.064999998)
(0.018996766 0.013005973 0.064999998)
(0.022004257 0.012004584 0.064999998)
(0.021002864 0.013006525 0.064999998)
(0.024026153 0.01201884 0.064999998)
(0.023019932 0.013021888 0.064999998)
(0.026099712 0.012053294 0.064999998)
(0.025082952 0.013066654 0.064999998)
(0.015931245 0.01405902 0.064999998)
(0.017982836 0.014023716 0.064999998)
(0.016941573 0.015074843 0.064999998)
(0.019999558 0.014013192 0.064999998)
(0.018987503 0.015035544 0.064999998)
(0.022015664 0.014026542 0.064999998)
(0.02101012 0.015036763 0.064999998)
(0.024065937 0.014074166 0.064999998)
(0.023053028 0.015084613 0.064999998)
(0.017953269 0.016092936 0.064999998)
(0.01999817 0.016061374 0.064999998)
(0.022040243 0.016096132 0.064999998)
(0.011205604 0.0080978083 2.9785136e-38)
(0.011 0.01 -1.3888386e-41)
(0.011197915 0.01190591 -1.926044e-31)
(0.01315338 0.0041634431 -9.5373758e-43)
(0.012921294 0.0059515027 2.8843507e-37)
(0.012976434 0.007981275 -6.5543696e-34)
(0.013001879 0.0099970683 -4.3882486e-31)
(0.012975285 0.012012301 -1.8225051e-28)
(0.012919764 0.014046268 -2.5712023e-23)
(0.013153972 0.015836071 1.9976537e-18)
(0.015293305 0.0023109163 -1.4028523e-46)
(0.014891634 0.0038818487 -1.6917616e-40)
(0.014888204 0.016115826 4.2672098e-19)
(0.015304379 0.01767339 1.2610414e-14)
(0.016693446 0.001625737 -8.3380913e-46)
(0.016693446 0.018374264 5.3482672e-14)
(0.019001317 0.0020278773 -1.7496392e-45)
(0.018999509 0.017971972 5.6779152e-15)
(0.020999916 0.0020323493 4.3086815e-45)
(0.020998997 0.017977375 5.2977818e-15)
(0.023301077 0.0016324333 -4.7791888e-45)
(0.023301077 0.018367567 3.5827109e-14)
(0.024702406 0.0023159782 6.4307794e-48)
(0.025103622 0.0038757868 -4.7944409e-41)
(0.025110189 0.016117243 1.1171947e-19)
(0.024702407 0.017684022 -5.6888161e-15)
(0.026850138 0.0041581118 -2.164988e-41)
(0.027075826 0.0059494906 2.2303115e-37)
(0.027022764 0.007980388 -6.5285362e-34)
(0.026998191 0.009999735 -3.8391879e-31)
(0.027023393 0.012018378 2.8924195e-29)
(0.027077035 0.014049593 -4.0545633e-25)
(0.026850138 0.015841888 -4.815895e-19)
(0.028794396 0.008097808 3.4680925e-38)
(0.028999999 0.01 -1.477666e-38)
(0.028802085 0.01190591 -1.2845867e-27)
(0.016949936 0.0039172301 0.00089057629)
(0.023058612 0.0039204559 0.00099099554)
(0.016942785 0.016078432 0.00096058612)
(0.023051465 0.016079368 0.00099582563)
(0.016949237 0.0039142321 0.0029071146)
(0.023062717 0.0039185554 0.0029889431)
(0.016944214 0.016082572 0.0029678297)
(0.023056865 0.016080256 0.0029969118)
(0.016949698 0.0039137416 0.0049691267)
(0.023066082 0.0039198173 0.0049950492)
(0.016945858 0.016083511 0.0049898599)
(0.023058441 0.016081011 0.0049987382)
(0.016941996 0.0039163632 0.0069912912)
(0.023065874 0.0039201565 0.0069977161)
(0.016939649 0.016081282 0.0069976791)
(0.023059026 0.016080747 0.0069976085)
(0.01694487 0.0039157802 0.0089971149)
(0.023066427 0.0039201261 0.0089979679)
(0.016939956 0.016082072 0.0089989859)
(0.023055707 0.016083258 0.0089992479)
(0.016941737 0.0039168982 0.010998141)
(0.023054718 0.0039165914 0.011000436)
(0.016949345 0.016085624 0.010998746)
(0.023053537 0.016084356 0.010999821)
(0.016936699 0.0039197655 0.012998878)
(0.023059426 0.0039195426 0.012999192)
(0.016942372 0.016081369 0.012999207)
(0.02305744 0.01608256 0.013000255)
(0.016937986 0.0039196815 0.015000639)
(0.023059869 0.0039189769 0.014998302)
(0.016942925 0.016081663 0.014999057)
(0.023056534 0.016083001 0.015000021)
(0.016949576 0.0039148544 0.016999557)
(0.023048604 0.003914317 0.016998288)
(0.016953353 0.016087245 0.016999149)
(0.023057804 0.016083138 0.017000203)
(0.016956985 0.0039113533 0.018999711)
(0.023046938 0.003912565 0.019000242)
(0.016946745 0.0160837 0.019000131)
(0.023054581 0.016082753 0.018999576)
(0.016947668 0.0039150015 0.02100165)
(0.023045341 0.003912848 0.021001144)
(0.016943324 0.01608333 0.021000276)
(0.023047657 0.016085499 0.021000081)
(0.016942054 0.0039187755 0.023000557)
(0.023049571 0.0039130822 0.023000574)
(0.016943783 0.01608357 0.022999607)
(0.023051447 0.016084232 0.023000383)
(0.016945539 0.0039156283 0.02499924)
(0.023051666 0.0039135951 0.025000603)
(0.016942432 0.016082591 0.024999265)
(0.023052936 0.016084123 0.024999304)
(0.016944029 0.0039164215 0.027000126)
(0.023056203 0.0039159115 0.027000057)
(0.016943755 0.016082931 0.026998711)
(0.023053164 0.016083599 0.026998765)
(0.016939746 0.0039177012 0.029000645)
(0.023063053 0.0039194237 0.028999624)
(0.016948851 0.016084666 0.029001397)
(0.023060741 0.016080546 0.029000293)
(0.016943746 0.0039165484 0.030998642)
(0.023059304 0.0039166483 0.030999886)
(0.016943516 0.016082765 0.031000727)
(0.023054963 0.016082575 0.031000589)
(0.016945848 0.0039156792 0.033000917)
(0.023059663 0.003917682 0.032999513)
(0.016946805 0.016085211 0.033000754)
(0.023059854 0.016080582 0.033000896)
(0.016942225 0.0039171909 0.035000263)
(0.02306102 0.0039180464 0.034999938)
(0.0169407 0.016082455 0.034999934)
(0.023053398 0.016084784 0.035001269)
(0.016944414 0.0039163338 0.036998302)
(0.023057751 0.0039167536 0.036999826)
(0.01694565 0.016084436 0.037000866)
(0.023052464 0.016085318 0.037000192)
(0.016949763 0.0039141506 0.039000501)
(0.023060082 0.0039181421 0.03900036)
(0.016945219 0.016083745 0.03900134)
(0.023049959 0.016084678 0.039000258)
(0.016947028 0.0039153807 0.040999319)
(0.023055991 0.00391524 0.041001266)
(0.016944692 0.016083849 0.04100019)
(0.023055175 0.016083701 0.040999217)
(0.016940183 0.0039183666 0.043000566)
(0.023043082 0.0039106586 0.043001394)
(0.016947906 0.016084808 0.043000799)
(0.023052461 0.016084452 0.043000239)
(0.016947367 0.0039162262 0.045000846)
(0.023051114 0.0039140892 0.045000645)
(0.016940131 0.016081274 0.045000102)
(0.023060764 0.016080702 0.045000356)
(0.016947194 0.0039170826 0.046998875)
(0.023047851 0.0039123769 0.04699992)
(0.016929349 0.016075919 0.047000983)
(0.023056476 0.016082733 0.046999833)
(0.016943881 0.0039170558 0.04900041)
(0.023047013 0.0039118978 0.048998948)
(0.016944046 0.01608334 0.049000563)
(0.023061841 0.016079399 0.049000518)
(0.016938376 0.003919275 0.051000398)
(0.023055923 0.0039150543 0.050999758)
(0.016944652 0.016084473 0.050998762)
(0.023059825 0.016080704 0.051001037)
(0.016947127 0.0039151105 0.05300159)
(0.023057075 0.0039169788 0.053000837)
(0.016945619 0.01608397 0.052998236)
(0.023050679 0.016085028 0.053000882)
(0.016948178 0.0039143208 0.055000381)
(0.023062561 0.0039183198 0.055000993)
(0.016944582 0.016083292 0.055000675)
(0.023050811 0.016084101 0.055001869)
(0.016954818 0.0039120161 0.057002756)
(0.023054726 0.0039146612 0.057002802)
(0.016948302 0.016084916 0.057001702)
(0.023052973 0.016084937 0.057001523)
(0.016944876 0.0039156611 0.059007233)
(0.023058578 0.003915555 0.05900804)
(0.016943028 0.016083646 0.059007427)
(0.023053939 0.016084835 0.059008235)
(0.016941297 0.003914719 0.061025476)
(0.023060723 0.0039128379 0.061025591)
(0.016944045 0.01608744 0.061024037)
(0.023052149 0.01608966 0.061025147)
(0.017966353 0.0039479577 7.9542089e-41)
(0.02203873 0.0039504592 5.2448041e-40)
(0.016945114 0.0049259599 -5.0896926e-38)
(0.017960785 0.0049400299 0.00094303355)
(0.023057402 0.0049264458 -2.603024e-37)
(0.022044922 0.0049420834 0.0009877486)
(0.016941278 0.015070521 1.9561344e-21)
(0.017961764 0.016048819 3.3420824e-19)
(0.017956655 0.015056466 0.00097846099)
(0.023056048 0.015070698 1.2138548e-21)
(0.022033934 0.016049873 2.6910981e-19)
(0.022040136 0.015056814 0.00099727247)
(0.017965134 0.0039442397 0.0018992001)
(0.022043604 0.0039476882 0.0019741494)
(0.016944001 0.0049216474 0.0019088278)
(0.01796031 0.0049378723 0.0029286392)
(0.023061989 0.0049236262 0.001989013)
(0.022048662 0.0049408185 0.0029821748)
(0.016940714 0.01507517 0.0019511458)
(0.017962135 0.01605332 0.0019769292)
(0.017956576 0.015059119 0.0029745681)
(0.023058011 0.01507402 0.0019948376)
(0.022033737 0.016053997 0.001996717)
(0.022042869 0.015058087 0.0029964965)
(0.017965502 0.0039432389 0.0039441621)
(0.022048187 0.0039481456 0.0039841683)
(0.016944647 0.0049201105 0.0039458532)
(0.017960396 0.0049376904 0.0049667676)
(0.023064912 0.0049231999 0.0039911712)
(0.022050819 0.0049413401 0.0049902163)
(0.01694089 0.015076461 0.0039743385)
(0.017961694 0.01605438 0.0039861019)
(0.017956815 0.015059643 0.0049885777)
(0.023060686 0.015074661 0.0039971752)
(0.022037211 0.016053666 0.0039983185)
(0.022044821 0.015058215 0.0049976678)
(0.017964879 0.0039436464 0.0059822873)
(0.02204821 0.0039484168 0.0059943581)
(0.016944049 0.0049202137 0.0059812535)
(0.017957159 0.0049389093 0.0069885725)
(0.023066008 0.0049238456 0.0059959264)
(0.022050699 0.0049416672 0.0069957519)
(0.016940357 0.015076642 0.0059925284)
(0.017961512 0.016054392 0.0059954476)
(0.017954327 0.015058899 0.0069962144)
(0.023062826 0.015074506 0.0059979004)
(0.022041812 0.016052301 0.0059980164)
(0.022045073 0.015058423 0.0069978217)
(0.017957624 0.0039465124 0.0079945157)
(0.022049028 0.003948992 0.0079974098)
(0.016940575 0.0049210758 0.0079937812)
(0.017956463 0.0049393244 0.0089960144)
(0.023065568 0.0049237065 0.0079979612)
(0.022048887 0.0049413291 0.0089979556)
(0.016938111 0.015076233 0.0079978332)
(0.017956768 0.016052726 0.0079981638)
(0.017955163 0.015059675 0.0089984088)
(0.023059799 0.01507671 0.0079981877)
(0.022039035 0.01605381 0.0079979528)
(0.022043088 0.015059897 0.0089989126)
(0.017959354 0.0039460342 0.0099979387)
(0.022041478 0.0039465135 0.0099989622)
(0.016940277 0.0049218741 0.0099976297)
(0.017954939 0.0049400747 0.010998148)
(0.023060886 0.0049225795 0.0099992381)
(0.022044056 0.0049403855 0.010999591)
(0.016942839 0.015078784 0.0099986923)
(0.017964067 0.016055635 0.0099988572)
(0.017958363 0.015060855 0.010998883)
(0.023058151 0.015078229 0.0099997615)
(0.022038353 0.01605452 0.0099996881)
(0.022042771 0.015060404 0.010999683)
(0.017957351 0.0039469277 0.011998512)
(0.022039007 0.0039463703 0.012000108)
(0.016938567 0.0049230486 0.011998637)
(0.017952191 0.0049415673 0.01299911)
(0.023060747 0.0049239591 0.012000028)
(0.022045308 0.0049416297 0.012999365)
(0.016940433 0.015077398 0.011998853)
(0.017959851 0.016053733 0.011999077)
(0.01795583 0.015059075 0.012999299)
(0.023059312 0.015077868 0.011999832)
(0.022040617 0.016053824 0.011999918)
(0.022044426 0.015059746 0.012999871)
(0.017953622 0.0039486138 0.013999605)
(0.022042836 0.0039480477 0.013998861)
(0.016936003 0.0049242506 0.013999863)
(0.017952853 0.0049415038 0.015000093)
(0.023062692 0.0049250184 0.013998876)
(0.022044706 0.0049411614 0.014998856)
(0.016938439 0.015075026 0.013999291)
(0.017960803 0.016053366 0.013999815)
(0.017957112 0.01505959 0.014999463)
(0.023060759 0.015076664 0.013999747)
(0.022040924 0.016053501 0.013999698)
(0.022044018 0.01506018 0.014999959)
(0.017958828 0.003946855 0.016000295)
(0.022037888 0.0039456504 0.015998797)
(0.016938136 0.004923902 0.01600054)
(0.017958796 0.0049387491 0.016999847)
(0.023058459 0.0049225882 0.015998652)
(0.022039515 0.0049386267 0.016999023)
(0.016943439 0.015078408 0.015999285)
(0.017965364 0.016055695 0.015999677)
(0.017961457 0.015062072 0.016999667)
(0.023058591 0.015079059 0.016000235)
(0.022039765 0.016054514 0.016000486)
(0.022044025 0.01506051 0.017000051)
(0.017967075 0.0039429185 0.017999196)
(0.022032718 0.0039432158 0.017999457)
(0.0169451 0.0049197897 0.017999735)
(0.01796292 0.0049364962 0.018999906)
(0.023053589 0.0049197735 0.01799943)
(0.022036773 0.0049369868 0.019000027)
(0.016945025 0.015079412 0.018000202)
(0.017967659 0.016056806 0.0180002)
(0.017959145 0.015061011 0.019000055)
(0.023059629 0.015077505 0.017999691)
(0.022040188 0.016053914 0.018000202)
(0.022042664 0.01505999 0.018999743)
(0.017969057 0.0039419441 0.020000408)
(0.02202904 0.0039418306 0.020000807)
(0.016946518 0.0049190867 0.020000173)
(0.017959174 0.0049381994 0.021000742)
(0.023052032 0.004919236 0.020000399)
(0.02203636 0.0049369294 0.0210005)
(0.016941411 0.015077704 0.020000224)
(0.017962484 0.016054847 0.019999833)
(0.017956246 0.015060297 0.021000006)
(0.023057871 0.015077126 0.019999597)
(0.022036221 0.016054751 0.019999862)
(0.022039437 0.015060788 0.020999977)
(0.017961067 0.0039454621 0.022001154)
(0.0220326 0.0039429493 0.022000564)
(0.01694029 0.0049231049 0.022000636)
(0.017955771 0.0049402292 0.023000352)
(0.023053772 0.0049195602 0.022000036)
(0.022038397 0.0049368319 0.023000269)
(0.016939475 0.01507749 0.021999908)
(0.01795783 0.016053485 0.022000095)
(0.017956121 0.015060305 0.022999667)
(0.023056025 0.015078245 0.022000202)
(0.022034542 0.016055266 0.022000299)
(0.022039735 0.015060744 0.023000118)
(0.017961615 0.0039452009 0.024000051)
(0.022035534 0.0039432879 0.024000404)
(0.016940617 0.0049225137 0.023999753)
(0.017956812 0.004939005 0.024999725)
(0.023053481 0.0049175875 0.023999959)
(0.022039973 0.0049371037 0.025000197)
(0.016941815 0.015078417 0.023999118)
(0.017962283 0.016055067 0.023999357)
(0.017956234 0.015060076 0.024999305)
(0.023056509 0.015078455 0.024000099)
(0.022035584 0.016055032 0.024000075)
(0.022040445 0.015060874 0.024999589)
(0.017959785 0.0039455495 0.025999706)
(0.022036923 0.0039440884 0.026000137)
(0.016940718 0.0049211958 0.02599971)
(0.01795642 0.0049390248 0.027000069)
(0.023055968 0.0049193764 0.025999827)
(0.022042859 0.0049386647 0.026999992)
(0.016940388 0.015077238 0.025999186)
(0.01796044 0.016053996 0.025998647)
(0.017957037 0.015060028 0.026999453)
(0.023056437 0.015078597 0.025999439)
(0.022034116 0.016055846 0.025998912)
(0.022042097 0.015060189 0.026999269)
(0.017960121 0.003945421 0.028000266)
(0.022040998 0.0039460593 0.027999962)
(0.01694028 0.0049213824 0.028000518)
(0.017955094 0.0049393892 0.029000257)
(0.023059665 0.0049215094 0.027999837)
(0.02204685 0.0049406659 0.028999827)
(0.01694229 0.015077877 0.028000138)
(0.017963239 0.016055049 0.028000135)
(0.017959099 0.015060707 0.029000698)
(0.023061024 0.015076209 0.02799974)
(0.022040725 0.016053288 0.027999183)
(0.022045654 0.015058661 0.029000057)
(0.01795888 0.0039458629 0.029999616)
(0.022046405 0.0039479593 0.029999329)
(0.016940058 0.0049213544 0.030000199)
(0.017957409 0.0049388461 0.030999672)
(0.023062457 0.0049224572 0.029999794)
(0.022046632 0.0049400343 0.03099981)
(0.016941867 0.015077513 0.030001203)
(0.017964449 0.016055305 0.030000798)
(0.017957284 0.015060494 0.031000902)
(0.023062125 0.015075058 0.0300005)
(0.022040762 0.016053059 0.030000417)
(0.022044263 0.015059017 0.031000501)
(0.017966548 0.003943405 0.03200005)
(0.0220435 0.0039467526 0.031999881)
(0.016942952 0.0049209866 0.032000152)
(0.01795852 0.0049386678 0.03300033)
(0.023061288 0.0049218219 0.031999907)
(0.022046765 0.0049403682 0.032999753)
(0.016941248 0.015078526 0.032001391)
(0.017961263 0.016054821 0.032001294)
(0.017957366 0.015061352 0.033000785)
(0.023060883 0.015075441 0.032000537)
(0.022038452 0.016053939 0.032000638)
(0.022044286 0.015059211 0.033000717)
(0.017961363 0.0039452606 0.034000409)
(0.022044922 0.0039474955 0.033999558)
(0.016941331 0.004921581 0.034000225)
(0.017955874 0.0049399267 0.035000026)
(0.023063229 0.0049233437 0.033999725)
(0.022046939 0.0049404682 0.034999927)
(0.016940916 0.015078823 0.034000322)
(0.017960234 0.016054733 0.034000669)
(0.017955578 0.015060605 0.035000246)
(0.023058775 0.015077389 0.034001004)
(0.022037276 0.01605493 0.034001)
(0.022041716 0.015061157 0.035000821)
(0.017957339 0.003946925 0.035999373)
(0.022042103 0.0039462214 0.036000068)
(0.016938869 0.0049231811 0.035999588)
(0.017956886 0.0049395237 0.03699944)
(0.023060885 0.0049219822 0.035999898)
(0.02204592 0.0049400306 0.036999971)
(0.016940679 0.015078322 0.035999877)
(0.017960902 0.016054734 0.03600022)
(0.01795728 0.015061189 0.037000488)
(0.023056736 0.015079686 0.036000621)
(0.022038154 0.016055138 0.036000692)
(0.022040621 0.015061833 0.03700051)
(0.017963296 0.0039445376 0.03800008)
(0.022044085 0.0039472229 0.038000216)
(0.016942952 0.004920989 0.03800001)
(0.017959765 0.0049382041 0.039000019)
(0.023062555 0.004923216 0.038000009)
(0.022046099 0.0049402332 0.03900023)
(0.016942157 0.015078794 0.038000554)
(0.017962888 0.016055545 0.038001012)
(0.017957438 0.015061113 0.039000599)
(0.023056035 0.015079268 0.038000859)
(0.022034861 0.016056032 0.038000853)
(0.022039696 0.015061501 0.039000442)
(0.017965186 0.0039436583 0.040000047)
(0.02204142 0.0039458377 0.04000041)
(0.016944151 0.0049203955 0.039999599)
(0.017958846 0.0049385411 0.040999597)
(0.023059515 0.0049213227 0.040000112)
(0.022042204 0.0049381254 0.041000774)
(0.016941874 0.015078614 0.039999957)
(0.017962068 0.016055318 0.040000255)
(0.017957115 0.015060944 0.041000286)
(0.023056977 0.015078202 0.040000469)
(0.022034271 0.016055973 0.040000073)
(0.022041655 0.0150611 0.040999858)
(0.017962542 0.0039448846 0.041999556)
(0.022034055 0.003942588 0.04200169)
(0.016941656 0.0049216021 0.041999479)
(0.017956002 0.0049397873 0.043000082)
(0.023053324 0.0049180117 0.042001185)
(0.022036511 0.0049359775 0.043000883)
(0.016941552 0.01507806 0.042000477)
(0.017962633 0.016055301 0.042000638)
(0.017957602 0.015060874 0.043000511)
(0.023057741 0.015078624 0.041999922)
(0.022037385 0.016055211 0.041999569)
(0.022042446 0.015060657 0.043000185)
(0.017961556 0.0039456306 0.044000175)
(0.022030783 0.0039418166 0.044000622)
(0.016939989 0.0049228889 0.044000152)
(0.017957498 0.0049397254 0.045000078)
(0.023052884 0.0049186033 0.044000465)
(0.022038649 0.0049368894 0.045000343)
(0.016940499 0.015077572 0.044000263)
(0.017961237 0.016054626 0.044000534)
(0.017952917 0.015058473 0.045000366)
(0.02306069 0.015076429 0.044000626)
(0.022039797 0.016053951 0.044000394)
(0.022045361 0.015059015 0.045000346)
(0.017963244 0.0039453229 0.045999422)
(0.02203454 0.00394296 0.046000329)
(0.016940197 0.0049238898 0.04599954)
(0.017957811 0.0049398824 0.046999454)
(0.023054826 0.0049191987 0.045999955)
(0.022037806 0.0049362148 0.046999768)
(0.016932725 0.015072833 0.046000256)
(0.017951591 0.016050228 0.046001085)
(0.017948854 0.01505639 0.04700054)
(0.023061325 0.01507617 0.046000381)
(0.022040838 0.01605343 0.046000218)
(0.022044797 0.015059241 0.047000096)
(0.017964217 0.00394466 0.047999401)
(0.02203046 0.0039413175 0.047999063)
(0.016941335 0.0049226968 0.047999565)
(0.017955573 0.0049400549 0.048999905)
(0.023052773 0.0049179632 0.047999241)
(0.022037633 0.0049359105 0.048999357)
(0.016935711 0.015074974 0.048000149)
(0.017954933 0.016051853 0.04800053)
(0.017955451 0.015059824 0.049000151)
(0.023062594 0.015075302 0.048000039)
(0.022041133 0.016053131 0.04800031)
(0.02204729 0.015057896 0.049000272)
(0.017955166 0.0039477781 0.050000202)
(0.022035373 0.0039430597 0.049999301)
(0.016937366 0.0049235049 0.049999899)
(0.017953285 0.0049409653 0.051000296)
(0.023054325 0.0049177477 0.049999478)
(0.022041631 0.0049374067 0.050999963)
(0.016942572 0.015079125 0.049999618)
(0.017963006 0.016055475 0.049999887)
(0.017957774 0.015061246 0.050999386)
(0.023065568 0.015073416 0.050000053)
(0.022044445 0.016051657 0.05000027)
(0.022045688 0.015058784 0.051000582)
(0.017957571 0.0039467938 0.052000947)
(0.022039944 0.0039451187 0.052000475)
(0.016938712 0.0049230647 0.052000369)
(0.017957116 0.0049390877 0.053000982)
(0.023057739 0.0049196275 0.052000312)
(0.022044126 0.0049390973 0.053000702)
(0.016942537 0.015079067 0.051998976)
(0.017962404 0.016055113 0.051998907)
(0.017958219 0.015060996 0.052999221)
(0.023058624 0.01507713 0.052000602)
(0.022035411 0.016055685 0.052000764)
(0.022041155 0.015060941 0.05300094)
(0.017961397 0.0039448689 0.054001195)
(0.022041819 0.0039461481 0.054000759)
(0.016942675 0.0049205728 0.054000855)
(0.017959651 0.0049378292 0.055001152)
(0.023061138 0.0049222287 0.054000644)
(0.02204612 0.0049395382 0.055001342)
(0.016942561 0.015078655 0.053999588)
(0.017963438 0.0160552 0.053999211)
(0.017957714 0.015060618 0.055000691)
(0.023058217 0.015077037 0.05400135)
(0.022034995 0.016055773 0.054001351)
(0.022041558 0.015060666 0.055001698)
(0.017966373 0.003942999 0.056001268)
(0.022041049 0.0039451951 0.056001992)
(0.016945694 0.0049194261 0.056001372)
(0.01796214 0.0049369265 0.057003255)
(0.023059386 0.0049204063 0.056001834)
(0.022043557 0.0049378926 0.05700349)
(0.016941821 0.015078195 0.0560013)
(0.017961705 0.016054613 0.056001001)
(0.017958556 0.015061107 0.057002829)
(0.023059065 0.015077254 0.056001887)
(0.02203748 0.016055165 0.056001529)
(0.022042558 0.015061255 0.05700304)
(0.017967319 0.0039424835 0.058004751)
(0.022039725 0.0039442758 0.058004761)
(0.016945507 0.0049196528 0.05800462)
(0.01795803 0.0049382584 0.059008935)
(0.023058314 0.0049190263 0.058005142)
(0.022044487 0.004937545 0.059009343)
(0.016942021 0.015078797 0.058004613)
(0.01796263 0.016055414 0.058004105)
(0.017956716 0.01506138 0.059008834)
(0.023059068 0.015078704 0.058004754)
(0.022039306 0.016055359 0.05800422)
(0.022042441 0.015062326 0.059009274)
(0.017959861 0.0039441222 0.060014718)
(0.022042865 0.0039438495 0.060014868)
(0.016939248 0.0049219245 0.060014628)
(0.017954533 0.0049381116 0.061020788)
(0.023060704 0.0049190461 0.060015206)
(0.022043981 0.0049348424 0.061020868)
(0.016940074 0.015079299 0.060014556)
(0.017960128 0.016056454 0.060014213)
(0.017956399 0.015063581 0.061020106)
(0.023057809 0.015080994 0.060014941)
(0.022036418 0.016058477 0.060015452)
(0.022040983 0.015066027 0.061020746)
(0.017965496 0.0039446874 0.00091960786)
(0.016943063 0.0049221188 0.00092806283)
(0.016948855 0.0039156416 0.0018770783)
(0.022042557 0.0039480895 0.00098095707)
(0.02306127 0.0049231734 0.00099307312)
(0.023060033 0.0039192079 0.001987529)
(0.016938741 0.01507426 0.00095791744)
(0.023058798 0.015073858 0.00099568554)
(0.017959919 0.016051723 0.00098141562)
(0.016946283 0.016081899 0.0019573978)
(0.022034837 0.016052966 0.00099768479)
(0.023048684 0.016082315 0.0019951268)
(0.017964641 0.0039426803 0.0029156096)
(0.016943049 0.0049190185 0.0029204741)
(0.016949851 0.0039140561 0.0039428273)
(0.022047016 0.0039469145 0.0029779891)
(0.023064884 0.0049215516 0.0029896783)
(0.023064589 0.0039194722 0.0039915494)
(0.016939282 0.015077691 0.0029599247)
(0.023062113 0.015075154 0.00299595)
(0.017960143 0.016054572 0.0029797294)
(0.016946695 0.016083271 0.0039801505)
(0.022038212 0.016053955 0.0029975386)
(0.023054047 0.016081734 0.0039984664)
(0.017964719 0.0039424172 0.0049672147)
(0.01694344 0.0049184941 0.0049666935)
(0.016949904 0.0039140824 0.0059843099)
(0.02204997 0.0039478085 0.0049906288)
(0.0230673 0.0049221586 0.0049939775)
(0.023065036 0.0039200639 0.0059971556)
(0.016939502 0.01507817 0.0049854558)
(0.02306316 0.015076324 0.0049979592)
(0.01796108 0.01605528 0.0049916992)
(0.016946482 0.016083508 0.0059952766)
(0.02204106 0.016053583 0.0049985087)
(0.023060788 0.016079543 0.005997852)
(0.017958759 0.0039448693 0.0069902321)
(0.01694052 0.0049191146 0.0069894285)
(0.016939345 0.0039179238 0.0079948961)
(0.022049363 0.0039479606 0.0069963592)
(0.023067583 0.004922636 0.0069973291)
(0.023066599 0.0039205932 0.0079980638)
(0.016936845 0.015077485 0.0069963094)
(0.023063326 0.015076428 0.0069979557)
(0.017956236 0.016053555 0.0069974529)
(0.016939995 0.016081048 0.0079981756)
(0.022041667 0.016053586 0.0069977954)
(0.023055495 0.016082665 0.0079974772)
(0.017959584 0.0039447811 0.0089968781)
(0.016939973 0.0049195394 0.0089963245)
(0.01694312 0.0039173709 0.0099980647)
(0.022048566 0.0039478979 0.0089979407)
(0.023065559 0.004921811 0.0089985088)
(0.023056362 0.0039170342 0.0099991848)
(0.016938176 0.015078877 0.0089985687)
(0.023060231 0.015079023 0.0089991159)
(0.017956879 0.016054085 0.0089988883)
(0.016950045 0.016085512 0.0099986984)
(0.022039381 0.016054967 0.008999072)
(0.023054407 0.016083711 0.010000086)
(0.017957094 0.0039457031 0.010998302)
(0.016938594 0.0049203913 0.010998201)
(0.016942067 0.0039178886 0.011998209)
(0.02203971 0.003945126 0.011000052)
(0.023061154 0.0049213859 0.010999934)
(0.023055678 0.0039181518 0.012000562)
(0.016941853 0.015080406 0.010998817)
(0.023059383 0.015079792 0.010999794)
(0.01796335 0.016056389 0.010999004)
(0.016942095 0.01608209 0.011998557)
(0.022038945 0.016055483 0.010999846)
(0.023057332 0.016082627 0.011999921)
(0.017953237 0.0039475435 0.01299897)
(0.016935094 0.00492268 0.012999232)
(0.016936064 0.0039204232 0.013999733)
(0.022042176 0.0039466954 0.012999346)
(0.023063682 0.0049235573 0.012999392)
(0.023061615 0.0039205258 0.01399854)
(0.016937507 0.015077231 0.012999118)
(0.023061473 0.015078734 0.012999935)
(0.01795938 0.016054124 0.012999512)
(0.016942547 0.016080401 0.013999693)
(0.022041747 0.016054407 0.013000029)
(0.023058096 0.016081456 0.013999536)
(0.017954847 0.0039472549 0.015000234)
(0.016935108 0.0049229295 0.01500045)
(0.016939848 0.0039197426 0.016000847)
(0.022042468 0.0039465995 0.014998768)
(0.023062621 0.0049225339 0.014998528)
(0.02305475 0.0039170236 0.015998396)
(0.016938674 0.015077623 0.01499921)
(0.023061122 0.015079115 0.014999981)
(0.017960698 0.016054696 0.014999588)
(0.016949134 0.016084485 0.015999289)
(0.022040573 0.016054968 0.014999999)
(0.02305561 0.016083937 0.016000841)
(0.017964383 0.0039433019 0.016999532)
(0.01694142 0.0049199136 0.017000148)
(0.016950609 0.0039143282 0.017998772)
(0.022034341 0.0039430371 0.016998809)
(0.023056654 0.0049196273 0.016998719)
(0.023048233 0.0039139275 0.017999353)
(0.016944845 0.015081659 0.016999556)
(0.023060465 0.015080132 0.016999956)
(0.017967305 0.016057854 0.01699958)
(0.016951769 0.016085862 0.018000631)
(0.022041727 0.016054781 0.01700025)
(0.023056687 0.016082241 0.018000238)
(0.017970243 0.0039404518 0.018999861)
(0.01694633 0.0049171179 0.018999822)
(0.016954758 0.0039125135 0.020000239)
(0.022031732 0.003941632 0.019000111)
(0.023053282 0.0049172167 0.019000054)
(0.023044412 0.0039127178 0.020001152)
(0.016941299 0.015079535 0.019000269)
(0.023060392 0.015078378 0.018999431)
(0.017963663 0.01605624 0.018999994)
(0.016946157 0.016083284 0.020000068)
(0.022038892 0.016055056 0.01899985)
(0.023053406 0.016082779 0.019999661)
(0.017963449 0.0039431836 0.021001276)
(0.016942236 0.0049192682 0.021000742)
(0.016944358 0.0039175156 0.022001314)
(0.022030117 0.0039411957 0.021000945)
(0.023053805 0.0049180722 0.021000332)
(0.023049122 0.003914324 0.02200032)
(0.016939347 0.015079488 0.021000266)
(0.023056882 0.015079511 0.020999922)
(0.017959223 0.016054992 0.020999871)
(0.016939834 0.016081679 0.022000248)
(0.022033568 0.016056774 0.021000086)
(0.023052241 0.016083703 0.022000548)
(0.017959224 0.0039453655 0.023000623)
(0.016937387 0.0049228998 0.023000152)
(0.01694641 0.0039165408 0.02399993)
(0.022034755 0.0039422328 0.023000638)
(0.023054579 0.0049166607 0.022999933)
(0.02305053 0.0039132257 0.024000259)
(0.016939348 0.015079396 0.02299941)
(0.023057428 0.015079698 0.023000161)
(0.017959312 0.016055122 0.022999839)
(0.016948271 0.016084811 0.023998923)
(0.022034871 0.016056162 0.023000251)
(0.02305312 0.016083625 0.024000411)
(0.017960619 0.0039442552 0.0249996)
(0.016940232 0.0049196191 0.02499947)
(0.016942422 0.0039170541 0.025999482)
(0.022036971 0.0039428114 0.025000527)
(0.023055736 0.0049166909 0.025000038)
(0.023051817 0.0039145715 0.025999872)
(0.016939101 0.015079068 0.024999188)
(0.023057812 0.015080128 0.024999751)
(0.017959062 0.016054692 0.024999255)
(0.016943963 0.016082606 0.025998257)
(0.022036296 0.016056014 0.024999281)
(0.023049774 0.01608495 0.025999029)
(0.01796034 0.0039443768 0.027000081)
(0.016939234 0.0049199236 0.027000099)
(0.016943841 0.0039166202 0.028000582)
(0.022040382 0.0039445043 0.027000154)
(0.023059119 0.0049187895 0.026999846)
(0.023056582 0.0039168604 0.027999769)
(0.01693966 0.015078835 0.026999489)
(0.023059785 0.01507888 0.026999341)
(0.017960267 0.016054939 0.026998992)
(0.01694737 0.016083988 0.028000207)
(0.022037269 0.016055679 0.02699873)
(0.023058638 0.016081168 0.02799931)
(0.017956775 0.0039454863 0.029000215)
(0.016937986 0.0049201481 0.029000635)
(0.016941607 0.0039172823 0.02999986)
(0.0220458 0.0039469806 0.028999725)
(0.023063948 0.0049216822 0.028999912)
(0.023063678 0.0039191595 0.029999089)
(0.016941443 0.015079376 0.029000956)
(0.023063708 0.01507696 0.029000291)
(0.017964493 0.016056387 0.029000926)
(0.016947834 0.016083634 0.030001153)
(0.022042981 0.016053415 0.028999917)
(0.023058051 0.016080722 0.030000584)
(0.017961034 0.0039441928 0.030999038)
(0.016939733 0.0049199588 0.030999771)
(0.016950923 0.0039146018 0.032000253)
(0.022044983 0.0039461246 0.03099967)
(0.023062138 0.0049197254 0.030999949)
(0.023059087 0.0039176162 0.032000016)
(0.016939389 0.01507903 0.031001263)
(0.023062214 0.015076986 0.031000527)
(0.01796071 0.016055286 0.031000648)
(0.016944662 0.016083468 0.032001988)
(0.022039638 0.016054612 0.031000562)
(0.023054761 0.016082042 0.032000573)
(0.01796287 0.00394365 0.033000647)
(0.016941007 0.0049195705 0.033000385)
(0.016944619 0.0039163721 0.034000412)
(0.022044176 0.0039460773 0.032999696)
(0.023063451 0.0049211118 0.032999639)
(0.023063052 0.0039195902 0.033999263)
(0.016940809 0.015080862 0.033000812)
(0.023062862 0.01507681 0.033000737)
(0.017961447 0.016056249 0.033000874)
(0.01694407 0.016083678 0.034000476)
(0.022041274 0.016054067 0.033000806)
(0.023053264 0.016083626 0.034001318)
(0.017958358 0.0039453325 0.03500013)
(0.016938576 0.0049209917 0.03500008)
(0.016938591 0.0039192952 0.035999113)
(0.022044941 0.0039462788 0.03499992)
(0.023063705 0.0049213758 0.035000005)
(0.023057339 0.0039167145 0.035999932)
(0.016938408 0.015079539 0.034999883)
(0.023058562 0.015080324 0.035000949)
(0.017957715 0.016054748 0.035000376)
(0.016944221 0.016083203 0.035999827)
(0.022037979 0.01605609 0.035000967)
(0.023054502 0.016084325 0.036000786)
(0.017959887 0.0039447849 0.036998844)
(0.016939872 0.0049202871 0.036999428)
(0.016947383 0.0039154084 0.038000483)
(0.022043052 0.0039455358 0.036999942)
(0.023062304 0.0049205716 0.0369999)
(0.023061883 0.0039194041 0.03800022)
(0.016940574 0.015080421 0.037000375)
(0.023057222 0.015081433 0.037000504)
(0.017960992 0.016055924 0.037000738)
(0.016947812 0.016084484 0.038001144)
(0.022037104 0.016056504 0.037000397)
(0.023050896 0.016084795 0.038001339)
(0.017964396 0.0039429216 0.039000309)
(0.016942907 0.0049188844 0.038999965)
(0.016949837 0.0039143565 0.03999998)
(0.022044101 0.0039460223 0.039000472)
(0.023063062 0.0049213887 0.039000041)
(0.023057522 0.0039168861 0.039999981)
(0.016940283 0.015079871 0.039000458)
(0.023057831 0.015079671 0.039000734)
(0.01796122 0.016055944 0.039001079)
(0.016946947 0.016084407 0.039999795)
(0.022033884 0.01605709 0.039000259)
(0.023050548 0.016084274 0.040000301)
(0.017963217 0.0039434565 0.040999512)
(0.016941593 0.0049195865 0.040999286)
(0.016946371 0.0039162237 0.04199923)
(0.022040298 0.0039440271 0.041001153)
(0.023058078 0.0049180826 0.041000704)
(0.023048695 0.0039125734 0.042002311)
(0.016940074 0.015079717 0.0410002)
(0.023059019 0.015080089 0.04099981)
(0.017960379 0.016055704 0.041000334)
(0.016946801 0.016083876 0.042000749)
(0.022038394 0.01605581 0.040999529)
(0.023053145 0.016084056 0.041999374)
(0.017958458 0.0039455283 0.043000351)
(0.016938314 0.0049210603 0.043000055)
(0.016944151 0.0039177184 0.044000171)
(0.022029971 0.0039402183 0.043001157)
(0.023052588 0.0049160237 0.043000991)
(0.023046284 0.0039128082 0.04400056)
(0.016940646 0.0150798 0.043000508)
(0.023059704 0.015079448 0.043000351)
(0.017962572 0.016056282 0.043000744)
(0.016946364 0.01608378 0.044000323)
(0.02203795 0.01605599 0.043000104)
(0.023056652 0.016081951 0.044000801)
(0.017962891 0.0039442017 0.045000394)
(0.016939562 0.004921587 0.045000054)
(0.016945455 0.003917874 0.045999168)
(0.02203483 0.0039421729 0.045000654)
(0.02305584 0.0049177176 0.045000182)
(0.023051248 0.0039143676 0.046000359)
(0.016935599 0.01507698 0.044999987)
(0.02306364 0.015077048 0.045000539)
(0.017955663 0.016053282 0.045000607)
(0.016932988 0.016077068 0.046001162)
(0.022042933 0.016053682 0.045000245)
(0.023057621 0.016081908 0.046000338)
(0.017963641 0.0039441346 0.04699913)
(0.016939279 0.0049224633 0.046999401)
(0.016948941 0.0039160479 0.047999299)
(0.022032882 0.0039410686 0.046999856)
(0.023054663 0.0049168253 0.046999692)
(0.023046021 0.0039121761 0.047998638)
(0.016929992 0.015073699 0.047000383)
(0.023062426 0.015077858 0.046999993)
(0.017948896 0.016050198 0.047000926)
(0.016938023 0.016079892 0.048000375)
(0.022040766 0.016054515 0.046999961)
(0.023057873 0.016081294 0.048000306)
(0.017959206 0.0039452525 0.049000048)
(0.016938471 0.0049212084 0.048999859)
(0.016936977 0.0039199136 0.050000323)
(0.022032435 0.0039408838 0.048999083)
(0.023054097 0.0049160789 0.04899928)
(0.023050794 0.0039134277 0.04999897)
(0.016938538 0.015079001 0.048999996)
(0.02306634 0.015075213 0.049000122)
(0.017959358 0.016054914 0.049000395)
(0.016948624 0.016085099 0.049999791)
(0.02204405 0.016052856 0.049000477)
(0.023064345 0.016078012 0.049999814)
(0.017955181 0.0039468389 0.051000501)
(0.016935823 0.00492244 0.050999995)
(0.016940023 0.0039187716 0.05200087)
(0.022039573 0.0039436676 0.050999812)
(0.023057744 0.0049171108 0.050999998)
(0.023056347 0.0039160085 0.052000467)
(0.016941593 0.015081299 0.050999101)
(0.023064309 0.015076308 0.051000514)
(0.017960448 0.016055718 0.050999193)
(0.016946394 0.016083943 0.05199863)
(0.022042302 0.016053855 0.051000862)
(0.023049878 0.016084559 0.052000611)
(0.017961182 0.0039440445 0.053001392)
(0.016940598 0.00491975 0.053000765)
(0.016944747 0.0039160047 0.054001143)
(0.022041178 0.0039448355 0.053000795)
(0.02306123 0.0049201751 0.053000636)
(0.023058686 0.0039178657 0.054000485)
(0.016941157 0.015080301 0.052998852)
(0.023058613 0.015079397 0.053000867)
(0.01796182 0.016055779 0.05299869)
(0.016947319 0.016084101 0.053998799)
(0.022035454 0.016056818 0.053000979)
(0.023051765 0.016083628 0.054001496)
(0.017963256 0.0039430778 0.055000771)
(0.01694314 0.0049181636 0.055000825)
(0.016951436 0.0039137922 0.056000675)
(0.022045281 0.0039459728 0.055001144)
(0.023062965 0.0049204513 0.055001013)
(0.023056305 0.003915774 0.056001925)
(0.016940429 0.015079576 0.055000638)
(0.023059793 0.015078233 0.055001702)
(0.017960814 0.016055339 0.055000428)
(0.016944692 0.016083164 0.056000739)
(0.022035765 0.016056586 0.055001633)
(0.023054324 0.016082959 0.056001261)
(0.017967772 0.0039413076 0.057003043)
(0.016945692 0.0049174487 0.057002589)
(0.016953353 0.0039130753 0.058003887)
(0.022040256 0.0039435939 0.057003078)
(0.023059496 0.0049179932 0.05700297)
(0.023055501 0.0039150633 0.058003968)
(0.01694142 0.0150801 0.057002455)
(0.023059488 0.015080182 0.057002567)
(0.017963251 0.016056323 0.057002062)
(0.016946276 0.016084231 0.058003262)
(0.022038465 0.016056388 0.057002168)
(0.023056153 0.016083593 0.058003211)
(0.017961136 0.0039433722 0.059008339)
(0.016940681 0.0049194134 0.059008325)
(0.016942623 0.0039165459 0.060014317)
(0.022042397 0.0039436925 0.059008597)
(0.023060994 0.0049177047 0.059009216)
(0.023060813 0.0039159839 0.06001476)
(0.016939225 0.0150801 0.059008673)
(0.023060102 0.015080659 0.059008847)
(0.017959739 0.016056105 0.059008086)
(0.016942545 0.01608427 0.060013842)
(0.022038389 0.016057397 0.059008921)
(0.023052612 0.016086573 0.060015077)
(0.01795844 0.0039417741 0.061023975)
(0.016936217 0.0049205605 0.061022876)
(0.022042484 0.0039401999 0.061024039)
(0.023061093 0.0049155698 0.061023005)
(0.016938932 0.015081614 0.06102215)
(0.023058598 0.015084383 0.06102275)
(0.01796062 0.016059978 0.061022963)
(0.022036235 0.016062125 0.061024094)
(0.016949531 0.0039216435 -3.1002906e-42)
(0.01694477 0.016074928 4.1309202e-19)
(0.023054077 0.0039235002 4.6772641e-40)
(0.023050947 0.016075379 3.1105092e-19)
)


// ************************************************************************* //
