/*--------------------------------*- C++ -*----------------------------------*\
| =========                 |                                                 |
| \\      /  F ield         | OpenFOAM: The Open Source CFD Toolbox           |
|  \\    /   O peration     | Version:  2606                                  |
|   \\  /    A nd           | Website:  www.openfoam.com                      |
|    \\/     M anipulation  |                                                 |
\*---------------------------------------------------------------------------*/
FoamFile
{
    version     2.0;
    format      ascii;
    arch        "LSB;label=32;scalar=64";
    class       labelList;
    location    "constant/cell3/polyMesh";
    object      faceRegionAddressing;
}
// * * * * * * * * * * * * * * * * * * * * * * * * * * * * * * * * * * * * * //


31591
(
4224
4225
4226
4227
4229
4230
4231
4232
4234
4236
4237
4561
4562
4563
4564
4565
4566
4567
4568
4569
4570
4571
4572
4573
4574
4575
4576
4577
4578
4579
4580
4581
4582
4583
4584
4585
4586
4587
4588
4589
4590
4591
4592
4593
4594
4595
4596
4597
4598
4919
4920
4921
4922
4923
4924
4925
4926
4927
4928
4929
4930
4931
4932
4933
4934
4935
4936
4937
4938
4939
4940
4941
4942
4943
4944
4945
4946
4947
4948
4949
4950
4951
4952
4953
4954
4955
4956
4957
4958
4959
4960
4961
4962
4963
4964
4965
4966
5286
5287
5288
5289
5290
5291
5292
5293
5294
5295
5296
5297
5298
5299
5300
5301
5302
5303
5304
5305
5306
5307
5308
5309
5310
5311
5312
5313
5314
5315
5316
5317
5318
5319
5321
5323
5324
5606
5607
5608
5609
5610
5611
5612
5613
5614
5615
5616
5617
5618
5619
5620
5621
5622
5623
5624
5625
5626
5627
5628
5629
5630
5631
5632
5633
5634
5635
5636
5637
5638
5639
5640
5641
5643
5644
5927
5928
5929
5930
5931
5932
5933
5934
5935
5936
5937
5938
5939
5940
5941
5942
5943
5944
5945
5946
5947
5948
5949
5950
5951
5952
5953
5954
5955
5956
5957
5958
5959
5960
5961
5962
5964
5965
6250
6252
6253
6254
6255
6256
6257
6258
6259
6260
6261
6262
6263
6264
6265
6266
6267
6268
6269
6270
6271
6272
6273
6274
6275
6276
6277
6278
6279
6280
6281
6282
6283
6284
6285
6286
6287
6288
6289
6290
6291
6292
6293
6294
6295
6612
6613
6614
6615
6616
6617
6618
6619
6620
6621
6622
6623
6624
6625
6626
6627
6628
6629
6630
6631
6632
6633
6634
6635
6636
6637
6638
6639
6640
6641
6642
6643
6644
6645
6646
6647
6650
6966
6967
6969
6970
6971
6972
6973
6974
6975
6976
6977
6978
6979
6980
6981
6982
6983
6984
6985
6988
12231
12233
12234
12235
12236
12237
12239
12240
12241
12242
12243
12245
12247
12248
12590
12593
12594
12595
12596
12597
12598
12599
12600
12601
12602
12603
12604
12605
12606
12607
12608
12609
12610
12611
12612
12613
12614
12615
12616
12617
12618
12619
12620
12621
12622
12623
12624
12625
12626
12627
12628
12629
12630
12631
12632
12633
12971
12974
12975
12976
12977
12978
12979
12980
12981
12982
12983
12984
12985
12986
12987
12988
12989
12990
12991
12992
12993
12994
12995
12996
12997
12998
12999
13000
13001
13002
13003
13004
13005
13006
13007
13008
13009
13010
13011
13012
13013
13014
13015
13016
13017
13018
13019
13020
13021
13022
13353
13354
13355
13356
13357
13358
13359
13360
13361
13362
13363
13364
13365
13366
13367
13368
13369
13370
13371
13372
13373
13374
13375
13376
13377
13378
13379
13380
13381
13382
13383
13384
13385
13386
13387
13388
13389
13391
13393
13394
13687
13688
13689
13690
13691
13692
13693
13694
13695
13696
13697
13698
13699
13700
13701
13702
13703
13704
13705
13706
13707
13708
13709
13710
13711
13712
13713
13714
13715
13716
13717
13718
13719
13720
13721
13722
13723
13724
13725
13727
13728
14022
14023
14024
14025
14026
14027
14028
14029
14030
14031
14032
14033
14034
14035
14036
14037
14038
14039
14040
14041
14042
14043
14044
14045
14046
14047
14048
14049
14050
14051
14052
14053
14054
14055
14056
14057
14058
14059
14060
14062
14063
14358
14359
14361
14362
14363
14364
14365
14366
14367
14368
14369
14370
14371
14372
14373
14374
14375
14376
14377
14378
14379
14380
14381
14382
14383
14384
14385
14386
14387
14388
14389
14390
14391
14392
14393
14394
14395
14396
14397
14398
14399
14400
14401
14402
14403
14404
14405
14733
14734
14735
14736
14737
14738
14739
14740
14741
14742
14743
14744
14745
14746
14747
14748
14749
14750
14751
14752
14753
14754
14755
14756
14757
14758
14759
14760
14761
14762
14763
14764
14765
14766
14767
14768
14769
14770
14771
14772
14773
14776
15111
15112
15113
15115
15116
15117
15118
15119
15120
15121
15122
15123
15124
15125
15126
15127
15128
15129
15130
15131
15132
15133
15134
15135
15138
20416
20418
20419
20420
20421
20422
20424
20425
20426
20427
20428
20430
20432
20433
20775
20778
20779
20780
20781
20782
20783
20784
20785
20786
20787
20788
20789
20790
20791
20792
20793
20794
20795
20796
20797
20798
20799
20800
20801
20802
20803
20804
20805
20806
20807
20808
20809
20810
20811
20812
20813
20814
20815
20816
20817
20818
21156
21159
21160
21161
21162
21163
21164
21165
21166
21167
21168
21169
21170
21171
21172
21173
21174
21175
21176
21177
21178
21179
21180
21181
21182
21183
21184
21185
21186
21187
21188
21189
21190
21191
21192
21193
21194
21195
21196
21197
21198
21199
21200
21201
21202
21203
21204
21205
21206
21207
21538
21539
21540
21541
21542
21543
21544
21545
21546
21547
21548
21549
21550
21551
21552
21553
21554
21555
21556
21557
21558
21559
21560
21561
21562
21563
21564
21565
21566
21567
21568
21569
21570
21571
21572
21573
21574
21576
21578
21579
21872
21873
21874
21875
21876
21877
21878
21879
21880
21881
21882
21883
21884
21885
21886
21887
21888
21889
21890
21891
21892
21893
21894
21895
21896
21897
21898
21899
21900
21901
21902
21903
21904
21905
21906
21907
21908
21909
21910
21912
21913
22207
22208
22209
22210
22211
22212
22213
22214
22215
22216
22217
22218
22219
22220
22221
22222
22223
22224
22225
22226
22227
22228
22229
22230
22231
22232
22233
22234
22235
22236
22237
22238
22239
22240
22241
22242
22243
22244
22245
22247
22248
22543
22544
22546
22547
22548
22549
22550
22551
22552
22553
22554
22555
22556
22557
22558
22559
22560
22561
22562
22563
22564
22565
22566
22567
22568
22569
22570
22571
22572
22573
22574
22575
22576
22577
22578
22579
22580
22581
22582
22583
22584
22585
22586
22587
22588
22589
22590
22918
22919
22920
22921
22922
22923
22924
22925
22926
22927
22928
22929
22930
22931
22932
22933
22934
22935
22936
22937
22938
22939
22940
22941
22942
22943
22944
22945
22946
22947
22948
22949
22950
22951
22952
22953
22954
22955
22956
22957
22958
22961
23296
23297
23298
23300
23301
23302
23303
23304
23305
23306
23307
23308
23309
23310
23311
23312
23313
23314
23315
23316
23317
23318
23319
23320
23323
28601
28603
28604
28605
28606
28607
28609
28610
28611
28612
28613
28615
28617
28618
28960
28963
28964
28965
28966
28967
28968
28969
28970
28971
28972
28973
28974
28975
28976
28977
28978
28979
28980
28981
28982
28983
28984
28985
28986
28987
28988
28989
28990
28991
28992
28993
28994
28995
28996
28997
28998
28999
29000
29001
29002
29003
29341
29344
29345
29346
29347
29348
29349
29350
29351
29352
29353
29354
29355
29356
29357
29358
29359
29360
29361
29362
29363
29364
29365
29366
29367
29368
29369
29370
29371
29372
29373
29374
29375
29376
29377
29378
29379
29380
29381
29382
29383
29384
29385
29386
29387
29388
29389
29390
29391
29392
29723
29724
29725
29726
29727
29728
29729
29730
29731
29732
29733
29734
29735
29736
29737
29738
29739
29740
29741
29742
29743
29744
29745
29746
29747
29748
29749
29750
29751
29752
29753
29754
29755
29756
29757
29758
29759
29761
29763
29764
30057
30058
30059
30060
30061
30062
30063
30064
30065
30066
30067
30068
30069
30070
30071
30072
30073
30074
30075
30076
30077
30078
30079
30080
30081
30082
30083
30084
30085
30086
30087
30088
30089
30090
30091
30092
30093
30094
30095
30097
30098
30392
30393
30394
30395
30396
30397
30398
30399
30400
30401
30402
30403
30404
30405
30406
30407
30408
30409
30410
30411
30412
30413
30414
30415
30416
30417
30418
30419
30420
30421
30422
30423
30424
30425
30426
30427
30428
30429
30430
30432
30433
30728
30729
30731
30732
30733
30734
30735
30736
30737
30738
30739
30740
30741
30742
30743
30744
30745
30746
30747
30748
30749
30750
30751
30752
30753
30754
30755
30756
30757
30758
30759
30760
30761
30762
30763
30764
30765
30766
30767
30768
30769
30770
30771
30772
30773
30774
30775
31103
31104
31105
31106
31107
31108
31109
31110
31111
31112
31113
31114
31115
31116
31117
31118
31119
31120
31121
31122
31123
31124
31125
31126
31127
31128
31129
31130
31131
31132
31133
31134
31135
31136
31137
31138
31139
31140
31141
31142
31143
31146
31481
31482
31483
31485
31486
31487
31488
31489
31490
31491
31492
31493
31494
31495
31496
31497
31498
31499
31500
31501
31502
31503
31504
31505
31508
36786
36788
36789
36790
36791
36792
36794
36795
36796
36797
36798
36800
36802
36803
37145
37148
37149
37150
37151
37152
37153
37154
37155
37156
37157
37158
37159
37160
37161
37162
37163
37164
37165
37166
37167
37168
37169
37170
37171
37172
37173
37174
37175
37176
37177
37178
37179
37180
37181
37182
37183
37184
37185
37186
37187
37188
37526
37529
37530
37531
37532
37533
37534
37535
37536
37537
37538
37539
37540
37541
37542
37543
37544
37545
37546
37547
37548
37549
37550
37551
37552
37553
37554
37555
37556
37557
37558
37559
37560
37561
37562
37563
37564
37565
37566
37567
37568
37569
37570
37571
37572
37573
37574
37575
37576
37577
37908
37909
37910
37911
37912
37913
37914
37915
37916
37917
37918
37919
37920
37921
37922
37923
37924
37925
37926
37927
37928
37929
37930
37931
37932
37933
37934
37935
37936
37937
37938
37939
37940
37941
37942
37943
37944
37946
37948
37949
38242
38243
38244
38245
38246
38247
38248
38249
38250
38251
38252
38253
38254
38255
38256
38257
38258
38259
38260
38261
38262
38263
38264
38265
38266
38267
38268
38269
38270
38271
38272
38273
38274
38275
38276
38277
38278
38279
38280
38282
38283
38577
38578
38579
38580
38581
38582
38583
38584
38585
38586
38587
38588
38589
38590
38591
38592
38593
38594
38595
38596
38597
38598
38599
38600
38601
38602
38603
38604
38605
38606
38607
38608
38609
38610
38611
38612
38613
38614
38615
38617
38618
38913
38914
38916
38917
38918
38919
38920
38921
38922
38923
38924
38925
38926
38927
38928
38929
38930
38931
38932
38933
38934
38935
38936
38937
38938
38939
38940
38941
38942
38943
38944
38945
38946
38947
38948
38949
38950
38951
38952
38953
38954
38955
38956
38957
38958
38959
38960
39288
39289
39290
39291
39292
39293
39294
39295
39296
39297
39298
39299
39300
39301
39302
39303
39304
39305
39306
39307
39308
39309
39310
39311
39312
39313
39314
39315
39316
39317
39318
39319
39320
39321
39322
39323
39324
39325
39326
39327
39328
39331
39666
39667
39668
39670
39671
39672
39673
39674
39675
39676
39677
39678
39679
39680
39681
39682
39683
39684
39685
39686
39687
39688
39689
39690
39693
44971
44973
44974
44975
44976
44977
44979
44980
44981
44982
44983
44985
44987
44988
45330
45333
45334
45335
45336
45337
45338
45339
45340
45341
45342
45343
45344
45345
45346
45347
45348
45349
45350
45351
45352
45353
45354
45355
45356
45357
45358
45359
45360
45361
45362
45363
45364
45365
45366
45367
45368
45369
45370
45371
45372
45373
45711
45714
45715
45716
45717
45718
45719
45720
45721
45722
45723
45724
45725
45726
45727
45728
45729
45730
45731
45732
45733
45734
45735
45736
45737
45738
45739
45740
45741
45742
45743
45744
45745
45746
45747
45748
45749
45750
45751
45752
45753
45754
45755
45756
45757
45758
45759
45760
45761
45762
46093
46094
46095
46096
46097
46098
46099
46100
46101
46102
46103
46104
46105
46106
46107
46108
46109
46110
46111
46112
46113
46114
46115
46116
46117
46118
46119
46120
46121
46122
46123
46124
46125
46126
46127
46128
46129
46131
46133
46134
46427
46428
46429
46430
46431
46432
46433
46434
46435
46436
46437
46438
46439
46440
46441
46442
46443
46444
46445
46446
46447
46448
46449
46450
46451
46452
46453
46454
46455
46456
46457
46458
46459
46460
46461
46462
46463
46464
46465
46467
46468
46762
46763
46764
46765
46766
46767
46768
46769
46770
46771
46772
46773
46774
46775
46776
46777
46778
46779
46780
46781
46782
46783
46784
46785
46786
46787
46788
46789
46790
46791
46792
46793
46794
46795
46796
46797
46798
46799
46800
46802
46803
47098
47099
47101
47102
47103
47104
47105
47106
47107
47108
47109
47110
47111
47112
47113
47114
47115
47116
47117
47118
47119
47120
47121
47122
47123
47124
47125
47126
47127
47128
47129
47130
47131
47132
47133
47134
47135
47136
47137
47138
47139
47140
47141
47142
47143
47144
47145
47473
47474
47475
47476
47477
47478
47479
47480
47481
47482
47483
47484
47485
47486
47487
47488
47489
47490
47491
47492
47493
47494
47495
47496
47497
47498
47499
47500
47501
47502
47503
47504
47505
47506
47507
47508
47509
47510
47511
47512
47513
47516
47851
47852
47853
47855
47856
47857
47858
47859
47860
47861
47862
47863
47864
47865
47866
47867
47868
47869
47870
47871
47872
47873
47874
47875
47878
53156
53158
53159
53160
53161
53162
53164
53165
53166
53167
53168
53170
53172
53173
53515
53518
53519
53520
53521
53522
53523
53524
53525
53526
53527
53528
53529
53530
53531
53532
53533
53534
53535
53536
53537
53538
53539
53540
53541
53542
53543
53544
53545
53546
53547
53548
53549
53550
53551
53552
53553
53554
53555
53556
53557
53558
53896
53899
53900
53901
53902
53903
53904
53905
53906
53907
53908
53909
53910
53911
53912
53913
53914
53915
53916
53917
53918
53919
53920
53921
53922
53923
53924
53925
53926
53927
53928
53929
53930
53931
53932
53933
53934
53935
53936
53937
53938
53939
53940
53941
53942
53943
53944
53945
53946
53947
54278
54279
54280
54281
54282
54283
54284
54285
54286
54287
54288
54289
54290
54291
54292
54293
54294
54295
54296
54297
54298
54299
54300
54301
54302
54303
54304
54305
54306
54307
54308
54309
54310
54311
54312
54313
54314
54316
54318
54319
54612
54613
54614
54615
54616
54617
54618
54619
54620
54621
54622
54623
54624
54625
54626
54627
54628
54629
54630
54631
54632
54633
54634
54635
54636
54637
54638
54639
54640
54641
54642
54643
54644
54645
54646
54647
54648
54649
54650
54652
54653
54947
54948
54949
54950
54951
54952
54953
54954
54955
54956
54957
54958
54959
54960
54961
54962
54963
54964
54965
54966
54967
54968
54969
54970
54971
54972
54973
54974
54975
54976
54977
54978
54979
54980
54981
54982
54983
54984
54985
54987
54988
55283
55284
55286
55287
55288
55289
55290
55291
55292
55293
55294
55295
55296
55297
55298
55299
55300
55301
55302
55303
55304
55305
55306
55307
55308
55309
55310
55311
55312
55313
55314
55315
55316
55317
55318
55319
55320
55321
55322
55323
55324
55325
55326
55327
55328
55329
55330
55658
55659
55660
55661
55662
55663
55664
55665
55666
55667
55668
55669
55670
55671
55672
55673
55674
55675
55676
55677
55678
55679
55680
55681
55682
55683
55684
55685
55686
55687
55688
55689
55690
55691
55692
55693
55694
55695
55696
55697
55698
55701
56036
56037
56038
56040
56041
56042
56043
56044
56045
56046
56047
56048
56049
56050
56051
56052
56053
56054
56055
56056
56057
56058
56059
56060
56063
61341
61343
61344
61345
61346
61347
61349
61350
61351
61352
61353
61355
61357
61358
61700
61703
61704
61705
61706
61707
61708
61709
61710
61711
61712
61713
61714
61715
61716
61717
61718
61719
61720
61721
61722
61723
61724
61725
61726
61727
61728
61729
61730
61731
61732
61733
61734
61735
61736
61737
61738
61739
61740
61741
61742
61743
62081
62084
62085
62086
62087
62088
62089
62090
62091
62092
62093
62094
62095
62096
62097
62098
62099
62100
62101
62102
62103
62104
62105
62106
62107
62108
62109
62110
62111
62112
62113
62114
62115
62116
62117
62118
62119
62120
62121
62122
62123
62124
62125
62126
62127
62128
62129
62130
62131
62132
62463
62464
62465
62466
62467
62468
62469
62470
62471
62472
62473
62474
62475
62476
62477
62478
62479
62480
62481
62482
62483
62484
62485
62486
62487
62488
62489
62490
62491
62492
62493
62494
62495
62496
62497
62498
62499
62501
62503
62504
62797
62798
62799
62800
62801
62802
62803
62804
62805
62806
62807
62808
62809
62810
62811
62812
62813
62814
62815
62816
62817
62818
62819
62820
62821
62822
62823
62824
62825
62826
62827
62828
62829
62830
62831
62832
62833
62834
62835
62837
62838
63132
63133
63134
63135
63136
63137
63138
63139
63140
63141
63142
63143
63144
63145
63146
63147
63148
63149
63150
63151
63152
63153
63154
63155
63156
63157
63158
63159
63160
63161
63162
63163
63164
63165
63166
63167
63168
63169
63170
63172
63173
63468
63469
63471
63472
63473
63474
63475
63476
63477
63478
63479
63480
63481
63482
63483
63484
63485
63486
63487
63488
63489
63490
63491
63492
63493
63494
63495
63496
63497
63498
63499
63500
63501
63502
63503
63504
63505
63506
63507
63508
63509
63510
63511
63512
63513
63514
63515
63843
63844
63845
63846
63847
63848
63849
63850
63851
63852
63853
63854
63855
63856
63857
63858
63859
63860
63861
63862
63863
63864
63865
63866
63867
63868
63869
63870
63871
63872
63873
63874
63875
63876
63877
63878
63879
63880
63881
63882
63883
63886
64221
64222
64223
64225
64226
64227
64228
64229
64230
64231
64232
64233
64234
64235
64236
64237
64238
64239
64240
64241
64242
64243
64244
64245
64248
69526
69528
69529
69530
69531
69532
69534
69535
69536
69537
69538
69540
69542
69543
69885
69888
69889
69890
69891
69892
69893
69894
69895
69896
69897
69898
69899
69900
69901
69902
69903
69904
69905
69906
69907
69908
69909
69910
69911
69912
69913
69914
69915
69916
69917
69918
69919
69920
69921
69922
69923
69924
69925
69926
69927
69928
70266
70269
70270
70271
70272
70273
70274
70275
70276
70277
70278
70279
70280
70281
70282
70283
70284
70285
70286
70287
70288
70289
70290
70291
70292
70293
70294
70295
70296
70297
70298
70299
70300
70301
70302
70303
70304
70305
70306
70307
70308
70309
70310
70311
70312
70313
70314
70315
70316
70317
70648
70649
70650
70651
70652
70653
70654
70655
70656
70657
70658
70659
70660
70661
70662
70663
70664
70665
70666
70667
70668
70669
70670
70671
70672
70673
70674
70675
70676
70677
70678
70679
70680
70681
70682
70683
70684
70686
70688
70689
70982
70983
70984
70985
70986
70987
70988
70989
70990
70991
70992
70993
70994
70995
70996
70997
70998
70999
71000
71001
71002
71003
71004
71005
71006
71007
71008
71009
71010
71011
71012
71013
71014
71015
71016
71017
71018
71019
71020
71022
71023
71317
71318
71319
71320
71321
71322
71323
71324
71325
71326
71327
71328
71329
71330
71331
71332
71333
71334
71335
71336
71337
71338
71339
71340
71341
71342
71343
71344
71345
71346
71347
71348
71349
71350
71351
71352
71353
71354
71355
71357
71358
71653
71654
71656
71657
71658
71659
71660
71661
71662
71663
71664
71665
71666
71667
71668
71669
71670
71671
71672
71673
71674
71675
71676
71677
71678
71679
71680
71681
71682
71683
71684
71685
71686
71687
71688
71689
71690
71691
71692
71693
71694
71695
71696
71697
71698
71699
71700
72028
72029
72030
72031
72032
72033
72034
72035
72036
72037
72038
72039
72040
72041
72042
72043
72044
72045
72046
72047
72048
72049
72050
72051
72052
72053
72054
72055
72056
72057
72058
72059
72060
72061
72062
72063
72064
72065
72066
72067
72068
72071
72406
72407
72408
72410
72411
72412
72413
72414
72415
72416
72417
72418
72419
72420
72421
72422
72423
72424
72425
72426
72427
72428
72429
72430
72433
77711
77713
77714
77715
77716
77717
77719
77720
77721
77722
77723
77725
77727
77728
78070
78073
78074
78075
78076
78077
78078
78079
78080
78081
78082
78083
78084
78085
78086
78087
78088
78089
78090
78091
78092
78093
78094
78095
78096
78097
78098
78099
78100
78101
78102
78103
78104
78105
78106
78107
78108
78109
78110
78111
78112
78113
78451
78454
78455
78456
78457
78458
78459
78460
78461
78462
78463
78464
78465
78466
78467
78468
78469
78470
78471
78472
78473
78474
78475
78476
78477
78478
78479
78480
78481
78482
78483
78484
78485
78486
78487
78488
78489
78490
78491
78492
78493
78494
78495
78496
78497
78498
78499
78500
78501
78502
78833
78834
78835
78836
78837
78838
78839
78840
78841
78842
78843
78844
78845
78846
78847
78848
78849
78850
78851
78852
78853
78854
78855
78856
78857
78858
78859
78860
78861
78862
78863
78864
78865
78866
78867
78868
78869
78871
78873
78874
79167
79168
79169
79170
79171
79172
79173
79174
79175
79176
79177
79178
79179
79180
79181
79182
79183
79184
79185
79186
79187
79188
79189
79190
79191
79192
79193
79194
79195
79196
79197
79198
79199
79200
79201
79202
79203
79204
79205
79207
79208
79502
79503
79504
79505
79506
79507
79508
79509
79510
79511
79512
79513
79514
79515
79516
79517
79518
79519
79520
79521
79522
79523
79524
79525
79526
79527
79528
79529
79530
79531
79532
79533
79534
79535
79536
79537
79538
79539
79540
79542
79543
79838
79839
79841
79842
79843
79844
79845
79846
79847
79848
79849
79850
79851
79852
79853
79854
79855
79856
79857
79858
79859
79860
79861
79862
79863
79864
79865
79866
79867
79868
79869
79870
79871
79872
79873
79874
79875
79876
79877
79878
79879
79880
79881
79882
79883
79884
79885
80213
80214
80215
80216
80217
80218
80219
80220
80221
80222
80223
80224
80225
80226
80227
80228
80229
80230
80231
80232
80233
80234
80235
80236
80237
80238
80239
80240
80241
80242
80243
80244
80245
80246
80247
80248
80249
80250
80251
80252
80253
80256
80591
80592
80593
80595
80596
80597
80598
80599
80600
80601
80602
80603
80604
80605
80606
80607
80608
80609
80610
80611
80612
80613
80614
80615
80618
85896
85898
85899
85900
85901
85902
85904
85905
85906
85907
85908
85910
85912
85913
86255
86258
86259
86260
86261
86262
86263
86264
86265
86266
86267
86268
86269
86270
86271
86272
86273
86274
86275
86276
86277
86278
86279
86280
86281
86282
86283
86284
86285
86286
86287
86288
86289
86290
86291
86292
86293
86294
86295
86296
86297
86298
86636
86639
86640
86641
86642
86643
86644
86645
86646
86647
86648
86649
86650
86651
86652
86653
86654
86655
86656
86657
86658
86659
86660
86661
86662
86663
86664
86665
86666
86667
86668
86669
86670
86671
86672
86673
86674
86675
86676
86677
86678
86679
86680
86681
86682
86683
86684
86685
86686
86687
87018
87019
87020
87021
87022
87023
87024
87025
87026
87027
87028
87029
87030
87031
87032
87033
87034
87035
87036
87037
87038
87039
87040
87041
87042
87043
87044
87045
87046
87047
87048
87049
87050
87051
87052
87053
87054
87056
87058
87059
87352
87353
87354
87355
87356
87357
87358
87359
87360
87361
87362
87363
87364
87365
87366
87367
87368
87369
87370
87371
87372
87373
87374
87375
87376
87377
87378
87379
87380
87381
87382
87383
87384
87385
87386
87387
87388
87389
87390
87392
87393
87687
87688
87689
87690
87691
87692
87693
87694
87695
87696
87697
87698
87699
87700
87701
87702
87703
87704
87705
87706
87707
87708
87709
87710
87711
87712
87713
87714
87715
87716
87717
87718
87719
87720
87721
87722
87723
87724
87725
87727
87728
88023
88024
88026
88027
88028
88029
88030
88031
88032
88033
88034
88035
88036
88037
88038
88039
88040
88041
88042
88043
88044
88045
88046
88047
88048
88049
88050
88051
88052
88053
88054
88055
88056
88057
88058
88059
88060
88061
88062
88063
88064
88065
88066
88067
88068
88069
88070
88398
88399
88400
88401
88402
88403
88404
88405
88406
88407
88408
88409
88410
88411
88412
88413
88414
88415
88416
88417
88418
88419
88420
88421
88422
88423
88424
88425
88426
88427
88428
88429
88430
88431
88432
88433
88434
88435
88436
88437
88438
88441
88776
88777
88778
88780
88781
88782
88783
88784
88785
88786
88787
88788
88789
88790
88791
88792
88793
88794
88795
88796
88797
88798
88799
88800
88803
94081
94083
94084
94085
94086
94087
94089
94090
94091
94092
94093
94095
94097
94098
94440
94443
94444
94445
94446
94447
94448
94449
94450
94451
94452
94453
94454
94455
94456
94457
94458
94459
94460
94461
94462
94463
94464
94465
94466
94467
94468
94469
94470
94471
94472
94473
94474
94475
94476
94477
94478
94479
94480
94481
94482
94483
94821
94824
94825
94826
94827
94828
94829
94830
94831
94832
94833
94834
94835
94836
94837
94838
94839
94840
94841
94842
94843
94844
94845
94846
94847
94848
94849
94850
94851
94852
94853
94854
94855
94856
94857
94858
94859
94860
94861
94862
94863
94864
94865
94866
94867
94868
94869
94870
94871
94872
95203
95204
95205
95206
95207
95208
95209
95210
95211
95212
95213
95214
95215
95216
95217
95218
95219
95220
95221
95222
95223
95224
95225
95226
95227
95228
95229
95230
95231
95232
95233
95234
95235
95236
95237
95238
95239
95241
95243
95244
95537
95538
95539
95540
95541
95542
95543
95544
95545
95546
95547
95548
95549
95550
95551
95552
95553
95554
95555
95556
95557
95558
95559
95560
95561
95562
95563
95564
95565
95566
95567
95568
95569
95570
95571
95572
95573
95574
95575
95577
95578
95872
95873
95874
95875
95876
95877
95878
95879
95880
95881
95882
95883
95884
95885
95886
95887
95888
95889
95890
95891
95892
95893
95894
95895
95896
95897
95898
95899
95900
95901
95902
95903
95904
95905
95906
95907
95908
95909
95910
95912
95913
96208
96209
96211
96212
96213
96214
96215
96216
96217
96218
96219
96220
96221
96222
96223
96224
96225
96226
96227
96228
96229
96230
96231
96232
96233
96234
96235
96236
96237
96238
96239
96240
96241
96242
96243
96244
96245
96246
96247
96248
96249
96250
96251
96252
96253
96254
96255
96583
96584
96585
96586
96587
96588
96589
96590
96591
96592
96593
96594
96595
96596
96597
96598
96599
96600
96601
96602
96603
96604
96605
96606
96607
96608
96609
96610
96611
96612
96613
96614
96615
96616
96617
96618
96619
96620
96621
96622
96623
96626
96961
96962
96963
96965
96966
96967
96968
96969
96970
96971
96972
96973
96974
96975
96976
96977
96978
96979
96980
96981
96982
96983
96984
96985
96988
102266
102268
102269
102270
102271
102272
102274
102275
102276
102277
102278
102280
102282
102283
102625
102628
102629
102630
102631
102632
102633
102634
102635
102636
102637
102638
102639
102640
102641
102642
102643
102644
102645
102646
102647
102648
102649
102650
102651
102652
102653
102654
102655
102656
102657
102658
102659
102660
102661
102662
102663
102664
102665
102666
102667
102668
103006
103009
103010
103011
103012
103013
103014
103015
103016
103017
103018
103019
103020
103021
103022
103023
103024
103025
103026
103027
103028
103029
103030
103031
103032
103033
103034
103035
103036
103037
103038
103039
103040
103041
103042
103043
103044
103045
103046
103047
103048
103049
103050
103051
103052
103053
103054
103055
103056
103057
103388
103389
103390
103391
103392
103393
103394
103395
103396
103397
103398
103399
103400
103401
103402
103403
103404
103405
103406
103407
103408
103409
103410
103411
103412
103413
103414
103415
103416
103417
103418
103419
103420
103421
103422
103423
103424
103426
103428
103429
103722
103723
103724
103725
103726
103727
103728
103729
103730
103731
103732
103733
103734
103735
103736
103737
103738
103739
103740
103741
103742
103743
103744
103745
103746
103747
103748
103749
103750
103751
103752
103753
103754
103755
103756
103757
103758
103759
103760
103762
103763
104057
104058
104059
104060
104061
104062
104063
104064
104065
104066
104067
104068
104069
104070
104071
104072
104073
104074
104075
104076
104077
104078
104079
104080
104081
104082
104083
104084
104085
104086
104087
104088
104089
104090
104091
104092
104093
104094
104095
104097
104098
104393
104394
104396
104397
104398
104399
104400
104401
104402
104403
104404
104405
104406
104407
104408
104409
104410
104411
104412
104413
104414
104415
104416
104417
104418
104419
104420
104421
104422
104423
104424
104425
104426
104427
104428
104429
104430
104431
104432
104433
104434
104435
104436
104437
104438
104439
104440
104768
104769
104770
104771
104772
104773
104774
104775
104776
104777
104778
104779
104780
104781
104782
104783
104784
104785
104786
104787
104788
104789
104790
104791
104792
104793
104794
104795
104796
104797
104798
104799
104800
104801
104802
104803
104804
104805
104806
104807
104808
104811
105146
105147
105148
105150
105151
105152
105153
105154
105155
105156
105157
105158
105159
105160
105161
105162
105163
105164
105165
105166
105167
105168
105169
105170
105173
110451
110453
110454
110455
110456
110457
110459
110460
110461
110462
110463
110465
110467
110468
110810
110813
110814
110815
110816
110817
110818
110819
110820
110821
110822
110823
110824
110825
110826
110827
110828
110829
110830
110831
110832
110833
110834
110835
110836
110837
110838
110839
110840
110841
110842
110843
110844
110845
110846
110847
110848
110849
110850
110851
110852
110853
111191
111194
111195
111196
111197
111198
111199
111200
111201
111202
111203
111204
111205
111206
111207
111208
111209
111210
111211
111212
111213
111214
111215
111216
111217
111218
111219
111220
111221
111222
111223
111224
111225
111226
111227
111228
111229
111230
111231
111232
111233
111234
111235
111236
111237
111238
111239
111240
111241
111242
111573
111574
111575
111576
111577
111578
111579
111580
111581
111582
111583
111584
111585
111586
111587
111588
111589
111590
111591
111592
111593
111594
111595
111596
111597
111598
111599
111600
111601
111602
111603
111604
111605
111606
111607
111608
111609
111611
111613
111614
111907
111908
111909
111910
111911
111912
111913
111914
111915
111916
111917
111918
111919
111920
111921
111922
111923
111924
111925
111926
111927
111928
111929
111930
111931
111932
111933
111934
111935
111936
111937
111938
111939
111940
111941
111942
111943
111944
111945
111947
111948
112242
112243
112244
112245
112246
112247
112248
112249
112250
112251
112252
112253
112254
112255
112256
112257
112258
112259
112260
112261
112262
112263
112264
112265
112266
112267
112268
112269
112270
112271
112272
112273
112274
112275
112276
112277
112278
112279
112280
112282
112283
112578
112579
112581
112582
112583
112584
112585
112586
112587
112588
112589
112590
112591
112592
112593
112594
112595
112596
112597
112598
112599
112600
112601
112602
112603
112604
112605
112606
112607
112608
112609
112610
112611
112612
112613
112614
112615
112616
112617
112618
112619
112620
112621
112622
112623
112624
112625
112953
112954
112955
112956
112957
112958
112959
112960
112961
112962
112963
112964
112965
112966
112967
112968
112969
112970
112971
112972
112973
112974
112975
112976
112977
112978
112979
112980
112981
112982
112983
112984
112985
112986
112987
112988
112989
112990
112991
112992
112993
112996
113331
113332
113333
113335
113336
113337
113338
113339
113340
113341
113342
113343
113344
113345
113346
113347
113348
113349
113350
113351
113352
113353
113354
113355
113358
118636
118638
118639
118640
118641
118642
118644
118645
118646
118647
118648
118650
118652
118653
118995
118998
118999
119000
119001
119002
119003
119004
119005
119006
119007
119008
119009
119010
119011
119012
119013
119014
119015
119016
119017
119018
119019
119020
119021
119022
119023
119024
119025
119026
119027
119028
119029
119030
119031
119032
119033
119034
119035
119036
119037
119038
119376
119379
119380
119381
119382
119383
119384
119385
119386
119387
119388
119389
119390
119391
119392
119393
119394
119395
119396
119397
119398
119399
119400
119401
119402
119403
119404
119405
119406
119407
119408
119409
119410
119411
119412
119413
119414
119415
119416
119417
119418
119419
119420
119421
119422
119423
119424
119425
119426
119427
119758
119759
119760
119761
119762
119763
119764
119765
119766
119767
119768
119769
119770
119771
119772
119773
119774
119775
119776
119777
119778
119779
119780
119781
119782
119783
119784
119785
119786
119787
119788
119789
119790
119791
119792
119793
119794
119796
119798
119799
120092
120093
120094
120095
120096
120097
120098
120099
120100
120101
120102
120103
120104
120105
120106
120107
120108
120109
120110
120111
120112
120113
120114
120115
120116
120117
120118
120119
120120
120121
120122
120123
120124
120125
120126
120127
120128
120129
120130
120132
120133
120427
120428
120429
120430
120431
120432
120433
120434
120435
120436
120437
120438
120439
120440
120441
120442
120443
120444
120445
120446
120447
120448
120449
120450
120451
120452
120453
120454
120455
120456
120457
120458
120459
120460
120461
120462
120463
120464
120465
120467
120468
120763
120764
120766
120767
120768
120769
120770
120771
120772
120773
120774
120775
120776
120777
120778
120779
120780
120781
120782
120783
120784
120785
120786
120787
120788
120789
120790
120791
120792
120793
120794
120795
120796
120797
120798
120799
120800
120801
120802
120803
120804
120805
120806
120807
120808
120809
120810
121138
121139
121140
121141
121142
121143
121144
121145
121146
121147
121148
121149
121150
121151
121152
121153
121154
121155
121156
121157
121158
121159
121160
121161
121162
121163
121164
121165
121166
121167
121168
121169
121170
121171
121172
121173
121174
121175
121176
121177
121178
121181
121516
121517
121518
121520
121521
121522
121523
121524
121525
121526
121527
121528
121529
121530
121531
121532
121533
121534
121535
121536
121537
121538
121539
121540
121543
126821
126823
126824
126825
126826
126827
126829
126830
126831
126832
126833
126835
126837
126838
127180
127183
127184
127185
127186
127187
127188
127189
127190
127191
127192
127193
127194
127195
127196
127197
127198
127199
127200
127201
127202
127203
127204
127205
127206
127207
127208
127209
127210
127211
127212
127213
127214
127215
127216
127217
127218
127219
127220
127221
127222
127223
127561
127564
127565
127566
127567
127568
127569
127570
127571
127572
127573
127574
127575
127576
127577
127578
127579
127580
127581
127582
127583
127584
127585
127586
127587
127588
127589
127590
127591
127592
127593
127594
127595
127596
127597
127598
127599
127600
127601
127602
127603
127604
127605
127606
127607
127608
127609
127610
127611
127612
127943
127944
127945
127946
127947
127948
127949
127950
127951
127952
127953
127954
127955
127956
127957
127958
127959
127960
127961
127962
127963
127964
127965
127966
127967
127968
127969
127970
127971
127972
127973
127974
127975
127976
127977
127978
127979
127981
127983
127984
128277
128278
128279
128280
128281
128282
128283
128284
128285
128286
128287
128288
128289
128290
128291
128292
128293
128294
128295
128296
128297
128298
128299
128300
128301
128302
128303
128304
128305
128306
128307
128308
128309
128310
128311
128312
128313
128314
128315
128317
128318
128612
128613
128614
128615
128616
128617
128618
128619
128620
128621
128622
128623
128624
128625
128626
128627
128628
128629
128630
128631
128632
128633
128634
128635
128636
128637
128638
128639
128640
128641
128642
128643
128644
128645
128646
128647
128648
128649
128650
128652
128653
128948
128949
128951
128952
128953
128954
128955
128956
128957
128958
128959
128960
128961
128962
128963
128964
128965
128966
128967
128968
128969
128970
128971
128972
128973
128974
128975
128976
128977
128978
128979
128980
128981
128982
128983
128984
128985
128986
128987
128988
128989
128990
128991
128992
128993
128994
128995
129323
129324
129325
129326
129327
129328
129329
129330
129331
129332
129333
129334
129335
129336
129337
129338
129339
129340
129341
129342
129343
129344
129345
129346
129347
129348
129349
129350
129351
129352
129353
129354
129355
129356
129357
129358
129359
129360
129361
129362
129363
129366
129701
129702
129703
129705
129706
129707
129708
129709
129710
129711
129712
129713
129714
129715
129716
129717
129718
129719
129720
129721
129722
129723
129724
129725
129728
135006
135008
135009
135010
135011
135012
135014
135015
135016
135017
135018
135020
135022
135023
135365
135368
135369
135370
135371
135372
135373
135374
135375
135376
135377
135378
135379
135380
135381
135382
135383
135384
135385
135386
135387
135388
135389
135390
135391
135392
135393
135394
135395
135396
135397
135398
135399
135400
135401
135402
135403
135404
135405
135406
135407
135408
135746
135749
135750
135751
135752
135753
135754
135755
135756
135757
135758
135759
135760
135761
135762
135763
135764
135765
135766
135767
135768
135769
135770
135771
135772
135773
135774
135775
135776
135777
135778
135779
135780
135781
135782
135783
135784
135785
135786
135787
135788
135789
135790
135791
135792
135793
135794
135795
135796
135797
136128
136129
136130
136131
136132
136133
136134
136135
136136
136137
136138
136139
136140
136141
136142
136143
136144
136145
136146
136147
136148
136149
136150
136151
136152
136153
136154
136155
136156
136157
136158
136159
136160
136161
136162
136163
136164
136166
136168
136169
136462
136463
136464
136465
136466
136467
136468
136469
136470
136471
136472
136473
136474
136475
136476
136477
136478
136479
136480
136481
136482
136483
136484
136485
136486
136487
136488
136489
136490
136491
136492
136493
136494
136495
136496
136497
136498
136499
136500
136502
136503
136797
136798
136799
136800
136801
136802
136803
136804
136805
136806
136807
136808
136809
136810
136811
136812
136813
136814
136815
136816
136817
136818
136819
136820
136821
136822
136823
136824
136825
136826
136827
136828
136829
136830
136831
136832
136833
136834
136835
136837
136838
137133
137134
137136
137137
137138
137139
137140
137141
137142
137143
137144
137145
137146
137147
137148
137149
137150
137151
137152
137153
137154
137155
137156
137157
137158
137159
137160
137161
137162
137163
137164
137165
137166
137167
137168
137169
137170
137171
137172
137173
137174
137175
137176
137177
137178
137179
137180
137508
137509
137510
137511
137512
137513
137514
137515
137516
137517
137518
137519
137520
137521
137522
137523
137524
137525
137526
137527
137528
137529
137530
137531
137532
137533
137534
137535
137536
137537
137538
137539
137540
137541
137542
137543
137544
137545
137546
137547
137548
137551
137886
137887
137888
137890
137891
137892
137893
137894
137895
137896
137897
137898
137899
137900
137901
137902
137903
137904
137905
137906
137907
137908
137909
137910
137913
143191
143193
143194
143195
143196
143197
143199
143200
143201
143202
143203
143205
143207
143208
143550
143553
143554
143555
143556
143557
143558
143559
143560
143561
143562
143563
143564
143565
143566
143567
143568
143569
143570
143571
143572
143573
143574
143575
143576
143577
143578
143579
143580
143581
143582
143583
143584
143585
143586
143587
143588
143589
143590
143591
143592
143593
143931
143934
143935
143936
143937
143938
143939
143940
143941
143942
143943
143944
143945
143946
143947
143948
143949
143950
143951
143952
143953
143954
143955
143956
143957
143958
143959
143960
143961
143962
143963
143964
143965
143966
143967
143968
143969
143970
143971
143972
143973
143974
143975
143976
143977
143978
143979
143980
143981
143982
144313
144314
144315
144316
144317
144318
144319
144320
144321
144322
144323
144324
144325
144326
144327
144328
144329
144330
144331
144332
144333
144334
144335
144336
144337
144338
144339
144340
144341
144342
144343
144344
144345
144346
144347
144348
144349
144351
144353
144354
144647
144648
144649
144650
144651
144652
144653
144654
144655
144656
144657
144658
144659
144660
144661
144662
144663
144664
144665
144666
144667
144668
144669
144670
144671
144672
144673
144674
144675
144676
144677
144678
144679
144680
144681
144682
144683
144684
144685
144687
144688
144982
144983
144984
144985
144986
144987
144988
144989
144990
144991
144992
144993
144994
144995
144996
144997
144998
144999
145000
145001
145002
145003
145004
145005
145006
145007
145008
145009
145010
145011
145012
145013
145014
145015
145016
145017
145018
145019
145020
145022
145023
145318
145319
145321
145322
145323
145324
145325
145326
145327
145328
145329
145330
145331
145332
145333
145334
145335
145336
145337
145338
145339
145340
145341
145342
145343
145344
145345
145346
145347
145348
145349
145350
145351
145352
145353
145354
145355
145356
145357
145358
145359
145360
145361
145362
145363
145364
145365
145693
145694
145695
145696
145697
145698
145699
145700
145701
145702
145703
145704
145705
145706
145707
145708
145709
145710
145711
145712
145713
145714
145715
145716
145717
145718
145719
145720
145721
145722
145723
145724
145725
145726
145727
145728
145729
145730
145731
145732
145733
145736
146071
146072
146073
146075
146076
146077
146078
146079
146080
146081
146082
146083
146084
146085
146086
146087
146088
146089
146090
146091
146092
146093
146094
146095
146098
151376
151378
151379
151380
151381
151382
151384
151385
151386
151387
151388
151390
151392
151393
151735
151738
151739
151740
151741
151742
151743
151744
151745
151746
151747
151748
151749
151750
151751
151752
151753
151754
151755
151756
151757
151758
151759
151760
151761
151762
151763
151764
151765
151766
151767
151768
151769
151770
151771
151772
151773
151774
151775
151776
151777
151778
152116
152119
152120
152121
152122
152123
152124
152125
152126
152127
152128
152129
152130
152131
152132
152133
152134
152135
152136
152137
152138
152139
152140
152141
152142
152143
152144
152145
152146
152147
152148
152149
152150
152151
152152
152153
152154
152155
152156
152157
152158
152159
152160
152161
152162
152163
152164
152165
152166
152167
152498
152499
152500
152501
152502
152503
152504
152505
152506
152507
152508
152509
152510
152511
152512
152513
152514
152515
152516
152517
152518
152519
152520
152521
152522
152523
152524
152525
152526
152527
152528
152529
152530
152531
152532
152533
152534
152536
152538
152539
152832
152833
152834
152835
152836
152837
152838
152839
152840
152841
152842
152843
152844
152845
152846
152847
152848
152849
152850
152851
152852
152853
152854
152855
152856
152857
152858
152859
152860
152861
152862
152863
152864
152865
152866
152867
152868
152869
152870
152872
152873
153167
153168
153169
153170
153171
153172
153173
153174
153175
153176
153177
153178
153179
153180
153181
153182
153183
153184
153185
153186
153187
153188
153189
153190
153191
153192
153193
153194
153195
153196
153197
153198
153199
153200
153201
153202
153203
153204
153205
153207
153208
153503
153504
153506
153507
153508
153509
153510
153511
153512
153513
153514
153515
153516
153517
153518
153519
153520
153521
153522
153523
153524
153525
153526
153527
153528
153529
153530
153531
153532
153533
153534
153535
153536
153537
153538
153539
153540
153541
153542
153543
153544
153545
153546
153547
153548
153549
153550
153878
153879
153880
153881
153882
153883
153884
153885
153886
153887
153888
153889
153890
153891
153892
153893
153894
153895
153896
153897
153898
153899
153900
153901
153902
153903
153904
153905
153906
153907
153908
153909
153910
153911
153912
153913
153914
153915
153916
153917
153918
153921
154256
154257
154258
154260
154261
154262
154263
154264
154265
154266
154267
154268
154269
154270
154271
154272
154273
154274
154275
154276
154277
154278
154279
154280
154283
159561
159563
159564
159565
159566
159567
159569
159570
159571
159572
159573
159575
159577
159578
159920
159923
159924
159925
159926
159927
159928
159929
159930
159931
159932
159933
159934
159935
159936
159937
159938
159939
159940
159941
159942
159943
159944
159945
159946
159947
159948
159949
159950
159951
159952
159953
159954
159955
159956
159957
159958
159959
159960
159961
159962
159963
160301
160304
160305
160306
160307
160308
160309
160310
160311
160312
160313
160314
160315
160316
160317
160318
160319
160320
160321
160322
160323
160324
160325
160326
160327
160328
160329
160330
160331
160332
160333
160334
160335
160336
160337
160338
160339
160340
160341
160342
160343
160344
160345
160346
160347
160348
160349
160350
160351
160352
160683
160684
160685
160686
160687
160688
160689
160690
160691
160692
160693
160694
160695
160696
160697
160698
160699
160700
160701
160702
160703
160704
160705
160706
160707
160708
160709
160710
160711
160712
160713
160714
160715
160716
160717
160718
160719
160721
160723
160724
161017
161018
161019
161020
161021
161022
161023
161024
161025
161026
161027
161028
161029
161030
161031
161032
161033
161034
161035
161036
161037
161038
161039
161040
161041
161042
161043
161044
161045
161046
161047
161048
161049
161050
161051
161052
161053
161054
161055
161057
161058
161352
161353
161354
161355
161356
161357
161358
161359
161360
161361
161362
161363
161364
161365
161366
161367
161368
161369
161370
161371
161372
161373
161374
161375
161376
161377
161378
161379
161380
161381
161382
161383
161384
161385
161386
161387
161388
161389
161390
161392
161393
161688
161689
161691
161692
161693
161694
161695
161696
161697
161698
161699
161700
161701
161702
161703
161704
161705
161706
161707
161708
161709
161710
161711
161712
161713
161714
161715
161716
161717
161718
161719
161720
161721
161722
161723
161724
161725
161726
161727
161728
161729
161730
161731
161732
161733
161734
161735
162063
162064
162065
162066
162067
162068
162069
162070
162071
162072
162073
162074
162075
162076
162077
162078
162079
162080
162081
162082
162083
162084
162085
162086
162087
162088
162089
162090
162091
162092
162093
162094
162095
162096
162097
162098
162099
162100
162101
162102
162103
162106
162441
162442
162443
162445
162446
162447
162448
162449
162450
162451
162452
162453
162454
162455
162456
162457
162458
162459
162460
162461
162462
162463
162464
162465
162468
167746
167748
167749
167750
167751
167752
167754
167755
167756
167757
167758
167760
167762
167763
168105
168108
168109
168110
168111
168112
168113
168114
168115
168116
168117
168118
168119
168120
168121
168122
168123
168124
168125
168126
168127
168128
168129
168130
168131
168132
168133
168134
168135
168136
168137
168138
168139
168140
168141
168142
168143
168144
168145
168146
168147
168148
168486
168489
168490
168491
168492
168493
168494
168495
168496
168497
168498
168499
168500
168501
168502
168503
168504
168505
168506
168507
168508
168509
168510
168511
168512
168513
168514
168515
168516
168517
168518
168519
168520
168521
168522
168523
168524
168525
168526
168527
168528
168529
168530
168531
168532
168533
168534
168535
168536
168537
168868
168869
168870
168871
168872
168873
168874
168875
168876
168877
168878
168879
168880
168881
168882
168883
168884
168885
168886
168887
168888
168889
168890
168891
168892
168893
168894
168895
168896
168897
168898
168899
168900
168901
168902
168903
168904
168906
168908
168909
169202
169203
169204
169205
169206
169207
169208
169209
169210
169211
169212
169213
169214
169215
169216
169217
169218
169219
169220
169221
169222
169223
169224
169225
169226
169227
169228
169229
169230
169231
169232
169233
169234
169235
169236
169237
169238
169239
169240
169242
169243
169537
169538
169539
169540
169541
169542
169543
169544
169545
169546
169547
169548
169549
169550
169551
169552
169553
169554
169555
169556
169557
169558
169559
169560
169561
169562
169563
169564
169565
169566
169567
169568
169569
169570
169571
169572
169573
169574
169575
169577
169578
169873
169874
169876
169877
169878
169879
169880
169881
169882
169883
169884
169885
169886
169887
169888
169889
169890
169891
169892
169893
169894
169895
169896
169897
169898
169899
169900
169901
169902
169903
169904
169905
169906
169907
169908
169909
169910
169911
169912
169913
169914
169915
169916
169917
169918
169919
169920
170248
170249
170250
170251
170252
170253
170254
170255
170256
170257
170258
170259
170260
170261
170262
170263
170264
170265
170266
170267
170268
170269
170270
170271
170272
170273
170274
170275
170276
170277
170278
170279
170280
170281
170282
170283
170284
170285
170286
170287
170288
170291
170626
170627
170628
170630
170631
170632
170633
170634
170635
170636
170637
170638
170639
170640
170641
170642
170643
170644
170645
170646
170647
170648
170649
170650
170653
175931
175933
175934
175935
175936
175937
175939
175940
175941
175942
175943
175945
175947
175948
176290
176293
176294
176295
176296
176297
176298
176299
176300
176301
176302
176303
176304
176305
176306
176307
176308
176309
176310
176311
176312
176313
176314
176315
176316
176317
176318
176319
176320
176321
176322
176323
176324
176325
176326
176327
176328
176329
176330
176331
176332
176333
176671
176674
176675
176676
176677
176678
176679
176680
176681
176682
176683
176684
176685
176686
176687
176688
176689
176690
176691
176692
176693
176694
176695
176696
176697
176698
176699
176700
176701
176702
176703
176704
176705
176706
176707
176708
176709
176710
176711
176712
176713
176714
176715
176716
176717
176718
176719
176720
176721
176722
177053
177054
177055
177056
177057
177058
177059
177060
177061
177062
177063
177064
177065
177066
177067
177068
177069
177070
177071
177072
177073
177074
177075
177076
177077
177078
177079
177080
177081
177082
177083
177084
177085
177086
177087
177088
177089
177091
177093
177094
177387
177388
177389
177390
177391
177392
177393
177394
177395
177396
177397
177398
177399
177400
177401
177402
177403
177404
177405
177406
177407
177408
177409
177410
177411
177412
177413
177414
177415
177416
177417
177418
177419
177420
177421
177422
177423
177424
177425
177427
177428
177722
177723
177724
177725
177726
177727
177728
177729
177730
177731
177732
177733
177734
177735
177736
177737
177738
177739
177740
177741
177742
177743
177744
177745
177746
177747
177748
177749
177750
177751
177752
177753
177754
177755
177756
177757
177758
177759
177760
177762
177763
178058
178059
178061
178062
178063
178064
178065
178066
178067
178068
178069
178070
178071
178072
178073
178074
178075
178076
178077
178078
178079
178080
178081
178082
178083
178084
178085
178086
178087
178088
178089
178090
178091
178092
178093
178094
178095
178096
178097
178098
178099
178100
178101
178102
178103
178104
178105
178433
178434
178435
178436
178437
178438
178439
178440
178441
178442
178443
178444
178445
178446
178447
178448
178449
178450
178451
178452
178453
178454
178455
178456
178457
178458
178459
178460
178461
178462
178463
178464
178465
178466
178467
178468
178469
178470
178471
178472
178473
178476
178811
178812
178813
178815
178816
178817
178818
178819
178820
178821
178822
178823
178824
178825
178826
178827
178828
178829
178830
178831
178832
178833
178834
178835
178838
184116
184118
184119
184120
184121
184122
184124
184125
184126
184127
184128
184130
184132
184133
184475
184478
184479
184480
184481
184482
184483
184484
184485
184486
184487
184488
184489
184490
184491
184492
184493
184494
184495
184496
184497
184498
184499
184500
184501
184502
184503
184504
184505
184506
184507
184508
184509
184510
184511
184512
184513
184514
184515
184516
184517
184518
184856
184859
184860
184861
184862
184863
184864
184865
184866
184867
184868
184869
184870
184871
184872
184873
184874
184875
184876
184877
184878
184879
184880
184881
184882
184883
184884
184885
184886
184887
184888
184889
184890
184891
184892
184893
184894
184895
184896
184897
184898
184899
184900
184901
184902
184903
184904
184905
184906
184907
185238
185239
185240
185241
185242
185243
185244
185245
185246
185247
185248
185249
185250
185251
185252
185253
185254
185255
185256
185257
185258
185259
185260
185261
185262
185263
185264
185265
185266
185267
185268
185269
185270
185271
185272
185273
185274
185276
185278
185279
185572
185573
185574
185575
185576
185577
185578
185579
185580
185581
185582
185583
185584
185585
185586
185587
185588
185589
185590
185591
185592
185593
185594
185595
185596
185597
185598
185599
185600
185601
185602
185603
185604
185605
185606
185607
185608
185609
185610
185612
185613
185907
185908
185909
185910
185911
185912
185913
185914
185915
185916
185917
185918
185919
185920
185921
185922
185923
185924
185925
185926
185927
185928
185929
185930
185931
185932
185933
185934
185935
185936
185937
185938
185939
185940
185941
185942
185943
185944
185945
185947
185948
186243
186244
186246
186247
186248
186249
186250
186251
186252
186253
186254
186255
186256
186257
186258
186259
186260
186261
186262
186263
186264
186265
186266
186267
186268
186269
186270
186271
186272
186273
186274
186275
186276
186277
186278
186279
186280
186281
186282
186283
186284
186285
186286
186287
186288
186289
186290
186618
186619
186620
186621
186622
186623
186624
186625
186626
186627
186628
186629
186630
186631
186632
186633
186634
186635
186636
186637
186638
186639
186640
186641
186642
186643
186644
186645
186646
186647
186648
186649
186650
186651
186652
186653
186654
186655
186656
186657
186658
186661
186996
186997
186998
187000
187001
187002
187003
187004
187005
187006
187007
187008
187009
187010
187011
187012
187013
187014
187015
187016
187017
187018
187019
187020
187023
192301
192303
192304
192305
192306
192307
192309
192310
192311
192312
192313
192315
192317
192318
192660
192663
192664
192665
192666
192667
192668
192669
192670
192671
192672
192673
192674
192675
192676
192677
192678
192679
192680
192681
192682
192683
192684
192685
192686
192687
192688
192689
192690
192691
192692
192693
192694
192695
192696
192697
192698
192699
192700
192701
192702
192703
193041
193044
193045
193046
193047
193048
193049
193050
193051
193052
193053
193054
193055
193056
193057
193058
193059
193060
193061
193062
193063
193064
193065
193066
193067
193068
193069
193070
193071
193072
193073
193074
193075
193076
193077
193078
193079
193080
193081
193082
193083
193084
193085
193086
193087
193088
193089
193090
193091
193092
193423
193424
193425
193426
193427
193428
193429
193430
193431
193432
193433
193434
193435
193436
193437
193438
193439
193440
193441
193442
193443
193444
193445
193446
193447
193448
193449
193450
193451
193452
193453
193454
193455
193456
193457
193458
193459
193461
193463
193464
193757
193758
193759
193760
193761
193762
193763
193764
193765
193766
193767
193768
193769
193770
193771
193772
193773
193774
193775
193776
193777
193778
193779
193780
193781
193782
193783
193784
193785
193786
193787
193788
193789
193790
193791
193792
193793
193794
193795
193797
193798
194092
194093
194094
194095
194096
194097
194098
194099
194100
194101
194102
194103
194104
194105
194106
194107
194108
194109
194110
194111
194112
194113
194114
194115
194116
194117
194118
194119
194120
194121
194122
194123
194124
194125
194126
194127
194128
194129
194130
194132
194133
194428
194429
194431
194432
194433
194434
194435
194436
194437
194438
194439
194440
194441
194442
194443
194444
194445
194446
194447
194448
194449
194450
194451
194452
194453
194454
194455
194456
194457
194458
194459
194460
194461
194462
194463
194464
194465
194466
194467
194468
194469
194470
194471
194472
194473
194474
194475
194803
194804
194805
194806
194807
194808
194809
194810
194811
194812
194813
194814
194815
194816
194817
194818
194819
194820
194821
194822
194823
194824
194825
194826
194827
194828
194829
194830
194831
194832
194833
194834
194835
194836
194837
194838
194839
194840
194841
194842
194843
194846
195181
195182
195183
195185
195186
195187
195188
195189
195190
195191
195192
195193
195194
195195
195196
195197
195198
195199
195200
195201
195202
195203
195204
195205
195208
200486
200488
200489
200490
200491
200492
200494
200495
200496
200497
200498
200500
200502
200503
200845
200848
200849
200850
200851
200852
200853
200854
200855
200856
200857
200858
200859
200860
200861
200862
200863
200864
200865
200866
200867
200868
200869
200870
200871
200872
200873
200874
200875
200876
200877
200878
200879
200880
200881
200882
200883
200884
200885
200886
200887
200888
201226
201229
201230
201231
201232
201233
201234
201235
201236
201237
201238
201239
201240
201241
201242
201243
201244
201245
201246
201247
201248
201249
201250
201251
201252
201253
201254
201255
201256
201257
201258
201259
201260
201261
201262
201263
201264
201265
201266
201267
201268
201269
201270
201271
201272
201273
201274
201275
201276
201277
201608
201609
201610
201611
201612
201613
201614
201615
201616
201617
201618
201619
201620
201621
201622
201623
201624
201625
201626
201627
201628
201629
201630
201631
201632
201633
201634
201635
201636
201637
201638
201639
201640
201641
201642
201643
201644
201646
201648
201649
201942
201943
201944
201945
201946
201947
201948
201949
201950
201951
201952
201953
201954
201955
201956
201957
201958
201959
201960
201961
201962
201963
201964
201965
201966
201967
201968
201969
201970
201971
201972
201973
201974
201975
201976
201977
201978
201979
201980
201982
201983
202277
202278
202279
202280
202281
202282
202283
202284
202285
202286
202287
202288
202289
202290
202291
202292
202293
202294
202295
202296
202297
202298
202299
202300
202301
202302
202303
202304
202305
202306
202307
202308
202309
202310
202311
202312
202313
202314
202315
202317
202318
202613
202614
202616
202617
202618
202619
202620
202621
202622
202623
202624
202625
202626
202627
202628
202629
202630
202631
202632
202633
202634
202635
202636
202637
202638
202639
202640
202641
202642
202643
202644
202645
202646
202647
202648
202649
202650
202651
202652
202653
202654
202655
202656
202657
202658
202659
202660
202988
202989
202990
202991
202992
202993
202994
202995
202996
202997
202998
202999
203000
203001
203002
203003
203004
203005
203006
203007
203008
203009
203010
203011
203012
203013
203014
203015
203016
203017
203018
203019
203020
203021
203022
203023
203024
203025
203026
203027
203028
203031
203366
203367
203368
203370
203371
203372
203373
203374
203375
203376
203377
203378
203379
203380
203381
203382
203383
203384
203385
203386
203387
203388
203389
203390
203393
208671
208673
208674
208675
208676
208677
208679
208680
208681
208682
208683
208685
208687
208688
209030
209033
209034
209035
209036
209037
209038
209039
209040
209041
209042
209043
209044
209045
209046
209047
209048
209049
209050
209051
209052
209053
209054
209055
209056
209057
209058
209059
209060
209061
209062
209063
209064
209065
209066
209067
209068
209069
209070
209071
209072
209073
209411
209414
209415
209416
209417
209418
209419
209420
209421
209422
209423
209424
209425
209426
209427
209428
209429
209430
209431
209432
209433
209434
209435
209436
209437
209438
209439
209440
209441
209442
209443
209444
209445
209446
209447
209448
209449
209450
209451
209452
209453
209454
209455
209456
209457
209458
209459
209460
209461
209462
209793
209794
209795
209796
209797
209798
209799
209800
209801
209802
209803
209804
209805
209806
209807
209808
209809
209810
209811
209812
209813
209814
209815
209816
209817
209818
209819
209820
209821
209822
209823
209824
209825
209826
209827
209828
209829
209831
209833
209834
210127
210128
210129
210130
210131
210132
210133
210134
210135
210136
210137
210138
210139
210140
210141
210142
210143
210144
210145
210146
210147
210148
210149
210150
210151
210152
210153
210154
210155
210156
210157
210158
210159
210160
210161
210162
210163
210164
210165
210167
210168
210462
210463
210464
210465
210466
210467
210468
210469
210470
210471
210472
210473
210474
210475
210476
210477
210478
210479
210480
210481
210482
210483
210484
210485
210486
210487
210488
210489
210490
210491
210492
210493
210494
210495
210496
210497
210498
210499
210500
210502
210503
210798
210799
210801
210802
210803
210804
210805
210806
210807
210808
210809
210810
210811
210812
210813
210814
210815
210816
210817
210818
210819
210820
210821
210822
210823
210824
210825
210826
210827
210828
210829
210830
210831
210832
210833
210834
210835
210836
210837
210838
210839
210840
210841
210842
210843
210844
210845
211173
211174
211175
211176
211177
211178
211179
211180
211181
211182
211183
211184
211185
211186
211187
211188
211189
211190
211191
211192
211193
211194
211195
211196
211197
211198
211199
211200
211201
211202
211203
211204
211205
211206
211207
211208
211209
211210
211211
211212
211213
211216
211551
211552
211553
211555
211556
211557
211558
211559
211560
211561
211562
211563
211564
211565
211566
211567
211568
211569
211570
211571
211572
211573
211574
211575
211578
216856
216858
216859
216860
216861
216862
216864
216865
216866
216867
216868
216870
216872
216873
217215
217218
217219
217220
217221
217222
217223
217224
217225
217226
217227
217228
217229
217230
217231
217232
217233
217234
217235
217236
217237
217238
217239
217240
217241
217242
217243
217244
217245
217246
217247
217248
217249
217250
217251
217252
217253
217254
217255
217256
217257
217258
217596
217599
217600
217601
217602
217603
217604
217605
217606
217607
217608
217609
217610
217611
217612
217613
217614
217615
217616
217617
217618
217619
217620
217621
217622
217623
217624
217625
217626
217627
217628
217629
217630
217631
217632
217633
217634
217635
217636
217637
217638
217639
217640
217641
217642
217643
217644
217645
217646
217647
217978
217979
217980
217981
217982
217983
217984
217985
217986
217987
217988
217989
217990
217991
217992
217993
217994
217995
217996
217997
217998
217999
218000
218001
218002
218003
218004
218005
218006
218007
218008
218009
218010
218011
218012
218013
218014
218016
218018
218019
218312
218313
218314
218315
218316
218317
218318
218319
218320
218321
218322
218323
218324
218325
218326
218327
218328
218329
218330
218331
218332
218333
218334
218335
218336
218337
218338
218339
218340
218341
218342
218343
218344
218345
218346
218347
218348
218349
218350
218352
218353
218647
218648
218649
218650
218651
218652
218653
218654
218655
218656
218657
218658
218659
218660
218661
218662
218663
218664
218665
218666
218667
218668
218669
218670
218671
218672
218673
218674
218675
218676
218677
218678
218679
218680
218681
218682
218683
218684
218685
218687
218688
218983
218984
218986
218987
218988
218989
218990
218991
218992
218993
218994
218995
218996
218997
218998
218999
219000
219001
219002
219003
219004
219005
219006
219007
219008
219009
219010
219011
219012
219013
219014
219015
219016
219017
219018
219019
219020
219021
219022
219023
219024
219025
219026
219027
219028
219029
219030
219358
219359
219360
219361
219362
219363
219364
219365
219366
219367
219368
219369
219370
219371
219372
219373
219374
219375
219376
219377
219378
219379
219380
219381
219382
219383
219384
219385
219386
219387
219388
219389
219390
219391
219392
219393
219394
219395
219396
219397
219398
219401
219736
219737
219738
219740
219741
219742
219743
219744
219745
219746
219747
219748
219749
219750
219751
219752
219753
219754
219755
219756
219757
219758
219759
219760
219763
225041
225043
225044
225045
225046
225047
225049
225050
225051
225052
225053
225055
225057
225058
225400
225403
225404
225405
225406
225407
225408
225409
225410
225411
225412
225413
225414
225415
225416
225417
225418
225419
225420
225421
225422
225423
225424
225425
225426
225427
225428
225429
225430
225431
225432
225433
225434
225435
225436
225437
225438
225439
225440
225441
225442
225443
225781
225784
225785
225786
225787
225788
225789
225790
225791
225792
225793
225794
225795
225796
225797
225798
225799
225800
225801
225802
225803
225804
225805
225806
225807
225808
225809
225810
225811
225812
225813
225814
225815
225816
225817
225818
225819
225820
225821
225822
225823
225824
225825
225826
225827
225828
225829
225830
225831
225832
226163
226164
226165
226166
226167
226168
226169
226170
226171
226172
226173
226174
226175
226176
226177
226178
226179
226180
226181
226182
226183
226184
226185
226186
226187
226188
226189
226190
226191
226192
226193
226194
226195
226196
226197
226198
226199
226201
226203
226204
226497
226498
226499
226500
226501
226502
226503
226504
226505
226506
226507
226508
226509
226510
226511
226512
226513
226514
226515
226516
226517
226518
226519
226520
226521
226522
226523
226524
226525
226526
226527
226528
226529
226530
226531
226532
226533
226534
226535
226537
226538
226832
226833
226834
226835
226836
226837
226838
226839
226840
226841
226842
226843
226844
226845
226846
226847
226848
226849
226850
226851
226852
226853
226854
226855
226856
226857
226858
226859
226860
226861
226862
226863
226864
226865
226866
226867
226868
226869
226870
226872
226873
227168
227169
227171
227172
227173
227174
227175
227176
227177
227178
227179
227180
227181
227182
227183
227184
227185
227186
227187
227188
227189
227190
227191
227192
227193
227194
227195
227196
227197
227198
227199
227200
227201
227202
227203
227204
227205
227206
227207
227208
227209
227210
227211
227212
227213
227214
227215
227543
227544
227545
227546
227547
227548
227549
227550
227551
227552
227553
227554
227555
227556
227557
227558
227559
227560
227561
227562
227563
227564
227565
227566
227567
227568
227569
227570
227571
227572
227573
227574
227575
227576
227577
227578
227579
227580
227581
227582
227583
227586
227921
227922
227923
227925
227926
227927
227928
227929
227930
227931
227932
227933
227934
227935
227936
227937
227938
227939
227940
227941
227942
227943
227944
227945
227948
233226
233228
233229
233230
233231
233232
233234
233235
233236
233237
233238
233240
233242
233243
233585
233588
233589
233590
233591
233592
233593
233594
233595
233596
233597
233598
233599
233600
233601
233602
233603
233604
233605
233606
233607
233608
233609
233610
233611
233612
233613
233614
233615
233616
233617
233618
233619
233620
233621
233622
233623
233624
233625
233626
233627
233628
233966
233969
233970
233971
233972
233973
233974
233975
233976
233977
233978
233979
233980
233981
233982
233983
233984
233985
233986
233987
233988
233989
233990
233991
233992
233993
233994
233995
233996
233997
233998
233999
234000
234001
234002
234003
234004
234005
234006
234007
234008
234009
234010
234011
234012
234013
234014
234015
234016
234017
234348
234349
234350
234351
234352
234353
234354
234355
234356
234357
234358
234359
234360
234361
234362
234363
234364
234365
234366
234367
234368
234369
234370
234371
234372
234373
234374
234375
234376
234377
234378
234379
234380
234381
234382
234383
234384
234386
234388
234389
234682
234683
234684
234685
234686
234687
234688
234689
234690
234691
234692
234693
234694
234695
234696
234697
234698
234699
234700
234701
234702
234703
234704
234705
234706
234707
234708
234709
234710
234711
234712
234713
234714
234715
234716
234717
234718
234719
234720
234722
234723
235017
235018
235019
235020
235021
235022
235023
235024
235025
235026
235027
235028
235029
235030
235031
235032
235033
235034
235035
235036
235037
235038
235039
235040
235041
235042
235043
235044
235045
235046
235047
235048
235049
235050
235051
235052
235053
235054
235055
235057
235058
235353
235354
235356
235357
235358
235359
235360
235361
235362
235363
235364
235365
235366
235367
235368
235369
235370
235371
235372
235373
235374
235375
235376
235377
235378
235379
235380
235381
235382
235383
235384
235385
235386
235387
235388
235389
235390
235391
235392
235393
235394
235395
235396
235397
235398
235399
235400
235728
235729
235730
235731
235732
235733
235734
235735
235736
235737
235738
235739
235740
235741
235742
235743
235744
235745
235746
235747
235748
235749
235750
235751
235752
235753
235754
235755
235756
235757
235758
235759
235760
235761
235762
235763
235764
235765
235766
235767
235768
235771
236106
236107
236108
236110
236111
236112
236113
236114
236115
236116
236117
236118
236119
236120
236121
236122
236123
236124
236125
236126
236127
236128
236129
236130
236133
241411
241413
241414
241415
241416
241417
241419
241420
241421
241422
241423
241425
241427
241428
241770
241773
241774
241775
241776
241777
241778
241779
241780
241781
241782
241783
241784
241785
241786
241787
241788
241789
241790
241791
241792
241793
241794
241795
241796
241797
241798
241799
241800
241801
241802
241803
241804
241805
241806
241807
241808
241809
241810
241811
241812
241813
242151
242154
242155
242156
242157
242158
242159
242160
242161
242162
242163
242164
242165
242166
242167
242168
242169
242170
242171
242172
242173
242174
242175
242176
242177
242178
242179
242180
242181
242182
242183
242184
242185
242186
242187
242188
242189
242190
242191
242192
242193
242194
242195
242196
242197
242198
242199
242200
242201
242202
242533
242534
242535
242536
242537
242538
242539
242540
242541
242542
242543
242544
242545
242546
242547
242548
242549
242550
242551
242552
242553
242554
242555
242556
242557
242558
242559
242560
242561
242562
242563
242564
242565
242566
242567
242568
242569
242571
242573
242574
242867
242868
242869
242870
242871
242872
242873
242874
242875
242876
242877
242878
242879
242880
242881
242882
242883
242884
242885
242886
242887
242888
242889
242890
242891
242892
242893
242894
242895
242896
242897
242898
242899
242900
242901
242902
242903
242904
242905
242907
242908
243202
243203
243204
243205
243206
243207
243208
243209
243210
243211
243212
243213
243214
243215
243216
243217
243218
243219
243220
243221
243222
243223
243224
243225
243226
243227
243228
243229
243230
243231
243232
243233
243234
243235
243236
243237
243238
243239
243240
243242
243243
243538
243539
243541
243542
243543
243544
243545
243546
243547
243548
243549
243550
243551
243552
243553
243554
243555
243556
243557
243558
243559
243560
243561
243562
243563
243564
243565
243566
243567
243568
243569
243570
243571
243572
243573
243574
243575
243576
243577
243578
243579
243580
243581
243582
243583
243584
243585
243913
243914
243915
243916
243917
243918
243919
243920
243921
243922
243923
243924
243925
243926
243927
243928
243929
243930
243931
243932
243933
243934
243935
243936
243937
243938
243939
243940
243941
243942
243943
243944
243945
243946
243947
243948
243949
243950
243951
243952
243953
243956
244291
244292
244293
244295
244296
244297
244298
244299
244300
244301
244302
244303
244304
244305
244306
244307
244308
244309
244310
244311
244312
244313
244314
244315
244318
249902
249904
249905
249906
249907
249908
249910
249911
249912
249913
249914
249916
249918
249919
250261
250264
250265
250266
250267
250268
250269
250270
250271
250272
250273
250274
250275
250276
250277
250278
250279
250280
250281
250282
250283
250284
250285
250286
250287
250288
250289
250290
250291
250292
250293
250294
250295
250296
250297
250298
250299
250300
250301
250302
250303
250304
250305
250306
250307
250308
250309
250310
250660
250663
250664
250665
250666
250667
250668
250669
250670
250671
250672
250673
250674
250675
250676
250677
250678
250679
250680
250681
250682
250683
250684
250685
250686
250687
250688
250689
250690
250691
250692
250693
250694
250695
250696
250697
250698
250699
250700
250701
250702
250703
250704
250705
250706
250707
250708
250709
250710
250711
250712
250713
250714
250715
250716
250717
250718
250719
250720
250721
250722
250723
250724
250725
250726
250727
250728
250729
251096
251097
251098
251099
251100
251101
251102
251103
251104
251105
251106
251107
251108
251109
251110
251111
251112
251113
251114
251115
251116
251117
251118
251119
251120
251121
251122
251123
251124
251125
251126
251127
251128
251129
251130
251131
251132
251133
251134
251135
251136
251137
251138
251139
251140
251141
251142
251143
251144
251145
251146
251147
251148
251149
251150
251152
251154
251155
251484
251485
251486
251487
251488
251489
251490
251491
251492
251493
251494
251495
251496
251497
251498
251499
251500
251501
251502
251503
251504
251505
251506
251507
251508
251509
251510
251511
251512
251513
251514
251515
251516
251517
251518
251519
251520
251521
251522
251523
251524
251525
251526
251527
251528
251529
251530
251531
251532
251533
251534
251535
251536
251537
251538
251539
251540
251542
251543
251873
251874
251875
251876
251877
251878
251879
251880
251881
251882
251883
251884
251885
251886
251887
251888
251889
251890
251891
251892
251893
251894
251895
251896
251897
251898
251899
251900
251901
251902
251903
251904
251905
251906
251907
251908
251909
251910
251911
251912
251913
251914
251915
251916
251917
251918
251919
251920
251921
251922
251923
251924
251925
251926
251927
251928
251929
251931
251932
252263
252264
252266
252267
252268
252269
252270
252271
252272
252273
252274
252275
252276
252277
252278
252279
252280
252281
252282
252283
252284
252285
252286
252287
252288
252289
252290
252291
252292
252293
252294
252295
252296
252297
252298
252299
252300
252301
252302
252303
252304
252305
252306
252307
252308
252309
252310
252311
252312
252313
252314
252315
252316
252317
252318
252319
252320
252321
252322
252323
252324
252325
252326
252327
252328
252692
252693
252694
252695
252696
252697
252698
252699
252700
252701
252702
252703
252704
252705
252706
252707
252708
252709
252710
252711
252712
252713
252714
252715
252716
252717
252718
252719
252720
252721
252722
252723
252724
252725
252726
252727
252728
252729
252730
252731
252732
252733
252734
252735
252736
252737
252738
252741
253088
253089
253090
253092
253093
253094
253095
253096
253097
253098
253099
253100
253101
253102
253103
253104
253105
253106
253107
253108
253109
253110
253111
253112
253115
258363
258365
258366
258367
258368
258369
258371
258372
258373
258374
258375
258377
258379
258380
258722
258725
258726
258727
258728
258729
258730
258731
258732
258733
258734
258735
258736
258737
258738
258739
258740
258741
258742
258743
258744
258745
258746
258747
258748
258749
258750
258751
258752
258753
258754
258755
259073
259076
259077
259078
259079
259080
259081
259082
259083
259084
259085
259086
259087
259088
259089
259090
259091
259092
259093
259094
259095
259096
259097
259098
259099
259100
259101
259102
259103
259104
259105
259106
259107
259108
259109
259110
259111
259112
259113
259114
259425
259426
259427
259428
259429
259430
259431
259432
259433
259434
259435
259436
259437
259438
259439
259440
259441
259442
259443
259444
259445
259446
259447
259448
259449
259450
259451
259452
259453
259454
259455
259456
259457
259458
259459
259460
259461
259462
259463
259464
259465
259466
259467
259469
259471
259472
259777
259778
259779
259780
259781
259782
259783
259784
259785
259786
259787
259788
259789
259790
259791
259792
259793
259794
259795
259796
259797
259798
259799
259800
259801
259802
259803
259804
259805
259806
259807
259808
259809
259810
259811
259812
259813
259814
259815
259816
259817
259818
259819
259820
259821
259823
259824
260130
260131
260132
260133
260134
260135
260136
260137
260138
260139
260140
260141
260142
260143
260144
260145
260146
260147
260148
260149
260150
260151
260152
260153
260154
260155
260156
260157
260158
260159
260160
260161
260162
260163
260164
260165
260166
260167
260168
260169
260170
260171
260172
260173
260174
260176
260177
260484
260485
260487
260488
260489
260490
260491
260492
260493
260494
260495
260496
260497
260498
260499
260500
260501
260502
260503
260504
260505
260506
260507
260508
260509
260510
260511
260512
260513
260514
260515
260516
260517
260518
260519
260520
260521
260522
260523
260524
260525
260841
260842
260843
260844
260845
260846
260847
260848
260849
260850
260851
260852
260853
260854
260855
260856
260857
260858
260859
260860
260861
260862
260863
260864
260865
260866
260867
260868
260869
260870
260871
260872
260873
260874
260875
260876
260877
260880
261207
261208
261209
261210
261212
261213
261214
261215
261216
261217
261218
261219
261220
261221
261222
261223
261224
261225
261226
261227
261228
261229
261230
261231
261232
261233
261236
266590
266591
266592
266595
266596
266597
266598
266601
266602
266604
266606
266951
266952
266954
266955
266956
266957
266958
266959
266961
266962
266963
266964
266965
266967
266968
266969
266970
266971
266973
266974
266975
266976
266977
266979
266980
266981
266983
266984
267308
267309
267311
267312
267313
267314
267315
267316
267318
267319
267320
267321
267322
267324
267325
267326
267327
267328
267330
267331
267332
267333
267334
267336
267337
267338
267339
267340
267342
267343
267344
267345
267346
267348
267349
267350
267352
267353
267676
267677
267678
267679
267680
267682
267683
267684
267685
267686
267688
267689
267690
267691
267692
267694
267695
267696
267697
267698
267700
267701
267702
267703
267704
267706
267707
267708
267709
267710
267712
267713
267714
267715
267716
267718
267719
267720
267721
267722
267726
267728
267729
268046
268047
268048
268049
268050
268052
268053
268054
268055
268056
268058
268059
268060
268061
268062
268064
268065
268066
268067
268068
268070
268071
268072
268073
268074
268076
268077
268078
268079
268080
268082
268083
268084
268085
268086
268088
268089
268090
268091
268092
268094
268096
268098
268099
268417
268418
268419
268420
268421
268423
268424
268425
268426
268427
268429
268430
268431
268432
268433
268435
268436
268437
268438
268439
268441
268442
268443
268444
268445
268447
268448
268449
268450
268451
268453
268454
268455
268456
268457
268459
268460
268461
268462
268463
268465
268467
268469
268470
268790
268791
268793
268794
268795
268796
268797
268798
268799
268801
268802
268803
268804
268805
268807
268808
268809
268810
268811
268813
268814
268815
268816
268817
268819
268820
268821
268822
268823
268825
268826
268827
268828
268829
268831
268832
268834
268835
268836
269164
269165
269166
269168
269169
269170
269171
269172
269173
269174
269176
269177
269178
269179
269180
269182
269183
269184
269185
269186
269188
269189
269190
269191
269192
269194
269195
269197
269198
269199
269200
269201
269205
269536
269537
269540
269541
269542
269543
269544
269546
269547
269548
269549
269550
269552
269553
269554
269555
269556
269558
269559
269560
269561
269565
293335
293336
293337
293353
293355
293357
293359
293361
293362
293363
293377
293380
293381
293383
293385
293386
293387
293401
293404
293405
293407
293409
293410
293411
293429
293431
293433
293434
293435
293455
293770
293771
293772
293788
293790
293791
293793
293795
293796
293797
293809
293811
293812
293814
293815
293817
293818
293819
293839
294070
294072
294073
294075
294077
294078
294079
294091
294093
294094
294096
294097
294100
294101
294307
294309
294315
294316
294317
294336
294337
294445
294447
294453
294454
294455
294474
294475
294583
294585
294592
294593
294612
294613
294739
294741
294742
294743
294745
294747
294748
294749
294763
294765
294766
294767
294769
294770
294774
294981
295003
295005
295006
295007
295009
295011
295012
295013
295027
295029
295030
295031
295033
295034
295038
295269
295291
295293
295294
295299
295300
295315
295317
295318
295319
295321
295323
295324
295339
295341
295342
295343
295345
295347
295348
295365
295366
295369
298420
298421
298422
298435
298436
298437
298438
298439
298440
298441
298442
298443
298444
298447
298448
298449
298450
298451
298452
298453
298454
298455
298456
298457
298458
298459
298460
298461
298462
298463
298464
298465
298466
298467
298468
298469
298470
298471
298472
298473
298474
298475
298476
298477
298478
298479
298480
298481
298482
298483
298484
298485
298488
298489
298490
298491
298492
298494
298498
298499
298500
298501
298502
298503
298508
298520
298521
298753
298754
298755
298768
298769
298770
298771
298772
298773
298774
298775
298776
298777
298778
298779
298780
298781
298782
298783
298784
298785
298786
298787
298788
298789
298790
298791
298792
298793
298794
298795
298796
298798
298799
298800
298801
298802
298803
298808
298820
298821
299002
299003
299004
299005
299006
299007
299008
299009
299010
299011
299012
299013
299014
299015
299016
299017
299018
299019
299020
299021
299023
299024
299025
299026
299028
299029
299030
299031
299033
299034
299203
299204
299208
299209
299210
299214
299215
299216
299221
299222
299223
299224
299225
299226
299227
299228
299229
299230
299231
299232
299233
299234
299235
299236
299237
299238
299239
299240
299241
299242
299243
299244
299245
299246
299247
299248
299249
299250
299251
299252
299253
299254
299255
299256
299260
299265
299270
299271
299413
299414
299418
299419
299420
299424
299425
299426
299431
299432
299433
299434
299435
299436
299437
299438
299439
299440
299441
299442
299443
299444
299445
299446
299447
299448
299449
299450
299451
299452
299453
299454
299455
299456
299457
299458
299459
299460
299461
299462
299463
299464
299465
299466
299470
299475
299480
299481
299623
299624
299628
299629
299634
299635
299636
299641
299643
299644
299645
299646
299647
299648
299649
299650
299651
299652
299653
299654
299655
299656
299657
299658
299659
299660
299661
299662
299663
299664
299665
299666
299667
299668
299669
299670
299671
299672
299673
299674
299675
299676
299680
299685
299691
299851
299852
299853
299854
299855
299856
299857
299858
299859
299860
299861
299863
299864
299865
299866
299867
299868
299869
299870
299873
299874
299875
299877
299878
299879
299880
299883
300038
300049
300050
300058
300059
300060
300061
300062
300063
300064
300065
300066
300067
300068
300069
300070
300072
300073
300074
300075
300076
300077
300078
300079
300080
300081
300084
300085
300086
300087
300088
300089
300090
300091
300092
300093
300096
300272
300283
300284
300292
300293
300294
300297
300298
300300
300302
300303
300304
300305
300306
300310
300312
300313
300314
300315
300316
300317
300318
300320
300321
300322
300323
300324
300325
300327
300328
300330
300331
300332
300333
300334
300335
300336
300338
300339
300340
300341
300342
300343
300345
300346
300348
300350
300351
300353
300357
300358
300359
300361
300362
300363
300366
303475
303476
303477
303490
303491
303492
303493
303494
303495
303496
303497
303498
303499
303502
303503
303504
303505
303506
303507
303508
303509
303510
303511
303512
303513
303514
303515
303516
303517
303518
303519
303520
303521
303522
303523
303524
303525
303526
303527
303528
303529
303530
303531
303532
303533
303534
303535
303536
303537
303538
303539
303540
303543
303544
303545
303546
303547
303549
303553
303554
303555
303556
303557
303558
303563
303575
303576
303808
303809
303810
303823
303824
303825
303826
303827
303828
303829
303830
303831
303832
303833
303834
303835
303836
303837
303838
303839
303840
303841
303842
303843
303844
303845
303846
303847
303848
303849
303850
303851
303853
303854
303855
303856
303857
303858
303863
303875
303876
304057
304058
304059
304060
304061
304062
304063
304064
304065
304066
304067
304068
304069
304070
304071
304072
304073
304074
304075
304076
304078
304079
304080
304081
304083
304084
304085
304086
304088
304089
304258
304259
304263
304264
304265
304269
304270
304271
304276
304277
304278
304279
304280
304281
304282
304283
304284
304285
304286
304287
304288
304289
304290
304291
304292
304293
304294
304295
304296
304297
304298
304299
304300
304301
304302
304303
304304
304305
304306
304307
304308
304309
304310
304311
304315
304320
304325
304326
304468
304469
304473
304474
304475
304479
304480
304481
304486
304487
304488
304489
304490
304491
304492
304493
304494
304495
304496
304497
304498
304499
304500
304501
304502
304503
304504
304505
304506
304507
304508
304509
304510
304511
304512
304513
304514
304515
304516
304517
304518
304519
304520
304521
304525
304530
304535
304536
304678
304679
304683
304684
304689
304690
304691
304696
304698
304699
304700
304701
304702
304703
304704
304705
304706
304707
304708
304709
304710
304711
304712
304713
304714
304715
304716
304717
304718
304719
304720
304721
304722
304723
304724
304725
304726
304727
304728
304729
304730
304731
304735
304740
304746
304906
304907
304908
304909
304910
304911
304912
304913
304914
304915
304916
304918
304919
304920
304921
304922
304923
304924
304925
304928
304929
304930
304932
304933
304934
304935
304938
305093
305104
305105
305113
305114
305115
305116
305117
305118
305119
305120
305121
305122
305123
305124
305125
305127
305128
305129
305130
305131
305132
305133
305134
305135
305136
305139
305140
305141
305142
305143
305144
305145
305146
305147
305148
305151
305327
305338
305339
305347
305348
305349
305352
305353
305355
305357
305358
305359
305360
305361
305365
305367
305368
305369
305370
305371
305372
305373
305375
305376
305377
305378
305379
305380
305382
305383
305385
305386
305387
305388
305389
305390
305391
305393
305394
305395
305396
305397
305398
305400
305401
305403
305405
305406
305408
305412
305413
305414
305416
305417
305418
305421
308530
308531
308532
308545
308546
308547
308548
308549
308550
308551
308552
308553
308554
308557
308558
308559
308560
308561
308562
308563
308564
308565
308566
308567
308568
308569
308570
308571
308572
308573
308574
308575
308576
308577
308578
308579
308580
308581
308582
308583
308584
308585
308586
308587
308588
308589
308590
308591
308592
308593
308594
308595
308598
308599
308600
308601
308602
308604
308608
308609
308610
308611
308612
308613
308618
308630
308631
308863
308864
308865
308878
308879
308880
308881
308882
308883
308884
308885
308886
308887
308888
308889
308890
308891
308892
308893
308894
308895
308896
308897
308898
308899
308900
308901
308902
308903
308904
308905
308906
308908
308909
308910
308911
308912
308913
308918
308930
308931
309112
309113
309114
309115
309116
309117
309118
309119
309120
309121
309122
309123
309124
309125
309126
309127
309128
309129
309130
309131
309133
309134
309135
309136
309138
309139
309140
309141
309143
309144
309313
309314
309318
309319
309320
309324
309325
309326
309331
309332
309333
309334
309335
309336
309337
309338
309339
309340
309341
309342
309343
309344
309345
309346
309347
309348
309349
309350
309351
309352
309353
309354
309355
309356
309357
309358
309359
309360
309361
309362
309363
309364
309365
309366
309370
309375
309380
309381
309523
309524
309528
309529
309530
309534
309535
309536
309541
309542
309543
309544
309545
309546
309547
309548
309549
309550
309551
309552
309553
309554
309555
309556
309557
309558
309559
309560
309561
309562
309563
309564
309565
309566
309567
309568
309569
309570
309571
309572
309573
309574
309575
309576
309580
309585
309590
309591
309733
309734
309738
309739
309744
309745
309746
309751
309753
309754
309755
309756
309757
309758
309759
309760
309761
309762
309763
309764
309765
309766
309767
309768
309769
309770
309771
309772
309773
309774
309775
309776
309777
309778
309779
309780
309781
309782
309783
309784
309785
309786
309790
309795
309801
309961
309962
309963
309964
309965
309966
309967
309968
309969
309970
309971
309973
309974
309975
309976
309977
309978
309979
309980
309983
309984
309985
309987
309988
309989
309990
309993
310148
310159
310160
310168
310169
310170
310171
310172
310173
310174
310175
310176
310177
310178
310179
310180
310182
310183
310184
310185
310186
310187
310188
310189
310190
310191
310194
310195
310196
310197
310198
310199
310200
310201
310202
310203
310206
310382
310393
310394
310402
310403
310404
310407
310408
310410
310412
310413
310414
310415
310416
310420
310422
310423
310424
310425
310426
310427
310428
310430
310431
310432
310433
310434
310435
310437
310438
310440
310441
310442
310443
310444
310445
310446
310448
310449
310450
310451
310452
310453
310455
310456
310458
310460
310461
310463
310467
310468
310469
310471
310472
310473
310476
313585
313586
313587
313600
313601
313602
313603
313604
313605
313606
313607
313608
313609
313612
313613
313614
313615
313616
313617
313618
313619
313620
313621
313622
313623
313624
313625
313626
313627
313628
313629
313630
313631
313632
313633
313634
313635
313636
313637
313638
313639
313640
313641
313642
313643
313644
313645
313646
313647
313648
313649
313650
313653
313654
313655
313656
313657
313659
313663
313664
313665
313666
313667
313668
313673
313685
313686
313918
313919
313920
313933
313934
313935
313936
313937
313938
313939
313940
313941
313942
313943
313944
313945
313946
313947
313948
313949
313950
313951
313952
313953
313954
313955
313956
313957
313958
313959
313960
313961
313963
313964
313965
313966
313967
313968
313973
313985
313986
314167
314168
314169
314170
314171
314172
314173
314174
314175
314176
314177
314178
314179
314180
314181
314182
314183
314184
314185
314186
314188
314189
314190
314191
314193
314194
314195
314196
314198
314199
314368
314369
314373
314374
314375
314379
314380
314381
314386
314387
314388
314389
314390
314391
314392
314393
314394
314395
314396
314397
314398
314399
314400
314401
314402
314403
314404
314405
314406
314407
314408
314409
314410
314411
314412
314413
314414
314415
314416
314417
314418
314419
314420
314421
314425
314430
314435
314436
314578
314579
314583
314584
314585
314589
314590
314591
314596
314597
314598
314599
314600
314601
314602
314603
314604
314605
314606
314607
314608
314609
314610
314611
314612
314613
314614
314615
314616
314617
314618
314619
314620
314621
314622
314623
314624
314625
314626
314627
314628
314629
314630
314631
314635
314640
314645
314646
314788
314789
314793
314794
314799
314800
314801
314806
314808
314809
314810
314811
314812
314813
314814
314815
314816
314817
314818
314819
314820
314821
314822
314823
314824
314825
314826
314827
314828
314829
314830
314831
314832
314833
314834
314835
314836
314837
314838
314839
314840
314841
314845
314850
314856
315016
315017
315018
315019
315020
315021
315022
315023
315024
315025
315026
315028
315029
315030
315031
315032
315033
315034
315035
315038
315039
315040
315042
315043
315044
315045
315048
315203
315214
315215
315223
315224
315225
315226
315227
315228
315229
315230
315231
315232
315233
315234
315235
315237
315238
315239
315240
315241
315242
315243
315244
315245
315246
315249
315250
315251
315252
315253
315254
315255
315256
315257
315258
315261
315437
315448
315449
315457
315458
315459
315462
315463
315465
315467
315468
315469
315470
315471
315475
315477
315478
315479
315480
315481
315482
315483
315485
315486
315487
315488
315489
315490
315492
315493
315495
315496
315497
315498
315499
315500
315501
315503
315504
315505
315506
315507
315508
315510
315511
315513
315515
315516
315518
315522
315523
315524
315526
315527
315528
315531
318640
318641
318642
318655
318656
318657
318658
318659
318660
318661
318662
318663
318664
318667
318668
318669
318670
318671
318672
318673
318674
318675
318676
318677
318678
318679
318680
318681
318682
318683
318684
318685
318686
318687
318688
318689
318690
318691
318692
318693
318694
318695
318696
318697
318698
318699
318700
318701
318702
318703
318704
318705
318708
318709
318710
318711
318712
318714
318718
318719
318720
318721
318722
318723
318728
318740
318741
318973
318974
318975
318988
318989
318990
318991
318992
318993
318994
318995
318996
318997
318998
318999
319000
319001
319002
319003
319004
319005
319006
319007
319008
319009
319010
319011
319012
319013
319014
319015
319016
319018
319019
319020
319021
319022
319023
319028
319040
319041
319222
319223
319224
319225
319226
319227
319228
319229
319230
319231
319232
319233
319234
319235
319236
319237
319238
319239
319240
319241
319243
319244
319245
319246
319248
319249
319250
319251
319253
319254
319423
319424
319428
319429
319430
319434
319435
319436
319441
319442
319443
319444
319445
319446
319447
319448
319449
319450
319451
319452
319453
319454
319455
319456
319457
319458
319459
319460
319461
319462
319463
319464
319465
319466
319467
319468
319469
319470
319471
319472
319473
319474
319475
319476
319480
319485
319490
319491
319633
319634
319638
319639
319640
319644
319645
319646
319651
319652
319653
319654
319655
319656
319657
319658
319659
319660
319661
319662
319663
319664
319665
319666
319667
319668
319669
319670
319671
319672
319673
319674
319675
319676
319677
319678
319679
319680
319681
319682
319683
319684
319685
319686
319690
319695
319700
319701
319843
319844
319848
319849
319854
319855
319856
319861
319863
319864
319865
319866
319867
319868
319869
319870
319871
319872
319873
319874
319875
319876
319877
319878
319879
319880
319881
319882
319883
319884
319885
319886
319887
319888
319889
319890
319891
319892
319893
319894
319895
319896
319900
319905
319911
320071
320072
320073
320074
320075
320076
320077
320078
320079
320080
320081
320083
320084
320085
320086
320087
320088
320089
320090
320093
320094
320095
320097
320098
320099
320100
320103
320258
320269
320270
320278
320279
320280
320281
320282
320283
320284
320285
320286
320287
320288
320289
320290
320292
320293
320294
320295
320296
320297
320298
320299
320300
320301
320304
320305
320306
320307
320308
320309
320310
320311
320312
320313
320316
320492
320503
320504
320512
320513
320514
320517
320518
320520
320522
320523
320524
320525
320526
320530
320532
320533
320534
320535
320536
320537
320538
320540
320541
320542
320543
320544
320545
320547
320548
320550
320551
320552
320553
320554
320555
320556
320558
320559
320560
320561
320562
320563
320565
320566
320568
320570
320571
320573
320577
320578
320579
320581
320582
320583
320586
323695
323696
323697
323710
323711
323712
323713
323714
323715
323716
323717
323718
323719
323722
323723
323724
323725
323726
323727
323728
323729
323730
323731
323732
323733
323734
323735
323736
323737
323738
323739
323740
323741
323742
323743
323744
323745
323746
323747
323748
323749
323750
323751
323752
323753
323754
323755
323756
323757
323758
323759
323760
323763
323764
323765
323766
323767
323769
323773
323774
323775
323776
323777
323778
323783
323795
323796
324028
324029
324030
324043
324044
324045
324046
324047
324048
324049
324050
324051
324052
324053
324054
324055
324056
324057
324058
324059
324060
324061
324062
324063
324064
324065
324066
324067
324068
324069
324070
324071
324073
324074
324075
324076
324077
324078
324083
324095
324096
324277
324278
324279
324280
324281
324282
324283
324284
324285
324286
324287
324288
324289
324290
324291
324292
324293
324294
324295
324296
324298
324299
324300
324301
324303
324304
324305
324306
324308
324309
324478
324479
324483
324484
324485
324489
324490
324491
324496
324497
324498
324499
324500
324501
324502
324503
324504
324505
324506
324507
324508
324509
324510
324511
324512
324513
324514
324515
324516
324517
324518
324519
324520
324521
324522
324523
324524
324525
324526
324527
324528
324529
324530
324531
324535
324540
324545
324546
324688
324689
324693
324694
324695
324699
324700
324701
324706
324707
324708
324709
324710
324711
324712
324713
324714
324715
324716
324717
324718
324719
324720
324721
324722
324723
324724
324725
324726
324727
324728
324729
324730
324731
324732
324733
324734
324735
324736
324737
324738
324739
324740
324741
324745
324750
324755
324756
324898
324899
324903
324904
324909
324910
324911
324916
324918
324919
324920
324921
324922
324923
324924
324925
324926
324927
324928
324929
324930
324931
324932
324933
324934
324935
324936
324937
324938
324939
324940
324941
324942
324943
324944
324945
324946
324947
324948
324949
324950
324951
324955
324960
324966
325126
325127
325128
325129
325130
325131
325132
325133
325134
325135
325136
325138
325139
325140
325141
325142
325143
325144
325145
325148
325149
325150
325152
325153
325154
325155
325158
325313
325324
325325
325333
325334
325335
325336
325337
325338
325339
325340
325341
325342
325343
325344
325345
325347
325348
325349
325350
325351
325352
325353
325354
325355
325356
325359
325360
325361
325362
325363
325364
325365
325366
325367
325368
325371
325547
325558
325559
325567
325568
325569
325572
325573
325575
325577
325578
325579
325580
325581
325585
325587
325588
325589
325590
325591
325592
325593
325595
325596
325597
325598
325599
325600
325602
325603
325605
325606
325607
325608
325609
325610
325611
325613
325614
325615
325616
325617
325618
325620
325621
325623
325625
325626
325628
325632
325633
325634
325636
325637
325638
325641
328750
328751
328752
328765
328766
328767
328768
328769
328770
328771
328772
328773
328774
328777
328778
328779
328780
328781
328782
328783
328784
328785
328786
328787
328788
328789
328790
328791
328792
328793
328794
328795
328796
328797
328798
328799
328800
328801
328802
328803
328804
328805
328806
328807
328808
328809
328810
328811
328812
328813
328814
328815
328818
328819
328820
328821
328822
328824
328828
328829
328830
328831
328832
328833
328838
328850
328851
329083
329084
329085
329098
329099
329100
329101
329102
329103
329104
329105
329106
329107
329108
329109
329110
329111
329112
329113
329114
329115
329116
329117
329118
329119
329120
329121
329122
329123
329124
329125
329126
329128
329129
329130
329131
329132
329133
329138
329150
329151
329332
329333
329334
329335
329336
329337
329338
329339
329340
329341
329342
329343
329344
329345
329346
329347
329348
329349
329350
329351
329353
329354
329355
329356
329358
329359
329360
329361
329363
329364
329533
329534
329538
329539
329540
329544
329545
329546
329551
329552
329553
329554
329555
329556
329557
329558
329559
329560
329561
329562
329563
329564
329565
329566
329567
329568
329569
329570
329571
329572
329573
329574
329575
329576
329577
329578
329579
329580
329581
329582
329583
329584
329585
329586
329590
329595
329600
329601
329743
329744
329748
329749
329750
329754
329755
329756
329761
329762
329763
329764
329765
329766
329767
329768
329769
329770
329771
329772
329773
329774
329775
329776
329777
329778
329779
329780
329781
329782
329783
329784
329785
329786
329787
329788
329789
329790
329791
329792
329793
329794
329795
329796
329800
329805
329810
329811
329953
329954
329958
329959
329964
329965
329966
329971
329973
329974
329975
329976
329977
329978
329979
329980
329981
329982
329983
329984
329985
329986
329987
329988
329989
329990
329991
329992
329993
329994
329995
329996
329997
329998
329999
330000
330001
330002
330003
330004
330005
330006
330010
330015
330021
330181
330182
330183
330184
330185
330186
330187
330188
330189
330190
330191
330193
330194
330195
330196
330197
330198
330199
330200
330203
330204
330205
330207
330208
330209
330210
330213
330368
330379
330380
330388
330389
330390
330391
330392
330393
330394
330395
330396
330397
330398
330399
330400
330402
330403
330404
330405
330406
330407
330408
330409
330410
330411
330414
330415
330416
330417
330418
330419
330420
330421
330422
330423
330426
330602
330613
330614
330622
330623
330624
330627
330628
330630
330632
330633
330634
330635
330636
330640
330642
330643
330644
330645
330646
330647
330648
330650
330651
330652
330653
330654
330655
330657
330658
330660
330661
330662
330663
330664
330665
330666
330668
330669
330670
330671
330672
330673
330675
330676
330678
330680
330681
330683
330687
330688
330689
330691
330692
330693
330696
333805
333806
333807
333820
333821
333822
333823
333824
333825
333826
333827
333828
333829
333832
333833
333834
333835
333836
333837
333838
333839
333840
333841
333842
333843
333844
333845
333846
333847
333848
333849
333850
333851
333852
333853
333854
333855
333856
333857
333858
333859
333860
333861
333862
333863
333864
333865
333866
333867
333868
333869
333870
333873
333874
333875
333876
333877
333879
333883
333884
333885
333886
333887
333888
333893
333905
333906
334138
334139
334140
334153
334154
334155
334156
334157
334158
334159
334160
334161
334162
334163
334164
334165
334166
334167
334168
334169
334170
334171
334172
334173
334174
334175
334176
334177
334178
334179
334180
334181
334183
334184
334185
334186
334187
334188
334193
334205
334206
334387
334388
334389
334390
334391
334392
334393
334394
334395
334396
334397
334398
334399
334400
334401
334402
334403
334404
334405
334406
334408
334409
334410
334411
334413
334414
334415
334416
334418
334419
334588
334589
334593
334594
334595
334599
334600
334601
334606
334607
334608
334609
334610
334611
334612
334613
334614
334615
334616
334617
334618
334619
334620
334621
334622
334623
334624
334625
334626
334627
334628
334629
334630
334631
334632
334633
334634
334635
334636
334637
334638
334639
334640
334641
334645
334650
334655
334656
334798
334799
334803
334804
334805
334809
334810
334811
334816
334817
334818
334819
334820
334821
334822
334823
334824
334825
334826
334827
334828
334829
334830
334831
334832
334833
334834
334835
334836
334837
334838
334839
334840
334841
334842
334843
334844
334845
334846
334847
334848
334849
334850
334851
334855
334860
334865
334866
335008
335009
335013
335014
335019
335020
335021
335026
335028
335029
335030
335031
335032
335033
335034
335035
335036
335037
335038
335039
335040
335041
335042
335043
335044
335045
335046
335047
335048
335049
335050
335051
335052
335053
335054
335055
335056
335057
335058
335059
335060
335061
335065
335070
335076
335236
335237
335238
335239
335240
335241
335242
335243
335244
335245
335246
335248
335249
335250
335251
335252
335253
335254
335255
335258
335259
335260
335262
335263
335264
335265
335268
335423
335434
335435
335443
335444
335445
335446
335447
335448
335449
335450
335451
335452
335453
335454
335455
335457
335458
335459
335460
335461
335462
335463
335464
335465
335466
335469
335470
335471
335472
335473
335474
335475
335476
335477
335478
335481
335657
335668
335669
335677
335678
335679
335682
335683
335685
335687
335688
335689
335690
335691
335695
335697
335698
335699
335700
335701
335702
335703
335705
335706
335707
335708
335709
335710
335712
335713
335715
335716
335717
335718
335719
335720
335721
335723
335724
335725
335726
335727
335728
335730
335731
335733
335735
335736
335738
335742
335743
335744
335746
335747
335748
335751
338860
338861
338862
338875
338876
338877
338878
338879
338880
338881
338882
338883
338884
338887
338888
338889
338890
338891
338892
338893
338894
338895
338896
338897
338898
338899
338900
338901
338902
338903
338904
338905
338906
338907
338908
338909
338910
338911
338912
338913
338914
338915
338916
338917
338918
338919
338920
338921
338922
338923
338924
338925
338928
338929
338930
338931
338932
338934
338938
338939
338940
338941
338942
338943
338948
338960
338961
339193
339194
339195
339208
339209
339210
339211
339212
339213
339214
339215
339216
339217
339218
339219
339220
339221
339222
339223
339224
339225
339226
339227
339228
339229
339230
339231
339232
339233
339234
339235
339236
339238
339239
339240
339241
339242
339243
339248
339260
339261
339442
339443
339444
339445
339446
339447
339448
339449
339450
339451
339452
339453
339454
339455
339456
339457
339458
339459
339460
339461
339463
339464
339465
339466
339468
339469
339470
339471
339473
339474
339643
339644
339648
339649
339650
339654
339655
339656
339661
339662
339663
339664
339665
339666
339667
339668
339669
339670
339671
339672
339673
339674
339675
339676
339677
339678
339679
339680
339681
339682
339683
339684
339685
339686
339687
339688
339689
339690
339691
339692
339693
339694
339695
339696
339700
339705
339710
339711
339853
339854
339858
339859
339860
339864
339865
339866
339871
339872
339873
339874
339875
339876
339877
339878
339879
339880
339881
339882
339883
339884
339885
339886
339887
339888
339889
339890
339891
339892
339893
339894
339895
339896
339897
339898
339899
339900
339901
339902
339903
339904
339905
339906
339910
339915
339920
339921
340063
340064
340068
340069
340074
340075
340076
340081
340083
340084
340085
340086
340087
340088
340089
340090
340091
340092
340093
340094
340095
340096
340097
340098
340099
340100
340101
340102
340103
340104
340105
340106
340107
340108
340109
340110
340111
340112
340113
340114
340115
340116
340120
340125
340131
340291
340292
340293
340294
340295
340296
340297
340298
340299
340300
340301
340303
340304
340305
340306
340307
340308
340309
340310
340313
340314
340315
340317
340318
340319
340320
340323
340478
340489
340490
340498
340499
340500
340501
340502
340503
340504
340505
340506
340507
340508
340509
340510
340512
340513
340514
340515
340516
340517
340518
340519
340520
340521
340524
340525
340526
340527
340528
340529
340530
340531
340532
340533
340536
340712
340723
340724
340732
340733
340734
340737
340738
340740
340742
340743
340744
340745
340746
340750
340752
340753
340754
340755
340756
340757
340758
340760
340761
340762
340763
340764
340765
340767
340768
340770
340771
340772
340773
340774
340775
340776
340778
340779
340780
340781
340782
340783
340785
340786
340788
340790
340791
340793
340797
340798
340799
340801
340802
340803
340806
343915
343916
343917
343930
343931
343932
343933
343934
343935
343936
343937
343938
343939
343942
343943
343944
343945
343946
343947
343948
343949
343950
343951
343952
343953
343954
343955
343956
343957
343958
343959
343960
343961
343962
343963
343964
343965
343966
343967
343968
343969
343970
343971
343972
343973
343974
343975
343976
343977
343978
343979
343980
343983
343984
343985
343986
343987
343989
343993
343994
343995
343996
343997
343998
344003
344015
344016
344248
344249
344250
344263
344264
344265
344266
344267
344268
344269
344270
344271
344272
344273
344274
344275
344276
344277
344278
344279
344280
344281
344282
344283
344284
344285
344286
344287
344288
344289
344290
344291
344293
344294
344295
344296
344297
344298
344303
344315
344316
344497
344498
344499
344500
344501
344502
344503
344504
344505
344506
344507
344508
344509
344510
344511
344512
344513
344514
344515
344516
344518
344519
344520
344521
344523
344524
344525
344526
344528
344529
344698
344699
344703
344704
344705
344709
344710
344711
344716
344717
344718
344719
344720
344721
344722
344723
344724
344725
344726
344727
344728
344729
344730
344731
344732
344733
344734
344735
344736
344737
344738
344739
344740
344741
344742
344743
344744
344745
344746
344747
344748
344749
344750
344751
344755
344760
344765
344766
344908
344909
344913
344914
344915
344919
344920
344921
344926
344927
344928
344929
344930
344931
344932
344933
344934
344935
344936
344937
344938
344939
344940
344941
344942
344943
344944
344945
344946
344947
344948
344949
344950
344951
344952
344953
344954
344955
344956
344957
344958
344959
344960
344961
344965
344970
344975
344976
345118
345119
345123
345124
345129
345130
345131
345136
345138
345139
345140
345141
345142
345143
345144
345145
345146
345147
345148
345149
345150
345151
345152
345153
345154
345155
345156
345157
345158
345159
345160
345161
345162
345163
345164
345165
345166
345167
345168
345169
345170
345171
345175
345180
345186
345346
345347
345348
345349
345350
345351
345352
345353
345354
345355
345356
345358
345359
345360
345361
345362
345363
345364
345365
345368
345369
345370
345372
345373
345374
345375
345378
345533
345544
345545
345553
345554
345555
345556
345557
345558
345559
345560
345561
345562
345563
345564
345565
345567
345568
345569
345570
345571
345572
345573
345574
345575
345576
345579
345580
345581
345582
345583
345584
345585
345586
345587
345588
345591
345767
345778
345779
345787
345788
345789
345792
345793
345795
345797
345798
345799
345800
345801
345805
345807
345808
345809
345810
345811
345812
345813
345815
345816
345817
345818
345819
345820
345822
345823
345825
345826
345827
345828
345829
345830
345831
345833
345834
345835
345836
345837
345838
345840
345841
345843
345845
345846
345848
345852
345853
345854
345856
345857
345858
345861
348970
348971
348972
348985
348986
348987
348988
348989
348990
348991
348992
348993
348994
348997
348998
348999
349000
349001
349002
349003
349004
349005
349006
349007
349008
349009
349010
349011
349012
349013
349014
349015
349016
349017
349018
349019
349020
349021
349022
349023
349024
349025
349026
349027
349028
349029
349030
349031
349032
349033
349034
349035
349038
349039
349040
349041
349042
349044
349048
349049
349050
349051
349052
349053
349058
349070
349071
349303
349304
349305
349318
349319
349320
349321
349322
349323
349324
349325
349326
349327
349328
349329
349330
349331
349332
349333
349334
349335
349336
349337
349338
349339
349340
349341
349342
349343
349344
349345
349346
349348
349349
349350
349351
349352
349353
349358
349370
349371
349552
349553
349554
349555
349556
349557
349558
349559
349560
349561
349562
349563
349564
349565
349566
349567
349568
349569
349570
349571
349573
349574
349575
349576
349578
349579
349580
349581
349583
349584
349753
349754
349758
349759
349760
349764
349765
349766
349771
349772
349773
349774
349775
349776
349777
349778
349779
349780
349781
349782
349783
349784
349785
349786
349787
349788
349789
349790
349791
349792
349793
349794
349795
349796
349797
349798
349799
349800
349801
349802
349803
349804
349805
349806
349810
349815
349820
349821
349963
349964
349968
349969
349970
349974
349975
349976
349981
349982
349983
349984
349985
349986
349987
349988
349989
349990
349991
349992
349993
349994
349995
349996
349997
349998
349999
350000
350001
350002
350003
350004
350005
350006
350007
350008
350009
350010
350011
350012
350013
350014
350015
350016
350020
350025
350030
350031
350173
350174
350178
350179
350184
350185
350186
350191
350193
350194
350195
350196
350197
350198
350199
350200
350201
350202
350203
350204
350205
350206
350207
350208
350209
350210
350211
350212
350213
350214
350215
350216
350217
350218
350219
350220
350221
350222
350223
350224
350225
350226
350230
350235
350241
350401
350402
350403
350404
350405
350406
350407
350408
350409
350410
350411
350413
350414
350415
350416
350417
350418
350419
350420
350423
350424
350425
350427
350428
350429
350430
350433
350588
350599
350600
350608
350609
350610
350611
350612
350613
350614
350615
350616
350617
350618
350619
350620
350622
350623
350624
350625
350626
350627
350628
350629
350630
350631
350634
350635
350636
350637
350638
350639
350640
350641
350642
350643
350646
350822
350833
350834
350842
350843
350844
350847
350848
350850
350852
350853
350854
350855
350856
350860
350862
350863
350864
350865
350866
350867
350868
350870
350871
350872
350873
350874
350875
350877
350878
350880
350881
350882
350883
350884
350885
350886
350888
350889
350890
350891
350892
350893
350895
350896
350898
350900
350901
350903
350907
350908
350909
350911
350912
350913
350916
354025
354026
354027
354040
354041
354042
354043
354044
354045
354046
354047
354048
354049
354052
354053
354054
354055
354056
354057
354058
354059
354060
354061
354062
354063
354064
354065
354066
354067
354068
354069
354070
354071
354072
354073
354074
354075
354076
354077
354078
354079
354080
354081
354082
354083
354084
354085
354086
354087
354088
354089
354090
354093
354094
354095
354096
354097
354099
354103
354104
354105
354106
354107
354108
354113
354125
354126
354358
354359
354360
354373
354374
354375
354376
354377
354378
354379
354380
354381
354382
354383
354384
354385
354386
354387
354388
354389
354390
354391
354392
354393
354394
354395
354396
354397
354398
354399
354400
354401
354403
354404
354405
354406
354407
354408
354413
354425
354426
354607
354608
354609
354610
354611
354612
354613
354614
354615
354616
354617
354618
354619
354620
354621
354622
354623
354624
354625
354626
354628
354629
354630
354631
354633
354634
354635
354636
354638
354639
354808
354809
354813
354814
354815
354819
354820
354821
354826
354827
354828
354829
354830
354831
354832
354833
354834
354835
354836
354837
354838
354839
354840
354841
354842
354843
354844
354845
354846
354847
354848
354849
354850
354851
354852
354853
354854
354855
354856
354857
354858
354859
354860
354861
354865
354870
354875
354876
355018
355019
355023
355024
355025
355029
355030
355031
355036
355037
355038
355039
355040
355041
355042
355043
355044
355045
355046
355047
355048
355049
355050
355051
355052
355053
355054
355055
355056
355057
355058
355059
355060
355061
355062
355063
355064
355065
355066
355067
355068
355069
355070
355071
355075
355080
355085
355086
355228
355229
355233
355234
355239
355240
355241
355246
355248
355249
355250
355251
355252
355253
355254
355255
355256
355257
355258
355259
355260
355261
355262
355263
355264
355265
355266
355267
355268
355269
355270
355271
355272
355273
355274
355275
355276
355277
355278
355279
355280
355281
355285
355290
355296
355456
355457
355458
355459
355460
355461
355462
355463
355464
355465
355466
355468
355469
355470
355471
355472
355473
355474
355475
355478
355479
355480
355482
355483
355484
355485
355488
355643
355654
355655
355663
355664
355665
355666
355667
355668
355669
355670
355671
355672
355673
355674
355675
355677
355678
355679
355680
355681
355682
355683
355684
355685
355686
355689
355690
355691
355692
355693
355694
355695
355696
355697
355698
355701
355877
355888
355889
355897
355898
355899
355902
355903
355905
355907
355908
355909
355910
355911
355915
355917
355918
355919
355920
355921
355922
355923
355925
355926
355927
355928
355929
355930
355932
355933
355935
355936
355937
355938
355939
355940
355941
355943
355944
355945
355946
355947
355948
355950
355951
355953
355955
355956
355958
355962
355963
355964
355966
355967
355968
355971
359080
359081
359082
359095
359096
359097
359098
359099
359100
359101
359102
359103
359104
359107
359108
359109
359110
359111
359112
359113
359114
359115
359116
359117
359118
359119
359120
359121
359122
359123
359124
359125
359126
359127
359128
359129
359130
359131
359132
359133
359134
359135
359136
359137
359138
359139
359140
359141
359142
359143
359144
359145
359148
359149
359150
359151
359152
359154
359158
359159
359160
359161
359162
359163
359168
359180
359181
359413
359414
359415
359428
359429
359430
359431
359432
359433
359434
359435
359436
359437
359438
359439
359440
359441
359442
359443
359444
359445
359446
359447
359448
359449
359450
359451
359452
359453
359454
359455
359456
359458
359459
359460
359461
359462
359463
359468
359480
359481
359662
359663
359664
359665
359666
359667
359668
359669
359670
359671
359672
359673
359674
359675
359676
359677
359678
359679
359680
359681
359683
359684
359685
359686
359688
359689
359690
359691
359693
359694
359863
359864
359868
359869
359870
359874
359875
359876
359881
359882
359883
359884
359885
359886
359887
359888
359889
359890
359891
359892
359893
359894
359895
359896
359897
359898
359899
359900
359901
359902
359903
359904
359905
359906
359907
359908
359909
359910
359911
359912
359913
359914
359915
359916
359920
359925
359930
359931
360073
360074
360078
360079
360080
360084
360085
360086
360091
360092
360093
360094
360095
360096
360097
360098
360099
360100
360101
360102
360103
360104
360105
360106
360107
360108
360109
360110
360111
360112
360113
360114
360115
360116
360117
360118
360119
360120
360121
360122
360123
360124
360125
360126
360130
360135
360140
360141
360283
360284
360288
360289
360294
360295
360296
360301
360303
360304
360305
360306
360307
360308
360309
360310
360311
360312
360313
360314
360315
360316
360317
360318
360319
360320
360321
360322
360323
360324
360325
360326
360327
360328
360329
360330
360331
360332
360333
360334
360335
360336
360340
360345
360351
360511
360512
360513
360514
360515
360516
360517
360518
360519
360520
360521
360523
360524
360525
360526
360527
360528
360529
360530
360533
360534
360535
360537
360538
360539
360540
360543
360698
360709
360710
360718
360719
360720
360721
360722
360723
360724
360725
360726
360727
360728
360729
360730
360732
360733
360734
360735
360736
360737
360738
360739
360740
360741
360744
360745
360746
360747
360748
360749
360750
360751
360752
360753
360756
360932
360943
360944
360952
360953
360954
360957
360958
360960
360962
360963
360964
360965
360966
360970
360972
360973
360974
360975
360976
360977
360978
360980
360981
360982
360983
360984
360985
360987
360988
360990
360991
360992
360993
360994
360995
360996
360998
360999
361000
361001
361002
361003
361005
361006
361008
361010
361011
361013
361017
361018
361019
361021
361022
361023
361026
364135
364136
364137
364150
364151
364152
364153
364154
364155
364156
364157
364158
364159
364162
364163
364164
364165
364166
364167
364168
364169
364170
364171
364172
364173
364174
364175
364176
364177
364178
364179
364180
364181
364182
364183
364184
364185
364186
364187
364188
364189
364190
364191
364192
364193
364194
364195
364196
364197
364198
364199
364200
364203
364204
364205
364206
364207
364209
364213
364214
364215
364216
364217
364218
364223
364235
364236
364468
364469
364470
364483
364484
364485
364486
364487
364488
364489
364490
364491
364492
364493
364494
364495
364496
364497
364498
364499
364500
364501
364502
364503
364504
364505
364506
364507
364508
364509
364510
364511
364513
364514
364515
364516
364517
364518
364523
364535
364536
364717
364718
364719
364720
364721
364722
364723
364724
364725
364726
364727
364728
364729
364730
364731
364732
364733
364734
364735
364736
364738
364739
364740
364741
364743
364744
364745
364746
364748
364749
364918
364919
364923
364924
364925
364929
364930
364931
364936
364937
364938
364939
364940
364941
364942
364943
364944
364945
364946
364947
364948
364949
364950
364951
364952
364953
364954
364955
364956
364957
364958
364959
364960
364961
364962
364963
364964
364965
364966
364967
364968
364969
364970
364971
364975
364980
364985
364986
365128
365129
365133
365134
365135
365139
365140
365141
365146
365147
365148
365149
365150
365151
365152
365153
365154
365155
365156
365157
365158
365159
365160
365161
365162
365163
365164
365165
365166
365167
365168
365169
365170
365171
365172
365173
365174
365175
365176
365177
365178
365179
365180
365181
365185
365190
365195
365196
365338
365339
365343
365344
365349
365350
365351
365356
365358
365359
365360
365361
365362
365363
365364
365365
365366
365367
365368
365369
365370
365371
365372
365373
365374
365375
365376
365377
365378
365379
365380
365381
365382
365383
365384
365385
365386
365387
365388
365389
365390
365391
365395
365400
365406
365566
365567
365568
365569
365570
365571
365572
365573
365574
365575
365576
365578
365579
365580
365581
365582
365583
365584
365585
365588
365589
365590
365592
365593
365594
365595
365598
365753
365764
365765
365773
365774
365775
365776
365777
365778
365779
365780
365781
365782
365783
365784
365785
365787
365788
365789
365790
365791
365792
365793
365794
365795
365796
365799
365800
365801
365802
365803
365804
365805
365806
365807
365808
365811
365987
365998
365999
366007
366008
366009
366012
366013
366015
366017
366018
366019
366020
366021
366025
366027
366028
366029
366030
366031
366032
366033
366035
366036
366037
366038
366039
366040
366042
366043
366045
366046
366047
366048
366049
366050
366051
366053
366054
366055
366056
366057
366058
366060
366061
366063
366065
366066
366068
366072
366073
366074
366076
366077
366078
366081
369190
369191
369192
369205
369206
369207
369208
369209
369210
369211
369212
369213
369214
369217
369218
369219
369220
369221
369222
369223
369224
369225
369226
369227
369228
369229
369230
369231
369232
369233
369234
369235
369236
369237
369238
369239
369240
369241
369242
369243
369244
369245
369246
369247
369248
369249
369250
369251
369252
369253
369254
369255
369258
369259
369260
369261
369262
369264
369268
369269
369270
369271
369272
369273
369278
369290
369291
369523
369524
369525
369538
369539
369540
369541
369542
369543
369544
369545
369546
369547
369548
369549
369550
369551
369552
369553
369554
369555
369556
369557
369558
369559
369560
369561
369562
369563
369564
369565
369566
369568
369569
369570
369571
369572
369573
369578
369590
369591
369772
369773
369774
369775
369776
369777
369778
369779
369780
369781
369782
369783
369784
369785
369786
369787
369788
369789
369790
369791
369793
369794
369795
369796
369798
369799
369800
369801
369803
369804
369973
369974
369978
369979
369980
369984
369985
369986
369991
369992
369993
369994
369995
369996
369997
369998
369999
370000
370001
370002
370003
370004
370005
370006
370007
370008
370009
370010
370011
370012
370013
370014
370015
370016
370017
370018
370019
370020
370021
370022
370023
370024
370025
370026
370030
370035
370040
370041
370183
370184
370188
370189
370190
370194
370195
370196
370201
370202
370203
370204
370205
370206
370207
370208
370209
370210
370211
370212
370213
370214
370215
370216
370217
370218
370219
370220
370221
370222
370223
370224
370225
370226
370227
370228
370229
370230
370231
370232
370233
370234
370235
370236
370240
370245
370250
370251
370393
370394
370398
370399
370404
370405
370406
370411
370413
370414
370415
370416
370417
370418
370419
370420
370421
370422
370423
370424
370425
370426
370427
370428
370429
370430
370431
370432
370433
370434
370435
370436
370437
370438
370439
370440
370441
370442
370443
370444
370445
370446
370450
370455
370461
370621
370622
370623
370624
370625
370626
370627
370628
370629
370630
370631
370633
370634
370635
370636
370637
370638
370639
370640
370643
370644
370645
370647
370648
370649
370650
370653
370808
370819
370820
370828
370829
370830
370831
370832
370833
370834
370835
370836
370837
370838
370839
370840
370842
370843
370844
370845
370846
370847
370848
370849
370850
370851
370854
370855
370856
370857
370858
370859
370860
370861
370862
370863
370866
371042
371053
371054
371062
371063
371064
371067
371068
371070
371072
371073
371074
371075
371076
371080
371082
371083
371084
371085
371086
371087
371088
371090
371091
371092
371093
371094
371095
371097
371098
371100
371101
371102
371103
371104
371105
371106
371108
371109
371110
371111
371112
371113
371115
371116
371118
371120
371121
371123
371127
371128
371129
371131
371132
371133
371136
374245
374246
374247
374260
374261
374262
374263
374264
374265
374266
374267
374268
374269
374272
374273
374274
374275
374276
374277
374278
374279
374280
374281
374282
374283
374284
374285
374286
374287
374288
374289
374290
374291
374292
374293
374294
374295
374296
374297
374298
374299
374300
374301
374302
374303
374304
374305
374306
374307
374308
374309
374310
374313
374314
374315
374316
374317
374319
374323
374324
374325
374326
374327
374328
374333
374345
374346
374578
374579
374580
374593
374594
374595
374596
374597
374598
374599
374600
374601
374602
374603
374604
374605
374606
374607
374608
374609
374610
374611
374612
374613
374614
374615
374616
374617
374618
374619
374620
374621
374623
374624
374625
374626
374627
374628
374633
374645
374646
374827
374828
374829
374830
374831
374832
374833
374834
374835
374836
374837
374838
374839
374840
374841
374842
374843
374844
374845
374846
374848
374849
374850
374851
374853
374854
374855
374856
374858
374859
375028
375029
375033
375034
375035
375039
375040
375041
375046
375047
375048
375049
375050
375051
375052
375053
375054
375055
375056
375057
375058
375059
375060
375061
375062
375063
375064
375065
375066
375067
375068
375069
375070
375071
375072
375073
375074
375075
375076
375077
375078
375079
375080
375081
375085
375090
375095
375096
375238
375239
375243
375244
375245
375249
375250
375251
375256
375257
375258
375259
375260
375261
375262
375263
375264
375265
375266
375267
375268
375269
375270
375271
375272
375273
375274
375275
375276
375277
375278
375279
375280
375281
375282
375283
375284
375285
375286
375287
375288
375289
375290
375291
375295
375300
375305
375306
375448
375449
375453
375454
375459
375460
375461
375466
375468
375469
375470
375471
375472
375473
375474
375475
375476
375477
375478
375479
375480
375481
375482
375483
375484
375485
375486
375487
375488
375489
375490
375491
375492
375493
375494
375495
375496
375497
375498
375499
375500
375501
375505
375510
375516
375676
375677
375678
375679
375680
375681
375682
375683
375684
375685
375686
375688
375689
375690
375691
375692
375693
375694
375695
375698
375699
375700
375702
375703
375704
375705
375708
375863
375874
375875
375883
375884
375885
375886
375887
375888
375889
375890
375891
375892
375893
375894
375895
375897
375898
375899
375900
375901
375902
375903
375904
375905
375906
375909
375910
375911
375912
375913
375914
375915
375916
375917
375918
375921
376097
376108
376109
376117
376118
376119
376122
376123
376125
376127
376128
376129
376130
376131
376135
376137
376138
376139
376140
376141
376142
376143
376145
376146
376147
376148
376149
376150
376152
376153
376155
376156
376157
376158
376159
376160
376161
376163
376164
376165
376166
376167
376168
376170
376171
376173
376175
376176
376178
376182
376183
376184
376186
376187
376188
376191
379300
379301
379302
379315
379316
379317
379318
379319
379320
379321
379322
379323
379324
379327
379328
379329
379330
379331
379332
379333
379334
379335
379336
379337
379338
379339
379340
379341
379342
379343
379344
379345
379346
379347
379348
379349
379350
379351
379352
379353
379354
379355
379356
379357
379358
379359
379360
379361
379362
379363
379364
379365
379368
379369
379370
379371
379372
379374
379378
379379
379380
379381
379382
379383
379388
379400
379401
379633
379634
379635
379648
379649
379650
379651
379652
379653
379654
379655
379656
379657
379658
379659
379660
379661
379662
379663
379664
379665
379666
379667
379668
379669
379670
379671
379672
379673
379674
379675
379676
379678
379679
379680
379681
379682
379683
379688
379700
379701
379882
379883
379884
379885
379886
379887
379888
379889
379890
379891
379892
379893
379894
379895
379896
379897
379898
379899
379900
379901
379903
379904
379905
379906
379908
379909
379910
379911
379913
379914
380083
380084
380088
380089
380090
380094
380095
380096
380101
380102
380103
380104
380105
380106
380107
380108
380109
380110
380111
380112
380113
380114
380115
380116
380117
380118
380119
380120
380121
380122
380123
380124
380125
380126
380127
380128
380129
380130
380131
380132
380133
380134
380135
380136
380140
380145
380150
380151
380293
380294
380298
380299
380300
380304
380305
380306
380311
380312
380313
380314
380315
380316
380317
380318
380319
380320
380321
380322
380323
380324
380325
380326
380327
380328
380329
380330
380331
380332
380333
380334
380335
380336
380337
380338
380339
380340
380341
380342
380343
380344
380345
380346
380350
380355
380360
380361
380503
380504
380508
380509
380514
380515
380516
380521
380523
380524
380525
380526
380527
380528
380529
380530
380531
380532
380533
380534
380535
380536
380537
380538
380539
380540
380541
380542
380543
380544
380545
380546
380547
380548
380549
380550
380551
380552
380553
380554
380555
380556
380560
380565
380571
380731
380732
380733
380734
380735
380736
380737
380738
380739
380740
380741
380743
380744
380745
380746
380747
380748
380749
380750
380753
380754
380755
380757
380758
380759
380760
380763
380918
380929
380930
380938
380939
380940
380941
380942
380943
380944
380945
380946
380947
380948
380949
380950
380952
380953
380954
380955
380956
380957
380958
380959
380960
380961
380964
380965
380966
380967
380968
380969
380970
380971
380972
380973
380976
381152
381163
381164
381172
381173
381174
381177
381178
381180
381182
381183
381184
381185
381186
381190
381192
381193
381194
381195
381196
381197
381198
381200
381201
381202
381203
381204
381205
381207
381208
381210
381211
381212
381213
381214
381215
381216
381218
381219
381220
381221
381222
381223
381225
381226
381228
381230
381231
381233
381237
381238
381239
381241
381242
381243
381246
384355
384356
384357
384370
384371
384372
384373
384374
384375
384376
384377
384378
384379
384382
384383
384384
384385
384386
384387
384388
384389
384390
384391
384392
384393
384394
384395
384396
384397
384398
384399
384400
384401
384402
384403
384404
384405
384406
384407
384408
384409
384410
384411
384412
384413
384414
384415
384416
384417
384418
384419
384420
384423
384424
384425
384426
384427
384429
384433
384434
384435
384436
384437
384438
384443
384455
384456
384688
384689
384690
384703
384704
384705
384706
384707
384708
384709
384710
384711
384712
384713
384714
384715
384716
384717
384718
384719
384720
384721
384722
384723
384724
384725
384726
384727
384728
384729
384730
384731
384733
384734
384735
384736
384737
384738
384743
384755
384756
384937
384938
384939
384940
384941
384942
384943
384944
384945
384946
384947
384948
384949
384950
384951
384952
384953
384954
384955
384956
384958
384959
384960
384961
384963
384964
384965
384966
384968
384969
385138
385139
385143
385144
385145
385149
385150
385151
385156
385157
385158
385159
385160
385161
385162
385163
385164
385165
385166
385167
385168
385169
385170
385171
385172
385173
385174
385175
385176
385177
385178
385179
385180
385181
385182
385183
385184
385185
385186
385187
385188
385189
385190
385191
385195
385200
385205
385206
385348
385349
385353
385354
385355
385359
385360
385361
385366
385367
385368
385369
385370
385371
385372
385373
385374
385375
385376
385377
385378
385379
385380
385381
385382
385383
385384
385385
385386
385387
385388
385389
385390
385391
385392
385393
385394
385395
385396
385397
385398
385399
385400
385401
385405
385410
385415
385416
385558
385559
385563
385564
385569
385570
385571
385576
385578
385579
385580
385581
385582
385583
385584
385585
385586
385587
385588
385589
385590
385591
385592
385593
385594
385595
385596
385597
385598
385599
385600
385601
385602
385603
385604
385605
385606
385607
385608
385609
385610
385611
385615
385620
385626
385786
385787
385788
385789
385790
385791
385792
385793
385794
385795
385796
385798
385799
385800
385801
385802
385803
385804
385805
385808
385809
385810
385812
385813
385814
385815
385818
385973
385984
385985
385993
385994
385995
385996
385997
385998
385999
386000
386001
386002
386003
386004
386005
386007
386008
386009
386010
386011
386012
386013
386014
386015
386016
386019
386020
386021
386022
386023
386024
386025
386026
386027
386028
386031
386207
386218
386219
386227
386228
386229
386232
386233
386235
386237
386238
386239
386240
386241
386245
386247
386248
386249
386250
386251
386252
386253
386255
386256
386257
386258
386259
386260
386262
386263
386265
386266
386267
386268
386269
386270
386271
386273
386274
386275
386276
386277
386278
386280
386281
386283
386285
386286
386288
386292
386293
386294
386296
386297
386298
386301
389410
389411
389412
389425
389426
389427
389428
389429
389430
389431
389432
389433
389434
389437
389438
389439
389440
389441
389442
389443
389444
389445
389446
389447
389448
389449
389450
389451
389452
389453
389454
389455
389456
389457
389458
389459
389460
389461
389462
389463
389464
389465
389466
389467
389468
389469
389470
389471
389472
389473
389474
389475
389478
389479
389480
389481
389482
389484
389488
389489
389490
389491
389492
389493
389498
389510
389511
389743
389744
389745
389758
389759
389760
389761
389762
389763
389764
389765
389766
389767
389768
389769
389770
389771
389772
389773
389774
389775
389776
389777
389778
389779
389780
389781
389782
389783
389784
389785
389786
389788
389789
389790
389791
389792
389793
389798
389810
389811
389992
389993
389994
389995
389996
389997
389998
389999
390000
390001
390002
390003
390004
390005
390006
390007
390008
390009
390010
390011
390013
390014
390015
390016
390018
390019
390020
390021
390023
390024
390193
390194
390198
390199
390200
390204
390205
390206
390211
390212
390213
390214
390215
390216
390217
390218
390219
390220
390221
390222
390223
390224
390225
390226
390227
390228
390229
390230
390231
390232
390233
390234
390235
390236
390237
390238
390239
390240
390241
390242
390243
390244
390245
390246
390250
390255
390260
390261
390403
390404
390408
390409
390410
390414
390415
390416
390421
390422
390423
390424
390425
390426
390427
390428
390429
390430
390431
390432
390433
390434
390435
390436
390437
390438
390439
390440
390441
390442
390443
390444
390445
390446
390447
390448
390449
390450
390451
390452
390453
390454
390455
390456
390460
390465
390470
390471
390613
390614
390618
390619
390624
390625
390626
390631
390633
390634
390635
390636
390637
390638
390639
390640
390641
390642
390643
390644
390645
390646
390647
390648
390649
390650
390651
390652
390653
390654
390655
390656
390657
390658
390659
390660
390661
390662
390663
390664
390665
390666
390670
390675
390681
390841
390842
390843
390844
390845
390846
390847
390848
390849
390850
390851
390853
390854
390855
390856
390857
390858
390859
390860
390863
390864
390865
390867
390868
390869
390870
390873
391028
391039
391040
391048
391049
391050
391051
391052
391053
391054
391055
391056
391057
391058
391059
391060
391062
391063
391064
391065
391066
391067
391068
391069
391070
391071
391074
391075
391076
391077
391078
391079
391080
391081
391082
391083
391086
391262
391273
391274
391282
391283
391284
391287
391288
391290
391292
391293
391294
391295
391296
391300
391302
391303
391304
391305
391306
391307
391308
391310
391311
391312
391313
391314
391315
391317
391318
391320
391321
391322
391323
391324
391325
391326
391328
391329
391330
391331
391332
391333
391335
391336
391338
391340
391341
391343
391347
391348
391349
391351
391352
391353
391356
394465
394466
394467
394480
394481
394482
394483
394484
394485
394486
394487
394488
394489
394492
394493
394494
394495
394496
394497
394498
394499
394500
394501
394502
394503
394504
394505
394506
394507
394508
394509
394510
394511
394512
394513
394514
394515
394516
394517
394518
394519
394520
394521
394522
394523
394524
394525
394526
394527
394528
394529
394530
394533
394534
394535
394536
394537
394539
394543
394544
394545
394546
394547
394548
394553
394565
394566
394798
394799
394800
394813
394814
394815
394816
394817
394818
394819
394820
394821
394822
394823
394824
394825
394826
394827
394828
394829
394830
394831
394832
394833
394834
394835
394836
394837
394838
394839
394840
394841
394843
394844
394845
394846
394847
394848
394853
394865
394866
395047
395048
395049
395050
395051
395052
395053
395054
395055
395056
395057
395058
395059
395060
395061
395062
395063
395064
395065
395066
395068
395069
395070
395071
395073
395074
395075
395076
395078
395079
395248
395249
395253
395254
395255
395259
395260
395261
395266
395267
395268
395269
395270
395271
395272
395273
395274
395275
395276
395277
395278
395279
395280
395281
395282
395283
395284
395285
395286
395287
395288
395289
395290
395291
395292
395293
395294
395295
395296
395297
395298
395299
395300
395301
395305
395310
395315
395316
395458
395459
395463
395464
395465
395469
395470
395471
395476
395477
395478
395479
395480
395481
395482
395483
395484
395485
395486
395487
395488
395489
395490
395491
395492
395493
395494
395495
395496
395497
395498
395499
395500
395501
395502
395503
395504
395505
395506
395507
395508
395509
395510
395511
395515
395520
395525
395526
395668
395669
395673
395674
395679
395680
395681
395686
395688
395689
395690
395691
395692
395693
395694
395695
395696
395697
395698
395699
395700
395701
395702
395703
395704
395705
395706
395707
395708
395709
395710
395711
395712
395713
395714
395715
395716
395717
395718
395719
395720
395721
395725
395730
395736
395896
395897
395898
395899
395900
395901
395902
395903
395904
395905
395906
395908
395909
395910
395911
395912
395913
395914
395915
395918
395919
395920
395922
395923
395924
395925
395928
396083
396094
396095
396103
396104
396105
396106
396107
396108
396109
396110
396111
396112
396113
396114
396115
396117
396118
396119
396120
396121
396122
396123
396124
396125
396126
396129
396130
396131
396132
396133
396134
396135
396136
396137
396138
396141
396317
396328
396329
396337
396338
396339
396342
396343
396345
396347
396348
396349
396350
396351
396355
396357
396358
396359
396360
396361
396362
396363
396365
396366
396367
396368
396369
396370
396372
396373
396375
396376
396377
396378
396379
396380
396381
396383
396384
396385
396386
396387
396388
396390
396391
396393
396395
396396
396398
396402
396403
396404
396406
396407
396408
396411
399520
399521
399522
399535
399536
399537
399538
399539
399540
399541
399542
399543
399544
399547
399548
399549
399550
399551
399552
399553
399554
399555
399556
399557
399558
399559
399560
399561
399562
399563
399564
399565
399566
399567
399568
399569
399570
399571
399572
399573
399574
399575
399576
399577
399578
399579
399580
399581
399582
399583
399584
399585
399588
399589
399590
399591
399592
399594
399598
399599
399600
399601
399602
399603
399608
399620
399621
399853
399854
399855
399868
399869
399870
399871
399872
399873
399874
399875
399876
399877
399878
399879
399880
399881
399882
399883
399884
399885
399886
399887
399888
399889
399890
399891
399892
399893
399894
399895
399896
399898
399899
399900
399901
399902
399903
399908
399920
399921
400102
400103
400104
400105
400106
400107
400108
400109
400110
400111
400112
400113
400114
400115
400116
400117
400118
400119
400120
400121
400123
400124
400125
400126
400128
400129
400130
400131
400133
400134
400303
400304
400308
400309
400310
400314
400315
400316
400321
400322
400323
400324
400325
400326
400327
400328
400329
400330
400331
400332
400333
400334
400335
400336
400337
400338
400339
400340
400341
400342
400343
400344
400345
400346
400347
400348
400349
400350
400351
400352
400353
400354
400355
400356
400360
400365
400370
400371
400513
400514
400518
400519
400520
400524
400525
400526
400531
400532
400533
400534
400535
400536
400537
400538
400539
400540
400541
400542
400543
400544
400545
400546
400547
400548
400549
400550
400551
400552
400553
400554
400555
400556
400557
400558
400559
400560
400561
400562
400563
400564
400565
400566
400570
400575
400580
400581
400723
400724
400728
400729
400734
400735
400736
400741
400743
400744
400745
400746
400747
400748
400749
400750
400751
400752
400753
400754
400755
400756
400757
400758
400759
400760
400761
400762
400763
400764
400765
400766
400767
400768
400769
400770
400771
400772
400773
400774
400775
400776
400780
400785
400791
400951
400952
400953
400954
400955
400956
400957
400958
400959
400960
400961
400963
400964
400965
400966
400967
400968
400969
400970
400973
400974
400975
400977
400978
400979
400980
400983
401138
401149
401150
401158
401159
401160
401161
401162
401163
401164
401165
401166
401167
401168
401169
401170
401172
401173
401174
401175
401176
401177
401178
401179
401180
401181
401184
401185
401186
401187
401188
401189
401190
401191
401192
401193
401196
401372
401383
401384
401392
401393
401394
401397
401398
401400
401402
401403
401404
401405
401406
401410
401412
401413
401414
401415
401416
401417
401418
401420
401421
401422
401423
401424
401425
401427
401428
401430
401431
401432
401433
401434
401435
401436
401438
401439
401440
401441
401442
401443
401445
401446
401448
401450
401451
401453
401457
401458
401459
401461
401462
401463
401466
404575
404576
404577
404590
404591
404592
404593
404594
404595
404596
404597
404598
404599
404602
404603
404604
404605
404606
404607
404608
404609
404610
404611
404612
404613
404614
404615
404616
404617
404618
404619
404620
404621
404622
404623
404624
404625
404626
404627
404628
404629
404630
404631
404632
404633
404634
404635
404636
404637
404638
404639
404640
404643
404644
404645
404646
404647
404649
404653
404654
404655
404656
404657
404658
404663
404675
404676
404908
404909
404910
404923
404924
404925
404926
404927
404928
404929
404930
404931
404932
404933
404934
404935
404936
404937
404938
404939
404940
404941
404942
404943
404944
404945
404946
404947
404948
404949
404950
404951
404953
404954
404955
404956
404957
404958
404963
404975
404976
405157
405158
405159
405160
405161
405162
405163
405164
405165
405166
405167
405168
405169
405170
405171
405172
405173
405174
405175
405176
405178
405179
405180
405181
405183
405184
405185
405186
405188
405189
405358
405359
405363
405364
405365
405369
405370
405371
405376
405377
405378
405379
405380
405381
405382
405383
405384
405385
405386
405387
405388
405389
405390
405391
405392
405393
405394
405395
405396
405397
405398
405399
405400
405401
405402
405403
405404
405405
405406
405407
405408
405409
405410
405411
405415
405420
405425
405426
405568
405569
405573
405574
405575
405579
405580
405581
405586
405587
405588
405589
405590
405591
405592
405593
405594
405595
405596
405597
405598
405599
405600
405601
405602
405603
405604
405605
405606
405607
405608
405609
405610
405611
405612
405613
405614
405615
405616
405617
405618
405619
405620
405621
405625
405630
405635
405636
405778
405779
405783
405784
405789
405790
405791
405796
405798
405799
405800
405801
405802
405803
405804
405805
405806
405807
405808
405809
405810
405811
405812
405813
405814
405815
405816
405817
405818
405819
405820
405821
405822
405823
405824
405825
405826
405827
405828
405829
405830
405831
405835
405840
405846
406006
406007
406008
406009
406010
406011
406012
406013
406014
406015
406016
406018
406019
406020
406021
406022
406023
406024
406025
406028
406029
406030
406032
406033
406034
406035
406038
406193
406204
406205
406213
406214
406215
406216
406217
406218
406219
406220
406221
406222
406223
406224
406225
406227
406228
406229
406230
406231
406232
406233
406234
406235
406236
406239
406240
406241
406242
406243
406244
406245
406246
406247
406248
406251
406427
406438
406439
406447
406448
406449
406452
406453
406455
406457
406458
406459
406460
406461
406465
406467
406468
406469
406470
406471
406472
406473
406475
406476
406477
406478
406479
406480
406482
406483
406485
406486
406487
406488
406489
406490
406491
406493
406494
406495
406496
406497
406498
406500
406501
406503
406505
406506
406508
406512
406513
406514
406516
406517
406518
406521
409630
409631
409632
409645
409646
409647
409648
409649
409650
409651
409652
409653
409654
409657
409658
409659
409660
409661
409662
409663
409664
409665
409666
409667
409668
409669
409670
409671
409672
409673
409674
409675
409676
409677
409678
409679
409680
409681
409682
409683
409684
409685
409686
409687
409688
409689
409690
409691
409692
409693
409694
409695
409698
409699
409700
409701
409702
409704
409708
409709
409710
409711
409712
409713
409718
409730
409731
409963
409964
409965
409978
409979
409980
409981
409982
409983
409984
409985
409986
409987
409988
409989
409990
409991
409992
409993
409994
409995
409996
409997
409998
409999
410000
410001
410002
410003
410004
410005
410006
410008
410009
410010
410011
410012
410013
410018
410030
410031
410212
410213
410214
410215
410216
410217
410218
410219
410220
410221
410222
410223
410224
410225
410226
410227
410228
410229
410230
410231
410233
410234
410235
410236
410238
410239
410240
410241
410243
410244
410413
410414
410418
410419
410420
410424
410425
410426
410431
410432
410433
410434
410435
410436
410437
410438
410439
410440
410441
410442
410443
410444
410445
410446
410447
410448
410449
410450
410451
410452
410453
410454
410455
410456
410457
410458
410459
410460
410461
410462
410463
410464
410465
410466
410470
410475
410480
410481
410623
410624
410628
410629
410630
410634
410635
410636
410641
410642
410643
410644
410645
410646
410647
410648
410649
410650
410651
410652
410653
410654
410655
410656
410657
410658
410659
410660
410661
410662
410663
410664
410665
410666
410667
410668
410669
410670
410671
410672
410673
410674
410675
410676
410680
410685
410690
410691
410833
410834
410838
410839
410844
410845
410846
410851
410853
410854
410855
410856
410857
410858
410859
410860
410861
410862
410863
410864
410865
410866
410867
410868
410869
410870
410871
410872
410873
410874
410875
410876
410877
410878
410879
410880
410881
410882
410883
410884
410885
410886
410890
410895
410901
411061
411062
411063
411064
411065
411066
411067
411068
411069
411070
411071
411073
411074
411075
411076
411077
411078
411079
411080
411083
411084
411085
411087
411088
411089
411090
411093
411248
411259
411260
411268
411269
411270
411271
411272
411273
411274
411275
411276
411277
411278
411279
411280
411282
411283
411284
411285
411286
411287
411288
411289
411290
411291
411294
411295
411296
411297
411298
411299
411300
411301
411302
411303
411306
411482
411493
411494
411502
411503
411504
411507
411508
411510
411512
411513
411514
411515
411516
411520
411522
411523
411524
411525
411526
411527
411528
411530
411531
411532
411533
411534
411535
411537
411538
411540
411541
411542
411543
411544
411545
411546
411548
411549
411550
411551
411552
411553
411555
411556
411558
411560
411561
411563
411567
411568
411569
411571
411572
411573
411576
414685
414686
414687
414700
414701
414702
414703
414704
414705
414706
414707
414708
414709
414712
414713
414714
414715
414716
414717
414718
414719
414720
414721
414722
414723
414724
414725
414726
414727
414728
414729
414730
414731
414732
414733
414734
414735
414736
414737
414738
414739
414740
414741
414742
414743
414744
414745
414746
414747
414748
414749
414750
414753
414754
414755
414756
414757
414759
414763
414764
414765
414766
414767
414768
414773
414785
414786
415018
415019
415020
415033
415034
415035
415036
415037
415038
415039
415040
415041
415042
415043
415044
415045
415046
415047
415048
415049
415050
415051
415052
415053
415054
415055
415056
415057
415058
415059
415060
415061
415063
415064
415065
415066
415067
415068
415073
415085
415086
415267
415268
415269
415270
415271
415272
415273
415274
415275
415276
415277
415278
415279
415280
415281
415282
415283
415284
415285
415286
415288
415289
415290
415291
415293
415294
415295
415296
415298
415299
415468
415469
415473
415474
415475
415479
415480
415481
415486
415487
415488
415489
415490
415491
415492
415493
415494
415495
415496
415497
415498
415499
415500
415501
415502
415503
415504
415505
415506
415507
415508
415509
415510
415511
415512
415513
415514
415515
415516
415517
415518
415519
415520
415521
415525
415530
415535
415536
415678
415679
415683
415684
415685
415689
415690
415691
415696
415697
415698
415699
415700
415701
415702
415703
415704
415705
415706
415707
415708
415709
415710
415711
415712
415713
415714
415715
415716
415717
415718
415719
415720
415721
415722
415723
415724
415725
415726
415727
415728
415729
415730
415731
415735
415740
415745
415746
415888
415889
415893
415894
415899
415900
415901
415906
415908
415909
415910
415911
415912
415913
415914
415915
415916
415917
415918
415919
415920
415921
415922
415923
415924
415925
415926
415927
415928
415929
415930
415931
415932
415933
415934
415935
415936
415937
415938
415939
415940
415941
415945
415950
415956
416116
416117
416118
416119
416120
416121
416122
416123
416124
416125
416126
416128
416129
416130
416131
416132
416133
416134
416135
416138
416139
416140
416142
416143
416144
416145
416148
416303
416314
416315
416323
416324
416325
416326
416327
416328
416329
416330
416331
416332
416333
416334
416335
416337
416338
416339
416340
416341
416342
416343
416344
416345
416346
416349
416350
416351
416352
416353
416354
416355
416356
416357
416358
416361
416537
416548
416549
416557
416558
416559
416562
416563
416565
416567
416568
416569
416570
416571
416575
416577
416578
416579
416580
416581
416582
416583
416585
416586
416587
416588
416589
416590
416592
416593
416595
416596
416597
416598
416599
416600
416601
416603
416604
416605
416606
416607
416608
416610
416611
416613
416615
416616
416618
416622
416623
416624
416626
416627
416628
416631
419740
419741
419742
419755
419756
419757
419758
419759
419760
419761
419762
419763
419764
419767
419768
419769
419770
419771
419772
419773
419774
419775
419776
419777
419778
419779
419780
419781
419782
419783
419784
419785
419786
419787
419788
419789
419790
419791
419792
419793
419794
419795
419796
419797
419798
419799
419800
419801
419802
419803
419804
419805
419808
419809
419810
419811
419812
419814
419818
419819
419820
419821
419822
419823
419828
419840
419841
420073
420074
420075
420088
420089
420090
420091
420092
420093
420094
420095
420096
420097
420098
420099
420100
420101
420102
420103
420104
420105
420106
420107
420108
420109
420110
420111
420112
420113
420114
420115
420116
420118
420119
420120
420121
420122
420123
420128
420140
420141
420322
420323
420324
420325
420326
420327
420328
420329
420330
420331
420332
420333
420334
420335
420336
420337
420338
420339
420340
420341
420343
420344
420345
420346
420348
420349
420350
420351
420353
420354
420523
420524
420528
420529
420530
420534
420535
420536
420541
420542
420543
420544
420545
420546
420547
420548
420549
420550
420551
420552
420553
420554
420555
420556
420557
420558
420559
420560
420561
420562
420563
420564
420565
420566
420567
420568
420569
420570
420571
420572
420573
420574
420575
420576
420580
420585
420590
420591
420733
420734
420738
420739
420740
420744
420745
420746
420751
420752
420753
420754
420755
420756
420757
420758
420759
420760
420761
420762
420763
420764
420765
420766
420767
420768
420769
420770
420771
420772
420773
420774
420775
420776
420777
420778
420779
420780
420781
420782
420783
420784
420785
420786
420790
420795
420800
420801
420943
420944
420948
420949
420954
420955
420956
420961
420963
420964
420965
420966
420967
420968
420969
420970
420971
420972
420973
420974
420975
420976
420977
420978
420979
420980
420981
420982
420983
420984
420985
420986
420987
420988
420989
420990
420991
420992
420993
420994
420995
420996
421000
421005
421011
421171
421172
421173
421174
421175
421176
421177
421178
421179
421180
421181
421183
421184
421185
421186
421187
421188
421189
421190
421193
421194
421195
421197
421198
421199
421200
421203
421358
421369
421370
421378
421379
421380
421381
421382
421383
421384
421385
421386
421387
421388
421389
421390
421392
421393
421394
421395
421396
421397
421398
421399
421400
421401
421404
421405
421406
421407
421408
421409
421410
421411
421412
421413
421416
421592
421603
421604
421612
421613
421614
421617
421618
421620
421622
421623
421624
421625
421626
421630
421632
421633
421634
421635
421636
421637
421638
421640
421641
421642
421643
421644
421645
421647
421648
421650
421651
421652
421653
421654
421655
421656
421658
421659
421660
421661
421662
421663
421665
421666
421668
421670
421671
421673
421677
421678
421679
421681
421682
421683
421686
424795
424796
424797
424810
424811
424812
424813
424814
424815
424816
424817
424818
424819
424822
424823
424824
424825
424826
424827
424828
424829
424830
424831
424832
424833
424834
424835
424836
424837
424838
424839
424840
424841
424842
424843
424844
424845
424846
424847
424848
424849
424850
424851
424852
424853
424854
424855
424856
424857
424858
424859
424860
424863
424864
424865
424866
424867
424869
424873
424874
424875
424876
424877
424878
424883
424895
424896
425128
425129
425130
425143
425144
425145
425146
425147
425148
425149
425150
425151
425152
425153
425154
425155
425156
425157
425158
425159
425160
425161
425162
425163
425164
425165
425166
425167
425168
425169
425170
425171
425173
425174
425175
425176
425177
425178
425183
425195
425196
425377
425378
425379
425380
425381
425382
425383
425384
425385
425386
425387
425388
425389
425390
425391
425392
425393
425394
425395
425396
425398
425399
425400
425401
425403
425404
425405
425406
425408
425409
425578
425579
425583
425584
425585
425589
425590
425591
425596
425597
425598
425599
425600
425601
425602
425603
425604
425605
425606
425607
425608
425609
425610
425611
425612
425613
425614
425615
425616
425617
425618
425619
425620
425621
425622
425623
425624
425625
425626
425627
425628
425629
425630
425631
425635
425640
425645
425646
425788
425789
425793
425794
425795
425799
425800
425801
425806
425807
425808
425809
425810
425811
425812
425813
425814
425815
425816
425817
425818
425819
425820
425821
425822
425823
425824
425825
425826
425827
425828
425829
425830
425831
425832
425833
425834
425835
425836
425837
425838
425839
425840
425841
425845
425850
425855
425856
425998
425999
426003
426004
426009
426010
426011
426016
426018
426019
426020
426021
426022
426023
426024
426025
426026
426027
426028
426029
426030
426031
426032
426033
426034
426035
426036
426037
426038
426039
426040
426041
426042
426043
426044
426045
426046
426047
426048
426049
426050
426051
426055
426060
426066
426226
426227
426228
426229
426230
426231
426232
426233
426234
426235
426236
426238
426239
426240
426241
426242
426243
426244
426245
426248
426249
426250
426252
426253
426254
426255
426258
426413
426424
426425
426433
426434
426435
426436
426437
426438
426439
426440
426441
426442
426443
426444
426445
426447
426448
426449
426450
426451
426452
426453
426454
426455
426456
426459
426460
426461
426462
426463
426464
426465
426466
426467
426468
426471
426647
426658
426659
426667
426668
426669
426672
426673
426675
426677
426678
426679
426680
426681
426685
426687
426688
426689
426690
426691
426692
426693
426695
426696
426697
426698
426699
426700
426702
426703
426705
426706
426707
426708
426709
426710
426711
426713
426714
426715
426716
426717
426718
426720
426721
426723
426725
426726
426728
426732
426733
426734
426736
426737
426738
426741
429850
429851
429852
429865
429866
429867
429868
429869
429870
429871
429872
429873
429874
429877
429878
429879
429880
429881
429882
429883
429884
429885
429886
429887
429888
429889
429890
429891
429892
429893
429894
429895
429896
429897
429898
429899
429900
429901
429902
429903
429904
429905
429906
429907
429908
429909
429910
429911
429912
429913
429914
429915
429918
429919
429920
429921
429922
429924
429928
429929
429930
429931
429932
429933
429938
429950
429951
430183
430184
430185
430198
430199
430200
430201
430202
430203
430204
430205
430206
430207
430208
430209
430210
430211
430212
430213
430214
430215
430216
430217
430218
430219
430220
430221
430222
430223
430224
430225
430226
430228
430229
430230
430231
430232
430233
430238
430250
430251
430432
430433
430434
430435
430436
430437
430438
430439
430440
430441
430442
430443
430444
430445
430446
430447
430448
430449
430450
430451
430453
430454
430455
430456
430458
430459
430460
430461
430463
430464
430633
430634
430638
430639
430640
430644
430645
430646
430651
430652
430653
430654
430655
430656
430657
430658
430659
430660
430661
430662
430663
430664
430665
430666
430667
430668
430669
430670
430671
430672
430673
430674
430675
430676
430677
430678
430679
430680
430681
430682
430683
430684
430685
430686
430690
430695
430700
430701
430843
430844
430848
430849
430850
430854
430855
430856
430861
430862
430863
430864
430865
430866
430867
430868
430869
430870
430871
430872
430873
430874
430875
430876
430877
430878
430879
430880
430881
430882
430883
430884
430885
430886
430887
430888
430889
430890
430891
430892
430893
430894
430895
430896
430900
430905
430910
430911
431053
431054
431058
431059
431064
431065
431066
431071
431073
431074
431075
431076
431077
431078
431079
431080
431081
431082
431083
431084
431085
431086
431087
431088
431089
431090
431091
431092
431093
431094
431095
431096
431097
431098
431099
431100
431101
431102
431103
431104
431105
431106
431110
431115
431121
431281
431282
431283
431284
431285
431286
431287
431288
431289
431290
431291
431293
431294
431295
431296
431297
431298
431299
431300
431303
431304
431305
431307
431308
431309
431310
431313
431468
431479
431480
431488
431489
431490
431491
431492
431493
431494
431495
431496
431497
431498
431499
431500
431502
431503
431504
431505
431506
431507
431508
431509
431510
431511
431514
431515
431516
431517
431518
431519
431520
431521
431522
431523
431526
431702
431713
431714
431722
431723
431724
431727
431728
431730
431732
431733
431734
431735
431736
431740
431742
431743
431744
431745
431746
431747
431748
431750
431751
431752
431753
431754
431755
431757
431758
431760
431761
431762
431763
431764
431765
431766
431768
431769
431770
431771
431772
431773
431775
431776
431778
431780
431781
431783
431787
431788
431789
431791
431792
431793
431796
434905
434906
434907
434920
434921
434922
434923
434924
434925
434926
434927
434928
434929
434932
434933
434934
434935
434936
434937
434938
434939
434940
434941
434942
434943
434944
434945
434946
434947
434948
434949
434950
434951
434952
434953
434954
434955
434956
434957
434958
434959
434960
434961
434962
434963
434964
434965
434966
434967
434968
434969
434970
434973
434974
434975
434976
434977
434979
434983
434984
434985
434986
434987
434988
434993
435005
435006
435238
435239
435240
435253
435254
435255
435256
435257
435258
435259
435260
435261
435262
435263
435264
435265
435266
435267
435268
435269
435270
435271
435272
435273
435274
435275
435276
435277
435278
435279
435280
435281
435283
435284
435285
435286
435287
435288
435293
435305
435306
435487
435488
435489
435490
435491
435492
435493
435494
435495
435496
435497
435498
435499
435500
435501
435502
435503
435504
435505
435506
435508
435509
435510
435511
435513
435514
435515
435516
435518
435519
435688
435689
435693
435694
435695
435699
435700
435701
435706
435707
435708
435709
435710
435711
435712
435713
435714
435715
435716
435717
435718
435719
435720
435721
435722
435723
435724
435725
435726
435727
435728
435729
435730
435731
435732
435733
435734
435735
435736
435737
435738
435739
435740
435741
435745
435750
435755
435756
435898
435899
435903
435904
435905
435909
435910
435911
435916
435917
435918
435919
435920
435921
435922
435923
435924
435925
435926
435927
435928
435929
435930
435931
435932
435933
435934
435935
435936
435937
435938
435939
435940
435941
435942
435943
435944
435945
435946
435947
435948
435949
435950
435951
435955
435960
435965
435966
436108
436109
436113
436114
436119
436120
436121
436126
436128
436129
436130
436131
436132
436133
436134
436135
436136
436137
436138
436139
436140
436141
436142
436143
436144
436145
436146
436147
436148
436149
436150
436151
436152
436153
436154
436155
436156
436157
436158
436159
436160
436161
436165
436170
436176
436336
436337
436338
436339
436340
436341
436342
436343
436344
436345
436346
436348
436349
436350
436351
436352
436353
436354
436355
436358
436359
436360
436362
436363
436364
436365
436368
436523
436534
436535
436543
436544
436545
436546
436547
436548
436549
436550
436551
436552
436553
436554
436555
436557
436558
436559
436560
436561
436562
436563
436564
436565
436566
436569
436570
436571
436572
436573
436574
436575
436576
436577
436578
436581
436757
436768
436769
436777
436778
436779
436782
436783
436785
436787
436788
436789
436790
436791
436795
436797
436798
436799
436800
436801
436802
436803
436805
436806
436807
436808
436809
436810
436812
436813
436815
436816
436817
436818
436819
436820
436821
436823
436824
436825
436826
436827
436828
436830
436831
436833
436835
436836
436838
436842
436843
436844
436846
436847
436848
436851
439960
439961
439962
439975
439976
439977
439978
439979
439980
439981
439982
439983
439984
439987
439988
439989
439990
439991
439992
439993
439994
439995
439996
439997
439998
439999
440000
440001
440002
440003
440004
440005
440006
440007
440008
440009
440010
440011
440012
440013
440014
440015
440016
440017
440018
440019
440020
440021
440022
440023
440024
440025
440028
440029
440030
440031
440032
440034
440038
440039
440040
440041
440042
440043
440048
440060
440061
440293
440294
440295
440308
440309
440310
440311
440312
440313
440314
440315
440316
440317
440318
440319
440320
440321
440322
440323
440324
440325
440326
440327
440328
440329
440330
440331
440332
440333
440334
440335
440336
440338
440339
440340
440341
440342
440343
440348
440360
440361
440542
440543
440544
440545
440546
440547
440548
440549
440550
440551
440552
440553
440554
440555
440556
440557
440558
440559
440560
440561
440563
440564
440565
440566
440568
440569
440570
440571
440573
440574
440743
440744
440748
440749
440750
440754
440755
440756
440761
440762
440763
440764
440765
440766
440767
440768
440769
440770
440771
440772
440773
440774
440775
440776
440777
440778
440779
440780
440781
440782
440783
440784
440785
440786
440787
440788
440789
440790
440791
440792
440793
440794
440795
440796
440800
440805
440810
440811
440953
440954
440958
440959
440960
440964
440965
440966
440971
440972
440973
440974
440975
440976
440977
440978
440979
440980
440981
440982
440983
440984
440985
440986
440987
440988
440989
440990
440991
440992
440993
440994
440995
440996
440997
440998
440999
441000
441001
441002
441003
441004
441005
441006
441010
441015
441020
441021
441163
441164
441168
441169
441174
441175
441176
441181
441183
441184
441185
441186
441187
441188
441189
441190
441191
441192
441193
441194
441195
441196
441197
441198
441199
441200
441201
441202
441203
441204
441205
441206
441207
441208
441209
441210
441211
441212
441213
441214
441215
441216
441220
441225
441231
441391
441392
441393
441394
441395
441396
441397
441398
441399
441400
441401
441403
441404
441405
441406
441407
441408
441409
441410
441413
441414
441415
441417
441418
441419
441420
441423
441578
441589
441590
441598
441599
441600
441601
441602
441603
441604
441605
441606
441607
441608
441609
441610
441612
441613
441614
441615
441616
441617
441618
441619
441620
441621
441624
441625
441626
441627
441628
441629
441630
441631
441632
441633
441636
441812
441823
441824
441832
441833
441834
441837
441838
441840
441842
441843
441844
441845
441846
441850
441852
441853
441854
441855
441856
441857
441858
441860
441861
441862
441863
441864
441865
441867
441868
441870
441871
441872
441873
441874
441875
441876
441878
441879
441880
441881
441882
441883
441885
441886
441888
441890
441891
441893
441897
441898
441899
441901
441902
441903
441906
445015
445016
445017
445030
445031
445032
445033
445034
445035
445036
445037
445038
445039
445042
445043
445044
445045
445046
445047
445048
445049
445050
445051
445052
445053
445054
445055
445056
445057
445058
445059
445060
445061
445062
445063
445064
445065
445066
445067
445068
445069
445070
445071
445072
445073
445074
445075
445076
445077
445078
445079
445080
445083
445084
445085
445086
445087
445089
445093
445094
445095
445096
445097
445098
445103
445115
445116
445348
445349
445350
445363
445364
445365
445366
445367
445368
445369
445370
445371
445372
445373
445374
445375
445376
445377
445378
445379
445380
445381
445382
445383
445384
445385
445386
445387
445388
445389
445390
445391
445393
445394
445395
445396
445397
445398
445403
445415
445416
445597
445598
445599
445600
445601
445602
445603
445604
445605
445606
445607
445608
445609
445610
445611
445612
445613
445614
445615
445616
445618
445619
445620
445621
445623
445624
445625
445626
445628
445629
445798
445799
445803
445804
445805
445809
445810
445811
445816
445817
445818
445819
445820
445821
445822
445823
445824
445825
445826
445827
445828
445829
445830
445831
445832
445833
445834
445835
445836
445837
445838
445839
445840
445841
445842
445843
445844
445845
445846
445847
445848
445849
445850
445851
445855
445860
445865
445866
446008
446009
446013
446014
446015
446019
446020
446021
446026
446027
446028
446029
446030
446031
446032
446033
446034
446035
446036
446037
446038
446039
446040
446041
446042
446043
446044
446045
446046
446047
446048
446049
446050
446051
446052
446053
446054
446055
446056
446057
446058
446059
446060
446061
446065
446070
446075
446076
446218
446219
446223
446224
446229
446230
446231
446236
446238
446239
446240
446241
446242
446243
446244
446245
446246
446247
446248
446249
446250
446251
446252
446253
446254
446255
446256
446257
446258
446259
446260
446261
446262
446263
446264
446265
446266
446267
446268
446269
446270
446271
446275
446280
446286
446446
446447
446448
446449
446450
446451
446452
446453
446454
446455
446456
446458
446459
446460
446461
446462
446463
446464
446465
446468
446469
446470
446472
446473
446474
446475
446478
446633
446644
446645
446653
446654
446655
446656
446657
446658
446659
446660
446661
446662
446663
446664
446665
446667
446668
446669
446670
446671
446672
446673
446674
446675
446676
446679
446680
446681
446682
446683
446684
446685
446686
446687
446688
446691
446867
446878
446879
446887
446888
446889
446892
446893
446895
446897
446898
446899
446900
446901
446905
446907
446908
446909
446910
446911
446912
446913
446915
446916
446917
446918
446919
446920
446922
446923
446925
446926
446927
446928
446929
446930
446931
446933
446934
446935
446936
446937
446938
446940
446941
446943
446945
446946
446948
446952
446953
446954
446956
446957
446958
446961
450070
450071
450072
450085
450086
450087
450088
450089
450090
450091
450092
450093
450094
450097
450098
450099
450100
450101
450102
450103
450104
450105
450106
450107
450108
450109
450110
450111
450112
450113
450114
450115
450116
450117
450118
450119
450120
450121
450122
450123
450124
450125
450126
450127
450128
450129
450130
450131
450132
450133
450134
450135
450138
450139
450140
450141
450142
450144
450148
450149
450150
450151
450152
450153
450158
450170
450171
450403
450404
450405
450418
450419
450420
450421
450422
450423
450424
450425
450426
450427
450428
450429
450430
450431
450432
450433
450434
450435
450436
450437
450438
450439
450440
450441
450442
450443
450444
450445
450446
450448
450449
450450
450451
450452
450453
450458
450470
450471
450652
450653
450654
450655
450656
450657
450658
450659
450660
450661
450662
450663
450664
450665
450666
450667
450668
450669
450670
450671
450673
450674
450675
450676
450678
450679
450680
450681
450683
450684
450853
450854
450858
450859
450860
450864
450865
450866
450871
450872
450873
450874
450875
450876
450877
450878
450879
450880
450881
450882
450883
450884
450885
450886
450887
450888
450889
450890
450891
450892
450893
450894
450895
450896
450897
450898
450899
450900
450901
450902
450903
450904
450905
450906
450910
450915
450920
450921
451063
451064
451068
451069
451070
451074
451075
451076
451081
451082
451083
451084
451085
451086
451087
451088
451089
451090
451091
451092
451093
451094
451095
451096
451097
451098
451099
451100
451101
451102
451103
451104
451105
451106
451107
451108
451109
451110
451111
451112
451113
451114
451115
451116
451120
451125
451130
451131
451273
451274
451278
451279
451284
451285
451286
451291
451293
451294
451295
451296
451297
451298
451299
451300
451301
451302
451303
451304
451305
451306
451307
451308
451309
451310
451311
451312
451313
451314
451315
451316
451317
451318
451319
451320
451321
451322
451323
451324
451325
451326
451330
451335
451341
451501
451502
451503
451504
451505
451506
451507
451508
451509
451510
451511
451513
451514
451515
451516
451517
451518
451519
451520
451523
451524
451525
451527
451528
451529
451530
451533
451688
451699
451700
451708
451709
451710
451711
451712
451713
451714
451715
451716
451717
451718
451719
451720
451722
451723
451724
451725
451726
451727
451728
451729
451730
451731
451734
451735
451736
451737
451738
451739
451740
451741
451742
451743
451746
451922
451933
451934
451942
451943
451944
451947
451948
451950
451952
451953
451954
451955
451956
451960
451962
451963
451964
451965
451966
451967
451968
451970
451971
451972
451973
451974
451975
451977
451978
451980
451981
451982
451983
451984
451985
451986
451988
451989
451990
451991
451992
451993
451995
451996
451998
452000
452001
452003
452007
452008
452009
452011
452012
452013
452016
456934
456935
456936
456947
456948
456949
456950
456951
456952
456953
456954
456955
456958
456959
456960
456961
456962
456963
456964
456965
456966
456967
456968
456969
456970
456971
456972
456973
456974
456975
456976
456977
456978
456979
456980
456981
456982
456983
456984
456985
456986
456987
456988
456989
456990
456991
456992
456993
456996
456997
456998
456999
457000
457002
457005
457006
457007
457008
457013
457024
457231
457232
457233
457244
457245
457246
457247
457248
457249
457250
457251
457252
457253
457254
457255
457256
457257
457258
457259
457260
457261
457262
457263
457264
457265
457266
457267
457268
457269
457270
457271
457272
457273
457274
457275
457276
457277
457278
457279
457280
457281
457282
457283
457284
457285
457286
457287
457288
457289
457290
457291
457292
457293
457294
457295
457296
457297
457298
457299
457300
457301
457302
457303
457304
457305
457306
457307
457308
457309
457310
457311
457312
457313
457314
457315
457316
457317
457318
457319
457320
457321
457322
457323
457324
457325
457326
457327
457328
457329
457330
457331
457332
457333
457334
457335
457336
457337
457338
457339
457340
457341
457342
457343
457344
457345
457346
457347
457348
457350
457351
457352
457353
457358
457369
457684
457685
457686
457687
457688
457689
457690
457691
457692
457693
457694
457695
457696
457697
457698
457699
457700
457701
457702
457703
457704
457705
457706
457707
457708
457709
457710
457711
457712
457713
457714
457715
457716
457717
457718
457719
457720
457721
457722
457723
457724
457725
457726
457727
457728
457729
457730
457731
457732
457733
457734
457735
457736
457737
457738
457739
457740
457741
457742
457743
457744
457745
457746
457747
457748
457749
457750
457751
457752
457753
457754
457755
457756
457757
457758
457759
457760
457761
457762
457763
457764
457765
457766
457767
457768
457769
457770
457771
457772
457773
457774
457775
457776
457777
457778
457779
457780
457781
457782
457783
457784
457785
457786
457787
457788
457789
457790
457791
457792
457793
457794
457795
457796
457797
457798
457799
457800
457801
457802
457803
457804
457805
457806
457807
457808
457809
457810
457811
457813
457814
457815
457816
457818
457819
457821
458185
458186
458190
458191
458192
458196
458197
458201
458202
458203
458204
458205
458206
458207
458208
458209
458210
458211
458212
458213
458214
458215
458216
458217
458218
458219
458220
458221
458222
458223
458224
458225
458226
458227
458228
458229
458230
458231
458232
458233
458234
458235
458236
458237
458238
458239
458240
458241
458242
458243
458244
458245
458246
458247
458248
458249
458250
458251
458252
458253
458254
458255
458256
458257
458258
458259
458260
458261
458262
458263
458264
458265
458266
458267
458268
458269
458270
458271
458272
458273
458274
458275
458276
458277
458278
458279
458280
458281
458282
458283
458284
458285
458286
458287
458288
458289
458290
458291
458292
458293
458294
458295
458296
458297
458298
458299
458300
458301
458302
458303
458304
458305
458306
458307
458308
458309
458310
458311
458312
458313
458314
458315
458316
458317
458318
458319
458320
458321
458322
458323
458324
458325
458326
458327
458328
458329
458330
458331
458332
458333
458334
458335
458336
458337
458338
458339
458340
458341
458342
458343
458344
458345
458346
458350
458355
458359
458710
458711
458715
458716
458717
458721
458722
458726
458727
458728
458729
458730
458731
458732
458733
458734
458735
458736
458737
458738
458739
458740
458741
458742
458743
458744
458745
458746
458747
458748
458749
458750
458751
458752
458753
458754
458755
458756
458757
458758
458759
458760
458761
458762
458763
458764
458765
458766
458767
458768
458769
458770
458771
458772
458773
458774
458775
458776
458777
458778
458779
458780
458781
458782
458783
458784
458785
458786
458787
458788
458789
458790
458791
458792
458793
458794
458795
458796
458797
458798
458799
458800
458801
458802
458803
458804
458805
458806
458807
458808
458809
458810
458811
458812
458813
458814
458815
458816
458817
458818
458819
458820
458821
458822
458823
458824
458825
458826
458827
458828
458829
458830
458831
458832
458833
458834
458835
458836
458837
458838
458839
458840
458841
458842
458843
458844
458845
458846
458847
458848
458849
458850
458851
458852
458853
458854
458855
458856
458857
458858
458859
458860
458861
458862
458863
458864
458865
458866
458867
458868
458869
458870
458871
458875
458880
458884
459235
459236
459240
459241
459246
459247
459251
459253
459254
459255
459256
459257
459258
459259
459260
459261
459262
459263
459264
459265
459266
459267
459268
459269
459270
459271
459272
459273
459274
459275
459276
459277
459278
459279
459280
459281
459282
459283
459284
459285
459286
459287
459288
459289
459290
459291
459292
459293
459294
459295
459296
459297
459298
459299
459300
459301
459302
459303
459304
459305
459306
459307
459308
459309
459310
459311
459312
459313
459314
459315
459316
459317
459318
459319
459320
459321
459322
459323
459324
459325
459326
459327
459328
459329
459330
459331
459332
459333
459334
459335
459336
459337
459338
459339
459340
459341
459342
459343
459344
459345
459346
459347
459348
459349
459350
459351
459352
459353
459354
459355
459356
459357
459358
459359
459360
459361
459362
459363
459364
459365
459366
459367
459368
459369
459370
459371
459372
459373
459374
459375
459376
459377
459378
459379
459380
459381
459382
459383
459384
459385
459386
459387
459388
459389
459390
459391
459392
459393
459394
459395
459396
459400
459405
459775
459776
459777
459778
459779
459780
459781
459782
459783
459784
459785
459786
459788
459789
459790
459791
459792
459793
459794
459795
459796
459797
459798
459799
459800
459801
459802
459803
459804
459805
459806
459807
459808
459809
459810
459811
459812
459813
459814
459815
459816
459817
459818
459819
459820
459821
459822
459823
459824
459825
459826
459827
459828
459829
459830
459831
459832
459833
459834
459835
459836
459837
459838
459839
459840
459841
459842
459843
459844
459845
459846
459847
459848
459849
459850
459851
459852
459853
459854
459855
459856
459857
459858
459859
459860
459861
459862
459863
459864
459865
459866
459867
459868
459869
459870
459871
459872
459873
459874
459875
459876
459877
459878
459879
459880
459881
459882
459883
459884
459885
459886
459887
459888
459889
459890
459891
459892
459893
459894
459895
459896
459897
459898
459899
459900
459901
459902
459905
459906
459907
459909
459910
460262
460273
460279
460280
460281
460282
460283
460284
460285
460286
460287
460288
460289
460290
460292
460293
460294
460295
460296
460297
460298
460299
460300
460301
460302
460303
460304
460305
460306
460307
460308
460309
460310
460311
460312
460313
460314
460315
460316
460317
460318
460319
460320
460321
460322
460323
460324
460325
460326
460327
460328
460329
460330
460331
460332
460333
460334
460335
460336
460337
460338
460339
460340
460341
460342
460343
460344
460345
460346
460347
460348
460349
460350
460351
460352
460353
460354
460355
460356
460357
460358
460359
460360
460361
460362
460363
460364
460365
460366
460367
460368
460369
460370
460371
460372
460373
460374
460375
460376
460379
460380
460381
460382
460383
460384
460685
460696
460702
460703
460706
460707
460709
460711
460712
460715
460717
460718
460719
460720
460721
460722
460724
460725
460726
460727
460728
460730
460732
460733
460734
460735
460736
460737
460739
460740
460741
460742
460743
460745
460748
460750
460754
460755
460757
463618
463620
463623
463624
463636
463638
463641
463642
463654
463656
463659
463660
463672
463674
463677
463825
463827
463830
463831
463843
463845
463848
463849
463861
463863
463866
463867
463879
463881
463884
463885
463897
463899
463902
463903
463915
463917
463920
464140
464142
464145
464146
464158
464160
464163
464164
464176
464178
464181
464182
464194
464196
464199
464200
464212
464214
464217
464218
464230
464232
464235
464236
464248
464250
464253
464254
464266
464268
464271
464563
464565
464568
464569
464581
464583
464586
464587
464599
464601
464604
464605
464617
464619
464622
464623
464635
464637
464640
464641
464653
464655
464658
464659
464671
464673
464676
464677
464689
464691
464694
464986
464988
464991
465001
465003
465006
465007
465019
465021
465024
465025
465037
465039
465042
465043
465055
465057
465060
465061
465073
465075
465078
465079
465091
465093
465096
465097
465109
465111
465391
465393
465396
465406
465408
465411
465412
465424
465426
465429
465430
465442
465444
465447
465448
465460
465462
465465
465466
465478
465480
465688
465690
465693
465703
465705
465708
465718
465720
465723
465733
465735
466768
466769
466770
466771
466772
466773
466774
466775
466776
466777
466778
466779
466780
466781
466782
466783
466784
466785
466786
466787
466788
466789
466790
466791
467002
467003
467004
467005
467006
467007
467008
467009
467010
467011
467012
467013
467014
467015
467016
467017
467018
467019
467020
467021
467022
467023
467024
467025
468040
468041
468042
468043
468044
468045
468046
468047
468048
468049
468050
468051
468052
468053
468054
468055
468056
468057
468058
468059
468060
468061
468062
468063
468274
468275
468276
468277
468278
468279
468280
468281
468282
468283
468284
468285
468286
468287
468288
468289
468290
468291
468292
468293
468294
468295
468296
468297
469312
469313
469314
469315
469316
469317
469318
469319
469320
469321
469322
469323
469324
469325
469326
469327
469328
469329
469330
469331
469332
469333
469334
469335
469546
469547
469548
469549
469550
469551
469552
469553
469554
469555
469556
469557
469558
469559
469560
469561
469562
469563
469564
469565
469566
469567
469568
469569
470584
470585
470586
470587
470588
470589
470590
470591
470592
470593
470594
470595
470596
470597
470598
470599
470600
470601
470602
470603
470604
470605
470606
470607
470818
470819
470820
470821
470822
470823
470824
470825
470826
470827
470828
470829
470830
470831
470832
470833
470834
470835
470836
470837
470838
470839
470840
470841
471856
471857
471858
471859
471860
471861
471862
471863
471864
471865
471866
471867
471868
471869
471870
471871
471872
471873
471874
471875
471876
471877
471878
471879
472090
472091
472092
472093
472094
472095
472096
472097
472098
472099
472100
472101
472102
472103
472104
472105
472106
472107
472108
472109
472110
472111
472112
472113
473128
473129
473130
473131
473132
473133
473134
473135
473136
473137
473138
473139
473140
473141
473142
473143
473144
473145
473146
473147
473148
473149
473150
473151
473362
473363
473364
473365
473366
473367
473368
473369
473370
473371
473372
473373
473374
473375
473376
473377
473378
473379
473380
473381
473382
473383
473384
473385
474400
474401
474402
474403
474404
474405
474406
474407
474408
474409
474410
474411
474412
474413
474414
474415
474416
474417
474418
474419
474420
474421
474422
474423
474634
474635
474636
474637
474638
474639
474640
474641
474642
474643
474644
474645
474646
474647
474648
474649
474650
474651
474652
474653
474654
474655
474656
474657
475672
475673
475674
475675
475676
475677
475678
475679
475680
475681
475682
475683
475684
475685
475686
475687
475688
475689
475690
475691
475692
475693
475694
475695
475906
475907
475908
475909
475910
475911
475912
475913
475914
475915
475916
475917
475918
475919
475920
475921
475922
475923
475924
475925
475926
475927
475928
475929
476944
476945
476946
476947
476948
476949
476950
476951
476952
476953
476954
476955
476956
476957
476958
476959
476960
476961
476962
476963
476964
476965
476966
476967
477178
477179
477180
477181
477182
477183
477184
477185
477186
477187
477188
477189
477190
477191
477192
477193
477194
477195
477196
477197
477198
477199
477200
477201
478216
478217
478218
478219
478220
478221
478222
478223
478224
478225
478226
478227
478228
478229
478230
478231
478232
478233
478234
478235
478236
478237
478238
478239
478450
478451
478452
478453
478454
478455
478456
478457
478458
478459
478460
478461
478462
478463
478464
478465
478466
478467
478468
478469
478470
478471
478472
478473
479488
479489
479490
479491
479492
479493
479494
479495
479496
479497
479498
479499
479500
479501
479502
479503
479504
479505
479506
479507
479508
479509
479510
479511
479722
479723
479724
479725
479726
479727
479728
479729
479730
479731
479732
479733
479734
479735
479736
479737
479738
479739
479740
479741
479742
479743
479744
479745
480760
480761
480762
480763
480764
480765
480766
480767
480768
480769
480770
480771
480772
480773
480774
480775
480776
480777
480778
480779
480780
480781
480782
480783
480994
480995
480996
480997
480998
480999
481000
481001
481002
481003
481004
481005
481006
481007
481008
481009
481010
481011
481012
481013
481014
481015
481016
481017
482032
482033
482034
482035
482036
482037
482038
482039
482040
482041
482042
482043
482044
482045
482046
482047
482048
482049
482050
482051
482052
482053
482054
482055
482266
482267
482268
482269
482270
482271
482272
482273
482274
482275
482276
482277
482278
482279
482280
482281
482282
482283
482284
482285
482286
482287
482288
482289
483304
483305
483306
483307
483308
483309
483310
483311
483312
483313
483314
483315
483316
483317
483318
483319
483320
483321
483322
483323
483324
483325
483326
483327
483538
483539
483540
483541
483542
483543
483544
483545
483546
483547
483548
483549
483550
483551
483552
483553
483554
483555
483556
483557
483558
483559
483560
483561
484576
484577
484578
484579
484580
484581
484582
484583
484584
484585
484586
484587
484588
484589
484590
484591
484592
484593
484594
484595
484596
484597
484598
484599
484810
484811
484812
484813
484814
484815
484816
484817
484818
484819
484820
484821
484822
484823
484824
484825
484826
484827
484828
484829
484830
484831
484832
484833
485848
485849
485850
485851
485852
485853
485854
485855
485856
485857
485858
485859
485860
485861
485862
485863
485864
485865
485866
485867
485868
485869
485870
485871
486082
486083
486084
486085
486086
486087
486088
486089
486090
486091
486092
486093
486094
486095
486096
486097
486098
486099
486100
486101
486102
486103
486104
486105
487120
487121
487122
487123
487124
487125
487126
487127
487128
487129
487130
487131
487132
487133
487134
487135
487136
487137
487138
487139
487140
487141
487142
487143
487354
487355
487356
487357
487358
487359
487360
487361
487362
487363
487364
487365
487366
487367
487368
487369
487370
487371
487372
487373
487374
487375
487376
487377
488392
488393
488394
488395
488396
488397
488398
488399
488400
488401
488402
488403
488404
488405
488406
488407
488408
488409
488410
488411
488412
488413
488414
488415
488626
488627
488628
488629
488630
488631
488632
488633
488634
488635
488636
488637
488638
488639
488640
488641
488642
488643
488644
488645
488646
488647
488648
488649
489664
489665
489666
489667
489668
489669
489670
489671
489672
489673
489674
489675
489676
489677
489678
489679
489680
489681
489682
489683
489684
489685
489686
489687
489898
489899
489900
489901
489902
489903
489904
489905
489906
489907
489908
489909
489910
489911
489912
489913
489914
489915
489916
489917
489918
489919
489920
489921
490936
490937
490938
490939
490940
490941
490942
490943
490944
490945
490946
490947
490948
490949
490950
490951
490952
490953
490954
490955
490956
490957
490958
490959
491170
491171
491172
491173
491174
491175
491176
491177
491178
491179
491180
491181
491182
491183
491184
491185
491186
491187
491188
491189
491190
491191
491192
491193
492208
492209
492210
492211
492212
492213
492214
492215
492216
492217
492218
492219
492220
492221
492222
492223
492224
492225
492226
492227
492228
492229
492230
492231
492442
492443
492444
492445
492446
492447
492448
492449
492450
492451
492452
492453
492454
492455
492456
492457
492458
492459
492460
492461
492462
492463
492464
492465
493480
493481
493482
493483
493484
493485
493486
493487
493488
493489
493490
493491
493492
493493
493494
493495
493496
493497
493498
493499
493500
493501
493502
493503
493714
493715
493716
493717
493718
493719
493720
493721
493722
493723
493724
493725
493726
493727
493728
493729
493730
493731
493732
493733
493734
493735
493736
493737
494752
494753
494754
494755
494756
494757
494758
494759
494760
494761
494762
494763
494764
494765
494766
494767
494768
494769
494770
494771
494772
494773
494774
494775
494986
494987
494988
494989
494990
494991
494992
494993
494994
494995
494996
494997
494998
494999
495000
495001
495002
495003
495004
495005
495006
495007
495008
495009
496024
496025
496026
496027
496028
496029
496030
496031
496032
496033
496034
496035
496036
496037
496038
496039
496040
496041
496042
496043
496044
496045
496046
496047
496258
496259
496260
496261
496262
496263
496264
496265
496266
496267
496268
496269
496270
496271
496272
496273
496274
496275
496276
496277
496278
496279
496280
496281
497296
497297
497298
497299
497300
497301
497302
497303
497304
497305
497306
497307
497308
497309
497310
497311
497312
497313
497314
497315
497316
497317
497318
497319
497530
497531
497532
497533
497534
497535
497536
497537
497538
497539
497540
497541
497542
497543
497544
497545
497546
497547
497548
497549
497550
497551
497552
497553
498568
498569
498570
498571
498572
498573
498574
498575
498576
498577
498578
498579
498580
498581
498582
498583
498584
498585
498586
498587
498588
498589
498590
498591
498802
498803
498804
498805
498806
498807
498808
498809
498810
498811
498812
498813
498814
498815
498816
498817
498818
498819
498820
498821
498822
498823
498824
498825
499840
499841
499842
499843
499844
499845
499846
499847
499848
499849
499850
499851
499852
499853
499854
499855
499856
499857
499858
499859
499860
499861
499862
499863
500074
500075
500076
500077
500078
500079
500080
500081
500082
500083
500084
500085
500086
500087
500088
500089
500090
500091
500092
500093
500094
500095
500096
500097
501112
501113
501114
501115
501116
501117
501118
501119
501120
501121
501122
501123
501124
501125
501126
501127
501128
501129
501130
501131
501132
501133
501134
501135
501346
501347
501348
501349
501350
501351
501352
501353
501354
501355
501356
501357
501358
501359
501360
501361
501362
501363
501364
501365
501366
501367
501368
501369
502384
502385
502386
502387
502388
502389
502390
502391
502392
502393
502394
502395
502396
502397
502398
502399
502400
502401
502402
502403
502404
502405
502406
502407
502618
502619
502620
502621
502622
502623
502624
502625
502626
502627
502628
502629
502630
502631
502632
502633
502634
502635
502636
502637
502638
502639
502640
502641
503656
503657
503658
503659
503660
503661
503662
503663
503664
503665
503666
503667
503668
503669
503670
503671
503672
503673
503674
503675
503676
503677
503678
503679
503890
503891
503892
503893
503894
503895
503896
503897
503898
503899
503900
503901
503902
503903
503904
503905
503906
503907
503908
503909
503910
503911
503912
503913
504892
504893
504894
504895
504896
504897
504898
504899
504900
504901
504902
504903
504904
504905
504906
504907
504908
504909
505108
505109
505110
505111
505112
505113
505114
505115
505116
505117
505118
505119
505120
505121
505122
505123
505124
505125
515843
515844
515845
515846
515847
515865
515866
515867
515868
515869
515870
515871
515888
515889
515890
515891
515892
515893
515894
515895
515910
515911
515912
515913
515914
515915
515916
515917
515918
515933
515934
515935
515936
515937
515938
515939
515940
515941
515956
515957
515958
515959
515960
515961
515962
515963
515964
515980
515981
515982
515983
515984
515985
515986
515987
516004
516005
516006
516007
516008
516009
516028
516029
516030
525755
525756
525758
525759
525761
525762
525788
525790
525791
525792
525793
525794
525795
525796
525797
525798
525799
525800
525801
525802
525803
525804
525807
525821
525823
525824
525825
525826
525827
525828
525831
525844
525845
525846
525848
525849
525865
525866
525867
525868
525869
525870
525886
525887
525888
525889
525890
525891
525907
525908
525910
525912
525928
525931
525932
525933
525934
525935
525936
525961
525964
525965
525966
525967
525968
525969
525970
525971
525972
525973
525974
525975
525976
525977
525978
526000
526003
526006
526621
526622
526623
526624
526625
526626
526633
526634
526635
526636
526637
526638
-4220
-4221
4223
4228
4233
4235
-4240
4559
4560
-4599
-4601
4917
4918
-4967
-5282
5320
5322
-5602
5642
-5923
5963
6251
-6296
-6297
-6607
-6608
6648
6649
-6961
-6962
6968
6986
6987
-7322
-7327
-7332
-12228
-12229
12232
12238
12244
12246
-12252
12591
12592
-12635
-12637
12972
12973
-13024
-13349
13390
13392
-13683
13726
-14018
14061
14360
-14407
-14408
-14728
-14729
14774
14775
-15106
-15107
15114
15136
15137
-15492
-15498
-15504
-20413
-20414
20417
20423
20429
20431
-20437
20776
20777
-20820
-20822
21157
21158
-21209
-21534
21575
21577
-21868
21911
-22203
22246
22545
-22592
-22593
-22913
-22914
22959
22960
-23291
-23292
23299
23321
23322
-23677
-23683
-23689
-28598
-28599
28602
28608
28614
28616
-28622
28961
28962
-29005
-29007
29342
29343
-29394
-29719
29760
29762
-30053
30096
-30388
30431
30730
-30777
-30778
-31098
-31099
31144
31145
-31476
-31477
31484
31506
31507
-31862
-31868
-31874
-36783
-36784
36787
36793
36799
36801
-36807
37146
37147
-37190
-37192
37527
37528
-37579
-37904
37945
37947
-38238
38281
-38573
38616
38915
-38962
-38963
-39283
-39284
39329
39330
-39661
-39662
39669
39691
39692
-40047
-40053
-40059
-44968
-44969
44972
44978
44984
44986
-44992
45331
45332
-45375
-45377
45712
45713
-45764
-46089
46130
46132
-46423
46466
-46758
46801
47100
-47147
-47148
-47468
-47469
47514
47515
-47846
-47847
47854
47876
47877
-48232
-48238
-48244
-53153
-53154
53157
53163
53169
53171
-53177
53516
53517
-53560
-53562
53897
53898
-53949
-54274
54315
54317
-54608
54651
-54943
54986
55285
-55332
-55333
-55653
-55654
55699
55700
-56031
-56032
56039
56061
56062
-56417
-56423
-56429
-61338
-61339
61342
61348
61354
61356
-61362
61701
61702
-61745
-61747
62082
62083
-62134
-62459
62500
62502
-62793
62836
-63128
63171
63470
-63517
-63518
-63838
-63839
63884
63885
-64216
-64217
64224
64246
64247
-64602
-64608
-64614
-69523
-69524
69527
69533
69539
69541
-69547
69886
69887
-69930
-69932
70267
70268
-70319
-70644
70685
70687
-70978
71021
-71313
71356
71655
-71702
-71703
-72023
-72024
72069
72070
-72401
-72402
72409
72431
72432
-72787
-72793
-72799
-77708
-77709
77712
77718
77724
77726
-77732
78071
78072
-78115
-78117
78452
78453
-78504
-78829
78870
78872
-79163
79206
-79498
79541
79840
-79887
-79888
-80208
-80209
80254
80255
-80586
-80587
80594
80616
80617
-80972
-80978
-80984
-85893
-85894
85897
85903
85909
85911
-85917
86256
86257
-86300
-86302
86637
86638
-86689
-87014
87055
87057
-87348
87391
-87683
87726
88025
-88072
-88073
-88393
-88394
88439
88440
-88771
-88772
88779
88801
88802
-89157
-89163
-89169
-94078
-94079
94082
94088
94094
94096
-94102
94441
94442
-94485
-94487
94822
94823
-94874
-95199
95240
95242
-95533
95576
-95868
95911
96210
-96257
-96258
-96578
-96579
96624
96625
-96956
-96957
96964
96986
96987
-97342
-97348
-97354
-102263
-102264
102267
102273
102279
102281
-102287
102626
102627
-102670
-102672
103007
103008
-103059
-103384
103425
103427
-103718
103761
-104053
104096
104395
-104442
-104443
-104763
-104764
104809
104810
-105141
-105142
105149
105171
105172
-105527
-105533
-105539
-110448
-110449
110452
110458
110464
110466
-110472
110811
110812
-110855
-110857
111192
111193
-111244
-111569
111610
111612
-111903
111946
-112238
112281
112580
-112627
-112628
-112948
-112949
112994
112995
-113326
-113327
113334
113356
113357
-113712
-113718
-113724
-118633
-118634
118637
118643
118649
118651
-118657
118996
118997
-119040
-119042
119377
119378
-119429
-119754
119795
119797
-120088
120131
-120423
120466
120765
-120812
-120813
-121133
-121134
121179
121180
-121511
-121512
121519
121541
121542
-121897
-121903
-121909
-126818
-126819
126822
126828
126834
126836
-126842
127181
127182
-127225
-127227
127562
127563
-127614
-127939
127980
127982
-128273
128316
-128608
128651
128950
-128997
-128998
-129318
-129319
129364
129365
-129696
-129697
129704
129726
129727
-130082
-130088
-130094
-135003
-135004
135007
135013
135019
135021
-135027
135366
135367
-135410
-135412
135747
135748
-135799
-136124
136165
136167
-136458
136501
-136793
136836
137135
-137182
-137183
-137503
-137504
137549
137550
-137881
-137882
137889
137911
137912
-138267
-138273
-138279
-143188
-143189
143192
143198
143204
143206
-143212
143551
143552
-143595
-143597
143932
143933
-143984
-144309
144350
144352
-144643
144686
-144978
145021
145320
-145367
-145368
-145688
-145689
145734
145735
-146066
-146067
146074
146096
146097
-146452
-146458
-146464
-151373
-151374
151377
151383
151389
151391
-151397
151736
151737
-151780
-151782
152117
152118
-152169
-152494
152535
152537
-152828
152871
-153163
153206
153505
-153552
-153553
-153873
-153874
153919
153920
-154251
-154252
154259
154281
154282
-154637
-154643
-154649
-159558
-159559
159562
159568
159574
159576
-159582
159921
159922
-159965
-159967
160302
160303
-160354
-160679
160720
160722
-161013
161056
-161348
161391
161690
-161737
-161738
-162058
-162059
162104
162105
-162436
-162437
162444
162466
162467
-162822
-162828
-162834
-167743
-167744
167747
167753
167759
167761
-167767
168106
168107
-168150
-168152
168487
168488
-168539
-168864
168905
168907
-169198
169241
-169533
169576
169875
-169922
-169923
-170243
-170244
170289
170290
-170621
-170622
170629
170651
170652
-171007
-171013
-171019
-175928
-175929
175932
175938
175944
175946
-175952
176291
176292
-176335
-176337
176672
176673
-176724
-177049
177090
177092
-177383
177426
-177718
177761
178060
-178107
-178108
-178428
-178429
178474
178475
-178806
-178807
178814
178836
178837
-179192
-179198
-179204
-184113
-184114
184117
184123
184129
184131
-184137
184476
184477
-184520
-184522
184857
184858
-184909
-185234
185275
185277
-185568
185611
-185903
185946
186245
-186292
-186293
-186613
-186614
186659
186660
-186991
-186992
186999
187021
187022
-187377
-187383
-187389
-192298
-192299
192302
192308
192314
192316
-192322
192661
192662
-192705
-192707
193042
193043
-193094
-193419
193460
193462
-193753
193796
-194088
194131
194430
-194477
-194478
-194798
-194799
194844
194845
-195176
-195177
195184
195206
195207
-195562
-195568
-195574
-200483
-200484
200487
200493
200499
200501
-200507
200846
200847
-200890
-200892
201227
201228
-201279
-201604
201645
201647
-201938
201981
-202273
202316
202615
-202662
-202663
-202983
-202984
203029
203030
-203361
-203362
203369
203391
203392
-203747
-203753
-203759
-208668
-208669
208672
208678
208684
208686
-208692
209031
209032
-209075
-209077
209412
209413
-209464
-209789
209830
209832
-210123
210166
-210458
210501
210800
-210847
-210848
-211168
-211169
211214
211215
-211546
-211547
211554
211576
211577
-211932
-211938
-211944
-216853
-216854
216857
216863
216869
216871
-216877
217216
217217
-217260
-217262
217597
217598
-217649
-217974
218015
218017
-218308
218351
-218643
218686
218985
-219032
-219033
-219353
-219354
219399
219400
-219731
-219732
219739
219761
219762
-220117
-220123
-220129
-225038
-225039
225042
225048
225054
225056
-225062
225401
225402
-225445
-225447
225782
225783
-225834
-226159
226200
226202
-226493
226536
-226828
226871
227170
-227217
-227218
-227538
-227539
227584
227585
-227916
-227917
227924
227946
227947
-228302
-228308
-228314
-233223
-233224
233227
233233
233239
233241
-233247
233586
233587
-233630
-233632
233967
233968
-234019
-234344
234385
234387
-234678
234721
-235013
235056
235355
-235402
-235403
-235723
-235724
235769
235770
-236101
-236102
236109
236131
236132
-236487
-236493
-236499
-241408
-241409
241412
241418
241424
241426
-241432
241771
241772
-241815
-241817
242152
242153
-242204
-242529
242570
242572
-242863
242906
-243198
243241
243540
-243587
-243588
-243908
-243909
243954
243955
-244286
-244287
244294
244316
244317
-244672
-244678
-244684
-249899
-249900
249903
249909
249915
249917
-249923
250262
250263
-250312
-250314
250661
250662
-250731
-251092
251151
251153
-251480
251541
-251869
251930
252265
-252330
-252331
-252687
-252688
252739
252740
-253083
-253084
253091
253113
253114
-253469
-253475
-253481
-258360
-258361
258364
258370
258376
258378
-258384
258723
258724
-258757
-258759
259074
259075
-259116
-259421
259468
259470
-259773
259822
-260126
260175
260486
-260527
-260528
-260836
-260837
260878
260879
-261202
-261203
261211
261234
261235
-261594
-261600
-261606
-266585
-266586
266593
266594
266599
266600
266603
266605
266607
-266610
266949
266950
266953
266960
266966
266972
266978
266982
-266985
-266987
267306
267307
267310
267317
267323
267329
267335
267341
267347
267351
-267354
-267671
267681
267687
267693
267699
267705
267711
267717
267723
267724
267725
267727
-268041
268051
268057
268063
268069
268075
268081
268087
268093
268095
268097
-268412
268422
268428
268434
268440
268446
268452
268458
268464
268466
268468
268789
268792
268800
268806
268812
268818
268824
268830
268833
-268837
-268838
-269158
-269159
269167
269175
269181
269187
269193
269196
269202
269203
269204
-269530
-269531
269538
269539
269545
269551
269557
269562
269563
269564
-269922
-269928
-269934
-293326
-293330
293334
293354
293356
293358
293360
293378
293379
293382
293384
293402
293403
293406
293408
-293425
293430
293432
293453
293454
-293457
-293761
-293765
293769
293789
293792
293794
293810
293813
293816
293837
293838
-293841
-294057
-294058
294071
294074
294076
294092
294095
294098
294099
294308
-294310
294314
294334
294335
294446
-294448
294452
294472
294473
294584
-294586
294590
294591
294610
294611
-294728
294740
294744
294746
294764
294768
294771
294772
294773
294979
294980
-294987
295004
295008
295010
295028
295032
295035
295036
295037
295267
295268
295292
-295295
295298
295301
295316
295320
295322
295325
295340
295344
295346
295349
295363
295364
295367
295368
-298196
-298208
-298216
-298223
-298226
-298234
-298241
-298244
-298259
-298414
-298417
-298427
-298431
-298432
-298445
-298446
-298486
298493
-298495
298507
-298510
-298513
298519
-298522
-298747
-298750
-298760
-298761
-298764
-298765
298797
298807
-298810
-298813
298819
-298822
-298987
-298988
-298993
-298999
-299000
299022
299027
299032
-299051
-299205
-299211
-299217
299259
299264
299269
-299415
-299421
-299427
299469
299474
299479
-299625
299630
-299631
-299637
299642
299679
299684
299689
299690
-299838
-299843
-299848
299862
299871
299872
299876
299881
299882
300037
-300043
-300045
300048
-300055
300071
300082
300083
300094
300095
300104
300105
300271
-300279
300282
-300295
300299
300301
-300307
300311
300319
300326
300329
300337
300344
300347
300349
300352
300360
300364
300365
300377
300378
-303251
-303263
-303271
-303278
-303281
-303289
-303296
-303299
-303314
-303469
-303472
-303482
-303486
-303487
-303500
-303501
-303541
303548
-303550
303562
-303565
-303568
303574
-303577
-303802
-303805
-303815
-303816
-303819
-303820
303852
303862
-303865
-303868
303874
-303877
-304042
-304043
-304048
-304054
-304055
304077
304082
304087
-304106
-304260
-304266
-304272
304314
304319
304324
-304470
-304476
-304482
304524
304529
304534
-304680
304685
-304686
-304692
304697
304734
304739
304744
304745
-304893
-304898
-304903
304917
304926
304927
304931
304936
304937
305092
-305098
-305100
305103
-305110
305126
305137
305138
305149
305150
305159
305160
305326
-305334
305337
-305350
305354
305356
-305362
305366
305374
305381
305384
305392
305399
305402
305404
305407
305415
305419
305420
305432
305433
-308306
-308318
-308326
-308333
-308336
-308344
-308351
-308354
-308369
-308524
-308527
-308537
-308541
-308542
-308555
-308556
-308596
308603
-308605
308617
-308620
-308623
308629
-308632
-308857
-308860
-308870
-308871
-308874
-308875
308907
308917
-308920
-308923
308929
-308932
-309097
-309098
-309103
-309109
-309110
309132
309137
309142
-309161
-309315
-309321
-309327
309369
309374
309379
-309525
-309531
-309537
309579
309584
309589
-309735
309740
-309741
-309747
309752
309789
309794
309799
309800
-309948
-309953
-309958
309972
309981
309982
309986
309991
309992
310147
-310153
-310155
310158
-310165
310181
310192
310193
310204
310205
310214
310215
310381
-310389
310392
-310405
310409
310411
-310417
310421
310429
310436
310439
310447
310454
310457
310459
310462
310470
310474
310475
310487
310488
-313361
-313373
-313381
-313388
-313391
-313399
-313406
-313409
-313424
-313579
-313582
-313592
-313596
-313597
-313610
-313611
-313651
313658
-313660
313672
-313675
-313678
313684
-313687
-313912
-313915
-313925
-313926
-313929
-313930
313962
313972
-313975
-313978
313984
-313987
-314152
-314153
-314158
-314164
-314165
314187
314192
314197
-314216
-314370
-314376
-314382
314424
314429
314434
-314580
-314586
-314592
314634
314639
314644
-314790
314795
-314796
-314802
314807
314844
314849
314854
314855
-315003
-315008
-315013
315027
315036
315037
315041
315046
315047
315202
-315208
-315210
315213
-315220
315236
315247
315248
315259
315260
315269
315270
315436
-315444
315447
-315460
315464
315466
-315472
315476
315484
315491
315494
315502
315509
315512
315514
315517
315525
315529
315530
315542
315543
-318416
-318428
-318436
-318443
-318446
-318454
-318461
-318464
-318479
-318634
-318637
-318647
-318651
-318652
-318665
-318666
-318706
318713
-318715
318727
-318730
-318733
318739
-318742
-318967
-318970
-318980
-318981
-318984
-318985
319017
319027
-319030
-319033
319039
-319042
-319207
-319208
-319213
-319219
-319220
319242
319247
319252
-319271
-319425
-319431
-319437
319479
319484
319489
-319635
-319641
-319647
319689
319694
319699
-319845
319850
-319851
-319857
319862
319899
319904
319909
319910
-320058
-320063
-320068
320082
320091
320092
320096
320101
320102
320257
-320263
-320265
320268
-320275
320291
320302
320303
320314
320315
320324
320325
320491
-320499
320502
-320515
320519
320521
-320527
320531
320539
320546
320549
320557
320564
320567
320569
320572
320580
320584
320585
320597
320598
-323471
-323483
-323491
-323498
-323501
-323509
-323516
-323519
-323534
-323689
-323692
-323702
-323706
-323707
-323720
-323721
-323761
323768
-323770
323782
-323785
-323788
323794
-323797
-324022
-324025
-324035
-324036
-324039
-324040
324072
324082
-324085
-324088
324094
-324097
-324262
-324263
-324268
-324274
-324275
324297
324302
324307
-324326
-324480
-324486
-324492
324534
324539
324544
-324690
-324696
-324702
324744
324749
324754
-324900
324905
-324906
-324912
324917
324954
324959
324964
324965
-325113
-325118
-325123
325137
325146
325147
325151
325156
325157
325312
-325318
-325320
325323
-325330
325346
325357
325358
325369
325370
325379
325380
325546
-325554
325557
-325570
325574
325576
-325582
325586
325594
325601
325604
325612
325619
325622
325624
325627
325635
325639
325640
325652
325653
-328526
-328538
-328546
-328553
-328556
-328564
-328571
-328574
-328589
-328744
-328747
-328757
-328761
-328762
-328775
-328776
-328816
328823
-328825
328837
-328840
-328843
328849
-328852
-329077
-329080
-329090
-329091
-329094
-329095
329127
329137
-329140
-329143
329149
-329152
-329317
-329318
-329323
-329329
-329330
329352
329357
329362
-329381
-329535
-329541
-329547
329589
329594
329599
-329745
-329751
-329757
329799
329804
329809
-329955
329960
-329961
-329967
329972
330009
330014
330019
330020
-330168
-330173
-330178
330192
330201
330202
330206
330211
330212
330367
-330373
-330375
330378
-330385
330401
330412
330413
330424
330425
330434
330435
330601
-330609
330612
-330625
330629
330631
-330637
330641
330649
330656
330659
330667
330674
330677
330679
330682
330690
330694
330695
330707
330708
-333581
-333593
-333601
-333608
-333611
-333619
-333626
-333629
-333644
-333799
-333802
-333812
-333816
-333817
-333830
-333831
-333871
333878
-333880
333892
-333895
-333898
333904
-333907
-334132
-334135
-334145
-334146
-334149
-334150
334182
334192
-334195
-334198
334204
-334207
-334372
-334373
-334378
-334384
-334385
334407
334412
334417
-334436
-334590
-334596
-334602
334644
334649
334654
-334800
-334806
-334812
334854
334859
334864
-335010
335015
-335016
-335022
335027
335064
335069
335074
335075
-335223
-335228
-335233
335247
335256
335257
335261
335266
335267
335422
-335428
-335430
335433
-335440
335456
335467
335468
335479
335480
335489
335490
335656
-335664
335667
-335680
335684
335686
-335692
335696
335704
335711
335714
335722
335729
335732
335734
335737
335745
335749
335750
335762
335763
-338636
-338648
-338656
-338663
-338666
-338674
-338681
-338684
-338699
-338854
-338857
-338867
-338871
-338872
-338885
-338886
-338926
338933
-338935
338947
-338950
-338953
338959
-338962
-339187
-339190
-339200
-339201
-339204
-339205
339237
339247
-339250
-339253
339259
-339262
-339427
-339428
-339433
-339439
-339440
339462
339467
339472
-339491
-339645
-339651
-339657
339699
339704
339709
-339855
-339861
-339867
339909
339914
339919
-340065
340070
-340071
-340077
340082
340119
340124
340129
340130
-340278
-340283
-340288
340302
340311
340312
340316
340321
340322
340477
-340483
-340485
340488
-340495
340511
340522
340523
340534
340535
340544
340545
340711
-340719
340722
-340735
340739
340741
-340747
340751
340759
340766
340769
340777
340784
340787
340789
340792
340800
340804
340805
340817
340818
-343691
-343703
-343711
-343718
-343721
-343729
-343736
-343739
-343754
-343909
-343912
-343922
-343926
-343927
-343940
-343941
-343981
343988
-343990
344002
-344005
-344008
344014
-344017
-344242
-344245
-344255
-344256
-344259
-344260
344292
344302
-344305
-344308
344314
-344317
-344482
-344483
-344488
-344494
-344495
344517
344522
344527
-344546
-344700
-344706
-344712
344754
344759
344764
-344910
-344916
-344922
344964
344969
344974
-345120
345125
-345126
-345132
345137
345174
345179
345184
345185
-345333
-345338
-345343
345357
345366
345367
345371
345376
345377
345532
-345538
-345540
345543
-345550
345566
345577
345578
345589
345590
345599
345600
345766
-345774
345777
-345790
345794
345796
-345802
345806
345814
345821
345824
345832
345839
345842
345844
345847
345855
345859
345860
345872
345873
-348746
-348758
-348766
-348773
-348776
-348784
-348791
-348794
-348809
-348964
-348967
-348977
-348981
-348982
-348995
-348996
-349036
349043
-349045
349057
-349060
-349063
349069
-349072
-349297
-349300
-349310
-349311
-349314
-349315
349347
349357
-349360
-349363
349369
-349372
-349537
-349538
-349543
-349549
-349550
349572
349577
349582
-349601
-349755
-349761
-349767
349809
349814
349819
-349965
-349971
-349977
350019
350024
350029
-350175
350180
-350181
-350187
350192
350229
350234
350239
350240
-350388
-350393
-350398
350412
350421
350422
350426
350431
350432
350587
-350593
-350595
350598
-350605
350621
350632
350633
350644
350645
350654
350655
350821
-350829
350832
-350845
350849
350851
-350857
350861
350869
350876
350879
350887
350894
350897
350899
350902
350910
350914
350915
350927
350928
-353801
-353813
-353821
-353828
-353831
-353839
-353846
-353849
-353864
-354019
-354022
-354032
-354036
-354037
-354050
-354051
-354091
354098
-354100
354112
-354115
-354118
354124
-354127
-354352
-354355
-354365
-354366
-354369
-354370
354402
354412
-354415
-354418
354424
-354427
-354592
-354593
-354598
-354604
-354605
354627
354632
354637
-354656
-354810
-354816
-354822
354864
354869
354874
-355020
-355026
-355032
355074
355079
355084
-355230
355235
-355236
-355242
355247
355284
355289
355294
355295
-355443
-355448
-355453
355467
355476
355477
355481
355486
355487
355642
-355648
-355650
355653
-355660
355676
355687
355688
355699
355700
355709
355710
355876
-355884
355887
-355900
355904
355906
-355912
355916
355924
355931
355934
355942
355949
355952
355954
355957
355965
355969
355970
355982
355983
-358856
-358868
-358876
-358883
-358886
-358894
-358901
-358904
-358919
-359074
-359077
-359087
-359091
-359092
-359105
-359106
-359146
359153
-359155
359167
-359170
-359173
359179
-359182
-359407
-359410
-359420
-359421
-359424
-359425
359457
359467
-359470
-359473
359479
-359482
-359647
-359648
-359653
-359659
-359660
359682
359687
359692
-359711
-359865
-359871
-359877
359919
359924
359929
-360075
-360081
-360087
360129
360134
360139
-360285
360290
-360291
-360297
360302
360339
360344
360349
360350
-360498
-360503
-360508
360522
360531
360532
360536
360541
360542
360697
-360703
-360705
360708
-360715
360731
360742
360743
360754
360755
360764
360765
360931
-360939
360942
-360955
360959
360961
-360967
360971
360979
360986
360989
360997
361004
361007
361009
361012
361020
361024
361025
361037
361038
-363911
-363923
-363931
-363938
-363941
-363949
-363956
-363959
-363974
-364129
-364132
-364142
-364146
-364147
-364160
-364161
-364201
364208
-364210
364222
-364225
-364228
364234
-364237
-364462
-364465
-364475
-364476
-364479
-364480
364512
364522
-364525
-364528
364534
-364537
-364702
-364703
-364708
-364714
-364715
364737
364742
364747
-364766
-364920
-364926
-364932
364974
364979
364984
-365130
-365136
-365142
365184
365189
365194
-365340
365345
-365346
-365352
365357
365394
365399
365404
365405
-365553
-365558
-365563
365577
365586
365587
365591
365596
365597
365752
-365758
-365760
365763
-365770
365786
365797
365798
365809
365810
365819
365820
365986
-365994
365997
-366010
366014
366016
-366022
366026
366034
366041
366044
366052
366059
366062
366064
366067
366075
366079
366080
366092
366093
-368966
-368978
-368986
-368993
-368996
-369004
-369011
-369014
-369029
-369184
-369187
-369197
-369201
-369202
-369215
-369216
-369256
369263
-369265
369277
-369280
-369283
369289
-369292
-369517
-369520
-369530
-369531
-369534
-369535
369567
369577
-369580
-369583
369589
-369592
-369757
-369758
-369763
-369769
-369770
369792
369797
369802
-369821
-369975
-369981
-369987
370029
370034
370039
-370185
-370191
-370197
370239
370244
370249
-370395
370400
-370401
-370407
370412
370449
370454
370459
370460
-370608
-370613
-370618
370632
370641
370642
370646
370651
370652
370807
-370813
-370815
370818
-370825
370841
370852
370853
370864
370865
370874
370875
371041
-371049
371052
-371065
371069
371071
-371077
371081
371089
371096
371099
371107
371114
371117
371119
371122
371130
371134
371135
371147
371148
-374021
-374033
-374041
-374048
-374051
-374059
-374066
-374069
-374084
-374239
-374242
-374252
-374256
-374257
-374270
-374271
-374311
374318
-374320
374332
-374335
-374338
374344
-374347
-374572
-374575
-374585
-374586
-374589
-374590
374622
374632
-374635
-374638
374644
-374647
-374812
-374813
-374818
-374824
-374825
374847
374852
374857
-374876
-375030
-375036
-375042
375084
375089
375094
-375240
-375246
-375252
375294
375299
375304
-375450
375455
-375456
-375462
375467
375504
375509
375514
375515
-375663
-375668
-375673
375687
375696
375697
375701
375706
375707
375862
-375868
-375870
375873
-375880
375896
375907
375908
375919
375920
375929
375930
376096
-376104
376107
-376120
376124
376126
-376132
376136
376144
376151
376154
376162
376169
376172
376174
376177
376185
376189
376190
376202
376203
-379076
-379088
-379096
-379103
-379106
-379114
-379121
-379124
-379139
-379294
-379297
-379307
-379311
-379312
-379325
-379326
-379366
379373
-379375
379387
-379390
-379393
379399
-379402
-379627
-379630
-379640
-379641
-379644
-379645
379677
379687
-379690
-379693
379699
-379702
-379867
-379868
-379873
-379879
-379880
379902
379907
379912
-379931
-380085
-380091
-380097
380139
380144
380149
-380295
-380301
-380307
380349
380354
380359
-380505
380510
-380511
-380517
380522
380559
380564
380569
380570
-380718
-380723
-380728
380742
380751
380752
380756
380761
380762
380917
-380923
-380925
380928
-380935
380951
380962
380963
380974
380975
380984
380985
381151
-381159
381162
-381175
381179
381181
-381187
381191
381199
381206
381209
381217
381224
381227
381229
381232
381240
381244
381245
381257
381258
-384131
-384143
-384151
-384158
-384161
-384169
-384176
-384179
-384194
-384349
-384352
-384362
-384366
-384367
-384380
-384381
-384421
384428
-384430
384442
-384445
-384448
384454
-384457
-384682
-384685
-384695
-384696
-384699
-384700
384732
384742
-384745
-384748
384754
-384757
-384922
-384923
-384928
-384934
-384935
384957
384962
384967
-384986
-385140
-385146
-385152
385194
385199
385204
-385350
-385356
-385362
385404
385409
385414
-385560
385565
-385566
-385572
385577
385614
385619
385624
385625
-385773
-385778
-385783
385797
385806
385807
385811
385816
385817
385972
-385978
-385980
385983
-385990
386006
386017
386018
386029
386030
386039
386040
386206
-386214
386217
-386230
386234
386236
-386242
386246
386254
386261
386264
386272
386279
386282
386284
386287
386295
386299
386300
386312
386313
-389186
-389198
-389206
-389213
-389216
-389224
-389231
-389234
-389249
-389404
-389407
-389417
-389421
-389422
-389435
-389436
-389476
389483
-389485
389497
-389500
-389503
389509
-389512
-389737
-389740
-389750
-389751
-389754
-389755
389787
389797
-389800
-389803
389809
-389812
-389977
-389978
-389983
-389989
-389990
390012
390017
390022
-390041
-390195
-390201
-390207
390249
390254
390259
-390405
-390411
-390417
390459
390464
390469
-390615
390620
-390621
-390627
390632
390669
390674
390679
390680
-390828
-390833
-390838
390852
390861
390862
390866
390871
390872
391027
-391033
-391035
391038
-391045
391061
391072
391073
391084
391085
391094
391095
391261
-391269
391272
-391285
391289
391291
-391297
391301
391309
391316
391319
391327
391334
391337
391339
391342
391350
391354
391355
391367
391368
-394241
-394253
-394261
-394268
-394271
-394279
-394286
-394289
-394304
-394459
-394462
-394472
-394476
-394477
-394490
-394491
-394531
394538
-394540
394552
-394555
-394558
394564
-394567
-394792
-394795
-394805
-394806
-394809
-394810
394842
394852
-394855
-394858
394864
-394867
-395032
-395033
-395038
-395044
-395045
395067
395072
395077
-395096
-395250
-395256
-395262
395304
395309
395314
-395460
-395466
-395472
395514
395519
395524
-395670
395675
-395676
-395682
395687
395724
395729
395734
395735
-395883
-395888
-395893
395907
395916
395917
395921
395926
395927
396082
-396088
-396090
396093
-396100
396116
396127
396128
396139
396140
396149
396150
396316
-396324
396327
-396340
396344
396346
-396352
396356
396364
396371
396374
396382
396389
396392
396394
396397
396405
396409
396410
396422
396423
-399296
-399308
-399316
-399323
-399326
-399334
-399341
-399344
-399359
-399514
-399517
-399527
-399531
-399532
-399545
-399546
-399586
399593
-399595
399607
-399610
-399613
399619
-399622
-399847
-399850
-399860
-399861
-399864
-399865
399897
399907
-399910
-399913
399919
-399922
-400087
-400088
-400093
-400099
-400100
400122
400127
400132
-400151
-400305
-400311
-400317
400359
400364
400369
-400515
-400521
-400527
400569
400574
400579
-400725
400730
-400731
-400737
400742
400779
400784
400789
400790
-400938
-400943
-400948
400962
400971
400972
400976
400981
400982
401137
-401143
-401145
401148
-401155
401171
401182
401183
401194
401195
401204
401205
401371
-401379
401382
-401395
401399
401401
-401407
401411
401419
401426
401429
401437
401444
401447
401449
401452
401460
401464
401465
401477
401478
-404351
-404363
-404371
-404378
-404381
-404389
-404396
-404399
-404414
-404569
-404572
-404582
-404586
-404587
-404600
-404601
-404641
404648
-404650
404662
-404665
-404668
404674
-404677
-404902
-404905
-404915
-404916
-404919
-404920
404952
404962
-404965
-404968
404974
-404977
-405142
-405143
-405148
-405154
-405155
405177
405182
405187
-405206
-405360
-405366
-405372
405414
405419
405424
-405570
-405576
-405582
405624
405629
405634
-405780
405785
-405786
-405792
405797
405834
405839
405844
405845
-405993
-405998
-406003
406017
406026
406027
406031
406036
406037
406192
-406198
-406200
406203
-406210
406226
406237
406238
406249
406250
406259
406260
406426
-406434
406437
-406450
406454
406456
-406462
406466
406474
406481
406484
406492
406499
406502
406504
406507
406515
406519
406520
406532
406533
-409406
-409418
-409426
-409433
-409436
-409444
-409451
-409454
-409469
-409624
-409627
-409637
-409641
-409642
-409655
-409656
-409696
409703
-409705
409717
-409720
-409723
409729
-409732
-409957
-409960
-409970
-409971
-409974
-409975
410007
410017
-410020
-410023
410029
-410032
-410197
-410198
-410203
-410209
-410210
410232
410237
410242
-410261
-410415
-410421
-410427
410469
410474
410479
-410625
-410631
-410637
410679
410684
410689
-410835
410840
-410841
-410847
410852
410889
410894
410899
410900
-411048
-411053
-411058
411072
411081
411082
411086
411091
411092
411247
-411253
-411255
411258
-411265
411281
411292
411293
411304
411305
411314
411315
411481
-411489
411492
-411505
411509
411511
-411517
411521
411529
411536
411539
411547
411554
411557
411559
411562
411570
411574
411575
411587
411588
-414461
-414473
-414481
-414488
-414491
-414499
-414506
-414509
-414524
-414679
-414682
-414692
-414696
-414697
-414710
-414711
-414751
414758
-414760
414772
-414775
-414778
414784
-414787
-415012
-415015
-415025
-415026
-415029
-415030
415062
415072
-415075
-415078
415084
-415087
-415252
-415253
-415258
-415264
-415265
415287
415292
415297
-415316
-415470
-415476
-415482
415524
415529
415534
-415680
-415686
-415692
415734
415739
415744
-415890
415895
-415896
-415902
415907
415944
415949
415954
415955
-416103
-416108
-416113
416127
416136
416137
416141
416146
416147
416302
-416308
-416310
416313
-416320
416336
416347
416348
416359
416360
416369
416370
416536
-416544
416547
-416560
416564
416566
-416572
416576
416584
416591
416594
416602
416609
416612
416614
416617
416625
416629
416630
416642
416643
-419516
-419528
-419536
-419543
-419546
-419554
-419561
-419564
-419579
-419734
-419737
-419747
-419751
-419752
-419765
-419766
-419806
419813
-419815
419827
-419830
-419833
419839
-419842
-420067
-420070
-420080
-420081
-420084
-420085
420117
420127
-420130
-420133
420139
-420142
-420307
-420308
-420313
-420319
-420320
420342
420347
420352
-420371
-420525
-420531
-420537
420579
420584
420589
-420735
-420741
-420747
420789
420794
420799
-420945
420950
-420951
-420957
420962
420999
421004
421009
421010
-421158
-421163
-421168
421182
421191
421192
421196
421201
421202
421357
-421363
-421365
421368
-421375
421391
421402
421403
421414
421415
421424
421425
421591
-421599
421602
-421615
421619
421621
-421627
421631
421639
421646
421649
421657
421664
421667
421669
421672
421680
421684
421685
421697
421698
-424571
-424583
-424591
-424598
-424601
-424609
-424616
-424619
-424634
-424789
-424792
-424802
-424806
-424807
-424820
-424821
-424861
424868
-424870
424882
-424885
-424888
424894
-424897
-425122
-425125
-425135
-425136
-425139
-425140
425172
425182
-425185
-425188
425194
-425197
-425362
-425363
-425368
-425374
-425375
425397
425402
425407
-425426
-425580
-425586
-425592
425634
425639
425644
-425790
-425796
-425802
425844
425849
425854
-426000
426005
-426006
-426012
426017
426054
426059
426064
426065
-426213
-426218
-426223
426237
426246
426247
426251
426256
426257
426412
-426418
-426420
426423
-426430
426446
426457
426458
426469
426470
426479
426480
426646
-426654
426657
-426670
426674
426676
-426682
426686
426694
426701
426704
426712
426719
426722
426724
426727
426735
426739
426740
426752
426753
-429626
-429638
-429646
-429653
-429656
-429664
-429671
-429674
-429689
-429844
-429847
-429857
-429861
-429862
-429875
-429876
-429916
429923
-429925
429937
-429940
-429943
429949
-429952
-430177
-430180
-430190
-430191
-430194
-430195
430227
430237
-430240
-430243
430249
-430252
-430417
-430418
-430423
-430429
-430430
430452
430457
430462
-430481
-430635
-430641
-430647
430689
430694
430699
-430845
-430851
-430857
430899
430904
430909
-431055
431060
-431061
-431067
431072
431109
431114
431119
431120
-431268
-431273
-431278
431292
431301
431302
431306
431311
431312
431467
-431473
-431475
431478
-431485
431501
431512
431513
431524
431525
431534
431535
431701
-431709
431712
-431725
431729
431731
-431737
431741
431749
431756
431759
431767
431774
431777
431779
431782
431790
431794
431795
431807
431808
-434681
-434693
-434701
-434708
-434711
-434719
-434726
-434729
-434744
-434899
-434902
-434912
-434916
-434917
-434930
-434931
-434971
434978
-434980
434992
-434995
-434998
435004
-435007
-435232
-435235
-435245
-435246
-435249
-435250
435282
435292
-435295
-435298
435304
-435307
-435472
-435473
-435478
-435484
-435485
435507
435512
435517
-435536
-435690
-435696
-435702
435744
435749
435754
-435900
-435906
-435912
435954
435959
435964
-436110
436115
-436116
-436122
436127
436164
436169
436174
436175
-436323
-436328
-436333
436347
436356
436357
436361
436366
436367
436522
-436528
-436530
436533
-436540
436556
436567
436568
436579
436580
436589
436590
436756
-436764
436767
-436780
436784
436786
-436792
436796
436804
436811
436814
436822
436829
436832
436834
436837
436845
436849
436850
436862
436863
-439736
-439748
-439756
-439763
-439766
-439774
-439781
-439784
-439799
-439954
-439957
-439967
-439971
-439972
-439985
-439986
-440026
440033
-440035
440047
-440050
-440053
440059
-440062
-440287
-440290
-440300
-440301
-440304
-440305
440337
440347
-440350
-440353
440359
-440362
-440527
-440528
-440533
-440539
-440540
440562
440567
440572
-440591
-440745
-440751
-440757
440799
440804
440809
-440955
-440961
-440967
441009
441014
441019
-441165
441170
-441171
-441177
441182
441219
441224
441229
441230
-441378
-441383
-441388
441402
441411
441412
441416
441421
441422
441577
-441583
-441585
441588
-441595
441611
441622
441623
441634
441635
441644
441645
441811
-441819
441822
-441835
441839
441841
-441847
441851
441859
441866
441869
441877
441884
441887
441889
441892
441900
441904
441905
441917
441918
-444791
-444803
-444811
-444818
-444821
-444829
-444836
-444839
-444854
-445009
-445012
-445022
-445026
-445027
-445040
-445041
-445081
445088
-445090
445102
-445105
-445108
445114
-445117
-445342
-445345
-445355
-445356
-445359
-445360
445392
445402
-445405
-445408
445414
-445417
-445582
-445583
-445588
-445594
-445595
445617
445622
445627
-445646
-445800
-445806
-445812
445854
445859
445864
-446010
-446016
-446022
446064
446069
446074
-446220
446225
-446226
-446232
446237
446274
446279
446284
446285
-446433
-446438
-446443
446457
446466
446467
446471
446476
446477
446632
-446638
-446640
446643
-446650
446666
446677
446678
446689
446690
446699
446700
446866
-446874
446877
-446890
446894
446896
-446902
446906
446914
446921
446924
446932
446939
446942
446944
446947
446955
446959
446960
446972
446973
-449846
-449858
-449866
-449873
-449876
-449884
-449891
-449894
-449909
-450064
-450067
-450077
-450081
-450082
-450095
-450096
-450136
450143
-450145
450157
-450160
-450163
450169
-450172
-450397
-450400
-450410
-450411
-450414
-450415
450447
450457
-450460
-450463
450469
-450472
-450637
-450638
-450643
-450649
-450650
450672
450677
450682
-450701
-450855
-450861
-450867
450909
450914
450919
-451065
-451071
-451077
451119
451124
451129
-451275
451280
-451281
-451287
451292
451329
451334
451339
451340
-451488
-451493
-451498
451512
451521
451522
451526
451531
451532
451687
-451693
-451695
451698
-451705
451721
451732
451733
451744
451745
451754
451755
451921
-451929
451932
-451945
451949
451951
-451957
451961
451969
451976
451979
451987
451994
451997
451999
452002
452010
452014
452015
452027
452028
-456728
-456740
-456748
-456754
-456756
-456763
-456769
-456771
-456785
-456928
-456931
-456941
-456944
-456945
-456956
-456957
-456994
457001
-457003
457012
-457015
-457018
457023
-457025
-457225
-457228
-457238
-457239
-457241
-457242
457349
457357
-457360
-457363
457368
-457370
-457672
-457673
-457678
-457682
-457683
457812
457817
457820
-457837
-458187
-458193
-458198
458349
458354
458358
-458712
-458718
-458723
458874
458879
458883
-459237
459242
-459243
-459248
459252
459399
459404
459408
459409
-459765
-459770
-459773
459787
459903
459904
459908
459911
459912
460261
-460267
-460269
460272
-460277
460291
460377
460378
460385
460386
460394
460395
460684
-460692
460695
-460704
460708
460710
-460713
460716
460723
460729
460731
460738
460744
460746
460747
460749
460756
460758
460759
460769
460770
463619
463621
463622
463637
463639
463640
463655
463657
463658
463673
463675
463676
463826
463828
463829
463844
463846
463847
463862
463864
463865
463880
463882
463883
463898
463900
463901
463916
463918
463919
464141
464143
464144
464159
464161
464162
464177
464179
464180
464195
464197
464198
464213
464215
464216
464231
464233
464234
464249
464251
464252
464267
464269
464270
464564
464566
464567
464582
464584
464585
464600
464602
464603
464618
464620
464621
464636
464638
464639
464654
464656
464657
464672
464674
464675
464690
464692
464693
464987
464989
464990
465002
465004
465005
465020
465022
465023
465038
465040
465041
465056
465058
465059
465074
465076
465077
465092
465094
465095
465110
465112
465113
465392
465394
465395
465407
465409
465410
465425
465427
465428
465443
465445
465446
465461
465463
465464
465479
465481
465482
465689
465691
465692
465704
465706
465707
465719
465721
465722
465734
465736
465737
)


// ************************************************************************* //
