/*--------------------------------*- C++ -*----------------------------------*\
| =========                 |                                                 |
| \\      /  F ield         | OpenFOAM: The Open Source CFD Toolbox           |
|  \\    /   O peration     | Version:  2606                                  |
|   \\  /    A nd           | Website:  www.openfoam.com                      |
|    \\/     M anipulation  |                                                 |
\*---------------------------------------------------------------------------*/
FoamFile
{
    version     2.0;
    format      ascii;
    arch        "LSB;label=32;scalar=64";
    class       volScalarField;
    location    "10/cell4";
    object      T;
}
// * * * * * * * * * * * * * * * * * * * * * * * * * * * * * * * * * * * * * //

dimensions      [0 0 0 1 0 0 0];

internalField   nonuniform List<scalar> 
9262
(
298.47205
298.47423
298.46756
298.46327
298.48844
298.50359
298.50364
298.49475
298.47868
298.46577
298.49995
298.50712
298.50918
298.50918
298.50715
298.50006
298.47856
298.48298
298.50636
298.50974
298.51057
298.51057
298.50975
298.50637
298.4955
298.471
298.49312
298.50789
298.51028
298.51082
298.51082
298.51028
298.5079
298.501
298.47908
298.49016
298.50636
298.50972
298.51056
298.51056
298.50974
298.50647
298.49958
298.47322
298.47303
298.49947
298.50695
298.5091
298.50912
298.50705
298.49989
298.48964
298.47646
298.49717
298.50326
298.50334
298.50182
298.49144
298.46343
298.46862
298.4867
298.48959
298.47951
298.46449
298.47209
298.47423
298.46741
298.46365
298.48842
298.5036
298.50364
298.49472
298.47878
298.46629
298.49996
298.50713
298.50918
298.50919
298.50715
298.5001
298.47873
298.48267
298.50631
298.50974
298.51057
298.51057
298.50974
298.50633
298.49546
298.46937
298.49162
298.50778
298.51027
298.51082
298.51082
298.51027
298.50779
298.50061
298.4762
298.48924
298.50622
298.50971
298.51056
298.51056
298.50973
298.50629
298.49905
298.47417
298.47267
298.49951
298.50697
298.50911
298.50912
298.50706
298.49992
298.4893
298.47655
298.49714
298.50327
298.50335
298.50181
298.4915
298.46411
298.46849
298.48669
298.48962
298.47953
298.46483
298.47211
298.47426
298.46744
298.46398
298.48848
298.50361
298.50365
298.49471
298.47894
298.46663
298.50001
298.50714
298.50918
298.50919
298.50716
298.50014
298.47896
298.48271
298.5063
298.50974
298.51057
298.51057
298.50974
298.50633
298.49549
298.46971
298.49155
298.50774
298.51026
298.51082
298.51082
298.51027
298.50775
298.50056
298.47634
298.48932
298.50619
298.50971
298.51056
298.51056
298.50972
298.50624
298.49901
298.47469
298.47314
298.49956
298.50698
298.50911
298.50913
298.50707
298.49996
298.48945
298.47657
298.49714
298.50328
298.50337
298.50182
298.49152
298.46487
298.46841
298.48669
298.48965
298.47961
298.4654
298.47218
298.47431
298.46724
298.46425
298.48853
298.50362
298.50366
298.49473
298.47911
298.46699
298.50003
298.50714
298.50919
298.50919
298.50717
298.50017
298.47914
298.48283
298.50631
298.50974
298.51057
298.51057
298.50974
298.50633
298.49553
298.47009
298.49167
298.50774
298.51026
298.51082
298.51082
298.51027
298.50775
298.50058
298.47656
298.48949
298.50621
298.50971
298.51056
298.51056
298.50972
298.50627
298.49907
298.47486
298.4734
298.49959
298.50699
298.50912
298.50913
298.50708
298.49999
298.48958
298.47657
298.49714
298.50329
298.50338
298.50184
298.49158
298.46531
298.46836
298.48671
298.48969
298.47974
298.46587
298.47224
298.47439
298.46727
298.46436
298.48858
298.50362
298.50367
298.49475
298.47926
298.46727
298.50005
298.50715
298.50919
298.5092
298.50717
298.50018
298.4793
298.48291
298.50632
298.50974
298.51057
298.51058
298.50974
298.50634
298.49557
298.47015
298.49176
298.50775
298.51026
298.51082
298.51082
298.51027
298.50776
298.5006
298.47666
298.48958
298.50622
298.50971
298.51056
298.51056
298.50972
298.50628
298.4991
298.47486
298.47348
298.49961
298.50699
298.50912
298.50913
298.50708
298.49999
298.48963
298.47654
298.49715
298.5033
298.50339
298.50185
298.49161
298.46566
298.46838
298.48672
298.48972
298.47987
298.46588
298.47235
298.47449
298.46758
298.46449
298.48865
298.50363
298.50368
298.49479
298.47937
298.46758
298.50006
298.50715
298.50919
298.5092
298.50718
298.50018
298.47937
298.48292
298.50632
298.50974
298.51057
298.51058
298.50974
298.50634
298.49556
298.47031
298.49179
298.50775
298.51026
298.51082
298.51082
298.51027
298.50777
298.50062
298.47672
298.48961
298.50622
298.50971
298.51056
298.51056
298.50973
298.50629
298.49913
298.47486
298.47355
298.49961
298.50699
298.50912
298.50913
298.50709
298.50001
298.48966
298.47646
298.49716
298.5033
298.50339
298.50186
298.49164
298.4658
298.46832
298.48674
298.48976
298.48
298.4661
298.47248
298.4746
298.46808
298.46461
298.48872
298.50364
298.50368
298.49482
298.47945
298.46738
298.50007
298.50715
298.50919
298.5092
298.50718
298.5002
298.4794
298.48295
298.50633
298.50974
298.51057
298.51058
298.50975
298.50635
298.49557
298.47023
298.49182
298.50776
298.51026
298.51082
298.51082
298.51027
298.50777
298.50063
298.47675
298.48963
298.50623
298.50971
298.51056
298.51056
298.50973
298.5063
298.49915
298.47495
298.47366
298.4996
298.50699
298.50912
298.50913
298.50709
298.50001
298.48969
298.47645
298.49718
298.5033
298.5034
298.50187
298.49166
298.46574
298.46841
298.48675
298.48979
298.48012
298.466
298.47264
298.47473
298.46811
298.4647
298.48875
298.50365
298.50368
298.49483
298.47947
298.46728
298.50006
298.50716
298.50919
298.5092
298.50718
298.5002
298.4794
298.48296
298.50633
298.50974
298.51057
298.51057
298.50975
298.50635
298.49558
298.47005
298.49184
298.50776
298.51026
298.51082
298.51082
298.51027
298.50778
298.50063
298.47675
298.48966
298.50624
298.50971
298.51056
298.51056
298.50973
298.5063
298.49916
298.47496
298.47358
298.49959
298.50699
298.50912
298.50913
298.50709
298.50001
298.48972
298.47646
298.49717
298.5033
298.50341
298.50188
298.49167
298.46589
298.46835
298.48676
298.48982
298.48025
298.46607
298.47277
298.47483
298.46792
298.46501
298.48882
298.50365
298.50369
298.49486
298.47944
298.46747
298.50007
298.50716
298.50919
298.5092
298.50718
298.50021
298.47943
298.48296
298.50633
298.50974
298.51057
298.51057
298.50975
298.50635
298.49557
298.47003
298.49185
298.50777
298.51026
298.51082
298.51082
298.51027
298.50778
298.50064
298.47677
298.48967
298.50624
298.50971
298.51056
298.51056
298.50973
298.50631
298.49918
298.47502
298.47361
298.49959
298.50699
298.50912
298.50913
298.50709
298.50001
298.48972
298.47654
298.49718
298.50331
298.50341
298.5019
298.49169
298.46583
298.46841
298.4868
298.48986
298.48035
298.46591
298.47287
298.47493
298.4679
298.46487
298.48888
298.50366
298.50369
298.49489
298.47943
298.46776
298.50008
298.50716
298.50919
298.5092
298.50718
298.5002
298.47945
298.48298
298.50633
298.50974
298.51057
298.51057
298.50974
298.50635
298.49557
298.47013
298.49185
298.50777
298.51026
298.51082
298.51082
298.51027
298.50778
298.50065
298.47679
298.48969
298.50624
298.50971
298.51056
298.51056
298.50973
298.50631
298.49918
298.47507
298.47369
298.4996
298.50699
298.50912
298.50913
298.50709
298.50002
298.48973
298.47653
298.49719
298.50331
298.50342
298.5019
298.49168
298.4657
298.46853
298.48682
298.48989
298.48044
298.46579
298.47306
298.47503
298.46815
298.46488
298.48891
298.50367
298.5037
298.49489
298.47946
298.46749
298.50009
298.50716
298.50919
298.50919
298.50718
298.50021
298.47944
298.48298
298.50633
298.50974
298.51057
298.51057
298.50974
298.50635
298.49558
298.4702
298.49185
298.50777
298.51026
298.51081
298.51082
298.51027
298.50778
298.50065
298.47679
298.4897
298.50624
298.50971
298.51056
298.51056
298.50973
298.50631
298.49919
298.47512
298.47368
298.4996
298.50699
298.50912
298.50913
298.50709
298.50002
298.48971
298.47658
298.4972
298.50332
298.50343
298.50191
298.49169
298.46568
298.46861
298.48687
298.48992
298.48052
298.46625
298.47319
298.47514
298.46832
298.4649
298.48895
298.50367
298.5037
298.49492
298.47945
298.46721
298.5001
298.50716
298.50919
298.50919
298.50718
298.5002
298.47942
298.48298
298.50633
298.50974
298.51057
298.51057
298.50974
298.50635
298.49558
298.47024
298.49185
298.50777
298.51026
298.51081
298.51081
298.51026
298.50778
298.50066
298.47679
298.4897
298.50624
298.50971
298.51056
298.51056
298.50972
298.50631
298.4992
298.47513
298.47362
298.49961
298.50699
298.50912
298.50913
298.50709
298.50001
298.48972
298.47666
298.49722
298.50333
298.50343
298.50192
298.4917
298.46566
298.46883
298.48692
298.48996
298.48056
298.46609
298.47329
298.47521
298.46839
298.46506
298.48899
298.50368
298.5037
298.49493
298.47942
298.46709
298.50011
298.50716
298.50919
298.50919
298.50717
298.50019
298.4794
298.48298
298.50633
298.50973
298.51056
298.51057
298.50974
298.50635
298.49557
298.47017
298.49185
298.50777
298.51026
298.51081
298.51081
298.51026
298.50778
298.50065
298.47679
298.48972
298.50623
298.5097
298.51055
298.51055
298.50972
298.50631
298.49919
298.47516
298.47352
298.4996
298.50699
298.50911
298.50913
298.50709
298.50001
298.48972
298.47669
298.49724
298.50333
298.50344
298.50193
298.49171
298.46577
298.46896
298.48697
298.49
298.48063
298.46604
298.47339
298.47528
298.46851
298.46529
298.48903
298.50369
298.50371
298.49494
298.47938
298.46746
298.5001
298.50716
298.50918
298.50918
298.50717
298.50019
298.47939
298.48298
298.50632
298.50973
298.51056
298.51056
298.50973
298.50634
298.49558
298.4702
298.49184
298.50776
298.51025
298.5108
298.5108
298.51025
298.50777
298.50064
298.47677
298.48971
298.50623
298.5097
298.51055
298.51055
298.50972
298.50631
298.49919
298.47514
298.4735
298.49961
298.50699
298.50911
298.50913
298.50709
298.50002
298.48975
298.47671
298.49726
298.50334
298.50344
298.50193
298.49172
298.46562
298.46907
298.48701
298.49003
298.48065
298.46605
298.47349
298.47535
298.46849
298.46548
298.48904
298.50369
298.50371
298.49496
298.47936
298.46751
298.5001
298.50715
298.50918
298.50918
298.50716
298.50017
298.47937
298.48297
298.50631
298.50972
298.51055
298.51055
298.50972
298.50633
298.49556
298.47016
298.49182
298.50775
298.51024
298.51079
298.51079
298.51025
298.50777
298.50064
298.47677
298.4897
298.50622
298.50969
298.51054
298.51054
298.50971
298.5063
298.49919
298.47517
298.47349
298.49961
298.50699
298.5091
298.50912
298.50708
298.50001
298.48974
298.47675
298.49728
298.50334
298.50344
298.50193
298.49173
298.46578
298.46913
298.48706
298.49006
298.48069
298.4661
298.47354
298.47541
298.46828
298.46534
298.48903
298.50368
298.5037
298.49496
298.47933
298.46746
298.50009
298.50714
298.50916
298.50917
298.50715
298.50016
298.47936
298.483
298.5063
298.50971
298.51054
298.51054
298.50971
298.50631
298.49555
298.47007
298.49181
298.50774
298.51023
298.51078
298.51078
298.51023
298.50775
298.50063
298.47676
298.4897
298.50621
298.50968
298.51052
298.51053
298.5097
298.50629
298.49918
298.47521
298.47345
298.49961
298.50698
298.50909
298.50911
298.50707
298.50001
298.48975
298.47681
298.49731
298.50334
298.50343
298.50193
298.49172
298.4659
298.46942
298.4871
298.49008
298.48069
298.46614
298.47359
298.47545
298.46834
298.46532
298.48903
298.50367
298.5037
298.49497
298.47931
298.46741
298.50008
298.50713
298.50915
298.50915
298.50714
298.50015
298.47934
298.48301
298.50629
298.50969
298.51052
298.51052
298.50969
298.5063
298.49554
298.47019
298.4918
298.50772
298.51021
298.51076
298.51076
298.51021
298.50773
298.50061
298.47674
298.48969
298.5062
298.50966
298.51051
298.51051
298.50968
298.50627
298.49917
298.47521
298.47344
298.4996
298.50697
298.50907
298.50909
298.50705
298.5
298.48977
298.47683
298.49732
298.50332
298.50342
298.50192
298.49171
298.46582
298.4696
298.48716
298.4901
298.48069
298.46576
298.47364
298.47549
298.4684
298.46532
298.48901
298.50366
298.50368
298.49497
298.47932
298.46746
298.50006
298.5071
298.50912
298.50912
298.50711
298.50013
298.47929
298.483
298.50626
298.50966
298.51049
298.51049
298.50966
298.50627
298.49553
298.47018
298.49177
298.5077
298.51018
298.51073
298.51073
298.51019
298.50771
298.50059
298.47672
298.48967
298.50617
298.50963
298.51048
298.51048
298.50965
298.50625
298.49915
298.47525
298.47335
298.49959
298.50695
298.50905
298.50906
298.50703
298.49998
298.48977
298.47689
298.49734
298.50331
298.5034
298.5019
298.49168
298.46591
298.4699
298.4872
298.49009
298.48065
298.46567
298.47373
298.47551
298.46869
298.46526
298.48901
298.50363
298.50365
298.49498
298.47935
298.46739
298.50002
298.50707
298.50908
298.50909
298.50708
298.5001
298.47929
298.48297
298.50622
298.50962
298.51045
298.51045
298.50963
298.50624
298.4955
298.47011
298.49174
298.50766
298.51014
298.51069
298.51069
298.51015
298.50767
298.50055
298.47668
298.48964
298.50614
298.5096
298.51044
298.51044
298.50961
298.50621
298.49912
298.47526
298.47328
298.49959
298.50692
298.50901
298.50902
298.50699
298.49996
298.48975
298.47704
298.49735
298.50328
298.50337
298.50187
298.49167
298.46586
298.47016
298.48722
298.49007
298.48064
298.46577
298.47376
298.47554
298.46889
298.46521
298.489
298.50359
298.50361
298.49494
298.47936
298.46727
298.49998
298.50702
298.50903
298.50903
298.50703
298.50004
298.47926
298.48295
298.50617
298.50957
298.51039
298.51039
298.50957
298.50618
298.49546
298.47027
298.4917
298.5076
298.51009
298.51063
298.51063
298.51009
298.50762
298.50051
298.47665
298.48959
298.50609
298.50954
298.51038
298.51038
298.50955
298.50616
298.49908
298.47523
298.47322
298.49956
298.50687
298.50896
298.50897
298.50694
298.49992
298.48974
298.47708
298.49736
298.50324
298.50332
298.50183
298.49164
298.46581
298.47053
298.48722
298.49004
298.48063
298.46585
298.47377
298.47553
298.46883
298.46524
298.48897
298.50352
298.50354
298.4949
298.47931
298.46732
298.49991
298.50694
298.50895
298.50895
298.50695
298.49998
298.47921
298.4829
298.5061
298.50949
298.51031
298.51031
298.50949
298.50611
298.4954
298.47016
298.49163
298.50753
298.51001
298.51055
298.51055
298.51001
298.50754
298.50045
298.47659
298.48953
298.50602
298.50946
298.5103
298.5103
298.50947
298.50609
298.49902
298.47517
298.47324
298.49951
298.50681
298.50888
298.50889
298.50687
298.49985
298.48969
298.47718
298.49735
298.50319
298.50325
298.50177
298.49158
298.46582
298.47082
298.48722
298.48998
298.48058
298.4658
298.47377
298.4755
298.46866
298.46509
298.4889
298.50343
298.50344
298.49482
298.4792
298.46704
298.49982
298.50684
298.50884
298.50884
298.50685
298.49988
298.47916
298.48282
298.506
298.50938
298.5102
298.5102
298.50938
298.50601
298.49533
298.46989
298.49155
298.50742
298.5099
298.51044
298.51044
298.5099
298.50743
298.50036
298.4765
298.48946
298.50592
298.50936
298.51019
298.51019
298.50936
298.50598
298.49893
298.47512
298.4732
298.49944
298.50671
298.50878
298.50878
298.50676
298.49976
298.48962
298.47719
298.49731
298.5031
298.50315
298.50168
298.49151
298.46581
298.47105
298.48719
298.48991
298.4805
298.4655
298.47371
298.4754
298.46854
298.46505
298.4888
298.50329
298.50331
298.49473
298.47913
298.46729
298.49969
298.5067
298.5087
298.5087
298.5067
298.49975
298.47904
298.48269
298.50585
298.50923
298.51005
298.51004
298.50923
298.50586
298.49521
298.46991
298.49143
298.50728
298.50975
298.51028
298.51028
298.50974
298.50729
298.50023
298.4764
298.48935
298.50578
298.50921
298.51004
298.51003
298.50921
298.50584
298.49881
298.47506
298.47323
298.49931
298.50657
298.50863
298.50863
298.50662
298.49963
298.48952
298.47717
298.49722
298.50297
298.50302
298.50156
298.49139
298.46582
298.47118
298.48713
298.48979
298.4804
298.46543
298.47365
298.47528
298.46839
298.46494
298.48865
298.50311
298.50313
298.49457
298.47898
298.46721
298.49951
298.5065
298.5085
298.50849
298.50651
298.49958
298.4789
298.48252
298.50566
298.50903
298.50984
298.50984
298.50902
298.50567
298.49505
298.47009
298.49128
298.50708
298.50954
298.51008
298.51007
298.50953
298.50709
298.50006
298.47626
298.48918
298.50559
298.509
298.50983
298.50983
298.50901
298.50565
298.49865
298.47493
298.47306
298.49914
298.50638
298.50843
298.50843
298.50642
298.49945
298.48937
298.47712
298.49708
298.50278
298.50283
298.50138
298.49122
298.4656
298.47114
298.487
298.48963
298.48026
298.4653
298.47345
298.47511
298.4681
298.46474
298.48847
298.50287
298.50288
298.49435
298.4788
298.46698
298.49927
298.50624
298.50823
298.50822
298.50624
298.49934
298.47872
298.48227
298.5054
298.50876
298.50956
298.50956
298.50874
298.50541
298.49485
298.46958
298.49106
298.50682
298.50927
298.5098
298.50979
298.50925
298.50682
298.49983
298.47605
298.48896
298.50533
298.50873
298.50955
298.50955
298.50873
298.50538
298.49842
298.47471
298.47288
298.4989
298.50612
298.50816
298.50816
298.50616
298.49921
298.48915
298.47697
298.49688
298.50254
298.50258
298.50115
298.49102
298.46528
298.47095
298.48683
298.48942
298.48005
298.46504
298.47325
298.47486
298.46815
298.46477
298.4882
298.50254
298.50255
298.49407
298.47852
298.46674
298.49895
298.5059
298.50787
298.50786
298.50589
298.49904
298.47852
298.48203
298.50506
298.5084
298.5092
298.50919
298.50838
298.50507
298.49456
298.46966
298.49076
298.50647
298.5089
298.50943
298.50942
298.50888
298.50646
298.49953
298.47578
298.48867
298.50499
298.50837
298.50918
298.50917
298.50836
298.50503
298.49812
298.47441
298.47267
298.49857
298.50577
298.5078
298.5078
298.5058
298.49888
298.48886
298.47676
298.49659
298.50221
298.50225
298.50084
298.49073
298.46504
298.47077
298.48658
298.48916
298.47979
298.46488
298.47296
298.47454
298.46781
298.46456
298.48783
298.50211
298.50211
298.49368
298.47819
298.4663
298.49852
298.50544
298.5074
298.50739
298.50543
298.49863
298.47821
298.48165
298.50461
298.50793
298.50872
298.5087
298.50789
298.50461
298.49419
298.46919
298.49038
298.50602
298.50843
298.50894
298.50893
298.50839
298.506
298.49912
298.47542
298.48829
298.50454
298.5079
298.5087
298.50869
298.50788
298.50458
298.49772
298.4741
298.47239
298.49815
298.50532
298.50733
298.50733
298.50534
298.49846
298.48848
298.47645
298.4962
298.50179
298.50181
298.50044
298.49035
298.46469
298.47062
298.48625
298.48881
298.47945
298.46456
298.47254
298.4741
298.46715
298.46413
298.48735
298.50155
298.50155
298.49318
298.47777
298.46578
298.49796
298.50485
298.5068
298.50678
298.50483
298.4981
298.47782
298.48117
298.50402
298.50732
298.5081
298.50808
298.50727
298.50402
298.49369
298.46857
298.48988
298.50542
298.50782
298.50832
298.5083
298.50776
298.50539
298.4986
298.47496
298.48779
298.50396
298.50729
298.50808
298.50807
298.50725
298.50398
298.4972
298.47363
298.47201
298.49761
298.50474
298.50673
298.50672
298.50474
298.49793
298.48803
298.47601
298.4957
298.50123
298.50125
298.49991
298.48987
298.46427
298.47027
298.4858
298.48833
298.479
298.46415
298.47201
298.47352
298.46661
298.46362
298.48671
298.50083
298.50082
298.49254
298.47722
298.46545
298.49725
298.5041
298.50602
298.50599
298.50406
298.49742
298.47736
298.48051
298.50326
298.50653
298.50731
298.50728
298.50646
298.50326
298.49306
298.46793
298.48921
298.50466
298.50703
298.50753
298.5075
298.50696
298.50461
298.49792
298.47438
298.48714
298.50321
298.50651
298.50729
298.50727
298.50645
298.50322
298.49653
298.4731
298.47153
298.49691
298.50399
298.50595
298.50593
298.50397
298.49725
298.48743
298.47544
298.49505
298.50052
298.50053
298.49923
298.48925
298.4638
298.46972
298.4852
298.48772
298.47842
298.46364
298.47132
298.47278
298.46589
298.4629
298.48587
298.49991
298.49991
298.49172
298.47651
298.46477
298.49633
298.50314
298.50503
298.505
298.50308
298.49655
298.47672
298.47969
298.5023
298.50554
298.50631
298.50627
298.50544
298.50229
298.49225
298.46752
298.48837
298.50368
298.50604
298.50652
298.50649
298.50593
298.50361
298.49705
298.47366
298.4863
298.50225
298.50552
298.5063
298.50626
298.50542
298.50225
298.49567
298.47239
298.47082
298.49599
298.50303
298.50497
298.50494
298.503
298.49637
298.48668
298.47464
298.4942
298.4996
298.49961
298.49835
298.48845
298.46356
298.4689
298.48442
298.48694
298.47766
298.46305
298.47034
298.47182
298.46503
298.46192
298.48477
298.49872
298.49873
298.49066
298.47559
298.46387
298.49515
298.50193
298.5038
298.50375
298.50185
298.49542
298.47589
298.47864
298.50107
298.50431
298.50507
298.50502
298.50415
298.50105
298.49119
298.46665
298.48726
298.50246
298.5048
298.50527
298.50523
298.50465
298.50233
298.49592
298.47275
298.48519
298.50104
298.50429
298.50505
298.505
298.50414
298.50102
298.49456
298.47146
298.46983
298.49481
298.50183
298.50373
298.50369
298.50177
298.49525
298.48569
298.47368
298.4931
298.49842
298.49843
298.49724
298.48743
298.46305
298.46804
298.48336
298.48591
298.47664
298.4623
298.46897
298.47042
298.46377
298.46078
298.48315
298.49268
298.49464
298.48922
298.47421
298.46262
298.48566
298.49756
298.50134
298.50173
298.50016
298.49414
298.47463
298.47708
298.49631
298.50205
298.50357
298.50376
298.50292
298.50007
298.48973
298.46563
298.48563
298.49941
298.50319
298.50405
298.5041
298.50369
298.50176
298.49438
298.47143
298.48351
298.49861
298.50281
298.50395
298.50403
298.50352
298.50064
298.49302
298.47019
298.46829
298.49275
298.50044
298.50285
298.50313
298.50137
298.4959
298.48417
298.47221
298.49165
298.49792
298.49813
298.49584
298.486
298.46232
298.46657
298.48168
298.48432
298.47513
298.46123
298.4663
298.46799
298.46132
298.45832
298.48087
298.49058
298.49257
298.48716
298.47201
298.46022
298.48347
298.49581
298.49964
298.50001
298.49833
298.49202
298.47238
298.4748
298.49449
298.50035
298.50182
298.50197
298.50109
298.49818
298.4876
298.46311
298.4832
298.49766
298.50144
298.50225
298.50229
298.50182
298.49995
298.49243
298.46909
298.48148
298.49675
298.50107
298.50215
298.50221
298.50165
298.49907
298.49104
298.46771
298.46562
298.49052
298.49865
298.50107
298.50136
298.49976
298.49473
298.48276
298.46978
298.48972
298.49617
298.49661
298.49407
298.48393
298.46087
298.46372
298.4802
298.48199
298.4728
298.45888
298.45824
298.46118
298.46507
298.47367
298.46785
298.48059
298.48263
298.46657
298.48284
298.48152
298.47417
298.46596
298.4608
298.45851
298.47064
298.4715
298.48358
298.46017
298.48418
298.47258
298.46059
298.47125
298.46657
298.48182
298.46191
298.48222
298.46755
298.46221
298.4675
298.46761
298.46891
298.46882
298.4691
298.46735
298.46195
298.4631
298.48173
298.459
298.47016
298.46772
298.47228
298.46137
298.45643
298.48266
298.45543
298.46922
298.47239
298.47111
298.45915
298.45637
298.47268
298.45947
298.48163
298.46431
298.46602
298.48059
298.46681
298.46533
298.46385
298.45935
298.46312
298.46323
298.46617
298.47094
298.48063
298.46637
298.47099
298.48064
298.47366
298.48786
298.49026
298.47205
298.47366
298.48785
298.49027
298.47311
298.49041
298.4882
298.47424
298.47318
298.49044
298.48821
298.48105
298.47162
298.46752
298.48106
298.47155
298.46545
298.4657
298.46375
298.46396
298.47757
298.47848
298.49149
298.4634
298.47761
298.47827
298.49142
298.46411
298.49186
298.47887
298.47872
298.46421
298.49186
298.47889
298.46433
298.4645
298.47828
298.47334
298.48944
298.46606
298.47836
298.47356
298.48949
298.46595
298.48956
298.47353
298.47867
298.4662
298.48962
298.47368
298.47144
298.4778
298.46994
298.47555
298.49547
298.4908
298.49948
298.48277
298.49541
298.49007
298.49932
298.48287
298.49941
298.49053
298.49546
298.48275
298.4993
298.48999
298.47699
298.46956
298.47532
298.47927
298.47789
298.47709
298.47628
298.50106
298.49282
298.501
298.49226
298.50083
298.49203
298.50077
298.49307
298.50102
298.49287
298.50082
298.4922
298.5008
298.49202
298.4779
298.47701
298.47621
298.4734
298.4646
298.47381
298.46824
298.49946
298.4837
298.49594
298.48955
298.49921
298.48206
298.4953
298.49039
298.49637
298.48412
298.49932
298.48964
298.49556
298.48225
298.46341
298.47379
298.46744
298.48915
298.46401
298.47673
298.47224
298.48899
298.46423
298.47689
298.47355
298.47768
298.46467
298.48944
298.47254
298.47788
298.46491
298.46173
298.46189
298.49029
298.46046
298.47553
298.47655
298.4903
298.46048
298.47554
298.47831
298.47798
298.46345
298.49147
298.47836
298.47804
298.4636
298.46377
298.46062
298.46067
298.47884
298.46368
298.46856
298.47882
298.46356
298.4894
298.4701
298.47213
298.48669
298.48942
298.47013
298.47219
298.48715
298.47263
298.47103
298.4896
298.48715
298.4727
298.47111
298.46974
298.46434
298.4795
298.46975
298.46449
298.46462
298.46361
298.46371
298.4666
298.47107
298.48064
298.46665
298.47121
298.48069
298.47367
298.48786
298.49029
298.47209
298.47368
298.48787
298.49029
298.47314
298.49045
298.48822
298.47424
298.47313
298.49046
298.48822
298.48106
298.47157
298.46734
298.48107
298.47159
298.46589
298.46619
298.46419
298.46443
298.47766
298.47827
298.49142
298.46386
298.47773
298.47826
298.49141
298.46449
298.49188
298.47893
298.47884
298.46478
298.49189
298.47902
298.46475
298.4651
298.47844
298.4738
298.48956
298.46658
298.47855
298.47396
298.48964
298.46649
298.48969
298.47386
298.47885
298.46674
298.48976
298.47403
298.4693
298.47486
298.4692
298.47487
298.49539
298.48966
298.49918
298.48266
298.49541
298.48957
298.49914
298.48273
298.4992
298.4897
298.49548
298.48274
298.49917
298.48965
298.47492
298.46956
298.47502
298.47618
298.47573
298.47614
298.47588
298.50062
298.49151
298.50057
298.49148
298.50053
298.49139
298.50048
298.49166
298.50059
298.49151
298.50056
298.49152
298.5005
298.49141
298.4757
298.47623
298.47587
298.47414
298.46882
298.4744
298.46926
298.49902
298.48168
298.49499
298.48926
298.49896
298.48196
298.49496
298.48928
298.49513
298.48171
298.49899
298.48926
298.49505
298.48205
298.46906
298.47452
298.46984
298.48892
298.4646
298.47709
298.47296
298.489
298.46484
298.47726
298.47307
298.47811
298.46544
298.48941
298.47336
298.47836
298.46578
298.46215
298.46232
298.49033
298.46056
298.47555
298.47657
298.49034
298.46052
298.47559
298.47846
298.47811
298.46385
298.4915
298.47851
298.47818
298.46415
298.46452
298.46056
298.46045
298.4788
298.46369
298.46844
298.47878
298.4636
298.48943
298.47011
298.47221
298.48669
298.48944
298.47014
298.47223
298.48717
298.47275
298.47117
298.48963
298.48718
298.4728
298.47123
298.46979
298.46454
298.47956
298.46988
298.46467
298.46514
298.46408
298.46423
298.46654
298.47133
298.48071
298.46667
298.47143
298.48075
298.4737
298.48788
298.4903
298.47214
298.47373
298.48789
298.49031
298.47311
298.49047
298.48822
298.47428
298.47313
298.49048
298.48823
298.48105
298.47163
298.46745
298.48103
298.4717
298.46641
298.46668
298.46463
298.46479
298.4778
298.47833
298.49144
298.46415
298.47787
298.47844
298.49146
298.46506
298.49191
298.4791
298.47903
298.46533
298.49193
298.47919
298.46537
298.46557
298.47864
298.47407
298.48971
298.46679
298.47871
298.47414
298.48976
298.46693
298.48982
298.47413
298.47908
298.46711
298.48987
298.47421
298.4694
298.47501
298.46978
298.47512
298.49546
298.48962
298.49914
298.48281
298.49549
298.48969
298.49915
298.48281
298.49917
298.48969
298.49553
298.48286
298.49918
298.48975
298.47515
298.46999
298.47526
298.47628
298.47606
298.47641
298.4762
298.50051
298.49147
298.50046
298.49163
298.50053
298.49154
298.50048
298.4916
298.50049
298.49148
298.50057
298.49166
298.50051
298.49156
298.47606
298.47651
298.4762
298.47461
298.46951
298.47472
298.4697
298.49896
298.48214
298.49502
298.48945
298.49898
298.48225
298.49508
298.48937
298.49515
298.4823
298.49905
298.48947
298.49522
298.48244
298.47007
298.47485
298.47023
298.48907
298.46506
298.47735
298.47328
298.48912
298.465
298.47739
298.47358
298.47848
298.46604
298.48955
298.47371
298.47856
298.46616
298.46239
298.46243
298.49035
298.46048
298.47556
298.47652
298.49035
298.46045
298.47555
298.47858
298.47827
298.46444
298.49157
298.47874
298.47833
298.46471
298.46514
298.46034
298.46054
298.47876
298.46359
298.46835
298.47877
298.4635
298.48945
298.47011
298.47226
298.4867
298.48946
298.47015
298.47229
298.48721
298.47286
298.47133
298.48967
298.48724
298.47292
298.47142
298.47003
298.46465
298.47966
298.47016
298.46492
298.46565
298.46423
298.46452
298.46682
298.4715
298.48079
298.46677
298.4716
298.48082
298.47376
298.48791
298.49033
298.47223
298.47381
298.48793
298.49034
298.47312
298.49049
298.48824
298.47435
298.47314
298.4905
298.48825
298.48108
298.47178
298.4671
298.48108
298.47183
298.46681
298.4669
298.46495
298.46507
298.47795
298.47848
298.49149
298.46426
298.47794
298.47855
298.4915
298.46558
298.49196
298.47931
298.47919
298.46576
298.49198
298.47931
298.46572
298.46587
298.47878
298.47416
298.48978
298.46716
298.47883
298.4742
298.4898
298.46741
298.4899
298.47427
298.47922
298.46759
298.48992
298.47433
298.46981
298.47522
298.46986
298.47529
298.49551
298.48974
298.49917
298.48287
298.49552
298.48977
298.49918
298.48289
298.4992
298.4898
298.49557
298.48295
298.49921
298.48983
298.47534
298.47007
298.47537
298.4765
298.47628
298.47655
298.47633
298.50055
298.4916
298.5005
298.49174
298.50056
298.49165
298.50052
298.49172
298.50053
298.49162
298.50059
298.49176
298.50054
298.49167
298.47629
298.47663
298.47634
298.47476
298.46942
298.4748
298.46953
298.49901
298.48235
298.49513
298.48956
298.49903
298.4824
298.49516
298.48954
298.49528
298.48255
298.49908
298.48959
298.49532
298.48259
298.47006
298.47485
298.46971
298.48916
298.46519
298.47736
298.47347
298.48919
298.46518
298.47739
298.47381
298.47866
298.46611
298.48962
298.47385
298.47871
298.46629
298.46233
298.4623
298.49038
298.46033
298.47556
298.4765
298.49035
298.46052
298.47553
298.47877
298.47842
298.46496
298.4916
298.47886
298.47848
298.46516
298.46551
298.46055
298.46062
298.47878
298.4634
298.46838
298.47879
298.46348
298.48947
298.47018
298.47231
298.48671
298.48948
298.47016
298.47234
298.48728
298.47297
298.47154
298.4897
298.48731
298.47302
298.47162
298.47029
298.46505
298.47981
298.47043
298.46526
298.46604
298.4646
298.46466
298.4668
298.47167
298.48086
298.46678
298.47171
298.4809
298.47386
298.48795
298.49036
298.47228
298.47391
298.48797
298.49038
298.47319
298.49052
298.48827
298.47444
298.47324
298.49053
298.48828
298.48111
298.4719
298.4674
298.48115
298.47204
298.46718
298.46728
298.46511
298.46518
298.47801
298.47861
298.49152
298.46445
298.47807
298.47866
298.49155
298.46587
298.49201
298.47938
298.4793
298.46601
298.49204
298.47951
298.46604
298.46616
298.47886
298.47423
298.48981
298.46745
298.47892
298.47426
298.48982
298.46765
298.48993
298.47433
298.47933
298.46791
298.48993
298.47434
298.47016
298.47535
298.47029
298.47539
298.49552
298.4898
298.49919
298.48292
298.49552
298.48981
298.49919
298.48296
298.49922
298.48985
298.49556
298.48296
298.49923
298.48987
298.47541
298.47026
298.47546
298.4766
298.47636
298.47663
298.47639
298.50058
298.49168
298.50053
298.49178
298.50058
298.4917
298.50054
298.49179
298.50056
298.4917
298.50061
298.49181
298.50057
298.49173
298.47637
298.4767
298.4764
298.4748
298.46946
298.47483
298.46959
298.49905
298.48244
298.49519
298.48959
298.49906
298.48246
298.4952
298.48962
298.49535
298.48263
298.49912
298.48965
298.49537
298.48265
298.46967
298.47488
298.46961
298.4892
298.46518
298.47739
298.47351
298.4892
298.46532
298.47736
298.47388
298.47875
298.46675
298.48964
298.47391
298.47875
298.46669
298.46217
298.46218
298.49036
298.46052
298.47552
298.47652
298.49036
298.4605
298.47554
298.47887
298.47852
298.46532
298.49163
298.47894
298.47855
298.46531
298.46574
298.46076
298.4607
298.47877
298.4636
298.46834
298.47876
298.46368
298.48949
298.47021
298.47238
298.48673
298.48951
298.47026
298.47241
298.48734
298.47308
298.47171
298.48974
298.48738
298.47313
298.4718
298.47054
298.46547
298.47995
298.47066
298.46567
298.46597
298.46468
298.46476
298.46679
298.47182
298.48096
298.46722
298.47195
298.48095
298.47396
298.488
298.4904
298.47243
298.47401
298.48802
298.49041
298.47329
298.49055
298.4883
298.47455
298.47335
298.49056
298.48832
298.48119
298.47216
298.46784
298.48124
298.47222
298.46737
298.46735
298.46517
298.4652
298.47812
298.47874
298.49158
298.46456
298.47816
298.47876
298.4916
298.4662
298.49204
298.47946
298.47942
298.46631
298.49207
298.4795
298.46629
298.46628
298.47897
298.47428
298.48982
298.46765
298.47896
298.47424
298.48981
298.46804
298.48993
298.47438
298.47938
298.46781
298.48994
298.47437
298.47051
298.47543
298.47032
298.47541
298.49552
298.48982
298.4992
298.48299
298.49553
298.48984
298.4992
298.48298
298.49923
298.48988
298.49557
298.48298
298.49923
298.48988
298.47548
298.47032
298.47549
298.47666
298.47641
298.47668
298.47643
298.50059
298.49171
298.50055
298.49181
298.5006
298.49173
298.50056
298.49183
298.50058
298.49174
298.50062
298.49184
298.50059
298.49176
298.47642
298.47673
298.47644
298.47485
298.4695
298.47488
298.4698
298.49907
298.4825
298.49521
298.48962
298.49907
298.4825
298.49522
298.48967
298.4954
298.48269
298.49914
298.48969
298.49542
298.48272
298.46958
298.47491
298.46958
298.4892
298.46526
298.47737
298.47361
298.48921
298.46539
298.47735
298.47396
298.4788
298.4666
298.48968
298.47398
298.47881
298.46657
298.46218
298.46212
298.49037
298.46041
298.47558
298.47654
298.49038
298.46032
298.47556
298.47898
298.47858
298.46526
298.49166
298.47903
298.4786
298.46523
298.46576
298.46073
298.46058
298.47879
298.46372
298.46834
298.47877
298.46361
298.48952
298.47029
298.47243
298.48674
298.48952
298.47029
298.47245
298.48741
298.47318
298.47189
298.48978
298.48744
298.47322
298.47197
298.47073
298.46582
298.48006
298.47081
298.46599
298.46594
298.46491
298.465
298.46732
298.47201
298.48102
298.46739
298.47205
298.48106
298.47406
298.48804
298.49043
298.47257
298.47414
298.48807
298.49045
298.47343
298.49058
298.48834
298.47467
298.47348
298.4906
298.48836
298.48129
298.47231
298.46807
298.48134
298.47239
298.46713
298.4673
298.46525
298.46525
298.47823
298.47879
298.49163
298.46467
298.47827
298.47882
298.49165
298.4662
298.49209
298.47958
298.47947
298.4663
298.4921
298.47958
298.46616
298.46623
298.47895
298.47421
298.48981
298.4673
298.47899
298.47416
298.48981
298.46778
298.48994
298.47435
298.4794
298.46774
298.48995
298.47434
298.47024
298.47541
298.47019
298.47541
298.49553
298.48985
298.49921
298.48298
298.49554
298.48986
298.49921
298.48298
298.49924
298.48989
298.49558
298.48298
298.49924
298.48989
298.47549
298.47021
298.47549
298.47669
298.47645
298.47671
298.47648
298.5006
298.49174
298.50056
298.49183
298.50061
298.49175
298.50057
298.49185
298.5006
298.49177
298.50063
298.49186
298.5006
298.49178
298.47646
298.47675
298.47648
298.47489
298.46949
298.47495
298.46953
298.49908
298.48253
298.49524
298.48964
298.49909
298.48253
298.49524
298.48971
298.49542
298.48271
298.49916
298.48971
298.49542
298.4827
298.4695
298.47498
298.46982
298.48923
298.46549
298.47737
298.47365
298.48922
298.46537
298.47737
298.474
298.47882
298.46667
298.4897
298.47404
298.47886
298.46653
298.46222
298.4622
298.49037
298.46042
298.47557
298.47647
298.49037
298.46044
298.47562
298.47905
298.4786
298.46524
298.49166
298.47901
298.4786
298.46531
298.46583
298.4607
298.4605
298.47881
298.46355
298.46836
298.47881
298.46373
298.48953
298.47027
298.47246
298.48675
298.48953
298.47028
298.47248
298.48747
298.47325
298.47206
298.4898
298.4875
298.47327
298.47212
298.47091
298.466
298.48017
298.471
298.46622
298.46604
298.46501
298.46514
298.46726
298.47207
298.48112
298.46731
298.47215
298.48116
298.4742
298.4881
298.49048
298.47268
298.47427
298.48813
298.4905
298.47354
298.49062
298.48839
298.47478
298.4736
298.49064
298.4884
298.48138
298.47245
298.46823
298.48137
298.47254
298.4673
298.46735
298.46535
298.46544
298.47831
298.47887
298.49167
298.4649
298.47836
298.47883
298.49167
298.46639
298.4921
298.47957
298.4795
298.46633
298.49211
298.47958
298.4662
298.46618
298.47899
298.47416
298.48981
298.46734
298.47902
298.47417
298.48982
298.46783
298.48995
298.47433
298.47941
298.46781
298.48995
298.47431
298.47013
298.4754
298.47011
298.47538
298.49554
298.48986
298.49922
298.48295
298.49554
298.48986
298.49922
298.48299
298.49924
298.48989
298.49557
298.48298
298.49924
298.48989
298.47548
298.4702
298.47547
298.47672
298.47651
298.47673
298.47654
298.50062
298.49176
298.50058
298.49185
298.50062
298.49178
298.50058
298.49186
298.50061
298.49179
298.50064
298.49187
298.50061
298.4918
298.4765
298.47677
298.47651
298.47497
298.46959
298.47502
298.46973
298.4991
298.48256
298.49525
298.48967
298.4991
298.48255
298.49524
298.48973
298.49544
298.48277
298.49917
298.48973
298.49545
298.48276
298.46968
298.47498
298.46974
298.48922
298.46549
298.47737
298.47363
298.48922
298.46541
298.47738
298.47407
298.47885
298.46661
298.48973
298.47407
298.47884
298.46674
298.46222
298.4622
298.49038
298.46038
298.47564
298.47651
298.49039
298.46044
298.47563
298.47901
298.4786
298.46536
298.49169
298.47903
298.47861
298.46533
298.46588
298.46057
298.46067
298.47882
298.46376
298.46838
298.47885
298.46367
298.48954
298.47033
298.4725
298.48678
298.48956
298.47037
298.47253
298.48753
298.47331
298.47218
298.48984
298.48756
298.47335
298.47225
298.47108
298.4664
298.4803
298.47115
298.46653
298.46602
298.46518
298.46512
298.46747
298.4722
298.48122
298.46773
298.47225
298.48122
298.47433
298.48816
298.49052
298.47284
298.4744
298.48818
298.49054
298.47361
298.49066
298.48842
298.47487
298.47368
298.49067
298.48844
298.4814
298.4726
298.46804
298.48142
298.47261
298.46738
298.46721
298.46554
298.46551
298.47841
298.47888
298.49169
298.46498
298.47845
298.47893
298.49171
298.46623
298.49211
298.4796
298.47945
298.46609
298.49212
298.47963
298.46614
298.46616
298.47904
298.47418
298.48982
298.46755
298.47902
298.47422
298.48982
298.46791
298.48994
298.47431
298.47944
298.46794
298.48994
298.47435
298.47005
298.47539
298.47013
298.4754
298.49554
298.48986
298.49922
298.48295
298.49553
298.48986
298.49922
298.48298
298.49924
298.4899
298.49556
298.48296
298.49924
298.48989
298.47547
298.47013
298.47549
298.47673
298.47657
298.47674
298.47658
298.50062
298.49179
298.50059
298.49185
298.50062
298.49179
298.50059
298.49188
298.50062
298.49181
298.50065
298.49188
298.50062
298.49182
298.47653
298.47679
298.47656
298.47502
298.46978
298.47506
298.47002
298.4991
298.48255
298.49524
298.48968
298.4991
298.48257
298.49524
298.48975
298.49546
298.48282
298.49918
298.48975
298.49545
298.48281
298.4698
298.47504
298.47005
298.48922
298.46548
298.47741
298.47364
298.48923
298.46567
298.47743
298.4741
298.47883
298.46658
298.48973
298.47415
298.47884
298.46658
298.46218
298.46229
298.49039
298.46058
298.47566
298.47651
298.49038
298.46072
298.47571
298.47905
298.47861
298.4653
298.49168
298.479
298.47862
298.4652
298.46581
298.46084
298.46096
298.47887
298.46379
298.46849
298.4789
298.46386
298.48957
298.47041
298.47255
298.48681
298.48958
298.47043
298.47258
298.48759
298.47339
298.47233
298.48987
298.48762
298.47341
298.47234
298.47121
298.4668
298.48039
298.47128
298.46673
298.46591
298.46523
298.4656
298.46763
298.47233
298.48129
298.46778
298.47241
298.48133
298.47448
298.48821
298.49056
298.47297
298.47455
298.48824
298.49059
298.47366
298.49069
298.48845
298.47498
298.47369
298.49071
298.48847
298.48145
298.47265
298.46803
298.48149
298.47269
298.46721
298.46737
298.4655
298.46546
298.47848
298.47896
298.49173
298.46488
298.47847
298.47898
298.49174
298.46622
298.4921
298.47956
298.47945
298.46621
298.4921
298.47957
298.46628
298.46636
298.47902
298.47431
298.48984
298.4677
298.47904
298.47435
298.48984
298.46807
298.48996
298.47442
298.47944
298.46793
298.48997
298.47443
298.47021
298.47541
298.47034
298.47541
298.49554
298.48986
298.49922
298.48297
298.49553
298.48986
298.49922
298.48295
298.49924
298.48989
298.49558
298.48296
298.49925
298.48989
298.47548
298.47011
298.47549
298.47673
298.47659
298.47673
298.47661
298.50063
298.4918
298.50059
298.49185
298.50062
298.4918
298.50059
298.49189
298.50063
298.49183
298.50065
298.49189
298.50063
298.49183
298.47657
298.47679
298.47659
298.47511
298.4698
298.47514
298.4698
298.49911
298.48258
298.49525
298.4897
298.49911
298.4826
298.49526
298.48976
298.49544
298.4828
298.49919
298.48977
298.49545
298.48283
298.47012
298.4751
298.47001
298.48924
298.46573
298.47746
298.47369
298.48925
298.46582
298.47746
298.4742
298.47883
298.46676
298.48973
298.4742
298.47884
298.4669
298.46235
298.46225
298.49039
298.46079
298.47573
298.47659
298.49041
298.46073
298.47576
298.47904
298.4786
298.46508
298.49168
298.47904
298.47861
298.46502
298.46568
298.46093
298.46102
298.47895
298.46393
298.46857
298.47898
298.46383
298.4896
298.47044
298.47261
298.48685
298.48961
298.47049
298.47263
298.48765
298.47344
298.47239
298.4899
298.48767
298.47347
298.47242
298.47128
298.46667
298.48049
298.47134
298.4668
298.46607
298.46555
298.46554
298.46785
298.47247
298.48138
298.46792
298.4725
298.48141
298.47462
298.48827
298.49061
298.47314
298.47469
298.4883
298.49064
298.47375
298.49073
298.48849
298.47508
298.47382
298.49075
298.48851
298.48148
298.47272
298.46834
298.48154
298.47279
298.46737
298.46732
298.46545
298.46537
298.47852
298.47899
298.49176
298.46487
298.47855
298.47901
298.49178
298.46616
298.49211
298.47959
298.47944
298.46605
298.49212
298.47964
298.46623
298.46614
298.47902
298.47438
298.48985
298.4672
298.47902
298.47442
298.48986
298.46788
298.48997
298.47443
298.47942
298.46798
298.48997
298.47442
298.47031
298.47538
298.47026
298.47534
298.49554
298.48986
298.49922
298.48299
298.49554
298.48986
298.49922
298.48298
298.49925
298.48989
298.49558
298.483
298.49925
298.4899
298.47547
298.47032
298.47547
298.47673
298.47662
298.47672
298.47664
298.50062
298.4918
298.50059
298.49185
298.50063
298.4918
298.50059
298.49189
298.50063
298.49184
298.50066
298.49189
298.50064
298.49184
298.4766
298.47679
298.47661
298.47518
298.4701
298.4752
298.46997
298.49911
298.48257
298.49525
298.4897
298.49911
298.48258
298.49525
298.48978
298.49546
298.48286
298.49919
298.48979
298.49546
298.48287
298.47009
298.47514
298.47022
298.48925
298.4658
298.47746
298.47366
298.48924
298.46588
298.47749
298.47413
298.47882
298.46687
298.48971
298.47418
298.47882
298.46673
298.46234
298.46242
298.49042
298.46075
298.47578
298.4766
298.49043
298.46082
298.47581
298.47904
298.47862
298.46499
298.49169
298.47907
298.47862
298.46504
298.46559
298.46112
298.46106
298.47905
298.46383
298.46872
298.47902
298.4643
298.48963
298.47056
298.47267
298.48689
298.48965
298.47062
298.4727
298.48769
298.47351
298.47245
298.48994
298.48771
298.47355
298.4725
298.47139
298.46684
298.4806
298.47141
298.46676
298.46614
298.46553
298.4656
298.4681
298.47255
298.48144
298.46816
298.47263
298.48146
298.47477
298.48832
298.49066
298.47325
298.47483
298.48834
298.49068
298.47382
298.49077
298.48853
298.47517
298.47383
298.49079
298.48854
298.48158
298.47284
298.46834
298.48162
298.47288
298.46756
298.46738
298.46531
298.46536
298.47858
298.479
298.49178
298.46499
298.4786
298.47902
298.49179
298.46612
298.49211
298.47959
298.47941
298.46618
298.4921
298.4796
298.46616
298.46624
298.47903
298.47445
298.48986
298.46733
298.47902
298.47446
298.48987
298.46793
298.48996
298.47441
298.47941
298.46798
298.48995
298.4744
298.4703
298.47533
298.47014
298.47529
298.49554
298.48985
298.49922
298.48298
298.49554
298.48985
298.49922
298.483
298.49925
298.48991
298.49558
298.483
298.49925
298.48991
298.47547
298.47026
298.47547
298.47672
298.47666
298.47672
298.47668
298.50063
298.49181
298.5006
298.49186
298.50063
298.49182
298.5006
298.49189
298.50064
298.49184
298.50066
298.49189
298.50063
298.49184
298.47661
298.47679
298.47661
298.47519
298.46981
298.47517
298.46963
298.49911
298.48259
298.49526
298.48971
298.49911
298.48254
298.49524
298.48979
298.49547
298.48288
298.4992
298.4898
298.49547
298.48289
298.47024
298.47514
298.47015
298.48925
298.46563
298.4775
298.47354
298.4892
298.46583
298.4775
298.47424
298.47883
298.46679
298.48972
298.47421
298.47883
298.46669
298.46237
298.46233
298.49045
298.46092
298.47586
298.47668
298.49047
298.46096
298.4759
298.47904
298.47864
298.46514
298.49171
298.47902
298.47866
298.46525
298.46576
298.46118
298.46109
298.4791
298.46436
298.46893
298.47915
298.46457
298.48966
298.47067
298.47274
298.48695
298.48968
298.47075
298.47279
298.48773
298.47359
298.47257
298.48998
298.48775
298.47364
298.4726
298.47149
298.46717
298.48059
298.47155
298.46732
298.46617
298.46564
298.46569
298.4681
298.47263
298.4815
298.46809
298.47263
298.48151
298.47488
298.48836
298.4907
298.47337
298.47492
298.48839
298.49071
298.47389
298.4908
298.48856
298.47524
298.47394
298.49082
298.48858
298.48161
298.47289
298.46839
298.48164
298.4729
298.46723
298.46704
298.46542
298.46558
298.47864
298.47907
298.49181
298.46522
298.47868
298.47906
298.4918
298.46617
298.4921
298.47956
298.4794
298.46609
298.4921
298.47959
298.46626
298.46619
298.47905
298.47447
298.48988
298.46747
298.47906
298.47452
298.48989
298.46788
298.48995
298.47437
298.47936
298.46773
298.48995
298.47437
298.47006
298.47526
298.47014
298.47526
298.49554
298.48985
298.49922
298.48299
298.49554
298.48984
298.49922
298.483
298.49925
298.4899
298.49558
298.48299
298.49924
298.48989
298.47544
298.4702
298.47545
298.4767
298.47669
298.47668
298.47669
298.50063
298.49182
298.5006
298.49185
298.50063
298.49182
298.5006
298.49189
298.50063
298.49184
298.50065
298.49188
298.50063
298.49184
298.47662
298.47678
298.47661
298.47524
298.46979
298.47525
298.46984
298.49911
298.48252
298.49522
298.48972
298.49911
298.48254
298.49522
298.48979
298.49547
298.48288
298.49919
298.4898
298.49548
298.4829
298.47025
298.47517
298.47022
298.48917
298.4657
298.47747
298.47351
298.48917
298.4658
298.47746
298.4742
298.47885
298.46668
298.48974
298.47419
298.47884
298.46668
298.46236
298.46241
298.49047
298.461
298.4759
298.4767
298.49047
298.46104
298.4759
298.47902
298.47867
298.46535
298.49171
298.47905
298.47866
298.46527
298.4657
298.46123
298.46131
298.47919
298.46459
298.46904
298.47924
298.46453
298.4897
298.47081
298.47284
298.48699
298.48972
298.4708
298.47288
298.48777
298.47372
298.47264
298.49002
298.48778
298.4738
298.47268
298.47158
298.46711
298.48065
298.47159
298.46709
298.46594
298.46578
298.46591
298.46812
298.47267
298.48152
298.46805
298.47271
298.48156
298.47496
298.4884
298.49073
298.4734
298.47501
298.48842
298.49075
298.47395
298.49083
298.48859
298.47531
298.47396
298.49085
298.4886
298.48166
298.47292
298.46847
298.48167
298.47291
298.46711
298.4671
298.46562
298.4657
298.47868
298.47915
298.49182
298.46545
298.47871
298.47913
298.49181
298.46608
298.49209
298.47956
298.47937
298.46604
298.4921
298.47956
298.46613
298.46618
298.47908
298.47457
298.4899
298.46734
298.47912
298.47459
298.48991
298.46769
298.48996
298.47438
298.47936
298.46767
298.48994
298.47439
298.4702
298.47526
298.47023
298.47523
298.49554
298.48983
298.49921
298.48298
298.49554
298.48982
298.49921
298.48299
298.49924
298.48988
298.49557
298.48298
298.49923
298.48988
298.47544
298.47014
298.47542
298.47666
298.4767
298.47664
298.47669
298.50062
298.49181
298.50059
298.49183
298.50062
298.49181
298.50059
298.49188
298.50063
298.49183
298.50064
298.49188
298.50062
298.49183
298.47662
298.47677
298.47661
298.47526
298.46993
298.47527
298.46993
298.4991
298.48252
298.49522
298.48971
298.4991
298.48252
298.49522
298.48979
298.49548
298.48289
298.49919
298.4898
298.49549
298.48293
298.47025
298.47514
298.47007
298.48918
298.46588
298.47748
298.4735
298.48919
298.46556
298.4775
298.47419
298.47883
298.46657
298.48975
298.47418
298.47885
298.46667
298.4624
298.46239
298.49049
298.46104
298.47596
298.47671
298.4905
298.46112
298.47598
298.47911
298.47867
298.46518
298.49172
298.47909
298.47865
298.46528
298.46576
298.4613
298.46143
298.47929
298.46454
298.46908
298.47934
298.46452
298.48973
298.47085
298.47293
298.48704
298.48974
298.4709
298.47298
298.4878
298.47386
298.47272
298.49004
298.4878
298.47393
298.47269
298.47162
298.46719
298.48068
298.47163
298.46689
298.46619
298.46573
298.46565
298.46817
298.47272
298.48156
298.46825
298.47272
298.48159
298.47505
298.48844
298.49077
298.47351
298.4751
298.48846
298.49079
298.474
298.49086
298.48862
298.47539
298.474
298.49088
298.48863
298.48168
298.47291
298.46839
298.48169
298.47289
298.467
298.46712
298.46578
298.46578
298.47868
298.47912
298.49181
298.46542
298.47872
298.47916
298.49183
298.46602
298.49209
298.47954
298.47934
298.46597
298.49209
298.47955
298.46619
298.46616
298.47911
298.47461
298.48991
298.46746
298.47913
298.47462
298.48991
298.46764
298.48994
298.4744
298.47936
298.46772
298.48993
298.47441
298.46994
298.47521
298.4701
298.47519
298.49555
298.48982
298.49921
298.48297
298.49554
298.48982
298.4992
298.48299
298.49923
298.48987
298.49555
298.48298
298.49922
298.48987
298.47539
298.4701
298.4754
298.47663
298.47669
298.47662
298.47669
298.50061
298.49181
298.50058
298.49182
298.50061
298.49181
298.50058
298.49187
298.50062
298.49183
298.50063
298.49187
298.50062
298.49183
298.47662
298.47676
298.47663
298.47525
298.46968
298.47528
298.46975
298.4991
298.48252
298.49522
298.4897
298.49909
298.4825
298.49521
298.4898
298.49548
298.4829
298.49918
298.4898
298.49548
298.48289
298.47022
298.47524
298.46996
298.4892
298.46567
298.4775
298.47344
298.48917
298.46576
298.47751
298.47422
298.47887
298.46675
298.48974
298.47425
298.4789
298.46683
298.46233
298.46237
298.49052
298.46112
298.47601
298.47678
298.49054
298.46108
298.47606
298.47911
298.47867
298.46537
298.49171
298.47902
298.47869
298.4655
298.46599
298.46141
298.46153
298.47941
298.46457
298.46924
298.4794
298.46485
298.48976
298.47096
298.47303
298.48708
298.48977
298.47103
298.47308
298.4878
298.47401
298.4727
298.49007
298.48781
298.47407
298.47275
298.47168
298.46705
298.48068
298.47174
298.46721
298.46597
298.46549
298.46547
298.46832
298.47272
298.48158
298.46823
298.47271
298.48161
298.47513
298.48847
298.4908
298.47356
298.47516
298.48848
298.49081
298.47403
298.49089
298.48864
298.47543
298.47403
298.4909
298.48864
298.48171
298.47288
298.46822
298.48168
298.47293
298.46702
298.46695
298.46576
298.46585
298.47873
298.47918
298.49184
298.46537
298.47869
298.47917
298.49183
298.46594
298.49208
298.47952
298.47932
298.46596
298.49207
298.47949
298.46618
298.46615
298.47917
298.47463
298.48993
298.46745
298.47912
298.47465
298.48992
298.46771
298.48993
298.4744
298.47935
298.46775
298.48993
298.47446
298.47023
298.47514
298.47027
298.47515
298.49554
298.4898
298.4992
298.483
298.49554
298.4898
298.49919
298.48299
298.49922
298.48987
298.49554
298.48298
298.49921
298.48986
298.47539
298.47018
298.47539
298.4766
298.47669
298.47659
298.47668
298.5006
298.4918
298.50058
298.4918
298.50059
298.49179
298.50057
298.49186
298.50061
298.49183
298.50062
298.49186
298.50061
298.49183
298.47663
298.47676
298.47664
298.4753
298.4699
298.47528
298.46993
298.49909
298.48249
298.4952
298.48969
298.49908
298.48251
298.4952
298.4898
298.49548
298.48291
298.49917
298.48979
298.49547
298.4829
298.46993
298.47522
298.47008
298.48917
298.46575
298.47751
298.47346
298.48916
298.46584
298.47751
298.47428
298.47892
298.46702
298.48976
298.47431
298.47893
298.46711
298.46247
298.46253
298.49056
298.46117
298.47612
298.47689
298.49059
298.46123
298.47617
298.4791
298.47871
298.46544
298.49172
298.47912
298.47867
298.46536
298.46584
298.4615
298.46164
298.47949
298.46499
298.46953
298.47955
298.46508
298.48978
298.47107
298.47312
298.48713
298.48979
298.47113
298.47315
298.48782
298.47411
298.47275
298.49009
298.48782
298.47413
298.47277
298.47176
298.46709
298.48066
298.47173
298.46702
298.46612
298.46557
298.46571
298.46817
298.47272
298.48161
298.46808
298.4727
298.4816
298.47519
298.48849
298.49082
298.47362
298.47522
298.4885
298.49083
298.47406
298.4909
298.48865
298.47547
298.4741
298.49091
298.48866
298.48172
298.47296
298.46842
298.48172
298.47298
298.46699
298.46681
298.46587
298.46579
298.4787
298.47916
298.49183
298.4653
298.47871
298.47915
298.49183
298.4659
298.49206
298.47949
298.4793
298.46585
298.49206
298.47951
298.46615
298.46612
298.47915
298.47468
298.48993
298.46748
298.47915
298.47466
298.48992
298.46784
298.48993
298.47449
298.47934
298.46769
298.48993
298.47451
298.47027
298.47514
298.47015
298.47515
298.49553
298.48979
298.49918
298.48299
298.49553
298.48979
298.49917
298.48298
298.4992
298.48985
298.49554
298.48296
298.49919
298.48983
298.47537
298.47031
298.47539
298.47658
298.47667
298.47656
298.47666
298.50059
298.49178
298.50056
298.49178
298.50057
298.49177
298.50055
298.49185
298.5006
298.49182
298.5006
298.49184
298.50059
298.49181
298.47664
298.47673
298.47664
298.47527
298.47
298.47525
298.46981
298.49907
298.48249
298.49519
298.48968
298.49907
298.4825
298.49519
298.48979
298.49546
298.48289
298.49916
298.4898
298.49547
298.48292
298.47007
298.47524
298.47001
298.48916
298.4659
298.47755
298.4734
298.48915
298.46597
298.47756
298.47435
298.47895
298.46709
298.48978
298.47436
298.47897
298.46715
298.46263
298.46276
298.49059
298.4614
298.47623
298.4769
298.49062
298.46148
298.4763
298.47912
298.47864
298.46524
298.4917
298.47909
298.47864
298.46523
298.46591
298.46178
298.4619
298.47962
298.46529
298.46973
298.47967
298.46559
298.4898
298.47123
298.47319
298.48718
298.48981
298.47129
298.47322
298.48783
298.47415
298.47276
298.4901
298.48782
298.47415
298.47274
298.47168
298.46684
298.48065
298.47164
298.46677
298.46566
298.46564
298.46552
298.46829
298.4727
298.48162
298.4682
298.47269
298.48164
298.47525
298.48851
298.49084
298.47366
298.47527
298.48852
298.49084
298.47412
298.49091
298.48866
298.4755
298.47414
298.49091
298.48866
298.48174
298.47301
298.4685
298.48174
298.47307
298.46689
298.46691
298.46575
298.46581
298.47867
298.47916
298.49181
298.4653
298.47867
298.47913
298.4918
298.46595
298.49206
298.47948
298.47934
298.46598
298.49206
298.47951
298.46616
298.46614
298.47914
298.47466
298.48992
298.46739
298.47911
298.47461
298.4899
298.46758
298.48992
298.4745
298.47929
298.46756
298.48991
298.47448
298.47018
298.47511
298.47014
298.47511
298.49552
298.48978
298.49916
298.48298
298.49551
298.48977
298.49915
298.48298
298.49918
298.48984
298.49551
298.48296
298.49917
298.48982
298.47536
298.47004
298.47532
298.47654
298.47665
298.47653
298.47663
298.50056
298.49176
298.50054
298.49175
298.50055
298.49174
298.50052
298.49183
298.50058
298.4918
298.50057
298.49181
298.50056
298.4918
298.47665
298.4767
298.47665
298.47525
298.46967
298.47524
298.46961
298.49905
298.48246
298.49518
298.48966
298.49904
298.48247
298.49517
298.48978
298.49545
298.4829
298.49914
298.48978
298.49545
298.48293
298.47015
298.47525
298.47022
298.48915
298.46595
298.47757
298.47331
298.48914
298.46581
298.47756
298.47441
298.47901
298.46706
298.48976
298.4744
298.47902
298.46711
298.46286
298.46284
298.49061
298.46163
298.47636
298.47697
298.49065
298.46162
298.47644
298.47906
298.47862
298.4653
298.49168
298.47905
298.47862
298.46533
298.46583
298.46214
298.46239
298.47976
298.46554
298.47003
298.47981
298.46551
298.48981
298.47128
298.47324
298.48721
298.48981
298.47135
298.47325
298.48781
298.47415
298.47274
298.49008
298.4878
298.47414
298.47275
298.47162
298.46677
298.48064
298.47163
298.4667
298.46583
298.46543
298.46552
298.46837
298.47268
298.48166
298.46848
298.47271
298.4817
298.47529
298.48853
298.49084
298.47373
298.4753
298.48852
298.49084
298.47415
298.49091
298.48867
298.47553
298.47414
298.49091
298.48867
298.48179
298.47305
298.46873
298.48181
298.47307
298.46713
298.46719
298.46575
298.46567
298.47864
298.47912
298.49178
298.46524
298.47865
298.47914
298.49178
298.46603
298.49205
298.47951
298.47936
298.466
298.49204
298.4795
298.4661
298.46615
298.47912
298.47462
298.48987
298.4675
298.47906
298.47463
298.48984
298.46762
298.4899
298.47447
298.47928
298.46766
298.48988
298.47447
298.4701
298.47508
298.47013
298.4751
298.49549
298.48975
298.49913
298.48296
298.49546
298.48974
298.49911
298.48297
298.49915
298.4898
298.49548
298.48296
298.49913
298.48978
298.4753
298.47014
298.47529
298.47651
298.47661
298.47651
298.4766
298.50053
298.49173
298.5005
298.49172
298.50051
298.49171
298.50048
298.49179
298.50055
298.49178
298.50053
298.49177
298.50053
298.49177
298.47665
298.47667
298.47663
298.47522
298.46971
298.47521
298.46969
298.49902
298.48245
298.49516
298.48961
298.499
298.48242
298.49514
298.48977
298.49543
298.48291
298.49911
298.48976
298.49542
298.48292
298.47037
298.47524
298.47032
298.48914
298.46584
298.47758
298.47326
298.48914
298.46567
298.47761
298.47444
298.47898
298.46721
298.48975
298.47442
298.479
298.46726
298.46282
298.46289
298.49068
298.46171
298.47651
298.47704
298.49067
298.46186
298.47657
298.47907
298.47862
298.46534
298.49166
298.47909
298.47859
298.4653
298.46585
298.46253
298.4625
298.47985
298.46582
298.47035
298.4799
298.46557
298.4898
298.47134
298.47325
298.48722
298.48979
298.47132
298.47324
298.48779
298.47413
298.47274
298.49005
298.48778
298.47412
298.47274
298.47164
298.46682
298.48064
298.47164
298.4669
298.46571
298.46552
298.46544
298.46868
298.47275
298.48167
298.46871
298.47278
298.4817
298.47531
298.48851
298.49083
298.47378
298.47532
298.48851
298.49082
298.47417
298.4909
298.48866
298.47553
298.47418
298.49088
298.48865
298.48179
298.4731
298.46901
298.48182
298.47312
298.46704
298.46711
298.4657
298.46568
298.47866
298.47911
298.49176
298.46523
298.47863
298.47909
298.49174
298.46604
298.49201
298.47947
298.47937
298.46605
298.49199
298.47942
298.4662
298.46626
298.47903
298.47459
298.48982
298.46722
298.47903
298.47456
298.4898
298.46759
298.48986
298.47448
298.47924
298.46765
298.48983
298.47446
298.47019
298.47506
298.47006
298.47506
298.49544
298.48971
298.49908
298.48293
298.49541
298.48968
298.49905
298.48294
298.4991
298.48976
298.49543
298.48292
298.49908
298.48973
298.47526
298.47017
298.47523
298.47649
298.47657
298.47646
298.47654
298.50048
298.49169
298.50046
298.49167
298.50045
298.49165
298.50043
298.49175
298.5005
298.49174
298.50048
298.49173
298.50047
298.49172
298.47662
298.47663
298.47659
298.4752
298.46965
298.47517
298.46942
298.49898
298.48239
298.49512
298.48957
298.49895
298.48238
298.4951
298.48974
298.4954
298.4829
298.49906
298.48971
298.49538
298.48288
298.47024
298.47519
298.47012
298.48912
298.46581
298.47765
298.47323
298.48911
298.46601
298.47765
298.47443
298.47898
298.46722
298.48972
298.47439
298.47899
298.46726
298.46295
298.46291
298.49067
298.46202
298.47663
298.47714
298.49068
298.46218
298.4767
298.47907
298.47858
298.46532
298.49161
298.47903
298.47855
298.46533
298.46589
298.4627
298.46305
298.47995
298.46534
298.47067
298.47999
298.4656
298.48978
298.47131
298.47323
298.48722
298.48976
298.47132
298.4732
298.48776
298.4741
298.47272
298.49001
298.48773
298.47407
298.47269
298.47168
298.46706
298.48061
298.47171
298.467
298.4658
298.46536
298.46535
298.46863
298.4728
298.48168
298.46856
298.4728
298.48165
298.47532
298.48849
298.49079
298.47376
298.47531
298.48846
298.49077
298.47415
298.49086
298.48863
298.47552
298.47411
298.49084
298.4886
298.4818
298.47312
298.46862
298.48178
298.47307
298.46732
298.46725
298.46569
298.46571
298.4786
298.47907
298.49172
298.4652
298.47857
298.47903
298.49168
298.46595
298.49196
298.47948
298.47928
298.46601
298.49191
298.47941
298.46617
298.46612
298.47901
298.47458
298.48979
298.46725
298.47897
298.47454
298.48976
298.46767
298.48981
298.47446
298.47918
298.46772
298.48979
298.47444
298.47021
298.47504
298.4702
298.47501
298.49538
298.48965
298.49902
298.48286
298.49535
298.48961
298.49898
298.48289
298.49904
298.4897
298.49537
298.48284
298.499
298.48966
298.47519
298.47002
298.47514
298.47643
298.47651
298.4764
298.47648
298.50041
298.49162
298.50039
298.4916
298.50037
298.49158
298.50035
298.49169
298.50044
298.49169
298.5004
298.49165
298.5004
298.49165
298.47657
298.47654
298.47653
298.47512
298.4695
298.4751
298.46954
298.49891
298.48235
298.49507
298.48949
298.49887
298.48231
298.49503
298.48968
298.49535
298.48283
298.49898
298.48965
298.49531
298.48283
298.47003
298.47515
298.46992
298.48909
298.46591
298.47765
298.47321
298.48906
298.46605
298.47767
298.47429
298.47897
298.46729
298.48966
298.47424
298.47895
298.46717
298.463
298.46306
298.49069
298.46223
298.47675
298.47719
298.49068
298.46227
298.47679
298.479
298.47849
298.46522
298.49153
298.47894
298.4785
298.46516
298.46587
298.46297
298.46313
298.48006
298.46559
298.47094
298.48005
298.4659
298.48974
298.47134
298.47318
298.48721
298.48971
298.47134
298.47316
298.4877
298.47404
298.47265
298.48995
298.48767
298.47401
298.47261
298.47171
298.46695
298.48052
298.47166
298.46676
298.46565
298.46549
298.46545
298.46856
298.47277
298.48165
298.46847
298.47271
298.48161
298.4753
298.48844
298.49074
298.47377
298.47527
298.48841
298.4907
298.47414
298.4908
298.48857
298.47546
298.47408
298.49076
298.48853
298.48174
298.47307
298.46863
298.4817
298.47305
298.46718
298.46707
298.46562
298.46559
298.47852
298.47898
298.49163
298.46513
298.47848
298.47893
298.49158
298.46597
298.49186
298.47934
298.47918
298.46585
298.49182
298.47935
298.46606
298.46598
298.47897
298.47447
298.48971
298.46694
298.47889
298.47439
298.48965
298.46771
298.48975
298.47442
298.47909
298.4674
298.48969
298.47434
298.47012
298.47496
298.46995
298.47491
298.4953
298.48957
298.49893
298.48277
298.49525
298.48952
298.49888
298.48285
298.49896
298.48963
298.49527
298.48277
298.4989
298.48958
298.47511
298.47009
298.47509
298.47636
298.47644
298.47631
298.47639
298.50033
298.49154
298.5003
298.4915
298.50027
298.49148
298.50024
298.49161
298.50035
298.4916
298.5003
298.49156
298.50029
298.49155
298.47648
298.47646
298.47645
298.47506
298.46958
298.47503
298.46972
298.49883
298.48233
298.49499
298.48941
298.49877
298.48227
298.49494
298.48961
298.49527
298.48279
298.49888
298.48955
298.49521
298.48275
298.47007
298.47508
298.47
298.48902
298.4661
298.47762
298.47322
298.48899
298.46614
298.47763
298.47426
298.47892
298.4672
298.48957
298.47425
298.4789
298.46732
298.46303
298.46302
298.49067
298.46227
298.47683
298.47731
298.49067
298.46223
298.47682
298.47896
298.47845
298.46507
298.49146
298.47893
298.4784
298.46498
298.46576
298.46325
298.46337
298.48011
298.46624
298.47113
298.48013
298.46618
298.48968
298.47135
298.47314
298.48717
298.48963
298.47134
298.47309
298.48763
298.47396
298.47257
298.48985
298.48757
298.4739
298.47251
298.47161
298.46674
298.48045
298.47158
298.46672
298.46544
298.46535
298.46536
298.46847
298.47272
298.48158
298.46869
298.47273
298.48152
298.47524
298.48836
298.49064
298.47368
298.47519
298.4883
298.49058
298.47399
298.4907
298.48847
298.47535
298.47393
298.49064
298.4884
298.48165
298.47301
298.46847
298.48157
298.47294
298.46695
298.46705
298.46554
298.46537
298.47843
298.47884
298.49151
298.46491
298.47836
298.47888
298.49145
298.4658
298.49176
298.47926
298.47906
298.46574
298.49169
298.4792
298.46593
298.46584
298.47884
298.47434
298.48959
298.46714
298.47879
298.4743
298.48952
298.46733
298.48963
298.4743
298.47897
298.46725
298.48956
298.47424
298.46985
298.47483
298.46977
298.47478
298.49518
298.48945
298.49881
298.48262
298.4951
298.48938
298.49873
298.48273
298.49883
298.48951
298.49514
298.48268
298.49876
298.48944
298.47502
298.47001
298.47494
298.47626
298.47632
298.4762
298.47626
298.5002
298.49142
298.50018
298.49136
298.50013
298.49135
298.5001
298.49149
298.50022
298.49149
298.50015
298.49142
298.50015
298.49142
298.4764
298.47633
298.47633
298.47497
298.46976
298.47489
298.46951
298.49871
298.48223
298.49489
298.48927
298.49863
298.48216
298.49481
298.4895
298.49515
298.48269
298.49874
298.48943
298.49508
298.48264
298.47023
298.47498
298.47008
298.48896
298.46601
298.47764
298.47314
298.48889
298.46588
298.4776
298.47427
298.47886
298.46735
298.48946
298.4742
298.4788
298.46727
298.46317
298.46322
298.49062
298.46241
298.47682
298.47719
298.49058
298.46246
298.47681
298.47883
298.47833
298.46512
298.49131
298.47879
298.47826
298.46509
298.46576
298.4633
298.46339
298.48014
298.46626
298.4712
298.4801
298.46635
298.48957
298.4713
298.47304
298.48707
298.4895
298.47131
298.47299
298.48751
298.47383
298.47244
298.48971
298.48744
298.47377
298.47239
298.47154
298.46674
298.48033
298.47148
298.4667
298.46537
298.46521
298.46514
298.46856
298.47262
298.48145
298.46843
298.47255
298.48139
298.47513
298.48823
298.4905
298.47355
298.47506
298.48814
298.49041
298.4739
298.49056
298.48833
298.47521
298.47378
298.49047
298.48824
298.48148
298.47281
298.46807
298.48142
298.47271
298.46684
298.46667
298.46538
298.4653
298.47829
298.47875
298.49137
298.46482
298.47821
298.47869
298.49127
298.46567
298.49161
298.4791
298.4789
298.46557
298.49152
298.47903
298.4658
298.46575
298.47872
298.47423
298.48943
298.46707
298.47865
298.47412
298.48932
298.46741
298.48949
298.47426
298.47882
298.46715
298.4894
298.47416
298.46983
298.4747
298.46965
298.47463
298.49501
298.48929
298.49864
298.48241
298.4949
298.4892
298.49853
298.4826
298.49867
298.48935
298.49495
298.48252
298.49857
298.48926
298.47487
298.46987
298.4748
298.47612
298.47618
298.47603
298.47608
298.50004
298.49126
298.50001
298.49118
298.49993
298.49116
298.4999
298.49133
298.50005
298.49133
298.49996
298.49124
298.49995
298.49123
298.47625
298.47616
298.47616
298.4748
298.46937
298.47467
298.46912
298.49854
298.48205
298.49472
298.48908
298.49844
298.48196
298.49463
298.48935
298.49499
298.48255
298.49854
298.48925
298.49489
298.48245
298.47002
298.47484
298.4699
298.48881
298.46571
298.47756
298.473
298.48872
298.4658
298.47746
298.4741
298.47871
298.46723
298.48926
298.47402
298.47859
298.467
298.46331
298.46321
298.49052
298.46251
298.47677
298.47706
298.49042
298.46238
298.47669
298.4787
298.47817
298.465
298.49114
298.47862
298.47809
298.46487
298.46545
298.46328
298.46298
298.48006
298.46627
298.47108
298.48001
298.46612
298.48942
298.47124
298.47292
298.48693
298.48933
298.47116
298.47283
298.48735
298.47369
298.47232
298.48953
298.48725
298.4736
298.47221
298.4714
298.4666
298.48017
298.47131
298.46642
298.46516
298.46516
298.46502
298.46828
298.47248
298.48128
298.4681
298.47236
298.48116
298.47497
298.48803
298.49031
298.47336
298.47485
298.48791
298.49018
298.47366
298.49036
298.48812
298.475
298.47353
298.49023
298.48799
298.4813
298.4726
298.46789
298.48121
298.47252
298.46652
298.46639
298.46526
298.46512
298.47813
298.47859
298.49117
298.46476
298.47804
298.47851
298.49105
298.4656
298.49141
298.47888
298.47867
298.46549
298.49128
298.47888
298.46564
298.46548
298.47854
298.47405
298.48921
298.46687
298.47844
298.47397
298.48911
298.467
298.4893
298.47406
298.47861
298.46702
298.48917
298.47394
298.4695
298.47451
298.4695
298.47434
298.49478
298.48907
298.49841
298.48219
298.49466
298.48894
298.49827
298.48244
298.49845
298.48916
298.49471
298.48229
298.49831
298.48902
298.47469
298.46987
298.47457
298.47592
298.47597
298.47578
298.47584
298.49981
298.49104
298.49978
298.49092
298.49966
298.49091
298.49964
298.49112
298.49983
298.49112
298.49969
298.49099
298.49968
298.49098
298.47605
298.47592
298.47593
298.47454
298.46895
298.47443
298.46884
298.49832
298.48185
298.49451
298.48883
298.49817
298.4817
298.49436
298.48914
298.49477
298.48234
298.49828
298.489
298.49464
298.48221
298.46971
298.47458
298.46954
298.4886
298.46582
298.47736
298.47278
298.48846
298.4656
298.47724
298.4739
298.47848
298.46685
298.48902
298.47374
298.47834
298.4667
298.46309
298.46296
298.49031
298.46227
298.4766
298.47688
298.4902
298.46213
298.47651
298.47852
298.47798
298.46479
298.49088
298.47836
298.47785
298.46463
298.46515
298.46293
298.46278
298.47992
298.46593
298.47086
298.47982
298.46566
298.48922
298.47107
298.47273
298.48672
298.48911
298.47096
298.47264
298.48714
298.4735
298.4721
298.4893
298.48702
298.47339
298.47199
298.4712
298.46627
298.47993
298.47106
298.46614
298.46508
298.46491
298.46476
298.468
298.47222
298.48103
298.46781
298.47204
298.48088
298.47473
298.48778
298.49004
298.47311
298.47459
298.48761
298.48988
298.47342
298.49008
298.48785
298.47471
298.47327
298.48991
298.48768
298.48105
298.47242
298.46796
298.48091
298.47231
298.46632
298.46619
298.46517
298.46503
298.4779
298.47836
298.49089
298.46459
298.47774
298.47823
298.49072
298.46532
298.49113
298.47873
298.47835
298.46512
298.49095
298.47856
298.4655
298.46539
298.47829
298.47382
298.48895
298.46654
298.47813
298.47363
298.48876
298.46714
298.48904
298.47388
298.47839
298.46694
298.4889
298.47378
298.46931
298.47421
298.46916
298.47404
298.49449
298.48878
298.4981
298.48186
298.4943
298.4886
298.49791
298.48218
298.49815
298.48887
298.49439
298.48201
298.49796
298.48869
298.47441
298.4694
298.47424
298.47564
298.4757
298.47548
298.47553
298.4995
298.49075
298.49947
298.49059
298.49931
298.49057
298.49929
298.49084
298.49952
298.49083
298.49934
298.49066
298.49933
298.49066
298.47579
298.47561
298.47563
298.47429
298.46885
298.47408
298.46866
298.49801
298.48156
298.4942
298.48849
298.49782
298.48141
298.49402
298.48884
298.49447
298.48204
298.49793
298.48867
298.49429
298.48187
298.46935
298.47425
298.46904
298.48832
298.46535
298.47714
298.47257
298.48816
298.46556
298.47701
298.47355
298.4782
298.46653
298.48868
298.47339
298.47804
298.46632
298.46288
298.46284
298.49006
298.46207
298.47641
298.4766
298.48989
298.46193
298.47626
298.47822
298.47772
298.46447
298.49055
298.47806
298.47753
298.46429
298.46488
298.46285
298.46305
298.47972
298.46563
298.47066
298.4796
298.46595
298.48897
298.47084
298.47252
298.48643
298.48882
298.47074
298.47239
298.48687
298.47327
298.47186
298.489
298.48671
298.47313
298.47173
298.47092
298.46602
298.47962
298.47079
298.46586
298.46471
298.46476
298.46461
298.46792
298.4719
298.4807
298.46775
298.47177
298.48048
298.47443
298.48743
298.48968
298.47277
298.47424
298.4872
298.48946
298.47312
298.48972
298.48749
298.47434
298.4729
298.4895
298.48726
298.48072
298.47215
298.4676
298.48049
298.47191
298.46602
298.46582
298.46486
298.46474
298.4776
298.47808
298.49053
298.46443
298.47739
298.47786
298.49029
298.46497
298.49076
298.4784
298.47801
298.46481
298.49055
298.47822
298.46521
298.46499
298.47796
298.4734
298.48854
298.46604
298.47776
298.47313
298.4883
298.46671
298.48871
298.4736
298.47804
298.46646
298.48849
298.47336
298.46894
298.47388
298.4687
298.47367
298.49408
298.4884
298.4977
298.48141
298.49384
298.48816
298.49745
298.48181
298.49775
298.48849
298.49395
298.48159
298.49751
298.48826
298.47405
298.46884
298.47381
298.47529
298.47534
298.47508
298.47511
298.49909
298.49037
298.49907
298.49015
298.49884
298.49013
298.49882
298.49046
298.49912
298.49045
298.49888
298.49023
298.49887
298.49022
298.47545
298.47521
298.47524
298.4739
298.46843
298.47368
298.46814
298.49761
298.4812
298.49381
298.48806
298.49737
298.48101
298.49358
298.48848
298.49408
298.48168
298.49748
298.48825
298.49385
298.48147
298.46881
298.47388
298.46892
298.48797
298.46529
298.47684
298.47221
298.48774
298.46506
298.47663
298.4732
298.47786
298.46639
298.48826
298.47305
298.47765
298.46613
298.46274
298.46255
298.48969
298.46175
298.47608
298.47624
298.48947
298.46156
298.47589
298.47787
298.47736
298.4641
298.49012
298.47768
298.47717
298.46389
298.46448
298.46285
298.46267
298.47941
298.46595
298.4705
298.47924
298.4656
298.48863
298.4706
298.47223
298.48604
298.4884
298.47041
298.47202
298.48652
298.47296
298.47154
298.48858
298.4863
298.47275
298.47134
298.4706
298.46562
298.47925
298.47045
298.46573
298.46438
298.46442
298.46413
298.46751
298.47158
298.48025
298.46719
298.47132
298.47997
298.474
298.48695
298.48921
298.47229
298.47374
298.48666
298.48891
298.47265
298.48924
298.487
298.47383
298.47238
298.48895
298.48671
298.48026
298.4717
298.4669
298.47998
298.47145
298.46562
298.4654
298.46456
298.46427
298.47714
298.47761
298.49001
298.46389
298.47687
298.47734
298.48972
298.46463
298.49029
298.47801
298.4775
298.46444
298.49
298.47776
298.46479
298.46461
298.47751
298.47286
298.48803
298.46577
298.47724
298.4726
298.48773
298.46615
298.48825
298.47313
298.47761
298.46618
298.48797
298.4729
298.46849
298.47342
298.46818
298.47317
298.49356
298.48789
298.49717
298.48085
298.49325
298.48758
298.49684
298.48135
298.49723
298.488
298.49339
298.48106
298.49692
298.48771
298.47355
298.46832
298.47331
298.47484
298.47486
298.47456
298.47457
298.49856
298.48986
298.49854
298.48957
298.49823
298.48955
298.49822
298.48996
298.49859
298.48996
298.49828
298.48967
298.49827
298.48966
298.475
298.47469
298.47473
298.47343
298.46807
298.47316
298.46809
298.49709
298.48076
298.49331
298.48749
298.49677
298.48049
298.49301
298.48799
298.49359
298.48124
298.49689
298.48769
298.4933
298.48098
298.46865
298.47336
298.46836
298.48749
298.46479
298.47639
298.47178
298.4872
298.4645
298.47611
298.47286
298.47746
298.46594
298.48776
298.47262
298.47721
298.46566
298.46232
298.462
298.4892
298.46134
298.47565
298.47574
298.48891
298.46111
298.4754
298.47745
298.47692
298.46364
298.48958
298.47717
298.47666
298.46338
298.46406
298.46243
298.46215
298.47899
298.4654
298.46999
298.47876
298.46539
298.48816
298.47022
298.47182
298.48552
298.48788
298.46999
298.47158
298.48604
298.47252
298.47111
298.48804
298.48575
298.47227
298.47086
298.47025
298.46545
298.47871
298.47001
298.46518
298.46389
298.46378
298.46342
298.46691
298.47095
298.47962
298.46647
298.47057
298.47926
298.47344
298.48633
298.48858
298.47169
298.4731
298.48597
298.48821
298.47206
298.48861
298.48637
298.47317
298.4717
298.48824
298.48599
298.47964
298.47113
298.46625
298.47928
298.47081
298.46513
298.4648
298.46398
298.46364
298.47656
298.47702
298.48938
298.4633
298.47618
298.47667
298.48898
298.46424
298.48968
298.47748
298.47689
298.464
298.48931
298.4772
298.46463
298.46436
298.47692
298.47233
298.48739
298.46511
298.47658
298.47201
298.487
298.46607
298.48767
298.47265
298.47708
298.46576
298.48733
298.47239
298.46785
298.47281
298.46753
298.47245
298.49289
298.48722
298.49647
298.48015
298.49249
298.48682
298.49606
298.48074
298.49656
298.48738
298.49268
298.48043
298.49616
298.48701
298.47298
298.46751
298.47263
298.47424
298.47424
298.47389
298.47389
298.49786
298.4892
298.49785
298.48881
298.49745
298.4888
298.49743
298.48933
298.49791
298.48933
298.49751
298.48894
298.4975
298.48894
298.47443
298.47403
298.47408
298.47283
298.46771
298.4725
298.46736
298.4964
298.4802
298.49266
298.48675
298.49599
298.47982
298.49226
298.48737
298.49296
298.48067
298.49613
298.48699
298.49258
298.48035
298.46815
298.47277
298.46782
298.48686
298.46421
298.47578
298.47118
298.48647
298.46388
298.47542
298.47233
298.47693
298.46546
298.48708
298.47201
298.47665
298.46525
298.46167
298.46136
298.48857
298.46087
298.47508
298.47507
298.48818
298.46059
298.47472
298.47694
298.47636
298.46315
298.48888
298.47664
298.47602
298.46287
298.46357
298.46189
298.46152
298.47845
298.46497
298.46932
298.47809
298.4645
298.48755
298.46969
298.4713
298.48484
298.48719
298.46938
298.47099
298.48543
298.47198
298.47059
298.48735
298.48505
298.47167
298.47026
298.46972
298.46491
298.47805
298.46936
298.46455
298.46337
298.46301
298.46255
298.46613
298.47018
298.4788
298.46574
298.46975
298.47833
298.47272
298.48554
298.48779
298.47086
298.47228
298.48505
298.48731
298.47132
298.48781
298.48556
298.47233
298.4709
298.48733
298.48508
298.47887
298.47045
298.46549
298.47841
298.47005
298.46449
298.46414
298.46321
298.46281
298.47576
298.47626
298.48853
298.46241
298.47524
298.47578
298.488
298.4637
298.48888
298.47685
298.47606
298.46337
298.48839
298.47644
298.46403
298.46373
298.47612
298.47159
298.48653
298.46437
298.47566
298.4711
298.48602
298.46547
298.48691
298.47204
298.47634
298.4651
298.48644
298.47164
298.46719
298.47211
298.46675
298.47168
298.49203
298.48637
298.49559
298.47921
298.49152
298.48584
298.49505
298.48002
298.4957
298.48658
298.49176
298.47959
298.49519
298.48611
298.47227
298.46712
298.47187
298.47349
298.4735
298.47305
298.47305
298.49698
298.48836
298.49696
298.48785
298.49644
298.48784
298.49643
298.48851
298.49704
298.48851
298.49652
298.48802
298.49651
298.48802
298.4737
298.47324
298.47326
298.47208
298.46697
298.47163
298.46653
298.49552
298.47939
298.49181
298.48578
298.49499
298.4789
298.4913
298.48657
298.49216
298.47996
298.49516
298.48607
298.49168
298.47954
298.46746
298.47196
298.46703
298.48601
298.46355
298.47502
298.4704
298.48549
298.46322
298.47453
298.47169
298.47632
298.46478
298.48623
298.47137
298.47595
298.46459
298.46103
298.46063
298.48772
298.46024
298.4743
298.47418
298.48721
298.45989
298.47382
298.47626
298.47565
298.46264
298.48798
298.4759
298.47522
298.46236
298.46333
298.46118
298.46077
298.47769
298.46419
298.46852
298.47723
298.46371
298.48678
298.46903
298.47064
298.48393
298.48631
298.46862
298.47026
298.48464
298.47132
298.46991
298.48647
298.48416
298.47093
298.46954
298.46898
298.46421
298.47718
298.46856
298.46382
298.46268
298.46207
298.46151
298.46519
298.46925
298.47777
298.46466
298.46863
298.47707
298.47177
298.48448
298.48675
298.46976
298.47116
298.48378
298.48606
298.4704
298.48677
298.4845
298.47121
298.46979
298.48608
298.48379
298.47785
298.46959
298.46449
298.4772
298.46905
298.4637
298.46325
298.46235
298.46181
298.47468
298.47522
298.48741
298.46144
298.47399
298.47459
298.48672
298.46308
298.48785
298.47601
298.475
298.46274
298.4872
298.47545
298.46336
298.46302
298.47511
298.47055
298.48543
298.46335
298.47444
298.46993
298.4847
298.46476
298.4859
298.4712
298.47535
298.46443
298.48525
298.4707
298.46614
298.47115
298.46558
298.47058
298.49093
298.48522
298.49443
298.47794
298.49023
298.48447
298.49371
298.47907
298.49459
298.48555
298.49053
298.47844
298.49389
298.48487
298.4714
298.46616
298.47084
298.47254
298.47254
298.47195
298.47194
298.49583
298.48725
298.49582
298.48655
298.49512
298.48654
298.49511
298.48745
298.49591
298.48745
298.49521
298.48676
298.49521
298.48676
298.47276
298.47218
298.47218
298.47113
298.466
298.47053
298.46541
298.49438
298.47832
298.4907
298.48446
298.49366
298.47762
298.49001
298.4855
298.49112
298.47901
298.49386
298.4848
298.49047
298.4784
298.4666
298.47089
298.4662
298.48487
298.46282
298.47398
298.46918
298.48412
298.4623
298.47333
298.47098
298.47552
298.46436
298.48503
298.47056
298.47499
298.46396
298.46018
298.4597
298.48664
298.45951
298.4733
298.47301
298.48594
298.45891
298.47263
298.47548
298.47472
298.46206
298.48678
298.47494
298.47411
298.46172
298.46272
298.46027
298.45969
298.47668
298.4633
298.46741
298.476
298.46284
298.48576
298.46818
298.46981
298.48264
298.48507
298.46765
298.46926
298.4836
298.47049
298.4691
298.48523
298.48289
298.46994
298.46852
298.46807
298.46342
298.47598
298.46748
298.46287
298.46187
298.46082
298.45966
298.46398
298.46782
298.47619
298.46279
298.46658
298.47494
298.47036
298.48285
298.48515
298.46782
298.4692
298.48143
298.48385
298.46904
298.48518
298.48287
298.46926
298.46793
298.48388
298.48145
298.47636
298.46832
298.46273
298.47516
298.46725
298.46276
298.46188
298.46105
298.45989
298.47313
298.47383
298.48588
298.45969
298.47195
298.47273
298.48473
298.489
298.49211
298.4961
298.48181
298.48788
298.49116
298.49521
298.49463
298.49821
298.49843
298.49163
298.49354
298.49737
298.49776
298.49278
298.49843
298.49822
298.49358
298.49178
298.49777
298.49739
298.4835
298.49615
298.49231
298.48817
298.48222
298.49529
298.49139
298.46222
298.48639
298.47476
298.47313
298.46138
298.48527
298.47374
298.46264
298.46183
298.47361
298.4691
298.48377
298.46151
298.47247
298.46787
298.48245
298.49384
298.49306
298.49585
298.48458
298.49271
298.4919
298.4954
298.50026
298.50051
298.50156
298.49672
298.49938
298.49963
298.50088
298.50175
298.5029
298.50323
298.50053
298.50093
298.50206
298.50239
298.50127
298.50319
298.50281
298.50091
298.50045
298.50235
298.50195
298.49762
298.50144
298.50041
298.49927
298.49679
298.50071
298.4995
298.48629
298.49596
298.49339
298.49304
298.48524
298.49551
298.49225
298.46396
298.4844
298.47006
298.47356
298.4631
298.48313
298.46898
298.46494
298.46987
298.4638
298.46878
298.48939
298.48349
298.49285
298.4759
298.48832
298.48204
298.49183
298.50013
298.49862
298.50074
298.49543
298.49921
298.49769
298.50008
298.5031
298.50282
298.50372
298.50124
298.50227
298.502
298.50286
298.50379
298.50396
298.50406
298.50274
298.50294
298.50311
298.5032
298.50347
298.50403
298.50386
298.50291
298.50262
298.50317
298.503
298.50188
298.50353
298.50263
298.50205
298.50103
298.50264
298.50177
298.49646
298.50067
298.49861
298.49914
298.49557
298.49996
298.49768
298.47764
298.49305
298.48398
298.48867
298.4765
298.49205
298.48263
298.47012
298.46459
298.46903
298.47121
298.47117
298.47011
298.47004
298.49428
298.48562
298.49427
298.48435
298.4933
298.48432
298.49329
298.50191
298.49941
298.50191
298.49856
298.50109
298.49856
298.50109
298.50387
298.50318
298.50386
298.50236
298.50301
298.50235
298.50301
298.50413
298.50404
298.50412
298.5032
298.50327
298.50319
298.50326
298.50395
298.5041
298.50395
298.50324
298.50309
298.50324
298.50309
298.50299
298.50369
298.50298
298.5028
298.50212
298.5028
298.50212
298.49932
298.50176
298.49932
298.50089
298.49844
298.50089
298.49844
298.48586
298.49438
298.48586
298.49342
298.48459
298.49341
298.48459
298.47143
298.47034
298.47032
298.46976
298.46463
298.46868
298.46339
298.4928
298.47675
298.48917
298.4821
298.49179
298.47555
298.48811
298.50071
298.49619
298.50009
298.49769
298.50006
298.49531
298.49919
298.5037
298.50202
298.50306
298.50198
298.50284
298.50121
298.50223
298.50405
298.50354
298.50376
298.50309
298.50319
298.50271
298.50291
298.50385
298.50373
298.50345
298.50316
298.50299
298.50288
298.5026
298.50262
298.5029
298.50186
298.50263
298.50176
298.50202
298.50101
298.49859
298.50004
298.49641
298.49993
298.49766
298.49911
298.49554
298.48388
298.48967
298.47762
298.49203
298.48249
298.48866
298.47654
298.46563
298.46908
298.46457
298.48316
298.46153
298.47251
298.46703
298.48178
298.46035
298.47135
298.49573
298.48491
298.49345
298.49159
298.49527
298.48381
298.4923
298.50146
298.49733
298.50013
298.49956
298.50079
298.4965
298.49925
298.50317
298.5012
298.50162
298.502
298.50232
298.50039
298.50079
298.50277
298.5016
298.50115
298.50229
298.5019
298.50077
298.50032
298.50036
298.50003
298.49748
298.50064
298.49945
298.49914
298.49666
298.49327
298.49395
298.48606
298.49545
298.49217
298.49288
298.4851
298.46993
298.47432
298.4635
298.48292
298.4689
298.47336
298.46256
298.45898
298.4578
298.48508
298.4581
298.47174
298.47105
298.48387
298.4569
298.47053
298.49581
298.48227
298.48847
298.4907
298.49494
298.48084
298.48737
298.49812
298.49217
298.49415
298.49707
298.49745
298.49112
298.49305
298.49792
298.49419
298.49227
298.49745
298.49708
298.4931
298.49125
298.492
298.48856
298.48269
298.49498
298.49111
298.48752
298.48138
298.47429
298.47333
298.46116
298.48493
298.47333
298.47226
298.46024
298.46146
298.45901
298.45785
298.47514
298.46226
298.46531
298.47393
298.4611
298.48416
298.46696
298.4685
298.48018
298.48283
298.4658
298.46733
298.48196
298.46918
298.46779
298.483
298.48054
298.46804
298.46669
298.46665
298.46214
298.47394
298.46541
298.46093
298.46021
298.48674
298.49016
298.49427
298.49252
298.49648
298.49696
298.49081
298.49696
298.4965
298.48192
298.49439
298.49046
298.49165
298.49084
298.49466
298.49846
298.49872
298.50005
298.50004
298.50114
298.50147
298.49955
298.50142
298.50101
298.49589
298.49983
298.49855
298.48414
298.49478
298.49119
298.48728
298.48206
298.49082
298.49828
298.49675
298.49926
298.50135
298.50109
298.50192
298.50201
298.50217
298.50226
298.50168
298.50222
298.50204
298.50009
298.50166
298.50081
298.49465
298.49909
298.49672
298.47533
298.49102
298.48143
298.4923
298.48314
298.4923
298.50019
298.49766
298.50019
298.50207
298.50143
298.50206
298.50232
298.50225
298.50231
298.50214
298.50228
298.50213
298.50116
298.50182
298.50116
298.49751
298.49995
298.4975
298.48342
298.49243
298.48345
298.49077
298.47441
298.48706
298.49924
298.49439
298.49828
298.5019
298.50032
298.50131
298.50224
298.50178
298.50198
298.50203
298.50194
298.50166
298.5008
298.50106
298.50007
298.49671
298.49816
298.49463
298.48192
298.48767
298.47542
298.49455
298.48269
298.49123
298.49996
298.4956
298.49834
298.5014
298.4995
298.49989
298.50096
298.49986
298.49941
298.4985
298.4982
298.49576
298.49118
298.4919
298.48414
298.49402
298.48066
298.48626
298.49662
298.49009
298.492
298.49617
298.49207
298.49027
298.4902
298.48651
298.48112
298.49455
298.49788
298.50205
298.48841
298.49456
298.49786
298.50205
298.48879
298.50211
298.49804
298.49472
298.48875
298.50211
298.49804
298.50159
298.48707
298.49363
298.49714
298.50159
298.48705
298.49363
298.49767
298.49403
298.488
298.50181
298.49768
298.49404
298.48802
298.49456
298.49785
298.50205
298.48845
298.49458
298.49786
298.50205
298.48877
298.50212
298.49805
298.49471
298.48877
298.50212
298.49805
298.5016
298.48706
298.49363
298.49714
298.5016
298.48706
298.49363
298.4977
298.49406
298.48804
298.50182
298.49771
298.49407
298.48807
298.49459
298.49787
298.50206
298.48851
298.4946
298.49788
298.50206
298.48879
298.50213
298.49806
298.49471
298.48881
298.50213
298.49807
298.50161
298.48704
298.49364
298.49714
298.50161
298.48704
298.49365
298.49772
298.49409
298.4881
298.50183
298.49773
298.49409
298.48812
298.49462
298.49789
298.50207
298.48855
298.49462
298.49789
298.50207
298.48884
298.50214
298.49808
298.49474
298.48887
298.50214
298.49809
298.50162
298.48705
298.49366
298.49715
298.50162
298.48703
298.49365
298.49774
298.49412
298.48816
298.50184
298.49775
298.49414
298.48819
298.49464
298.4979
298.50208
298.48861
298.49465
298.49792
298.50209
298.4889
298.50215
298.4981
298.49477
298.48894
298.50215
298.49812
298.50162
298.48703
298.49364
298.49715
298.50162
298.48703
298.49363
298.49776
298.49415
298.48821
298.50185
298.49776
298.49417
298.48824
298.49467
298.49794
298.5021
298.48868
298.49467
298.49795
298.5021
298.48898
298.50216
298.49813
298.4948
298.48901
298.50216
298.49814
298.50162
298.48705
298.49364
298.49717
298.50163
298.48705
298.49364
298.49777
298.49418
298.48826
298.50186
298.49778
298.4942
298.48829
298.4947
298.49797
298.50211
298.48874
298.49471
298.49798
298.50211
298.48903
298.50217
298.49815
298.49483
298.48904
298.50217
298.49816
298.50163
298.48706
298.49367
298.49718
298.50163
298.48707
298.49367
298.49779
298.49422
298.48832
298.50188
298.4978
298.49425
298.48834
298.49473
298.49798
298.50212
298.48879
298.49476
298.498
298.50212
298.48906
298.50217
298.49816
298.49484
298.48908
298.50218
298.49817
298.50163
298.48708
298.49367
298.49717
298.50163
298.48708
298.49367
298.49781
298.49428
298.48837
298.50189
298.49782
298.49428
298.48839
298.49478
298.49801
298.50213
298.48885
298.49478
298.49802
298.50214
298.4891
298.50218
298.49817
298.49487
298.48911
298.50218
298.49818
298.50163
298.48709
298.49368
298.49719
298.50164
298.48712
298.4937
298.49783
298.49429
298.48841
298.5019
298.49783
298.49431
298.48843
298.4948
298.49803
298.50214
298.4889
298.49482
298.49804
298.50215
298.48913
298.50219
298.49818
298.49489
298.48913
298.50219
298.49818
298.50164
298.48713
298.49372
298.4972
298.50165
298.48714
298.49373
298.49783
298.49433
298.48843
298.50191
298.49783
298.49435
298.48845
298.49483
298.49805
298.50215
298.48893
298.49484
298.49806
298.50215
298.48913
298.50219
298.49818
298.49491
298.48915
298.50219
298.49819
298.50165
298.48716
298.49374
298.49721
298.50165
298.48718
298.49372
298.49784
298.49437
298.48847
298.50192
298.49785
298.49438
298.48848
298.49485
298.49807
298.50216
298.48897
298.49486
298.49807
298.50217
298.48916
298.5022
298.49819
298.49492
298.48917
298.5022
298.49819
298.50166
298.48722
298.49375
298.49723
298.50167
298.48725
298.49377
298.49785
298.49437
298.4885
298.50193
298.49786
298.49439
298.48852
298.49489
298.49808
298.50217
298.48901
298.49489
298.49809
298.50217
298.48918
298.5022
298.49819
298.49494
298.48918
298.5022
298.49819
298.50167
298.48727
298.49379
298.49725
298.50168
298.4873
298.49382
298.49786
298.4944
298.48853
298.50193
298.49787
298.49441
298.48854
298.49491
298.49809
298.50218
298.48905
298.49493
298.4981
298.50218
298.48918
298.5022
298.49819
298.49495
298.48919
298.5022
298.49819
298.50168
298.48732
298.49384
298.49727
298.50169
298.48734
298.49386
298.49787
298.49441
298.48855
298.50193
298.49787
298.49442
298.48856
298.49492
298.49809
298.50218
298.48904
298.49492
298.4981
298.50218
298.48919
298.5022
298.49819
298.49496
298.48919
298.5022
298.49819
298.50169
298.48737
298.49388
298.49729
298.5017
298.48741
298.49387
298.49787
298.49442
298.48857
298.50193
298.49787
298.49441
298.48858
298.49492
298.4981
298.50218
298.48903
298.49492
298.49809
298.50217
298.4892
298.5022
298.49819
298.49496
298.4892
298.5022
298.49819
298.5017
298.48746
298.49391
298.49732
298.5017
298.48749
298.49393
298.49787
298.49442
298.48858
298.50192
298.49787
298.49442
298.48858
298.49492
298.49809
298.50217
298.48902
298.49491
298.49808
298.50216
298.48921
298.50219
298.49818
298.49497
298.48922
298.50219
298.49818
298.5017
298.48752
298.49394
298.49733
298.5017
298.48755
298.49395
298.49786
298.49444
298.48857
298.50191
298.49785
298.49443
298.48856
298.49491
298.49807
298.50215
298.48901
298.49491
298.49806
298.50214
298.48923
298.50218
298.49818
298.49498
298.48922
298.50218
298.49817
298.5017
298.4876
298.49398
298.49735
298.5017
298.48765
298.494
298.49784
298.49442
298.48855
298.50189
298.49783
298.49441
298.48855
298.49491
298.49805
298.50213
298.489
298.4949
298.49804
298.50212
298.48922
298.50216
298.49816
298.49496
298.48921
298.50215
298.49814
298.50169
298.48769
298.49401
298.49736
298.50168
298.48774
298.49403
298.49782
298.49439
298.48854
298.50185
298.4978
298.49438
298.48853
298.49488
298.49802
298.5021
298.48899
298.49487
298.498
298.50207
298.4892
298.50212
298.49812
298.49493
298.48918
298.50209
298.49809
298.50167
298.48778
298.49404
298.49735
298.50165
298.48781
298.49404
298.49778
298.49435
298.48852
298.5018
298.49776
298.49433
298.4885
298.49485
298.49797
298.50204
298.48893
298.49482
298.49793
298.502
298.48916
298.50206
298.49806
298.49486
298.48912
298.50202
298.49802
298.50163
298.48785
298.49404
298.49733
298.50161
298.48787
298.49403
298.49772
298.4943
298.48847
298.50173
298.49768
298.49425
298.48842
298.49477
298.49788
298.50195
298.48885
298.49472
298.49783
298.50189
298.48907
298.50197
298.49797
298.49477
298.48904
298.50192
298.49792
298.50157
298.48788
298.49401
298.49727
298.50152
298.48787
298.49398
298.49764
298.4942
298.48839
298.50162
298.49759
298.49416
298.48835
298.49467
298.49776
298.50183
298.48873
298.4946
298.49769
298.50175
298.489
298.50186
298.49787
298.49466
298.48893
298.50178
298.49779
298.50146
298.48785
298.49394
298.49716
298.50139
298.48781
298.49389
298.49752
298.49411
298.48829
298.50148
298.49744
298.49403
298.48822
298.49452
298.4976
298.50166
298.48857
298.49443
298.49751
298.50156
298.48884
298.50169
298.4977
298.49446
298.48874
298.50158
298.4976
298.5013
298.48775
298.49382
298.49699
298.5012
298.48768
298.49374
298.49736
298.49394
298.48813
298.50128
298.49726
298.49385
298.48804
298.49432
298.49739
298.50144
298.48835
298.49419
298.49726
298.5013
298.48863
298.50146
298.49748
298.49422
298.48851
298.50132
298.49734
298.50108
298.48758
298.49364
298.49674
298.50095
298.48747
298.49352
298.49714
298.49374
298.48793
298.50101
298.49699
298.4936
298.48779
298.49403
298.4971
298.50114
298.48802
298.49385
298.49691
298.50095
298.48836
298.50115
298.49718
298.49389
298.48819
298.50096
298.497
298.50078
298.48733
298.49337
298.49641
298.5006
298.48716
298.49318
298.49683
298.49343
298.48763
298.50065
298.49664
298.49324
298.48746
298.49364
298.4967
298.50073
298.48761
298.49341
298.49646
298.50049
298.488
298.50074
298.49679
298.49344
298.48777
298.5005
298.49656
298.50038
298.48697
298.49298
298.49597
298.50015
298.48678
298.49279
298.49643
298.49304
298.48727
298.50019
298.4962
298.49282
298.48706
298.49315
298.49618
298.5002
298.48706
298.49285
298.49587
298.49989
298.48752
298.50021
298.49629
298.49288
298.48723
298.4999
298.49598
298.49987
298.48652
298.49252
298.49539
298.49956
298.48623
298.49222
298.49593
298.49256
298.4868
298.49959
298.49562
298.49225
298.48651
298.4925
298.49552
298.49952
298.48632
298.4921
298.49511
298.49911
298.48691
298.49953
298.49563
298.49216
298.48654
298.49913
298.49523
298.4992
298.48591
298.4919
298.49465
298.4988
298.48553
298.49152
298.49527
298.49192
298.48618
298.49882
298.49488
298.49153
298.4858
298.49163
298.49465
298.49864
298.48536
298.49112
298.49413
298.49812
298.48612
298.49866
298.49479
298.49123
298.48563
298.49815
298.49428
298.49834
298.48508
298.49108
298.49369
298.49782
298.48458
298.49058
298.49443
298.4911
298.48537
298.49784
298.49393
298.4906
298.48487
298.49055
298.49354
298.49752
298.48406
298.48985
298.49288
298.49686
298.48506
298.49755
298.49371
298.49001
298.48438
298.49689
298.49305
298.49723
298.48398
298.49
298.49243
298.49657
298.48324
298.48932
298.49336
298.49002
298.48429
298.49659
298.49272
298.48937
298.4836
)
;

boundaryField
{
    walls
    {
        type            zeroGradient;
    }
    cell4_to_fluid
    {
        type            compressible::turbulentTemperatureCoupledBaffleMixed;
        refValue        nonuniform List<scalar> 
4936
(
298.2886
298.2886
298.19543
298.22067
298.22033
298.2944
298.20429
298.26065
298.2615
298.26133
298.26133
298.26298
298.19551
298.1968
298.18888
298.30961
298.19051
298.22708
298.22698
298.20445
298.20356
298.26004
298.24656
298.24656
298.26099
298.26099
298.26375
298.26147
298.25798
298.25798
298.28933
298.25859
298.2132
298.19625
298.21006
298.19923
298.29786
298.29786
298.19119
298.20934
298.22145
298.29586
298.23073
298.27181
298.28023
298.27751
298.27751
298.27991
298.21138
298.21217
298.20357
298.32217
298.2048
298.23947
298.23914
298.20524
298.20335
298.31739
298.31654
298.31654
298.27346
298.27346
298.27998
298.27669
298.24959
298.24959
298.2866
298.26635
298.23412
298.19864
298.21644
298.21136
298.30394
298.30394
298.19281
298.21023
298.22122
298.29203
298.24751
298.27899
298.28948
298.28965
298.28965
298.2894
298.22252
298.22729
298.21307
298.32035
298.21561
298.23932
298.23879
298.21042
298.21081
298.32533
298.32727
298.32727
298.27605
298.27605
298.28943
298.294
298.24689
298.24689
298.28479
298.28224
298.24695
298.20041
298.22001
298.22095
298.30751
298.30751
298.19428
298.21284
298.22224
298.29429
298.25129
298.27919
298.29098
298.29396
298.29396
298.29066
298.23187
298.23637
298.21672
298.32269
298.21753
298.23918
298.23893
298.21249
298.21368
298.32584
298.32618
298.32618
298.28034
298.28034
298.29377
298.29597
298.24626
298.24626
298.28261
298.28819
298.25195
298.20058
298.22093
298.22627
298.30922
298.30922
298.19577
298.21549
298.22286
298.29541
298.25023
298.28173
298.29154
298.29878
298.29878
298.29172
298.23334
298.23782
298.21701
298.31476
298.21942
298.23929
298.23923
298.21327
298.21456
298.32421
298.3219
298.3219
298.27772
298.27772
298.29465
298.30172
298.25007
298.25007
298.28452
298.29212
298.24866
298.20211
298.22221
298.23091
298.30378
298.30378
298.19636
298.21761
298.22251
298.29946
298.25006
298.28161
298.28892
298.30058
298.30058
298.29284
298.24028
298.2413
298.21807
298.31837
298.21917
298.23956
298.23962
298.21538
298.21538
298.32566
298.32378
298.32378
298.27813
298.27813
298.29719
298.30124
298.24938
298.24938
298.28186
298.29031
298.24833
298.20296
298.22313
298.23329
298.31192
298.31192
298.1992
298.22073
298.22134
298.30675
298.24544
298.28313
298.28959
298.29742
298.29742
298.29275
298.24089
298.24127
298.2184
298.31915
298.21868
298.2398
298.23976
298.2171
298.2166
298.32621
298.32164
298.32164
298.28065
298.28065
298.29632
298.29602
298.25215
298.25215
298.28007
298.28809
298.24655
298.20295
298.2225
298.23572
298.31208
298.31208
298.20134
298.22339
298.22044
298.30822
298.2435
298.2814
298.28833
298.29955
298.29955
298.28954
298.23866
298.23837
298.21838
298.31569
298.21872
298.24001
298.23993
298.21783
298.21775
298.32435
298.32302
298.32302
298.2793
298.2793
298.29574
298.30118
298.24958
298.24958
298.28319
298.28824
298.24534
298.20342
298.22131
298.2387
298.3077
298.3077
298.20241
298.22528
298.21926
298.30913
298.24395
298.28468
298.29785
298.29605
298.29605
298.29191
298.23452
298.23934
298.21689
298.31512
298.21858
298.2403
298.23999
298.22003
298.21869
298.32745
298.32118
298.32118
298.27601
298.27601
298.29738
298.29877
298.25234
298.25234
298.28378
298.28694
298.24432
298.20385
298.22008
298.23959
298.31121
298.31121
298.20658
298.22706
298.21921
298.30768
298.23982
298.28329
298.29279
298.29702
298.29702
298.29711
298.23665
298.24012
298.21692
298.32219
298.21769
298.24056
298.24001
298.22239
298.21911
298.32838
298.3285
298.3285
298.2805
298.2805
298.29653
298.2979
298.25527
298.25527
298.28574
298.28338
298.24359
298.20523
298.22011
298.24016
298.31001
298.31001
298.20855
298.22831
298.21742
298.31144
298.2385
298.28651
298.29028
298.29729
298.29729
298.29359
298.23787
298.2411
298.2127
298.32189
298.21538
298.24042
298.24001
298.2246
298.21967
298.32963
298.32503
298.32503
298.27798
298.27798
298.29833
298.29606
298.25488
298.25488
298.28313
298.28591
298.24376
298.20486
298.21879
298.24114
298.31498
298.31498
298.21193
298.2298
298.21639
298.31285
298.23866
298.28381
298.28818
298.29662
298.29662
298.28731
298.23639
298.24085
298.20881
298.32034
298.21722
298.23984
298.24039
298.22639
298.22058
298.32592
298.32818
298.32818
298.27828
298.27828
298.29762
298.29461
298.25634
298.25634
298.2889
298.28476
298.24386
298.20666
298.21787
298.24159
298.31468
298.31468
298.21473
298.23091
298.2142
298.31286
298.23426
298.28456
298.28948
298.29776
298.29776
298.28896
298.22608
298.24064
298.20426
298.31704
298.21728
298.23913
298.24032
298.22863
298.221
298.32417
298.32878
298.32878
298.27929
298.27929
298.29569
298.30038
298.25608
298.25608
298.29325
298.28463
298.24426
298.20843
298.22295
298.24018
298.31627
298.31627
298.21368
298.23159
298.21344
298.31408
298.2311
298.28601
298.29147
298.29666
298.29666
298.2937
298.22886
298.23877
298.20205
298.31676
298.2163
298.23853
298.24033
298.22962
298.22148
298.32623
298.32727
298.32727
298.27951
298.27951
298.29338
298.29403
298.25694
298.25694
298.28996
298.28352
298.24131
298.20992
298.22968
298.23872
298.31567
298.31567
298.21576
298.23241
298.21301
298.31552
298.23283
298.28922
298.29857
298.29681
298.29681
298.29447
298.2238
298.23906
298.20099
298.32011
298.21451
298.23806
298.24027
298.23067
298.22249
298.32043
298.33042
298.33042
298.27652
298.27652
298.29413
298.29713
298.25806
298.25806
298.28671
298.28715
298.2388
298.2113
298.23976
298.23444
298.31798
298.31798
298.21625
298.23273
298.21226
298.30995
298.23058
298.28546
298.29415
298.29581
298.29581
298.2941
298.2235
298.23653
298.19986
298.32033
298.21333
298.23742
298.24043
298.23172
298.22366
298.32562
298.32423
298.32423
298.27717
298.27717
298.2962
298.30422
298.25645
298.25645
298.29303
298.28174
298.23581
298.2136
298.24264
298.22653
298.31586
298.31586
298.21715
298.23349
298.21173
298.31271
298.23028
298.2873
298.29515
298.2959
298.2959
298.29729
298.22522
298.2358
298.19994
298.32599
298.21255
298.23698
298.24041
298.2325
298.22394
298.32455
298.32895
298.32895
298.27796
298.27796
298.29674
298.29434
298.25847
298.25847
298.29608
298.28367
298.23066
298.21496
298.24255
298.2253
298.3166
298.3166
298.21766
298.23375
298.21161
298.31337
298.23083
298.28898
298.2931
298.29684
298.29684
298.29268
298.22434
298.2363
298.1974
298.32715
298.21079
298.23635
298.24024
298.23306
298.22445
298.3193
298.32945
298.32945
298.28315
298.28315
298.29453
298.29941
298.26244
298.26244
298.29958
298.28316
298.22944
298.21611
298.24198
298.22629
298.31407
298.31407
298.21889
298.23433
298.21242
298.31781
298.23472
298.28674
298.29441
298.29462
298.29462
298.29199
298.22373
298.23352
298.198
298.32417
298.21019
298.23606
298.24012
298.23326
298.22589
298.31825
298.333
298.333
298.28102
298.28102
298.28887
298.30035
298.26205
298.26205
298.30574
298.28423
298.22929
298.21707
298.24132
298.22777
298.32119
298.32119
298.21885
298.23467
298.21188
298.3156
298.23491
298.28398
298.2941
298.2961
298.2961
298.29414
298.22446
298.23455
298.19753
298.32924
298.20808
298.23611
298.23994
298.23354
298.22634
298.31741
298.33009
298.33009
298.27634
298.27634
298.29734
298.29818
298.26496
298.26496
298.30401
298.28479
298.22994
298.21605
298.24086
298.22817
298.3203
298.3203
298.21964
298.23505
298.21211
298.31595
298.2338
298.28731
298.29492
298.299
298.299
298.29357
298.22553
298.23321
298.19984
298.32574
298.20781
298.23672
298.23964
298.23292
298.22653
298.31737
298.32459
298.32459
298.28026
298.28026
298.29395
298.29902
298.26818
298.26818
298.31076
298.28549
298.22811
298.21307
298.24056
298.22177
298.32066
298.32066
298.22108
298.23525
298.21102
298.31534
298.23278
298.28816
298.29539
298.29664
298.29664
298.29151
298.22662
298.23259
298.19996
298.32418
298.20883
298.23676
298.23949
298.23305
298.22653
298.31408
298.32476
298.32476
298.28447
298.28447
298.29488
298.30051
298.26613
298.26613
298.32018
298.28258
298.22451
298.21328
298.23967
298.22001
298.31693
298.31693
298.22138
298.23551
298.20952
298.31496
298.23104
298.28719
298.29286
298.29702
298.29702
298.29697
298.22334
298.23493
298.19943
298.32397
298.20986
298.23683
298.23972
298.23318
298.22708
298.3234
298.33154
298.33154
298.28298
298.28298
298.29717
298.29887
298.26827
298.26827
298.31897
298.28211
298.2251
298.21402
298.23934
298.21991
298.3225
298.3225
298.22061
298.2357
298.20965
298.31532
298.22934
298.2872
298.29703
298.29749
298.29749
298.29548
298.2264
298.23654
298.20046
298.33144
298.20967
298.23721
298.23964
298.23232
298.22743
298.32021
298.33015
298.33015
298.28108
298.28108
298.29443
298.30121
298.26985
298.26985
298.31988
298.28486
298.22496
298.21449
298.23953
298.22147
298.31979
298.31979
298.22232
298.23538
298.20744
298.31477
298.2252
298.28808
298.29581
298.29992
298.29992
298.29538
298.22454
298.23064
298.20061
298.3197
298.20899
298.23727
298.23959
298.23223
298.22752
298.31706
298.32592
298.32592
298.28284
298.28284
298.29183
298.29819
298.26811
298.26811
298.31623
298.28412
298.22396
298.21368
298.24006
298.22086
298.31869
298.31869
298.22362
298.23542
298.20617
298.3145
298.22342
298.28694
298.295
298.29481
298.29481
298.29664
298.22694
298.23444
298.20029
298.3298
298.20559
298.23711
298.23932
298.23184
298.22718
298.32063
298.32565
298.32565
298.28161
298.28161
298.29219
298.30084
298.26658
298.26658
298.31431
298.28345
298.22374
298.21292
298.24005
298.22126
298.31864
298.31864
298.22366
298.23587
298.20766
298.31904
298.22733
298.28999
298.29124
298.29819
298.29819
298.29448
298.2248
298.23353
298.19892
298.33111
298.2048
298.23734
298.23877
298.23123
298.22766
298.31975
298.32192
298.32192
298.28371
298.28371
298.29525
298.29812
298.27134
298.27134
298.32286
298.2846
298.22146
298.21338
298.23901
298.21947
298.32402
298.32402
298.22512
298.23587
298.20779
298.31657
298.22933
298.2932
298.29894
298.29209
298.29209
298.29423
298.222
298.22944
298.19976
298.32824
298.20258
298.23781
298.23839
298.22884
298.22779
298.32255
298.32732
298.32732
298.28565
298.28565
298.29328
298.29518
298.27078
298.27078
298.32186
298.28212
298.22394
298.21401
298.2388
298.21779
298.32149
298.32149
298.22664
298.23592
298.20674
298.31673
298.22915
298.29069
298.29819
298.30149
298.30149
298.29567
298.22793
298.2286
298.20069
298.32674
298.20235
298.23808
298.23821
298.22709
298.22832
298.32902
298.32783
298.32783
298.2805
298.2805
298.29235
298.29386
298.27031
298.27031
298.31759
298.28253
298.22442
298.2149
298.23866
298.21837
298.32023
298.32023
298.2267
298.2357
298.20629
298.31593
298.22771
298.28981
298.29734
298.29842
298.29842
298.29773
298.22979
298.23159
298.20134
298.33122
298.20168
298.23822
298.23791
298.22713
298.2276
298.32414
298.32521
298.32521
298.28337
298.28337
298.29
298.30069
298.27065
298.27065
298.31748
298.28167
298.22672
298.21467
298.23956
298.22008
298.3179
298.3179
298.22783
298.23538
298.20598
298.31649
298.22713
298.28547
298.2955
298.29417
298.29417
298.29369
298.23194
298.23607
298.20503
298.31999
298.2052
298.2384
298.23806
298.22721
298.22748
298.32645
298.31835
298.31835
298.28855
298.28855
298.29539
298.29923
298.27056
298.27056
298.31724
298.28653
298.22967
298.21653
298.24316
298.22515
298.32808
298.32808
298.23055
298.23574
298.20819
298.3124
298.23653
298.29815
298.30434
298.3154
298.3154
298.29805
298.24715
298.25784
298.21286
298.33957
298.213
298.23964
298.23963
298.23005
298.23013
298.32352
298.33657
298.33657
298.2924
298.2924
298.31338
298.3171
298.27739
298.27739
298.328
298.29134
298.24054
298.22142
298.24609
298.22711
298.29095
298.29095
298.20121
298.2349
298.20888
298.23529
298.29861
298.20009
298.20664
298.25088
298.26374
298.26336
298.18021
298.19448
298.22329
298.24245
298.23889
298.21142
298.28979
298.28979
298.26305
298.21632
298.17705
298.20008
298.22353
298.24409
298.24293
298.23056
298.23097
298.22599
298.23805
298.2195
298.21008
298.22354
298.24384
298.2417
298.2388
298.22819
298.23034
298.23195
298.31006
298.20869
298.22364
298.24002
298.2203
298.24134
298.24121
298.23786
298.2365
298.22733
298.2294
298.22865
298.23879
298.22388
298.23417
298.21971
298.23575
298.24267
298.23868
298.23687
298.22767
298.23063
298.23125
298.22862
298.22171
298.27598
298.20415
298.21854
298.24359
298.2407
298.23902
298.22875
298.23166
298.23404
298.31461
298.31461
298.24782
298.24782
298.19151
298.2153
298.23639
298.23481
298.23021
298.22295
298.29185
298.282
298.22682
298.24548
298.24548
298.28468
298.18142
298.21281
298.22398
298.21317
298.2501
298.23218
298.21526
298.20286
298.22061
298.21889
298.17709
298.26374
298.1656
298.19654
298.21643
298.18759
298.19723
298.20678
298.23908
298.21052
298.225
298.20839
298.22572
298.23235
298.2342
298.29861
298.22134
298.22068
298.27348
298.20709
298.27348
298.26336
298.26305
298.17793
298.18545
298.19322
298.20481
298.21031
298.21988
298.22081
298.29403
298.22592
298.29403
298.28815
298.28815
298.18418
298.20426
298.20625
298.22555
298.23294
298.23716
298.31006
298.20886
298.23368
298.22163
298.22622
298.22142
298.22605
298.24022
298.22618
298.23931
298.22323
298.22279
298.22258
298.21174
298.27598
298.20908
298.22512
298.21815
298.20852
298.18163
298.18626
298.2373
298.22598
298.22582
298.23012
298.29185
298.24997
298.17462
298.24997
298.2065
298.17609
298.19647
298.22405
298.21922
298.22376
298.282
298.2501
298.16443
298.17524
298.1995
298.28468
298.18114
298.20157
298.21997
298.18865
298.19455
298.20318
298.22488
298.19904
298.2007
298.22045
298.24816
298.21384
298.24816
298.19209
298.18368
298.18208
298.20818
298.19099
298.20122
298.22804
298.21112
298.22051
298.22219
298.17258
298.26065
298.16864
298.26492
298.26492
298.2941
298.2941
298.2944
298.29613
298.29613
298.25842
298.25842
298.21285
298.26165
298.26165
298.2615
298.26298
298.27265
298.27265
298.27105
298.27105
298.26712
298.26377
298.26377
298.26712
298.2703
298.2703
298.30737
298.30737
298.20045
298.31799
298.31799
298.30961
298.2018
298.31682
298.31682
298.21454
298.19694
298.22547
298.21686
298.19727
298.22651
298.21949
298.23873
298.22671
298.21794
298.23882
298.22566
298.17681
298.26004
298.20153
298.18199
298.3015
298.17564
298.20038
298.18067
298.30117
298.18014
298.3015
298.17874
298.26796
298.18344
298.26375
298.30117
298.18464
298.26718
298.26194
298.26194
298.26796
298.26867
298.26867
298.25555
298.26147
298.25859
298.26765
298.25834
298.26718
298.26765
298.17259
298.25555
298.16772
298.28933
298.1859
298.28995
298.28995
298.18772
298.20482
298.19703
298.20432
298.20713
298.21183
298.20977
298.27688
298.27688
298.2718
298.2718
298.20435
298.25834
298.22277
298.18322
298.18409
298.20078
298.19196
298.20137
298.21752
298.20955
298.2171
298.22076
298.17091
298.27181
298.17632
298.27707
298.27707
298.30096
298.30096
298.29586
298.29508
298.29508
298.27159
298.27159
298.24163
298.2817
298.2817
298.28023
298.27991
298.28616
298.28616
298.28822
298.28822
298.28445
298.27853
298.27853
298.28445
298.28941
298.28941
298.32493
298.32493
298.22022
298.32408
298.32408
298.32217
298.22134
298.32339
298.32339
298.23099
298.21075
298.23336
298.23183
298.21162
298.2339
298.22853
298.23932
298.22977
298.22688
298.2389
298.22828
298.19073
298.31739
298.20854
298.19184
298.32176
298.18834
298.20838
298.19475
298.32639
298.18164
298.32176
298.18804
298.2769
298.19157
298.27998
298.32639
298.19842
298.28388
298.27134
298.27134
298.2769
298.27226
298.27226
298.24838
298.27669
298.26635
298.28443
298.27822
298.28388
298.28443
298.16399
298.24838
298.1649
298.2866
298.18888
298.28494
298.28494
298.1902
298.20562
298.19998
298.20683
298.21528
298.21913
298.21997
298.27354
298.27354
298.27881
298.27881
298.21736
298.27822
298.24175
298.18436
298.1845
298.20234
298.1935
298.2033
298.21753
298.21154
298.2181
298.22115
298.18198
298.27899
298.18683
298.27959
298.27959
298.30608
298.30608
298.29203
298.29567
298.29567
298.28524
298.28524
298.25223
298.28781
298.28781
298.28948
298.2894
298.28946
298.28946
298.28933
298.28933
298.29386
298.2899
298.2899
298.29386
298.28862
298.28862
298.32457
298.32457
298.22825
298.32352
298.32352
298.32035
298.23245
298.32096
298.32096
298.23391
298.21573
298.23425
298.23465
298.21691
298.23487
298.23061
298.23919
298.23118
298.22967
298.23885
298.23061
298.192
298.32533
298.21163
298.19214
298.32782
298.19638
298.21263
298.1988
298.32877
298.19477
298.32782
298.19884
298.27867
298.20261
298.28943
298.32877
298.20386
298.2933
298.27154
298.27154
298.27867
298.27274
298.27274
298.24743
298.294
298.28224
298.2934
298.28794
298.2933
298.2934
298.16581
298.24743
298.16624
298.28479
298.19038
298.2841
298.2841
298.19118
298.20762
298.20078
298.20859
298.22324
298.22058
298.22611
298.28113
298.28113
298.28565
298.28565
298.22428
298.28794
298.25078
298.18478
298.18504
298.20426
298.19495
298.20527
298.21887
298.21408
298.2199
298.2228
298.19075
298.27919
298.19341
298.28191
298.28191
298.30772
298.30772
298.29429
298.29296
298.29296
298.29264
298.29264
298.25003
298.29247
298.29247
298.29098
298.29066
298.28951
298.28951
298.2909
298.2909
298.29721
298.29086
298.29086
298.29721
298.29286
298.29286
298.32214
298.32214
298.23216
298.31747
298.31747
298.32269
298.23714
298.32082
298.32082
298.23442
298.21715
298.23443
298.23498
298.2174
298.23512
298.23173
298.23924
298.23212
298.23132
298.23905
298.23162
298.19182
298.32584
298.21289
298.19249
298.32569
298.19828
298.21393
298.19801
298.32436
298.20103
298.32569
298.20155
298.27898
298.20508
298.29377
298.32436
298.20344
298.29141
298.26789
298.26789
298.27898
298.27085
298.27085
298.24833
298.29597
298.28819
298.29809
298.29081
298.29141
298.29809
298.16617
298.24833
298.16757
298.28261
298.19113
298.28277
298.28277
298.19164
298.20863
298.20103
298.20887
298.22708
298.22155
298.22888
298.28632
298.28632
298.289
298.289
298.22871
298.29081
298.25071
298.18563
298.18545
298.20622
298.19608
298.20693
298.22057
298.21656
298.2213
298.22322
298.19438
298.28173
298.19473
298.28198
298.28198
298.30748
298.30748
298.29541
298.29703
298.29703
298.29124
298.29124
298.24956
298.29294
298.29294
298.29154
298.29172
298.29132
298.29132
298.29173
298.29173
298.29594
298.29142
298.29142
298.29594
298.29358
298.29358
298.32026
298.32026
298.23615
298.32155
298.32155
298.31476
298.23904
298.31742
298.31742
298.23456
298.21795
298.23434
298.23503
298.2191
298.23481
298.23233
298.23942
298.23287
298.23207
298.23947
298.23253
298.1921
298.32421
298.21411
298.19235
298.32759
298.19811
298.2151
298.19843
298.32471
298.20422
298.32759
298.20877
298.27911
298.20353
298.29465
298.32471
298.20556
298.29787
298.26866
298.26866
298.27911
298.26851
298.26851
298.25023
298.30172
298.29212
298.30142
298.28921
298.29787
298.30142
298.16787
298.25023
298.16751
298.28452
298.1932
298.28488
298.28488
298.19466
298.20947
298.20347
298.21062
298.23045
298.22332
298.2325
298.29044
298.29044
298.29347
298.29347
298.23266
298.28921
298.24923
298.18471
298.18682
298.20786
298.19773
298.20954
298.22221
298.21922
298.22321
298.22243
298.1952
298.28161
298.198
298.28323
298.28323
298.31032
298.31032
298.29946
298.30123
298.30123
298.29115
298.29115
298.24714
298.29488
298.29488
298.28892
298.29284
298.2905
298.2905
298.29317
298.29317
298.3014
298.29618
298.29618
298.3014
298.29471
298.29471
298.32561
298.32561
298.24126
298.32165
298.32165
298.31837
298.2416
298.31948
298.31948
298.2342
298.21772
298.23454
298.23469
298.21922
298.23463
298.23357
298.23967
298.23413
298.23288
298.2397
298.23335
298.19347
298.32566
298.21608
298.19403
298.3302
298.19822
298.2162
298.19894
298.3245
298.20969
298.3302
298.21206
298.28029
298.205
298.29719
298.3245
298.2046
298.29706
298.26983
298.26983
298.28029
298.2651
298.2651
298.24936
298.30124
298.29031
298.2977
298.2903
298.29706
298.2977
298.16654
298.24936
298.16719
298.28186
298.19369
298.28295
298.28295
298.19426
298.21039
298.2032
298.21058
298.23334
298.22297
298.23471
298.2963
298.2963
298.29721
298.29721
298.23488
298.2903
298.24725
298.18815
298.18932
298.21115
298.20057
298.21293
298.22359
298.22214
298.22434
298.22097
298.19887
298.28313
298.19918
298.28347
298.28347
298.3132
298.3132
298.30675
298.30554
298.30554
298.29289
298.29289
298.24473
298.29312
298.29312
298.28959
298.29275
298.28771
298.28771
298.28979
298.28979
298.29633
298.29232
298.29232
298.29633
298.29087
298.29087
298.32091
298.32091
298.23908
298.31672
298.31672
298.31915
298.24203
298.31822
298.31822
298.23426
298.21868
298.234
298.23457
298.21883
298.2344
298.2346
298.23994
298.23492
298.23374
298.23984
298.23405
298.19464
298.32621
298.21756
298.19521
298.32682
298.19933
298.21723
298.20045
298.32571
298.21393
298.32682
298.21435
298.27908
298.20296
298.29632
298.32571
298.20416
298.29483
298.26957
298.26957
298.27908
298.26984
298.26984
298.25021
298.29602
298.28809
298.29796
298.2871
298.29483
298.29796
298.16739
298.25021
298.16747
298.28007
298.1939
298.28163
298.28163
298.19431
298.21025
298.20314
298.21006
298.23504
298.22183
298.23571
298.29702
298.29702
298.29789
298.29789
298.23791
298.2871
298.24638
298.18959
298.18885
298.21447
298.2017
298.21562
298.2246
298.22429
298.22489
298.22003
298.19867
298.2814
298.19947
298.28389
298.28389
298.3061
298.3061
298.30822
298.31098
298.31098
298.295
298.295
298.24376
298.29404
298.29404
298.28833
298.28954
298.29184
298.29184
298.28714
298.28714
298.29927
298.29498
298.29498
298.29927
298.29283
298.29283
298.31714
298.31714
298.23995
298.31864
298.31864
298.31569
298.23843
298.31864
298.31864
298.23406
298.21778
298.234
298.23432
298.21822
298.23436
298.23528
298.24015
298.23574
298.23438
298.23994
298.23464
298.19536
298.32435
298.21882
298.19584
298.32611
298.20035
298.21842
298.20198
298.32477
298.21542
298.32611
298.21715
298.27786
298.20297
298.29574
298.32477
298.20413
298.2979
298.27034
298.27034
298.27786
298.26746
298.26746
298.25051
298.30118
298.28824
298.30003
298.28845
298.2979
298.30003
298.16748
298.25051
298.1674
298.28319
298.19496
298.28162
298.28162
298.19512
298.21005
298.20357
298.21026
298.23629
298.22063
298.23802
298.29897
298.29897
298.30034
298.30034
298.23916
298.28845
298.24315
298.19033
298.19276
298.21707
298.20469
298.21897
298.2254
298.22625
298.22558
298.21922
298.20065
298.28468
298.20077
298.28209
298.28209
298.31389
298.31389
298.30913
298.30908
298.30908
298.2949
298.2949
298.24024
298.29419
298.29419
298.29785
298.29191
298.29494
298.29494
298.29396
298.29396
298.29229
298.29122
298.29122
298.29229
298.29415
298.29415
298.31571
298.31571
298.23626
298.31652
298.31652
298.31512
298.23975
298.31696
298.31696
298.23326
298.21796
298.23299
298.23436
298.21848
298.2342
298.23635
298.24042
298.23678
298.23496
298.24001
298.23503
298.19734
298.32745
298.22101
298.19861
298.33058
298.20182
298.21886
298.20163
298.32439
298.21981
298.33058
298.22061
298.28134
298.20414
298.29738
298.32439
298.20474
298.29406
298.2669
298.2669
298.28134
298.27222
298.27222
298.25298
298.29877
298.28694
298.30029
298.28537
298.29406
298.30029
298.16923
298.25298
298.16962
298.28378
298.19634
298.28626
298.28626
298.19755
298.21049
298.20522
298.2112
298.23854
298.22026
298.239
298.30337
298.30337
298.30686
298.30686
298.24041
298.28537
298.24556
298.19361
298.19448
298.2207
298.20783
298.22199
298.22569
298.22757
298.22584
298.21813
298.20128
298.28329
298.20259
298.28702
298.28702
298.31293
298.31293
298.30768
298.30821
298.30821
298.2914
298.2914
298.23951
298.29183
298.29183
298.29279
298.29711
298.29135
298.29135
298.29476
298.29476
298.29984
298.29585
298.29585
298.29984
298.2934
298.2934
298.31861
298.31861
298.23899
298.32034
298.32034
298.32219
298.24206
298.32182
298.32182
298.23226
298.21626
298.23139
298.23403
298.21684
298.23387
298.23735
298.24055
298.23798
298.23517
298.23999
298.2353
298.20047
298.32838
298.22322
298.20149
298.32456
298.20173
298.21937
298.20288
298.32791
298.22252
298.32456
298.22333
298.27753
298.20616
298.29653
298.32791
298.20478
298.29516
298.27333
298.27333
298.27753
298.27063
298.27063
298.25445
298.2979
298.28338
298.29673
298.28381
298.29516
298.29673
298.17146
298.25445
298.16992
298.28574
298.19773
298.28294
298.28294
298.19701
298.21098
298.20503
298.21074
298.23925
298.21988
298.23987
298.30412
298.30412
298.30246
298.30246
298.24052
298.28381
298.24439
298.19443
298.19534
298.22325
298.20985
298.22467
298.22611
298.2291
298.22622
298.21694
298.20214
298.28651
298.20167
298.28644
298.28644
298.31286
298.31286
298.31144
298.31329
298.31329
298.29357
298.29357
298.23922
298.29222
298.29222
298.29028
298.29359
298.28732
298.28732
298.29111
298.29111
298.29452
298.2923
298.2923
298.29452
298.29416
298.29416
298.32657
298.32657
298.23548
298.32583
298.32583
298.32189
298.23941
298.32137
298.32137
298.23006
298.21055
298.22886
298.23389
298.21588
298.23368
298.23857
298.24012
298.23902
298.23546
298.24016
298.23573
298.20355
298.32963
298.22496
298.20302
298.32931
298.20308
298.22017
298.20293
298.32743
298.22661
298.32931
298.22712
298.28082
298.20456
298.29833
298.32743
298.20611
298.29739
298.27141
298.27141
298.28082
298.2727
298.2727
298.25656
298.29606
298.28591
298.292
298.28631
298.29739
298.292
298.17046
298.25656
298.17322
298.28313
298.19705
298.28822
298.28822
298.19929
298.21041
298.20587
298.21096
298.23967
298.21809
298.23955
298.30254
298.30254
298.30013
298.30013
298.24168
298.28631
298.24319
298.19697
298.19852
298.22623
298.21398
298.22747
298.22625
298.23045
298.22646
298.2152
298.2008
298.28381
298.20037
298.28418
298.28418
298.31729
298.31729
298.31285
298.31042
298.31042
298.29246
298.29246
298.2375
298.29587
298.29587
298.28818
298.28731
298.28904
298.28904
298.29023
298.29023
298.29567
298.29304
298.29304
298.29567
298.29536
298.29536
298.32917
298.32917
298.233
298.32864
298.32864
298.32034
298.24065
298.3203
298.3203
298.22776
298.20512
298.22647
298.23328
298.21702
298.23286
298.23949
298.23946
298.23979
298.23601
298.24039
298.23612
298.20568
298.32592
298.22748
298.20754
298.32191
298.20425
298.22068
298.20353
298.3255
298.22728
298.32191
298.22615
298.27976
298.20681
298.29762
298.3255
298.20836
298.29606
298.2718
298.2718
298.27976
298.27085
298.27085
298.25498
298.29461
298.28476
298.29826
298.28536
298.29606
298.29826
298.17159
298.25498
298.17236
298.2889
298.20016
298.29076
298.29076
298.20088
298.2113
298.20721
298.21169
298.2388
298.21909
298.23911
298.30387
298.30387
298.30807
298.30807
298.24171
298.28536
298.24539
298.1991
298.19877
298.22829
298.21412
298.22849
298.22667
298.23124
298.22662
298.21385
298.19967
298.28456
298.19928
298.28482
298.28482
298.31217
298.31217
298.31286
298.31154
298.31154
298.294
298.294
298.23371
298.29136
298.29136
298.28948
298.28896
298.29408
298.29408
298.29264
298.29264
298.29566
298.29339
298.29339
298.29566
298.29284
298.29284
298.32559
298.32559
298.2262
298.3282
298.3282
298.31704
298.23996
298.31963
298.31963
298.22593
298.20293
298.22512
298.2326
298.21642
298.23277
298.24008
298.23889
298.24028
298.23631
298.24029
298.23665
298.20952
298.32417
298.22877
298.2101
298.32457
298.20371
298.22125
298.20391
298.32677
298.22768
298.32457
298.23064
298.28027
298.20638
298.29569
298.32677
298.20567
298.29657
298.27141
298.27141
298.28027
298.27258
298.27258
298.25852
298.30038
298.28463
298.2979
298.28287
298.29657
298.2979
298.17247
298.25852
298.173
298.29325
298.20285
298.29119
298.29119
298.20294
298.21239
298.20963
298.21354
298.24019
298.22672
298.24105
298.30601
298.30601
298.30469
298.30469
298.24013
298.28287
298.24252
298.19843
298.19847
298.22874
298.21475
298.22938
298.22662
298.23198
298.22699
298.21275
298.20001
298.28601
298.20134
298.29031
298.29031
298.31404
298.31404
298.31408
298.31176
298.31176
298.29459
298.29459
298.23156
298.29355
298.29355
298.29147
298.2937
298.29505
298.29505
298.29207
298.29207
298.29541
298.29081
298.29081
298.29541
298.29288
298.29288
298.33001
298.33001
298.22749
298.33145
298.33145
298.31676
298.23805
298.32443
298.32443
298.22411
298.20035
298.22352
298.23268
298.2149
298.23228
298.24027
298.23823
298.24036
298.23683
298.24031
298.23694
298.21143
298.32623
298.23059
298.21291
298.32368
298.20416
298.22185
298.20342
298.32462
298.23145
298.32368
298.23106
298.27748
298.20603
298.29338
298.32462
298.2061
298.29443
298.27189
298.27189
298.27748
298.27387
298.27387
298.25835
298.29403
298.28352
298.29565
298.28602
298.29443
298.29565
298.17283
298.25835
298.17323
298.28996
298.20255
298.28802
298.28802
298.2023
298.21401
298.21069
298.21525
298.24068
298.23435
298.24043
298.30635
298.30635
298.304
298.304
298.23722
298.28602
298.23908
298.19905
298.1995
298.23012
298.21569
298.23032
298.22734
298.23258
298.2273
298.21364
298.20116
298.28922
298.19944
298.28738
298.28738
298.31553
298.31553
298.31552
298.31304
298.31304
298.29223
298.29223
298.23147
298.29439
298.29439
298.29857
298.29447
298.29652
298.29652
298.29408
298.29408
298.2952
298.29071
298.29071
298.2952
298.29485
298.29485
298.32814
298.32814
298.22429
298.32892
298.32892
298.32011
298.23612
298.32075
298.32075
298.22338
298.20069
298.22266
298.23186
298.2142
298.23162
298.24036
298.23783
298.24031
298.2372
298.24034
298.23763
298.21313
298.32043
298.23135
298.21382
298.32124
298.20325
298.22298
298.20381
298.33034
298.23075
298.32124
298.23088
298.27701
298.21408
298.29413
298.33034
298.22018
298.29427
298.27234
298.27234
298.27701
298.26944
298.26944
298.25726
298.29713
298.28715
298.30491
298.28709
298.29427
298.30491
298.17397
298.25726
298.17417
298.28671
298.20218
298.29167
298.29167
298.20478
298.21804
298.21253
298.21997
298.23944
298.24221
298.23945
298.30448
298.30448
298.31356
298.31356
298.22728
298.28709
298.23587
298.20058
298.20075
298.23068
298.2167
298.23113
298.22719
298.23298
298.22746
298.21207
298.19885
298.28546
298.19935
298.28789
298.28789
298.31579
298.31579
298.30995
298.31173
298.31173
298.29266
298.29266
298.22927
298.29245
298.29245
298.29415
298.2941
298.29492
298.29492
298.29668
298.29668
298.29699
298.29129
298.29129
298.29699
298.29457
298.29457
298.33083
298.33083
298.22587
298.33268
298.33268
298.32033
298.23573
298.32145
298.32145
298.22203
298.19967
298.22163
298.23086
298.21365
298.23059
298.24034
298.23719
298.24032
298.23799
298.24041
298.23815
298.21369
298.32562
298.23221
298.21418
298.3231
298.20485
298.22381
298.20451
298.32751
298.23376
298.3231
298.23428
298.27925
298.21907
298.2962
298.32751
298.21718
298.29687
298.27152
298.27152
298.27925
298.26954
298.26954
298.25738
298.30422
298.28174
298.303
298.28555
298.29687
298.303
298.17481
298.25738
298.17476
298.29303
298.20585
298.29471
298.29471
298.20712
298.22009
298.21447
298.22042
298.23991
298.24285
298.24042
298.31192
298.31192
298.31106
298.31106
298.22449
298.28555
298.23101
298.20075
298.20116
298.23148
298.21761
298.23178
298.22727
298.23365
298.22725
298.21166
298.1985
298.2873
298.19699
298.28547
298.28547
298.31407
298.31407
298.31271
298.31383
298.31383
298.2899
298.2899
298.22969
298.28778
298.28778
298.29515
298.29729
298.29477
298.29477
298.2924
298.2924
298.29453
298.2943
298.2943
298.29453
298.29211
298.29211
298.33127
298.33127
298.22573
298.33245
298.33245
298.32599
298.23761
298.32934
298.32934
298.22166
298.19852
298.22069
298.23039
298.21159
298.22987
298.24031
298.23669
298.24019
298.23821
298.24034
298.23845
298.21479
298.32455
298.23272
298.2149
298.32225
298.20405
298.22448
298.20483
298.32639
298.23634
298.32225
298.23655
298.28079
298.21541
298.29674
298.32639
298.21439
298.29646
298.27448
298.27448
298.28079
298.27379
298.27379
298.25953
298.29434
298.28367
298.29586
298.2818
298.29646
298.29586
298.17631
298.25953
298.1799
298.29608
298.2085
298.30092
298.30092
298.21058
298.22065
298.21544
298.22131
298.24031
298.24237
298.24009
298.30895
298.30895
298.30756
298.30756
298.22664
298.2818
298.23113
298.20104
298.20147
298.23198
298.21887
298.23229
298.22739
298.23404
298.2276
298.21193
298.19846
298.28898
298.1981
298.28773
298.28773
298.31389
298.31389
298.31337
298.31542
298.31542
298.28785
298.28785
298.23114
298.2892
298.2892
298.2931
298.29268
298.2944
298.2944
298.29446
298.29446
298.29529
298.29562
298.29562
298.29529
298.29937
298.29937
298.32921
298.32921
298.22192
298.33006
298.33006
298.32715
298.23335
298.32353
298.32353
298.2202
298.19746
298.21982
298.22954
298.21124
298.22936
298.24013
298.23621
298.24023
298.23881
298.24015
298.23899
298.2164
298.3193
298.23318
298.21783
298.31713
298.20572
298.22536
298.20612
298.32915
298.23603
298.31713
298.23596
298.28203
298.21925
298.29453
298.32915
298.22228
298.28863
298.27722
298.27722
298.28203
298.27553
298.27553
298.2656
298.29941
298.28316
298.30119
298.28453
298.28863
298.30119
298.17981
298.2656
298.1805
298.29958
298.2116
298.29889
298.29889
298.21164
298.22164
298.2165
298.22181
298.23975
298.24169
298.2396
298.30672
298.30672
298.30344
298.30344
298.22575
298.28453
298.22793
298.20166
298.20138
298.23258
298.21877
298.23261
298.22805
298.23447
298.22818
298.21218
298.19744
298.28674
298.1967
298.28552
298.28552
298.31464
298.31464
298.31781
298.31247
298.31247
298.29211
298.29211
298.23187
298.2965
298.2965
298.29441
298.29199
298.2924
298.2924
298.29603
298.29603
298.29467
298.29353
298.29353
298.29467
298.29466
298.29466
298.33031
298.33031
298.22286
298.33129
298.33129
298.32417
298.23335
298.32481
298.32481
298.21966
298.19732
298.21941
298.22919
298.20914
298.22838
298.24023
298.23602
298.24014
298.23921
298.24004
298.23941
298.21753
298.31825
298.23342
298.21756
298.3192
298.2065
298.22625
298.20666
298.33228
298.23649
298.3192
298.23609
298.28003
298.23022
298.28887
298.33228
298.22948
298.29874
298.27375
298.27375
298.28003
298.27719
298.27719
298.26236
298.30035
298.28423
298.2981
298.28304
298.29874
298.2981
298.18313
298.26236
298.18469
298.30574
298.21303
298.30512
298.30512
298.21224
298.2222
298.21701
298.22224
298.23906
298.24114
298.23889
298.30409
298.30409
298.3048
298.3048
298.22884
298.28304
298.23102
298.20265
298.20296
298.23284
298.21911
298.2332
298.22826
298.23502
298.22862
298.21227
298.19622
298.28398
298.19705
298.28689
298.28689
298.31918
298.31918
298.3156
298.31794
298.31794
298.28858
298.28858
298.2334
298.28896
298.28896
298.2941
298.29414
298.29521
298.29521
298.29208
298.29208
298.30035
298.29366
298.29366
298.30035
298.29494
298.29494
298.33384
298.33384
298.22343
298.32836
298.32836
298.32924
298.23402
298.32414
298.32414
298.21989
298.19912
298.22064
298.22763
298.20843
298.22765
298.2402
298.23643
298.24033
298.23948
298.2398
298.23952
298.21724
298.31741
298.23303
298.21783
298.31492
298.20681
298.22648
298.20817
298.32671
298.23776
298.31492
298.23572
298.27956
298.22976
298.29734
298.32671
298.23025
298.29476
298.28216
298.28216
298.27956
298.27798
298.27798
298.26935
298.29818
298.28479
298.30037
298.28469
298.29476
298.30037
298.18653
298.26935
298.19458
298.30401
298.20876
298.31167
298.31167
298.20495
298.22191
298.215
298.22172
298.23885
298.24094
298.23892
298.30771
298.30771
298.31367
298.31367
298.22321
298.28469
298.22877
298.20308
298.2035
298.23335
298.22028
298.23369
298.22837
298.23516
298.22825
298.21153
298.19669
298.28731
298.19664
298.28728
298.28728
298.32122
298.32122
298.31595
298.31417
298.31417
298.29186
298.29186
298.23322
298.29524
298.29524
298.29492
298.29357
298.29634
298.29634
298.2933
298.2933
298.29789
298.29596
298.29596
298.29789
298.29897
298.29897
298.33106
298.33106
298.22683
298.33223
298.33223
298.32574
298.2325
298.32667
298.32667
298.22137
298.20056
298.22146
298.22717
298.20682
298.22672
298.24033
298.23681
298.24032
298.23951
298.2395
298.2394
298.21627
298.31737
298.23292
298.21596
298.31781
298.20797
298.22634
298.20678
298.32245
298.2333
298.31781
298.23362
298.28174
298.22871
298.29395
298.32245
298.22356
298.29346
298.27893
298.27893
298.28174
298.28071
298.28071
298.26772
298.29902
298.28549
298.3019
298.28415
298.29346
298.3019
298.19489
298.26772
298.19697
298.31076
298.20211
298.3154
298.3154
298.20349
298.22069
298.2131
298.22074
298.23876
298.24026
298.23841
298.31317
298.31317
298.31158
298.31158
298.22158
298.28415
298.22652
298.20399
298.20458
298.23419
298.22166
298.23479
298.22785
298.23551
298.22773
298.21071
298.1965
298.28816
298.19653
298.28744
298.28744
298.3166
298.3166
298.31534
298.31677
298.31677
298.29741
298.29741
298.23154
298.29626
298.29626
298.29539
298.29151
298.29267
298.29267
298.29253
298.29253
298.29512
298.2977
298.2977
298.29512
298.29635
298.29635
298.33142
298.33142
298.22313
298.32934
298.32934
298.32418
298.23626
298.33078
298.33078
298.22128
298.1999
298.22118
298.22686
298.20846
298.22685
298.24027
298.23678
298.24036
298.2396
298.23959
298.23969
298.21566
298.31408
298.23321
298.21794
298.31836
298.20626
298.2269
298.20721
298.32627
298.23443
298.31836
298.23897
298.28446
298.22228
298.29488
298.32627
298.2233
298.29611
298.27849
298.27849
298.28446
298.27655
298.27655
298.26773
298.30051
298.28258
298.29406
298.28108
298.29611
298.29406
298.19722
298.26773
298.19748
298.32018
298.20784
298.31918
298.31918
298.21025
298.22054
298.21374
298.22059
298.23781
298.23948
298.23754
298.31004
298.31004
298.31058
298.31058
298.22056
298.28108
298.22494
298.20409
298.20415
298.2348
298.22089
298.23466
298.22748
298.23552
298.22778
298.20987
298.19777
298.28719
298.19839
298.28909
298.28909
298.3227
298.3227
298.31496
298.31621
298.31621
298.29391
298.29391
298.231
298.29582
298.29582
298.29286
298.29697
298.29127
298.29127
298.29532
298.29532
298.2965
298.29598
298.29598
298.2965
298.29305
298.29305
298.33137
298.33137
298.22567
298.3296
298.3296
298.32397
298.23646
298.32555
298.32555
298.22128
298.19965
298.22165
298.22736
298.2105
298.22741
298.24051
298.23698
298.24052
298.2397
298.2397
298.23972
298.21806
298.3234
298.23292
298.21737
298.32186
298.20821
298.22726
298.20845
298.32964
298.24282
298.32186
298.242
298.28283
298.22869
298.29717
298.32964
298.23237
298.29584
298.28226
298.28226
298.28283
298.28395
298.28395
298.27082
298.29887
298.28211
298.3026
298.28424
298.29584
298.3026
298.19797
298.27082
298.19923
298.31897
298.21013
298.32134
298.32134
298.2111
298.22067
298.21451
298.22088
298.23751
298.23944
298.23766
298.31332
298.31332
298.3131
298.3131
298.22067
298.28424
298.22468
298.20449
298.20497
298.23481
298.22142
298.23504
298.22716
298.23566
298.22618
298.2085
298.19689
298.2872
298.19606
298.28747
298.28747
298.32129
298.32129
298.31532
298.31319
298.31319
298.29426
298.29426
298.22572
298.29337
298.29337
298.29703
298.29548
298.29311
298.29311
298.29437
298.29437
298.29654
298.29506
298.29506
298.29654
298.29379
298.29379
298.33142
298.33142
298.22473
298.33001
298.33001
298.33144
298.23614
298.32787
298.32787
298.22202
298.2003
298.22223
298.22722
298.20924
298.22734
298.2405
298.23735
298.24045
298.23977
298.23961
298.2398
298.2173
298.32021
298.23205
298.21632
298.31872
298.20931
298.22738
298.20957
298.32793
298.24279
298.31872
298.23911
298.28463
298.2373
298.29443
298.32793
298.23681
298.29317
298.2869
298.2869
298.28463
298.28551
298.28551
298.26875
298.30121
298.28486
298.29973
298.28327
298.29317
298.29973
298.19861
298.26875
298.19772
298.31988
298.21099
298.31785
298.31785
298.20966
298.22089
298.21439
298.22112
298.23777
298.2399
298.23819
298.31153
298.31153
298.31096
298.31096
298.22123
298.28327
298.22545
298.20536
298.20564
298.23514
298.22317
298.2355
298.22568
298.23538
298.22575
298.20646
298.19659
298.28808
298.19733
298.28637
298.28637
298.31884
298.31884
298.31477
298.31179
298.31179
298.29001
298.29001
298.22307
298.29228
298.29228
298.29581
298.29538
298.28987
298.28987
298.29568
298.29568
298.29877
298.29236
298.29236
298.29877
298.29298
298.29298
298.33235
298.33235
298.22698
298.33076
298.33076
298.3197
298.23285
298.32981
298.32981
298.22194
298.20041
298.22177
298.22718
298.20657
298.2265
298.24034
298.23713
298.24035
298.23985
298.23953
298.23983
298.21525
298.31706
298.23215
298.21612
298.3176
298.21041
298.22738
298.20982
298.32521
298.23635
298.3176
298.234
298.28534
298.2366
298.29183
298.32521
298.23557
298.28972
298.28403
298.28403
298.28534
298.2826
298.2826
298.26603
298.29819
298.28412
298.30086
298.28483
298.28972
298.30086
298.1966
298.26603
298.19506
298.31623
298.2066
298.31398
298.31398
298.20395
298.221
298.21314
298.22069
298.23843
298.23997
298.2385
298.31045
298.31045
298.30864
298.30864
298.22104
298.28483
298.22299
298.20567
298.20536
298.23569
298.2236
298.23568
298.22567
298.23553
298.22603
298.20662
298.19696
298.28694
298.19666
298.28882
298.28882
298.314
298.314
298.3145
298.31785
298.31785
298.29462
298.29462
298.22628
298.29331
298.29331
298.295
298.29664
298.29712
298.29712
298.2958
298.2958
298.29745
298.29486
298.29486
298.29745
298.29658
298.29658
298.33317
298.33317
298.22618
298.33173
298.33173
298.3298
298.23386
298.33218
298.33218
298.2217
298.20005
298.22183
298.22584
298.20544
298.2257
298.24034
298.2372
298.24022
298.23979
298.23918
298.23971
298.21545
298.32063
298.23149
298.21377
298.32371
298.2086
298.22721
298.20797
298.32399
298.23412
298.32371
298.23528
298.28456
298.23267
298.29219
298.32399
298.23209
298.29082
298.28392
298.28392
298.28456
298.28498
298.28498
298.27003
298.30084
298.28345
298.29962
298.28499
298.29082
298.29962
298.19452
298.27003
298.19701
298.31431
298.20377
298.31855
298.31855
298.20502
298.22075
298.21339
298.22092
298.2386
298.23988
298.23824
298.30912
298.30912
298.31086
298.31086
298.22126
298.28499
298.223
298.20466
298.20501
298.23581
298.22391
298.23586
298.22661
298.23583
298.22643
298.20778
298.19888
298.28999
298.19958
298.29083
298.29083
298.32509
298.32509
298.31904
298.31771
298.31771
298.29241
298.29241
298.23038
298.29089
298.29089
298.29124
298.29448
298.29587
298.29587
298.29303
298.29303
298.29083
298.29729
298.29729
298.29083
298.296
298.296
298.33047
298.33047
298.22468
298.32944
298.32944
298.33111
298.23292
298.32942
298.32942
298.22197
298.19977
298.22235
298.22503
298.20439
298.22446
298.24007
298.23756
298.23993
298.23979
298.23848
298.23977
298.21427
298.31975
298.22999
298.21183
298.31824
298.20784
298.2275
298.20772
298.32536
298.23684
298.31824
298.23066
298.2877
298.22666
298.29525
298.32536
298.22739
298.29442
298.28371
298.28371
298.2877
298.2854
298.2854
298.26977
298.29812
298.2846
298.29666
298.27977
298.29442
298.29666
298.20056
298.26977
298.19891
298.32286
298.20878
298.32066
298.32066
298.21069
298.22049
298.21358
298.22081
298.23746
298.23904
298.23747
298.30717
298.30717
298.31041
298.31041
298.21834
298.27977
298.22254
298.20664
298.20771
298.23623
298.22623
298.23679
298.22653
298.23585
298.22568
298.20692
298.1998
298.2932
298.19958
298.28927
298.28927
298.32276
298.32276
298.31657
298.31525
298.31525
298.29447
298.29447
298.22749
298.29413
298.29413
298.29894
298.29423
298.29541
298.29541
298.2952
298.2952
298.296
298.29465
298.29465
298.296
298.29609
298.29609
298.32198
298.32198
298.2237
298.32609
298.32609
298.32824
298.22931
298.32884
298.32884
298.22276
298.20085
298.22314
298.22429
298.20237
298.2244
298.23975
298.23807
298.23958
298.23974
298.23834
298.23967
298.20958
298.32255
298.22743
298.20619
298.32915
298.20713
298.22797
298.20753
298.3256
298.23063
298.32915
298.23134
298.2786
298.22759
298.29328
298.3256
298.22771
298.29191
298.28433
298.28433
298.2786
298.28331
298.28331
298.26884
298.29518
298.28212
298.29544
298.28327
298.29191
298.29544
298.19945
298.26884
298.19929
298.32186
298.21135
298.32268
298.32268
298.21147
298.22084
298.21443
298.22128
298.23705
298.23892
298.23723
298.31405
298.31405
298.31283
298.31283
298.2175
298.28327
298.22335
298.20778
298.20834
298.23717
298.2269
298.23731
298.22543
298.23587
298.22534
298.20662
298.19951
298.29069
298.20052
298.29277
298.29277
298.32037
298.32037
298.31673
298.31621
298.31621
298.29279
298.29279
298.22943
298.29173
298.29173
298.29819
298.29567
298.29805
298.29805
298.29453
298.29453
298.30015
298.29936
298.29936
298.30015
298.29389
298.29389
298.33125
298.33125
298.22647
298.33042
298.33042
298.32674
298.22954
298.32486
298.32486
298.22293
298.20063
298.22336
298.22385
298.20175
298.2234
298.23947
298.23818
298.23946
298.2396
298.23803
298.23953
298.20641
298.32902
298.22718
298.20807
298.32354
298.20881
298.22816
298.20964
298.32638
298.23184
298.32354
298.23307
298.28239
298.2317
298.29235
298.32638
298.23216
298.29131
298.28223
298.28223
298.28239
298.2832
298.2832
298.2692
298.29386
298.28253
298.29422
298.28107
298.29131
298.29422
298.19731
298.2692
298.1952
298.31759
298.21198
298.31573
298.31573
298.20877
298.22116
298.21461
298.22147
298.2371
298.23893
298.23743
298.31117
298.31117
298.31353
298.31353
298.21811
298.28107
298.22556
298.20798
298.20799
298.23731
298.22793
298.23702
298.22512
298.23551
298.22432
298.20569
298.1995
298.28981
298.1962
298.28656
298.28656
298.31916
298.31916
298.31593
298.31478
298.31478
298.29121
298.29121
298.22668
298.29194
298.29194
298.29734
298.29773
298.29107
298.29107
298.297
298.297
298.30018
298.29622
298.29622
298.30018
298.29512
298.29512
298.33403
298.33403
298.23324
298.33283
298.33283
298.33122
298.23423
298.33006
298.33006
298.2236
298.20251
298.22393
298.22367
298.2023
298.22389
298.23936
298.2383
298.2393
298.23941
298.23791
298.23928
298.20933
298.32414
298.22718
298.20862
298.3308
298.20841
298.22744
298.20886
298.31632
298.2325
298.3308
298.23337
298.28614
298.23154
298.29
298.31632
298.22945
298.29264
298.28576
298.28576
298.28614
298.28474
298.28474
298.27423
298.30069
298.28167
298.3028
298.28286
298.29264
298.3028
298.1953
298.27423
298.19802
298.31748
298.20726
298.31542
298.31542
298.2056
298.22199
298.2151
298.22314
298.23814
298.24071
298.2393
298.31213
298.31213
298.30946
298.30946
298.22408
298.28286
298.22836
298.20785
298.20772
298.23698
298.228
298.2371
298.22396
298.23543
298.22453
298.20762
298.19589
298.28547
298.19805
298.28958
298.28958
298.32023
298.32023
298.31649
298.31917
298.31917
298.29175
298.29175
298.23145
298.29325
298.29325
298.2955
298.29369
298.30615
298.30615
298.30322
298.30322
298.30066
298.29117
298.29117
298.30066
298.2935
298.2935
298.32085
298.32085
298.23508
298.32571
298.32571
298.31999
298.24099
298.32357
298.32357
298.22502
298.20899
298.22628
298.22443
298.20895
298.22656
298.23905
298.23883
298.23906
298.23911
298.23844
298.23912
298.20978
298.32645
298.2275
298.21053
298.33028
298.2101
298.22832
298.20985
298.3398
298.23757
298.33028
298.24672
298.2973
298.23178
298.29539
298.3398
298.24059
298.30673
298.28451
298.28451
298.2973
298.29412
298.29412
298.27009
298.29923
298.28653
298.30478
298.29525
298.30673
298.30478
298.19818
298.27009
298.19938
298.31724
298.20667
298.32127
298.32127
298.2093
298.22554
298.22087
298.23188
298.24167
298.25008
298.24886
298.31293
298.31293
298.321
298.321
298.22894
298.29525
298.23523
298.20937
298.21111
298.23783
298.23178
298.23759
298.22555
298.23414
298.22359
298.20796
298.2032
298.29815
298.19968
298.28565
298.28565
298.31721
298.31721
298.3124
298.31743
298.31743
298.29771
298.29771
298.2426
298.30625
298.30625
298.30434
298.29805
298.28916
298.28916
298.28875
298.28875
298.31368
298.29802
298.29802
298.31368
298.30443
298.30443
298.33454
298.33454
298.24276
298.32289
298.32289
298.33957
298.25514
298.32763
298.32763
298.22934
298.21426
298.23037
298.23009
298.21423
298.2277
298.23963
298.23879
298.23923
298.23979
298.23801
298.2385
298.21284
298.32352
298.23086
298.21804
298.30272
298.21249
298.22842
298.21237
298.32621
298.2465
298.30272
298.23971
298.28201
298.24694
298.31338
298.32621
298.24159
298.30315
298.28904
298.28904
298.28201
298.27242
298.27242
298.26311
298.3171
298.29134
298.31211
298.2782
298.30315
298.31211
298.20279
298.26311
298.20046
298.328
298.21553
298.31946
298.31946
298.2113
298.22853
298.21373
298.21731
298.24511
298.23561
298.23458
298.31473
298.31473
298.29921
298.29921
298.23128
298.2782
298.25112
298.20744
298.21272
298.22542
298.23659
298.23905
298.24367
298.24384
298.24394
298.24243
298.22797
298.2372
298.22426
298.21207
298.21636
298.22405
298.23758
298.23927
298.2438
298.24377
298.24301
298.24076
298.24015
298.23974
298.23732
298.23005
298.22843
298.22957
298.2339
298.23086
298.23193
298.21672
298.21897
298.22167
298.23555
298.23201
298.24369
298.24319
298.24324
298.24138
298.23987
298.23994
298.23861
298.23645
298.23758
298.23547
298.22924
298.2277
298.22878
298.23098
298.22994
298.23023
298.23249
298.23044
298.22543
298.22478
298.22059
298.22513
298.24352
298.24208
298.24333
298.23899
298.24069
298.23849
298.23731
298.2374
298.23692
298.23467
298.23616
298.23443
298.22841
298.2273
298.22859
298.22897
298.2298
298.22949
298.22627
298.22927
298.22663
298.22189
298.21346
298.21909
298.24393
298.22706
298.24303
298.24021
298.24426
298.24183
298.2377
298.23985
298.23879
298.23498
298.23809
298.23605
298.22917
298.22823
298.22967
298.23115
298.23124
298.23215
298.22795
298.23322
298.23649
298.2294
298.20132
298.21353
298.24264
298.22806
298.24173
298.23948
298.24149
298.24045
298.23701
298.23995
298.2379
298.2302
298.22925
298.22991
298.23275
298.23109
298.23421
298.23115
298.2078
298.21903
298.23568
298.22799
298.23324
298.23548
298.2356
298.23703
298.23207
298.23255
298.219
)
;
        refGradient     uniform 0;
        valueFraction   nonuniform List<scalar> 
4936
(
0.059555625
0.1058507
0.042661758
0.052051794
0.021728013
0.059500705
0.029014028
0.057426427
0.060342
0.060570563
0.06111553
0.050273518
0.029167134
0.028864425
0.020395901
0.059141568
0.020807074
0.052390053
0.052523398
0.042195701
0.041981733
0.1065848
0.055238455
0.10678035
0.050013536
0.057081645
0.056913702
0.060726207
0.057783829
0.049976122
0.10814733
0.050049107
0.029116727
0.045988062
0.05431914
0.023614418
0.059676258
0.10814881
0.042578962
0.051874799
0.021271755
0.059789967
0.028966036
0.057800664
0.061079133
0.061624276
0.061227227
0.050180789
0.029078764
0.029034033
0.021384345
0.059635942
0.021534263
0.051653565
0.051663974
0.042473219
0.042431603
0.10782951
0.060914808
0.10701709
0.050261365
0.057390888
0.057037911
0.061440983
0.057152041
0.050334273
0.10853757
0.050156649
0.029352973
0.046006885
0.054356653
0.023569587
0.059915805
0.10672558
0.042369122
0.051935219
0.0213357
0.059748084
0.029000789
0.057290324
0.061220944
0.061811513
0.061026305
0.049867065
0.029008775
0.028966868
0.021387181
0.05976291
0.021476343
0.051842724
0.051908794
0.042520047
0.04246798
0.10784686
0.059739714
0.10780485
0.049909676
0.057436853
0.05724549
0.061329829
0.057353967
0.050312001
0.10984993
0.050364677
0.029376309
0.046135524
0.05439819
0.023448068
0.059988771
0.10674912
0.04244843
0.051969905
0.021565684
0.05995616
0.029013985
0.057138116
0.061224958
0.061461672
0.061108028
0.050172011
0.029069472
0.029033225
0.021340018
0.059742727
0.021304257
0.051888131
0.051920803
0.042450235
0.042329423
0.10764312
0.060306653
0.10606936
0.05023524
0.0575199
0.057059471
0.061513946
0.057245104
0.050052025
0.10899048
0.050237995
0.029410785
0.046118777
0.054398317
0.023503254
0.059664535
0.10773579
0.042523154
0.051955329
0.021317422
0.059710141
0.029009672
0.056843585
0.061626529
0.061541311
0.061228945
0.050037045
0.029243023
0.029081884
0.021395252
0.060286933
0.02140694
0.051870806
0.051882426
0.04252767
0.042426337
0.10755748
0.06007924
0.10696541
0.050163929
0.056951212
0.057495342
0.061095593
0.057474875
0.050371712
0.10930081
0.050300946
0.029398655
0.046128995
0.054407858
0.023530337
0.059107273
0.10901647
0.042734091
0.051971942
0.021423978
0.059765017
0.029084698
0.057474641
0.060946094
0.061187884
0.061789676
0.0503005
0.02902221
0.029050575
0.021276023
0.060070008
0.021406726
0.051883867
0.0518981
0.042566917
0.042425778
0.10801384
0.059374004
0.10804384
0.049898582
0.057050903
0.057483379
0.061026723
0.057999714
0.049953793
0.10999878
0.050485214
0.029357386
0.046270437
0.054422145
0.023529415
0.059920285
0.10664852
0.042344996
0.051910056
0.021320688
0.060297696
0.028949307
0.057284271
0.061262031
0.061610024
0.061155621
0.050054457
0.029096474
0.029059696
0.021492142
0.059798418
0.021505996
0.05187893
0.051904023
0.042375147
0.042398274
0.10653943
0.059843118
0.10729251
0.050367766
0.057001396
0.057331151
0.061202885
0.057600954
0.05025369
0.10709544
0.050568283
0.029335648
0.04585529
0.054366028
0.02361256
0.059650444
0.10799751
0.042604763
0.051952085
0.021363227
0.060092631
0.028950615
0.056974129
0.061759784
0.061266336
0.061411721
0.050268471
0.029024572
0.029189616
0.021385521
0.060030673
0.021309337
0.051912187
0.051845066
0.042393977
0.042342399
0.10693871
0.059950259
0.10666851
0.050286468
0.057234062
0.057500112
0.061153043
0.057222034
0.050239791
0.10786227
0.050169103
0.029408067
0.045999015
0.054338233
0.023458236
0.059891574
0.10749625
0.042534607
0.051905185
0.021271134
0.059339905
0.028976738
0.057390355
0.061366306
0.061434782
0.061493317
0.049950327
0.029059734
0.028979434
0.021485663
0.059910407
0.021358316
0.051913593
0.051896545
0.042544631
0.042346987
0.10780622
0.060199607
0.10632195
0.049766186
0.057455251
0.056709563
0.061895569
0.057168115
0.050438641
0.10858908
0.050566422
0.029353393
0.04611746
0.054394373
0.023530297
0.060061211
0.10675305
0.042461425
0.051900723
0.021195215
0.059654996
0.029042804
0.057478047
0.061323807
0.061487536
0.061403671
0.050633862
0.029069539
0.029023117
0.021367714
0.0597036
0.021323394
0.051866078
0.051897802
0.042382501
0.042420572
0.10697135
0.059419097
0.10793856
0.050203508
0.057065611
0.057613592
0.061012139
0.057452619
0.050406252
0.10775783
0.050220983
0.029365585
0.045889016
0.054378684
0.023580369
0.059793883
0.10735354
0.042493423
0.051955613
0.021361147
0.059544822
0.028898117
0.057094796
0.06168007
0.061898651
0.061104127
0.050381798
0.028926642
0.028986049
0.021449525
0.059888905
0.021322739
0.051882169
0.051894733
0.042211537
0.042548585
0.10591548
0.05982958
0.10758449
0.049959385
0.05772274
0.057420878
0.061474678
0.057191201
0.050104012
0.10887328
0.050249404
0.029528739
0.046106606
0.054393139
0.023498301
0.059868171
0.10743571
0.042542569
0.051930057
0.021399451
0.059978055
0.029073344
0.057310598
0.061262808
0.061326282
0.061591415
0.050150879
0.029005733
0.029077259
0.021305122
0.060396824
0.021532412
0.051922214
0.051909829
0.04228473
0.04252587
0.10595167
0.059984154
0.10781748
0.050210356
0.056957573
0.057174874
0.061615044
0.057381317
0.0504763
0.1088145
0.050158983
0.029427565
0.0460987
0.054399962
0.023556852
0.060362659
0.106086
0.042291045
0.05192272
0.021304643
0.059803621
0.029015022
0.056951539
0.061594155
0.061862836
0.061014548
0.050186088
0.029007816
0.029094024
0.021332854
0.059821038
0.021407936
0.051948286
0.051940368
0.042571908
0.042552469
0.1085571
0.05962511
0.10821233
0.050058589
0.056979873
0.057168017
0.061800154
0.057730903
0.050168861
0.1097697
0.050221438
0.029359307
0.046213187
0.054415428
0.023557766
0.060271839
0.10626273
0.042312539
0.051908217
0.021413848
0.059946705
0.028928948
0.057600822
0.061252727
0.061803085
0.061139418
0.050226854
0.029131344
0.029037677
0.021274524
0.060110404
0.021238089
0.051894566
0.051874342
0.042497495
0.042302463
0.10766044
0.060250742
0.10603301
0.049963552
0.05741966
0.057239384
0.061482435
0.057534326
0.050101497
0.10826827
0.050249506
0.029367607
0.046039156
0.054397937
0.0236043
0.060264628
0.10634726
0.04234132
0.051917094
0.021347299
0.059817767
0.02885496
0.057671298
0.061214258
0.061575411
0.061623189
0.049913439
0.029107137
0.028913138
0.021336297
0.059950257
0.021368205
0.051886961
0.051908399
0.04232126
0.042492759
0.10657584
0.059843905
0.1074905
0.049932908
0.057224672
0.057032124
0.061479196
0.057853316
0.049972045
0.10964081
0.050351507
0.029349882
0.046118397
0.054393886
0.023432898
0.060171704
0.10706401
0.042477995
0.05194618
0.021327667
0.0594805
0.029014118
0.057302078
0.061314968
0.06142554
0.061635625
0.050123278
0.029037273
0.028937774
0.021237611
0.060107009
0.021422528
0.051898813
0.051889344
0.042522702
0.042429446
0.10796969
0.059942348
0.10713081
0.050248015
0.056981592
0.057102154
0.061667522
0.057588855
0.050238834
0.10796728
0.050362228
0.029388365
0.045913291
0.05440215
0.023569284
0.059951364
0.10722809
0.042425968
0.051901796
0.021456956
0.059909761
0.029020132
0.057202687
0.061418524
0.061602189
0.061162728
0.050198344
0.028946474
0.02904107
0.021281159
0.0596892
0.021439501
0.051894436
0.051887343
0.042371969
0.042322797
0.10705202
0.060140415
0.10647173
0.049856498
0.057380746
0.057107682
0.061734527
0.057692175
0.049991991
0.10939465
0.050403928
0.029444925
0.046127882
0.054412827
0.023616121
0.059938012
0.10711798
0.042404597
0.05193
0.021382333
0.059458414
0.028989866
0.057315967
0.061497401
0.061673818
0.061306288
0.050123991
0.029034638
0.0289176
0.021205542
0.059942972
0.021275826
0.05183759
0.051874069
0.042403601
0.04249683
0.1073725
0.060230079
0.10702817
0.050012258
0.05744136
0.057170464
0.06145014
0.057542112
0.050172436
0.10899195
0.050038091
0.029471317
0.046092086
0.054398645
0.02347232
0.059933696
0.10714969
0.042568774
0.051897077
0.021269566
0.060171348
0.029056361
0.057435252
0.061319908
0.060918905
0.061946122
0.049980398
0.02898796
0.028949913
0.021298314
0.060249315
0.02120676
0.051866179
0.05185013
0.042378939
0.04262838
0.10636794
0.059943166
0.10758229
0.050084538
0.057280202
0.057290429
0.061486547
0.057246609
0.050271439
0.1084173
0.0503727
0.029389795
0.046086168
0.054390276
0.023534579
0.060180414
0.1073302
0.042549088
0.051953377
0.021435648
0.059411453
0.028961491
0.057855547
0.060783531
0.061437424
0.061591105
0.049915574
0.029011776
0.029013425
0.021290597
0.059829763
0.021298436
0.051907904
0.051883723
0.042378028
0.042332584
0.10706508
0.060326439
0.10655959
0.050008599
0.057392623
0.056952656
0.061549003
0.0572468
0.050261462
0.10864372
0.050494952
0.029331897
0.046001916
0.054403046
0.023555446
0.060204069
0.10616461
0.042310638
0.051932852
0.021339714
0.059786462
0.028993755
0.057420164
0.06125478
0.0616686
0.061166237
0.05025413
0.029023243
0.029017379
0.021345944
0.05978122
0.021377772
0.051853281
0.051874587
0.042242442
0.042363905
0.10615971
0.059975905
0.10704775
0.050036348
0.057175158
0.057268731
0.061402938
0.057671061
0.050112418
0.10942548
0.050413672
0.029390433
0.046044013
0.054400892
0.023489469
0.059994127
0.10683701
0.042365557
0.051944457
0.02136807
0.059787768
0.028939053
0.056852053
0.061640262
0.061834823
0.06082647
0.050206186
0.028945387
0.029140262
0.021348802
0.060305601
0.021451318
0.051857779
0.051861587
0.042321109
0.042451378
0.10627962
0.060424698
0.10618083
0.05003063
0.056983895
0.056989642
0.061757966
0.057647762
0.050290038
0.10884161
0.050202813
0.029348298
0.046049858
0.054454648
0.023726019
0.060088086
0.1067916
0.042458277
0.051945112
0.021403787
0.059776198
0.029102522
0.057402605
0.061700665
0.061357794
0.061509364
0.049976385
0.029002212
0.029006852
0.021330754
0.060103643
0.021464805
0.051866349
0.051867808
0.042358261
0.042452497
0.1065603
0.060129657
0.10717885
0.050230163
0.057054479
0.056890603
0.06171555
0.057322642
0.050460701
0.10927645
0.050122365
0.029343193
0.046082039
0.054367722
0.023487157
0.0602135
0.10700551
0.042452086
0.051905725
0.021526458
0.060225909
0.029033762
0.057024224
0.061617357
0.061351674
0.061552587
0.049826219
0.029020581
0.029042016
0.021433735
0.059882347
0.021379761
0.051907705
0.051891278
0.042422699
0.042389949
0.10700132
0.060400299
0.1067957
0.050129882
0.05715919
0.056924821
0.061452876
0.057293573
0.050415589
0.10795222
0.05038741
0.029451125
0.045986444
0.054371985
0.023572468
0.060292612
0.10618147
0.042306573
0.051920958
0.021523753
0.059999088
0.028956308
0.057048111
0.061531691
0.061877839
0.061204691
0.050211544
0.029048687
0.029042056
0.02146965
0.059658007
0.02137177
0.051915717
0.051883826
0.042427551
0.042406865
0.10699588
0.06004145
0.10719681
0.049689341
0.057695167
0.056793861
0.061553959
0.057445432
0.050127477
0.10832351
0.050390655
0.029402566
0.046023541
0.054335112
0.023408233
0.060008793
0.10712399
0.042525541
0.051921972
0.021343405
0.060046739
0.02907151
0.057388742
0.061308838
0.061576204
0.06111951
0.050091641
0.029080283
0.029065187
0.021308595
0.059663234
0.021328364
0.051907439
0.051908458
0.042600104
0.042396112
0.10857571
0.059942628
0.10724604
0.050018674
0.057153141
0.057052105
0.061706882
0.057460877
0.050272401
0.10835845
0.050192292
0.029367458
0.04602084
0.054416076
0.023567118
0.059742662
0.10746995
0.04254437
0.051951678
0.02141279
0.059469091
0.02906327
0.057214964
0.061365091
0.061652057
0.061112223
0.050394409
0.028990942
0.029061988
0.021356307
0.06005432
0.021370026
0.051959831
0.051876715
0.042630377
0.042641897
0.10851938
0.059410505
0.10842771
0.050058612
0.057858648
0.05733035
0.061553066
0.056925275
0.050348193
0.10942303
0.050376736
0.029431522
0.046182672
0.054465032
0.023606774
0.060123012
0.10703185
0.042497353
0.051951055
0.021354731
0.059299264
0.028979095
0.057078352
0.061488086
0.061458293
0.061520391
0.05031875
0.028984369
0.028926593
0.021513298
0.059810019
0.021278605
0.051996468
0.05189316
0.042595983
0.042382918
0.10859491
0.059649217
0.10736344
0.050322839
0.057355081
0.0571438
0.061538574
0.057397486
0.049996308
0.10889543
0.050083014
0.029480108
0.046096376
0.05438383
0.023449354
0.060450209
0.10637735
0.042411635
0.051928393
0.021294184
0.059724152
0.028984621
0.056902503
0.061666476
0.061592689
0.061499098
0.050083713
0.029005417
0.029013977
0.021347247
0.060083911
0.021206887
0.051930547
0.051867039
0.042376334
0.042478359
0.10610408
0.060215024
0.10721639
0.050228044
0.057001657
0.057149006
0.061470501
0.057319262
0.050557855
0.10838609
0.050311519
0.029427155
0.046000675
0.054374232
0.023541867
0.059657026
0.10797547
0.042498325
0.051877771
0.021327299
0.060115132
0.029023897
0.05722091
0.06128819
0.061254475
0.06147481
0.050174478
0.029066279
0.029042953
0.021323102
0.05980398
0.021223486
0.051900059
0.05187392
0.042413806
0.042455827
0.1074717
0.060014662
0.10700134
0.049981752
0.057345628
0.057216851
0.061630625
0.057708104
0.049843645
0.10826727
0.050122002
0.029349796
0.046005461
0.054329167
0.023429338
0.060332976
0.10566972
0.042247418
0.051762266
0.02136725
0.05976146
0.028951132
0.056790564
0.061712682
0.061004002
0.061607344
0.049696964
0.028971728
0.028916939
0.021193774
0.059556367
0.021343304
0.051727634
0.05175147
0.042294697
0.04216438
0.10613696
0.0603954
0.10554174
0.050164888
0.056577997
0.057429034
0.061038246
0.057930928
0.050251596
0.10821454
0.050327751
0.029242113
0.045821795
0.054147848
0.023464786
0.058392234
0.10391437
0.041304164
0.05062358
0.02080775
0.05840596
0.028285623
0.056272026
0.059834143
0.060421491
0.059624336
0.048935046
0.028326594
0.028233489
0.02086808
0.058177041
0.02083943
0.050720795
0.050709336
0.041430494
0.041402943
0.10418809
0.058191783
0.10434453
0.04885481
0.056272075
0.056502296
0.060030747
0.056059313
0.048555391
0.10619363
0.048958394
0.028501821
0.044454382
0.052272947
0.022741915
0.043070088
0.082753885
0.0014623316
0.034665799
0.0014980376
0.044406281
0.043891566
0.0013217414
0.017000506
0.02278919
0.045817469
0.049337897
0.0014152112
0.0016839135
0.0018469807
0.001869859
0.0017765265
0.0015851512
0.049034528
0.047709293
0.039146127
0.022876431
0.00133233
0.0017390999
0.0019150033
0.0019489165
0.0019527587
0.001937614
0.0018574661
0.00158346
0.02211061
0.016814098
0.0015979273
0.0018948645
0.001954468
0.001965045
0.0019663536
0.0019617002
0.0019384832
0.0017873382
0.043605718
0.016961366
0.0013683922
0.044880205
0.0017083732
0.0019306468
0.0019620656
0.0019684221
0.0019692804
0.0019664885
0.0019534793
0.0018746598
0.044765485
0.0015306894
0.035501166
0.0016638238
0.0019212702
0.0019600049
0.0019674718
0.0019684563
0.0019651245
0.0019490806
0.0018474471
0.035097941
0.0014504507
0.08405963
0.0014652483
0.0018434766
0.0019424341
0.0019599831
0.0019621313
0.00195448
0.0019139431
0.0016825452
0.043391226
0.08319819
0.039234632
0.046244824
0.0016129212
0.0018438757
0.0019209443
0.0019310743
0.0018962176
0.0017329006
0.04623661
0.049760973
0.0013824892
0.045423572
0.037994975
0.08241726
0.001475612
0.001660783
0.0017103482
0.0016211487
0.038419787
0.022492011
0.0013501678
0.034023826
0.041354638
0.017548063
0.022442183
0.039071475
0.0013421442
0.0013612083
0.016643439
0.001473855
0.0016251698
0.0015097365
0.044099735
0.0016665203
0.0017112421
0.0014347874
0.03527729
0.0017065171
0.0016529832
0.083129239
0.0015960092
0.0014658564
0.039396528
0.0013381906
0.045555034
0.04909391
0.046262597
0.001414611
0.0015983619
0.0016305072
0.0017413908
0.0013971986
0.0017336969
0.0016113592
0.045147926
0.001389764
0.037849563
0.084378426
0.043344358
0.0015879581
0.0014580193
0.0016772256
0.0013466613
0.0016858347
0.0014944109
0.082291193
0.001314666
0.03549992
0.0014371607
0.035327801
0.0014739601
0.0015029063
0.044628616
0.0015009919
0.044828327
0.0015193287
0.001449995
0.017295569
0.0013482318
0.044347025
0.016830999
0.001341973
0.022819119
0.0016783103
0.0013232969
0.0015740818
0.0014812235
0.0015863602
0.0013315393
0.022194493
0.038499682
0.049347041
0.0013956356
0.048245255
0.001733878
0.0013915255
0.0015842745
0.0015979617
0.0015887755
0.0013851584
0.04944506
0.047035587
0.02219188
0.0013369735
0.0016145219
0.043230382
0.001325491
0.017010202
0.0017127864
0.0014480135
0.001513062
0.041221724
0.0016599224
0.0015033401
0.0014387173
0.034530906
0.083357042
0.0014820403
0.044525115
0.0013340188
0.021681898
0.021418707
0.052055009
0.042452552
0.051863941
0.042631658
0.051818111
0.042307157
0.021297641
0.028947612
0.050242686
0.028955762
0.049705396
0.057491437
0.059643082
0.10725438
0.10632644
0.05988074
0.10657718
0.050193545
0.057389872
0.029044901
0.049813581
0.057293125
0.061026611
0.057018073
0.061454229
0.061455925
0.056888953
0.050100596
0.061366148
0.057666197
0.049817374
0.061275999
0.057252317
0.049951697
0.10737093
0.058769404
0.029012336
0.1071417
0.059938574
0.10715227
0.0290223
0.1080489
0.05931048
0.041377551
0.021602915
0.042238316
0.041860533
0.021627567
0.042337868
0.05296855
0.051275388
0.051319231
0.052790601
0.051364602
0.051417201
0.021404298
0.057095382
0.042571299
0.021236585
0.061849888
0.021345313
0.042717416
0.021208932
0.062683523
0.028530885
0.11019982
0.029073333
0.050132422
0.028338432
0.049829609
0.11130362
0.029102857
0.049846381
0.060805852
0.061102705
0.057060483
0.06153565
0.061278612
0.057199
0.060964913
0.057921657
0.061176003
0.057562447
0.057000901
0.061512754
0.029101344
0.050229335
0.029352287
0.061248929
0.023600495
0.10814879
0.060828214
0.023423703
0.054307652
0.045903055
0.05428014
0.046021925
0.054290487
0.04603881
0.10843204
0.061087657
0.10893771
0.060721173
0.023564768
0.050195201
0.029353003
0.021521319
0.021382762
0.051934897
0.042440511
0.05191643
0.042324046
0.051909783
0.042355867
0.021324152
0.029036782
0.049941292
0.029038316
0.050029263
0.057774885
0.060084817
0.10669597
0.10686396
0.059780788
0.10705012
0.04994308
0.057234359
0.02896333
0.050211274
0.056952853
0.061492043
0.056986792
0.061859188
0.060835807
0.057119055
0.05008428
0.061815118
0.057507591
0.049873988
0.060934287
0.05777256
0.049895641
0.10663934
0.060420183
0.029108211
0.10673594
0.060278504
0.10806045
0.029034385
0.10727362
0.060020696
0.042318089
0.021324722
0.042318532
0.042448712
0.021470099
0.042424793
0.051677815
0.051791941
0.051854492
0.051682961
0.051843479
0.051854233
0.021348856
0.060109811
0.042528954
0.021401759
0.059852317
0.02129246
0.042432547
0.021318247
0.060086175
0.029125516
0.1076916
0.029066094
0.050110606
0.029171044
0.050232702
0.10736196
0.02910686
0.050346318
0.061347801
0.061579344
0.057422469
0.061297556
0.061594459
0.057151977
0.061237611
0.057708648
0.061429965
0.05753453
0.056914271
0.061528411
0.029408133
0.050346569
0.0294255
0.061054803
0.023540167
0.10817881
0.061229222
0.023537802
0.054358579
0.046039555
0.054379243
0.046054293
0.054364763
0.045949259
0.10878201
0.060840468
0.10772935
0.061197584
0.023440264
0.050233627
0.02934553
0.021247666
0.02124399
0.05191797
0.042406963
0.051932473
0.042374162
0.051954153
0.042474672
0.021410619
0.029081088
0.050201136
0.02903404
0.050153122
0.057505814
0.059831273
0.10696012
0.10725267
0.059656664
0.10765419
0.050039267
0.056974419
0.029006099
0.050042547
0.057125554
0.06163583
0.057368114
0.06186218
0.060873697
0.057108048
0.050001584
0.06183399
0.057502712
0.050140248
0.061072083
0.057485193
0.050013741
0.10624508
0.060439084
0.028985319
0.10649145
0.060487717
0.10758323
0.029005226
0.10795018
0.059667628
0.042366146
0.021464338
0.042475197
0.0424344
0.021423697
0.042486759
0.051911476
0.051892375
0.051915
0.05191532
0.051919979
0.051902133
0.021302653
0.059629258
0.042448715
0.021290399
0.059901495
0.021404749
0.042382367
0.021318583
0.06039979
0.029067371
0.10734285
0.029109677
0.049829725
0.029021548
0.0502893
0.10627988
0.028988612
0.050150356
0.061485693
0.061328309
0.057626164
0.061439252
0.061437554
0.057455773
0.061781014
0.057123848
0.061600471
0.057096638
0.057445774
0.061128275
0.029430053
0.050063822
0.029417438
0.060437631
0.023587703
0.11054558
0.060213597
0.023657824
0.05442806
0.046225613
0.054444969
0.045984831
0.05442027
0.04604098
0.10850443
0.060728938
0.10907498
0.060706251
0.023513754
0.050355867
0.029382324
0.021249515
0.021246
0.051944054
0.042480002
0.051953732
0.042592111
0.051975168
0.042575972
0.021431525
0.028964252
0.050167361
0.029019796
0.050488939
0.056623173
0.059628015
0.10765881
0.1075531
0.059749897
0.10769909
0.050081676
0.057330845
0.029021586
0.050071098
0.057351997
0.061345072
0.057366691
0.060643513
0.06183532
0.05784305
0.050115602
0.0612859
0.057461484
0.049959183
0.061525261
0.05720383
0.050079883
0.10719189
0.059960197
0.029198632
0.10766194
0.05970674
0.10779988
0.029073504
0.10665428
0.060084248
0.042448725
0.021312535
0.042405704
0.04248446
0.021296384
0.04236152
0.051905572
0.051879912
0.051910829
0.051883225
0.051884628
0.05187305
0.021417694
0.059750932
0.042498462
0.021530996
0.060112438
0.021188152
0.042320754
0.021221941
0.059982455
0.029125658
0.10760372
0.029068674
0.050176309
0.028970773
0.05014348
0.10659235
0.028959063
0.050266779
0.061044883
0.06145119
0.057316397
0.061420166
0.06160241
0.057253477
0.061374405
0.057424627
0.061456848
0.057530022
0.057101577
0.06126126
0.029402089
0.050295937
0.02942579
0.060744941
0.023549552
0.10892239
0.060690348
0.023519605
0.054412998
0.046054735
0.054416735
0.046030483
0.054392768
0.046004167
0.10855168
0.060956075
0.10826455
0.061062724
0.023513381
0.050122608
0.029448859
0.021360459
0.021498305
0.051981281
0.042669152
0.052017469
0.042512868
0.051952729
0.042441807
0.021292586
0.029039287
0.050314548
0.028930797
0.050287655
0.056941828
0.059561398
0.10803596
0.1075887
0.059701799
0.10725815
0.050032163
0.057145555
0.029057116
0.050036042
0.057389191
0.060867896
0.057655223
0.061319436
0.061553414
0.057252218
0.050081269
0.061243993
0.057337776
0.050135543
0.061309908
0.057203041
0.050227307
0.1068765
0.060309109
0.029118465
0.10654044
0.060439684
0.10682926
0.029020807
0.10809442
0.059894978
0.042387518
0.021328381
0.04237039
0.042436842
0.021492439
0.042580626
0.051910793
0.051877854
0.051919837
0.051888503
0.051913343
0.051923471
0.021474903
0.059918259
0.042577395
0.021455262
0.059695015
0.021397508
0.042578413
0.021530337
0.05951216
0.028990982
0.10804046
0.029010081
0.050077324
0.029008603
0.050119599
0.10851069
0.029023089
0.05002184
0.061611066
0.061224511
0.057097053
0.061605773
0.061175339
0.057693207
0.061940162
0.057137479
0.06187981
0.057066898
0.057546323
0.061068588
0.029411856
0.050109213
0.029434239
0.060622809
0.023558396
0.10986263
0.060725113
0.023712457
0.054452294
0.046249293
0.054481769
0.046024979
0.054419751
0.046040997
0.10839513
0.061033492
0.10866084
0.06081802
0.023514142
0.050447497
0.02939013
0.021501773
0.021312218
0.052014386
0.042497654
0.051954979
0.042467762
0.051945356
0.042477136
0.021474821
0.029014083
0.050025467
0.029086885
0.05000638
0.057605266
0.059568611
0.107877
0.10728946
0.060079419
0.10676707
0.049968924
0.057893726
0.029045079
0.049950785
0.057802773
0.061665641
0.05682145
0.061622591
0.060962057
0.056932029
0.050304863
0.061199825
0.056996689
0.050193117
0.061678662
0.057054848
0.050085009
0.10658401
0.060254793
0.029045361
0.10647851
0.060189595
0.10729992
0.029068302
0.10733172
0.05999293
0.042348853
0.021368863
0.042373885
0.042477562
0.021411644
0.042461182
0.051917627
0.051881152
0.051890519
0.051911959
0.051893595
0.051889372
0.021466968
0.05955158
0.042444307
0.021346368
0.06013783
0.021375654
0.042321276
0.021271002
0.059811412
0.028986121
0.10694913
0.029031371
0.050147692
0.029013438
0.050194978
0.10691853
0.029036774
0.050170307
0.061854342
0.060819941
0.056884773
0.061780269
0.060620253
0.058008827
0.061997138
0.056951066
0.061717212
0.056991219
0.057259208
0.06115282
0.029454017
0.050083551
0.02945435
0.060766871
0.023750633
0.10882977
0.060976669
0.023566173
0.054465697
0.046091508
0.054394363
0.046067293
0.054404873
0.046080503
0.10869863
0.060819968
0.10866986
0.060859596
0.023563889
0.050560393
0.029277792
0.021219852
0.021382603
0.05191927
0.042519676
0.051949202
0.042419615
0.051938306
0.042437407
0.02132803
0.029014464
0.050163087
0.028949243
0.050187997
0.057177082
0.059733255
0.10759833
0.10615124
0.06004293
0.10667436
0.050350221
0.056949191
0.028920806
0.050545985
0.056878293
0.061418837
0.057284104
0.061353139
0.061403027
0.057196535
0.050064077
0.061690042
0.057261359
0.050068089
0.061158167
0.057590202
0.049828089
0.10701118
0.060249048
0.029093953
0.10746349
0.059877246
0.10815178
0.029117499
0.10719465
0.06005791
0.042489521
0.021447721
0.042508957
0.042485771
0.021406305
0.042353995
0.051872651
0.051898126
0.051876638
0.051894448
0.051871193
0.051898455
0.02127721
0.060069839
0.042429371
0.021364182
0.059954712
0.021355244
0.042512743
0.021479127
0.059824908
0.029007403
0.10722757
0.028988976
0.050241977
0.029080883
0.050120112
0.10801729
0.029044039
0.05002531
0.06174509
0.06131332
0.057037966
0.061636122
0.061244794
0.057629357
0.061541601
0.057080751
0.061749165
0.057089659
0.057495796
0.061145198
0.029527616
0.049975556
0.029433369
0.0617085
0.023420915
0.10687879
0.061911341
0.023458234
0.054318195
0.045864695
0.054312464
0.046105868
0.054327364
0.045993264
0.10877438
0.06100707
0.10763343
0.061511021
0.023515329
0.050334588
0.029386219
0.021466608
0.021452539
0.051954773
0.04249591
0.051935287
0.042447465
0.051936837
0.042465638
0.021376952
0.028881253
0.050084666
0.028945852
0.050179674
0.057198005
0.059807194
0.10733933
0.1069032
0.05990003
0.10741792
0.050181288
0.057379167
0.029033412
0.050213298
0.057190401
0.061236837
0.057307837
0.061431705
0.061647587
0.05745216
0.049910173
0.061404017
0.057371214
0.04990358
0.061369421
0.057191434
0.050106028
0.10748818
0.059675872
0.0290486
0.10795337
0.059678087
0.10684942
0.029114857
0.10692689
0.06017649
0.042475821
0.021478193
0.042557681
0.042297934
0.021371951
0.042395292
0.051884867
0.051915191
0.051915774
0.051859034
0.051865215
0.051842384
0.021358513
0.060015123
0.042476238
0.021318973
0.059808785
0.021373391
0.042277032
0.021307557
0.060652032
0.029085494
0.10731139
0.029022887
0.050137957
0.028966924
0.050214582
0.10555705
0.028971447
0.050348443
0.061386494
0.061389898
0.057392106
0.061243869
0.061643896
0.057005218
0.061764877
0.057237681
0.061455673
0.05725532
0.057115598
0.061390351
0.029386718
0.050427405
0.029355926
0.061466472
0.023544285
0.10841155
0.061190968
0.023597571
0.05434226
0.046083212
0.054369294
0.045941502
0.05438836
0.046030753
0.10755142
0.061418717
0.10885281
0.060761006
0.023544377
0.050446373
0.029354725
0.021579341
0.021597904
0.051920252
0.042588957
0.051938254
0.042383788
0.051890854
0.042375558
0.021268544
0.028963039
0.050340027
0.028943971
0.050029336
0.057445432
0.06007952
0.10739715
0.10759381
0.059635722
0.10740858
0.050267267
0.057337674
0.028984264
0.050119538
0.057250187
0.061680744
0.057155104
0.061494388
0.061431578
0.056842735
0.050341972
0.061247853
0.057039163
0.050168778
0.061429829
0.057052969
0.050143944
0.10762594
0.059943737
0.028989268
0.10674563
0.060266998
0.10699469
0.028933616
0.10819868
0.059416823
0.042499609
0.021393442
0.042435966
0.042436306
0.021390506
0.042475501
0.051947851
0.051888006
0.051928833
0.051877889
0.051918466
0.051916649
0.021423337
0.059669081
0.042429074
0.021381461
0.060107753
0.021339309
0.042340192
0.021343141
0.059870559
0.028965867
0.10689257
0.029069501
0.049863649
0.028954861
0.050403131
0.10679786
0.028954049
0.050092833
0.061476198
0.061430436
0.057325533
0.061733546
0.061158988
0.057504054
0.061160521
0.057450793
0.061359712
0.057437353
0.057179662
0.061700184
0.029373551
0.050420693
0.029413352
0.061209994
0.023603728
0.1084905
0.061022071
0.023483694
0.054377382
0.045988908
0.05436935
0.046050996
0.05437682
0.046093542
0.10874113
0.060897429
0.10884685
0.060936975
0.023546287
0.050261261
0.029410826
0.021458281
0.021417693
0.051934149
0.042442328
0.051921332
0.042355601
0.051934324
0.042407125
0.021226033
0.0290413
0.049837769
0.029105729
0.050244747
0.057249364
0.060233622
0.1069032
0.10728537
0.059444195
0.10748329
0.050137186
0.057186252
0.028985508
0.050165566
0.057050214
0.061456623
0.056831337
0.061614508
0.061231444
0.056878621
0.050553542
0.061578466
0.057014518
0.050393384
0.061269706
0.057297456
0.050182965
0.10695202
0.060118473
0.029014176
0.10788804
0.059785277
0.10722964
0.028986897
0.10694907
0.05976102
0.042439522
0.021489248
0.042498738
0.042345612
0.021219735
0.042273899
0.051885298
0.051877712
0.051841503
0.051930245
0.051889144
0.051932258
0.021283568
0.059914032
0.042308356
0.02126601
0.060054741
0.021371712
0.042473375
0.021383757
0.059511662
0.029104007
0.10662239
0.029091044
0.05007136
0.02900671
0.050063486
0.10781419
0.028994668
0.050229246
0.061502142
0.061352629
0.057357534
0.061200569
0.061658109
0.057190547
0.061771972
0.057091404
0.06168628
0.057135494
0.057531959
0.061072938
0.02937506
0.050288861
0.029329258
0.061132114
0.023396414
0.10780524
0.0612472
0.02347787
0.054364348
0.045972354
0.05437651
0.046097538
0.054373809
0.04601449
0.1091387
0.060778388
0.10829531
0.061183794
0.023529711
0.050208392
0.029479303
0.021401312
0.021445088
0.051928973
0.042539494
0.05191989
0.042484551
0.051919108
0.042428984
0.02136388
0.029025658
0.050093653
0.028982196
0.049995625
0.057115202
0.059757612
0.10736336
0.1077153
0.060109495
0.10688351
0.050348664
0.056735074
0.028988324
0.050188085
0.057012505
0.061433135
0.057287728
0.061302003
0.061702951
0.057286818
0.050297953
0.06135631
0.057523549
0.049931145
0.061317725
0.057242398
0.050141773
0.10767671
0.059693315
0.028957647
0.10681616
0.059933902
0.1071362
0.029081684
0.10657785
0.060583412
0.042489417
0.021329559
0.042431929
0.042352521
0.021441476
0.042439337
0.051826215
0.051882872
0.051858728
0.051948571
0.051889301
0.051953393
0.021188524
0.060530376
0.042225651
0.021148919
0.060205251
0.021455758
0.042587097
0.021526584
0.059803215
0.029028728
0.10594152
0.028958912
0.050324287
0.028906886
0.049959149
0.10805195
0.029040818
0.049981456
0.061059113
0.061709015
0.057456884
0.061218222
0.061815648
0.05692284
0.061341282
0.057335313
0.06141334
0.057290258
0.057406822
0.061260844
0.029327499
0.050462726
0.029375642
0.060826438
0.023585515
0.10913705
0.060971534
0.023633986
0.054398462
0.046164701
0.054414335
0.046000443
0.054407339
0.046032024
0.108474
0.061049543
0.10872121
0.060800912
0.02354459
0.050257151
0.029443968
0.021463154
0.021312295
0.051946927
0.042438651
0.051949629
0.042476271
0.051946989
0.042498005
0.021367374
0.029007022
0.050033489
0.029082936
0.050107365
0.05725545
0.059969168
0.10702185
0.10727206
0.059552344
0.10763918
0.050117376
0.057240658
0.029049252
0.049906962
0.057328925
0.061598367
0.057141883
0.061407847
0.061193327
0.05734698
0.050076112
0.061551192
0.057024023
0.05030589
0.061315998
0.057178753
0.050484489
0.10797262
0.059449712
0.029016774
0.10883892
0.059061825
0.1072513
0.029051792
0.10757417
0.06015175
0.042469062
0.021359841
0.042485701
0.04258386
0.021522675
0.042611006
0.05189483
0.051958062
0.051930868
0.051933181
0.051929916
0.051920509
0.021273755
0.060125831
0.042456971
0.02144322
0.059602119
0.021515055
0.042523328
0.021451796
0.059464387
0.028927736
0.10764272
0.029033368
0.050195087
0.029112403
0.050374642
0.10830477
0.028968108
0.050263
0.061735469
0.061261196
0.056949001
0.061759512
0.060940182
0.057700867
0.061284235
0.057446786
0.061044066
0.057691512
0.056919196
0.062045298
0.029432419
0.050107867
0.02941759
0.060939811
0.023596426
0.10934768
0.060789548
0.023609991
0.054423321
0.04616318
0.054430738
0.046064942
0.054399862
0.046052496
0.10838071
0.0612294
0.1085396
0.061072242
0.023524534
0.050285828
0.029406264
0.021282313
0.021365842
0.051910345
0.042378528
0.051886523
0.042424184
0.051901991
0.042424801
0.021344753
0.029105941
0.050253633
0.029025771
0.050185734
0.057167049
0.060153172
0.10688383
0.10701093
0.060091194
0.1065401
0.050002277
0.057053611
0.028889895
0.050022492
0.057032317
0.061029581
0.05727077
0.061268523
0.061550147
0.056992561
0.050532579
0.06184377
0.057550587
0.050165431
0.060953019
0.057722508
0.049865952
0.10762566
0.059605679
0.029120951
0.10731746
0.059928879
0.10789681
0.029081894
0.10693271
0.060045512
0.042452213
0.021316564
0.042421614
0.04255275
0.021274552
0.042480075
0.051937929
0.051916022
0.051926659
0.051916615
0.051910414
0.051888296
0.021494452
0.059604274
0.042520009
0.021404097
0.059927916
0.021456033
0.042427933
0.021352505
0.060122657
0.029025315
0.10745203
0.02901409
0.049960497
0.028996098
0.049947829
0.10686905
0.029040708
0.050054456
0.061653365
0.060924561
0.057119812
0.061712487
0.060993668
0.057932719
0.061221127
0.057702706
0.061344318
0.057557605
0.05712867
0.061582443
0.029446039
0.050106227
0.029462002
0.060752928
0.023659113
0.10843882
0.061155147
0.023576066
0.054433021
0.046067753
0.054412762
0.046099267
0.054425697
0.046178445
0.1089683
0.060761461
0.10959773
0.060659646
0.023639631
0.0501788
0.029318899
0.021224555
0.021113332
0.051860894
0.0422028
0.051869034
0.042489274
0.051914177
0.042450773
0.021273446
0.02900141
0.049984883
0.029022779
0.050073162
0.057708677
0.060391533
0.10554559
0.10709922
0.059673072
0.10710142
0.050213607
0.056906286
0.028906363
0.050425789
0.056635125
0.061457775
0.057143102
0.061730267
0.061149057
0.057211753
0.049875417
0.061759174
0.057417432
0.050051435
0.061178628
0.057427893
0.05030327
0.10758862
0.059698538
0.029053361
0.10667668
0.05995906
0.10657692
0.029023813
0.10705595
0.059982006
0.042354402
0.021210268
0.042297335
0.042389545
0.021352594
0.04239986
0.051925233
0.051874585
0.051878986
0.051875894
0.051889984
0.051889382
0.02138302
0.059799932
0.04235787
0.02125022
0.060078001
0.021181808
0.042330819
0.021174246
0.059884204
0.029020193
0.10646291
0.029004022
0.049918989
0.02898499
0.050033572
0.10634104
0.028953359
0.050033664
0.061411541
0.061382768
0.057305492
0.061610879
0.061180859
0.057656277
0.061316617
0.057306525
0.06126343
0.057414439
0.057173947
0.061726156
0.029424905
0.050113677
0.029426137
0.061135399
0.02354045
0.10913162
0.060757679
0.023569255
0.054404447
0.046092251
0.054409927
0.04615341
0.054379731
0.045955034
0.10908053
0.061027108
0.10754303
0.061383794
0.023473671
0.050345055
0.029325093
0.0212175
0.021402982
0.051895094
0.042482676
0.05192706
0.042474798
0.051945678
0.042507865
0.021472353
0.029019386
0.05011565
0.029103556
0.04993798
0.05755146
0.060130075
0.10713727
0.10708161
0.059783538
0.10763219
0.050079635
0.057024612
0.028964821
0.050234465
0.057143448
0.06160805
0.057301111
0.061540381
0.061019007
0.057299126
0.049901468
0.061415764
0.057186426
0.050231999
0.061794305
0.056972388
0.050332165
0.10738266
0.059806952
0.029068722
0.10774078
0.059761141
0.10693814
0.028875133
0.10686862
0.059910896
0.042458198
0.021363656
0.042475359
0.042407926
0.021306722
0.04235925
0.051885648
0.051909921
0.051928663
0.05190833
0.05188689
0.051900553
0.021235263
0.059846592
0.042515897
0.021404103
0.059254374
0.021396531
0.042527357
0.021503296
0.059926664
0.029049547
0.10844098
0.029079457
0.050063113
0.028990932
0.050194547
0.10754237
0.028966032
0.050088771
0.061689339
0.060806858
0.057142587
0.061555057
0.060935413
0.05778509
0.061324149
0.05742635
0.061808178
0.057197177
0.057251083
0.061560753
0.029455941
0.050019934
0.02951432
0.060515135
0.023553481
0.10931468
0.060819507
0.023556751
0.054409501
0.046104666
0.05439835
0.045916576
0.05440326
0.04601156
0.10778794
0.061136798
0.10850202
0.060925653
0.023499575
0.050401226
0.029364221
0.021387345
0.021336004
0.051941431
0.042421516
0.051922893
0.042414734
0.051929269
0.042434953
0.021395023
0.029061713
0.049982926
0.02901963
0.050072015
0.057283198
0.059887362
0.10703394
0.10756403
0.059530188
0.10791513
0.05018323
0.057006188
0.02896398
0.0503216
0.056893155
0.06124779
0.057202046
0.06122864
0.061545609
0.057239862
0.050212782
0.061555575
0.05713631
0.05030495
0.061547023
0.057302371
0.050141911
0.10659818
0.060010986
0.029003481
0.10690435
0.05998754
0.10677311
0.028965392
0.10804839
0.059608941
0.042305476
0.021265187
0.042380923
0.042425078
0.021502133
0.042522714
0.05192111
0.051902445
0.051903811
0.051889251
0.051918258
0.051884915
0.02142133
0.059558863
0.04236558
0.021279127
0.059888669
0.021432441
0.042364496
0.021294145
0.059994954
0.029025482
0.10688725
0.029070119
0.050141467
0.029006803
0.050048998
0.10683926
0.029037061
0.050066192
0.061765641
0.061148045
0.057115874
0.06162531
0.060945491
0.05760796
0.061291907
0.057531991
0.061102244
0.057702875
0.057093599
0.06165283
0.029485761
0.050222134
0.029462343
0.061195878
0.023442124
0.10787069
0.061267448
0.023432883
0.054370669
0.045936891
0.054371938
0.046081605
0.054412887
0.046158025
0.10869454
0.060915556
0.10947683
0.060738403
0.02360658
0.050388222
0.029454462
0.021392176
0.021397644
0.051920326
0.042419797
0.051920408
0.04244488
0.051908298
0.042386517
0.021333463
0.029034235
0.05005083
0.029016978
0.050246746
0.05689971
0.060124349
0.10682645
0.10741621
0.059836354
0.1071048
0.050319412
0.056860472
0.028996484
0.050046753
0.056940081
0.061214568
0.057208579
0.061183484
0.061576575
0.057227484
0.050264115
0.061558252
0.057537372
0.050041954
0.06095162
0.057711687
0.049882843
0.10745781
0.059790088
0.02897751
0.10679854
0.059904664
0.10769068
0.028997536
0.10682326
0.060012636
0.042437746
0.021189837
0.042323898
0.042419621
0.021267519
0.042304544
0.051898239
0.051856803
0.05190136
0.051879982
0.051860165
0.051865636
0.021331662
0.059986723
0.042416748
0.021485384
0.059982975
0.021260474
0.042380199
0.021357544
0.060360228
0.029076763
0.1072886
0.029077023
0.049827281
0.028978299
0.050054274
0.10628097
0.028979215
0.050228131
0.061510411
0.061270283
0.057722561
0.061104666
0.061708815
0.05723605
0.061016184
0.057471492
0.0611615
0.057544999
0.057130118
0.061599572
0.029393963
0.050165985
0.029351575
0.060694566
0.023584568
0.11004347
0.060441217
0.023607133
0.054408146
0.046188379
0.054420257
0.046131655
0.054407685
0.046076502
0.10908197
0.06084499
0.10867015
0.060946269
0.023552653
0.050087105
0.029429654
0.021368494
0.021344445
0.051922391
0.042468481
0.051927601
0.04242187
0.051910669
0.04236779
0.021331777
0.029027346
0.049930135
0.02901986
0.049785546
0.057279468
0.059846536
0.10685688
0.10785409
0.059814422
0.10699359
0.050291705
0.056949716
0.028988089
0.050145266
0.05738916
0.06122582
0.057421045
0.061061302
0.061656328
0.057701776
0.050043588
0.061160518
0.0575212
0.049834931
0.061709408
0.056920918
0.050172101
0.10662782
0.060023108
0.029044128
0.1065871
0.060249633
0.10675113
0.02890736
0.10622907
0.060085533
0.042287993
0.021288896
0.042394914
0.042360872
0.021236703
0.042377605
0.051894394
0.051844644
0.051873919
0.051885405
0.051863246
0.051908137
0.021368333
0.060003853
0.042445457
0.021320148
0.060022588
0.021414612
0.042587979
0.021449558
0.059782441
0.029183546
0.10710175
0.029088305
0.050211663
0.028968009
0.050257508
0.10774694
0.029085083
0.050240208
0.06124881
0.061464607
0.05716479
0.061356074
0.061299071
0.057564604
0.061481528
0.05751788
0.061653677
0.057266696
0.057213231
0.061267958
0.029383164
0.050059312
0.029366414
0.06078775
0.023559439
0.10801652
0.061369325
0.023550348
0.054402815
0.046052328
0.054404496
0.045980855
0.054392441
0.045970928
0.10827298
0.060923537
0.10797732
0.061087533
0.023490399
0.050322017
0.029421469
0.021410538
0.021441599
0.051950809
0.042536068
0.05197061
0.042298013
0.051929641
0.042479904
0.021430694
0.029048415
0.049988358
0.029153499
0.050081051
0.057600124
0.059852808
0.10769061
0.10620667
0.059514318
0.10789925
0.050061388
0.057651568
0.029033305
0.050380151
0.0572257
0.061427142
0.057347051
0.06143634
0.060942097
0.057259355
0.049883173
0.061142148
0.056636642
0.050456723
0.061904625
0.056853147
0.050392594
0.10670294
0.060093255
0.029048939
0.10786299
0.059591986
0.10600982
0.028969387
0.10640889
0.060059917
0.04239607
0.021250982
0.042442816
0.04232564
0.021215654
0.042301657
0.051874128
0.051897336
0.051882704
0.051910572
0.051856693
0.051889524
0.021269893
0.060266083
0.042320459
0.021276382
0.06015204
0.021460428
0.04248594
0.021393073
0.060062629
0.029026297
0.10650632
0.029016917
0.049975297
0.029021779
0.050128022
0.10690135
0.028978626
0.050113885
0.061377445
0.061387918
0.057359532
0.061333978
0.061513049
0.057229395
0.061426577
0.057362023
0.061316176
0.05752933
0.057112794
0.061594375
0.029306446
0.050318495
0.029347481
0.061253586
0.023589712
0.10884888
0.060720752
0.02348935
0.054410478
0.046030172
0.054405442
0.045979421
0.054398411
0.046033356
0.1074501
0.061562424
0.10785714
0.061378356
0.023556287
0.050197782
0.029351406
0.021447663
0.021367416
0.051963381
0.04246686
0.051925641
0.042562012
0.051932442
0.0424385
0.021358423
0.029128145
0.049802328
0.029058091
0.049761922
0.057852783
0.059977963
0.10716867
0.10837011
0.059827585
0.10693228
0.050167103
0.057245133
0.02894271
0.050007037
0.057212674
0.061633935
0.057089437
0.061849581
0.060869261
0.056887697
0.050135562
0.06177863
0.057085077
0.050126838
0.061271415
0.057415387
0.050015745
0.10732415
0.059893336
0.028981842
0.10675506
0.060033314
0.10716313
0.02907459
0.10784986
0.05964296
0.042446128
0.021342353
0.042423333
0.042368096
0.021406657
0.042424976
0.051876377
0.051881038
0.051840596
0.051870092
0.051895972
0.051864709
0.02132977
0.060087194
0.042280672
0.021224729
0.060072666
0.021336429
0.042264018
0.021325499
0.060251919
0.029027383
0.10650781
0.029040209
0.049973884
0.029068176
0.050269965
0.10640272
0.029040488
0.050300238
0.061279078
0.061648907
0.057265359
0.061494822
0.061381904
0.057459158
0.061417869
0.057450195
0.061315506
0.057472824
0.056899734
0.061814083
0.029411724
0.0504191
0.029386095
0.060709595
0.023477747
0.10959289
0.060364153
0.023521875
0.05439991
0.04607927
0.05440253
0.046058785
0.054396717
0.046016258
0.10853962
0.060992669
0.10815477
0.061134722
0.023499109
0.050474722
0.029339573
0.021239329
0.02124434
0.051897668
0.042252586
0.051885936
0.042392628
0.05194367
0.04242041
0.021275609
0.028985961
0.050030575
0.028928162
0.050181841
0.057123868
0.060419346
0.10570304
0.10705618
0.059568714
0.10740354
0.05030465
0.056889062
0.028959619
0.050062021
0.0569949
0.061717172
0.057073621
0.06178271
0.061474547
0.057187354
0.050254499
0.061834989
0.057387567
0.05017201
0.060961661
0.057547024
0.050231174
0.10666001
0.060122735
0.028977711
0.10672978
0.059976739
0.10749099
0.029052257
0.10668849
0.060234468
0.042402492
0.02132745
0.042381296
0.042361871
0.021335534
0.04232237
0.051829281
0.051853552
0.051858026
0.051877685
0.051847712
0.051873551
0.021226839
0.06016033
0.04234454
0.021297537
0.060181802
0.021321927
0.042448995
0.021351723
0.060061022
0.029003523
0.10657689
0.028979098
0.050168226
0.02897186
0.050112997
0.10677872
0.028952799
0.049891913
0.061662296
0.061259726
0.056965486
0.061811166
0.06119977
0.057558988
0.061644965
0.057223302
0.061750109
0.057136652
0.057465026
0.061424334
0.029359617
0.050279189
0.029368684
0.060241446
0.023449502
0.10874531
0.060795933
0.023443776
0.054392752
0.046012972
0.054408187
0.046004833
0.054437218
0.046194514
0.10798442
0.06124216
0.10962645
0.060608907
0.023641606
0.050317569
0.02933605
0.021364999
0.021483013
0.051900859
0.042536945
0.051932725
0.042564914
0.051964268
0.042631939
0.021492633
0.028980532
0.050361147
0.029014131
0.050063144
0.05714082
0.06001205
0.10719979
0.10752392
0.059759255
0.10779078
0.049879081
0.057173475
0.029037489
0.049948401
0.057173827
0.061392556
0.057234879
0.061110517
0.061749078
0.057633556
0.049850213
0.06154084
0.057622231
0.050129771
0.06107312
0.057485627
0.049990675
0.10728392
0.059718876
0.028906376
0.10687827
0.059961293
0.10673344
0.02904541
0.10732452
0.060264214
0.042394096
0.021367878
0.042365444
0.042415104
0.021524319
0.042497894
0.051878195
0.051862015
0.051879408
0.051865034
0.051876454
0.051863219
0.021252956
0.060300159
0.04232621
0.021239304
0.060315879
0.021393693
0.042436195
0.021408052
0.060095514
0.029014367
0.10655344
0.029164702
0.050086889
0.028971247
0.050142139
0.10689632
0.028988389
0.050510975
0.061751041
0.060958382
0.057033121
0.061409504
0.060582653
0.057825417
0.061043615
0.057565314
0.060978005
0.057679221
0.056653186
0.061872839
0.029437917
0.050207361
0.029521066
0.061014415
0.023522715
0.10926827
0.060902151
0.023574422
0.054428386
0.046102482
0.05441805
0.046252964
0.05441101
0.046099391
0.11018978
0.060575766
0.10872111
0.060969946
0.023558084
0.05017317
0.029377174
0.021447012
0.021508383
0.051919734
0.042417107
0.051901245
0.04255064
0.051905518
0.042522209
0.021366688
0.029048879
0.049841465
0.029066218
0.050096202
0.057273902
0.060207234
0.10710897
0.10723332
0.059811758
0.10733919
0.049925715
0.057376986
0.029137208
0.049952071
0.057485712
0.061303254
0.057582002
0.061243091
0.061407119
0.057539693
0.049804944
0.061167067
0.057187289
0.050210442
0.061486837
0.057112388
0.050215815
0.1067223
0.060096693
0.029022176
0.10714165
0.059888545
0.10723089
0.029032652
0.10670806
0.060047221
0.04233346
0.021362501
0.042410183
0.042468433
0.02132855
0.042434664
0.051872818
0.051879328
0.051873916
0.051862353
0.051872823
0.051845128
0.021270645
0.0603391
0.042363165
0.021323493
0.060190852
0.021411741
0.042353847
0.021405726
0.060397302
0.029129727
0.10665991
0.029020794
0.050297049
0.029013996
0.050691881
0.10629316
0.028953805
0.050654518
0.061555736
0.061203504
0.057026951
0.061571265
0.061448078
0.057166171
0.061670309
0.057444755
0.061512828
0.057414025
0.056801915
0.061646367
0.029440181
0.050573796
0.029380457
0.060755404
0.023549086
0.1083078
0.061091598
0.02348836
0.054396746
0.046005423
0.05438207
0.045992668
0.054375116
0.046036811
0.10766059
0.061387669
0.10832897
0.061200376
0.023548075
0.050195339
0.029385473
0.021486488
0.021370047
0.051907851
0.042386113
0.05190841
0.042558694
0.051926881
0.042550305
0.021626023
0.028973837
0.050172059
0.028981883
0.050194293
0.056996883
0.060155062
0.10676479
0.1072839
0.060154243
0.10714182
0.049894381
0.057309215
0.028984413
0.050102913
0.056986535
0.061402971
0.057639971
0.061333244
0.061497739
0.057427501
0.049926408
0.061676478
0.057077543
0.050419133
0.061253032
0.057247345
0.050327554
0.10712129
0.059935893
0.028991009
0.10831581
0.059679926
0.10740806
0.028995481
0.10800903
0.059710147
0.042524501
0.021558697
0.04265016
0.042468141
0.021448564
0.042574589
0.051883198
0.051936976
0.05189522
0.051848687
0.051900682
0.051868148
0.021417419
0.060187867
0.042377322
0.02128394
0.06019957
0.02146065
0.042398593
0.021446909
0.060190311
0.028967505
0.10649712
0.029011852
0.050063301
0.029008011
0.05043782
0.10734111
0.029054323
0.05029198
0.061662464
0.061624897
0.057335487
0.061532254
0.061383675
0.057527991
0.061447049
0.057296502
0.061383412
0.057384619
0.057017942
0.061337265
0.029367166
0.050087825
0.029380218
0.061271751
0.023517385
0.10823957
0.061081479
0.023487471
0.054374881
0.045985419
0.054357143
0.046065556
0.054341416
0.045935161
0.10884938
0.061033435
0.10786655
0.06126252
0.02344697
0.050363019
0.02938797
0.021284656
0.02127092
0.05188832
0.042372807
0.051893861
0.042501465
0.051918741
0.042398093
0.021391492
0.029009881
0.05030186
0.028975789
0.050210143
0.057211756
0.060282878
0.10608916
0.10712502
0.059974903
0.10665767
0.050215745
0.056894325
0.028949747
0.050145669
0.057159845
0.061345517
0.057126419
0.06132368
0.061463208
0.05694452
0.050347883
0.061528037
0.057427285
0.05007297
0.061331749
0.057207961
0.050111698
0.10785771
0.059921554
0.029078326
0.10630912
0.060277531
0.10763451
0.02906847
0.10786359
0.059829578
0.042539319
0.021289853
0.042317612
0.042537634
0.021312357
0.042481182
0.051918628
0.051880135
0.051928879
0.051882656
0.051896836
0.051890188
0.02131522
0.05995183
0.042539879
0.021463628
0.059585619
0.021373895
0.042447179
0.021390275
0.05999943
0.029099924
0.10827203
0.029088868
0.049596009
0.029083259
0.050304678
0.10729826
0.029069987
0.050122395
0.061268146
0.061352216
0.057818138
0.061140091
0.061496857
0.05710666
0.061151953
0.05759884
0.061392729
0.0574108
0.057130911
0.061541023
0.029370818
0.05040671
0.029364928
0.061196211
0.023509181
0.10812479
0.061185694
0.023490508
0.054348531
0.045999685
0.05436565
0.045901184
0.054365486
0.045988536
0.10765374
0.061289999
0.10811551
0.061135856
0.023484052
0.050339135
0.029379048
0.021420937
0.021408491
0.051926688
0.042543999
0.051944553
0.042421069
0.051937011
0.042466041
0.02134011
0.029061354
0.050069629
0.02899435
0.050082699
0.057185154
0.059820447
0.10744825
0.10684409
0.059669664
0.10744954
0.050131927
0.057088095
0.029109752
0.049954156
0.057177786
0.061435873
0.057185124
0.061297527
0.061436522
0.057294721
0.050138887
0.061699018
0.057432371
0.050151842
0.060906303
0.057616169
0.050196133
0.1068137
0.060050392
0.029053785
0.10816639
0.059358921
0.10780158
0.029097855
0.10715966
0.059939525
0.0423833
0.021314885
0.042495361
0.042427637
0.021337977
0.042374638
0.051939763
0.051947604
0.051962482
0.051896175
0.05188448
0.051910451
0.021460075
0.059399934
0.042569177
0.02143707
0.059612495
0.021399976
0.042495736
0.021432392
0.059361255
0.0290546
0.10798614
0.029058139
0.050360306
0.029036811
0.050328513
0.10839073
0.029000694
0.05022049
0.06162782
0.061267621
0.057360209
0.061220683
0.06157401
0.057339634
0.061445441
0.057402767
0.061270706
0.0575177
0.057092545
0.061729528
0.029340035
0.050200883
0.029370762
0.060914385
0.023491489
0.10960043
0.060613124
0.023640105
0.054407886
0.04616848
0.054461352
0.046091503
0.05446157
0.046205311
0.10893481
0.06074082
0.10992588
0.060485141
0.023651499
0.05016738
0.029408368
0.021409347
0.02148233
0.051948323
0.042571131
0.051953647
0.042559129
0.051962774
0.042543009
0.021382938
0.028926284
0.050198024
0.029070431
0.050110515
0.057348893
0.059752144
0.10789788
0.10818404
0.059248847
0.10835992
0.050037131
0.057154951
0.02898618
0.049986911
0.057280186
0.061537296
0.056918127
0.061583914
0.06131933
0.056840194
0.050410325
0.061454281
0.057356506
0.050324731
0.061529859
0.057028431
0.050294474
0.10847487
0.059253613
0.02892394
0.10786646
0.059678347
0.10719392
0.028988354
0.10720768
0.05975267
0.042538517
0.021452617
0.042617098
0.042375714
0.021288203
0.042343223
0.051983037
0.051973789
0.051975686
0.051921199
0.051890719
0.051929714
0.021457623
0.059397285
0.042623231
0.021457205
0.059082922
0.021483289
0.04258971
0.021460349
0.059405407
0.028992816
0.10894302
0.028971077
0.050177753
0.029068095
0.049915163
0.10852844
0.029065869
0.049942162
0.06093489
0.062019481
0.057541073
0.061326962
0.061795358
0.05722364
0.061169847
0.057421677
0.060775118
0.057758289
0.057178431
0.061742795
0.029338314
0.050119804
0.029375938
0.060800651
0.023642006
0.10776905
0.061249621
0.023503855
0.054460247
0.046026503
0.054395388
0.046178717
0.054417052
0.046086143
0.11016882
0.060316784
0.10919407
0.060781166
0.023542063
0.050215745
0.029478728
0.021410999
0.021247137
0.051940667
0.042363835
0.051894898
0.042509666
0.051932492
0.042503741
0.021370909
0.029150717
0.049994219
0.029112056
0.050205424
0.056993501
0.06047434
0.10615932
0.10785484
0.059540465
0.10776132
0.049879875
0.057439827
0.029014056
0.050199613
0.057092857
0.06106248
0.057435884
0.061126907
0.06133627
0.05729926
0.050349423
0.061497756
0.057223545
0.050006725
0.061419672
0.057233129
0.050126279
0.10873352
0.059480264
0.029055574
0.10851482
0.059607341
0.10689679
0.029026898
0.10744068
0.059931817
0.04269502
0.021469603
0.042643351
0.042361436
0.021356165
0.042421809
0.051965263
0.051963605
0.051931268
0.051904339
0.051890759
0.051888559
0.021476751
0.059397075
0.04250696
0.021429302
0.060041064
0.021292363
0.042337058
0.021323347
0.06014554
0.028932975
0.10730463
0.028939932
0.050157626
0.029038349
0.050196794
0.1064418
0.029033216
0.050008737
0.061264217
0.061763281
0.057279016
0.06124467
0.061706472
0.057031998
0.061027384
0.057749563
0.061555472
0.057355777
0.057387634
0.061379774
0.029384511
0.050406218
0.029403539
0.060755189
0.023550448
0.10969224
0.060559873
0.023610792
0.054401337
0.046132429
0.054420044
0.045985266
0.054393102
0.046020286
0.10832977
0.06106647
0.10894511
0.060729494
0.02350286
0.050260472
0.029421262
0.021292164
0.021374117
0.051899252
0.042431881
0.051889928
0.042384201
0.051893674
0.042312425
0.021254912
0.028987333
0.050367297
0.028929124
0.050239727
0.057117119
0.060241033
0.1065423
0.10731219
0.060013828
0.10648179
0.050272802
0.056854598
0.028955396
0.050145778
0.057076654
0.061347949
0.057471433
0.061359547
0.061562524
0.057417853
0.049951946
0.06150417
0.057079421
0.050547982
0.061452588
0.056983093
0.050539542
0.10761801
0.059638316
0.028997693
0.10742743
0.059502484
0.10663554
0.029000546
0.10629307
0.059841155
0.042464869
0.021247819
0.042418798
0.042266693
0.021103827
0.042209305
0.051884901
0.051921315
0.051883444
0.051902308
0.051850626
0.051887786
0.021418337
0.060584342
0.042436435
0.021481747
0.060194547
0.021445156
0.042506021
0.021462673
0.060157349
0.02898661
0.10687978
0.028985909
0.050092014
0.029028322
0.050095085
0.10699552
0.028942134
0.050174381
0.06166664
0.061142057
0.057138046
0.061849205
0.060968211
0.05772522
0.061369491
0.057429382
0.061359872
0.057355435
0.057121939
0.061487739
0.029517143
0.05001556
0.029396988
0.061177299
0.023504205
0.10858022
0.060898329
0.023482177
0.054381464
0.046012584
0.054359988
0.046019855
0.054350781
0.045907861
0.10860653
0.06095238
0.10760036
0.061425927
0.023427108
0.050146502
0.029391267
0.021405456
0.02131152
0.051890991
0.042475215
0.051877458
0.042369221
0.051838209
0.04239959
0.021373518
0.028982965
0.050314771
0.029010293
0.050377808
0.056865776
0.059529145
0.10782466
0.1067063
0.059991302
0.10693946
0.049999939
0.057251042
0.029038647
0.04981374
0.057447719
0.061526896
0.057105667
0.0610454
0.061544674
0.057348787
0.050035373
0.061236054
0.05703804
0.050412653
0.06152489
0.056921052
0.050333408
0.10815121
0.059605642
0.029047395
0.10775498
0.059714425
0.10708046
0.028955904
0.10729647
0.059677206
0.042520159
0.02137191
0.04245026
0.042358011
0.021320711
0.042353294
0.051882317
0.051850155
0.051841596
0.051873497
0.051846048
0.051821486
0.021369865
0.059617047
0.042323452
0.021325044
0.059927828
0.021380891
0.042354807
0.02138075
0.060344188
0.029031621
0.10695963
0.029115303
0.050231642
0.028932409
0.049991252
0.10627503
0.029038602
0.050116864
0.061716314
0.061009542
0.056953189
0.061544588
0.060749336
0.057811362
0.061466784
0.057361535
0.061664124
0.057108704
0.057418828
0.061161852
0.029439224
0.050062867
0.029492971
0.061265518
0.02352729
0.10823579
0.061015918
0.023467636
0.054346803
0.045920939
0.054292882
0.045878049
0.054276618
0.045905583
0.10733588
0.061525664
0.10785388
0.061182259
0.023437082
0.050257642
0.029311605
0.021196524
0.021149985
0.051761048
0.042029452
0.051480064
0.042371347
0.051493839
0.042113765
0.021215379
0.02900338
0.050160643
0.02881975
0.049696271
0.056949084
0.059850869
0.10558121
0.10724566
0.059577281
0.10627359
0.050042328
0.057308049
0.028786843
0.050358445
0.056621378
0.060859675
0.057614292
0.061089118
0.061254571
0.057303291
0.049563612
0.061165039
0.05664901
0.050235172
0.061138792
0.056405477
0.050088982
0.10573885
0.060347421
0.02887684
0.10567675
0.059865558
0.10728433
0.028846578
0.10683154
0.059342166
0.042166347
0.021067741
0.041922338
0.042280694
0.021220859
0.042165349
0.051741453
0.051482786
0.051503566
0.051705976
0.051521734
0.05146871
0.021332553
0.060357763
0.042092488
0.021198991
0.059886181
0.021178234
0.041966671
0.021042815
0.059743576
0.02909833
0.10579202
0.028922073
0.049840818
0.028957128
0.049924285
0.1054431
0.028814134
0.049458272
0.061483898
0.060544849
0.056718216
0.060987546
0.060759024
0.057405217
0.061558835
0.056946857
0.061232332
0.056919944
0.057150832
0.061201584
0.029399045
0.049669575
0.029123653
0.060796468
0.023423363
0.10792698
0.060200991
0.023267064
0.054143287
0.045514065
0.053705887
0.045875266
0.053714021
0.045467807
0.10830489
0.060854225
0.10768079
0.060328999
0.023239255
0.050080404
0.029095678
0.020772881
0.01931361
0.050604997
0.03883288
0.047841791
0.041411415
0.047919206
0.039025977
0.019366509
0.028294382
0.048673937
0.026135823
0.045150273
0.052343134
0.052936103
0.097181758
0.1041727
0.052942664
0.097903212
0.049255615
0.055565844
0.026184071
0.045062411
0.052195743
0.060377336
0.05594359
0.056250075
0.055940271
0.052404441
0.045137765
0.05627764
0.05576775
0.048974045
0.055261756
0.052179693
0.044749398
0.10595073
0.05759326
0.026283635
0.098933241
0.052482255
0.10486417
0.025964762
0.097558203
0.053187686
0.041394039
0.019429978
0.039079963
0.041510417
0.01950056
0.039076883
0.050701865
0.048141294
0.04804056
0.050683662
0.048113581
0.048129399
0.020856009
0.058367056
0.03912066
0.01956838
0.053111752
0.02086478
0.039059757
0.01953799
0.052638175
0.028356864
0.097826892
0.026309102
0.045161201
0.028293406
0.048463085
0.09775555
0.026059619
0.04478809
0.05973134
0.060162176
0.052776868
0.055875183
0.05599026
0.0521024
0.06036878
0.055878397
0.056183803
0.052612755
0.052612004
0.056323501
0.028493878
0.044690673
0.026189326
0.058918144
0.022823349
0.097930752
0.05342913
0.020763978
0.05225758
0.04049511
0.047817547
0.04436386
0.04787084
0.040656884
0.105787
0.058978057
0.098591353
0.053720017
0.02088455
0.045007365
0.026335519
0.0017847594
0.0018461815
0.001896993
0.0018714122
0.0019214696
0.0019310606
0.0018425242
0.0019305647
0.0019200478
0.0016785766
0.0018945973
0.0018431897
0.0018601462
0.0018439979
0.0019143771
0.0019384778
0.0019426292
0.0019546339
0.0019529452
0.0019600017
0.0019621039
0.0019483785
0.0019620353
0.0019598112
0.0019137335
0.001954357
0.0019423329
0.0017329937
0.001914198
0.0018449588
0.0017774819
0.0016542092
0.0018429358
0.0019377976
0.0019201617
0.0019484528
0.0019617165
0.0019598569
0.0019650068
0.0019663723
0.001967433
0.0019684186
0.0019650022
0.0019684228
0.0019674603
0.0019546069
0.0019651035
0.0019601436
0.0018974789
0.001949246
0.0019224386
0.0016349524
0.0018495996
0.0016739089
0.0018701247
0.0017090374
0.0018709044
0.0019527986
0.00193099
0.0019529368
0.0019663651
0.0019621239
0.0019663923
0.0019692674
0.0019684366
0.0019692778
0.0019684718
0.0019692909
0.0019684812
0.0019623537
0.001966493
0.00196234
0.0019323506
0.0019534121
0.0019320955
0.0017211366
0.0018737129
0.0017171537
0.0018462622
0.0016253355
0.00178375
0.0019488362
0.0018963611
0.001938167
0.0019650737
0.001954578
0.0019617571
0.0019684497
0.0019650776
0.0019664138
0.0019674936
0.0019664088
0.0019650652
0.001960119
0.0019617468
0.0019545867
0.0019218189
0.0019382654
0.001896775
0.0016652899
0.0017857511
0.0016304096
0.0019139729
0.0017327319
0.0018575318
0.0019545329
0.0019140469
0.0019380357
0.0019621503
0.001948746
0.0019529858
0.0019599391
0.0019529577
0.001948703
0.0019423459
0.0019380238
0.0019138943
0.0018441043
0.0018570856
0.0017322519
0.001895737
0.001680003
0.0017810199
0.0019311375
0.0018452456
0.0018715812
0.001921
0.0018712549
0.0018454671
0.0018441423
0.0017838199
0.001683796
)
;
        source          uniform 0;
        value           nonuniform List<scalar> 
4936
(
298.45559
298.45165
298.46026
298.46104
298.46219
298.45726
298.45787
298.45165
298.45111
298.45183
298.45193
298.45558
298.45789
298.45818
298.4656
298.46141
298.46512
298.46597
298.46576
298.46207
298.46192
298.45032
298.45174
298.44931
298.45386
298.45027
298.45208
298.45118
298.44876
298.45049
298.44923
298.45418
298.45717
298.45751
298.45837
298.45807
298.45652
298.45234
298.46012
298.46048
298.46218
298.45716
298.45907
298.45255
298.45244
298.45296
298.45328
298.45693
298.45887
298.45909
298.46362
298.46059
298.46367
298.46397
298.46396
298.46272
298.46268
298.45593
298.45975
298.45632
298.45499
298.45131
298.45361
298.4526
298.4485
298.44994
298.44874
298.45486
298.45804
298.45762
298.45882
298.45857
298.4568
298.45347
298.46026
298.46053
298.46216
298.45694
298.46006
298.45337
298.45328
298.45422
298.45465
298.45777
298.45953
298.45999
298.46392
298.46078
298.46425
298.46399
298.46402
298.46338
298.46349
298.45719
298.46153
298.45781
298.45562
298.45168
298.45481
298.45437
298.44823
298.4496
298.44823
298.45615
298.45896
298.45767
298.45911
298.45894
298.45725
298.45399
298.46037
298.46071
298.46196
298.45687
298.46055
298.45367
298.45363
298.45504
298.45523
298.45813
298.46014
298.46069
298.4644
298.46127
298.4647
298.46418
298.46422
298.46363
298.4638
298.45751
298.46137
298.45816
298.45589
298.45186
298.4555
298.45487
298.44808
298.44981
298.4481
298.45692
298.45956
298.45775
298.45926
298.45943
298.45739
298.45417
298.46046
298.46093
298.46204
298.45699
298.46087
298.45396
298.45369
298.45559
298.4558
298.45849
298.46043
298.46096
298.46473
298.46077
298.46477
298.46429
298.46433
298.46368
298.4638
298.45741
298.46079
298.45763
298.45577
298.45167
298.45582
298.45564
298.44842
298.45013
298.44827
298.45713
298.45948
298.45784
298.45943
298.45995
298.45716
298.4535
298.46054
298.46113
298.46232
298.45752
298.46104
298.45397
298.45378
298.45606
298.45605
298.45877
298.46096
298.46144
298.46512
298.46116
298.46491
298.46435
298.46439
298.4638
298.46385
298.45756
298.46092
298.45773
298.45592
298.45168
298.4561
298.45575
298.44817
298.45016
298.4478
298.45722
298.4597
298.45792
298.45957
298.46035
298.458
298.45494
298.46089
298.46141
298.46281
298.45834
298.46071
298.4542
298.45388
298.45581
298.45584
298.45864
298.4608
298.46119
298.46482
298.46119
298.46481
298.4644
298.46443
298.46397
298.46398
298.45793
298.46066
298.45765
298.45617
298.45187
298.45602
298.45535
298.44843
298.4502
298.44822
298.45698
298.45954
298.45801
298.45962
298.46056
298.458
298.45479
298.46107
298.46166
298.4628
298.45848
298.46081
298.45427
298.45382
298.45617
298.45597
298.45833
298.46063
298.46112
298.46473
298.46079
298.4647
298.46443
298.46446
298.46407
298.46406
298.45762
298.46089
298.45796
298.45611
298.45174
298.4561
298.45581
298.44832
298.44996
298.44837
298.45712
298.45955
298.45805
298.45962
298.46106
298.4579
298.45451
298.46125
298.46186
298.46263
298.4585
298.46089
298.45465
298.45475
298.45578
298.45568
298.4587
298.4607
298.46128
298.46461
298.46074
298.46465
298.46446
298.46447
298.46417
298.46415
298.45784
298.46085
298.45784
298.45605
298.45149
298.45626
298.45547
298.44868
298.45032
298.44835
298.45686
298.45941
298.45812
298.45961
298.46143
298.45824
298.45514
298.46155
298.46204
298.46262
298.45834
298.4606
298.45443
298.45432
298.45581
298.45588
298.45911
298.46103
298.46144
298.46479
298.4613
298.46475
298.46448
298.46448
298.4644
298.4642
298.45813
298.4617
298.45848
298.45643
298.45197
298.45595
298.45546
298.44898
298.45055
298.44882
298.45663
298.45926
298.45827
298.45966
298.46133
298.4584
298.45503
298.4618
298.4622
298.46279
298.45881
298.46075
298.45468
298.4541
298.45571
298.4559
298.45873
298.46085
298.46131
298.46477
298.4613
298.46475
298.46447
298.46448
298.4646
298.46424
298.45842
298.4614
298.45809
298.45641
298.4517
298.45606
298.45524
298.44898
298.45078
298.44842
298.45717
298.45967
298.45831
298.45965
298.46153
298.45892
298.45562
298.46206
298.46238
298.4629
298.45897
298.46088
298.45453
298.45408
298.45573
298.45572
298.45818
298.4605
298.46133
298.46471
298.46118
298.46478
298.46442
298.4645
298.46467
298.46429
298.45796
298.46171
298.45849
298.45623
298.45188
298.45606
298.45513
298.44918
298.45083
298.44925
298.45698
298.45953
298.4585
298.45968
298.46184
298.45883
298.45587
298.46234
298.46251
298.46296
298.45907
298.46046
298.45479
298.45425
298.45575
298.45598
298.45817
298.46012
298.46126
298.46438
298.461
298.46475
298.46436
298.46449
298.46474
298.46433
298.4573
298.46181
298.45847
298.45636
298.45192
298.45603
298.45554
298.44917
298.45093
298.44966
298.45691
298.45951
298.45868
298.46007
298.46176
298.45896
298.45605
298.46239
298.46262
298.46303
298.45924
298.46027
298.45496
298.45464
298.45561
298.45577
298.45871
298.46049
298.46103
298.46448
298.46098
298.46481
298.4643
298.46449
298.46482
298.4644
298.45765
298.46162
298.45861
298.45656
298.4519
298.45576
298.45507
298.4493
298.45105
298.44967
298.45688
298.45945
298.45883
298.46058
298.46178
298.45897
298.45602
298.46255
298.46272
298.46302
298.45933
298.46023
298.45531
298.45526
298.4556
298.45575
298.45887
298.46041
298.46103
298.46421
298.46115
298.46468
298.46425
298.46448
298.4649
298.46443
298.45716
298.46184
298.45877
298.45622
298.4517
298.456
298.45542
298.44937
298.45125
298.44911
298.45707
298.45941
298.45898
298.46127
298.46159
298.45927
298.45616
298.46259
298.46279
298.4628
298.45885
298.46015
298.45503
298.45484
298.45549
298.45568
298.45875
298.46036
298.46101
298.46448
298.46106
298.46456
298.46419
298.46448
298.46495
298.46452
298.45748
298.4612
298.45821
298.45627
298.45191
298.4562
298.45592
298.44938
298.45119
298.45036
298.45683
298.45935
298.45925
298.46152
298.46142
298.45903
298.4559
298.46269
298.46287
298.46284
298.45902
298.46011
298.45514
298.45487
298.45543
298.45573
298.45886
298.46039
298.46109
298.4645
298.46159
298.46467
298.46415
298.46446
298.46498
298.46456
298.45748
298.46158
298.45887
298.45653
298.45203
298.45616
298.45523
298.44969
298.45161
298.45061
298.45659
298.45885
298.45941
298.46155
298.46114
298.45919
298.45598
298.46277
298.46292
298.4629
298.45917
298.46003
298.4552
298.45471
298.45551
298.45577
298.45869
298.46039
298.46089
298.46438
298.4616
298.46465
298.46409
298.46444
298.46498
298.46457
298.4568
298.46167
298.45889
298.4568
298.45254
298.4561
298.45566
298.45017
298.45211
298.45133
298.45655
298.45872
298.45952
298.46152
298.46112
298.45911
298.45569
298.46287
298.46298
298.46323
298.4596
298.46036
298.455
298.45478
298.45559
298.45548
298.45863
298.46033
298.46084
298.4643
298.4613
298.46458
298.46404
298.4644
298.46496
298.46461
298.45678
298.46213
298.45922
298.45657
298.4524
298.45573
298.45569
298.45029
298.45244
298.45232
298.45661
298.45881
298.45962
298.46147
298.46119
298.4598
298.45648
298.4629
298.46301
298.46338
298.45978
298.46031
298.45471
298.4548
298.4556
298.45572
298.45862
298.46021
298.46082
298.46438
298.46182
298.46467
298.46401
298.46435
298.46495
298.46469
298.45654
298.46178
298.45905
298.45633
298.45224
298.45621
298.45549
298.45074
298.45276
298.45242
298.45669
298.45892
298.45957
298.46141
298.46142
298.45969
298.45661
298.463
298.46303
298.46335
298.45969
298.46054
298.45501
298.4548
298.45566
298.45594
298.45858
298.46029
298.46086
298.46442
298.46151
298.46453
298.464
298.46428
298.46488
298.46462
298.45668
298.46131
298.45827
298.45662
298.45255
298.45597
298.45557
298.45104
298.45321
298.4533
298.45671
298.45881
298.45945
298.46134
298.46118
298.45968
298.45652
298.46304
298.463
298.46314
298.45948
298.46039
298.45503
298.45463
298.45549
298.45576
298.45822
298.46007
298.46084
298.46434
298.4611
298.46428
298.46394
298.46419
298.46482
298.46455
298.45628
298.46128
298.45839
298.457
298.45286
298.45605
298.45559
298.45096
298.45333
298.45462
298.45631
298.45843
298.45947
298.46121
298.46088
298.45937
298.45608
298.46299
298.46293
298.46298
298.45934
298.46008
298.45483
298.45442
298.45545
298.45554
298.45876
298.46019
298.46059
298.46407
298.46113
298.46432
298.46384
298.46411
298.46473
298.46452
298.45725
298.46188
298.45897
298.45681
298.45289
298.45622
298.45551
298.45128
298.45346
298.45453
298.45623
298.45836
298.45945
298.46108
298.46093
298.45976
298.45655
298.46289
298.46283
298.46281
298.45916
298.45994
298.4548
298.45459
298.45535
298.45543
298.45863
298.4602
298.46068
298.46404
298.46177
298.46451
298.46372
298.46396
298.46452
298.46443
298.45669
298.46156
298.45873
298.45645
298.45289
298.45585
298.45549
298.45146
298.45351
298.4548
298.45619
298.4582
298.45943
298.46096
298.46082
298.45932
298.45627
298.46281
298.46265
298.46248
298.45889
298.45952
298.45464
298.45433
298.45534
298.45549
298.45834
298.45992
298.46013
298.46372
298.46064
298.46401
298.46353
298.46376
298.46426
298.46421
298.4562
298.46107
298.45804
298.45672
298.45268
298.45541
298.45498
298.45112
298.45316
298.45417
298.45591
298.45793
298.45923
298.46081
298.46052
298.45903
298.45577
298.46262
298.46241
298.46254
298.45891
298.45925
298.45456
298.45436
298.45482
298.45506
298.4582
298.45974
298.46036
298.46357
298.46129
298.464
298.46325
298.46349
298.46396
298.46392
298.45616
298.46073
298.4577
298.45616
298.45252
298.45516
298.45489
298.45084
298.45298
298.45381
298.45575
298.45778
298.45897
298.46058
298.46025
298.45899
298.45543
298.46234
298.46212
298.46221
298.45894
298.45907
298.45455
298.4539
298.45469
298.455
298.45762
298.45928
298.45993
298.46317
298.46088
298.46353
298.46293
298.46312
298.46355
298.46357
298.45581
298.46009
298.4568
298.45619
298.45238
298.45496
298.45442
298.45091
298.4532
298.45444
298.45547
298.45738
298.45872
298.46022
298.45981
298.45887
298.45579
298.46201
298.46171
298.46162
298.45823
298.45876
298.45436
298.45396
298.45403
298.45417
298.45713
298.4587
298.4593
298.4627
298.46015
298.46289
298.46252
298.46267
298.46302
298.46319
298.45577
298.46021
298.45724
298.45577
298.45218
298.45449
298.45385
298.4504
298.45284
298.4541
298.45502
298.45705
298.45841
298.45981
298.45964
298.45811
298.45505
298.46159
298.46116
298.46105
298.45764
298.45828
298.45377
298.45341
298.45421
298.4546
298.45692
298.45854
298.45917
298.46214
298.45943
298.46228
298.46198
298.46211
298.46242
298.46268
298.4564
298.45969
298.45684
298.45497
298.45135
298.45398
298.45334
298.44995
298.45219
298.45321
298.45451
298.45658
298.45797
298.4593
298.4591
298.45743
298.45399
298.46091
298.46046
298.46034
298.45686
298.45761
298.45298
298.45274
298.45358
298.45385
298.45637
298.45792
298.45867
298.46151
298.45936
298.46187
298.46128
298.46142
298.4617
298.46198
298.45504
298.45892
298.45602
298.45454
298.45084
298.45362
298.45352
298.4493
298.45167
298.4525
298.45394
298.4561
298.45733
298.45873
298.45849
298.4563
298.45326
298.46008
298.45957
298.45948
298.45614
298.45684
298.45188
298.45164
298.45278
298.45294
298.4554
298.45713
298.45814
298.4606
298.45789
298.46105
298.46043
298.46059
298.46081
298.46116
298.4546
298.45764
298.45487
298.45408
298.45047
298.45341
298.45304
298.44857
298.45073
298.45171
298.45343
298.45548
298.45665
298.45818
298.45782
298.45604
298.4533
298.45911
298.45853
298.45843
298.45491
298.45635
298.45162
298.45141
298.45335
298.45385
298.45455
298.4565
298.45813
298.45966
298.45828
298.46035
298.45946
298.45966
298.45983
298.46024
298.4532
298.45811
298.45601
298.45326
298.44961
298.45389
298.45359
298.44796
298.45018
298.45185
298.4529
298.45492
298.45604
298.45752
298.45678
298.45391
298.45066
298.46593
298.45829
298.46761
298.45766
298.45422
298.46102
298.45704
298.45604
298.44941
298.44871
298.45793
298.48038
298.49009
298.4921
298.48671
298.47161
298.45182
298.45245
298.45251
298.45465
298.45985
298.48298
298.49529
298.49915
298.49951
298.49781
298.49153
298.47199
298.457
298.45818
298.47437
298.49397
298.49985
298.50131
298.50146
298.50056
298.49767
298.48713
298.45649
298.45885
298.46284
298.45865
298.48275
298.49717
298.50094
298.50174
298.50177
298.50129
298.49942
298.49193
298.45878
298.46871
298.45908
298.48103
298.49625
298.50057
298.50164
298.50169
298.50111
298.49855
298.49055
298.45933
298.46737
298.44967
298.46523
298.49002
298.49816
298.50057
298.50085
298.49924
298.49423
298.48232
298.45672
298.45498
298.45074
298.44679
298.46933
298.48921
298.49567
298.49611
298.49356
298.48347
298.45305
298.45196
298.46054
298.4459
298.44838
298.44896
298.4633
298.47975
298.48154
298.47238
298.45089
298.45382
298.45859
298.45544
298.45663
298.45518
298.45197
298.45068
298.45789
298.46089
298.45717
298.46466
298.47323
298.46747
298.45777
298.48014
298.48219
298.46621
298.45809
298.48241
298.48111
298.45204
298.47377
298.46559
298.45345
298.46049
298.45167
298.44894
298.44948
298.45813
298.47019
298.47104
298.48309
298.45983
298.48372
298.47218
298.45308
298.46028
298.45559
298.45151
298.45472
298.47081
298.46618
298.48135
298.46163
298.4818
298.46721
298.45459
298.46193
298.45922
298.46717
298.45909
298.46726
298.46856
298.45863
298.46847
298.45881
298.46874
298.46701
298.45786
298.46167
298.45375
298.45889
298.46285
298.45354
298.48127
298.45866
298.46973
298.46738
298.4719
298.46109
298.45627
298.45487
298.44625
298.45605
298.44553
298.48218
298.45505
298.46879
298.47199
298.47072
298.45883
298.4504
298.44933
298.44991
298.45602
298.47224
298.45197
298.45916
298.45514
298.48118
298.46393
298.46562
298.45519
298.48016
298.46641
298.46496
298.45689
298.44586
298.46347
298.44999
298.45904
298.46004
298.46028
298.45984
298.46009
298.45953
298.46267
298.46057
298.46249
298.46224
298.45471
298.45295
298.4547
298.45338
298.45196
298.4561
298.45202
298.45278
298.45721
298.45286
298.45505
298.45231
298.45835
298.45553
298.45261
298.45142
298.45231
298.4522
298.45165
298.45298
298.45625
298.45212
298.45277
298.45588
298.45241
298.45338
298.45641
298.45552
298.46173
298.45831
298.4569
298.46085
298.45597
298.45852
298.45673
298.4605
298.46683
298.46406
298.46502
298.46604
298.46367
298.46481
298.46414
298.46489
298.4635
298.4641
298.46477
298.46336
298.45866
298.45313
298.46222
298.46204
298.45781
298.45759
298.46207
298.46123
298.45689
298.45591
298.45342
298.45593
298.45439
298.4567
298.45466
298.45348
298.45676
298.45506
298.44958
298.44833
298.45083
298.45001
298.44873
298.44876
298.45114
298.45159
298.45161
298.45178
298.45252
298.45167
298.45224
298.45036
298.45206
298.453
298.45712
298.44922
298.453
298.4571
298.45761
298.45759
298.45765
298.45889
298.45854
298.45908
298.44883
298.45288
298.44819
298.45279
298.45836
298.45423
298.45748
298.46049
298.4606
298.4595
298.46014
298.45954
298.46232
298.46044
298.46229
298.46202
298.4551
298.45402
298.45537
298.45437
298.45302
298.45669
298.45305
298.45279
298.45699
298.4527
298.45618
298.45345
298.45968
298.45692
298.45436
298.45288
298.45369
298.45341
298.453
298.45437
298.45759
298.45364
298.45404
298.4571
298.45409
298.45495
298.45789
298.45792
298.46058
298.45935
298.45797
298.46046
298.45747
298.45961
298.45787
298.46074
298.46455
298.46369
298.46466
298.46461
298.46397
298.46479
298.46296
298.46388
298.46313
298.46285
298.46388
298.46304
298.46288
298.45971
298.4631
298.46332
298.46043
298.46307
298.46316
298.46396
298.46121
298.45635
298.45662
298.45678
298.45541
298.45744
298.45611
298.45758
298.45799
298.45662
298.45044
298.4489
298.45167
298.45067
298.44893
298.4484
298.45239
298.45245
298.45311
298.45346
298.45418
298.45338
298.45183
298.44977
298.45175
298.45287
298.45722
298.44855
298.45265
298.45716
298.45772
298.45771
298.4578
298.45939
298.45901
298.45969
298.44844
298.45292
298.4493
298.45329
298.45887
298.45569
298.45853
298.46055
298.46068
298.45961
298.46027
298.45969
298.46227
298.46058
298.4623
298.4621
298.45586
298.45477
298.45617
298.45496
298.45349
298.45707
298.45375
298.45237
298.45713
298.45275
298.45734
298.45482
298.46045
298.45772
298.45519
298.45384
298.45458
298.45395
298.45347
298.45477
298.45785
298.45473
298.45528
298.45805
298.45508
298.4554
298.45819
298.45818
298.46065
298.45981
298.4581
298.46093
298.45759
298.46031
298.45767
298.46101
298.4648
298.46432
298.4649
298.46494
298.46448
298.46505
298.46332
298.4641
298.46348
298.46327
298.4641
298.46346
298.46359
298.46091
298.46356
298.46377
298.46118
298.4642
298.46366
298.46443
298.46167
298.45719
298.45762
298.45725
298.45572
298.45839
298.45715
298.45831
298.45855
298.45749
298.45065
298.44889
298.45184
298.45078
298.44892
298.44822
298.45391
298.45403
298.45416
298.45462
298.45521
298.45459
298.45167
298.44987
298.45188
298.45278
298.45714
298.44793
298.45269
298.45705
298.45786
298.4577
298.45794
298.45992
298.45919
298.46013
298.44954
298.45351
298.45004
298.45404
298.45926
298.45664
298.45927
298.46081
298.46078
298.45976
298.46041
298.45986
298.4623
298.46077
298.46236
298.4618
298.45631
298.45495
298.45664
298.45529
298.45388
298.45729
298.45396
298.45269
298.45664
298.45257
298.45808
298.45567
298.46061
298.45817
298.45582
298.45428
298.45496
298.45442
298.4534
298.45499
298.45826
298.45543
298.45567
298.45858
298.4555
298.45598
298.45883
298.45787
298.46095
298.46023
298.45733
298.46077
298.45794
298.46088
298.45796
298.46103
298.465
298.46448
298.46508
298.46513
298.46462
298.46519
298.46359
298.46424
298.46366
298.46358
298.46424
298.46365
298.46348
298.46085
298.46367
298.46355
298.46087
298.46428
298.46376
298.46395
298.461
298.45749
298.45751
298.45751
298.45584
298.45855
298.45747
298.45792
298.45868
298.4575
298.45046
298.44851
298.4518
298.45054
298.44883
298.44837
298.45459
298.45481
298.45489
298.45513
298.4555
298.45519
298.45188
298.44994
298.45199
298.45242
298.45699
298.44811
298.45251
298.45709
298.45796
298.45777
298.458
298.46029
298.45935
298.46046
298.45032
298.45415
298.45079
298.45449
298.45969
298.45719
298.45963
298.46079
298.46074
298.45994
298.46044
298.46002
298.46245
298.46099
298.46255
298.46215
298.45675
298.45539
298.45684
298.45547
298.45402
298.4573
298.45397
298.45292
298.45718
298.45327
298.45836
298.45589
298.46095
298.45855
298.45608
298.45455
298.45512
298.45452
298.45375
298.45525
298.45857
298.4556
298.45602
298.45881
298.45573
298.45629
298.45915
298.45778
298.46111
298.46063
298.458
298.4613
298.45729
298.46126
298.45738
298.46104
298.46514
298.46491
298.46518
298.46521
298.46479
298.46522
298.4637
298.46432
298.46375
298.46369
298.46432
298.46374
298.46351
298.46076
298.46373
298.46363
298.4611
298.46386
298.46377
298.46377
298.46099
298.45761
298.4577
298.45787
298.45599
298.45909
298.4581
298.45772
298.45911
298.45824
298.45025
298.44877
298.45173
298.45025
298.44876
298.44837
298.45519
298.45543
298.45517
298.45526
298.45603
298.45566
298.45213
298.45015
298.45206
298.45274
298.45723
298.44814
298.45282
298.4573
298.45806
298.45792
298.45815
298.46061
298.45954
298.46079
298.45102
298.45478
298.45141
298.45519
298.46018
298.45699
298.45953
298.46073
298.46123
298.46012
298.4607
298.46028
298.46263
298.46123
298.46273
298.46249
298.45686
298.45552
298.457
298.45568
298.45406
298.45786
298.45452
298.45363
298.45775
298.45397
298.45855
298.45606
298.46094
298.45873
298.4564
298.4543
298.45538
298.45444
298.45389
298.45541
298.4588
298.45621
298.45659
298.4594
298.45611
298.45649
298.45915
298.45843
298.46176
298.461
298.458
298.46138
298.45764
298.46124
298.45775
298.4612
298.46521
298.46493
298.4652
298.46525
298.46487
298.46526
298.46381
298.46438
298.46386
298.46378
298.46438
298.46383
298.46358
298.46094
298.46389
298.46389
298.46139
298.46378
298.4639
298.46382
298.4609
298.45785
298.45823
298.45803
298.4561
298.45901
298.45809
298.458
298.45896
298.45806
298.45028
298.44882
298.45179
298.44996
298.44849
298.44809
298.4551
298.4553
298.45489
298.45526
298.45604
298.45542
298.45205
298.45001
298.45194
298.45267
298.4573
298.44811
298.45259
298.45726
298.45816
298.45798
298.4582
298.4609
298.45961
298.46104
298.45177
298.45551
298.45195
298.45572
298.46054
298.45699
298.45947
298.46139
298.46143
298.46041
298.46095
298.46057
298.46284
298.4615
298.46291
298.46274
298.45719
298.45579
298.4573
298.45588
298.45425
298.45817
298.45497
298.45474
298.45825
298.45459
298.45835
298.45634
298.46085
298.45848
298.45645
298.45446
298.45537
298.45436
298.45375
298.45522
298.45835
298.45582
298.45621
298.45898
298.45584
298.45613
298.45893
298.4578
298.46124
298.4606
298.45725
298.461
298.45757
298.46117
298.45761
298.46101
298.46516
298.4648
298.46515
298.46525
298.46476
298.46528
298.46391
298.46442
298.46395
298.46387
298.46441
298.4639
298.46365
298.46089
298.46403
298.46367
298.46097
298.46374
298.46396
298.46402
298.46119
298.45818
298.45785
298.4581
298.45601
298.45898
298.45812
298.45802
298.45891
298.45794
298.45032
298.44872
298.45176
298.45035
298.44876
298.44832
298.45483
298.45513
298.45498
298.45513
298.45594
298.45551
298.45202
298.44999
298.45188
298.45222
298.45723
298.44835
298.45245
298.4574
298.45822
298.45803
298.45823
298.46113
298.45962
298.46125
298.452
298.45569
298.45237
298.45587
298.46085
298.45697
298.45952
298.4613
298.46134
298.46071
298.46111
298.46084
298.46297
298.46172
298.46304
298.46284
298.45731
298.45581
298.45744
298.45603
298.45448
298.45767
298.45433
298.4549
298.45873
298.45519
298.45864
298.45656
298.46085
298.45864
298.45648
298.45451
298.45528
298.45478
298.45417
298.4552
298.45828
298.45607
298.45638
298.4592
298.45594
298.45627
298.45904
298.45729
298.46099
298.46067
298.45739
298.46107
298.45738
298.46113
298.45767
298.461
298.46515
298.46469
298.46511
298.46528
298.46474
298.46525
298.46399
298.46445
298.46404
298.46394
298.46443
298.46398
298.46373
298.46087
298.46414
298.46389
298.46114
298.46392
298.46408
298.46404
298.46095
298.4582
298.45775
298.45821
298.45601
298.45897
298.45802
298.45832
298.45912
298.45823
298.45043
298.44871
298.45162
298.45028
298.44855
298.44848
298.45522
298.45522
298.45518
298.45521
298.45622
298.45564
298.45195
298.45007
298.45206
298.45265
298.45742
298.44809
298.45253
298.45733
298.45824
298.45807
298.45827
298.46135
298.45961
298.46147
298.45257
298.45611
298.45256
298.45644
298.46118
298.45699
298.4594
298.46149
298.46178
298.46098
298.46136
298.46114
298.46309
298.46192
298.46317
298.46268
298.45751
298.45609
298.45747
298.45597
298.4544
298.45847
298.45525
298.45502
298.45849
298.45505
298.4587
298.45641
298.46064
298.45854
298.45626
298.45519
298.45561
298.45503
298.45446
298.45576
298.45875
298.45546
298.45616
298.45904
298.45549
298.45635
298.45923
298.45712
298.46079
298.46078
298.45739
298.46087
298.45728
298.46134
298.45732
298.46096
298.4651
298.46473
298.46512
298.46524
298.46468
298.46524
298.46409
298.46447
298.46413
298.464
298.46444
298.46402
298.46394
298.46129
298.46429
298.4642
298.46162
298.46408
298.46414
298.46431
298.46132
298.45836
298.4583
298.45854
298.45647
298.45899
298.45806
298.45816
298.459
298.45794
298.45018
298.44868
298.45191
298.45055
298.4492
298.44878
298.45512
298.45505
298.45508
298.45487
298.45592
298.45553
298.45227
298.45046
298.45238
298.45276
298.45747
298.44867
298.45302
298.4576
298.45831
298.45824
298.45837
298.46156
298.45965
298.46159
298.45296
298.45683
298.45339
298.45699
298.4614
298.45676
298.45936
298.46176
298.46193
298.4613
298.46166
298.46144
298.46315
298.46208
298.46318
298.46267
298.45756
298.45616
298.45793
298.45661
298.45466
298.45845
298.45536
298.45495
298.45848
298.45501
298.45839
298.45622
298.46075
298.45855
298.45626
298.45489
298.45593
298.45474
298.45422
298.45576
298.45888
298.45597
298.45656
298.45938
298.45615
298.45645
298.45917
298.45765
298.46109
298.46098
298.45774
298.46137
298.4581
298.46139
298.45811
298.46119
298.46509
298.46487
298.46504
298.46525
298.46467
298.46528
298.46418
298.46448
298.46424
298.46404
298.46444
298.46406
298.46408
298.46133
298.46449
298.4641
298.46108
298.46438
298.46419
298.4643
298.46156
298.45865
298.45774
298.45876
298.45639
298.45919
298.45823
298.45843
298.45929
298.45826
298.45072
298.44929
298.45166
298.45053
298.44901
298.44893
298.45476
298.45471
298.45464
298.45467
298.45581
298.4553
298.45242
298.45062
298.45247
298.45303
298.45769
298.44849
298.45275
298.45756
298.45839
298.45829
298.4584
298.46164
298.45968
298.46172
298.45303
298.45679
298.45305
298.45674
298.46147
298.45684
298.45945
298.46199
298.46208
298.46156
298.46188
298.46171
298.46323
298.46226
298.46332
298.4629
298.45789
298.45657
298.45788
298.45658
298.45462
298.45866
298.45536
298.45535
298.45895
298.45575
298.45861
298.45637
298.46072
298.45854
298.45614
298.45469
298.45561
298.45446
298.45385
298.45539
298.4583
298.45553
298.45622
298.45911
298.45562
298.4563
298.45925
298.45846
298.46172
298.46044
298.45856
298.4616
298.45809
298.46132
298.45811
298.46121
298.46496
298.46471
298.46489
298.46524
298.46478
298.46521
298.46428
298.46445
298.46432
298.46407
298.46445
298.4641
298.46444
298.46158
298.46463
298.46432
298.46149
298.46435
298.46423
298.46446
298.46167
298.45885
298.45832
298.45895
298.45656
298.45928
298.45844
298.45833
298.45916
298.45827
298.45068
298.44907
298.45198
298.4508
298.44919
298.44919
298.45463
298.45473
298.45441
298.4548
298.45587
298.45489
298.45259
298.45074
298.45261
298.45285
298.45755
298.44897
298.45355
298.45803
298.4584
298.4584
298.45846
298.46175
298.45965
298.46178
298.45307
298.4568
298.45279
298.45664
298.46147
298.45705
298.45952
298.46227
298.46241
298.46185
298.46219
298.46198
298.46331
298.46241
298.46333
298.46286
298.45785
298.45643
298.45788
298.4565
298.45456
298.45911
298.456
298.45568
298.45887
298.45539
298.45876
298.45618
298.4607
298.45882
298.45642
298.4544
298.45514
298.45454
298.45415
298.45532
298.45838
298.45569
298.45629
298.45913
298.45578
298.45647
298.45926
298.45876
298.46189
298.46044
298.4586
298.46179
298.45789
298.46137
298.45782
298.46117
298.46481
298.46448
298.46472
298.46516
298.46473
298.46514
298.46435
298.46439
298.46438
298.46411
298.46446
298.46413
298.46419
298.46116
298.46466
298.46402
298.46083
298.46451
298.46427
298.46444
298.46155
298.45874
298.45717
298.45886
298.45648
298.45922
298.45826
298.4581
298.4592
298.45811
298.4506
298.44933
298.45194
298.45051
298.44938
298.44908
298.45469
298.45478
298.45506
298.45487
298.45602
298.45529
298.45265
298.45076
298.4526
298.45367
298.45813
298.44938
298.454
298.45834
298.45852
298.45858
298.45858
298.4618
298.45979
298.46185
298.45332
298.45716
298.45381
298.45759
298.462
298.45699
298.45959
298.46237
298.46233
298.46208
298.46232
298.46214
298.4634
298.46252
298.46345
298.46289
298.45789
298.45654
298.45795
298.45661
298.45484
298.45871
298.45549
298.45577
298.4589
298.45571
298.45856
298.45634
298.4603
298.45826
298.45613
298.45469
298.45532
298.45507
298.45462
298.45572
298.45856
298.45555
298.45631
298.45912
298.45579
298.45618
298.45901
298.45845
298.46144
298.46037
298.45882
298.46163
298.45739
298.4611
298.45783
298.4611
298.46468
298.46444
298.46465
298.46511
298.46474
298.46514
298.4644
298.46434
298.46442
298.46414
298.46445
298.46416
298.46419
298.46111
298.46477
298.46428
298.46114
298.46453
298.46435
298.46453
298.46159
298.45879
298.45745
298.45897
298.45652
298.45913
298.45814
298.45844
298.45909
298.45816
298.45058
298.44945
298.45201
298.4507
298.44955
298.44931
298.45524
298.45492
298.455
298.45477
298.45598
298.45531
298.45272
298.45114
298.45281
298.45418
298.4584
298.4497
298.45392
298.45836
298.45866
298.45877
298.45877
298.46192
298.46035
298.46199
298.45353
298.45732
298.45331
298.45724
298.46172
298.45669
298.45932
298.46239
298.46236
298.46219
298.46243
298.46227
298.46344
298.46263
298.46348
298.46297
298.45806
298.45678
298.45822
298.4571
298.45528
298.45875
298.45597
298.45591
298.45906
298.45566
298.45844
298.45632
298.46029
298.45834
298.45627
298.45492
298.4558
298.45517
298.45497
298.45577
298.45853
298.4555
298.45606
298.45883
298.45573
298.45623
298.45888
298.45902
298.46182
298.4603
298.45933
298.46189
298.45759
298.46101
298.45834
298.46134
298.46462
298.46449
298.46458
298.46515
298.46463
298.46511
298.46442
298.46428
298.46443
298.46418
298.46445
298.46418
298.46439
298.46133
298.46491
298.46446
298.46114
298.4646
298.46436
298.46443
298.46137
298.45906
298.45749
298.45876
298.45618
298.45902
298.45791
298.45828
298.45912
298.45804
298.4507
298.44943
298.4518
298.45078
298.44967
298.44943
298.4547
298.45478
298.45489
298.45499
298.45588
298.45518
298.4528
298.45125
298.45294
298.45386
298.45837
298.44928
298.4538
298.45834
298.45884
298.4589
298.45896
298.46201
298.46091
298.46202
298.45359
298.45736
298.45361
298.4569
298.46151
298.45704
298.45945
298.46245
298.4625
298.46234
298.46251
298.46239
298.46352
298.46272
298.46352
298.46284
298.45805
298.45689
298.45789
298.45674
298.4551
298.45907
298.45588
298.45606
298.45903
298.45569
298.45824
298.4561
298.46029
298.45843
298.45617
298.45548
298.45596
298.45537
298.45504
298.45595
298.45875
298.45548
298.45615
298.45875
298.4556
298.4564
298.45902
298.45888
298.46147
298.46033
298.45892
298.46166
298.4579
298.46103
298.45799
298.4611
298.46452
298.46434
298.46446
298.46506
298.46459
298.46508
298.46442
298.46423
298.46442
298.46419
298.46444
298.46422
298.46424
298.46075
298.46491
298.46427
298.46095
298.46449
298.46445
298.46424
298.4616
298.45884
298.45688
298.45892
298.4563
298.45942
298.45808
298.45878
298.45969
298.45819
298.45061
298.44964
298.45178
298.45049
298.44941
298.44931
298.45506
298.45514
298.45558
298.4553
298.45609
298.456
298.45294
298.45131
298.45304
298.45381
298.45839
298.44978
298.45431
298.45871
298.45916
298.45911
298.45932
298.46199
298.46146
298.46201
298.45366
298.45711
298.45458
298.45785
298.46157
298.45688
298.45913
298.46259
298.46252
298.46244
298.46261
298.46249
298.46356
298.46279
298.46357
298.46268
298.45774
298.45649
298.45775
298.45658
298.45515
298.4591
298.45592
298.45535
298.45885
298.45554
298.45826
298.45606
298.46007
298.45817
298.45609
298.45526
298.45595
298.45538
298.45483
298.45616
298.45881
298.45556
298.45619
298.45883
298.45574
298.45632
298.45906
298.4593
298.46185
298.46037
298.45948
298.46201
298.45795
298.46102
298.45793
298.46124
298.46443
298.46451
298.4644
298.46502
298.46458
298.46498
298.46442
298.46417
298.46441
298.46425
298.46443
298.46427
298.4644
298.4613
298.46499
298.46449
298.46113
298.46425
298.46451
298.46442
298.46152
298.45901
298.45734
298.4591
298.45648
298.45982
298.45846
298.45863
298.45984
298.45858
298.45067
298.44957
298.45206
298.45064
298.44955
298.44949
298.45556
298.45487
298.45544
298.45499
298.45614
298.45574
298.45304
298.45138
298.45319
298.45446
298.45891
298.45062
298.45464
298.45904
298.45937
298.45934
298.45941
298.46203
298.46155
298.46205
298.45439
298.45763
298.45415
298.45754
298.46129
298.45695
298.45912
298.46244
298.46237
298.46254
298.4627
298.46258
298.46359
298.46286
298.46364
298.46287
298.45781
298.45665
298.4579
298.45664
298.45501
298.45882
298.45576
298.45575
298.4591
298.45594
298.45806
298.45589
298.45994
298.45785
298.45571
298.45542
298.45623
298.45533
298.45474
298.45587
298.45861
298.4553
298.45626
298.45914
298.45566
298.45608
298.45893
298.45927
298.46195
298.4604
298.45948
298.4619
298.4585
298.46102
298.45901
298.46176
298.46439
298.46439
298.46438
298.46497
298.46472
298.465
298.46441
298.46412
298.46439
298.46427
298.46442
298.46429
298.46455
298.46126
298.46497
298.46433
298.46096
298.46441
298.46456
298.46435
298.46134
298.45922
298.45713
298.4593
298.45674
298.45979
298.45856
298.45864
298.45982
298.45857
298.45105
298.44995
298.45226
298.45121
298.4499
298.44992
298.45481
298.45481
298.45488
298.45468
298.45615
298.45535
298.45338
298.45175
298.45362
298.45502
298.45923
298.45111
298.45562
298.45955
298.45946
298.45947
298.45951
298.46204
298.46155
298.46202
298.45393
298.45723
298.45381
298.45707
298.46112
298.45637
298.45868
298.46257
298.46251
298.46262
298.46279
298.46265
298.46365
298.46291
298.4637
298.46296
298.45788
298.45682
298.45776
298.45666
298.45507
298.45897
298.45573
298.4558
298.45928
298.45621
298.45787
298.4558
298.46008
298.458
298.45584
298.45518
298.45581
298.45534
298.4547
298.45592
298.45867
298.45555
298.45634
298.45901
298.4556
298.45665
298.45912
298.45915
298.46171
298.46019
298.45921
298.4617
298.45877
298.46079
298.45845
298.46118
298.46434
298.46433
298.46429
298.46495
298.46449
298.4649
298.46438
298.46407
298.46437
298.46431
298.46438
298.46432
298.46426
298.46065
298.46497
298.46425
298.46046
298.46448
298.46455
298.46456
298.46179
298.45923
298.45654
298.45913
298.45658
298.45988
298.45839
298.45876
298.45999
298.45814
298.45149
298.4503
298.45251
298.45135
298.45022
298.45034
298.4551
298.45482
298.45522
298.45498
298.45564
298.45569
298.45383
298.45253
298.4541
298.45545
298.45955
298.45149
298.45528
298.45953
298.45955
298.45961
298.45957
298.46203
298.4615
298.46204
298.45377
298.45701
298.45347
298.45673
298.46105
298.45663
298.45875
298.46265
298.46276
298.46268
298.46282
298.46269
298.46374
298.46295
298.46369
298.46316
298.45764
298.45649
298.45768
298.4565
298.45483
298.45927
298.45569
298.45657
298.45937
298.45575
298.45835
298.456
298.46035
298.45858
298.45631
298.45522
298.45578
298.45503
298.45465
298.45596
298.45886
298.45553
298.45633
298.45883
298.45554
298.45641
298.45894
298.45922
298.46169
298.46031
298.45917
298.46186
298.45854
298.46087
298.45855
298.46135
298.46425
298.46434
298.46425
298.46488
298.46454
298.46484
298.46435
298.46403
298.46433
298.46432
298.46434
298.46433
298.46434
298.46058
298.46498
298.46433
298.46064
298.4647
298.46461
298.46467
298.46202
298.45917
298.4568
298.45901
298.4564
298.46032
298.45826
298.45923
298.46036
298.45881
298.45121
298.45018
298.4524
298.4515
298.4505
298.45044
298.45521
298.45495
298.45505
298.45481
298.45625
298.45546
298.45433
298.45243
298.45435
298.456
298.45985
298.45232
298.45583
298.45962
298.45959
298.45962
298.45959
298.462
298.46145
298.46198
298.45363
298.45679
298.45365
298.45696
298.4613
298.45647
298.45875
298.46297
298.46303
298.46271
298.4629
298.46275
298.4637
298.46299
298.46376
298.46343
298.45766
298.45647
298.45763
298.45655
298.45486
298.45974
298.45632
298.45603
298.45988
298.45653
298.45808
298.45588
298.46035
298.4582
298.45592
298.45512
298.4559
298.45513
298.45483
298.4558
298.45838
298.45582
298.45635
298.45886
298.45609
298.45642
298.45901
298.45948
298.46202
298.46009
298.45896
298.46156
298.45892
298.46085
298.45825
298.46139
298.46423
298.46428
298.46427
298.46476
298.4645
298.46473
298.46431
298.46401
298.4643
298.46432
298.46428
298.4643
298.46425
298.46049
298.46493
298.46409
298.46015
298.46461
298.46463
298.46453
298.46148
298.45918
298.45631
298.45931
298.45668
298.46032
298.45868
298.45868
298.46037
298.45858
298.45187
298.45093
298.45242
298.45155
298.45087
298.4511
298.45506
298.45495
298.45521
298.45495
298.45608
298.45558
298.45458
298.45327
298.45515
298.45555
298.45932
298.45319
298.4563
298.45946
298.45956
298.45952
298.45952
298.46195
298.46139
298.46194
298.45388
298.45733
298.45462
298.45763
298.46127
298.45659
298.45877
298.46298
298.46293
298.46276
298.46299
298.46278
298.46373
298.46298
298.46368
298.46308
298.45757
298.45645
298.45758
298.45642
298.45499
298.45966
298.45678
298.4563
298.45935
298.45601
298.45848
298.45605
298.46047
298.45863
298.45628
298.45515
298.45587
298.45525
298.45477
298.45585
298.45843
298.45562
298.4564
298.45905
298.45587
298.4565
298.45924
298.45927
298.46183
298.46021
298.45936
298.46192
298.45847
298.46089
298.45868
298.46133
298.46429
298.46445
298.46427
298.46469
298.46435
298.46463
298.46427
298.46398
298.46424
298.46427
298.4642
298.46423
298.46412
298.46034
298.46485
298.46414
298.46041
298.46444
298.46453
298.46431
298.46107
298.45917
298.45661
298.45931
298.45679
298.46037
298.45859
298.45804
298.46012
298.4585
298.45165
298.451
298.45273
298.45179
298.45116
298.45108
298.45497
298.45493
298.45508
298.45482
298.4559
298.45574
298.4551
298.4533
298.45531
298.45627
298.45941
298.45398
298.45675
298.45974
298.45945
298.45946
298.45943
298.4619
298.46128
298.4618
298.45459
298.45752
298.45411
298.45736
298.46097
298.45644
298.45855
298.4629
298.4628
298.46278
298.46299
298.46278
298.46365
298.46294
298.46358
298.46303
298.45768
298.45655
298.45764
298.45653
298.45493
298.45935
298.45598
298.45612
298.4595
298.4562
298.4587
298.45633
298.46023
298.45853
298.45616
298.45517
298.45566
298.45502
298.45443
298.45562
298.4582
298.45535
298.45636
298.45917
298.45555
298.45623
298.45886
298.45913
298.46183
298.45984
298.45889
298.46152
298.45839
298.46069
298.45894
298.46162
298.46421
298.46418
298.46416
298.46458
298.46439
298.46454
298.46419
298.46389
298.46414
298.4642
298.46412
298.46417
298.46418
298.4602
298.46479
298.46437
298.46058
298.46441
298.46449
298.46438
298.46137
298.45937
298.45667
298.4595
298.45703
298.4601
298.45856
298.45844
298.46024
298.45866
298.45163
298.45106
298.45284
298.45158
298.45099
298.45099
298.45503
298.45457
298.45456
298.45438
298.45609
298.45508
298.45541
298.45354
298.45552
298.45732
298.46015
298.45448
298.45723
298.46015
298.45939
298.45946
298.45935
298.46171
298.46115
298.46168
298.4538
298.45724
298.45408
298.4572
298.46092
298.45613
298.45831
298.4628
298.46298
298.46275
298.4629
298.46271
298.4635
298.46284
298.46347
298.46287
298.45758
298.45647
298.4576
298.45652
298.45478
298.45989
298.45667
298.45606
298.45929
298.45612
298.45831
298.45594
298.46016
298.45848
298.45597
298.45495
298.45583
298.45472
298.45418
298.45559
298.45852
298.45539
298.45621
298.45872
298.45543
298.45598
298.4585
298.45908
298.46152
298.46007
298.4588
298.46138
298.45819
298.46055
298.45838
298.46126
298.4641
298.46401
298.46404
298.4645
298.46439
298.46444
298.46409
298.46379
298.46403
298.46412
298.464
298.46406
298.46439
298.46092
298.46464
298.46413
298.46062
298.46461
298.46443
298.46448
298.4616
298.4595
298.45696
298.45938
298.45667
298.46042
298.45872
298.45884
298.46047
298.45859
298.45203
298.45138
298.45294
298.45219
298.4515
298.45151
298.45486
298.4546
298.4551
298.45471
298.45605
298.45564
298.45549
298.45365
298.45562
298.4573
298.46022
298.45492
298.45749
298.46035
298.45931
298.4595
298.45928
298.46164
298.46103
298.46159
298.45451
298.45731
298.45433
298.4573
298.4609
298.45621
298.45823
298.46288
298.4628
298.46265
298.46281
298.4626
298.4634
298.46271
298.46324
298.46239
298.45744
298.45628
298.45734
298.45622
298.45467
298.45958
298.45641
298.45592
298.45869
298.45562
298.45822
298.45584
298.45968
298.45798
298.45576
298.45504
298.45559
298.45474
298.45422
298.45549
298.4584
298.45515
298.45605
298.4587
298.45538
298.45591
298.45843
298.45893
298.46152
298.45999
298.45852
298.46131
298.45892
298.46045
298.45836
298.46134
298.46396
298.46384
298.46386
298.46435
298.46423
298.46427
298.46395
298.46363
298.46385
298.46399
298.46383
298.4639
298.46396
298.46038
298.46439
298.46374
298.46006
298.46442
298.46429
298.46431
298.46135
298.45925
298.45652
298.45922
298.45672
298.46055
298.4585
298.45834
298.46031
298.45825
298.45242
298.45168
298.45297
298.45228
298.45153
298.45125
298.45493
298.45468
298.45473
298.45445
298.45557
298.45522
298.45549
298.45325
298.45519
298.4573
298.46027
298.45444
298.45706
298.46009
298.45921
298.45935
298.45915
298.46152
298.4609
298.46146
298.454
298.45713
298.45402
298.4569
298.46067
298.45594
298.45806
298.46268
298.46251
298.46252
298.46271
298.46243
298.46312
298.4625
298.46303
298.46224
298.45736
298.45624
298.45726
298.45605
298.45449
298.4591
298.45608
298.4557
298.45847
298.45538
298.45765
298.45561
298.45934
298.45766
298.45559
298.45487
298.45556
298.45438
298.45395
298.45547
298.4582
298.45524
298.45569
298.45825
298.45526
298.45562
298.4583
298.45877
298.46127
298.45984
298.45875
298.46113
298.45745
298.46021
298.4584
298.46141
298.46376
298.46377
298.46366
298.46416
298.46418
298.46404
298.46374
298.4634
298.46361
298.4638
298.4636
298.46368
298.46354
298.45984
298.46413
298.46341
298.45983
298.46416
298.46403
298.46398
298.46088
298.45913
298.45592
298.45886
298.45666
298.46015
298.45804
298.4578
298.45998
298.45783
298.45211
298.45134
298.45269
298.45194
298.4511
298.45094
298.4546
298.45438
298.45458
298.45431
298.45508
298.45499
298.45511
298.45286
298.45492
298.45677
298.45983
298.45385
298.45639
298.45952
298.45906
298.4591
298.45894
298.46138
298.46071
298.46126
298.4539
298.45671
298.4535
298.45651
298.46039
298.45594
298.4579
298.46237
298.46219
298.46232
298.46244
298.46219
298.46291
298.46224
298.46278
298.46232
298.45712
298.456
298.45698
298.45594
298.45449
298.45861
298.45506
298.45555
298.45894
298.45572
298.4577
298.45557
298.45921
298.45756
298.4553
298.45471
298.45553
298.45474
298.45425
298.45534
298.45792
298.45478
298.4557
298.45848
298.45516
298.45566
298.45838
298.45879
298.46113
298.4595
298.45828
298.461
298.45835
298.46015
298.45861
298.46112
298.46351
298.46342
298.46333
298.46387
298.46371
298.46371
298.46347
298.4631
298.4633
298.46354
298.46328
298.46339
298.46341
298.46004
298.46376
298.4632
298.46002
298.46376
298.4637
298.46345
298.46044
298.45864
298.45645
298.45885
298.45643
298.45974
298.45775
298.4572
298.45952
298.4575
298.45185
298.45116
298.45262
298.45195
298.45103
298.45093
298.45442
298.45408
298.45421
298.45398
298.45489
298.45463
298.45497
298.45335
298.45523
298.45642
298.45949
298.45394
298.457
298.45977
298.45882
298.45886
298.4587
298.46111
298.46043
298.46094
298.4533
298.45648
298.45322
298.45648
298.46007
298.45564
298.45754
298.46227
298.4621
298.46204
298.46213
298.46185
298.46263
298.46189
298.46241
298.46197
298.45706
298.45598
298.4569
298.45589
298.45442
298.45922
298.45595
298.45559
298.45865
298.45521
298.45732
298.45511
298.45899
298.45707
298.45485
298.45418
298.45517
298.45434
298.45404
298.45498
298.45726
298.45412
298.45558
298.45818
298.45427
298.45535
298.45789
298.4579
298.46073
298.459
298.45764
298.46038
298.45833
298.45969
298.45793
298.46044
298.46316
298.46293
298.46296
298.46349
298.46314
298.46325
298.46311
298.46274
298.46289
298.46321
298.46287
298.46301
298.46297
298.45959
298.46329
298.46265
298.45929
298.46321
298.46334
298.4633
298.46038
298.45866
298.45538
298.45826
298.45615
298.45941
298.45783
298.45702
298.45919
298.45755
298.45182
298.45071
298.45249
298.45168
298.45068
298.45059
298.45395
298.4538
298.45373
298.45326
298.45469
298.45406
298.45515
298.45299
298.45491
298.45724
298.45986
298.4543
298.45672
298.45961
298.45852
298.45859
298.45836
298.46073
298.46003
298.46057
298.4526
298.45606
298.45297
298.45628
298.4599
298.45505
298.45719
298.46191
298.46168
298.46165
298.46181
298.46144
298.46218
298.46142
298.4619
298.46128
298.4567
298.45585
298.45642
298.45534
298.45388
298.45846
298.45556
298.45497
298.45781
298.45462
298.45707
298.45486
298.45849
298.4568
298.45472
298.45445
298.45478
298.45395
298.4535
298.45459
298.45712
298.45409
298.45506
298.45758
298.45426
298.45497
298.45765
298.45645
298.45976
298.45868
298.45671
298.45971
298.45764
298.4593
298.45743
298.45991
298.46272
298.46244
298.46251
298.46299
298.46259
298.46275
298.46264
298.46227
298.46237
298.46279
298.46237
298.46253
298.46252
298.45943
298.46272
298.46247
298.45974
298.46307
298.46291
298.4628
298.45977
298.45801
298.45643
298.45775
298.45517
298.45901
298.45726
298.45697
298.45875
298.45697
298.45141
298.45041
298.4515
298.45106
298.45014
298.45015
298.45336
298.45316
298.45305
298.45305
298.45413
298.45366
298.45469
298.4524
298.45442
298.45668
298.45942
298.45378
298.45675
298.45939
298.45816
298.4582
298.45796
298.46035
298.45958
298.46011
298.45333
298.4562
298.45289
298.45593
298.45936
298.45476
298.45676
298.46138
298.46096
298.46117
298.46125
298.46087
298.4616
298.4608
298.46128
298.46067
298.45612
298.45506
298.45581
298.45484
298.45351
298.45768
298.45457
298.45457
298.45719
298.45435
298.45645
298.45449
298.45798
298.45612
298.45417
298.45381
298.45431
298.45348
298.45308
298.45393
298.45653
298.45393
298.45519
298.45764
298.45427
298.45465
298.45707
298.45714
298.45969
298.45813
298.4568
298.45936
298.45709
298.4589
298.45671
298.45891
298.4622
298.46185
298.46189
298.46245
298.46184
298.46211
298.46206
298.46165
298.46173
298.46224
298.46174
298.46191
298.46211
298.4593
298.46209
298.46179
298.4587
298.46258
298.46231
298.46227
298.45931
298.45747
298.45535
298.45719
298.45479
298.45867
298.45678
298.45643
298.45849
298.45651
298.45061
298.44995
298.45113
298.45034
298.44978
298.44955
298.45276
298.45278
298.45253
298.45245
298.45367
298.4531
298.45407
298.45189
298.45368
298.45594
298.45901
298.45259
298.45544
298.4585
298.4577
298.45766
298.45743
298.45985
298.45902
298.45957
298.4525
298.45553
298.4526
298.45528
298.45878
298.45417
298.45632
298.4606
298.46025
298.4605
298.46049
298.46008
298.46089
298.46
298.46045
298.45987
298.45537
298.45429
298.45482
298.45368
298.45236
298.45701
298.45352
298.45397
298.45638
298.45344
298.45582
298.45383
298.45724
298.45555
298.45352
298.45301
298.45377
298.45233
298.45181
298.4533
298.45594
298.45338
298.45446
298.45693
298.45367
298.45413
298.45655
298.45671
298.45924
298.4576
298.45621
298.45875
298.45696
298.45842
298.45645
298.45889
298.46155
298.46109
298.46116
298.46174
298.46142
298.46137
298.46135
298.46088
298.46093
298.46154
298.46099
298.46114
298.46146
298.45845
298.46128
298.46103
298.45839
298.46191
298.46154
298.46151
298.45794
298.45684
298.45542
298.45652
298.45432
298.45804
298.45605
298.45489
298.45775
298.45596
298.45021
298.4496
298.4507
298.44981
298.44926
298.44916
298.45268
298.45226
298.45252
298.45211
298.45347
298.45346
298.45334
298.45143
298.45302
298.45519
298.45814
298.4519
298.45466
298.45765
298.45713
298.45698
298.45684
298.45928
298.45844
298.45897
298.45214
298.45485
298.45141
298.45437
298.4582
298.45359
298.45575
298.45973
298.45922
298.45962
298.45954
298.45912
298.45996
298.45902
298.45946
298.45899
298.45435
298.45321
298.45391
298.45296
298.4516
298.45601
298.45297
298.45317
298.45578
298.45312
298.45508
298.45326
298.45657
298.45468
298.45314
298.4522
298.45263
298.4523
298.45188
298.45272
298.45536
298.45282
298.45361
298.45604
298.45309
298.45346
298.45587
298.45472
298.45737
298.4567
298.45469
298.4572
298.45498
298.45798
298.45499
298.45764
298.46077
298.46017
298.46034
298.46095
298.46064
298.46054
298.46046
298.45995
298.45994
298.46068
298.46008
298.46019
298.46053
298.45757
298.4603
298.46001
298.45732
298.46116
298.46066
298.4608
298.45864
298.45626
298.45444
298.45605
298.45407
298.45761
298.45591
298.45678
298.45753
298.45619
298.44937
298.44892
298.45049
298.44961
298.4489
298.44807
298.45204
298.45207
298.45211
298.45225
298.45375
298.453
298.45256
298.45027
298.4521
298.45442
298.45729
298.45159
298.45432
298.45694
298.45659
298.45642
298.45651
298.45867
298.45813
298.45853
298.45126
298.45425
298.45171
298.45431
298.45744
298.45347
298.45522
298.45868
298.45793
298.45859
298.45863
298.45812
298.45896
298.45797
298.4584
298.45777
298.45352
298.45289
298.45286
298.4518
298.45055
298.45509
298.45206
298.45208
298.45501
298.45258
298.45462
298.45308
298.45614
298.45487
298.45328
298.45158
298.45193
298.45029
298.45012
298.45092
298.45368
298.45306
298.45345
298.45582
298.45364
298.45362
298.456
298.45484
298.45741
298.45572
298.45353
298.45641
298.45637
298.4577
298.45519
298.45727
298.45991
298.45895
298.45946
298.46015
298.45967
298.4596
298.45943
298.45897
298.45896
298.45969
298.45913
298.45916
298.45937
298.45639
298.45938
298.45859
298.45486
298.46034
298.45965
298.45964
298.45728
298.45543
298.45093
298.45454
298.45229
298.45736
298.45621
298.45495
298.45681
298.45543
298.44883
298.44792
298.44853
298.44745
298.44657
298.44681
298.45246
298.45167
298.45192
298.45067
298.45312
298.45303
298.4517
298.44915
298.45111
298.45434
298.45662
298.451
298.45354
298.45592
298.45596
298.4556
298.45538
298.45791
298.45692
298.45726
298.45057
298.45343
298.44902
298.45225
298.45614
298.45199
298.45467
298.48623
298.48964
298.49376
298.49203
298.49598
298.49647
298.49034
298.49647
298.49601
298.48148
298.4939
298.48996
298.49113
298.49033
298.49414
298.49795
298.49821
298.49955
298.49954
298.50064
298.50096
298.49904
298.50091
298.5005
298.49538
298.4993
298.49803
298.4837
298.49427
298.49071
298.48679
298.48162
298.49032
298.49777
298.49624
298.49877
298.50085
298.50059
298.50141
298.50149
298.50166
298.50174
298.50116
298.5017
298.50152
298.49956
298.50112
298.50028
298.49414
298.49856
298.49621
298.47493
298.49054
298.48099
298.4918
298.48269
298.49179
298.49969
298.49717
298.49969
298.50155
298.50092
298.50155
298.5018
298.50173
298.50179
298.50161
298.50176
298.50161
298.50063
298.50128
298.50063
298.49699
298.49942
298.49699
298.48298
298.49193
298.48301
298.49027
298.47399
298.48658
298.49875
298.49388
298.49778
298.50138
298.49982
298.5008
298.50172
298.50127
298.50146
298.50151
298.50142
298.50114
298.50027
298.50053
298.49954
298.4962
298.49764
298.49413
298.48149
298.48721
298.47503
298.49404
298.4822
298.49071
298.49946
298.49509
298.49785
298.50088
298.49899
298.49938
298.50045
298.49936
298.49891
298.49798
298.49767
298.49525
298.4907
298.49141
298.4837
298.49351
298.48018
298.48577
298.49611
298.4896
298.49151
298.49567
298.49158
298.4898
298.48971
298.48604
298.48066
)
;
        Tnbr            T;
        kappaMethod     directionalSolidThermo;
        alphaAni        aniAlpha;
    }
}


// ************************************************************************* //
