/*--------------------------------*- C++ -*----------------------------------*\
| =========                 |                                                 |
| \\      /  F ield         | OpenFOAM: The Open Source CFD Toolbox           |
|  \\    /   O peration     | Version:  2606                                  |
|   \\  /    A nd           | Website:  www.openfoam.com                      |
|    \\/     M anipulation  |                                                 |
\*---------------------------------------------------------------------------*/
FoamFile
{
    version     2.0;
    format      ascii;
    arch        "LSB;label=32;scalar=64";
    class       vectorField;
    location    "constant/cell1/polyMesh";
    object      points;
}
// * * * * * * * * * * * * * * * * * * * * * * * * * * * * * * * * * * * * * //


13138
(
(-0.0019021915 -0.018794396 1.0600638e-11)
(-2.2832664e-12 -0.018999999 1.9904194e-17)
(0.0019021915 -0.018794396 1.0760152e-11)
(-0.0058418873 -0.016850137 8.3767803e-17)
(-0.0040521504 -0.017075514 5.7197273e-17)
(-0.0020263188 -0.017022412 6.7243124e-17)
(-6.5916228e-07 -0.016996323 6.5057413e-18)
(0.0020231222 -0.017023208 6.5799355e-17)
(0.004053338 -0.017074424 -3.1265175e-18)
(0.0058418873 -0.016850137 3.2491631e-17)
(-0.0076839795 -0.014702385 -3.4502489e-20)
(-0.0061241345 -0.015103412 5.1900329e-21)
(-0.0040797292 -0.0150831 8.5835465e-22)
(-0.0020369241 -0.015049164 2.2634433e-20)
(-3.8141931e-07 -0.015028293 3.1043979e-20)
(0.0020358969 -0.015049399 2.6353093e-20)
(0.0040800643 -0.015083331 2.7216682e-22)
(0.0061234336 -0.015104275 2.8386579e-21)
(0.0076840223 -0.014702407 -2.658879e-20)
(-0.0083686047 -0.013301468 2.4544094e-28)
(-0.0060719063 -0.0130451 1.1655138e-24)
(-0.0040576029 -0.013047777 -2.2281533e-24)
(-0.0020303163 -0.013036574 1.3251736e-23)
(-7.6427388e-08 -0.013029295 3.2095931e-23)
(0.0020300738 -0.013037661 1.836791e-23)
(0.0040572102 -0.013050784 -2.2209429e-24)
(0.0060701238 -0.013051661 7.9389331e-25)
(0.0083686163 -0.013301472 -3.3903184e-29)
(-0.0079690058 -0.010993519 -7.2794493e-32)
(-0.0060169608 -0.01100537 4.3530389e-28)
(-0.0040320192 -0.011012629 -2.7666572e-27)
(-0.0020219191 -0.011012278 -1.6530158e-27)
(2.0268979e-07 -0.011012101 1.0665209e-26)
(0.0020222085 -0.011014242 3.694428e-27)
(0.0040318925 -0.011017349 -2.0021792e-27)
(0.00601598 -0.011013897 2.6791283e-28)
(0.0079681613 -0.010999263 1.3330475e-31)
(-0.0079738802 -0.0089930683 1.8412504e-35)
(-0.0060174099 -0.0089799937 9.6662652e-31)
(-0.0040319332 -0.0089801911 1.4361653e-30)
(-0.0020215085 -0.0089847418 -2.8165548e-30)
(5.8873397e-07 -0.0089873238 -2.5011018e-30)
(0.00202255 -0.0089867313 -3.169053e-30)
(0.0040326998 -0.0089847971 -8.5924028e-31)
(0.0060182121 -0.0089886889 4.5710632e-31)
(0.0079744138 -0.0090003481 7.1460321e-36)
(-0.0083742634 -0.0066934458 2.2425958e-37)
(-0.0060719182 -0.0069481624 -7.8473874e-34)
(-0.0040569814 -0.0069488914 6.7422345e-34)
(-0.002028635 -0.0069619779 2.3284273e-33)
(9.6919542e-07 -0.0069703707 2.4284791e-33)
(0.0020304774 -0.0069631007 2.3290011e-33)
(0.0040581462 -0.0069515745 1.7808468e-33)
(0.006073174 -0.0069528306 3.7527541e-34)
(0.0083742634 -0.0066934458 5.8408629e-38)
(-0.0076733873 -0.0053043808 7.9943943e-41)
(-0.0061221255 -0.0048953288 -2.4117323e-37)
(-0.0040777274 -0.0049167316 -1.7650371e-36)
(-0.0020323879 -0.0049499318 -2.854688e-36)
(1.2394029e-06 -0.004970849 -2.5336283e-36)
(0.0020351917 -0.0049502782 -2.6810749e-36)
(0.0040789346 -0.0049170062 -2.5637863e-36)
(0.0061226327 -0.0048965142 -7.7567921e-37)
(0.0076733873 -0.0053043808 -4.5166775e-41)
(-0.005836108 -0.0031539274 -2.5828653e-43)
(-0.0040481145 -0.0029208564 -5.69884e-42)
(-0.0020188889 -0.0029745009 1.3471568e-39)
(9.2258969e-07 -0.0030012168 1.8878572e-39)
(0.002021636 -0.0029752345 1.0540339e-39)
(0.0040497571 -0.0029215114 -6.6020343e-42)
(0.005836108 -0.0031539274 -6.1364567e-43)
(-0.0019059099 -0.0011979149 7.919596e-47)
(8.6230253e-14 -0.001 -2.1241734e-52)
(0.0019059099 -0.0011979149 6.2567556e-47)
(-0.0019347861 -0.018785337 0.0020010066)
(2.50824e-06 -0.018999917 0.0020019661)
(0.0019097484 -0.018791175 0.0020033141)
(-0.005837988 -0.016845445 0.0019992153)
(-0.0040622146 -0.017076565 0.0019998054)
(-0.0020278216 -0.017027245 0.0019993672)
(-2.5291499e-07 -0.016995024 0.001999356)
(0.0020279426 -0.017026567 0.0019993455)
(0.0040607359 -0.017076463 0.0019995283)
(0.0058530666 -0.01683307 0.0019977841)
(-0.0076895472 -0.01466928 0.0019131674)
(-0.0061271389 -0.015121925 0.0019751846)
(-0.0040825046 -0.015089149 0.0019884478)
(-0.0020379917 -0.015053232 0.0019946828)
(5.9783272e-08 -0.015029477 0.0019964128)
(0.00203853 -0.0150527 0.0019954426)
(0.0040838095 -0.015088108 0.0019901255)
(0.0061289461 -0.015118984 0.0019737057)
(0.0076586596 -0.014718013 0.0019246521)
(-0.0083789898 -0.013269939 0.0016519491)
(-0.006075544 -0.013049582 0.0018646821)
(-0.0040587681 -0.013050572 0.0019558983)
(-0.0020305537 -0.013038278 0.0019849924)
(1.7902165e-07 -0.013030125 0.0019912533)
(0.0020309614 -0.013038819 0.0019864005)
(0.0040590233 -0.013052522 0.0019607472)
(0.0060745566 -0.013055054 0.0018798634)
(0.0083696851 -0.013298632 0.0016879913)
(-0.0079691263 -0.010987491 0.0017714338)
(-0.0060169647 -0.011006154 0.0018786936)
(-0.0040322005 -0.011013799 0.0019529272)
(-0.0020219375 -0.011012982 0.0019809018)
(3.0154069e-07 -0.011012454 0.0019884818)
(0.0020224795 -0.011014497 0.0019823405)
(0.0040324256 -0.011017587 0.0019569447)
(0.0060165581 -0.011013795 0.001888849)
(0.0079679471 -0.010998612 0.0017892785)
(-0.0079668019 -0.0089835067 0.0017629761)
(-0.0060168587 -0.008979252 0.0019017596)
(-0.0040323615 -0.008980267 0.0019617757)
(-0.0020217603 -0.0089848625 0.0019837451)
(5.8679151e-07 -0.0089873568 0.0019899588)
(0.0020228135 -0.0089866276 0.0019849465)
(0.0040331658 -0.0089848084 0.0019644985)
(0.0060182192 -0.008989431 0.0019064552)
(0.0079694707 -0.0090026268 0.0017709949)
(-0.0083673946 -0.0066952819 0.0019443352)
(-0.0060772 -0.0069461699 0.0019576282)
(-0.0040596854 -0.0069483068 0.0019787604)
(-0.0020297878 -0.0069613892 0.001990636)
(9.7533222e-07 -0.0069701174 0.001994067)
(0.0020315722 -0.0069623714 0.0019921276)
(0.0040604472 -0.0069510177 0.0019826873)
(0.0060795854 -0.0069555007 0.0019623257)
(0.0083887167 -0.0067519336 0.0019480665)
(-0.0076433053 -0.0052572953 0.0019855874)
(-0.0061423959 -0.0048964268 0.0019690749)
(-0.004084571 -0.0049153198 0.0019862573)
(-0.002035481 -0.0049475016 0.0019953623)
(1.4593935e-06 -0.0049706376 0.0019976068)
(0.0020386353 -0.0049476065 0.0019977035)
(0.0040828257 -0.0049122414 0.0019963806)
(0.0061279371 -0.0048827633 0.0019948525)
(0.0076500094 -0.0052680763 0.0019958358)
(-0.0058296645 -0.0031477235 0.0019812554)
(-0.0040512243 -0.0029182155 0.0019952683)
(-0.0020201238 -0.0029701581 0.0019994547)
(1.8303482e-06 -0.0030043734 0.0019996951)
(0.002028736 -0.0029727171 0.0020000074)
(0.0040584941 -0.0029210499 0.002000107)
(0.0058461072 -0.0031612177 0.0019990143)
(-0.0019198228 -0.0012111742 0.0020007644)
(1.8588748e-06 -0.0010000609 0.0019999339)
(0.0019276798 -0.0012130062 0.0020041016)
(-0.0019197189 -0.01878885 0.0040005889)
(-2.2597504e-06 -0.018999925 0.0039997857)
(0.0019182835 -0.018789185 0.0040000873)
(-0.0058333245 -0.016849272 0.0039987737)
(-0.004058263 -0.017078353 0.0039975323)
(-0.0020205343 -0.017030821 0.0039971632)
(-1.5419421e-07 -0.016995494 0.0039987938)
(0.0020244209 -0.017029083 0.0040000881)
(0.0040521862 -0.017083254 0.0039989206)
(0.0058440865 -0.01684044 0.0040029535)
(-0.007677737 -0.014687335 0.003983754)
(-0.0061197804 -0.015129027 0.0039858344)
(-0.0040791768 -0.015093747 0.0039909892)
(-0.0020357412 -0.015055777 0.0039943091)
(4.9463877e-07 -0.015030547 0.003995714)
(0.0020378014 -0.01505452 0.0039954635)
(0.004079981 -0.015092379 0.0039927306)
(0.0061284169 -0.015118295 0.0039887876)
(0.0076541453 -0.014725272 0.0039814258)
(-0.0083791903 -0.013273367 0.0039463379)
(-0.006075186 -0.013052508 0.0039456908)
(-0.0040580802 -0.013052936 0.0039706362)
(-0.0020298849 -0.013039706 0.003985713)
(4.8862439e-07 -0.013030836 0.0039901632)
(0.0020310768 -0.013039389 0.0039870376)
(0.0040592643 -0.013052245 0.0039738831)
(0.0060777456 -0.013048755 0.0039520875)
(0.0083835011 -0.013261924 0.0039508177)
(-0.0079684427 -0.01099597 0.003930968)
(-0.0060166964 -0.011009956 0.0039325895)
(-0.0040319463 -0.011015594 0.0039630249)
(-0.0020216983 -0.011013835 0.0039806267)
(4.3882316e-07 -0.011012792 0.0039866549)
(0.0020225494 -0.011014542 0.0039820084)
(0.0040326455 -0.011017179 0.0039661353)
(0.0060174501 -0.011012241 0.0039381822)
(0.0079689397 -0.01099999 0.0039362067)
(-0.0079679947 -0.0089939568 0.0039320393)
(-0.0060173681 -0.008983795 0.0039435148)
(-0.0040325041 -0.0089816767 0.0039687414)
(-0.0020218197 -0.0089852418 0.0039830191)
(5.5233404e-07 -0.0089873561 0.0039881169)
(0.0020227503 -0.0089863687 0.0039841569)
(0.0040330595 -0.0089843197 0.0039708563)
(0.006017852 -0.0089887985 0.0039460593)
(0.0079687316 -0.0090013621 0.0039341023)
(-0.0083790165 -0.0067261607 0.0039880691)
(-0.0060799353 -0.0069516125 0.0039761946)
(-0.0040604406 -0.0069488187 0.0039830304)
(-0.002030336 -0.006961103 0.0039902701)
(8.3352854e-07 -0.0069698114 0.0039929323)
(0.0020316815 -0.006961731 0.0039913596)
(0.00406087 -0.0069501913 0.0039849135)
(0.0060799859 -0.0069542774 0.0039758671)
(0.0083823661 -0.0067350603 0.0039628916)
(-0.0076333855 -0.005241343 0.0040028758)
(-0.0061456879 -0.0049019124 0.0039954417)
(-0.0040840849 -0.0049127075 0.0039933467)
(-0.0020369164 -0.0049465689 0.0039962426)
(1.2480088e-06 -0.0049703492 0.0039974294)
(0.002038908 -0.0049466582 0.003997528)
(0.0040848693 -0.0049122946 0.0039969227)
(0.0061397923 -0.0048944311 0.003999351)
(0.0076573674 -0.005279909 0.0039962131)
(-0.0058423437 -0.0031581291 0.0039953485)
(-0.0040531164 -0.0029176269 0.0039962171)
(-0.0020260337 -0.0029719845 0.0040001708)
(1.5553019e-06 -0.0030050254 0.0040001791)
(0.0020277242 -0.0029721497 0.0040005398)
(0.0040583653 -0.0029214864 0.003999764)
(0.005847504 -0.0031623641 0.0039993045)
(-0.0019196519 -0.0012111344 0.0039967835)
(2.9356142e-06 -0.0010000961 0.0040022971)
(0.001929707 -0.0012134789 0.0040019677)
(-0.0019226852 -0.018788158 0.0060010589)
(1.5139073e-06 -0.01899995 0.005997678)
(0.0019336435 -0.018785603 0.00600122)
(-0.0058471571 -0.01683792 0.0059982312)
(-0.0040508421 -0.017083888 0.006000874)
(-0.0020225665 -0.017030407 0.0059992809)
(5.3683649e-07 -0.016995334 0.0059989347)
(0.0020275277 -0.017027992 0.0059996659)
(0.0040559289 -0.017081188 0.0059997553)
(0.0058535232 -0.016832695 0.0059986426)
(-0.0076743566 -0.01469277 0.0060020809)
(-0.0061267485 -0.015121053 0.0060007397)
(-0.0040787136 -0.015093869 0.0059977821)
(-0.0020357457 -0.015055988 0.0059968629)
(8.607549e-07 -0.015030587 0.0059969129)
(0.0020387184 -0.01505405 0.0059971223)
(0.0040820785 -0.015090664 0.005997095)
(0.0061321402 -0.015114652 0.005998704)
(0.007654696 -0.014724387 0.0059973626)
(-0.0083902071 -0.013244107 0.0059952885)
(-0.0060769698 -0.013049108 0.0059857744)
(-0.0040582238 -0.013052681 0.0059875059)
(-0.002029733 -0.013039963 0.0059914132)
(7.1009739e-07 -0.013030954 0.0059930476)
(0.0020313813 -0.013039314 0.0059920177)
(0.0040596938 -0.013052201 0.0059886242)
(0.0060773154 -0.013050935 0.0059876453)
(0.0083723805 -0.013291471 0.0059966203)
(-0.0079688403 -0.010995848 0.0059879752)
(-0.006016587 -0.011010886 0.0059778904)
(-0.0040316874 -0.011016134 0.0059819834)
(-0.0020214626 -0.01101414 0.0059876893)
(5.4021539e-07 -0.011012869 0.0059903445)
(0.0020224907 -0.011014447 0.0059884928)
(0.0040324325 -0.011017112 0.005983453)
(0.0060168084 -0.011013083 0.0059797298)
(0.0079680285 -0.011001461 0.0059887251)
(-0.0079681778 -0.0089962674 0.005987826)
(-0.0060168101 -0.0089850379 0.0059804187)
(-0.0040319532 -0.0089819978 0.0059840095)
(-0.0020215135 -0.0089852369 0.0059888528)
(5.4170179e-07 -0.0089871929 0.005991217)
(0.0020223555 -0.0089859585 0.0059895956)
(0.004032175 -0.0089835375 0.0059852151)
(0.0060168145 -0.0089881348 0.005981488)
(0.007968412 -0.0090003378 0.0059885659)
(-0.008382356 -0.0067350336 0.0059977592)
(-0.0060779778 -0.0069500199 0.0059909178)
(-0.0040590692 -0.0069474905 0.005991156)
(-0.0020297521 -0.0069603454 0.0059935552)
(7.8604965e-07 -0.0069692935 0.0059947239)
(0.002030881 -0.0069607525 0.005994171)
(0.004058444 -0.0069475779 0.0059921932)
(0.006076738 -0.0069507448 0.0059913933)
(0.0083815369 -0.0067328574 0.0059922315)
(-0.0076801519 -0.0053165495 0.0059988966)
(-0.0061352558 -0.0048885866 0.0059977417)
(-0.0040802183 -0.0049086998 0.0059976968)
(-0.0020353043 -0.0049450193 0.0059980655)
(1.4596544e-06 -0.0049696732 0.0059982049)
(0.0020375948 -0.0049453459 0.005998358)
(0.0040782227 -0.0049057941 0.005998787)
(0.0061108437 -0.0048647325 0.0060015424)
(0.0076695381 -0.0052994811 0.0059986019)
(-0.0058335791 -0.0031509362 0.0060026526)
(-0.0040506815 -0.0029155163 0.0060016295)
(-0.0020233575 -0.0029708044 0.0060009216)
(2.63046e-06 -0.0030047521 0.0060002104)
(0.0020248695 -0.0029708619 0.0059993546)
(0.0040602459 -0.002921944 0.0059989057)
(0.005855516 -0.0031689393 0.0059986664)
(-0.001917771 -0.0012106958 0.0060020842)
(4.4166821e-06 -0.0010001446 0.0060017164)
(0.0019162164 -0.0012103333 0.0059948746)
(-0.0019322546 -0.018785927 0.007999898)
(2.0543233e-07 -0.018999993 0.0079977434)
(0.0019289047 -0.018786708 0.0079994597)
(-0.0058521727 -0.016833804 0.0079983094)
(-0.0040578445 -0.017079101 0.0079991887)
(-0.0020263954 -0.017028522 0.0079993594)
(-5.9909931e-08 -0.016995084 0.0079991274)
(0.002027129 -0.017028052 0.0079987051)
(0.0040543179 -0.017081105 0.007998875)
(0.0058465043 -0.016838456 0.0079992552)
(-0.0076818566 -0.014680709 0.0079925395)
(-0.0061465765 -0.015096145 0.0079982648)
(-0.004082193 -0.015090606 0.0079990013)
(-0.0020370743 -0.015055168 0.0079985545)
(6.2168604e-07 -0.015030281 0.0079982055)
(0.0020388351 -0.015053511 0.0079983988)
(0.0040846525 -0.015088125 0.0079991609)
(0.0061349785 -0.015112954 0.0080008185)
(0.007635547 -0.014755181 0.0079948009)
(-0.0083774917 -0.013277891 0.0080043355)
(-0.006077644 -0.013049961 0.0079975355)
(-0.0040587746 -0.013052568 0.0079955452)
(-0.0020299596 -0.013039849 0.0079957872)
(7.3587693e-07 -0.01303083 0.0079960898)
(0.0020315291 -0.013039027 0.007995969)
(0.0040602988 -0.01305145 0.007995841)
(0.0060777977 -0.013049862 0.0079972826)
(0.0083790852 -0.013273657 0.0079981801)
(-0.0079677097 -0.01100056 0.0079989421)
(-0.006015915 -0.011012544 0.0079944557)
(-0.0040313715 -0.011016685 0.0079928717)
(-0.0020212713 -0.011014281 0.0079937103)
(6.264093e-07 -0.01101286 0.0079944839)
(0.0020224997 -0.011014373 0.0079941109)
(0.0040324326 -0.011017046 0.0079934466)
(0.0060166626 -0.011013409 0.0079946699)
(0.0079680897 -0.011001805 0.0079986249)
(-0.0079670261 -0.0089948353 0.0079978855)
(-0.006015716 -0.0089842461 0.0079944558)
(-0.0040313175 -0.0089817425 0.0079932856)
(-0.0020211865 -0.0089851298 0.0079941031)
(6.0198879e-07 -0.0089871172 0.0079948919)
(0.0020222245 -0.0089858119 0.0079946012)
(0.0040317717 -0.0089832701 0.0079939812)
(0.0060159247 -0.0089873019 0.0079947768)
(0.007967145 -0.008998776 0.0079979235)
(-0.0083633769 -0.0066846072 0.0079995528)
(-0.0060754525 -0.0069445697 0.0079972149)
(-0.0040582484 -0.0069460948 0.0079960712)
(-0.0020293547 -0.0069598705 0.007996454)
(7.4046847e-07 -0.0069690838 0.0079969015)
(0.0020307177 -0.0069604615 0.0079970261)
(0.00405741 -0.0069460503 0.0079969793)
(0.0060735173 -0.0069427275 0.0079973093)
(0.0083467768 -0.0066405018 0.0079975975)
(-0.0076487345 -0.0052660261 0.0079987245)
(-0.0061339912 -0.0048871618 0.008001685)
(-0.0040807306 -0.0049087166 0.007998624)
(-0.0020345456 -0.0049445535 0.0079988251)
(1.351527e-06 -0.0049694536 0.0079989833)
(0.0020371295 -0.0049451567 0.0079995399)
(0.0040766904 -0.0049048836 0.0080006477)
(0.0061139421 -0.0048691566 0.0080038475)
(0.0076795775 -0.0053156256 0.0079944046)
(-0.0058455074 -0.0031607255 0.007999908)
(-0.0040536733 -0.0029195705 0.0079987346)
(-0.0020167439 -0.0029681809 0.0080002982)
(2.2665612e-06 -0.0030045789 0.0080000898)
(0.0020260056 -0.0029712709 0.0080006217)
(0.0040548572 -0.0029184081 0.0079998054)
(0.0058404444 -0.0031565704 0.0080013316)
(-0.0019325112 -0.0012141327 0.0080011221)
(6.7562846e-07 -0.0010000222 0.0080004955)
(0.0019149577 -0.0012100398 0.007996776)
(-0.0019397929 -0.018784169 0.0099994354)
(1.4783594e-06 -0.018999951 0.0099991284)
(0.0019132858 -0.01879035 0.0100046)
(-0.0058537478 -0.016832511 0.010001359)
(-0.0040532627 -0.017082173 0.009998998)
(-0.0020273202 -0.017028311 0.010001175)
(-6.0147923e-07 -0.016995129 0.0099998467)
(0.0020246896 -0.017028626 0.01000036)
(0.004053316 -0.017082231 0.0099996977)
(0.0058387251 -0.01684484 0.0099978253)
(-0.0076768956 -0.014688687 0.0099966352)
(-0.0061092278 -0.015138117 0.010002434)
(-0.004077285 -0.015095685 0.010000496)
(-0.0020366181 -0.015055388 0.0099998809)
(4.7160814e-07 -0.015030289 0.0099993049)
(0.0020381057 -0.01505379 0.0099994895)
(0.0040810832 -0.015091311 0.010000272)
(0.0061147592 -0.015132315 0.010001839)
(0.0076545314 -0.014724651 0.010003312)
(-0.0083685791 -0.013301571 0.010003423)
(-0.0060735341 -0.013056154 0.0099999916)
(-0.0040570139 -0.013054693 0.0099987265)
(-0.0020295048 -0.01304021 0.0099982914)
(7.7678577e-07 -0.01303086 0.0099981735)
(0.0020314054 -0.013039042 0.00999831)
(0.0040598553 -0.013051653 0.0099989176)
(0.0060773695 -0.01304927 0.010000334)
(0.0083821789 -0.013265437 0.010002302)
(-0.0079673399 -0.011002515 0.0099999641)
(-0.0060153716 -0.01101405 0.0099987396)
(-0.0040308142 -0.011017411 0.0099974393)
(-0.0020209848 -0.0110145 0.0099971761)
(7.2747748e-07 -0.011012945 0.009997314)
(0.0020225867 -0.011014554 0.0099974453)
(0.0040326868 -0.0110174 0.0099979045)
(0.0060172871 -0.011013404 0.0099992498)
(0.0079686685 -0.011001387 0.01000009)
(-0.0079682427 -0.0089994681 0.0099999992)
(-0.0060159168 -0.0089862971 0.0099986429)
(-0.0040310174 -0.0089822572 0.0099974324)
(-0.0020210048 -0.0089852442 0.0099972373)
(7.000976e-07 -0.0089872926 0.0099974674)
(0.0020224963 -0.0089865466 0.0099976718)
(0.0040327723 -0.0089853399 0.0099981358)
(0.006017949 -0.008992198 0.0099994159)
(0.007970119 -0.0090073639 0.01000085)
(-0.0083808071 -0.0067309182 0.010005887)
(-0.0060769425 -0.0069495875 0.0099995769)
(-0.0040580936 -0.0069465084 0.0099984497)
(-0.0020295846 -0.0069599769 0.0099982281)
(7.4301986e-07 -0.006969322 0.0099984508)
(0.0020311075 -0.0069616299 0.0099988477)
(0.0040603938 -0.0069511776 0.0099993824)
(0.0060813375 -0.0069603451 0.010000361)
(0.0084039213 -0.0067923315 0.010001353)
(-0.0076479674 -0.0052647925 0.0099951437)
(-0.0061245986 -0.0048781046 0.0099997366)
(-0.0040804825 -0.0049077419 0.0099994388)
(-0.0020369431 -0.004945421 0.0099991908)
(7.16862e-07 -0.0049698002 0.0099994669)
(0.002037423 -0.0049461344 0.010000188)
(0.0040824151 -0.0049109419 0.010000581)
(0.006136543 -0.0048901126 0.0099981967)
(0.0076510532 -0.005269755 0.0099965331)
(-0.0058346689 -0.0031518305 0.009999752)
(-0.0040587816 -0.0029204782 0.0099996188)
(-0.0020306021 -0.002973918 0.009999505)
(7.5914469e-07 -0.0030050035 0.0099998643)
(0.002024832 -0.0029710361 0.010001554)
(0.0040534146 -0.0029179063 0.01000013)
(0.0058461878 -0.0031612839 0.0099990444)
(-0.001886369 -0.0012033739 0.010003446)
(3.1596264e-06 -0.0010001035 0.0099983836)
(0.0019201721 -0.0012112557 0.010001987)
(-0.0019141328 -0.018790152 0.012002365)
(-1.4424254e-06 -0.018999952 0.0120013)
(0.001920371 -0.018788698 0.011996573)
(-0.0058467987 -0.016838214 0.012002683)
(-0.0040573798 -0.017078656 0.011999502)
(-0.0020210708 -0.017030162 0.012001111)
(4.8662523e-07 -0.016995213 0.012000078)
(0.0020307761 -0.017026448 0.011999754)
(0.0040608718 -0.017078199 0.011999081)
(0.0058451519 -0.016839565 0.012000442)
(-0.0076648816 -0.014708007 0.011993046)
(-0.0061254137 -0.015123209 0.012000137)
(-0.0040806866 -0.015092023 0.011999826)
(-0.0020352568 -0.015055244 0.012000117)
(1.0653639e-06 -0.015030203 0.011999736)
(0.0020395698 -0.015052826 0.011999612)
(0.0040878176 -0.015084488 0.011999047)
(0.0061500388 -0.015096318 0.01199586)
(0.0076711488 -0.014697928 0.01199731)
(-0.0083844457 -0.013259414 0.012005923)
(-0.0060762501 -0.013050547 0.012000247)
(-0.0040579169 -0.013053089 0.01199948)
(-0.002029242 -0.013039943 0.011999308)
(9.2895885e-07 -0.013030799 0.011999209)
(0.0020317073 -0.013038778 0.011999307)
(0.0040612929 -0.013050275 0.011999761)
(0.0060801024 -0.013047142 0.012001436)
(0.0083797034 -0.013272014 0.012009198)
(-0.0079684014 -0.010998943 0.01200008)
(-0.0060158724 -0.011012359 0.011999656)
(-0.004030921 -0.011016791 0.011999023)
(-0.0020208951 -0.011014337 0.011998788)
(7.4363147e-07 -0.011012924 0.011998823)
(0.0020225923 -0.011014584 0.011999044)
(0.0040329261 -0.011017334 0.011999579)
(0.0060175636 -0.011013488 0.012000596)
(0.0079684244 -0.011001735 0.012000693)
(-0.0079668564 -0.0089971866 0.011999571)
(-0.0060150514 -0.0089845685 0.011999393)
(-0.0040305445 -0.0089815006 0.011998952)
(-0.0020207558 -0.0089849639 0.01199877)
(7.5291805e-07 -0.008987216 0.011998885)
(0.0020225512 -0.0089866221 0.01199919)
(0.0040330413 -0.0089854234 0.01199978)
(0.0060180438 -0.0089914759 0.012000649)
(0.0079691602 -0.0090040322 0.01200047)
(-0.0083411329 -0.0066255062 0.011992725)
(-0.0060725437 -0.0069388055 0.011998814)
(-0.0040565669 -0.0069440221 0.011999154)
(-0.0020288172 -0.0069592274 0.011999102)
(9.3444572e-07 -0.0069691104 0.011999307)
(0.0020313151 -0.0069617418 0.011999739)
(0.004061204 -0.0069515011 0.012000592)
(0.0060808721 -0.0069582187 0.012002008)
(0.0083932742 -0.0067640425 0.012007747)
(-0.0076656072 -0.0052931597 0.012002057)
(-0.0061274127 -0.004878755 0.011998858)
(-0.0040782569 -0.004906506 0.011999604)
(-0.0020345518 -0.0049441486 0.011999348)
(1.0874982e-06 -0.004969456 0.011999727)
(0.0020377233 -0.0049462687 0.012000281)
(0.0040849149 -0.0049122973 0.012001592)
(0.0061310821 -0.0048858976 0.012004643)
(0.0076284296 -0.0052333732 0.011997185)
(-0.0058581347 -0.0031710884 0.012001395)
(-0.0040497926 -0.0029153519 0.012000785)
(-0.0020236187 -0.0029704709 0.011999141)
(9.945689e-07 -0.0030045349 0.011999955)
(0.0020213482 -0.0029699671 0.012000511)
(0.0040675276 -0.0029282002 0.012003299)
(0.0058438347 -0.0031593528 0.011999189)
(-0.0019392956 -0.0012157146 0.012000193)
(3.4172963e-06 -0.0010001119 0.011999936)
(0.0019151255 -0.0012100789 0.012002338)
(-0.0019296777 -0.018786528 0.01399957)
(-3.3009647e-06 -0.018999891 0.013999847)
(0.0018935386 -0.018794954 0.014002129)
(-0.0058515379 -0.016834325 0.013999976)
(-0.0040554853 -0.017080131 0.014000057)
(-0.0020218522 -0.017029994 0.014000341)
(-1.0251545e-06 -0.016995626 0.013999812)
(0.002019135 -0.017030749 0.013999066)
(0.0040460516 -0.017086915 0.014001033)
(0.0058438734 -0.016840615 0.013997963)
(-0.0076810919 -0.014681939 0.013992504)
(-0.0061197552 -0.015126815 0.013995864)
(-0.0040790584 -0.015092778 0.013998927)
(-0.0020345739 -0.015055568 0.014000006)
(2.5047586e-07 -0.015030773 0.013999825)
(0.0020361971 -0.015054981 0.013999629)
(0.0040780833 -0.015093128 0.013998993)
(0.006122212 -0.015123821 0.013995016)
(0.0076560923 -0.014722141 0.014005531)
(-0.0083714968 -0.013293819 0.013999183)
(-0.0060756767 -0.013052987 0.013999143)
(-0.0040577398 -0.013053451 0.013999304)
(-0.0020291878 -0.013040095 0.013999609)
(3.6472075e-07 -0.013031161 0.013999648)
(0.0020301596 -0.013039847 0.013999697)
(0.0040582521 -0.013053089 0.013999772)
(0.0060769675 -0.01305126 0.014000002)
(0.0083826171 -0.013264273 0.014000621)
(-0.0079680042 -0.011000352 0.013999851)
(-0.0060160332 -0.011013059 0.013999704)
(-0.0040310957 -0.01101704 0.013999497)
(-0.0020210872 -0.01101444 0.013999463)
(3.0466701e-07 -0.011013062 0.013999523)
(0.0020217979 -0.011014889 0.01399969)
(0.0040318298 -0.011017998 0.013999977)
(0.0060166718 -0.011014471 0.014000358)
(0.0079682048 -0.011001795 0.014000052)
(-0.0079684031 -0.0090024523 0.014000311)
(-0.0060158402 -0.0089866633 0.01400009)
(-0.0040308211 -0.0089821916 0.013999719)
(-0.002021003 -0.0089850947 0.013999527)
(3.0862647e-07 -0.0089871153 0.013999561)
(0.0020219086 -0.0089862756 0.013999748)
(0.0040322413 -0.0089844907 0.014000059)
(0.0060170262 -0.0089892509 0.014000498)
(0.0079684318 -0.0090032577 0.014000351)
(-0.0083722923 -0.006708295 0.014008264)
(-0.0060751018 -0.0069461983 0.014000669)
(-0.0040566752 -0.0069451006 0.013999935)
(-0.0020288679 -0.0069591329 0.013999644)
(4.0883334e-07 -0.0069687849 0.013999705)
(0.0020305588 -0.006960991 0.013999896)
(0.004060042 -0.0069494647 0.014000089)
(0.0060786513 -0.0069515738 0.014000762)
(0.0083730701 -0.0067103614 0.014007726)
(-0.0076704488 -0.0053009456 0.013990979)
(-0.0061216021 -0.0048754005 0.014001195)
(-0.0040762745 -0.004904829 0.01399982)
(-0.0020335965 -0.004943202 0.013999557)
(5.6242871e-07 -0.0049689759 0.013999808)
(0.0020371136 -0.0049455751 0.014000099)
(0.0040837309 -0.0049117096 0.013999567)
(0.0061442475 -0.0048990518 0.013998924)
(0.0076639469 -0.0052904896 0.014005038)
(-0.0058499732 -0.0031643905 0.014001758)
(-0.0040505173 -0.002916555 0.01399853)
(-0.0020180194 -0.0029681639 0.013999364)
(3.9469459e-07 -0.0030042591 0.01399979)
(0.0020252548 -0.0029714101 0.01400101)
(0.0040536178 -0.0029181845 0.014000107)
(0.0058449519 -0.0031602696 0.014000472)
(-0.0019210128 -0.0012114517 0.014000912)
(1.0212393e-06 -0.0010000335 0.013997586)
(0.0019227852 -0.0012118649 0.014001557)
(-0.0019180436 -0.018789241 0.016005321)
(-3.5503029e-06 -0.018999883 0.016000482)
(0.0019285404 -0.018786793 0.016001481)
(-0.0058419684 -0.016842178 0.0160032)
(-0.0040455817 -0.017085815 0.016000162)
(-0.002014579 -0.017032943 0.016002114)
(-1.8497584e-07 -0.016995768 0.016000187)
(0.0020282744 -0.017027974 0.016000748)
(0.0040477841 -0.017086468 0.015999578)
(0.005851536 -0.016834326 0.01599968)
(-0.0076773861 -0.014687898 0.01601325)
(-0.0061319124 -0.015113361 0.015996478)
(-0.004079374 -0.015091486 0.015999202)
(-0.0020337361 -0.015055947 0.01600016)
(-2.3974453e-08 -0.015031181 0.016000072)
(0.0020350155 -0.015056239 0.016000266)
(0.0040726226 -0.015098494 0.015999727)
(0.00610489 -0.015141151 0.015997865)
(0.0076603528 -0.01471529 0.016000004)
(-0.008371678 -0.013293337 0.015993747)
(-0.0060774562 -0.013050831 0.015998785)
(-0.0040583458 -0.013052823 0.015999363)
(-0.0020294328 -0.013040122 0.015999792)
(-2.2372057e-07 -0.013031464 0.015999933)
(0.0020289851 -0.013040646 0.016000116)
(0.00405615 -0.013054605 0.01600031)
(0.0060756759 -0.01305083 0.016001058)
(0.0083954008 -0.013230307 0.016005505)
(-0.0079681911 -0.010999487 0.015999787)
(-0.0060165232 -0.011013201 0.015999695)
(-0.0040315882 -0.01101719 0.015999717)
(-0.0020215722 -0.011014582 0.015999782)
(-3.6096804e-07 -0.011013218 0.015999875)
(0.0020208765 -0.011015118 0.016000039)
(0.004030735 -0.011018289 0.016000268)
(0.0060159628 -0.011014461 0.016000607)
(0.0079681992 -0.011002092 0.016000367)
(-0.0079683898 -0.0090003539 0.016000886)
(-0.006016638 -0.0089880208 0.016000562)
(-0.0040315205 -0.0089829419 0.016000116)
(-0.0020217916 -0.0089854435 0.015999916)
(-6.1858531e-07 -0.0089871191 0.015999894)
(0.0020207991 -0.0089859012 0.015999966)
(0.0040310203 -0.0089835869 0.016000069)
(0.0060159149 -0.0089875978 0.016000355)
(0.0079678179 -0.0090011453 0.016000633)
(-0.0083816339 -0.0067331151 0.016013562)
(-0.0060765053 -0.0069502104 0.016001429)
(-0.0040576888 -0.0069464235 0.016000315)
(-0.0020303896 -0.0069596671 0.016000001)
(-1.1413489e-06 -0.00696865 0.01599993)
(0.0020285758 -0.0069599709 0.015999885)
(0.004057626 -0.0069470442 0.01599952)
(0.0060760303 -0.0069472721 0.015999238)
(0.0083735192 -0.0067115549 0.016000331)
(-0.0076675637 -0.0052963059 0.01600148)
(-0.0061152128 -0.0048688645 0.016000511)
(-0.0040769327 -0.0049042771 0.015999692)
(-0.0020370857 -0.0049439829 0.015999934)
(-2.0808526e-06 -0.0049687811 0.015999941)
(0.0020332747 -0.004943779 0.015999921)
(0.0040782874 -0.004907009 0.015998332)
(0.0061254234 -0.0048783898 0.015991523)
(0.0076595496 -0.0052834183 0.01599644)
(-0.0058481664 -0.0031629077 0.016000354)
(-0.0040540129 -0.0029178884 0.015998533)
(-0.002028425 -0.0029714998 0.016000145)
(-3.5049458e-06 -0.003004407 0.01599987)
(0.0020187884 -0.002968811 0.016000394)
(0.0040598825 -0.002922121 0.016000041)
(0.0058462392 -0.0031613261 0.016000543)
(-0.001940601 -0.001216019 0.016000477)
(-8.5476395e-06 -0.0010002799 0.015998722)
(0.0019167665 -0.0012104616 0.015998701)
(-0.0019063006 -0.018791979 0.01799844)
(-5.4948621e-06 -0.01899982 0.017997683)
(0.0019360563 -0.018785041 0.017999834)
(-0.0058348978 -0.016847981 0.01800141)
(-0.0040595873 -0.01707805 0.017999292)
(-0.0020269568 -0.017027989 0.017999207)
(-1.8873413e-06 -0.016995486 0.017999598)
(0.0020242369 -0.017029234 0.018000067)
(0.0040587683 -0.017078268 0.018001156)
(0.0058560901 -0.016830589 0.018001208)
(-0.0076388723 -0.014749833 0.017995185)
(-0.0061159157 -0.015129489 0.018001164)
(-0.0040808833 -0.015091327 0.017999754)
(-0.0020366336 -0.015054852 0.017999735)
(-1.2152815e-06 -0.015030991 0.017999976)
(0.0020341019 -0.015056084 0.018000513)
(0.0040779142 -0.015093523 0.018001156)
(0.0061274048 -0.015119498 0.018001663)
(0.0076597694 -0.014716228 0.017990681)
(-0.0083557879 -0.013335556 0.017994586)
(-0.0060766341 -0.013052034 0.017999705)
(-0.0040588794 -0.013052793 0.017999686)
(-0.0020303744 -0.013039896 0.017999828)
(-9.2688695e-07 -0.013031481 0.018000043)
(0.0020284255 -0.013040756 0.018000378)
(0.0040566979 -0.0130543 0.018000798)
(0.006076203 -0.013051434 0.018001313)
(0.0083894805 -0.013246037 0.018000313)
(-0.0079677822 -0.011001716 0.018000263)
(-0.0060168833 -0.011013015 0.018000068)
(-0.0040320383 -0.011017215 0.017999928)
(-0.0020221262 -0.011014674 0.017999944)
(-9.3518726e-07 -0.01101333 0.01800005)
(0.0020202927 -0.011015239 0.018000237)
(0.0040303391 -0.011018464 0.018000466)
(0.0060156105 -0.011014942 0.018000706)
(0.0079680373 -0.011002987 0.018000236)
(-0.0079690371 -0.0090020179 0.018000764)
(-0.0060171096 -0.0089887734 0.018000547)
(-0.0040322145 -0.0089835947 0.018000259)
(-0.0020225863 -0.0089858732 0.018000115)
(-1.4156836e-06 -0.0089873035 0.018000086)
(0.0020199776 -0.0089858906 0.018000133)
(0.0040304117 -0.0089837082 0.018000227)
(0.0060159847 -0.0089887547 0.018000499)
(0.0079685122 -0.0090033355 0.018000413)
(-0.0083960628 -0.0067714519 0.01800795)
(-0.0060780525 -0.006953248 0.018000883)
(-0.0040593566 -0.0069480595 0.018000452)
(-0.0020320109 -0.0069605769 0.018000245)
(-2.4444609e-06 -0.0069689104 0.018000137)
(0.0020270441 -0.00695974 0.018000091)
(0.0040565819 -0.0069471804 0.017999994)
(0.0060772397 -0.0069507617 0.018000405)
(0.0083789101 -0.0067258782 0.018003491)
(-0.0076469244 -0.0052631153 0.017994652)
(-0.0061225611 -0.0048745303 0.017999152)
(-0.0040811712 -0.0049074337 0.0180003)
(-0.0020402204 -0.004945544 0.018000321)
(-3.8885848e-06 -0.0049690286 0.018000208)
(0.0020300309 -0.0049428903 0.018000214)
(0.0040754879 -0.0049059985 0.017999644)
(0.0061271336 -0.0048820515 0.017997724)
(0.007664005 -0.0052905831 0.017998722)
(-0.0058542079 -0.0031678658 0.018001119)
(-0.0040553384 -0.0029190373 0.01800126)
(-0.0020279054 -0.0029716462 0.018000492)
(-4.0780065e-06 -0.0030043934 0.018000307)
(0.0020138319 -0.0029667326 0.018000946)
(0.0040463251 -0.0029142891 0.018001148)
(0.0058505717 -0.0031648816 0.018000598)
(-0.0019087592 -0.0012085945 0.017999739)
(-2.0292283e-06 -0.0010000665 0.018001088)
(0.0019357499 -0.0012148879 0.017999214)
(-0.0019467525 -0.018782546 0.019998537)
(-2.3251802e-06 -0.018999923 0.019999224)
(0.001937742 -0.018784647 0.020002002)
(-0.0058324396 -0.016849998 0.019999811)
(-0.004053203 -0.017081039 0.019999395)
(-0.0020249535 -0.017029348 0.019999633)
(-2.2045858e-06 -0.016995801 0.019999756)
(0.0020184903 -0.017031361 0.020000811)
(0.0040484384 -0.017085142 0.020001628)
(0.0058441022 -0.016840427 0.019997478)
(-0.0076619226 -0.014712765 0.020011991)
(-0.0061381202 -0.01510785 0.019995284)
(-0.0040838443 -0.015088431 0.019999056)
(-0.0020366297 -0.015054676 0.019999677)
(-1.6250822e-06 -0.015031112 0.020000047)
(0.0020324254 -0.015056637 0.020000738)
(0.0040751349 -0.015095748 0.020001163)
(0.0061175439 -0.015129142 0.019999519)
(0.0076693986 -0.014700743 0.020005639)
(-0.0083758977 -0.013282126 0.020002395)
(-0.0060782812 -0.013049568 0.019999479)
(-0.0040596558 -0.013051912 0.01999955)
(-0.0020305222 -0.01303979 0.019999826)
(-1.1545092e-06 -0.013031543 0.020000109)
(0.002028028 -0.013041092 0.020000483)
(0.0040556415 -0.013056065 0.020000814)
(0.0060728279 -0.013059128 0.020001193)
(0.00835867 -0.013327899 0.020004926)
(-0.0079683071 -0.011000092 0.020000337)
(-0.0060166961 -0.011013107 0.020000023)
(-0.00403213 -0.011017198 0.019999917)
(-0.0020222341 -0.011014775 0.019999993)
(-1.0807704e-06 -0.011013428 0.020000123)
(0.00202008 -0.011015374 0.020000288)
(0.004029988 -0.01101878 0.020000415)
(0.0060149793 -0.011015752 0.020000462)
(0.0079672948 -0.011002397 0.020000119)
(-0.0079682588 -0.0090010385 0.020000325)
(-0.0060164123 -0.0089872359 0.020000309)
(-0.0040322695 -0.0089833703 0.020000263)
(-0.0020228549 -0.0089861087 0.0200002)
(-1.6422387e-06 -0.008987514 0.020000175)
(0.0020197487 -0.0089859303 0.020000183)
(0.0040301458 -0.0089835748 0.020000171)
(0.0060158832 -0.0089885152 0.020000143)
(0.0079678882 -0.0089999581 0.020000132)
(-0.0083799144 -0.0067285463 0.019998693)
(-0.0060756907 -0.0069475664 0.020000488)
(-0.0040596383 -0.0069475035 0.020000576)
(-0.0020327772 -0.006961191 0.020000402)
(-2.7712897e-06 -0.0069693481 0.020000245)
(0.0020268615 -0.0069599102 0.020000167)
(0.0040562051 -0.0069469069 0.020000059)
(0.0060768234 -0.006949809 0.020000078)
(0.0083657315 -0.0066908632 0.019996555)
(-0.0076835652 -0.0053220384 0.019984353)
(-0.0061149268 -0.0048700156 0.02000355)
(-0.0040827479 -0.0049082106 0.020001062)
(-0.0020423577 -0.0049472059 0.020000577)
(-4.1069801e-06 -0.004969761 0.020000277)
(0.0020304175 -0.0049434771 0.020000203)
(0.0040753916 -0.0049059599 0.01999995)
(0.0061243029 -0.0048779527 0.020001052)
(0.0076737026 -0.0053061781 0.01999403)
(-0.0058273767 -0.003145846 0.020002129)
(-0.0040652986 -0.0029250185 0.019999073)
(-0.0020333182 -0.0029745941 0.0200004)
(-3.4730013e-06 -0.0030049554 0.020000181)
(0.002014058 -0.0029672307 0.020000371)
(0.0040470551 -0.0029145382 0.019998245)
(0.0058534219 -0.0031672207 0.020001055)
(-0.0019207092 -0.0012113809 0.020002068)
(1.5115705e-06 -0.0010000495 0.020002146)
(0.0019139058 -0.0012097945 0.019996122)
(-0.0019184872 -0.018789137 0.02199817)
(-4.8773042e-06 -0.01899984 0.021997939)
(0.0019111296 -0.018790853 0.022004493)
(-0.0058500723 -0.016835527 0.021998251)
(-0.0040526295 -0.017081372 0.022001795)
(-0.0020158062 -0.017032417 0.021999246)
(-1.2988529e-06 -0.016996092 0.021999826)
(0.0020184203 -0.017031197 0.022001758)
(0.0040540027 -0.017081144 0.022000685)
(0.0058486403 -0.016836703 0.022000217)
(-0.0076741231 -0.014693145 0.021988639)
(-0.0061309838 -0.015116734 0.02199959)
(-0.0040806156 -0.015090565 0.022000185)
(-0.0020339256 -0.015055628 0.021999854)
(-4.4093152e-07 -0.015031182 0.022000148)
(0.002033708 -0.01505587 0.022000873)
(0.0040791391 -0.015092364 0.022001168)
(0.0061260163 -0.01512197 0.022000806)
(0.0076664734 -0.014705447 0.02199677)
(-0.0083728321 -0.013290271 0.021996165)
(-0.0060756906 -0.013055377 0.021998447)
(-0.0040582043 -0.013053596 0.021999554)
(-0.0020293356 -0.013040282 0.021999896)
(-3.2507121e-07 -0.013031497 0.022000159)
(0.0020287958 -0.01304041 0.022000469)
(0.0040574018 -0.013053613 0.02200055)
(0.0060761805 -0.013051577 0.022000281)
(0.0083796091 -0.013272265 0.02200292)
(-0.0079675706 -0.011000793 0.021999659)
(-0.0060156628 -0.01101509 0.021999467)
(-0.0040315178 -0.011018052 0.021999812)
(-0.0020217065 -0.011015078 0.02200001)
(-6.0219623e-07 -0.011013402 0.022000147)
(0.0020205524 -0.011014921 0.022000246)
(0.0040306015 -0.011017674 0.022000207)
(0.0060157746 -0.01101355 0.021999986)
(0.0079681992 -0.011000077 0.02199995)
(-0.0079679155 -0.0089999886 0.022000044)
(-0.006016164 -0.0089871764 0.022000206)
(-0.0040321704 -0.0089836962 0.022000246)
(-0.0020225559 -0.0089863678 0.022000237)
(-1.2633567e-06 -0.0089876202 0.022000211)
(0.0020201014 -0.0089857479 0.02200018)
(0.0040302319 -0.0089828981 0.022000052)
(0.0060155935 -0.0089871818 0.021999756)
(0.007967868 -0.0090013578 0.021999927)
(-0.0083724335 -0.0067086701 0.022000703)
(-0.0060769711 -0.0069480574 0.022000851)
(-0.0040602965 -0.0069484815 0.022000662)
(-0.0020323348 -0.0069616546 0.022000503)
(-2.1065921e-06 -0.0069696481 0.022000303)
(0.002027653 -0.0069599857 0.022000236)
(0.0040559408 -0.0069458712 0.022000045)
(0.0060755176 -0.0069468408 0.02199952)
(0.0083674081 -0.0066953179 0.021996741)
(-0.0076707812 -0.0053014802 0.021997989)
(-0.0061377889 -0.0048910196 0.022001914)
(-0.0040855183 -0.0049121371 0.022000927)
(-0.0020410594 -0.0049477888 0.022000809)
(-2.5696941e-06 -0.0049702634 0.022000283)
(0.0020331051 -0.0049442999 0.022000333)
(0.0040742707 -0.0049041692 0.022000202)
(0.0061200687 -0.00487586 0.022001283)
(0.007627174 -0.0052313541 0.021997745)
(-0.0058418501 -0.003157724 0.021994193)
(-0.0040597235 -0.0029213426 0.021998755)
(-0.0020348265 -0.0029751931 0.022001234)
(-1.0180717e-06 -0.0030054585 0.021999792)
(0.0020269556 -0.0029718154 0.022000313)
(0.0040506774 -0.0029156733 0.021999286)
(0.0058479363 -0.0031627188 0.02199589)
(-0.0019156421 -0.0012101994 0.022003467)
(2.5247492e-06 -0.0010000827 0.021998129)
(0.0019441897 -0.0012168558 0.021995514)
(-0.0019536307 -0.018780943 0.024000665)
(-2.7564229e-06 -0.018999909 0.023999765)
(0.0019245917 -0.018787714 0.023998532)
(-0.0058520764 -0.016833883 0.024000234)
(-0.0040522305 -0.017081207 0.023999776)
(-0.0020154447 -0.017033173 0.024000027)
(-9.5417312e-08 -0.016995839 0.024000042)
(0.0020235129 -0.017029316 0.024001515)
(0.0040621821 -0.017076124 0.023999345)
(0.0058470485 -0.016838009 0.024000516)
(-0.0076674445 -0.014703885 0.024000597)
(-0.0061162677 -0.015129754 0.023998508)
(-0.004076392 -0.015093797 0.02400005)
(-0.0020318755 -0.015056327 0.024000144)
(1.1660238e-06 -0.015030996 0.024000254)
(0.0020364967 -0.015054923 0.024000747)
(0.0040803596 -0.015092132 0.024001208)
(0.0061213963 -0.015122381 0.024002473)
(0.0076771972 -0.014688202 0.024000873)
(-0.0083889805 -0.013247365 0.02399704)
(-0.0060763105 -0.013051592 0.023998857)
(-0.0040571653 -0.013053537 0.023999717)
(-0.0020282474 -0.013040368 0.024000043)
(7.9020586e-07 -0.013031259 0.024000204)
(0.0020302121 -0.013039735 0.024000377)
(0.0040585692 -0.013052391 0.024000274)
(0.0060773854 -0.013048775 0.023999379)
(0.0083853408 -0.013257036 0.02399608)
(-0.0079682574 -0.010999157 0.023999628)
(-0.0060160144 -0.0110142 0.023999518)
(-0.0040311919 -0.011017957 0.023999873)
(-0.0020211241 -0.01101505 0.024000065)
(1.018104e-07 -0.011013216 0.024000159)
(0.0020213347 -0.011014507 0.024000182)
(0.0040313074 -0.011016963 0.024000016)
(0.0060163732 -0.011012464 0.023999547)
(0.0079685426 -0.010999091 0.023999771)
(-0.007967977 -0.0089985463 0.024000156)
(-0.0060167401 -0.0089883693 0.024000094)
(-0.0040319846 -0.0089841204 0.024000239)
(-0.0020219693 -0.0089864461 0.024000246)
(-6.2688345e-07 -0.0089875473 0.024000224)
(0.002020736 -0.0089855683 0.024000194)
(0.0040307698 -0.0089827834 0.024000072)
(0.0060160868 -0.0089875205 0.023999783)
(0.0079683493 -0.009001675 0.023999864)
(-0.0083676611 -0.0066959902 0.023999893)
(-0.0060782466 -0.006951518 0.024000575)
(-0.0040596299 -0.0069490925 0.024000722)
(-0.0020308016 -0.0069615018 0.0240005)
(-1.001401e-06 -0.0069695845 0.024000342)
(0.0020287523 -0.006960109 0.024000383)
(0.0040570352 -0.0069465605 0.024000379)
(0.0060767574 -0.0069496154 0.024000125)
(0.0083794118 -0.0067272111 0.024003895)
(-0.0076838924 -0.0053225645 0.024001107)
(-0.006129552 -0.0048829752 0.024004729)
(-0.0040816172 -0.0049103318 0.024001655)
(-0.0020359601 -0.0049461729 0.024000766)
(-4.6572646e-07 -0.0049699873 0.024000369)
(0.0020357406 -0.0049449514 0.024000775)
(0.0040782638 -0.0049068587 0.024001229)
(0.0061329102 -0.0048864142 0.024001428)
(0.0076805735 -0.0053172274 0.023998449)
(-0.0058275289 -0.0031459709 0.023999245)
(-0.0040543234 -0.0029189253 0.024000715)
(-0.0020182327 -0.0029687473 0.024000731)
(1.1693757e-06 -0.0030049518 0.023999957)
(0.0020325939 -0.0029740208 0.024001373)
(0.0040569233 -0.0029198425 0.024000608)
(0.0058470364 -0.0031619803 0.02399994)
(-0.0019164327 -0.0012103837 0.023999303)
(-4.6713413e-07 -0.0010000153 0.023998298)
(0.0019128378 -0.0012095455 0.023998471)
(-0.0019325009 -0.01878587 0.026003263)
(-3.8479373e-06 -0.018999873 0.025999632)
(0.0019194132 -0.018788921 0.026002034)
(-0.0058428812 -0.016841429 0.025998532)
(-0.0040560725 -0.017079345 0.0260001)
(-0.0020152712 -0.017032428 0.02600049)
(1.6600627e-06 -0.016995409 0.026000084)
(0.0020291644 -0.017027164 0.025999525)
(0.0040533447 -0.01708208 0.025999421)
(0.0058513474 -0.016834481 0.025996702)
(-0.0076871615 -0.014672178 0.026000264)
(-0.0061347413 -0.015111362 0.026002581)
(-0.0040794481 -0.015090872 0.026000848)
(-0.0020319671 -0.015055627 0.026000581)
(2.4867757e-06 -0.015030448 0.026000314)
(0.0020392954 -0.015054007 0.026000479)
(0.0040820211 -0.015091543 0.026001354)
(0.0061286809 -0.015118009 0.026001205)
(0.0076617394 -0.01471306 0.026004173)
(-0.0083808576 -0.013268948 0.025996614)
(-0.0060770738 -0.013050779 0.026000029)
(-0.0040577769 -0.013052538 0.026000199)
(-0.0020280569 -0.013039849 0.026000252)
(1.6261972e-06 -0.013030827 0.026000237)
(0.0020315338 -0.013039238 0.026000287)
(0.0040593882 -0.013052359 0.026000172)
(0.006076933 -0.013051077 0.025998837)
(0.0083774799 -0.013277922 0.025991897)
(-0.0079682796 -0.010999112 0.026000094)
(-0.0060162361 -0.011013258 0.025999971)
(-0.004031234 -0.011017349 0.026000068)
(-0.0020208759 -0.011014697 0.026000137)
(6.3299212e-07 -0.011012907 0.026000159)
(0.0020219962 -0.01101416 0.026000134)
(0.0040317616 -0.011016822 0.025999947)
(0.0060162819 -0.011013314 0.025999378)
(0.0079680448 -0.011000599 0.025999438)
(-0.0079686573 -0.0090000893 0.026000309)
(-0.0060168684 -0.0089889409 0.026000244)
(-0.0040318876 -0.0089841582 0.02600023)
(-0.0020217343 -0.008986322 0.026000211)
(-2.8398945e-07 -0.0089873285 0.026000189)
(0.002021051 -0.00898526 0.026000154)
(0.0040309 -0.0089823608 0.026000068)
(0.0060160013 -0.0089872103 0.025999982)
(0.0079682724 -0.0090030889 0.026000479)
(-0.0083758746 -0.006717813 0.026004084)
(-0.0060778517 -0.0069523848 0.026000731)
(-0.0040593973 -0.0069491693 0.026000463)
(-0.002030682 -0.0069614231 0.026000323)
(-8.4505781e-07 -0.0069693356 0.026000256)
(0.002028543 -0.0069595404 0.026000263)
(0.0040561821 -0.0069451299 0.026000264)
(0.0060747732 -0.0069458033 0.026000329)
(0.0083671957 -0.0066947535 0.02600314)
(-0.0076496754 -0.0052675393 0.025997805)
(-0.0061262586 -0.0048797836 0.026000298)
(-0.0040809435 -0.0049092745 0.026000369)
(-0.0020366357 -0.0049460867 0.026000258)
(-7.8560704e-07 -0.0049696277 0.026000225)
(0.0020339083 -0.0049437195 0.026000332)
(0.0040743954 -0.0049032246 0.026000516)
(0.0061154793 -0.0048701304 0.026000263)
(0.007657724 -0.0052804824 0.025999605)
(-0.0058424088 -0.0031581826 0.025999425)
(-0.0040558336 -0.0029204935 0.025998978)
(-0.002022873 -0.0029706809 0.025999356)
(1.5766523e-07 -0.0030046962 0.026000016)
(0.0020209988 -0.0029694288 0.025999683)
(0.0040521348 -0.0029174037 0.025999366)
(0.0058452791 -0.0031605381 0.026001211)
(-0.0019312057 -0.0012138283 0.025996749)
(6.1387893e-07 -0.0010000201 0.026000656)
(0.0019304826 -0.0012136597 0.026003922)
(-0.0019082785 -0.018791517 0.02799485)
(1.9354336e-06 -0.018999936 0.028000364)
(0.0019403815 -0.018784032 0.028002757)
(-0.0058340564 -0.016848671 0.028002089)
(-0.0040494534 -0.017083858 0.028001025)
(-0.0020157226 -0.017031846 0.028000942)
(3.7008962e-06 -0.016994969 0.028000349)
(0.0020366227 -0.017024779 0.028001187)
(0.0040675508 -0.017073886 0.028001003)
(0.0058341519 -0.016848593 0.027999588)
(-0.0076452071 -0.014739646 0.027998983)
(-0.0061314221 -0.01511654 0.027999598)
(-0.0040795059 -0.015091125 0.028000539)
(-0.0020329384 -0.015055004 0.028000662)
(3.2528805e-06 -0.015030002 0.028000331)
(0.0020413264 -0.015053325 0.028000537)
(0.0040839738 -0.015090435 0.028001501)
(0.0061275563 -0.015118436 0.02800335)
(0.0076353438 -0.014755508 0.027984477)
(-0.0083793446 -0.013272967 0.02799942)
(-0.0060772204 -0.013049131 0.028000164)
(-0.0040579368 -0.013051948 0.028000181)
(-0.0020282882 -0.01303938 0.028000242)
(1.9792294e-06 -0.013030425 0.028000196)
(0.0020324892 -0.013038747 0.028000279)
(0.0040601837 -0.013051562 0.028000472)
(0.0060777554 -0.013049578 0.028000355)
(0.0083756557 -0.013282769 0.028001057)
(-0.0079683782 -0.010998776 0.027999832)
(-0.0060163071 -0.011011718 0.027999997)
(-0.0040312747 -0.011016696 0.028000048)
(-0.0020208761 -0.011014288 0.028000102)
(8.853966e-07 -0.011012586 0.028000115)
(0.0020224849 -0.011013867 0.028000118)
(0.0040322977 -0.01101636 0.028000082)
(0.0060168786 -0.011012597 0.027999891)
(0.0079680457 -0.011001719 0.027999922)
(-0.0079678463 -0.0089972621 0.027999968)
(-0.0060162307 -0.0089867661 0.028000036)
(-0.0040318978 -0.008983512 0.028000126)
(-0.0020217658 -0.0089860487 0.028000146)
(-1.3824486e-07 -0.0089871338 0.028000136)
(0.0020213865 -0.0089851413 0.028000099)
(0.0040313776 -0.0089823777 0.027999999)
(0.0060165267 -0.0089873057 0.027999861)
(0.0079680976 -0.0090000789 0.028000086)
(-0.0083764835 -0.0067194308 0.027998138)
(-0.0060780191 -0.0069499749 0.028000015)
(-0.0040602351 -0.0069493641 0.028000324)
(-0.0020312033 -0.0069615016 0.028000258)
(-8.9230982e-07 -0.0069692822 0.0280002)
(0.0020287987 -0.0069596079 0.028000162)
(0.0040569969 -0.0069458863 0.027999949)
(0.0060761772 -0.0069487467 0.027999507)
(0.0083749848 -0.0067154488 0.027998127)
(-0.0076739431 -0.0053065648 0.028000665)
(-0.0061460025 -0.004901112 0.02800183)
(-0.0040845919 -0.0049129408 0.028000818)
(-0.0020384174 -0.0049468204 0.028000297)
(-1.2175495e-06 -0.0049697014 0.028000207)
(0.0020339706 -0.0049438869 0.028000274)
(0.0040764789 -0.0049048061 0.027999835)
(0.0061112914 -0.0048662461 0.027998956)
(0.0076483909 -0.0052654735 0.027998317)
(-0.0058396131 -0.0031558882 0.027996605)
(-0.0040545514 -0.0029193176 0.028000104)
(-0.0020217618 -0.0029702766 0.027999297)
(-4.5966963e-07 -0.003004695 0.028000046)
(0.0020219686 -0.0029700523 0.028000839)
(0.0040590394 -0.0029219525 0.028000094)
(0.0058511899 -0.003165389 0.027999792)
(-0.0019207861 -0.0012113988 0.027999152)
(-1.4493173e-06 -0.0010000475 0.027999097)
(0.0019183489 -0.0012108305 0.028001392)
(-0.0019286675 -0.018786763 0.029997005)
(2.0526766e-06 -0.018999932 0.029997108)
(0.0019250224 -0.018787613 0.030002179)
(-0.0058515656 -0.016834302 0.029990271)
(-0.0040550356 -0.017081164 0.029999156)
(-0.0020221893 -0.017029678 0.030000379)
(2.9628829e-06 -0.016994787 0.029999697)
(0.002031315 -0.017027074 0.029999498)
(0.0040507096 -0.017085015 0.029999664)
(0.0058528874 -0.016833217 0.02999885)
(-0.0076503143 -0.014731433 0.029994332)
(-0.006124936 -0.015122571 0.030003107)
(-0.0040788695 -0.015092407 0.030000118)
(-0.002034763 -0.015054592 0.030000136)
(2.4806639e-06 -0.015029881 0.02999989)
(0.0020396944 -0.015054155 0.029999743)
(0.0040795294 -0.015093249 0.02999987)
(0.0061264606 -0.015119235 0.029999443)
(0.0076624414 -0.014711931 0.030004568)
(-0.0083762675 -0.013281143 0.03000105)
(-0.0060765567 -0.013050134 0.029999644)
(-0.0040579016 -0.013052162 0.029999831)
(-0.0020289283 -0.013039118 0.02999996)
(1.6246293e-06 -0.013030214 0.029999947)
(0.0020319926 -0.01303857 0.029999963)
(0.0040599217 -0.013050263 0.030000192)
(0.0060806015 -0.013041326 0.030000874)
(0.0084011886 -0.013214929 0.030008234)
(-0.0079681975 -0.010999029 0.029999802)
(-0.0060161857 -0.01101154 0.02999965)
(-0.004031315 -0.011016443 0.02999984)
(-0.002021074 -0.011014009 0.029999949)
(7.7618962e-07 -0.011012346 0.029999986)
(0.0020224907 -0.011013522 0.03000001)
(0.0040325271 -0.011015502 0.030000075)
(0.0060178658 -0.011009915 0.030000222)
(0.0079695414 -0.010997173 0.03000027)
(-0.0079683035 -0.0089985671 0.03000004)
(-0.0060163525 -0.0089865904 0.029999819)
(-0.0040319245 -0.0089831799 0.029999981)
(-0.0020218158 -0.0089857674 0.030000053)
(-4.6670867e-08 -0.0089869806 0.030000069)
(0.0020216494 -0.0089850826 0.030000052)
(0.0040318012 -0.0089823414 0.03)
(0.0060170634 -0.0089872913 0.029999871)
(0.007968166 -0.0090003146 0.030000124)
(-0.008386896 -0.0067470961 0.03000331)
(-0.0060796998 -0.0069532538 0.029999885)
(-0.0040605933 -0.0069496841 0.030000232)
(-0.0020313805 -0.0069613776 0.030000238)
(-7.0252896e-07 -0.0069692797 0.030000179)
(0.0020293982 -0.0069598982 0.030000165)
(0.0040578904 -0.0069464946 0.03000015)
(0.0060769431 -0.0069483119 0.030000037)
(0.0083546323 -0.0066613734 0.030004051)
(-0.0076606719 -0.0052852231 0.02999624)
(-0.0061494867 -0.0049050778 0.03000274)
(-0.0040858505 -0.0049139257 0.030000912)
(-0.0020392361 -0.004946941 0.030000498)
(-9.3075387e-07 -0.0049698834 0.030000253)
(0.0020352729 -0.004944544 0.030000304)
(0.0040787192 -0.0049068721 0.030000682)
(0.0061324607 -0.0048877775 0.030001243)
(0.0076553646 -0.0052766882 0.029995174)
(-0.0058455888 -0.0031607923 0.0300003)
(-0.0040551281 -0.0029190778 0.029999266)
(-0.0020292879 -0.0029731613 0.030000582)
(2.6832027e-08 -0.0030050491 0.030000173)
(0.0020217373 -0.0029697315 0.030000374)
(0.0040557164 -0.0029189083 0.030001064)
(0.0058402389 -0.0031564017 0.029999892)
(-0.0019254737 -0.0012124918 0.029997274)
(1.8176301e-06 -0.0010000596 0.030000451)
(0.0019239132 -0.0012121279 0.030000922)
(-0.0019007137 -0.018793281 0.031996603)
(3.6274695e-06 -0.018999881 0.031999639)
(0.0019310759 -0.018786202 0.031998963)
(-0.0058380957 -0.016845356 0.032004453)
(-0.0040465735 -0.017087152 0.032002466)
(-0.0020254966 -0.017028122 0.031999531)
(2.312747e-06 -0.016994545 0.031999489)
(0.0020304142 -0.017027316 0.031997828)
(0.0040548718 -0.017081356 0.032000661)
(0.0058453499 -0.016839403 0.031998144)
(-0.0076743062 -0.014692851 0.032000564)
(-0.0061353183 -0.015112851 0.031992132)
(-0.0040804328 -0.015090825 0.031998494)
(-0.0020362648 -0.015053963 0.031999543)
(1.6515788e-06 -0.015029656 0.031999579)
(0.0020393754 -0.015054036 0.031999276)
(0.0040808043 -0.015092416 0.031999502)
(0.0061235746 -0.015122862 0.03200038)
(0.0076497898 -0.014732276 0.032015604)
(-0.0083798262 -0.013271688 0.032002769)
(-0.0060774798 -0.013048916 0.031999039)
(-0.0040585546 -0.013051586 0.031999258)
(-0.0020296837 -0.013038806 0.031999633)
(1.0041898e-06 -0.013030087 0.03199972)
(0.002031451 -0.013038749 0.031999669)
(0.0040591656 -0.013051635 0.031999701)
(0.0060771394 -0.013049229 0.031999647)
(0.0083834987 -0.01326193 0.031997616)
(-0.0079683447 -0.010998021 0.032000454)
(-0.0060163429 -0.011011022 0.031999742)
(-0.0040315276 -0.011016058 0.031999671)
(-0.002021386 -0.011013765 0.031999794)
(4.8106075e-07 -0.011012227 0.03199986)
(0.0020222222 -0.01101358 0.031999872)
(0.0040321519 -0.011015958 0.031999892)
(0.0060168884 -0.011011605 0.031999997)
(0.0079685631 -0.010998897 0.032000019)
(-0.0079670461 -0.0089948333 0.032000427)
(-0.0060157169 -0.008984966 0.031999761)
(-0.0040314839 -0.0089822199 0.031999839)
(-0.0020217078 -0.0089853292 0.031999948)
(-3.2306805e-08 -0.0089868478 0.031999998)
(0.0020217022 -0.0089851478 0.03199998)
(0.0040318299 -0.0089825428 0.031999886)
(0.006017076 -0.0089876642 0.031999673)
(0.0079685691 -0.009000035 0.032000005)
(-0.0083611443 -0.0066786755 0.031998304)
(-0.0060743719 -0.0069442581 0.031999459)
(-0.0040579986 -0.0069462378 0.031999993)
(-0.0020305266 -0.0069603671 0.032000125)
(-3.4313818e-07 -0.0069691017 0.032000123)
(0.0020297339 -0.006960098 0.032000104)
(0.0040578676 -0.0069468961 0.031999971)
(0.0060771309 -0.0069515852 0.031999463)
(0.0083834583 -0.0067379624 0.031998941)
(-0.0076562988 -0.0052781905 0.032004558)
(-0.0061140665 -0.0048678813 0.032001903)
(-0.0040778264 -0.0049055036 0.032000664)
(-0.0020372001 -0.0049451903 0.032000335)
(-1.1856311e-07 -0.0049696674 0.032000167)
(0.0020361916 -0.004944823 0.032000172)
(0.0040767983 -0.0049045916 0.032000407)
(0.0061108345 -0.0048647387 0.032000498)
(0.0076610844 -0.0052858864 0.032003884)
(-0.0058350224 -0.0031521207 0.032001501)
(-0.0040506623 -0.0029162469 0.031999705)
(-0.0020259871 -0.0029712157 0.032000122)
(1.3977943e-06 -0.0030051019 0.031999897)
(0.002028865 -0.0029722031 0.031999437)
(0.0040627543 -0.0029232362 0.032000719)
(0.0058527308 -0.0031666536 0.031998873)
(-0.0019351371 -0.001214745 0.032000111)
(4.3220419e-06 -0.0010001415 0.031998681)
(0.0019468343 -0.0012174724 0.032001695)
(-0.0019176602 -0.01878933 0.033998285)
(-2.3940183e-06 -0.018999921 0.034001253)
(0.0019298477 -0.018786488 0.034002142)
(-0.0058487869 -0.016836582 0.033997198)
(-0.0040513681 -0.017083606 0.033999983)
(-0.0020248818 -0.017028598 0.033999133)
(4.5465643e-07 -0.016994474 0.033999759)
(0.0020324141 -0.01702603 0.034000198)
(0.0040588072 -0.017079547 0.033998268)
(0.0058609805 -0.016826575 0.033997157)
(-0.0076308649 -0.01476271 0.034005354)
(-0.0061269583 -0.015119575 0.03399756)
(-0.0040796443 -0.015091673 0.033998813)
(-0.0020365884 -0.015053927 0.033999487)
(4.3545107e-07 -0.015029614 0.033999644)
(0.00203868 -0.0150541 0.033999429)
(0.0040796228 -0.015093552 0.033997919)
(0.006117947 -0.015128541 0.033993823)
(0.0076796735 -0.01468422 0.034009343)
(-0.0083846077 -0.013258984 0.034000771)
(-0.0060781337 -0.013047822 0.033998944)
(-0.0040587873 -0.013051712 0.033999249)
(-0.0020302616 -0.013038789 0.033999604)
(1.7087217e-07 -0.013030064 0.033999709)
(0.0020306883 -0.013038821 0.033999624)
(0.0040584542 -0.013051864 0.033999381)
(0.0060764855 -0.01304904 0.033999754)
(0.0083817226 -0.013266649 0.034003284)
(-0.0079688123 -0.010996889 0.034000698)
(-0.0060168298 -0.011011358 0.033999664)
(-0.0040319285 -0.011016407 0.033999619)
(-0.0020218352 -0.011013859 0.033999766)
(1.0349089e-08 -0.011012213 0.033999843)
(0.0020218533 -0.011013511 0.033999844)
(0.0040319097 -0.011015677 0.033999823)
(0.0060168153 -0.011010623 0.034000008)
(0.007968514 -0.010999236 0.034000228)
(-0.0079684507 -0.0089991469 0.033999884)
(-0.0060170646 -0.0089877869 0.033999396)
(-0.0040322034 -0.0089833363 0.033999687)
(-0.0020220631 -0.0089856356 0.033999897)
(-2.0514302e-07 -0.0089869155 0.033999991)
(0.0020216864 -0.0089851209 0.033999986)
(0.0040319722 -0.0089821484 0.033999864)
(0.0060167262 -0.0089856461 0.033999649)
(0.0079677233 -0.0089970917 0.033999991)
(-0.0083809233 -0.0067312269 0.033997697)
(-0.0060781123 -0.0069527589 0.033998479)
(-0.0040593697 -0.0069485552 0.033999657)
(-0.0020307999 -0.0069608086 0.034000049)
(-3.5662948e-07 -0.0069692723 0.034000145)
(0.0020299542 -0.0069604292 0.034000188)
(0.0040589698 -0.006947396 0.033999898)
(0.0060776709 -0.0069483469 0.033999151)
(0.008367346 -0.0066951529 0.034000684)
(-0.0076500698 -0.0052681734 0.033999417)
(-0.0061272812 -0.0048812621 0.03399761)
(-0.004080619 -0.0049078252 0.034000169)
(-0.0020374165 -0.0049453904 0.034000319)
(-2.3095003e-07 -0.0049697764 0.034000311)
(0.0020358023 -0.0049453953 0.034000674)
(0.0040803108 -0.0049092095 0.034000466)
(0.0061351998 -0.0048893974 0.033999553)
(0.007669713 -0.0052997623 0.034003259)
(-0.005849629 -0.003164108 0.0340012)
(-0.0040605371 -0.0029220658 0.033998644)
(-0.0020286821 -0.002972294 0.034000095)
(7.3463643e-07 -0.0030049386 0.034000289)
(0.0020254868 -0.0029712132 0.034002196)
(0.0040502869 -0.0029163193 0.034000935)
(0.0058497124 -0.0031641765 0.033997793)
(-0.0019406057 -0.0012160201 0.033996612)
(1.601886e-06 -0.0010000525 0.034000762)
(0.0019272487 -0.0012129057 0.034005115)
(-0.0019200514 -0.018788772 0.036000798)
(-4.2062495e-06 -0.018999862 0.035999898)
(0.0019197677 -0.018788839 0.035997779)
(-0.0058462873 -0.016838634 0.035999897)
(-0.0040576735 -0.017079445 0.036000453)
(-0.0020312319 -0.017026501 0.036001712)
(-2.897752e-06 -0.016994689 0.036000023)
(0.0020233184 -0.017029386 0.036000399)
(0.0040578395 -0.017079364 0.035999162)
(0.0058427246 -0.016841558 0.036003229)
(-0.0076774022 -0.014687872 0.036001793)
(-0.0061244841 -0.01512412 0.035998562)
(-0.0040813389 -0.015091394 0.035999578)
(-0.0020390653 -0.015053409 0.036000066)
(-1.8980616e-06 -0.015029804 0.035999898)
(0.0020345668 -0.015055471 0.035999733)
(0.0040758126 -0.015095604 0.035999385)
(0.0061203776 -0.01512528 0.036001411)
(0.0076734926 -0.014694159 0.036000006)
(-0.0083653224 -0.013310224 0.035996937)
(-0.006075107 -0.013055444 0.035998795)
(-0.0040587547 -0.013053305 0.035999554)
(-0.0020312287 -0.01303898 0.035999871)
(-9.9237083e-07 -0.013030144 0.03599988)
(0.0020293015 -0.013038931 0.035999821)
(0.0040578854 -0.013050952 0.0359998)
(0.0060786826 -0.013042821 0.036000086)
(0.0083908529 -0.013242391 0.035999435)
(-0.0079679733 -0.010999242 0.035999735)
(-0.0060164818 -0.011013625 0.0359995)
(-0.004032171 -0.011017329 0.035999746)
(-0.0020223297 -0.011014136 0.035999904)
(-5.279371e-07 -0.011012244 0.03599995)
(0.0020214435 -0.011013347 0.035999953)
(0.0040318942 -0.011014914 0.035999969)
(0.0060175751 -0.011008136 0.036000065)
(0.0079692596 -0.010996548 0.036000138)
(-0.0079693359 -0.0090002204 0.03599978)
(-0.0060182996 -0.0089903171 0.035999519)
(-0.0040329863 -0.0089845089 0.035999824)
(-0.0020224832 -0.0089860419 0.035999986)
(-4.2007477e-07 -0.0089870209 0.036000055)
(0.0020217007 -0.0089850995 0.036000063)
(0.0040322658 -0.0089819232 0.036000012)
(0.0060168557 -0.0089848433 0.036000022)
(0.0079678119 -0.0089972307 0.036000124)
(-0.0083950463 -0.006768751 0.035995022)
(-0.0060821412 -0.0069605276 0.035999077)
(-0.004061139 -0.0069511345 0.035999896)
(-0.0020311729 -0.0069614569 0.036000089)
(-3.9030551e-07 -0.0069695252 0.036000159)
(0.0020303402 -0.006960875 0.03600019)
(0.0040605027 -0.0069485869 0.0359999)
(0.0060792027 -0.0069494798 0.035999466)
(0.0083662415 -0.0066922184 0.035997762)
(-0.0076568882 -0.0052791384 0.036002628)
(-0.0061322154 -0.0048876471 0.036001286)
(-0.004083564 -0.0049110717 0.036000653)
(-0.0020369376 -0.0049458014 0.036000231)
(-1.3052281e-07 -0.0049699656 0.036000242)
(0.0020360538 -0.0049462088 0.036000498)
(0.0040850551 -0.0049139967 0.03599977)
(0.0061510274 -0.0049072504 0.03599818)
(0.0076342779 -0.005242778 0.036003671)
(-0.0058418078 -0.0031576893 0.035998421)
(-0.0040622335 -0.002923748 0.036001114)
(-0.0020188748 -0.0029692747 0.036000297)
(9.5694483e-07 -0.003004524 0.036000113)
(0.0020203217 -0.0029695419 0.036001098)
(0.0040535186 -0.0029188079 0.036000708)
(0.0058448342 -0.003160173 0.036002999)
(-0.0018911435 -0.0012044871 0.03600321)
(2.0532606e-06 -0.0010000673 0.036000045)
(0.0019250505 -0.0012123931 0.035997751)
(-0.0019148876 -0.018789976 0.037994748)
(-3.0440451e-06 -0.0189999 0.037999295)
(0.0019227654 -0.01878814 0.037998576)
(-0.0058514373 -0.016834407 0.037998787)
(-0.0040550828 -0.017082205 0.037999664)
(-0.0020345034 -0.017025251 0.037999726)
(-4.3035163e-06 -0.016994804 0.037999871)
(0.0020160883 -0.0170318 0.037999131)
(0.0040540168 -0.017081672 0.03800091)
(0.0058448899 -0.016839781 0.038000349)
(-0.0076718913 -0.014696734 0.037997991)
(-0.0061233274 -0.015124675 0.038003288)
(-0.0040809401 -0.015092375 0.038000755)
(-0.0020406446 -0.015053158 0.038000304)
(-2.9320124e-06 -0.015029803 0.038000012)
(0.0020329362 -0.015055501 0.037999815)
(0.0040765347 -0.015093835 0.03800027)
(0.0061214186 -0.015124179 0.038002458)
(0.0076252889 -0.014771677 0.037987125)
(-0.0083761012 -0.013281585 0.038006513)
(-0.0060761745 -0.013051713 0.038000939)
(-0.0040591704 -0.013052688 0.038000411)
(-0.0020318405 -0.013038831 0.038000214)
(-1.5039167e-06 -0.013030115 0.038000067)
(0.0020288485 -0.0130389 0.038000002)
(0.0040580189 -0.013051293 0.038000189)
(0.006077834 -0.013047363 0.038000422)
(0.0083830711 -0.013263066 0.037998176)
(-0.0079685179 -0.010997485 0.038000201)
(-0.0060168318 -0.011011767 0.03800022)
(-0.0040324098 -0.011016665 0.038000196)
(-0.0020226118 -0.011013954 0.03800016)
(-7.8263561e-07 -0.011012181 0.03800011)
(0.002021272 -0.011013241 0.038000101)
(0.0040317729 -0.011014988 0.038000168)
(0.0060169158 -0.0110096 0.038000189)
(0.0079685725 -0.01099772 0.038000044)
(-0.0079680506 -0.0089969248 0.038000211)
(-0.0060173084 -0.0089870554 0.038000289)
(-0.0040328419 -0.0089834104 0.038000205)
(-0.002022613 -0.0089857575 0.038000184)
(-5.4175222e-07 -0.008986917 0.038000171)
(0.0020216464 -0.0089848668 0.038000187)
(0.0040320889 -0.0089813401 0.038000271)
(0.0060161976 -0.0089838945 0.038000535)
(0.0079679001 -0.0089988269 0.038000391)
(-0.0083734986 -0.0067114999 0.038003596)
(-0.006078644 -0.0069507694 0.038000687)
(-0.0040607339 -0.0069490867 0.038000192)
(-0.0020314093 -0.0069611903 0.038000182)
(-4.8233479e-07 -0.0069695002 0.038000207)
(0.002030544 -0.0069607705 0.038000259)
(0.0040605918 -0.0069478601 0.038000305)
(0.0060775304 -0.0069471187 0.038000963)
(0.0083753428 -0.0067163999 0.038006306)
(-0.0076570904 -0.0052794636 0.037999294)
(-0.0061333359 -0.0048866264 0.037997943)
(-0.0040844364 -0.0049114486 0.0379995)
(-0.0020380838 -0.004946242 0.037999953)
(-4.3820252e-07 -0.0049701733 0.038000166)
(0.0020369119 -0.0049466607 0.038000397)
(0.0040867642 -0.0049142661 0.038000039)
(0.006139036 -0.0048913511 0.03800041)
(0.0076582503 -0.0052813288 0.03800138)
(-0.0058487489 -0.0031633857 0.037999162)
(-0.0040584388 -0.0029213274 0.037999954)
(-0.0020264649 -0.0029720187 0.037998536)
(-1.4565015e-07 -0.0030047441 0.03799997)
(0.0020209988 -0.0029702534 0.038000968)
(0.004064804 -0.0029254041 0.037999974)
(0.0058499926 -0.0031644064 0.038002035)
(-0.0019122866 -0.001209417 0.038000062)
(6.2132596e-07 -0.0010000204 0.03800026)
(0.001917326 -0.001210592 0.037998291)
(-0.001926084 -0.018787366 0.039999352)
(2.111257e-06 -0.01899993 0.039999263)
(0.0019246109 -0.018787709 0.040000976)
(-0.0058490145 -0.016836396 0.03999927)
(-0.0040535251 -0.017081287 0.040001891)
(-0.0020249122 -0.017029062 0.040001187)
(-1.5789708e-06 -0.016994923 0.040000131)
(0.0020237798 -0.017028676 0.039998599)
(0.0040609551 -0.01707737 0.039999467)
(0.005844936 -0.016839743 0.040001583)
(-0.0076477524 -0.014735553 0.040008779)
(-0.0061383487 -0.015110131 0.039999102)
(-0.0040834664 -0.015089023 0.040000984)
(-0.0020387199 -0.015053705 0.040000807)
(-1.5015867e-06 -0.015029677 0.040000196)
(0.0020363512 -0.01505355 0.039999755)
(0.0040848686 -0.015086685 0.040000448)
(0.0061396006 -0.015107392 0.039999427)
(0.0076646563 -0.014708369 0.03998275)
(-0.0083756326 -0.01328283 0.040000777)
(-0.0060783175 -0.013048206 0.040000151)
(-0.0040600233 -0.013051333 0.040000505)
(-0.0020314955 -0.013038813 0.040000453)
(-9.6243474e-07 -0.013030041 0.040000221)
(0.002030039 -0.01303826 0.040000094)
(0.004060084 -0.013050215 0.040000351)
(0.0060782866 -0.013050119 0.040000525)
(0.008365362 -0.013310118 0.040005495)
(-0.0079687752 -0.01099681 0.04000033)
(-0.0060171489 -0.011010625 0.040000419)
(-0.0040325132 -0.011016182 0.040000423)
(-0.0020225191 -0.011013899 0.040000357)
(-6.0804759e-07 -0.01101215 0.040000243)
(0.0020215469 -0.011013013 0.0400002)
(0.0040320478 -0.011014698 0.040000292)
(0.0060165217 -0.011010208 0.040000369)
(0.0079679247 -0.010998918 0.040000283)
(-0.0079676068 -0.0089967902 0.040000199)
(-0.0060164833 -0.0089851527 0.040000626)
(-0.0040324566 -0.0089824986 0.040000524)
(-0.0020224883 -0.0089855308 0.040000404)
(-5.0124853e-07 -0.0089868129 0.040000284)
(0.0020215677 -0.0089844727 0.040000244)
(0.0040316258 -0.0089801026 0.040000339)
(0.0060148239 -0.0089805837 0.040000648)
(0.0079658852 -0.0089931059 0.04000024)
(-0.0083715178 -0.0067062372 0.039998993)
(-0.006076691 -0.0069466461 0.040000945)
(-0.0040598089 -0.0069473926 0.040000707)
(-0.0020312463 -0.0069608375 0.040000526)
(-4.997651e-07 -0.0069693858 0.040000314)
(0.0020304 -0.0069602746 0.04000022)
(0.0040597024 -0.0069456781 0.04000024)
(0.006075038 -0.0069386189 0.040000922)
(0.0083425306 -0.0066292197 0.040004854)
(-0.0076565926 -0.0052786629 0.039991293)
(-0.0061241917 -0.0048781866 0.040001786)
(-0.0040824615 -0.0049094593 0.040000815)
(-0.0020379614 -0.0049460643 0.040000769)
(-6.2203511e-07 -0.0049701877 0.040000308)
(0.002036877 -0.0049463727 0.040000152)
(0.0040856561 -0.0049135492 0.039999453)
(0.0061524571 -0.0049083808 0.039995839)
(0.0076859041 -0.0053257997 0.040000638)
(-0.0058464298 -0.0031614825 0.039998338)
(-0.0040576752 -0.0029216275 0.040000965)
(-0.0020231271 -0.0029706237 0.040001318)
(-9.1073272e-07 -0.0030048647 0.040000184)
(0.0020213683 -0.0029700476 0.040000445)
(0.0040553009 -0.0029197854 0.040000138)
(0.005840714 -0.0031567916 0.040000861)
(-0.0019180257 -0.0012107552 0.039996369)
(5.9589946e-07 -0.0010000196 0.040000465)
(0.0019202152 -0.0012112657 0.040002284)
(-0.0019352107 -0.018785238 0.041997794)
(-4.5279729e-06 -0.018999851 0.042002302)
(0.0019364126 -0.018784957 0.041999364)
(-0.0058463385 -0.016838592 0.041999803)
(-0.0040559948 -0.01708009 0.042002037)
(-0.002029012 -0.017027661 0.042000809)
(-1.5964062e-06 -0.016995004 0.04200046)
(0.0020236702 -0.017029323 0.041998863)
(0.004049041 -0.017084896 0.041999986)
(0.0058374872 -0.016845856 0.041995259)
(-0.0076609493 -0.014714331 0.041994862)
(-0.0061367238 -0.015107284 0.04199754)
(-0.0040818193 -0.015090707 0.042000622)
(-0.0020377648 -0.015054554 0.04200082)
(-9.0534246e-07 -0.015029959 0.042000288)
(0.0020367585 -0.015053492 0.041999737)
(0.0040842227 -0.015086768 0.042000735)
(0.0061463448 -0.015097267 0.042003732)
(0.0076465306 -0.014737518 0.041998097)
(-0.0083741378 -0.013286802 0.04200609)
(-0.0060774436 -0.013051766 0.042000862)
(-0.0040591961 -0.0130527 0.04200059)
(-0.0020308433 -0.013039498 0.042000523)
(-4.5394681e-07 -0.013030312 0.042000292)
(0.0020304509 -0.013038133 0.04200014)
(0.0040606667 -0.013049285 0.042000435)
(0.0060805429 -0.013045747 0.042000577)
(0.008371551 -0.013293675 0.041997167)
(-0.007967739 -0.011000134 0.042000289)
(-0.0060162641 -0.011013492 0.042000629)
(-0.0040320316 -0.011017238 0.042000542)
(-0.0020221678 -0.011014422 0.042000446)
(-3.4991753e-07 -0.011012391 0.042000307)
(0.0020217336 -0.011012992 0.042000236)
(0.0040322455 -0.011014351 0.042000302)
(0.0060168752 -0.011009214 0.042000274)
(0.0079682707 -0.010997649 0.041999929)
(-0.0079678284 -0.0089986024 0.042000374)
(-0.0060163981 -0.0089863035 0.042000918)
(-0.0040322992 -0.0089830305 0.042000722)
(-0.0020223637 -0.0089858773 0.042000516)
(-4.2081773e-07 -0.0089870313 0.042000327)
(0.0020215791 -0.0089845841 0.04200023)
(0.0040315626 -0.0089802759 0.042000266)
(0.0060151381 -0.0089815417 0.042000412)
(0.0079671807 -0.0089957031 0.041999946)
(-0.0083677677 -0.0066962733 0.042007397)
(-0.0060773415 -0.0069476077 0.042001852)
(-0.0040599405 -0.0069478553 0.042001102)
(-0.0020313279 -0.0069611556 0.042000694)
(-5.3418114e-07 -0.0069696237 0.042000336)
(0.0020303551 -0.0069604453 0.042000136)
(0.0040592558 -0.0069461874 0.042000182)
(0.0060764279 -0.0069443664 0.04200093)
(0.0083751645 -0.0067159263 0.042005467)
(-0.0076556671 -0.0052771746 0.042004212)
(-0.0061362335 -0.004890045 0.041999742)
(-0.0040830402 -0.0049105827 0.042001315)
(-0.0020384842 -0.0049465662 0.042001051)
(-7.4471236e-07 -0.0049704663 0.042000303)
(0.0020369041 -0.0049463476 0.041999873)
(0.0040824934 -0.004910872 0.041999557)
(0.0061379823 -0.0048916649 0.041998483)
(0.0076448519 -0.0052597824 0.041997915)
(-0.0058473792 -0.0031622616 0.041997907)
(-0.0040530162 -0.0029174759 0.042001539)
(-0.0020284865 -0.0029723653 0.042002074)
(-1.2591932e-06 -0.0030051741 0.04200016)
(0.0020198878 -0.0029696553 0.041999574)
(0.0040487226 -0.0029154896 0.042000192)
(0.0058518791 -0.0031659546 0.041999545)
(-0.0019389594 -0.0012156362 0.042000695)
(2.0250687e-06 -0.0010000663 0.04199889)
(0.0019187724 -0.0012109293 0.042000653)
(-0.0019100787 -0.018791098 0.044001338)
(-1.3180849e-06 -0.018999956 0.043999029)
(0.0019028698 -0.018792779 0.044004421)
(-0.0058541428 -0.016832187 0.043999545)
(-0.0040547647 -0.017082234 0.044000733)
(-0.0020279401 -0.017028085 0.04399999)
(-1.8171493e-06 -0.016995461 0.043999985)
(0.0020162138 -0.017031887 0.043999377)
(0.0040537761 -0.01708024 0.043999918)
(0.0058408609 -0.016843087 0.044000319)
(-0.0076481643 -0.014734891 0.043999898)
(-0.0061173302 -0.015128603 0.043998448)
(-0.0040767275 -0.015096091 0.044000348)
(-0.0020368721 -0.015055773 0.044000582)
(-7.2244279e-07 -0.015030555 0.044000179)
(0.0020350534 -0.015054515 0.043999746)
(0.0040817033 -0.01508962 0.043999852)
(0.0061228434 -0.015125023 0.044000438)
(0.0076560993 -0.01472213 0.043992878)
(-0.0083825234 -0.013264522 0.043998219)
(-0.0060757147 -0.013051897 0.044000073)
(-0.0040573499 -0.013054363 0.044000386)
(-0.0020299586 -0.013040403 0.044000457)
(-8.3331061e-08 -0.013030808 0.044000288)
(0.0020301696 -0.013038638 0.04400016)
(0.0040596954 -0.013050449 0.044000332)
(0.0060779402 -0.013048655 0.044000579)
(0.00837725 -0.013278533 0.043999531)
(-0.0079679485 -0.011000824 0.043999666)
(-0.0060161141 -0.011013999 0.044000318)
(-0.0040314799 -0.011018129 0.044000428)
(-0.0020217344 -0.01101506 0.044000412)
(-1.0020681e-07 -0.011012789 0.044000312)
(0.0020217527 -0.011013313 0.044000251)
(0.0040320563 -0.011014787 0.044000294)
(0.0060166234 -0.011009625 0.044000312)
(0.0079684755 -0.010996704 0.04400003)
(-0.007967567 -0.0089981422 0.044000114)
(-0.006016558 -0.0089870557 0.044000692)
(-0.0040323241 -0.0089838768 0.044000603)
(-0.0020222775 -0.0089864507 0.044000442)
(-3.1972925e-07 -0.0089874074 0.044000291)
(0.0020216622 -0.0089849639 0.044000189)
(0.0040316337 -0.0089809026 0.044000107)
(0.0060153177 -0.0089824815 0.043999876)
(0.0079669155 -0.0089949259 0.043999171)
(-0.0083722973 -0.0067083084 0.044006292)
(-0.0060778863 -0.0069490509 0.044001722)
(-0.0040603009 -0.0069488323 0.044000933)
(-0.0020313776 -0.0069617164 0.044000499)
(-3.8812874e-07 -0.0069700125 0.04400024)
(0.0020307389 -0.0069609503 0.044000061)
(0.0040596513 -0.0069470372 0.043999876)
(0.0060767788 -0.0069445834 0.04399929)
(0.0083645338 -0.006687681 0.043990687)
(-0.0076716117 -0.0053028157 0.043998576)
(-0.0061313466 -0.0048856766 0.043999715)
(-0.0040834152 -0.004910921 0.044001002)
(-0.0020381453 -0.0049468687 0.044000475)
(-1.8080325e-07 -0.0049708561 0.044000142)
(0.0020387148 -0.0049473275 0.04399987)
(0.0040842922 -0.0049128513 0.043999677)
(0.006148113 -0.0049025128 0.044002529)
(0.007652491 -0.0052720671 0.043990891)
(-0.0058487715 -0.0031634043 0.043999979)
(-0.0040606296 -0.0029229271 0.043999309)
(-0.0020245838 -0.0029713535 0.044000114)
(1.1743232e-07 -0.0030054455 0.044000007)
(0.0020310924 -0.0029740042 0.043999376)
(0.0040466047 -0.0029122303 0.043996414)
(0.0058540745 -0.0031677564 0.04399997)
(-0.0018989678 -0.0012063115 0.043998802)
(-1.1149905e-06 -0.0010000365 0.043999852)
(0.0019035983 -0.0012073912 0.044000032)
(-0.0019249702 -0.018787625 0.046000089)
(1.0189677e-06 -0.018999966 0.045998289)
(0.0019267531 -0.01878721 0.045999425)
(-0.0058402625 -0.016843578 0.045997754)
(-0.0040553291 -0.017081169 0.046000266)
(-0.002024605 -0.017029412 0.046001113)
(4.1400994e-07 -0.016995207 0.046000035)
(0.0020260921 -0.017028609 0.045999554)
(0.0040580295 -0.017079387 0.045999928)
(0.0058337827 -0.016848896 0.046004944)
(-0.007696184 -0.014657669 0.046000826)
(-0.00610839 -0.015138515 0.045999976)
(-0.0040747806 -0.015097665 0.046000646)
(-0.002035131 -0.015056498 0.04600078)
(7.548076e-07 -0.015030658 0.046000289)
(0.0020373564 -0.015053995 0.046000054)
(0.0040828078 -0.015089205 0.046000756)
(0.0061353771 -0.015111538 0.046004529)
(0.0076434068 -0.014742541 0.045992274)
(-0.0083980834 -0.01322318 0.046005519)
(-0.0060753393 -0.013050737 0.046000772)
(-0.0040563646 -0.01305494 0.046000554)
(-0.0020289507 -0.013040927 0.046000525)
(6.9680706e-07 -0.013031028 0.04600036)
(0.0020308833 -0.013038635 0.046000316)
(0.0040600127 -0.013050262 0.046000702)
(0.0060787878 -0.013046926 0.046001578)
(0.0083816468 -0.013266851 0.046008654)
(-0.0079685652 -0.011001357 0.045999965)
(-0.0060162951 -0.011014393 0.046000241)
(-0.0040311989 -0.01101872 0.046000358)
(-0.0020213298 -0.011015492 0.046000378)
(2.3913589e-07 -0.011013026 0.046000333)
(0.0020219517 -0.011013507 0.046000324)
(0.004032115 -0.011015109 0.046000432)
(0.0060166717 -0.011010097 0.046000543)
(0.0079685147 -0.010997446 0.046000353)
(-0.0079691725 -0.0090033413 0.046000023)
(-0.0060175357 -0.0089898979 0.046000267)
(-0.0040326065 -0.0089851449 0.046000311)
(-0.0020222936 -0.008986997 0.046000287)
(-2.9537532e-07 -0.008987644 0.04600025)
(0.0020216357 -0.0089851954 0.046000236)
(0.0040317418 -0.0089816456 0.046000257)
(0.0060159953 -0.0089847215 0.046000265)
(0.0079683173 -0.0089985704 0.046000265)
(-0.0083989033 -0.0067789989 0.045999807)
(-0.0060810216 -0.0069574655 0.046000648)
(-0.0040612122 -0.0069512003 0.046000319)
(-0.0020318534 -0.0069624221 0.04600018)
(-5.9797658e-07 -0.0069701813 0.046000139)
(0.0020303228 -0.0069609908 0.046000135)
(0.0040596214 -0.0069479653 0.046000229)
(0.0060781417 -0.006950113 0.046000532)
(0.0083889865 -0.0067526504 0.04600319)
(-0.0076361199 -0.0052457402 0.045998631)
(-0.0061354592 -0.0048880869 0.045999673)
(-0.0040843998 -0.0049122278 0.046000085)
(-0.0020398629 -0.0049476695 0.045999994)
(-7.0245804e-07 -0.004970889 0.046000023)
(0.0020370924 -0.00494667 0.046000074)
(0.0040833681 -0.0049117122 0.046000248)
(0.0061334968 -0.0048860096 0.046000663)
(0.0076545561 -0.0052753881 0.046000075)
(-0.005844089 -0.0031595615 0.046000069)
(-0.0040519745 -0.002916567 0.04599976)
(-0.0020326867 -0.0029740593 0.046000365)
(-1.9133341e-07 -0.0030055378 0.046000004)
(0.0020248904 -0.0029713782 0.046000549)
(0.0040579659 -0.0029200462 0.046000903)
(0.0058461053 -0.0031612161 0.04599805)
(-0.0019456325 -0.0012171922 0.046002092)
(3.5105524e-06 -0.001000115 0.046000477)
(0.0019204503 -0.0012113205 0.046001197)
(-0.0019320571 -0.018785973 0.04799882)
(1.6930967e-06 -0.018999944 0.047999997)
(0.0019115562 -0.018790753 0.047998116)
(-0.0058413078 -0.01684272 0.048003164)
(-0.0040530026 -0.017082325 0.047999259)
(-0.0020182505 -0.017031828 0.048002371)
(2.0678349e-06 -0.016995194 0.048000409)
(0.0020316143 -0.017026244 0.048000027)
(0.0040592907 -0.017078963 0.047998252)
(0.0058407761 -0.016843157 0.048002674)
(-0.0076488081 -0.014733855 0.047994998)
(-0.0061229237 -0.01512538 0.048002693)
(-0.004075454 -0.015095762 0.048000667)
(-0.0020323734 -0.015057029 0.048000899)
(2.037313e-06 -0.01503065 0.048000427)
(0.002039262 -0.015053397 0.048000207)
(0.0040831908 -0.015089419 0.047999824)
(0.0061355452 -0.015108967 0.047998869)
(0.007647196 -0.014736448 0.048001936)
(-0.0083684785 -0.013301838 0.048002515)
(-0.0060740953 -0.013056292 0.048000762)
(-0.0040560573 -0.013055619 0.048000526)
(-0.0020280542 -0.013041147 0.048000536)
(1.2816174e-06 -0.013031066 0.048000414)
(0.0020313796 -0.013038646 0.048000346)
(0.0040600036 -0.013050895 0.048000411)
(0.006078301 -0.013049356 0.048001006)
(0.0083732273 -0.013289221 0.048004685)
(-0.0079673649 -0.011003538 0.047999807)
(-0.0060158055 -0.011015444 0.048000068)
(-0.0040309532 -0.011018863 0.048000247)
(-0.0020209801 -0.011015541 0.048000342)
(4.8732391e-07 -0.011013027 0.048000362)
(0.0020220427 -0.01101353 0.048000359)
(0.0040320222 -0.011015413 0.048000391)
(0.0060163551 -0.011011171 0.04800049)
(0.0079679815 -0.010998017 0.048000332)
(-0.0079678003 -0.0089990995 0.047999641)
(-0.0060169892 -0.0089888467 0.047999917)
(-0.0040323103 -0.0089849456 0.048000046)
(-0.0020220393 -0.0089868963 0.048000169)
(-2.1416025e-07 -0.0089875067 0.04800024)
(0.0020214704 -0.0089849707 0.048000272)
(0.0040314307 -0.0089812553 0.04800029)
(0.0060155104 -0.0089836202 0.048000275)
(0.0079669896 -0.00899615 0.048000277)
(-0.0083704684 -0.0067034491 0.047998752)
(-0.0060791755 -0.0069521117 0.047999734)
(-0.0040606433 -0.006950293 0.04799969)
(-0.0020314231 -0.0069620805 0.047999895)
(-6.3949479e-07 -0.0069698159 0.04800005)
(0.0020296894 -0.0069602831 0.048000103)
(0.0040587115 -0.0069464914 0.048000204)
(0.0060764445 -0.0069446499 0.048000095)
(0.0083605175 -0.0066770099 0.048001247)
(-0.0076708939 -0.0053016614 0.048006428)
(-0.0061462417 -0.0049001534 0.047995964)
(-0.0040842376 -0.0049127189 0.047998503)
(-0.0020388648 -0.0049471477 0.047999383)
(-7.6998112e-07 -0.0049703457 0.047999809)
(0.0020355815 -0.004945481 0.047999802)
(0.0040826217 -0.0049111344 0.048000287)
(0.0061411769 -0.0048958129 0.04800023)
(0.0076733389 -0.0053055933 0.047992603)
(-0.0058387835 -0.0031552073 0.04800048)
(-0.004051982 -0.0029168827 0.048000125)
(-0.0020300337 -0.0029731409 0.047998832)
(-1.6512007e-07 -0.0030051671 0.047999693)
(0.0020203353 -0.0029693435 0.047998644)
(0.0040545782 -0.0029191871 0.048000564)
(0.0058413453 -0.0031573097 0.048002888)
(-0.001934288 -0.001214547 0.047997976)
(2.4393639e-06 -0.0010000799 0.047998767)
(0.001911295 -0.0012091858 0.048001707)
(-0.0019205826 -0.018788649 0.04999441)
(-2.0393328e-06 -0.018999933 0.049999048)
(0.0019064673 -0.01879194 0.050001206)
(-0.005845367 -0.016839389 0.05000085)
(-0.0040525284 -0.017081858 0.050000196)
(-0.002017613 -0.017031875 0.049999757)
(2.3423363e-07 -0.016995657 0.050000104)
(0.0020224161 -0.017029748 0.05000128)
(0.0040498619 -0.017083841 0.050000564)
(0.0058576412 -0.016829316 0.049998178)
(-0.0076429827 -0.014743223 0.049996377)
(-0.0061239518 -0.015124005 0.050000432)
(-0.0040761503 -0.015094832 0.050000182)
(-0.0020324312 -0.015056784 0.050000313)
(1.0953403e-06 -0.015030889 0.050000335)
(0.0020360006 -0.015054596 0.05000047)
(0.0040808062 -0.015090445 0.049999594)
(0.0061386212 -0.015107851 0.049998412)
(0.0076531771 -0.014726829 0.049995578)
(-0.00837773 -0.013277257 0.050011402)
(-0.0060765752 -0.013050024 0.050000331)
(-0.0040567942 -0.013053945 0.050000265)
(-0.0020281959 -0.013040719 0.050000391)
(9.0013714e-07 -0.013031027 0.050000438)
(0.0020306849 -0.013038922 0.050000404)
(0.0040591924 -0.013051149 0.050000158)
(0.006077628 -0.013049837 0.05000018)
(0.0083745539 -0.013285696 0.050001955)
(-0.0079685217 -0.01099989 0.049999885)
(-0.0060167114 -0.011012598 0.049999856)
(-0.0040312179 -0.01101779 0.050000151)
(-0.002020987 -0.011015126 0.050000364)
(4.2594835e-07 -0.011012871 0.050000467)
(0.0020219018 -0.0110135 0.050000449)
(0.0040319222 -0.011015396 0.050000325)
(0.0060165832 -0.01101166 0.050000208)
(0.0079678152 -0.011001182 0.050000282)
(-0.0079686136 -0.009000522 0.049999416)
(-0.0060168503 -0.0089881049 0.049999688)
(-0.0040319723 -0.0089842013 0.050000048)
(-0.0020217307 -0.0089864734 0.05000026)
(-1.4556178e-07 -0.0089872308 0.050000385)
(0.00202129 -0.0089847101 0.050000411)
(0.0040311436 -0.0089811703 0.050000362)
(0.0060159076 -0.008985014 0.050000356)
(0.0079677265 -0.0089977883 0.050000703)
(-0.0083927156 -0.0067625586 0.049995592)
(-0.0060783811 -0.0069529558 0.049999525)
(-0.0040594453 -0.0069492699 0.050000004)
(-0.0020303445 -0.0069613799 0.050000076)
(-4.0664832e-07 -0.0069692944 0.050000201)
(0.0020290767 -0.0069594853 0.050000243)
(0.0040567533 -0.0069449968 0.05000022)
(0.0060746558 -0.0069456249 0.050000304)
(0.0083725779 -0.0067090537 0.050000673)
(-0.0076559633 -0.005277651 0.049993829)
(-0.0061274615 -0.0048804496 0.050000839)
(-0.0040806202 -0.0049094697 0.050000542)
(-0.0020353394 -0.0049455694 0.049999846)
(-3.5882874e-08 -0.004969516 0.049999999)
(0.00203458 -0.0049438797 0.050000054)
(0.0040751417 -0.0049034157 0.049999821)
(0.0061072377 -0.0048603561 0.050000274)
(0.0076673854 -0.0052960192 0.049998983)
(-0.0058332334 -0.0031506525 0.050000487)
(-0.0040546381 -0.0029202512 0.050001243)
(-0.0020180891 -0.0029690825 0.049999485)
(1.2984797e-06 -0.0030044756 0.049999991)
(0.0020213575 -0.0029693119 0.05000052)
(0.0040562097 -0.0029198155 0.049999762)
(0.0058419379 -0.003157796 0.049997134)
(-0.0019147918 -0.0012100011 0.049998845)
(2.4822906e-06 -0.0010000813 0.049999974)
(0.0019189363 -0.0012109675 0.049997752)
(-0.0019292706 -0.018786623 0.051996584)
(-2.5663194e-07 -0.018999991 0.05199974)
(0.001927023 -0.018787147 0.052000866)
(-0.0058521724 -0.016833804 0.052001875)
(-0.0040528621 -0.017082252 0.051999118)
(-0.0020213965 -0.017030734 0.051999666)
(-5.5806893e-07 -0.016995678 0.052000041)
(0.002020247 -0.017030564 0.052000814)
(0.0040514575 -0.017083092 0.052000311)
(0.005860481 -0.016826985 0.051999443)
(-0.0076745887 -0.014692397 0.051995613)
(-0.0061209011 -0.015125162 0.052001737)
(-0.0040769076 -0.015094311 0.051999689)
(-0.0020340455 -0.015056151 0.052000109)
(7.9221408e-08 -0.015030975 0.052000357)
(0.0020340805 -0.015055454 0.05200047)
(0.0040778407 -0.015092827 0.052000203)
(0.0061303393 -0.01511594 0.051998979)
(0.0076779372 -0.014687012 0.051988423)
(-0.0083701199 -0.013297477 0.051997224)
(-0.0060769127 -0.013049649 0.051999574)
(-0.0040572473 -0.01305342 0.052000027)
(-0.0020287506 -0.013040409 0.052000448)
(4.2694035e-07 -0.013030939 0.052000641)
(0.0020298874 -0.013038694 0.052000595)
(0.0040590945 -0.013049498 0.052000212)
(0.006079747 -0.013042408 0.051999489)
(0.0083883858 -0.013248946 0.051998822)
(-0.0079682053 -0.01100184 0.051999268)
(-0.0060168587 -0.011012057 0.051999612)
(-0.0040313859 -0.011017322 0.052000206)
(-0.0020211491 -0.011014903 0.052000611)
(2.6269111e-07 -0.011012711 0.052000805)
(0.0020217769 -0.011013093 0.052000754)
(0.0040322796 -0.01101417 0.052000449)
(0.0060179656 -0.011008251 0.051999976)
(0.0079692626 -0.010997671 0.052000113)
(-0.0079679338 -0.0090021934 0.051999657)
(-0.0060161058 -0.0089863369 0.051999919)
(-0.0040318093 -0.0089835386 0.052000274)
(-0.0020217059 -0.0089862641 0.052000586)
(-1.7433333e-07 -0.0089871529 0.052000776)
(0.0020213175 -0.0089846349 0.05200077)
(0.0040315125 -0.0089812416 0.052000585)
(0.0060167797 -0.0089857588 0.052000351)
(0.0079688301 -0.0090009993 0.052000254)
(-0.0083686114 -0.0066985151 0.052001222)
(-0.0060760104 -0.0069449832 0.052000243)
(-0.0040591615 -0.0069479277 0.052000176)
(-0.0020302934 -0.0069612323 0.052000338)
(-4.6581943e-07 -0.0069692824 0.052000527)
(0.0020290364 -0.0069596089 0.052000542)
(0.0040575061 -0.00694628 0.052000473)
(0.0060775389 -0.0069516833 0.052000336)
(0.008393534 -0.0067647331 0.05200215)
(-0.0076492467 -0.0052668499 0.051996835)
(-0.0061391924 -0.00489248 0.052000637)
(-0.0040814479 -0.004910869 0.052000035)
(-0.002035602 -0.0049459923 0.051999941)
(-2.7897558e-07 -0.0049695507 0.052000136)
(0.0020342599 -0.004943929 0.052000067)
(0.0040766546 -0.004905274 0.052000375)
(0.0061182584 -0.0048724273 0.052001498)
(0.0076693219 -0.0052991333 0.052012504)
(-0.0058283409 -0.0031466373 0.051998176)
(-0.0040478286 -0.0029148025 0.051998102)
(-0.0020184487 -0.0029690161 0.051999325)
(6.0789539e-07 -0.0030044163 0.051999803)
(0.002021861 -0.0029696973 0.051999043)
(0.0040550563 -0.0029189984 0.052000335)
(0.0058524605 -0.0031664318 0.05199717)
(-0.0019257735 -0.0012125617 0.051999257)
(5.3175492e-07 -0.0010000175 0.052000342)
(0.0019158144 -0.0012102396 0.051998673)
(-0.0019270212 -0.018787147 0.053999234)
(-2.7985485e-06 -0.018999908 0.053997413)
(0.0018918701 -0.018795343 0.054002576)
(-0.0058547333 -0.016831702 0.054000463)
(-0.0040602306 -0.017077161 0.053997971)
(-0.0020246437 -0.017029174 0.054000508)
(-8.4020012e-07 -0.016995639 0.053999942)
(0.0020168598 -0.017031514 0.053999073)
(0.0040508091 -0.017082985 0.053999829)
(0.0058414518 -0.016842602 0.054000512)
(-0.007642689 -0.014743696 0.054000775)
(-0.0061216441 -0.015126318 0.053999243)
(-0.0040780427 -0.015093866 0.053999381)
(-0.0020345854 -0.015056094 0.054000513)
(-4.3352776e-08 -0.015030936 0.054000715)
(0.0020345875 -0.015055074 0.054000491)
(0.0040805102 -0.015090034 0.054000797)
(0.0061335432 -0.015112478 0.054003892)
(0.0076457872 -0.014738713 0.053998497)
(-0.0083723048 -0.013291672 0.053997443)
(-0.0060765984 -0.013050272 0.053999624)
(-0.0040573464 -0.013053756 0.054000296)
(-0.0020289561 -0.013040466 0.054001036)
(3.3326059e-07 -0.013030885 0.054001299)
(0.0020299832 -0.01303828 0.05400116)
(0.004060154 -0.013047382 0.054000691)
(0.006083095 -0.013034902 0.053999679)
(0.0084075145 -0.013198122 0.053992277)
(-0.0079680777 -0.011002292 0.053999529)
(-0.0060166993 -0.011012868 0.054000001)
(-0.0040314195 -0.01101777 0.054000779)
(-0.002021234 -0.011015044 0.05400136)
(2.0236538e-07 -0.011012698 0.054001617)
(0.0020218132 -0.011012845 0.05400152)
(0.004032708 -0.011013123 0.054001035)
(0.0060189999 -0.011005256 0.054000188)
(0.0079703815 -0.010994813 0.053999684)
(-0.0079680255 -0.0090012664 0.054000097)
(-0.0060166205 -0.0089872249 0.054000458)
(-0.0040322853 -0.0089841485 0.05400086)
(-0.0020219606 -0.0089866348 0.054001352)
(-2.8531162e-07 -0.0089873793 0.054001635)
(0.0020213524 -0.0089846595 0.054001598)
(0.0040317106 -0.0089804896 0.054001189)
(0.0060161047 -0.0089821811 0.054000497)
(0.0079666565 -0.008993953 0.054000465)
(-0.0083719589 -0.0067074092 0.054005923)
(-0.0060792489 -0.0069497839 0.054000486)
(-0.0040609388 -0.0069499769 0.054000209)
(-0.0020311163 -0.0069621286 0.054000873)
(-7.5804354e-07 -0.0069697501 0.054001305)
(0.0020291454 -0.0069599763 0.054001322)
(0.0040582895 -0.0069456597 0.054000868)
(0.0060751631 -0.0069411509 0.054000184)
(0.0083485582 -0.0066452349 0.05400086)
(-0.0076484091 -0.0052655028 0.053994537)
(-0.0061517365 -0.0049066631 0.053994083)
(-0.0040860131 -0.0049157524 0.053997952)
(-0.0020376625 -0.0049477257 0.053999885)
(-8.8665803e-07 -0.0049701952 0.054000683)
(0.0020342159 -0.0049448968 0.054000761)
(0.00408098 -0.0049099021 0.053999987)
(0.0061379709 -0.0048929832 0.05399905)
(0.0076412913 -0.0052540565 0.054007567)
(-0.0058320376 -0.0031496711 0.053997825)
(-0.0040500154 -0.0029160563 0.053998849)
(-0.0020227016 -0.0029710984 0.053999938)
(4.7443931e-08 -0.0030046951 0.054000148)
(0.0020217868 -0.0029700303 0.054000637)
(0.0040527684 -0.0029180874 0.053998857)
(0.0058517949 -0.0031658855 0.054001805)
(-0.0019095435 -0.0012087774 0.05400548)
(3.0260128e-06 -0.0010000991 0.054000749)
(0.0019287329 -0.0012132517 0.053996959)
(-0.0019172972 -0.018789415 0.055997864)
(2.2431069e-06 -0.018999926 0.056002124)
(0.0019193636 -0.018788933 0.056000006)
(-0.0058546703 -0.016831754 0.056002379)
(-0.0040582384 -0.017079385 0.055998988)
(-0.0020248891 -0.017029202 0.056001254)
(5.2013454e-07 -0.016995569 0.056000992)
(0.0020220166 -0.017029999 0.056000544)
(0.004058054 -0.017078639 0.056002143)
(0.005846008 -0.016838863 0.056001437)
(-0.0076905623 -0.014666709 0.056002259)
(-0.0061216251 -0.015123512 0.055998809)
(-0.0040751415 -0.015096817 0.055999985)
(-0.0020345374 -0.015056511 0.056001737)
(4.0959753e-07 -0.015031174 0.056002092)
(0.0020350713 -0.015055449 0.056001614)
(0.0040779158 -0.015093788 0.05600032)
(0.0061100896 -0.015137747 0.055996976)
(0.0076867906 -0.014672774 0.056002804)
(-0.0083709387 -0.013295301 0.055996817)
(-0.0060745177 -0.013055045 0.056000312)
(-0.0040562649 -0.013055485 0.056001544)
(-0.0020286712 -0.013040798 0.056002517)
(3.8875203e-07 -0.013031016 0.056002815)
(0.0020296668 -0.013038995 0.056002598)
(0.0040584645 -0.013050745 0.056001664)
(0.0060779069 -0.013045178 0.055999867)
(0.008387311 -0.013251801 0.055994092)
(-0.0079675388 -0.011003511 0.05600017)
(-0.0060159368 -0.011015129 0.056001112)
(-0.0040311225 -0.011018676 0.056002283)
(-0.0020210478 -0.01101521 0.056002911)
(1.3263666e-07 -0.011012687 0.056003151)
(0.002021484 -0.011013316 0.056003073)
(0.004032184 -0.011014713 0.056002495)
(0.0060178111 -0.011008662 0.056001166)
(0.0079691666 -0.010998634 0.055999973)
(-0.0079679121 -0.00900141 0.05599972)
(-0.0060168894 -0.0089884359 0.056001102)
(-0.0040324615 -0.0089846464 0.056002323)
(-0.0020219411 -0.0089869798 0.056002948)
(-3.5601965e-07 -0.0089878513 0.056003233)
(0.0020212355 -0.0089853285 0.05600324)
(0.0040320333 -0.008981856 0.056002797)
(0.006016888 -0.0089850245 0.056001559)
(0.0079687596 -0.0090009798 0.056000357)
(-0.0083642033 -0.0066868031 0.055995756)
(-0.0060790227 -0.0069501148 0.056000024)
(-0.0040612533 -0.0069504067 0.056001568)
(-0.0020313738 -0.0069625612 0.056002505)
(-8.8991457e-07 -0.0069702206 0.056002994)
(0.00202923 -0.0069609176 0.056003058)
(0.0040598071 -0.0069488547 0.056002611)
(0.0060804552 -0.0069537679 0.05600132)
(0.0083999389 -0.0067817504 0.056002292)
(-0.007645922 -0.0052615033 0.056003747)
(-0.0061453677 -0.0048995657 0.055998113)
(-0.0040868883 -0.0049157916 0.055999971)
(-0.0020383418 -0.004948143 0.056001244)
(-1.2269709e-06 -0.0049704219 0.056002205)
(0.0020339925 -0.0049455547 0.056002259)
(0.0040833941 -0.0049128719 0.056002229)
(0.006149913 -0.0049068419 0.056005009)
(0.0076681641 -0.0052972714 0.055999199)
(-0.0058388259 -0.0031552422 0.055998296)
(-0.0040577092 -0.0029209787 0.055999404)
(-0.0020235113 -0.0029714698 0.055998731)
(-5.0393963e-07 -0.0030046513 0.056000837)
(0.0020178494 -0.0029686919 0.056000833)
(0.0040550725 -0.0029204483 0.056000044)
(0.0058532403 -0.0031670717 0.055998022)
(-0.0019205371 -0.0012113408 0.055997168)
(2.4826968e-06 -0.0010000813 0.056001756)
(0.0019372151 -0.0012152295 0.056001531)
(-0.0019131901 -0.018790372 0.057999373)
(1.4603457e-06 -0.018999952 0.057999382)
(0.0019362772 -0.018784989 0.057998633)
(-0.0058473102 -0.016837794 0.058003748)
(-0.0040527443 -0.017082588 0.058003228)
(-0.0020183179 -0.017031845 0.058001818)
(2.4814482e-06 -0.016996295 0.058003)
(0.0020247705 -0.017029703 0.058002313)
(0.0040619632 -0.017076701 0.058000949)
(0.005847473 -0.016837661 0.05800185)
(-0.0076376114 -0.014751861 0.057993789)
(-0.0061106171 -0.01513551 0.057998236)
(-0.0040736767 -0.015097947 0.058003192)
(-0.0020330479 -0.015057209 0.058004769)
(9.8545496e-07 -0.015031752 0.058005245)
(0.0020351791 -0.01505589 0.058005127)
(0.0040788251 -0.015093934 0.058003584)
(0.0061200858 -0.015129627 0.058001571)
(0.0076498329 -0.014732207 0.05799939)
(-0.008373058 -0.013289671 0.058005299)
(-0.0060742075 -0.013055667 0.058003248)
(-0.0040563037 -0.013055167 0.058004903)
(-0.0020282009 -0.013040073 0.058005355)
(3.571188e-07 -0.013030397 0.05800546)
(0.0020290505 -0.013039046 0.058005609)
(0.0040577055 -0.013053364 0.058005164)
(0.0060742224 -0.013056066 0.058002968)
(0.0083656834 -0.013309265 0.057998076)
(-0.0079679678 -0.011001764 0.058001865)
(-0.0060167538 -0.011014821 0.058004612)
(-0.0040314674 -0.011018082 0.058005481)
(-0.0020204218 -0.011014282 0.058005372)
(3.7702047e-09 -0.011011305 0.058005333)
(0.0020205273 -0.01101318 0.058005576)
(0.0040318348 -0.011016058 0.058005746)
(0.0060169198 -0.011012614 0.058004673)
(0.0079677116 -0.011000558 0.058001665)
(-0.0079691721 -0.0090034622 0.058001173)
(-0.006017782 -0.0089887985 0.058004525)
(-0.0040325625 -0.0089844151 0.05800564)
(-0.0020211604 -0.0089871114 0.058005528)
(-3.7983515e-07 -0.0089888999 0.058005476)
(0.0020203517 -0.0089858614 0.058005757)
(0.0040317821 -0.0089818967 0.058006043)
(0.006016667 -0.0089843551 0.058005208)
(0.0079672837 -0.0089946245 0.058001574)
(-0.008389107 -0.0067529708 0.05799816)
(-0.0060784259 -0.0069514466 0.058003587)
(-0.0040603801 -0.0069495421 0.058005517)
(-0.0020307495 -0.0069624258 0.05800583)
(-8.5962967e-07 -0.0069704791 0.058005889)
(0.002028649 -0.0069609901 0.058006156)
(0.0040584351 -0.0069468156 0.058006026)
(0.0060763729 -0.0069455052 0.058004843)
(0.0083704406 -0.0067033752 0.058012773)
(-0.0076900621 -0.0053324864 0.057997328)
(-0.0061325303 -0.004885409 0.058003558)
(-0.0040837745 -0.0049112006 0.058004457)
(-0.0020381448 -0.0049468584 0.058005503)
(-1.1179202e-06 -0.0049696459 0.058005897)
(0.0020341216 -0.004944989 0.058006078)
(0.0040800067 -0.0049087975 0.058004675)
(0.0061239056 -0.0048764703 0.058002255)
(0.0076729922 -0.0053050356 0.057993794)
(-0.0058389548 -0.003155348 0.057999549)
(-0.0040602064 -0.0029225298 0.057998876)
(-0.0020256359 -0.0029714651 0.058003137)
(-6.7286948e-08 -0.0030043581 0.058003692)
(0.0020216965 -0.002969699 0.05800473)
(0.004056452 -0.0029202896 0.058001749)
(0.0058393257 -0.0031556523 0.057999973)
(-0.0019395419 -0.001215772 0.058001676)
(1.9992922e-06 -0.0010000655 0.058000436)
(0.0019327771 -0.0012141947 0.058000543)
(-0.0019229829 -0.018788089 0.06000176)
(7.348363e-06 -0.018999759 0.060005771)
(0.001928675 -0.018786762 0.060006115)
(-0.0058468594 -0.016838164 0.060008102)
(-0.0040573191 -0.01707903 0.060009748)
(-0.0020178233 -0.017033826 0.06001216)
(1.6313057e-06 -0.016999459 0.060013026)
(0.0020170187 -0.017034366 0.060013962)
(0.0040605577 -0.017077208 0.06001145)
(0.005848728 -0.016836631 0.060005594)
(-0.0076481237 -0.014734956 0.06001786)
(-0.006144089 -0.015101753 0.060009957)
(-0.0040833653 -0.015089457 0.060013291)
(-0.0020347862 -0.015056693 0.060012882)
(-8.0813402e-08 -0.01503329 0.060011909)
(0.0020331379 -0.015057231 0.06001399)
(0.0040798021 -0.015092901 0.06001489)
(0.0061319351 -0.015113966 0.060011267)
(0.0076802415 -0.014683306 0.060007997)
(-0.0083785203 -0.013275158 0.06000491)
(-0.0060817108 -0.013046965 0.060013112)
(-0.0040598342 -0.013050126 0.060011712)
(-0.0020278041 -0.01303593 0.060009276)
(-2.6312463e-07 -0.013027425 0.060008389)
(0.0020270699 -0.013035954 0.060009836)
(0.0040589901 -0.013050692 0.060012653)
(0.006080874 -0.013047774 0.060014074)
(0.008384963 -0.01325804 0.060006906)
(-0.007969707 -0.011000088 0.060010249)
(-0.0060218586 -0.011011863 0.060014068)
(-0.0040331045 -0.011015256 0.060010337)
(-0.002018991 -0.011011491 0.060007381)
(-1.7586812e-07 -0.011009332 0.060006499)
(0.0020187053 -0.011011171 0.060007652)
(0.004033098 -0.011014762 0.060010824)
(0.0060219162 -0.0110112 0.060014678)
(0.0079698569 -0.010998118 0.060011266)
(-0.0079700148 -0.009003505 0.060010716)
(-0.0060213902 -0.0089863287 0.060014451)
(-0.0040330162 -0.0089834704 0.060010704)
(-0.0020190989 -0.0089877987 0.060007617)
(-2.8370063e-07 -0.008989823 0.060006642)
(0.0020185535 -0.0089871998 0.060007726)
(0.0040326531 -0.0089822249 0.060010841)
(0.0060208745 -0.0089842374 0.060014718)
(0.0079691018 -0.0089975758 0.060010999)
(-0.0083885926 -0.0067516038 0.060011677)
(-0.0060794904 -0.0069485147 0.060014982)
(-0.0040595225 -0.0069481799 0.060013018)
(-0.0020284259 -0.0069636083 0.060010086)
(-5.7484273e-07 -0.0069718935 0.060008872)
(0.002027009 -0.0069627325 0.060010077)
(0.0040585999 -0.00694678 0.060012619)
(0.0060789513 -0.0069462429 0.060013769)
(0.0083750457 -0.0067156105 0.060005981)
(-0.0076543595 -0.0052750719 0.060002323)
(-0.0061278208 -0.0048793466 0.060014159)
(-0.0040827668 -0.0049083373 0.060015589)
(-0.0020376597 -0.0049442766 0.060014381)
(-8.8693439e-07 -0.0049667135 0.060012829)
(0.0020341227 -0.0049429498 0.060014469)
(0.0040816232 -0.0049087247 0.060014831)
(0.0061385696 -0.0048905181 0.060009615)
(0.0076633285 -0.0052894951 0.060010001)
(-0.005845466 -0.0031606915 0.06000862)
(-0.0040564593 -0.0029194521 0.060009227)
(-0.0020252388 -0.0029691568 0.060013916)
(-1.7573893e-07 -0.0030009734 0.06001418)
(0.002017117 -0.0029657135 0.060014767)
(0.0040506386 -0.0029159273 0.060011304)
(0.0058485438 -0.0031632174 0.060007473)
(-0.0018949366 -0.0012053715 0.06000364)
(-1.1361911e-06 -0.0010000372 0.060007152)
(0.0019358694 -0.0012149158 0.060011239)
(-0.0019156481 -0.018789799 0.062043398)
(3.246034e-06 -0.018999893 0.062043077)
(0.0019288499 -0.018786721 0.062045704)
(-0.0058380925 -0.016845359 0.062048918)
(-0.0040560999 -0.017085643 0.062050565)
(-0.0020269199 -0.017043934 0.0620407)
(-1.8388603e-06 -0.017018183 0.062036662)
(0.0020169686 -0.01704656 0.062043099)
(0.0040536829 -0.017086709 0.062053758)
(0.0058393546 -0.016844323 0.062052724)
(-0.0076667687 -0.014704972 0.062042655)
(-0.0061439114 -0.015108556 0.062050812)
(-0.0040903661 -0.015091406 0.062034507)
(-0.0020389536 -0.015057557 0.062020749)
(-1.7201513e-06 -0.015038985 0.062016571)
(0.0020335537 -0.015058925 0.062022223)
(0.0040838209 -0.015096247 0.062037148)
(0.0061362421 -0.015113881 0.062054543)
(0.0076307377 -0.014762915 0.062055692)
(-0.0083657126 -0.013309187 0.062049549)
(-0.0060909093 -0.013055137 0.062036562)
(-0.004059519 -0.013047149 0.062017603)
(-0.0020253781 -0.01303021 0.062009147)
(-7.1397179e-07 -0.013022676 0.062007148)
(0.0020238953 -0.013030491 0.062009768)
(0.0040589258 -0.013047711 0.062019017)
(0.0060938715 -0.01305099 0.062038933)
(0.0083823328 -0.013265028 0.062044843)
(-0.007977977 -0.011000019 0.062047134)
(-0.00603877 -0.011012677 0.062027628)
(-0.004034265 -0.011012286 0.062011309)
(-0.0020154339 -0.011008159 0.062005433)
(-1.8709977e-07 -0.011006338 0.062004092)
(0.0020152784 -0.011008174 0.062005671)
(0.0040351232 -0.011012343 0.062011843)
(0.0060410428 -0.011012175 0.062028638)
(0.0079789033 -0.010998555 0.062049187)
(-0.0079766761 -0.0089954075 0.062046709)
(-0.0060374904 -0.0089803706 0.062028025)
(-0.0040335208 -0.0089838274 0.062011635)
(-0.00201505 -0.008989987 0.062005611)
(-7.525005e-08 -0.0089923714 0.062004175)
(0.0020150804 -0.008989808 0.062005653)
(0.004034183 -0.0089836329 0.062011648)
(0.0060387415 -0.0089808521 0.062028175)
(0.0079770243 -0.0089934888 0.062048143)
(-0.0083681263 -0.0066972261 0.062050249)
(-0.0060881478 -0.0069368782 0.062038941)
(-0.0040570361 -0.0069477459 0.062018923)
(-0.0020240156 -0.0069670702 0.062009869)
(-1.4319999e-07 -0.006975319 0.062007508)
(0.0020237787 -0.0069664191 0.062009757)
(0.0040568391 -0.0069459552 0.062018308)
(0.0060877106 -0.0069364261 0.062037749)
(0.0083734523 -0.0067113771 0.062056411)
(-0.0076537534 -0.0052740972 0.062051081)
(-0.006136461 -0.0048835831 0.062053419)
(-0.0040861708 -0.0049030663 0.062037041)
(-0.0020365308 -0.0049387645 0.062022741)
(-1.394042e-08 -0.0049582052 0.06201762)
(0.002036588 -0.0049381512 0.062022468)
(0.0040834384 -0.0048983368 0.06203569)
(0.0061126093 -0.0048608594 0.062049002)
(0.007658601 -0.0052818928 0.062049611)
(-0.0058331326 -0.0031505698 0.06205761)
(-0.0040554143 -0.0029136567 0.062054155)
(-0.0020242507 -0.0029537537 0.062044958)
(1.417328e-06 -0.0029803852 0.062038899)
(0.0020339874 -0.0029575085 0.062043638)
(0.0040632654 -0.0029174155 0.062053628)
(0.0058567731 -0.003169971 0.062046132)
(-0.0019326474 -0.0012141645 0.062046713)
(2.9224365e-06 -0.0010000957 0.062044638)
(0.0019369354 -0.0012151643 0.062047518)
(-0.0018864169 -0.018796615 0.064082747)
(-2.9633887e-06 -0.018999902 0.064076078)
(0.0019170788 -0.018789465 0.06407056)
(-0.0058168553 -0.016862788 0.064114461)
(-0.0041200396 -0.017148025 0.064121575)
(-0.0020589061 -0.017116111 0.064047667)
(-3.152213e-06 -0.017086217 0.064030916)
(0.002051818 -0.017112327 0.064050206)
(0.0041165799 -0.017144382 0.064132094)
(0.0058452962 -0.016839447 0.0641317)
(-0.0076819973 -0.014680483 0.06410381)
(-0.0062029306 -0.01516532 0.064105478)
(-0.0041093141 -0.015108204 0.064023608)
(-0.0020380851 -0.015058118 0.064007408)
(-1.5533884e-06 -0.015038103 0.064004936)
(0.0020339725 -0.015057926 0.064007931)
(0.0041045079 -0.015112457 0.064025081)
(0.0061929245 -0.015171651 0.064117072)
(0.0076619203 -0.014712769 0.064124352)
(-0.0083727066 -0.013290604 0.064082934)
(-0.0061246173 -0.013076639 0.064029605)
(-0.0040527665 -0.01304054 0.064005775)
(-0.0020155779 -0.013017635 0.064002045)
(-4.4705735e-07 -0.013010689 0.06400143)
(0.0020145007 -0.013017739 0.064002194)
(0.0040529331 -0.013041031 0.064006216)
(0.0061343534 -0.013075317 0.064031675)
(0.0083816865 -0.013266745 0.064095151)
(-0.0080786039 -0.011012161 0.064108931)
(-0.0060678159 -0.011016689 0.064013304)
(-0.0040242339 -0.011008325 0.064002762)
(-0.0020062104 -0.011003282 0.064000998)
(-7.6588883e-08 -0.011001925 0.064000684)
(0.0020061706 -0.011003322 0.064001047)
(0.0040254246 -0.011008534 0.06400288)
(0.006073456 -0.011017522 0.064013475)
(0.0080793787 -0.011010745 0.06410465)
(-0.0080755793 -0.0089785473 0.064098163)
(-0.0060662073 -0.0089752437 0.064013178)
(-0.0040233994 -0.0089887453 0.06400283)
(-0.0020058802 -0.0089958517 0.064001033)
(-2.9827376e-09 -0.0089976701 0.064000698)
(0.0020060277 -0.0089958757 0.064001038)
(0.0040244642 -0.0089890446 0.064002809)
(0.0060694087 -0.0089771826 0.064013018)
(0.0080682545 -0.0089762988 0.064100119)
(-0.0083672204 -0.0066948193 0.064107035)
(-0.0061218657 -0.0069099957 0.064031865)
(-0.0040488791 -0.0069531391 0.064006173)
(-0.0020139841 -0.006980019 0.064002206)
(-7.1926089e-08 -0.0069880795 0.064001502)
(0.0020140512 -0.0069797237 0.064002185)
(0.0040507975 -0.0069516627 0.064005963)
(0.0061268969 -0.0069117004 0.064029602)
(0.0083776545 -0.0067225421 0.064066024)
(-0.0076561636 -0.0052779731 0.064128209)
(-0.0061889622 -0.0048223281 0.064115954)
(-0.0040984266 -0.0048780322 0.064025009)
(-0.0020339727 -0.004935312 0.064008068)
(-4.0104698e-07 -0.0049577258 0.064005246)
(0.0020324324 -0.0049346773 0.06400819)
(0.0040985427 -0.0048706713 0.064024559)
(0.0061956571 -0.0048097073 0.064116032)
(0.0076152732 -0.005212216 0.064109146)
(-0.0058251997 -0.0031440594 0.064128861)
(-0.0041005086 -0.0028319635 0.064131706)
(-0.0020527939 -0.0028716574 0.064051917)
(3.1818519e-07 -0.0029045496 0.064032687)
(0.002051565 -0.0028751386 0.064054872)
(0.0040961724 -0.0028229581 0.064133635)
(0.0058720488 -0.0031825075 0.064125409)
(-0.0019185031 -0.0012108665 0.064091137)
(-3.0217909e-07 -0.0010000099 0.064086653)
(0.0019328962 -0.0012142225 0.064114362)
(-0.0047008657 -0.017669323 0.064999998)
(-0.0031825772 -0.018413366 0.064999998)
(-0.0010320447 -0.018100954 0.064999998)
(0.0010281123 -0.018096477 0.064999998)
(0.0031765088 -0.01841565 0.064999998)
(0.004701909 -0.017668674 0.064999998)
(-0.0068551287 -0.015826189 0.064999998)
(-0.0052150052 -0.016203685 0.064999998)
(0.0052226109 -0.016217961 0.064999998)
(0.0068551287 -0.015826189 0.064999998)
(-0.0071758362 -0.014120323 0.064999998)
(0.0072191591 -0.014117211 0.064999998)
(-0.0087783363 -0.011964812 0.064999998)
(0.0087783397 -0.011964797 0.064999998)
(-0.0089999124 -0.010002663 0.064999998)
(0.0089999124 -0.010002663 0.064999998)
(-0.0087769142 -0.0080290895 0.064999998)
(0.0087769142 -0.0080290895 0.064999998)
(-0.0071884931 -0.0058312988 0.064999998)
(0.007206642 -0.0058464899 0.064999998)
(-0.0068504124 -0.0041680642 0.064999998)
(-0.0051996767 -0.0037592852 0.064999998)
(0.0051820134 -0.0037427346 0.064999998)
(0.0068504124 -0.0041680642 0.064999998)
(-0.0046955411 -0.0023273667 0.064999998)
(-0.0031587918 -0.0015776827 0.064999998)
(-0.0010246495 -0.0019036176 0.064999998)
(0.0010253779 -0.0018786085 0.064999998)
(0.0031587918 -0.0015776827 0.064999998)
(0.0046955411 -0.0023273667 0.064999998)
(-0.002704245 -0.018579615 0.064081317)
(-0.004041729 -0.01803918 0.064090735)
(-0.0010160522 -0.018938632 0.064073681)
(-0.0020350099 -0.018079055 0.064113088)
(-0.0019709106 -0.018776914 0.064999998)
(0.00099484773 -0.018940721 0.064079754)
(-3.235175e-06 -0.018090557 0.064089415)
(-8.3639117e-06 -0.018999725 0.064999998)
(0.0027292874 -0.018572019 0.064134013)
(0.0020370588 -0.01807176 0.064115909)
(0.0019709106 -0.018776914 0.064999998)
(0.0040385271 -0.018040891 0.064124486)
(-0.0052784875 -0.01728376 0.064125848)
(-0.0063959586 -0.016329798 0.064103214)
(-0.0058319351 -0.016850412 0.064999998)
(-0.0031016524 -0.017168123 0.064079592)
(-0.0041345811 -0.016145823 0.064055858)
(-0.004158112 -0.017161664 0.064999998)
(-0.0010283733 -0.01709229 0.06403367)
(-0.0020726242 -0.017140913 0.064999998)
(0.0010211022 -0.017090238 0.064034674)
(-3.1462882e-06 -0.017098171 0.064999998)
(0.0030987209 -0.017164345 0.064088864)
(0.0020606819 -0.017135188 0.064999998)
(0.0052796294 -0.017282942 0.064126896)
(0.0041277452 -0.016149546 0.064058952)
(0.0041491466 -0.01714703 0.064999998)
(0.0063596861 -0.016367965 0.064104448)
(0.0058319351 -0.016850412 0.064999998)
(-0.0072845685 -0.015277359 0.064080283)
(-0.0080292179 -0.014060366 0.064109236)
(-0.0076726326 -0.014695543 0.064999998)
(-0.0051629689 -0.015142302 0.064051595)
(-0.0061592892 -0.014118828 0.064053154)
(-0.0062423924 -0.015196436 0.064999998)
(-0.0041096971 -0.015108252 0.064999998)
(0.00515734 -0.015147914 0.064054589)
(0.0041046209 -0.015114794 0.064999998)
(0.0072875849 -0.01527315 0.064125756)
(0.006162154 -0.014114683 0.064057731)
(0.0062317304 -0.015192147 0.064999998)
(0.008047685 -0.014025817 0.064110441)
(0.0076726335 -0.014695541 0.064999998)
(-0.008581271 -0.012698788 0.064092499)
(-0.0071617283 -0.013088917 0.06407916)
(-0.0080672558 -0.012031781 0.06413347)
(-0.0084223174 -0.013158791 0.064999998)
(-0.0061309577 -0.013079395 0.064999998)
(0.0071853257 -0.013081867 0.064084609)
(0.0061418531 -0.013080211 0.064999998)
(0.0085782728 -0.012708672 0.064095428)
(0.0080823599 -0.012031357 0.064123156)
(0.0084223174 -0.013158791 0.064999998)
(-0.0089402225 -0.01099991 0.064119385)
(-0.0080908688 -0.0099971414 0.064092603)
(-0.0081130156 -0.01101501 0.064999998)
(0.0089418042 -0.01098385 0.064104185)
(0.00809733 -0.0099963034 0.064100029)
(0.0080998859 -0.011024368 0.064999998)
(-0.0089402764 -0.0090006381 0.064084204)
(-0.0080708382 -0.0079616366 0.064123179)
(-0.0081011225 -0.0089641072 0.064999998)
(0.0089389467 -0.0089871367 0.064093538)
(0.0080671827 -0.0079609485 0.064114521)
(0.0080709116 -0.0089680927 0.064999998)
(-0.0085646476 -0.0072464121 0.064112369)
(-0.0071669748 -0.006894941 0.064086874)
(-0.0080642471 -0.0060051691 0.064109869)
(-0.0084086118 -0.0068047939 0.064999998)
(-0.0061509571 -0.0058708482 0.064056787)
(-0.0061271921 -0.0069037701 0.064999998)
(0.0071681153 -0.0069063827 0.064075842)
(0.0061607083 -0.0058646101 0.064055682)
(0.00613447 -0.0069061617 0.064999998)
(0.0085782157 -0.0072911402 0.064097168)
(0.0080443603 -0.0059679634 0.06409239)
(0.0084086118 -0.0068047939 0.064999998)
(-0.0072932833 -0.0047348026 0.064103875)
(-0.0076701224 -0.0053004208 0.064999998)
(-0.0051468577 -0.0048410449 0.064054444)
(-0.0063639609 -0.0036360389 0.064120909)
(-0.0062170095 -0.0047853872 0.064999998)
(-0.0041185745 -0.0038349431 0.064058891)
(-0.0040981363 -0.0048766217 0.064999998)
(0.0051498926 -0.0048302703 0.064053001)
(0.0041128826 -0.0038272283 0.064058209)
(0.0041005288 -0.0048666538 0.064999998)
(0.0072898087 -0.0047299537 0.064123735)
(0.0063535566 -0.0036262942 0.064104023)
(0.0062516339 -0.0047596673 0.064999998)
(0.0076686738 -0.0052980912 0.064999998)
(-0.0052411067 -0.0026894534 0.064115869)
(-0.0058261886 -0.003144871 0.064999998)
(-0.0030876113 -0.002815212 0.0640892)
(-0.0040195573 -0.0019489693 0.064130548)
(-0.0041421941 -0.0028039669 0.064999998)
(-0.0010229477 -0.0029008499 0.064036534)
(-0.0020341177 -0.0019169523 0.064123525)
(-0.0020657027 -0.0028388554 0.064999998)
(0.0010228127 -0.0028999277 0.064036411)
(1.2833621e-06 -0.0019049632 0.06409444)
(4.1710672e-07 -0.0028868569 0.064999998)
(0.0030917779 -0.0028203679 0.064097069)
(0.0020433166 -0.0019241556 0.064134439)
(0.002056217 -0.0028439908 0.064999998)
(0.0052499207 -0.0026957695 0.064105368)
(0.0040175295 -0.0019478854 0.06414431)
(0.0041209216 -0.0027670856 0.064999998)
(0.0058261886 -0.003144871 0.064999998)
(-0.0027639816 -0.0014385051 0.0641083)
(-0.000995606 -0.0010593535 0.064096065)
(-0.0019647973 -0.0012216608 0.064999998)
(0.0010124005 -0.0010610076 0.064076078)
(-2.662853e-06 -0.0010000872 0.064999998)
(0.002750369 -0.0014343758 0.064124154)
(0.0019647973 -0.0012216608 0.064999998)
(-0.004753304 -0.017636715 0.064094343)
(-0.0032975397 -0.018370097 0.064081556)
(-0.001023962 -0.018077139 0.064092445)
(0.0010149893 -0.018075302 0.064094936)
(0.0033171162 -0.018362729 0.064108888)
(0.0047863327 -0.017616176 0.064112937)
(-0.0068393824 -0.015845375 0.064113553)
(-0.0051893777 -0.016173914 0.064115662)
(0.0051824575 -0.016186804 0.064117875)
(0.0068498112 -0.015832668 0.064131926)
(-0.007149469 -0.014112701 0.064116335)
(0.0071685465 -0.014100442 0.064127637)
(-0.0087907832 -0.01191143 0.064146538)
(0.0087907675 -0.011911497 0.064099483)
(-0.0089999729 -0.0099991838 0.064077138)
(0.0089998951 -0.0099968079 0.064102623)
(-0.0087956025 -0.0081092388 0.064095387)
(0.0087871246 -0.0080728794 0.064093195)
(-0.0071630374 -0.0058908376 0.064123052)
(0.007162534 -0.0058849648 0.064120784)
(-0.0068497606 -0.0041672701 0.064120776)
(-0.005167394 -0.0037998809 0.064118868)
(0.0051612616 -0.003791594 0.064112461)
(0.0068426023 -0.0041585476 0.064106852)
(-0.0046684029 -0.0023104911 0.064127655)
(-0.0032669136 -0.0016183768 0.064110697)
(-0.0010148399 -0.0019218661 0.064102077)
(0.0010214626 -0.0019166787 0.064097912)
(0.0033079882 -0.0016338362 0.064140778)
(0.0046763662 -0.002315443 0.064119327)
(-0.0026737979 -0.018588852 0.064999998)
(-0.00102614 -0.018937639 0.064999998)
(0.00102614 -0.018937639 0.064999998)
(0.0026737979 -0.018588852 0.064999998)
(-0.0041076841 -0.018003925 0.064999998)
(-0.0052546525 -0.01730084 0.064999998)
(-0.0020679731 -0.018138992 0.064999998)
(-0.0031291327 -0.017199667 0.064999998)
(-3.0073785e-06 -0.018096758 0.064999998)
(-0.0010325938 -0.017110475 0.064999998)
(0.0020469107 -0.018122201 0.064999998)
(0.0010248749 -0.017107156 0.064999998)
(0.0041076841 -0.018003925 0.064999998)
(0.0031123262 -0.017195996 0.064999998)
(0.0052546525 -0.01730084 0.064999998)
(-0.0063777492 -0.01634924 0.064999998)
(-0.0073443086 -0.015193992 0.064999998)
(-0.0041535222 -0.016162307 0.064999998)
(-0.0051809207 -0.01515657 0.064999998)
(0.0041433832 -0.016167185 0.064999998)
(0.0063777492 -0.01634924 0.064999998)
(0.0051749165 -0.015162019 0.064999998)
(0.0073443089 -0.015193992 0.064999998)
(-0.0080151455 -0.014086693 0.064999998)
(-0.008590996 -0.012666729 0.064999998)
(-0.0061819972 -0.014133458 0.064999998)
(-0.0071770277 -0.013106033 0.064999998)
(0.0061823717 -0.014124157 0.064999998)
(0.0080151465 -0.014086692 0.064999998)
(0.0072296202 -0.013105403 0.064999998)
(0.0085910057 -0.012666697 0.064999998)
(-0.0080930851 -0.012049628 0.064999998)
(-0.0089395832 -0.011006401 0.064999998)
(0.0081454996 -0.012055359 0.064999998)
(0.0089395845 -0.011006388 0.064999998)
(-0.0080974392 -0.0099971403 0.064999998)
(-0.0089374816 -0.0089722614 0.064999998)
(0.0081223676 -0.0099975453 0.064999998)
(0.0089374816 -0.0089722614 0.064999998)
(-0.0081133903 -0.0079380429 0.064999998)
(-0.0085888517 -0.0073262021 0.064999998)
(-0.0071961629 -0.0068664967 0.064999998)
(0.0080992287 -0.0079461824 0.064999998)
(0.0071881712 -0.0068834312 0.064999998)
(0.0085888517 -0.0073262021 0.064999998)
(-0.0080039258 -0.0058923156 0.064999998)
(-0.0061618894 -0.0058508967 0.064999998)
(-0.0073008402 -0.0047453481 0.064999998)
(-0.0051573332 -0.0048221701 0.064999998)
(0.0061855687 -0.0058440622 0.064999998)
(0.0051661341 -0.0048069871 0.064999998)
(0.0080039258 -0.0058923156 0.064999998)
(0.0073008402 -0.0047453481 0.064999998)
(-0.0063492407 -0.0036222519 0.064999998)
(-0.0041329364 -0.0038127762 0.064999998)
(-0.0051939916 -0.0026556912 0.064999998)
(-0.003118363 -0.0027733558 0.064999998)
(-0.0010269158 -0.0028822361 0.064999998)
(0.0010237712 -0.002880457 0.064999998)
(0.0041230287 -0.0038027063 0.064999998)
(0.003102029 -0.002781739 0.064999998)
(0.0063492407 -0.0036222519 0.064999998)
(0.0051939916 -0.0026556912 0.064999998)
(-0.0040985077 -0.0019911692 0.064999998)
(-0.0020553146 -0.0018489065 0.064999998)
(-0.0026690416 -0.0014097054 0.064999998)
(1.3876234e-06 -0.00189563 0.064999998)
(-0.0010063882 -0.0010604154 0.064999998)
(0.0020439213 -0.0018648363 0.064999998)
(0.0010063882 -0.0010604154 0.064999998)
(0.0041020066 -0.0019930394 0.064999998)
(0.0026681456 -0.0014094336 0.064999998)
(-0.0047131684 -0.017661672 0.0010016195)
(-0.0033355338 -0.018355797 0.0010000742)
(-0.001001767 -0.017967295 0.0010003086)
(0.00099866779 -0.017968175 0.0010001689)
(0.0032923833 -0.018372038 0.00099979362)
(0.0047224223 -0.017655918 0.0010021287)
(-0.0068393339 -0.015845469 0.00099095267)
(-0.0051228782 -0.016120393 0.00099923131)
(0.0051269685 -0.016119769 0.0010003445)
(0.006843439 -0.015840432 0.00099265125)
(-0.0070781364 -0.014053935 0.00084190225)
(0.0070790291 -0.014056519 0.00085714048)
(-0.008794018 -0.011899439 0.00081083732)
(-0.0070255869 -0.012013669 0.00079016865)
(0.0070210416 -0.012030445 0.00081128448)
(0.0087861613 -0.011931252 0.0008233121)
(-0.0089979905 -0.0099385135 7.5174754e-05)
(-0.0069962024 -0.0099845762 0.0008136578)
(0.0069962625 -0.0099982288 0.00082523045)
(0.0089990829 -0.0099719969 0.00013940915)
(-0.008783858 -0.0080588697 0.00045180649)
(-0.0070241906 -0.007966734 0.00089331657)
(0.0070272063 -0.0079815287 0.00089242927)
(0.0087994614 -0.008125789 0.00043213346)
(-0.0070774722 -0.0059421479 0.00097838963)
(0.0070817302 -0.0059494202 0.00098403537)
(-0.006839929 -0.0041552902 0.00096970919)
(-0.0051306622 -0.0038889026 0.00096309333)
(0.0051299409 -0.0038874249 0.0010034249)
(0.0068424519 -0.0041583644 0.00099947711)
(-0.0047117534 -0.0023374482 0.00099796725)
(-0.0032546288 -0.0016137532 0.0010037198)
(-0.00099867809 -0.0020301878 0.0010000525)
(0.0010012007 -0.002030724 0.0010001558)
(0.0032701253 -0.0016195856 0.0010040831)
(0.0047057732 -0.0023337295 0.00099696635)
(-0.0046909834 -0.017675468 0.0030057985)
(-0.0032543743 -0.018386343 0.0029891688)
(-0.00099882878 -0.017968139 0.0029990548)
(0.00099913092 -0.017967379 0.0029991151)
(0.0032877066 -0.018373798 0.0029911553)
(0.0046565529 -0.017696878 0.0030068336)
(-0.0068450507 -0.015838469 0.0029888002)
(-0.0051161008 -0.016130413 0.0029919308)
(0.0051165114 -0.016127644 0.0030030201)
(0.006838404 -0.015846567 0.0029883212)
(-0.0070756662 -0.014060888 0.0029236059)
(0.0070763939 -0.014061522 0.0029329765)
(-0.0087917016 -0.01190751 0.0028996165)
(-0.0070256133 -0.012021331 0.0028740305)
(0.0070278524 -0.012019204 0.002887008)
(0.0087890019 -0.011919069 0.0029096515)
(-0.0089995405 -0.0099859755 0.0028329095)
(-0.0069957683 -0.0099914127 0.0028702749)
(0.0069964337 -0.0099999885 0.0028782356)
(0.0089999546 -0.0099986237 0.0028429109)
(-0.008783736 -0.0080583462 0.0028799148)
(-0.0070266009 -0.0079723378 0.0029233133)
(0.0070287085 -0.0079820233 0.0029238522)
(0.0087883503 -0.0080781358 0.0028811704)
(-0.0070828051 -0.0059472988 0.0029835898)
(0.0070820656 -0.0059471868 0.0029861797)
(-0.0068333437 -0.004147266 0.0029875612)
(-0.0051293454 -0.0038811598 0.0029897721)
(0.0051204798 -0.0038725582 0.0029984685)
(0.0068487364 -0.004166022 0.0030021875)
(-0.0047148662 -0.0023393839 0.0030019147)
(-0.0032862031 -0.0016256369 0.0029942822)
(-0.00099879888 -0.002032384 0.0029999971)
(0.0010019647 -0.0020330032 0.0030002346)
(0.0032891023 -0.0016267281 0.0029966766)
(0.0047173397 -0.002340922 0.0029997699)
(-0.0047211259 -0.017656724 0.0050005422)
(-0.0032994594 -0.018369374 0.0050039824)
(-0.0010019386 -0.017967238 0.0049998653)
(0.00099937548 -0.017967152 0.0049997281)
(0.0033140475 -0.018363884 0.0050038392)
(0.0047130957 -0.017661718 0.0049987412)
(-0.0068452953 -0.01583817 0.0049961742)
(-0.0051084198 -0.01613868 0.0050016717)
(0.0051055702 -0.016140579 0.0049962953)
(0.0068494612 -0.015833094 0.0049939204)
(-0.0070745863 -0.014065265 0.0049838896)
(0.0070779863 -0.014058451 0.0049854426)
(-0.0087843281 -0.011939114 0.004980397)
(-0.0070262732 -0.012022054 0.0049644212)
(0.007027409 -0.0120206 0.0049689629)
(0.0087897664 -0.01191579 0.004989774)
(-0.0089998116 -0.0099942573 0.0049772119)
(-0.006995814 -0.0099963544 0.004959585)
(0.0069959548 -0.010000351 0.0049621383)
(0.0089999544 -0.009998618 0.004977548)
(-0.008793002 -0.0080980862 0.004980322)
(-0.0070279202 -0.0079786488 0.0049747659)
(0.0070273772 -0.0079784292 0.0049763095)
(0.0087845261 -0.0080617351 0.0049804906)
(-0.0070799056 -0.0059431228 0.0049943193)
(0.0070841983 -0.0059502309 0.0049953621)
(-0.0068412321 -0.004156878 0.0049992035)
(-0.0051143639 -0.0038684267 0.0050010306)
(0.0051256361 -0.0038763323 0.0050011274)
(0.006842624 -0.0041585741 0.0050002482)
(-0.0047199561 -0.002342549 0.0049979314)
(-0.0032732883 -0.0016207761 0.0050088525)
(-0.00099919748 -0.0020325653 0.0050009288)
(0.0010027464 -0.002032968 0.0050003983)
(0.0032729456 -0.0016206471 0.0050039399)
(0.0047351138 -0.0023519746 0.0049969471)
(-0.0046704415 -0.017688242 0.0070172103)
(-0.0032703461 -0.018380332 0.0069914568)
(-0.00099906454 -0.017967916 0.006999654)
(0.00099969827 -0.017967171 0.006999289)
(0.0033149017 -0.018363562 0.0069964155)
(0.0047223393 -0.01765597 0.0070014075)
(-0.0068338528 -0.015852113 0.0069988923)
(-0.0051133877 -0.016133534 0.0070021732)
(0.0051293232 -0.016116538 0.0070043052)
(0.0068350249 -0.015850685 0.0069947523)
(-0.00707571 -0.014061788 0.0069991864)
(0.0070804436 -0.014054133 0.0069994844)
(-0.0087877645 -0.011924376 0.0069994652)
(-0.0070257793 -0.01202421 0.0069931863)
(0.0070273643 -0.012021026 0.006993776)
(0.008787667 -0.011924794 0.0070006084)
(-0.0089998357 -0.0099949933 0.0069983123)
(-0.0069951759 -0.0099972211 0.0069906928)
(0.0069955057 -0.010001276 0.0069912385)
(0.0089998596 -0.010004276 0.006998814)
(-0.0087819732 -0.0080507863 0.0069995309)
(-0.0070252085 -0.0079722988 0.006993523)
(0.007027532 -0.0079803323 0.006992534)
(0.0087871681 -0.008073066 0.0069989556)
(-0.0070752155 -0.0059367617 0.0069976144)
(0.0070772872 -0.0059401069 0.0069967406)
(-0.0068287761 -0.0041417003 0.006999898)
(-0.0051140236 -0.0038663376 0.0069968481)
(0.0051080073 -0.0038622336 0.007000651)
(0.0068406173 -0.0041561289 0.0070015265)
(-0.0047050706 -0.0023332925 0.007013731)
(-0.0032368097 -0.0016070465 0.007000968)
(-0.00099536496 -0.0020314075 0.0070006571)
(0.0010037053 -0.0020334637 0.0070004737)
(0.0033450311 -0.0016477782 0.0069960134)
(0.0046777268 -0.0023162891 0.0069973514)
(-0.0046815661 -0.017681324 0.0089969007)
(-0.003314314 -0.018363783 0.0090056915)
(-0.0010031968 -0.017966547 0.0090001369)
(0.00099926043 -0.017967411 0.0089996512)
(0.0032730815 -0.018379302 0.0090005749)
(0.0046823282 -0.01768085 0.009000326)
(-0.0068347994 -0.01585096 0.0089972639)
(-0.0051101113 -0.016138419 0.0090022869)
(0.0051275184 -0.016119823 0.0089990095)
(0.0068317386 -0.015854689 0.008998848)
(-0.0070780024 -0.014059035 0.0090005344)
(0.0070717568 -0.014067898 0.0090006026)
(-0.0087873158 -0.011926301 0.0090029899)
(-0.0070256238 -0.012024626 0.0089995491)
(0.0070265671 -0.012023356 0.0089981085)
(0.008786538 -0.011929636 0.0089940388)
(-0.0089999223 -0.0099976373 0.008999921)
(-0.0069949139 -0.0099989297 0.0089981795)
(0.006995621 -0.010002631 0.0089982394)
(0.0089997599 -0.010007323 0.0089989226)
(-0.0087818659 -0.0080503261 0.0090027096)
(-0.0070256893 -0.0079739154 0.0089983559)
(0.0070267879 -0.0079790859 0.0089986733)
(0.0087863102 -0.0080693865 0.008999261)
(-0.0070833982 -0.0059495757 0.0089992963)
(0.0070800902 -0.0059451668 0.0089994656)
(-0.006841956 -0.0041577601 0.009001615)
(-0.0051157346 -0.0038671047 0.0089995994)
(0.0051171547 -0.003872235 0.0090046467)
(0.0068507869 -0.0041685206 0.0089985101)
(-0.0046954627 -0.002327318 0.0090015963)
(-0.0032862945 -0.0016256713 0.0089997557)
(-0.00099877838 -0.0020325151 0.0090002496)
(0.0010017655 -0.0020328017 0.009000604)
(0.003284849 -0.0016251272 0.0090006786)
(0.0046976487 -0.0023286773 0.0090018034)
(-0.0047362489 -0.01764732 0.010985182)
(-0.0032710905 -0.018380051 0.010999039)
(-0.00099943093 -0.017967832 0.010999828)
(0.00099819556 -0.017967804 0.010999763)
(0.0032587842 -0.018384683 0.011001188)
(0.0046366831 -0.017709234 0.010998153)
(-0.0068373555 -0.015847845 0.010996213)
(-0.0051199685 -0.016129522 0.011003049)
(0.0051251284 -0.01612176 0.011004261)
(0.0068332087 -0.015852898 0.011002543)
(-0.0070792646 -0.014056367 0.010999445)
(0.0070821599 -0.014052801 0.010999675)
(-0.0087892486 -0.011918011 0.010994763)
(-0.0070252679 -0.012024941 0.010999103)
(0.0070293475 -0.012016526 0.011002333)
(0.0087874126 -0.011925885 0.011001141)
(-0.0089998627 -0.0099958188 0.011000231)
(-0.0069949475 -0.0099994858 0.010999594)
(0.0069964926 -0.01000314 0.011000463)
(0.0089998893 -0.010003369 0.01100011)
(-0.0087877174 -0.0080754217 0.011005078)
(-0.0070265832 -0.0079779446 0.01099973)
(0.0070308839 -0.0079891486 0.011001867)
(0.0087881783 -0.0080773984 0.011000147)
(-0.0070759248 -0.005938433 0.011001182)
(0.0070802126 -0.0059455659 0.011002147)
(-0.0068412701 -0.0041569243 0.010999829)
(-0.0051225881 -0.0038755564 0.011000349)
(0.0051231714 -0.0038759093 0.011001575)
(0.0068446829 -0.0041610828 0.010999206)
(-0.0047324713 -0.0023503314 0.011002966)
(-0.0032544708 -0.0016136937 0.010998819)
(-0.00099882086 -0.0020322469 0.010999766)
(0.0010019017 -0.0020327842 0.011000083)
(0.0033001689 -0.0016308932 0.010991119)
(0.0047008536 -0.0023306702 0.011002677)
(-0.0046806561 -0.01768189 0.01300651)
(-0.0032587801 -0.018384685 0.013008665)
(-0.0010004341 -0.017967725 0.013000334)
(0.0010003023 -0.017967063 0.012999664)
(0.003319001 -0.018362019 0.012997594)
(0.004721096 -0.017656743 0.012996734)
(-0.0068343715 -0.015851481 0.013001055)
(-0.0051256144 -0.016123272 0.012994514)
(0.005136309 -0.016110084 0.012999079)
(0.0068401116 -0.015844487 0.013003247)
(-0.0070774988 -0.014057581 0.01300145)
(0.0070844368 -0.014050131 0.013000825)
(-0.0087853928 -0.011934548 0.012996944)
(-0.0070270638 -0.012020733 0.013000385)
(0.0070264784 -0.012024769 0.013000624)
(0.0087862815 -0.011930736 0.012997903)
(-0.0089999627 -0.0099988708 0.01300028)
(-0.0069951035 -0.0099993321 0.012999837)
(0.006995876 -0.010002711 0.013000436)
(0.0089998798 -0.010003661 0.013000142)
(-0.0087867253 -0.0080711668 0.01299796)
(-0.0070250393 -0.0079746355 0.012999228)
(0.0070271035 -0.0079781467 0.013001152)
(0.0087833923 -0.0080568722 0.013000084)
(-0.007075859 -0.0059379825 0.01299968)
(0.0070808367 -0.0059456851 0.013000781)
(-0.0068386726 -0.0041537593 0.012999651)
(-0.0051160751 -0.0038704251 0.012999208)
(0.0051203987 -0.003871819 0.012996857)
(0.0068404655 -0.0041559439 0.013000446)
(-0.0047390736 -0.002354437 0.012987059)
(-0.0032373459 -0.0016072483 0.012993625)
(-0.00099708386 -0.0020315667 0.012999818)
(0.0010003469 -0.0020324065 0.013000431)
(0.003286946 -0.0016259165 0.013000012)
(0.0047306268 -0.0023491844 0.01299786)
(-0.0047080661 -0.017664845 0.015004623)
(-0.0032698549 -0.018380517 0.014999685)
(-0.00099979853 -0.017968109 0.014999938)
(0.0009971053 -0.017967811 0.0149995)
(0.0032888534 -0.018373366 0.015004785)
(0.0046641813 -0.017692135 0.015008514)
(-0.0068371494 -0.015848096 0.014999828)
(-0.0051205409 -0.016126633 0.015000168)
(0.0051048821 -0.01614056 0.014999575)
(0.0068402095 -0.015844367 0.014998398)
(-0.0070820847 -0.014052867 0.014999012)
(0.0070778278 -0.014059764 0.015000756)
(-0.0087879918 -0.011923401 0.014997433)
(-0.0070255742 -0.012024775 0.01499899)
(0.00702519 -0.012026775 0.015000543)
(0.0087869381 -0.01192792 0.015000444)
(-0.008999958 -0.010001271 0.014999837)
(-0.0069953986 -0.010000551 0.014999986)
(0.0069954387 -0.010002425 0.015000439)
(0.0089998897 -0.010003359 0.015001144)
(-0.0087862701 -0.0080692144 0.015000682)
(-0.0070266366 -0.0079781156 0.015000568)
(0.0070278552 -0.0079802898 0.015000128)
(0.0087859706 -0.00806793 0.015003256)
(-0.0070788893 -0.0059427696 0.014999639)
(0.0070843958 -0.00595106 0.014999773)
(-0.0068411256 -0.0041567483 0.015001877)
(-0.0051166732 -0.003868738 0.015002079)
(0.0051137297 -0.0038671048 0.014999739)
(0.0068444808 -0.0041608366 0.015003065)
(-0.0047020144 -0.0023313921 0.014996056)
(-0.0032708249 -0.0016198489 0.014996925)
(-0.0010016315 -0.0020322859 0.014999681)
(0.00099859021 -0.0020325007 0.015000131)
(0.0032804384 -0.0016234672 0.0149996)
(0.0047434769 -0.0023571751 0.014998339)
(-0.0047020242 -0.017668602 0.017011469)
(-0.0032349378 -0.018393658 0.016994787)
(-0.00099959854 -0.017968273 0.01699979)
(0.00099743311 -0.017967796 0.016999958)
(0.0032584112 -0.018384824 0.017008167)
(0.0047495004 -0.01763908 0.016993752)
(-0.0068503375 -0.015832026 0.017002795)
(-0.005131626 -0.016116053 0.01700074)
(0.0051115376 -0.016135088 0.017001238)
(0.0068307876 -0.015855848 0.017000973)
(-0.0070770069 -0.014059901 0.017000633)
(0.0070838966 -0.014050709 0.017000327)
(-0.0087874914 -0.011925547 0.016996516)
(-0.0070272626 -0.012021443 0.016999356)
(0.0070251145 -0.012027093 0.017001572)
(0.0087870518 -0.011927433 0.016998133)
(-0.0089999316 -0.010002076 0.017000322)
(-0.0069958273 -0.010001028 0.017000264)
(0.0069948918 -0.010001854 0.017000506)
(0.0089998845 -0.010003516 0.016999971)
(-0.0087874872 -0.0080744343 0.017005155)
(-0.0070279477 -0.0079812257 0.017001116)
(0.0070232151 -0.0079691964 0.01700094)
(0.0087855406 -0.008066086 0.017000607)
(-0.0070811304 -0.0059456976 0.016998937)
(0.0070791348 -0.0059415752 0.016998997)
(-0.0068424062 -0.0041583087 0.017000186)
(-0.0051090379 -0.0038619106 0.016997049)
(0.005107136 -0.0038615824 0.016998143)
(0.0068464743 -0.0041632657 0.017002496)
(-0.0047101497 -0.002336451 0.017005205)
(-0.0033131213 -0.0016357682 0.017002935)
(-0.0010050285 -0.0020333927 0.017000272)
(0.00099721632 -0.0020317496 0.017000138)
(0.0032516226 -0.0016126217 0.017001652)
(0.0046942082 -0.0023265379 0.01699856)
(-0.0047677108 -0.017627756 0.019001189)
(-0.0032713216 -0.018379965 0.018997608)
(-0.0010014184 -0.017967443 0.018999073)
(0.00099756509 -0.017967862 0.018999584)
(0.0032697129 -0.01838057 0.018995246)
(0.004729017 -0.017651817 0.019000558)
(-0.0068437225 -0.015840087 0.019000194)
(-0.0051292427 -0.016118891 0.019000041)
(0.0051144411 -0.016130721 0.019004575)
(0.0068320453 -0.015854315 0.018998088)
(-0.0070859766 -0.014045197 0.019000435)
(0.0070767711 -0.0140608 0.019000367)
(-0.0087909167 -0.011910857 0.018999752)
(-0.0070307179 -0.012012774 0.019001048)
(0.0070246941 -0.012026748 0.01900151)
(0.0087880917 -0.011922973 0.018998321)
(-0.0089999369 -0.010001915 0.019000588)
(-0.0069959345 -0.010000281 0.019000382)
(0.0069951392 -0.010002933 0.01900041)
(0.008999847 -0.010004663 0.018999853)
(-0.0087914955 -0.008091625 0.018999516)
(-0.0070263925 -0.0079774108 0.019000376)
(0.0070296071 -0.0079856331 0.0190011)
(0.0087858341 -0.0080673444 0.019001239)
(-0.0070776391 -0.0059408883 0.018999981)
(0.0070870217 -0.0059562576 0.018999699)
(-0.0068420426 -0.0041578656 0.019000265)
(-0.0051252869 -0.0038776347 0.019002593)
(0.0051270856 -0.0038811488 0.019000671)
(0.006834098 -0.0041481851 0.019000904)
(-0.0047494362 -0.0023608808 0.018996505)
(-0.0033387614 -0.0016454184 0.019000356)
(-0.0010045313 -0.0020338594 0.018999694)
(0.00099436922 -0.0020310253 0.018999894)
(0.0032340946 -0.0016060246 0.018998832)
(0.0047694684 -0.0023733376 0.01899904)
(-0.0047189084 -0.017658103 0.020994509)
(-0.0032560685 -0.018385705 0.02099741)
(-0.0010002564 -0.017968093 0.02099971)
(0.00099537072 -0.017968824 0.021000095)
(0.0032382859 -0.018392398 0.021006887)
(0.0047357239 -0.017647646 0.020997322)
(-0.0068422148 -0.015841924 0.021000594)
(-0.0051247594 -0.016124709 0.020999655)
(0.0051154359 -0.01613148 0.021003286)
(0.0068306328 -0.015856037 0.021001463)
(-0.0070821544 -0.014054353 0.020996929)
(0.0070764367 -0.014062358 0.021001761)
(-0.0087871613 -0.011926963 0.021001762)
(-0.0070232806 -0.012031671 0.020999131)
(0.0070253094 -0.012025117 0.020999843)
(0.0087881838 -0.011922578 0.020999952)
(-0.0089999889 -0.010000326 0.021000411)
(-0.0069950603 -0.010000912 0.021000079)
(0.0069948871 -0.010001486 0.02099998)
(0.0089999006 -0.010003024 0.020999808)
(-0.0087847416 -0.0080626592 0.021002731)
(-0.0070252697 -0.0079744804 0.02100053)
(0.0070255828 -0.0079753086 0.020999444)
(0.00878525 -0.0080648396 0.020998119)
(-0.007076798 -0.0059385608 0.021000455)
(0.0070837397 -0.005949943 0.021000712)
(-0.0068357545 -0.0041502035 0.02100086)
(-0.0051206023 -0.0038698798 0.020999277)
(0.005107588 -0.0038623295 0.021000675)
(0.0068413338 -0.0041570019 0.02100252)
(-0.0046855241 -0.0023211377 0.02100444)
(-0.0033252588 -0.0016403364 0.021008965)
(-0.0010026124 -0.0020338378 0.021000002)
(0.0010002105 -0.0020326006 0.020999354)
(0.0032836664 -0.0016246822 0.020993267)
(0.0047151463 -0.002339558 0.020999163)
(-0.0047563348 -0.01763483 0.022995588)
(-0.0033076813 -0.01836628 0.022994627)
(-0.0010010232 -0.0179677 0.022999858)
(0.0009994264 -0.017967692 0.022999786)
(0.0032567959 -0.018385432 0.022994282)
(0.0046589417 -0.017695393 0.023003367)
(-0.0068470981 -0.015835974 0.023001202)
(-0.0051199417 -0.016126742 0.02300305)
(0.0051290742 -0.016119844 0.022999577)
(0.0068453945 -0.015838049 0.022999498)
(-0.0070828747 -0.01405221 0.022999927)
(0.0070798704 -0.01405503 0.022999587)
(-0.008783383 -0.011943167 0.023001769)
(-0.0070243601 -0.012029164 0.022997929)
(0.0070266419 -0.012021692 0.022999597)
(0.0087873127 -0.011926314 0.02299894)
(-0.008999981 -0.0099994313 0.023000603)
(-0.0069951067 -0.010000508 0.022999884)
(0.0069952309 -0.010000435 0.022999855)
(0.0089999836 -0.0099995101 0.023000762)
(-0.0087863817 -0.0080696932 0.023003478)
(-0.007026264 -0.0079761583 0.023000735)
(0.0070259222 -0.0079766881 0.022998813)
(0.0087891857 -0.0080817186 0.022999577)
(-0.007084113 -0.0059497714 0.02300236)
(0.0070829925 -0.0059484674 0.022999867)
(-0.0068326233 -0.0041463882 0.022997988)
(-0.0051240845 -0.0038764796 0.023002216)
(0.0051079261 -0.0038626522 0.022998614)
(0.0068529151 -0.0041711139 0.022997099)
(-0.004697608 -0.002328652 0.022995317)
(-0.0032485663 -0.0016114714 0.023009147)
(-0.0009983553 -0.0020320714 0.023000194)
(0.00099757287 -0.0020314818 0.022999948)
(0.0031886755 -0.0015889301 0.023000416)
(0.0047569336 -0.002365543 0.022999098)
(-0.004731398 -0.017650337 0.024996888)
(-0.0032484936 -0.018388556 0.025002851)
(-0.0010007704 -0.017968054 0.025000139)
(0.00099888446 -0.017967541 0.024999938)
(0.0032780204 -0.018377443 0.024996497)
(0.0047292032 -0.017651701 0.02499873)
(-0.0068463502 -0.015836885 0.025003362)
(-0.0051097504 -0.016137274 0.02500069)
(0.0051199865 -0.016128636 0.025006039)
(0.0068457132 -0.015837661 0.024999354)
(-0.0070833876 -0.014052709 0.025001352)
(0.0070767781 -0.014059595 0.02499874)
(-0.0087878233 -0.011924124 0.025001587)
(-0.0070246524 -0.012027863 0.02499923)
(0.0070268036 -0.012021342 0.024997914)
(0.0087916218 -0.011907833 0.025001107)
(-0.0089999559 -0.0099986632 0.024999768)
(-0.0069956412 -0.010000907 0.024999862)
(0.0069954219 -0.010000955 0.024999616)
(0.0089999141 -0.010002612 0.0249993)
(-0.0087861053 -0.0080685075 0.024997485)
(-0.0070310244 -0.0079884285 0.024999268)
(0.0070267811 -0.0079789382 0.024999635)
(0.008785922 -0.0080677215 0.024997622)
(-0.0070849493 -0.0059533714 0.02499888)
(0.007077828 -0.0059417007 0.024998671)
(-0.0068438215 -0.0041600332 0.024999175)
(-0.0051232758 -0.0038738215 0.025000876)
(0.0051011722 -0.0038571225 0.025008276)
(0.0068366518 -0.0041512969 0.024994374)
(-0.0047250122 -0.002345693 0.02499306)
(-0.0032317359 -0.0016051369 0.025003709)
(-0.00099715521 -0.002031729 0.024999656)
(0.0010021393 -0.0020334202 0.025000197)
(0.0033121405 -0.001635399 0.025006784)
(0.0047197665 -0.002342431 0.025002281)
(-0.0047277261 -0.01765262 0.027004641)
(-0.0032984615 -0.01836975 0.027014288)
(-0.00099569274 -0.0179681 0.02700084)
(0.001001676 -0.017967004 0.027000196)
(0.0032704107 -0.018380307 0.02699967)
(0.0046963322 -0.017672142 0.027000702)
(-0.0068491867 -0.015833429 0.026998154)
(-0.0051208895 -0.016128269 0.027001709)
(0.0051233017 -0.016126473 0.027004723)
(0.0068287509 -0.01585833 0.026990903)
(-0.0070806175 -0.014055179 0.027000036)
(0.0070796933 -0.014055704 0.027000811)
(-0.0087859255 -0.011932263 0.027000856)
(-0.007026955 -0.012021324 0.027000493)
(0.007025252 -0.012027234 0.026998979)
(0.0087804781 -0.011955626 0.027002283)
(-0.0089999478 -0.0099984157 0.027000115)
(-0.006995453 -0.0099994969 0.027000162)
(0.0069952651 -0.010001115 0.026999905)
(0.0089999406 -0.010001802 0.027000455)
(-0.0087967474 -0.0081141491 0.026997669)
(-0.0070270496 -0.0079796563 0.027001597)
(0.007025227 -0.0079746327 0.027000438)
(0.0087883565 -0.0080781624 0.027001475)
(-0.0070789794 -0.0059419131 0.027000499)
(0.0070833071 -0.0059492711 0.026999579)
(-0.0068409963 -0.0041565907 0.026998103)
(-0.0051074446 -0.0038595219 0.027000185)
(0.0051140033 -0.0038665597 0.026996376)
(0.0068376003 -0.0041524526 0.026996944)
(-0.0047039844 -0.0023326171 0.027001247)
(-0.003362837 -0.0016544799 0.027001971)
(-0.0010013814 -0.0020334449 0.026999848)
(0.00099783103 -0.0020315684 0.026999719)
(0.003232872 -0.0016055645 0.026996618)
(0.004761998 -0.0023686923 0.026999719)
(-0.0046982114 -0.017670973 0.028999417)
(-0.0032823068 -0.01837583 0.029001096)
(-0.00099821764 -0.01796755 0.02900011)
(0.0010029109 -0.017966672 0.029000364)
(0.0032801821 -0.01837663 0.028998843)
(0.0047063732 -0.017665898 0.029003927)
(-0.0068502831 -0.015832093 0.0290001)
(-0.0051163447 -0.01613141 0.028999166)
(0.0051141582 -0.016133861 0.029002343)
(0.0068366457 -0.01584871 0.029002438)
(-0.0070787353 -0.014057387 0.028999788)
(0.0070863852 -0.014046854 0.028999434)
(-0.0087906618 -0.01191195 0.028996777)
(-0.0070273186 -0.012019259 0.029000009)
(0.0070291225 -0.012016268 0.029000043)
(0.00879041 -0.01191303 0.028994419)
(-0.0089999462 -0.0099983674 0.029000006)
(-0.0069952519 -0.0099980697 0.02899988)
(0.0069961101 -0.010000054 0.028999938)
(0.0089999671 -0.010000993 0.029000046)
(-0.0087885719 -0.0080790864 0.029004708)
(-0.0070257342 -0.0079749458 0.028998824)
(0.0070290978 -0.0079827498 0.028998772)
(0.0087874568 -0.0080743042 0.028997333)
(-0.0070755321 -0.0059358433 0.028998952)
(0.0070841098 -0.0059509251 0.02900077)
(-0.0068381661 -0.0041531421 0.0289976)
(-0.0051250214 -0.003880951 0.029002062)
(0.0051245045 -0.0038762893 0.029000874)
(0.006836391 -0.0041509791 0.028998564)
(-0.0046591176 -0.0023047171 0.029003527)
(-0.0033304768 -0.0016423003 0.029009685)
(-0.00099972088 -0.0020330637 0.029000232)
(0.0010003334 -0.002032499 0.029000286)
(0.0032799513 -0.0016232839 0.029003702)
(0.0047422887 -0.0023564362 0.028998857)
(-0.0047039284 -0.017667418 0.03100559)
(-0.003304736 -0.018367388 0.031001481)
(-0.00099743272 -0.017967307 0.030999901)
(0.0010028928 -0.01796707 0.030999388)
(0.0032697121 -0.01838057 0.030996835)
(0.0046438694 -0.017704765 0.031001115)
(-0.0068395944 -0.015845117 0.031002572)
(-0.005115782 -0.016130683 0.030999619)
(0.005108895 -0.016137493 0.030996204)
(0.0068432555 -0.015840656 0.031000165)
(-0.007080051 -0.014054981 0.03099981)
(0.0070788682 -0.014056218 0.030999346)
(-0.0087869728 -0.011927771 0.030998862)
(-0.0070267375 -0.012021289 0.030997665)
(0.0070286909 -0.012017736 0.031000638)
(0.0087841836 -0.011939734 0.030996493)
(-0.0089999699 -0.0099990921 0.031000449)
(-0.0069952253 -0.0099982217 0.030999871)
(0.0069961452 -0.0099997594 0.030999984)
(0.0089999567 -0.010001311 0.031000045)
(-0.0087899817 -0.0080851327 0.031000829)
(-0.0070267614 -0.0079776301 0.030999871)
(0.0070288071 -0.0079829763 0.030999143)
(0.0087911636 -0.0080902017 0.030998422)
(-0.0070819561 -0.0059475224 0.031000034)
(0.0070844454 -0.0059518932 0.031000613)
(-0.0068415233 -0.0041572329 0.03099845)
(-0.0051211694 -0.003874838 0.03099896)
(0.0051047609 -0.0038572827 0.031000488)
(0.0068411884 -0.0041568248 0.030998123)
(-0.0047493065 -0.0023608002 0.030992969)
(-0.0032875942 -0.0016261605 0.030998855)
(-0.00099917479 -0.0020328175 0.030999668)
(0.0010038842 -0.0020333454 0.030999857)
(0.0033079661 -0.0016338279 0.030994601)
(0.0047056737 -0.0023336676 0.030999265)
(-0.0047203459 -0.017657209 0.0330033)
(-0.0032715056 -0.018379895 0.032997268)
(-0.00099969186 -0.01796737 0.032999271)
(0.0010035039 -0.017966341 0.03300002)
(0.0033056119 -0.018367059 0.033013357)
(0.0046851558 -0.017679092 0.033003374)
(-0.0068442486 -0.015839446 0.03300266)
(-0.0051203257 -0.016126203 0.032997594)
(0.0051325845 -0.016116354 0.032998825)
(0.0068512729 -0.015830887 0.032996307)
(-0.0070754026 -0.0140618 0.032999124)
(0.0070768487 -0.014060673 0.032999821)
(-0.0087888401 -0.011919763 0.033004379)
(-0.0070272764 -0.0120192 0.033001138)
(0.0070245706 -0.012027324 0.033000296)
(0.0087863276 -0.011930538 0.033004774)
(-0.008999802 -0.0099939625 0.033000613)
(-0.0069954181 -0.0099975612 0.033000122)
(0.0069956246 -0.0099994181 0.032999911)
(0.0089999918 -0.0099997599 0.032999734)
(-0.008783523 -0.0080574326 0.033002081)
(-0.0070259185 -0.0079749537 0.032998922)
(0.0070276892 -0.0079794941 0.0329986)
(0.0087889162 -0.008080563 0.032997932)
(-0.0070773379 -0.0059404014 0.032996914)
(0.0070820659 -0.0059470917 0.032998327)
(-0.0068307308 -0.0041440821 0.033001116)
(-0.0051086415 -0.003860298 0.033002545)
(0.0051115882 -0.0038638171 0.03300255)
(0.0068461165 -0.0041628297 0.032999449)
(-0.0047187212 -0.002341781 0.032997797)
(-0.0032723046 -0.0016204059 0.033004751)
(-0.00099890154 -0.0020326268 0.033000283)
(0.0010018842 -0.0020325486 0.033000407)
(0.0032483044 -0.0016113728 0.033000009)
(0.0047753617 -0.0023770024 0.032996178)
(-0.004683302 -0.017680245 0.034997301)
(-0.0032630532 -0.018383076 0.034998626)
(-0.0010014661 -0.017967318 0.034999878)
(0.00099885543 -0.01796723 0.034999938)
(0.0032770765 -0.018377799 0.034996765)
(0.0046865828 -0.017678204 0.035012396)
(-0.0068411982 -0.015843163 0.035002231)
(-0.0051134787 -0.016130608 0.034998619)
(0.0051062456 -0.016141836 0.034994777)
(0.0068503162 -0.015832052 0.034999439)
(-0.0070866314 -0.014045866 0.0349995)
(0.0070791924 -0.014054263 0.034999238)
(-0.0087869816 -0.011927734 0.03499901)
(-0.0070267118 -0.012022368 0.034997279)
(0.0070303896 -0.01201155 0.035000148)
(0.0087887069 -0.011920334 0.034994061)
(-0.0089999042 -0.0099970852 0.035001273)
(-0.0069961058 -0.009999899 0.034999742)
(0.0069959289 -0.0099968273 0.035000046)
(0.0089999451 -0.0099983334 0.035000457)
(-0.0087900583 -0.0080854614 0.035001047)
(-0.0070307703 -0.0079873568 0.034997972)
(0.0070262804 -0.0079742694 0.03499884)
(0.0087875004 -0.008074491 0.035000056)
(-0.0070799448 -0.0059445432 0.034998553)
(0.0070888472 -0.0059563607 0.034998584)
(-0.006834319 -0.0041484543 0.03500054)
(-0.0051202267 -0.0038726398 0.035003839)
(0.0051146538 -0.0038699733 0.034999119)
(0.0068302838 -0.0041435374 0.034999195)
(-0.0047135421 -0.0023385605 0.03500416)
(-0.0032732339 -0.0016207556 0.035000626)
(-0.000999213 -0.0020324443 0.034999977)
(0.0010010809 -0.0020324402 0.035000245)
(0.0032607748 -0.0016160664 0.035002492)
(0.0047406552 -0.0023554205 0.034994422)
(-0.0047217685 -0.017656324 0.037000335)
(-0.0032883443 -0.018373558 0.036992842)
(-0.001005878 -0.017966124 0.036999743)
(0.00099645213 -0.017968109 0.037000065)
(0.0032527989 -0.018386936 0.037002823)
(0.0047244726 -0.017654643 0.03700679)
(-0.0068440868 -0.015839643 0.036999663)
(-0.0051195853 -0.016128518 0.036998319)
(0.0050942884 -0.016151022 0.036999366)
(0.0068485667 -0.015834184 0.036998604)
(-0.0070759314 -0.014062181 0.037000601)
(0.0070861009 -0.014044765 0.037000576)
(-0.0087904844 -0.011912711 0.036997822)
(-0.0070248485 -0.012025793 0.037000024)
(0.0070299948 -0.012012583 0.036999692)
(0.0087916659 -0.011907644 0.036995849)
(-0.0089998524 -0.0099955025 0.037000274)
(-0.0069959987 -0.009999555 0.03700001)
(0.0069959619 -0.0099969829 0.037000222)
(0.008999966 -0.0099989737 0.037000163)
(-0.00878836 -0.0080781774 0.03700045)
(-0.0070301281 -0.0079854663 0.03699964)
(0.0070275275 -0.0079787379 0.037001698)
(0.0087913363 -0.0080909421 0.037004356)
(-0.007085831 -0.0059536824 0.036999871)
(0.0070772063 -0.0059403607 0.037000359)
(-0.0068384428 -0.0041534792 0.03700107)
(-0.0051279338 -0.0038791061 0.037002172)
(0.0051285276 -0.0038793107 0.036996995)
(0.006846494 -0.0041632897 0.036998938)
(-0.0046867046 -0.0023218718 0.036996369)
(-0.0032567367 -0.0016145465 0.037000712)
(-0.00099755973 -0.0020318984 0.036999682)
(0.0010004825 -0.0020323172 0.037000012)
(0.003270267 -0.0016196389 0.037000705)
(0.0047386916 -0.0023541994 0.037007442)
(-0.0047152007 -0.017660409 0.038995233)
(-0.0033318994 -0.018357165 0.03900877)
(-0.0010033055 -0.017966474 0.039000251)
(0.00099629572 -0.017968149 0.039000016)
(0.0032684675 -0.018381039 0.039000342)
(0.0047160015 -0.017659911 0.039001377)
(-0.0068358315 -0.015849702 0.039000226)
(-0.0051080085 -0.016137607 0.039001421)
(0.0051234809 -0.016121517 0.039001483)
(0.0068336123 -0.015852406 0.039002639)
(-0.0070789542 -0.014056055 0.038999438)
(0.0070834326 -0.014051613 0.039001393)
(-0.0087876497 -0.011924869 0.039000807)
(-0.0070293359 -0.012014627 0.03900011)
(0.0070255705 -0.012024302 0.039000213)
(0.008789929 -0.011915093 0.039001016)
(-0.0089999047 -0.0099971011 0.038999849)
(-0.0069957951 -0.0099973587 0.039000262)
(0.0069948628 -0.0099968445 0.039000218)
(0.0089999586 -0.0099987476 0.03899949)
(-0.0087939421 -0.0081021181 0.039000841)
(-0.007025607 -0.007973654 0.039001433)
(0.0070227494 -0.0079657624 0.039000738)
(0.00878435 -0.0080609797 0.039002268)
(-0.0070838446 -0.0059485107 0.039000589)
(0.0070786682 -0.0059405419 0.038998022)
(-0.0068317898 -0.0041453725 0.038997743)
(-0.0051193385 -0.003871061 0.038997064)
(0.0051288712 -0.0038806635 0.039002095)
(0.0068448516 -0.0041612884 0.039003342)
(-0.0047416279 -0.0023560253 0.038999674)
(-0.0032834214 -0.0016245899 0.039005909)
(-0.0010007256 -0.002032646 0.038999916)
(0.0009994362 -0.0020323017 0.038999735)
(0.0032781128 -0.0016225919 0.03900285)
(0.004718902 -0.0023418935 0.038997044)
(-0.0046996038 -0.017670107 0.041001334)
(-0.0032667136 -0.018381699 0.041003198)
(-0.0010022235 -0.017967197 0.041000946)
(0.0010003918 -0.017967125 0.040999896)
(0.0033044873 -0.018367482 0.040999577)
(0.0047310826 -0.017650533 0.041005215)
(-0.0068451292 -0.015838373 0.040999863)
(-0.0051140845 -0.016132113 0.041001332)
(0.0051282221 -0.016120158 0.041002871)
(0.0068433142 -0.015840584 0.041003489)
(-0.0070829386 -0.014051682 0.040999944)
(0.0070862217 -0.014046158 0.040999468)
(-0.0087901522 -0.011914136 0.041001255)
(-0.0070276796 -0.012019754 0.041001139)
(0.0070293162 -0.01201504 0.041000157)
(0.0087926494 -0.011903426 0.040997158)
(-0.0089999617 -0.010001157 0.040998655)
(-0.006995487 -0.009998585 0.041000245)
(0.0069949002 -0.0099956912 0.041000314)
(0.0089998909 -0.0099966775 0.040999854)
(-0.0087878638 -0.0080760496 0.040996071)
(-0.0070261005 -0.0079756743 0.04100133)
(0.007022884 -0.0079660105 0.041002466)
(0.0087873949 -0.0080740384 0.041002523)
(-0.0070790412 -0.0059416385 0.040999588)
(0.0070822789 -0.0059453802 0.04099964)
(-0.0068356189 -0.0041500384 0.040996052)
(-0.0051240553 -0.0038756162 0.041003166)
(0.005111688 -0.0038646798 0.041000992)
(0.0068317208 -0.0041452885 0.040999865)
(-0.0047261864 -0.0023464232 0.041002641)
(-0.0033079439 -0.0016338195 0.041004375)
(-0.001003382 -0.0020332898 0.041000264)
(0.00099989676 -0.0020329545 0.040999635)
(0.003313403 -0.0016358742 0.040999777)
(0.0047435326 -0.0023572098 0.040989045)
(-0.0047260909 -0.017653637 0.043000209)
(-0.0032505914 -0.018387767 0.043015119)
(-0.0010008424 -0.017967458 0.043000854)
(0.00099993095 -0.017967478 0.043000039)
(0.0032899325 -0.01837296 0.042989927)
(0.0047000658 -0.01766982 0.042996832)
(-0.0068462128 -0.015837052 0.04299972)
(-0.0051173037 -0.016129719 0.043000357)
(0.0051234582 -0.016122812 0.042999784)
(0.0068419565 -0.015842239 0.042998382)
(-0.0070797819 -0.014057635 0.04299957)
(0.0070825365 -0.014053385 0.043001197)
(-0.008779521 -0.011959731 0.043000812)
(-0.0070233305 -0.012032809 0.043001481)
(0.0070272535 -0.012019696 0.043000529)
(0.0087923532 -0.011904696 0.042995435)
(-0.0089999403 -0.0099981864 0.042999887)
(-0.0069950759 -0.010000318 0.043000366)
(0.006994793 -0.0099953814 0.043000097)
(0.0089997932 -0.0099936949 0.043000685)
(-0.0087890676 -0.0080812123 0.043001322)
(-0.0070265445 -0.0079765849 0.043001995)
(0.0070222252 -0.007964088 0.042999603)
(0.0087842258 -0.0080604468 0.043001469)
(-0.0070849574 -0.0059507975 0.043002153)
(0.0070797451 -0.0059424978 0.043000771)
(-0.0068364689 -0.004151074 0.043000204)
(-0.0051163252 -0.0038690978 0.043002021)
(0.0051236894 -0.0038784183 0.042998176)
(0.0068345087 -0.0041486855 0.043000566)
(-0.0046733649 -0.0023135767 0.043001277)
(-0.0032772537 -0.0016222686 0.042999003)
(-0.0010027143 -0.0020329601 0.043000277)
(0.0010016282 -0.0020333622 0.04300059)
(0.0033241164 -0.0016399064 0.043000934)
(0.0047062767 -0.0023340426 0.043009669)
(-0.0047371339 -0.01764677 0.045000126)
(-0.003302088 -0.018368385 0.045002188)
(-0.0010015752 -0.01796703 0.045000081)
(0.00099748849 -0.017968479 0.044999983)
(0.0032236056 -0.018397923 0.045005666)
(0.0047350759 -0.017648049 0.044999658)
(-0.0068356113 -0.01584997 0.045001519)
(-0.0051073348 -0.016142443 0.045000121)
(0.0051258359 -0.016122472 0.044995892)
(0.006846028 -0.015837278 0.044998046)
(-0.0070791687 -0.014055989 0.044999903)
(0.0070804619 -0.014054378 0.045000839)
(-0.0087883005 -0.011922077 0.04499739)
(-0.0070281036 -0.012018769 0.044999836)
(0.0070277385 -0.012018698 0.045000786)
(0.0087855704 -0.011933786 0.044998772)
(-0.0089998916 -0.0100033 0.044999124)
(-0.0069956023 -0.010000859 0.04500002)
(0.0069952042 -0.0099964593 0.045000128)
(0.0089997904 -0.0099936102 0.044999946)
(-0.0087833569 -0.0080567206 0.044999368)
(-0.007026506 -0.0079758252 0.045000399)
(0.0070258725 -0.0079746143 0.045000126)
(0.0087887574 -0.0080798818 0.045001537)
(-0.0070794206 -0.0059424228 0.045002932)
(0.0070805091 -0.0059444964 0.045000373)
(-0.0068408579 -0.0041564221 0.044998813)
(-0.0051243066 -0.0038752185 0.045006198)
(0.0051243848 -0.0038791155 0.045000534)
(0.0068389373 -0.0041540818 0.044999991)
(-0.004708696 -0.002335547 0.044997235)
(-0.0032479325 -0.0016112329 0.044992915)
(-0.00099980289 -0.0020325982 0.044999672)
(0.00099903558 -0.0020323612 0.045000015)
(0.0032653144 -0.0016177749 0.045006212)
(0.0047646684 -0.0023703528 0.045010467)
(-0.0047384704 -0.017645939 0.046994348)
(-0.003303711 -0.018367774 0.047006122)
(-0.0010008582 -0.017967144 0.047000757)
(0.0010035206 -0.017966417 0.046999949)
(0.0033089414 -0.018365806 0.046995822)
(0.0047259016 -0.017653754 0.046996711)
(-0.00685012 -0.015832291 0.046998526)
(-0.0051139415 -0.016131508 0.047002623)
(0.005114227 -0.016133129 0.04700236)
(0.0068497903 -0.015832693 0.047000596)
(-0.0070777089 -0.014060648 0.047001459)
(0.007080692 -0.014053116 0.047000655)
(-0.0087834128 -0.011943039 0.046996185)
(-0.0070233166 -0.012032298 0.04700012)
(0.007026841 -0.012020898 0.047000479)
(0.0087891473 -0.011918446 0.046993737)
(-0.0089998216 -0.010005438 0.046999802)
(-0.0069954648 -0.01000309 0.047000009)
(0.0069950131 -0.0099966958 0.047000176)
(0.0089998127 -0.0099942895 0.046999525)
(-0.0087829343 -0.0080549079 0.047000269)
(-0.0070287616 -0.0079816883 0.047000422)
(0.007024184 -0.0079698627 0.04700027)
(0.008786873 -0.0080718002 0.046999417)
(-0.0070823025 -0.0059480305 0.047000711)
(0.0070781951 -0.005939814 0.046999474)
(-0.0068362758 -0.0041508387 0.047000147)
(-0.0051218756 -0.0038760357 0.046996272)
(0.0051258836 -0.0038791173 0.047001354)
(0.0068412383 -0.0041568855 0.047003868)
(-0.0047170676 -0.0023407528 0.047003827)
(-0.0033364057 -0.0016445318 0.047001418)
(-0.0010042957 -0.0020341749 0.046999971)
(0.0010024631 -0.0020327976 0.046999712)
(0.0032714639 -0.0016200894 0.046993651)
(0.0047274512 -0.0023472097 0.047006052)
(-0.0047205549 -0.017657079 0.049005109)
(-0.0032245462 -0.018397569 0.048996684)
(-0.00099848502 -0.017968549 0.049000693)
(0.0010019432 -0.017967003 0.049000207)
(0.0032825872 -0.018375724 0.049004594)
(0.0047084824 -0.017664586 0.048998066)
(-0.0068473696 -0.015835643 0.048999293)
(-0.005108333 -0.016137644 0.048999156)
(0.0051262938 -0.016122394 0.048999227)
(0.0068326974 -0.015853521 0.049000597)
(-0.0070769207 -0.014058958 0.04900019)
(0.0070829345 -0.014050908 0.049002186)
(-0.0087929071 -0.011902321 0.049007217)
(-0.0070276867 -0.012019381 0.048999617)
(0.0070262284 -0.012023376 0.049000823)
(0.008791358 -0.011908964 0.048998547)
(-0.0089999923 -0.010000224 0.049000267)
(-0.0069956509 -0.010000819 0.048999841)
(0.0069950835 -0.0099979389 0.049000372)
(0.0089998997 -0.0099969492 0.049000952)
(-0.0087797185 -0.0080411163 0.049001101)
(-0.0070272801 -0.0079779866 0.048999786)
(0.0070256429 -0.0079740405 0.049000009)
(0.0087891429 -0.0080815353 0.04899834)
(-0.0070804739 -0.0059457271 0.049001266)
(0.0070855309 -0.0059519926 0.049000069)
(-0.006843957 -0.0041601984 0.049004123)
(-0.0051078879 -0.0038628437 0.048994824)
(0.0051218742 -0.0038755801 0.048998433)
(0.0068380377 -0.0041529856 0.048999967)
(-0.0047089172 -0.0023356845 0.048997287)
(-0.0032679417 -0.0016187638 0.04898891)
(-0.00099912448 -0.0020324294 0.048999708)
(0.0010033614 -0.0020328773 0.049000355)
(0.0032884397 -0.0016264787 0.049004704)
(0.0047332116 -0.0023507917 0.048993811)
(-0.004720242 -0.017657274 0.050996786)
(-0.003307501 -0.018366348 0.051003717)
(-0.001002269 -0.017967134 0.050999794)
(0.00099774773 -0.017968422 0.050999967)
(0.0032257311 -0.018397123 0.051003797)
(0.0047180656 -0.017658627 0.050990206)
(-0.0068443303 -0.015839346 0.050999886)
(-0.0051112994 -0.016134589 0.050999093)
(0.0050996847 -0.016145641 0.050999307)
(0.0068492215 -0.015833386 0.051000414)
(-0.0070804606 -0.014053917 0.051000124)
(0.0070775744 -0.01405886 0.050999968)
(-0.0087908486 -0.011911149 0.051006413)
(-0.0070285969 -0.012017114 0.050998767)
(0.0070272302 -0.012021276 0.050998615)
(0.0087818287 -0.011949833 0.050996658)
(-0.0089999258 -0.010002256 0.050999686)
(-0.0069956471 -0.010000281 0.050999577)
(0.0069956806 -0.0099988029 0.051000096)
(0.0089999803 -0.009999409 0.050999632)
(-0.0087873807 -0.0080739777 0.051001738)
(-0.00702546 -0.0079746909 0.050999021)
(0.0070264909 -0.0079767584 0.051000704)
(0.0087847898 -0.008062866 0.051001978)
(-0.0070768829 -0.0059394963 0.051001026)
(0.0070806412 -0.0059457436 0.050999247)
(-0.006844953 -0.004161412 0.051001067)
(-0.0051220863 -0.0038751637 0.051009116)
(0.0050962282 -0.0038500721 0.050999615)
(0.0068436865 -0.0041598687 0.051004682)
(-0.0047323866 -0.0023502787 0.051002705)
(-0.0032824899 -0.0016242393 0.051006926)
(-0.00099754867 -0.0020318811 0.051000091)
(0.0010014569 -0.0020327353 0.050999812)
(0.0032996398 -0.0016306941 0.050998949)
(0.0047158245 -0.0023399797 0.050995766)
(-0.0047488156 -0.017639506 0.053003589)
(-0.00325451 -0.018386292 0.052997194)
(-0.00099970166 -0.017967831 0.052999766)
(0.0010006073 -0.01796758 0.052999836)
(0.0032917523 -0.018372275 0.052999037)
(0.0047247599 -0.017654464 0.053006508)
(-0.006854568 -0.015826872 0.052999253)
(-0.0051218111 -0.016125188 0.052997541)
(0.0051132336 -0.01613221 0.053002132)
(0.0068377586 -0.015847354 0.053001264)
(-0.0070799921 -0.014054881 0.053001904)
(0.0070794619 -0.014054256 0.052998858)
(-0.0087848422 -0.011936909 0.053000512)
(-0.007029526 -0.012015614 0.052999202)
(0.0070323845 -0.01200691 0.052999702)
(0.0087890132 -0.011919021 0.05299989)
(-0.008999891 -0.010003317 0.052999605)
(-0.0069955269 -0.010000238 0.052999791)
(0.0069963335 -0.0099967294 0.053000183)
(0.0089998705 -0.010003943 0.053000607)
(-0.0087875595 -0.0080747445 0.053002776)
(-0.0070241085 -0.0079711408 0.053000777)
(0.0070261688 -0.0079748447 0.053000406)
(0.0087886655 -0.0080794876 0.053002628)
(-0.0070837679 -0.0059482987 0.053000067)
(0.0070844954 -0.0059493294 0.052999027)
(-0.00684594 -0.0041626146 0.053002537)
(-0.0051124054 -0.0038664915 0.052998009)
(0.0051285896 -0.003882603 0.052999416)
(0.0068346861 -0.0041489017 0.052999328)
(-0.0046967008 -0.0023280879 0.053003116)
(-0.0033286529 -0.0016416139 0.052998771)
(-0.0010011961 -0.0020329502 0.052999453)
(0.00099955137 -0.0020317324 0.052999716)
(0.003227388 -0.0016035004 0.053000069)
(0.0047277365 -0.0023473871 0.053004877)
(-0.0046874911 -0.01767764 0.055000927)
(-0.0032330526 -0.018394368 0.055008936)
(-0.0010000328 -0.017967799 0.055000294)
(0.00099786586 -0.017968071 0.055000353)
(0.0032846085 -0.018374964 0.05500678)
(0.0047387856 -0.017645743 0.054996733)
(-0.0068458994 -0.015837434 0.055002195)
(-0.0050990116 -0.016146875 0.05499866)
(0.0051270388 -0.016119016 0.054996206)
(0.006835573 -0.015850017 0.055001063)
(-0.0070825085 -0.014052797 0.054999908)
(0.0070838156 -0.01404899 0.055000935)
(-0.008793785 -0.011898555 0.054998279)
(-0.0070277772 -0.012019665 0.054999702)
(0.0070311974 -0.012009835 0.05500028)
(0.0087891265 -0.011918535 0.055000865)
(-0.0089998976 -0.010003117 0.054999599)
(-0.0069955764 -0.010001387 0.055000152)
(0.0069960793 -0.0099961864 0.055000406)
(0.0089999832 -0.0099994975 0.054999791)
(-0.0087884328 -0.0080784898 0.054997185)
(-0.0070271666 -0.0079781129 0.055001175)
(0.0070236121 -0.007967217 0.05499985)
(0.0087830785 -0.0080555267 0.054999556)
(-0.0070839571 -0.0059485635 0.054999929)
(0.0070811801 -0.0059445093 0.054998926)
(-0.0068383522 -0.0041533688 0.054999481)
(-0.0051343911 -0.0038902991 0.054992466)
(0.005108578 -0.0038612122 0.055001327)
(0.0068320077 -0.004145638 0.054993722)
(-0.0047069927 -0.0023344878 0.055010251)
(-0.0032910097 -0.0016274459 0.055002222)
(-0.00099943763 -0.0020324894 0.054999502)
(0.00099753935 -0.0020316475 0.055000295)
(0.0032464251 -0.0016106655 0.05500299)
(0.0047499661 -0.0023612103 0.054991219)
(-0.0047379783 -0.017646245 0.056988368)
(-0.0033408961 -0.018353779 0.057003712)
(-0.0010002719 -0.017966946 0.057000533)
(0.0010022662 -0.017967598 0.057000068)
(0.003259889 -0.018384267 0.056992897)
(0.0047111087 -0.017662953 0.05699671)
(-0.006836421 -0.015848984 0.056998933)
(-0.0051040128 -0.016143481 0.057000146)
(0.0051069283 -0.016140652 0.057000873)
(0.0068409857 -0.015843422 0.057002012)
(-0.0070767946 -0.014061356 0.056999499)
(0.0070772106 -0.014058293 0.057000073)
(-0.0087871376 -0.011927065 0.056999467)
(-0.0070237931 -0.012030255 0.057001223)
(0.0070283949 -0.012017509 0.057000569)
(0.0087863505 -0.011930441 0.057004413)
(-0.0089998307 -0.010005158 0.056999935)
(-0.0069955531 -0.010002694 0.057001444)
(0.0069957702 -0.0099986078 0.057001859)
(0.0089998799 -0.010003657 0.057000631)
(-0.0087910502 -0.0080897153 0.057001105)
(-0.0070277863 -0.0079810839 0.057000256)
(0.0070250924 -0.0079718421 0.057001857)
(0.0087903914 -0.0080868896 0.057002344)
(-0.0070804719 -0.0059450996 0.056999696)
(0.0070848798 -0.0059504262 0.056999418)
(-0.0068424979 -0.0041584204 0.057002427)
(-0.0051195337 -0.0038716071 0.05700446)
(0.0051281396 -0.0038803296 0.057000299)
(0.0068373723 -0.0041521749 0.057001705)
(-0.0046884649 -0.0023229665 0.05699878)
(-0.0033012011 -0.0016312817 0.057007214)
(-0.00099861772 -0.0020324532 0.057000871)
(0.00099941094 -0.0020319979 0.057000635)
(0.0032566271 -0.0016145053 0.056997901)
(0.0046878848 -0.0023226057 0.056999085)
(-0.0046903451 -0.017675865 0.059009413)
(-0.0032004771 -0.018406628 0.058999321)
(-0.00099151706 -0.01797018 0.059003845)
(0.0010026775 -0.017968269 0.059004419)
(0.0032692823 -0.018380732 0.059005554)
(0.0047041161 -0.017667301 0.058992226)
(-0.0068439674 -0.015839788 0.059005379)
(-0.0051076073 -0.016138766 0.058999905)
(0.0051172559 -0.016132398 0.058999548)
(0.0068394402 -0.015845305 0.059006089)
(-0.0070790168 -0.01405746 0.059002167)
(0.0070777298 -0.014059927 0.059005938)
(-0.0087870223 -0.011927559 0.059003399)
(-0.0070281938 -0.012021758 0.059006294)
(0.007025583 -0.012028343 0.059005715)
(0.0087850041 -0.011936215 0.059002414)
(-0.0089999079 -0.010002801 0.059001809)
(-0.0069973101 -0.010000697 0.059007043)
(0.0069967939 -0.009998595 0.059007484)
(0.0089999843 -0.010000467 0.059002189)
(-0.0087869896 -0.0080723004 0.058997882)
(-0.0070265469 -0.007974069 0.059006368)
(0.0070260192 -0.0079718142 0.059006868)
(0.0087837727 -0.0080585035 0.059002318)
(-0.0070783907 -0.0059409981 0.059004038)
(0.0070788686 -0.0059417939 0.059002896)
(-0.0068382059 -0.0041531906 0.059008005)
(-0.0051152196 -0.0038657838 0.059005604)
(0.0051095604 -0.0038645584 0.059002527)
(0.0068434827 -0.0041596204 0.059002086)
(-0.0046665065 -0.0023093119 0.05899988)
(-0.0032774059 -0.0016223259 0.058995982)
(-0.00099870103 -0.0020319931 0.059004347)
(0.0010004885 -0.0020317753 0.059004453)
(0.0032738644 -0.0016209929 0.059001072)
(0.0047539941 -0.0023637151 0.059006495)
(-0.0047425014 -0.017643432 0.061018274)
(-0.0033223194 -0.01836077 0.061021205)
(-0.0010016479 -0.017970275 0.061022612)
(0.00099796176 -0.017972225 0.061023497)
(0.0032259523 -0.01839704 0.061019441)
(0.0047163074 -0.01765972 0.061018836)
(-0.006840721 -0.015843744 0.061019271)
(-0.0051278142 -0.016120132 0.06102258)
(0.0051039415 -0.016143055 0.061026945)
(0.0068271775 -0.015860247 0.06102346)
(-0.0070847388 -0.014050601 0.061022507)
(0.0070883703 -0.014044469 0.061024709)
(-0.0087839593 -0.011940696 0.061018164)
(-0.0070353731 -0.012017904 0.061025338)
(0.0070367953 -0.012015694 0.061025959)
(0.0087863453 -0.011930463 0.06102274)
(-0.0089999019 -0.010002985 0.061018237)
(-0.007005095 -0.0099988439 0.061024393)
(0.0070055919 -0.0099970903 0.061025408)
(0.0089999235 -0.0099976733 0.061019729)
(-0.0087882282 -0.0080776122 0.061020273)
(-0.0070314851 -0.0079711885 0.061025562)
(0.0070320503 -0.0079731411 0.061026195)
(0.0087933764 -0.0080996918 0.06102583)
(-0.0070841605 -0.0059475579 0.061023635)
(0.0070834123 -0.0059461578 0.061022554)
(-0.0068395255 -0.0041547985 0.061022766)
(-0.0051208121 -0.0038733614 0.061025795)
(0.0051373399 -0.0038870954 0.061026485)
(0.0068463923 -0.0041631658 0.061020337)
(-0.0047254782 -0.0023459828 0.061032462)
(-0.0033095238 -0.0016344142 0.061023825)
(-0.00099998206 -0.0020291885 0.061024854)
(0.0010001923 -0.0020285058 0.06102452)
(0.003262781 -0.0016168214 0.061022234)
(0.0046933092 -0.0023259789 0.061045619)
(-0.004696929 -0.017671771 0.063099658)
(-0.0032806696 -0.018376446 0.063076455)
(-0.0010087117 -0.018001045 0.063073424)
(0.0010000121 -0.018001895 0.063076171)
(0.0032787799 -0.018377157 0.063099837)
(0.0047506962 -0.017638336 0.063098044)
(-0.0068125895 -0.015878022 0.063085367)
(-0.0051367923 -0.016136281 0.063086931)
(-0.0030707875 -0.016101815 0.063042356)
(-0.001021352 -0.016055985 0.063024784)
(0.0010155704 -0.016055838 0.063025844)
(0.0030651076 -0.016102967 0.063046954)
(0.0051348137 -0.016138935 0.063095449)
(0.0068406864 -0.015843786 0.063094311)
(-0.0070949002 -0.014072364 0.063083042)
(-0.0051067774 -0.014086396 0.06303612)
(-0.0030512905 -0.014054249 0.06301419)
(-0.0010142385 -0.014031613 0.063007916)
(0.0010117365 -0.014031697 0.063008266)
(0.0030485708 -0.014055225 0.063015432)
(0.0051061282 -0.014087234 0.063039852)
(0.0071022614 -0.014064415 0.063093929)
(-0.0087969322 -0.011885058 0.063093983)
(-0.0070652696 -0.012029333 0.063057589)
(-0.0050595327 -0.012032392 0.063017284)
(-0.0030268154 -0.012019144 0.063006178)
(-0.001007105 -0.01201103 0.063003258)
(0.001006464 -0.012011072 0.063003384)
(0.0030267517 -0.012019364 0.063006616)
(0.0050623993 -0.012032703 0.063018361)
(0.0070702916 -0.012035093 0.063060293)
(0.0087803111 -0.011956342 0.063092784)
(-0.0089999774 -0.010000678 0.063080974)
(-0.0070440849 -0.0099961405 0.063045704)
(-0.0050399473 -0.009997328 0.063013044)
(-0.0030177887 -0.0099988541 0.063004519)
(-0.0010046144 -0.0099994879 0.06300229)
(0.0010045574 -0.0099994947 0.063002328)
(0.0030182675 -0.0099989487 0.063004638)
(0.0050419767 -0.0099978706 0.063013309)
(0.0070470558 -0.0099970214 0.063047231)
(0.0089999067 -0.0099971604 0.063088209)
(-0.0087783546 -0.0080352667 0.063095623)
(-0.0070616892 -0.0079516141 0.063060305)
(-0.0050573606 -0.0079601846 0.063018192)
(-0.0030253517 -0.007977618 0.063006547)
(-0.0010065006 -0.0079874554 0.063003436)
(0.001006488 -0.0079873617 0.063003428)
(0.0030258542 -0.0079772529 0.063006441)
(0.0050590744 -0.0079604423 0.063017544)
(0.0070640053 -0.0079587036 0.063056515)
(0.0087936798 -0.0081009928 0.063081719)
(-0.0070980931 -0.0059291959 0.063091404)
(-0.0051019473 -0.0059058717 0.063039341)
(-0.0030474171 -0.0059399936 0.063015417)
(-0.0010124972 -0.0059652551 0.063008549)
(0.0010122222 -0.0059649558 0.063008527)
(0.003047295 -0.0059380621 0.063015134)
(0.005101825 -0.0059000776 0.063037576)
(0.0070957027 -0.0059240776 0.06308506)
(-0.0068287605 -0.0041416813 0.063101953)
(-0.0051397056 -0.0038659587 0.063093892)
(-0.0030670729 -0.0038913694 0.063047206)
(-0.0010181742 -0.0039391556 0.06302702)
(0.0010183877 -0.0039389835 0.063027128)
(0.0030676225 -0.0038901505 0.063047779)
(0.00512866 -0.0038536612 0.063088139)
(0.006849171 -0.0041665516 0.063095966)
(-0.0047304017 -0.0023490444 0.063115655)
(-0.0033027731 -0.0016318734 0.063101122)
(-0.0010048564 -0.0019978869 0.06308035)
(0.0010078985 -0.0019976612 0.063080181)
(0.0033121605 -0.0016354065 0.063110431)
(0.0047099483 -0.0023363257 0.063091945)
(-0.0030975826 -0.016129385 0.064999998)
(-0.0010237387 -0.016068832 0.064999998)
(0.0010183477 -0.01606611 0.064999998)
(0.0030882908 -0.016129965 0.064999998)
(-0.0051217162 -0.014094845 0.064999998)
(-0.0030387501 -0.014039554 0.064999998)
(-0.0010075581 -0.014015485 0.064999998)
(0.0010061048 -0.014015374 0.064999998)
(0.0030359083 -0.01404011 0.064999998)
(0.0051199183 -0.014097418 0.064999998)
(-0.0071321149 -0.012055003 0.064999998)
(-0.0050509741 -0.012027012 0.064999998)
(-0.0030111781 -0.012008066 0.064999998)
(-0.0010015229 -0.012002046 0.064999998)
(0.0010013107 -0.012002039 0.064999998)
(0.0030110647 -0.012008085 0.064999998)
(0.005054388 -0.012027018 0.064999998)
(0.0071595875 -0.012055174 0.064999998)
(-0.0070974464 -0.0099959542 0.064999998)
(-0.0050295613 -0.0099984086 0.064999998)
(-0.0030046385 -0.0099997208 0.064999998)
(-0.0010004065 -0.0099999708 0.064999998)
(0.0010003906 -0.0099999827 0.064999998)
(0.0030048432 -0.0099998022 0.064999998)
(0.0050309916 -0.0099990844 0.064999998)
(0.0071050753 -0.0099984127 0.064999998)
(-0.0071328285 -0.007924711 0.064999998)
(-0.0050483768 -0.0079663607 0.064999998)
(-0.003010142 -0.0079904381 0.064999998)
(-0.0010012905 -0.0079976661 0.064999998)
(0.0010012989 -0.0079977194 0.064999998)
(0.0030105828 -0.0079905363 0.064999998)
(0.0050515429 -0.0079677598 0.064999998)
(0.0071406416 -0.0079329359 0.064999998)
(-0.0051124841 -0.0058900847 0.064999998)
(-0.0030334926 -0.0059548925 0.064999998)
(-0.0010063428 -0.0059827313 0.064999998)
(0.0010059676 -0.0059826699 0.064999998)
(0.0030343569 -0.0059531534 0.064999998)
(0.0051198352 -0.0058832856 0.064999998)
(-0.0030873923 -0.0038530007 0.064999998)
(-0.0010198238 -0.003925594 0.064999998)
(0.0010172901 -0.0039240153 0.064999998)
(0.0030792099 -0.003849171 0.064999998)
(-0.002689759 -0.018597986 5.6802442e-12)
(-0.0040252905 -0.018047366 5.4730155e-15)
(-0.00098935034 -0.01895211 5.3244416e-13)
(-0.0020050672 -0.01797129 6.882326e-15)
(-0.0019139079 -0.018790205 0.0010021083)
(0.00098935034 -0.01895211 5.4528246e-13)
(-2.4553745e-07 -0.017987538 9.60238e-16)
(2.8862509e-06 -0.018999905 0.0010009723)
(0.002689759 -0.018597986 5.7573048e-12)
(0.0020023632 -0.017972124 7.1418326e-15)
(0.0019019589 -0.018792991 0.0010016954)
(0.0040252905 -0.018047366 5.4775254e-15)
(-0.0052769612 -0.017300901 9.5530824e-17)
(-0.0063672946 -0.016357286 3.6398667e-20)
(-0.005841605 -0.016842476 0.00099844537)
(-0.0030486741 -0.017082152 1.4655999e-16)
(-0.004077477 -0.01608966 2.6771738e-19)
(-0.0040556159 -0.017079467 0.0010002189)
(-0.0010089031 -0.016993642 5.0809945e-18)
(-0.0020322055 -0.017023942 0.00099980365)
(0.0010067935 -0.016994073 8.7153013e-18)
(-6.0112407e-07 -0.016991865 0.00099996652)
(0.0030462222 -0.017082642 1.4478177e-16)
(0.0020256053 -0.017025752 0.00099972246)
(0.0052769612 -0.017300901 -3.9555197e-17)
(0.0040783938 -0.016089043 4.5571867e-20)
(0.0040654495 -0.017072085 0.00099969815)
(0.0063672947 -0.016357286 -1.5055308e-20)
(0.0058446415 -0.016839984 0.0010001051)
(-0.0073077581 -0.015273617 -2.8153145e-20)
(-0.0080501922 -0.014025445 9.480913e-24)
(-0.0076658121 -0.014708945 0.00091264539)
(-0.0051087775 -0.015103769 5.3934721e-22)
(-0.006094794 -0.014069749 -3.3356137e-23)
(-0.006132681 -0.015111064 0.00097845227)
(-0.0040852077 -0.015090316 0.00099521757)
(0.0051090313 -0.015104051 5.272205e-23)
(0.0040863191 -0.015089667 0.00099595408)
(0.0073077878 -0.015273635 -2.8427364e-20)
(0.0060938122 -0.014072583 -2.5880176e-23)
(0.0061289098 -0.015114324 0.00098131843)
(0.0080503364 -0.01402551 9.7702767e-24)
(0.0076578807 -0.014719265 0.00090597825)
(-0.0086052749 -0.012694797 -2.6663581e-26)
(-0.0070817284 -0.013038585 -1.297634e-26)
(-0.0079734946 -0.011999207 2.3664045e-30)
(-0.0083726472 -0.013276046 0.00018083589)
(-0.0060380898 -0.012022378 4.4409208e-28)
(-0.006076593 -0.013046298 0.00084707374)
(0.0070798083 -0.013045407 -5.4219958e-27)
(0.0060361779 -0.012031136 6.8934335e-28)
(0.0060734199 -0.013057055 0.00086381142)
(0.0086055405 -0.012694849 -2.3209546e-26)
(0.007971832 -0.012005423 2.1569866e-31)
(0.0083558519 -0.013335386 0.00022041351)
(-0.0089415032 -0.010987413 -1.4270184e-33)
(-0.0069979526 -0.010999458 1.8146292e-31)
(-0.0079877934 -0.0099912452 2.1977488e-35)
(-0.0079694464 -0.010983661 0.00073769384)
(-0.0060091335 -0.0099912375 4.1126257e-31)
(-0.0060153065 -0.011003827 0.00089449361)
(0.0069967066 -0.011008272 3.7527937e-31)
(0.0060090501 -0.01000059 2.093073e-31)
(0.0060141247 -0.011013944 0.00090329053)
(0.0089414539 -0.010987407 1.0976364e-33)
(0.0079877331 -0.0099981826 4.1591862e-35)
(0.0079673882 -0.010997882 0.00075776919)
(-0.0089521234 -0.0090108368 -1.1676271e-38)
(-0.006999578 -0.0089837662 -5.1481217e-34)
(-0.0079794188 -0.0079904894 7.7554435e-37)
(-0.0079677167 -0.0089808536 0.000718482)
(-0.0060386266 -0.0079658094 -1.9555631e-33)
(-0.0060151871 -0.0089783412 0.0009160481)
(0.0070003795 -0.0089932669 -2.5321295e-34)
(0.0060399576 -0.0079737038 6.7689422e-35)
(0.0060163928 -0.0089894382 0.00091975678)
(0.0089521234 -0.0090108368 -1.1772051e-38)
(0.0079796698 -0.0079973742 2.7664319e-37)
(0.0079702352 -0.0090027147 0.00072688477)
(-0.0085979864 -0.0073102411 -2.3097367e-40)
(-0.0070826557 -0.0069536695 2.5537165e-36)
(-0.0080473657 -0.0059747095 -2.8893905e-40)
(-0.0083676233 -0.0066958896 0.00094798019)
(-0.0060939797 -0.0059279724 6.8663729e-37)
(-0.0060767407 -0.0069455159 0.00096496059)
(0.0070835571 -0.0069569666 -4.1568461e-37)
(0.0060949908 -0.0059307495 -1.5858748e-36)
(0.0060786599 -0.006952448 0.0009686974)
(0.0085979864 -0.0073102411 -5.4783759e-41)
(0.0080473657 -0.0059747095 7.7972574e-41)
(0.0083659643 -0.0066914818 0.00093735342)
(-0.0073009009 -0.004723039 -5.6111236e-40)
(-0.0076758072 -0.0053095626 0.00098997534)
(-0.0051084942 -0.004896727 -3.9021392e-37)
(-0.0063644559 -0.0036388968 1.6061138e-40)
(-0.0061406015 -0.0048966454 0.00095765881)
(-0.004074125 -0.0039090395 4.1177053e-39)
(-0.0040847778 -0.00491236 0.0009883306)
(0.0051087111 -0.0048968429 -1.4764146e-36)
(0.004075674 -0.0039092675 5.0735174e-39)
(0.0040853909 -0.0049114163 0.00099937437)
(0.0073009009 -0.004723039 1.7257125e-39)
(0.0063647386 -0.0036397462 7.6984213e-40)
(0.0061423201 -0.0049003247 0.00099877559)
(0.0076574875 -0.0052801022 0.00099281238)
(-0.0052736349 -0.0026922123 -3.7963934e-42)
(-0.0058357627 -0.0031527283 0.00096760207)
(-0.003038342 -0.0029168745 -1.0464578e-41)
(-0.0040255103 -0.0019496635 2.5626124e-45)
(-0.0040466968 -0.0029166313 0.00099569304)
(-0.0010050734 -0.0030025364 1.4961206e-39)
(-0.0020020412 -0.0020250915 -7.579762e-43)
(-0.0020186558 -0.0029707568 0.00099951714)
(0.0010072426 -0.0030028988 1.3100243e-39)
(2.8694712e-07 -0.0020099444 -1.1882419e-42)
(1.1830989e-06 -0.0030064791 0.00099986815)
(0.0030411339 -0.0029177543 -7.9975827e-42)
(0.0020029085 -0.0020254117 -4.9678731e-43)
(0.0020240434 -0.0029724806 0.0010003842)
(0.0052736349 -0.0026922123 -6.3538757e-42)
(0.0040255103 -0.0019496635 2.7765826e-45)
(0.0040537338 -0.0029200887 0.0010013013)
(0.0058473321 -0.003162223 0.0010007495)
(-0.0026948492 -0.0013944599 4.6471984e-46)
(-0.00098936321 -0.0010361685 1.7526126e-45)
(-0.0019355432 -0.0012148397 0.00099752025)
(0.00098936321 -0.0010361685 1.5856688e-45)
(-2.3133672e-06 -0.0010000758 0.00099906031)
(0.0026948492 -0.0013944599 3.2151853e-46)
(0.0019253911 -0.0012124726 0.00099978797)
(-0.0027310135 -0.018571495 0.0019978325)
(-0.0040426525 -0.018038686 0.0019999729)
(-0.00099049785 -0.018941149 0.0020007126)
(-0.0020136971 -0.017972508 0.0020008915)
(-0.0019026235 -0.018792836 0.0029992288)
(0.00098619231 -0.018941573 0.0019999865)
(2.4274838e-07 -0.017985801 0.0020004408)
(-4.7791171e-06 -0.018999843 0.0029964223)
(0.0027542615 -0.018564443 0.0019994767)
(0.0020096059 -0.017972722 0.0020006527)
(0.0019249187 -0.018787637 0.0029931586)
(0.0040178111 -0.018051964 0.0019993056)
(-0.0052755803 -0.017285843 0.0020021845)
(-0.0063779026 -0.016349076 0.0020002476)
(-0.0058532741 -0.0168329 0.002999973)
(-0.0030511707 -0.017092909 0.002000243)
(-0.0040831534 -0.016094286 0.0019965394)
(-0.0040542319 -0.017081756 0.0029972366)
(-0.001008755 -0.016993069 0.0019995797)
(-0.0020196638 -0.017030864 0.0029970942)
(0.0010077657 -0.016992986 0.0019995535)
(-2.8820373e-07 -0.016991962 0.0029988352)
(0.0030563691 -0.017090643 0.0019993691)
(0.0020260648 -0.017028294 0.0029980565)
(0.0052948899 -0.017272006 0.0020011849)
(0.0040845325 -0.016093093 0.0019969635)
(0.0040464711 -0.01708709 0.0029994545)
(0.0063715816 -0.016355825 0.0019866394)
(0.0058388939 -0.016844701 0.0029946668)
(-0.0072716029 -0.015295396 0.0019706236)
(-0.0080465804 -0.014027024 0.0018088921)
(-0.0076462959 -0.014737941 0.002950454)
(-0.0051134566 -0.015113383 0.0019879095)
(-0.0060949649 -0.014080381 0.0019155398)
(-0.0061231083 -0.015126918 0.0029759379)
(-0.004082811 -0.015096718 0.0029911145)
(0.005115879 -0.015110954 0.001988747)
(0.004084071 -0.015094874 0.0029943936)
(0.0072805319 -0.015282992 0.0019676485)
(0.0060954972 -0.014081402 0.0019240872)
(0.0061340855 -0.015113808 0.0029886496)
(0.0080374613 -0.014044944 0.0018276469)
(0.0076468419 -0.014737017 0.0029547148)
(-0.0085753934 -0.012718626 0.0017761948)
(-0.0070936831 -0.013041091 0.0017605503)
(-0.0079755171 -0.011999594 0.0017676663)
(-0.0083674027 -0.013304615 0.002855273)
(-0.0060400663 -0.012024952 0.0018608812)
(-0.0060763319 -0.01305366 0.0029023025)
(0.0070897257 -0.013054036 0.0017875526)
(0.0060389944 -0.012031894 0.0018751255)
(0.0060790426 -0.013049839 0.0029138009)
(0.008573026 -0.012725968 0.0017989987)
(0.0079720669 -0.012013202 0.0017918158)
(0.0083836366 -0.013261564 0.0028753759)
(-0.0089428071 -0.010973707 0.0017607966)
(-0.0069983487 -0.010998454 0.0018249197)
(-0.0079860109 -0.0099817647 0.0017049114)
(-0.0079684845 -0.010992477 0.0028624162)
(-0.0060084461 -0.009991069 0.0018749248)
(-0.0060150591 -0.011007692 0.0028937751)
(0.0069974833 -0.011008291 0.0018394227)
(0.0060088298 -0.010000677 0.0018830053)
(0.0060156299 -0.011012163 0.0029025648)
(0.0089418486 -0.0109834 0.0017779322)
(0.007986545 -0.0099962459 0.0017229285)
(0.0079688143 -0.010998353 0.0028730744)
(-0.0089396534 -0.0089943127 0.0017077227)
(-0.0069973942 -0.0089802968 0.0018457974)
(-0.0079702929 -0.0079753337 0.0018217509)
(-0.0079673255 -0.0089890817 0.0028616333)
(-0.0060402382 -0.0079642312 0.0019248978)
(-0.0060154733 -0.0089816128 0.002912523)
(0.0069994963 -0.0089946483 0.0018519244)
(0.0060426853 -0.0079754887 0.0019277346)
(0.0060165133 -0.0089896694 0.0029165775)
(0.0089417344 -0.0090154407 0.0017169976)
(0.0079775658 -0.0080006955 0.0018222032)
(0.0079689333 -0.0090016994 0.0028662313)
(-0.0085791038 -0.0072940678 0.0018637001)
(-0.0070910453 -0.0069454863 0.0019484712)
(-0.0080467616 -0.005972456 0.0019763436)
(-0.0083774832 -0.0067220868 0.0029696053)
(-0.006102307 -0.0059266167 0.0019717075)
(-0.0060809926 -0.0069496771 0.0029634105)
(0.0070997163 -0.006969366 0.0019512248)
(0.0061002182 -0.0059278539 0.0019837881)
(0.0060816082 -0.0069544643 0.0029655366)
(0.0085719045 -0.007270335 0.0018656414)
(0.0080547114 -0.0059873288 0.001978989)
(0.0083777566 -0.0067228132 0.002966006)
(-0.0072880739 -0.0047275328 0.0019847294)
(-0.0076559055 -0.005277558 0.0029935844)
(-0.0051221321 -0.0048975254 0.0019776317)
(-0.0064021371 -0.0036767992 0.001946537)
(-0.0061384119 -0.0048926399 0.0029860078)
(-0.0040825175 -0.003908448 0.0019880526)
(-0.0040881547 -0.0049103148 0.0029908819)
(0.0051129607 -0.0048880522 0.0019972934)
(0.0040808304 -0.0039043151 0.0019989821)
(0.0040866261 -0.0049074455 0.0029976373)
(0.0072936166 -0.0047352676 0.0019988354)
(0.0063475666 -0.0036206839 0.0019926354)
(0.0061316351 -0.0048857368 0.0029959264)
(0.0076702426 -0.005300614 0.0029920504)
(-0.0052690983 -0.0027095119 0.001991526)
(-0.005836953 -0.0031537051 0.0029885836)
(-0.0030370815 -0.002902064 0.0019996403)
(-0.0040169425 -0.0019475716 0.0019980417)
(-0.0040604343 -0.0029230817 0.002997432)
(-0.001004859 -0.0030055582 0.0019998451)
(-0.0020023938 -0.0020235065 0.0020010126)
(-0.002024343 -0.00297143 0.0029987412)
(0.0010098357 -0.0030065551 0.0020000579)
(1.6829731e-06 -0.0020137841 0.0020000068)
(1.5298892e-06 -0.0030082268 0.0029999956)
(0.0030520968 -0.002907361 0.0019994074)
(0.0020146342 -0.0020277148 0.0020009418)
(0.0020291586 -0.0029726614 0.0029996947)
(0.0052636263 -0.0027055908 0.0020012122)
(0.004037815 -0.0019587282 0.0019999623)
(0.0040597218 -0.0029218113 0.0029992411)
(0.0058315154 -0.0031492426 0.0029985931)
(-0.0027132498 -0.0014231158 0.0019973605)
(-0.00098553485 -0.0010583616 0.0020002888)
(-0.0019207157 -0.0012113824 0.0029995665)
(0.00099068227 -0.0010588685 0.0020003411)
(-1.0278506e-06 -0.0010000337 0.0029998145)
(0.0027050152 -0.0014206179 0.0020012265)
(0.0019339086 -0.0012144586 0.00300019)
(-0.0027264949 -0.018572866 0.0039998711)
(-0.0040264336 -0.018047355 0.0039989562)
(-0.0009880387 -0.018941391 0.0040001781)
(-0.0020014015 -0.017976936 0.0039972057)
(-0.0019383981 -0.018784494 0.0049995998)
(0.00098509684 -0.018941681 0.0040000261)
(-1.1654137e-06 -0.017986008 0.0039994368)
(1.7404646e-07 -0.018999994 0.0050004776)
(0.002655799 -0.018594311 0.0039989195)
(0.0020051085 -0.017975089 0.004001335)
(0.0019181198 -0.018789223 0.0049967849)
(0.0040281989 -0.018046412 0.0039997326)
(-0.005289151 -0.017276119 0.0039955319)
(-0.0063499449 -0.016377089 0.0039939082)
(-0.0058462687 -0.016838649 0.0049998158)
(-0.0030373411 -0.017099032 0.0039948561)
(-0.0040787791 -0.01609904 0.0039958064)
(-0.0040531122 -0.017082523 0.0050022568)
(-0.0010063635 -0.016994368 0.0039986815)
(-0.0020257986 -0.017029301 0.0049992357)
(0.0010070063 -0.016993605 0.003999523)
(-1.3841198e-10 -0.016991885 0.004999327)
(0.0030431057 -0.017097278 0.0040020827)
(0.0020288561 -0.017027485 0.0049999054)
(0.0052605199 -0.017296635 0.0039975328)
(0.0040769432 -0.016099996 0.0039970563)
(0.0040570492 -0.01708083 0.0049973815)
(0.0063614405 -0.016366322 0.0039902183)
(0.0058485337 -0.01683679 0.0050002136)
(-0.0072807236 -0.015282725 0.0039859045)
(-0.0080502173 -0.014021077 0.0039577591)
(-0.0076609233 -0.014714372 0.0049970717)
(-0.005108044 -0.015120221 0.003991171)
(-0.0060928584 -0.014083774 0.0039645728)
(-0.006118937 -0.015128366 0.0049948939)
(-0.0040803164 -0.015099455 0.0049966391)
(0.0051096607 -0.01511701 0.0039932371)
(0.0040818642 -0.015097821 0.0049960858)
(0.0072954755 -0.015262139 0.0039915236)
(0.0060972415 -0.014078204 0.0039697988)
(0.0061169026 -0.015130742 0.0049946653)
(0.0080457575 -0.014029423 0.0039633243)
(0.0076778383 -0.014687171 0.004990493)
(-0.0085644002 -0.012754427 0.0039508936)
(-0.0070942036 -0.01304354 0.0039402559)
(-0.007974041 -0.012007269 0.0039381694)
(-0.0083747926 -0.013285062 0.004977048)
(-0.0060399256 -0.012028429 0.0039327042)
(-0.0060771209 -0.013052223 0.0049700306)
(0.007097584 -0.013036146 0.003947002)
(0.0060415656 -0.012026923 0.0039395488)
(0.0060783696 -0.013051027 0.0049738464)
(0.0085650719 -0.012752189 0.0039521034)
(0.0079786729 -0.011993098 0.0039442779)
(0.0083752184 -0.01328393 0.0049831886)
(-0.0089418211 -0.010983678 0.0039458372)
(-0.0069980436 -0.011004159 0.003925505)
(-0.0079862495 -0.0099931925 0.0039235146)
(-0.0079682723 -0.010997397 0.0049694006)
(-0.0060083216 -0.0099957293 0.0039305511)
(-0.0060149645 -0.011010184 0.0049583001)
(0.0069988335 -0.011006672 0.0039315729)
(0.0060087843 -0.010000463 0.0039350291)
(0.0060154312 -0.011012248 0.0049618555)
(0.0089407241 -0.010994816 0.0039493803)
(0.0079866238 -0.010000709 0.0039281093)
(0.0079683037 -0.01100152 0.0049717379)
(-0.0089407148 -0.0090050886 0.0039387659)
(-0.006998263 -0.008987614 0.0039343923)
(-0.0079745668 -0.0079905936 0.003953223)
(-0.0079683055 -0.0089967848 0.004969881)
(-0.0060420517 -0.0079697448 0.0039576256)
(-0.0060155944 -0.0089853208 0.00496424)
(0.0069988968 -0.0089937036 0.0039366995)
(0.0060425178 -0.0079741096 0.0039581756)
(0.0060156315 -0.0089887219 0.0049661187)
(0.0089416473 -0.0090145566 0.0039419665)
(0.007975357 -0.0079939312 0.0039486565)
(0.0079682016 -0.0089996604 0.0049715817)
(-0.008576572 -0.0072857217 0.0039750569)
(-0.0070971899 -0.0069596302 0.0039793989)
(-0.0080414573 -0.0059625323 0.0039950965)
(-0.0083759055 -0.0067178951 0.0049857205)
(-0.0061047535 -0.0059301003 0.0039883053)
(-0.006080495 -0.0069505165 0.004984321)
(0.0070983428 -0.0069641796 0.0039719121)
(0.0061026555 -0.0059288601 0.0039904636)
(0.0060803798 -0.0069522786 0.0049857494)
(0.0085825696 -0.0073054928 0.0039658801)
(0.0080480662 -0.0059748967 0.0039951261)
(0.0083748867 -0.0067151882 0.0050008993)
(-0.0073122844 -0.0047613185 0.0040001163)
(-0.0076643176 -0.0052910859 0.0050047336)
(-0.005119786 -0.0048943995 0.0039940209)
(-0.0063947547 -0.0036689171 0.00399686)
(-0.006129956 -0.0048832425 0.0049996638)
(-0.0040815294 -0.0039050487 0.0039956651)
(-0.0040838338 -0.0049054626 0.0049974089)
(0.0051192041 -0.0048923624 0.0039987092)
(0.0040845345 -0.0039064058 0.0039992054)
(0.0040854942 -0.0049057567 0.0049989884)
(0.0072966251 -0.004739466 0.0040012881)
(0.0063908633 -0.0036647622 0.0040033721)
(0.0061339419 -0.0048887485 0.0049989889)
(0.0076450081 -0.0052600337 0.0050045135)
(-0.0052560196 -0.0027001399 0.0039914414)
(-0.0058386592 -0.0031551053 0.0049971033)
(-0.0030511649 -0.0029062168 0.0040008827)
(-0.0040257375 -0.0019522727 0.0039960489)
(-0.0040521055 -0.0029168393 0.0049998405)
(-0.0010068272 -0.0030066743 0.0040004005)
(-0.0020107467 -0.0020268432 0.0040005616)
(-0.0020234149 -0.0029707633 0.0050015192)
(0.0010094439 -0.0030069375 0.0040003936)
(1.730108e-06 -0.0020142993 0.0040011177)
(2.0390228e-06 -0.0030083276 0.005000503)
(0.003047315 -0.0029050862 0.0040012804)
(0.0020129349 -0.0020269873 0.0040015169)
(0.0020270013 -0.0029716207 0.0050001981)
(0.0052775088 -0.0027155388 0.0039958605)
(0.0040233839 -0.0019510147 0.0040022432)
(0.0040615504 -0.0029235504 0.0050006571)
(0.0058351481 -0.0031522238 0.0049991615)
(-0.0027306931 -0.0014284072 0.0039920915)
(-0.00098756595 -0.0010585616 0.0040012707)
(-0.0019184932 -0.0012108642 0.005003003)
(0.00098562884 -0.0010583708 0.0040006154)
(2.41509e-06 -0.0010000791 0.0050010628)
(0.0027098088 -0.001422072 0.0039982174)
(0.0019505248 -0.0012183329 0.0049961913)
(-0.0027075985 -0.018578598 0.0060011373)
(-0.0040229945 -0.018049193 0.0060006231)
(-0.00098977686 -0.01894122 0.0059998119)
(-0.0020051983 -0.017975684 0.0060000354)
(-0.0018978644 -0.018793946 0.007003688)
(0.00098452595 -0.018941737 0.0059998695)
(5.0719318e-07 -0.017985892 0.0059988701)
(2.3774738e-06 -0.018999922 0.0069985281)
(0.0027482826 -0.018566257 0.0059984083)
(0.0020113176 -0.017973376 0.0060002976)
(0.0019004391 -0.018793345 0.0069971933)
(0.004036984 -0.018041716 0.0060009881)
(-0.005258418 -0.017298142 0.0060016822)
(-0.0063697355 -0.016357796 0.0060157687)
(-0.0058390526 -0.016844571 0.0069978709)
(-0.0030410401 -0.017098239 0.0059994674)
(-0.0040763912 -0.016100591 0.0060008133)
(-0.004057523 -0.017080018 0.0070000512)
(-0.0010069262 -0.01699407 0.0059993193)
(-0.0020215393 -0.017030561 0.0069986877)
(0.0010082551 -0.016993273 0.0059994346)
(6.9861445e-07 -0.016991812 0.0069990903)
(0.0030475051 -0.017095412 0.006000235)
(0.0020287564 -0.017027285 0.006998783)
(0.0052577537 -0.017298618 0.0059984523)
(0.0040800822 -0.016097553 0.0059990417)
(0.0040537088 -0.017082319 0.0070017276)
(0.0063723299 -0.016355026 0.0060001819)
(0.0058383522 -0.016845146 0.0070006877)
(-0.0072874214 -0.015273378 0.0059921412)
(-0.0080526082 -0.014016606 0.005994322)
(-0.0076611432 -0.014714019 0.0070022131)
(-0.0051086113 -0.015118688 0.0060006708)
(-0.0060957989 -0.014079783 0.0059924401)
(-0.0061208227 -0.015128351 0.0070017293)
(-0.0040824362 -0.015097359 0.0069994016)
(0.0051129634 -0.015113824 0.0059985285)
(0.004087472 -0.015092197 0.0069995634)
(0.0072943494 -0.01526371 0.0059998544)
(0.0060986107 -0.014077119 0.0059935503)
(0.0061397007 -0.015108008 0.0070023117)
(0.0080449319 -0.014030967 0.0059977566)
(0.0076425093 -0.014743985 0.0070007923)
(-0.0085751509 -0.012718963 0.0059922609)
(-0.0070986078 -0.013032799 0.0059890594)
(-0.0079772591 -0.011999983 0.0059903721)
(-0.008367376 -0.013304767 0.0069968975)
(-0.0060406145 -0.012027409 0.0059802885)
(-0.0060776186 -0.013052597 0.0069937378)
(0.0070938228 -0.0130465 0.0059912159)
(0.0060408387 -0.012029008 0.0059823656)
(0.0060802818 -0.013048614 0.0069944807)
(0.0085832911 -0.012692129 0.0059944683)
(0.007973723 -0.012009532 0.005991075)
(0.0083809901 -0.013268596 0.0069982986)
(-0.0089419882 -0.010981982 0.0059944641)
(-0.0069982187 -0.011004961 0.0059808382)
(-0.0079862905 -0.0099956821 0.0059868914)
(-0.0079678016 -0.011000385 0.0069956258)
(-0.0060079232 -0.0099974508 0.0059771576)
(-0.0060145077 -0.01101148 0.0069886662)
(0.0069979156 -0.011008521 0.005982402)
(0.0060080027 -0.010000682 0.0059786917)
(0.0060150656 -0.011012747 0.0069894921)
(0.008941317 -0.010988797 0.0059944293)
(0.0079863175 -0.01000093 0.0059876425)
(0.0079681159 -0.011002292 0.0069959521)
(-0.0089408033 -0.0090059872 0.0059933547)
(-0.0069980337 -0.0089895098 0.0059824349)
(-0.007976351 -0.0079963113 0.0059908337)
(-0.0079671745 -0.0089934063 0.0069948271)
(-0.0060411718 -0.00797006 0.0059851717)
(-0.0060144038 -0.008984511 0.0069894249)
(0.0069981762 -0.008993142 0.0059833134)
(0.006040898 -0.0079724054 0.0059857256)
(0.0060147091 -0.0089883621 0.0069898671)
(0.0089414278 -0.0090123284 0.0059937536)
(0.0079753365 -0.0079927548 0.0059914607)
(0.0079684695 -0.0090008583 0.0069953907)
(-0.0085902683 -0.0073308718 0.0059988652)
(-0.0070968456 -0.0069610538 0.0059934696)
(-0.0080493129 -0.0059772291 0.0059970164)
(-0.0083749487 -0.006715353 0.0069954949)
(-0.0060993966 -0.005923691 0.0059953139)
(-0.0060774312 -0.0069457738 0.006994562)
(0.0070969464 -0.0069625098 0.0059923986)
(0.0060928888 -0.0059181895 0.0059972254)
(0.0060780921 -0.0069502383 0.0069940378)
(0.0085716226 -0.0072694056 0.005995439)
(0.0080471788 -0.0059732364 0.0060018871)
(0.0083921495 -0.0067610543 0.0069874289)
(-0.0072923284 -0.0047334699 0.0059989371)
(-0.0076622487 -0.0052877588 0.0070011755)
(-0.0051126379 -0.0048865774 0.0059985749)
(-0.0063898022 -0.0036636293 0.0059975585)
(-0.0061179697 -0.0048694865 0.0069951856)
(-0.0040772813 -0.0039012706 0.005999895)
(-0.0040815816 -0.0049030123 0.0069983154)
(0.0051029922 -0.0048761905 0.0060004139)
(0.0040766974 -0.0038987554 0.0059998753)
(0.004079209 -0.004900157 0.0069999618)
(0.0072856548 -0.004724157 0.0060034773)
(0.0063056775 -0.0035814505 0.0060050883)
(0.0061238215 -0.0048767027 0.0069974072)
(0.007667572 -0.0052963193 0.0069971936)
(-0.0052432064 -0.002690958 0.0060075014)
(-0.0058395583 -0.0031558432 0.0069990146)
(-0.0030501941 -0.0029054418 0.0060012095)
(-0.0040323152 -0.0019557885 0.005999221)
(-0.0040541298 -0.0029192215 0.0069999723)
(-0.001004635 -0.0030060899 0.0060006475)
(-0.0020092393 -0.0020269208 0.0060014678)
(-0.0020146718 -0.0029674687 0.0070005436)
(0.0010094978 -0.0030066293 0.005999974)
(3.3037908e-06 -0.0020141854 0.0060008032)
(3.5329073e-06 -0.0030080532 0.0070002604)
(0.0030415256 -0.0029025683 0.0059992515)
(0.0020039305 -0.0020238045 0.0059980515)
(0.0020319374 -0.002973452 0.0069998025)
(0.0052768388 -0.0027150587 0.0059985138)
(0.0040413053 -0.0019605939 0.0059974036)
(0.0040475741 -0.0029133536 0.007000209)
(0.0058530942 -0.0031669518 0.0070000528)
(-0.0027507922 -0.0014345042 0.005989776)
(-0.00098130434 -0.0010579449 0.0060000701)
(-0.0019024801 -0.0012071305 0.0070010897)
(0.00099033062 -0.0010588339 0.005999721)
(5.0789045e-06 -0.0010001663 0.0069997782)
(0.0026797771 -0.001412962 0.0059947882)
(0.0019176231 -0.0012106613 0.0070036995)
(-0.0027403717 -0.018568656 0.0079997648)
(-0.004024352 -0.018048468 0.0079999852)
(-0.00098744269 -0.01894145 0.0080000766)
(-0.0020114356 -0.017973547 0.0079992633)
(-0.0019387891 -0.018784403 0.008997379)
(0.00098737266 -0.018941457 0.0079998633)
(-8.8654791e-08 -0.017985757 0.0079988583)
(-2.2136601e-06 -0.018999927 0.0090000085)
(0.0027313378 -0.018571397 0.0080038995)
(0.002011223 -0.01797324 0.0079983423)
(0.0019291445 -0.018786652 0.0089984606)
(0.0040156379 -0.018053126 0.0079998578)
(-0.0052774155 -0.017284528 0.0079967683)
(-0.0064024211 -0.016322898 0.0079918734)
(-0.0058465757 -0.016838397 0.0089996132)
(-0.0030466777 -0.017095557 0.0079987852)
(-0.0040824237 -0.016095648 0.0079992518)
(-0.0040604383 -0.017077859 0.0090011699)
(-0.0010083327 -0.016993396 0.0079995104)
(-0.0020316169 -0.017026932 0.0090007436)
(0.0010081001 -0.016993204 0.0079991894)
(-1.079515e-06 -0.016991546 0.0089996865)
(0.0030489166 -0.01709458 0.0079978454)
(0.0020251021 -0.017028688 0.008999593)
(0.0052739698 -0.017286997 0.0079963446)
(0.0040834604 -0.016094015 0.0079995053)
(0.0040584902 -0.017078772 0.0089989958)
(0.0063841425 -0.016342414 0.0080009666)
(0.0058482378 -0.016837033 0.0090011735)
(-0.0073251643 -0.015220708 0.0080001105)
(-0.0080498146 -0.014021832 0.0079985509)
(-0.0076745297 -0.014692492 0.0090077021)
(-0.0051174287 -0.015108885 0.0079992055)
(-0.0061027357 -0.014070954 0.007998752)
(-0.0061143821 -0.015132065 0.0090025566)
(-0.0040816622 -0.015098552 0.009000418)
(0.0051182894 -0.015109255 0.0080002044)
(0.0040859805 -0.015093761 0.0089997213)
(0.0072862517 -0.01527501 0.0080010002)
(0.0060991864 -0.014076973 0.0079995377)
(0.0061275646 -0.015122738 0.0090004202)
(0.008049228 -0.01402293 0.0080010117)
(0.0076895216 -0.014668383 0.0090047923)
(-0.0085662759 -0.01274822 0.0079919792)
(-0.0070961388 -0.013041892 0.0080001202)
(-0.0079725153 -0.01201501 0.0080006811)
(-0.0083776996 -0.013277338 0.0090001206)
(-0.0060400218 -0.012029748 0.0079959789)
(-0.006076968 -0.013053103 0.0089994406)
(0.0070955189 -0.013041379 0.0079980896)
(0.0060409291 -0.012028906 0.0079958389)
(0.0060780067 -0.013052161 0.0089988383)
(0.0085747738 -0.012720206 0.0080011891)
(0.0079746363 -0.012008797 0.0079989764)
(0.0083731985 -0.013289297 0.0089957351)
(-0.0089415713 -0.010986215 0.0080003073)
(-0.0069972673 -0.011007944 0.0079964292)
(-0.0079858527 -0.009997682 0.0079983312)
(-0.0079677373 -0.011000518 0.0089996835)
(-0.0060071572 -0.0099982998 0.0079941468)
(-0.0060139244 -0.01101292 0.0089975757)
(0.0069978298 -0.011008923 0.0079962829)
(0.0060075775 -0.010000997 0.0079944566)
(0.0060150692 -0.011013447 0.0089976055)
(0.008941297 -0.010988999 0.0080005656)
(0.0079860466 -0.010002108 0.0079980705)
(0.0079680305 -0.011002578 0.0089988445)
(-0.0089411335 -0.00900934 0.0079991222)
(-0.0069967683 -0.0089878879 0.0079959608)
(-0.0079700149 -0.0079799737 0.0079978342)
(-0.0079674455 -0.0089962848 0.0089991205)
(-0.0060392036 -0.0079664147 0.0079957591)
(-0.0060141565 -0.0089856062 0.0089973343)
(0.0069969301 -0.0089913192 0.0079960572)
(0.006038812 -0.0079682371 0.0079958295)
(0.0060150742 -0.0089900242 0.0089977672)
(0.0089416725 -0.0090148123 0.0079990075)
(0.0079677065 -0.0079759235 0.0079977046)
(0.0079682908 -0.0090024037 0.0089994777)
(-0.0085792268 -0.0072944732 0.0080008475)
(-0.0070900313 -0.006943237 0.0079981879)
(-0.0080469807 -0.0059728658 0.0079970954)
(-0.0083761902 -0.0067186515 0.0089940277)
(-0.0060978531 -0.0059214354 0.0079992995)
(-0.0060782752 -0.0069478277 0.0089984167)
(0.0070852734 -0.0069313396 0.0079972531)
(0.0060928193 -0.0059170843 0.0080001491)
(0.006079043 -0.0069506737 0.0089990784)
(0.0085794409 -0.0072951791 0.0080040522)
(0.008044315 -0.0059678785 0.0080022183)
(0.0083738534 -0.0067124426 0.0089970083)
(-0.0072925953 -0.0047338424 0.0080067642)
(-0.0076925572 -0.0053364988 0.0090049696)
(-0.0051145518 -0.0048872899 0.0079993188)
(-0.0063880677 -0.0036617774 0.0080014474)
(-0.0061230513 -0.0048769606 0.009001752)
(-0.0040800007 -0.0039034841 0.0079988498)
(-0.0040829484 -0.0049035076 0.0089993591)
(0.0051020833 -0.0048759356 0.0080025975)
(0.0040736845 -0.0038973554 0.0080012357)
(0.0040821326 -0.0049037857 0.0090013475)
(0.0072985218 -0.0047421128 0.0080009024)
(0.0063060639 -0.0035818124 0.0080119486)
(0.0061323267 -0.0048850053 0.0090044123)
(0.0076473044 -0.0052637263 0.0089975142)
(-0.0052835672 -0.0027198802 0.0079948945)
(-0.0058510855 -0.0031653034 0.0089992643)
(-0.0030294605 -0.0028982778 0.0080002017)
(-0.0040163379 -0.0019472485 0.0080004344)
(-0.0040570406 -0.0029207399 0.0089990435)
(-0.0010033366 -0.0030054404 0.0080002945)
(-0.0019990875 -0.0020221361 0.0080008927)
(-0.0020242038 -0.0029712791 0.0089998986)
(0.0010093373 -0.0030066086 0.0080004375)
(1.7026815e-06 -0.0020140133 0.0080002528)
(9.677469e-07 -0.0030082661 0.0089998788)
(0.0030456527 -0.0029037914 0.0080017006)
(0.002006516 -0.0020252972 0.0080003359)
(0.0020256848 -0.0029710183 0.0090008106)
(0.0052697875 -0.0027100058 0.0080001765)
(0.0040323317 -0.0019557973 0.0079980504)
(0.0040508206 -0.0029157236 0.0089997352)
(0.0058414529 -0.0031573981 0.0090008708)
(-0.0027678125 -0.0014396672 0.0079949599)
(-0.00098458909 -0.0010582684 0.008000403)
(-0.0019136946 -0.0012097453 0.009000926)
(0.0009880288 -0.0010586072 0.0080012218)
(-3.863078e-06 -0.0010001265 0.0089970804)
(0.0027555632 -0.0014359514 0.0079958473)
(0.0019284082 -0.001213176 0.0089988874)
(-0.0027232772 -0.018573842 0.0099986081)
(-0.004018068 -0.018051827 0.0099967052)
(-0.00099012443 -0.018941186 0.0099997344)
(-0.0020148974 -0.017972467 0.010001563)
(-0.0019026546 -0.018792829 0.010996258)
(0.00098564698 -0.018941627 0.0099998217)
(-3.6543868e-07 -0.017985774 0.0099997054)
(7.1059281e-07 -0.018999976 0.011000314)
(0.0027335931 -0.018570713 0.010006779)
(0.0020066403 -0.017974294 0.010001543)
(0.001913856 -0.018790217 0.010996572)
(0.0040239893 -0.018048662 0.009999504)
(-0.0052668955 -0.017292067 0.0099980081)
(-0.0063181979 -0.016406823 0.010004132)
(-0.0058572556 -0.016829632 0.011000066)
(-0.003047035 -0.017095607 0.010002804)
(-0.0040754578 -0.016102332 0.010000544)
(-0.0040595035 -0.017077619 0.010998744)
(-0.0010090715 -0.016993297 0.010000266)
(-0.0020218251 -0.017029942 0.0110003)
(0.001006759 -0.016993498 0.0099999708)
(-2.95795e-08 -0.016991893 0.011000008)
(0.0030477692 -0.0170951 0.010000567)
(0.0020234859 -0.017029162 0.011000003)
(0.0052614019 -0.017296003 0.0099985665)
(0.0040775063 -0.016099586 0.010000632)
(0.004056251 -0.017080099 0.011001232)
(0.0063152174 -0.016409615 0.010008951)
(0.0058478366 -0.016837362 0.010999357)
(-0.0072805083 -0.015283025 0.010001538)
(-0.0080490495 -0.014023264 0.0099989861)
(-0.0076706248 -0.014698771 0.011002222)
(-0.005101556 -0.015125956 0.010001561)
(-0.0060901166 -0.014086215 0.010000875)
(-0.006121947 -0.015126068 0.011002949)
(-0.004082005 -0.015097964 0.01100066)
(0.0051071366 -0.015119734 0.010001369)
(0.0040874686 -0.015091735 0.011000447)
(0.007285238 -0.015276425 0.009996035)
(0.006093834 -0.014082113 0.010000586)
(0.006138649 -0.015106998 0.011002489)
(0.0080423179 -0.014035858 0.010001102)
(0.0076451596 -0.014739723 0.011001358)
(-0.0085778432 -0.012710088 0.0099976874)
(-0.0070907513 -0.013053215 0.010000918)
(-0.0079704697 -0.012021259 0.010000982)
(-0.0083699398 -0.013297956 0.010994831)
(-0.0060385284 -0.012032669 0.0099994116)
(-0.0060762728 -0.013054543 0.010999755)
(0.0070966289 -0.013037945 0.010001147)
(0.0060415133 -0.012027574 0.0099998879)
(0.0060819895 -0.013044888 0.011001899)
(0.0085813981 -0.012698369 0.0099984988)
(0.0079766751 -0.012000855 0.010000112)
(0.0083892489 -0.013246652 0.011011772)
(-0.0089414878 -0.010987063 0.010000073)
(-0.0069967532 -0.011009841 0.0099994006)
(-0.0079859925 -0.010000917 0.0099997394)
(-0.0079677772 -0.011000552 0.010999512)
(-0.006006988 -0.009999839 0.0099986728)
(-0.0060138815 -0.011013014 0.010999361)
(0.0069985653 -0.011008425 0.0099997856)
(0.0060085578 -0.010002851 0.0099992813)
(0.0060160714 -0.011012499 0.011000473)
(0.0089409954 -0.010992062 0.010000218)
(0.0079867091 -0.010004517 0.01000037)
(0.0079689529 -0.010999813 0.011000977)
(-0.0089411806 -0.0090098177 0.0099997467)
(-0.0069975672 -0.0089916192 0.0099993704)
(-0.0079760968 -0.0079976327 0.010001926)
(-0.0079681814 -0.0089996612 0.011000017)
(-0.0060402212 -0.0079703488 0.0099991952)
(-0.0060139814 -0.0089863008 0.010999293)
(0.0069997307 -0.0089989078 0.010000126)
(0.0060435333 -0.0079798182 0.010000124)
(0.0060166686 -0.0089931479 0.011000489)
(0.008941742 -0.0090155183 0.01000075)
(0.0079831808 -0.0080177641 0.010003164)
(0.0079695483 -0.0090052849 0.011000876)
(-0.0085717611 -0.0072698621 0.010001908)
(-0.0070969149 -0.0069615302 0.010001272)
(-0.0080524282 -0.0059830573 0.0099987939)
(-0.0083886105 -0.0067516516 0.010997243)
(-0.0060968226 -0.0059217896 0.0099998271)
(-0.0060778063 -0.0069477176 0.010999365)
(0.0071054714 -0.0069848622 0.010000966)
(0.0061015103 -0.0059285002 0.010000275)
(0.0060830918 -0.0069598621 0.011001863)
(0.0085614295 -0.0072358035 0.0099992721)
(0.0080487181 -0.0059761163 0.01000357)
(0.0083850284 -0.0067421339 0.011006486)
(-0.0072941535 -0.0047360169 0.010000115)
(-0.0076590544 -0.0052826219 0.010997562)
(-0.0051097883 -0.0048824896 0.0099998478)
(-0.0063480637 -0.0036211495 0.0099981997)
(-0.0061290899 -0.0048800401 0.011000031)
(-0.0040800378 -0.0039015918 0.0099996132)
(-0.0040826674 -0.0049035369 0.010999678)
(0.0051157302 -0.0048894598 0.010000207)
(0.0040803844 -0.0039037749 0.010000437)
(0.0040866284 -0.0049074436 0.011001156)
(0.0072912492 -0.0047319639 0.0099970781)
(0.0063854314 -0.0036589627 0.009992811)
(0.0061337158 -0.004886934 0.011001991)
(0.0076650595 -0.0052922788 0.010995418)
(-0.0052699152 -0.0027100973 0.010002092)
(-0.005848046 -0.0031628089 0.011001129)
(-0.0030716611 -0.0029138994 0.0099984449)
(-0.0040272393 -0.0019530754 0.0099982747)
(-0.004052207 -0.0029173651 0.01099999)
(-0.0010081677 -0.0030071505 0.0099998906)
(-0.0020121282 -0.0020297287 0.010000229)
(-0.0020217266 -0.0029701798 0.010999244)
(0.0010084897 -0.0030065865 0.010000599)
(1.3640926e-06 -0.0020143326 0.0099994799)
(1.0231242e-06 -0.0030082086 0.010999867)
(0.0030448144 -0.0029037248 0.010003349)
(0.0020072925 -0.0020253497 0.010002853)
(0.0020258386 -0.0029716196 0.010999759)
(0.0052614778 -0.0027040512 0.0099990801)
(0.0040272934 -0.0019531043 0.0099994322)
(0.0040576588 -0.0029204783 0.0110005)
(0.0058354467 -0.0031524689 0.01099956)
(-0.0026905722 -0.0014162366 0.010001237)
(-0.00098840762 -0.0010586445 0.010000917)
(-0.0019039759 -0.0012074792 0.010997834)
(0.00099058807 -0.0010588593 0.010001034)
(4.7602177e-07 -0.0010000156 0.010999606)
(0.0027196225 -0.0014250489 0.0099924013)
(0.0019207252 -0.0012113846 0.011000727)
(-0.0027271759 -0.018572659 0.012003213)
(-0.004019214 -0.018051214 0.011998981)
(-0.00098950779 -0.018941247 0.011999822)
(-0.0020020703 -0.017976254 0.012001682)
(-0.0019328367 -0.018785791 0.013001603)
(0.00098809357 -0.018941386 0.011999748)
(-3.2124895e-07 -0.017985847 0.012000375)
(-2.2784598e-06 -0.018999925 0.012998615)
(0.0027971662 -0.018551428 0.011999223)
(0.002015904 -0.01797075 0.011999185)
(0.0019115888 -0.018790746 0.012998842)
(0.0040430166 -0.018038491 0.011997791)
(-0.0052847859 -0.017279247 0.011998096)
(-0.0063633728 -0.016364512 0.012004319)
(-0.0058386423 -0.016844908 0.012998748)
(-0.0030411553 -0.017097187 0.012001549)
(-0.0040811067 -0.01609672 0.011999938)
(-0.0040593652 -0.017077592 0.013001392)
(-0.0010062063 -0.016994136 0.012000423)
(-0.0020210764 -0.017030361 0.013001609)
(0.0010089514 -0.016992835 0.011999816)
(-1.084575e-07 -0.016991892 0.012999886)
(0.0030614277 -0.017089625 0.01200051)
(0.0020287964 -0.017027107 0.012999248)
(0.0052586772 -0.017297956 0.011998012)
(0.0040878778 -0.016089932 0.011998515)
(0.0040580657 -0.017079324 0.013000737)
(0.0064271773 -0.016296466 0.011979486)
(0.0058425542 -0.016841697 0.012999538)
(-0.0072841281 -0.015277974 0.011997915)
(-0.0080482098 -0.014024835 0.01199775)
(-0.0076464781 -0.014737602 0.013016726)
(-0.0051119332 -0.015116558 0.011999775)
(-0.0060951886 -0.014080745 0.011999746)
(-0.0061247472 -0.015125059 0.01299446)
(-0.0040832832 -0.015096126 0.012998807)
(0.005125931 -0.015100107 0.011997468)
(0.0040887702 -0.015090088 0.012999048)
(0.0072840164 -0.01527813 0.012005084)
(0.0061048304 -0.014070858 0.011999693)
(0.0061502199 -0.01509466 0.012999009)
(0.0080371366 -0.014045551 0.011999068)
(0.0076961339 -0.014657749 0.012999167)
(-0.0085698829 -0.01273633 0.011995436)
(-0.0070967234 -0.013037393 0.012001792)
(-0.0079766162 -0.012000566 0.012000293)
(-0.0083817971 -0.013266451 0.013004757)
(-0.006040025 -0.012028632 0.011999974)
(-0.006078152 -0.013050482 0.013000064)
(0.0070964118 -0.01304018 0.012004268)
(0.0060422886 -0.012027461 0.012001243)
(0.0060808505 -0.013049861 0.01300054)
(0.0085780681 -0.012709346 0.011994953)
(0.0079757246 -0.012003152 0.012001948)
(0.0083674712 -0.013304515 0.012999771)
(-0.0089413871 -0.010988085 0.012000346)
(-0.0069976135 -0.011006916 0.011999903)
(-0.0079859755 -0.009999712 0.01200008)
(-0.0079682318 -0.010999651 0.012999934)
(-0.0060069235 -0.0099989106 0.011999597)
(-0.0060144125 -0.011011957 0.012999823)
(0.0069985519 -0.011008731 0.012000867)
(0.0060087612 -0.010002694 0.012000526)
(0.0060154316 -0.011013914 0.013000522)
(0.0089410172 -0.010991841 0.01200024)
(0.0079865394 -0.010003898 0.012000392)
(0.0079677443 -0.011003517 0.013000204)
(-0.0089414275 -0.009012325 0.011999547)
(-0.0069962007 -0.0089888571 0.011999481)
(-0.0079675553 -0.0079772759 0.011998779)
(-0.0079679146 -0.009000082 0.012999663)
(-0.0060377257 -0.0079646047 0.011999169)
(-0.0060137747 -0.0089858833 0.012999704)
(0.0069993192 -0.0089968993 0.012000782)
(0.0060432575 -0.0079777184 0.012001357)
(0.0060157376 -0.0089904885 0.013000662)
(0.008941814 -0.0090162492 0.012000208)
(0.0079773457 -0.0079967755 0.012000736)
(0.0079682767 -0.0090029423 0.013000175)
(-0.0085726919 -0.0072729306 0.01200856)
(-0.0070822948 -0.0069240932 0.011997044)
(-0.0080472569 -0.0059733825 0.01200046)
(-0.0083808904 -0.0067311396 0.012994896)
(-0.0060948957 -0.0059165263 0.0119994)
(-0.0060763299 -0.0069443435 0.012999324)
(0.0071024793 -0.0069756905 0.01200383)
(0.0061007654 -0.0059278691 0.012002228)
(0.0060803603 -0.0069522668 0.013001156)
(0.0085765482 -0.007285643 0.011996473)
(0.0080470959 -0.0059730813 0.012002944)
(0.0083717165 -0.006706765 0.013001059)
(-0.0072850483 -0.0047233106 0.011998944)
(-0.0076646907 -0.0052916857 0.012999453)
(-0.0051097782 -0.0048827438 0.01199969)
(-0.0063667008 -0.0036389642 0.011997185)
(-0.0061276242 -0.0048788527 0.012999679)
(-0.0040757924 -0.003899833 0.011999945)
(-0.0040794364 -0.0049014123 0.012999535)
(0.0051171952 -0.0048895832 0.012003434)
(0.004086093 -0.0039071537 0.012002782)
(0.0040866517 -0.0049069879 0.012999983)
(0.0073047883 -0.0047508578 0.011999683)
(0.0063533554 -0.0036261058 0.012015734)
(0.0061260182 -0.0048788323 0.012998013)
(0.0076617482 -0.0052869538 0.012994294)
(-0.00525263 -0.0026977109 0.012004494)
(-0.0058581669 -0.0031711149 0.012998324)
(-0.0030458953 -0.0029037487 0.011998661)
(-0.0040267799 -0.0019528299 0.012000206)
(-0.0040478996 -0.0029147402 0.012998847)
(-0.0010063328 -0.003006007 0.011999701)
(-0.0020137945 -0.0020271783 0.011999205)
(-0.002016506 -0.0029675713 0.012998886)
(0.0010074586 -0.00300613 0.012000155)
(1.5373429e-06 -0.0020140657 0.012000036)
(1.0157694e-06 -0.0030076979 0.01300014)
(0.0030383163 -0.0029023384 0.012000804)
(0.0019988463 -0.0020221307 0.012000929)
(0.0020244104 -0.0029710477 0.013000633)
(0.0053127033 -0.0027407588 0.012012767)
(0.0040316817 -0.0019554499 0.01200038)
(0.0040622026 -0.0029236275 0.012998676)
(0.0058447747 -0.0031601242 0.012998749)
(-0.0027661293 -0.0014391566 0.0119989)
(-0.0009882083 -0.0010586249 0.012000628)
(-0.001925135 -0.0012124128 0.013002206)
(0.00099355289 -0.0010591513 0.011998996)
(-1.0957271e-06 -0.0010000359 0.013002496)
(0.002693924 -0.0014172534 0.011989691)
(0.0019177231 -0.0012106846 0.013002074)
(-0.0027117042 -0.018577352 0.013991558)
(-0.004021784 -0.01804984 0.014000792)
(-0.00099089068 -0.018941111 0.013999376)
(-0.002008281 -0.017974526 0.013999778)
(-0.0019038979 -0.018792539 0.015002295)
(0.00098504706 -0.018941686 0.013999157)
(-2.5033874e-06 -0.017986059 0.013999678)
(-4.6793351e-06 -0.018999846 0.014999113)
(0.0027343726 -0.018570476 0.014001958)
(0.0019922379 -0.017979004 0.013998724)
(0.0019106283 -0.01879097 0.014994619)
(0.0040239084 -0.018048705 0.014001111)
(-0.0052778349 -0.017284228 0.013998404)
(-0.0063284559 -0.016397216 0.013996389)
(-0.0058608514 -0.016826681 0.014998251)
(-0.0030420877 -0.017097076 0.013999659)
(-0.0040775122 -0.016099318 0.013999194)
(-0.0040533005 -0.017081646 0.015001134)
(-0.0010069012 -0.01699424 0.01400011)
(-0.0020178553 -0.017031527 0.015000934)
(0.0010048899 -0.016994233 0.013999505)
(-8.4470262e-07 -0.016992321 0.014999923)
(0.0030357399 -0.017100269 0.013997868)
(0.0020232057 -0.017029699 0.01500013)
(0.0052451571 -0.017307644 0.014003486)
(0.0040731343 -0.016102288 0.013999225)
(0.0040449357 -0.017087679 0.015001266)
(0.0063341708 -0.016391863 0.013986821)
(0.005849474 -0.016836018 0.014994698)
(-0.0072937585 -0.015264535 0.01399358)
(-0.0080426919 -0.014035158 0.013999383)
(-0.0076596059 -0.014716491 0.015007706)
(-0.0051082051 -0.015118953 0.013997446)
(-0.0060948455 -0.014081036 0.013997903)
(-0.0061323093 -0.015114448 0.014998176)
(-0.004081979 -0.015096125 0.014999339)
(0.0051066943 -0.015118808 0.013997433)
(0.0040765171 -0.015101416 0.01499944)
(0.0072915582 -0.015267605 0.01399729)
(0.0060966163 -0.014078909 0.013998589)
(0.0061209064 -0.015126001 0.014998283)
(0.0080428014 -0.014034953 0.014000452)
(0.0076953477 -0.014659014 0.014999795)
(-0.0085859449 -0.01268338 0.014001048)
(-0.0070928372 -0.013048683 0.01399936)
(-0.0079741414 -0.012006741 0.013999838)
(-0.0083693734 -0.01329946 0.014998046)
(-0.0060398652 -0.012030033 0.013999534)
(-0.0060783331 -0.013052661 0.014998813)
(0.0070958108 -0.013041402 0.014000376)
(0.0060406826 -0.012030174 0.01400037)
(0.0060765349 -0.013054938 0.015000345)
(0.0085647819 -0.012753145 0.014000193)
(0.0079757562 -0.012003352 0.014000023)
(0.0083619194 -0.013319265 0.014999803)
(-0.0089413263 -0.010988702 0.014000123)
(-0.0069974559 -0.011008188 0.013999775)
(-0.0079862555 -0.010000336 0.013999413)
(-0.0079678155 -0.011000325 0.014999688)
(-0.0060073218 -0.009999906 0.01399988)
(-0.0060145336 -0.011012989 0.014999643)
(0.0069979045 -0.011009637 0.01400031)
(0.006008043 -0.010002102 0.014000424)
(0.0060144826 -0.011014547 0.015000458)
(0.0089411591 -0.0109904 0.013999974)
(0.0079863163 -0.010002379 0.013999973)
(0.0079675365 -0.011003473 0.015000027)
(-0.0089418611 -0.009016727 0.013999586)
(-0.0069974912 -0.0089925588 0.014000266)
(-0.0079753407 -0.0079982851 0.014003132)
(-0.007968237 -0.0090008629 0.015000382)
(-0.0060394547 -0.007969457 0.014000475)
(-0.0060146296 -0.0089878949 0.015000337)
(0.0069981909 -0.0089944272 0.014000577)
(0.0060414409 -0.0079727458 0.014000765)
(0.0060150342 -0.008989317 0.015000373)
(0.0089420823 -0.009018973 0.013999777)
(0.007973621 -0.0079910638 0.014001694)
(0.0079685841 -0.0090031102 0.015000481)
(-0.0085839231 -0.0073099546 0.013999955)
(-0.0070930069 -0.0069520658 0.014002466)
(-0.0080448021 -0.0059687899 0.013999473)
(-0.0083768542 -0.0067204157 0.014994572)
(-0.0060946856 -0.0059186561 0.014000553)
(-0.006077782 -0.0069484863 0.015000492)
(0.0070946742 -0.0069551642 0.014002633)
(0.006102417 -0.0059276713 0.013999758)
(0.0060805147 -0.0069527477 0.014999499)
(0.0085771433 -0.007287605 0.013997559)
(0.0080397325 -0.0059593053 0.01399838)
(0.0083864975 -0.0067460374 0.01499464)
(-0.0072977423 -0.004741025 0.014001161)
(-0.0076778334 -0.0053128209 0.014997251)
(-0.0051057944 -0.0048792866 0.014000334)
(-0.0063343386 -0.0036082945 0.014002029)
(-0.0061251615 -0.0048774858 0.015001962)
(-0.0040734932 -0.0038977287 0.013999476)
(-0.0040796314 -0.0049005474 0.015000119)
(0.0051191316 -0.0048929746 0.013998903)
(0.0040824936 -0.0039054526 0.013999524)
(0.0040833142 -0.0049045693 0.014999146)
(0.0072973922 -0.0047405365 0.01400084)
(0.0064120341 -0.003687366 0.013996766)
(0.0061293438 -0.0048841387 0.01499926)
(0.0076350239 -0.0052439777 0.015002243)
(-0.0052665805 -0.0027077077 0.013997117)
(-0.0058418038 -0.003157686 0.015002562)
(-0.0030332736 -0.0028990134 0.013998886)
(-0.0040231903 -0.0019509112 0.013998225)
(-0.0040553335 -0.0029191961 0.01500031)
(-0.0010053538 -0.0030051864 0.013999661)
(-0.0020009742 -0.0020228678 0.013999871)
(-0.0020221806 -0.0029691997 0.014999481)
(0.0010074234 -0.0030062816 0.01400038)
(2.739265e-07 -0.0020139529 0.013999247)
(-1.4914209e-06 -0.003007802 0.014999698)
(0.0030475192 -0.0029049239 0.014001828)
(0.0020099957 -0.0020263593 0.014001836)
(0.0020240164 -0.0029707112 0.015000302)
(0.0052607122 -0.0027035025 0.013999148)
(0.0040211789 -0.001949836 0.014000915)
(0.0040590637 -0.0029209605 0.015000169)
(0.0058508608 -0.0031651189 0.015002472)
(-0.0027319528 -0.0014287893 0.01400327)
(-0.00098960906 -0.0010587628 0.014000004)
(-0.0019186243 -0.0012108948 0.015000505)
(0.00098719745 -0.0010585253 0.014000758)
(-2.8029179e-06 -0.0010000918 0.014998179)
(0.0027711544 -0.001440681 0.013993534)
(0.0019387631 -0.0012155905 0.014999098)
(-0.0027581082 -0.018563276 0.01599234)
(-0.0040120514 -0.018055043 0.016000213)
(-0.00098959122 -0.018941239 0.015999484)
(-0.0019951433 -0.017979191 0.016004573)
(-0.0019348752 -0.018785316 0.017002788)
(0.00098408271 -0.018941781 0.015999373)
(-1.637224e-06 -0.01798605 0.016000227)
(-2.868432e-06 -0.018999905 0.017001131)
(0.0027494537 -0.018565901 0.016003051)
(0.0020181496 -0.017970396 0.016000919)
(0.0019308729 -0.018786249 0.016996968)
(0.0040192917 -0.018051173 0.015999465)
(-0.0052589169 -0.017297784 0.015997724)
(-0.0063539273 -0.016373359 0.015987756)
(-0.0058342621 -0.016848503 0.017001539)
(-0.0030259951 -0.017103511 0.016004053)
(-0.0040752935 -0.016099516 0.015999212)
(-0.0040555197 -0.017079549 0.017000509)
(-0.0010044823 -0.01699508 0.016000633)
(-0.0020177012 -0.017032026 0.01700001)
(0.0010073121 -0.016993532 0.016000162)
(-8.7968718e-07 -0.016992298 0.017000051)
(0.0030561717 -0.01709296 0.01600132)
(0.0020230736 -0.017029908 0.017001129)
(0.0052522483 -0.017302563 0.015996523)
(0.0040683721 -0.01610747 0.015999536)
(0.0040529875 -0.01708255 0.017002008)
(0.0062920963 -0.01643127 0.015993238)
(0.0058455179 -0.016839265 0.016999272)
(-0.0073051181 -0.015248682 0.016000958)
(-0.0080576489 -0.014007175 0.016001928)
(-0.0076489396 -0.014733644 0.016995856)
(-0.0051124064 -0.015113618 0.015997818)
(-0.0061004689 -0.014073841 0.015998763)
(-0.0061343126 -0.015113925 0.01700035)
(-0.0040840088 -0.015094366 0.016999743)
(0.0050953412 -0.015130188 0.015998599)
(0.0040782881 -0.015099861 0.017000602)
(0.0072840893 -0.015278028 0.016000335)
(0.006090821 -0.014083926 0.015999884)
(0.0061291404 -0.015116007 0.016999308)
(0.0080506908 -0.014020193 0.016001857)
(0.007690698 -0.014666491 0.016998096)
(-0.0085640455 -0.012755573 0.016000164)
(-0.0070944831 -0.013046113 0.015997607)
(-0.0079742939 -0.012005752 0.015998604)
(-0.0083846955 -0.01325875 0.017000383)
(-0.006040627 -0.012029487 0.015999178)
(-0.0060795083 -0.013049652 0.016999528)
(0.007099261 -0.013031181 0.016002704)
(0.0060399594 -0.012030099 0.016000945)
(0.0060771552 -0.013053945 0.017001553)
(0.0085593782 -0.012770959 0.015996646)
(0.00797672 -0.012004196 0.016000683)
(0.0083595432 -0.013325579 0.017007846)
(-0.0089415487 -0.010986444 0.016000298)
(-0.006997789 -0.011008072 0.015999658)
(-0.0079863327 -0.010000208 0.016000235)
(-0.0079683364 -0.011000064 0.016999718)
(-0.0060078575 -0.010000614 0.016000138)
(-0.006015154 -0.011012652 0.016999868)
(0.0069976132 -0.011009459 0.016000623)
(0.0060072912 -0.010001519 0.016000488)
(0.0060140379 -0.011014582 0.017000767)
(0.0089411384 -0.010990611 0.016000219)
(0.0079860705 -0.010003095 0.016000419)
(0.0079673494 -0.011004094 0.017000448)
(-0.0089413896 -0.0090119405 0.01600027)
(-0.0069981341 -0.008993223 0.016000838)
(-0.007974743 -0.0079923957 0.016003407)
(-0.0079686345 -0.0090017246 0.017000594)
(-0.0060407044 -0.0079721993 0.016001175)
(-0.0060153451 -0.0089891844 0.017000577)
(0.0069972507 -0.0089925028 0.016000506)
(0.0060397037 -0.0079694982 0.016000124)
(0.0060138692 -0.0089874493 0.017000486)
(0.0089418096 -0.0090162041 0.016000556)
(0.0079722646 -0.0079864499 0.016001354)
(0.0079671397 -0.0089997469 0.017000488)
(-0.0085677531 -0.0072566496 0.015995656)
(-0.0070967724 -0.0069620055 0.016004564)
(-0.0080507646 -0.0059799449 0.015999015)
(-0.008377596 -0.0067223866 0.016996372)
(-0.0060936665 -0.0059190073 0.01600045)
(-0.0060791429 -0.0069517275 0.01700037)
(0.0070930991 -0.0069515466 0.015999712)
(0.0060968609 -0.005921305 0.015996856)
(0.0060759816 -0.0069428275 0.016999927)
(0.0085584901 -0.0072261137 0.015998541)
(0.0080492354 -0.005977084 0.015999184)
(0.0083523744 -0.0066553742 0.017003705)
(-0.0072886283 -0.0047283064 0.016002127)
(-0.0076573383 -0.0052798622 0.017000314)
(-0.0051029102 -0.0048760322 0.015999507)
(-0.0063241139 -0.0035987181 0.01600036)
(-0.006123656 -0.0048779536 0.016996687)
(-0.0040747814 -0.003897182 0.015999187)
(-0.0040811241 -0.0049008882 0.016999491)
(0.0051091957 -0.0048826273 0.015995501)
(0.0040775224 -0.0039008161 0.015998236)
(0.00407747 -0.004900551 0.01699884)
(0.0072882427 -0.0047277684 0.015994546)
(0.0063570402 -0.0036295569 0.015978599)
(0.0061232612 -0.004876471 0.016996084)
(0.0076746637 -0.0053077236 0.016995703)
(-0.005265562 -0.0027069779 0.015993808)
(-0.0058584093 -0.0031713138 0.016999725)
(-0.0030489635 -0.0029047111 0.016000091)
(-0.0040256532 -0.0019522276 0.016000001)
(-0.0040550519 -0.0029182742 0.017000001)
(-0.0010110685 -0.0030065401 0.015999958)
(-0.0020171058 -0.0020279178 0.016000473)
(-0.0020311885 -0.0029727319 0.01700075)
(0.0010038091 -0.0030054945 0.01600012)
(-5.0482949e-06 -0.0020141764 0.015999472)
(-4.1112549e-06 -0.0030078738 0.017000194)
(0.0030368089 -0.0029009037 0.016000998)
(0.0020015278 -0.0020230893 0.016000171)
(0.0020157428 -0.0029672132 0.017000535)
(0.0052780908 -0.0027159558 0.016000231)
(0.0040441112 -0.0019620936 0.016000104)
(0.0040429956 -0.0029121045 0.016999909)
(0.0058448177 -0.0031601594 0.017000464)
(-0.0026832896 -0.0014140275 0.016007883)
(-0.00099307039 -0.0010591037 0.015999473)
(-0.0019295816 -0.0012134496 0.017002479)
(0.0009878032 -0.001058585 0.016000003)
(-2.8383162e-06 -0.001000093 0.017000488)
(0.0027190747 -0.0014248828 0.015999346)
(0.0019378246 -0.0012153716 0.016998505)
(-0.0027514243 -0.018565303 0.018012517)
(-0.0040267501 -0.018047186 0.018000249)
(-0.0009935117 -0.018940852 0.017999781)
(-0.0020117403 -0.01797244 0.017998714)
(-0.0019186225 -0.018789106 0.018995459)
(0.00098474361 -0.018941716 0.017999472)
(-3.2499435e-06 -0.017985818 0.017999023)
(-2.3317922e-06 -0.018999923 0.018999786)
(0.0027533906 -0.018564707 0.018002728)
(0.0020131214 -0.017972961 0.017999429)
(0.0019266064 -0.018787244 0.018999052)
(0.0040288122 -0.018046084 0.018000719)
(-0.0052795053 -0.017283031 0.017997171)
(-0.006306142 -0.016418115 0.018003243)
(-0.0058387587 -0.016844812 0.019001586)
(-0.0030579889 -0.017091017 0.01799885)
(-0.0040794134 -0.016098327 0.017999727)
(-0.0040582346 -0.017078504 0.018999855)
(-0.0010089699 -0.016993588 0.017999486)
(-0.0020247365 -0.017029057 0.018998937)
(0.0010058303 -0.016993886 0.017999809)
(-2.1035586e-06 -0.016992159 0.01899957)
(0.0030458063 -0.017095839 0.01800005)
(0.0020206845 -0.017030698 0.018999705)
(0.0052899057 -0.017275578 0.01800138)
(0.0040781627 -0.0160987 0.018001407)
(0.0040446797 -0.017087504 0.019001675)
(0.0063591112 -0.016368504 0.018002344)
(0.0058610036 -0.016826556 0.018994011)
(-0.0072942974 -0.015263783 0.01800081)
(-0.0080528529 -0.014016148 0.017999958)
(-0.007638354 -0.014750667 0.01899154)
(-0.0051085187 -0.015118248 0.018000155)
(-0.0060961546 -0.014078351 0.018000234)
(-0.0061384775 -0.0151072 0.018999986)
(-0.0040863872 -0.015092839 0.0189995)
(0.0051102047 -0.015116705 0.018001515)
(0.0040788686 -0.015098881 0.019001557)
(0.0072912916 -0.015267977 0.018002191)
(0.0060962783 -0.014079634 0.018001077)
(0.0061282643 -0.015120338 0.019002152)
(0.0080403928 -0.014039459 0.017999761)
(0.0076593079 -0.01471697 0.018999426)
(-0.0085677033 -0.012743515 0.018000201)
(-0.0070904224 -0.013056071 0.017998647)
(-0.0079701427 -0.012018574 0.018000117)
(-0.0084047606 -0.013205439 0.019008035)
(-0.0060408289 -0.0120293 0.017999893)
(-0.0060827824 -0.013042234 0.019000509)
(0.0070973309 -0.013036452 0.018001451)
(0.006039663 -0.012030797 0.018001111)
(0.0060761374 -0.013055992 0.019001711)
(0.008577749 -0.012710398 0.017998045)
(0.0079764295 -0.01200348 0.018000326)
(0.008370269 -0.013297081 0.019007432)
(-0.0089414172 -0.01098778 0.018000471)
(-0.0069979533 -0.011008614 0.018000135)
(-0.0079864326 -0.010001539 0.018000412)
(-0.0079694549 -0.010997486 0.019000452)
(-0.0060081898 -0.010000816 0.018000308)
(-0.0060157425 -0.011011199 0.01900024)
(0.0069973394 -0.011010034 0.018000621)
(0.006007098 -0.010002082 0.018000537)
(0.006013626 -0.011015319 0.019000695)
(0.0089408145 -0.010993898 0.017999919)
(0.0079861454 -0.010003135 0.018000274)
(0.0079675505 -0.011002749 0.019000298)
(-0.0089413128 -0.0090111608 0.018000389)
(-0.0069986911 -0.0089945663 0.018000723)
(-0.0079783083 -0.0080018347 0.018002257)
(-0.0079683638 -0.009001495 0.019000491)
(-0.0060415651 -0.0079740649 0.018000875)
(-0.0060150483 -0.0089881912 0.019000425)
(0.0069977349 -0.0089943806 0.01800059)
(0.0060404772 -0.0079722638 0.018000613)
(0.006014857 -0.008990408 0.019000457)
(0.0089418083 -0.0090161912 0.017999944)
(0.0079757996 -0.0079984614 0.018001101)
(0.0079690398 -0.0090039604 0.019000633)
(-0.0085761761 -0.0072844164 0.017996853)
(-0.0071008644 -0.0069731661 0.018002676)
(-0.0080497885 -0.0059781188 0.018000006)
(-0.0083653547 -0.0066898621 0.018998122)
(-0.0060954797 -0.0059204787 0.017999895)
(-0.0060777625 -0.0069477082 0.019000456)
(0.0070960897 -0.0069592087 0.018001717)
(0.0060985348 -0.005924499 0.017999091)
(0.0060821953 -0.0069575993 0.019000706)
(0.0085674728 -0.0072557256 0.01800091)
(0.008043385 -0.0059661388 0.018000137)
(0.0083980679 -0.0067767792 0.019006463)
(-0.0072799052 -0.0047161334 0.017999293)
(-0.0076657485 -0.0052933869 0.019001642)
(-0.005109481 -0.0048815135 0.018000016)
(-0.0063547238 -0.0036273874 0.01799821)
(-0.0061313058 -0.0048831823 0.019001644)
(-0.0040800852 -0.0039013568 0.018000576)
(-0.0040864517 -0.0049049335 0.019000925)
(0.0051079272 -0.0048823295 0.017998886)
(0.0040712882 -0.0038975231 0.018000158)
(0.0040800551 -0.0049037909 0.018999978)
(0.0073010721 -0.0047456717 0.017999321)
(0.0063436985 -0.003617061 0.01799512)
(0.0061426414 -0.0048975482 0.018999369)
(0.0076526087 -0.0052722564 0.019000548)
(-0.0052738983 -0.0027129516 0.018004461)
(-0.0058384733 -0.0031549528 0.019000072)
(-0.0030454843 -0.0029038458 0.018001003)
(-0.0040192948 -0.001948829 0.018000157)
(-0.0040639687 -0.0029232415 0.019000037)
(-0.0010111667 -0.0030069424 0.018000266)
(-0.0020043138 -0.0020239355 0.018000396)
(-0.0020363784 -0.0029751365 0.019000041)
(0.0010016705 -0.0030047002 0.01800036)
(-2.7473122e-06 -0.002014 0.018000514)
(-4.6031188e-06 -0.0030080792 0.019000199)
(0.0030267432 -0.0028965622 0.018002454)
(0.0020017735 -0.0020225172 0.018001011)
(0.0020109128 -0.0029658619 0.019000204)
(0.0052569869 -0.002700833 0.018004932)
(0.0040233465 -0.0019509947 0.017998628)
(0.0040523519 -0.002918448 0.019000646)
(0.0058478891 -0.0031626801 0.019003031)
(-0.0026794447 -0.0014128611 0.0179981)
(-0.00098853696 -0.0010586572 0.018000224)
(-0.001930089 -0.0012135679 0.018996195)
(0.00098821482 -0.0010586255 0.017999762)
(-2.0047943e-06 -0.0010000657 0.019000582)
(0.002770379 -0.0014404458 0.017993639)
(0.0019180045 -0.0012107502 0.018997811)
(-0.0027327624 -0.018570964 0.0200021)
(-0.0040100296 -0.018056123 0.020000058)
(-0.00098903972 -0.018941293 0.019999731)
(-0.0020149116 -0.017973047 0.019999667)
(-0.0019275225 -0.01878703 0.021000864)
(0.00098476244 -0.018941714 0.019999385)
(-2.377426e-06 -0.017986039 0.019999536)
(-1.9988185e-06 -0.018999934 0.020999853)
(0.0027193235 -0.018575041 0.020004528)
(0.0020065379 -0.017975688 0.020001054)
(0.0019095659 -0.018791217 0.020998139)
(0.0040271624 -0.018046966 0.020002836)
(-0.0052780588 -0.017284067 0.019997137)
(-0.0063792417 -0.016347646 0.019992881)
(-0.0058349233 -0.01684796 0.021002771)
(-0.0030434542 -0.017096533 0.02000047)
(-0.0040821831 -0.016094709 0.019999004)
(-0.0040576104 -0.01707786 0.021000788)
(-0.0010084752 -0.016993914 0.019999596)
(-0.0020194401 -0.017031318 0.020999409)
(0.0010036453 -0.016994735 0.020000094)
(-1.995708e-06 -0.016992698 0.020999864)
(0.0030344701 -0.01710053 0.020001282)
(0.0020143886 -0.017032823 0.021001582)
(0.0052533288 -0.017301788 0.020001484)
(0.0040709085 -0.016103086 0.020001168)
(0.0040580908 -0.017079186 0.020999845)
(0.0063294623 -0.016396273 0.019993458)
(0.0058301229 -0.016851899 0.020998377)
(-0.0072994719 -0.015256562 0.019992982)
(-0.0080385334 -0.014042938 0.020001357)
(-0.00766762 -0.014703603 0.021012011)
(-0.005118917 -0.015108298 0.019997676)
(-0.0061008756 -0.014073451 0.019997941)
(-0.0061304991 -0.01511575 0.020996375)
(-0.0040850019 -0.015093642 0.020999477)
(0.0051036038 -0.015122953 0.020000837)
(0.004079718 -0.015098339 0.021001473)
(0.0072898665 -0.015269966 0.020001549)
(0.0060924502 -0.014085047 0.020000729)
(0.0061268839 -0.015121004 0.02100303)
(0.0080422067 -0.014036066 0.019999192)
(0.0076713847 -0.014697549 0.020992083)
(-0.0085805636 -0.01270112 0.019998428)
(-0.0070953648 -0.013043484 0.020000467)
(-0.0079746135 -0.012006353 0.020001129)
(-0.0083526332 -0.013343938 0.020996122)
(-0.0060410509 -0.012028931 0.019999882)
(-0.0060769744 -0.013057373 0.020998411)
(0.0070870846 -0.013063113 0.020002242)
(0.0060379556 -0.012034371 0.020000859)
(0.0060764934 -0.013055069 0.021000408)
(0.0085826333 -0.012694297 0.020004694)
(0.0079711889 -0.012012382 0.020001208)
(0.0083754994 -0.013283184 0.020995037)
(-0.008941422 -0.01098773 0.020000209)
(-0.0069980141 -0.011008066 0.020000197)
(-0.0079862997 -0.010001017 0.020000261)
(-0.0079670354 -0.011003017 0.020999849)
(-0.0060077749 -0.010000394 0.02000018)
(-0.0060141158 -0.011014696 0.020999675)
(0.006996468 -0.011011028 0.020000398)
(0.0060068735 -0.010002079 0.020000261)
(0.0060137115 -0.011014382 0.021000138)
(0.0089413084 -0.010988884 0.019999545)
(0.0079859535 -0.010001915 0.020000171)
(0.0079677135 -0.011001798 0.020999769)
(-0.0089417323 -0.0090154197 0.02000021)
(-0.0069977377 -0.0089924408 0.02000032)
(-0.0079740262 -0.0079910927 0.020000407)
(-0.0079677497 -0.008999608 0.021000358)
(-0.0060399637 -0.0079700349 0.020000407)
(-0.0060143484 -0.0089873237 0.021000258)
(0.0069974406 -0.008993203 0.020000085)
(0.0060403764 -0.0079718201 0.020000014)
(0.0060140496 -0.0089880449 0.020999899)
(0.0089413142 -0.0090111748 0.0200009)
(0.0079724933 -0.0079885746 0.019998256)
(0.0079677338 -0.0090002463 0.020999997)
(-0.0085782833 -0.007291363 0.019980027)
(-0.0070947823 -0.0069567926 0.01999982)
(-0.0080386406 -0.0059572626 0.020001554)
(-0.0083727256 -0.0067094463 0.021000763)
(-0.0060930086 -0.0059174182 0.020001252)
(-0.0060769992 -0.0069461245 0.02100057)
(0.0070930101 -0.0069509517 0.019999385)
(0.0060981875 -0.0059243526 0.020000578)
(0.0060781615 -0.0069483424 0.020999886)
(0.0085800597 -0.007297219 0.019993162)
(0.008053191 -0.0059844844 0.020001711)
(0.008373565 -0.0067116766 0.020999743)
(-0.0073033019 -0.0047487835 0.019999354)
(-0.0076537709 -0.0052741253 0.021005589)
(-0.0051069829 -0.0048791514 0.020002194)
(-0.006306426 -0.0035821515 0.020012399)
(-0.006117547 -0.0048704133 0.020999486)
(-0.0040828855 -0.0039022806 0.020000962)
(-0.0040870494 -0.0049054671 0.021000711)
(0.0051073651 -0.0048816831 0.020000042)
(0.0040718172 -0.0038978309 0.019999501)
(0.0040768483 -0.0049002294 0.021000092)
(0.0072878612 -0.0047272359 0.020002767)
(0.0063453165 -0.0036185765 0.020000972)
(0.0061269149 -0.0048811072 0.021000435)
(0.007667146 -0.0052956342 0.021007283)
(-0.0052877748 -0.0027228953 0.019998528)
(-0.0058355997 -0.0031525945 0.020996047)
(-0.0030570525 -0.0029089306 0.019999744)
(-0.0040318152 -0.0019555213 0.01999767)
(-0.0040661058 -0.0029260011 0.02099999)
(-0.0010121951 -0.0030080566 0.020000183)
(-0.0020132434 -0.0020278412 0.020000397)
(-0.0020360414 -0.0029758958 0.02100167)
(0.0010019885 -0.0030050722 0.020000055)
(-1.1616748e-06 -0.002014183 0.020000568)
(-1.7525413e-06 -0.0030088437 0.020999695)
(0.0030285337 -0.0028973411 0.020001941)
(0.001995609 -0.0020215336 0.020000069)
(0.0020218713 -0.0029699478 0.020999264)
(0.0052570998 -0.0027009139 0.019994716)
(0.0040226501 -0.0019506224 0.019997473)
(0.0040479458 -0.0029143149 0.020999271)
(0.005849341 -0.0031638717 0.021000293)
(-0.0027439549 -0.0014324301 0.020007286)
(-0.00098707684 -0.0010585134 0.019999471)
(-0.0019146371 -0.0012099651 0.021002436)
(0.00098428531 -0.0010582385 0.019999951)
(5.6694826e-06 -0.0010001856 0.020996827)
(0.002729971 -0.0014281881 0.020010413)
(0.0019229523 -0.0012119039 0.020998364)
(-0.0027004272 -0.018580773 0.022007015)
(-0.0040248127 -0.018048221 0.022001724)
(-0.0009898603 -0.018941212 0.022000098)
(-0.0019953993 -0.017979155 0.021998642)
(-0.0019116376 -0.018790734 0.023003556)
(0.00098915065 -0.018941282 0.021999658)
(-2.5239082e-06 -0.017986254 0.021999244)
(-4.9532738e-06 -0.018999837 0.022999922)
(0.002739844 -0.018568816 0.022003971)
(0.0020005978 -0.017977063 0.022003094)
(0.0019566157 -0.018780247 0.023000109)
(0.0040242823 -0.018048505 0.022000524)
(-0.005271446 -0.017288806 0.022004299)
(-0.0063758579 -0.016351259 0.022000406)
(-0.0058352892 -0.01684766 0.023000217)
(-0.0030268965 -0.01710271 0.021999046)
(-0.0040788689 -0.016096831 0.022000899)
(-0.0040518831 -0.017082533 0.023001827)
(-0.0010053639 -0.016994999 0.021999626)
(-0.0020209338 -0.017030447 0.022999485)
(0.0010042165 -0.016994827 0.022000478)
(-9.9359167e-07 -0.016992427 0.022999908)
(0.0030377183 -0.017098682 0.022002853)
(0.0020219211 -0.017030189 0.023000381)
(0.0052684496 -0.017290953 0.022000833)
(0.0040779892 -0.016098296 0.02200131)
(0.0040584937 -0.017077759 0.022998949)
(0.0063599421 -0.016367726 0.02200628)
(0.0058462693 -0.016838648 0.022998941)
(-0.0072828578 -0.015279746 0.021999105)
(-0.0080521368 -0.014017488 0.022001065)
(-0.0076569126 -0.014720822 0.02300571)
(-0.0051144309 -0.015112509 0.022000319)
(-0.0060985178 -0.014077915 0.021999018)
(-0.0061334361 -0.015112634 0.023001972)
(-0.0040814445 -0.015096021 0.023000598)
(0.0051108446 -0.015116557 0.022001487)
(0.0040837871 -0.015095223 0.023000799)
(0.0072846799 -0.015277204 0.021994887)
(0.0060962936 -0.014079574 0.022000278)
(0.0061306853 -0.015117337 0.022999979)
(0.0080527267 -0.014016384 0.02199976)
(0.0076391926 -0.014749318 0.022998167)
(-0.0085670688 -0.012745606 0.021995146)
(-0.007091687 -0.01305274 0.02199738)
(-0.0079728451 -0.012009987 0.021998854)
(-0.0083633725 -0.013315405 0.022988889)
(-0.0060390859 -0.012033494 0.021998808)
(-0.0060775427 -0.013055003 0.022998119)
(0.0070952913 -0.013041736 0.022000581)
(0.0060398552 -0.012029738 0.022000053)
(0.0060786433 -0.013050386 0.022999815)
(0.0085705492 -0.012734133 0.022010161)
(0.0079755307 -0.012004078 0.022000043)
(0.0083739482 -0.013287306 0.023000087)
(-0.0089415823 -0.010986104 0.021999997)
(-0.006996831 -0.011010219 0.021999434)
(-0.0079860116 -0.010000285 0.022000036)
(-0.0079673797 -0.011001278 0.022999397)
(-0.0060072387 -0.010000968 0.021999886)
(-0.0060140369 -0.0110146 0.022999316)
(0.0069974558 -0.011008301 0.021999944)
(0.006007044 -0.010000712 0.021999888)
(0.0060144802 -0.011012392 0.022999755)
(0.0089414549 -0.010987397 0.021999919)
(0.0079860611 -0.010002479 0.021999993)
(0.0079680966 -0.01099993 0.023000001)
(-0.0089416227 -0.0090143065 0.021999913)
(-0.0069973432 -0.0089917533 0.022000171)
(-0.0079734849 -0.0079907749 0.021999738)
(-0.0079677783 -0.0089983455 0.023000262)
(-0.0060400856 -0.0079698088 0.022000505)
(-0.0060147018 -0.0089879269 0.023000194)
(0.0069971466 -0.0089922818 0.021999691)
(0.0060394402 -0.0079695586 0.021999456)
(0.006014247 -0.0089876904 0.022999649)
(0.0089417837 -0.0090159412 0.02200064)
(0.0079727564 -0.0079909003 0.021998626)
(0.0079680053 -0.0090008598 0.022999779)
(-0.0085681637 -0.0072580031 0.021998295)
(-0.0070930662 -0.0069515142 0.022000714)
(-0.0080450069 -0.005969173 0.021999294)
(-0.0083748464 -0.006715081 0.023001363)
(-0.0060996356 -0.0059236928 0.022001367)
(-0.006079888 -0.0069502214 0.023001215)
(0.0070922478 -0.0069485534 0.021998494)
(0.0060964391 -0.0059222781 0.022000365)
(0.0060781291 -0.0069481869 0.022999243)
(0.0085753564 -0.0072817141 0.022000277)
(0.0080498219 -0.0059781813 0.022000562)
(0.0083722645 -0.0067082211 0.022993443)
(-0.0072897641 -0.0047298915 0.0220015)
(-0.0076745507 -0.005307542 0.022999097)
(-0.0051181181 -0.0048907723 0.022001433)
(-0.006396024 -0.0036702722 0.02200199)
(-0.0061375192 -0.004891927 0.023005946)
(-0.0040859139 -0.0039068019 0.022000334)
(-0.004086643 -0.0049076522 0.0230015)
(0.0051023889 -0.0048775077 0.022000419)
(0.0040709933 -0.0038956322 0.021999924)
(0.0040779495 -0.0049007678 0.023000383)
(0.0073037189 -0.0047493653 0.022000696)
(0.0063223274 -0.0035970449 0.022003775)
(0.0061271461 -0.0048813757 0.022999944)
(0.0076689333 -0.0052985084 0.023000206)
(-0.0052683549 -0.0027089792 0.02199978)
(-0.0058541593 -0.003167826 0.022997639)
(-0.0030699767 -0.0029135051 0.022000663)
(-0.0040236844 -0.0019511753 0.021996577)
(-0.0040578105 -0.0029208232 0.022997436)
(-0.0010108179 -0.0030081886 0.022000346)
(-0.0020202953 -0.0020308972 0.02200182)
(-0.0020213273 -0.0029702921 0.023001728)
(0.0010074515 -0.0030067663 0.021999876)
(7.0058442e-07 -0.002014547 0.021999071)
(-2.0293072e-07 -0.0030082718 0.022999891)
(0.003054454 -0.0029068458 0.022001918)
(0.0020216749 -0.002030032 0.021999748)
(0.0020157414 -0.0029672806 0.023000508)
(0.0052595405 -0.0027026629 0.02199654)
(0.0040249749 -0.0019518651 0.022000203)
(0.0040462826 -0.0029138868 0.022999209)
(0.0058330394 -0.0031504933 0.023000207)
(-0.0026703814 -0.0014101118 0.022008781)
(-0.00098922213 -0.0010587247 0.021999345)
(-0.0019096586 -0.0012088042 0.02300243)
(0.00098720061 -0.0010585256 0.02199977)
(-5.6868868e-07 -0.0010000187 0.022998596)
(0.0027277684 -0.00142752 0.021997991)
(0.001909979 -0.001208879 0.022998753)
(-0.0027201005 -0.018574805 0.024001119)
(-0.0040186855 -0.018051497 0.024000005)
(-0.00099091109 -0.018941109 0.023999918)
(-0.0020032149 -0.017978243 0.024000245)
(-0.0019471013 -0.018782465 0.025001179)
(0.00098597147 -0.018941595 0.023999171)
(-1.683986e-06 -0.0179861 0.023999858)
(-2.6012772e-06 -0.018999914 0.024998957)
(0.0027354487 -0.01857015 0.023995897)
(0.0020077019 -0.017974243 0.024002278)
(0.0019156529 -0.018789798 0.025005117)
(0.0040355167 -0.0180425 0.02399598)
(-0.0052847985 -0.017279238 0.023997859)
(-0.0063234541 -0.0164019 0.023992156)
(-0.0058454329 -0.016839335 0.025000556)
(-0.0030206536 -0.017105123 0.023999793)
(-0.0040738719 -0.016101099 0.023999766)
(-0.0040546717 -0.01708036 0.025000694)
(-0.0010051062 -0.016995113 0.024000005)
(-0.0020162258 -0.017032491 0.025000562)
(0.0010065302 -0.016994011 0.024000372)
(4.5368174e-07 -0.016992236 0.024999987)
(0.0030433057 -0.017096274 0.024003741)
(0.0020249075 -0.017028714 0.025000315)
(0.0052867928 -0.017277808 0.024000075)
(0.0040796621 -0.016098294 0.024000943)
(0.0040574936 -0.017079411 0.025000406)
(0.0063131179 -0.016411581 0.024002713)
(0.0058396441 -0.016844086 0.025000541)
(-0.0072866381 -0.015274471 0.02400038)
(-0.0080494099 -0.014022589 0.023998159)
(-0.0076589684 -0.014717516 0.02500054)
(-0.0051055951 -0.015120448 0.023999536)
(-0.0060949347 -0.014080155 0.023999482)
(-0.0061255391 -0.015118347 0.025002529)
(-0.004079214 -0.015097578 0.025000597)
(0.0051087146 -0.015118506 0.024001971)
(0.0040838086 -0.015096469 0.02500191)
(0.0073147678 -0.015235216 0.024003137)
(0.0060964349 -0.014077653 0.024000744)
(0.0061230063 -0.015125795 0.025005135)
(0.0080412709 -0.014037816 0.023999795)
(0.0076485785 -0.014734225 0.02500281)
(-0.008578864 -0.012706723 0.024002068)
(-0.0070973845 -0.013037184 0.023997834)
(-0.0079755192 -0.012004557 0.023999862)
(-0.0083577157 -0.013330434 0.024995216)
(-0.0060398532 -0.012030927 0.023999044)
(-0.0060772705 -0.013054887 0.024999457)
(0.0070982188 -0.013035216 0.02399804)
(0.0060408027 -0.012027693 0.023999211)
(0.0060781435 -0.01305138 0.024998678)
(0.0085735102 -0.012724372 0.02399838)
(0.0079765322 -0.01200177 0.023998941)
(0.0083730082 -0.013289803 0.024991721)
(-0.0089416214 -0.010985706 0.023999456)
(-0.0069975706 -0.011008554 0.023999476)
(-0.007986198 -0.0099986076 0.024000043)
(-0.0079676152 -0.011001025 0.024999698)
(-0.0060075877 -0.010001012 0.023999838)
(-0.0060143862 -0.01101394 0.024999693)
(0.0069980034 -0.011007076 0.023999479)
(0.0060074669 -0.010000265 0.023999697)
(0.0060146743 -0.011012452 0.024999268)
(0.008941478 -0.010987162 0.024000309)
(0.007986323 -0.010001046 0.023999998)
(0.007968233 -0.011000265 0.024999291)
(-0.0089414045 -0.0090120913 0.024000064)
(-0.0069979828 -0.0089923727 0.02400007)
(-0.0079721768 -0.0079854072 0.024000796)
(-0.0079693075 -0.0090013061 0.024999718)
(-0.0060413119 -0.0079727376 0.024000281)
(-0.0060156736 -0.008990326 0.024999987)
(0.006997747 -0.0089930691 0.023999757)
(0.0060402077 -0.0079711459 0.023999776)
(0.0060145374 -0.008988093 0.024999826)
(0.0089416995 -0.0090150867 0.024000082)
(0.007974754 -0.0079932688 0.023999369)
(0.0079684383 -0.0090026232 0.024999955)
(-0.0085633045 -0.0072419847 0.023994595)
(-0.007094224 -0.006953795 0.023999943)
(-0.0080493884 -0.0059773704 0.023999332)
(-0.0084059616 -0.0067977524 0.024993143)
(-0.0060995648 -0.0059251514 0.024001734)
(-0.0060826305 -0.0069593353 0.024999664)
(0.0070957119 -0.0069589391 0.024000631)
(0.0060980879 -0.005922964 0.024000415)
(0.0060777853 -0.0069488155 0.02500017)
(0.0085798092 -0.007296393 0.024003832)
(0.0080448026 -0.0059687908 0.023999042)
(0.0083814136 -0.0067325298 0.024998288)
(-0.0072892327 -0.0047291499 0.024000154)
(-0.0076774918 -0.0053122716 0.025003163)
(-0.0051132977 -0.0048867237 0.024003344)
(-0.0063624926 -0.0036346636 0.024013466)
(-0.0061289898 -0.0048831198 0.024999069)
(-0.0040791547 -0.0039028816 0.024001869)
(-0.0040837325 -0.0049055011 0.025000871)
(0.0051111936 -0.0048848637 0.024001761)
(0.0040786402 -0.0039014614 0.024001352)
(0.0040774575 -0.0048992829 0.02500207)
(0.0072936515 -0.0047353164 0.023998557)
(0.0063814507 -0.0036547125 0.024003366)
(0.0061191895 -0.0048713577 0.025005618)
(0.0076675277 -0.005296248 0.025009431)
(-0.0052613496 -0.0027039593 0.024003348)
(-0.0058374871 -0.0031541434 0.024997082)
(-0.0030349447 -0.0029003733 0.024000838)
(-0.0040329825 -0.0019561452 0.023999564)
(-0.0040564705 -0.0029215366 0.025000685)
(-0.0010046852 -0.0030058759 0.024000127)
(-0.0019992753 -0.0020224962 0.024000314)
(-0.0020169202 -0.0029683585 0.025000594)
(0.0010098161 -0.0030073143 0.024000376)
(7.1865742e-07 -0.0020141806 0.023999311)
(1.4677137e-06 -0.0030082585 0.025000036)
(0.0030707784 -0.002913167 0.024003032)
(0.0020221018 -0.0020319649 0.024001304)
(0.0020300449 -0.0029728257 0.025001371)
(0.0052862342 -0.0027217913 0.023999613)
(0.0040169034 -0.0019475508 0.024000187)
(0.0040442336 -0.0029110089 0.025001776)
(0.0058428936 -0.0031585804 0.024998352)
(-0.0027387503 -0.0014308513 0.024010336)
(-0.000989478 -0.0010587499 0.023999125)
(-0.0019377109 -0.0012153451 0.025001922)
(0.00098765783 -0.0010585707 0.023999869)
(-4.8746308e-07 -0.001000016 0.024999937)
(0.0027165844 -0.0014241273 0.023990555)
(0.0019289706 -0.0012133072 0.025001514)
(-0.0027626885 -0.018561887 0.026005382)
(-0.0040329605 -0.018043866 0.025999373)
(-0.00098769066 -0.018941426 0.025999035)
(-0.0019991031 -0.017978649 0.026000327)
(-0.0019076589 -0.018791662 0.027003655)
(0.00098575501 -0.018941616 0.025999789)
(-6.2115267e-07 -0.017985949 0.025999808)
(3.6821106e-07 -0.018999987 0.026999563)
(0.0027616584 -0.018562199 0.026000502)
(0.002013426 -0.017972084 0.025999385)
(0.0019267803 -0.018787203 0.027004758)
(0.0040141423 -0.018053925 0.025999846)
(-0.0052726623 -0.017287934 0.026000077)
(-0.0063859353 -0.0163405 0.026003948)
(-0.0058398437 -0.016843922 0.026998903)
(-0.0030263691 -0.017102631 0.025999056)
(-0.0040788893 -0.016096719 0.026000842)
(-0.0040615831 -0.017076402 0.027001693)
(-0.0010034276 -0.016994817 0.026000284)
(-0.0020193964 -0.017030227 0.027002476)
(0.0010092913 -0.016992998 0.025999959)
(2.8039933e-06 -0.016991768 0.027000323)
(0.0030551245 -0.017092358 0.025997504)
(0.0020295887 -0.017027394 0.027000542)
(0.0052669016 -0.017292062 0.025998758)
(0.0040802556 -0.016097961 0.026000876)
(0.0040605566 -0.017077357 0.026999482)
(0.0063573364 -0.016370166 0.025999431)
(0.0058343529 -0.016848428 0.026999512)
(-0.0072916417 -0.015267489 0.02600313)
(-0.0080425014 -0.014035514 0.026001658)
(-0.0076557196 -0.014722741 0.026989392)
(-0.0051139603 -0.015112173 0.026001506)
(-0.0060990208 -0.014076409 0.026001205)
(-0.0061277785 -0.015119157 0.027000605)
(-0.0040826926 -0.015095093 0.02700099)
(0.0051117995 -0.015116513 0.026002162)
(0.004086186 -0.015095138 0.027001923)
(0.00730022 -0.015255518 0.025998413)
(0.0060977727 -0.014077369 0.026000479)
(0.0061249781 -0.015123412 0.027006838)
(0.0080513174 -0.014019021 0.02600007)
(0.0076590989 -0.014717306 0.026998405)
(-0.0085696988 -0.012736936 0.025999893)
(-0.0070955519 -0.013042093 0.025999133)
(-0.0079750457 -0.012005633 0.026001142)
(-0.0083777768 -0.013277133 0.027003619)
(-0.0060402936 -0.012029571 0.025999942)
(-0.0060791652 -0.013049559 0.027000437)
(0.007095171 -0.013043204 0.025996182)
(0.0060403114 -0.012029707 0.025998769)
(0.0060781916 -0.01305248 0.026999759)
(0.0085714759 -0.012731078 0.026003851)
(0.0079743139 -0.012008223 0.025996618)
(0.0083698363 -0.013298231 0.026996106)
(-0.0089416129 -0.010985793 0.025999776)
(-0.0069977384 -0.011007898 0.026000001)
(-0.007986348 -0.0099987079 0.026000091)
(-0.0079681451 -0.011000043 0.027000095)
(-0.0060077203 -0.010000725 0.026000062)
(-0.006014689 -0.01101195 0.027000092)
(0.0069975735 -0.011008669 0.025999177)
(0.0060074782 -0.010000559 0.025999714)
(0.0060146344 -0.01101334 0.026999605)
(0.0089415751 -0.010986176 0.0260006)
(0.0079861777 -0.010002172 0.025999934)
(0.0079673593 -0.011003641 0.0269998)
(-0.0089411388 -0.0090093938 0.026000309)
(-0.0069984257 -0.0089937656 0.026000294)
(-0.0079759886 -0.0079986293 0.026000962)
(-0.0079683919 -0.0089996514 0.027000438)
(-0.0060415301 -0.007974383 0.026000522)
(-0.0060148208 -0.0089881652 0.027000354)
(0.0069975054 -0.0089931276 0.026000127)
(0.0060395595 -0.0079696501 0.026000161)
(0.0060144313 -0.0089873976 0.026999978)
(0.0089418965 -0.0090170872 0.026000996)
(0.0079747214 -0.007997413 0.026000803)
(0.0079677265 -0.0090003575 0.02700029)
(-0.0085694205 -0.0072621462 0.026002216)
(-0.0070960882 -0.0069600513 0.026001732)
(-0.0080401466 -0.0059600801 0.025996969)
(-0.0083716647 -0.0067066275 0.027012601)
(-0.0060968002 -0.0059221576 0.02600018)
(-0.006078287 -0.0069490033 0.027001465)
(0.0070918231 -0.0069482694 0.026001049)
(0.0060938147 -0.0059189724 0.026000136)
(0.0060769927 -0.0069458322 0.026999979)
(0.0085576033 -0.0072231903 0.0260016)
(0.008052095 -0.0059824339 0.026000297)
(0.0083660162 -0.0066916197 0.027002425)
(-0.0072918809 -0.0047328455 0.026002151)
(-0.0076377459 -0.0052483551 0.027002786)
(-0.0051113846 -0.0048843468 0.026000306)
(-0.0063592733 -0.0036316485 0.025999206)
(-0.0061155933 -0.0048699333 0.026999985)
(-0.0040797856 -0.0039027001 0.025999968)
(-0.004083575 -0.0049045123 0.027000441)
(0.0051013709 -0.0048753888 0.026000633)
(0.004071724 -0.0038958201 0.026000264)
(0.004077777 -0.0048997448 0.026999463)
(0.0072976679 -0.0047409212 0.025999419)
(0.0063171936 -0.0035922364 0.025999875)
(0.0061256917 -0.0048795516 0.026996989)
(0.0076327383 -0.0052403022 0.027003036)
(-0.0052835591 -0.0027198744 0.025999587)
(-0.0058459735 -0.0031611081 0.027000521)
(-0.0030395683 -0.0029022818 0.025998482)
(-0.0040178977 -0.0019480822 0.025997046)
(-0.004058416 -0.0029207695 0.027000297)
(-0.0010062986 -0.0030063116 0.025999739)
(-0.0020067758 -0.0020246594 0.025998154)
(-0.0020323366 -0.0029743605 0.026999966)
(0.0010063323 -0.0030060037 0.025999926)
(5.3355196e-07 -0.0020140812 0.026000142)
(-7.5241255e-07 -0.0030081103 0.027000062)
(0.0030367046 -0.0029003075 0.025997757)
(0.0020052809 -0.0020241543 0.025999789)
(0.0020153449 -0.0029673505 0.026999664)
(0.0052742125 -0.0027131767 0.025998411)
(0.0040266302 -0.0019527498 0.0259995)
(0.0040484793 -0.0029158858 0.026999268)
(0.0058451999 -0.0031604731 0.026999152)
(-0.0027443135 -0.0014325389 0.025998801)
(-0.00098417506 -0.0010582276 0.025999643)
(-0.0019189902 -0.0012109801 0.02700303)
(0.00098607967 -0.0010584152 0.02599944)
(3.7206238e-06 -0.0010001218 0.027001399)
(0.0027211398 -0.0014255092 0.026001695)
(0.0019077942 -0.0012083695 0.026999507)
(-0.0026836251 -0.01858587 0.02799464)
(-0.004021381 -0.018050056 0.028002119)
(-0.00098478089 -0.018941712 0.028000116)
(-0.0019935616 -0.017979232 0.027999543)
(-0.0019384055 -0.018784493 0.029002648)
(0.00098389325 -0.0189418 0.028000247)
(2.7717156e-06 -0.017985748 0.028000288)
(1.3665485e-06 -0.018999955 0.02900019)
(0.0027146512 -0.018576458 0.027996649)
(0.0020270252 -0.017967923 0.028002398)
(0.001932231 -0.018785932 0.02900364)
(0.0040380786 -0.018041131 0.028000883)
(-0.005256509 -0.01729951 0.02799977)
(-0.0063865919 -0.016339799 0.02800049)
(-0.0058545062 -0.016831889 0.029000502)
(-0.0030299257 -0.017101621 0.028001672)
(-0.0040775238 -0.016097847 0.02800071)
(-0.0040555708 -0.017080315 0.028999706)
(-0.0010023656 -0.016994473 0.028000506)
(-0.0020216746 -0.017029793 0.029000716)
(0.0010126474 -0.016992053 0.028000547)
(3.2119123e-06 -0.016991418 0.029000114)
(0.0030674418 -0.017087352 0.02800184)
(0.0020319656 -0.017026833 0.02900037)
(0.0052880206 -0.017276929 0.028002339)
(0.0040849752 -0.016095156 0.028001562)
(0.0040608848 -0.017078224 0.02899914)
(0.0063542695 -0.016373039 0.028004902)
(0.0058494185 -0.016836064 0.029000672)
(-0.0072803219 -0.015283285 0.027997472)
(-0.0080518587 -0.014018008 0.028001269)
(-0.0076420738 -0.014744685 0.029009471)
(-0.0051126492 -0.015113978 0.028000269)
(-0.0060979109 -0.014077404 0.027999995)
(-0.0061242245 -0.015123168 0.029000377)
(-0.0040814315 -0.015096569 0.02900023)
(0.0051132679 -0.015115053 0.0280028)
(0.0040846289 -0.01509603 0.029000797)
(0.0072956953 -0.015261832 0.028002251)
(0.0060980185 -0.014076819 0.02800128)
(0.0061319164 -0.015111788 0.029001377)
(0.0080419456 -0.014036554 0.027996826)
(0.0076332794 -0.014758827 0.02899958)
(-0.0085630474 -0.012758863 0.028003483)
(-0.0070958779 -0.013039966 0.028000104)
(-0.0079754421 -0.012004496 0.027999147)
(-0.0083791746 -0.013273419 0.029004239)
(-0.0060406885 -0.012027481 0.028000044)
(-0.0060786812 -0.013049412 0.029000295)
(0.0070950898 -0.013043617 0.028000148)
(0.0060411128 -0.012028386 0.027999929)
(0.0060815943 -0.013044457 0.029000535)
(0.008567394 -0.012744534 0.028000886)
(0.0079731758 -0.012010867 0.027999542)
(0.0083796237 -0.013272226 0.029000893)
(-0.0089414068 -0.010987885 0.027999842)
(-0.0069978661 -0.011006345 0.027999956)
(-0.0079861695 -0.0099973911 0.028000023)
(-0.0079685212 -0.010997423 0.028999961)
(-0.0060074205 -0.009999093 0.028000005)
(-0.0060146352 -0.011010837 0.028999867)
(0.0069980156 -0.011008429 0.027999844)
(0.0060079523 -0.010000192 0.027999886)
(0.006015924 -0.011010395 0.029000056)
(0.008941306 -0.010988908 0.028000167)
(0.0079862369 -0.010001913 0.028000022)
(0.0079688088 -0.010999563 0.028999868)
(-0.008941035 -0.0090083395 0.028000044)
(-0.0069975122 -0.0089908401 0.027999999)
(-0.007973412 -0.0079900566 0.027999319)
(-0.0079675923 -0.0089961424 0.028999968)
(-0.0060405437 -0.0079708575 0.028000011)
(-0.0060144648 -0.0089865745 0.028999761)
(0.0069978627 -0.0089925243 0.027999901)
(0.006040445 -0.0079709549 0.027999689)
(0.0060155516 -0.0089883261 0.028999745)
(0.008941402 -0.009012066 0.02800017)
(0.0079738633 -0.0079903741 0.028000188)
(0.007968845 -0.0090009099 0.028999801)
(-0.0085828614 -0.0073064547 0.027993565)
(-0.007094574 -0.0069548758 0.027999381)
(-0.0080430308 -0.005965476 0.027997884)
(-0.0083673629 -0.0066951978 0.028988885)
(-0.0061026227 -0.0059273774 0.02800028)
(-0.0060796243 -0.0069489151 0.028998874)
(0.007094937 -0.006956321 0.027999006)
(0.0060938556 -0.0059196124 0.027999517)
(0.0060807804 -0.0069539067 0.02899921)
(0.0085804944 -0.0072986518 0.027997771)
(0.0080484245 -0.005975567 0.027999021)
(0.0083934679 -0.0067645572 0.028991547)
(-0.0073040361 -0.0047498081 0.02799977)
(-0.0076689962 -0.0052986097 0.029012018)
(-0.0051206985 -0.00489485 0.02800147)
(-0.0064092262 -0.0036843681 0.028006464)
(-0.006141281 -0.004893819 0.029000054)
(-0.0040829746 -0.0039063732 0.028000915)
(-0.004088399 -0.0049097657 0.029001057)
(0.0051030362 -0.0048765822 0.027999247)
(0.0040754309 -0.0038983019 0.027999779)
(0.004081912 -0.0049031886 0.029000497)
(0.0072920285 -0.0047330514 0.028000898)
(0.0062999446 -0.003576081 0.02799646)
(0.0061344467 -0.0048891626 0.029000938)
(0.0076662915 -0.0052942601 0.028996789)
(-0.0052725965 -0.0027120187 0.028001103)
(-0.0058336708 -0.0031510115 0.028998015)
(-0.0030320426 -0.0028992307 0.027997661)
(-0.0040273163 -0.0019531166 0.027999412)
(-0.0040499208 -0.0029150405 0.029001432)
(-0.0010068497 -0.003006417 0.02799975)
(-0.0019973213 -0.0020215663 0.027998084)
(-0.0020299959 -0.0029733481 0.029001288)
(0.0010059795 -0.0030058985 0.028000233)
(-8.0787594e-08 -0.0020140591 0.0279998)
(-2.4061373e-07 -0.003008366 0.029000369)
(0.0030456119 -0.0029041982 0.028001822)
(0.0020067147 -0.0020255235 0.028001478)
(0.0020229534 -0.0029702395 0.029000749)
(0.0052868319 -0.0027222197 0.028000545)
(0.0040305305 -0.0019548346 0.027998812)
(0.004055047 -0.0029196024 0.029001476)
(0.0058526775 -0.0031666099 0.028999956)
(-0.0027660492 -0.0014391323 0.02800152)
(-0.00098539693 -0.001058348 0.027999006)
(-0.0019156642 -0.0012102045 0.02900137)
(0.00098768646 -0.0010585735 0.027999605)
(1.3443779e-06 -0.0010000441 0.029002072)
(0.0027592236 -0.0014370618 0.028001534)
(0.0019287488 -0.0012132555 0.028996903)
(-0.0027369607 -0.018569691 0.030006838)
(-0.0040359498 -0.018042269 0.030001491)
(-0.000982472 -0.01894194 0.029999669)
(-0.0020062657 -0.017975636 0.029999901)
(-0.0019108227 -0.018790924 0.030997779)
(0.00098916733 -0.01894128 0.029999818)
(2.6353434e-06 -0.017985634 0.029999048)
(2.2440272e-06 -0.018999926 0.031002483)
(0.0026792417 -0.0185872 0.030009718)
(0.0020175152 -0.017971123 0.030000026)
(0.0019205913 -0.018788646 0.030992283)
(0.0040276047 -0.018046729 0.029998792)
(-0.0052618651 -0.017295671 0.029993497)
(-0.0063551877 -0.016372179 0.030010544)
(-0.0058465342 -0.016838431 0.031000479)
(-0.0030402648 -0.017097988 0.030001248)
(-0.0040770573 -0.016099435 0.030000078)
(-0.0040529337 -0.017082841 0.031000929)
(-0.001004618 -0.016993514 0.029999967)
(-0.0020256046 -0.017028186 0.031000019)
(0.0010114859 -0.016992614 0.02999968)
(2.5279531e-06 -0.016991316 0.030999783)
(0.0030556741 -0.01709296 0.029999204)
(0.0020269912 -0.017028882 0.030998084)
(0.0052449515 -0.017307792 0.030001721)
(0.0040757679 -0.016101843 0.029999802)
(0.0040486476 -0.017085431 0.030998711)
(0.0063521825 -0.016374993 0.030000394)
(0.0058426418 -0.016841626 0.031001052)
(-0.0072882288 -0.015272251 0.030001131)
(-0.008048704 -0.01402391 0.030000674)
(-0.0076795464 -0.014684424 0.030991661)
(-0.005108796 -0.015117853 0.030000788)
(-0.0060962921 -0.014079031 0.030000633)
(-0.0061279008 -0.015120117 0.030998719)
(-0.0040822062 -0.015096217 0.030999455)
(0.0051072431 -0.01511917 0.029999835)
(0.004081185 -0.015098617 0.030998975)
(0.0072959014 -0.015261544 0.029998917)
(0.0060987956 -0.014073951 0.029999791)
(0.0061211935 -0.015126771 0.030996073)
(0.0080489481 -0.014023453 0.029999011)
(0.0076798111 -0.014683998 0.03101221)
(-0.0085701711 -0.012735379 0.030001996)
(-0.0070947636 -0.013042863 0.029999653)
(-0.007973943 -0.012008351 0.029998896)
(-0.008376469 -0.013280608 0.030983886)
(-0.0060403459 -0.012027919 0.029999421)
(-0.0060787906 -0.013049617 0.03099798)
(0.0071049318 -0.013017448 0.03000303)
(0.006043231 -0.012022378 0.030000629)
(0.0060800232 -0.013046111 0.031000305)
(0.0085806654 -0.012700784 0.030002054)
(0.0079800716 -0.011994075 0.030001994)
(0.0083790463 -0.01327376 0.031004251)
(-0.0089414425 -0.010987523 0.030000383)
(-0.0069977303 -0.011006401 0.029999625)
(-0.0079861822 -0.0099970247 0.029999846)
(-0.0079681979 -0.010998715 0.030999467)
(-0.0060073603 -0.0099986841 0.02999978)
(-0.0060145889 -0.011010898 0.030999431)
(0.0069994938 -0.011004273 0.030000334)
(0.0060085446 -0.0099991446 0.030000012)
(0.0060158217 -0.011010216 0.031000147)
(0.0089415127 -0.010986809 0.029999735)
(0.0079866183 -0.01000064 0.030000189)
(0.0079687515 -0.010999252 0.031000028)
(-0.0089412953 -0.0090109831 0.030000098)
(-0.0069978339 -0.0089912028 0.029999874)
(-0.0079759345 -0.0079947445 0.030000085)
(-0.0079680246 -0.0089981404 0.031000242)
(-0.0060412153 -0.0079718819 0.029999737)
(-0.0060144006 -0.0089863463 0.030999815)
(0.0069982296 -0.0089923104 0.029999947)
(0.0060409964 -0.007971284 0.029999794)
(0.0060156145 -0.0089884376 0.030999746)
(0.0089415541 -0.0090136106 0.029999746)
(0.0079716605 -0.0079896426 0.030001433)
(0.0079688271 -0.0090013404 0.030999914)
(-0.0085673235 -0.0072552333 0.030001621)
(-0.0070987591 -0.0069654541 0.030000232)
(-0.0080407645 -0.005961236 0.029998325)
(-0.0083797418 -0.0067280878 0.030999772)
(-0.0061050047 -0.0059304291 0.030000381)
(-0.0060795508 -0.0069503428 0.03099979)
(0.0070905325 -0.006943199 0.030000742)
(0.0060998028 -0.0059259442 0.030000557)
(0.0060795831 -0.0069524761 0.03099953)
(0.0085674439 -0.0072556304 0.030000311)
(0.0080508092 -0.0059800284 0.030001985)
(0.0083869099 -0.0067471331 0.030995251)
(-0.0073089422 -0.0047566545 0.029998393)
(-0.0076917195 -0.0053351516 0.031005678)
(-0.0051233038 -0.0048975463 0.030001782)
(-0.0064068087 -0.003681787 0.030011103)
(-0.0061342001 -0.0048873796 0.030999966)
(-0.0040843445 -0.0039072713 0.030000911)
(-0.004084864 -0.0049057576 0.031000467)
(0.0051097729 -0.0048838293 0.03000119)
(0.0040772939 -0.0039002356 0.030001043)
(0.0040795352 -0.0049002887 0.031000465)
(0.0073052704 -0.0047515305 0.029998411)
(0.0063655997 -0.0036377886 0.030004957)
(0.0061154894 -0.004870776 0.031000839)
(0.0076617936 -0.0052870268 0.03100147)
(-0.0052714658 -0.0027112084 0.0299984)
(-0.0058381853 -0.0031547164 0.030997023)
(-0.00305447 -0.00290745 0.030001362)
(-0.0040219441 -0.001950245 0.029997428)
(-0.0040532662 -0.0029176147 0.030999385)
(-0.0010086084 -0.0030072669 0.030000184)
(-0.002013868 -0.0020279878 0.030000086)
(-0.0020264184 -0.0029718371 0.030999912)
(0.0010073204 -0.0030062404 0.030000141)
(8.9799901e-07 -0.0020143002 0.030000217)
(1.1352209e-06 -0.0030085969 0.030999887)
(0.003035819 -0.0029002818 0.030000666)
(0.0020027088 -0.0020231036 0.030000594)
(0.0020291493 -0.0029724362 0.030999576)
(0.0052539529 -0.0026986589 0.030002389)
(0.0040419644 -0.0019609461 0.030000489)
(0.0040635296 -0.0029235005 0.030999928)
(0.0058472658 -0.0031621685 0.031001029)
(-0.0027348905 -0.0014296804 0.029989664)
(-0.00098609033 -0.0010584163 0.029999768)
(-0.0019127567 -0.0012095266 0.030998222)
(0.00098873693 -0.0010586769 0.02999947)
(1.0943128e-06 -0.0010000359 0.030999335)
(0.0027155177 -0.0014238038 0.029997961)
(0.0019299276 -0.0012135303 0.031004436)
(-0.0027695119 -0.018559817 0.032004641)
(-0.0040209652 -0.018050278 0.032000844)
(-0.00098689621 -0.018941504 0.031998799)
(-0.0020063229 -0.017973795 0.031998702)
(-0.0019139502 -0.018790195 0.032998554)
(0.00098994421 -0.018941204 0.031999401)
(2.6920499e-06 -0.01798551 0.031999533)
(1.128925e-06 -0.018999962 0.032998625)
(0.0027145151 -0.0185765 0.031998079)
(0.0020156432 -0.01797205 0.031996225)
(0.0019305267 -0.01878633 0.032998124)
(0.0040183919 -0.018051653 0.03200083)
(-0.0052365066 -0.017313843 0.032009487)
(-0.0064003579 -0.016325101 0.031974077)
(-0.0058472166 -0.016837871 0.033003597)
(-0.0030530251 -0.017093698 0.032000466)
(-0.0040774452 -0.01609825 0.031999013)
(-0.0040555917 -0.017081004 0.032999593)
(-0.0010063024 -0.016992962 0.031999452)
(-0.0020230411 -0.017029067 0.03299904)
(0.0010111395 -0.01699246 0.031999061)
(1.7864443e-06 -0.016991045 0.03299955)
(0.0030521066 -0.017093718 0.031995565)
(0.0020333789 -0.017025948 0.033000698)
(0.0052704949 -0.017289487 0.032005285)
(0.0040792506 -0.016099074 0.032000028)
(0.0040688141 -0.017072993 0.03299947)
(0.0063427958 -0.016383785 0.032006664)
(0.005855038 -0.016831452 0.033000588)
(-0.0072787291 -0.015285508 0.032001352)
(-0.0080544375 -0.014013184 0.032000782)
(-0.007655461 -0.014723157 0.032996866)
(-0.0051133539 -0.015112834 0.031995978)
(-0.0060989126 -0.014076529 0.031997429)
(-0.0061275942 -0.015121668 0.032995427)
(-0.0040830073 -0.015095463 0.032998398)
(0.0051091816 -0.015118219 0.032000062)
(0.0040861316 -0.015094831 0.032998956)
(0.0072956955 -0.015261832 0.031996707)
(0.0060962062 -0.014078522 0.031999298)
(0.0061322562 -0.015116317 0.033000626)
(0.008049413 -0.014022584 0.031997215)
(0.0076585465 -0.014718195 0.032987639)
(-0.0085736625 -0.01272387 0.031997817)
(-0.0070958284 -0.013039999 0.032000273)
(-0.0079750664 -0.012005292 0.032000306)
(-0.0083779075 -0.013276786 0.033007405)
(-0.0060407238 -0.012027151 0.03199947)
(-0.0060791031 -0.013049085 0.032999715)
(0.007096848 -0.013038192 0.031999094)
(0.0060409357 -0.012027411 0.031999998)
(0.0060767781 -0.013054588 0.032999723)
(0.0085860662 -0.01268298 0.032001384)
(0.0079758422 -0.012002662 0.032000102)
(0.0083564738 -0.013333734 0.032998908)
(-0.0089415729 -0.010986199 0.032000895)
(-0.006997838 -0.011005677 0.032000015)
(-0.0079860322 -0.0099972819 0.032000553)
(-0.0079684746 -0.010997404 0.033000881)
(-0.0060073102 -0.0099980347 0.03199985)
(-0.0060149447 -0.011010413 0.032999945)
(0.0069982605 -0.011006621 0.032000038)
(0.0060081865 -0.0099994868 0.031999876)
(0.0060147394 -0.011011824 0.033000004)
(0.0089414448 -0.0109875 0.031999868)
(0.0079864525 -0.0099992771 0.031999922)
(0.0079676359 -0.011000368 0.033000253)
(-0.0089410781 -0.0090087772 0.032000754)
(-0.0069968215 -0.0089884794 0.031999967)
(-0.0079694504 -0.0079768656 0.032000248)
(-0.0079676456 -0.0089962385 0.033000282)
(-0.0060390164 -0.0079673671 0.031999518)
(-0.0060144972 -0.0089861568 0.032999566)
(0.0069984942 -0.0089929876 0.031999684)
(0.0060414107 -0.0079729937 0.031999352)
(0.0060152641 -0.0089874035 0.032999556)
(0.008941303 -0.0090110606 0.032000816)
(0.0079760053 -0.007994664 0.031998955)
(0.0079683359 -0.0089997144 0.032999769)
(-0.0085771953 -0.0072877762 0.031994895)
(-0.0070892834 -0.0069419834 0.031998943)
(-0.008041379 -0.0059623858 0.032001928)
(-0.0083791142 -0.0067264202 0.032995945)
(-0.0060924376 -0.0059161989 0.032000145)
(-0.0060771709 -0.0069476256 0.032998612)
(0.0070981511 -0.0069652971 0.031999092)
(0.0060929451 -0.0059190383 0.032000189)
(0.0060793515 -0.0069507767 0.032998842)
(0.0085727594 -0.007273153 0.031994126)
(0.0080509632 -0.0059803165 0.032001227)
(0.0083803917 -0.0067298147 0.032994702)
(-0.0072909315 -0.0047315206 0.031999006)
(-0.0076782613 -0.0053135092 0.0330017)
(-0.0051033833 -0.0048767347 0.032001387)
(-0.0063172755 -0.0035923132 0.032007374)
(-0.0061128063 -0.0048656884 0.033000618)
(-0.004074422 -0.00389754 0.032000711)
(-0.0040802531 -0.00490058 0.033000672)
(0.0051011475 -0.0048745608 0.032000536)
(0.0040766176 -0.003898368 0.032000434)
(0.0040804045 -0.0049018907 0.0330007)
(0.007285108 -0.0047233939 0.032003287)
(0.0063167488 -0.0035918199 0.031997693)
(0.0061224542 -0.0048772334 0.033000041)
(0.0076608051 -0.0052854372 0.033002217)
(-0.0052655781 -0.0027069894 0.03200009)
(-0.0058391984 -0.0031555479 0.032997996)
(-0.0030455669 -0.0029036811 0.031999775)
(-0.0040162933 -0.0019472246 0.031998985)
(-0.0040555853 -0.0029196393 0.033000171)
(-0.0010071889 -0.0030068 0.032000042)
(-0.0020122388 -0.0020267043 0.031999922)
(-0.0020251128 -0.0029710941 0.03300091)
(0.0010100536 -0.0030070025 0.031999886)
(2.6024304e-06 -0.0020144114 0.031999485)
(1.0495641e-06 -0.0030083627 0.033000146)
(0.003050599 -0.0029060295 0.031997751)
(0.0020192026 -0.0020283489 0.031999246)
(0.0020228358 -0.002970074 0.033000809)
(0.0052769401 -0.0027151313 0.032001429)
(0.004041867 -0.0019608941 0.032001941)
(0.0040553414 -0.0029196446 0.033000658)
(0.0058472892 -0.0031621878 0.033000832)
(-0.0027277635 -0.0014275185 0.032009075)
(-0.00098574818 -0.0010583826 0.032000238)
(-0.0019212504 -0.0012115071 0.033003508)
(0.00098897785 -0.0010587007 0.032000017)
(1.6759917e-06 -0.0010000549 0.032999442)
(0.0026917917 -0.0014166066 0.032003732)
(0.0019279189 -0.0012130619 0.033003168)
(-0.0027153682 -0.018576241 0.03400391)
(-0.0040246785 -0.018048293 0.034000369)
(-0.00099117842 -0.018941082 0.033999357)
(-0.0020085123 -0.017973995 0.033998435)
(-0.0019153074 -0.018789879 0.034999962)
(0.00098853419 -0.018941343 0.033999226)
(-5.7832415e-07 -0.017985438 0.034000066)
(-1.6977456e-06 -0.018999944 0.034997695)
(0.0027067205 -0.018578864 0.033996824)
(0.0020195105 -0.017970087 0.034000915)
(0.0019235518 -0.018787956 0.034998648)
(0.0040297482 -0.018045583 0.03399965)
(-0.0052603559 -0.017296753 0.033999957)
(-0.0063529101 -0.016374312 0.033996001)
(-0.0058546346 -0.016831783 0.0349997)
(-0.0030481747 -0.01709515 0.033998655)
(-0.0040764484 -0.016099726 0.033999113)
(-0.00404497 -0.017087808 0.03500152)
(-0.0010078256 -0.016993066 0.033999503)
(-0.0020238918 -0.017029305 0.035000165)
(0.0010103263 -0.016992168 0.033999926)
(-1.1034209e-06 -0.016991276 0.034999722)
(0.0030591851 -0.017090866 0.034000204)
(0.0020264566 -0.017028351 0.034999515)
(0.0052634966 -0.017294502 0.033996034)
(0.0040792648 -0.016099666 0.033997291)
(0.0040596612 -0.017078261 0.034996826)
(0.0063336992 -0.016392305 0.033984268)
(0.0058466975 -0.016838297 0.034999159)
(-0.0072910978 -0.015268248 0.03400022)
(-0.0080495776 -0.014022276 0.034000922)
(-0.0076455483 -0.014739097 0.035002182)
(-0.0051100103 -0.015116152 0.033997914)
(-0.0060983639 -0.014076231 0.033998499)
(-0.0061390307 -0.015105833 0.034996208)
(-0.004082589 -0.015095641 0.03499917)
(0.005105533 -0.015121739 0.033995828)
(0.0040791165 -0.015100452 0.034997976)
(0.0072914428 -0.015267766 0.033996222)
(0.0060936812 -0.014080797 0.03399805)
(0.0061092496 -0.015137624 0.034996145)
(0.0080486885 -0.014023939 0.034002274)
(0.0076440805 -0.014741458 0.035001194)
(-0.008562524 -0.012760588 0.034003194)
(-0.0070980228 -0.013035268 0.03399948)
(-0.0079769358 -0.011999557 0.034001549)
(-0.0083744624 -0.013285939 0.034982361)
(-0.0060412333 -0.012026706 0.033999376)
(-0.0060796374 -0.013049987 0.034997336)
(0.0070965615 -0.013038011 0.03400105)
(0.006040848 -0.012026482 0.034000056)
(0.0060798676 -0.01304349 0.034999962)
(0.008565105 -0.01275208 0.034003413)
(0.0079754786 -0.01200422 0.034000453)
(0.0083942292 -0.01323342 0.035003621)
(-0.0089416517 -0.010985398 0.034001036)
(-0.0069983776 -0.011005453 0.034000028)
(-0.007986448 -0.0099982854 0.034000383)
(-0.0079683821 -0.01099781 0.034999614)
(-0.0060080657 -0.0099993258 0.033999684)
(-0.0060151051 -0.011012135 0.034999255)
(0.0069982487 -0.011005709 0.034000158)
(0.0060080073 -0.0099980936 0.03399991)
(0.0060158206 -0.011008018 0.035000035)
(0.0089412242 -0.01098974 0.0340001)
(0.0079863023 -0.0099983945 0.034000435)
(0.0079693981 -0.010996167 0.03500003)
(-0.0089414325 -0.0090123756 0.034000493)
(-0.0069984465 -0.0089923717 0.033999475)
(-0.0079748531 -0.0079912264 0.033998192)
(-0.0079692566 -0.0090006967 0.034999836)
(-0.006041572 -0.0079733622 0.033998767)
(-0.0060163473 -0.0089903434 0.034999277)
(0.006997714 -0.0089900108 0.033999691)
(0.0060408355 -0.0079694984 0.033999226)
(0.0060151676 -0.0089852844 0.034999711)
(0.0089410653 -0.0090086477 0.034000501)
(0.0079720729 -0.0079876667 0.033999045)
(0.0079677433 -0.0089966259 0.034999883)
(-0.0085772921 -0.0072880955 0.033996505)
(-0.0070977487 -0.0069638671 0.03399765)
(-0.0080468669 -0.0059726529 0.034001187)
(-0.0083906186 -0.0067569869 0.034991009)
(-0.0060972185 -0.005922959 0.033998509)
(-0.0060825671 -0.0069585402 0.034998284)
(0.0070925697 -0.0069486902 0.033999166)
(0.006100888 -0.0059257035 0.033999249)
(0.0060811054 -0.0069499529 0.034998737)
(0.0085900043 -0.0073300015 0.03400226)
(0.0080432097 -0.0059658107 0.034000535)
(0.0083722904 -0.00670829 0.034994195)
(-0.0072989678 -0.0047427352 0.033994378)
(-0.0076597706 -0.0052837737 0.034997007)
(-0.0051101136 -0.0048829013 0.033999615)
(-0.0063565976 -0.0036291424 0.033995741)
(-0.0061310346 -0.0048843469 0.035002956)
(-0.0040803099 -0.0039018359 0.033999794)
(-0.0040848619 -0.0049051938 0.03500093)
(0.0051136487 -0.0048878636 0.034000315)
(0.004077552 -0.0039016406 0.03400089)
(0.004084461 -0.0049071147 0.03500002)
(0.0072950542 -0.0047372738 0.033998777)
(0.0063774326 -0.0036504224 0.034000417)
(0.0061418886 -0.0048979017 0.034998669)
(0.0076388417 -0.0052501173 0.035000241)
(-0.0052758836 -0.0027143742 0.033995633)
(-0.0058368082 -0.0031535863 0.034999899)
(-0.003053653 -0.0029071921 0.034000205)
(-0.0040345489 -0.0019569825 0.033998478)
(-0.0040580573 -0.0029207691 0.035000474)
(-0.0010079531 -0.0030068712 0.03400011)
(-0.0020184492 -0.0020288762 0.03399923)
(-0.0020236845 -0.0029706799 0.035000166)
(0.0010084252 -0.003006499 0.034000834)
(1.4159446e-06 -0.0020142972 0.034000266)
(1.221429e-06 -0.003008108 0.03500008)
(0.0030478795 -0.0029046847 0.03400366)
(0.002013444 -0.0020271775 0.034003991)
(0.0020220601 -0.0029698112 0.035001405)
(0.0052654971 -0.0027069313 0.034002925)
(0.0040148023 -0.0019464277 0.033998805)
(0.0040489131 -0.0029149004 0.03499971)
(0.0058400239 -0.0031562253 0.035000454)
(-0.0027248094 -0.0014266224 0.033998291)
(-0.00098634808 -0.0010584417 0.033999589)
(-0.0019272098 -0.0012128966 0.034998777)
(0.00098947037 -0.0010587492 0.033999489)
(6.2351627e-06 -0.0010002042 0.034998315)
(0.0027096507 -0.001422024 0.033996161)
(0.0019377131 -0.0012153456 0.035000281)
(-0.0026784846 -0.018587429 0.036012682)
(-0.0040215753 -0.018049952 0.036000131)
(-0.00098921653 -0.018941275 0.036000665)
(-0.0020167713 -0.017970987 0.036003351)
(-0.0019471548 -0.018782453 0.037003233)
(0.00098389308 -0.0189418 0.036000179)
(-3.388039e-06 -0.017985545 0.035999965)
(-4.1446788e-06 -0.018999864 0.036999729)
(0.002648742 -0.018596452 0.035997248)
(0.0020078139 -0.017973955 0.036000541)
(0.0019286519 -0.018786767 0.037001549)
(0.0040303345 -0.01804527 0.035996471)
(-0.0052821616 -0.017281127 0.036001035)
(-0.0063576816 -0.016369843 0.035998978)
(-0.0058514453 -0.016834401 0.037000655)
(-0.0030574633 -0.01709142 0.036004494)
(-0.0040806208 -0.016097374 0.035999813)
(-0.0040601511 -0.017078554 0.036995482)
(-0.0010113474 -0.016992436 0.036000501)
(-0.0020332966 -0.017025882 0.036999648)
(0.0010050779 -0.01699354 0.036000095)
(-4.2797257e-06 -0.01699135 0.036999931)
(0.0030461434 -0.017095775 0.036001565)
(0.0020178264 -0.017031751 0.037000293)
(0.0052777227 -0.017284308 0.036001589)
(0.0040754511 -0.016101789 0.035999442)
(0.0040503712 -0.01708409 0.037000559)
(0.0063502093 -0.016376841 0.036004233)
(0.0058532344 -0.016832932 0.03700088)
(-0.007279128 -0.015284951 0.035997485)
(-0.0080451278 -0.014030601 0.036001562)
(-0.0076883578 -0.014670254 0.037009658)
(-0.0051113116 -0.015116287 0.035999156)
(-0.0060956143 -0.014081499 0.035999124)
(-0.0061242921 -0.015125074 0.037001437)
(-0.0040843512 -0.015095999 0.036999773)
(0.0051031729 -0.015123164 0.035999761)
(0.0040756125 -0.015101796 0.036999835)
(0.007293264 -0.015265225 0.036003429)
(0.0060946213 -0.014077905 0.036000326)
(0.0061131996 -0.015130425 0.036999231)
(0.0080449754 -0.014030886 0.03599972)
(0.0076600404 -0.014715792 0.037001828)
(-0.0085727817 -0.012726774 0.035995323)
(-0.0070897922 -0.013056486 0.035997904)
(-0.0079721732 -0.012011139 0.035998421)
(-0.0083661556 -0.01330801 0.037002837)
(-0.006039545 -0.012031649 0.035999017)
(-0.0060762206 -0.013056229 0.037000316)
(0.007101973 -0.013024035 0.036000117)
(0.006042624 -0.012021629 0.036000082)
(0.0060805358 -0.013043398 0.037000111)
(0.0085697116 -0.012736894 0.035990753)
(0.0079775499 -0.012000779 0.036000679)
(0.008385882 -0.013255598 0.036998976)
(-0.0089416329 -0.01098559 0.036000153)
(-0.006997578 -0.011008406 0.035999497)
(-0.0079865491 -0.0099988996 0.036000136)
(-0.0079680954 -0.010997509 0.037000102)
(-0.0060084708 -0.01000104 0.035999657)
(-0.0060147427 -0.011012845 0.036999919)
(0.0069992532 -0.011002561 0.036000104)
(0.0060083066 -0.0099965926 0.036000085)
(0.0060158772 -0.011007759 0.037000095)
(0.0089414816 -0.010987126 0.035999951)
(0.0079864763 -0.0099961613 0.036000287)
(0.00796926 -0.010995795 0.036999889)
(-0.0089409842 -0.0090078238 0.036000458)
(-0.0069997451 -0.0089952187 0.03599949)
(-0.0079786042 -0.0080018219 0.035998006)
(-0.0079689444 -0.0089993353 0.037000092)
(-0.0060441794 -0.0079787462 0.035999079)
(-0.0060163896 -0.0089897948 0.036999888)
(0.0069977817 -0.0089893387 0.036000057)
(0.0060411692 -0.007969146 0.035999832)
(0.0060151301 -0.0089853763 0.03700044)
(0.0089413084 -0.0090111162 0.036000458)
(0.0079718882 -0.0079858641 0.035999259)
(0.0079685265 -0.0090001308 0.037000435)
(-0.0085626744 -0.0072399075 0.036007949)
(-0.0071045847 -0.0069806379 0.03599763)
(-0.0080463363 -0.0059716602 0.03599888)
(-0.0083883004 -0.0067508275 0.036998069)
(-0.0061020151 -0.0059297601 0.036000336)
(-0.0060834381 -0.0069583974 0.036999798)
(0.0070932284 -0.0069490367 0.035999031)
(0.006106378 -0.0059316709 0.035998811)
(0.0060802813 -0.0069501413 0.037000849)
(0.0085715232 -0.0072690779 0.036000259)
(0.0080457228 -0.0059705124 0.035999887)
(0.0083848843 -0.0067417512 0.03700799)
(-0.007305291 -0.0047515592 0.036006133)
(-0.0076525028 -0.0052720861 0.036999323)
(-0.0051152967 -0.0048883991 0.03600111)
(-0.0063527066 -0.0036254981 0.035996105)
(-0.006137751 -0.0048925211 0.037000914)
(-0.0040826488 -0.0039043995 0.036000882)
(-0.0040875426 -0.0049078176 0.037000368)
(0.0051236885 -0.0048982025 0.035998971)
(0.0040830113 -0.0039072244 0.035999973)
(0.0040885221 -0.0049095184 0.036999496)
(0.007309948 -0.004758058 0.035995466)
(0.0064148944 -0.00369042 0.036000556)
(0.0061273637 -0.0048783387 0.036997573)
(0.0076451049 -0.0052601893 0.036995402)
(-0.0052800138 -0.0027173338 0.036003801)
(-0.005845366 -0.0031606095 0.036998523)
(-0.0030392548 -0.0029022693 0.036000604)
(-0.0040403794 -0.001960099 0.03599955)
(-0.0040607143 -0.0029231123 0.037001093)
(-0.0010047695 -0.0030057933 0.0360001)
(-0.0019931231 -0.0020211939 0.036000982)
(-0.0020205467 -0.0029698267 0.036999364)
(0.0010066318 -0.0030058986 0.036000393)
(1.6634375e-06 -0.0020139309 0.035999978)
(5.6821119e-07 -0.0030079312 0.036999969)
(0.0030351283 -0.0029005556 0.036002175)
(0.0020035289 -0.0020232233 0.03600071)
(0.0020220993 -0.0029703369 0.03700075)
(0.0052679293 -0.0027086742 0.035999104)
(0.0040247438 -0.0019517415 0.036002627)
(0.0040625533 -0.0029246494 0.036999341)
(0.0058372664 -0.0031539623 0.037000407)
(-0.0027188732 -0.0014248216 0.035994554)
(-0.00098877979 -0.0010586812 0.036000354)
(-0.0019207928 -0.0012114004 0.036994676)
(0.00098841592 -0.0010586453 0.035999633)
(-5.7216317e-07 -0.0010000188 0.036999642)
(0.0027229317 -0.0014260528 0.035994236)
(0.0019358075 -0.0012149013 0.037000751)
(-0.0027110759 -0.018577543 0.037997733)
(-0.0040255553 -0.018047825 0.037997421)
(-0.00099068246 -0.018941131 0.038000241)
(-0.0020180263 -0.017970334 0.037998172)
(-0.0019123185 -0.018790575 0.038995174)
(0.00098538461 -0.018941653 0.038001061)
(-3.8501046e-06 -0.017985626 0.037999691)
(-4.3119077e-06 -0.018999858 0.038999744)
(0.0027392803 -0.018568987 0.037991064)
(0.0019981831 -0.017977958 0.037998311)
(0.0018861058 -0.018796687 0.039001655)
(0.0040390361 -0.018040619 0.038004491)
(-0.0052568011 -0.0172993 0.038003192)
(-0.0063559252 -0.016371488 0.038008485)
(-0.0058342412 -0.01684852 0.039001272)
(-0.0030626567 -0.017089906 0.037999846)
(-0.0040791587 -0.016099308 0.038000769)
(-0.0040568364 -0.017081519 0.039001339)
(-0.0010132216 -0.016991875 0.037999917)
(-0.0020334106 -0.017025837 0.039001113)
(0.0010023054 -0.016994465 0.037999787)
(-3.5846353e-06 -0.016991465 0.039000006)
(0.0030321538 -0.017101039 0.037998156)
(0.0020171326 -0.017031013 0.038999409)
(0.0052628583 -0.01729496 0.037998973)
(0.004073722 -0.016101791 0.038000266)
(0.0040525815 -0.017082522 0.038999838)
(0.0063408946 -0.016385566 0.038001435)
(0.0058514136 -0.016834427 0.038998389)
(-0.0072859746 -0.015275397 0.038002007)
(-0.0080440885 -0.014032545 0.038000623)
(-0.0076780796 -0.014686783 0.03899876)
(-0.0051082264 -0.015119201 0.038001873)
(-0.0060946304 -0.014081815 0.038001288)
(-0.0061220131 -0.015125666 0.038999938)
(-0.0040837284 -0.015096282 0.039001003)
(0.0051053124 -0.015120068 0.038000877)
(0.0040841824 -0.015093468 0.039000468)
(0.0072898415 -0.015270001 0.038005952)
(0.0060964863 -0.014077419 0.0380016)
(0.0061421815 -0.015103157 0.03900217)
(0.0080429054 -0.014034758 0.038003833)
(0.0076478264 -0.014735434 0.039000657)
(-0.0085886029 -0.012674618 0.037998073)
(-0.0070942099 -0.01304415 0.03800242)
(-0.0079748549 -0.012004761 0.038000506)
(-0.0083935535 -0.013235215 0.038996837)
(-0.0060404965 -0.012028474 0.038000441)
(-0.0060801209 -0.013046193 0.039000079)
(0.0070974552 -0.013036632 0.037999947)
(0.0060414975 -0.01202539 0.038000197)
(0.0060794577 -0.013051112 0.03900042)
(0.0085759121 -0.012716454 0.038000003)
(0.0079757273 -0.012004188 0.038000133)
(0.0083634672 -0.013315153 0.038997642)
(-0.0089416135 -0.010985786 0.0380001)
(-0.0069981328 -0.011005978 0.038000253)
(-0.0079863666 -0.0099972874 0.038000229)
(-0.0079691899 -0.010995827 0.039000156)
(-0.0060082585 -0.0099990747 0.0380002)
(-0.006015594 -0.011009742 0.039000291)
(0.0069982691 -0.0110047 0.038000118)
(0.0060077459 -0.0099967388 0.038000302)
(0.0060147692 -0.011010105 0.039000282)
(0.0089415847 -0.010986079 0.038000014)
(0.0079862428 -0.0099975887 0.038000016)
(0.0079677228 -0.010999744 0.0390001)
(-0.0089408586 -0.0090065492 0.037999899)
(-0.0069982837 -0.008991067 0.038000328)
(-0.0079734667 -0.0079909598 0.038000751)
(-0.0079677083 -0.0089971506 0.039000298)
(-0.0060417087 -0.0079718255 0.038000525)
(-0.0060150143 -0.008985781 0.039000552)
(0.0069973152 -0.0089891722 0.038000616)
(0.006040095 -0.0079672173 0.038000949)
(0.0060135542 -0.0089820599 0.039000538)
(0.0089416148 -0.0090142262 0.037999758)
(0.0079733371 -0.0079895773 0.03800206)
(0.0079667568 -0.008995574 0.039000094)
(-0.0085792266 -0.0072944724 0.037994095)
(-0.0070946937 -0.0069546592 0.038001911)
(-0.0080434221 -0.0059662082 0.038001753)
(-0.0083634598 -0.0066848275 0.039006136)
(-0.0061004519 -0.0059252871 0.038000139)
(-0.0060786501 -0.0069463487 0.039001092)
(0.0070937738 -0.0069528091 0.038002645)
(0.0061008158 -0.0059238746 0.03800009)
(0.0060773772 -0.0069416038 0.039000306)
(0.0085681843 -0.0072580712 0.037990879)
(0.0080498305 -0.0059781974 0.037999216)
(0.0083661937 -0.0066920913 0.038997217)
(-0.0072882763 -0.0047278153 0.038005594)
(-0.0076825952 -0.0053204786 0.039001709)
(-0.0051171518 -0.0048896626 0.037998449)
(-0.0063749561 -0.0036477783 0.037987349)
(-0.0061316144 -0.0048862093 0.038997537)
(-0.004083642 -0.003905326 0.037999048)
(-0.0040856444 -0.0049058057 0.038999636)
(0.0051220026 -0.004894472 0.037999936)
(0.0040874717 -0.0039095848 0.03800012)
(0.0040891697 -0.0049099156 0.039000112)
(0.007284101 -0.0047219886 0.038000996)
(0.006403041 -0.0036777643 0.038001507)
(0.0061341295 -0.0048862181 0.039000381)
(0.0076831975 -0.0053214471 0.039008041)
(-0.0052786452 -0.0027163532 0.038000043)
(-0.0058300364 -0.0031480288 0.039001267)
(-0.0030547982 -0.0029079007 0.037996445)
(-0.0040225648 -0.0019505768 0.038001408)
(-0.0040542935 -0.0029190135 0.038999536)
(-0.0010072585 -0.003006596 0.037999552)
(-0.0020099853 -0.0020271845 0.037997204)
(-0.0020251286 -0.0029712505 0.039000406)
(0.0010063348 -0.003006089 0.038000219)
(3.362166e-07 -0.0020140804 0.037999947)
(-6.5297927e-07 -0.0030081746 0.039000039)
(0.0030401269 -0.0029030697 0.038002157)
(0.0020017875 -0.0020233516 0.038000845)
(0.0020219396 -0.00297048 0.039000778)
(0.0052743117 -0.0027132478 0.037999961)
(0.0040500903 -0.0019652895 0.03799917)
(0.0040603496 -0.0029228926 0.039000138)
(0.0058238939 -0.0031429877 0.03900064)
(-0.0027216395 -0.0014256608 0.038006687)
(-0.00098442495 -0.0010582522 0.03800007)
(-0.0019218753 -0.0012116528 0.038997253)
(0.00099083566 -0.0010588836 0.037999284)
(-5.3715742e-07 -0.0010000176 0.038999755)
(0.0027153768 -0.001423761 0.038001635)
(0.0019189483 -0.0012109703 0.038999806)
(-0.0027193952 -0.018575019 0.039985015)
(-0.0040150004 -0.018053466 0.040000687)
(-0.0009870182 -0.018941492 0.040000715)
(-0.0020056364 -0.017975543 0.040000735)
(-0.0019334417 -0.01878565 0.041000515)
(0.00098656416 -0.018941537 0.040000987)
(-3.8782183e-07 -0.017985734 0.039999961)
(-1.6411876e-06 -0.018999946 0.041001508)
(0.0027627165 -0.018561878 0.040000207)
(0.0020075216 -0.017974497 0.03999822)
(0.0019107482 -0.018790942 0.041000092)
(0.0040413654 -0.018039374 0.040002492)
(-0.0052783169 -0.017283882 0.040003968)
(-0.0064227332 -0.016301211 0.040001308)
(-0.0058532938 -0.016832884 0.040998885)
(-0.0030399834 -0.017098176 0.04000219)
(-0.0040828231 -0.016094179 0.040001554)
(-0.004052416 -0.017082828 0.041001461)
(-0.0010090029 -0.016993277 0.040000608)
(-0.0020250315 -0.01702913 0.041001192)
(0.0010058142 -0.016993395 0.039999685)
(-1.2673442e-06 -0.016991527 0.041000418)
(0.0030481222 -0.017094399 0.039996664)
(0.0020262961 -0.017027849 0.040999194)
(0.0052704767 -0.0172895 0.039996324)
(0.0040846496 -0.016092627 0.040000288)
(0.0040612957 -0.017076856 0.041000222)
(0.006395624 -0.016330155 0.040006201)
(0.005837571 -0.016845787 0.040998342)
(-0.0072684322 -0.015299877 0.039995903)
(-0.0080515134 -0.014018654 0.039996513)
(-0.0076453652 -0.014739392 0.040993168)
(-0.0051183136 -0.01510884 0.040000668)
(-0.0060995739 -0.01407608 0.039999254)
(-0.0061310799 -0.015114811 0.040999486)
(-0.0040844843 -0.015094697 0.041000882)
(0.0051204823 -0.015105915 0.040000832)
(0.0040883891 -0.015090351 0.041000854)
(0.0072830081 -0.015279537 0.039989351)
(0.0061025249 -0.014072874 0.039999733)
(0.0061390148 -0.015106046 0.041002931)
(0.0080456138 -0.014029692 0.039998878)
(0.0076826852 -0.014679376 0.041003658)
(-0.0085727203 -0.012726976 0.039995324)
(-0.0070954817 -0.013041255 0.040000134)
(-0.0079760243 -0.012001337 0.04000128)
(-0.0083808195 -0.013269049 0.041003743)
(-0.0060416453 -0.012026172 0.040000441)
(-0.0060803938 -0.013048334 0.041000678)
(0.0070917638 -0.013052384 0.040001401)
(0.0060410854 -0.012027695 0.040000521)
(0.006083023 -0.013043397 0.041000491)
(0.008579095 -0.012705961 0.040000413)
(0.0079723221 -0.012011131 0.040002239)
(0.0083904866 -0.013243364 0.041000059)
(-0.0089416146 -0.010985776 0.040000134)
(-0.0069985137 -0.01100487 0.040000385)
(-0.0079862534 -0.0099969679 0.03999988)
(-0.007968551 -0.010997731 0.041000346)
(-0.0060079942 -0.0099979576 0.040000422)
(-0.0060151602 -0.01101116 0.041000568)
(0.0069975436 -0.011006033 0.040000374)
(0.0060069824 -0.0099958003 0.040000413)
(0.0060153315 -0.011008474 0.041000314)
(0.0089417056 -0.010984851 0.039999635)
(0.0079856883 -0.0099986438 0.040000033)
(0.0079688601 -0.010997027 0.040999933)
(-0.0089412603 -0.0090106276 0.039999742)
(-0.0069974353 -0.0089893106 0.04000052)
(-0.0079720503 -0.0079853072 0.040001406)
(-0.007967772 -0.0089973187 0.040999875)
(-0.006040129 -0.0079681888 0.040000972)
(-0.0060147195 -0.0089859871 0.041000761)
(0.0069953616 -0.0089840336 0.040000658)
(0.0060374843 -0.0079599071 0.04000109)
(0.0060132018 -0.0089810793 0.041000761)
(0.0089413414 -0.0090114511 0.03999936)
(0.0079644425 -0.0079655558 0.040001739)
(0.0079668469 -0.0089952746 0.041000621)
(-0.0085877369 -0.007322527 0.040008115)
(-0.0070929438 -0.0069500362 0.040000699)
(-0.0080493278 -0.0059772568 0.03999884)
(-0.0083775792 -0.0067223421 0.041004655)
(-0.0060976559 -0.0059219356 0.040000798)
(-0.0060789676 -0.006947834 0.041001445)
(0.0070832146 -0.0069222791 0.040002461)
(0.0061054483 -0.0059288076 0.039999139)
(0.0060771667 -0.0069414561 0.041001809)
(0.0085849647 -0.0073133883 0.040000261)
(0.0080546872 -0.0059872836 0.040000391)
(0.0083677468 -0.0066962179 0.041012235)
(-0.0072956423 -0.0047380944 0.040002524)
(-0.0076570386 -0.0052793803 0.040997578)
(-0.0051123212 -0.0048847657 0.04000104)
(-0.0063378899 -0.0036116207 0.040003856)
(-0.0061322686 -0.0048851092 0.041001406)
(-0.0040809601 -0.0039029094 0.040001051)
(-0.0040860768 -0.0049062026 0.041001415)
(0.0051239769 -0.0048975335 0.039998069)
(0.0040841194 -0.0039077634 0.039999174)
(0.0040850917 -0.0049062791 0.04099964)
(0.0073121687 -0.004761157 0.040000731)
(0.0064206707 -0.0036965873 0.039984297)
(0.0061270875 -0.0048822677 0.041000362)
(0.0076575024 -0.005280126 0.040997623)
(-0.0052913198 -0.0027254356 0.040001943)
(-0.0058561733 -0.0031694788 0.040998362)
(-0.0030391972 -0.002902076 0.040003175)
(-0.0040189132 -0.001948625 0.03999968)
(-0.004058597 -0.0029211981 0.041001133)
(-0.0010080983 -0.0030065299 0.04000047)
(-0.0020025932 -0.0020236314 0.040000641)
(-0.0020293066 -0.0029727318 0.041001767)
(0.0010057658 -0.0030061988 0.04000006)
(-5.8269285e-07 -0.0020141274 0.040000136)
(-1.2948008e-06 -0.0030085467 0.041000141)
(0.0030374592 -0.0029015018 0.040000584)
(0.0020023956 -0.0020234901 0.040000991)
(0.0020266151 -0.0029719352 0.040999731)
(0.0052679813 -0.0027087115 0.040000292)
(0.0040294604 -0.0019542626 0.040000754)
(0.0040513696 -0.002916948 0.040998824)
(0.0058424005 -0.0031581757 0.040999427)
(-0.0027456052 -0.0014329307 0.03999664)
(-0.00099138293 -0.0010589375 0.039999948)
(-0.0019294782 -0.0012134255 0.041000747)
(0.00098546863 -0.001058355 0.039999112)
(-1.298688e-06 -0.0010000426 0.040999762)
(0.0026894002 -0.0014158811 0.040003207)
(0.0019412327 -0.0012161663 0.040997736)
(-0.0027181376 -0.018575401 0.042000823)
(-0.0040150457 -0.018053442 0.041999327)
(-0.0009883179 -0.018941364 0.042000553)
(-0.0020188131 -0.017971054 0.041999464)
(-0.0019359328 -0.018785069 0.0429985)
(0.00098714743 -0.018941479 0.04200076)
(-2.3480491e-06 -0.017985649 0.042001036)
(9.3320926e-07 -0.018999969 0.043000039)
(0.0027030632 -0.018579974 0.042001347)
(0.0020091123 -0.017974717 0.041998813)
(0.001926354 -0.018787303 0.043004356)
(0.004024708 -0.018048277 0.042000693)
(-0.0052860182 -0.017278364 0.042006523)
(-0.0063622401 -0.016365573 0.04199392)
(-0.0058535416 -0.01683268 0.043001977)
(-0.0030532888 -0.017093114 0.042000818)
(-0.0040803504 -0.016097363 0.042001165)
(-0.0040517307 -0.017083142 0.043002377)
(-0.0010097846 -0.01699306 0.042000681)
(-0.0020244263 -0.017029729 0.043002061)
(0.0010064843 -0.016993521 0.041999827)
(-1.2707651e-06 -0.016991873 0.043000252)
(0.0030405807 -0.017097842 0.041997936)
(0.002022935 -0.017029343 0.042998535)
(0.0052429535 -0.017309223 0.042000428)
(0.0040802707 -0.016095568 0.042000679)
(0.0040567672 -0.017080111 0.042998895)
(0.0063922321 -0.016333777 0.042008583)
(0.0058423144 -0.016841894 0.043001671)
(-0.0073164161 -0.015232916 0.041998575)
(-0.0080385021 -0.014042996 0.041997149)
(-0.0076648033 -0.014708133 0.042995113)
(-0.0051150396 -0.015111501 0.041999636)
(-0.0061010992 -0.014073972 0.04199911)
(-0.0061304128 -0.015116147 0.04299774)
(-0.0040820865 -0.015097343 0.043000527)
(0.0051200501 -0.015104957 0.04200221)
(0.0040859987 -0.015092064 0.043000094)
(0.0073100711 -0.01524177 0.042001842)
(0.0061069095 -0.014065921 0.042001581)
(0.0061408756 -0.015104143 0.043001756)
(0.0080549952 -0.01401214 0.042000915)
(0.0076602613 -0.014715437 0.042995501)
(-0.008579184 -0.012705668 0.042002588)
(-0.0070941707 -0.013047385 0.042002589)
(-0.0079716825 -0.012016692 0.042000729)
(-0.0083574902 -0.013331033 0.043008254)
(-0.0060401766 -0.01203103 0.042000896)
(-0.0060768744 -0.013056313 0.043000906)
(0.0070962643 -0.013042629 0.041999671)
(0.0060421756 -0.012025301 0.042000372)
(0.0060809654 -0.013047806 0.04300104)
(0.0085668326 -0.012746385 0.041999854)
(0.0079737721 -0.012008308 0.041999975)
(0.0083727299 -0.013290542 0.04300512)
(-0.008941942 -0.010982451 0.042000206)
(-0.0069973595 -0.011008874 0.042000595)
(-0.0079860481 -0.010000093 0.041999695)
(-0.0079668229 -0.011003536 0.043000259)
(-0.0060075583 -0.0099997419 0.04200058)
(-0.0060141036 -0.011014481 0.043000585)
(0.006998034 -0.011004578 0.042000122)
(0.0060071213 -0.0099955338 0.04200028)
(0.0060150113 -0.011008879 0.043000296)
(0.0089417078 -0.010984829 0.041999823)
(0.007985966 -0.009997003 0.04199995)
(0.0079682815 -0.010997189 0.042999939)
(-0.0089411168 -0.0090091701 0.04199923)
(-0.0069974595 -0.0089909592 0.042000852)
(-0.0079739917 -0.0079942073 0.04200346)
(-0.0079678514 -0.0089987767 0.043000275)
(-0.0060404314 -0.0079694343 0.042001625)
(-0.0060147621 -0.0089871684 0.043000919)
(0.0069962857 -0.0089861701 0.042000341)
(0.0060385958 -0.0079635339 0.042000748)
(0.0060132303 -0.0089815367 0.043000044)
(0.0089412777 -0.009010804 0.041999631)
(0.0079718178 -0.007984915 0.041999864)
(0.007966532 -0.0089940176 0.042999746)
(-0.0085749988 -0.0072805354 0.041996622)
(-0.007092337 -0.0069485689 0.042003444)
(-0.0080440478 -0.0059673787 0.041998524)
(-0.0083765081 -0.006719496 0.043004519)
(-0.0061004864 -0.0059245965 0.042000737)
(-0.0060799237 -0.0069495316 0.043002169)
(0.0070927809 -0.0069492057 0.042002501)
(0.0061015427 -0.0059251862 0.041999898)
(0.0060771226 -0.0069411632 0.042999834)
(0.0086012527 -0.0073670823 0.042001437)
(0.0080534289 -0.0059849296 0.041999245)
(0.0083566922 -0.0066668464 0.042997214)
(-0.0072949597 -0.0047371419 0.041997807)
(-0.0076522567 -0.0052716902 0.042998936)
(-0.005115634 -0.0048890152 0.042001126)
(-0.0063815364 -0.003654804 0.041997887)
(-0.0061323854 -0.0048871159 0.043004205)
(-0.0040806837 -0.0039034059 0.042001466)
(-0.004085322 -0.0049060799 0.043001344)
(0.0051166766 -0.004890285 0.041999215)
(0.0040785272 -0.0039031123 0.041999493)
(0.0040865063 -0.004908059 0.042999398)
(0.0072935303 -0.0047351473 0.042000724)
(0.0063885198 -0.0036622601 0.041993892)
(0.0061378831 -0.0048901059 0.042999555)
(0.0076753871 -0.0053088871 0.042998782)
(-0.0052571637 -0.0027009597 0.042003008)
(-0.0058499278 -0.0031643533 0.043002232)
(-0.0030479934 -0.0029049251 0.042003835)
(-0.00402473 -0.0019517341 0.041999981)
(-0.0040572982 -0.0029201345 0.043000606)
(-0.0010099444 -0.0030071136 0.042000764)
(-0.0020161931 -0.0020278738 0.04200268)
(-0.0020264458 -0.0029715134 0.043001041)
(0.0010058799 -0.0030063549 0.041999845)
(-6.8181569e-07 -0.0020143269 0.041999765)
(-7.9469297e-07 -0.0030087761 0.043000325)
(0.00303013 -0.0028981297 0.041999028)
(0.001997368 -0.0020217383 0.041999501)
(0.0020291644 -0.0029731838 0.042999869)
(0.0052571345 -0.0027009388 0.042003125)
(0.004024224 -0.0019514637 0.041999629)
(0.0040512273 -0.0029160855 0.042999165)
(0.0058346945 -0.0031518516 0.042998173)
(-0.0027175708 -0.0014244266 0.041997003)
(-0.00098961215 -0.0010587631 0.041999831)
(-0.0019330412 -0.0012142563 0.043005342)
(0.00098706567 -0.0010585123 0.041998913)
(-4.9461619e-06 -0.001000162 0.043001886)
(0.0027874298 -0.0014456181 0.04200179)
(0.0019089396 -0.0012086366 0.043001952)
(-0.0027340505 -0.018570574 0.044000934)
(-0.0040341552 -0.018043228 0.044000708)
(-0.00098882191 -0.018941314 0.04399958)
(-0.0020109315 -0.017972839 0.043998987)
(-0.0019130061 -0.018790415 0.044998051)
(0.00098695693 -0.018941498 0.044000766)
(-1.5998791e-06 -0.017985999 0.043999674)
(-1.2506624e-06 -0.018999958 0.044998969)
(0.0027273486 -0.018572607 0.044011497)
(0.0019936687 -0.017979391 0.044000301)
(0.0019357351 -0.018785115 0.044999212)
(0.0040116922 -0.018055235 0.044002137)
(-0.0052523746 -0.017302472 0.044001283)
(-0.0063316563 -0.016394218 0.043998865)
(-0.0058456454 -0.01683916 0.044999075)
(-0.0030546261 -0.017093093 0.043998553)
(-0.0040748531 -0.016103053 0.044000538)
(-0.0040634639 -0.01707563 0.0450005)
(-0.0010093067 -0.016993265 0.044000151)
(-0.0020277607 -0.017028084 0.045000465)
(0.0010037801 -0.016994681 0.04399989)
(-1.4652404e-06 -0.016992017 0.044999936)
(0.0030319124 -0.017100639 0.043997981)
(0.0020161672 -0.017032181 0.045000252)
(0.0052877467 -0.017277125 0.043999115)
(0.0040796225 -0.016096619 0.043999646)
(0.0040556617 -0.01707937 0.044999595)
(0.0063473633 -0.016379507 0.044003416)
(0.0058414179 -0.01684263 0.044998135)
(-0.0072937676 -0.015264522 0.043996687)
(-0.0080475692 -0.014026033 0.044000547)
(-0.0076821367 -0.014680258 0.045002131)
(-0.0051023535 -0.01512429 0.043999682)
(-0.0060934454 -0.01408165 0.043999306)
(-0.0061076297 -0.015138507 0.045000221)
(-0.0040779449 -0.01510223 0.045000444)
(0.0051130245 -0.015114166 0.043999993)
(0.0040848656 -0.015093633 0.044999586)
(0.0072779173 -0.015286641 0.043998763)
(0.0060973476 -0.01407791 0.044000329)
(0.0061315176 -0.015115974 0.044997025)
(0.0080499754 -0.014021532 0.043998556)
(0.0076869427 -0.01467253 0.045002092)
(-0.008568627 -0.01274047 0.043994532)
(-0.0070961458 -0.013039946 0.043999731)
(-0.0079735974 -0.01201284 0.044000121)
(-0.0083851214 -0.013257619 0.044997795)
(-0.0060397911 -0.012030776 0.044000321)
(-0.0060774894 -0.013049757 0.045000072)
(0.0070953565 -0.01304198 0.044000392)
(0.0060413105 -0.0120262 0.044000533)
(0.0060804256 -0.013046957 0.04500087)
(0.008572476 -0.012727781 0.04399892)
(0.0079751873 -0.012003727 0.044000394)
(0.0083814244 -0.013267442 0.045001823)
(-0.008941562 -0.010986309 0.043999063)
(-0.0069975437 -0.011008935 0.044000103)
(-0.0079860392 -0.0099986333 0.043999607)
(-0.0079686083 -0.010999705 0.044999691)
(-0.006007579 -0.010000455 0.044000374)
(-0.0060147754 -0.011012967 0.045000173)
(0.0069979372 -0.011004476 0.044000216)
(0.006007129 -0.0099960746 0.044000107)
(0.0060150366 -0.011009223 0.045000434)
(0.0089417545 -0.010984355 0.043999785)
(0.0079859566 -0.0099963738 0.043999947)
(0.0079685162 -0.010996693 0.045000196)
(-0.0089415153 -0.0090132166 0.043999595)
(-0.0069974631 -0.0089910526 0.044000541)
(-0.0079715559 -0.0079820211 0.044001421)
(-0.0079678584 -0.0089996728 0.044999834)
(-0.0060407633 -0.0079699804 0.04400129)
(-0.0060152562 -0.0089884873 0.045000428)
(0.0069963027 -0.0089863922 0.043999559)
(0.0060388633 -0.0079645391 0.043999505)
(0.0060141204 -0.0089842857 0.045000077)
(0.0089413696 -0.0090117369 0.043999027)
(0.0079693224 -0.0079765478 0.043997318)
(0.0079678247 -0.0089972564 0.044999893)
(-0.0085753523 -0.0072817008 0.044005564)
(-0.007094057 -0.006952393 0.044002788)
(-0.0080451684 -0.0059694753 0.043999886)
(-0.0083692652 -0.0067002521 0.044997797)
(-0.0060999416 -0.0059247667 0.04400123)
(-0.0060800191 -0.0069503655 0.045001415)
(0.0070899385 -0.0069417053 0.043996754)
(0.0061041792 -0.0059276787 0.044000452)
(0.0060796292 -0.0069483295 0.045000158)
(0.0085738112 -0.0072766205 0.044004518)
(0.0080473099 -0.0059734816 0.044000846)
(0.0083749395 -0.0067153283 0.045001827)
(-0.0073013317 -0.0047460341 0.043995025)
(-0.0076618225 -0.0052870734 0.044991688)
(-0.0051148653 -0.0048878037 0.04400117)
(-0.0063577789 -0.0036302488 0.043996861)
(-0.0061302272 -0.0048832522 0.045008875)
(-0.0040825677 -0.0039044524 0.044000448)
(-0.0040866538 -0.0049071872 0.045001498)
(0.0051203114 -0.004895354 0.044000306)
(0.0040802213 -0.0039044582 0.043998852)
(0.0040869439 -0.0049085858 0.045000133)
(0.0072976845 -0.0047409444 0.043997424)
(0.0064146071 -0.0036901132 0.044011773)
(0.0061391849 -0.0048920883 0.045000486)
(0.0076651512 -0.0052924263 0.04500313)
(-0.005283871 -0.0027200979 0.043998239)
(-0.0058388858 -0.0031552913 0.04500143)
(-0.0030481037 -0.0029054543 0.043999978)
(-0.0040285401 -0.0019537707 0.043998635)
(-0.0040596198 -0.0029225868 0.044999897)
(-0.0010078139 -0.0030067954 0.044000027)
(-0.0020030972 -0.0020243674 0.043999924)
(-0.0020246102 -0.0029710097 0.044999422)
(0.0010091324 -0.0030076505 0.043999846)
(-1.2524179e-07 -0.0020144458 0.043999918)
(4.7925608e-07 -0.003008696 0.044999864)
(0.0030655302 -0.0029110587 0.043997828)
(0.0020144514 -0.0020292746 0.043999005)
(0.002022717 -0.0029709109 0.045000659)
(0.0052255574 -0.0026783109 0.043986879)
(0.0040241909 -0.001951446 0.043999514)
(0.0040554728 -0.0029186834 0.045000788)
(0.0058511935 -0.003165392 0.04499761)
(-0.0027065795 -0.0014210924 0.043999998)
(-0.00098875364 -0.0010586786 0.043999584)
(-0.0019416362 -0.0012162604 0.045001451)
(0.00098697502 -0.0010585034 0.043999307)
(7.1661047e-06 -0.0010002346 0.0449987)
(0.0027097489 -0.0014220538 0.044005091)
(0.0018887363 -0.0012039259 0.044999103)
(-0.0027363592 -0.018569873 0.045997526)
(-0.0040278037 -0.018046623 0.04600113)
(-0.00098742715 -0.018941452 0.046000592)
(-0.0020075208 -0.017974569 0.046000925)
(-0.0019204552 -0.018788678 0.046996722)
(0.0009904495 -0.018941154 0.046000547)
(7.4029035e-07 -0.017985772 0.045999504)
(3.7763764e-06 -0.018999876 0.047000667)
(0.0027046856 -0.018579481 0.0459968)
(0.0020121317 -0.017973447 0.045999217)
(0.0019445007 -0.018783072 0.0470003)
(0.0040382931 -0.018041016 0.046000393)
(-0.0052685147 -0.017290906 0.045997944)
(-0.0063115953 -0.016413007 0.045999316)
(-0.0058520949 -0.016833868 0.047000551)
(-0.0030441063 -0.017096908 0.046001764)
(-0.0040735332 -0.016104011 0.04600049)
(-0.0040528159 -0.01708332 0.047000562)
(-0.0010075776 -0.016993575 0.046000534)
(-0.0020247953 -0.017029432 0.047001762)
(0.0010083113 -0.016993432 0.0459999)
(1.7295722e-06 -0.016991521 0.047000311)
(0.0030479552 -0.017094834 0.045999053)
(0.0020325001 -0.017026232 0.0469994)
(0.0052641753 -0.017294016 0.045999914)
(0.004081851 -0.016095488 0.046000902)
(0.0040557085 -0.017081237 0.046999421)
(0.0063856379 -0.016340817 0.046016729)
(0.0058330489 -0.016849498 0.04699993)
(-0.0072834441 -0.015278928 0.045998362)
(-0.0080342519 -0.014050948 0.045998825)
(-0.0076899147 -0.01466775 0.046996229)
(-0.005098869 -0.015128055 0.046000417)
(-0.0060891978 -0.014086871 0.046000384)
(-0.0061302467 -0.015116978 0.047003834)
(-0.0040785888 -0.015100065 0.047001145)
(0.0051156623 -0.015111281 0.04600233)
(0.0040846903 -0.015094933 0.047000617)
(0.0072919479 -0.015267061 0.045998485)
(0.0061004602 -0.014073907 0.046001516)
(0.0061223783 -0.015125935 0.047003713)
(0.0080523182 -0.014017148 0.045997143)
(0.0076371519 -0.0147526 0.046995352)
(-0.0086025608 -0.012628605 0.046007545)
(-0.0070996929 -0.013028876 0.046001857)
(-0.0079773869 -0.012002991 0.046001035)
(-0.0083548172 -0.013338136 0.047000047)
(-0.0060400147 -0.0120297 0.046000463)
(-0.0060751549 -0.01305842 0.047000917)
(0.0070976303 -0.013036733 0.046003283)
(0.006041452 -0.012025967 0.046001038)
(0.0060795519 -0.013049125 0.047001257)
(0.0085715958 -0.012730683 0.045999519)
(0.0079756177 -0.012003847 0.046001312)
(0.008374646 -0.013285452 0.047000628)
(-0.0089412257 -0.010989724 0.04599947)
(-0.0069980651 -0.011009001 0.046000145)
(-0.007986421 -0.010004093 0.046000299)
(-0.0079669375 -0.011005384 0.046999763)
(-0.0060080094 -0.010002107 0.046000189)
(-0.0060140541 -0.011015807 0.047000152)
(0.0069980909 -0.011004916 0.046000512)
(0.006007384 -0.0099971738 0.046000309)
(0.0060147651 -0.011010112 0.047000485)
(0.0089415949 -0.010985975 0.046000248)
(0.00798623 -0.0099974346 0.046000061)
(0.0079681843 -0.010997585 0.046999863)
(-0.008941677 -0.0090148581 0.046000075)
(-0.0069989523 -0.008995358 0.046000149)
(-0.0079792161 -0.0080023892 0.045999881)
(-0.0079684745 -0.0090013739 0.046999864)
(-0.0060429542 -0.0079758873 0.046000448)
(-0.0060157489 -0.0089903457 0.04700011)
(0.0069975328 -0.0089899798 0.046000285)
(0.0060403932 -0.0079694058 0.046000386)
(0.006013894 -0.0089839952 0.047000263)
(0.0089411484 -0.0090094913 0.046000012)
(0.0079770427 -0.0079993292 0.046001423)
(0.0079671625 -0.0089954998 0.047000089)
(-0.0085668392 -0.0072536368 0.046001816)
(-0.0071033145 -0.0069782923 0.04600048)
(-0.0080539096 -0.0059858289 0.046002868)
(-0.0083843494 -0.0067403299 0.047003499)
(-0.0061015914 -0.0059274797 0.046000812)
(-0.006082546 -0.0069561743 0.047000357)
(0.0070978457 -0.0069640079 0.046001365)
(0.0061001736 -0.0059240748 0.04600053)
(0.0060780241 -0.0069445835 0.047000176)
(0.0085837336 -0.00730933 0.045998899)
(0.0080471261 -0.0059731378 0.046001863)
(0.0083627317 -0.006682893 0.04699987)
(-0.0072823729 -0.004719577 0.045997947)
(-0.0076696561 -0.0052996709 0.046989166)
(-0.0051168459 -0.0048901881 0.046000126)
(-0.0063887614 -0.0036625181 0.045997267)
(-0.0061376878 -0.0048912933 0.046997559)
(-0.0040817544 -0.003904542 0.045999849)
(-0.0040876519 -0.0049084814 0.046998825)
(0.0051161461 -0.0048899132 0.046000264)
(0.0040812653 -0.0039044204 0.046000326)
(0.0040861132 -0.004907583 0.047000337)
(0.0072858474 -0.0047244257 0.046001199)
(0.0063755172 -0.0036483774 0.046000731)
(0.0061367874 -0.004889142 0.046999675)
(0.0076254184 -0.0052285309 0.046994)
(-0.0052517318 -0.0026970673 0.045999016)
(-0.0058396821 -0.0031559448 0.047000981)
(-0.0030556255 -0.0029077084 0.046000898)
(-0.0040218658 -0.0019502032 0.045999956)
(-0.0040554065 -0.0029182284 0.046999335)
(-0.0010105272 -0.0030078781 0.046000087)
(-0.0020233349 -0.0020302892 0.046001356)
(-0.0020361759 -0.0029754379 0.046999839)
(0.0010080669 -0.003006804 0.046000126)
(1.4738146e-06 -0.0020145706 0.046000128)
(-6.6920942e-07 -0.0030089179 0.046999756)
(0.0030482559 -0.0029051765 0.046001551)
(0.0020086583 -0.0020263048 0.046001234)
(0.0020234087 -0.0029704865 0.046998972)
(0.0052543268 -0.0026989268 0.045996631)
(0.0040477737 -0.0019640513 0.046004214)
(0.0040511783 -0.0029170863 0.047001084)
(0.0058515104 -0.003165652 0.046998558)
(-0.0026732047 -0.0014109683 0.045998881)
(-0.00098609701 -0.0010584169 0.046000537)
(-0.0019281024 -0.0012131047 0.046999542)
(0.000993068 -0.0010591035 0.046000228)
(1.8020661e-06 -0.001000059 0.046999322)
(0.0027220453 -0.0014257839 0.046000696)
(0.0019412789 -0.0012161771 0.046999524)
(-0.0027071944 -0.01857872 0.047990934)
(-0.0040370919 -0.018041658 0.047998668)
(-0.00099164933 -0.018941036 0.048000591)
(-0.0020038622 -0.017976874 0.048003141)
(-0.0019308942 -0.018786244 0.049004653)
(0.00098537259 -0.018941654 0.04799945)
(1.505227e-06 -0.017985751 0.048000266)
(2.3091271e-06 -0.018999924 0.049000633)
(0.0027042797 -0.018579605 0.048001357)
(0.0020150701 -0.017971626 0.047999648)
(0.0019483753 -0.018782168 0.048999472)
(0.0040334896 -0.018043584 0.047999638)
(-0.0052617949 -0.017295722 0.047995949)
(-0.0063564205 -0.016371024 0.048000244)
(-0.0058470666 -0.016837994 0.04900039)
(-0.0030323821 -0.017101387 0.048004931)
(-0.0040738099 -0.016101894 0.048000181)
(-0.0040477769 -0.017085007 0.048998872)
(-0.001005021 -0.016994465 0.04800104)
(-0.0020134004 -0.017033902 0.049000668)
(0.0010105081 -0.016992595 0.0480001)
(1.8600724e-06 -0.016992075 0.049000367)
(0.0030591603 -0.017090717 0.048000089)
(0.0020286518 -0.017027904 0.04900095)
(0.0052670806 -0.017291934 0.047993333)
(0.0040820891 -0.016096297 0.04799918)
(0.0040592773 -0.017078163 0.049000224)
(0.0063646915 -0.016363182 0.047998345)
(0.0058372064 -0.016846086 0.049002107)
(-0.0072841931 -0.015277883 0.048006525)
(-0.0080501628 -0.014021181 0.048001884)
(-0.007628946 -0.014765796 0.049006008)
(-0.0051057361 -0.015121016 0.048000974)
(-0.0060939245 -0.014083041 0.048001793)
(-0.0061175315 -0.015131726 0.04900064)
(-0.0040767679 -0.015100762 0.04900023)
(0.0051147961 -0.015111952 0.047999375)
(0.0040859383 -0.015093359 0.048999687)
(0.0073132164 -0.015237381 0.047996028)
(0.0061018338 -0.014071874 0.048000213)
(0.0061329392 -0.015114441 0.048999436)
(0.0080514698 -0.014018736 0.047999971)
(0.0076493087 -0.01473305 0.048998342)
(-0.008579723 -0.012703891 0.048000092)
(-0.0070906408 -0.013053931 0.048001086)
(-0.0079707905 -0.012018821 0.047999902)
(-0.0083854735 -0.013256683 0.048990639)
(-0.0060388372 -0.012033272 0.048000265)
(-0.006077694 -0.013051131 0.048999693)
(0.0070951715 -0.013044846 0.048002047)
(0.0060408066 -0.012028291 0.048000805)
(0.0060795902 -0.013050465 0.049000888)
(0.0085710545 -0.012732467 0.048003359)
(0.0079727225 -0.012011721 0.048000949)
(0.0083703812 -0.013296783 0.049002725)
(-0.0089413162 -0.010988805 0.047999704)
(-0.0069970406 -0.011011092 0.047999954)
(-0.0079860302 -0.010002347 0.047999901)
(-0.0079685673 -0.010999647 0.048999739)
(-0.0060077239 -0.010002022 0.047999962)
(-0.0060148137 -0.011013075 0.048999889)
(0.0069975469 -0.011006303 0.048000457)
(0.0060071632 -0.0099973669 0.048000333)
(0.0060147052 -0.011011256 0.04900043)
(0.0089419121 -0.010982755 0.048000308)
(0.0079858644 -0.0099963042 0.048000044)
(0.0079679415 -0.010999368 0.049000414)
(-0.0089414057 -0.0090121032 0.047999775)
(-0.0069979265 -0.0089928277 0.047999815)
(-0.0079720819 -0.0079840332 0.047998728)
(-0.0079680555 -0.0089991964 0.048999725)
(-0.0060416647 -0.0079726234 0.047999853)
(-0.006015272 -0.0089887566 0.048999781)
(0.0069964798 -0.0089876028 0.04800027)
(0.0060391131 -0.0079654683 0.048000216)
(0.0060140684 -0.0089848417 0.049000283)
(0.0089417162 -0.0090152566 0.048000241)
(0.0079689281 -0.0079749203 0.048000683)
(0.0079676407 -0.0089973641 0.049000354)
(-0.0085774334 -0.0072885611 0.048002345)
(-0.0070942953 -0.0069540595 0.047999903)
(-0.0080440888 -0.0059674554 0.048001734)
(-0.0083812954 -0.0067322156 0.049000984)
(-0.0061032156 -0.0059282637 0.04799895)
(-0.0060802888 -0.0069526344 0.048999685)
(0.0070896564 -0.0069403203 0.048000254)
(0.0061026319 -0.0059268783 0.047999801)
(0.0060788685 -0.0069477386 0.04899993)
(0.0085921364 -0.0073370301 0.047998507)
(0.0080515413 -0.0059813981 0.048000546)
(0.0083774176 -0.0067219125 0.048998069)
(-0.0072910449 -0.0047316788 0.048000626)
(-0.0076517929 -0.0052709444 0.049003931)
(-0.0051205447 -0.0048946897 0.047997022)
(-0.0064211345 -0.0036970825 0.047988738)
(-0.0061240951 -0.0048768161 0.048995991)
(-0.0040821792 -0.0039058439 0.047998363)
(-0.0040824954 -0.0049045669 0.048998695)
(0.0051186332 -0.0048926573 0.048000685)
(0.004080866 -0.0039046232 0.048000661)
(0.0040826676 -0.0049043444 0.048999813)
(0.0073008019 -0.0047452946 0.047996109)
(0.0063867723 -0.0036603943 0.048005678)
(0.0061389527 -0.0048943136 0.048998459)
(0.0076777036 -0.0053126122 0.049002577)
(-0.0052609076 -0.0027036426 0.048002662)
(-0.0058362745 -0.0031531483 0.049000138)
(-0.0030520262 -0.0029063648 0.047998237)
(-0.0040225803 -0.0019505851 0.048000142)
(-0.0040451837 -0.0029128338 0.048999602)
(-0.0010094065 -0.003007429 0.04799949)
(-0.0020172016 -0.0020286163 0.047998421)
(-0.0020225232 -0.0029702864 0.048998297)
(0.0010071208 -0.0030061842 0.047999495)
(1.0782536e-06 -0.0020143587 0.047999552)
(1.0154436e-06 -0.0030081841 0.049000152)
(0.0030352295 -0.0029003041 0.04799655)
(0.0020002901 -0.0020226788 0.047998063)
(0.0020243979 -0.0029705183 0.049000385)
(0.0052692396 -0.0027096131 0.048003844)
(0.0040312745 -0.0019552323 0.047999497)
(0.004053104 -0.0029178294 0.049000436)
(0.0058476235 -0.0031624621 0.049000824)
(-0.0027275502 -0.0014274538 0.04800172)
(-0.0009856553 -0.0010583734 0.048000089)
(-0.0019287123 -0.001213247 0.049003049)
(0.00099294935 -0.0010590918 0.047999507)
(1.6804596e-06 -0.0010000551 0.049003609)
(0.0026329799 -0.0013987662 0.048001076)
(0.0019433295 -0.0012166552 0.049000927)
(-0.0027286392 -0.018572215 0.050000574)
(-0.004023562 -0.01804889 0.050003029)
(-0.0009905799 -0.018941141 0.04999936)
(-0.0020008326 -0.017977498 0.049998201)
(-0.0019303867 -0.018786362 0.050994712)
(0.00098702328 -0.018941491 0.049999752)
(-8.2524621e-07 -0.017986048 0.04999971)
(-3.7681072e-06 -0.018999876 0.050999927)
(0.0027481243 -0.018566305 0.049997987)
(0.0020044182 -0.017975267 0.050001657)
(0.001928074 -0.018786902 0.050999583)
(0.00401714 -0.018052323 0.050002748)
(-0.0052762823 -0.01728534 0.049996997)
(-0.0063607457 -0.016366973 0.050006286)
(-0.0058428966 -0.016841416 0.050997433)
(-0.0030323469 -0.017101208 0.050000125)
(-0.0040748239 -0.01610083 0.050000183)
(-0.0040529758 -0.017083026 0.051001035)
(-0.0010053309 -0.016994665 0.049999935)
(-0.0020250347 -0.017029281 0.050999896)
(0.0010065346 -0.016993973 0.050000451)
(-1.2521165e-06 -0.016992245 0.051000042)
(0.0030440148 -0.017096651 0.050002178)
(0.0020157712 -0.017032567 0.051001143)
(0.0052602701 -0.017296814 0.049997512)
(0.0040779628 -0.016096891 0.049999438)
(0.0040497724 -0.017084011 0.051000763)
(0.0063992545 -0.016326279 0.049990582)
(0.0058368167 -0.016846406 0.051002798)
(-0.0072852224 -0.015276447 0.049995481)
(-0.0080501233 -0.014021255 0.049999191)
(-0.0076779093 -0.014687057 0.051001348)
(-0.0051072686 -0.015119686 0.05000026)
(-0.0060952006 -0.014080242 0.050000005)
(-0.0061259249 -0.015121753 0.050999354)
(-0.0040790335 -0.015099047 0.050999911)
(0.0051151161 -0.01511155 0.049998486)
(0.00407833 -0.015098986 0.050999954)
(0.0072953173 -0.015262359 0.050004198)
(0.0060999935 -0.014074277 0.050000002)
(0.0061121523 -0.015134572 0.050999923)
(0.0080461512 -0.014028686 0.049999208)
(0.0076921978 -0.014664079 0.051005614)
(-0.0085682573 -0.012741688 0.049996942)
(-0.0070959457 -0.013040032 0.050002487)
(-0.0079756493 -0.012003515 0.050001243)
(-0.0083854807 -0.013256664 0.050987558)
(-0.0060408798 -0.012027693 0.049999991)
(-0.006079455 -0.013047815 0.050998897)
(0.0070944292 -0.013045274 0.050000676)
(0.0060408027 -0.01202854 0.050000155)
(0.0060789948 -0.013048467 0.050999051)
(0.0085765255 -0.012714432 0.049999674)
(0.0079724716 -0.012014446 0.050000979)
(0.0083770398 -0.013279091 0.050991076)
(-0.0089413404 -0.010988559 0.049999529)
(-0.0069982847 -0.011007237 0.049999856)
(-0.0079863793 -0.010001912 0.049999821)
(-0.0079686087 -0.011000357 0.050999455)
(-0.0060079866 -0.010000499 0.049999754)
(-0.0060153374 -0.011011432 0.050999552)
(0.0069976778 -0.011007653 0.050000212)
(0.0060075416 -0.0099983274 0.050000275)
(0.0060154431 -0.011010121 0.050999875)
(0.008941356 -0.010988401 0.0500002)
(0.0079860914 -0.0099989065 0.050000408)
(0.0079680953 -0.011000573 0.050999493)
(-0.0089411726 -0.009009737 0.049999243)
(-0.0069983402 -0.0089932613 0.049999521)
(-0.0079771076 -0.0079984481 0.049999233)
(-0.0079679999 -0.0090009586 0.050999234)
(-0.0060413316 -0.0079728219 0.049999515)
(-0.0060146977 -0.0089872593 0.050999647)
(0.0069973245 -0.0089899176 0.050000461)
(0.006039372 -0.0079679835 0.050000383)
(0.0060146911 -0.0089861448 0.051000347)
(0.0089413497 -0.0090115349 0.050000924)
(0.0079721804 -0.0079849512 0.050001248)
(0.0079681268 -0.0089998366 0.051000435)
(-0.0085886168 -0.0073254278 0.049999705)
(-0.0070999901 -0.0069703398 0.049998203)
(-0.0080455279 -0.0059701479 0.050001139)
(-0.008366749 -0.0066935667 0.050993302)
(-0.0060976943 -0.0059226515 0.050000387)
(-0.0060778321 -0.0069464237 0.050999821)
(0.0070927674 -0.0069513266 0.050000497)
(0.0060907239 -0.0059148742 0.050000299)
(0.0060771474 -0.0069479757 0.05100041)
(0.0085718222 -0.0072700636 0.049993254)
(0.0080448464 -0.0059688728 0.050001617)
(0.0083759483 -0.0067180088 0.051001576)
(-0.0072935611 -0.0047351902 0.049997832)
(-0.0076440267 -0.0052584553 0.051001864)
(-0.0051127224 -0.0048856931 0.050001286)
(-0.0063571487 -0.0036296586 0.05000289)
(-0.006128673 -0.0048798374 0.051007942)
(-0.0040788869 -0.0039027744 0.050001054)
(-0.0040834604 -0.0049055977 0.05100182)
(0.005099653 -0.0048732121 0.049999591)
(0.0040731811 -0.0038964575 0.049999528)
(0.0040758665 -0.0048973669 0.050999974)
(0.0072777999 -0.0047131954 0.050001754)
(0.006306412 -0.0035821384 0.049999409)
(0.0061090303 -0.004863477 0.051001204)
(0.0076616273 -0.0052867594 0.050994149)
(-0.0052959354 -0.0027287431 0.050004736)
(-0.0058413125 -0.0031572829 0.051005457)
(-0.0030344587 -0.0029002005 0.049999477)
(-0.0040142556 -0.0019461355 0.049999756)
(-0.004052 -0.0029177131 0.051001727)
(-0.0010044569 -0.0030056468 0.04999975)
(-0.0019980954 -0.0020224058 0.049999238)
(-0.0020185739 -0.0029692596 0.05100058)
(0.0010075031 -0.0030059692 0.050000062)
(1.8423312e-06 -0.0020139678 0.050000083)
(1.2548585e-06 -0.0030078574 0.05099987)
(0.0030367572 -0.0029005132 0.050001824)
(0.002002492 -0.0020231218 0.050000586)
(0.0020247011 -0.0029707485 0.050999641)
(0.0052766044 -0.0027148908 0.049996019)
(0.0040321943 -0.0019557239 0.050002377)
(0.0040529069 -0.0029171874 0.05099809)
(0.0058518745 -0.0031659508 0.051001821)
(-0.0027187793 -0.0014247932 0.05000524)
(-0.00098688711 -0.0010584947 0.049999797)
(-0.0018991105 -0.0012063448 0.051000198)
(0.0009900656 -0.0010588078 0.049999389)
(-4.5170926e-07 -0.0010000148 0.050999455)
(0.0027236454 -0.0014262693 0.050010037)
(0.0019219417 -0.0012116683 0.051000449)
(-0.0026918259 -0.018583382 0.052002318)
(-0.0040280582 -0.018046487 0.051997816)
(-0.00098934977 -0.018941262 0.051999336)
(-0.0020059591 -0.017975865 0.051998852)
(-0.0019303629 -0.018786368 0.053001853)
(0.00098911159 -0.018941286 0.051999731)
(-4.6456058e-07 -0.017986017 0.051999911)
(2.9033152e-06 -0.018999904 0.053002007)
(0.0027166179 -0.018575862 0.052004222)
(0.0020064434 -0.017975008 0.05200126)
(0.0019213605 -0.018788467 0.053001217)
(0.0040272326 -0.018046928 0.051999867)
(-0.005267274 -0.017291795 0.05199924)
(-0.0063314459 -0.016394415 0.051997502)
(-0.0058342951 -0.016848475 0.052998774)
(-0.0030366728 -0.017099549 0.05200003)
(-0.004074502 -0.016101564 0.051999273)
(-0.0040519227 -0.017082468 0.05299889)
(-0.0010069492 -0.016994213 0.051999777)
(-0.0020206933 -0.01703086 0.052999756)
(0.0010055676 -0.016994389 0.052000235)
(-1.4282294e-07 -0.016992208 0.053000077)
(0.0030390385 -0.017098663 0.052001456)
(0.0020215687 -0.017030031 0.052999833)
(0.0052636917 -0.017294362 0.052001217)
(0.0040748981 -0.01610048 0.052000261)
(0.0040503959 -0.017084332 0.052998117)
(0.0063700867 -0.016357421 0.05199838)
(0.0058504225 -0.01683524 0.053004478)
(-0.0072949992 -0.015262803 0.052008027)
(-0.0080408891 -0.014038531 0.052000653)
(-0.0076733493 -0.01469439 0.052999456)
(-0.0051060474 -0.015120254 0.051999857)
(-0.0060954029 -0.014079658 0.052001011)
(-0.0061324916 -0.015114398 0.053001233)
(-0.0040811005 -0.015097253 0.052999359)
(0.0051091935 -0.015116971 0.051999903)
(0.0040811045 -0.015096547 0.053000515)
(0.0072977816 -0.01525892 0.05199811)
(0.0060983084 -0.014073836 0.051999563)
(0.0061280474 -0.015119544 0.053000107)
(0.0080510691 -0.014019485 0.052002246)
(0.0076512989 -0.01472985 0.052999134)
(-0.0085733159 -0.012725012 0.05199938)
(-0.0070943813 -0.013044581 0.051998688)
(-0.0079744192 -0.012007114 0.051997578)
(-0.0083989417 -0.013220899 0.052997529)
(-0.0060412536 -0.012027065 0.051999321)
(-0.0060808472 -0.013044664 0.052999723)
(0.0071010693 -0.013026978 0.051999082)
(0.006043219 -0.012021454 0.0519996)
(0.0060836249 -0.013037565 0.052999751)
(0.0085726424 -0.012727233 0.051994127)
(0.0079788742 -0.011995211 0.051999825)
(0.0083915409 -0.013240563 0.053002361)
(-0.008940981 -0.010992208 0.05199971)
(-0.0069982251 -0.011007528 0.051999342)
(-0.0079862001 -0.010001729 0.051999675)
(-0.0079687005 -0.011001325 0.052999541)
(-0.0060077986 -0.0099996777 0.051999743)
(-0.0060154746 -0.011011281 0.052999705)
(0.0069994159 -0.011003389 0.051999898)
(0.0060084742 -0.0099972794 0.052000161)
(0.0060171995 -0.011005355 0.053000012)
(0.0089412395 -0.010989584 0.05200062)
(0.0079866387 -0.010000094 0.052000112)
(0.0079698947 -0.010995558 0.053000086)
(-0.0089420571 -0.0090187176 0.051999634)
(-0.0069971766 -0.0089916454 0.051999781)
(-0.0079730291 -0.0079915918 0.051999681)
(-0.0079674231 -0.0089997585 0.052999965)
(-0.0060395159 -0.0079678675 0.052000021)
(-0.0060144672 -0.008986441 0.053000169)
(0.0069983949 -0.0089919132 0.052000328)
(0.0060409838 -0.007971336 0.052000411)
(0.0060149661 -0.008984399 0.053000326)
(0.0089415083 -0.0090131454 0.051999938)
(0.0079777087 -0.0079995451 0.052000826)
(0.0079679151 -0.0089979758 0.053000237)
(-0.0085796948 -0.0072960158 0.051998121)
(-0.0070901901 -0.0069440888 0.052000306)
(-0.008035012 -0.005950474 0.052001508)
(-0.0083612273 -0.006678896 0.05300178)
(-0.0060995944 -0.0059222598 0.052000656)
(-0.0060783097 -0.0069448757 0.053000397)
(0.0071003215 -0.0069709407 0.052000653)
(0.0060951672 -0.0059206178 0.052000051)
(0.006079768 -0.006948575 0.05299998)
(0.0085713054 -0.00726836 0.051994734)
(0.0080445291 -0.0059682793 0.051998492)
(0.0083757617 -0.0067175129 0.052999776)
(-0.0072902002 -0.0047305 0.051999141)
(-0.0076763329 -0.005310408 0.05299581)
(-0.0051161608 -0.0048904894 0.052000268)
(-0.0064006462 -0.0036752074 0.0519996)
(-0.0061296006 -0.0048844239 0.052998898)
(-0.0040778295 -0.0039030511 0.051999404)
(-0.0040848623 -0.0049074503 0.05299881)
(0.0051046072 -0.0048786453 0.052001114)
(0.0040747255 -0.0038982412 0.052000613)
(0.0040835504 -0.0049058145 0.052999922)
(0.0072896109 -0.0047296777 0.051997579)
(0.0063293466 -0.003603619 0.052008328)
(0.0061464441 -0.0049023981 0.052997943)
(0.0076404442 -0.0052526943 0.053003317)
(-0.0052483719 -0.0026946596 0.051990831)
(-0.0058437415 -0.0031592762 0.053000719)
(-0.0030307039 -0.002898369 0.051998499)
(-0.0040278129 -0.001953382 0.052001279)
(-0.0040516809 -0.0029168301 0.052999091)
(-0.0010053286 -0.0030056639 0.051999667)
(-0.0019991367 -0.0020224282 0.051998801)
(-0.0020270383 -0.0029723869 0.05299921)
(0.0010068178 -0.0030058035 0.051999563)
(7.5911152e-07 -0.0020139629 0.051999869)
(1.3282435e-08 -0.0030079384 0.052999803)
(0.0030431558 -0.0029029611 0.05199801)
(0.0020051838 -0.0020246624 0.05199818)
(0.0020165186 -0.00296775 0.05299994)
(0.0052710679 -0.0027109233 0.052003467)
(0.0040283848 -0.0019536877 0.051999888)
(0.004054982 -0.0029194554 0.052999999)
(0.0058451031 -0.0031603937 0.052998872)
(-0.0027331894 -0.0014291644 0.052003109)
(-0.00099043171 -0.0010588439 0.051999819)
(-0.0019184318 -0.0012108499 0.052995929)
(0.0009898827 -0.0010587898 0.051999427)
(3.3550534e-06 -0.0010001099 0.052999371)
(0.002727215 -0.0014273521 0.052005148)
(0.0019212125 -0.0012114982 0.053001165)
(-0.0026959207 -0.01858214 0.053993628)
(-0.0040264589 -0.018047342 0.053998736)
(-0.00098824102 -0.018941372 0.053999902)
(-0.0020132516 -0.017972877 0.054000452)
(-0.0019584405 -0.018779821 0.054999803)
(0.00099210773 -0.018940991 0.053999427)
(-1.278676e-06 -0.017986005 0.053999147)
(1.5771634e-06 -0.018999948 0.054999438)
(0.0027143305 -0.018576556 0.054010744)
(0.0019913268 -0.017979641 0.053998554)
(0.0018965902 -0.018794243 0.054999252)
(0.0040163389 -0.018052751 0.053996258)
(-0.0052949553 -0.017271959 0.053993406)
(-0.0063537871 -0.01637349 0.053999076)
(-0.0058448106 -0.016839846 0.055001246)
(-0.003047802 -0.017095043 0.054000592)
(-0.0040786814 -0.016098758 0.053998667)
(-0.0040503448 -0.017084077 0.05500046)
(-0.0010075287 -0.016993883 0.054000165)
(-0.002021114 -0.017031162 0.055001655)
(0.0010046506 -0.016994493 0.053999729)
(-2.8332802e-07 -0.016992228 0.05500035)
(0.003035416 -0.017099757 0.053996714)
(0.0020198158 -0.017030495 0.055000659)
(0.0052703796 -0.01728957 0.054006444)
(0.0040779721 -0.016097685 0.054001047)
(0.0040574964 -0.01707954 0.054999825)
(0.0063693178 -0.016358242 0.054012656)
(0.0058529385 -0.016833175 0.055000197)
(-0.007278819 -0.015285383 0.053998152)
(-0.0080473694 -0.014026407 0.053999773)
(-0.0076475428 -0.01473589 0.055000483)
(-0.0051084737 -0.015118861 0.053998778)
(-0.0060948399 -0.014080647 0.053999795)
(-0.0061189638 -0.015125038 0.054999819)
(-0.004077099 -0.015101214 0.054999675)
(0.005114079 -0.015111944 0.054002139)
(0.0040838216 -0.015094313 0.054999797)
(0.0072939245 -0.015264303 0.0540026)
(0.0061014386 -0.014070448 0.054000846)
(0.0061421561 -0.015102725 0.054996273)
(0.0080440379 -0.01403264 0.05400067)
(0.0076831877 -0.014678568 0.055001799)
(-0.0085888743 -0.012673723 0.054006586)
(-0.0070945327 -0.013043821 0.053998826)
(-0.0079733786 -0.012012079 0.053999026)
(-0.0083836611 -0.013261499 0.054999605)
(-0.0060408874 -0.012028196 0.053999673)
(-0.0060782908 -0.013050346 0.054999855)
(0.0071083967 -0.013007676 0.05399775)
(0.0060455548 -0.012015743 0.053999688)
(0.0060832603 -0.013039415 0.055000127)
(0.0085597002 -0.012769897 0.05400021)
(0.0079835712 -0.011983441 0.053996993)
(0.0083823196 -0.013265063 0.055005293)
(-0.0089411643 -0.010990347 0.053999645)
(-0.0069980562 -0.011008342 0.053999693)
(-0.0079861824 -0.010002914 0.053999531)
(-0.0079685131 -0.011000144 0.054999624)
(-0.0060078685 -0.010000406 0.054000135)
(-0.0060148368 -0.011013105 0.055000292)
(0.0070006618 -0.010999592 0.053999849)
(0.0060086643 -0.0099948339 0.054000339)
(0.0060169542 -0.011005818 0.0550005)
(0.0089411789 -0.010990199 0.054000274)
(0.0079865329 -0.0099980329 0.054000085)
(0.0079694483 -0.010996559 0.055000472)
(-0.008941639 -0.0090144719 0.053999661)
(-0.0069976145 -0.0089922292 0.05400037)
(-0.0079737524 -0.0079922604 0.054001491)
(-0.0079683408 -0.0090020885 0.055000021)
(-0.0060409426 -0.0079700732 0.054000697)
(-0.0060152587 -0.0089884777 0.05500062)
(0.0069966843 -0.0089859364 0.054000343)
(0.0060388615 -0.0079634862 0.054000314)
(0.0060145739 -0.0089830479 0.055000678)
(0.0089410765 -0.0090087607 0.05400103)
(0.0079670266 -0.0079729284 0.054000269)
(0.0079670248 -0.0089956302 0.055000123)
(-0.0085752638 -0.0072814088 0.054005848)
(-0.0070936203 -0.0069511368 0.05400263)
(-0.0080486506 -0.00597599 0.054000149)
(-0.0083798023 -0.0067282486 0.05500859)
(-0.0061066931 -0.0059314086 0.05399813)
(-0.0060824775 -0.0069526948 0.05500038)
(0.0070851403 -0.0069283854 0.05400024)
(0.0061009655 -0.0059244819 0.053999829)
(0.0060775051 -0.0069433345 0.05500008)
(0.0085972836 -0.0073539981 0.054000157)
(0.0080424446 -0.0059643793 0.053998573)
(0.0083591592 -0.0066734009 0.054996138)
(-0.0072916209 -0.0047324826 0.054000219)
(-0.0076545336 -0.0052753519 0.055006965)
(-0.0051250092 -0.0049003854 0.053995499)
(-0.0064279987 -0.0037044113 0.053984891)
(-0.0061550677 -0.0049109944 0.054990383)
(-0.0040827697 -0.0039078819 0.053997457)
(-0.0040906518 -0.0049135302 0.05499776)
(0.0051156415 -0.0048899994 0.053998957)
(0.0040790315 -0.0039030963 0.05399919)
(0.0040824805 -0.0049048551 0.055001054)
(0.0073040113 -0.0047497734 0.054005449)
(0.0063784167 -0.0036514732 0.05399199)
(0.0061183014 -0.0048727083 0.055000432)
(0.0076535906 -0.0052738354 0.0549932)
(-0.005252292 -0.0026974687 0.053998374)
(-0.0058300856 -0.0031480692 0.055000373)
(-0.0030423732 -0.0029031024 0.053999772)
(-0.0040258999 -0.0019523595 0.05399859)
(-0.0040512812 -0.0029168406 0.055000249)
(-0.0010064309 -0.003006437 0.053999975)
(-0.0020015734 -0.0020239357 0.054001347)
(-0.0020238939 -0.0029716582 0.054999228)
(0.001006245 -0.003005856 0.054000182)
(1.3935393e-06 -0.0020141004 0.054000208)
(-9.2931489e-07 -0.0030079896 0.055000187)
(0.0030456417 -0.0029042211 0.05400149)
(0.0020101043 -0.0020259382 0.054000324)
(0.0020162398 -0.0029681477 0.055001106)
(0.0052675765 -0.0027084214 0.053994397)
(0.0040185267 -0.0019484184 0.053999811)
(0.0040574142 -0.0029211332 0.055000838)
(0.005835431 -0.003152456 0.055000522)
(-0.0026909874 -0.0014163626 0.053994966)
(-0.00098511795 -0.0010583205 0.054000623)
(-0.0019127833 -0.0012095328 0.054992688)
(0.00099125802 -0.0010589252 0.053999348)
(-4.1600515e-06 -0.0010001362 0.05499908)
(0.002703703 -0.0014202198 0.054004172)
(0.0019017487 -0.0012069599 0.055003021)
(-0.0027197711 -0.018574905 0.05600382)
(-0.0040351399 -0.018042702 0.055999978)
(-0.00098634455 -0.018941558 0.055999676)
(-0.0020083969 -0.017974137 0.056000504)
(-0.0019226098 -0.018788176 0.056996141)
(0.00099290511 -0.018940912 0.055999844)
(1.393219e-06 -0.017985927 0.056001002)
(4.1504354e-06 -0.018999864 0.057001443)
(0.0027231653 -0.018573876 0.055998262)
(0.0020051381 -0.017975034 0.056000088)
(0.0019343681 -0.018785434 0.056997638)
(0.0040239819 -0.018048666 0.056004006)
(-0.0052750704 -0.017286209 0.0559948)
(-0.0063399659 -0.016386435 0.055988716)
(-0.0058609734 -0.016826581 0.057001616)
(-0.0030466867 -0.017095729 0.056001918)
(-0.0040747089 -0.016102762 0.055998977)
(-0.0040569154 -0.017080631 0.056999977)
(-0.001007063 -0.016993832 0.05600086)
(-0.0020294868 -0.017027435 0.057001259)
(0.0010070498 -0.01699412 0.056000583)
(1.2832234e-06 -0.016992158 0.057001403)
(0.0030427802 -0.017096781 0.056000924)
(0.0020224325 -0.017030344 0.057000111)
(0.0052856389 -0.017278635 0.056002516)
(0.0040770924 -0.016100124 0.05600018)
(0.0040564696 -0.017079973 0.057002159)
(0.0063180204 -0.016406989 0.055989684)
(0.0058450355 -0.016839661 0.057000793)
(-0.0073042511 -0.015249892 0.056007564)
(-0.0080435373 -0.014033576 0.055998212)
(-0.0076763435 -0.014689575 0.0570048)
(-0.0051028148 -0.015123439 0.055998423)
(-0.006093966 -0.014081439 0.056000017)
(-0.0061115553 -0.015135711 0.056999538)
(-0.004076437 -0.015102629 0.057001134)
(0.0051040161 -0.01512321 0.055998453)
(0.0040791342 -0.015100056 0.057001445)
(0.0072732833 -0.015293108 0.056002231)
(0.0060921814 -0.014082106 0.055999309)
(0.0061109009 -0.015137241 0.056998148)
(0.0080492477 -0.014022893 0.056001312)
(0.0076821715 -0.014680202 0.056999485)
(-0.0085619483 -0.012762486 0.056004194)
(-0.0070924142 -0.013050329 0.055999317)
(-0.0079718973 -0.012014934 0.056000561)
(-0.0083626584 -0.013317302 0.057000337)
(-0.0060391387 -0.012032468 0.056000681)
(-0.0060744762 -0.013058945 0.057001168)
(0.0070994229 -0.013029677 0.055998299)
(0.0060425881 -0.012022521 0.056000391)
(0.0060779928 -0.013048967 0.05700049)
(0.0085633355 -0.012757913 0.056003898)
(0.0079787228 -0.011994825 0.055998423)
(0.0083891552 -0.013246901 0.056996156)
(-0.0089411067 -0.010990933 0.056000058)
(-0.0069972279 -0.011010682 0.056000557)
(-0.0079860973 -0.010002858 0.056000043)
(-0.0079672358 -0.011003963 0.057000367)
(-0.006007751 -0.010001818 0.056001071)
(-0.0060141913 -0.011015572 0.057002212)
(0.0069992647 -0.011003793 0.056000513)
(0.0060084535 -0.0099971637 0.056001352)
(0.0060155766 -0.011010165 0.057002224)
(0.0089410034 -0.010991981 0.055999818)
(0.0079865262 -0.010001985 0.056000492)
(0.0079686963 -0.010999017 0.057000669)
(-0.0089418986 -0.0090171077 0.055999319)
(-0.0069977723 -0.0089931205 0.056000414)
(-0.0079711873 -0.0079841341 0.055999082)
(-0.0079686613 -0.009003471 0.057000208)
(-0.0060412944 -0.0079712776 0.056000594)
(-0.0060155344 -0.0089896245 0.057002055)
(0.0069982348 -0.0089909704 0.056000931)
(0.0060415365 -0.007970255 0.05600131)
(0.0060148934 -0.0089850275 0.057002731)
(0.008941624 -0.0090143202 0.055999997)
(0.0079778575 -0.0079995658 0.056000345)
(0.0079676001 -0.0089978409 0.057000781)
(-0.0085739004 -0.0072769145 0.056000754)
(-0.0070922094 -0.0069477477 0.055998702)
(-0.0080516314 -0.0059815667 0.055999993)
(-0.0083795664 -0.0067276218 0.056994902)
(-0.00610491 -0.0059298567 0.05599902)
(-0.0060803465 -0.006951421 0.057000872)
(0.0071027723 -0.006974175 0.056000852)
(0.0061063734 -0.0059331428 0.056001584)
(0.0060793991 -0.0069468228 0.057001977)
(0.0085613685 -0.0072356026 0.055996255)
(0.0080501319 -0.0059787612 0.055999844)
(0.0083576444 -0.0066693764 0.056997812)
(-0.0072930454 -0.0047344705 0.055996028)
(-0.007709121 -0.0053631355 0.056998559)
(-0.0051237363 -0.0048979414 0.055998887)
(-0.0064044637 -0.0036792832 0.056000707)
(-0.0061271792 -0.0048800139 0.057003685)
(-0.004085394 -0.0039088813 0.055999543)
(-0.0040872269 -0.0049082953 0.057002306)
(0.0051220454 -0.0048966986 0.05600325)
(0.0040825329 -0.0039068592 0.056001923)
(0.0040855038 -0.0049078478 0.057002551)
(0.007315334 -0.0047655743 0.055999537)
(0.0064102482 -0.0036854593 0.056017216)
(0.0061390757 -0.0048937256 0.057000116)
(0.007665398 -0.0052928232 0.057003301)
(-0.0052683132 -0.0027089494 0.055998342)
(-0.0058422669 -0.0031580661 0.057001546)
(-0.0030438243 -0.0029040911 0.055996256)
(-0.0040338868 -0.0019566286 0.056000855)
(-0.0040605305 -0.0029223906 0.057000231)
(-0.0010066895 -0.0030065074 0.056000044)
(-0.0020042577 -0.0020243944 0.055996523)
(-0.0020263819 -0.0029719504 0.057001881)
(0.0010046486 -0.0030054176 0.056000744)
(6.8529969e-07 -0.0020139752 0.056000699)
(-2.2367342e-07 -0.0030079876 0.057001636)
(0.003031993 -0.002899575 0.055999855)
(0.002003582 -0.0020233828 0.056000409)
(0.0020196225 -0.0029691696 0.057001755)
(0.0052802268 -0.0027174865 0.055999451)
(0.0040198097 -0.0019491042 0.056000001)
(0.0040587358 -0.0029221544 0.056999142)
(0.005842309 -0.0031581007 0.057000119)
(-0.0027880329 -0.001445801 0.056009034)
(-0.00098448698 -0.0010582584 0.056000028)
(-0.0019102346 -0.0012089386 0.057003957)
(0.00098646683 -0.0010584534 0.055999212)
(1.2437257e-06 -0.0010000408 0.05700024)
(0.0027507258 -0.001434484 0.055995665)
(0.0019336214 -0.0012143916 0.057001251)
(-0.0027693392 -0.018559869 0.058003711)
(-0.0040289727 -0.018045998 0.058000959)
(-0.00098231199 -0.018941955 0.05800075)
(-0.0019995108 -0.017976974 0.05799939)
(-0.0019060159 -0.018792045 0.058998881)
(0.00099261145 -0.018940941 0.058000107)
(2.8394623e-06 -0.017986279 0.058001168)
(2.6927004e-06 -0.018999911 0.05900151)
(0.0026864012 -0.018585028 0.058005235)
(0.0020126116 -0.017973511 0.058000144)
(0.0019217997 -0.018788365 0.059003376)
(0.004037463 -0.01804146 0.05800033)
(-0.005264945 -0.017293464 0.058010052)
(-0.0063150694 -0.016409753 0.057993195)
(-0.0058402788 -0.016843565 0.059003518)
(-0.0030381889 -0.017099352 0.058000525)
(-0.0040712206 -0.016105083 0.058002606)
(-0.0040502391 -0.017083302 0.059002439)
(-0.0010030753 -0.016995201 0.058002544)
(-0.0020085683 -0.017036233 0.059004984)
(0.0010090558 -0.016994395 0.058002679)
(3.238316e-06 -0.01699409 0.059006333)
(0.0030455176 -0.017095839 0.058001246)
(0.0020216291 -0.017031516 0.05900687)
(0.0052788499 -0.0172835 0.057998897)
(0.004080229 -0.016098091 0.058002231)
(0.0040647721 -0.017074588 0.059003525)
(0.0063662678 -0.016361499 0.05800016)
(0.0058527984 -0.01683329 0.059004063)
(-0.0072907992 -0.015268664 0.057999749)
(-0.0080461543 -0.01402868 0.057996882)
(-0.0076632127 -0.014710691 0.059001943)
(-0.0050985255 -0.015127798 0.058001068)
(-0.0060906503 -0.014085564 0.058000775)
(-0.0061189894 -0.015127995 0.059000261)
(-0.004078776 -0.01509962 0.059006248)
(0.0051075174 -0.015120951 0.058001885)
(0.0040819283 -0.015097961 0.059007235)
(0.0072737115 -0.01529251 0.058003295)
(0.006091481 -0.014086411 0.058002507)
(0.0061173899 -0.015130375 0.059003169)
(0.0080426163 -0.014035299 0.058001214)
(0.0076638721 -0.01470963 0.059005694)
(-0.008579881 -0.01270337 0.057997613)
(-0.0070924795 -0.01304968 0.058003063)
(-0.0079732347 -0.012011365 0.058001981)
(-0.0083801816 -0.013270744 0.059002143)
(-0.0060396925 -0.012032459 0.058004078)
(-0.0060793302 -0.013050787 0.059006321)
(0.0070897134 -0.013055892 0.058000708)
(0.0060398972 -0.012031464 0.058003731)
(0.0060772252 -0.013056029 0.059006598)
(0.0085668614 -0.01274629 0.057999442)
(0.0079707275 -0.012018969 0.05800079)
(0.0083629141 -0.013316622 0.058996463)
(-0.0089413209 -0.010988758 0.05800107)
(-0.0069978835 -0.011010031 0.058003449)
(-0.0079864763 -0.010000207 0.058001417)
(-0.0079688017 -0.010999791 0.059004274)
(-0.0060087427 -0.010001561 0.058004602)
(-0.0060171573 -0.01101276 0.059008321)
(0.0069977427 -0.011008351 0.058003344)
(0.0060083955 -0.0099984206 0.058004996)
(0.0060167164 -0.011012488 0.059008557)
(0.008941792 -0.010983974 0.058000724)
(0.0079861205 -0.0099988889 0.058001979)
(0.0079679184 -0.011000998 0.05900416)
(-0.0089415857 -0.0090139313 0.058000232)
(-0.006999026 -0.0089947213 0.058003059)
(-0.0079786002 -0.0080058671 0.058000131)
(-0.0079684062 -0.0090008729 0.059003772)
(-0.0060420648 -0.0079729368 0.058003934)
(-0.006017145 -0.0089875458 0.059008463)
(0.0069974943 -0.0089883011 0.058003915)
(0.0060400728 -0.0079666262 0.058005135)
(0.0060163506 -0.0089845853 0.059008896)
(0.0089407104 -0.009005044 0.057998475)
(0.0079709104 -0.0079819435 0.058004055)
(0.0079678234 -0.0089959207 0.059004337)
(-0.0085747713 -0.0072797855 0.058001418)
(-0.0070984313 -0.0069655658 0.058001128)
(-0.0080406874 -0.0059610919 0.058002437)
(-0.0083588096 -0.0066724722 0.059003743)
(-0.0060981084 -0.0059222356 0.058003609)
(-0.0060780692 -0.0069450936 0.059007793)
(0.0070921245 -0.0069477519 0.058006047)
(0.0060977066 -0.0059216099 0.058002812)
(0.0060787174 -0.0069454568 0.05900724)
(0.0085771605 -0.0072876615 0.058001405)
(0.0080565449 -0.0059907592 0.058000924)
(0.0083727456 -0.0067094994 0.059000517)
(-0.0072902728 -0.0047306014 0.058003308)
(-0.0076603458 -0.0052846986 0.058992026)
(-0.0051153088 -0.0048878314 0.058003784)
(-0.0063839256 -0.003657355 0.058001979)
(-0.0061163938 -0.0048690221 0.05900731)
(-0.0040837632 -0.0039055449 0.058002431)
(-0.0040848446 -0.0049042893 0.059008568)
(0.0051110219 -0.0048842657 0.058003256)
(0.0040782127 -0.0039018917 0.058003458)
(0.004081176 -0.0049029987 0.059007973)
(0.0072837969 -0.0047215642 0.057999341)
(0.0063490497 -0.003622073 0.058005445)
(0.0061267059 -0.0048785046 0.059002822)
(0.0076912362 -0.0053343745 0.05900648)
(-0.0052766037 -0.0027148902 0.057995417)
(-0.0058321464 -0.0031497604 0.059002447)
(-0.0030449786 -0.0029043063 0.058001874)
(-0.0040296086 -0.0019543418 0.057996979)
(-0.004065678 -0.0029256648 0.059002082)
(-0.0010072946 -0.0030063217 0.058003242)
(-0.0020111715 -0.0020260528 0.058002142)
(-0.0020249967 -0.0029707388 0.059005983)
(0.0010063227 -0.0030055246 0.05800375)
(1.0984945e-06 -0.0020139885 0.058001852)
(5.4212547e-08 -0.0030067542 0.059007135)
(0.0030409334 -0.0029024408 0.058005758)
(0.0020093238 -0.0020254672 0.05800402)
(0.0020192726 -0.0029681172 0.059007425)
(0.0052762196 -0.0027146149 0.058000579)
(0.0040306228 -0.0019548839 0.058000645)
(0.0040452165 -0.0029126549 0.059003606)
(0.0058407448 -0.0031568169 0.058998522)
(-0.0027041598 -0.0014203584 0.058002316)
(-0.00098501221 -0.0010583101 0.057999945)
(-0.0019229432 -0.0012119018 0.059003934)
(0.00098875968 -0.0010586792 0.058000192)
(2.2758519e-06 -0.0010000746 0.059002335)
(0.002744584 -0.0014326209 0.057992961)
(0.001914028 -0.001209823 0.059003375)
(-0.002775728 -0.018557931 0.060009655)
(-0.0040301723 -0.018045357 0.060006965)
(-0.00098395974 -0.018941793 0.060006295)
(-0.0020000694 -0.017978175 0.060007824)
(-0.0019518302 -0.018781363 0.061020784)
(0.00099347579 -0.018940856 0.060006376)
(3.893266e-06 -0.017987566 0.06000997)
(1.3821848e-06 -0.018999954 0.061018447)
(0.0027099234 -0.018577893 0.060012289)
(0.0020010017 -0.017978505 0.060010451)
(0.0019273102 -0.01878708 0.061022867)
(0.0040367282 -0.018041853 0.060009413)
(-0.0052834022 -0.017280238 0.060007902)
(-0.0064057113 -0.016319385 0.060007037)
(-0.0058341729 -0.016848576 0.061020839)
(-0.0030333839 -0.017101237 0.060011002)
(-0.0040826942 -0.016094984 0.060012268)
(-0.0040529896 -0.01708365 0.061023453)
(-0.0010036747 -0.016998096 0.060012777)
(-0.0020300372 -0.017033027 0.061024566)
(0.0010060612 -0.016998249 0.060013606)
(-9.2953098e-07 -0.017001551 0.061024292)
(0.0030312586 -0.017101908 0.060013014)
(0.0020129664 -0.017039286 0.061026027)
(0.0052862235 -0.017278216 0.060007931)
(0.0040797542 -0.016098432 0.06001393)
(0.0040484152 -0.017085963 0.061026895)
(0.0063715709 -0.016355836 0.060009049)
(0.0058580526 -0.016828978 0.06102634)
(-0.0072987298 -0.015257597 0.060010099)
(-0.0080497156 -0.014022018 0.060005634)
(-0.0076689824 -0.014701412 0.061024492)
(-0.0051203766 -0.015106761 0.060011849)
(-0.0061043167 -0.014071386 0.060011978)
(-0.0061414207 -0.015106154 0.061022068)
(-0.0040894982 -0.015093413 0.061023946)
(0.0051121996 -0.015115328 0.060013545)
(0.0040806848 -0.015100417 0.061026469)
(0.007300995 -0.015254436 0.060008709)
(0.006100376 -0.014075199 0.060013706)
(0.0061237821 -0.015121886 0.061025745)
(0.0080494768 -0.014022464 0.060008225)
(0.0076972421 -0.014655967 0.061022675)
(-0.008570106 -0.012735594 0.060010616)
(-0.0070987417 -0.013037748 0.060010427)
(-0.0079758546 -0.012006069 0.060008752)
(-0.0083926414 -0.013237639 0.06102368)
(-0.0060458288 -0.012027148 0.060014196)
(-0.0060883475 -0.013045707 0.06102464)
(0.0071000874 -0.01303441 0.060011239)
(0.0060457257 -0.012027401 0.060014874)
(0.006088526 -0.013044825 0.061025854)
(0.0085640487 -0.012755562 0.060007132)
(0.0079762576 -0.012004552 0.060010553)
(0.0083906035 -0.013243053 0.061018636)
(-0.0089413344 -0.01098862 0.060006654)
(-0.0070020508 -0.011007136 0.060013528)
(-0.0079878026 -0.010001738 0.060010257)
(-0.0079720326 -0.0109989 0.06102345)
(-0.0060137329 -0.0099993918 0.060014589)
(-0.0060269197 -0.011011064 0.061022604)
(0.0070021204 -0.011006024 0.06001425)
(0.0060135802 -0.009997786 0.060015141)
(0.0060279147 -0.011010148 0.061023491)
(0.0089416713 -0.0109852 0.060007739)
(0.0079876872 -0.0099981402 0.060011261)
(0.007972454 -0.010997752 0.061024889)
(-0.0089420495 -0.0090186397 0.060007025)
(-0.007001707 -0.0089926319 0.060013909)
(-0.0079777694 -0.0079997304 0.060011288)
(-0.0079711114 -0.0090000479 0.061023421)
(-0.0060445527 -0.0079693998 0.060015216)
(-0.0060257911 -0.0089839299 0.061022949)
(0.007001004 -0.0089891369 0.060014247)
(0.0060437554 -0.0079670876 0.060014939)
(0.0060260722 -0.0089832472 0.061023323)
(0.0089411844 -0.0090098569 0.060007019)
(0.0079749241 -0.0079921028 0.06001041)
(0.0079712087 -0.0089974019 0.061024572)
(-0.0085641634 -0.0072448161 0.060011532)
(-0.0070986974 -0.0069629574 0.060013265)
(-0.0080514045 -0.0059811421 0.060008942)
(-0.0083676015 -0.0066958317 0.061016088)
(-0.006098266 -0.0059205949 0.060014837)
(-0.0060840656 -0.0069435069 0.061025723)
(0.0070946311 -0.0069522607 0.06001094)
(0.0061011902 -0.005922857 0.060012451)
(0.0060841379 -0.0069435842 0.061025138)
(0.0085639712 -0.0072441823 0.06000699)
(0.0080482275 -0.0059751984 0.060007255)
(0.0083713249 -0.0067057247 0.061019389)
(-0.007281547 -0.0047184245 0.060011606)
(-0.0076381198 -0.0052489563 0.061013574)
(-0.0051131833 -0.0048846147 0.060015353)
(-0.0063714109 -0.0036439931 0.060014483)
(-0.0061361741 -0.0048875268 0.06102429)
(-0.004081787 -0.0039023877 0.060014142)
(-0.0040865513 -0.0049026401 0.061026488)
(0.0051167699 -0.004889498 0.06001303)
(0.0040789895 -0.0039022426 0.060013965)
(0.0040873453 -0.004903224 0.061025769)
(0.007282952 -0.0047203852 0.060007971)
(0.0064008043 -0.0036753761 0.060005186)
(0.0061410394 -0.0048930979 0.061024155)
(0.0076717888 -0.0053031005 0.061020189)
(-0.005272806 -0.0027121689 0.06000719)
(-0.0058490079 -0.0031635983 0.061020526)
(-0.0030502496 -0.0029049571 0.060012311)
(-0.0040216652 -0.001950096 0.0600034)
(-0.0040527342 -0.0029154885 0.061026247)
(-0.0010073415 -0.0030030754 0.060014245)
(-0.0020024537 -0.0020240736 0.060009877)
(-0.0020281877 -0.0029660554 0.061027478)
(0.0010059481 -0.0030020265 0.060014519)
(2.7934903e-07 -0.0020126158 0.060011109)
(5.373977e-07 -0.0029983462 0.061025886)
(0.0030264943 -0.0028957331 0.060012833)
(0.0020000099 -0.0020210594 0.060012282)
(0.002022487 -0.0029638294 0.06102704)
(0.0052470598 -0.0026937194 0.060009985)
(0.0040386005 -0.0019591481 0.060007373)
(0.0040618504 -0.0029226042 0.061026705)
(0.005839746 -0.0031559972 0.061022965)
(-0.0027510436 -0.0014345804 0.060002847)
(-0.0009865054 -0.0010584572 0.060007195)
(-0.00193405 -0.0012144915 0.061026081)
(0.00099335945 -0.0010591322 0.060006759)
(3.3339144e-06 -0.0010001092 0.061018686)
(0.0026963999 -0.0014180044 0.06000161)
(0.0019135791 -0.0012097184 0.061026458)
(-0.0027377167 -0.018569462 0.062045291)
(-0.0040292831 -0.018045832 0.062047071)
(-0.00099039178 -0.01894116 0.062041571)
(-0.0020046979 -0.017982609 0.062046029)
(-0.0019380356 -0.018784579 0.063080555)
(0.00099030558 -0.018941168 0.062044685)
(1.1279491e-07 -0.017997014 0.062044269)
(4.1068668e-07 -0.018999986 0.063077858)
(0.0026950605 -0.018582401 0.062054354)
(0.0019977751 -0.017984636 0.062048017)
(0.001853482 -0.018804294 0.063086921)
(0.0040290677 -0.018045947 0.062053463)
(-0.0052625763 -0.017295162 0.062053727)
(-0.0064034077 -0.016321845 0.062063968)
(-0.0058488132 -0.016836561 0.06309992)
(-0.0030414591 -0.01710579 0.06204559)
(-0.0040886291 -0.016100185 0.062045203)
(-0.0040670512 -0.017098784 0.063089142)
(-0.0010121418 -0.017018688 0.06203726)
(-0.0020383972 -0.016061376 0.062030556)
(-0.002038601 -0.017066996 0.063054791)
(0.0010063689 -0.017019729 0.062038687)
(-2.3688757e-06 -0.016038532 0.062027024)
(-2.7947061e-06 -0.017045602 0.063043855)
(0.0030308017 -0.0171094 0.062047865)
(0.0020303897 -0.016063456 0.062032586)
(0.002027444 -0.01706796 0.063059941)
(0.0052624041 -0.017295285 0.062050423)
(0.0040808231 -0.016106241 0.062047694)
(0.0040704338 -0.017095687 0.063098248)
(0.0063682241 -0.01635941 0.062055053)
(0.0058325147 -0.016849937 0.063104898)
(-0.0072835023 -0.015278847 0.062043688)
(-0.0080446701 -0.014031457 0.062047647)
(-0.0076908399 -0.014666263 0.063084227)
(-0.0051220447 -0.015104915 0.062044059)
(-0.0061088525 -0.01407961 0.06204331)
(-0.0061486563 -0.015125846 0.063079074)
(-0.0030619999 -0.015075853 0.062026208)
(-0.004076317 -0.014069132 0.062025694)
(-0.0040968433 -0.015097779 0.063036606)
(-0.001018676 -0.015043969 0.062017888)
(-0.0020323675 -0.01404356 0.062013743)
(-0.0020390466 -0.015058946 0.063016985)
(0.0010143813 -0.015044384 0.062018623)
(-1.283547e-06 -0.014031749 0.062010753)
(-1.8224887e-06 -0.015041081 0.063012795)
(0.0030558857 -0.015078593 0.062028326)
(0.0020292393 -0.014044242 0.062014721)
(0.0020344512 -0.015059453 0.063018286)
(0.0051136876 -0.015112453 0.062047107)
(0.0040733415 -0.014071082 0.062027861)
(0.0040927131 -0.015100661 0.063039881)
(0.0073019968 -0.015253038 0.062054775)
(0.0061084439 -0.014078137 0.062047605)
(0.0061483072 -0.015124382 0.063094162)
(0.0080455281 -0.014029852 0.062050356)
(0.0076439348 -0.014741692 0.063091215)
(-0.008567256 -0.012744989 0.062038648)
(-0.0071001103 -0.01305384 0.062046003)
(-0.0079798409 -0.012006609 0.062049062)
(-0.0083788107 -0.013274386 0.06307395)
(-0.0050786566 -0.013054696 0.062027367)
(-0.0060590053 -0.012031642 0.062031238)
(-0.0061036434 -0.013062948 0.063041542)
(-0.0030408993 -0.013037679 0.062012456)
(-0.0040444377 -0.012027693 0.062013719)
(-0.0040582189 -0.013045366 0.063014085)
(-0.0010120702 -0.013024085 0.062007431)
(-0.002019021 -0.012017595 0.062006505)
(-0.0020218702 -0.01302542 0.06300617)
(0.0010105007 -0.013024203 0.062007734)
(-4.0063381e-07 -0.012013352 0.062004868)
(-6.5745025e-07 -0.013017966 0.063004556)
(0.0030395946 -0.013038233 0.062013448)
(0.0020183985 -0.012017733 0.062006898)
(0.0020205173 -0.013025637 0.063006611)
(0.0050794343 -0.013054291 0.062029448)
(0.0040450485 -0.012027872 0.062014628)
(0.0040581521 -0.013045936 0.063015279)
(0.0071079165 -0.0130378 0.062047136)
(0.0060619792 -0.012029918 0.062032621)
(0.006108405 -0.013062436 0.063045649)
(0.0085810819 -0.012699411 0.062041039)
(0.0079835566 -0.012000662 0.062048722)
(0.0083697977 -0.013298333 0.063091839)
(-0.0089413746 -0.010988212 0.062044981)
(-0.0070182046 -0.011008175 0.062038937)
(-0.0079965283 -0.0099991901 0.062045732)
(-0.0080014494 -0.011000875 0.06308084)
(-0.0050424267 -0.011013473 0.062018143)
(-0.0060330727 -0.0099970435 0.06202646)
(-0.0060542693 -0.011014529 0.063025717)
(-0.0030242344 -0.011009756 0.06200742)
(-0.0040307813 -0.009998056 0.062010765)
(-0.004031664 -0.011010777 0.063007965)
(-0.0010071579 -0.011006465 0.062004105)
(-0.0020135693 -0.0099990775 0.062004859)
(-0.00201166 -0.011006022 0.063003295)
(0.0010068289 -0.011006484 0.062004219)
(-8.317661e-08 -0.0099993829 0.062003509)
(-1.4253772e-07 -0.011004329 0.063002342)
(0.0030244946 -0.011009859 0.062007791)
(0.0020136315 -0.0099990615 0.062004982)
(0.0020115852 -0.011006084 0.063003449)
(0.005044282 -0.011013477 0.062018894)
(0.0040317138 -0.0099981404 0.062011031)
(0.0040328509 -0.011011011 0.063008339)
(0.0070202548 -0.011007007 0.062040303)
(0.0060347665 -0.0099969455 0.062027165)
(0.0060581587 -0.011015331 0.063026563)
(0.0089415028 -0.010986911 0.062048699)
(0.0079970646 -0.009996594 0.062047827)
(0.0080016013 -0.011005423 0.063082947)
(-0.008941781 -0.0090159136 0.062044172)
(-0.0070166831 -0.0089846859 0.0620391)
(-0.0079751832 -0.0079732822 0.062049763)
(-0.0079989757 -0.0089873402 0.063078913)
(-0.0050414044 -0.0089806956 0.062018548)
(-0.0060565663 -0.0079592748 0.062032472)
(-0.0060529134 -0.0089771116 0.063026001)
(-0.0030236039 -0.0089873592 0.062007658)
(-0.0040427243 -0.0079674451 0.062014467)
(-0.0040307971 -0.0089853121 0.063008189)
(-0.0010068781 -0.0089920469 0.062004226)
(-0.0020180675 -0.0079800183 0.062006896)
(-0.0020112318 -0.0089923713 0.063003406)
(0.0010068218 -0.0089919787 0.062004248)
(-6.2260084e-08 -0.0079849872 0.062005047)
(-2.3317971e-08 -0.0089946876 0.063002389)
(0.003023987 -0.0089871962 0.062007683)
(0.0020181031 -0.007979685 0.062006849)
(0.0020113903 -0.0089923143 0.063003425)
(0.0050426036 -0.0089809202 0.062018535)
(0.0040432582 -0.0079668564 0.062014168)
(0.0040318293 -0.008985437 0.063008156)
(0.0070178055 -0.0089851425 0.062039685)
(0.0060574523 -0.0079604925 0.062031914)
(0.0060552094 -0.0089786081 0.063025785)
(0.0089408616 -0.0090065794 0.062046343)
(0.0079774161 -0.0079816923 0.062050711)
(0.007999098 -0.0089900842 0.063079613)
(-0.0085683109 -0.0072584885 0.06205648)
(-0.0070985547 -0.0069401423 0.06204845)
(-0.0080511669 -0.0059806977 0.06204856)
(-0.0083641573 -0.0066866807 0.063092183)
(-0.0050756759 -0.0069382944 0.062029239)
(-0.0061059542 -0.0059157713 0.062046703)
(-0.0061007737 -0.0069260116 0.063045512)
(-0.0030387041 -0.0069582392 0.062013415)
(-0.0040725274 -0.0059249778 0.062027683)
(-0.0040549659 -0.0069485282 0.063015153)
(-0.0010109913 -0.0069735843 0.062007948)
(-0.0020300865 -0.0059527753 0.06201495)
(-0.0020201613 -0.0069716552 0.063006656)
(0.0010108259 -0.0069733253 0.062007908)
(-8.590844e-08 -0.0059655038 0.06201137)
(-8.141997e-08 -0.0069801073 0.063004784)
(0.0030386907 -0.0069570727 0.062013109)
(0.0020299076 -0.0059519239 0.062014754)
(0.0020201626 -0.0069711306 0.063006583)
(0.0050751679 -0.0069361517 0.062028128)
(0.0040710812 -0.0059212581 0.062026636)
(0.0040557994 -0.0069468371 0.063014628)
(0.0071001628 -0.0069448415 0.062048771)
(0.0060999629 -0.0059084387 0.062044002)
(0.0061021146 -0.0069257365 0.063042699)
(0.0085899881 -0.0073299483 0.062056665)
(0.0080427876 -0.0059650211 0.062045441)
(0.0083635483 -0.0066850627 0.063080695)
(-0.0072854908 -0.0047239282 0.062051488)
(-0.0076459246 -0.0052615075 0.063100322)
(-0.005116479 -0.0048884176 0.062046551)
(-0.006378858 -0.0036519443 0.062056151)
(-0.0061511527 -0.0048767535 0.06309277)
(-0.0030587446 -0.0049195414 0.062028591)
(-0.004085127 -0.0038954212 0.062047862)
(-0.0040909911 -0.0048942719 0.063039572)
(-0.0010164452 -0.0049526438 0.062019402)
(-0.0020358471 -0.0039353132 0.06203364)
(-0.0020356602 -0.0049356728 0.063018643)
(0.0010166668 -0.0049524459 0.062019301)
(6.5339665e-07 -0.00395856 0.062028732)
(-1.5205685e-07 -0.0049550004 0.063013615)
(0.0030587703 -0.0049179538 0.0620279)
(0.0020385646 -0.003935981 0.062033112)
(0.0020351309 -0.0049348875 0.063018666)
(0.0051062983 -0.0048767147 0.06204382)
(0.0040826146 -0.003890601 0.062046345)
(0.0040890413 -0.004888389 0.063038427)
(0.007291695 -0.004732586 0.062047469)
(0.0062893105 -0.0035661212 0.062048093)
(0.0061426875 -0.0048641301 0.063087959)
(0.0076450464 -0.0052600952 0.063086925)
(-0.0052688063 -0.0027093027 0.062053329)
(-0.0058438665 -0.0031593789 0.063105573)
(-0.0030349319 -0.0028907325 0.062049907)
(-0.0040246809 -0.0019517079 0.062052663)
(-0.0040703371 -0.0029011445 0.063096173)
(-0.0010095928 -0.0029793796 0.062040597)
(-0.0020045764 -0.0020167271 0.062050355)
(-0.0020370366 -0.0029290149 0.063061838)
(0.0010133215 -0.0029802157 0.062040154)
(2.2741826e-06 -0.0020027311 0.062046567)
(8.4891114e-07 -0.0029502303 0.063046711)
(0.0030633201 -0.0029014333 0.062045583)
(0.0020221542 -0.0020238553 0.06204792)
(0.0020394763 -0.0029308226 0.063063536)
(0.0052786521 -0.002716358 0.062050999)
(0.0040302223 -0.0019546698 0.062054631)
(0.0040664079 -0.0028974307 0.063096732)
(0.0058520296 -0.0031660781 0.063101138)
(-0.00273281 -0.0014290493 0.062046488)
(-0.00098740784 -0.001058546 0.062045838)
(-0.0019321373 -0.0012140455 0.063087523)
(0.00099066251 -0.0010588666 0.062044643)
(1.1037695e-06 -0.0010000362 0.063082647)
(0.0027147926 -0.0014235838 0.062062114)
(0.0019036866 -0.0012074118 0.063088877)
(-0.0020521183 -0.016090031 0.064017794)
(-2.3601419e-06 -0.016061814 0.064011321)
(0.0020456376 -0.016089171 0.06401893)
(-0.0030681061 -0.015081161 0.064012225)
(-0.0040784599 -0.014069667 0.064010806)
(-0.0010172786 -0.015043164 0.064005415)
(-0.0020251986 -0.01403334 0.064003642)
(-0.0020331304 -0.015051058 0.064999998)
(0.0010138084 -0.015042762 0.064005638)
(-8.827565e-07 -0.014020996 0.064002509)
(-1.2365501e-06 -0.01502988 0.064999998)
(0.0030634238 -0.015082677 0.064013199)
(0.002022855 -0.014033446 0.064003908)
(0.0020294207 -0.015050135 0.064999998)
(0.0040762664 -0.014071536 0.06401162)
(-0.0050852886 -0.013058065 0.064012106)
(-0.0060881496 -0.012041829 0.064018513)
(-0.0030299856 -0.013026893 0.064003199)
(-0.0040346318 -0.012021088 0.064003671)
(-0.0040432558 -0.013032903 0.064999998)
(-0.0010066661 -0.013012375 0.064001549)
(-0.002009458 -0.012008534 0.064001319)
(-0.0020094837 -0.013010335 0.064999998)
(0.0010057056 -0.013012372 0.064001617)
(-1.9883885e-07 -0.012005028 0.064000916)
(-2.6168505e-07 -0.01300471 0.064999998)
(0.0030290917 -0.013027223 0.064003453)
(0.0020091077 -0.012008592 0.064001406)
(0.0020086158 -0.013010386 0.064999998)
(0.0050887594 -0.013058283 0.064012998)
(0.0040357668 -0.012021283 0.064003904)
(0.0040431196 -0.01303309 0.064999998)
(0.0060981605 -0.012042432 0.06401897)
(-0.0070892297 -0.01101841 0.064037266)
(-0.0050428495 -0.011012461 0.064005607)
(-0.0060609643 -0.0099966025 0.064011712)
(-0.0060679279 -0.011016276 0.064999998)
(-0.0030127184 -0.011005234 0.064001556)
(-0.004020701 -0.0099987508 0.064002522)
(-0.0040155892 -0.01100564 0.064999998)
(-0.0010025338 -0.01100224 0.064000746)
(-0.0020051135 -0.0099996402 0.064000912)
(-0.0020021849 -0.011001252 0.064999998)
(0.0010023967 -0.011002252 0.064000769)
(-2.289886e-08 -0.0099998331 0.064000616)
(-3.1356667e-08 -0.011000392 0.064999998)
(0.0030130106 -0.011005331 0.064001635)
(0.0020052013 -0.0099996822 0.064000936)
(0.0020021316 -0.011001259 0.064999998)
(0.0050458569 -0.011012909 0.064005776)
(0.0040217348 -0.0099990467 0.064002575)
(0.0040164581 -0.011005747 0.064999998)
(0.007097518 -0.011019031 0.064036924)
(0.00606522 -0.0099978829 0.06401195)
(0.0060727881 -0.011017275 0.064999998)
(-0.0070879041 -0.0089708784 0.064035626)
(-0.0050417233 -0.0089824203 0.064005677)
(-0.0060865037 -0.0079470881 0.064018976)
(-0.006065166 -0.0089764136 0.064999998)
(-0.0030121633 -0.008993165 0.064001606)
(-0.0040326492 -0.0079746568 0.064003862)
(-0.0040148987 -0.0089925464 0.064999998)
(-0.0010023554 -0.0089972442 0.064000769)
(-0.0020086656 -0.0079901031 0.064001401)
(-0.0020019772 -0.0089984593 0.064999998)
(0.0010023811 -0.0089972535 0.064000773)
(-1.2295627e-08 -0.0079943144 0.064000951)
(2.6837252e-09 -0.0089995646 0.064999998)
(0.0030126227 -0.0089932499 0.064001604)
(0.0020088329 -0.0079900359 0.064001391)
(0.0020020549 -0.0089985194 0.064999998)
(0.0050436918 -0.0089833528 0.064005606)
(0.0040341228 -0.0079746025 0.064003749)
(0.0040156717 -0.0089928761 0.064999998)
(0.0070910689 -0.0089732624 0.064035554)
(0.0060902863 -0.0079496569 0.064017907)
(0.006068525 -0.0089787539 0.064999998)
(-0.0050811907 -0.0069321351 0.064012952)
(-0.0030272971 -0.0069691812 0.06400344)
(-0.0040714732 -0.0059204876 0.064011538)
(-0.0040392616 -0.0069618302 0.064999998)
(-0.0010058014 -0.0069861486 0.064001659)
(-0.0020224235 -0.0059626392 0.064003955)
(-0.0020082665 -0.0069881256 0.064999998)
(0.0010056955 -0.0069860658 0.064001654)
(-1.9526235e-07 -0.0059766793 0.064002654)
(-5.7049728e-08 -0.0069947723 0.064999998)
(0.0030279754 -0.0069683802 0.064003367)
(0.0020220091 -0.0059620191 0.064003953)
(0.0020083298 -0.0069880814 0.064999998)
(0.0050848559 -0.0069307457 0.064012322)
(0.004073146 -0.0059168489 0.064011258)
(0.0040416345 -0.0069603947 0.064999998)
(-0.0030613288 -0.0049084061 0.064013226)
(-0.0010148247 -0.0049524039 0.064005861)
(-0.0020464626 -0.0038998516 0.064019384)
(-0.002029343 -0.0049431602 0.064999998)
(0.0010137279 -0.0049520883 0.064005894)
(-4.7903823e-07 -0.0039313228 0.064012006)
(-4.0138353e-07 -0.0049667779 0.064999998)
(0.0030591115 -0.0049060939 0.064013331)
(0.0020438616 -0.0038994179 0.064020059)
(0.002027517 -0.0049431174 0.064999998)
(-0.0026892635 -0.01858416 0.0010019857)
(-0.00098596754 -0.018941595 0.0010004808)
(0.00098540829 -0.018941651 0.0010002868)
(0.0027088547 -0.018578217 0.0010025933)
(-0.0040202556 -0.018050657 0.0010008265)
(-0.0052649536 -0.017293458 0.0010024016)
(-0.0047226116 -0.0176558 0.0019993547)
(-0.0020176727 -0.017969495 0.0010005198)
(-0.003064205 -0.017085599 0.0009997533)
(-0.0032902913 -0.018372825 0.0020048494)
(3.9713442e-07 -0.017985875 0.0010004383)
(-0.0010099126 -0.016992117 0.00099995778)
(-0.0010020074 -0.01796716 0.0020002874)
(0.0020036346 -0.017974335 0.0010003224)
(0.0010070909 -0.01699275 0.00099989748)
(0.00099961248 -0.017967328 0.0020000036)
(0.0040307886 -0.018045027 0.0010000304)
(0.003052149 -0.01708925 0.00099946463)
(0.0033078788 -0.018366205 0.0020010252)
(0.0053002555 -0.017268161 0.0010013263)
(0.0047215776 -0.017656443 0.0020153468)
(-0.0063851052 -0.016341385 0.0010006619)
(-0.0072871008 -0.015273267 0.00097219793)
(-0.0068301217 -0.015856663 0.0019893053)
(-0.0040821876 -0.016092943 0.00099850861)
(-0.0051144427 -0.015108693 0.00099173609)
(-0.0051247679 -0.016122497 0.0019979561)
(0.0040852532 -0.01609099 0.00099882129)
(0.0063596681 -0.016367982 0.0010064699)
(0.0051151444 -0.015108821 0.0009929964)
(0.0051290926 -0.016119699 0.0019957186)
(0.0072973717 -0.015259492 0.00097319719)
(0.0068404781 -0.01584404 0.0019892226)
(-0.0080468123 -0.014024826 0.00073500206)
(-0.008580419 -0.012711291 0.00070398767)
(-0.006097101 -0.014074156 0.00091785911)
(-0.0070912892 -0.013038632 0.00063466968)
(-0.007074805 -0.014061457 0.0018684333)
(0.0060957526 -0.014077897 0.00092670492)
(0.0080460154 -0.01402894 0.00074645249)
(0.007083732 -0.013063027 0.00067317672)
(0.0070738807 -0.014065866 0.0018814242)
(0.0085746094 -0.012720748 0.00071481137)
(-0.0079758549 -0.011994281 0.00068522754)
(-0.0089434531 -0.01096745 0.0006712877)
(-0.0087895346 -0.011917127 0.001825581)
(-0.006039568 -0.012022595 0.00087442859)
(-0.0069981817 -0.010996385 0.00083527272)
(-0.0070266182 -0.012016648 0.0018069063)
(0.0060370404 -0.012033477 0.00088718127)
(0.0079679547 -0.012021593 0.00071393837)
(0.0069964425 -0.011008767 0.00084884828)
(0.0070242916 -0.012026577 0.0018268406)
(0.0089423466 -0.010978343 0.00069477396)
(0.0087874271 -0.011925823 0.0018456567)
(-0.0079861973 -0.0099702468 0.00057412764)
(-0.0089390323 -0.0089880061 0.00056797338)
(-0.0089993002 -0.0099786238 0.0016092705)
(-0.0060082184 -0.0099896361 0.00089669787)
(-0.006997609 -0.0089792548 0.00085468898)
(-0.0069959239 -0.0099874928 0.0018141377)
(0.0060082674 -0.010000477 0.00090329944)
(0.0079865104 -0.0099903217 0.00060121934)
(0.0069993203 -0.0089939459 0.00085998309)
(0.006996386 -0.0099994489 0.0018256607)
(0.0089420059 -0.0090181973 0.00058112709)
(0.0089997546 -0.0099925157 0.0016338938)
(-0.0079715412 -0.0079757399 0.00075567822)
(-0.0085751771 -0.0072811233 0.00083346152)
(-0.0087837562 -0.008058433 0.0017359676)
(-0.0060393791 -0.0079637147 0.00093886596)
(-0.0070886209 -0.0069454081 0.00095531869)
(-0.0070247578 -0.0079668411 0.0018910833)
(0.0060414143 -0.007974179 0.00094065859)
(0.0079774158 -0.0080035862 0.00074822073)
(0.0070908563 -0.0069519078 0.00095379164)
(0.0070293508 -0.0079844448 0.0018924368)
(0.0085810776 -0.0073005743 0.00081119549)
(0.0087871218 -0.0080728671 0.0017360534)
(-0.0080491999 -0.0059770177 0.00098082948)
(-0.0060999781 -0.005926395 0.00097415127)
(-0.0072797402 -0.0047159031 0.00098147456)
(-0.0070797597 -0.0059431839 0.0019753553)
(-0.0051195169 -0.0048978463 0.00097532535)
(0.0061014928 -0.0059308012 0.0009880706)
(0.0051182674 -0.0048965306 0.00099992893)
(0.0080501242 -0.0059787469 0.00098098682)
(0.0072921765 -0.004733258 0.00099670689)
(0.0070847769 -0.0059534208 0.0019819524)
(-0.0064127633 -0.0036881446 0.00089569185)
(-0.0068435171 -0.0041596623 0.0019784005)
(-0.004079678 -0.0039084653 0.000987502)
(-0.0052633034 -0.0027053593 0.00099315591)
(-0.0051324931 -0.0038870023 0.0019739848)
(-0.0030317235 -0.0029026868 0.00099965155)
(-0.0010047629 -0.0030050541 0.00099987114)
(0.0010082212 -0.0030056898 0.0010001037)
(0.0040816924 -0.0039082155 0.0010007436)
(0.0030414633 -0.0029062288 0.0010012622)
(0.0064136391 -0.0036890797 0.0010078768)
(0.0052680945 -0.0027087926 0.0010067505)
(0.0051145497 -0.0038686034 0.0019981978)
(0.0068348003 -0.0041490408 0.0020011586)
(-0.0040127925 -0.0019453534 0.00099859268)
(-0.0047351711 -0.0023520102 0.0019976276)
(-0.0020044597 -0.0020237254 0.00099986782)
(-0.0027511106 -0.0014346008 0.0010088708)
(-0.0032656448 -0.0016178993 0.0020050211)
(4.7475989e-08 -0.0020129987 0.00099971822)
(-0.00098714694 -0.0010585203 0.0010003754)
(-0.00099767909 -0.0020315429 0.0020002385)
(0.0020071084 -0.0020250279 0.0010006578)
(0.00098980363 -0.001058782 0.0010001861)
(0.0010030028 -0.0020326177 0.0020003098)
(0.0040245372 -0.0019516311 0.00099955072)
(0.0027167639 -0.0014241818 0.0010074468)
(0.0032989219 -0.0016304239 0.0019983312)
(0.0046931856 -0.002325902 0.0020010913)
(-0.0026982934 -0.018581421 0.0030047247)
(-0.00098891312 -0.018941305 0.0029998867)
(0.00098555689 -0.018941636 0.0030001706)
(0.0027320362 -0.018571185 0.0029963305)
(-0.0040364162 -0.018042019 0.0029974051)
(-0.0052527704 -0.017302189 0.0029979276)
(-0.0047664761 -0.017628524 0.0040003873)
(-0.0019957344 -0.017978642 0.002996922)
(-0.003035653 -0.017099722 0.0029946928)
(-0.0032597598 -0.018384316 0.0039893907)
(-1.6357486e-06 -0.017985642 0.0029984583)
(-0.0010062672 -0.016993756 0.0029986676)
(-0.00099931992 -0.017968092 0.0039992494)
(0.0020096651 -0.017973744 0.0029961612)
(0.0010073689 -0.016992926 0.0029990194)
(0.00099836253 -0.017967718 0.0039999337)
(0.0040226792 -0.018049362 0.0029987098)
(0.0030471775 -0.017095808 0.0029969377)
(0.0032705614 -0.018380251 0.0040089921)
(0.0052345224 -0.017315265 0.0030023973)
(0.0047418784 -0.017643819 0.004018854)
(-0.0063705056 -0.016356974 0.0029819421)
(-0.0072706352 -0.015296795 0.00297849)
(-0.0068369157 -0.015848381 0.0039958732)
(-0.0040791587 -0.016098763 0.0029947485)
(-0.0051100023 -0.015118797 0.0029871599)
(-0.0051181293 -0.016130748 0.0039950554)
(0.0040782468 -0.016098738 0.0029984772)
(0.0063915247 -0.016334532 0.0030161071)
(0.0051135627 -0.015113708 0.0029938732)
(0.0051128705 -0.016133335 0.0039956724)
(0.007282394 -0.015280394 0.0029843654)
(0.006837812 -0.015847289 0.0039972259)
(-0.0080530313 -0.01401574 0.0029041742)
(-0.0085757395 -0.012717161 0.0028838002)
(-0.0060937271 -0.014083308 0.0029389044)
(-0.0070908676 -0.013051844 0.0028735989)
(-0.0070773474 -0.014058942 0.0039617113)
(0.0060978336 -0.014078856 0.002948443)
(0.0080409644 -0.01403839 0.0029138187)
(0.0070963915 -0.01303876 0.0028889321)
(0.0070807653 -0.014054334 0.0039673925)
(0.0085750964 -0.012719143 0.0028945159)
(-0.0079734772 -0.012005788 0.0028707028)
(-0.0089422547 -0.010979277 0.0028742666)
(-0.0087868319 -0.011928376 0.0039526604)
(-0.0060397732 -0.012027758 0.0028922973)
(-0.0069978109 -0.01100185 0.0028738449)
(-0.0070264092 -0.012021337 0.0039301746)
(0.0060410457 -0.012028239 0.0029032112)
(0.0079765217 -0.012000561 0.0028844989)
(0.0069983722 -0.011006761 0.0028841091)
(0.0070288318 -0.012016428 0.0039372423)
(0.0089414716 -0.010987227 0.0028830662)
(0.0087947917 -0.011894238 0.0039572466)
(-0.0079860701 -0.0099883875 0.0028401826)
(-0.0089402499 -0.009000369 0.0028540437)
(-0.0089997458 -0.0099922458 0.0039336428)
(-0.0060078676 -0.0099934346 0.0028954311)
(-0.0069976331 -0.0089840682 0.0028892148)
(-0.0069959422 -0.0099946344 0.0039238683)
(0.0060084653 -0.010000555 0.0029021611)
(0.0079866701 -0.0099991337 0.0028496509)
(0.0069990568 -0.0089941677 0.0028934786)
(0.0069964191 -0.010000326 0.003928534)
(0.0089416156 -0.0090142349 0.0028586815)
(0.0089999378 -0.010001888 0.0039381754)
(-0.0079729749 -0.0079832154 0.0029020331)
(-0.0085803201 -0.0072980771 0.0029278496)
(-0.0087866219 -0.0080707231 0.0039498446)
(-0.0060414785 -0.0079672405 0.0029367999)
(-0.0070958172 -0.0069559853 0.0029637493)
(-0.0070278215 -0.0079765438 0.0039550403)
(0.0060428269 -0.0079748617 0.0029387299)
(0.0079755263 -0.0079955594 0.0029015879)
(0.0070975008 -0.006961889 0.0029627274)
(0.007028571 -0.0079811187 0.0039532045)
(0.0085799591 -0.0072968873 0.0029276137)
(0.0087866189 -0.0080707105 0.0039506063)
(-0.0080452007 -0.0059695356 0.0029860517)
(-0.0061033147 -0.0059277329 0.0029797056)
(-0.0072972156 -0.00474029 0.0029932059)
(-0.0070852154 -0.005950467 0.0039920264)
(-0.0051212309 -0.004894331 0.0029876797)
(0.0061008563 -0.0059267852 0.0029856414)
(0.0051155706 -0.0048881204 0.0029975632)
(0.0080418016 -0.0059631763 0.0029887028)
(0.007296452 -0.0047392245 0.0029953065)
(0.0070839168 -0.0059502868 0.0039919948)
(-0.0063728045 -0.0036454811 0.0029844119)
(-0.0068323834 -0.0041460958 0.003995929)
(-0.0040847246 -0.0039071886 0.0029929787)
(-0.0052865357 -0.0027220074 0.0029994012)
(-0.0051244409 -0.0038788806 0.0039945494)
(-0.0030473205 -0.002905379 0.0029972804)
(-0.001006164 -0.003006755 0.0029998104)
(0.0010098522 -0.0030074329 0.0030000886)
(0.0040830464 -0.0039042563 0.0029987883)
(0.0030505755 -0.0029062903 0.0029988119)
(0.0063608048 -0.0036330828 0.0029994607)
(0.0052739455 -0.0027129854 0.0029973436)
(0.0051300488 -0.0038820268 0.0039994736)
(0.0068481753 -0.0041653384 0.0040013208)
(-0.0040310131 -0.0019550925 0.002999031)
(-0.0047231583 -0.0023445402 0.0039964063)
(-0.0020078703 -0.0020259455 0.002998743)
(-0.0027115084 -0.0014225875 0.0029998147)
(-0.0033011629 -0.0016312673 0.0040056207)
(7.889702e-07 -0.00201446 0.0030001371)
(-0.00098563516 -0.0010583714 0.0030001181)
(-0.00099986855 -0.0020327364 0.0040008268)
(0.0020152625 -0.002027831 0.0029996984)
(0.00098706763 -0.0010585125 0.0030003357)
(0.0010012965 -0.0020328386 0.004000722)
(0.0040320724 -0.0019556587 0.0030005039)
(0.002711546 -0.001422599 0.0029987494)
(0.0032825045 -0.0016242448 0.0040041452)
(0.0046687616 -0.0023107142 0.0039974668)
(-0.0027219206 -0.018574253 0.0049981278)
(-0.00098964107 -0.018941234 0.0050002715)
(0.00098344286 -0.018941844 0.0049995401)
(0.0027339172 -0.018570614 0.0050004599)
(-0.0040229795 -0.018049201 0.0050010626)
(-0.005265114 -0.017293343 0.0050092123)
(-0.0047301767 -0.017651096 0.0060113997)
(-0.0020152417 -0.017972616 0.005000222)
(-0.0030485323 -0.017095378 0.0050005396)
(-0.0032727525 -0.018379426 0.005999588)
(-4.186167e-07 -0.01798553 0.0049997791)
(-0.0010078791 -0.016993432 0.0049993304)
(-0.0010003618 -0.017967765 0.0059996433)
(0.0020135275 -0.017971781 0.0049999981)
(0.0010081144 -0.016992753 0.0049996023)
(0.00099964634 -0.01796735 0.0059996589)
(0.0040360642 -0.018042207 0.0049991089)
(0.0030561966 -0.017092286 0.005000891)
(0.0032762997 -0.018378091 0.0060015905)
(0.0052618408 -0.017295689 0.0049911468)
(0.0047082617 -0.017664724 0.0059957932)
(-0.006336767 -0.016389431 0.0049977968)
(-0.0072899854 -0.0152698 0.0049982496)
(-0.0068383158 -0.015846675 0.0059967599)
(-0.0040761232 -0.0161021 0.004999612)
(-0.0051058897 -0.015122499 0.0049971626)
(-0.0051142192 -0.016132102 0.0060052446)
(0.0040773167 -0.016101263 0.0049973919)
(0.0063290925 -0.016396619 0.0050001342)
(0.0051060601 -0.015121764 0.0049957338)
(0.0051172405 -0.016128771 0.0059994313)
(0.0072815249 -0.015281607 0.004994333)
(0.0068425615 -0.015841501 0.0059971985)
(-0.0080303216 -0.014058301 0.0049843555)
(-0.0085697927 -0.012736627 0.0049678727)
(-0.0060927355 -0.014084285 0.0049823749)
(-0.0070937521 -0.01304529 0.0049723468)
(-0.0070803698 -0.014053915 0.0059922291)
(0.0060945719 -0.01408158 0.0049844555)
(0.008046486 -0.01402806 0.0049860417)
(0.0070945099 -0.013044296 0.0049767657)
(0.0070805173 -0.014055357 0.0059956282)
(0.0085710192 -0.012732584 0.0049882066)
(-0.0079731039 -0.012011804 0.0049725075)
(-0.0089418105 -0.010983786 0.0049807246)
(-0.008788269 -0.011922212 0.0059953568)
(-0.006040109 -0.012028485 0.0049615356)
(-0.0069978308 -0.011005251 0.0049603789)
(-0.0070279118 -0.012017986 0.0059838089)
(0.0060410497 -0.012028266 0.0049657571)
(0.0079754518 -0.0120041 0.0049782156)
(0.0069981095 -0.01100779 0.0049637335)
(0.0070265678 -0.012022712 0.0059856692)
(0.0089408641 -0.010993395 0.0049807867)
(0.0087879656 -0.011923514 0.0059929461)
(-0.0079862847 -0.0099953539 0.0049669008)
(-0.008940876 -0.0090067252 0.0049779115)
(-0.0089998319 -0.009994877 0.0059935058)
(-0.0060077171 -0.0099969829 0.0049581272)
(-0.0069981753 -0.0089895967 0.0049646655)
(-0.0069957508 -0.0099967704 0.0059801537)
(0.0060079052 -0.010000483 0.0049609172)
(0.0079863769 -0.010000005 0.0049686392)
(0.0069981861 -0.0089928394 0.0049664888)
(0.0069957774 -0.010000829 0.0059814252)
(0.0089414898 -0.0090129575 0.0049792336)
(0.0089999751 -0.010000748 0.0059937702)
(-0.0079762085 -0.0079983545 0.0049773249)
(-0.0085713347 -0.0072684564 0.004998933)
(-0.0087894455 -0.0080828332 0.0059919379)
(-0.0060418519 -0.0079706278 0.0049736923)
(-0.0070957389 -0.0069570658 0.00498586)
(-0.007027747 -0.0079783125 0.005987304)
(0.0060416877 -0.0079728328 0.0049748949)
(0.0079733071 -0.0079872756 0.0049803167)
(0.0070962145 -0.0069584654 0.0049897718)
(0.0070277065 -0.0079799995 0.0059875165)
(0.0085766822 -0.0072860849 0.0049917945)
(0.0087858468 -0.0080673992 0.005997243)
(-0.0080418319 -0.0059632331 0.0049966493)
(-0.0061000235 -0.0059240962 0.0049931124)
(-0.0072891679 -0.0047290594 0.0049966657)
(-0.0070813387 -0.0059464059 0.0059965712)
(-0.0051132892 -0.004886321 0.0049984053)
(0.0061003415 -0.0059261077 0.0049941735)
(0.0051153479 -0.004887315 0.004999702)
(0.0080455596 -0.0059702071 0.0049989565)
(0.0073049474 -0.0047510798 0.0049943028)
(0.0070792597 -0.0059440277 0.0059990837)
(-0.006357074 -0.0036295886 0.0050092925)
(-0.0068352742 -0.0041496183 0.0059983687)
(-0.0040782431 -0.0039011322 0.0049990998)
(-0.0052596394 -0.0027027337 0.0049979965)
(-0.0051165871 -0.0038721289 0.0060010045)
(-0.0030434702 -0.0029029984 0.005003113)
(-0.0010059358 -0.003006895 0.0050008195)
(0.001009676 -0.0030072672 0.0050003003)
(0.0040833454 -0.0039040763 0.0050000864)
(0.0030439548 -0.0029038 0.0050014099)
(0.0063690852 -0.00364151 0.0050043966)
(0.0052897872 -0.0027243374 0.0049996993)
(0.0051034587 -0.0038561948 0.006001192)
(0.00683969 -0.0041549989 0.0060003081)
(-0.0040278171 -0.0019533842 0.0050009388)
(-0.0047247717 -0.0023455435 0.0060066988)
(-0.0020053319 -0.002024851 0.0050032166)
(-0.0027504356 -0.001434396 0.0049946305)
(-0.0033104026 -0.0016347449 0.0060010284)
(2.2150847e-06 -0.0020145679 0.0050008582)
(-0.00098928573 -0.001058731 0.0050000121)
(-0.00099672949 -0.0020323121 0.006000673)
(0.002015461 -0.0020269217 0.0049997032)
(0.00098939888 -0.0010587421 0.005000667)
(0.0010018729 -0.0020325367 0.0059998395)
(0.0040281273 -0.0019535501 0.0050024714)
(0.0027477122 -0.0014335698 0.0050003797)
(0.0032588237 -0.001615332 0.0059984263)
(0.0047235535 -0.002344786 0.0060007281)
(-0.0027202242 -0.018574768 0.0070029919)
(-0.00098952764 -0.018941245 0.0070004059)
(0.000984949 -0.018941696 0.0069999384)
(0.0027547455 -0.018564296 0.0070049044)
(-0.0040430764 -0.018038459 0.0069984054)
(-0.0052622278 -0.017295412 0.0070038323)
(-0.0047212474 -0.017656649 0.0079901351)
(-0.0019982193 -0.017977304 0.0069990391)
(-0.0030412696 -0.017097884 0.0069968593)
(-0.0032796381 -0.018376834 0.0079973909)
(9.7760458e-07 -0.017985569 0.0069989601)
(-0.0010065147 -0.016993568 0.0069992813)
(-0.0010009384 -0.017967278 0.007999668)
(0.0020094065 -0.017972902 0.0069979635)
(0.0010084923 -0.016992599 0.0069991704)
(0.0010004012 -0.017967277 0.0079992983)
(0.0040224745 -0.018049471 0.0069993631)
(0.0030569899 -0.017091812 0.006998687)
(0.0032873259 -0.018373941 0.0079952222)
(0.0052597673 -0.017297175 0.0070093102)
(0.0047312131 -0.017650451 0.0079881856)
(-0.0063500233 -0.016377016 0.0070025812)
(-0.0072685989 -0.015299645 0.0070049801)
(-0.0068344284 -0.015851412 0.0079970583)
(-0.0040788465 -0.016099647 0.0070002243)
(-0.0051095631 -0.0151189 0.0070008021)
(-0.0051295246 -0.01611782 0.0079974465)
(0.0040836229 -0.016094599 0.0070008454)
(0.006407272 -0.016317719 0.007006277)
(0.0051195412 -0.015108373 0.0070012627)
(0.0051284008 -0.016118798 0.007999621)
(0.0072799912 -0.015283747 0.0070028735)
(0.0068421676 -0.015841981 0.0079970891)
(-0.0080463609 -0.014028294 0.0069995928)
(-0.0085784489 -0.012708091 0.0069896127)
(-0.0060953458 -0.014081196 0.0069976271)
(-0.0070919696 -0.013050687 0.006995834)
(-0.0070891298 -0.014042653 0.0079994705)
(0.006101243 -0.014074529 0.0069982993)
(0.0080534113 -0.014015103 0.006999888)
(0.0070965628 -0.013039412 0.0069964866)
(0.0070793626 -0.014056201 0.0080002378)
(0.0085759859 -0.012716211 0.0069922593)
(-0.0079724037 -0.012012633 0.0069968649)
(-0.0089412446 -0.010989532 0.0069986625)
(-0.008782787 -0.011945724 0.0080014141)
(-0.0060399874 -0.01202953 0.0069906203)
(-0.0069973061 -0.011007185 0.0069912842)
(-0.0070259983 -0.012024031 0.0079979948)
(0.0060412275 -0.012028321 0.0069914264)
(0.0079752357 -0.012006033 0.0069974396)
(0.0069977642 -0.011008648 0.0069918908)
(0.0070270416 -0.012022033 0.0079970629)
(0.0089409364 -0.010992661 0.0069988138)
(0.0087861173 -0.01193144 0.0080018892)
(-0.0079859252 -0.0099962674 0.0069949882)
(-0.0089406279 -0.0090042068 0.0069969236)
(-0.0089999295 -0.0099978571 0.0080001132)
(-0.0060069822 -0.0099977582 0.0069881788)
(-0.0069969638 -0.0089878665 0.006991463)
(-0.0069950238 -0.0099979614 0.00799585)
(0.0060072585 -0.010000843 0.0069889033)
(0.0079862521 -0.010002386 0.0069954073)
(0.006997729 -0.0089931628 0.0069917169)
(0.0069953644 -0.010001272 0.0079959205)
(0.0089413279 -0.0090113139 0.0069990451)
(0.0089999026 -0.010002962 0.0079993628)
(-0.0079714088 -0.0079810519 0.0069961734)
(-0.0085911302 -0.0073337133 0.0070023867)
(-0.0087873219 -0.0080737253 0.0079972162)
(-0.0060398037 -0.0079673757 0.0069918787)
(-0.0070929268 -0.0069514405 0.0069956243)
(-0.0070240822 -0.0079699803 0.0079967753)
(0.0060402996 -0.0079716971 0.0069917415)
(0.0079768399 -0.0079982839 0.0069943471)
(0.0070981839 -0.006966055 0.006992531)
(0.0070231878 -0.00796957 0.007996481)
(0.0085729767 -0.0072738695 0.0070038799)
(0.0087876682 -0.0080752105 0.0079989104)
(-0.0080432681 -0.0059659201 0.0070001648)
(-0.0060942999 -0.0059169618 0.0069964523)
(-0.0072741457 -0.004708096 0.0069953575)
(-0.0070801985 -0.005943629 0.0080000507)
(-0.0051090598 -0.004880894 0.0069974588)
(0.0060941137 -0.0059183594 0.0069972102)
(0.0051045226 -0.0048769912 0.0070001371)
(0.0080385994 -0.0059571855 0.0070006725)
(0.0072878896 -0.0047272756 0.0069908271)
(0.0070795144 -0.0059419494 0.008000026)
(-0.0063371434 -0.0036109215 0.0069892289)
(-0.0068360448 -0.0041505573 0.0079989969)
(-0.0040772887 -0.0039002722 0.0069988713)
(-0.0052775983 -0.0027156029 0.0070006275)
(-0.005127843 -0.0038796353 0.0079983068)
(-0.003027954 -0.0028975439 0.0070005442)
(-0.001002393 -0.0030056768 0.0070004969)
(0.0010111293 -0.003007633 0.0070002109)
(0.0040744911 -0.0038968618 0.0070003293)
(0.0030639146 -0.0029101927 0.0069989147)
(0.0063678734 -0.0036402161 0.0069982338)
(0.005247917 -0.0026943336 0.0070013297)
(0.0051002666 -0.0038536036 0.008004343)
(0.006827838 -0.0041405572 0.0079997592)
(-0.004027459 -0.0019531928 0.0069994275)
(-0.0046824987 -0.0023192564 0.0080031444)
(-0.0019903408 -0.0020192703 0.0070010321)
(-0.00277362 -0.0014414289 0.0069956203)
(-0.0032424601 -0.0016091732 0.0080014554)
(3.9123789e-06 -0.0020144258 0.0070002735)
(-0.00098818603 -0.0010586227 0.0070007981)
(-0.00099619418 -0.0020315394 0.0080004663)
(0.0020196776 -0.0020305017 0.0070000908)
(0.00098892939 -0.0010586959 0.0070010202)
(0.0010011851 -0.0020325947 0.0080006784)
(0.0040088901 -0.0019432675 0.007000623)
(0.0026938952 -0.0014172446 0.0069981838)
(0.0032743103 -0.0016211607 0.0080051607)
(0.0047373206 -0.0023533469 0.0080031371)
(-0.0027399757 -0.018568776 0.0089981691)
(-0.00098756523 -0.018941438 0.0090003155)
(0.00098608787 -0.018941584 0.0089996034)
(0.0026948898 -0.018582453 0.0089991177)
(-0.0040249638 -0.018048141 0.0090018484)
(-0.0052867031 -0.017277873 0.0090021392)
(-0.0047433703 -0.017642892 0.010017474)
(-0.0020219468 -0.017969895 0.0090006551)
(-0.0030577544 -0.017091417 0.0090023468)
(-0.0032834258 -0.018375409 0.010007723)
(-1.4547127e-06 -0.017985362 0.0089997338)
(-0.0010101658 -0.016992366 0.0090000699)
(-0.0010024985 -0.017967047 0.010000138)
(0.0020084427 -0.017974695 0.0089996025)
(0.0010070641 -0.016992877 0.0089996221)
(0.00099871269 -0.017967578 0.010000062)
(0.0040338563 -0.018043388 0.0089993814)
(0.003044305 -0.017096168 0.0089996794)
(0.0032933088 -0.018371689 0.010001643)
(0.005275042 -0.017286229 0.0089976221)
(0.0047009345 -0.01766928 0.01001073)
(-0.0063189289 -0.016406139 0.0090061621)
(-0.0072857039 -0.015275775 0.0090024936)
(-0.006839265 -0.015845518 0.0099987361)
(-0.0040791539 -0.016100433 0.0090008392)
(-0.0051058442 -0.015122412 0.0090013529)
(-0.0051033387 -0.016143838 0.010001453)
(0.0040831706 -0.016095258 0.0089995199)
(0.0063925606 -0.016333426 0.0089978472)
(0.0051149712 -0.015113953 0.0090001003)
(0.005104645 -0.016141412 0.010002571)
(0.0072620751 -0.015308749 0.0090022468)
(0.0068390261 -0.015845809 0.0099999333)
(-0.008041453 -0.014037476 0.008999674)
(-0.0085765882 -0.012714225 0.0090082024)
(-0.0060931965 -0.014082645 0.0090005818)
(-0.0070942215 -0.013044955 0.0090001625)
(-0.0070770676 -0.014059736 0.010000268)
(0.006095089 -0.014082783 0.0090000896)
(0.0080430114 -0.01403456 0.0090011098)
(0.0070927594 -0.013047548 0.00899834)
(0.0070769652 -0.014060074 0.0099996482)
(0.0085792852 -0.012705334 0.0089984214)
(-0.0079735944 -0.0120109 0.0090010509)
(-0.0089415347 -0.010986587 0.0089997045)
(-0.0087817459 -0.011950188 0.010001582)
(-0.0060393126 -0.012030989 0.0089984888)
(-0.006996855 -0.011008562 0.0089985865)
(-0.0070244257 -0.012028478 0.010000017)
(0.0060406942 -0.012029469 0.0089980973)
(0.0079736784 -0.012010925 0.0089969164)
(0.0069977284 -0.011009361 0.0089982162)
(0.0070282646 -0.012018749 0.010000283)
(0.0089411803 -0.010990184 0.0089994587)
(0.0087902325 -0.011913792 0.0099985654)
(-0.007985907 -0.0099984718 0.0089993365)
(-0.0089411605 -0.0090096143 0.0089994087)
(-0.0089998953 -0.010003185 0.0099997754)
(-0.0060065587 -0.0099991061 0.0089972461)
(-0.0069969795 -0.0089895304 0.0089981555)
(-0.0069950374 -0.010000163 0.0099992176)
(0.0060074474 -0.010002033 0.0089975251)
(0.0079862165 -0.010004269 0.0089990093)
(0.0069978577 -0.0089946065 0.0089984902)
(0.0069963836 -0.010003504 0.0099997721)
(0.0089417571 -0.0090156709 0.0090002796)
(0.0089998159 -0.010005612 0.010001031)
(-0.0079718588 -0.0079825924 0.0089992755)
(-0.0085765863 -0.0072857687 0.0090021812)
(-0.0087904208 -0.008087016 0.010002022)
(-0.0060398419 -0.0079684464 0.0089978711)
(-0.0070949011 -0.0069552725 0.0089976084)
(-0.0070273067 -0.007979254 0.010000167)
(0.0060408892 -0.007973199 0.0089983459)
(0.0079736182 -0.0079906329 0.0089990448)
(0.007094375 -0.0069551712 0.0089984635)
(0.0070320143 -0.007993028 0.010000986)
(0.0085767284 -0.0072862369 0.0089957348)
(0.0087932679 -0.0080992265 0.010008402)
(-0.0080514394 -0.0059812074 0.0089974059)
(-0.0060970596 -0.0059217502 0.0089998428)
(-0.007296212 -0.0047388895 0.0090015898)
(-0.007082888 -0.0059495231 0.0099998836)
(-0.0051103643 -0.0048822136 0.0090000564)
(0.0060985477 -0.0059234609 0.009000865)
(0.0051113037 -0.0048843166 0.0090029508)
(0.0080523875 -0.0059829812 0.0089989072)
(0.0072807526 -0.004717316 0.0089990995)
(0.0070828759 -0.0059506463 0.010000725)
(-0.0063364086 -0.0036102333 0.009004255)
(-0.0068380726 -0.0041530281 0.0099979187)
(-0.0040797998 -0.0039012075 0.0089993078)
(-0.0052843809 -0.0027204633 0.008995429)
(-0.005114489 -0.0038666365 0.010000019)
(-0.0030485426 -0.002905334 0.0089994578)
(-0.0010062359 -0.0030069169 0.009000056)
(0.0010087806 -0.0030070553 0.0090004787)
(0.0040775359 -0.0039006466 0.0090014944)
(0.0030454604 -0.0029036039 0.0090010956)
(0.0063909124 -0.0036648147 0.0090153507)
(0.0052475004 -0.0026940351 0.0089991213)
(0.0051225228 -0.0038765679 0.0099987722)
(0.0068407764 -0.0041563228 0.0099992898)
(-0.0040185052 -0.0019484069 0.0090014951)
(-0.0047277924 -0.0023474219 0.0099999168)
(-0.0020055537 -0.002025256 0.0090003774)
(-0.0027016064 -0.0014195838 0.0090006151)
(-0.0033631333 -0.0016545914 0.0099962783)
(-2.5149859e-07 -0.0020145303 0.0089991505)
(-0.00098641826 -0.0010584486 0.0090006303)
(-0.0010006024 -0.0020332106 0.010000234)
(0.002010481 -0.0020259604 0.0090004137)
(0.00099026041 -0.001058827 0.0090012417)
(0.0010017162 -0.0020326343 0.010000865)
(0.0040306229 -0.001954884 0.0089987903)
(0.0027731611 -0.0014412897 0.0089999852)
(0.0032789346 -0.0016229012 0.010010294)
(0.0047334459 -0.0023509375 0.010011069)
(-0.0027256493 -0.018573122 0.011002453)
(-0.00098911335 -0.018941286 0.010999611)
(0.00098537629 -0.018941654 0.0109997)
(0.0027272568 -0.018572635 0.011004492)
(-0.0040276415 -0.018046709 0.010996169)
(-0.0052879933 -0.017276948 0.010999701)
(-0.0046724924 -0.017686966 0.011998661)
(-0.0019996904 -0.017976819 0.01099911)
(-0.0030419654 -0.017097097 0.011000206)
(-0.0032747429 -0.018378677 0.012003053)
(-5.8109736e-08 -0.017985663 0.011000051)
(-0.0010067836 -0.016993499 0.011000143)
(-0.00099962133 -0.017967929 0.012000332)
(0.0020011565 -0.01797649 0.010999293)
(0.0010068347 -0.016993085 0.010999903)
(0.0010013612 -0.017966905 0.01199975)
(0.0040279451 -0.018046547 0.011000095)
(0.0030411319 -0.017097452 0.011000769)
(0.0033220976 -0.018360854 0.012002528)
(0.005270668 -0.017289363 0.011005039)
(0.0047170866 -0.017659236 0.011998679)
(-0.0063561783 -0.016371251 0.011010433)
(-0.0072863532 -0.015274869 0.010998829)
(-0.0068397933 -0.015844875 0.012001079)
(-0.0040802265 -0.016098766 0.01100062)
(-0.0051090395 -0.015120137 0.011001767)
(-0.0051237827 -0.016125627 0.012000195)
(0.00408315 -0.016094954 0.011001098)
(0.0063823205 -0.016344359 0.011011496)
(0.0051185752 -0.015108738 0.011001466)
(0.0051373077 -0.016107779 0.01199414)
(0.0073013156 -0.015253989 0.010998195)
(0.0068393364 -0.015845431 0.01199678)
(-0.0080506693 -0.014020233 0.010999664)
(-0.0085851133 -0.012686122 0.010996241)
(-0.0060937678 -0.014082633 0.011000653)
(-0.0070921122 -0.01305029 0.010998585)
(-0.0070789118 -0.014056258 0.011999187)
(0.0061017879 -0.014073145 0.011000865)
(0.0080426768 -0.014035186 0.010997397)
(0.0071002899 -0.013030277 0.011004795)
(0.0070779068 -0.014060185 0.012001489)
(0.0085751174 -0.012719074 0.010994167)
(-0.0079728284 -0.012010567 0.010997433)
(-0.0089414642 -0.010987302 0.010999915)
(-0.0087901635 -0.011914087 0.011997808)
(-0.0060390794 -0.012031169 0.010999518)
(-0.0069969089 -0.011008571 0.010999487)
(-0.0070272356 -0.012019366 0.01200032)
(0.0060426339 -0.01202591 0.011001247)
(0.007977665 -0.01199966 0.011003461)
(0.0069987967 -0.011007551 0.011000844)
(0.0070280698 -0.01201996 0.012002017)
(0.0089413802 -0.010988155 0.011000545)
(0.0087903016 -0.011913495 0.011997796)
(-0.0079860356 -0.0099987397 0.010999938)
(-0.0089413361 -0.0090113966 0.010999904)
(-0.0089999339 -0.010002006 0.012000545)
(-0.0060064754 -0.0099995088 0.010999325)
(-0.0069970873 -0.0089912884 0.010999616)
(-0.0069949728 -0.0099989137 0.011999775)
(0.0060084118 -0.010002892 0.011000264)
(0.0079867336 -0.01000334 0.011000464)
(0.0069995272 -0.0089983263 0.011000787)
(0.0069963749 -0.010003077 0.012000572)
(0.0089417244 -0.0090153395 0.011000587)
(0.0089998151 -0.010005636 0.012000209)
(-0.0079763055 -0.0079972855 0.011000985)
(-0.0085714372 -0.0072687945 0.011001602)
(-0.0087916899 -0.0080924589 0.012001357)
(-0.0060396144 -0.0079691495 0.010999373)
(-0.0070962788 -0.0069611363 0.01099903)
(-0.0070219557 -0.0079665476 0.011998819)
(0.0060438475 -0.0079798302 0.0110012)
(0.0079785658 -0.0080031096 0.011002249)
(0.0071011819 -0.0069728612 0.011003477)
(0.0070301826 -0.0079859843 0.012001685)
(0.0085652471 -0.0072483884 0.01099864)
(0.0087827294 -0.0080540291 0.011994991)
(-0.0080439317 -0.0059671614 0.011003835)
(-0.0060961288 -0.0059188712 0.011000044)
(-0.0072751946 -0.0047095597 0.011001178)
(-0.0070763094 -0.0059370238 0.011999567)
(-0.0051125369 -0.0048841383 0.010999954)
(0.006101001 -0.0059274512 0.011001736)
(0.0051168472 -0.0048889848 0.011001693)
(0.0080417136 -0.0059630117 0.011000013)
(0.0072870637 -0.004726123 0.011005227)
(0.0070851464 -0.0059529605 0.012001861)
(-0.0063834195 -0.0036568146 0.010999583)
(-0.0068420684 -0.0041578971 0.011999856)
(-0.0040792262 -0.0039015997 0.010999868)
(-0.0052698028 -0.0027100168 0.011001588)
(-0.0051141416 -0.0038682719 0.012000396)
(-0.0030398201 -0.0029017529 0.010999057)
(-0.0010063244 -0.0030067389 0.010999692)
(0.0010085331 -0.0030070714 0.011000087)
(0.0040831487 -0.0039046798 0.011001138)
(0.0030505638 -0.0029062273 0.01099799)
(0.0063778456 -0.0036508634 0.010999373)
(0.0052631976 -0.0027052835 0.011002114)
(0.0051295552 -0.0038786124 0.012008063)
(0.0068455229 -0.0041621063 0.011999876)
(-0.0040191618 -0.0019487579 0.010998954)
(-0.0047287805 -0.0023480363 0.011999301)
(-0.001997449 -0.0020223631 0.010998936)
(-0.0027343769 -0.0014295246 0.01099858)
(-0.0032995537 -0.0016306617 0.011997499)
(1.1226361e-06 -0.0020144582 0.010999769)
(-0.00098945189 -0.0010587474 0.010999907)
(-0.001000244 -0.0020325426 0.01199999)
(0.0020099592 -0.0020262531 0.010998928)
(0.00099033188 -0.001058834 0.011000532)
(0.0010010148 -0.0020321274 0.011999931)
(0.0040317619 -0.0019554928 0.010999015)
(0.0026720704 -0.0014106242 0.011002026)
(0.0032496338 -0.0016118732 0.012001011)
(0.0046838537 -0.0023200991 0.011994635)
(-0.0027521192 -0.018565093 0.012990752)
(-0.00098941922 -0.018941255 0.012999736)
(0.00098823375 -0.018941372 0.013000276)
(0.0026885628 -0.018584372 0.01299604)
(-0.0040324114 -0.01804416 0.013000534)
(-0.0052823665 -0.01728098 0.013004244)
(-0.0047474792 -0.017640337 0.013981419)
(-0.0020056866 -0.017975744 0.013002642)
(-0.0030372152 -0.017098705 0.013003325)
(-0.0032814027 -0.01837617 0.013996757)
(-1.1522009e-06 -0.017985563 0.012999556)
(-0.0010065056 -0.016993676 0.013000471)
(-0.0010014437 -0.01796767 0.013999769)
(0.0020116786 -0.017971947 0.012998827)
(0.0010079978 -0.016992617 0.012999626)
(0.0009957859 -0.017968409 0.013999308)
(0.0040242467 -0.018048524 0.013000798)
(0.0030591253 -0.017090645 0.012999002)
(0.0032525768 -0.01838702 0.013992739)
(0.0052761686 -0.017285422 0.013003002)
(0.0047001507 -0.017669767 0.014009131)
(-0.0063770235 -0.016350015 0.012976864)
(-0.0072687961 -0.01529937 0.013005592)
(-0.0068399972 -0.015844626 0.014001166)
(-0.0040816243 -0.016096724 0.012998946)
(-0.0051124397 -0.015116874 0.012996702)
(-0.0051119369 -0.016135829 0.013997594)
(0.0040857864 -0.016092371 0.012999376)
(0.006416586 -0.016307774 0.01299844)
(0.0051241127 -0.015102591 0.01299848)
(0.0051031508 -0.01614132 0.013996942)
(0.0073030476 -0.015251572 0.013002723)
(0.0068372452 -0.015847979 0.014001311)
(-0.0080553556 -0.014011466 0.013001511)
(-0.0085662488 -0.012748309 0.013000387)
(-0.0060952214 -0.014081146 0.012998583)
(-0.0070960959 -0.013039308 0.013001915)
(-0.0070793337 -0.014057161 0.01399812)
(0.0061054261 -0.014069759 0.012999724)
(0.0080497425 -0.014021967 0.012999911)
(0.0070935773 -0.013049391 0.013000868)
(0.0070797967 -0.014056544 0.013999613)
(0.0085725659 -0.012727485 0.012991117)
(-0.007974989 -0.012006797 0.013000078)
(-0.0089414456 -0.010987491 0.012999818)
(-0.0087910558 -0.011910261 0.014000643)
(-0.0060402438 -0.012028646 0.01299998)
(-0.006997466 -0.011007183 0.012999948)
(-0.0070260359 -0.012023269 0.013999651)
(0.0060414845 -0.012029623 0.013000658)
(0.0079723788 -0.012014113 0.012999617)
(0.0069977759 -0.01101004 0.013000479)
(0.0070271553 -0.012022428 0.014000344)
(0.0089410345 -0.010991665 0.013000229)
(0.0087906505 -0.011911999 0.013999615)
(-0.0079861514 -0.0099995421 0.01299994)
(-0.0089415771 -0.0090138435 0.012999884)
(-0.0089999868 -0.0099996086 0.013998203)
(-0.0060066504 -0.009999203 0.012999774)
(-0.0069968204 -0.0089908923 0.01299969)
(-0.0069953523 -0.010000162 0.013999834)
(0.0060079066 -0.010002406 0.013000513)
(0.007986268 -0.01000329 0.013000199)
(0.0069982103 -0.0089948533 0.013000609)
(0.0069957865 -0.010002294 0.014000335)
(0.0089421956 -0.0090201238 0.012999544)
(0.008999949 -0.010001547 0.013999287)
(-0.007973893 -0.0079917207 0.012998471)
(-0.0085648509 -0.0072470823 0.01299911)
(-0.0087942529 -0.0081034508 0.014004677)
(-0.0060387664 -0.007967421 0.012999561)
(-0.0070930529 -0.0069525678 0.012998156)
(-0.0070261139 -0.0079776551 0.014001222)
(0.0060418856 -0.0079738202 0.013001033)
(0.0079721735 -0.0079843694 0.013000686)
(0.0070949197 -0.0069555577 0.013001653)
(0.0070270617 -0.0079782928 0.014001251)
(0.0085791284 -0.0072941489 0.01300368)
(0.0087887096 -0.008079677 0.01399962)
(-0.0080459058 -0.0059708549 0.012999213)
(-0.0060951294 -0.0059174072 0.012999733)
(-0.0072763221 -0.0047111332 0.013000753)
(-0.0070802757 -0.0059442072 0.014000403)
(-0.005109385 -0.0048816979 0.012999662)
(0.0060990474 -0.005924239 0.013000257)
(0.0051149564 -0.0048866273 0.012999209)
(0.0080495087 -0.0059775953 0.012999515)
(0.0072846245 -0.0047227192 0.013001857)
(0.0070810487 -0.0059446984 0.014000099)
(-0.0063802863 -0.0036534693 0.012998214)
(-0.006844692 -0.0041610939 0.01400058)
(-0.0040745818 -0.0038986796 0.012999288)
(-0.0052549829 -0.002699397 0.012999098)
(-0.0051081019 -0.0038617 0.0139999)
(-0.003027018 -0.002896584 0.012997268)
(-0.0010043335 -0.0030055751 0.012999642)
(0.0010076653 -0.0030067146 0.013000355)
(0.0040837997 -0.0039046143 0.012999492)
(0.0030474958 -0.0029053437 0.013000258)
(0.0063485394 -0.003621595 0.012989018)
(0.0052781377 -0.0027159894 0.012996525)
(0.0051289919 -0.0038832547 0.013998371)
(0.0068419223 -0.0041577191 0.013998948)
(-0.0040272607 -0.0019530868 0.012998491)
(-0.004690002 -0.0023239223 0.013997342)
(-0.0019982786 -0.0020216212 0.012999169)
(-0.0027457787 -0.0014329833 0.013004041)
(-0.0032612846 -0.0016162582 0.013999522)
(5.0373675e-07 -0.0020141908 0.013000739)
(-0.00098471888 -0.0010582812 0.012999758)
(-0.0009991235 -0.0020317695 0.013999768)
(0.0020063752 -0.0020250763 0.013001111)
(0.00098845085 -0.0010586488 0.013000158)
(0.0010001203 -0.0020325359 0.014000538)
(0.004036773 -0.0019581713 0.012996692)
(0.0027267676 -0.0014272164 0.013004032)
(0.0032889473 -0.0016266697 0.014005108)
(0.0047006326 -0.0023305329 0.013994304)
(-0.0027134447 -0.018576824 0.015003676)
(-0.00099151297 -0.018941049 0.014999065)
(0.00098368865 -0.01894182 0.01499934)
(0.0027748503 -0.018558197 0.015008849)
(-0.0040286804 -0.018046154 0.01499934)
(-0.0052691629 -0.017290442 0.015005137)
(-0.0047071867 -0.017665392 0.015995967)
(-0.0019977796 -0.017977783 0.015001297)
(-0.0030366801 -0.017099313 0.015000796)
(-0.0032427782 -0.018390707 0.016012187)
(-2.5549434e-06 -0.017985779 0.014999615)
(-0.0010055611 -0.016994234 0.015000285)
(-0.00099844056 -0.017968599 0.016000613)
(0.0020045903 -0.017974841 0.014999286)
(0.0010057181 -0.016993558 0.014999823)
(0.00099951538 -0.017967159 0.015999921)
(0.004011638 -0.018055264 0.014998395)
(0.0030452677 -0.01709705 0.015001607)
(0.0033240343 -0.018360125 0.016001757)
(0.0052563576 -0.017299618 0.015006301)
(0.0047356445 -0.017647696 0.015998704)
(-0.0063777305 -0.01634926 0.014998931)
(-0.0072913332 -0.015267919 0.014998919)
(-0.0068403147 -0.015844239 0.016000956)
(-0.0040778953 -0.01609885 0.014999971)
(-0.0051128802 -0.015114621 0.014998653)
(-0.0051144145 -0.016131561 0.015995967)
(0.004070715 -0.016105489 0.014999931)
(0.0063549565 -0.016372395 0.014995131)
(0.0051022392 -0.015124462 0.014998693)
(0.0050893838 -0.016155145 0.01599718)
(0.00728951 -0.015270463 0.015002225)
(0.0068318993 -0.015854493 0.015997613)
(-0.008049769 -0.014021918 0.014999284)
(-0.0085697488 -0.012736771 0.015000088)
(-0.0060990982 -0.014076541 0.014998525)
(-0.0070926589 -0.013050504 0.014998542)
(-0.0070869739 -0.014044767 0.016000289)
(0.0060936298 -0.0140827 0.014999539)
(0.0080422049 -0.014036069 0.015000426)
(0.0070905449 -0.013055014 0.015000614)
(0.0070801591 -0.014053968 0.016001071)
(0.0085667403 -0.012746689 0.015003272)
(-0.0079726606 -0.012011581 0.014998459)
(-0.0089415739 -0.010986188 0.015000108)
(-0.0087916241 -0.011907823 0.016001309)
(-0.0060401006 -0.0120304 0.014999207)
(-0.0069972581 -0.011008543 0.014999623)
(-0.0070266446 -0.01202266 0.015998814)
(0.0060396623 -0.012031759 0.01500053)
(0.0079714184 -0.012016507 0.015000249)
(0.0069971898 -0.011010548 0.015000376)
(0.0070275234 -0.012020817 0.016001218)
(0.0089411952 -0.010990034 0.014999405)
(0.0087847618 -0.011937254 0.015997122)
(-0.007986224 -0.010000713 0.014999906)
(-0.008941589 -0.0090139652 0.015000575)
(-0.0089999875 -0.0099996305 0.016000287)
(-0.006007097 -0.010000398 0.014999997)
(-0.0069975892 -0.0089928072 0.015000394)
(-0.0069957242 -0.010000591 0.016000191)
(0.0060072005 -0.010002009 0.015000436)
(0.0079861738 -0.010003065 0.015000539)
(0.0069979395 -0.008994383 0.015000426)
(0.0069952604 -0.010001896 0.016000492)
(0.0089418816 -0.0090169358 0.015000558)
(0.0089998351 -0.010005025 0.016000329)
(-0.0079741016 -0.0079913714 0.015000069)
(-0.008579006 -0.0072937452 0.015002009)
(-0.0087856454 -0.0080665353 0.016000351)
(-0.0060401771 -0.0079708952 0.01500061)
(-0.0070947679 -0.0069565374 0.014999424)
(-0.0070274823 -0.0079798959 0.016002159)
(0.0060412792 -0.0079726664 0.015000158)
(0.0079757626 -0.0079950389 0.015000266)
(0.007098854 -0.0069654717 0.01499862)
(0.0070253362 -0.0079745924 0.016000479)
(0.0085645195 -0.0072459899 0.014997354)
(0.0087863472 -0.008069545 0.016003102)
(-0.0080454493 -0.0059700008 0.014998639)
(-0.0060952589 -0.005919313 0.015000644)
(-0.0072862978 -0.0047250543 0.014999633)
(-0.0070809393 -0.0059467897 0.016000658)
(-0.0051077361 -0.0048796501 0.015000945)
(0.0060999838 -0.0059256338 0.014999064)
(0.0051121755 -0.0048850971 0.01499862)
(0.0080489204 -0.0059764947 0.015000929)
(0.0073010979 -0.0047457078 0.015000105)
(0.0070807441 -0.005945237 0.015997974)
(-0.0063663735 -0.0036386148 0.015006325)
(-0.006853882 -0.004172292 0.016000622)
(-0.0040766911 -0.0038988118 0.015000231)
(-0.0052747129 -0.0027135353 0.015001967)
(-0.0051039754 -0.0038571864 0.015998166)
(-0.0030400171 -0.0029015559 0.014998857)
(-0.001007906 -0.0030062124 0.014999695)
(0.0010059797 -0.0030065753 0.015000129)
(0.0040795655 -0.0039014879 0.01499951)
(0.0030444889 -0.0029036932 0.015000338)
(0.0063485135 -0.0036215708 0.015002582)
(0.0052631243 -0.002705231 0.01500104)
(0.0051163199 -0.003868859 0.015993573)
(0.0068484965 -0.0041657298 0.01600248)
(-0.0040287632 -0.0019538899 0.015001254)
(-0.0047160228 -0.0023401031 0.016003448)
(-0.0020044936 -0.0020235871 0.014999422)
(-0.0027460564 -0.0014330676 0.015007743)
(-0.0032903626 -0.0016272024 0.016001114)
(-2.1773011e-06 -0.0020143615 0.014999183)
(-0.00099130881 -0.0010589302 0.014999907)
(-0.0010052092 -0.0020330973 0.015999828)
(0.0020118478 -0.0020263109 0.014999877)
(0.00098377876 -0.0010581886 0.015000557)
(0.00099738802 -0.0020319227 0.015999996)
(0.0040439827 -0.0019620249 0.014999685)
(0.0027455778 -0.0014329224 0.014992392)
(0.0032641877 -0.0016173509 0.01600247)
(0.0046892101 -0.0023234299 0.016009063)
(-0.0027297754 -0.018571871 0.017003763)
(-0.00098897377 -0.018941299 0.016999191)
(0.00098202908 -0.018941983 0.016999467)
(0.0027276531 -0.018572514 0.016999156)
(-0.0040255544 -0.018047825 0.016999586)
(-0.0052835325 -0.017280145 0.017003539)
(-0.0047165254 -0.017659585 0.018004138)
(-0.0019999462 -0.017978354 0.017000135)
(-0.0030286257 -0.017102085 0.016998891)
(-0.0033278258 -0.018358698 0.017998166)
(-2.0173016e-06 -0.017985784 0.017000221)
(-0.0010058861 -0.016994223 0.016999977)
(-0.0010032716 -0.017967092 0.017999381)
(0.002006848 -0.017975584 0.017000976)
(0.0010059968 -0.016993506 0.017000206)
(0.00099857683 -0.017967498 0.017999527)
(0.0040308805 -0.018044978 0.017000397)
(0.0030387509 -0.017098954 0.017003316)
(0.00328944 -0.018373145 0.017998113)
(0.0052622352 -0.017295406 0.017005544)
(0.004700744 -0.017669398 0.017982748)
(-0.0064043815 -0.016320805 0.017001134)
(-0.0072732987 -0.015293086 0.017001339)
(-0.0068430004 -0.015840967 0.017998129)
(-0.0040811876 -0.016095812 0.017000023)
(-0.0051163606 -0.015111595 0.016999853)
(-0.0051086214 -0.016139135 0.018000167)
(0.0040746657 -0.016102495 0.017001077)
(0.006362653 -0.016365187 0.01699871)
(0.005106649 -0.015120182 0.017000255)
(0.0051209429 -0.016127377 0.018002017)
(0.0073069132 -0.015246177 0.0169987)
(0.0068421569 -0.015841994 0.01799831)
(-0.0080435094 -0.014033629 0.017001167)
(-0.0085836255 -0.012691026 0.017002716)
(-0.0060988184 -0.014077111 0.016999974)
(-0.007096367 -0.013039668 0.016999562)
(-0.0070826866 -0.014051489 0.018000162)
(0.0060970197 -0.014078147 0.017000334)
(0.008047913 -0.01402539 0.016999737)
(0.0070910766 -0.013054681 0.017003394)
(0.0070789547 -0.014057583 0.018000814)
(0.0085810188 -0.012699619 0.01700012)
(-0.0079756914 -0.012004996 0.01699877)
(-0.0089414086 -0.010987867 0.016999646)
(-0.0087865995 -0.011929372 0.018003596)
(-0.0060410254 -0.012028781 0.016999551)
(-0.0069978794 -0.011008018 0.01699982)
(-0.0070257388 -0.012025459 0.017999833)
(0.0060394825 -0.012031753 0.017001219)
(0.0079704758 -0.012018109 0.017001321)
(0.0069968856 -0.011010648 0.017000746)
(0.0070269167 -0.012021891 0.01800107)
(0.008941115 -0.010990848 0.017000098)
(0.0087874928 -0.011925541 0.017999304)
(-0.0079863984 -0.010001279 0.017000268)
(-0.0089416651 -0.009014737 0.016999936)
(-0.0089999408 -0.010001795 0.018000373)
(-0.0060076275 -0.010000866 0.017000232)
(-0.0069982757 -0.0089941118 0.01700069)
(-0.0069959947 -0.010001174 0.018000375)
(0.0060065552 -0.01000152 0.017000554)
(0.0079858443 -0.010002759 0.01700028)
(0.0069965186 -0.008991439 0.017000582)
(0.0069952227 -0.010002463 0.018000476)
(0.0089419113 -0.0090172368 0.017000041)
(0.0089998901 -0.010003346 0.018000194)
(-0.007975367 -0.0079941917 0.017001711)
(-0.0085767635 -0.0072863529 0.016999074)
(-0.0087862324 -0.0080690528 0.018000473)
(-0.0060413007 -0.0079734024 0.017000828)
(-0.0070968392 -0.0069613864 0.016999924)
(-0.0070292511 -0.0079844236 0.018001462)
(0.0060388502 -0.0079675689 0.017000428)
(0.0079675994 -0.007975454 0.017001453)
(0.0070867085 -0.0069342945 0.017001277)
(0.0070271589 -0.0079800803 0.018001053)
(0.0085766268 -0.0072859023 0.016998709)
(0.0087918828 -0.0080932859 0.017999308)
(-0.0080393127 -0.00595852 0.016996907)
(-0.006095778 -0.0059209889 0.016999085)
(-0.0073028674 -0.0047481771 0.016999304)
(-0.0070792351 -0.0059447904 0.018000036)
(-0.0051064903 -0.0048785712 0.01699835)
(0.006095862 -0.0059194373 0.016998068)
(0.0051061922 -0.0048794232 0.016997438)
(0.0080458607 -0.0059707703 0.017000946)
(0.007289563 -0.0047296109 0.016995852)
(0.0070828259 -0.0059481936 0.01799984)
(-0.0063430247 -0.00361643 0.016989451)
(-0.0068375852 -0.0041524343 0.017995623)
(-0.0040772218 -0.0038981468 0.01699932)
(-0.0052656989 -0.002707076 0.017000791)
(-0.0051167099 -0.0038685756 0.018000781)
(-0.0030563755 -0.0029075558 0.017001173)
(-0.0010120776 -0.0030074776 0.017000289)
(0.0010025342 -0.0030054419 0.017000259)
(0.0040711299 -0.003896205 0.01699921)
(0.0030278206 -0.0028967901 0.017001078)
(0.0063490758 -0.0036220975 0.016996247)
(0.005253636 -0.0026984318 0.017001041)
(0.0051079606 -0.0038627147 0.017999795)
(0.0068358222 -0.0041502861 0.018001178)
(-0.0040251948 -0.0019519826 0.016999183)
(-0.0047306948 -0.0023492267 0.018004638)
(-0.00201827 -0.0020288106 0.017001587)
(-0.0026513746 -0.0014043462 0.016989121)
(-0.0032643215 -0.0016174012 0.018001469)
(-3.5887219e-06 -0.0020144287 0.017000233)
(-0.00099187193 -0.0010589857 0.016999861)
(-0.0010019226 -0.002032673 0.01800022)
(0.0020031244 -0.0020226333 0.017000167)
(0.00098668907 -0.0010584752 0.017000091)
(0.00099708346 -0.0020314996 0.018000208)
(0.0040092214 -0.0019434446 0.016998145)
(0.0027159324 -0.0014239296 0.017005538)
(0.003253628 -0.0016133765 0.018006081)
(0.0047241282 -0.0023451433 0.017997354)
(-0.0027286474 -0.018572213 0.01899915)
(-0.00098889918 -0.018941307 0.018999116)
(0.00098438607 -0.018941751 0.018999931)
(0.0027366934 -0.018569772 0.018997464)
(-0.0040277399 -0.018046657 0.019000162)
(-0.0052786379 -0.017283652 0.019000566)
(-0.0046952244 -0.017672831 0.019988231)
(-0.0020064208 -0.017975063 0.018997675)
(-0.003044316 -0.017096146 0.018998938)
(-0.0032829091 -0.018375603 0.020003119)
(-2.3306697e-06 -0.017985666 0.018999484)
(-0.0010086102 -0.016993218 0.018999315)
(-0.0010022539 -0.017967404 0.019999586)
(0.002006479 -0.017975156 0.018998717)
(0.0010046411 -0.016993893 0.018999737)
(0.00099714746 -0.017968155 0.019999862)
(0.0040163263 -0.018052758 0.018998114)
(0.0030371222 -0.017099709 0.018999069)
(0.0032674107 -0.018381436 0.02000142)
(0.0052452581 -0.017307572 0.019007583)
(0.0047212113 -0.017656671 0.020001951)
(-0.0063920954 -0.016333923 0.019001355)
(-0.0072960916 -0.015261279 0.019000501)
(-0.0068441423 -0.015839575 0.02000238)
(-0.0040835046 -0.016094845 0.018999626)
(-0.0051185037 -0.015109468 0.018999519)
(-0.0051278793 -0.016120273 0.019996965)
(0.0040737533 -0.016101793 0.019001995)
(0.0063842846 -0.016342262 0.019007149)
(0.005109039 -0.015119017 0.019002276)
(0.005102711 -0.016143254 0.019999847)
(0.0072769069 -0.015288051 0.018999282)
(0.0068348073 -0.01585095 0.020001414)
(-0.0080534298 -0.014015069 0.019000792)
(-0.0085656962 -0.012750131 0.018995128)
(-0.0061024566 -0.014070777 0.018999841)
(-0.0071048951 -0.013018577 0.019002584)
(-0.0070814359 -0.014054694 0.019998269)
(0.0060953164 -0.014082119 0.019001206)
(0.0080493126 -0.014022771 0.018999335)
(0.0070911535 -0.01305249 0.019003213)
(0.0070765394 -0.014062505 0.020000757)
(0.008576232 -0.012715399 0.01900006)
(-0.0079812704 -0.011988479 0.019001902)
(-0.0089413226 -0.01098874 0.018999864)
(-0.0087889737 -0.01191919 0.020001233)
(-0.0060426939 -0.012024838 0.01900035)
(-0.0069987939 -0.011005717 0.019000416)
(-0.0070270362 -0.012021872 0.020000357)
(0.0060386974 -0.012033038 0.019001208)
(0.0079725989 -0.012011766 0.019001389)
(0.0069966292 -0.011010854 0.019000637)
(0.0070234239 -0.012029313 0.020001076)
(0.0089412737 -0.010989237 0.018999784)
(0.0087932946 -0.011900659 0.019999957)
(-0.0079865491 -0.010000849 0.019000461)
(-0.0089417289 -0.0090153854 0.01900074)
(-0.0089999411 -0.010001788 0.020000139)
(-0.0060076834 -0.010000177 0.019000309)
(-0.0069978598 -0.008993043 0.019000455)
(-0.0069956369 -0.010000549 0.020000239)
(0.0060066332 -0.010002596 0.019000469)
(0.0079861498 -0.010003487 0.019000196)
(0.0069981556 -0.0089957636 0.019000553)
(0.0069949611 -0.010002104 0.020000213)
(0.0089417383 -0.0090154808 0.019000579)
(0.0089999418 -0.010001766 0.020000298)
(-0.0079734836 -0.0079922703 0.018999956)
(-0.0085580155 -0.0072245492 0.019001195)
(-0.0087863251 -0.0080694502 0.020001652)
(-0.0060404535 -0.0079710812 0.019000502)
(-0.0070919094 -0.0069490412 0.018999889)
(-0.0070264303 -0.0079769457 0.020000292)
(0.006041909 -0.007975493 0.019000602)
(0.0079788663 -0.0080031382 0.01900181)
(0.0071033371 -0.0069773525 0.019002269)
(0.0070263194 -0.0079770456 0.019999613)
(0.0085644403 -0.0072457287 0.018999812)
(0.0087891106 -0.0080813965 0.019996295)
(-0.0080485986 -0.0059758926 0.018999062)
(-0.0060964502 -0.005920155 0.019000666)
(-0.0072789332 -0.0047147769 0.019000545)
(-0.0070798343 -0.0059430198 0.020000459)
(-0.0051137888 -0.0048847914 0.019001551)
(0.0061032932 -0.0059313498 0.018999809)
(0.0051155634 -0.0048894193 0.018999813)
(0.00805163 -0.0059815641 0.018999845)
(0.0073030135 -0.0047483809 0.018997195)
(0.007082793 -0.0059491991 0.020001158)
(-0.0063947828 -0.003668947 0.019003402)
(-0.0068430002 -0.0041590325 0.019999293)
(-0.0040852944 -0.0039043104 0.019000987)
(-0.0052673891 -0.0027082871 0.019003092)
(-0.0051092032 -0.0038600304 0.020003458)
(-0.0030683528 -0.0029127149 0.019000282)
(-0.0010131977 -0.003008416 0.019000052)
(0.0010004463 -0.00300499 0.019000123)
(0.0040763505 -0.0039015302 0.019000265)
(0.0030222114 -0.0028952503 0.019000447)
(0.006401131 -0.0036757249 0.01900117)
(0.0052753302 -0.0027139777 0.019001904)
(0.0051086221 -0.0038632824 0.019998954)
(0.0068397254 -0.0041550421 0.01999697)
(-0.0040419702 -0.0019609492 0.018997014)
(-0.0046890176 -0.0023233102 0.020003273)
(-0.0020239349 -0.0020315559 0.018998981)
(-0.0026841396 -0.0014142853 0.018996816)
(-0.0032864968 -0.0016257474 0.019997773)
(-3.1640067e-06 -0.0020143973 0.0190003)
(-0.00098870984 -0.0010586743 0.018999296)
(-0.0010023589 -0.0020333661 0.019999959)
(0.0019920094 -0.0020194891 0.018999267)
(0.00098459372 -0.0010582689 0.018999771)
(0.00099555192 -0.0020313735 0.019999985)
(0.0040309023 -0.0019550333 0.019000675)
(0.0027436773 -0.0014323459 0.019006204)
(0.0032517084 -0.001612654 0.020007722)
(0.0047366539 -0.0023529323 0.020018006)
(-0.0027406715 -0.018568565 0.020997289)
(-0.00098933813 -0.018941263 0.020999978)
(0.00098537585 -0.018941654 0.020999417)
(0.0027110727 -0.018577544 0.021001175)
(-0.0040211896 -0.018050158 0.021000957)
(-0.0052943442 -0.017272397 0.021002077)
(-0.0047260588 -0.017653657 0.022000853)
(-0.0020028402 -0.017977248 0.020999389)
(-0.0030338445 -0.017099965 0.020999161)
(-0.0032343371 -0.018393884 0.021997381)
(-2.2631941e-06 -0.017986006 0.020999737)
(-0.0010066618 -0.016994159 0.020999651)
(-0.00099908347 -0.017968541 0.021999616)
(0.0019925856 -0.017979706 0.021001544)
(0.0010025896 -0.016994818 0.021000396)
(0.00099796531 -0.017968252 0.022000298)
(0.0040521678 -0.0180336 0.020992822)
(0.0030277407 -0.017102512 0.021003024)
(0.00327491 -0.018378614 0.022006684)
(0.0052652679 -0.017293233 0.021004734)
(0.0047270947 -0.017653012 0.022000212)
(-0.0063528013 -0.016374414 0.020997534)
(-0.0072996033 -0.015256378 0.02099279)
(-0.0068332804 -0.015852811 0.021999581)
(-0.0040815611 -0.016096039 0.020999945)
(-0.0051162439 -0.015111951 0.020998588)
(-0.005123189 -0.016124184 0.022001761)
(0.0040764768 -0.016100199 0.021001474)
(0.0063674349 -0.016360252 0.021004994)
(0.0051092795 -0.015119313 0.021002153)
(0.0051178388 -0.016129513 0.022002562)
(0.0072882954 -0.015272158 0.021004804)
(0.0068394356 -0.01584531 0.022000918)
(-0.0080476401 -0.014025901 0.020998055)
(-0.0085782351 -0.012708796 0.021000995)
(-0.0060991717 -0.014077231 0.020997602)
(-0.0070871347 -0.013065909 0.020997698)
(-0.007080523 -0.014055244 0.021999264)
(0.0060949562 -0.014082479 0.021001379)
(0.0080382423 -0.014043483 0.021002204)
(0.0070925725 -0.013048976 0.020999216)
(0.0070801131 -0.014054568 0.021999059)
(0.0085873006 -0.012678911 0.020999908)
(-0.0079682541 -0.01202275 0.020999586)
(-0.0089414275 -0.010987674 0.020999703)
(-0.0087914212 -0.011908693 0.022000703)
(-0.0060391362 -0.012033855 0.020999154)
(-0.0069966042 -0.011010886 0.020999737)
(-0.0070244886 -0.012027894 0.021998536)
(0.0060389687 -0.012032097 0.021000247)
(0.0079736481 -0.012008731 0.020999041)
(0.0069967458 -0.011009741 0.020999995)
(0.0070266427 -0.012021534 0.022000042)
(0.008941194 -0.010990046 0.020999743)
(0.0087894468 -0.011917161 0.021998784)
(-0.0079859558 -0.010000771 0.021000211)
(-0.0089416113 -0.0090141916 0.021000237)
(-0.0089999962 -0.010000103 0.022000121)
(-0.0060068411 -0.010000865 0.021000016)
(-0.0069971127 -0.008991679 0.021000294)
(-0.006995103 -0.010000742 0.021999921)
(0.0060064307 -0.010001361 0.02100003)
(0.0079859642 -0.01000204 0.020999926)
(0.0069969718 -0.0089923581 0.020999855)
(0.0069951315 -0.010001048 0.021999897)
(0.0089416563 -0.0090146476 0.021000576)
(0.0089998142 -0.010005665 0.02200001)
(-0.0079720271 -0.0079851606 0.021001081)
(-0.0085776399 -0.0072892417 0.021004677)
(-0.008789729 -0.0080840491 0.021997451)
(-0.0060396146 -0.0079691031 0.021000462)
(-0.0070925959 -0.006950869 0.021000513)
(-0.0070257288 -0.0079755903 0.022000372)
(0.0060398108 -0.0079702003 0.020999729)
(0.0079722426 -0.0079863613 0.020998979)
(0.0070938954 -0.0069526378 0.020999671)
(0.007025297 -0.0079752982 0.021999029)
(0.0085711472 -0.0072678383 0.020992141)
(0.0087914711 -0.0080915202 0.021999313)
(-0.0080411179 -0.0059618972 0.021000487)
(-0.0060936239 -0.0059169141 0.021000558)
(-0.007285284 -0.0047236395 0.021000143)
(-0.0070798014 -0.0059431595 0.022000738)
(-0.0051110876 -0.0048816974 0.021000473)
(0.0060980173 -0.0059235424 0.021000428)
(0.0051056899 -0.0048796441 0.021000359)
(0.0080499506 -0.0059784221 0.021004295)
(0.0072975884 -0.0047408103 0.020996961)
(0.0070846879 -0.0059509571 0.022000243)
(-0.0063311644 -0.0036053216 0.020994909)
(-0.0068369746 -0.0041516903 0.021999851)
(-0.0040859835 -0.0039043675 0.021000323)
(-0.0053061814 -0.0027360853 0.021000043)
(-0.0051286783 -0.0038814242 0.022000863)
(-0.0030682095 -0.0029132124 0.021003102)
(-0.0010120677 -0.0030089299 0.021000369)
(0.0010055843 -0.0030067118 0.020999628)
(0.0040717521 -0.0038962518 0.020999879)
(0.0030424588 -0.0029022425 0.020998262)
(0.0063574487 -0.0036299395 0.021003278)
(0.0052545431 -0.0026990818 0.020999684)
(0.0051001979 -0.0038549144 0.021999994)
(0.0068403585 -0.0041558135 0.022000709)
(-0.0040162182 -0.0019471845 0.020999361)
(-0.0047698154 -0.0023735534 0.0220038)
(-0.0020179915 -0.0020300519 0.021002915)
(-0.0026963341 -0.0014179845 0.020988699)
(-0.0033457583 -0.0016480519 0.021999231)
(1.192389e-06 -0.002014832 0.020998819)
(-0.00098737226 -0.0010585425 0.020998937)
(-0.0010028595 -0.0020337281 0.022000011)
(0.0020081704 -0.0020254892 0.02099799)
(0.00098921062 -0.0010587236 0.0209998)
(0.001001865 -0.0020331529 0.021999639)
(0.0040229034 -0.0019507578 0.020999605)
(0.002715425 -0.0014237756 0.020994466)
(0.0033290718 -0.0016417715 0.0220068)
(0.0047143545 -0.0023390657 0.021998323)
(-0.0027638995 -0.018561519 0.022995476)
(-0.00099032503 -0.018941166 0.022999995)
(0.0009869679 -0.018941497 0.022999403)
(0.0027368966 -0.01856971 0.023002132)
(-0.0040221817 -0.018049628 0.023000466)
(-0.0052643802 -0.017293869 0.023006805)
(-0.0047154385 -0.017660261 0.023993695)
(-0.0020077068 -0.017974413 0.022999825)
(-0.0030453937 -0.017096055 0.022998447)
(-0.0032190051 -0.018399655 0.023999732)
(-2.5073737e-06 -0.017985728 0.022999784)
(-0.0010062781 -0.016994094 0.022999776)
(-0.0010005856 -0.017968349 0.023999993)
(0.0020119079 -0.017974363 0.022999587)
(0.0010057469 -0.016993825 0.023000161)
(0.00099888466 -0.017967748 0.02400008)
(0.0040218639 -0.018049798 0.022998667)
(0.0030361927 -0.017099061 0.022999136)
(0.0032763531 -0.018378071 0.024012229)
(0.0052899701 -0.017275532 0.022997452)
(0.0046929877 -0.017674222 0.023996403)
(-0.0063777154 -0.016349276 0.023003896)
(-0.0072982047 -0.01525833 0.023003983)
(-0.0068369479 -0.015848342 0.023996845)
(-0.0040774812 -0.016098798 0.023001163)
(-0.0051127972 -0.015114269 0.023001261)
(-0.0051096931 -0.016137782 0.023997749)
(0.0040820376 -0.016096013 0.023000249)
(0.0063854772 -0.016340989 0.022998605)
(0.005114622 -0.015113977 0.023000646)
(0.0051110586 -0.016137328 0.024001735)
(0.0072795921 -0.015284304 0.022999493)
(0.0068389279 -0.015845929 0.02399758)
(-0.0080496315 -0.014022175 0.02299923)
(-0.0085592463 -0.012771393 0.023003844)
(-0.0060990623 -0.014076876 0.022999882)
(-0.0070909399 -0.013055366 0.022995472)
(-0.0070811311 -0.01405356 0.023999387)
(0.0060977501 -0.014077845 0.023000059)
(0.0080519464 -0.014017844 0.022999398)
(0.0070946614 -0.013044017 0.022999685)
(0.0070842876 -0.014049589 0.024000281)
(0.008575982 -0.012716223 0.022999776)
(-0.0079699291 -0.012021198 0.022997811)
(-0.0089417794 -0.010984102 0.022999724)
(-0.0087877032 -0.011924639 0.024003287)
(-0.0060392556 -0.01203313 0.022998592)
(-0.0069967327 -0.011010095 0.022999235)
(-0.0070266861 -0.01202254 0.02399889)
(0.0060404013 -0.012028692 0.022999683)
(0.0079740284 -0.012008734 0.022999532)
(0.0069974613 -0.011007695 0.022999784)
(0.0070279688 -0.012018777 0.023998818)
(0.008941496 -0.010986979 0.02300033)
(0.0087882719 -0.0119222 0.024000711)
(-0.0079860041 -0.0099996648 0.023000139)
(-0.0089412404 -0.0090104258 0.022999872)
(-0.0089998978 -0.0099968901 0.024000285)
(-0.0060068587 -0.010000993 0.022999824)
(-0.0069973617 -0.0089916781 0.023000225)
(-0.0069955029 -0.010000216 0.023999872)
(0.0060068075 -0.01000031 0.022999771)
(0.0079861824 -0.010000512 0.023000194)
(0.006997235 -0.0089924702 0.022999596)
(0.0069955216 -0.010000511 0.02399975)
(0.0089415928 -0.0090140028 0.023000359)
(0.0089999427 -0.010001738 0.024000331)
(-0.0079727573 -0.0079877874 0.023001481)
(-0.0085603601 -0.0072322782 0.023001187)
(-0.0087854007 -0.008065486 0.024002889)
(-0.0060407623 -0.0079709837 0.02300061)
(-0.0070948911 -0.0069548182 0.023001145)
(-0.0070267957 -0.0079776014 0.024000202)
(0.0060398964 -0.0079702852 0.022999357)
(0.0079734148 -0.0079915146 0.022998201)
(0.0070937633 -0.0069526707 0.02299764)
(0.0070268123 -0.0079786984 0.023999687)
(0.0085706821 -0.007266305 0.023001436)
(0.0087871772 -0.0080731048 0.023996598)
(-0.0080475278 -0.0059738894 0.022999186)
(-0.0061017375 -0.0059267795 0.023002736)
(-0.0073029026 -0.0047482262 0.023008879)
(-0.0070820798 -0.0059476445 0.024000168)
(-0.0051176627 -0.0048900768 0.023003034)
(0.0060978717 -0.0059229767 0.022999985)
(0.0051067218 -0.004880448 0.023000114)
(0.0080480431 -0.0059748533 0.023000612)
(0.007297782 -0.0047410805 0.023000238)
(0.0070807598 -0.0059453802 0.023999329)
(-0.0063755942 -0.0036484596 0.023007901)
(-0.0068458526 -0.0041625081 0.023999212)
(-0.0040828334 -0.0039046702 0.023000682)
(-0.0052715862 -0.0027112947 0.022996299)
(-0.0051173397 -0.003870418 0.024005363)
(-0.0030373447 -0.002901376 0.023002863)
(-0.001006516 -0.0030069244 0.023000453)
(0.0010054415 -0.0030063268 0.023000108)
(0.0040723841 -0.0038967771 0.022999905)
(0.0030182585 -0.0028933453 0.02300083)
(0.0063538396 -0.0036265592 0.022998284)
(0.0052517443 -0.0026970762 0.022995728)
(0.0051238438 -0.0038763163 0.024001983)
(0.0068466725 -0.0041635071 0.024001803)
(-0.0040344108 -0.0019569086 0.022992785)
(-0.0047504045 -0.002361483 0.023998472)
(-0.0019974876 -0.0020226117 0.02300297)
(-0.0027310035 -0.0014285013 0.02299324)
(-0.0032652742 -0.0016177598 0.023999671)
(-1.139811e-07 -0.0020142961 0.022999335)
(-0.00098729965 -0.0010585354 0.02299936)
(-0.0009982546 -0.0020317866 0.023999666)
(0.0019874112 -0.00201779 0.022999887)
(0.00098881377 -0.0010586845 0.023000251)
(0.0010026233 -0.0020335274 0.024000132)
(0.0040254276 -0.001952107 0.023000388)
(0.0027469099 -0.0014333265 0.022999035)
(0.0033676247 -0.0016562818 0.024006754)
(0.0047323049 -0.0023502279 0.02399872)
(-0.0027032 -0.018579932 0.024998502)
(-0.00099193396 -0.018941008 0.025000069)
(0.00098598196 -0.018941594 0.02499947)
(0.0027521141 -0.018565094 0.024992979)
(-0.0040335743 -0.018043538 0.024998981)
(-0.0052719906 -0.017288416 0.025003568)
(-0.0046966646 -0.017671935 0.026001014)
(-0.0020061481 -0.017976903 0.025001054)
(-0.0030267927 -0.017102807 0.025000934)
(-0.0032347625 -0.018393724 0.025993552)
(-1.3776216e-06 -0.017985726 0.024999632)
(-0.0010047078 -0.016994479 0.025000196)
(-0.00099783873 -0.017968454 0.025999893)
(0.0020056936 -0.017975253 0.025000997)
(0.0010074128 -0.01699311 0.025000108)
(0.0010005231 -0.017967083 0.025999826)
(0.0040291412 -0.018045908 0.025001131)
(0.0030457404 -0.017095717 0.02499931)
(0.0033107194 -0.018365136 0.025992719)
(0.0052727823 -0.017287848 0.025000571)
(0.0047430585 -0.017643086 0.025993484)
(-0.0063325804 -0.016393353 0.024998512)
(-0.0073125071 -0.015238371 0.025009258)
(-0.0068340167 -0.015851913 0.025999903)
(-0.0040749242 -0.016100974 0.025000527)
(-0.0051080802 -0.015118301 0.025001049)
(-0.0051242573 -0.01612287 0.026001611)
(0.0040806894 -0.016097706 0.025001962)
(0.0063700998 -0.016357407 0.025018633)
(0.0051109188 -0.015118306 0.025003697)
(0.0051168402 -0.016131056 0.026001186)
(0.0072689813 -0.015299111 0.024997847)
(0.0068522669 -0.015829675 0.025999211)
(-0.0080412345 -0.014037885 0.02499734)
(-0.0085952237 -0.012652793 0.025012535)
(-0.006097348 -0.014078047 0.025000964)
(-0.0070899209 -0.013058329 0.024998194)
(-0.0070800996 -0.014056263 0.026001384)
(0.0060954212 -0.014080657 0.025000957)
(0.008049602 -0.01402223 0.024998994)
(0.0070938399 -0.013045872 0.02499604)
(0.0070835307 -0.014050003 0.025999164)
(0.0085619728 -0.012762405 0.025002822)
(-0.0079702203 -0.01201772 0.024999439)
(-0.0089415936 -0.010985989 0.024999606)
(-0.0087886885 -0.011920413 0.026005786)
(-0.006039556 -0.012031944 0.024999459)
(-0.0069971497 -0.011009421 0.024999664)
(-0.0070266319 -0.012022181 0.026000017)
(0.0060404594 -0.012028825 0.024998723)
(0.0079751294 -0.012004031 0.024997764)
(0.0069975951 -0.01100789 0.024999123)
(0.0070264663 -0.012023024 0.025997768)
(0.0089412586 -0.010989389 0.024999699)
(0.0087883839 -0.01192172 0.025996641)
(-0.007986365 -0.0099996361 0.024999845)
(-0.0089411014 -0.0090090135 0.025000042)
(-0.0089998987 -0.0099969169 0.026000079)
(-0.006007312 -0.010001382 0.024999885)
(-0.0069988412 -0.0089950663 0.024999848)
(-0.0069956911 -0.010000162 0.026000079)
(0.0060070443 -0.01000048 0.024999623)
(0.0079862726 -0.010001808 0.024999618)
(0.0069976354 -0.0089935016 0.024999832)
(0.006995399 -0.010001171 0.025999757)
(0.0089418625 -0.0090167417 0.025000476)
(0.008999897 -0.010003134 0.026000016)
(-0.0079805405 -0.0080071827 0.024997984)
(-0.0085826115 -0.007305631 0.024998274)
(-0.0087904531 -0.0080871544 0.025999935)
(-0.0060428502 -0.0079770771 0.024999909)
(-0.0071057112 -0.006984381 0.024997844)
(-0.0070282059 -0.0079824842 0.026000782)
(0.0060401157 -0.0079710239 0.024999908)
(0.0079746995 -0.0079937342 0.024998866)
(0.0070956875 -0.006959197 0.024999452)
(0.0070259459 -0.0079769057 0.02600043)
(0.0085692482 -0.0072615783 0.025001734)
(0.0087960044 -0.0081109625 0.026000069)
(-0.0080498 -0.0059781404 0.025000508)
(-0.0060997914 -0.0059266373 0.024999817)
(-0.0072987139 -0.0047423809 0.024995759)
(-0.0070793263 -0.0059430646 0.025999781)
(-0.0051137454 -0.0048858395 0.025000785)
(0.0060942644 -0.0059184486 0.02500116)
(0.0051029954 -0.0048761263 0.025004056)
(0.008046782 -0.0059724941 0.024997563)
(0.0072785822 -0.0047142872 0.024997512)
(0.0070829251 -0.0059488938 0.025999879)
(-0.0063544207 -0.0036271035 0.024998076)
(-0.0068416206 -0.0041573514 0.026000835)
(-0.0040802622 -0.0039029792 0.025000833)
(-0.0052945868 -0.0027277767 0.025001832)
(-0.0051201819 -0.0038714498 0.025999819)
(-0.0030265342 -0.0028974896 0.025001314)
(-0.0010042171 -0.0030061406 0.025000003)
(0.0010094682 -0.0030076138 0.025000371)
(0.004071782 -0.003895206 0.025002828)
(0.0030558167 -0.0029067495 0.025002845)
(0.0063493227 -0.0036223287 0.02502113)
(0.0052315506 -0.0026826057 0.02500647)
(0.0051028312 -0.0038563188 0.026000253)
(0.00684868 -0.0041659533 0.02599986)
(-0.0040191556 -0.0019487546 0.025000192)
(-0.0047322371 -0.0023501857 0.025994211)
(-0.0019999194 -0.0020215972 0.025001173)
(-0.0027168699 -0.001424214 0.025009218)
(-0.0032613213 -0.001616272 0.025995241)
(9.11159e-07 -0.0020144761 0.024999884)
(-0.00098551808 -0.0010583599 0.024998755)
(-0.00099837634 -0.0020322374 0.025999524)
(0.0020187572 -0.0020294538 0.025002129)
(0.00098705498 -0.0010585113 0.024999524)
(0.00099907556 -0.0020321896 0.025999777)
(0.0040174439 -0.0019478397 0.024998731)
(0.0027551093 -0.0014358137 0.024996704)
(0.0032630801 -0.001616934 0.025992403)
(0.0047089548 -0.0023357079 0.026008033)
(-0.0027281642 -0.018572359 0.026995552)
(-0.00098162182 -0.018942023 0.027000142)
(0.00098786948 -0.018941408 0.026999462)
(0.0027047215 -0.018579471 0.026996458)
(-0.0040362673 -0.018042099 0.027000257)
(-0.0052874189 -0.01727736 0.027002856)
(-0.0047313875 -0.017650343 0.028003093)
(-0.0020030303 -0.017975314 0.02700426)
(-0.0030454709 -0.017095359 0.027005262)
(-0.003242493 -0.018390815 0.028001249)
(1.5956237e-06 -0.017985586 0.027000061)
(-0.0010030967 -0.016993898 0.027000902)
(-0.00099511409 -0.01796855 0.028000193)
(0.0020107691 -0.017973993 0.027001654)
(0.0010105595 -0.016992244 0.027000308)
(0.0010034604 -0.017966277 0.028000629)
(0.0040234994 -0.018048923 0.027000901)
(0.0030483877 -0.017094619 0.026999849)
(0.0033351818 -0.018355929 0.028004808)
(0.0052869322 -0.017277709 0.026995764)
(0.0046849942 -0.017679192 0.027999123)
(-0.0063492368 -0.016377752 0.027001634)
(-0.0072955771 -0.015261997 0.026999032)
(-0.0068493153 -0.015833272 0.028000601)
(-0.0040805582 -0.01609705 0.027001346)
(-0.0051130391 -0.015114786 0.027001032)
(-0.0051205662 -0.016125587 0.028000288)
(0.0040838823 -0.016096391 0.027001604)
(0.0063614462 -0.016366317 0.02701793)
(0.0051134887 -0.015116629 0.027003945)
(0.005121867 -0.016128182 0.028003301)
(0.0072795681 -0.015284337 0.027003343)
(0.0068405598 -0.015843941 0.027990651)
(-0.0080431105 -0.014034375 0.026999759)
(-0.0085819088 -0.012696686 0.027003723)
(-0.0060980655 -0.014077459 0.027000443)
(-0.0070957308 -0.013041521 0.027001114)
(-0.0070795422 -0.014055336 0.027999776)
(0.0060968648 -0.014079192 0.027002109)
(0.0080525497 -0.014016715 0.027000625)
(0.0070927221 -0.013049768 0.026998287)
(0.0070810177 -0.014054853 0.027999788)
(0.0085801093 -0.012702618 0.027006826)
(-0.0079743968 -0.012008746 0.027001148)
(-0.0089413237 -0.010988728 0.026999673)
(-0.0087882163 -0.011922439 0.027997607)
(-0.0060406743 -0.012028282 0.02700022)
(-0.0069976067 -0.011007292 0.02700013)
(-0.007027374 -0.012019729 0.027999922)
(0.0060401672 -0.012030713 0.026999394)
(0.0079702461 -0.012022298 0.026999248)
(0.0069971523 -0.011009901 0.026999565)
(0.0070269139 -0.01202267 0.027999752)
(0.0089412809 -0.010989163 0.027000088)
(0.0087870126 -0.011927601 0.027998725)
(-0.0079862664 -0.009998852 0.027000148)
(-0.0089410589 -0.0090085828 0.02699997)
(-0.0089998591 -0.0099957067 0.028000113)
(-0.0060070999 -0.009999893 0.027000135)
(-0.0069977732 -0.008992505 0.027000474)
(-0.0069953937 -0.00999847 0.028000005)
(0.0060070908 -0.010000537 0.026999821)
(0.0079860122 -0.010001852 0.027000142)
(0.0069971606 -0.008992112 0.027000121)
(0.0069957262 -0.010000787 0.027999923)
(0.0089415767 -0.0090138402 0.026999977)
(0.0089998763 -0.010003767 0.028000032)
(-0.0079755024 -0.0080012766 0.02700206)
(-0.0085806571 -0.0072991881 0.026993132)
(-0.0087863528 -0.0080695691 0.027998655)
(-0.0060407065 -0.0079721097 0.027000843)
(-0.0070934658 -0.0069526151 0.027004446)
(-0.0070262671 -0.0079767188 0.027999798)
(0.0060396355 -0.0079692194 0.027000065)
(0.007972094 -0.0079874133 0.027001189)
(0.0070916031 -0.006946869 0.02700073)
(0.0070267053 -0.0079778746 0.027999656)
(0.0085646376 -0.0072463793 0.02700176)
(0.0087866575 -0.0080708758 0.028002729)
(-0.0080419397 -0.0059634347 0.02699973)
(-0.0060950947 -0.0059196553 0.027000426)
(-0.0072914672 -0.0047322681 0.027000434)
(-0.0070821801 -0.0059461548 0.02799923)
(-0.0051081389 -0.0048806257 0.027000432)
(0.0060961824 -0.0059210988 0.026999115)
(0.0051061603 -0.0048788799 0.026998325)
(0.0080522871 -0.0059827935 0.026999009)
(0.007296188 -0.004738856 0.026999597)
(0.0070817494 -0.0059474362 0.027999798)
(-0.0063086508 -0.0035842353 0.026998115)
(-0.0068333434 -0.0041472656 0.027997039)
(-0.0040795076 -0.0039007596 0.027000312)
(-0.0052767772 -0.0027150146 0.027001151)
(-0.0051316607 -0.0038854448 0.028002541)
(-0.0030693843 -0.0029131825 0.027000109)
(-0.0010090527 -0.0030076457 0.026999867)
(0.0010044584 -0.0030057793 0.0269999)
(0.0040737016 -0.0038972702 0.026998985)
(0.003026048 -0.0028964424 0.02699871)
(0.0063631987 -0.0036353249 0.026990374)
(0.0052718824 -0.002711507 0.026997381)
(0.0051050282 -0.0038570511 0.027998781)
(0.0068443381 -0.0041606626 0.028004242)
(-0.0040209251 -0.0019497004 0.027000333)
(-0.0046841146 -0.0023202613 0.027996192)
(-0.0020224811 -0.0020320517 0.027000789)
(-0.0027378233 -0.0014305701 0.027011978)
(-0.0032215094 -0.0016012879 0.027990896)
(6.4825176e-07 -0.0020144436 0.027000376)
(-0.00098619343 -0.0010584264 0.026999505)
(-0.00099777146 -0.0020319579 0.027999344)
(0.001992155 -0.0020199 0.026999294)
(0.00098991624 -0.0010587931 0.026999404)
(0.00099944418 -0.0020322561 0.028000102)
(0.0040114872 -0.0019446557 0.027000744)
(0.0027181794 -0.0014246112 0.026989636)
(0.0032930532 -0.0016282151 0.02800509)
(0.0047674526 -0.0023720841 0.027999909)
(-0.0027608058 -0.018562458 0.028987341)
(-0.00098647104 -0.018941546 0.02899976)
(0.00098732259 -0.018941462 0.029000277)
(0.0026931431 -0.018582983 0.028997418)
(-0.0040271948 -0.018046948 0.029001029)
(-0.005276208 -0.017285393 0.028996818)
(-0.0047644278 -0.017629797 0.029990574)
(-0.0020101933 -0.017974001 0.029001034)
(-0.0030418296 -0.017097203 0.029000856)
(-0.0032653948 -0.018382195 0.030003416)
(2.2311691e-06 -0.017985355 0.029000047)
(-0.0010043011 -0.016993296 0.029000271)
(-0.00099680001 -0.017967719 0.029999741)
(0.0020156991 -0.017971998 0.029001239)
(0.0010117945 -0.016991917 0.029000225)
(0.0010035916 -0.017966645 0.029999748)
(0.0040371408 -0.018041632 0.028997031)
(0.0030518764 -0.017093763 0.028999722)
(0.0033125825 -0.018364435 0.029999189)
(0.005272214 -0.017288255 0.028999388)
(0.00473347 -0.017649048 0.02999839)
(-0.0063526719 -0.016374535 0.02899958)
(-0.0072874382 -0.015273355 0.029000479)
(-0.0068412022 -0.015843158 0.030002922)
(-0.0040779628 -0.016099197 0.029000007)
(-0.0051100233 -0.015117733 0.029000118)
(-0.0051127947 -0.01613356 0.030000876)
(0.0040811357 -0.016098893 0.029000663)
(0.0063481126 -0.016378805 0.029006905)
(0.0051117375 -0.015116085 0.029001497)
(0.0051059406 -0.016139403 0.030000351)
(0.0073169412 -0.015232183 0.028996311)
(0.0068394712 -0.015845267 0.029999991)
(-0.008043769 -0.014033143 0.028998162)
(-0.0085635269 -0.012757282 0.029002902)
(-0.0060962128 -0.014079416 0.029000203)
(-0.0070957588 -0.013040588 0.029001242)
(-0.0070801939 -0.014054981 0.030000426)
(0.006100754 -0.014072387 0.029000473)
(0.0080410913 -0.014038152 0.029000789)
(0.0070990556 -0.013034368 0.029000685)
(0.0070842651 -0.014047472 0.029999683)
(0.0085786615 -0.012707391 0.02899954)
(-0.0079759306 -0.012001931 0.028999664)
(-0.0089416943 -0.010984966 0.029000263)
(-0.0087868271 -0.011928396 0.029997809)
(-0.0060406389 -0.012027258 0.028999938)
(-0.0069977309 -0.01100573 0.028999887)
(-0.0070267477 -0.012021233 0.029999198)
(0.006042559 -0.012024567 0.029000239)
(0.0079768837 -0.012000702 0.028998679)
(0.0069987323 -0.011005988 0.029000005)
(0.0070312728 -0.012011059 0.030001258)
(0.0089411643 -0.010990348 0.029000163)
(0.0087863339 -0.011930512 0.030000834)
(-0.0079861707 -0.0099975448 0.02899996)
(-0.0089408516 -0.0090064775 0.029000562)
(-0.0089998102 -0.0099942148 0.029999603)
(-0.0060068742 -0.0099986446 0.028999858)
(-0.0069971582 -0.0089900728 0.028999725)
(-0.0069953808 -0.0099981966 0.029999815)
(0.0060079476 -0.0099996374 0.028999927)
(0.0079865671 -0.010000746 0.02899999)
(0.0069984247 -0.0089934315 0.028999689)
(0.0069963243 -0.0099994361 0.030000076)
(0.0089412024 -0.0090100395 0.029000625)
(0.0089999071 -0.010002826 0.030000389)
(-0.007972695 -0.0079876132 0.028998924)
(-0.008570006 -0.0072640766 0.029008064)
(-0.0087858648 -0.0080674763 0.029998301)
(-0.0060405323 -0.0079702606 0.0289994)
(-0.0070919385 -0.006948247 0.028996133)
(-0.0070278277 -0.0079796194 0.029999809)
(0.0060417869 -0.0079733038 0.028999404)
(0.0079782169 -0.0080013161 0.028997496)
(0.007100716 -0.0069705419 0.028997292)
(0.007026299 -0.0079763168 0.03000008)
(0.0085820895 -0.0073039103 0.028995806)
(0.0087931307 -0.0080986378 0.030003634)
(-0.008037658 -0.0059554243 0.02900151)
(-0.0061021536 -0.0059253932 0.028999716)
(-0.0072772626 -0.0047124456 0.028996794)
(-0.0070837885 -0.005948895 0.029999089)
(-0.0051212758 -0.0048945811 0.02900126)
(0.006100148 -0.0059263381 0.029000296)
(0.0051129243 -0.0048855246 0.029000591)
(0.0080464716 -0.0059719133 0.029001107)
(0.0072985638 -0.0047421714 0.029003116)
(0.0070857623 -0.005952278 0.030000528)
(-0.0064012778 -0.0036758817 0.029001022)
(-0.0068313816 -0.0041448752 0.030001181)
(-0.0040827409 -0.0039055613 0.029001332)
(-0.0052412228 -0.0026895366 0.029003113)
(-0.0051329931 -0.0038868761 0.030002906)
(-0.0030597994 -0.0029091707 0.029003361)
(-0.0010084987 -0.0030076562 0.029000354)
(0.0010068194 -0.0030066869 0.02900035)
(0.0040794642 -0.0039015974 0.029000797)
(0.0030428903 -0.0029030618 0.029001933)
(0.0063821081 -0.0036554144 0.028999921)
(0.0052830303 -0.0027194955 0.029002255)
(0.0051131153 -0.0038669981 0.030002333)
(0.0068514379 -0.0041693138 0.030001313)
(-0.0040235157 -0.0019510851 0.029000788)
(-0.004713782 -0.0023387097 0.029997613)
(-0.0020152701 -0.0020289158 0.029002247)
(-0.0027350918 -0.0014297415 0.029004854)
(-0.0033002623 -0.0016309284 0.030002869)
(6.0879651e-07 -0.0020145476 0.029000774)
(-0.00098354325 -0.0010581654 0.028999437)
(-0.0010003439 -0.0020330503 0.029999971)
(0.0020083242 -0.0020252474 0.029000236)
(0.00098839273 -0.001058643 0.029000293)
(0.0010003165 -0.002032256 0.029999993)
(0.0040144051 -0.0019462154 0.029001655)
(0.0026992217 -0.0014188604 0.029001726)
(0.0032495805 -0.0016118531 0.030001302)
(0.004686668 -0.0023218491 0.029995863)
(-0.0027228346 -0.018573976 0.031000014)
(-0.00098278925 -0.018941908 0.031000302)
(0.0009912811 -0.018941072 0.031000525)
(0.0027226528 -0.018574031 0.031000011)
(-0.0040250428 -0.018048099 0.030999984)
(-0.0052629863 -0.017294868 0.031002722)
(-0.0047118299 -0.017662505 0.031998958)
(-0.0020079918 -0.017973253 0.03099944)
(-0.0030523853 -0.017093594 0.031000872)
(-0.0033091167 -0.01836574 0.032000602)
(2.5361382e-06 -0.017985342 0.031000459)
(-0.0010056904 -0.016992645 0.030999829)
(-0.00099866819 -0.017967246 0.03199917)
(0.002007628 -0.017974972 0.030996319)
(0.0010104961 -0.016992494 0.030999201)
(0.0010037111 -0.017966699 0.031998965)
(0.0040173502 -0.01805221 0.030998953)
(0.0030431738 -0.017097547 0.030997683)
(0.0032953127 -0.018370935 0.031985942)
(0.0052578465 -0.017298551 0.030997461)
(0.0047435014 -0.01764281 0.032000035)
(-0.0063644176 -0.016363474 0.030998103)
(-0.0072854977 -0.015276063 0.031000203)
(-0.0068411223 -0.015843255 0.032002549)
(-0.0040779537 -0.0160994 0.030999913)
(-0.0051110033 -0.015116611 0.030998943)
(-0.0051185355 -0.016124949 0.031995014)
(0.0040755594 -0.016102395 0.030998608)
(0.0063519211 -0.016375238 0.03098814)
(0.0051066279 -0.015121393 0.030997981)
(0.0051134133 -0.016134156 0.032002571)
(0.0072799538 -0.015283799 0.030998377)
(0.0068451832 -0.015838307 0.032000179)
(-0.0080495666 -0.014022296 0.031001738)
(-0.008575057 -0.012719273 0.030994524)
(-0.0060975947 -0.014078036 0.030998973)
(-0.0070950563 -0.013042626 0.030994536)
(-0.0070795328 -0.014054869 0.032000176)
(0.0060958954 -0.014078801 0.030998786)
(0.0080467219 -0.014027618 0.030999666)
(0.0070976148 -0.013035978 0.031001606)
(0.0070818868 -0.014052166 0.031998161)
(0.0085743584 -0.012721576 0.031002483)
(-0.0079737869 -0.012008574 0.030995973)
(-0.0089416405 -0.010985512 0.031000373)
(-0.0087880592 -0.011923112 0.03199923)
(-0.0060405295 -0.012027731 0.03099872)
(-0.0069975435 -0.011006265 0.030999341)
(-0.0070270723 -0.012019767 0.031999866)
(0.006042059 -0.012025026 0.031000358)
(0.0079753952 -0.012007813 0.031000217)
(0.0069986416 -0.011005778 0.031000185)
(0.0070275552 -0.012019706 0.032000006)
(0.0089414764 -0.010987178 0.030999788)
(0.0087900629 -0.011914519 0.032001426)
(-0.0079861645 -0.0099982545 0.031000143)
(-0.0089411664 -0.0090096738 0.031000375)
(-0.0089999342 -0.009998001 0.032001013)
(-0.0060068395 -0.0099984454 0.030999753)
(-0.006997321 -0.0089906092 0.030999965)
(-0.0069952354 -0.0099975167 0.032000097)
(0.0060079844 -0.0099994141 0.030999954)
(0.0079865713 -0.01000047 0.03100002)
(0.0069984682 -0.008993601 0.030999749)
(0.0069959976 -0.0099995661 0.031999904)
(0.0089412593 -0.0090106167 0.031000499)
(0.0089999462 -0.0099983692 0.031999781)
(-0.0079750676 -0.0079945715 0.031000241)
(-0.0085816244 -0.0073023771 0.031001082)
(-0.0087839644 -0.0080593258 0.032002087)
(-0.0060404656 -0.0079704693 0.03099975)
(-0.0070961361 -0.006958909 0.030999771)
(-0.0070240462 -0.0079702466 0.031999586)
(0.0060416733 -0.0079734424 0.030999494)
(0.0079778875 -0.0080028161 0.030998475)
(0.0070991037 -0.0069663709 0.030998483)
(0.0070283789 -0.0079816001 0.031999118)
(0.0085681178 -0.007257852 0.03099895)
(0.0087850594 -0.008064022 0.031999115)
(-0.0080525148 -0.0059832194 0.030998973)
(-0.0061000577 -0.0059247469 0.031000068)
(-0.007287539 -0.0047267863 0.031002162)
(-0.0070775247 -0.0059394986 0.031999823)
(-0.0051150352 -0.0048876825 0.031000389)
(0.006095359 -0.0059218735 0.031000407)
(0.0051030265 -0.0048758547 0.031000698)
(0.0080495724 -0.0059777146 0.03100121)
(0.0072994575 -0.0047434186 0.03100105)
(0.0070811088 -0.0059475433 0.032000878)
(-0.0063822839 -0.0036556021 0.030995291)
(-0.0068462117 -0.0041629457 0.031999772)
(-0.0040803474 -0.0039025326 0.03100002)
(-0.0052613546 -0.0027039629 0.03099813)
(-0.0051028229 -0.0038564254 0.032002408)
(-0.0030485323 -0.0029048854 0.030999732)
(-0.0010075052 -0.0030074432 0.030999919)
(0.0010099403 -0.0030074851 0.030999866)
(0.004077411 -0.0038981984 0.031000341)
(0.0030548046 -0.0029075782 0.030998033)
(0.0063145836 -0.0035897919 0.031000773)
(0.0052800051 -0.0027173276 0.030999433)
(0.0051040309 -0.003856591 0.032000288)
(0.0068470958 -0.004164023 0.031999745)
(-0.0040265455 -0.0019527045 0.030999984)
(-0.0047315732 -0.0023497729 0.032003269)
(-0.0020077532 -0.0020258798 0.030999208)
(-0.0027433829 -0.0014322566 0.030993305)
(-0.0032845068 -0.0016249985 0.031998601)
(1.6481472e-06 -0.0020147135 0.030999664)
(-0.00098578059 -0.0010583858 0.030999553)
(-0.00099946317 -0.0020327551 0.031999989)
(0.0020173514 -0.002028817 0.031000122)
(0.00099185046 -0.0010589836 0.030999752)
(0.0010037077 -0.0020331955 0.031999842)
(0.004040103 -0.0019599512 0.031000132)
(0.0027209721 -0.0014254583 0.030998293)
(0.0032933398 -0.001628323 0.031993194)
(0.0046724814 -0.0023130273 0.031993452)
(-0.0026930812 -0.018583002 0.032999043)
(-0.00098983665 -0.018941214 0.032999603)
(0.00098829733 -0.018941366 0.032999998)
(0.0027063901 -0.018578964 0.033005344)
(-0.0040365519 -0.018041947 0.032999084)
(-0.0052666832 -0.017292219 0.032999233)
(-0.0047599045 -0.01763261 0.034000457)
(-0.0020027639 -0.017975736 0.032998482)
(-0.0030433745 -0.0170968 0.032998767)
(-0.0032975872 -0.018370079 0.033996612)
(1.4013067e-06 -0.017985184 0.032999358)
(-0.0010065882 -0.016992698 0.032999351)
(-0.0010015713 -0.017967151 0.033999389)
(0.0020190981 -0.017970832 0.033001767)
(0.0010114484 -0.016991566 0.032999863)
(0.0010026841 -0.017966417 0.033999908)
(0.0040461505 -0.018036816 0.033001662)
(0.0030596334 -0.017090303 0.033003456)
(0.003312899 -0.018364316 0.034000959)
(0.0052911512 -0.017274685 0.03299469)
(0.0047190907 -0.01765799 0.033997863)
(-0.0063774814 -0.016349526 0.032996611)
(-0.007271265 -0.015295924 0.032993361)
(-0.0068484054 -0.015834381 0.0340012)
(-0.0040792761 -0.016098083 0.032998782)
(-0.0051124121 -0.015115478 0.032996985)
(-0.0051119254 -0.016134017 0.033998154)
(0.004086669 -0.016094188 0.032999086)
(0.0063984621 -0.016327125 0.033003867)
(0.0051153658 -0.015113743 0.032998959)
(0.0051084308 -0.016138687 0.033993251)
(0.0072754293 -0.015290113 0.033001758)
(0.0068382832 -0.015846715 0.033998784)
(-0.0080444023 -0.014031958 0.03300196)
(-0.0085689427 -0.012739429 0.032996396)
(-0.0060968862 -0.014079404 0.032997901)
(-0.0070952916 -0.013041397 0.033002166)
(-0.0070820342 -0.014051747 0.033999928)
(0.0060965593 -0.014079955 0.03299957)
(0.0080485275 -0.01402424 0.03299928)
(0.0070883897 -0.013060198 0.032999665)
(0.0070804354 -0.014053876 0.033999579)
(0.0085668162 -0.012746439 0.032995708)
(-0.0079750004 -0.012004031 0.033003271)
(-0.0089415956 -0.010985968 0.033000287)
(-0.0087900078 -0.011914755 0.03400502)
(-0.0060409736 -0.01202682 0.032999973)
(-0.0069978979 -0.011005299 0.033000399)
(-0.0070280575 -0.012017677 0.033999896)
(0.0060397785 -0.012030127 0.03300002)
(0.0079691658 -0.012019994 0.033001356)
(0.0069972959 -0.011007947 0.033000121)
(0.0070277215 -0.012018837 0.034000404)
(0.0089418417 -0.010983469 0.032999998)
(0.0087880687 -0.011923071 0.033998947)
(-0.0079861379 -0.0099962681 0.03300051)
(-0.0089411237 -0.0090092405 0.033000859)
(-0.0089999734 -0.0099991996 0.034000568)
(-0.0060071378 -0.0099982766 0.032999845)
(-0.0069972796 -0.0089898066 0.032999755)
(-0.0069959405 -0.0099987734 0.033999939)
(0.0060074819 -0.0099992381 0.032999853)
(0.0079862599 -0.0099995383 0.032999962)
(0.0069979784 -0.0089921121 0.032999548)
(0.0069957774 -0.0099980835 0.034000052)
(0.0089413499 -0.009011537 0.03300049)
(0.0089999569 -0.0099986946 0.034001159)
(-0.0079727451 -0.0079849019 0.032999502)
(-0.0085866019 -0.0073187854 0.032989584)
(-0.0087847619 -0.008062746 0.033997251)
(-0.0060398863 -0.0079695077 0.032999053)
(-0.0070946271 -0.0069562184 0.032997458)
(-0.0070280979 -0.0079804268 0.033998432)
(0.0060412784 -0.0079717578 0.032999081)
(0.0079755443 -0.0079954781 0.032997872)
(0.0070968177 -0.0069605244 0.032997547)
(0.0070259746 -0.0079745353 0.033999092)
(0.0085841302 -0.0073106373 0.033006596)
(0.0087891428 -0.0080815347 0.033998254)
(-0.0080444941 -0.0059682137 0.032995355)
(-0.0060920863 -0.0059161233 0.032998957)
(-0.0072827304 -0.004720076 0.032995468)
(-0.0070823319 -0.0059481828 0.033997997)
(-0.0051039138 -0.0048756323 0.033001041)
(0.0060966225 -0.0059219649 0.032999332)
(0.0051071126 -0.0048799275 0.033000885)
(0.0080432329 -0.0059658541 0.032999995)
(0.0073001398 -0.0047443707 0.032994287)
(0.0070818234 -0.0059456503 0.033999302)
(-0.0063248776 -0.0035994333 0.033007346)
(-0.0068437693 -0.0041599696 0.034002016)
(-0.004076656 -0.0038980868 0.033000837)
(-0.0052837344 -0.00272 0.033001053)
(-0.005117087 -0.0038688993 0.033998431)
(-0.0030437658 -0.0029032215 0.033001663)
(-0.0010070799 -0.0030071273 0.033000302)
(0.0010083817 -0.0030068526 0.03300042)
(0.0040767391 -0.0038990523 0.033001055)
(0.003035687 -0.0029003173 0.033000495)
(0.0063372711 -0.0036110411 0.033006135)
(0.0052792535 -0.002716789 0.033001996)
(0.0051194716 -0.0038731711 0.034001258)
(0.0068383305 -0.0041533425 0.034001324)
(-0.0040176409 -0.0019479449 0.032999474)
(-0.0046766342 -0.0023156097 0.034003863)
(-0.0020076189 -0.0020252645 0.033002046)
(-0.0026786692 -0.0014126259 0.033003775)
(-0.0033054461 -0.0016328794 0.034000323)
(1.6479079e-06 -0.0020145381 0.032999903)
(-0.0009848779 -0.0010582969 0.032999889)
(-0.0010008856 -0.0020330022 0.033999839)
(0.0020049889 -0.0020237627 0.033001486)
(0.00099125779 -0.0010589252 0.033000206)
(0.0010022005 -0.0020328223 0.034000687)
(0.0040232266 -0.0019509305 0.032999358)
(0.0027125198 -0.0014228944 0.033002076)
(0.0033022487 -0.001631676 0.034008979)
(0.0047158257 -0.0023399805 0.033992643)
(-0.0027263647 -0.018572905 0.035015619)
(-0.00099087307 -0.018941112 0.034999963)
(0.00098403417 -0.018941786 0.035000622)
(0.0027633636 -0.018561682 0.035008736)
(-0.0040224265 -0.018049497 0.034999036)
(-0.0052355812 -0.017314506 0.035007416)
(-0.0046823833 -0.017680816 0.035995695)
(-0.0020034107 -0.017975837 0.034999901)
(-0.0030396274 -0.017098709 0.035000307)
(-0.0033149461 -0.018363546 0.036014477)
(-1.6056901e-06 -0.01798533 0.034999216)
(-0.0010086194 -0.0169927 0.034999948)
(-0.0010038041 -0.017966578 0.036000738)
(0.0020092339 -0.017973732 0.034999131)
(0.0010073023 -0.016992496 0.034999847)
(0.00099744238 -0.01796761 0.036000153)
(0.0040279132 -0.018046564 0.034998824)
(0.0030470432 -0.017095323 0.034998529)
(0.0032899584 -0.01837295 0.036005738)
(0.0052842444 -0.017279635 0.034991063)
(0.004718688 -0.01765824 0.036006994)
(-0.0063843419 -0.016342201 0.034989069)
(-0.0073090976 -0.015243129 0.035000013)
(-0.0068406489 -0.015843832 0.03599707)
(-0.00407603 -0.016100302 0.034999739)
(-0.0051130041 -0.015113415 0.034998117)
(-0.0051197242 -0.016128361 0.035999519)
(0.004076902 -0.016102132 0.034997325)
(0.0063154181 -0.016409427 0.034994639)
(0.0051014624 -0.015126616 0.034996725)
(0.0051110898 -0.016136513 0.036000666)
(0.0072799317 -0.01528383 0.034994845)
(0.0068350573 -0.015850645 0.036004299)
(-0.0080524525 -0.014016897 0.035002011)
(-0.008577891 -0.01270993 0.035004164)
(-0.0061016767 -0.014072898 0.034998125)
(-0.0070953452 -0.013044154 0.034993565)
(-0.007076791 -0.01406123 0.035999526)
(0.0060918319 -0.014081679 0.034998591)
(0.0080492867 -0.01402282 0.035001378)
(0.0071020669 -0.013023384 0.035001135)
(0.0070816347 -0.014051228 0.036000738)
(0.008581381 -0.012698426 0.035002838)
(-0.0079737619 -0.01200898 0.034995811)
(-0.008941943 -0.010982441 0.035000771)
(-0.008790422 -0.011912979 0.035999421)
(-0.0060407733 -0.012028903 0.034998368)
(-0.0069978675 -0.011006992 0.034999258)
(-0.007024926 -0.012026436 0.03599863)
(0.0060422873 -0.012022325 0.035000058)
(0.0079794278 -0.011994171 0.0349991)
(0.0069989759 -0.011002895 0.035000084)
(0.0070304577 -0.012011886 0.036000167)
(0.0089415118 -0.010986819 0.035000204)
(0.0087835259 -0.011942554 0.036003608)
(-0.0079865554 -0.0099984498 0.035000371)
(-0.0089410627 -0.0090086212 0.03500082)
(-0.0089999482 -0.0099984286 0.036000482)
(-0.0060079306 -0.010000527 0.03499953)
(-0.0069992526 -0.0089948357 0.034999326)
(-0.0069962113 -0.010000405 0.035999779)
(0.0060077657 -0.0099969494 0.03499996)
(0.0079864653 -0.0099972982 0.035000241)
(0.0069975575 -0.0089892664 0.034999714)
(0.0069960874 -0.0099963867 0.036000144)
(0.0089411111 -0.009009113 0.035000335)
(0.0089998082 -0.0099941525 0.036000553)
(-0.0079791251 -0.0080047468 0.034997777)
(-0.0085705953 -0.0072660191 0.035007624)
(-0.0087847146 -0.0080625433 0.035998421)
(-0.0060434869 -0.0079775864 0.03499863)
(-0.0071018837 -0.0069745267 0.034995918)
(-0.007031569 -0.0079887814 0.035998541)
(0.0060412427 -0.0079692739 0.034999233)
(0.0079727489 -0.0079873552 0.034998462)
(0.0070948932 -0.0069525777 0.034997449)
(0.0070260501 -0.007973992 0.035999725)
(0.0085683691 -0.0072586804 0.034995492)
(0.0087874399 -0.0080742315 0.035998361)
(-0.0080385305 -0.0059570566 0.035000359)
(-0.0060996468 -0.005925728 0.034999883)
(-0.0072893528 -0.0047293176 0.034996356)
(-0.0070860697 -0.0059544192 0.036000632)
(-0.0051138537 -0.0048857858 0.035001892)
(0.0061055832 -0.0059313048 0.034998793)
(0.0051171096 -0.0048913857 0.034999355)
(0.0080517482 -0.0059817852 0.034998624)
(0.0073132743 -0.0047626999 0.034998718)
(0.0070859876 -0.0059516014 0.035998542)
(-0.0063705838 -0.00364311 0.035014789)
(-0.0068374823 -0.0041523088 0.03599829)
(-0.0040815755 -0.0039027732 0.035001197)
(-0.0052679723 -0.0027087051 0.034999)
(-0.0051205357 -0.0038719932 0.036000958)
(-0.0030434925 -0.0029033717 0.035000471)
(-0.0010063612 -0.0030067838 0.035000083)
(0.0010074173 -0.0030065726 0.035000568)
(0.0040775555 -0.0039016553 0.035000039)
(0.0030360678 -0.0029001769 0.035001832)
(0.0063703653 -0.0036428767 0.034998156)
(0.0052406758 -0.0026891447 0.034998496)
(0.0051335053 -0.0038875529 0.035999298)
(0.0068360377 -0.0041505487 0.036000513)
(-0.0040322667 -0.0019557626 0.03500195)
(-0.0047247466 -0.0023455279 0.035998698)
(-0.0020070384 -0.0020252094 0.034999811)
(-0.0027083774 -0.0014216378 0.034998893)
(-0.003264749 -0.0016175621 0.036000857)
(2.822672e-06 -0.00201443 0.034999539)
(-0.00098806555 -0.0010586108 0.035000168)
(-0.00099707902 -0.0020316643 0.036000224)
(0.002008395 -0.0020247428 0.035001425)
(0.00098853298 -0.0010586569 0.034999754)
(0.00099997036 -0.0020320744 0.036000072)
(0.0040354331 -0.0019574551 0.034998596)
(0.0026986416 -0.0014186844 0.034997236)
(0.0032587529 -0.0016153053 0.036004759)
(0.0046891637 -0.002323401 0.036006934)
(-0.0027308628 -0.018571541 0.036992678)
(-0.00099197386 -0.018941004 0.036999242)
(0.00098588627 -0.018941603 0.036999748)
(0.0027383044 -0.018569283 0.037003488)
(-0.004035238 -0.018042649 0.036993612)
(-0.0052731392 -0.017287592 0.036990254)
(-0.0047018381 -0.017668718 0.038016654)
(-0.0020210754 -0.017970516 0.036999635)
(-0.0030540271 -0.017092753 0.036997559)
(-0.003319482 -0.018361838 0.037999218)
(-4.1709301e-06 -0.017985274 0.03699983)
(-0.0010130986 -0.016991517 0.036999934)
(-0.0010050427 -0.017966208 0.03799974)
(0.0020015427 -0.017977255 0.037000877)
(0.0010030258 -0.016993841 0.037000036)
(0.00099572126 -0.017968347 0.038000013)
(0.0040285658 -0.018046215 0.036999726)
(0.0030321671 -0.017101467 0.037000953)
(0.0032551394 -0.018386055 0.037993813)
(0.0052565274 -0.017299496 0.037002202)
(0.0046817123 -0.017681233 0.037993818)
(-0.0063665783 -0.016361167 0.0370029)
(-0.0072771702 -0.015287684 0.037001349)
(-0.0068429239 -0.01584106 0.038000013)
(-0.0040819379 -0.016097635 0.036998729)
(-0.005110987 -0.015118063 0.037000091)
(-0.005111187 -0.016135132 0.038003324)
(0.0040701244 -0.016106161 0.036999923)
(0.0063038267 -0.016420283 0.036995008)
(0.0050988897 -0.015127017 0.036999752)
(0.0051067623 -0.016138876 0.038000312)
(0.0073044467 -0.015249619 0.036999983)
(0.0068307783 -0.015855859 0.038000327)
(-0.0080478874 -0.014025438 0.037000063)
(-0.0085490444 -0.012805024 0.036993376)
(-0.0060944677 -0.01408341 0.03700061)
(-0.0070898114 -0.013056083 0.03700103)
(-0.0070775359 -0.014059352 0.038001074)
(0.006095033 -0.014077001 0.037000326)
(0.0080527454 -0.014016349 0.037000415)
(0.0071008461 -0.013028409 0.036999776)
(0.0070804942 -0.014054619 0.038002855)
(0.0085689421 -0.012739431 0.036999025)
(-0.0079723047 -0.012010171 0.036999703)
(-0.008942085 -0.010980999 0.037000396)
(-0.0087891348 -0.011918499 0.037996816)
(-0.006039441 -0.012031493 0.036999953)
(-0.006997389 -0.011007614 0.036999984)
(-0.0070268477 -0.012020598 0.038000706)
(0.0060425036 -0.012022311 0.037000021)
(0.0079784221 -0.011995138 0.036998607)
(0.0069988958 -0.011002805 0.03700001)
(0.0070280229 -0.012017939 0.038000044)
(0.0089416209 -0.010985711 0.037000181)
(0.0087866481 -0.011929164 0.038002175)
(-0.0079864357 -0.009997525 0.037000168)
(-0.0089409967 -0.0090079505 0.037000463)
(-0.0089999031 -0.0099970523 0.03800036)
(-0.0060079061 -0.010000431 0.036999937)
(-0.0069991394 -0.0089938909 0.036999914)
(-0.0069959558 -0.0099983062 0.038000215)
(0.0060077442 -0.0099967048 0.037000228)
(0.0079865587 -0.0099978665 0.037000165)
(0.0069978811 -0.0089907126 0.037000573)
(0.0069955611 -0.0099970512 0.038000233)
(0.0089414386 -0.009012438 0.036999221)
(0.008999895 -0.0099968056 0.037999743)
(-0.0079777124 -0.0080007125 0.03699963)
(-0.0085860434 -0.0073169442 0.036995324)
(-0.0087879369 -0.008076363 0.037999071)
(-0.0060435669 -0.0079767099 0.036999779)
(-0.0071018145 -0.0069725765 0.036999281)
(-0.0070271789 -0.0079776678 0.038000825)
(0.0060412101 -0.0079699403 0.037000799)
(0.0079767105 -0.0079998114 0.037003331)
(0.0070969133 -0.0069611553 0.037003045)
(0.0070256662 -0.0079738704 0.038001558)
(0.0085788753 -0.0072933145 0.03700586)
(0.0087876939 -0.0080753209 0.037999956)
(-0.0080487155 -0.0059761113 0.037001285)
(-0.0061033634 -0.0059302527 0.03700025)
(-0.0073017067 -0.0047465573 0.0369966)
(-0.007080366 -0.005944162 0.038002105)
(-0.0051189574 -0.0048909105 0.037000717)
(0.0060992982 -0.0059225156 0.036999432)
(0.0051191763 -0.0048905275 0.036998437)
(0.0080471565 -0.0059731947 0.037000089)
(0.0072714487 -0.0047043324 0.037000762)
(0.0070793763 -0.0059431258 0.038000141)
(-0.0063776047 -0.0036506062 0.037007345)
(-0.0068348723 -0.0041491286 0.037998777)
(-0.0040845832 -0.0039055805 0.037000714)
(-0.005282728 -0.0027192788 0.037001888)
(-0.0051259793 -0.0038775085 0.037996374)
(-0.0030385768 -0.0029020257 0.036999908)
(-0.0010053824 -0.0030064082 0.03699973)
(0.0010068152 -0.0030064854 0.037000251)
(0.0040858182 -0.0039074444 0.036999254)
(0.0030404659 -0.0029031241 0.037000856)
(0.0063591656 -0.0036315475 0.036991432)
(0.0052916797 -0.0027256936 0.036998285)
(0.0051342487 -0.0038867326 0.038000279)
(0.0068435664 -0.0041597224 0.037999272)
(-0.004031675 -0.0019554463 0.037001579)
(-0.0046812288 -0.0023184668 0.038004933)
(-0.0019997686 -0.0020228393 0.036998232)
(-0.002728452 -0.0014277273 0.036990255)
(-0.0033121474 -0.0016354016 0.037988565)
(5.9242607e-07 -0.0020142549 0.036999828)
(-0.00098645061 -0.0010584518 0.037000161)
(-0.00099907787 -0.0020325688 0.03799948)
(0.002007798 -0.0020248938 0.037000651)
(0.0009889447 -0.0010586974 0.036999731)
(0.0010000028 -0.0020321453 0.037999889)
(0.0040309431 -0.0019550551 0.036998645)
(0.0027113407 -0.0014225367 0.036999142)
(0.0032639065 -0.001617245 0.038005375)
(0.0046741771 -0.0023140817 0.037998343)
(-0.0026556067 -0.018594369 0.038996411)
(-0.00098769928 -0.018941425 0.039000371)
(0.00098900454 -0.018941296 0.03900014)
(0.0027812676 -0.018556251 0.038999194)
(-0.004041074 -0.01803953 0.039001173)
(-0.0052489691 -0.017304913 0.039001008)
(-0.0046996827 -0.017670058 0.039996251)
(-0.002017067 -0.017970135 0.03900041)
(-0.0030642757 -0.017089358 0.039003498)
(-0.0032580181 -0.018384972 0.040002538)
(-3.3700829e-06 -0.017985376 0.038999908)
(-0.0010118987 -0.016991838 0.03900037)
(-0.0010005054 -0.017967528 0.040000566)
(0.0019917758 -0.017978937 0.039000103)
(0.0010031467 -0.016993673 0.038999792)
(0.00099893444 -0.017967466 0.03999999)
(0.0040308174 -0.018045012 0.038998141)
(0.0030379625 -0.017098692 0.038999237)
(0.003287399 -0.018373913 0.03999108)
(0.0052542467 -0.017301131 0.039001676)
(0.0047577626 -0.017633942 0.039994791)
(-0.0063421461 -0.016384393 0.039000797)
(-0.0072859205 -0.015275473 0.038997525)
(-0.0068332283 -0.015852874 0.040001817)
(-0.0040793208 -0.01609965 0.039001283)
(-0.0051088762 -0.015119084 0.039000945)
(-0.0051348203 -0.016111548 0.04000199)
(0.0040797998 -0.016096698 0.039000369)
(0.0063975828 -0.016328064 0.039002623)
(0.005117191 -0.01510914 0.039001246)
(0.0051302255 -0.016116466 0.0400013)
(0.0073009625 -0.015254481 0.039003643)
(0.0068314894 -0.015854993 0.039997755)
(-0.0080460507 -0.014028874 0.03900078)
(-0.0085722216 -0.01272862 0.039004682)
(-0.0060959741 -0.014079502 0.038999964)
(-0.0071004042 -0.013028211 0.038999331)
(-0.0070771543 -0.014058683 0.039997903)
(0.006102606 -0.014072445 0.039001159)
(0.0080486403 -0.014024029 0.039001361)
(0.0070915057 -0.01305397 0.038999789)
(0.0070795729 -0.014057078 0.039997481)
(0.0085668386 -0.012746365 0.039001768)
(-0.0079788278 -0.011995986 0.038999852)
(-0.0089416674 -0.01098524 0.039000232)
(-0.0087910194 -0.011910417 0.040002699)
(-0.0060418379 -0.01202517 0.03900026)
(-0.0069985762 -0.011004064 0.039000234)
(-0.0070280412 -0.01201796 0.040000606)
(0.0060407805 -0.012028245 0.039000324)
(0.0079718463 -0.012012089 0.03900015)
(0.0069972607 -0.011006475 0.039000209)
(0.007026011 -0.012023365 0.040000924)
(0.0089414748 -0.010987195 0.039000063)
(0.0087886781 -0.011920458 0.040003444)
(-0.0079863596 -0.0099969619 0.039000061)
(-0.0089411351 -0.0090093562 0.038999585)
(-0.0089998689 -0.0099960079 0.03999946)
(-0.0060076766 -0.0099979601 0.039000341)
(-0.0069974389 -0.0089896404 0.03900055)
(-0.0069957325 -0.0099974632 0.040000258)
(0.0060067168 -0.0099963445 0.039000344)
(0.0079858415 -0.0099980499 0.038999896)
(0.0069959317 -0.0089862363 0.039000452)
(0.0069947236 -0.0099963355 0.040000315)
(0.0089414759 -0.0090128166 0.038999573)
(0.0089999039 -0.010002922 0.039999778)
(-0.0079728323 -0.0079906153 0.039001947)
(-0.008566146 -0.0072513518 0.039003968)
(-0.0087854101 -0.0080655261 0.040003951)
(-0.0060405333 -0.0079687053 0.039000945)
(-0.0070912776 -0.0069445408 0.039002639)
(-0.0070254245 -0.0079733968 0.040001062)
(0.006038508 -0.0079627714 0.039000718)
(0.0079690116 -0.0079764502 0.039000724)
(0.007089124 -0.0069396698 0.038999676)
(0.0070203322 -0.0079591739 0.040001596)
(0.0085754892 -0.007282152 0.03898953)
(0.0087860591 -0.0080683095 0.03999981)
(-0.0080470169 -0.0059729335 0.038999098)
(-0.0060998986 -0.0059241997 0.038999899)
(-0.0073045176 -0.0047504799 0.039000852)
(-0.0070824322 -0.0059472381 0.040000454)
(-0.0051146387 -0.0048865338 0.038998577)
(0.0061006056 -0.0059225969 0.038999533)
(0.0051210132 -0.0048926474 0.039000249)
(0.0080460286 -0.0059710846 0.038997126)
(0.0072820837 -0.0047191735 0.038995229)
(0.0070870894 -0.0059519919 0.040000212)
(-0.0063581568 -0.0036306027 0.038990292)
(-0.0068308861 -0.0041442713 0.039998894)
(-0.0040811746 -0.0039025749 0.038999323)
(-0.005273417 -0.0027126067 0.039000192)
(-0.0051185838 -0.0038692606 0.040001809)
(-0.0030463091 -0.0029044874 0.039001733)
(-0.001007896 -0.0030070189 0.039000072)
(0.0010061119 -0.0030066396 0.039000132)
(0.0040858516 -0.0039075472 0.03900045)
(0.0030429898 -0.0029038447 0.039001453)
(0.0063727888 -0.0036454643 0.039008302)
(0.0052791085 -0.0027166851 0.039001017)
(0.0051349541 -0.0038887981 0.039996096)
(0.0068325265 -0.0041462702 0.040001441)
(-0.0040165535 -0.0019473637 0.038997304)
(-0.0047360508 -0.0023525573 0.039993922)
(-0.0020078634 -0.0020254068 0.039000142)
(-0.0027171436 -0.001424297 0.038999292)
(-0.0032562047 -0.0016143463 0.040006656)
(-4.6962706e-07 -0.0020144199 0.038999887)
(-0.00098931978 -0.0010587343 0.03899981)
(-0.0010010732 -0.0020324208 0.040000185)
(0.0020040692 -0.0020242791 0.039000823)
(0.00098917181 -0.0010587198 0.038998908)
(0.00099812635 -0.0020320904 0.039999803)
(0.0040313386 -0.0019552665 0.038998837)
(0.0027125586 -0.0014229061 0.039007349)
(0.0032560963 -0.0016143055 0.040001107)
(0.0047128191 -0.0023381109 0.039993584)
(-0.0027230043 -0.018573925 0.041000057)
(-0.00099125172 -0.018941075 0.041001349)
(0.00098934607 -0.018941263 0.040999554)
(0.0026778173 -0.018587632 0.040995866)
(-0.0040310879 -0.018044867 0.040998725)
(-0.0052547598 -0.017300763 0.041004075)
(-0.0046915166 -0.017675136 0.041986325)
(-0.0020094514 -0.017974812 0.041001096)
(-0.003040601 -0.01709807 0.041001952)
(-0.003311127 -0.018364983 0.041997343)
(-1.3060006e-06 -0.017985378 0.041000787)
(-0.0010089963 -0.016992846 0.04100078)
(-0.0010029796 -0.017966818 0.04200057)
(0.0020091719 -0.01797307 0.040999522)
(0.0010071244 -0.016992688 0.040999807)
(0.00099966589 -0.01796747 0.042000175)
(0.0040279916 -0.018046522 0.041002958)
(0.0030534694 -0.017092414 0.040998996)
(0.0032669661 -0.018381604 0.041996369)
(0.0052871987 -0.017277518 0.040997782)
(0.0046998725 -0.01766994 0.042003731)
(-0.0063526463 -0.016374559 0.040998905)
(-0.007299188 -0.015256958 0.04100064)
(-0.0068383198 -0.01584667 0.041999742)
(-0.0040790441 -0.016098607 0.041001316)
(-0.0051137821 -0.015113594 0.0410004)
(-0.0051221434 -0.016126293 0.042000515)
(0.0040851032 -0.016093444 0.04100085)
(0.0063705218 -0.016356957 0.041010111)
(0.0051209065 -0.015106287 0.041002056)
(0.0051212296 -0.016123245 0.042002975)
(0.0073021849 -0.015252776 0.04099854)
(0.0068441775 -0.015839532 0.041999398)
(-0.0080460568 -0.014028863 0.041000013)
(-0.0085729987 -0.012726058 0.041000112)
(-0.006100305 -0.014074775 0.040999668)
(-0.0070971309 -0.013039131 0.041001734)
(-0.0070846263 -0.014051067 0.041999021)
(0.0061050097 -0.014068518 0.041000894)
(0.0080486519 -0.014024008 0.040999629)
(0.0071008234 -0.013030008 0.041000156)
(0.0070894939 -0.014041636 0.042000901)
(0.0085576314 -0.012776717 0.041007343)
(-0.0079758565 -0.012002469 0.041001561)
(-0.0089416657 -0.010985256 0.041000066)
(-0.0087843036 -0.011939219 0.041996347)
(-0.0060413797 -0.012027559 0.041000761)
(-0.0069979566 -0.011006144 0.041000533)
(-0.0070254879 -0.012026445 0.042001268)
(0.0060426062 -0.012024154 0.041000365)
(0.0079788317 -0.011993383 0.040999473)
(0.0069981838 -0.011003931 0.041000182)
(0.0070276173 -0.012019582 0.042000107)
(0.0089412591 -0.010989385 0.040999867)
(0.0087873203 -0.011926281 0.042002201)
(-0.0079862121 -0.0099990754 0.040999571)
(-0.0089409551 -0.0090075282 0.04099907)
(-0.0089999492 -0.010001538 0.041998813)
(-0.0060073175 -0.0099986825 0.041000504)
(-0.0069973466 -0.0089902103 0.04100055)
(-0.0069953212 -0.0099997833 0.042000344)
(0.0060066227 -0.0099953549 0.041000412)
(0.0079859513 -0.0099967534 0.041000065)
(0.0069958147 -0.0089854209 0.041000851)
(0.0069950091 -0.0099958234 0.042000167)
(0.0089413993 -0.0090120385 0.040999699)
(0.0089999532 -0.0099985816 0.04199974)
(-0.007973873 -0.007991288 0.04100057)
(-0.0085688815 -0.0072603695 0.040990735)
(-0.00879358 -0.0081005649 0.042004581)
(-0.0060403912 -0.0079690781 0.041001242)
(-0.0070944575 -0.006954287 0.041002257)
(-0.0070259317 -0.0079757928 0.042002262)
(0.0060381158 -0.0079619468 0.041001438)
(0.007970062 -0.0079807448 0.04100377)
(0.0070901367 -0.0069412926 0.041004871)
(0.0070240819 -0.0079690211 0.042000944)
(0.0085747864 -0.0072798351 0.041004183)
(0.008787151 -0.0080729923 0.041994042)
(-0.0080409835 -0.0059616459 0.040999534)
(-0.0060989872 -0.0059224343 0.041000748)
(-0.0072895927 -0.0047296522 0.040997108)
(-0.0070811095 -0.0059445906 0.041999828)
(-0.0051157189 -0.0048873297 0.041001708)
(0.0060998362 -0.0059230501 0.041000107)
(0.0051137833 -0.0048865752 0.040999765)
(0.008042887 -0.0059652069 0.040998982)
(0.0072995445 -0.00474354 0.040996746)
(0.0070833947 -0.0059486826 0.04200031)
(-0.0063745093 -0.0036473012 0.041006649)
(-0.0068343055 -0.004148438 0.042000181)
(-0.004082867 -0.0039038467 0.041001736)
(-0.005276066 -0.0027145049 0.041002486)
(-0.0051205643 -0.003874362 0.042001194)
(-0.0030542601 -0.0029075367 0.041002956)
(-0.0010099815 -0.0030076342 0.041000662)
(0.001006897 -0.0030071917 0.040999865)
(0.0040780934 -0.0039019594 0.040999621)
(0.0030511885 -0.0029061957 0.040999602)
(0.0063321708 -0.0036062642 0.041007553)
(0.0052653845 -0.0027068507 0.040998637)
(0.0051214392 -0.0038759814 0.041999031)
(0.0068364578 -0.0041510605 0.041999902)
(-0.0040276643 -0.0019533026 0.040998887)
(-0.0047189072 -0.0023418967 0.042002389)
(-0.0020165054 -0.0020284375 0.041001724)
(-0.0027205364 -0.0014253262 0.041001546)
(-0.0032858046 -0.0016254869 0.042008524)
(-1.2396555e-06 -0.0020146888 0.040999912)
(-0.00099059219 -0.0010588597 0.040999482)
(-0.0010031678 -0.0020331413 0.042000495)
(0.0020180832 -0.0020287102 0.040999259)
(0.00098458308 -0.0010582678 0.040999566)
(0.00099812406 -0.0020320542 0.04199957)
(0.0040173622 -0.001947796 0.040997156)
(0.0027412932 -0.0014316227 0.04100169)
(0.0032290442 -0.0016041238 0.041997455)
(0.004715013 -0.0023394751 0.042002547)
(-0.0027454571 -0.018567114 0.042997853)
(-0.00098764318 -0.01894143 0.043000736)
(0.00098921728 -0.018941275 0.043000402)
(0.0027319793 -0.018571202 0.04299786)
(-0.004022938 -0.018049224 0.043000355)
(-0.0052638736 -0.017294232 0.043004784)
(-0.0047351249 -0.017648019 0.044005713)
(-0.0020073501 -0.017975538 0.043002723)
(-0.003037437 -0.017099452 0.04300536)
(-0.0033106054 -0.018365179 0.043991741)
(-5.3917749e-07 -0.017985562 0.043000271)
(-0.001008605 -0.016993104 0.043000818)
(-0.001001672 -0.017967103 0.04399982)
(0.0020091853 -0.017973827 0.042999045)
(0.0010059541 -0.016993418 0.04299972)
(0.00099664544 -0.017968587 0.044000236)
(0.0040412109 -0.018039456 0.043001753)
(0.0030452322 -0.017095936 0.042995831)
(0.0032539509 -0.018386502 0.043995356)
(0.0052614824 -0.017295946 0.042995524)
(0.0046988609 -0.017670569 0.04400029)
(-0.0063729515 -0.016354362 0.042995743)
(-0.0072900796 -0.015269668 0.042998118)
(-0.0068466609 -0.015836506 0.044001946)
(-0.004077821 -0.016100132 0.043001159)
(-0.0051111416 -0.015116554 0.042999518)
(-0.0051022073 -0.016143812 0.04400017)
(0.0040814677 -0.016095766 0.042999601)
(0.0063860334 -0.016340395 0.043002187)
(0.0051184668 -0.015108221 0.04300077)
(0.00512061 -0.016127863 0.044000066)
(0.0073032422 -0.0152513 0.043001555)
(0.0068341722 -0.015851724 0.044003959)
(-0.0080453412 -0.014030202 0.042999729)
(-0.0085665308 -0.01274738 0.043005187)
(-0.0060977313 -0.014078752 0.042999208)
(-0.007088644 -0.013061317 0.043003042)
(-0.0070809714 -0.014053946 0.043999212)
(0.0061032923 -0.014071373 0.043001215)
(0.0080385308 -0.014042943 0.043001397)
(0.0070947935 -0.013045304 0.043001956)
(0.0070788539 -0.014056776 0.043999647)
(0.008572889 -0.01272642 0.042999535)
(-0.007966708 -0.012032172 0.04300217)
(-0.0089416645 -0.010985268 0.042999578)
(-0.0087834607 -0.011942834 0.044001251)
(-0.0060390936 -0.012033744 0.043000868)
(-0.0069965341 -0.011010987 0.043000555)
(-0.007026397 -0.012024061 0.044000233)
(0.0060416872 -0.01202597 0.043000567)
(0.0079749627 -0.012002987 0.042999795)
(0.0069976947 -0.011004496 0.043000183)
(0.0070273972 -0.012019238 0.044000464)
(0.0089415231 -0.010986704 0.042999797)
(0.0087895605 -0.011916674 0.044001496)
(-0.0079858906 -0.0099996154 0.042999982)
(-0.0089412373 -0.0090103933 0.042999285)
(-0.0089998585 -0.0099956887 0.043998991)
(-0.0060069399 -0.010000429 0.043000557)
(-0.0069973624 -0.008991404 0.043000797)
(-0.0069953716 -0.0099999457 0.04400013)
(0.0060065418 -0.0099955186 0.043000162)
(0.0079858206 -0.0099952846 0.043000168)
(0.0069957001 -0.0089851816 0.042999886)
(0.006995023 -0.009995906 0.044000002)
(0.0089414403 -0.0090124551 0.042999836)
(0.0089999259 -0.0099977482 0.044000119)
(-0.0079740049 -0.0079922869 0.043002187)
(-0.0085804638 -0.0072985511 0.042999171)
(-0.0087833302 -0.0080566061 0.043999197)
(-0.0060408281 -0.0079701949 0.043001637)
(-0.0070954652 -0.0069556689 0.043003116)
(-0.0070258833 -0.007974147 0.04400147)
(0.0060381806 -0.0079624202 0.042999929)
(0.0079675751 -0.0079718467 0.042999398)
(0.0070871876 -0.0069343483 0.04299911)
(0.0070233606 -0.0079673961 0.043998619)
(0.0085739566 -0.0072770998 0.04300466)
(0.008784006 -0.0080595044 0.043998327)
(-0.0080479352 -0.0059746516 0.042998556)
(-0.0061009659 -0.0059258658 0.043002211)
(-0.0073046358 -0.0047506449 0.04300851)
(-0.0070831078 -0.0059478065 0.043999951)
(-0.0051142044 -0.004886768 0.043002108)
(0.0061015863 -0.0059239483 0.043000111)
(0.0051186004 -0.0048915955 0.042999275)
(0.0080510082 -0.0059804008 0.043000782)
(0.007282051 -0.0047191279 0.043002921)
(0.0070822158 -0.0059458794 0.043999427)
(-0.0063555368 -0.0036281488 0.04300547)
(-0.006836355 -0.0041509353 0.043999379)
(-0.0040808458 -0.0039024482 0.043001161)
(-0.0052663433 -0.0027075377 0.04300033)
(-0.0051217635 -0.0038730661 0.04399988)
(-0.0030453942 -0.0029040377 0.043000586)
(-0.0010090927 -0.0030074114 0.043000473)
(0.0010085486 -0.0030078517 0.043000128)
(0.0040809835 -0.0039039645 0.042999031)
(0.0030591649 -0.002908923 0.042999611)
(0.0063889315 -0.0036626997 0.042995072)
(0.0052592672 -0.0027024671 0.042999475)
(0.0051218231 -0.0038796854 0.04399929)
(0.0068309665 -0.0041443693 0.043999866)
(-0.0040342924 -0.0019568454 0.043000799)
(-0.0047151882 -0.0023395841 0.043997043)
(-0.0020114518 -0.0020265037 0.043001826)
(-0.0027020627 -0.0014197222 0.042996618)
(-0.0032912427 -0.0016275337 0.044000821)
(-1.9180553e-06 -0.0020148054 0.043000714)
(-0.00099161197 -0.0010589601 0.042999332)
(-0.0010001184 -0.0020324931 0.043999842)
(0.0020125847 -0.0020282937 0.043000663)
(0.00099116897 -0.0010589165 0.043001531)
(0.0010011432 -0.0020334011 0.043999686)
(0.0040206768 -0.0019495676 0.042999469)
(0.0027025511 -0.0014198704 0.043007018)
(0.0033430782 -0.0016470432 0.043994688)
(0.0046862 -0.0023215581 0.044000496)
(-0.0026986848 -0.018581302 0.045004371)
(-0.00098958059 -0.01894124 0.045000278)
(0.00098702658 -0.018941491 0.044999591)
(0.0027841546 -0.018555375 0.044992818)
(-0.0040236134 -0.018048863 0.044999287)
(-0.005305295 -0.01726455 0.045001759)
(-0.0047324641 -0.017649674 0.045998862)
(-0.0020101756 -0.017973385 0.044999915)
(-0.0030545231 -0.017092631 0.045000928)
(-0.003272751 -0.018379427 0.046002799)
(-1.2709923e-06 -0.017985661 0.044999561)
(-0.0010090368 -0.016992754 0.045000229)
(-0.0010001788 -0.017967457 0.046000438)
(0.0019973514 -0.017979211 0.045000906)
(0.0010043729 -0.016994219 0.044999995)
(0.0010019467 -0.01796723 0.045999961)
(0.004026996 -0.018047054 0.044999565)
(0.0030244679 -0.017103435 0.045001242)
(0.0032923241 -0.01837206 0.04599734)
(0.0052806584 -0.017282204 0.044998538)
(0.0047062836 -0.017665954 0.045996849)
(-0.0063069461 -0.016417362 0.044998441)
(-0.0072904867 -0.0152691 0.045003006)
(-0.0068393604 -0.015845402 0.045999923)
(-0.0040769089 -0.016102986 0.045000446)
(-0.0050997915 -0.015128596 0.045000175)
(-0.005100462 -0.01614629 0.045999706)
(0.0040812152 -0.016096011 0.044999086)
(0.0063751477 -0.016352018 0.044984509)
(0.0051158689 -0.015112329 0.044998665)
(0.0051237817 -0.016122893 0.04600443)
(0.0072871247 -0.015273792 0.045002012)
(0.006840908 -0.015843516 0.045999514)
(-0.0080457423 -0.014029451 0.04499792)
(-0.0085603798 -0.012767657 0.044999309)
(-0.0060900448 -0.014085017 0.044999983)
(-0.0070983291 -0.013033586 0.044999538)
(-0.0070744927 -0.014063829 0.045999734)
(0.0060993029 -0.014075797 0.044999963)
(0.0080472863 -0.014026562 0.04500102)
(0.0070973194 -0.013037408 0.045001412)
(0.0070830619 -0.014049949 0.045999582)
(0.0085656436 -0.012750304 0.044999854)
(-0.0079770301 -0.012002225 0.044998883)
(-0.0089414264 -0.010987686 0.044999932)
(-0.0087839569 -0.011940706 0.046000218)
(-0.0060403953 -0.012028562 0.045000159)
(-0.0069979574 -0.011007745 0.044999964)
(-0.0070280121 -0.01201954 0.04600066)
(0.0060415366 -0.012025737 0.045000742)
(0.007974898 -0.012006442 0.045000317)
(0.0069979254 -0.011004479 0.045000367)
(0.0070278855 -0.012018435 0.046001345)
(0.0089418618 -0.010983266 0.045000154)
(0.0087880755 -0.011923042 0.045998048)
(-0.0079862859 -0.010001438 0.04499964)
(-0.0089416998 -0.0090150893 0.044999748)
(-0.008999754 -0.010007503 0.04600111)
(-0.0060073699 -0.010000965 0.045000227)
(-0.0069977131 -0.0089923865 0.045000202)
(-0.0069959068 -0.010002519 0.046000143)
(0.0060068497 -0.009996674 0.045000208)
(0.0079861243 -0.0099958386 0.04500001)
(0.0069970143 -0.0089888269 0.045000002)
(0.0069953782 -0.0099971472 0.046000233)
(0.0089412506 -0.0090105292 0.044999564)
(0.0089999466 -0.0099983805 0.045999882)
(-0.0079716856 -0.0079822464 0.044999512)
(-0.0085640597 -0.0072444742 0.044996558)
(-0.0087862751 -0.0080692361 0.045999528)
(-0.0060414152 -0.0079716615 0.045000797)
(-0.0070939223 -0.0069525351 0.045000523)
(-0.0070302934 -0.0079857185 0.046000281)
(0.0060400416 -0.0079679826 0.045000056)
(0.0079735322 -0.0079906656 0.045000685)
(0.0070942996 -0.0069536793 0.045000392)
(0.0070272463 -0.0079786353 0.046000722)
(0.0085860401 -0.0073169337 0.045007356)
(0.0087896442 -0.008083685 0.046001905)
(-0.0080399037 -0.0059596257 0.044999808)
(-0.006099368 -0.0059236126 0.045003403)
(-0.0072917043 -0.004732599 0.045010695)
(-0.0070823081 -0.0059496267 0.04600097)
(-0.0051160632 -0.0048877046 0.045004048)
(0.0061022048 -0.005925786 0.04500041)
(0.005119106 -0.0048922679 0.045000366)
(0.008047941 -0.0059746624 0.044999625)
(0.0072869294 -0.0047259357 0.045001452)
(0.007079898 -0.0059441867 0.046001001)
(-0.0063615311 -0.0036337631 0.045019899)
(-0.0068375444 -0.0041523846 0.045999389)
(-0.0040832541 -0.0039045459 0.0450015)
(-0.0052874795 -0.0027226837 0.045001765)
(-0.0051219741 -0.0038763852 0.045999361)
(-0.0030376319 -0.0029015849 0.044997892)
(-0.001007922 -0.0030073666 0.044999795)
(0.0010073318 -0.0030072702 0.045000103)
(0.004082078 -0.0039048286 0.045000217)
(0.0030435203 -0.0029033497 0.045002057)
(0.0063903635 -0.0036642286 0.044998524)
(0.0052600555 -0.0027030319 0.045003748)
(0.0051194231 -0.0038738455 0.0459996)
(0.0068391166 -0.0041543002 0.046000672)
(-0.0040285297 -0.0019537651 0.044999031)
(-0.0046535903 -0.00230128 0.045993628)
(-0.0020077285 -0.002024186 0.044999034)
(-0.0027074615 -0.0014213599 0.044999154)
(-0.0033060858 -0.0016331202 0.046003858)
(2.3950156e-06 -0.0020146626 0.044999534)
(-0.00098654395 -0.001058461 0.044999642)
(-0.0010026596 -0.0020336582 0.046000356)
(0.0019950563 -0.0020220503 0.045001091)
(0.00098813472 -0.0010586176 0.044999702)
(0.0010023458 -0.0020328075 0.046000263)
(0.0040374999 -0.0019585598 0.044999916)
(0.0026996958 -0.0014190042 0.044989085)
(0.0032929527 -0.0016281772 0.046004289)
(0.0047256338 -0.0023460796 0.046006744)
(-0.0027061379 -0.018579041 0.046992856)
(-0.00098954423 -0.018941243 0.047000777)
(0.00098749278 -0.018941445 0.047000276)
(0.0026919676 -0.018583339 0.047001114)
(-0.0040343111 -0.018043144 0.046997478)
(-0.005250142 -0.017304072 0.047003507)
(-0.0047040334 -0.017667353 0.047995878)
(-0.0020114017 -0.017973458 0.047001108)
(-0.0030492118 -0.017095239 0.047003322)
(-0.0032561709 -0.018385667 0.048013697)
(2.0868041e-06 -0.01798527 0.047000315)
(-0.0010068747 -0.016993139 0.04700087)
(-0.0010001098 -0.017967898 0.048001024)
(0.0020227202 -0.01796974 0.04699912)
(0.001010844 -0.016992078 0.046999924)
(0.001001742 -0.017966783 0.047999841)
(0.0040237793 -0.018048774 0.047001195)
(0.0030573993 -0.017091546 0.046998411)
(0.0033134283 -0.018364117 0.04800113)
(0.0052640407 -0.017294112 0.046997664)
(0.0046592965 -0.017695172 0.048007878)
(-0.0063830333 -0.016343598 0.047005579)
(-0.007292022 -0.015266958 0.047005959)
(-0.0068488214 -0.015833874 0.047999443)
(-0.0040754738 -0.016101887 0.047001155)
(-0.0051074064 -0.015119985 0.047001968)
(-0.0051112508 -0.016134787 0.047999303)
(0.0040805758 -0.016098241 0.047000424)
(0.0063507485 -0.016376336 0.047009651)
(0.0051112765 -0.015117009 0.047001843)
(0.0051188694 -0.016128566 0.047997805)
(0.0072742444 -0.015291767 0.047001731)
(0.0068347715 -0.015850994 0.047999909)
(-0.0080437614 -0.014033157 0.046998237)
(-0.0085847642 -0.012687273 0.047001391)
(-0.0060947934 -0.014082616 0.047001803)
(-0.007087268 -0.013063543 0.047000795)
(-0.0070782944 -0.014058236 0.048002597)
(0.0060978715 -0.014077089 0.047001564)
(0.0080559795 -0.014010299 0.047000116)
(0.0070950981 -0.013043572 0.047001263)
(0.0070879204 -0.014043938 0.047999713)
(0.0085604352 -0.012767474 0.046999209)
(-0.0079677485 -0.012027605 0.046998927)
(-0.0089412838 -0.010989134 0.046999903)
(-0.0087845556 -0.011938138 0.047998412)
(-0.0060385112 -0.012034523 0.047000386)
(-0.0069966451 -0.011012262 0.047000007)
(-0.0070243358 -0.012028645 0.048000183)
(0.006040999 -0.012027256 0.047000814)
(0.0079740367 -0.012006922 0.046998615)
(0.0069975696 -0.011005482 0.047000291)
(0.0070263255 -0.012022904 0.048000985)
(0.0089416917 -0.010984992 0.046999921)
(0.0087862117 -0.011931036 0.047999704)
(-0.0079860661 -0.01000396 0.046999912)
(-0.0089415739 -0.0090138109 0.046999436)
(-0.0089998865 -0.010003455 0.048000032)
(-0.0060073357 -0.010002693 0.047000081)
(-0.0069983675 -0.0089946476 0.04700005)
(-0.0069954605 -0.010002055 0.047999912)
(0.0060067305 -0.0099970778 0.047000308)
(0.0079859373 -0.0099959363 0.046999876)
(0.0069965194 -0.0089878129 0.047000217)
(0.0069950049 -0.0099969898 0.04800026)
(0.0089411635 -0.009009645 0.046999981)
(0.008999833 -0.0099949094 0.047999596)
(-0.0079750954 -0.0079909433 0.047000624)
(-0.0085871749 -0.0073206744 0.046989743)
(-0.0087854717 -0.0080657904 0.047996624)
(-0.006042717 -0.007975076 0.04700025)
(-0.0070995333 -0.0069673478 0.047001332)
(-0.0070266845 -0.0079765965 0.047999692)
(0.0060393544 -0.0079661966 0.047000261)
(0.007970301 -0.0079808498 0.047000099)
(0.0070897754 -0.0069417427 0.047000151)
(0.007023705 -0.0079677291 0.048000298)
(0.0085615737 -0.0072362791 0.046993668)
(0.0087834483 -0.0080571126 0.048001428)
(-0.0080456184 -0.005970317 0.047000701)
(-0.006102851 -0.0059283952 0.046999595)
(-0.0072939454 -0.0047357265 0.047000685)
(-0.0070804963 -0.0059445724 0.048000786)
(-0.0051184058 -0.0048912589 0.046997837)
(0.006100557 -0.0059232764 0.046999889)
(0.0051184743 -0.004890883 0.047000467)
(0.0080424561 -0.0059644009 0.046999184)
(0.0072856415 -0.0047241384 0.046998573)
(0.0070844571 -0.0059495044 0.047999217)
(-0.0063777975 -0.003650812 0.046993132)
(-0.0068347262 -0.0041489505 0.047999924)
(-0.0040829494 -0.0039046022 0.046998574)
(-0.0052579034 -0.0027014898 0.046996412)
(-0.0051313199 -0.0038865147 0.047996158)
(-0.0030666884 -0.0029117955 0.047000108)
(-0.0010117414 -0.0030087369 0.046999835)
(0.0010077485 -0.0030070347 0.046999616)
(0.0040809812 -0.0039040435 0.04700063)
(0.0030400678 -0.0029019797 0.046997818)
(0.006386942 -0.0036605756 0.046999699)
(0.0052665614 -0.002707694 0.047003849)
(0.0051264595 -0.0038797913 0.048002652)
(0.0068331018 -0.0041469712 0.048001017)
(-0.0040286284 -0.0019538179 0.047001078)
(-0.0047630864 -0.0023693691 0.047997047)
(-0.0020253531 -0.0020319791 0.04700012)
(-0.0027163547 -0.0014240577 0.046996425)
(-0.0032957948 -0.001629247 0.047996955)
(5.9095122e-07 -0.0020149046 0.046999667)
(-0.00098936275 -0.0010587386 0.047000095)
(-0.0010014142 -0.0020332471 0.047999608)
(0.0020105863 -0.0020256131 0.04699833)
(0.00099191271 -0.0010589897 0.047000344)
(0.0010014131 -0.0020322905 0.04799943)
(0.0040156614 -0.0019468869 0.04700079)
(0.0026996528 -0.0014189912 0.046986104)
(0.0032551511 -0.0016139497 0.047989584)
(0.0047321609 -0.0023501384 0.04799073)
(-0.002736935 -0.018569699 0.048997213)
(-0.00099065887 -0.018941133 0.049001061)
(0.00098747251 -0.018941447 0.048999801)
(0.0026901192 -0.0185839 0.049003412)
(-0.004026013 -0.01804758 0.048998702)
(-0.0052577001 -0.017298656 0.048997342)
(-0.0047255326 -0.017653984 0.05000336)
(-0.0019960083 -0.01797982 0.0490011)
(-0.0030202161 -0.017106029 0.048999647)
(-0.0032561747 -0.018385665 0.049999874)
(1.5296758e-06 -0.017985668 0.049000367)
(-0.0010037212 -0.016994705 0.049000551)
(-0.00099982691 -0.017968111 0.049999538)
(0.0020171646 -0.017972008 0.049001047)
(0.001009306 -0.016992593 0.049000401)
(0.00099904205 -0.017967808 0.050000212)
(0.0040280536 -0.018046489 0.048998351)
(0.0030487485 -0.017094631 0.049001945)
(0.003291013 -0.018372553 0.050004115)
(0.0052829936 -0.017280531 0.049002791)
(0.0047571304 -0.017634335 0.049994471)
(-0.0063483385 -0.016378594 0.048999587)
(-0.0072733872 -0.015292963 0.049001017)
(-0.0068465259 -0.015836671 0.050000332)
(-0.0040720294 -0.016103465 0.048999738)
(-0.0051042616 -0.015123562 0.049000212)
(-0.0051161251 -0.016131212 0.050000649)
(0.0040830107 -0.016095455 0.048999702)
(0.0063733788 -0.016353906 0.048997409)
(0.0051170559 -0.015111674 0.048999215)
(0.0051242897 -0.01612195 0.049996416)
(0.0072854982 -0.015276062 0.049001759)
(0.0068452358 -0.015838243 0.050000208)
(-0.008050028 -0.014021433 0.04899998)
(-0.0085678874 -0.012742908 0.049006473)
(-0.0060931297 -0.014083435 0.049000478)
(-0.0070967121 -0.013037598 0.048997599)
(-0.0070796844 -0.014055031 0.049999077)
(0.0061008484 -0.014074098 0.049000557)
(0.0080547929 -0.014012519 0.049004847)
(0.0070937011 -0.013048257 0.049001804)
(0.007081531 -0.014053524 0.050001101)
(0.008570285 -0.012735004 0.048999337)
(-0.0079775956 -0.011997296 0.049000211)
(-0.0089412279 -0.010989702 0.048999285)
(-0.0087884102 -0.011921607 0.049996621)
(-0.0060403656 -0.012029121 0.048999875)
(-0.0069978527 -0.011007872 0.048999817)
(-0.0070277261 -0.012019035 0.050000481)
(0.0060407524 -0.012028809 0.049000637)
(0.0079737048 -0.012007887 0.049000518)
(0.006997368 -0.011007107 0.049000451)
(0.00702634 -0.012023863 0.050000304)
(0.0089415116 -0.010986821 0.049000397)
(0.0087843127 -0.01193918 0.050002692)
(-0.0079862993 -0.010000597 0.048999951)
(-0.0089415702 -0.0090137741 0.048999587)
(-0.0089998469 -0.010004666 0.050000056)
(-0.0060074329 -0.010001037 0.048999845)
(-0.0069979295 -0.0089926904 0.048999752)
(-0.0069958717 -0.010000755 0.049999733)
(0.0060068258 -0.0099979702 0.049000341)
(0.0079859902 -0.009997664 0.049000519)
(0.0069968937 -0.0089892588 0.049000289)
(0.0069953881 -0.0099986353 0.050000311)
(0.0089411844 -0.0090098568 0.049000641)
(0.008999956 -0.0099986686 0.050000514)
(-0.0079728842 -0.007983961 0.049000085)
(-0.008568589 -0.0072594053 0.049006671)
(-0.0087869822 -0.0080722684 0.050001491)
(-0.0060414805 -0.0079726206 0.048999724)
(-0.0070973225 -0.0069624994 0.049000175)
(-0.0070284366 -0.0079818625 0.049999149)
(0.0060397241 -0.0079677005 0.049000154)
(0.0079734001 -0.007990163 0.048999413)
(0.0070950973 -0.0069547433 0.048999555)
(0.0070255027 -0.0079737983 0.050000595)
(0.0085749251 -0.0072802924 0.048999055)
(0.0087852805 -0.0080649702 0.050002796)
(-0.0080498629 -0.0059782581 0.04899872)
(-0.0060980908 -0.005923007 0.048999171)
(-0.0072842851 -0.0047222455 0.049006978)
(-0.0070810889 -0.0059466053 0.049999928)
(-0.0051102745 -0.0048832814 0.048997315)
(0.0061011806 -0.005926166 0.048999657)
(0.005114457 -0.0048877346 0.048999284)
(0.0080502991 -0.005979074 0.049000455)
(0.0073061594 -0.0047527711 0.049000103)
(0.0070766579 -0.0059395153 0.05000087)
(-0.0063454965 -0.0036187451 0.04898049)
(-0.0068360468 -0.0041505597 0.049993429)
(-0.0040753587 -0.0038993612 0.048998355)
(-0.0052429218 -0.0026907541 0.049002151)
(-0.0051229507 -0.0038741797 0.050002764)
(-0.0030381754 -0.0029008844 0.048995835)
(-0.0010063846 -0.0030067831 0.048999488)
(0.0010083801 -0.0030067374 0.049000113)
(0.0040788526 -0.0039016963 0.048999791)
(0.0030439722 -0.0029032722 0.049001337)
(0.0063885886 -0.0036623336 0.048994148)
(0.0052630089 -0.0027051483 0.04899976)
(0.0051009567 -0.0038542541 0.049998423)
(0.0068354017 -0.0041497737 0.050000936)
(-0.0040192356 -0.0019487973 0.048998696)
(-0.004735575 -0.0023522614 0.04999835)
(-0.0020068455 -0.0020250736 0.04899815)
(-0.0027569813 -0.0014363816 0.049010166)
(-0.0032563278 -0.0016143926 0.049998704)
(1.674291e-06 -0.0020144656 0.049001122)
(-0.00098702493 -0.0010585083 0.048999966)
(-0.00099720116 -0.0020317467 0.049999775)
(0.0020141844 -0.0020269637 0.049001121)
(0.00099295814 -0.0010590927 0.049000301)
(0.0010009165 -0.0020322132 0.049999946)
(0.0040247884 -0.0019517654 0.049001056)
(0.0027329757 -0.0014290996 0.048995131)
(0.0032556763 -0.0016141474 0.050005584)
(0.0046909688 -0.0023245235 0.050003347)
(-0.0026772129 -0.018587815 0.050999332)
(-0.00098988312 -0.01894121 0.051000514)
(0.0009887356 -0.018941323 0.050999106)
(0.0027289384 -0.018572124 0.051003023)
(-0.0040350919 -0.018042727 0.051002148)
(-0.0052514675 -0.017303122 0.05100145)
(-0.0047656254 -0.017629053 0.052003816)
(-0.0020150592 -0.017972135 0.050998718)
(-0.0030493833 -0.017095032 0.051001344)
(-0.0032614136 -0.018383694 0.052000665)
(-2.1675147e-06 -0.017985703 0.050999894)
(-0.0010077866 -0.016993413 0.05099988)
(-0.0010006233 -0.017967783 0.051999509)
(0.0019962431 -0.017979394 0.051001166)
(0.0010043937 -0.016994289 0.05100034)
(0.00099977283 -0.017967826 0.052000093)
(0.0040324365 -0.018044147 0.050999485)
(0.0030241524 -0.017104305 0.051002043)
(0.0032773378 -0.0183777 0.052003498)
(0.005258626 -0.017297993 0.051002279)
(0.0047209651 -0.017656824 0.052006578)
(-0.0063652856 -0.016362547 0.050995571)
(-0.0072858568 -0.015275561 0.051001128)
(-0.0068368211 -0.015848496 0.051999415)
(-0.0040752498 -0.016101681 0.050999968)
(-0.0051074062 -0.015120038 0.050999639)
(-0.0051076277 -0.016138756 0.051998634)
(0.0040719261 -0.016103558 0.051000074)
(0.0063089873 -0.01641545 0.050996826)
(0.0051032743 -0.01512352 0.050999545)
(0.0051146014 -0.016131457 0.05200009)
(0.0072814036 -0.015281776 0.051004224)
(0.0068381615 -0.015846863 0.052000294)
(-0.0080501138 -0.014021272 0.051000688)
(-0.0085790345 -0.012706161 0.05100074)
(-0.0060964911 -0.014078732 0.050999892)
(-0.0070981484 -0.013034821 0.050996158)
(-0.0070794829 -0.014056862 0.052002237)
(0.0060938791 -0.014080818 0.050999746)
(0.008042792 -0.014034971 0.050997492)
(0.0070955913 -0.013041322 0.050996981)
(0.007083846 -0.014048059 0.051999907)
(0.0085726793 -0.012727111 0.051010249)
(-0.0079776734 -0.0119982 0.050999123)
(-0.0089409668 -0.010992353 0.050999539)
(-0.008789274 -0.011917902 0.051995147)
(-0.0060415105 -0.012026432 0.050999272)
(-0.0069982813 -0.011006791 0.050999404)
(-0.0070274925 -0.012020065 0.051998748)
(0.0060414519 -0.012026399 0.050999411)
(0.0079730348 -0.012014569 0.050997048)
(0.0069980274 -0.011006491 0.050999686)
(0.0070304366 -0.012011996 0.05199945)
(0.0089414862 -0.010987079 0.050999796)
(0.0087907072 -0.011911756 0.052001587)
(-0.0079862933 -0.010001454 0.050999591)
(-0.0089418258 -0.0090163685 0.050998951)
(-0.0089999352 -0.010001968 0.05199992)
(-0.0060074356 -0.0099998634 0.050999651)
(-0.0069973838 -0.0089919882 0.050999447)
(-0.0069955871 -0.010000294 0.051999649)
(0.0060074902 -0.009998183 0.051000149)
(0.0079862921 -0.0099996064 0.050999958)
(0.0069976248 -0.0089912296 0.051000398)
(0.0069962952 -0.0099981838 0.052000128)
(0.00894172 -0.009015295 0.051000202)
(0.0089999396 -0.010001832 0.052000033)
(-0.0079724015 -0.0079872987 0.050998788)
(-0.0085781037 -0.0072907709 0.051005009)
(-0.0087924871 -0.0080958777 0.051998325)
(-0.0060400289 -0.0079693847 0.050999585)
(-0.0070912888 -0.0069472643 0.050997792)
(-0.0070246606 -0.0079733138 0.051999925)
(0.0060400458 -0.0079697239 0.051000463)
(0.0079732387 -0.0079876658 0.051001303)
(0.007095228 -0.0069572448 0.05100065)
(0.0070285611 -0.0079816683 0.052000581)
(0.0085694696 -0.007262308 0.050999195)
(0.0087864365 -0.0080699283 0.051999974)
(-0.0080503617 -0.0059791913 0.051002418)
(-0.006097292 -0.0059201102 0.051002312)
(-0.007274298 -0.0047083085 0.051001473)
(-0.0070765809 -0.0059366984 0.05200049)
(-0.0051141158 -0.0048862944 0.05100461)
(0.0060912583 -0.0059162487 0.051000238)
(0.0050976956 -0.004870759 0.051000311)
(0.0080475143 -0.0059738641 0.05099894)
(0.0072947919 -0.0047369077 0.050997694)
(0.0070806563 -0.0059458819 0.051998873)
(-0.0063754381 -0.003648293 0.05102547)
(-0.0068357715 -0.0041502243 0.052000746)
(-0.0040790163 -0.0039025937 0.051002685)
(-0.0052676577 -0.0027084796 0.051005946)
(-0.0051220101 -0.0038775631 0.051998251)
(-0.0030401565 -0.0029021749 0.051002293)
(-0.0010044397 -0.0030060721 0.051000001)
(0.0010079211 -0.0030066556 0.050999792)
(0.0040715038 -0.0038940754 0.050999508)
(0.0030485063 -0.0029045761 0.05099923)
(0.0063079668 -0.0035835946 0.051005788)
(0.005263658 -0.0027056135 0.050992314)
(0.0051069549 -0.0038605048 0.052003171)
(0.0068399982 -0.0041553745 0.051997374)
(-0.0040228825 -0.0019507466 0.050999613)
(-0.0047398607 -0.0023549264 0.052002678)
(-0.0019977733 -0.0020226981 0.051001308)
(-0.0027307253 -0.0014284169 0.050991469)
(-0.0032390814 -0.0016079015 0.051995945)
(9.3587044e-07 -0.0020143024 0.050999793)
(-0.00098783635 -0.0010585882 0.050999986)
(-0.00099900628 -0.0020318739 0.051999633)
(0.002010876 -0.0020266445 0.050999643)
(0.00098941391 -0.0010587436 0.05100003)
(0.0010005558 -0.0020322581 0.0519994)
(0.004024296 -0.0019515022 0.051000022)
(0.0027149998 -0.0014236467 0.050999397)
(0.0032847629 -0.0016250948 0.05199419)
(0.0047538465 -0.0023636233 0.052000465)
(-0.0026842896 -0.018585669 0.05300194)
(-0.00098795894 -0.018941399 0.052999444)
(0.00099097561 -0.018941102 0.052999447)
(0.0027395181 -0.018568915 0.052997744)
(-0.0040217913 -0.018049836 0.053000948)
(-0.0052663588 -0.017292451 0.052996732)
(-0.0047181415 -0.01765858 0.053995634)
(-0.0020046033 -0.017976416 0.052999816)
(-0.0030345218 -0.017100281 0.052998961)
(-0.0033004792 -0.01836899 0.054001669)
(7.8983234e-07 -0.017985682 0.053000449)
(-0.0010065497 -0.016993776 0.052999893)
(-0.0010011803 -0.017967383 0.053999934)
(0.0020066943 -0.017974795 0.053000102)
(0.0010061073 -0.016993709 0.052999933)
(0.00099816529 -0.0179683 0.05399947)
(0.0040309693 -0.018044931 0.052995554)
(0.0030443517 -0.01709677 0.052999097)
(0.0032578305 -0.018385042 0.053989348)
(0.0052493663 -0.017304628 0.052997635)
(0.0047204495 -0.017657145 0.053998991)
(-0.0063855003 -0.016340964 0.052996862)
(-0.0072898983 -0.015269922 0.053006942)
(-0.0068430241 -0.015840938 0.053998422)
(-0.0040778712 -0.016099116 0.052998784)
(-0.0051120006 -0.015115641 0.052999361)
(-0.0051203324 -0.016128652 0.053997202)
(0.0040759345 -0.016100401 0.053000331)
(0.0063682575 -0.016359374 0.053007423)
(0.0051107306 -0.015116434 0.053000914)
(0.0051204813 -0.016126093 0.054005191)
(0.007280011 -0.015283719 0.052991618)
(0.0068438642 -0.015839914 0.053998614)
(-0.0080437722 -0.014033137 0.053000422)
(-0.0085670768 -0.01274558 0.053001494)
(-0.0060981145 -0.014076758 0.05300085)
(-0.0071021643 -0.013024098 0.052999105)
(-0.0070778542 -0.014058421 0.053999566)
(0.006099117 -0.014073815 0.052999789)
(0.0080450833 -0.014030684 0.053002606)
(0.0071035351 -0.013020399 0.052999991)
(0.0070828848 -0.014049187 0.054000544)
(0.0085688573 -0.01273971 0.053004262)
(-0.0079781758 -0.011999687 0.052999086)
(-0.0089408669 -0.010993366 0.052999847)
(-0.0087847476 -0.011937315 0.053999674)
(-0.0060420292 -0.012025476 0.052999513)
(-0.006998453 -0.01100691 0.052999536)
(-0.0070271602 -0.012021714 0.053999317)
(0.0060448346 -0.012017462 0.052999745)
(0.007980553 -0.011991236 0.053000017)
(0.0070000921 -0.011000803 0.052999961)
(0.0070343126 -0.012002732 0.053998853)
(0.0089414623 -0.010987322 0.053000237)
(0.0087887771 -0.011920033 0.053995368)
(-0.0079861796 -0.0100019 0.052999667)
(-0.0089416403 -0.0090144856 0.052999396)
(-0.0089998252 -0.010005327 0.053998969)
(-0.0060073751 -0.0099996447 0.052999904)
(-0.006996878 -0.0089908998 0.053000136)
(-0.0069956277 -0.010001053 0.053999916)
(0.0060082649 -0.009995767 0.053000204)
(0.0079866184 -0.009999695 0.053000287)
(0.0069975427 -0.0089892917 0.053000296)
(0.0069962949 -0.0099953876 0.05400019)
(0.0089412188 -0.0090102064 0.052999728)
(0.0089999538 -0.010001399 0.053999945)
(-0.0079700337 -0.0079827503 0.053001403)
(-0.0085663122 -0.0072518996 0.053001877)
(-0.0087906661 -0.0080880679 0.053999279)
(-0.0060397337 -0.0079675407 0.053000431)
(-0.0070897734 -0.0069408936 0.053001108)
(-0.007025997 -0.0079757324 0.054001285)
(0.0060404898 -0.0079682351 0.053000286)
(0.0079737183 -0.0079905967 0.053000974)
(0.0070949668 -0.0069542053 0.052999942)
(0.0070223812 -0.0079641981 0.054000237)
(0.008591231 -0.0073340457 0.05300311)
(0.0087882327 -0.0080776318 0.0539999)
(-0.0080507201 -0.0059798616 0.053000128)
(-0.006100845 -0.0059247047 0.05299959)
(-0.0073018871 -0.004746809 0.052999275)
(-0.0070828499 -0.0059474847 0.054000245)
(-0.0051144402 -0.0048882703 0.052998312)
(0.0061033824 -0.005928207 0.052999256)
(0.0051183173 -0.0048920681 0.052999377)
(0.0080433504 -0.0059660739 0.053001842)
(0.0073084787 -0.0047560076 0.052994174)
(0.0070820623 -0.0059442053 0.054000597)
(-0.0063363942 -0.0036102199 0.05299986)
(-0.0068310961 -0.0041445273 0.053998263)
(-0.0040784644 -0.0039020334 0.052998621)
(-0.0052650054 -0.002706579 0.052997694)
(-0.0051330683 -0.0038893945 0.053993699)
(-0.0030568319 -0.0029082239 0.05299903)
(-0.0010075958 -0.003007037 0.052999613)
(0.0010054195 -0.0030058224 0.052999833)
(0.004080141 -0.0039035769 0.052999839)
(0.0030267229 -0.0028970528 0.052999943)
(0.0064075779 -0.0036826082 0.052998544)
(0.0052665387 -0.0027076777 0.052999773)
(0.005121854 -0.0038754146 0.05399628)
(0.0068410246 -0.0041566252 0.054002522)
(-0.0040184774 -0.0019483921 0.053000985)
(-0.0047542897 -0.0023638989 0.054004512)
(-0.0020141447 -0.0020286082 0.052998374)
(-0.0027181906 -0.0014246146 0.053005601)
(-0.0032697958 -0.0016194616 0.054000765)
(1.1359242e-06 -0.0020143524 0.052999669)
(-0.00098973976 -0.0010587757 0.052999392)
(-0.00099804047 -0.0020322038 0.054000291)
(0.0019954525 -0.0020206253 0.053000093)
(0.0009916458 -0.0010589634 0.052999575)
(0.0010011957 -0.0020324239 0.053999895)
(0.004037326 -0.0019584669 0.053000611)
(0.002734148 -0.0014294552 0.05299892)
(0.0033020865 -0.001631615 0.054004438)
(0.0046984003 -0.0023291447 0.054003614)
(-0.002723579 -0.01857375 0.055011102)
(-0.0009871397 -0.01894148 0.054999568)
(0.00098682607 -0.018941511 0.05500061)
(0.0027115294 -0.018577405 0.055007933)
(-0.0040296736 -0.018045623 0.055001103)
(-0.0052521717 -0.017302618 0.055000577)
(-0.0047444289 -0.017642233 0.056008385)
(-0.0020090582 -0.017976025 0.055002084)
(-0.0030289573 -0.017102707 0.055003479)
(-0.0032850541 -0.018374796 0.056003491)
(1.6692616e-07 -0.01798575 0.054999974)
(-0.0010067068 -0.016993764 0.05500064)
(-0.00099958762 -0.017967542 0.056000327)
(0.0019975468 -0.017977197 0.055001103)
(0.0010052813 -0.016993819 0.055000335)
(0.0010014312 -0.01796767 0.056000241)
(0.0040399049 -0.018040155 0.054997932)
(0.0030439731 -0.017096423 0.055001835)
(0.0032781679 -0.018377388 0.056001117)
(0.0052638319 -0.017294262 0.054999965)
(0.0046965893 -0.017671982 0.055994264)
(-0.0063188812 -0.016406183 0.054998508)
(-0.0073097471 -0.015242223 0.055002066)
(-0.006853915 -0.015827667 0.055997234)
(-0.0040721117 -0.016104871 0.054999541)
(-0.0051021025 -0.015124519 0.054999089)
(-0.0051079478 -0.016139385 0.055995182)
(0.00408114 -0.016096196 0.054999417)
(0.0064042178 -0.01632098 0.054984889)
(0.0051166203 -0.015110218 0.054998297)
(0.0051093399 -0.016138621 0.055997451)
(0.0073028811 -0.015251804 0.05500126)
(0.0068362549 -0.015849186 0.056000832)
(-0.0080388383 -0.014042368 0.05499795)
(-0.0085777992 -0.012710233 0.054997791)
(-0.0060947682 -0.014079919 0.054999879)
(-0.0070972837 -0.013037998 0.054999543)
(-0.0070818697 -0.014053975 0.056001076)
(0.006102307 -0.014070322 0.054999377)
(0.0080445579 -0.014031667 0.055001345)
(0.0071010516 -0.013027852 0.055001263)
(0.0070772988 -0.014057394 0.056000718)
(0.0085688432 -0.012739757 0.054995482)
(-0.0079776196 -0.011997756 0.054999295)
(-0.0089412826 -0.010989146 0.054999388)
(-0.0087854752 -0.011934195 0.056004176)
(-0.006040558 -0.012028961 0.055000019)
(-0.0069978013 -0.011008222 0.054999972)
(-0.0070251371 -0.012026712 0.056000294)
(0.0060443347 -0.012018828 0.055000194)
(0.0079782462 -0.011996517 0.055000886)
(0.0069997278 -0.011001549 0.055000339)
(0.0070300302 -0.012012617 0.055999601)
(0.0089414047 -0.010987906 0.05500103)
(0.0087909664 -0.011910644 0.055998088)
(-0.0079862865 -0.010002282 0.054999777)
(-0.0089417756 -0.0090158588 0.054999544)
(-0.0089998859 -0.010003473 0.05599991)
(-0.0060073979 -0.010001056 0.055000441)
(-0.0069977947 -0.0089932044 0.055000428)
(-0.0069954851 -0.010002141 0.056000566)
(0.0060080797 -0.0099954532 0.055000645)
(0.0079864303 -0.0099983055 0.055000146)
(0.0069968387 -0.0089871164 0.055000365)
(0.0069961945 -0.0099983836 0.056000887)
(0.0089414569 -0.009012623 0.055000252)
(0.0089997568 -0.010007417 0.056000602)
(-0.0079748435 -0.0079940302 0.055001126)
(-0.0085637672 -0.0072435098 0.054997711)
(-0.0087856453 -0.0080665347 0.0559998)
(-0.0060417899 -0.0079718329 0.055000707)
(-0.0070965659 -0.0069582585 0.05500298)
(-0.0070258792 -0.0079752285 0.055999916)
(0.0060394633 -0.0079649281 0.055000411)
(0.0079681339 -0.0079734615 0.054999118)
(0.0070891213 -0.0069389911 0.054998776)
(0.0070287182 -0.0079800171 0.056000824)
(0.0085861432 -0.0073172734 0.054994007)
(0.0087861959 -0.0080688963 0.055999112)
(-0.0080409562 -0.0059615948 0.055002988)
(-0.0061086196 -0.0059337084 0.054997221)
(-0.0073045004 -0.004750456 0.054996073)
(-0.0070833007 -0.0059485638 0.055998778)
(-0.0051280188 -0.0049025828 0.054994572)
(0.0060976412 -0.0059215324 0.055000123)
(0.0051098566 -0.004883064 0.055000988)
(0.00804794 -0.0059746605 0.054999409)
(0.0072889365 -0.0047287365 0.054996442)
(0.0070897431 -0.0059588174 0.055999906)
(-0.00641927 -0.0036950918 0.05497459)
(-0.0068296842 -0.0041428068 0.056002866)
(-0.0040849042 -0.0039089557 0.054997604)
(-0.005253752 -0.0026985149 0.055003158)
(-0.0051326293 -0.0038865348 0.055999175)
(-0.0030469005 -0.0029049557 0.054999955)
(-0.0010069598 -0.0030070068 0.054999767)
(0.0010042676 -0.0030058574 0.055000497)
(0.0040776839 -0.0039008223 0.055000919)
(0.0030313999 -0.0028991712 0.0550015)
(0.0063125 -0.0035878404 0.055002981)
(0.005275157 -0.0027138535 0.055000499)
(0.005134731 -0.0038877208 0.056005135)
(0.0068228955 -0.0041345348 0.056002284)
(-0.0040240736 -0.0019513833 0.054999954)
(-0.0046633531 -0.002307351 0.056002097)
(-0.0020055916 -0.0020253414 0.054997801)
(-0.0027251383 -0.0014267221 0.054995351)
(-0.0032717801 -0.0016202085 0.05598746)
(-1.3924045e-06 -0.0020143063 0.054999826)
(-0.00098828054 -0.001058632 0.054999701)
(-0.00099807359 -0.0020321683 0.055999609)
(0.0019934547 -0.002020449 0.055001727)
(0.0009886644 -0.0010586698 0.054999989)
(0.00099837287 -0.0020317435 0.056000124)
(0.0040377028 -0.0019586683 0.055001992)
(0.0027345691 -0.0014295829 0.055002735)
(0.0032543306 -0.0016136409 0.05599772)
(0.0047464295 -0.0023590112 0.055997407)
(-0.0027282931 -0.01857232 0.056989617)
(-0.00098610322 -0.018941582 0.057000226)
(0.00099142362 -0.018941058 0.056999883)
(0.0027259259 -0.018573038 0.05699972)
(-0.004022942 -0.018049221 0.056999146)
(-0.0052733293 -0.017287456 0.056998433)
(-0.0046968115 -0.017671844 0.058004521)
(-0.0020191657 -0.017969961 0.05699976)
(-0.0030633024 -0.017089779 0.057001825)
(-0.0032712605 -0.018379988 0.057995706)
(2.3441817e-06 -0.017985572 0.057001004)
(-0.0010073023 -0.01699313 0.057001269)
(-0.00099508734 -0.017968675 0.058001195)
(0.002007359 -0.017975684 0.056997895)
(0.0010080307 -0.016993697 0.057000902)
(0.0010036335 -0.017967549 0.058001139)
(0.0040284266 -0.01804629 0.05699876)
(0.0030378397 -0.017098917 0.056998687)
(0.0032850445 -0.0183748 0.057999157)
(0.0052727849 -0.017287846 0.057009289)
(0.0047440978 -0.017642439 0.05800543)
(-0.0063263553 -0.016399183 0.057003419)
(-0.0072829359 -0.015279638 0.056996242)
(-0.0068407634 -0.015843692 0.05800374)
(-0.0040741966 -0.016104335 0.057000672)
(-0.0050996737 -0.015128041 0.057000032)
(-0.005098925 -0.016147037 0.058001327)
(0.0040762888 -0.016101826 0.057001359)
(0.0063253803 -0.016400096 0.056994126)
(0.0051025041 -0.015126053 0.057000084)
(0.0051196224 -0.016129094 0.058000225)
(0.0072808271 -0.01528258 0.056999469)
(0.0068374623 -0.015847715 0.058001578)
(-0.008045269 -0.014030337 0.057000595)
(-0.0085924104 -0.012662067 0.05700293)
(-0.0060903018 -0.014086777 0.057000104)
(-0.0070887766 -0.013059494 0.057000641)
(-0.0070786712 -0.014057909 0.057999738)
(0.0060906477 -0.014085199 0.056999989)
(0.0080483725 -0.01402453 0.056999897)
(0.0070983004 -0.013032886 0.056998826)
(0.0070733876 -0.014066051 0.058002217)
(0.0085748949 -0.012719807 0.057001229)
(-0.0079702498 -0.012019052 0.057000401)
(-0.0089412744 -0.01098923 0.056999373)
(-0.0087882388 -0.011922342 0.0579991)
(-0.0060384799 -0.012034473 0.057001826)
(-0.0069968055 -0.011011635 0.057001453)
(-0.0070257675 -0.012026098 0.058003255)
(0.0060412471 -0.012026392 0.057001411)
(0.0079771025 -0.012001929 0.057000495)
(0.0069983541 -0.011005699 0.057001464)
(0.0070249 -0.012027571 0.058002285)
(0.0089413934 -0.010988021 0.057000199)
(0.0087849403 -0.011936488 0.05800101)
(-0.0079861541 -0.010003439 0.057000424)
(-0.0089417311 -0.0090154075 0.057000072)
(-0.0089998558 -0.0099956058 0.057999893)
(-0.0060074752 -0.010002267 0.057002242)
(-0.0069981866 -0.0089947991 0.057001153)
(-0.0069962805 -0.010001563 0.058003347)
(0.0060077355 -0.0099979353 0.057002601)
(0.0079862647 -0.010000682 0.057000961)
(0.0069973586 -0.0089894113 0.057001918)
(0.0069958273 -0.0099985715 0.058003784)
(0.0089414396 -0.009012448 0.056999968)
(0.0089999759 -0.0099992758 0.058000982)
(-0.0079764151 -0.0079993059 0.056999229)
(-0.0085795655 -0.0072955896 0.05700193)
(-0.0087926579 -0.0080966103 0.057999675)
(-0.0060417392 -0.0079729971 0.057001471)
(-0.0070963781 -0.0069596508 0.056998514)
(-0.0070289668 -0.0079830082 0.058002268)
(0.0060404484 -0.0079676984 0.057002556)
(0.0079708953 -0.0079841499 0.057001117)
(0.0070907576 -0.0069425745 0.057000677)
(0.0070249942 -0.0079709236 0.058004685)
(0.0085755346 -0.0072823017 0.057001918)
(0.008785663 -0.0080666109 0.058000303)
(-0.0080477851 -0.0059743707 0.056999431)
(-0.0060992263 -0.0059236325 0.057001429)
(-0.007286755 -0.0047256923 0.056998857)
(-0.0070789166 -0.0059424098 0.058002451)
(-0.005115566 -0.0048876973 0.057002795)
(0.0061031196 -0.0059279285 0.057001014)
(0.0051190743 -0.0048920477 0.057001694)
(0.008049964 -0.0059784471 0.056999295)
(0.0072994721 -0.004743439 0.056996803)
(0.007081798 -0.0059472172 0.058001468)
(-0.0063502455 -0.0036231929 0.057012674)
(-0.0068402338 -0.0041556616 0.058001528)
(-0.0040836348 -0.0039050563 0.057001868)
(-0.0052737658 -0.0027128566 0.057002068)
(-0.0051259046 -0.0038777461 0.058001135)
(-0.0030523806 -0.0029071294 0.057002437)
(-0.0010071477 -0.0030071716 0.057001489)
(0.001005508 -0.0030059908 0.05700163)
(0.0040824514 -0.0039054152 0.057001403)
(0.0030346189 -0.0029005294 0.057000487)
(0.0063811056 -0.003654344 0.056999289)
(0.0052785915 -0.0027163147 0.056997058)
(0.0051161313 -0.0038686396 0.05800267)
(0.0068246988 -0.0041367321 0.058000213)
(-0.0040336804 -0.0019565183 0.05699816)
(-0.0046940221 -0.0023264222 0.057996228)
(-0.0020079771 -0.0020264656 0.05700278)
(-0.0027272995 -0.0014273777 0.057004501)
(-0.0032731058 -0.0016207074 0.058001726)
(7.3746503e-07 -0.0020142998 0.057000832)
(-0.00098454588 -0.0010582642 0.056999926)
(-0.00099919888 -0.0020323646 0.058001662)
(0.0020052941 -0.0020241384 0.057000799)
(0.00098781987 -0.0010585866 0.056999738)
(0.0010005812 -0.0020322078 0.058002063)
(0.0040349241 -0.001957183 0.056997839)
(0.0027180438 -0.00142457 0.057003037)
(0.0032785685 -0.0016227634 0.058011297)
(0.0047185052 -0.0023416467 0.058003332)
(-0.0027568146 -0.018563668 0.058998191)
(-0.00098197957 -0.018941988 0.059002815)
(0.00099335097 -0.018940868 0.059002495)
(0.0027617671 -0.018562166 0.059002564)
(-0.0040304142 -0.018045227 0.059001732)
(-0.0052635118 -0.017294491 0.058997506)
(-0.0047165152 -0.017659591 0.060009398)
(-0.0019812442 -0.017984606 0.059001494)
(-0.0030136856 -0.017108577 0.059003194)
(-0.0032556796 -0.018385852 0.060007798)
(3.7856562e-06 -0.017986588 0.059003943)
(-0.0010000476 -0.016996606 0.059005942)
(-0.00099576928 -0.017969714 0.060009692)
(0.0020050259 -0.017976348 0.059004809)
(0.0010081596 -0.016995246 0.059006621)
(0.0010012628 -0.017969501 0.060010422)
(0.0040372674 -0.018041564 0.059003664)
(0.0030404319 -0.01709775 0.05900606)
(0.0032521459 -0.018387182 0.060010237)
(0.0052932205 -0.017273202 0.058998311)
(0.004669159 -0.017689039 0.060003942)
(-0.0063357904 -0.016390346 0.058993727)
(-0.0072861221 -0.015275191 0.059000294)
(-0.0068446089 -0.015839007 0.06000539)
(-0.0040735005 -0.016102864 0.05900455)
(-0.0051058193 -0.015121667 0.059003423)
(-0.0051340552 -0.016113665 0.060009404)
(0.0040810163 -0.016098436 0.059005228)
(0.0063328475 -0.016393102 0.058990753)
(0.0051084233 -0.015120754 0.059004634)
(0.0051229487 -0.016126079 0.060010775)
(0.0072840614 -0.015278067 0.059010142)
(0.0068367748 -0.015848553 0.060011478)
(-0.0080439647 -0.014032777 0.058999799)
(-0.0085669368 -0.012746041 0.059006941)
(-0.0060952841 -0.014080913 0.059003928)
(-0.0070963257 -0.01304098 0.059004452)
(-0.0070848228 -0.014049079 0.060009642)
(0.0060937107 -0.014083751 0.059006188)
(0.0080467143 -0.014027633 0.059003083)
(0.0070901846 -0.013057152 0.059003126)
(0.0070853165 -0.014048033 0.060011069)
(0.0085714708 -0.012731095 0.059002209)
(-0.0079749422 -0.012007069 0.059004043)
(-0.0089416306 -0.010985613 0.059001968)
(-0.0087875999 -0.011925082 0.060005147)
(-0.0060423177 -0.012029279 0.059007741)
(-0.0069993222 -0.011008072 0.059006947)
(-0.0070307785 -0.012019526 0.060012758)
(0.006041248 -0.01203176 0.059007773)
(0.0079702002 -0.012020365 0.059002625)
(0.0069985432 -0.011008602 0.059007034)
(0.0070309204 -0.012019158 0.060013493)
(0.0089416852 -0.010985058 0.059001706)
(0.0087872039 -0.01192678 0.060009105)
(-0.0079868046 -0.010001327 0.059004156)
(-0.0089417568 -0.0090156687 0.059001119)
(-0.0089999075 -0.010002814 0.060005812)
(-0.0060099334 -0.010000393 0.059008543)
(-0.0069990977 -0.0089924297 0.059006864)
(-0.0069999216 -0.010000182 0.060013722)
(0.0060094413 -0.0099984215 0.059008958)
(0.0079864966 -0.0099991343 0.059004613)
(0.0069983207 -0.0089886329 0.059007393)
(0.0069997405 -0.009997834 0.060014421)
(0.0089411482 -0.0090094896 0.059001641)
(0.0089999451 -0.0099983354 0.060007337)
(-0.0079709113 -0.0079837835 0.059002806)
(-0.008558164 -0.0072250386 0.05900404)
(-0.0087896196 -0.0080835797 0.060008868)
(-0.0060419196 -0.0079692834 0.059008262)
(-0.007090325 -0.0069427271 0.059005563)
(-0.0070301381 -0.0079788987 0.060014088)
(0.006041168 -0.0079667244 0.059008514)
(0.0079717329 -0.0079824438 0.059003948)
(0.0070931504 -0.0069498979 0.059004759)
(0.0070284061 -0.0079743937 0.060013636)
(0.0085525062 -0.0072063876 0.059000262)
(0.0087894799 -0.0080829806 0.060008309)
(-0.0080468384 -0.0059725996 0.059000744)
(-0.0060945788 -0.0059173344 0.059007333)
(-0.0072858842 -0.0047244771 0.059002377)
(-0.0070804593 -0.0059451881 0.060011944)
(-0.0051097498 -0.0048806501 0.059007931)
(0.0060976946 -0.0059201349 0.059005315)
(0.0051100803 -0.0048826364 0.059005539)
(0.0080457706 -0.0059706018 0.05899907)
(0.0072854803 -0.0047239134 0.059002477)
(0.0070796057 -0.0059426267 0.060009819)
(-0.0063227724 -0.0035974616 0.059010863)
(-0.0068385961 -0.004153666 0.060009279)
(-0.0040827356 -0.0039026203 0.059006379)
(-0.0052923546 -0.0027261771 0.05899813)
(-0.0051215434 -0.0038733191 0.060012852)
(-0.0030466983 -0.0029048273 0.059002733)
(-0.0010071073 -0.0030058008 0.059006809)
(0.0010060192 -0.0030049697 0.059007256)
(0.0040745109 -0.003898492 0.059006239)
(0.0030365021 -0.002899862 0.05900545)
(0.006359043 -0.0036314327 0.05899817)
(0.0052432759 -0.0026910078 0.059000319)
(0.0051235137 -0.0038783663 0.060010613)
(0.0068463805 -0.0041631514 0.060006041)
(-0.0040402952 -0.0019600539 0.059001674)
(-0.0047203411 -0.0023427883 0.060019823)
(-0.0020067611 -0.0020251975 0.059003067)
(-0.0027554388 -0.0014359137 0.059003149)
(-0.0032923504 -0.0016279506 0.060009965)
(1.1877269e-06 -0.0020138978 0.059004631)
(-0.00098552823 -0.0010583609 0.059002266)
(-0.00099867093 -0.0020310265 0.060010996)
(0.0020023481 -0.0020230984 0.059004662)
(0.00099126306 -0.0010589257 0.059001353)
(0.001000584 -0.0020305982 0.060011232)
(0.0040198411 -0.001949121 0.059001891)
(0.0026955757 -0.0014177544 0.059001222)
(0.0032346018 -0.0016062155 0.060009259)
(0.0046980116 -0.002328903 0.060012305)
(-0.002721717 -0.018574315 0.061019962)
(-0.00098507344 -0.018941684 0.061017886)
(0.00098869849 -0.018941326 0.061018644)
(0.0027318347 -0.018571246 0.061023275)
(-0.0040150237 -0.018053454 0.061020052)
(-0.0052641142 -0.01729406 0.061019058)
(-0.0047550675 -0.017635618 0.062053399)
(-0.002024536 -0.017971239 0.061023117)
(-0.003056101 -0.017094816 0.061024355)
(-0.0032550285 -0.018386097 0.062046715)
(3.6893168e-07 -0.017989534 0.061022886)
(-0.0010091899 -0.01700189 0.0610242)
(-0.0010023529 -0.017978109 0.062044018)
(0.001994488 -0.017981757 0.061024166)
(0.0010040138 -0.017003832 0.061025127)
(0.00099890805 -0.017978978 0.062045972)
(0.0040259491 -0.018047614 0.061024663)
(0.003020443 -0.017108251 0.061025431)
(0.0032472975 -0.018389006 0.062044503)
(0.0052547364 -0.01730078 0.061023714)
(0.0047343275 -0.017648515 0.062052697)
(-0.0063851894 -0.016341296 0.061015396)
(-0.007294444 -0.015263578 0.061018871)
(-0.0068289419 -0.015858097 0.062046575)
(-0.004084581 -0.016096999 0.061025114)
(-0.0051219504 -0.015107006 0.0610246)
(-0.0051324829 -0.016118335 0.062054741)
(-0.0030596518 -0.016089754 0.062036594)
(-0.0010185955 -0.01604321 0.062027876)
(0.0010128282 -0.016043861 0.062028968)
(0.0040739348 -0.01610546 0.061028)
(0.0030507798 -0.016093401 0.062039184)
(0.0063259719 -0.016399542 0.061024467)
(0.0051076751 -0.015120185 0.06102779)
(0.0051180625 -0.016133183 0.062053712)
(0.0073027913 -0.015251929 0.061018989)
(0.0068419911 -0.015842196 0.062053371)
(-0.0080482529 -0.014024754 0.061018212)
(-0.008572882 -0.012726443 0.061015134)
(-0.0061067773 -0.01407223 0.06102463)
(-0.0071041255 -0.013029354 0.061025082)
(-0.0070824545 -0.014061481 0.062047388)
(-0.0051003354 -0.014080136 0.06203623)
(-0.0030524201 -0.014055899 0.062018277)
(-0.0010156368 -0.01403476 0.062011405)
(0.0010128267 -0.014034996 0.062011884)
(0.0030491923 -0.014057235 0.062019792)
(0.0061026552 -0.014074806 0.061027342)
(0.0050979488 -0.014081819 0.062039398)
(0.0080518939 -0.014017942 0.061022019)
(0.0071056798 -0.013026796 0.061024435)
(0.0070892734 -0.014051128 0.062052962)
(0.0085678972 -0.012742875 0.061027176)
(-0.007978751 -0.012003123 0.061023525)
(-0.0089415515 -0.010986416 0.061018422)
(-0.0087920311 -0.011906078 0.062046023)
(-0.0060513414 -0.012026885 0.061023706)
(-0.0070070466 -0.011006402 0.061024707)
(-0.0070421334 -0.012024991 0.062042287)
(-0.005056784 -0.012031924 0.062021404)
(-0.0030308239 -0.012022182 0.062009124)
(-0.0010090418 -0.012014315 0.062005147)
(0.0010082545 -0.012014376 0.062005336)
(0.0030306113 -0.012022419 0.062009751)
(0.0060524653 -0.012025758 0.061024676)
(0.0050586596 -0.012031639 0.062022636)
(0.0079796363 -0.011999936 0.061024319)
(0.0070079828 -0.011005009 0.061025751)
(0.0070458958 -0.012020579 0.062043403)
(0.008941409 -0.010987863 0.061020244)
(0.0087918408 -0.011906894 0.062045511)
(-0.007989954 -0.010000804 0.061023188)
(-0.0089418865 -0.0090169849 0.061018486)
(-0.008999963 -0.010001118 0.062044005)
(-0.0060200385 -0.0099980763 0.061022305)
(-0.0070058107 -0.0089893457 0.061024873)
(-0.0070170813 -0.0099974586 0.062037561)
(-0.0050375019 -0.0099973121 0.062017225)
(-0.0030217511 -0.0099986281 0.062006935)
(-0.001006363 -0.0099993013 0.062003728)
(0.0010062554 -0.0099992926 0.062003788)
(0.003022177 -0.0099986594 0.062007121)
(0.0060206625 -0.0099970705 0.061023031)
(0.0050390577 -0.0099974974 0.062017622)
(0.0079901477 -0.0099974994 0.06102459)
(0.0070060803 -0.0089882534 0.06102559)
(0.007018488 -0.0099966366 0.062038847)
(0.0089411829 -0.0090098417 0.061019253)
(0.0089998833 -0.0099964461 0.062046032)
(-0.0079737227 -0.0079857389 0.06102306)
(-0.008580144 -0.0072974968 0.061022431)
(-0.0087822184 -0.0080518376 0.062046407)
(-0.0060486972 -0.0079650173 0.061024495)
(-0.007095273 -0.0069468816 0.061023865)
(-0.0070387893 -0.007962756 0.062043633)
(-0.0050547292 -0.007961196 0.062022418)
(-0.0030294338 -0.0079743392 0.062009661)
(-0.0010083931 -0.0079838304 0.062005422)
(0.0010083281 -0.0079836845 0.062005409)
(0.0030297278 -0.0079738274 0.062009521)
(0.0060488265 -0.007965189 0.061024421)
(0.0050555095 -0.0079610227 0.062021895)
(0.0079759111 -0.0079939066 0.06102561)
(0.0070960078 -0.006949029 0.061024423)
(0.0070403787 -0.0079670967 0.062043413)
(0.0085748415 -0.007280017 0.061013101)
(0.0087833543 -0.0080567093 0.062046966)
(-0.0080526158 -0.0059834082 0.061018672)
(-0.0061030538 -0.0059218002 0.061026754)
(-0.0072938966 -0.0047356583 0.06101948)
(-0.0070845655 -0.0059413349 0.062051312)
(-0.0051162654 -0.0048865715 0.061027391)
(-0.0050963194 -0.0059135558 0.062038898)
(-0.0030493061 -0.0059392834 0.062019826)
(-0.0010139224 -0.0059622103 0.062012302)
(0.0010138014 -0.0059618912 0.062012234)
(0.0030489746 -0.0059374249 0.06201934)
(0.0061034822 -0.0059218894 0.061025439)
(0.0051203011 -0.0048900042 0.061026505)
(0.0050923246 -0.0059071129 0.062036919)
(0.0080509683 -0.005980326 0.061019123)
(0.0072939319 -0.0047357077 0.061017368)
(0.0070828254 -0.0059378747 0.062048326)
(-0.0063801825 -0.0036533584 0.061018013)
(-0.006819099 -0.0041299087 0.062049514)
(-0.0040818365 -0.0038996424 0.06102777)
(-0.0052548439 -0.0026992974 0.061024706)
(-0.0051261422 -0.0038741411 0.062054395)
(-0.0030532294 -0.0029035893 0.061027093)
(-0.0030560772 -0.0039062748 0.062039978)
(-0.0010084058 -0.0029975831 0.061026503)
(-0.0010158549 -0.0039535524 0.062030323)
(0.0010080053 -0.0029969916 0.06102631)
(0.0010175495 -0.0039537899 0.062030125)
(0.0040859729 -0.0039030831 0.061027556)
(0.0030401119 -0.0028993733 0.061026023)
(0.0030615986 -0.0039072337 0.062038619)
(0.0064039298 -0.0036787132 0.061024812)
(0.0052995226 -0.0027313136 0.061023818)
(0.0051047087 -0.0038518136 0.062050576)
(0.0068195621 -0.0041304731 0.062048269)
(-0.0040245583 -0.0019516424 0.061021769)
(-0.0046956403 -0.0023274284 0.06204126)
(-0.0020157901 -0.0020262899 0.061026702)
(-0.0027739431 -0.0014415269 0.061025118)
(-0.0032360676 -0.0016067672 0.062048817)
(1.5111475e-06 -0.0020104857 0.061024096)
(-0.00098437633 -0.0010582475 0.06101959)
(-0.001000001 -0.0020211622 0.062048022)
(0.0020018336 -0.0020214376 0.061026297)
(0.00098754533 -0.0010585596 0.061019046)
(0.0010053506 -0.0020223363 0.062047139)
(0.0040241123 -0.001951404 0.061023935)
(0.0027388842 -0.0014308919 0.061014193)
(0.0033215168 -0.001638928 0.062034796)
(0.004624016 -0.0022828896 0.062045288)
(-0.002734393 -0.01857047 0.063090317)
(-0.00099276795 -0.018940926 0.063077537)
(0.00098888293 -0.018941308 0.063079678)
(0.0027898485 -0.018553648 0.063096373)
(-0.0040226949 -0.018049353 0.063089651)
(-0.0052643271 -0.017293907 0.0631006)
(-0.0020192141 -0.017999076 0.06307969)
(-0.0030587338 -0.017119496 0.063069826)
(-1.8960518e-06 -0.018020217 0.063072393)
(-0.0010186032 -0.017046521 0.063045819)
(0.0019911803 -0.018004915 0.063087708)
(0.0010111243 -0.017046552 0.063047727)
(0.0040363007 -0.018042081 0.063104043)
(0.003054832 -0.017119349 0.063081345)
(0.0052691151 -0.017290476 0.063105951)
(-0.0063741423 -0.016353091 0.063084045)
(-0.007286947 -0.01527404 0.06308002)
(-0.0041011554 -0.016115393 0.063062604)
(-0.0051319063 -0.015118231 0.063057399)
(-0.0020440167 -0.016073825 0.063030429)
(-0.0030649118 -0.015078473 0.063023956)
(-0.0030902826 -0.016122596 0.06403006)
(-2.5228291e-06 -0.016050785 0.063023444)
(-0.0010186355 -0.015045619 0.063013668)
(-0.0010242335 -0.016069178 0.064012504)
(0.0020371073 -0.016074287 0.063032915)
(0.0010146187 -0.015045645 0.063014263)
(0.0010187394 -0.01606781 0.064012962)
(0.0040976148 -0.016117401 0.063068039)
(0.0030602724 -0.015080023 0.063026159)
(0.0030837009 -0.016122982 0.064032661)
(0.0063747595 -0.016352432 0.063105488)
(0.0051284699 -0.015121266 0.063063734)
(0.0072940187 -0.015264172 0.063102023)
(-0.0080407509 -0.014038789 0.063090593)
(-0.0085753876 -0.012718183 0.063086886)
(-0.0061223251 -0.014093281 0.063058865)
(-0.0071178533 -0.013055704 0.063068369)
(-0.0040780023 -0.014070369 0.063022102)
(-0.0050822444 -0.013056741 0.063023905)
(-0.005120204 -0.014095501 0.064023144)
(-0.0020302545 -0.014040591 0.06300994)
(-0.0030375574 -0.013034184 0.063008916)
(-0.0030467826 -0.014048688 0.064005802)
(-1.1727625e-06 -0.014028561 0.063007407)
(-0.0010101456 -0.013019787 0.063004864)
(-0.0010111014 -0.014024058 0.064002728)
(0.0020275116 -0.014040978 0.063010683)
(0.0010087841 -0.013019853 0.063005072)
(0.0010091448 -0.014023987 0.06400285)
(0.0040759034 -0.014071882 0.063024112)
(0.0030365065 -0.013034641 0.063009653)
(0.0030441308 -0.014049516 0.064006272)
(0.0061246445 -0.014090204 0.063066441)
(0.0050842304 -0.01305692 0.063026025)
(0.0051194148 -0.014096976 0.064024874)
(0.0080461778 -0.014028636 0.063096671)
(0.0071219913 -0.013059029 0.063077386)
(0.0085684149 -0.012741169 0.063088858)
(-0.0080012736 -0.0119997 0.063087729)
(-0.0089413387 -0.010988577 0.063085623)
(-0.0060729057 -0.012035897 0.063031205)
(-0.0070452292 -0.011011057 0.063049122)
(-0.0071096737 -0.01204709 0.064051443)
(-0.0040419518 -0.012025694 0.063009979)
(-0.0050449783 -0.011013405 0.06301399)
(-0.0050586127 -0.012031223 0.064007561)
(-0.002015479 -0.012014143 0.063004203)
(-0.0030201855 -0.011008055 0.063004871)
(-0.0030188606 -0.012013462 0.064002055)
(-3.2975727e-07 -0.012010027 0.063003033)
(-0.0010052954 -0.011004712 0.063002511)
(-0.0010039439 -0.012005862 0.064000995)
(0.0020149752 -0.01201426 0.063004468)
(0.0010050514 -0.011004735 0.063002584)
(0.0010035423 -0.012005873 0.064001035)
(0.0040429296 -0.01202598 0.063010663)
(0.0030205339 -0.011008192 0.06300512)
(0.003018847 -0.01201359 0.064002199)
(0.006078219 -0.012036855 0.063032897)
(0.0050475094 -0.011013819 0.06301455)
(0.0050625345 -0.012031463 0.064007938)
(0.0079975206 -0.012026348 0.063089982)
(0.0070489228 -0.011013025 0.063050468)
(0.0071272781 -0.012046902 0.06405101)
(0.0089411264 -0.010990732 0.063089922)
(-0.0080195672 -0.009997567 0.063075648)
(-0.0089407333 -0.0090052767 0.063083249)
(-0.0060486804 -0.0099964461 0.063023954)
(-0.007043427 -0.0089781178 0.063048902)
(-0.0070850154 -0.0099958658 0.064032362)
(-0.0040280154 -0.0099982147 0.063007431)
(-0.0050438931 -0.0089806341 0.06301429)
(-0.005037526 -0.0099978051 0.064005052)
(-0.002010221 -0.0099992705 0.063003023)
(-0.0030195359 -0.0089894215 0.063005028)
(-0.0030106354 -0.009999328 0.064001425)
(-5.2100089e-08 -0.0099995594 0.063002106)
(-0.0010050333 -0.0089941502 0.063002586)
(-0.001002056 -0.0099997867 0.064000678)
(0.0020103304 -0.0099992977 0.063003101)
(0.001005038 -0.0089941213 0.063002599)
(0.0010020346 -0.0099998008 0.064000689)
(0.0040291356 -0.0099984593 0.063007603)
(0.0030200377 -0.0089893902 0.063005035)
(0.0030110208 -0.00999944 0.064001462)
(0.006051647 -0.0099973302 0.063024494)
(0.0050456216 -0.0089812729 0.063014175)
(0.0050396712 -0.0099985064 0.064005138)
(0.00802091 -0.0099971179 0.063079889)
(0.0070454201 -0.0089806314 0.063048728)
(0.0070909576 -0.0099972374 0.064033562)
(0.0089406785 -0.0090047199 0.063085961)
(-0.0079917673 -0.0079612597 0.063090628)
(-0.0085602303 -0.0072318504 0.063098993)
(-0.0060706362 -0.0079530122 0.06303274)
(-0.0071136544 -0.0069259064 0.063077565)
(-0.0071105136 -0.0079379739 0.064051213)
(-0.0040400401 -0.0079693774 0.063010538)
(-0.0050788332 -0.0069349397 0.063025827)
(-0.0050562924 -0.0079615169 0.064007886)
(-0.0020144988 -0.0079837419 0.063004459)
(-0.0030350081 -0.0069615039 0.063009609)
(-0.0030175108 -0.0079841169 0.064002176)
(-3.0336239e-08 -0.0079886434 0.063003145)
(-0.0010090622 -0.0069780515 0.063005207)
(-0.0010035152 -0.0079933105 0.064001051)
(0.0020146446 -0.0079835171 0.063004427)
(0.0010089437 -0.006977851 0.063005185)
(0.0010035247 -0.0079932983 0.064001049)
(0.0040410981 -0.0079690179 0.063010266)
(0.003035353 -0.0069604429 0.063009395)
(0.0030181073 -0.007983988 0.064002137)
(0.0060728172 -0.0079551321 0.063031217)
(0.0050801771 -0.0069331396 0.063024612)
(0.0050590418 -0.0079622953 0.064007549)
(0.007996308 -0.0079829085 0.063082732)
(0.0071138475 -0.0069277316 0.063070624)
(0.0071138313 -0.0079436039 0.064047773)
(0.0085986508 -0.0073585052 0.063074311)
(-0.0080481331 -0.0059750218 0.063092883)
(-0.0061204399 -0.0059024599 0.063065314)
(-0.0072856162 -0.0047241031 0.063099486)
(-0.0040730863 -0.0059222227 0.063023901)
(-0.0051271496 -0.0048760279 0.063062886)
(-0.0051116609 -0.0058921459 0.064024658)
(-0.0020276012 -0.0059552748 0.063010825)
(-0.0030602543 -0.0049144496 0.063026235)
(-0.0030419259 -0.0059448786 0.064006263)
(-1.368994e-07 -0.00596858 0.06300784)
(-0.0010161794 -0.0049501778 0.063014843)
(-0.0010095536 -0.0059732855 0.064002943)
(0.002027342 -0.0059544494 0.063010743)
(0.00101582 -0.004949883 0.063014854)
(0.0010091182 -0.0059730877 0.064002947)
(0.0040730285 -0.0059184649 0.063023103)
(0.0030594295 -0.0049121477 0.06302604)
(0.0030421523 -0.0059430592 0.064006199)
(0.0061193125 -0.0058958163 0.063061928)
(0.005122611 -0.004865991 0.063059959)
(0.0051166505 -0.0058861404 0.064023962)
(0.008043083 -0.0059655738 0.063083145)
(0.00728319 -0.0047207173 0.063092654)
(-0.0063971721 -0.0036714981 0.063104114)
(-0.0040975723 -0.0038789459 0.063067375)
(-0.0052691002 -0.0027095133 0.063101292)
(-0.0020405175 -0.0039201138 0.063033751)
(-0.0030625138 -0.0028789249 0.063081952)
(-0.0030805101 -0.0038629676 0.06403277)
(1.3280237e-07 -0.0039444074 0.063024987)
(-0.001015111 -0.0029495797 0.063050112)
(-0.001020419 -0.0039244889 0.064013553)
(0.002040723 -0.0039200583 0.063034219)
(0.001016909 -0.0029497912 0.063050327)
(0.0010189506 -0.0039237108 0.06401364)
(0.0040929951 -0.0038726726 0.06306592)
(0.0030697449 -0.002881597 0.063085681)
(0.00307707 -0.0038607999 0.064033993)
(0.006377715 -0.0036507239 0.063097972)
(0.0052631854 -0.0027052748 0.063092945)
(-0.0040390961 -0.001959413 0.06310047)
(-0.0020207761 -0.0020010073 0.063090509)
(-0.0027311472 -0.0014285449 0.063107007)
(1.3888009e-06 -0.0019784516 0.063076838)
(-0.00098758803 -0.0010585638 0.063084711)
(0.0020186024 -0.002001781 0.06309392)
(0.00099125423 -0.0010589249 0.063084573)
(0.0040272931 -0.0019531041 0.063107398)
(0.0027576658 -0.0014365892 0.063079167)
(-0.0020532873 -0.016092431 0.064999998)
(-0.00306379 -0.015076262 0.064999998)
(-1.9617547e-06 -0.016059219 0.064999998)
(-0.0010142156 -0.015034898 0.064999998)
(0.002045758 -0.016091806 0.064999998)
(0.0010112831 -0.015034367 0.064999998)
(0.0030589187 -0.015078207 0.064999998)
(-0.004071815 -0.014063065 0.064999998)
(-0.0050795407 -0.01305327 0.064999998)
(-0.0020187442 -0.014024205 0.064999998)
(-0.0030212318 -0.013018811 0.064999998)
(-5.9474462e-07 -0.014012775 0.064999998)
(-0.0010035503 -0.013006027 0.064999998)
(0.002016716 -0.014024108 0.064999998)
(0.0010029426 -0.013005978 0.064999998)
(0.0040692539 -0.014065228 0.064999998)
(0.0030203959 -0.013019013 0.064999998)
(0.0050839326 -0.013053557 0.064999998)
(-0.0060892709 -0.012041704 0.064999998)
(-0.0071047672 -0.011021231 0.064999998)
(-0.0040251142 -0.012015468 0.064999998)
(-0.0050346837 -0.011010296 0.064999998)
(-0.0020044541 -0.012003959 0.064999998)
(-0.0030062105 -0.011002758 0.064999998)
(-9.7459082e-08 -0.01200149 0.064999998)
(-0.0010006623 -0.011000578 0.064999998)
(0.002004212 -0.012003976 0.064999998)
(0.0010005901 -0.011000577 0.064999998)
(0.004025968 -0.012015498 0.064999998)
(0.0030063253 -0.011002795 0.064999998)
(0.0061021232 -0.012043405 0.064999998)
(0.0050374493 -0.011010659 0.064999998)
(0.0071159825 -0.011022273 0.064999998)
(-0.0060594076 -0.0099970174 0.064999998)
(-0.0071027728 -0.0089670922 0.064999998)
(-0.0040125185 -0.0099992885 0.064999998)
(-0.005033661 -0.0089858442 0.064999998)
(-0.0020014954 -0.0099999036 0.064999998)
(-0.003005818 -0.0089964662 0.064999998)
(-8.9023806e-09 -0.0099999903 0.064999998)
(-0.0010005644 -0.0089993202 0.064999998)
(0.0020015218 -0.0099999382 0.064999998)
(0.001000585 -0.0089993461 0.064999998)
(0.0040132146 -0.0099995339 0.064999998)
(0.0030061021 -0.0089966029 0.064999998)
(0.0060641514 -0.0099985415 0.064999998)
(0.0050351449 -0.0089868613 0.064999998)
(0.0071098754 -0.0089707263 0.064999998)
(-0.0060874145 -0.007946963 0.064999998)
(-0.0040233115 -0.0079813608 0.064999998)
(-0.0050757125 -0.0069364795 0.064999998)
(-0.0020039623 -0.0079953756 0.064999998)
(-0.0030189148 -0.0069781919 0.064999998)
(1.3335056e-09 -0.0079983703 0.064999998)
(-0.0010029756 -0.0069932356 0.064999998)
(0.0020040678 -0.0079954247 0.064999998)
(0.0010029095 -0.0069932711 0.064999998)
(0.0040247264 -0.0079815422 0.064999998)
(0.003019653 -0.0069777161 0.064999998)
(0.0060920825 -0.007949806 0.064999998)
(0.0050801248 -0.0069349834 0.064999998)
(-0.0040641987 -0.0059260906 0.064999998)
(-0.0020163699 -0.005972671 0.064999998)
(-0.0030574358 -0.0049119347 0.064999998)
(-1.5839686e-07 -0.0059858213 0.064999998)
(-0.0010121209 -0.0049614877 0.064999998)
(0.0020159088 -0.0059723322 0.064999998)
(0.0010107196 -0.0049613056 0.064999998)
(0.0040662551 -0.0059233866 0.064999998)
(0.0030529147 -0.0049107745 0.064999998)
(-0.0020473696 -0.0038957863 0.064999998)
(-8.6338469e-07 -0.0039335479 0.064999998)
(0.00204267 -0.0038944357 0.064999998)
(-0.0088020958 -0.011905913 -6.1469568e-31)
(-0.0089999996 -0.01 -7.7770702e-42)
(-0.0088148902 -0.0080915812 -3.2643373e-38)
(-0.0068460717 -0.015836107 3.2217741e-18)
(-0.0070786675 -0.014048748 -5.8631397e-23)
(-0.0070223534 -0.012014518 -1.0662371e-28)
(-0.0069969771 -0.0099900927 -5.4262172e-32)
(-0.0070242263 -0.007972617 -6.9775561e-34)
(-0.0070758007 -0.0059484852 4.6578928e-37)
(-0.0068501377 -0.0041581122 9.6062553e-41)
(-0.0046956193 -0.017673387 1.0567271e-14)
(-0.0051107051 -0.016115862 2.3630611e-19)
(-0.0051094527 -0.0038820935 1.8311509e-39)
(-0.0047024066 -0.0023159779 3.0775539e-45)
(-0.0033065545 -0.018374264 5.6707393e-14)
(-0.003301077 -0.0016324335 -1.4602695e-43)
(-0.0010009322 -0.017971424 6.2777886e-15)
(-0.000999302 -0.002022364 -1.7844022e-42)
(0.00099958219 -0.017971771 6.2498104e-15)
(0.0010002425 -0.0020225513 -1.6309966e-42)
(0.0033065545 -0.018374264 5.7586855e-14)
(0.003301077 -0.0016324335 -1.1535983e-43)
(0.0047051332 -0.017686863 -3.3286894e-14)
(0.0051115311 -0.016115759 1.2776754e-20)
(0.005109707 -0.0038821909 3.4648982e-39)
(0.0047024066 -0.0023159779 4.5631213e-45)
(0.0068460722 -0.015836108 2.1581941e-18)
(0.0070784133 -0.014050498 -3.7774931e-23)
(0.0070201958 -0.012023706 1.3105528e-28)
(0.0069968564 -0.0099995616 -1.7599675e-32)
(0.0070254189 -0.0079807977 -2.3411882e-34)
(0.0070766626 -0.0059503732 -2.3113609e-37)
(0.0068501377 -0.0041581122 3.3740854e-40)
(0.0088020856 -0.01190591 -5.0334712e-31)
(0.0089999996 -0.01 2.6540156e-41)
(0.0088124497 -0.0080922675 -1.5118749e-38)
(-0.0030621574 -0.01607726 0.00099869462)
(0.003059811 -0.016077516 0.0009988532)
(-0.0030506639 -0.0039200711 0.00099588073)
(0.0030555185 -0.0039209741 0.0010001744)
(-0.0030533541 -0.016084422 0.0029955004)
(0.0030571372 -0.01608268 0.0029976055)
(-0.0030571492 -0.0039192614 0.0029958659)
(0.0030592566 -0.0039189115 0.0029989972)
(-0.003054562 -0.01608513 0.0049985151)
(0.0030584893 -0.016082998 0.0049987774)
(-0.0030550949 -0.0039166431 0.0049998282)
(0.0030569238 -0.003917383 0.0050000081)
(-0.0030542691 -0.016084774 0.0069987556)
(0.0030607898 -0.016080809 0.0069992346)
(-0.0030494092 -0.0039142196 0.0069996466)
(0.0030588512 -0.0039166997 0.0069998299)
(-0.0030589305 -0.016083079 0.0090007762)
(0.0030572834 -0.016082073 0.008999569)
(-0.0030564315 -0.0039168558 0.0089993795)
(0.0030552544 -0.0039163738 0.0090010438)
(-0.0030544437 -0.016084252 0.011000567)
(0.003057368 -0.016081773 0.011000341)
(-0.003054662 -0.0039160864 0.010999336)
(0.0030579614 -0.0039183866 0.011000272)
(-0.0030528551 -0.016084178 0.013000719)
(0.0030612207 -0.016080087 0.012999323)
(-0.0030478272 -0.0039128981 0.012998825)
(0.0030575155 -0.0039181236 0.013000288)
(-0.0030505017 -0.016085319 0.015000372)
(0.0030525201 -0.016086113 0.015000283)
(-0.0030520689 -0.0039139897 0.014999557)
(0.0030545226 -0.0039161427 0.015000024)
(-0.003050463 -0.016084883 0.0169998)
(0.0030518913 -0.016085916 0.017001335)
(-0.0030587125 -0.0039163227 0.017000239)
(0.0030455904 -0.0039119766 0.017000198)
(-0.0030565211 -0.016082393 0.018999399)
(0.003049853 -0.016086198 0.019000669)
(-0.00306537 -0.003920104 0.019000567)
(0.0030440602 -0.0039123853 0.019000399)
(-0.0030516354 -0.016084179 0.020999599)
(0.0030474809 -0.016086621 0.021001723)
(-0.0030667971 -0.0039213535 0.021001251)
(0.0030499688 -0.0039136694 0.02099977)
(-0.003051148 -0.016084833 0.022999823)
(0.003052515 -0.016084093 0.023000593)
(-0.0030557041 -0.0039178933 0.023001407)
(0.0030473974 -0.0039128455 0.023000689)
(-0.0030458213 -0.016086932 0.025000508)
(0.0030566981 -0.016082959 0.025000667)
(-0.0030500716 -0.0039154916 0.025000771)
(0.0030560015 -0.003915302 0.025001673)
(-0.0030522766 -0.016083788 0.027002002)
(0.0030604264 -0.01608155 0.027000629)
(-0.0030612319 -0.0039191363 0.027000097)
(0.0030474448 -0.0039124788 0.026999594)
(-0.0030522892 -0.016084314 0.029000603)
(0.0030606318 -0.016082131 0.029000234)
(-0.0030612166 -0.0039198627 0.029001329)
(0.0030533971 -0.0039154309 0.029000877)
(-0.0030565416 -0.016082946 0.031000159)
(0.0030560802 -0.016084389 0.030998653)
(-0.0030577486 -0.0039175082 0.031000256)
(0.0030567002 -0.0039161535 0.030999686)
(-0.0030551815 -0.016083196 0.032999101)
(0.0030626586 -0.01608074 0.033000079)
(-0.0030550536 -0.0039154943 0.033000772)
(0.0030523939 -0.0039149854 0.033000658)
(-0.0030544554 -0.016083776 0.034999991)
(0.0030558902 -0.016084228 0.034998848)
(-0.0030559865 -0.0039168607 0.035000562)
(0.0030522583 -0.0039160133 0.035001021)
(-0.0030610241 -0.016081304 0.036999455)
(0.0030479763 -0.016087514 0.037000077)
(-0.0030556645 -0.0039174938 0.03700001)
(0.0030553726 -0.0039184423 0.037000447)
(-0.0030621833 -0.0160812 0.039001558)
(0.0030524186 -0.016083879 0.038999589)
(-0.0030571638 -0.0039174914 0.039000411)
(0.0030564524 -0.0039187418 0.039000651)
(-0.0030553407 -0.016083533 0.041001408)
(0.003059023 -0.016080697 0.040999562)
(-0.0030592295 -0.0039184376 0.041001921)
(0.0030562542 -0.0039176832 0.040999717)
(-0.0030541284 -0.016084821 0.043001938)
(0.0030549203 -0.016082667 0.042998563)
(-0.0030569943 -0.0039176409 0.043001003)
(0.0030602163 -0.0039192762 0.042999425)
(-0.0030568743 -0.016084668 0.045000712)
(0.0030500917 -0.016084572 0.04499989)
(-0.0030563843 -0.0039179021 0.044999956)
(0.0030573417 -0.0039184511 0.045000465)
(-0.0030532919 -0.016085628 0.047001761)
(0.0030603862 -0.016081338 0.046999696)
(-0.0030638806 -0.0039205892 0.046999413)
(0.003054389 -0.0039170584 0.046999522)
(-0.00304424 -0.016088728 0.04900037)
(0.003058026 -0.016081804 0.049000587)
(-0.0030530235 -0.0039159204 0.048998291)
(0.0030534477 -0.0039157009 0.04900017)
(-0.0030526748 -0.016085308 0.051000313)
(0.0030471305 -0.016086946 0.051000846)
(-0.0030522854 -0.0039161738 0.051000994)
(0.0030526368 -0.0039137737 0.050999691)
(-0.0030508981 -0.016085556 0.052999495)
(0.0030523306 -0.01608475 0.052999963)
(-0.0030574369 -0.0039185024 0.05299913)
(0.0030495869 -0.0039146508 0.053000007)
(-0.003048969 -0.016087321 0.055001081)
(0.0030538558 -0.016083651 0.055000493)
(-0.003057921 -0.0039202313 0.054999136)
(0.0030499085 -0.0039151113 0.055001124)
(-0.00305652 -0.0160848 0.057001757)
(0.0030520344 -0.016085442 0.057001174)
(-0.0030590938 -0.0039195787 0.057002026)
(0.0030515504 -0.0039164344 0.057002274)
(-0.0030441096 -0.016089178 0.059006243)
(0.0030526744 -0.016085195 0.059007653)
(-0.0030576264 -0.0039173665 0.059007246)
(0.0030501531 -0.0039139191 0.059008227)
(-0.0030595061 -0.016085156 0.061024066)
(0.003045634 -0.016091349 0.061026054)
(-0.0030587397 -0.0039132013 0.061026644)
(0.0030554427 -0.0039123393 0.061026085)
(-0.0020410197 -0.016048378 3.7823163e-19)
(0.0020388975 -0.016048747 3.8846356e-19)
(-0.003060272 -0.015071021 1.8716257e-21)
(-0.0020456797 -0.015056703 0.00099771132)
(0.0030596635 -0.015071073 1.4709273e-21)
(0.0020447466 -0.015056627 0.00099805152)
(-0.0030553948 -0.004928557 -1.9724943e-36)
(-0.0020336902 -0.0039497431 7.1292823e-39)
(-0.0020402157 -0.0049428613 0.00099701097)
(0.0030578539 -0.0049287421 -1.9423838e-36)
(0.002036994 -0.003950316 5.6515317e-39)
(0.0020436207 -0.0049430872 0.00099927945)
(-0.0020410898 -0.016052836 0.0019974704)
(0.0020417176 -0.016052041 0.001997988)
(-0.0030611201 -0.015075973 0.0019942676)
(-0.0020427864 -0.015060993 0.0029949029)
(0.003062183 -0.015074996 0.001995332)
(0.0020447899 -0.015059663 0.002996208)
(-0.0030592843 -0.004926085 0.0019929944)
(-0.0020362007 -0.0039467806 0.0019971375)
(-0.0020433721 -0.0049414985 0.0029958303)
(0.0030614471 -0.0049252376 0.0019981981)
(0.0020414317 -0.0039476597 0.0019992694)
(0.0020458994 -0.0049413425 0.0029982237)
(-0.0020366581 -0.016056122 0.0039964292)
(0.0020397878 -0.01605445 0.0039982671)
(-0.0030577639 -0.015079686 0.0039943865)
(-0.0020422008 -0.015062213 0.0049965871)
(0.003059783 -0.015078099 0.003995988)
(0.0020449747 -0.015060287 0.0049972119)
(-0.0030607749 -0.0049244021 0.0039959507)
(-0.0020394474 -0.0039465029 0.003998381)
(-0.0020427331 -0.0049398256 0.0049980646)
(0.0030620459 -0.0049241557 0.0039983147)
(0.0020415258 -0.0039467333 0.0039994104)
(0.0020448285 -0.004940126 0.0049986951)
(-0.0020373332 -0.016056186 0.0059984855)
(0.0020415509 -0.016053644 0.0059987849)
(-0.0030577015 -0.015079924 0.0059979269)
(-0.0020426239 -0.015061797 0.0069982607)
(0.0030613151 -0.015077075 0.0059979212)
(0.0020460631 -0.015059164 0.0069983483)
(-0.0030581143 -0.0049218488 0.0059985529)
(-0.0020369201 -0.0039448103 0.0059997687)
(-0.0020401693 -0.0049383042 0.0069989366)
(0.0030589289 -0.004921231 0.0059991324)
(0.0020397823 -0.0039454256 0.0059993707)
(0.002044205 -0.0049392713 0.0069993852)
(-0.0020399663 -0.016054803 0.0079992787)
(0.0020414112 -0.016053251 0.0079988894)
(-0.0030599196 -0.015078339 0.0079991709)
(-0.0020442549 -0.015061115 0.0089997583)
(0.003062236 -0.01507581 0.0079990007)
(0.0020449716 -0.01505944 0.0089992387)
(-0.0030571109 -0.0049213238 0.0079990378)
(-0.0020343872 -0.0039438482 0.0079996334)
(-0.0020425723 -0.0049392026 0.0089992213)
(0.0030580197 -0.004920859 0.0080003419)
(0.0020396879 -0.0039453861 0.0080003393)
(0.0020434595 -0.0049396594 0.0090003335)
(-0.0020397425 -0.016054935 0.010000636)
(0.0020398566 -0.016053867 0.0099999369)
(-0.0030583457 -0.0150797 0.01000044)
(-0.0020422158 -0.015061436 0.011000249)
(0.0030607348 -0.01507684 0.0099999302)
(0.0020453476 -0.015058986 0.010999795)
(-0.0030603008 -0.0049222363 0.0099993098)
(-0.002041247 -0.0039464594 0.0099993542)
(-0.0020422178 -0.0049389187 0.010999317)
(0.0030600675 -0.004923319 0.010000711)
(0.0020393305 -0.0039459427 0.010000859)
(0.0020443755 -0.004940608 0.011000373)
(-0.0020365395 -0.016055424 0.01200066)
(0.0020431589 -0.016052194 0.011999698)
(-0.0030580049 -0.015078643 0.012000199)
(-0.0020411674 -0.01506136 0.013000222)
(0.0030640595 -0.015074083 0.011999541)
(0.0020454622 -0.01505898 0.012999506)
(-0.0030566015 -0.0049204469 0.011999383)
(-0.0020363024 -0.003944124 0.011999215)
(-0.0020391959 -0.004937195 0.012999325)
(0.0030612031 -0.0049240406 0.012000783)
(0.0020386334 -0.0039458928 0.012000519)
(0.0020441998 -0.0049402515 0.013000281)
(-0.0020356005 -0.016055822 0.014000328)
(0.0020369756 -0.016055337 0.013999456)
(-0.0030568461 -0.015078996 0.013999734)
(-0.0020397996 -0.015061913 0.01500017)
(0.0030578234 -0.015078678 0.013999388)
(0.0020412965 -0.01506203 0.014999964)
(-0.0030546872 -0.0049189913 0.013999542)
(-0.0020336914 -0.0039426237 0.013999372)
(-0.0020411106 -0.0049372788 0.014999712)
(0.0030604559 -0.0049232598 0.014000014)
(0.0020391473 -0.0039457054 0.014000467)
(0.0020418867 -0.0049387922 0.014999989)
(-0.002032439 -0.016057096 0.016000815)
(0.0020383012 -0.01605567 0.01600052)
(-0.0030556268 -0.015079116 0.015999995)
(-0.00204076 -0.015061487 0.016999934)
(0.0030554102 -0.015081276 0.016000228)
(0.0020406239 -0.015062299 0.017000602)
(-0.0030580091 -0.0049196745 0.015999837)
(-0.0020399474 -0.0039444996 0.015999972)
(-0.0020453472 -0.0049387992 0.017000153)
(0.0030554753 -0.0049202146 0.015999492)
(0.0020339203 -0.0039432738 0.016000152)
(0.0020368868 -0.0049366527 0.017000048)
(-0.0020389446 -0.016054535 0.017999538)
(0.0020364383 -0.016055837 0.018000518)
(-0.0030594732 -0.015077608 0.017999653)
(-0.0020434562 -0.01506029 0.018999566)
(0.003055929 -0.015079882 0.01800084)
(0.0020391295 -0.015062505 0.019000664)
(-0.0030618443 -0.004921961 0.018000366)
(-0.0020431081 -0.0039461949 0.01800043)
(-0.0020490104 -0.0049410367 0.01900048)
(0.0030516208 -0.004918889 0.018000103)
(0.0020291259 -0.0039415231 0.018000535)
(0.0020353189 -0.0049367251 0.019000231)
(-0.0020380607 -0.01605477 0.019999575)
(0.0020327435 -0.016057137 0.020000907)
(-0.00305965 -0.015076869 0.019999487)
(-0.002041153 -0.015061038 0.020999673)
(0.0030535206 -0.015080863 0.020001077)
(0.0020381884 -0.01506261 0.021001081)
(-0.0030648045 -0.0049239037 0.020000759)
(-0.0020468898 -0.0039485166 0.020000612)
(-0.0020496695 -0.0049423563 0.021000863)
(0.0030520884 -0.0049193174 0.020000167)
(0.0020301168 -0.0039422565 0.020000254)
(0.0020379835 -0.0049376251 0.021000127)
(-0.0020331262 -0.016056537 0.021999626)
(0.0020338729 -0.016056333 0.022001304)
(-0.0030561625 -0.015078442 0.021999911)
(-0.002038969 -0.015061905 0.022999959)
(0.0030558927 -0.01507918 0.022001174)
(0.0020412581 -0.015061228 0.023000824)
(-0.003064759 -0.0049254488 0.022000952)
(-0.002045761 -0.0039488681 0.022001076)
(-0.002044499 -0.0049412518 0.023001016)
(0.0030544056 -0.0049196065 0.022000366)
(0.0020362331 -0.0039443136 0.022000361)
(0.0020395938 -0.0049381021 0.023000597)
(-0.0020310147 -0.016057559 0.024000073)
(0.0020379569 -0.016054859 0.024001056)
(-0.0030530537 -0.015080143 0.024000143)
(-0.00203713 -0.015062397 0.025000413)
(0.0030586933 -0.015078196 0.024001084)
(0.0020442487 -0.015060322 0.025000703)
(-0.0030583747 -0.0049231827 0.024001118)
(-0.0020355527 -0.0039451026 0.024000892)
(-0.0020414049 -0.0049398723 0.025000581)
(0.0030579114 -0.0049210428 0.024001114)
(0.0020405901 -0.0039458972 0.024001119)
(0.0020418738 -0.0049383737 0.025000871)
(-0.0020315177 -0.016056738 0.026000704)
(0.0020423052 -0.016053383 0.026000174)
(-0.0030544434 -0.015078813 0.026000713)
(-0.0020388948 -0.015061158 0.027000983)
(0.0030617481 -0.01507727 0.026000757)
(0.00204726 -0.015059328 0.027000634)
(-0.0030589576 -0.0049228874 0.026000288)
(-0.002037897 -0.0039457616 0.025999978)
(-0.0020449684 -0.0049409123 0.027000219)
(0.0030545899 -0.0049188014 0.026000367)
(0.002035278 -0.0039434425 0.02600015)
(0.0020389301 -0.0049370972 0.027000118)
(-0.0020330805 -0.016055955 0.028000984)
(0.0020463951 -0.016052051 0.028000736)
(-0.0030557206 -0.015078324 0.028000788)
(-0.0020401776 -0.015060892 0.029000474)
(0.0030640821 -0.015076344 0.028000908)
(0.0020474965 -0.015059538 0.029000223)
(-0.0030614922 -0.0049245383 0.028000445)
(-0.0020397738 -0.0039465464 0.028000045)
(-0.002046269 -0.0049416232 0.02900063)
(0.0030556168 -0.0049196428 0.02800021)
(0.0020354369 -0.0039437244 0.028000462)
(0.0020410368 -0.0049382365 0.029000426)
(-0.0020366933 -0.016054935 0.030000333)
(0.0020432422 -0.016053736 0.029999548)
(-0.0030572674 -0.015078318 0.030000202)
(-0.0020424657 -0.015060151 0.03099987)
(0.0030610457 -0.015078251 0.029999722)
(0.0020455228 -0.015060474 0.03099922)
(-0.0030629949 -0.0049250322 0.030000737)
(-0.0020425334 -0.0039473834 0.030000624)
(-0.0020449255 -0.0049402598 0.03100039)
(0.0030571197 -0.004920622 0.030000448)
(0.0020369583 -0.003944379 0.030000347)
(0.0020426638 -0.0049387154 0.031000133)
(-0.0020391001 -0.016053916 0.031999599)
(0.0020430097 -0.016053564 0.031998792)
(-0.0030591879 -0.015077326 0.031999288)
(-0.0020428252 -0.015059897 0.03299933)
(0.0030613059 -0.01507786 0.031999147)
(0.0020468292 -0.015059526 0.032999461)
(-0.003058729 -0.0049210857 0.032000478)
(-0.0020395762 -0.0039452871 0.032000326)
(-0.0020434694 -0.0049389898 0.033000454)
(0.0030575883 -0.0049204543 0.032000192)
(0.0020396399 -0.0039453117 0.031999936)
(0.0020419206 -0.0049389018 0.033000524)
(-0.0020387171 -0.016054123 0.033999405)
(0.0020433461 -0.016053202 0.033999626)
(-0.003058788 -0.01507755 0.033999224)
(-0.0020438191 -0.015059719 0.034999801)
(0.0030608788 -0.015078159 0.033998925)
(0.0020431434 -0.015061041 0.034999372)
(-0.0030598265 -0.0049218509 0.034000374)
(-0.0020404414 -0.003945749 0.034000317)
(-0.0020436546 -0.0049396445 0.035000355)
(0.0030580657 -0.004922208 0.034000773)
(0.0020378664 -0.0039452505 0.034001281)
(0.0020419641 -0.0049398868 0.035000721)
(-0.0020428462 -0.016052778 0.0360006)
(0.0020367149 -0.016055672 0.035999928)
(-0.0030612591 -0.015076862 0.036000041)
(-0.0020470873 -0.015058847 0.03700006)
(0.0030558554 -0.015080302 0.035999572)
(0.0020388572 -0.015062402 0.036999839)
(-0.0030602017 -0.0049231356 0.036000411)
(-0.0020371717 -0.0039451336 0.036000232)
(-0.0020438183 -0.0049401633 0.037000017)
(0.003059577 -0.0049243604 0.036000383)
(0.0020364396 -0.0039454331 0.036000859)
(0.0020430834 -0.0049408429 0.037000443)
(-0.0020455035 -0.016052064 0.038000249)
(0.0020327855 -0.016056651 0.037999555)
(-0.0030627368 -0.015076831 0.038000475)
(-0.0020470098 -0.01505905 0.039000783)
(0.003054673 -0.015079773 0.037999869)
(0.0020407023 -0.015060598 0.038999732)
(-0.0030617608 -0.0049238008 0.037999726)
(-0.0020402906 -0.0039463248 0.037999471)
(-0.002044642 -0.0049402453 0.039000317)
(0.0030613947 -0.0049251831 0.038000353)
(0.0020376759 -0.0039461956 0.038000697)
(0.0020436472 -0.0049409378 0.039000356)
(-0.0020407168 -0.016053789 0.040001155)
(0.0020383113 -0.016053832 0.039999208)
(-0.003061212 -0.01507668 0.040001089)
(-0.0020444591 -0.015060094 0.04100097)
(0.0030606035 -0.015075599 0.039999822)
(0.0020440631 -0.015058949 0.040999695)
(-0.0030606885 -0.0049229812 0.040000955)
(-0.002039447 -0.0039458623 0.040001129)
(-0.0020453217 -0.0049406499 0.041001206)
(0.0030607633 -0.004924533 0.039999933)
(0.0020378393 -0.0039459276 0.04000022)
(0.0020435858 -0.0049405397 0.040999902)
(-0.0020406806 -0.016054269 0.042001074)
(0.0020383976 -0.016054017 0.041999211)
(-0.0030601682 -0.015077774 0.042000943)
(-0.0020434605 -0.015061316 0.04300096)
(0.0030604024 -0.015075621 0.041999843)
(0.0020424381 -0.015059826 0.042999476)
(-0.0030612921 -0.0049236603 0.042001377)
(-0.0020413164 -0.003946674 0.042001566)
(-0.0020448611 -0.0049408221 0.0430009)
(0.0030597943 -0.0049235583 0.041999634)
(0.0020377696 -0.0039457522 0.04199967)
(0.0020452086 -0.0049413857 0.042999739)
(-0.0020401217 -0.016055147 0.044000573)
(0.0020344071 -0.016055639 0.043999402)
(-0.0030582172 -0.015080261 0.04400058)
(-0.00204273 -0.015062295 0.045000674)
(0.0030578715 -0.015077258 0.043999595)
(0.0020414663 -0.015060519 0.044999867)
(-0.0030612555 -0.0049239969 0.044000684)
(-0.0020400627 -0.0039465615 0.044000372)
(-0.002045345 -0.0049413307 0.045000224)
(0.0030626962 -0.0049252079 0.043999672)
(0.0020427373 -0.0039478226 0.043999647)
(0.0020445628 -0.0049413368 0.04500008)
(-0.0020378483 -0.016056086 0.046001047)
(0.0020394668 -0.016054031 0.045999811)
(-0.0030561266 -0.015081397 0.046000884)
(-0.0020402378 -0.015062864 0.047001101)
(0.0030601963 -0.015076664 0.046000131)
(0.0020457538 -0.015059213 0.047000029)
(-0.0030630922 -0.0049250424 0.045999997)
(-0.0020439905 -0.0039480184 0.04600001)
(-0.0020475426 -0.0049421976 0.046999571)
(0.0030605632 -0.0049241835 0.046000171)
(0.0020391475 -0.0039463518 0.046000192)
(0.0020428061 -0.004940263 0.04699983)
(-0.0020328596 -0.016057605 0.048001493)
(0.0020432709 -0.016052613 0.048000102)
(-0.0030535026 -0.015081525 0.048001019)
(-0.0020370165 -0.015063654 0.04900059)
(0.0030622114 -0.015076061 0.048000043)
(0.0020446284 -0.015059479 0.04900037)
(-0.0030619459 -0.0049246454 0.047998959)
(-0.0020423019 -0.0039473809 0.047999043)
(-0.0020429181 -0.0049401328 0.048999255)
(0.0030584773 -0.0049227616 0.047999834)
(0.0020364304 -0.0039448312 0.047999403)
(0.0020415009 -0.0049387047 0.048999966)
(-0.0020326084 -0.016057432 0.050000189)
(0.0020370325 -0.016054938 0.050000807)
(-0.0030536534 -0.01508102 0.05000026)
(-0.0020397405 -0.015062427 0.05100015)
(0.0030579544 -0.015077642 0.050000284)
(0.0020396727 -0.015061678 0.051000547)
(-0.0030576108 -0.0049223861 0.049999999)
(-0.0020351994 -0.0039447165 0.049999663)
(-0.0020411458 -0.0049396687 0.051000172)
(0.003055453 -0.0049192379 0.050000014)
(0.0020358853 -0.0039436163 0.050000165)
(0.0020404886 -0.0049374158 0.050999956)
(-0.0020352557 -0.016056418 0.051999899)
(0.0020344159 -0.01605616 0.052000579)
(-0.0030553658 -0.015080157 0.051999883)
(-0.0020402618 -0.01506215 0.053000058)
(0.0030555436 -0.015079309 0.052000403)
(0.0020403716 -0.015061361 0.053000333)
(-0.0030580608 -0.0049232218 0.051999873)
(-0.0020355559 -0.0039451103 0.051999667)
(-0.0020434619 -0.0049412603 0.052999615)
(0.0030557211 -0.0049197928 0.052000013)
(0.0020355419 -0.0039436613 0.051999681)
(0.0020399175 -0.0049382748 0.053000251)
(-0.0020366375 -0.01605592 0.054000421)
(0.0020344248 -0.016055927 0.053999908)
(-0.0030562628 -0.015079986 0.054000026)
(-0.0020400509 -0.015062759 0.055000985)
(0.0030570389 -0.015078139 0.05400032)
(0.0020410594 -0.015061126 0.055000771)
(-0.0030615056 -0.0049262238 0.053999028)
(-0.0020388519 -0.003947193 0.053999561)
(-0.0020447951 -0.0049427514 0.05499995)
(0.0030571264 -0.0049220289 0.054000501)
(0.002035105 -0.003944335 0.054000625)
(0.0020397573 -0.0049390152 0.055001335)
(-0.0020372378 -0.016056051 0.056001428)
(0.0020362737 -0.016055672 0.056000999)
(-0.0030555295 -0.015081212 0.056001046)
(-0.0020408272 -0.015062769 0.05700264)
(0.0030568616 -0.015079255 0.056001025)
(0.0020410269 -0.01506191 0.05700259)
(-0.0030624275 -0.0049266748 0.056000414)
(-0.0020396957 -0.0039476497 0.056000135)
(-0.0020450997 -0.0049420339 0.057002839)
(0.0030572899 -0.0049232362 0.056002029)
(0.0020338289 -0.0039444446 0.056001645)
(0.0020403029 -0.0049395344 0.057003561)
(-0.0020335812 -0.016057699 0.05800364)
(0.0020371423 -0.016055865 0.058004067)
(-0.0030538882 -0.015082076 0.058004061)
(-0.002038034 -0.015063938 0.059008065)
(0.0030571085 -0.015079663 0.0580045)
(0.0020404517 -0.015062611 0.059009047)
(-0.0030613796 -0.0049242173 0.058004985)
(-0.0020402536 -0.0039466854 0.058004477)
(-0.0020445242 -0.0049398262 0.059009286)
(0.0030567647 -0.0049218618 0.058005638)
(0.0020351749 -0.0039442774 0.058005553)
(0.0020398853 -0.0049378213 0.059009757)
(-0.0020346521 -0.016058388 0.060013599)
(0.0020327898 -0.016059059 0.060015169)
(-0.0030580548 -0.015079287 0.060013744)
(-0.0020445013 -0.015063061 0.061019648)
(0.003055494 -0.01508081 0.060015271)
(0.0020380902 -0.015065468 0.06102126)
(-0.0030610901 -0.0049213761 0.060015627)
(-0.0020401869 -0.0039437874 0.060015341)
(-0.002044305 -0.0049355641 0.061021764)
(0.0030570365 -0.0049199735 0.060015478)
(0.0020341158 -0.0039413648 0.060015716)
(0.0020422059 -0.004934614 0.061021534)
(-0.002044156 -0.016050858 0.00099880902)
(-0.0030634754 -0.015074687 0.00099717064)
(-0.0030586503 -0.016080539 0.0019973438)
(0.0020416397 -0.016051214 0.00099898081)
(0.0030631279 -0.015074401 0.00099762632)
(0.0030604322 -0.016079333 0.0019978248)
(-0.0030585143 -0.0049256688 0.00099468537)
(0.0030612692 -0.0049254983 0.00099943061)
(-0.0020352021 -0.0039469254 0.00099795952)
(-0.0030532126 -0.0039193524 0.0019950924)
(0.0020397545 -0.0039477769 0.00099986724)
(0.0030583752 -0.0039197833 0.0019992109)
(-0.0020379839 -0.016056148 0.002996345)
(-0.0030600038 -0.015080025 0.0029940041)
(-0.0030525736 -0.016084916 0.0039959084)
(0.0020413232 -0.016054443 0.0029976912)
(0.0030620304 -0.015078468 0.0029959247)
(0.0030554183 -0.016083575 0.0039985349)
(-0.0030622205 -0.0049240563 0.0029942542)
(0.0030635082 -0.0049230712 0.0029982871)
(-0.0020395214 -0.0039461097 0.0029972692)
(-0.0030574676 -0.0039188015 0.003997927)
(0.002042967 -0.0039464621 0.0029991699)
(0.0030583207 -0.003918863 0.0039996556)
(-0.0020388374 -0.016056768 0.0049979665)
(-0.0030589239 -0.015081713 0.0049968731)
(-0.0030531313 -0.016085121 0.0059990869)
(0.0020422434 -0.016054697 0.0049986954)
(0.003061653 -0.015079621 0.0049972301)
(0.0030579359 -0.016082171 0.0059991002)
(-0.003060516 -0.0049213066 0.0049980063)
(0.0030620637 -0.0049214274 0.0049990674)
(-0.0020389022 -0.0039447196 0.0049996438)
(-0.0030545136 -0.0039165502 0.0059999242)
(0.0020414304 -0.0039453025 0.0049996019)
(0.003054908 -0.0039160495 0.0059995841)
(-0.0020384857 -0.016056652 0.0069987151)
(-0.0030597891 -0.015080834 0.0069987379)
(-0.0030568287 -0.016082905 0.0079993168)
(0.0020432111 -0.016053754 0.0069988361)
(0.0030640294 -0.015077255 0.0069988622)
(0.0030587181 -0.016080969 0.007998964)
(-0.0030576284 -0.0049193771 0.0069989108)
(0.0030601746 -0.0049193302 0.0069997506)
(-0.0020342432 -0.003942671 0.0069997665)
(-0.0030502897 -0.003915271 0.0079994973)
(0.0020425203 -0.0039452132 0.0069997642)
(0.0030548688 -0.0039158841 0.0080008233)
(-0.0020425636 -0.016055068 0.0090002897)
(-0.0030610351 -0.015080522 0.009000151)
(-0.0030554067 -0.01608419 0.010001065)
(0.0020410777 -0.016054424 0.0089994647)
(0.0030626437 -0.015077881 0.0089995106)
(0.0030564673 -0.016082467 0.0100002)
(-0.0030602898 -0.0049203224 0.008999273)
(0.0030600894 -0.0049205362 0.0090007881)
(-0.0020392048 -0.0039446079 0.0089995198)
(-0.0030615124 -0.0039190594 0.0099992041)
(0.0020400673 -0.0039447722 0.0090007023)
(0.0030558983 -0.0039176908 0.010001224)
(-0.0020382944 -0.016056154 0.011000486)
(-0.0030594135 -0.015080733 0.011000439)
(-0.0030536154 -0.016083603 0.012000652)
(0.0020411167 -0.016054195 0.010999972)
(0.0030633952 -0.015076965 0.011000038)
(0.0030627509 -0.016078653 0.011999683)
(-0.0030596511 -0.0049199548 0.010999415)
(0.0030624728 -0.0049225097 0.011000667)
(-0.0020385392 -0.0039442171 0.010999294)
(-0.0030526842 -0.0039153689 0.01199921)
(0.0020406496 -0.0039455637 0.011000332)
(0.0030560167 -0.0039183223 0.012000943)
(-0.0020368006 -0.016056373 0.013000758)
(-0.0030588482 -0.015080136 0.012999925)
(-0.0030522678 -0.01608433 0.013999976)
(0.0020426482 -0.016053614 0.012999436)
(0.003063961 -0.015076557 0.012999352)
(0.0030521846 -0.016084846 0.013999189)
(-0.0030558371 -0.0049178493 0.012999316)
(0.0030624575 -0.0049222267 0.013000264)
(-0.0020338948 -0.0039418841 0.012999105)
(-0.0030485528 -0.0039132146 0.013999254)
(0.0020401725 -0.0039452293 0.013000448)
(0.0030567493 -0.003918051 0.014000424)
(-0.0020345265 -0.01605732 0.015000547)
(-0.0030573251 -0.015080595 0.014999917)
(-0.0030474477 -0.016086062 0.016000867)
(0.0020378395 -0.016056665 0.015000081)
(0.003056973 -0.015082244 0.014999862)
(0.0030539928 -0.01608557 0.016000566)
(-0.003057434 -0.0049177362 0.014999757)
(0.0030595788 -0.0049202538 0.014999722)
(-0.0020371614 -0.0039425535 0.014999609)
(-0.0030552726 -0.0039152221 0.015999817)
(0.0020381662 -0.0039439545 0.015000193)
(0.0030502079 -0.0039146025 0.015999886)
(-0.0020352694 -0.016057026 0.017000017)
(-0.0030584181 -0.015079792 0.016999821)
(-0.0030574211 -0.016082172 0.017999461)
(0.0020374451 -0.016056806 0.017000849)
(0.0030567521 -0.015082139 0.017000736)
(0.0030529 -0.016084473 0.018000776)
(-0.0030613789 -0.0049191474 0.017000008)
(0.0030537203 -0.0049172763 0.016999722)
(-0.0020432208 -0.003944799 0.01700033)
(-0.0030585965 -0.003917356 0.018000558)
(0.0020315257 -0.0039411129 0.017000309)
(0.0030440114 -0.0039120772 0.018000737)
(-0.0020397562 -0.016055168 0.018999378)
(-0.0030615284 -0.01507827 0.018999516)
(-0.0030548789 -0.016082501 0.019999624)
(0.0020351319 -0.01605737 0.019000459)
(0.0030557696 -0.015081941 0.01900097)
(0.0030476516 -0.01608669 0.020001152)
(-0.0030659408 -0.0049221028 0.019000625)
(0.0030529865 -0.0049179676 0.019000175)
(-0.002047815 -0.0039473417 0.01900041)
(-0.0030638374 -0.0039200605 0.020000604)
(0.0020290554 -0.0039407594 0.019000323)
(0.0030453616 -0.0039127977 0.020000409)
(-0.0020359526 -0.016056559 0.020999567)
(-0.0030591101 -0.015079109 0.020999622)
(-0.0030487104 -0.016085004 0.021999793)
(0.002032502 -0.016058066 0.021001343)
(0.0030552576 -0.015081798 0.021001323)
(0.0030504678 -0.016084744 0.022001565)
(-0.0030670324 -0.0049234831 0.02100091)
(0.0030545972 -0.0049178236 0.021000094)
(-0.0020486337 -0.0039485994 0.021001125)
(-0.003065316 -0.003921749 0.02200092)
(0.0020346844 -0.0039427154 0.020999918)
(0.0030524746 -0.0039148489 0.02200057)
(-0.0020344708 -0.016057165 0.022999776)
(-0.0030565741 -0.015080519 0.023000092)
(-0.0030447846 -0.016087092 0.023999998)
(0.0020368727 -0.016056266 0.023000807)
(0.0030588174 -0.015079833 0.023000882)
(0.0030544295 -0.016083313 0.024001468)
(-0.0030623005 -0.0049229165 0.02300121)
(0.0030556495 -0.0049182134 0.023000624)
(-0.0020397549 -0.0039457709 0.023001249)
(-0.0030515854 -0.0039164885 0.024001146)
(0.0020349769 -0.0039427416 0.02300065)
(0.0030593961 -0.0039179002 0.024001583)
(-0.0020316121 -0.01605818 0.025000455)
(-0.0030542515 -0.015081445 0.025000477)
(-0.0030473593 -0.016085296 0.026000557)
(0.002040589 -0.016054983 0.025000569)
(0.0030613916 -0.015079323 0.025001035)
(0.003059414 -0.01608169 0.025999966)
(-0.0030587946 -0.0049211564 0.025000731)
(0.0030579393 -0.0049182553 0.025001257)
(-0.0020354969 -0.003943945 0.025000568)
(-0.003054046 -0.0039171017 0.025999848)
(0.0020404036 -0.0039443549 0.025001067)
(0.0030497688 -0.0039134264 0.025999851)
(-0.0020344187 -0.016056465 0.027001492)
(-0.0030572309 -0.015079645 0.027001117)
(-0.0030493127 -0.016084671 0.028001153)
(0.0020446196 -0.016053667 0.02700054)
(0.0030643295 -0.015078227 0.027000987)
(0.0030644053 -0.016079664 0.02800104)
(-0.0030624473 -0.0049221301 0.027000295)
(0.0030551666 -0.0049172032 0.026999926)
(-0.0020429088 -0.0039465208 0.027000053)
(-0.0030554699 -0.0039181316 0.027999967)
(0.002033659 -0.0039418227 0.026999973)
(0.0030520625 -0.0039148582 0.028000521)
(-0.0020361733 -0.016056081 0.029000628)
(-0.0030577314 -0.015079943 0.029000455)
(-0.0030529237 -0.016083914 0.030000479)
(0.0020454518 -0.016053774 0.029000227)
(0.0030639342 -0.015078779 0.029000383)
(0.0030587285 -0.016083004 0.02999951)
(-0.0030645368 -0.0049239304 0.029000862)
(0.0030582309 -0.0049191408 0.029000504)
(-0.0020434694 -0.0039468486 0.029000819)
(-0.0030604985 -0.0039199249 0.030000899)
(0.002037381 -0.0039434875 0.02900059)
(0.003052241 -0.0039152019 0.030000528)
(-0.0020395477 -0.016054887 0.031000002)
(-0.0030599298 -0.015079253 0.030999794)
(-0.0030567679 -0.016082352 0.031999645)
(0.0020423298 -0.016055172 0.030998813)
(0.0030613132 -0.0150803 0.030999124)
(0.0030588976 -0.016082378 0.031998562)
(-0.0030622595 -0.0049216139 0.031000461)
(0.0030590861 -0.0049189416 0.031000177)
(-0.0020416549 -0.0039454908 0.031000283)
(-0.0030548208 -0.0039158495 0.032000359)
(0.0020406179 -0.0039445532 0.030999911)
(0.0030555359 -0.0039161334 0.031999675)
(-0.0020391035 -0.016054932 0.032999278)
(-0.0030601638 -0.015078927 0.032999048)
(-0.0030550833 -0.016083053 0.033999218)
(0.0020454698 -0.016053449 0.032999782)
(0.0030640546 -0.015078497 0.032999323)
(0.0030603824 -0.016081846 0.033999185)
(-0.0030598043 -0.0049192141 0.03300056)
(0.0030583633 -0.0049193873 0.033000575)
(-0.002040137 -0.0039443708 0.033000577)
(-0.0030575931 -0.0039174171 0.034000319)
(0.0020382391 -0.0039439866 0.033000652)
(0.0030541881 -0.0039166482 0.034001502)
(-0.0020400271 -0.016054832 0.035000002)
(-0.0030604702 -0.015078949 0.034999639)
(-0.0030596818 -0.016081258 0.036000924)
(0.0020405686 -0.016055387 0.034999448)
(0.0030593077 -0.015081171 0.034998905)
(0.003052853 -0.016084973 0.035999985)
(-0.0030613468 -0.004921016 0.03500054)
(0.0030596061 -0.0049216707 0.03500058)
(-0.00203957 -0.0039446474 0.035000324)
(-0.003054614 -0.0039172277 0.036000467)
(0.0020374157 -0.003944323 0.035001081)
(0.0030529451 -0.0039176396 0.036000874)
(-0.0020454935 -0.016052991 0.036999973)
(-0.0030636633 -0.01507819 0.036999937)
(-0.0030624221 -0.01608078 0.038000367)
(0.0020340908 -0.01605776 0.036999956)
(0.0030548239 -0.015082737 0.036999843)
(0.0030482908 -0.016086127 0.037999519)
(-0.0030622496 -0.0049221826 0.037000111)
(0.0030620168 -0.0049234223 0.03700021)
(-0.0020387601 -0.0039447748 0.036999799)
(-0.0030589501 -0.0039189349 0.037999027)
(0.0020382532 -0.0039452754 0.037000645)
(0.003055933 -0.00391924 0.038000808)
(-0.0020453535 -0.016053211 0.039000992)
(-0.0030637569 -0.015078286 0.039000997)
(-0.0030564366 -0.016082234 0.040001538)
(0.0020355005 -0.016056191 0.038999491)
(0.0030589474 -0.01507894 0.038999904)
(0.0030570609 -0.016081034 0.039999065)
(-0.0030624098 -0.0049217296 0.039000198)
(0.0030627586 -0.0049235939 0.039000287)
(-0.0020407298 -0.0039452546 0.039000351)
(-0.0030555003 -0.0039172748 0.040001532)
(0.0020388399 -0.003945443 0.039000558)
(0.0030548271 -0.0039183113 0.040000062)
(-0.002040587 -0.016055115 0.041001168)
(-0.0030615188 -0.015078871 0.041001062)
(-0.0030573577 -0.016082573 0.042001211)
(0.0020407059 -0.016054017 0.040999362)
(0.0030629866 -0.0150765 0.040999968)
(0.0030550405 -0.016082114 0.04199924)
(-0.0030629526 -0.004922111 0.041001393)
(0.003061385 -0.0049222402 0.040999759)
(-0.0020424423 -0.0039459658 0.041001545)
(-0.0030575915 -0.0039182336 0.042001966)
(0.0020398878 -0.0039454194 0.04099984)
(0.0030528596 -0.0039167357 0.041999465)
(-0.0020399148 -0.016056017 0.043001372)
(-0.0030599453 -0.015080649 0.043001003)
(-0.0030565715 -0.016084261 0.044000382)
(0.0020380226 -0.016055282 0.042998995)
(0.0030607468 -0.015077754 0.042999502)
(0.0030506951 -0.016083976 0.043999113)
(-0.0030622811 -0.0049221794 0.043001069)
(0.0030632949 -0.004923266 0.042999563)
(-0.0020413135 -0.0039457075 0.043000982)
(-0.0030573119 -0.0039184983 0.044000382)
(0.0020425291 -0.0039465953 0.042999671)
(0.0030618421 -0.0039203703 0.04399922)
(-0.0020406232 -0.016056146 0.045000685)
(-0.0030587613 -0.015082557 0.045000653)
(-0.0030533295 -0.016085645 0.046001137)
(0.0020354196 -0.016056438 0.044999862)
(0.0030592137 -0.015078827 0.044999809)
(0.0030564337 -0.016082013 0.045999881)
(-0.0030628843 -0.0049228275 0.045000487)
(0.0030627941 -0.0049233247 0.045000114)
(-0.0020413422 -0.003946003 0.044999966)
(-0.0030607205 -0.0039198056 0.046000061)
(0.0020405518 -0.0039460078 0.045000236)
(0.0030565935 -0.0039183912 0.046000434)
(-0.0020373309 -0.016057206 0.047001461)
(-0.0030567434 -0.015082613 0.047001198)
(-0.0030477508 -0.016087094 0.048001779)
(0.0020438703 -0.016053555 0.046999783)
(0.0030630415 -0.015077919 0.047000107)
(0.003060989 -0.016080515 0.047999941)
(-0.0030652964 -0.0049239553 0.046999339)
(0.0030607999 -0.0049221152 0.046999934)
(-0.0020464652 -0.0039478992 0.046999583)
(-0.0030590775 -0.0039192959 0.047998681)
(0.0020385959 -0.0039448459 0.046999551)
(0.0030524713 -0.0039165383 0.047999222)
(-0.0020311644 -0.01605924 0.049000658)
(-0.0030532777 -0.015083452 0.049000483)
(-0.0030478331 -0.016086692 0.050000233)
(0.0020418014 -0.016054214 0.049000585)
(0.0030621227 -0.015077881 0.049000192)
(0.0030533969 -0.016083333 0.050000752)
(-0.003059893 -0.0049212139 0.048999006)
(0.003058714 -0.0049198665 0.048999961)
(-0.0020384865 -0.0039447176 0.048998863)
(-0.0030512693 -0.0039160208 0.049999909)
(0.0020377976 -0.0039437569 0.049000037)
(0.0030506604 -0.0039139195 0.050000304)
(-0.0020366311 -0.016057016 0.051000085)
(-0.0030564864 -0.015081849 0.051000105)
(-0.0030503499 -0.016085685 0.051999815)
(0.002033918 -0.016057429 0.051000807)
(0.0030559422 -0.015081229 0.051000406)
(0.0030501799 -0.016085277 0.052000628)
(-0.0030588965 -0.0049211398 0.051000621)
(0.0030563852 -0.0049170993 0.050999923)
(-0.0020358045 -0.0039440242 0.051000247)
(-0.0030510914 -0.0039162953 0.05199953)
(0.0020373706 -0.003942931 0.050999812)
(0.0030516575 -0.0039146505 0.051999593)
(-0.0020360853 -0.016057085 0.052999907)
(-0.0030571537 -0.015081292 0.052999744)
(-0.0030532312 -0.016084474 0.054000052)
(0.0020360222 -0.016056553 0.053000104)
(0.003057668 -0.015080313 0.053000303)
(0.0030512434 -0.016084315 0.053999597)
(-0.0030614521 -0.0049231104 0.05299927)
(0.0030575772 -0.0049198308 0.053000128)
(-0.0020399522 -0.0039460317 0.052999416)
(-0.0030562977 -0.0039195428 0.053999021)
(0.0020345383 -0.0039427231 0.053000087)
(0.0030526436 -0.0039164121 0.054000514)
(-0.0020361106 -0.016057561 0.055001139)
(-0.0030558435 -0.015082841 0.055000551)
(-0.003053134 -0.016085385 0.056001044)
(0.0020364265 -0.016056315 0.055000564)
(0.0030589792 -0.015079551 0.055000461)
(0.0030528204 -0.016084342 0.056000788)
(-0.0030638737 -0.0049257856 0.054999208)
(0.0030576773 -0.004920543 0.0550012)
(-0.0020403314 -0.0039469959 0.054999568)
(-0.0030575441 -0.0039202563 0.055999403)
(0.002034176 -0.003943211 0.055001158)
(0.0030504821 -0.0039166059 0.056001385)
(-0.002039214 -0.016056521 0.057002087)
(-0.0030570268 -0.015082985 0.057002088)
(-0.0030491699 -0.016087233 0.058002971)
(0.0020371497 -0.016056754 0.057001687)
(0.0030575571 -0.01508158 0.057002098)
(0.0030539336 -0.016084103 0.058003321)
(-0.0030633857 -0.0049239939 0.057002493)
(0.0030586661 -0.0049216125 0.057003163)
(-0.0020414693 -0.0039467344 0.057002235)
(-0.0030574018 -0.0039187639 0.058003686)
(0.0020354026 -0.0039438643 0.057002877)
(0.0030517503 -0.003915957 0.05800514)
(-0.0020307321 -0.016060178 0.059007171)
(-0.0030548197 -0.015083191 0.059007593)
(-0.003051424 -0.016085698 0.060013335)
(0.0020363343 -0.016057735 0.059008466)
(0.0030579161 -0.015081509 0.059008678)
(0.0030489316 -0.016087064 0.06001506)
(-0.0030622406 -0.0049211873 0.059009076)
(0.0030573292 -0.0049190673 0.059009345)
(-0.0020408717 -0.003944818 0.059008323)
(-0.0030580923 -0.0039164102 0.06001505)
(0.0020350049 -0.0039421999 0.059009226)
(0.0030493936 -0.0039132006 0.060015236)
(-0.0020411283 -0.016059293 0.06102268)
(-0.0030633315 -0.015079775 0.061021683)
(0.0020311544 -0.016062929 0.061024429)
(0.0030555148 -0.015083835 0.061023677)
(-0.0030624153 -0.0049180615 0.061024008)
(0.003060684 -0.0049172944 0.061023535)
(-0.0020410315 -0.0039397698 0.061025205)
(0.0020379816 -0.0039386148 0.061024919)
(-0.0030577854 -0.016074626 4.6466453e-19)
(-0.0030500821 -0.0039240169 6.0368472e-39)
(0.003056405 -0.016074712 4.0028103e-19)
(0.0030530827 -0.0039245441 5.2783858e-39)
)


// ************************************************************************* //
