/*--------------------------------*- C++ -*----------------------------------*\
| =========                 |                                                 |
| \\      /  F ield         | OpenFOAM: The Open Source CFD Toolbox           |
|  \\    /   O peration     | Version:  2606                                  |
|   \\  /    A nd           | Website:  www.openfoam.com                      |
|    \\/     M anipulation  |                                                 |
\*---------------------------------------------------------------------------*/
FoamFile
{
    version     2.0;
    format      ascii;
    arch        "LSB;label=32;scalar=64";
    class       labelList;
    location    "constant/cell2/polyMesh";
    object      faceRegionAddressing;
}
// * * * * * * * * * * * * * * * * * * * * * * * * * * * * * * * * * * * * * //


31591
(
872
873
874
875
877
878
879
880
882
884
885
1213
1214
1215
1216
1217
1218
1219
1220
1221
1222
1223
1224
1225
1226
1227
1228
1229
1230
1231
1232
1233
1234
1235
1236
1237
1238
1239
1240
1241
1242
1243
1244
1245
1246
1247
1248
1249
1250
1575
1576
1577
1578
1579
1580
1581
1582
1583
1584
1585
1586
1587
1588
1589
1590
1591
1592
1593
1594
1595
1596
1597
1598
1599
1600
1601
1602
1603
1604
1605
1606
1607
1608
1609
1610
1611
1612
1613
1614
1615
1616
1617
1618
1619
1620
1621
1622
1910
1911
1912
1913
1914
1915
1916
1917
1918
1919
1920
1921
1922
1923
1924
1925
1926
1927
1928
1929
1930
1931
1932
1933
1934
1935
1936
1937
1938
1939
1940
1941
1942
1943
1945
1947
1948
2230
2231
2232
2233
2234
2235
2236
2237
2238
2239
2240
2241
2242
2243
2244
2245
2246
2247
2248
2249
2250
2251
2252
2253
2254
2255
2256
2257
2258
2259
2260
2261
2262
2263
2264
2265
2267
2268
2551
2552
2553
2554
2555
2556
2557
2558
2559
2560
2561
2562
2563
2564
2565
2566
2567
2568
2569
2570
2571
2572
2573
2574
2575
2576
2577
2578
2579
2580
2581
2582
2583
2584
2585
2586
2588
2589
2898
2900
2901
2902
2903
2904
2905
2906
2907
2908
2909
2910
2911
2912
2913
2914
2915
2916
2917
2918
2919
2920
2921
2922
2923
2924
2925
2926
2927
2928
2929
2930
2931
2932
2933
2934
2935
2936
2937
2938
2939
2940
2941
2942
2943
3256
3257
3258
3259
3260
3261
3262
3263
3264
3265
3266
3267
3268
3269
3270
3271
3272
3273
3274
3275
3276
3277
3278
3279
3280
3281
3282
3283
3284
3285
3286
3287
3288
3289
3290
3291
3294
3618
3619
3621
3622
3623
3624
3625
3626
3627
3628
3629
3630
3631
3632
3633
3634
3635
3636
3637
3640
8715
8717
8718
8719
8720
8721
8723
8724
8725
8726
8727
8729
8731
8732
9078
9081
9082
9083
9084
9085
9086
9087
9088
9089
9090
9091
9092
9093
9094
9095
9096
9097
9098
9099
9100
9101
9102
9103
9104
9105
9106
9107
9108
9109
9110
9111
9112
9113
9114
9115
9116
9117
9118
9119
9120
9121
9455
9458
9459
9460
9461
9462
9463
9464
9465
9466
9467
9468
9469
9470
9471
9472
9473
9474
9475
9476
9477
9478
9479
9480
9481
9482
9483
9484
9485
9486
9487
9488
9489
9490
9491
9492
9493
9494
9495
9496
9497
9498
9499
9500
9501
9502
9503
9504
9505
9506
9805
9806
9807
9808
9809
9810
9811
9812
9813
9814
9815
9816
9817
9818
9819
9820
9821
9822
9823
9824
9825
9826
9827
9828
9829
9830
9831
9832
9833
9834
9835
9836
9837
9838
9839
9840
9841
9843
9845
9846
10139
10140
10141
10142
10143
10144
10145
10146
10147
10148
10149
10150
10151
10152
10153
10154
10155
10156
10157
10158
10159
10160
10161
10162
10163
10164
10165
10166
10167
10168
10169
10170
10171
10172
10173
10174
10175
10176
10177
10179
10180
10474
10475
10476
10477
10478
10479
10480
10481
10482
10483
10484
10485
10486
10487
10488
10489
10490
10491
10492
10493
10494
10495
10496
10497
10498
10499
10500
10501
10502
10503
10504
10505
10506
10507
10508
10509
10510
10511
10512
10514
10515
10834
10835
10837
10838
10839
10840
10841
10842
10843
10844
10845
10846
10847
10848
10849
10850
10851
10852
10853
10854
10855
10856
10857
10858
10859
10860
10861
10862
10863
10864
10865
10866
10867
10868
10869
10870
10871
10872
10873
10874
10875
10876
10877
10878
10879
10880
10881
11213
11214
11215
11216
11217
11218
11219
11220
11221
11222
11223
11224
11225
11226
11227
11228
11229
11230
11231
11232
11233
11234
11235
11236
11237
11238
11239
11240
11241
11242
11243
11244
11245
11246
11247
11248
11249
11250
11251
11252
11253
11256
11599
11600
11601
11603
11604
11605
11606
11607
11608
11609
11610
11611
11612
11613
11614
11615
11616
11617
11618
11619
11620
11621
11622
11623
11626
16900
16902
16903
16904
16905
16906
16908
16909
16910
16911
16912
16914
16916
16917
17263
17266
17267
17268
17269
17270
17271
17272
17273
17274
17275
17276
17277
17278
17279
17280
17281
17282
17283
17284
17285
17286
17287
17288
17289
17290
17291
17292
17293
17294
17295
17296
17297
17298
17299
17300
17301
17302
17303
17304
17305
17306
17640
17643
17644
17645
17646
17647
17648
17649
17650
17651
17652
17653
17654
17655
17656
17657
17658
17659
17660
17661
17662
17663
17664
17665
17666
17667
17668
17669
17670
17671
17672
17673
17674
17675
17676
17677
17678
17679
17680
17681
17682
17683
17684
17685
17686
17687
17688
17689
17690
17691
17990
17991
17992
17993
17994
17995
17996
17997
17998
17999
18000
18001
18002
18003
18004
18005
18006
18007
18008
18009
18010
18011
18012
18013
18014
18015
18016
18017
18018
18019
18020
18021
18022
18023
18024
18025
18026
18028
18030
18031
18324
18325
18326
18327
18328
18329
18330
18331
18332
18333
18334
18335
18336
18337
18338
18339
18340
18341
18342
18343
18344
18345
18346
18347
18348
18349
18350
18351
18352
18353
18354
18355
18356
18357
18358
18359
18360
18361
18362
18364
18365
18659
18660
18661
18662
18663
18664
18665
18666
18667
18668
18669
18670
18671
18672
18673
18674
18675
18676
18677
18678
18679
18680
18681
18682
18683
18684
18685
18686
18687
18688
18689
18690
18691
18692
18693
18694
18695
18696
18697
18699
18700
19019
19020
19022
19023
19024
19025
19026
19027
19028
19029
19030
19031
19032
19033
19034
19035
19036
19037
19038
19039
19040
19041
19042
19043
19044
19045
19046
19047
19048
19049
19050
19051
19052
19053
19054
19055
19056
19057
19058
19059
19060
19061
19062
19063
19064
19065
19066
19398
19399
19400
19401
19402
19403
19404
19405
19406
19407
19408
19409
19410
19411
19412
19413
19414
19415
19416
19417
19418
19419
19420
19421
19422
19423
19424
19425
19426
19427
19428
19429
19430
19431
19432
19433
19434
19435
19436
19437
19438
19441
19784
19785
19786
19788
19789
19790
19791
19792
19793
19794
19795
19796
19797
19798
19799
19800
19801
19802
19803
19804
19805
19806
19807
19808
19811
25085
25087
25088
25089
25090
25091
25093
25094
25095
25096
25097
25099
25101
25102
25448
25451
25452
25453
25454
25455
25456
25457
25458
25459
25460
25461
25462
25463
25464
25465
25466
25467
25468
25469
25470
25471
25472
25473
25474
25475
25476
25477
25478
25479
25480
25481
25482
25483
25484
25485
25486
25487
25488
25489
25490
25491
25825
25828
25829
25830
25831
25832
25833
25834
25835
25836
25837
25838
25839
25840
25841
25842
25843
25844
25845
25846
25847
25848
25849
25850
25851
25852
25853
25854
25855
25856
25857
25858
25859
25860
25861
25862
25863
25864
25865
25866
25867
25868
25869
25870
25871
25872
25873
25874
25875
25876
26175
26176
26177
26178
26179
26180
26181
26182
26183
26184
26185
26186
26187
26188
26189
26190
26191
26192
26193
26194
26195
26196
26197
26198
26199
26200
26201
26202
26203
26204
26205
26206
26207
26208
26209
26210
26211
26213
26215
26216
26509
26510
26511
26512
26513
26514
26515
26516
26517
26518
26519
26520
26521
26522
26523
26524
26525
26526
26527
26528
26529
26530
26531
26532
26533
26534
26535
26536
26537
26538
26539
26540
26541
26542
26543
26544
26545
26546
26547
26549
26550
26844
26845
26846
26847
26848
26849
26850
26851
26852
26853
26854
26855
26856
26857
26858
26859
26860
26861
26862
26863
26864
26865
26866
26867
26868
26869
26870
26871
26872
26873
26874
26875
26876
26877
26878
26879
26880
26881
26882
26884
26885
27204
27205
27207
27208
27209
27210
27211
27212
27213
27214
27215
27216
27217
27218
27219
27220
27221
27222
27223
27224
27225
27226
27227
27228
27229
27230
27231
27232
27233
27234
27235
27236
27237
27238
27239
27240
27241
27242
27243
27244
27245
27246
27247
27248
27249
27250
27251
27583
27584
27585
27586
27587
27588
27589
27590
27591
27592
27593
27594
27595
27596
27597
27598
27599
27600
27601
27602
27603
27604
27605
27606
27607
27608
27609
27610
27611
27612
27613
27614
27615
27616
27617
27618
27619
27620
27621
27622
27623
27626
27969
27970
27971
27973
27974
27975
27976
27977
27978
27979
27980
27981
27982
27983
27984
27985
27986
27987
27988
27989
27990
27991
27992
27993
27996
33270
33272
33273
33274
33275
33276
33278
33279
33280
33281
33282
33284
33286
33287
33633
33636
33637
33638
33639
33640
33641
33642
33643
33644
33645
33646
33647
33648
33649
33650
33651
33652
33653
33654
33655
33656
33657
33658
33659
33660
33661
33662
33663
33664
33665
33666
33667
33668
33669
33670
33671
33672
33673
33674
33675
33676
34010
34013
34014
34015
34016
34017
34018
34019
34020
34021
34022
34023
34024
34025
34026
34027
34028
34029
34030
34031
34032
34033
34034
34035
34036
34037
34038
34039
34040
34041
34042
34043
34044
34045
34046
34047
34048
34049
34050
34051
34052
34053
34054
34055
34056
34057
34058
34059
34060
34061
34360
34361
34362
34363
34364
34365
34366
34367
34368
34369
34370
34371
34372
34373
34374
34375
34376
34377
34378
34379
34380
34381
34382
34383
34384
34385
34386
34387
34388
34389
34390
34391
34392
34393
34394
34395
34396
34398
34400
34401
34694
34695
34696
34697
34698
34699
34700
34701
34702
34703
34704
34705
34706
34707
34708
34709
34710
34711
34712
34713
34714
34715
34716
34717
34718
34719
34720
34721
34722
34723
34724
34725
34726
34727
34728
34729
34730
34731
34732
34734
34735
35029
35030
35031
35032
35033
35034
35035
35036
35037
35038
35039
35040
35041
35042
35043
35044
35045
35046
35047
35048
35049
35050
35051
35052
35053
35054
35055
35056
35057
35058
35059
35060
35061
35062
35063
35064
35065
35066
35067
35069
35070
35389
35390
35392
35393
35394
35395
35396
35397
35398
35399
35400
35401
35402
35403
35404
35405
35406
35407
35408
35409
35410
35411
35412
35413
35414
35415
35416
35417
35418
35419
35420
35421
35422
35423
35424
35425
35426
35427
35428
35429
35430
35431
35432
35433
35434
35435
35436
35768
35769
35770
35771
35772
35773
35774
35775
35776
35777
35778
35779
35780
35781
35782
35783
35784
35785
35786
35787
35788
35789
35790
35791
35792
35793
35794
35795
35796
35797
35798
35799
35800
35801
35802
35803
35804
35805
35806
35807
35808
35811
36154
36155
36156
36158
36159
36160
36161
36162
36163
36164
36165
36166
36167
36168
36169
36170
36171
36172
36173
36174
36175
36176
36177
36178
36181
41455
41457
41458
41459
41460
41461
41463
41464
41465
41466
41467
41469
41471
41472
41818
41821
41822
41823
41824
41825
41826
41827
41828
41829
41830
41831
41832
41833
41834
41835
41836
41837
41838
41839
41840
41841
41842
41843
41844
41845
41846
41847
41848
41849
41850
41851
41852
41853
41854
41855
41856
41857
41858
41859
41860
41861
42195
42198
42199
42200
42201
42202
42203
42204
42205
42206
42207
42208
42209
42210
42211
42212
42213
42214
42215
42216
42217
42218
42219
42220
42221
42222
42223
42224
42225
42226
42227
42228
42229
42230
42231
42232
42233
42234
42235
42236
42237
42238
42239
42240
42241
42242
42243
42244
42245
42246
42545
42546
42547
42548
42549
42550
42551
42552
42553
42554
42555
42556
42557
42558
42559
42560
42561
42562
42563
42564
42565
42566
42567
42568
42569
42570
42571
42572
42573
42574
42575
42576
42577
42578
42579
42580
42581
42583
42585
42586
42879
42880
42881
42882
42883
42884
42885
42886
42887
42888
42889
42890
42891
42892
42893
42894
42895
42896
42897
42898
42899
42900
42901
42902
42903
42904
42905
42906
42907
42908
42909
42910
42911
42912
42913
42914
42915
42916
42917
42919
42920
43214
43215
43216
43217
43218
43219
43220
43221
43222
43223
43224
43225
43226
43227
43228
43229
43230
43231
43232
43233
43234
43235
43236
43237
43238
43239
43240
43241
43242
43243
43244
43245
43246
43247
43248
43249
43250
43251
43252
43254
43255
43574
43575
43577
43578
43579
43580
43581
43582
43583
43584
43585
43586
43587
43588
43589
43590
43591
43592
43593
43594
43595
43596
43597
43598
43599
43600
43601
43602
43603
43604
43605
43606
43607
43608
43609
43610
43611
43612
43613
43614
43615
43616
43617
43618
43619
43620
43621
43953
43954
43955
43956
43957
43958
43959
43960
43961
43962
43963
43964
43965
43966
43967
43968
43969
43970
43971
43972
43973
43974
43975
43976
43977
43978
43979
43980
43981
43982
43983
43984
43985
43986
43987
43988
43989
43990
43991
43992
43993
43996
44339
44340
44341
44343
44344
44345
44346
44347
44348
44349
44350
44351
44352
44353
44354
44355
44356
44357
44358
44359
44360
44361
44362
44363
44366
49640
49642
49643
49644
49645
49646
49648
49649
49650
49651
49652
49654
49656
49657
50003
50006
50007
50008
50009
50010
50011
50012
50013
50014
50015
50016
50017
50018
50019
50020
50021
50022
50023
50024
50025
50026
50027
50028
50029
50030
50031
50032
50033
50034
50035
50036
50037
50038
50039
50040
50041
50042
50043
50044
50045
50046
50380
50383
50384
50385
50386
50387
50388
50389
50390
50391
50392
50393
50394
50395
50396
50397
50398
50399
50400
50401
50402
50403
50404
50405
50406
50407
50408
50409
50410
50411
50412
50413
50414
50415
50416
50417
50418
50419
50420
50421
50422
50423
50424
50425
50426
50427
50428
50429
50430
50431
50730
50731
50732
50733
50734
50735
50736
50737
50738
50739
50740
50741
50742
50743
50744
50745
50746
50747
50748
50749
50750
50751
50752
50753
50754
50755
50756
50757
50758
50759
50760
50761
50762
50763
50764
50765
50766
50768
50770
50771
51064
51065
51066
51067
51068
51069
51070
51071
51072
51073
51074
51075
51076
51077
51078
51079
51080
51081
51082
51083
51084
51085
51086
51087
51088
51089
51090
51091
51092
51093
51094
51095
51096
51097
51098
51099
51100
51101
51102
51104
51105
51399
51400
51401
51402
51403
51404
51405
51406
51407
51408
51409
51410
51411
51412
51413
51414
51415
51416
51417
51418
51419
51420
51421
51422
51423
51424
51425
51426
51427
51428
51429
51430
51431
51432
51433
51434
51435
51436
51437
51439
51440
51759
51760
51762
51763
51764
51765
51766
51767
51768
51769
51770
51771
51772
51773
51774
51775
51776
51777
51778
51779
51780
51781
51782
51783
51784
51785
51786
51787
51788
51789
51790
51791
51792
51793
51794
51795
51796
51797
51798
51799
51800
51801
51802
51803
51804
51805
51806
52138
52139
52140
52141
52142
52143
52144
52145
52146
52147
52148
52149
52150
52151
52152
52153
52154
52155
52156
52157
52158
52159
52160
52161
52162
52163
52164
52165
52166
52167
52168
52169
52170
52171
52172
52173
52174
52175
52176
52177
52178
52181
52524
52525
52526
52528
52529
52530
52531
52532
52533
52534
52535
52536
52537
52538
52539
52540
52541
52542
52543
52544
52545
52546
52547
52548
52551
57825
57827
57828
57829
57830
57831
57833
57834
57835
57836
57837
57839
57841
57842
58188
58191
58192
58193
58194
58195
58196
58197
58198
58199
58200
58201
58202
58203
58204
58205
58206
58207
58208
58209
58210
58211
58212
58213
58214
58215
58216
58217
58218
58219
58220
58221
58222
58223
58224
58225
58226
58227
58228
58229
58230
58231
58565
58568
58569
58570
58571
58572
58573
58574
58575
58576
58577
58578
58579
58580
58581
58582
58583
58584
58585
58586
58587
58588
58589
58590
58591
58592
58593
58594
58595
58596
58597
58598
58599
58600
58601
58602
58603
58604
58605
58606
58607
58608
58609
58610
58611
58612
58613
58614
58615
58616
58915
58916
58917
58918
58919
58920
58921
58922
58923
58924
58925
58926
58927
58928
58929
58930
58931
58932
58933
58934
58935
58936
58937
58938
58939
58940
58941
58942
58943
58944
58945
58946
58947
58948
58949
58950
58951
58953
58955
58956
59249
59250
59251
59252
59253
59254
59255
59256
59257
59258
59259
59260
59261
59262
59263
59264
59265
59266
59267
59268
59269
59270
59271
59272
59273
59274
59275
59276
59277
59278
59279
59280
59281
59282
59283
59284
59285
59286
59287
59289
59290
59584
59585
59586
59587
59588
59589
59590
59591
59592
59593
59594
59595
59596
59597
59598
59599
59600
59601
59602
59603
59604
59605
59606
59607
59608
59609
59610
59611
59612
59613
59614
59615
59616
59617
59618
59619
59620
59621
59622
59624
59625
59944
59945
59947
59948
59949
59950
59951
59952
59953
59954
59955
59956
59957
59958
59959
59960
59961
59962
59963
59964
59965
59966
59967
59968
59969
59970
59971
59972
59973
59974
59975
59976
59977
59978
59979
59980
59981
59982
59983
59984
59985
59986
59987
59988
59989
59990
59991
60323
60324
60325
60326
60327
60328
60329
60330
60331
60332
60333
60334
60335
60336
60337
60338
60339
60340
60341
60342
60343
60344
60345
60346
60347
60348
60349
60350
60351
60352
60353
60354
60355
60356
60357
60358
60359
60360
60361
60362
60363
60366
60709
60710
60711
60713
60714
60715
60716
60717
60718
60719
60720
60721
60722
60723
60724
60725
60726
60727
60728
60729
60730
60731
60732
60733
60736
66010
66012
66013
66014
66015
66016
66018
66019
66020
66021
66022
66024
66026
66027
66373
66376
66377
66378
66379
66380
66381
66382
66383
66384
66385
66386
66387
66388
66389
66390
66391
66392
66393
66394
66395
66396
66397
66398
66399
66400
66401
66402
66403
66404
66405
66406
66407
66408
66409
66410
66411
66412
66413
66414
66415
66416
66750
66753
66754
66755
66756
66757
66758
66759
66760
66761
66762
66763
66764
66765
66766
66767
66768
66769
66770
66771
66772
66773
66774
66775
66776
66777
66778
66779
66780
66781
66782
66783
66784
66785
66786
66787
66788
66789
66790
66791
66792
66793
66794
66795
66796
66797
66798
66799
66800
66801
67100
67101
67102
67103
67104
67105
67106
67107
67108
67109
67110
67111
67112
67113
67114
67115
67116
67117
67118
67119
67120
67121
67122
67123
67124
67125
67126
67127
67128
67129
67130
67131
67132
67133
67134
67135
67136
67138
67140
67141
67434
67435
67436
67437
67438
67439
67440
67441
67442
67443
67444
67445
67446
67447
67448
67449
67450
67451
67452
67453
67454
67455
67456
67457
67458
67459
67460
67461
67462
67463
67464
67465
67466
67467
67468
67469
67470
67471
67472
67474
67475
67769
67770
67771
67772
67773
67774
67775
67776
67777
67778
67779
67780
67781
67782
67783
67784
67785
67786
67787
67788
67789
67790
67791
67792
67793
67794
67795
67796
67797
67798
67799
67800
67801
67802
67803
67804
67805
67806
67807
67809
67810
68129
68130
68132
68133
68134
68135
68136
68137
68138
68139
68140
68141
68142
68143
68144
68145
68146
68147
68148
68149
68150
68151
68152
68153
68154
68155
68156
68157
68158
68159
68160
68161
68162
68163
68164
68165
68166
68167
68168
68169
68170
68171
68172
68173
68174
68175
68176
68508
68509
68510
68511
68512
68513
68514
68515
68516
68517
68518
68519
68520
68521
68522
68523
68524
68525
68526
68527
68528
68529
68530
68531
68532
68533
68534
68535
68536
68537
68538
68539
68540
68541
68542
68543
68544
68545
68546
68547
68548
68551
68894
68895
68896
68898
68899
68900
68901
68902
68903
68904
68905
68906
68907
68908
68909
68910
68911
68912
68913
68914
68915
68916
68917
68918
68921
74195
74197
74198
74199
74200
74201
74203
74204
74205
74206
74207
74209
74211
74212
74558
74561
74562
74563
74564
74565
74566
74567
74568
74569
74570
74571
74572
74573
74574
74575
74576
74577
74578
74579
74580
74581
74582
74583
74584
74585
74586
74587
74588
74589
74590
74591
74592
74593
74594
74595
74596
74597
74598
74599
74600
74601
74935
74938
74939
74940
74941
74942
74943
74944
74945
74946
74947
74948
74949
74950
74951
74952
74953
74954
74955
74956
74957
74958
74959
74960
74961
74962
74963
74964
74965
74966
74967
74968
74969
74970
74971
74972
74973
74974
74975
74976
74977
74978
74979
74980
74981
74982
74983
74984
74985
74986
75285
75286
75287
75288
75289
75290
75291
75292
75293
75294
75295
75296
75297
75298
75299
75300
75301
75302
75303
75304
75305
75306
75307
75308
75309
75310
75311
75312
75313
75314
75315
75316
75317
75318
75319
75320
75321
75323
75325
75326
75619
75620
75621
75622
75623
75624
75625
75626
75627
75628
75629
75630
75631
75632
75633
75634
75635
75636
75637
75638
75639
75640
75641
75642
75643
75644
75645
75646
75647
75648
75649
75650
75651
75652
75653
75654
75655
75656
75657
75659
75660
75954
75955
75956
75957
75958
75959
75960
75961
75962
75963
75964
75965
75966
75967
75968
75969
75970
75971
75972
75973
75974
75975
75976
75977
75978
75979
75980
75981
75982
75983
75984
75985
75986
75987
75988
75989
75990
75991
75992
75994
75995
76314
76315
76317
76318
76319
76320
76321
76322
76323
76324
76325
76326
76327
76328
76329
76330
76331
76332
76333
76334
76335
76336
76337
76338
76339
76340
76341
76342
76343
76344
76345
76346
76347
76348
76349
76350
76351
76352
76353
76354
76355
76356
76357
76358
76359
76360
76361
76693
76694
76695
76696
76697
76698
76699
76700
76701
76702
76703
76704
76705
76706
76707
76708
76709
76710
76711
76712
76713
76714
76715
76716
76717
76718
76719
76720
76721
76722
76723
76724
76725
76726
76727
76728
76729
76730
76731
76732
76733
76736
77079
77080
77081
77083
77084
77085
77086
77087
77088
77089
77090
77091
77092
77093
77094
77095
77096
77097
77098
77099
77100
77101
77102
77103
77106
82380
82382
82383
82384
82385
82386
82388
82389
82390
82391
82392
82394
82396
82397
82743
82746
82747
82748
82749
82750
82751
82752
82753
82754
82755
82756
82757
82758
82759
82760
82761
82762
82763
82764
82765
82766
82767
82768
82769
82770
82771
82772
82773
82774
82775
82776
82777
82778
82779
82780
82781
82782
82783
82784
82785
82786
83120
83123
83124
83125
83126
83127
83128
83129
83130
83131
83132
83133
83134
83135
83136
83137
83138
83139
83140
83141
83142
83143
83144
83145
83146
83147
83148
83149
83150
83151
83152
83153
83154
83155
83156
83157
83158
83159
83160
83161
83162
83163
83164
83165
83166
83167
83168
83169
83170
83171
83470
83471
83472
83473
83474
83475
83476
83477
83478
83479
83480
83481
83482
83483
83484
83485
83486
83487
83488
83489
83490
83491
83492
83493
83494
83495
83496
83497
83498
83499
83500
83501
83502
83503
83504
83505
83506
83508
83510
83511
83804
83805
83806
83807
83808
83809
83810
83811
83812
83813
83814
83815
83816
83817
83818
83819
83820
83821
83822
83823
83824
83825
83826
83827
83828
83829
83830
83831
83832
83833
83834
83835
83836
83837
83838
83839
83840
83841
83842
83844
83845
84139
84140
84141
84142
84143
84144
84145
84146
84147
84148
84149
84150
84151
84152
84153
84154
84155
84156
84157
84158
84159
84160
84161
84162
84163
84164
84165
84166
84167
84168
84169
84170
84171
84172
84173
84174
84175
84176
84177
84179
84180
84499
84500
84502
84503
84504
84505
84506
84507
84508
84509
84510
84511
84512
84513
84514
84515
84516
84517
84518
84519
84520
84521
84522
84523
84524
84525
84526
84527
84528
84529
84530
84531
84532
84533
84534
84535
84536
84537
84538
84539
84540
84541
84542
84543
84544
84545
84546
84878
84879
84880
84881
84882
84883
84884
84885
84886
84887
84888
84889
84890
84891
84892
84893
84894
84895
84896
84897
84898
84899
84900
84901
84902
84903
84904
84905
84906
84907
84908
84909
84910
84911
84912
84913
84914
84915
84916
84917
84918
84921
85264
85265
85266
85268
85269
85270
85271
85272
85273
85274
85275
85276
85277
85278
85279
85280
85281
85282
85283
85284
85285
85286
85287
85288
85291
90565
90567
90568
90569
90570
90571
90573
90574
90575
90576
90577
90579
90581
90582
90928
90931
90932
90933
90934
90935
90936
90937
90938
90939
90940
90941
90942
90943
90944
90945
90946
90947
90948
90949
90950
90951
90952
90953
90954
90955
90956
90957
90958
90959
90960
90961
90962
90963
90964
90965
90966
90967
90968
90969
90970
90971
91305
91308
91309
91310
91311
91312
91313
91314
91315
91316
91317
91318
91319
91320
91321
91322
91323
91324
91325
91326
91327
91328
91329
91330
91331
91332
91333
91334
91335
91336
91337
91338
91339
91340
91341
91342
91343
91344
91345
91346
91347
91348
91349
91350
91351
91352
91353
91354
91355
91356
91655
91656
91657
91658
91659
91660
91661
91662
91663
91664
91665
91666
91667
91668
91669
91670
91671
91672
91673
91674
91675
91676
91677
91678
91679
91680
91681
91682
91683
91684
91685
91686
91687
91688
91689
91690
91691
91693
91695
91696
91989
91990
91991
91992
91993
91994
91995
91996
91997
91998
91999
92000
92001
92002
92003
92004
92005
92006
92007
92008
92009
92010
92011
92012
92013
92014
92015
92016
92017
92018
92019
92020
92021
92022
92023
92024
92025
92026
92027
92029
92030
92324
92325
92326
92327
92328
92329
92330
92331
92332
92333
92334
92335
92336
92337
92338
92339
92340
92341
92342
92343
92344
92345
92346
92347
92348
92349
92350
92351
92352
92353
92354
92355
92356
92357
92358
92359
92360
92361
92362
92364
92365
92684
92685
92687
92688
92689
92690
92691
92692
92693
92694
92695
92696
92697
92698
92699
92700
92701
92702
92703
92704
92705
92706
92707
92708
92709
92710
92711
92712
92713
92714
92715
92716
92717
92718
92719
92720
92721
92722
92723
92724
92725
92726
92727
92728
92729
92730
92731
93063
93064
93065
93066
93067
93068
93069
93070
93071
93072
93073
93074
93075
93076
93077
93078
93079
93080
93081
93082
93083
93084
93085
93086
93087
93088
93089
93090
93091
93092
93093
93094
93095
93096
93097
93098
93099
93100
93101
93102
93103
93106
93449
93450
93451
93453
93454
93455
93456
93457
93458
93459
93460
93461
93462
93463
93464
93465
93466
93467
93468
93469
93470
93471
93472
93473
93476
98750
98752
98753
98754
98755
98756
98758
98759
98760
98761
98762
98764
98766
98767
99113
99116
99117
99118
99119
99120
99121
99122
99123
99124
99125
99126
99127
99128
99129
99130
99131
99132
99133
99134
99135
99136
99137
99138
99139
99140
99141
99142
99143
99144
99145
99146
99147
99148
99149
99150
99151
99152
99153
99154
99155
99156
99490
99493
99494
99495
99496
99497
99498
99499
99500
99501
99502
99503
99504
99505
99506
99507
99508
99509
99510
99511
99512
99513
99514
99515
99516
99517
99518
99519
99520
99521
99522
99523
99524
99525
99526
99527
99528
99529
99530
99531
99532
99533
99534
99535
99536
99537
99538
99539
99540
99541
99840
99841
99842
99843
99844
99845
99846
99847
99848
99849
99850
99851
99852
99853
99854
99855
99856
99857
99858
99859
99860
99861
99862
99863
99864
99865
99866
99867
99868
99869
99870
99871
99872
99873
99874
99875
99876
99878
99880
99881
100174
100175
100176
100177
100178
100179
100180
100181
100182
100183
100184
100185
100186
100187
100188
100189
100190
100191
100192
100193
100194
100195
100196
100197
100198
100199
100200
100201
100202
100203
100204
100205
100206
100207
100208
100209
100210
100211
100212
100214
100215
100509
100510
100511
100512
100513
100514
100515
100516
100517
100518
100519
100520
100521
100522
100523
100524
100525
100526
100527
100528
100529
100530
100531
100532
100533
100534
100535
100536
100537
100538
100539
100540
100541
100542
100543
100544
100545
100546
100547
100549
100550
100869
100870
100872
100873
100874
100875
100876
100877
100878
100879
100880
100881
100882
100883
100884
100885
100886
100887
100888
100889
100890
100891
100892
100893
100894
100895
100896
100897
100898
100899
100900
100901
100902
100903
100904
100905
100906
100907
100908
100909
100910
100911
100912
100913
100914
100915
100916
101248
101249
101250
101251
101252
101253
101254
101255
101256
101257
101258
101259
101260
101261
101262
101263
101264
101265
101266
101267
101268
101269
101270
101271
101272
101273
101274
101275
101276
101277
101278
101279
101280
101281
101282
101283
101284
101285
101286
101287
101288
101291
101634
101635
101636
101638
101639
101640
101641
101642
101643
101644
101645
101646
101647
101648
101649
101650
101651
101652
101653
101654
101655
101656
101657
101658
101661
106935
106937
106938
106939
106940
106941
106943
106944
106945
106946
106947
106949
106951
106952
107298
107301
107302
107303
107304
107305
107306
107307
107308
107309
107310
107311
107312
107313
107314
107315
107316
107317
107318
107319
107320
107321
107322
107323
107324
107325
107326
107327
107328
107329
107330
107331
107332
107333
107334
107335
107336
107337
107338
107339
107340
107341
107675
107678
107679
107680
107681
107682
107683
107684
107685
107686
107687
107688
107689
107690
107691
107692
107693
107694
107695
107696
107697
107698
107699
107700
107701
107702
107703
107704
107705
107706
107707
107708
107709
107710
107711
107712
107713
107714
107715
107716
107717
107718
107719
107720
107721
107722
107723
107724
107725
107726
108025
108026
108027
108028
108029
108030
108031
108032
108033
108034
108035
108036
108037
108038
108039
108040
108041
108042
108043
108044
108045
108046
108047
108048
108049
108050
108051
108052
108053
108054
108055
108056
108057
108058
108059
108060
108061
108063
108065
108066
108359
108360
108361
108362
108363
108364
108365
108366
108367
108368
108369
108370
108371
108372
108373
108374
108375
108376
108377
108378
108379
108380
108381
108382
108383
108384
108385
108386
108387
108388
108389
108390
108391
108392
108393
108394
108395
108396
108397
108399
108400
108694
108695
108696
108697
108698
108699
108700
108701
108702
108703
108704
108705
108706
108707
108708
108709
108710
108711
108712
108713
108714
108715
108716
108717
108718
108719
108720
108721
108722
108723
108724
108725
108726
108727
108728
108729
108730
108731
108732
108734
108735
109054
109055
109057
109058
109059
109060
109061
109062
109063
109064
109065
109066
109067
109068
109069
109070
109071
109072
109073
109074
109075
109076
109077
109078
109079
109080
109081
109082
109083
109084
109085
109086
109087
109088
109089
109090
109091
109092
109093
109094
109095
109096
109097
109098
109099
109100
109101
109433
109434
109435
109436
109437
109438
109439
109440
109441
109442
109443
109444
109445
109446
109447
109448
109449
109450
109451
109452
109453
109454
109455
109456
109457
109458
109459
109460
109461
109462
109463
109464
109465
109466
109467
109468
109469
109470
109471
109472
109473
109476
109819
109820
109821
109823
109824
109825
109826
109827
109828
109829
109830
109831
109832
109833
109834
109835
109836
109837
109838
109839
109840
109841
109842
109843
109846
115120
115122
115123
115124
115125
115126
115128
115129
115130
115131
115132
115134
115136
115137
115483
115486
115487
115488
115489
115490
115491
115492
115493
115494
115495
115496
115497
115498
115499
115500
115501
115502
115503
115504
115505
115506
115507
115508
115509
115510
115511
115512
115513
115514
115515
115516
115517
115518
115519
115520
115521
115522
115523
115524
115525
115526
115860
115863
115864
115865
115866
115867
115868
115869
115870
115871
115872
115873
115874
115875
115876
115877
115878
115879
115880
115881
115882
115883
115884
115885
115886
115887
115888
115889
115890
115891
115892
115893
115894
115895
115896
115897
115898
115899
115900
115901
115902
115903
115904
115905
115906
115907
115908
115909
115910
115911
116210
116211
116212
116213
116214
116215
116216
116217
116218
116219
116220
116221
116222
116223
116224
116225
116226
116227
116228
116229
116230
116231
116232
116233
116234
116235
116236
116237
116238
116239
116240
116241
116242
116243
116244
116245
116246
116248
116250
116251
116544
116545
116546
116547
116548
116549
116550
116551
116552
116553
116554
116555
116556
116557
116558
116559
116560
116561
116562
116563
116564
116565
116566
116567
116568
116569
116570
116571
116572
116573
116574
116575
116576
116577
116578
116579
116580
116581
116582
116584
116585
116879
116880
116881
116882
116883
116884
116885
116886
116887
116888
116889
116890
116891
116892
116893
116894
116895
116896
116897
116898
116899
116900
116901
116902
116903
116904
116905
116906
116907
116908
116909
116910
116911
116912
116913
116914
116915
116916
116917
116919
116920
117239
117240
117242
117243
117244
117245
117246
117247
117248
117249
117250
117251
117252
117253
117254
117255
117256
117257
117258
117259
117260
117261
117262
117263
117264
117265
117266
117267
117268
117269
117270
117271
117272
117273
117274
117275
117276
117277
117278
117279
117280
117281
117282
117283
117284
117285
117286
117618
117619
117620
117621
117622
117623
117624
117625
117626
117627
117628
117629
117630
117631
117632
117633
117634
117635
117636
117637
117638
117639
117640
117641
117642
117643
117644
117645
117646
117647
117648
117649
117650
117651
117652
117653
117654
117655
117656
117657
117658
117661
118004
118005
118006
118008
118009
118010
118011
118012
118013
118014
118015
118016
118017
118018
118019
118020
118021
118022
118023
118024
118025
118026
118027
118028
118031
123305
123307
123308
123309
123310
123311
123313
123314
123315
123316
123317
123319
123321
123322
123668
123671
123672
123673
123674
123675
123676
123677
123678
123679
123680
123681
123682
123683
123684
123685
123686
123687
123688
123689
123690
123691
123692
123693
123694
123695
123696
123697
123698
123699
123700
123701
123702
123703
123704
123705
123706
123707
123708
123709
123710
123711
124045
124048
124049
124050
124051
124052
124053
124054
124055
124056
124057
124058
124059
124060
124061
124062
124063
124064
124065
124066
124067
124068
124069
124070
124071
124072
124073
124074
124075
124076
124077
124078
124079
124080
124081
124082
124083
124084
124085
124086
124087
124088
124089
124090
124091
124092
124093
124094
124095
124096
124395
124396
124397
124398
124399
124400
124401
124402
124403
124404
124405
124406
124407
124408
124409
124410
124411
124412
124413
124414
124415
124416
124417
124418
124419
124420
124421
124422
124423
124424
124425
124426
124427
124428
124429
124430
124431
124433
124435
124436
124729
124730
124731
124732
124733
124734
124735
124736
124737
124738
124739
124740
124741
124742
124743
124744
124745
124746
124747
124748
124749
124750
124751
124752
124753
124754
124755
124756
124757
124758
124759
124760
124761
124762
124763
124764
124765
124766
124767
124769
124770
125064
125065
125066
125067
125068
125069
125070
125071
125072
125073
125074
125075
125076
125077
125078
125079
125080
125081
125082
125083
125084
125085
125086
125087
125088
125089
125090
125091
125092
125093
125094
125095
125096
125097
125098
125099
125100
125101
125102
125104
125105
125424
125425
125427
125428
125429
125430
125431
125432
125433
125434
125435
125436
125437
125438
125439
125440
125441
125442
125443
125444
125445
125446
125447
125448
125449
125450
125451
125452
125453
125454
125455
125456
125457
125458
125459
125460
125461
125462
125463
125464
125465
125466
125467
125468
125469
125470
125471
125803
125804
125805
125806
125807
125808
125809
125810
125811
125812
125813
125814
125815
125816
125817
125818
125819
125820
125821
125822
125823
125824
125825
125826
125827
125828
125829
125830
125831
125832
125833
125834
125835
125836
125837
125838
125839
125840
125841
125842
125843
125846
126189
126190
126191
126193
126194
126195
126196
126197
126198
126199
126200
126201
126202
126203
126204
126205
126206
126207
126208
126209
126210
126211
126212
126213
126216
131490
131492
131493
131494
131495
131496
131498
131499
131500
131501
131502
131504
131506
131507
131853
131856
131857
131858
131859
131860
131861
131862
131863
131864
131865
131866
131867
131868
131869
131870
131871
131872
131873
131874
131875
131876
131877
131878
131879
131880
131881
131882
131883
131884
131885
131886
131887
131888
131889
131890
131891
131892
131893
131894
131895
131896
132230
132233
132234
132235
132236
132237
132238
132239
132240
132241
132242
132243
132244
132245
132246
132247
132248
132249
132250
132251
132252
132253
132254
132255
132256
132257
132258
132259
132260
132261
132262
132263
132264
132265
132266
132267
132268
132269
132270
132271
132272
132273
132274
132275
132276
132277
132278
132279
132280
132281
132580
132581
132582
132583
132584
132585
132586
132587
132588
132589
132590
132591
132592
132593
132594
132595
132596
132597
132598
132599
132600
132601
132602
132603
132604
132605
132606
132607
132608
132609
132610
132611
132612
132613
132614
132615
132616
132618
132620
132621
132914
132915
132916
132917
132918
132919
132920
132921
132922
132923
132924
132925
132926
132927
132928
132929
132930
132931
132932
132933
132934
132935
132936
132937
132938
132939
132940
132941
132942
132943
132944
132945
132946
132947
132948
132949
132950
132951
132952
132954
132955
133249
133250
133251
133252
133253
133254
133255
133256
133257
133258
133259
133260
133261
133262
133263
133264
133265
133266
133267
133268
133269
133270
133271
133272
133273
133274
133275
133276
133277
133278
133279
133280
133281
133282
133283
133284
133285
133286
133287
133289
133290
133609
133610
133612
133613
133614
133615
133616
133617
133618
133619
133620
133621
133622
133623
133624
133625
133626
133627
133628
133629
133630
133631
133632
133633
133634
133635
133636
133637
133638
133639
133640
133641
133642
133643
133644
133645
133646
133647
133648
133649
133650
133651
133652
133653
133654
133655
133656
133988
133989
133990
133991
133992
133993
133994
133995
133996
133997
133998
133999
134000
134001
134002
134003
134004
134005
134006
134007
134008
134009
134010
134011
134012
134013
134014
134015
134016
134017
134018
134019
134020
134021
134022
134023
134024
134025
134026
134027
134028
134031
134374
134375
134376
134378
134379
134380
134381
134382
134383
134384
134385
134386
134387
134388
134389
134390
134391
134392
134393
134394
134395
134396
134397
134398
134401
139675
139677
139678
139679
139680
139681
139683
139684
139685
139686
139687
139689
139691
139692
140038
140041
140042
140043
140044
140045
140046
140047
140048
140049
140050
140051
140052
140053
140054
140055
140056
140057
140058
140059
140060
140061
140062
140063
140064
140065
140066
140067
140068
140069
140070
140071
140072
140073
140074
140075
140076
140077
140078
140079
140080
140081
140415
140418
140419
140420
140421
140422
140423
140424
140425
140426
140427
140428
140429
140430
140431
140432
140433
140434
140435
140436
140437
140438
140439
140440
140441
140442
140443
140444
140445
140446
140447
140448
140449
140450
140451
140452
140453
140454
140455
140456
140457
140458
140459
140460
140461
140462
140463
140464
140465
140466
140765
140766
140767
140768
140769
140770
140771
140772
140773
140774
140775
140776
140777
140778
140779
140780
140781
140782
140783
140784
140785
140786
140787
140788
140789
140790
140791
140792
140793
140794
140795
140796
140797
140798
140799
140800
140801
140803
140805
140806
141099
141100
141101
141102
141103
141104
141105
141106
141107
141108
141109
141110
141111
141112
141113
141114
141115
141116
141117
141118
141119
141120
141121
141122
141123
141124
141125
141126
141127
141128
141129
141130
141131
141132
141133
141134
141135
141136
141137
141139
141140
141434
141435
141436
141437
141438
141439
141440
141441
141442
141443
141444
141445
141446
141447
141448
141449
141450
141451
141452
141453
141454
141455
141456
141457
141458
141459
141460
141461
141462
141463
141464
141465
141466
141467
141468
141469
141470
141471
141472
141474
141475
141794
141795
141797
141798
141799
141800
141801
141802
141803
141804
141805
141806
141807
141808
141809
141810
141811
141812
141813
141814
141815
141816
141817
141818
141819
141820
141821
141822
141823
141824
141825
141826
141827
141828
141829
141830
141831
141832
141833
141834
141835
141836
141837
141838
141839
141840
141841
142173
142174
142175
142176
142177
142178
142179
142180
142181
142182
142183
142184
142185
142186
142187
142188
142189
142190
142191
142192
142193
142194
142195
142196
142197
142198
142199
142200
142201
142202
142203
142204
142205
142206
142207
142208
142209
142210
142211
142212
142213
142216
142559
142560
142561
142563
142564
142565
142566
142567
142568
142569
142570
142571
142572
142573
142574
142575
142576
142577
142578
142579
142580
142581
142582
142583
142586
147860
147862
147863
147864
147865
147866
147868
147869
147870
147871
147872
147874
147876
147877
148223
148226
148227
148228
148229
148230
148231
148232
148233
148234
148235
148236
148237
148238
148239
148240
148241
148242
148243
148244
148245
148246
148247
148248
148249
148250
148251
148252
148253
148254
148255
148256
148257
148258
148259
148260
148261
148262
148263
148264
148265
148266
148600
148603
148604
148605
148606
148607
148608
148609
148610
148611
148612
148613
148614
148615
148616
148617
148618
148619
148620
148621
148622
148623
148624
148625
148626
148627
148628
148629
148630
148631
148632
148633
148634
148635
148636
148637
148638
148639
148640
148641
148642
148643
148644
148645
148646
148647
148648
148649
148650
148651
148950
148951
148952
148953
148954
148955
148956
148957
148958
148959
148960
148961
148962
148963
148964
148965
148966
148967
148968
148969
148970
148971
148972
148973
148974
148975
148976
148977
148978
148979
148980
148981
148982
148983
148984
148985
148986
148988
148990
148991
149284
149285
149286
149287
149288
149289
149290
149291
149292
149293
149294
149295
149296
149297
149298
149299
149300
149301
149302
149303
149304
149305
149306
149307
149308
149309
149310
149311
149312
149313
149314
149315
149316
149317
149318
149319
149320
149321
149322
149324
149325
149619
149620
149621
149622
149623
149624
149625
149626
149627
149628
149629
149630
149631
149632
149633
149634
149635
149636
149637
149638
149639
149640
149641
149642
149643
149644
149645
149646
149647
149648
149649
149650
149651
149652
149653
149654
149655
149656
149657
149659
149660
149979
149980
149982
149983
149984
149985
149986
149987
149988
149989
149990
149991
149992
149993
149994
149995
149996
149997
149998
149999
150000
150001
150002
150003
150004
150005
150006
150007
150008
150009
150010
150011
150012
150013
150014
150015
150016
150017
150018
150019
150020
150021
150022
150023
150024
150025
150026
150358
150359
150360
150361
150362
150363
150364
150365
150366
150367
150368
150369
150370
150371
150372
150373
150374
150375
150376
150377
150378
150379
150380
150381
150382
150383
150384
150385
150386
150387
150388
150389
150390
150391
150392
150393
150394
150395
150396
150397
150398
150401
150744
150745
150746
150748
150749
150750
150751
150752
150753
150754
150755
150756
150757
150758
150759
150760
150761
150762
150763
150764
150765
150766
150767
150768
150771
156045
156047
156048
156049
156050
156051
156053
156054
156055
156056
156057
156059
156061
156062
156408
156411
156412
156413
156414
156415
156416
156417
156418
156419
156420
156421
156422
156423
156424
156425
156426
156427
156428
156429
156430
156431
156432
156433
156434
156435
156436
156437
156438
156439
156440
156441
156442
156443
156444
156445
156446
156447
156448
156449
156450
156451
156785
156788
156789
156790
156791
156792
156793
156794
156795
156796
156797
156798
156799
156800
156801
156802
156803
156804
156805
156806
156807
156808
156809
156810
156811
156812
156813
156814
156815
156816
156817
156818
156819
156820
156821
156822
156823
156824
156825
156826
156827
156828
156829
156830
156831
156832
156833
156834
156835
156836
157135
157136
157137
157138
157139
157140
157141
157142
157143
157144
157145
157146
157147
157148
157149
157150
157151
157152
157153
157154
157155
157156
157157
157158
157159
157160
157161
157162
157163
157164
157165
157166
157167
157168
157169
157170
157171
157173
157175
157176
157469
157470
157471
157472
157473
157474
157475
157476
157477
157478
157479
157480
157481
157482
157483
157484
157485
157486
157487
157488
157489
157490
157491
157492
157493
157494
157495
157496
157497
157498
157499
157500
157501
157502
157503
157504
157505
157506
157507
157509
157510
157804
157805
157806
157807
157808
157809
157810
157811
157812
157813
157814
157815
157816
157817
157818
157819
157820
157821
157822
157823
157824
157825
157826
157827
157828
157829
157830
157831
157832
157833
157834
157835
157836
157837
157838
157839
157840
157841
157842
157844
157845
158164
158165
158167
158168
158169
158170
158171
158172
158173
158174
158175
158176
158177
158178
158179
158180
158181
158182
158183
158184
158185
158186
158187
158188
158189
158190
158191
158192
158193
158194
158195
158196
158197
158198
158199
158200
158201
158202
158203
158204
158205
158206
158207
158208
158209
158210
158211
158543
158544
158545
158546
158547
158548
158549
158550
158551
158552
158553
158554
158555
158556
158557
158558
158559
158560
158561
158562
158563
158564
158565
158566
158567
158568
158569
158570
158571
158572
158573
158574
158575
158576
158577
158578
158579
158580
158581
158582
158583
158586
158929
158930
158931
158933
158934
158935
158936
158937
158938
158939
158940
158941
158942
158943
158944
158945
158946
158947
158948
158949
158950
158951
158952
158953
158956
164230
164232
164233
164234
164235
164236
164238
164239
164240
164241
164242
164244
164246
164247
164593
164596
164597
164598
164599
164600
164601
164602
164603
164604
164605
164606
164607
164608
164609
164610
164611
164612
164613
164614
164615
164616
164617
164618
164619
164620
164621
164622
164623
164624
164625
164626
164627
164628
164629
164630
164631
164632
164633
164634
164635
164636
164970
164973
164974
164975
164976
164977
164978
164979
164980
164981
164982
164983
164984
164985
164986
164987
164988
164989
164990
164991
164992
164993
164994
164995
164996
164997
164998
164999
165000
165001
165002
165003
165004
165005
165006
165007
165008
165009
165010
165011
165012
165013
165014
165015
165016
165017
165018
165019
165020
165021
165320
165321
165322
165323
165324
165325
165326
165327
165328
165329
165330
165331
165332
165333
165334
165335
165336
165337
165338
165339
165340
165341
165342
165343
165344
165345
165346
165347
165348
165349
165350
165351
165352
165353
165354
165355
165356
165358
165360
165361
165654
165655
165656
165657
165658
165659
165660
165661
165662
165663
165664
165665
165666
165667
165668
165669
165670
165671
165672
165673
165674
165675
165676
165677
165678
165679
165680
165681
165682
165683
165684
165685
165686
165687
165688
165689
165690
165691
165692
165694
165695
165989
165990
165991
165992
165993
165994
165995
165996
165997
165998
165999
166000
166001
166002
166003
166004
166005
166006
166007
166008
166009
166010
166011
166012
166013
166014
166015
166016
166017
166018
166019
166020
166021
166022
166023
166024
166025
166026
166027
166029
166030
166349
166350
166352
166353
166354
166355
166356
166357
166358
166359
166360
166361
166362
166363
166364
166365
166366
166367
166368
166369
166370
166371
166372
166373
166374
166375
166376
166377
166378
166379
166380
166381
166382
166383
166384
166385
166386
166387
166388
166389
166390
166391
166392
166393
166394
166395
166396
166728
166729
166730
166731
166732
166733
166734
166735
166736
166737
166738
166739
166740
166741
166742
166743
166744
166745
166746
166747
166748
166749
166750
166751
166752
166753
166754
166755
166756
166757
166758
166759
166760
166761
166762
166763
166764
166765
166766
166767
166768
166771
167114
167115
167116
167118
167119
167120
167121
167122
167123
167124
167125
167126
167127
167128
167129
167130
167131
167132
167133
167134
167135
167136
167137
167138
167141
172415
172417
172418
172419
172420
172421
172423
172424
172425
172426
172427
172429
172431
172432
172778
172781
172782
172783
172784
172785
172786
172787
172788
172789
172790
172791
172792
172793
172794
172795
172796
172797
172798
172799
172800
172801
172802
172803
172804
172805
172806
172807
172808
172809
172810
172811
172812
172813
172814
172815
172816
172817
172818
172819
172820
172821
173155
173158
173159
173160
173161
173162
173163
173164
173165
173166
173167
173168
173169
173170
173171
173172
173173
173174
173175
173176
173177
173178
173179
173180
173181
173182
173183
173184
173185
173186
173187
173188
173189
173190
173191
173192
173193
173194
173195
173196
173197
173198
173199
173200
173201
173202
173203
173204
173205
173206
173505
173506
173507
173508
173509
173510
173511
173512
173513
173514
173515
173516
173517
173518
173519
173520
173521
173522
173523
173524
173525
173526
173527
173528
173529
173530
173531
173532
173533
173534
173535
173536
173537
173538
173539
173540
173541
173543
173545
173546
173839
173840
173841
173842
173843
173844
173845
173846
173847
173848
173849
173850
173851
173852
173853
173854
173855
173856
173857
173858
173859
173860
173861
173862
173863
173864
173865
173866
173867
173868
173869
173870
173871
173872
173873
173874
173875
173876
173877
173879
173880
174174
174175
174176
174177
174178
174179
174180
174181
174182
174183
174184
174185
174186
174187
174188
174189
174190
174191
174192
174193
174194
174195
174196
174197
174198
174199
174200
174201
174202
174203
174204
174205
174206
174207
174208
174209
174210
174211
174212
174214
174215
174534
174535
174537
174538
174539
174540
174541
174542
174543
174544
174545
174546
174547
174548
174549
174550
174551
174552
174553
174554
174555
174556
174557
174558
174559
174560
174561
174562
174563
174564
174565
174566
174567
174568
174569
174570
174571
174572
174573
174574
174575
174576
174577
174578
174579
174580
174581
174913
174914
174915
174916
174917
174918
174919
174920
174921
174922
174923
174924
174925
174926
174927
174928
174929
174930
174931
174932
174933
174934
174935
174936
174937
174938
174939
174940
174941
174942
174943
174944
174945
174946
174947
174948
174949
174950
174951
174952
174953
174956
175299
175300
175301
175303
175304
175305
175306
175307
175308
175309
175310
175311
175312
175313
175314
175315
175316
175317
175318
175319
175320
175321
175322
175323
175326
180600
180602
180603
180604
180605
180606
180608
180609
180610
180611
180612
180614
180616
180617
180963
180966
180967
180968
180969
180970
180971
180972
180973
180974
180975
180976
180977
180978
180979
180980
180981
180982
180983
180984
180985
180986
180987
180988
180989
180990
180991
180992
180993
180994
180995
180996
180997
180998
180999
181000
181001
181002
181003
181004
181005
181006
181340
181343
181344
181345
181346
181347
181348
181349
181350
181351
181352
181353
181354
181355
181356
181357
181358
181359
181360
181361
181362
181363
181364
181365
181366
181367
181368
181369
181370
181371
181372
181373
181374
181375
181376
181377
181378
181379
181380
181381
181382
181383
181384
181385
181386
181387
181388
181389
181390
181391
181690
181691
181692
181693
181694
181695
181696
181697
181698
181699
181700
181701
181702
181703
181704
181705
181706
181707
181708
181709
181710
181711
181712
181713
181714
181715
181716
181717
181718
181719
181720
181721
181722
181723
181724
181725
181726
181728
181730
181731
182024
182025
182026
182027
182028
182029
182030
182031
182032
182033
182034
182035
182036
182037
182038
182039
182040
182041
182042
182043
182044
182045
182046
182047
182048
182049
182050
182051
182052
182053
182054
182055
182056
182057
182058
182059
182060
182061
182062
182064
182065
182359
182360
182361
182362
182363
182364
182365
182366
182367
182368
182369
182370
182371
182372
182373
182374
182375
182376
182377
182378
182379
182380
182381
182382
182383
182384
182385
182386
182387
182388
182389
182390
182391
182392
182393
182394
182395
182396
182397
182399
182400
182719
182720
182722
182723
182724
182725
182726
182727
182728
182729
182730
182731
182732
182733
182734
182735
182736
182737
182738
182739
182740
182741
182742
182743
182744
182745
182746
182747
182748
182749
182750
182751
182752
182753
182754
182755
182756
182757
182758
182759
182760
182761
182762
182763
182764
182765
182766
183098
183099
183100
183101
183102
183103
183104
183105
183106
183107
183108
183109
183110
183111
183112
183113
183114
183115
183116
183117
183118
183119
183120
183121
183122
183123
183124
183125
183126
183127
183128
183129
183130
183131
183132
183133
183134
183135
183136
183137
183138
183141
183484
183485
183486
183488
183489
183490
183491
183492
183493
183494
183495
183496
183497
183498
183499
183500
183501
183502
183503
183504
183505
183506
183507
183508
183511
188785
188787
188788
188789
188790
188791
188793
188794
188795
188796
188797
188799
188801
188802
189148
189151
189152
189153
189154
189155
189156
189157
189158
189159
189160
189161
189162
189163
189164
189165
189166
189167
189168
189169
189170
189171
189172
189173
189174
189175
189176
189177
189178
189179
189180
189181
189182
189183
189184
189185
189186
189187
189188
189189
189190
189191
189525
189528
189529
189530
189531
189532
189533
189534
189535
189536
189537
189538
189539
189540
189541
189542
189543
189544
189545
189546
189547
189548
189549
189550
189551
189552
189553
189554
189555
189556
189557
189558
189559
189560
189561
189562
189563
189564
189565
189566
189567
189568
189569
189570
189571
189572
189573
189574
189575
189576
189875
189876
189877
189878
189879
189880
189881
189882
189883
189884
189885
189886
189887
189888
189889
189890
189891
189892
189893
189894
189895
189896
189897
189898
189899
189900
189901
189902
189903
189904
189905
189906
189907
189908
189909
189910
189911
189913
189915
189916
190209
190210
190211
190212
190213
190214
190215
190216
190217
190218
190219
190220
190221
190222
190223
190224
190225
190226
190227
190228
190229
190230
190231
190232
190233
190234
190235
190236
190237
190238
190239
190240
190241
190242
190243
190244
190245
190246
190247
190249
190250
190544
190545
190546
190547
190548
190549
190550
190551
190552
190553
190554
190555
190556
190557
190558
190559
190560
190561
190562
190563
190564
190565
190566
190567
190568
190569
190570
190571
190572
190573
190574
190575
190576
190577
190578
190579
190580
190581
190582
190584
190585
190904
190905
190907
190908
190909
190910
190911
190912
190913
190914
190915
190916
190917
190918
190919
190920
190921
190922
190923
190924
190925
190926
190927
190928
190929
190930
190931
190932
190933
190934
190935
190936
190937
190938
190939
190940
190941
190942
190943
190944
190945
190946
190947
190948
190949
190950
190951
191283
191284
191285
191286
191287
191288
191289
191290
191291
191292
191293
191294
191295
191296
191297
191298
191299
191300
191301
191302
191303
191304
191305
191306
191307
191308
191309
191310
191311
191312
191313
191314
191315
191316
191317
191318
191319
191320
191321
191322
191323
191326
191669
191670
191671
191673
191674
191675
191676
191677
191678
191679
191680
191681
191682
191683
191684
191685
191686
191687
191688
191689
191690
191691
191692
191693
191696
196970
196972
196973
196974
196975
196976
196978
196979
196980
196981
196982
196984
196986
196987
197333
197336
197337
197338
197339
197340
197341
197342
197343
197344
197345
197346
197347
197348
197349
197350
197351
197352
197353
197354
197355
197356
197357
197358
197359
197360
197361
197362
197363
197364
197365
197366
197367
197368
197369
197370
197371
197372
197373
197374
197375
197376
197710
197713
197714
197715
197716
197717
197718
197719
197720
197721
197722
197723
197724
197725
197726
197727
197728
197729
197730
197731
197732
197733
197734
197735
197736
197737
197738
197739
197740
197741
197742
197743
197744
197745
197746
197747
197748
197749
197750
197751
197752
197753
197754
197755
197756
197757
197758
197759
197760
197761
198060
198061
198062
198063
198064
198065
198066
198067
198068
198069
198070
198071
198072
198073
198074
198075
198076
198077
198078
198079
198080
198081
198082
198083
198084
198085
198086
198087
198088
198089
198090
198091
198092
198093
198094
198095
198096
198098
198100
198101
198394
198395
198396
198397
198398
198399
198400
198401
198402
198403
198404
198405
198406
198407
198408
198409
198410
198411
198412
198413
198414
198415
198416
198417
198418
198419
198420
198421
198422
198423
198424
198425
198426
198427
198428
198429
198430
198431
198432
198434
198435
198729
198730
198731
198732
198733
198734
198735
198736
198737
198738
198739
198740
198741
198742
198743
198744
198745
198746
198747
198748
198749
198750
198751
198752
198753
198754
198755
198756
198757
198758
198759
198760
198761
198762
198763
198764
198765
198766
198767
198769
198770
199089
199090
199092
199093
199094
199095
199096
199097
199098
199099
199100
199101
199102
199103
199104
199105
199106
199107
199108
199109
199110
199111
199112
199113
199114
199115
199116
199117
199118
199119
199120
199121
199122
199123
199124
199125
199126
199127
199128
199129
199130
199131
199132
199133
199134
199135
199136
199468
199469
199470
199471
199472
199473
199474
199475
199476
199477
199478
199479
199480
199481
199482
199483
199484
199485
199486
199487
199488
199489
199490
199491
199492
199493
199494
199495
199496
199497
199498
199499
199500
199501
199502
199503
199504
199505
199506
199507
199508
199511
199854
199855
199856
199858
199859
199860
199861
199862
199863
199864
199865
199866
199867
199868
199869
199870
199871
199872
199873
199874
199875
199876
199877
199878
199881
205155
205157
205158
205159
205160
205161
205163
205164
205165
205166
205167
205169
205171
205172
205518
205521
205522
205523
205524
205525
205526
205527
205528
205529
205530
205531
205532
205533
205534
205535
205536
205537
205538
205539
205540
205541
205542
205543
205544
205545
205546
205547
205548
205549
205550
205551
205552
205553
205554
205555
205556
205557
205558
205559
205560
205561
205895
205898
205899
205900
205901
205902
205903
205904
205905
205906
205907
205908
205909
205910
205911
205912
205913
205914
205915
205916
205917
205918
205919
205920
205921
205922
205923
205924
205925
205926
205927
205928
205929
205930
205931
205932
205933
205934
205935
205936
205937
205938
205939
205940
205941
205942
205943
205944
205945
205946
206245
206246
206247
206248
206249
206250
206251
206252
206253
206254
206255
206256
206257
206258
206259
206260
206261
206262
206263
206264
206265
206266
206267
206268
206269
206270
206271
206272
206273
206274
206275
206276
206277
206278
206279
206280
206281
206283
206285
206286
206579
206580
206581
206582
206583
206584
206585
206586
206587
206588
206589
206590
206591
206592
206593
206594
206595
206596
206597
206598
206599
206600
206601
206602
206603
206604
206605
206606
206607
206608
206609
206610
206611
206612
206613
206614
206615
206616
206617
206619
206620
206914
206915
206916
206917
206918
206919
206920
206921
206922
206923
206924
206925
206926
206927
206928
206929
206930
206931
206932
206933
206934
206935
206936
206937
206938
206939
206940
206941
206942
206943
206944
206945
206946
206947
206948
206949
206950
206951
206952
206954
206955
207274
207275
207277
207278
207279
207280
207281
207282
207283
207284
207285
207286
207287
207288
207289
207290
207291
207292
207293
207294
207295
207296
207297
207298
207299
207300
207301
207302
207303
207304
207305
207306
207307
207308
207309
207310
207311
207312
207313
207314
207315
207316
207317
207318
207319
207320
207321
207653
207654
207655
207656
207657
207658
207659
207660
207661
207662
207663
207664
207665
207666
207667
207668
207669
207670
207671
207672
207673
207674
207675
207676
207677
207678
207679
207680
207681
207682
207683
207684
207685
207686
207687
207688
207689
207690
207691
207692
207693
207696
208039
208040
208041
208043
208044
208045
208046
208047
208048
208049
208050
208051
208052
208053
208054
208055
208056
208057
208058
208059
208060
208061
208062
208063
208066
213340
213342
213343
213344
213345
213346
213348
213349
213350
213351
213352
213354
213356
213357
213703
213706
213707
213708
213709
213710
213711
213712
213713
213714
213715
213716
213717
213718
213719
213720
213721
213722
213723
213724
213725
213726
213727
213728
213729
213730
213731
213732
213733
213734
213735
213736
213737
213738
213739
213740
213741
213742
213743
213744
213745
213746
214080
214083
214084
214085
214086
214087
214088
214089
214090
214091
214092
214093
214094
214095
214096
214097
214098
214099
214100
214101
214102
214103
214104
214105
214106
214107
214108
214109
214110
214111
214112
214113
214114
214115
214116
214117
214118
214119
214120
214121
214122
214123
214124
214125
214126
214127
214128
214129
214130
214131
214430
214431
214432
214433
214434
214435
214436
214437
214438
214439
214440
214441
214442
214443
214444
214445
214446
214447
214448
214449
214450
214451
214452
214453
214454
214455
214456
214457
214458
214459
214460
214461
214462
214463
214464
214465
214466
214468
214470
214471
214764
214765
214766
214767
214768
214769
214770
214771
214772
214773
214774
214775
214776
214777
214778
214779
214780
214781
214782
214783
214784
214785
214786
214787
214788
214789
214790
214791
214792
214793
214794
214795
214796
214797
214798
214799
214800
214801
214802
214804
214805
215099
215100
215101
215102
215103
215104
215105
215106
215107
215108
215109
215110
215111
215112
215113
215114
215115
215116
215117
215118
215119
215120
215121
215122
215123
215124
215125
215126
215127
215128
215129
215130
215131
215132
215133
215134
215135
215136
215137
215139
215140
215459
215460
215462
215463
215464
215465
215466
215467
215468
215469
215470
215471
215472
215473
215474
215475
215476
215477
215478
215479
215480
215481
215482
215483
215484
215485
215486
215487
215488
215489
215490
215491
215492
215493
215494
215495
215496
215497
215498
215499
215500
215501
215502
215503
215504
215505
215506
215838
215839
215840
215841
215842
215843
215844
215845
215846
215847
215848
215849
215850
215851
215852
215853
215854
215855
215856
215857
215858
215859
215860
215861
215862
215863
215864
215865
215866
215867
215868
215869
215870
215871
215872
215873
215874
215875
215876
215877
215878
215881
216224
216225
216226
216228
216229
216230
216231
216232
216233
216234
216235
216236
216237
216238
216239
216240
216241
216242
216243
216244
216245
216246
216247
216248
216251
221525
221527
221528
221529
221530
221531
221533
221534
221535
221536
221537
221539
221541
221542
221888
221891
221892
221893
221894
221895
221896
221897
221898
221899
221900
221901
221902
221903
221904
221905
221906
221907
221908
221909
221910
221911
221912
221913
221914
221915
221916
221917
221918
221919
221920
221921
221922
221923
221924
221925
221926
221927
221928
221929
221930
221931
222265
222268
222269
222270
222271
222272
222273
222274
222275
222276
222277
222278
222279
222280
222281
222282
222283
222284
222285
222286
222287
222288
222289
222290
222291
222292
222293
222294
222295
222296
222297
222298
222299
222300
222301
222302
222303
222304
222305
222306
222307
222308
222309
222310
222311
222312
222313
222314
222315
222316
222615
222616
222617
222618
222619
222620
222621
222622
222623
222624
222625
222626
222627
222628
222629
222630
222631
222632
222633
222634
222635
222636
222637
222638
222639
222640
222641
222642
222643
222644
222645
222646
222647
222648
222649
222650
222651
222653
222655
222656
222949
222950
222951
222952
222953
222954
222955
222956
222957
222958
222959
222960
222961
222962
222963
222964
222965
222966
222967
222968
222969
222970
222971
222972
222973
222974
222975
222976
222977
222978
222979
222980
222981
222982
222983
222984
222985
222986
222987
222989
222990
223284
223285
223286
223287
223288
223289
223290
223291
223292
223293
223294
223295
223296
223297
223298
223299
223300
223301
223302
223303
223304
223305
223306
223307
223308
223309
223310
223311
223312
223313
223314
223315
223316
223317
223318
223319
223320
223321
223322
223324
223325
223644
223645
223647
223648
223649
223650
223651
223652
223653
223654
223655
223656
223657
223658
223659
223660
223661
223662
223663
223664
223665
223666
223667
223668
223669
223670
223671
223672
223673
223674
223675
223676
223677
223678
223679
223680
223681
223682
223683
223684
223685
223686
223687
223688
223689
223690
223691
224023
224024
224025
224026
224027
224028
224029
224030
224031
224032
224033
224034
224035
224036
224037
224038
224039
224040
224041
224042
224043
224044
224045
224046
224047
224048
224049
224050
224051
224052
224053
224054
224055
224056
224057
224058
224059
224060
224061
224062
224063
224066
224409
224410
224411
224413
224414
224415
224416
224417
224418
224419
224420
224421
224422
224423
224424
224425
224426
224427
224428
224429
224430
224431
224432
224433
224436
229710
229712
229713
229714
229715
229716
229718
229719
229720
229721
229722
229724
229726
229727
230073
230076
230077
230078
230079
230080
230081
230082
230083
230084
230085
230086
230087
230088
230089
230090
230091
230092
230093
230094
230095
230096
230097
230098
230099
230100
230101
230102
230103
230104
230105
230106
230107
230108
230109
230110
230111
230112
230113
230114
230115
230116
230450
230453
230454
230455
230456
230457
230458
230459
230460
230461
230462
230463
230464
230465
230466
230467
230468
230469
230470
230471
230472
230473
230474
230475
230476
230477
230478
230479
230480
230481
230482
230483
230484
230485
230486
230487
230488
230489
230490
230491
230492
230493
230494
230495
230496
230497
230498
230499
230500
230501
230800
230801
230802
230803
230804
230805
230806
230807
230808
230809
230810
230811
230812
230813
230814
230815
230816
230817
230818
230819
230820
230821
230822
230823
230824
230825
230826
230827
230828
230829
230830
230831
230832
230833
230834
230835
230836
230838
230840
230841
231134
231135
231136
231137
231138
231139
231140
231141
231142
231143
231144
231145
231146
231147
231148
231149
231150
231151
231152
231153
231154
231155
231156
231157
231158
231159
231160
231161
231162
231163
231164
231165
231166
231167
231168
231169
231170
231171
231172
231174
231175
231469
231470
231471
231472
231473
231474
231475
231476
231477
231478
231479
231480
231481
231482
231483
231484
231485
231486
231487
231488
231489
231490
231491
231492
231493
231494
231495
231496
231497
231498
231499
231500
231501
231502
231503
231504
231505
231506
231507
231509
231510
231829
231830
231832
231833
231834
231835
231836
231837
231838
231839
231840
231841
231842
231843
231844
231845
231846
231847
231848
231849
231850
231851
231852
231853
231854
231855
231856
231857
231858
231859
231860
231861
231862
231863
231864
231865
231866
231867
231868
231869
231870
231871
231872
231873
231874
231875
231876
232208
232209
232210
232211
232212
232213
232214
232215
232216
232217
232218
232219
232220
232221
232222
232223
232224
232225
232226
232227
232228
232229
232230
232231
232232
232233
232234
232235
232236
232237
232238
232239
232240
232241
232242
232243
232244
232245
232246
232247
232248
232251
232594
232595
232596
232598
232599
232600
232601
232602
232603
232604
232605
232606
232607
232608
232609
232610
232611
232612
232613
232614
232615
232616
232617
232618
232621
237895
237897
237898
237899
237900
237901
237903
237904
237905
237906
237907
237909
237911
237912
238258
238261
238262
238263
238264
238265
238266
238267
238268
238269
238270
238271
238272
238273
238274
238275
238276
238277
238278
238279
238280
238281
238282
238283
238284
238285
238286
238287
238288
238289
238290
238291
238292
238293
238294
238295
238296
238297
238298
238299
238300
238301
238635
238638
238639
238640
238641
238642
238643
238644
238645
238646
238647
238648
238649
238650
238651
238652
238653
238654
238655
238656
238657
238658
238659
238660
238661
238662
238663
238664
238665
238666
238667
238668
238669
238670
238671
238672
238673
238674
238675
238676
238677
238678
238679
238680
238681
238682
238683
238684
238685
238686
238985
238986
238987
238988
238989
238990
238991
238992
238993
238994
238995
238996
238997
238998
238999
239000
239001
239002
239003
239004
239005
239006
239007
239008
239009
239010
239011
239012
239013
239014
239015
239016
239017
239018
239019
239020
239021
239023
239025
239026
239319
239320
239321
239322
239323
239324
239325
239326
239327
239328
239329
239330
239331
239332
239333
239334
239335
239336
239337
239338
239339
239340
239341
239342
239343
239344
239345
239346
239347
239348
239349
239350
239351
239352
239353
239354
239355
239356
239357
239359
239360
239654
239655
239656
239657
239658
239659
239660
239661
239662
239663
239664
239665
239666
239667
239668
239669
239670
239671
239672
239673
239674
239675
239676
239677
239678
239679
239680
239681
239682
239683
239684
239685
239686
239687
239688
239689
239690
239691
239692
239694
239695
240014
240015
240017
240018
240019
240020
240021
240022
240023
240024
240025
240026
240027
240028
240029
240030
240031
240032
240033
240034
240035
240036
240037
240038
240039
240040
240041
240042
240043
240044
240045
240046
240047
240048
240049
240050
240051
240052
240053
240054
240055
240056
240057
240058
240059
240060
240061
240393
240394
240395
240396
240397
240398
240399
240400
240401
240402
240403
240404
240405
240406
240407
240408
240409
240410
240411
240412
240413
240414
240415
240416
240417
240418
240419
240420
240421
240422
240423
240424
240425
240426
240427
240428
240429
240430
240431
240432
240433
240436
240779
240780
240781
240783
240784
240785
240786
240787
240788
240789
240790
240791
240792
240793
240794
240795
240796
240797
240798
240799
240800
240801
240802
240803
240806
246080
246082
246083
246084
246085
246086
246088
246089
246090
246091
246092
246094
246096
246097
246455
246458
246459
246460
246461
246462
246463
246464
246465
246466
246467
246468
246469
246470
246471
246472
246473
246474
246475
246476
246477
246478
246479
246480
246481
246482
246483
246484
246485
246486
246487
246488
246489
246490
246491
246492
246493
246494
246495
246496
246497
246498
246499
246500
246501
246502
246503
246504
246874
246877
246878
246879
246880
246881
246882
246883
246884
246885
246886
246887
246888
246889
246890
246891
246892
246893
246894
246895
246896
246897
246898
246899
246900
246901
246902
246903
246904
246905
246906
246907
246908
246909
246910
246911
246912
246913
246914
246915
246916
246917
246918
246919
246920
246921
246922
246923
246924
246925
246926
246927
246928
246929
246930
246931
246932
246933
246934
246935
246936
246937
246938
246939
246940
246941
246942
246943
247278
247279
247280
247281
247282
247283
247284
247285
247286
247287
247288
247289
247290
247291
247292
247293
247294
247295
247296
247297
247298
247299
247300
247301
247302
247303
247304
247305
247306
247307
247308
247309
247310
247311
247312
247313
247314
247315
247316
247317
247318
247319
247320
247321
247322
247323
247324
247325
247326
247327
247328
247329
247330
247331
247332
247334
247336
247337
247666
247667
247668
247669
247670
247671
247672
247673
247674
247675
247676
247677
247678
247679
247680
247681
247682
247683
247684
247685
247686
247687
247688
247689
247690
247691
247692
247693
247694
247695
247696
247697
247698
247699
247700
247701
247702
247703
247704
247705
247706
247707
247708
247709
247710
247711
247712
247713
247714
247715
247716
247717
247718
247719
247720
247721
247722
247724
247725
248055
248056
248057
248058
248059
248060
248061
248062
248063
248064
248065
248066
248067
248068
248069
248070
248071
248072
248073
248074
248075
248076
248077
248078
248079
248080
248081
248082
248083
248084
248085
248086
248087
248088
248089
248090
248091
248092
248093
248094
248095
248096
248097
248098
248099
248100
248101
248102
248103
248104
248105
248106
248107
248108
248109
248110
248111
248113
248114
248469
248470
248472
248473
248474
248475
248476
248477
248478
248479
248480
248481
248482
248483
248484
248485
248486
248487
248488
248489
248490
248491
248492
248493
248494
248495
248496
248497
248498
248499
248500
248501
248502
248503
248504
248505
248506
248507
248508
248509
248510
248511
248512
248513
248514
248515
248516
248517
248518
248519
248520
248521
248522
248523
248524
248525
248526
248527
248528
248529
248530
248531
248532
248533
248534
248878
248879
248880
248881
248882
248883
248884
248885
248886
248887
248888
248889
248890
248891
248892
248893
248894
248895
248896
248897
248898
248899
248900
248901
248902
248903
248904
248905
248906
248907
248908
248909
248910
248911
248912
248913
248914
248915
248916
248917
248918
248919
248920
248921
248922
248923
248924
248927
249270
249271
249272
249274
249275
249276
249277
249278
249279
249280
249281
249282
249283
249284
249285
249286
249287
249288
249289
249290
249291
249292
249293
249294
249297
254877
254879
254880
254881
254882
254883
254885
254886
254887
254888
254889
254891
254893
254894
255220
255223
255224
255225
255226
255227
255228
255229
255230
255231
255232
255233
255234
255235
255236
255237
255238
255239
255240
255241
255242
255243
255244
255245
255246
255247
255248
255249
255250
255251
255252
255253
255567
255570
255571
255572
255573
255574
255575
255576
255577
255578
255579
255580
255581
255582
255583
255584
255585
255586
255587
255588
255589
255590
255591
255592
255593
255594
255595
255596
255597
255598
255599
255600
255601
255602
255603
255604
255605
255606
255607
255608
255919
255920
255921
255922
255923
255924
255925
255926
255927
255928
255929
255930
255931
255932
255933
255934
255935
255936
255937
255938
255939
255940
255941
255942
255943
255944
255945
255946
255947
255948
255949
255950
255951
255952
255953
255954
255955
255956
255957
255958
255959
255960
255961
255963
255965
255966
256271
256272
256273
256274
256275
256276
256277
256278
256279
256280
256281
256282
256283
256284
256285
256286
256287
256288
256289
256290
256291
256292
256293
256294
256295
256296
256297
256298
256299
256300
256301
256302
256303
256304
256305
256306
256307
256308
256309
256310
256311
256312
256313
256314
256315
256317
256318
256624
256625
256626
256627
256628
256629
256630
256631
256632
256633
256634
256635
256636
256637
256638
256639
256640
256641
256642
256643
256644
256645
256646
256647
256648
256649
256650
256651
256652
256653
256654
256655
256656
256657
256658
256659
256660
256661
256662
256663
256664
256665
256666
256667
256668
256670
256671
256978
256979
256981
256982
256983
256984
256985
256986
256987
256988
256989
256990
256991
256992
256993
256994
256995
256996
256997
256998
256999
257000
257001
257002
257003
257004
257005
257006
257007
257008
257009
257010
257011
257012
257013
257014
257015
257016
257017
257018
257019
257343
257344
257345
257346
257347
257348
257349
257350
257351
257352
257353
257354
257355
257356
257357
257358
257359
257360
257361
257362
257363
257364
257365
257366
257367
257368
257369
257370
257371
257372
257373
257374
257375
257376
257377
257378
257379
257382
257729
257730
257731
257732
257734
257735
257736
257737
257738
257739
257740
257741
257742
257743
257744
257745
257746
257747
257748
257749
257750
257751
257752
257753
257754
257755
257758
263002
263003
263004
263006
263008
263009
263010
263012
263014
263016
263018
263351
263352
263354
263355
263356
263357
263358
263359
263361
263362
263363
263364
263365
263367
263368
263369
263370
263371
263373
263374
263375
263376
263377
263379
263380
263381
263383
263384
263712
263713
263715
263716
263717
263718
263719
263720
263722
263723
263724
263725
263726
263728
263729
263730
263731
263732
263734
263735
263736
263737
263738
263740
263741
263742
263743
263744
263746
263747
263748
263749
263750
263752
263753
263754
263756
263757
264080
264081
264082
264083
264084
264086
264087
264088
264089
264090
264092
264093
264094
264095
264096
264098
264099
264100
264101
264102
264104
264105
264106
264107
264108
264110
264111
264112
264113
264114
264116
264117
264118
264119
264120
264122
264123
264124
264125
264126
264130
264132
264133
264450
264451
264452
264453
264454
264456
264457
264458
264459
264460
264462
264463
264464
264465
264466
264468
264469
264470
264471
264472
264474
264475
264476
264477
264478
264480
264481
264482
264483
264484
264486
264487
264488
264489
264490
264492
264493
264494
264495
264496
264498
264500
264502
264503
264821
264822
264823
264824
264825
264827
264828
264829
264830
264831
264833
264834
264835
264836
264837
264839
264840
264841
264842
264843
264845
264846
264847
264848
264849
264851
264852
264853
264854
264855
264857
264858
264859
264860
264861
264863
264864
264865
264866
264867
264869
264871
264873
264874
265194
265195
265197
265198
265199
265200
265201
265202
265203
265205
265206
265207
265208
265209
265211
265212
265213
265214
265215
265217
265218
265219
265220
265221
265223
265224
265225
265226
265227
265229
265230
265231
265232
265233
265235
265236
265238
265239
265240
265568
265569
265570
265572
265573
265574
265575
265576
265577
265578
265580
265581
265582
265583
265584
265586
265587
265588
265589
265590
265592
265593
265594
265595
265596
265598
265599
265601
265602
265603
265604
265605
265609
265956
265957
265960
265961
265962
265963
265964
265966
265967
265968
265969
265970
265972
265973
265974
265975
265976
265978
265979
265980
265981
265985
291220
291221
291222
291238
291240
291242
291244
291246
291247
291248
291262
291264
291266
291268
291270
291271
291272
291286
291288
291290
291292
291294
291295
291296
291314
291316
291318
291319
291320
291340
291559
291560
291561
291577
291579
291580
291582
291584
291585
291586
291598
291600
291601
291603
291604
291606
291607
291608
291628
291841
291843
291844
291846
291848
291849
291850
291862
291864
291865
291867
291868
291871
291872
291997
291999
292004
292005
292006
292023
292024
292135
292137
292142
292143
292144
292161
292162
292273
292275
292281
292282
292299
292300
292510
292512
292513
292514
292516
292518
292519
292520
292534
292536
292537
292538
292540
292541
292545
292770
292792
292794
292795
292796
292798
292800
292801
292802
292816
292818
292819
292820
292822
292823
292827
293148
293170
293172
293173
293178
293179
293194
293196
293197
293198
293200
293202
293204
293218
293220
293221
293222
293224
293226
293228
293244
293245
293248
296209
296210
296211
296224
296225
296226
296227
296228
296229
296230
296231
296232
296233
296236
296237
296238
296239
296240
296241
296242
296243
296244
296245
296246
296247
296248
296249
296250
296251
296252
296253
296254
296255
296256
296257
296258
296259
296260
296261
296262
296263
296264
296265
296266
296267
296268
296269
296270
296271
296272
296273
296274
296277
296278
296279
296280
296281
296283
296287
296288
296289
296290
296291
296292
296297
296309
296310
296476
296477
296478
296491
296492
296493
296494
296495
296496
296497
296498
296499
296500
296501
296502
296503
296504
296505
296506
296507
296508
296509
296510
296511
296512
296513
296514
296515
296516
296517
296518
296519
296521
296522
296523
296524
296525
296526
296531
296543
296544
296719
296720
296721
296722
296723
296724
296725
296726
296727
296728
296729
296730
296731
296732
296733
296734
296735
296736
296737
296738
296740
296741
296742
296743
296745
296746
296747
296748
296750
296751
296911
296912
296915
296916
296917
296920
296921
296922
296926
296927
296928
296929
296930
296931
296932
296933
296934
296935
296936
296937
296938
296939
296940
296941
296942
296943
296944
296945
296946
296947
296948
296949
296950
296951
296952
296953
296954
296955
296956
296957
296958
296959
296960
296961
296965
296970
296975
296976
297121
297122
297125
297126
297127
297130
297131
297132
297136
297137
297138
297139
297140
297141
297142
297143
297144
297145
297146
297147
297148
297149
297150
297151
297152
297153
297154
297155
297156
297157
297158
297159
297160
297161
297162
297163
297164
297165
297166
297167
297168
297169
297170
297171
297175
297180
297185
297186
297331
297332
297335
297336
297340
297341
297342
297346
297348
297349
297350
297351
297352
297353
297354
297355
297356
297357
297358
297359
297360
297361
297362
297363
297364
297365
297366
297367
297368
297369
297370
297371
297372
297373
297374
297375
297376
297377
297378
297379
297380
297381
297385
297390
297396
297556
297557
297558
297559
297560
297561
297562
297563
297564
297565
297566
297568
297569
297570
297571
297572
297573
297574
297575
297578
297579
297580
297582
297583
297584
297585
297588
297761
297772
297773
297781
297782
297783
297784
297785
297786
297787
297788
297789
297790
297791
297792
297793
297795
297796
297797
297798
297799
297800
297801
297802
297803
297804
297807
297808
297809
297810
297811
297812
297813
297814
297815
297816
297819
298073
298084
298085
298093
298094
298095
298098
298099
298101
298103
298104
298105
298106
298107
298111
298113
298114
298115
298116
298117
298118
298119
298121
298122
298123
298124
298125
298126
298128
298129
298131
298132
298133
298134
298135
298136
298137
298139
298140
298141
298142
298143
298144
298146
298147
298149
298151
298152
298154
298158
298159
298160
298162
298163
298164
298167
301264
301265
301266
301279
301280
301281
301282
301283
301284
301285
301286
301287
301288
301291
301292
301293
301294
301295
301296
301297
301298
301299
301300
301301
301302
301303
301304
301305
301306
301307
301308
301309
301310
301311
301312
301313
301314
301315
301316
301317
301318
301319
301320
301321
301322
301323
301324
301325
301326
301327
301328
301329
301332
301333
301334
301335
301336
301338
301342
301343
301344
301345
301346
301347
301352
301364
301365
301531
301532
301533
301546
301547
301548
301549
301550
301551
301552
301553
301554
301555
301556
301557
301558
301559
301560
301561
301562
301563
301564
301565
301566
301567
301568
301569
301570
301571
301572
301573
301574
301576
301577
301578
301579
301580
301581
301586
301598
301599
301774
301775
301776
301777
301778
301779
301780
301781
301782
301783
301784
301785
301786
301787
301788
301789
301790
301791
301792
301793
301795
301796
301797
301798
301800
301801
301802
301803
301805
301806
301966
301967
301970
301971
301972
301975
301976
301977
301981
301982
301983
301984
301985
301986
301987
301988
301989
301990
301991
301992
301993
301994
301995
301996
301997
301998
301999
302000
302001
302002
302003
302004
302005
302006
302007
302008
302009
302010
302011
302012
302013
302014
302015
302016
302020
302025
302030
302031
302176
302177
302180
302181
302182
302185
302186
302187
302191
302192
302193
302194
302195
302196
302197
302198
302199
302200
302201
302202
302203
302204
302205
302206
302207
302208
302209
302210
302211
302212
302213
302214
302215
302216
302217
302218
302219
302220
302221
302222
302223
302224
302225
302226
302230
302235
302240
302241
302386
302387
302390
302391
302395
302396
302397
302401
302403
302404
302405
302406
302407
302408
302409
302410
302411
302412
302413
302414
302415
302416
302417
302418
302419
302420
302421
302422
302423
302424
302425
302426
302427
302428
302429
302430
302431
302432
302433
302434
302435
302436
302440
302445
302451
302611
302612
302613
302614
302615
302616
302617
302618
302619
302620
302621
302623
302624
302625
302626
302627
302628
302629
302630
302633
302634
302635
302637
302638
302639
302640
302643
302816
302827
302828
302836
302837
302838
302839
302840
302841
302842
302843
302844
302845
302846
302847
302848
302850
302851
302852
302853
302854
302855
302856
302857
302858
302859
302862
302863
302864
302865
302866
302867
302868
302869
302870
302871
302874
303128
303139
303140
303148
303149
303150
303153
303154
303156
303158
303159
303160
303161
303162
303166
303168
303169
303170
303171
303172
303173
303174
303176
303177
303178
303179
303180
303181
303183
303184
303186
303187
303188
303189
303190
303191
303192
303194
303195
303196
303197
303198
303199
303201
303202
303204
303206
303207
303209
303213
303214
303215
303217
303218
303219
303222
306319
306320
306321
306334
306335
306336
306337
306338
306339
306340
306341
306342
306343
306346
306347
306348
306349
306350
306351
306352
306353
306354
306355
306356
306357
306358
306359
306360
306361
306362
306363
306364
306365
306366
306367
306368
306369
306370
306371
306372
306373
306374
306375
306376
306377
306378
306379
306380
306381
306382
306383
306384
306387
306388
306389
306390
306391
306393
306397
306398
306399
306400
306401
306402
306407
306419
306420
306586
306587
306588
306601
306602
306603
306604
306605
306606
306607
306608
306609
306610
306611
306612
306613
306614
306615
306616
306617
306618
306619
306620
306621
306622
306623
306624
306625
306626
306627
306628
306629
306631
306632
306633
306634
306635
306636
306641
306653
306654
306829
306830
306831
306832
306833
306834
306835
306836
306837
306838
306839
306840
306841
306842
306843
306844
306845
306846
306847
306848
306850
306851
306852
306853
306855
306856
306857
306858
306860
306861
307021
307022
307025
307026
307027
307030
307031
307032
307036
307037
307038
307039
307040
307041
307042
307043
307044
307045
307046
307047
307048
307049
307050
307051
307052
307053
307054
307055
307056
307057
307058
307059
307060
307061
307062
307063
307064
307065
307066
307067
307068
307069
307070
307071
307075
307080
307085
307086
307231
307232
307235
307236
307237
307240
307241
307242
307246
307247
307248
307249
307250
307251
307252
307253
307254
307255
307256
307257
307258
307259
307260
307261
307262
307263
307264
307265
307266
307267
307268
307269
307270
307271
307272
307273
307274
307275
307276
307277
307278
307279
307280
307281
307285
307290
307295
307296
307441
307442
307445
307446
307450
307451
307452
307456
307458
307459
307460
307461
307462
307463
307464
307465
307466
307467
307468
307469
307470
307471
307472
307473
307474
307475
307476
307477
307478
307479
307480
307481
307482
307483
307484
307485
307486
307487
307488
307489
307490
307491
307495
307500
307506
307666
307667
307668
307669
307670
307671
307672
307673
307674
307675
307676
307678
307679
307680
307681
307682
307683
307684
307685
307688
307689
307690
307692
307693
307694
307695
307698
307871
307882
307883
307891
307892
307893
307894
307895
307896
307897
307898
307899
307900
307901
307902
307903
307905
307906
307907
307908
307909
307910
307911
307912
307913
307914
307917
307918
307919
307920
307921
307922
307923
307924
307925
307926
307929
308183
308194
308195
308203
308204
308205
308208
308209
308211
308213
308214
308215
308216
308217
308221
308223
308224
308225
308226
308227
308228
308229
308231
308232
308233
308234
308235
308236
308238
308239
308241
308242
308243
308244
308245
308246
308247
308249
308250
308251
308252
308253
308254
308256
308257
308259
308261
308262
308264
308268
308269
308270
308272
308273
308274
308277
311374
311375
311376
311389
311390
311391
311392
311393
311394
311395
311396
311397
311398
311401
311402
311403
311404
311405
311406
311407
311408
311409
311410
311411
311412
311413
311414
311415
311416
311417
311418
311419
311420
311421
311422
311423
311424
311425
311426
311427
311428
311429
311430
311431
311432
311433
311434
311435
311436
311437
311438
311439
311442
311443
311444
311445
311446
311448
311452
311453
311454
311455
311456
311457
311462
311474
311475
311641
311642
311643
311656
311657
311658
311659
311660
311661
311662
311663
311664
311665
311666
311667
311668
311669
311670
311671
311672
311673
311674
311675
311676
311677
311678
311679
311680
311681
311682
311683
311684
311686
311687
311688
311689
311690
311691
311696
311708
311709
311884
311885
311886
311887
311888
311889
311890
311891
311892
311893
311894
311895
311896
311897
311898
311899
311900
311901
311902
311903
311905
311906
311907
311908
311910
311911
311912
311913
311915
311916
312076
312077
312080
312081
312082
312085
312086
312087
312091
312092
312093
312094
312095
312096
312097
312098
312099
312100
312101
312102
312103
312104
312105
312106
312107
312108
312109
312110
312111
312112
312113
312114
312115
312116
312117
312118
312119
312120
312121
312122
312123
312124
312125
312126
312130
312135
312140
312141
312286
312287
312290
312291
312292
312295
312296
312297
312301
312302
312303
312304
312305
312306
312307
312308
312309
312310
312311
312312
312313
312314
312315
312316
312317
312318
312319
312320
312321
312322
312323
312324
312325
312326
312327
312328
312329
312330
312331
312332
312333
312334
312335
312336
312340
312345
312350
312351
312496
312497
312500
312501
312505
312506
312507
312511
312513
312514
312515
312516
312517
312518
312519
312520
312521
312522
312523
312524
312525
312526
312527
312528
312529
312530
312531
312532
312533
312534
312535
312536
312537
312538
312539
312540
312541
312542
312543
312544
312545
312546
312550
312555
312561
312721
312722
312723
312724
312725
312726
312727
312728
312729
312730
312731
312733
312734
312735
312736
312737
312738
312739
312740
312743
312744
312745
312747
312748
312749
312750
312753
312926
312937
312938
312946
312947
312948
312949
312950
312951
312952
312953
312954
312955
312956
312957
312958
312960
312961
312962
312963
312964
312965
312966
312967
312968
312969
312972
312973
312974
312975
312976
312977
312978
312979
312980
312981
312984
313238
313249
313250
313258
313259
313260
313263
313264
313266
313268
313269
313270
313271
313272
313276
313278
313279
313280
313281
313282
313283
313284
313286
313287
313288
313289
313290
313291
313293
313294
313296
313297
313298
313299
313300
313301
313302
313304
313305
313306
313307
313308
313309
313311
313312
313314
313316
313317
313319
313323
313324
313325
313327
313328
313329
313332
316429
316430
316431
316444
316445
316446
316447
316448
316449
316450
316451
316452
316453
316456
316457
316458
316459
316460
316461
316462
316463
316464
316465
316466
316467
316468
316469
316470
316471
316472
316473
316474
316475
316476
316477
316478
316479
316480
316481
316482
316483
316484
316485
316486
316487
316488
316489
316490
316491
316492
316493
316494
316497
316498
316499
316500
316501
316503
316507
316508
316509
316510
316511
316512
316517
316529
316530
316696
316697
316698
316711
316712
316713
316714
316715
316716
316717
316718
316719
316720
316721
316722
316723
316724
316725
316726
316727
316728
316729
316730
316731
316732
316733
316734
316735
316736
316737
316738
316739
316741
316742
316743
316744
316745
316746
316751
316763
316764
316939
316940
316941
316942
316943
316944
316945
316946
316947
316948
316949
316950
316951
316952
316953
316954
316955
316956
316957
316958
316960
316961
316962
316963
316965
316966
316967
316968
316970
316971
317131
317132
317135
317136
317137
317140
317141
317142
317146
317147
317148
317149
317150
317151
317152
317153
317154
317155
317156
317157
317158
317159
317160
317161
317162
317163
317164
317165
317166
317167
317168
317169
317170
317171
317172
317173
317174
317175
317176
317177
317178
317179
317180
317181
317185
317190
317195
317196
317341
317342
317345
317346
317347
317350
317351
317352
317356
317357
317358
317359
317360
317361
317362
317363
317364
317365
317366
317367
317368
317369
317370
317371
317372
317373
317374
317375
317376
317377
317378
317379
317380
317381
317382
317383
317384
317385
317386
317387
317388
317389
317390
317391
317395
317400
317405
317406
317551
317552
317555
317556
317560
317561
317562
317566
317568
317569
317570
317571
317572
317573
317574
317575
317576
317577
317578
317579
317580
317581
317582
317583
317584
317585
317586
317587
317588
317589
317590
317591
317592
317593
317594
317595
317596
317597
317598
317599
317600
317601
317605
317610
317616
317776
317777
317778
317779
317780
317781
317782
317783
317784
317785
317786
317788
317789
317790
317791
317792
317793
317794
317795
317798
317799
317800
317802
317803
317804
317805
317808
317981
317992
317993
318001
318002
318003
318004
318005
318006
318007
318008
318009
318010
318011
318012
318013
318015
318016
318017
318018
318019
318020
318021
318022
318023
318024
318027
318028
318029
318030
318031
318032
318033
318034
318035
318036
318039
318293
318304
318305
318313
318314
318315
318318
318319
318321
318323
318324
318325
318326
318327
318331
318333
318334
318335
318336
318337
318338
318339
318341
318342
318343
318344
318345
318346
318348
318349
318351
318352
318353
318354
318355
318356
318357
318359
318360
318361
318362
318363
318364
318366
318367
318369
318371
318372
318374
318378
318379
318380
318382
318383
318384
318387
321484
321485
321486
321499
321500
321501
321502
321503
321504
321505
321506
321507
321508
321511
321512
321513
321514
321515
321516
321517
321518
321519
321520
321521
321522
321523
321524
321525
321526
321527
321528
321529
321530
321531
321532
321533
321534
321535
321536
321537
321538
321539
321540
321541
321542
321543
321544
321545
321546
321547
321548
321549
321552
321553
321554
321555
321556
321558
321562
321563
321564
321565
321566
321567
321572
321584
321585
321751
321752
321753
321766
321767
321768
321769
321770
321771
321772
321773
321774
321775
321776
321777
321778
321779
321780
321781
321782
321783
321784
321785
321786
321787
321788
321789
321790
321791
321792
321793
321794
321796
321797
321798
321799
321800
321801
321806
321818
321819
321994
321995
321996
321997
321998
321999
322000
322001
322002
322003
322004
322005
322006
322007
322008
322009
322010
322011
322012
322013
322015
322016
322017
322018
322020
322021
322022
322023
322025
322026
322186
322187
322190
322191
322192
322195
322196
322197
322201
322202
322203
322204
322205
322206
322207
322208
322209
322210
322211
322212
322213
322214
322215
322216
322217
322218
322219
322220
322221
322222
322223
322224
322225
322226
322227
322228
322229
322230
322231
322232
322233
322234
322235
322236
322240
322245
322250
322251
322396
322397
322400
322401
322402
322405
322406
322407
322411
322412
322413
322414
322415
322416
322417
322418
322419
322420
322421
322422
322423
322424
322425
322426
322427
322428
322429
322430
322431
322432
322433
322434
322435
322436
322437
322438
322439
322440
322441
322442
322443
322444
322445
322446
322450
322455
322460
322461
322606
322607
322610
322611
322615
322616
322617
322621
322623
322624
322625
322626
322627
322628
322629
322630
322631
322632
322633
322634
322635
322636
322637
322638
322639
322640
322641
322642
322643
322644
322645
322646
322647
322648
322649
322650
322651
322652
322653
322654
322655
322656
322660
322665
322671
322831
322832
322833
322834
322835
322836
322837
322838
322839
322840
322841
322843
322844
322845
322846
322847
322848
322849
322850
322853
322854
322855
322857
322858
322859
322860
322863
323036
323047
323048
323056
323057
323058
323059
323060
323061
323062
323063
323064
323065
323066
323067
323068
323070
323071
323072
323073
323074
323075
323076
323077
323078
323079
323082
323083
323084
323085
323086
323087
323088
323089
323090
323091
323094
323348
323359
323360
323368
323369
323370
323373
323374
323376
323378
323379
323380
323381
323382
323386
323388
323389
323390
323391
323392
323393
323394
323396
323397
323398
323399
323400
323401
323403
323404
323406
323407
323408
323409
323410
323411
323412
323414
323415
323416
323417
323418
323419
323421
323422
323424
323426
323427
323429
323433
323434
323435
323437
323438
323439
323442
326539
326540
326541
326554
326555
326556
326557
326558
326559
326560
326561
326562
326563
326566
326567
326568
326569
326570
326571
326572
326573
326574
326575
326576
326577
326578
326579
326580
326581
326582
326583
326584
326585
326586
326587
326588
326589
326590
326591
326592
326593
326594
326595
326596
326597
326598
326599
326600
326601
326602
326603
326604
326607
326608
326609
326610
326611
326613
326617
326618
326619
326620
326621
326622
326627
326639
326640
326806
326807
326808
326821
326822
326823
326824
326825
326826
326827
326828
326829
326830
326831
326832
326833
326834
326835
326836
326837
326838
326839
326840
326841
326842
326843
326844
326845
326846
326847
326848
326849
326851
326852
326853
326854
326855
326856
326861
326873
326874
327049
327050
327051
327052
327053
327054
327055
327056
327057
327058
327059
327060
327061
327062
327063
327064
327065
327066
327067
327068
327070
327071
327072
327073
327075
327076
327077
327078
327080
327081
327241
327242
327245
327246
327247
327250
327251
327252
327256
327257
327258
327259
327260
327261
327262
327263
327264
327265
327266
327267
327268
327269
327270
327271
327272
327273
327274
327275
327276
327277
327278
327279
327280
327281
327282
327283
327284
327285
327286
327287
327288
327289
327290
327291
327295
327300
327305
327306
327451
327452
327455
327456
327457
327460
327461
327462
327466
327467
327468
327469
327470
327471
327472
327473
327474
327475
327476
327477
327478
327479
327480
327481
327482
327483
327484
327485
327486
327487
327488
327489
327490
327491
327492
327493
327494
327495
327496
327497
327498
327499
327500
327501
327505
327510
327515
327516
327661
327662
327665
327666
327670
327671
327672
327676
327678
327679
327680
327681
327682
327683
327684
327685
327686
327687
327688
327689
327690
327691
327692
327693
327694
327695
327696
327697
327698
327699
327700
327701
327702
327703
327704
327705
327706
327707
327708
327709
327710
327711
327715
327720
327726
327886
327887
327888
327889
327890
327891
327892
327893
327894
327895
327896
327898
327899
327900
327901
327902
327903
327904
327905
327908
327909
327910
327912
327913
327914
327915
327918
328091
328102
328103
328111
328112
328113
328114
328115
328116
328117
328118
328119
328120
328121
328122
328123
328125
328126
328127
328128
328129
328130
328131
328132
328133
328134
328137
328138
328139
328140
328141
328142
328143
328144
328145
328146
328149
328403
328414
328415
328423
328424
328425
328428
328429
328431
328433
328434
328435
328436
328437
328441
328443
328444
328445
328446
328447
328448
328449
328451
328452
328453
328454
328455
328456
328458
328459
328461
328462
328463
328464
328465
328466
328467
328469
328470
328471
328472
328473
328474
328476
328477
328479
328481
328482
328484
328488
328489
328490
328492
328493
328494
328497
331594
331595
331596
331609
331610
331611
331612
331613
331614
331615
331616
331617
331618
331621
331622
331623
331624
331625
331626
331627
331628
331629
331630
331631
331632
331633
331634
331635
331636
331637
331638
331639
331640
331641
331642
331643
331644
331645
331646
331647
331648
331649
331650
331651
331652
331653
331654
331655
331656
331657
331658
331659
331662
331663
331664
331665
331666
331668
331672
331673
331674
331675
331676
331677
331682
331694
331695
331861
331862
331863
331876
331877
331878
331879
331880
331881
331882
331883
331884
331885
331886
331887
331888
331889
331890
331891
331892
331893
331894
331895
331896
331897
331898
331899
331900
331901
331902
331903
331904
331906
331907
331908
331909
331910
331911
331916
331928
331929
332104
332105
332106
332107
332108
332109
332110
332111
332112
332113
332114
332115
332116
332117
332118
332119
332120
332121
332122
332123
332125
332126
332127
332128
332130
332131
332132
332133
332135
332136
332296
332297
332300
332301
332302
332305
332306
332307
332311
332312
332313
332314
332315
332316
332317
332318
332319
332320
332321
332322
332323
332324
332325
332326
332327
332328
332329
332330
332331
332332
332333
332334
332335
332336
332337
332338
332339
332340
332341
332342
332343
332344
332345
332346
332350
332355
332360
332361
332506
332507
332510
332511
332512
332515
332516
332517
332521
332522
332523
332524
332525
332526
332527
332528
332529
332530
332531
332532
332533
332534
332535
332536
332537
332538
332539
332540
332541
332542
332543
332544
332545
332546
332547
332548
332549
332550
332551
332552
332553
332554
332555
332556
332560
332565
332570
332571
332716
332717
332720
332721
332725
332726
332727
332731
332733
332734
332735
332736
332737
332738
332739
332740
332741
332742
332743
332744
332745
332746
332747
332748
332749
332750
332751
332752
332753
332754
332755
332756
332757
332758
332759
332760
332761
332762
332763
332764
332765
332766
332770
332775
332781
332941
332942
332943
332944
332945
332946
332947
332948
332949
332950
332951
332953
332954
332955
332956
332957
332958
332959
332960
332963
332964
332965
332967
332968
332969
332970
332973
333146
333157
333158
333166
333167
333168
333169
333170
333171
333172
333173
333174
333175
333176
333177
333178
333180
333181
333182
333183
333184
333185
333186
333187
333188
333189
333192
333193
333194
333195
333196
333197
333198
333199
333200
333201
333204
333458
333469
333470
333478
333479
333480
333483
333484
333486
333488
333489
333490
333491
333492
333496
333498
333499
333500
333501
333502
333503
333504
333506
333507
333508
333509
333510
333511
333513
333514
333516
333517
333518
333519
333520
333521
333522
333524
333525
333526
333527
333528
333529
333531
333532
333534
333536
333537
333539
333543
333544
333545
333547
333548
333549
333552
336649
336650
336651
336664
336665
336666
336667
336668
336669
336670
336671
336672
336673
336676
336677
336678
336679
336680
336681
336682
336683
336684
336685
336686
336687
336688
336689
336690
336691
336692
336693
336694
336695
336696
336697
336698
336699
336700
336701
336702
336703
336704
336705
336706
336707
336708
336709
336710
336711
336712
336713
336714
336717
336718
336719
336720
336721
336723
336727
336728
336729
336730
336731
336732
336737
336749
336750
336916
336917
336918
336931
336932
336933
336934
336935
336936
336937
336938
336939
336940
336941
336942
336943
336944
336945
336946
336947
336948
336949
336950
336951
336952
336953
336954
336955
336956
336957
336958
336959
336961
336962
336963
336964
336965
336966
336971
336983
336984
337159
337160
337161
337162
337163
337164
337165
337166
337167
337168
337169
337170
337171
337172
337173
337174
337175
337176
337177
337178
337180
337181
337182
337183
337185
337186
337187
337188
337190
337191
337351
337352
337355
337356
337357
337360
337361
337362
337366
337367
337368
337369
337370
337371
337372
337373
337374
337375
337376
337377
337378
337379
337380
337381
337382
337383
337384
337385
337386
337387
337388
337389
337390
337391
337392
337393
337394
337395
337396
337397
337398
337399
337400
337401
337405
337410
337415
337416
337561
337562
337565
337566
337567
337570
337571
337572
337576
337577
337578
337579
337580
337581
337582
337583
337584
337585
337586
337587
337588
337589
337590
337591
337592
337593
337594
337595
337596
337597
337598
337599
337600
337601
337602
337603
337604
337605
337606
337607
337608
337609
337610
337611
337615
337620
337625
337626
337771
337772
337775
337776
337780
337781
337782
337786
337788
337789
337790
337791
337792
337793
337794
337795
337796
337797
337798
337799
337800
337801
337802
337803
337804
337805
337806
337807
337808
337809
337810
337811
337812
337813
337814
337815
337816
337817
337818
337819
337820
337821
337825
337830
337836
337996
337997
337998
337999
338000
338001
338002
338003
338004
338005
338006
338008
338009
338010
338011
338012
338013
338014
338015
338018
338019
338020
338022
338023
338024
338025
338028
338201
338212
338213
338221
338222
338223
338224
338225
338226
338227
338228
338229
338230
338231
338232
338233
338235
338236
338237
338238
338239
338240
338241
338242
338243
338244
338247
338248
338249
338250
338251
338252
338253
338254
338255
338256
338259
338513
338524
338525
338533
338534
338535
338538
338539
338541
338543
338544
338545
338546
338547
338551
338553
338554
338555
338556
338557
338558
338559
338561
338562
338563
338564
338565
338566
338568
338569
338571
338572
338573
338574
338575
338576
338577
338579
338580
338581
338582
338583
338584
338586
338587
338589
338591
338592
338594
338598
338599
338600
338602
338603
338604
338607
341704
341705
341706
341719
341720
341721
341722
341723
341724
341725
341726
341727
341728
341731
341732
341733
341734
341735
341736
341737
341738
341739
341740
341741
341742
341743
341744
341745
341746
341747
341748
341749
341750
341751
341752
341753
341754
341755
341756
341757
341758
341759
341760
341761
341762
341763
341764
341765
341766
341767
341768
341769
341772
341773
341774
341775
341776
341778
341782
341783
341784
341785
341786
341787
341792
341804
341805
341971
341972
341973
341986
341987
341988
341989
341990
341991
341992
341993
341994
341995
341996
341997
341998
341999
342000
342001
342002
342003
342004
342005
342006
342007
342008
342009
342010
342011
342012
342013
342014
342016
342017
342018
342019
342020
342021
342026
342038
342039
342214
342215
342216
342217
342218
342219
342220
342221
342222
342223
342224
342225
342226
342227
342228
342229
342230
342231
342232
342233
342235
342236
342237
342238
342240
342241
342242
342243
342245
342246
342406
342407
342410
342411
342412
342415
342416
342417
342421
342422
342423
342424
342425
342426
342427
342428
342429
342430
342431
342432
342433
342434
342435
342436
342437
342438
342439
342440
342441
342442
342443
342444
342445
342446
342447
342448
342449
342450
342451
342452
342453
342454
342455
342456
342460
342465
342470
342471
342616
342617
342620
342621
342622
342625
342626
342627
342631
342632
342633
342634
342635
342636
342637
342638
342639
342640
342641
342642
342643
342644
342645
342646
342647
342648
342649
342650
342651
342652
342653
342654
342655
342656
342657
342658
342659
342660
342661
342662
342663
342664
342665
342666
342670
342675
342680
342681
342826
342827
342830
342831
342835
342836
342837
342841
342843
342844
342845
342846
342847
342848
342849
342850
342851
342852
342853
342854
342855
342856
342857
342858
342859
342860
342861
342862
342863
342864
342865
342866
342867
342868
342869
342870
342871
342872
342873
342874
342875
342876
342880
342885
342891
343051
343052
343053
343054
343055
343056
343057
343058
343059
343060
343061
343063
343064
343065
343066
343067
343068
343069
343070
343073
343074
343075
343077
343078
343079
343080
343083
343256
343267
343268
343276
343277
343278
343279
343280
343281
343282
343283
343284
343285
343286
343287
343288
343290
343291
343292
343293
343294
343295
343296
343297
343298
343299
343302
343303
343304
343305
343306
343307
343308
343309
343310
343311
343314
343568
343579
343580
343588
343589
343590
343593
343594
343596
343598
343599
343600
343601
343602
343606
343608
343609
343610
343611
343612
343613
343614
343616
343617
343618
343619
343620
343621
343623
343624
343626
343627
343628
343629
343630
343631
343632
343634
343635
343636
343637
343638
343639
343641
343642
343644
343646
343647
343649
343653
343654
343655
343657
343658
343659
343662
346759
346760
346761
346774
346775
346776
346777
346778
346779
346780
346781
346782
346783
346786
346787
346788
346789
346790
346791
346792
346793
346794
346795
346796
346797
346798
346799
346800
346801
346802
346803
346804
346805
346806
346807
346808
346809
346810
346811
346812
346813
346814
346815
346816
346817
346818
346819
346820
346821
346822
346823
346824
346827
346828
346829
346830
346831
346833
346837
346838
346839
346840
346841
346842
346847
346859
346860
347026
347027
347028
347041
347042
347043
347044
347045
347046
347047
347048
347049
347050
347051
347052
347053
347054
347055
347056
347057
347058
347059
347060
347061
347062
347063
347064
347065
347066
347067
347068
347069
347071
347072
347073
347074
347075
347076
347081
347093
347094
347269
347270
347271
347272
347273
347274
347275
347276
347277
347278
347279
347280
347281
347282
347283
347284
347285
347286
347287
347288
347290
347291
347292
347293
347295
347296
347297
347298
347300
347301
347461
347462
347465
347466
347467
347470
347471
347472
347476
347477
347478
347479
347480
347481
347482
347483
347484
347485
347486
347487
347488
347489
347490
347491
347492
347493
347494
347495
347496
347497
347498
347499
347500
347501
347502
347503
347504
347505
347506
347507
347508
347509
347510
347511
347515
347520
347525
347526
347671
347672
347675
347676
347677
347680
347681
347682
347686
347687
347688
347689
347690
347691
347692
347693
347694
347695
347696
347697
347698
347699
347700
347701
347702
347703
347704
347705
347706
347707
347708
347709
347710
347711
347712
347713
347714
347715
347716
347717
347718
347719
347720
347721
347725
347730
347735
347736
347881
347882
347885
347886
347890
347891
347892
347896
347898
347899
347900
347901
347902
347903
347904
347905
347906
347907
347908
347909
347910
347911
347912
347913
347914
347915
347916
347917
347918
347919
347920
347921
347922
347923
347924
347925
347926
347927
347928
347929
347930
347931
347935
347940
347946
348106
348107
348108
348109
348110
348111
348112
348113
348114
348115
348116
348118
348119
348120
348121
348122
348123
348124
348125
348128
348129
348130
348132
348133
348134
348135
348138
348311
348322
348323
348331
348332
348333
348334
348335
348336
348337
348338
348339
348340
348341
348342
348343
348345
348346
348347
348348
348349
348350
348351
348352
348353
348354
348357
348358
348359
348360
348361
348362
348363
348364
348365
348366
348369
348623
348634
348635
348643
348644
348645
348648
348649
348651
348653
348654
348655
348656
348657
348661
348663
348664
348665
348666
348667
348668
348669
348671
348672
348673
348674
348675
348676
348678
348679
348681
348682
348683
348684
348685
348686
348687
348689
348690
348691
348692
348693
348694
348696
348697
348699
348701
348702
348704
348708
348709
348710
348712
348713
348714
348717
351814
351815
351816
351829
351830
351831
351832
351833
351834
351835
351836
351837
351838
351841
351842
351843
351844
351845
351846
351847
351848
351849
351850
351851
351852
351853
351854
351855
351856
351857
351858
351859
351860
351861
351862
351863
351864
351865
351866
351867
351868
351869
351870
351871
351872
351873
351874
351875
351876
351877
351878
351879
351882
351883
351884
351885
351886
351888
351892
351893
351894
351895
351896
351897
351902
351914
351915
352081
352082
352083
352096
352097
352098
352099
352100
352101
352102
352103
352104
352105
352106
352107
352108
352109
352110
352111
352112
352113
352114
352115
352116
352117
352118
352119
352120
352121
352122
352123
352124
352126
352127
352128
352129
352130
352131
352136
352148
352149
352324
352325
352326
352327
352328
352329
352330
352331
352332
352333
352334
352335
352336
352337
352338
352339
352340
352341
352342
352343
352345
352346
352347
352348
352350
352351
352352
352353
352355
352356
352516
352517
352520
352521
352522
352525
352526
352527
352531
352532
352533
352534
352535
352536
352537
352538
352539
352540
352541
352542
352543
352544
352545
352546
352547
352548
352549
352550
352551
352552
352553
352554
352555
352556
352557
352558
352559
352560
352561
352562
352563
352564
352565
352566
352570
352575
352580
352581
352726
352727
352730
352731
352732
352735
352736
352737
352741
352742
352743
352744
352745
352746
352747
352748
352749
352750
352751
352752
352753
352754
352755
352756
352757
352758
352759
352760
352761
352762
352763
352764
352765
352766
352767
352768
352769
352770
352771
352772
352773
352774
352775
352776
352780
352785
352790
352791
352936
352937
352940
352941
352945
352946
352947
352951
352953
352954
352955
352956
352957
352958
352959
352960
352961
352962
352963
352964
352965
352966
352967
352968
352969
352970
352971
352972
352973
352974
352975
352976
352977
352978
352979
352980
352981
352982
352983
352984
352985
352986
352990
352995
353001
353161
353162
353163
353164
353165
353166
353167
353168
353169
353170
353171
353173
353174
353175
353176
353177
353178
353179
353180
353183
353184
353185
353187
353188
353189
353190
353193
353366
353377
353378
353386
353387
353388
353389
353390
353391
353392
353393
353394
353395
353396
353397
353398
353400
353401
353402
353403
353404
353405
353406
353407
353408
353409
353412
353413
353414
353415
353416
353417
353418
353419
353420
353421
353424
353678
353689
353690
353698
353699
353700
353703
353704
353706
353708
353709
353710
353711
353712
353716
353718
353719
353720
353721
353722
353723
353724
353726
353727
353728
353729
353730
353731
353733
353734
353736
353737
353738
353739
353740
353741
353742
353744
353745
353746
353747
353748
353749
353751
353752
353754
353756
353757
353759
353763
353764
353765
353767
353768
353769
353772
356869
356870
356871
356884
356885
356886
356887
356888
356889
356890
356891
356892
356893
356896
356897
356898
356899
356900
356901
356902
356903
356904
356905
356906
356907
356908
356909
356910
356911
356912
356913
356914
356915
356916
356917
356918
356919
356920
356921
356922
356923
356924
356925
356926
356927
356928
356929
356930
356931
356932
356933
356934
356937
356938
356939
356940
356941
356943
356947
356948
356949
356950
356951
356952
356957
356969
356970
357136
357137
357138
357151
357152
357153
357154
357155
357156
357157
357158
357159
357160
357161
357162
357163
357164
357165
357166
357167
357168
357169
357170
357171
357172
357173
357174
357175
357176
357177
357178
357179
357181
357182
357183
357184
357185
357186
357191
357203
357204
357379
357380
357381
357382
357383
357384
357385
357386
357387
357388
357389
357390
357391
357392
357393
357394
357395
357396
357397
357398
357400
357401
357402
357403
357405
357406
357407
357408
357410
357411
357571
357572
357575
357576
357577
357580
357581
357582
357586
357587
357588
357589
357590
357591
357592
357593
357594
357595
357596
357597
357598
357599
357600
357601
357602
357603
357604
357605
357606
357607
357608
357609
357610
357611
357612
357613
357614
357615
357616
357617
357618
357619
357620
357621
357625
357630
357635
357636
357781
357782
357785
357786
357787
357790
357791
357792
357796
357797
357798
357799
357800
357801
357802
357803
357804
357805
357806
357807
357808
357809
357810
357811
357812
357813
357814
357815
357816
357817
357818
357819
357820
357821
357822
357823
357824
357825
357826
357827
357828
357829
357830
357831
357835
357840
357845
357846
357991
357992
357995
357996
358000
358001
358002
358006
358008
358009
358010
358011
358012
358013
358014
358015
358016
358017
358018
358019
358020
358021
358022
358023
358024
358025
358026
358027
358028
358029
358030
358031
358032
358033
358034
358035
358036
358037
358038
358039
358040
358041
358045
358050
358056
358216
358217
358218
358219
358220
358221
358222
358223
358224
358225
358226
358228
358229
358230
358231
358232
358233
358234
358235
358238
358239
358240
358242
358243
358244
358245
358248
358421
358432
358433
358441
358442
358443
358444
358445
358446
358447
358448
358449
358450
358451
358452
358453
358455
358456
358457
358458
358459
358460
358461
358462
358463
358464
358467
358468
358469
358470
358471
358472
358473
358474
358475
358476
358479
358733
358744
358745
358753
358754
358755
358758
358759
358761
358763
358764
358765
358766
358767
358771
358773
358774
358775
358776
358777
358778
358779
358781
358782
358783
358784
358785
358786
358788
358789
358791
358792
358793
358794
358795
358796
358797
358799
358800
358801
358802
358803
358804
358806
358807
358809
358811
358812
358814
358818
358819
358820
358822
358823
358824
358827
361924
361925
361926
361939
361940
361941
361942
361943
361944
361945
361946
361947
361948
361951
361952
361953
361954
361955
361956
361957
361958
361959
361960
361961
361962
361963
361964
361965
361966
361967
361968
361969
361970
361971
361972
361973
361974
361975
361976
361977
361978
361979
361980
361981
361982
361983
361984
361985
361986
361987
361988
361989
361992
361993
361994
361995
361996
361998
362002
362003
362004
362005
362006
362007
362012
362024
362025
362191
362192
362193
362206
362207
362208
362209
362210
362211
362212
362213
362214
362215
362216
362217
362218
362219
362220
362221
362222
362223
362224
362225
362226
362227
362228
362229
362230
362231
362232
362233
362234
362236
362237
362238
362239
362240
362241
362246
362258
362259
362434
362435
362436
362437
362438
362439
362440
362441
362442
362443
362444
362445
362446
362447
362448
362449
362450
362451
362452
362453
362455
362456
362457
362458
362460
362461
362462
362463
362465
362466
362626
362627
362630
362631
362632
362635
362636
362637
362641
362642
362643
362644
362645
362646
362647
362648
362649
362650
362651
362652
362653
362654
362655
362656
362657
362658
362659
362660
362661
362662
362663
362664
362665
362666
362667
362668
362669
362670
362671
362672
362673
362674
362675
362676
362680
362685
362690
362691
362836
362837
362840
362841
362842
362845
362846
362847
362851
362852
362853
362854
362855
362856
362857
362858
362859
362860
362861
362862
362863
362864
362865
362866
362867
362868
362869
362870
362871
362872
362873
362874
362875
362876
362877
362878
362879
362880
362881
362882
362883
362884
362885
362886
362890
362895
362900
362901
363046
363047
363050
363051
363055
363056
363057
363061
363063
363064
363065
363066
363067
363068
363069
363070
363071
363072
363073
363074
363075
363076
363077
363078
363079
363080
363081
363082
363083
363084
363085
363086
363087
363088
363089
363090
363091
363092
363093
363094
363095
363096
363100
363105
363111
363271
363272
363273
363274
363275
363276
363277
363278
363279
363280
363281
363283
363284
363285
363286
363287
363288
363289
363290
363293
363294
363295
363297
363298
363299
363300
363303
363476
363487
363488
363496
363497
363498
363499
363500
363501
363502
363503
363504
363505
363506
363507
363508
363510
363511
363512
363513
363514
363515
363516
363517
363518
363519
363522
363523
363524
363525
363526
363527
363528
363529
363530
363531
363534
363788
363799
363800
363808
363809
363810
363813
363814
363816
363818
363819
363820
363821
363822
363826
363828
363829
363830
363831
363832
363833
363834
363836
363837
363838
363839
363840
363841
363843
363844
363846
363847
363848
363849
363850
363851
363852
363854
363855
363856
363857
363858
363859
363861
363862
363864
363866
363867
363869
363873
363874
363875
363877
363878
363879
363882
366979
366980
366981
366994
366995
366996
366997
366998
366999
367000
367001
367002
367003
367006
367007
367008
367009
367010
367011
367012
367013
367014
367015
367016
367017
367018
367019
367020
367021
367022
367023
367024
367025
367026
367027
367028
367029
367030
367031
367032
367033
367034
367035
367036
367037
367038
367039
367040
367041
367042
367043
367044
367047
367048
367049
367050
367051
367053
367057
367058
367059
367060
367061
367062
367067
367079
367080
367246
367247
367248
367261
367262
367263
367264
367265
367266
367267
367268
367269
367270
367271
367272
367273
367274
367275
367276
367277
367278
367279
367280
367281
367282
367283
367284
367285
367286
367287
367288
367289
367291
367292
367293
367294
367295
367296
367301
367313
367314
367489
367490
367491
367492
367493
367494
367495
367496
367497
367498
367499
367500
367501
367502
367503
367504
367505
367506
367507
367508
367510
367511
367512
367513
367515
367516
367517
367518
367520
367521
367681
367682
367685
367686
367687
367690
367691
367692
367696
367697
367698
367699
367700
367701
367702
367703
367704
367705
367706
367707
367708
367709
367710
367711
367712
367713
367714
367715
367716
367717
367718
367719
367720
367721
367722
367723
367724
367725
367726
367727
367728
367729
367730
367731
367735
367740
367745
367746
367891
367892
367895
367896
367897
367900
367901
367902
367906
367907
367908
367909
367910
367911
367912
367913
367914
367915
367916
367917
367918
367919
367920
367921
367922
367923
367924
367925
367926
367927
367928
367929
367930
367931
367932
367933
367934
367935
367936
367937
367938
367939
367940
367941
367945
367950
367955
367956
368101
368102
368105
368106
368110
368111
368112
368116
368118
368119
368120
368121
368122
368123
368124
368125
368126
368127
368128
368129
368130
368131
368132
368133
368134
368135
368136
368137
368138
368139
368140
368141
368142
368143
368144
368145
368146
368147
368148
368149
368150
368151
368155
368160
368166
368326
368327
368328
368329
368330
368331
368332
368333
368334
368335
368336
368338
368339
368340
368341
368342
368343
368344
368345
368348
368349
368350
368352
368353
368354
368355
368358
368531
368542
368543
368551
368552
368553
368554
368555
368556
368557
368558
368559
368560
368561
368562
368563
368565
368566
368567
368568
368569
368570
368571
368572
368573
368574
368577
368578
368579
368580
368581
368582
368583
368584
368585
368586
368589
368843
368854
368855
368863
368864
368865
368868
368869
368871
368873
368874
368875
368876
368877
368881
368883
368884
368885
368886
368887
368888
368889
368891
368892
368893
368894
368895
368896
368898
368899
368901
368902
368903
368904
368905
368906
368907
368909
368910
368911
368912
368913
368914
368916
368917
368919
368921
368922
368924
368928
368929
368930
368932
368933
368934
368937
372034
372035
372036
372049
372050
372051
372052
372053
372054
372055
372056
372057
372058
372061
372062
372063
372064
372065
372066
372067
372068
372069
372070
372071
372072
372073
372074
372075
372076
372077
372078
372079
372080
372081
372082
372083
372084
372085
372086
372087
372088
372089
372090
372091
372092
372093
372094
372095
372096
372097
372098
372099
372102
372103
372104
372105
372106
372108
372112
372113
372114
372115
372116
372117
372122
372134
372135
372301
372302
372303
372316
372317
372318
372319
372320
372321
372322
372323
372324
372325
372326
372327
372328
372329
372330
372331
372332
372333
372334
372335
372336
372337
372338
372339
372340
372341
372342
372343
372344
372346
372347
372348
372349
372350
372351
372356
372368
372369
372544
372545
372546
372547
372548
372549
372550
372551
372552
372553
372554
372555
372556
372557
372558
372559
372560
372561
372562
372563
372565
372566
372567
372568
372570
372571
372572
372573
372575
372576
372736
372737
372740
372741
372742
372745
372746
372747
372751
372752
372753
372754
372755
372756
372757
372758
372759
372760
372761
372762
372763
372764
372765
372766
372767
372768
372769
372770
372771
372772
372773
372774
372775
372776
372777
372778
372779
372780
372781
372782
372783
372784
372785
372786
372790
372795
372800
372801
372946
372947
372950
372951
372952
372955
372956
372957
372961
372962
372963
372964
372965
372966
372967
372968
372969
372970
372971
372972
372973
372974
372975
372976
372977
372978
372979
372980
372981
372982
372983
372984
372985
372986
372987
372988
372989
372990
372991
372992
372993
372994
372995
372996
373000
373005
373010
373011
373156
373157
373160
373161
373165
373166
373167
373171
373173
373174
373175
373176
373177
373178
373179
373180
373181
373182
373183
373184
373185
373186
373187
373188
373189
373190
373191
373192
373193
373194
373195
373196
373197
373198
373199
373200
373201
373202
373203
373204
373205
373206
373210
373215
373221
373381
373382
373383
373384
373385
373386
373387
373388
373389
373390
373391
373393
373394
373395
373396
373397
373398
373399
373400
373403
373404
373405
373407
373408
373409
373410
373413
373586
373597
373598
373606
373607
373608
373609
373610
373611
373612
373613
373614
373615
373616
373617
373618
373620
373621
373622
373623
373624
373625
373626
373627
373628
373629
373632
373633
373634
373635
373636
373637
373638
373639
373640
373641
373644
373898
373909
373910
373918
373919
373920
373923
373924
373926
373928
373929
373930
373931
373932
373936
373938
373939
373940
373941
373942
373943
373944
373946
373947
373948
373949
373950
373951
373953
373954
373956
373957
373958
373959
373960
373961
373962
373964
373965
373966
373967
373968
373969
373971
373972
373974
373976
373977
373979
373983
373984
373985
373987
373988
373989
373992
377089
377090
377091
377104
377105
377106
377107
377108
377109
377110
377111
377112
377113
377116
377117
377118
377119
377120
377121
377122
377123
377124
377125
377126
377127
377128
377129
377130
377131
377132
377133
377134
377135
377136
377137
377138
377139
377140
377141
377142
377143
377144
377145
377146
377147
377148
377149
377150
377151
377152
377153
377154
377157
377158
377159
377160
377161
377163
377167
377168
377169
377170
377171
377172
377177
377189
377190
377356
377357
377358
377371
377372
377373
377374
377375
377376
377377
377378
377379
377380
377381
377382
377383
377384
377385
377386
377387
377388
377389
377390
377391
377392
377393
377394
377395
377396
377397
377398
377399
377401
377402
377403
377404
377405
377406
377411
377423
377424
377599
377600
377601
377602
377603
377604
377605
377606
377607
377608
377609
377610
377611
377612
377613
377614
377615
377616
377617
377618
377620
377621
377622
377623
377625
377626
377627
377628
377630
377631
377791
377792
377795
377796
377797
377800
377801
377802
377806
377807
377808
377809
377810
377811
377812
377813
377814
377815
377816
377817
377818
377819
377820
377821
377822
377823
377824
377825
377826
377827
377828
377829
377830
377831
377832
377833
377834
377835
377836
377837
377838
377839
377840
377841
377845
377850
377855
377856
378001
378002
378005
378006
378007
378010
378011
378012
378016
378017
378018
378019
378020
378021
378022
378023
378024
378025
378026
378027
378028
378029
378030
378031
378032
378033
378034
378035
378036
378037
378038
378039
378040
378041
378042
378043
378044
378045
378046
378047
378048
378049
378050
378051
378055
378060
378065
378066
378211
378212
378215
378216
378220
378221
378222
378226
378228
378229
378230
378231
378232
378233
378234
378235
378236
378237
378238
378239
378240
378241
378242
378243
378244
378245
378246
378247
378248
378249
378250
378251
378252
378253
378254
378255
378256
378257
378258
378259
378260
378261
378265
378270
378276
378436
378437
378438
378439
378440
378441
378442
378443
378444
378445
378446
378448
378449
378450
378451
378452
378453
378454
378455
378458
378459
378460
378462
378463
378464
378465
378468
378641
378652
378653
378661
378662
378663
378664
378665
378666
378667
378668
378669
378670
378671
378672
378673
378675
378676
378677
378678
378679
378680
378681
378682
378683
378684
378687
378688
378689
378690
378691
378692
378693
378694
378695
378696
378699
378953
378964
378965
378973
378974
378975
378978
378979
378981
378983
378984
378985
378986
378987
378991
378993
378994
378995
378996
378997
378998
378999
379001
379002
379003
379004
379005
379006
379008
379009
379011
379012
379013
379014
379015
379016
379017
379019
379020
379021
379022
379023
379024
379026
379027
379029
379031
379032
379034
379038
379039
379040
379042
379043
379044
379047
382144
382145
382146
382159
382160
382161
382162
382163
382164
382165
382166
382167
382168
382171
382172
382173
382174
382175
382176
382177
382178
382179
382180
382181
382182
382183
382184
382185
382186
382187
382188
382189
382190
382191
382192
382193
382194
382195
382196
382197
382198
382199
382200
382201
382202
382203
382204
382205
382206
382207
382208
382209
382212
382213
382214
382215
382216
382218
382222
382223
382224
382225
382226
382227
382232
382244
382245
382411
382412
382413
382426
382427
382428
382429
382430
382431
382432
382433
382434
382435
382436
382437
382438
382439
382440
382441
382442
382443
382444
382445
382446
382447
382448
382449
382450
382451
382452
382453
382454
382456
382457
382458
382459
382460
382461
382466
382478
382479
382654
382655
382656
382657
382658
382659
382660
382661
382662
382663
382664
382665
382666
382667
382668
382669
382670
382671
382672
382673
382675
382676
382677
382678
382680
382681
382682
382683
382685
382686
382846
382847
382850
382851
382852
382855
382856
382857
382861
382862
382863
382864
382865
382866
382867
382868
382869
382870
382871
382872
382873
382874
382875
382876
382877
382878
382879
382880
382881
382882
382883
382884
382885
382886
382887
382888
382889
382890
382891
382892
382893
382894
382895
382896
382900
382905
382910
382911
383056
383057
383060
383061
383062
383065
383066
383067
383071
383072
383073
383074
383075
383076
383077
383078
383079
383080
383081
383082
383083
383084
383085
383086
383087
383088
383089
383090
383091
383092
383093
383094
383095
383096
383097
383098
383099
383100
383101
383102
383103
383104
383105
383106
383110
383115
383120
383121
383266
383267
383270
383271
383275
383276
383277
383281
383283
383284
383285
383286
383287
383288
383289
383290
383291
383292
383293
383294
383295
383296
383297
383298
383299
383300
383301
383302
383303
383304
383305
383306
383307
383308
383309
383310
383311
383312
383313
383314
383315
383316
383320
383325
383331
383491
383492
383493
383494
383495
383496
383497
383498
383499
383500
383501
383503
383504
383505
383506
383507
383508
383509
383510
383513
383514
383515
383517
383518
383519
383520
383523
383696
383707
383708
383716
383717
383718
383719
383720
383721
383722
383723
383724
383725
383726
383727
383728
383730
383731
383732
383733
383734
383735
383736
383737
383738
383739
383742
383743
383744
383745
383746
383747
383748
383749
383750
383751
383754
384008
384019
384020
384028
384029
384030
384033
384034
384036
384038
384039
384040
384041
384042
384046
384048
384049
384050
384051
384052
384053
384054
384056
384057
384058
384059
384060
384061
384063
384064
384066
384067
384068
384069
384070
384071
384072
384074
384075
384076
384077
384078
384079
384081
384082
384084
384086
384087
384089
384093
384094
384095
384097
384098
384099
384102
387199
387200
387201
387214
387215
387216
387217
387218
387219
387220
387221
387222
387223
387226
387227
387228
387229
387230
387231
387232
387233
387234
387235
387236
387237
387238
387239
387240
387241
387242
387243
387244
387245
387246
387247
387248
387249
387250
387251
387252
387253
387254
387255
387256
387257
387258
387259
387260
387261
387262
387263
387264
387267
387268
387269
387270
387271
387273
387277
387278
387279
387280
387281
387282
387287
387299
387300
387466
387467
387468
387481
387482
387483
387484
387485
387486
387487
387488
387489
387490
387491
387492
387493
387494
387495
387496
387497
387498
387499
387500
387501
387502
387503
387504
387505
387506
387507
387508
387509
387511
387512
387513
387514
387515
387516
387521
387533
387534
387709
387710
387711
387712
387713
387714
387715
387716
387717
387718
387719
387720
387721
387722
387723
387724
387725
387726
387727
387728
387730
387731
387732
387733
387735
387736
387737
387738
387740
387741
387901
387902
387905
387906
387907
387910
387911
387912
387916
387917
387918
387919
387920
387921
387922
387923
387924
387925
387926
387927
387928
387929
387930
387931
387932
387933
387934
387935
387936
387937
387938
387939
387940
387941
387942
387943
387944
387945
387946
387947
387948
387949
387950
387951
387955
387960
387965
387966
388111
388112
388115
388116
388117
388120
388121
388122
388126
388127
388128
388129
388130
388131
388132
388133
388134
388135
388136
388137
388138
388139
388140
388141
388142
388143
388144
388145
388146
388147
388148
388149
388150
388151
388152
388153
388154
388155
388156
388157
388158
388159
388160
388161
388165
388170
388175
388176
388321
388322
388325
388326
388330
388331
388332
388336
388338
388339
388340
388341
388342
388343
388344
388345
388346
388347
388348
388349
388350
388351
388352
388353
388354
388355
388356
388357
388358
388359
388360
388361
388362
388363
388364
388365
388366
388367
388368
388369
388370
388371
388375
388380
388386
388546
388547
388548
388549
388550
388551
388552
388553
388554
388555
388556
388558
388559
388560
388561
388562
388563
388564
388565
388568
388569
388570
388572
388573
388574
388575
388578
388751
388762
388763
388771
388772
388773
388774
388775
388776
388777
388778
388779
388780
388781
388782
388783
388785
388786
388787
388788
388789
388790
388791
388792
388793
388794
388797
388798
388799
388800
388801
388802
388803
388804
388805
388806
388809
389063
389074
389075
389083
389084
389085
389088
389089
389091
389093
389094
389095
389096
389097
389101
389103
389104
389105
389106
389107
389108
389109
389111
389112
389113
389114
389115
389116
389118
389119
389121
389122
389123
389124
389125
389126
389127
389129
389130
389131
389132
389133
389134
389136
389137
389139
389141
389142
389144
389148
389149
389150
389152
389153
389154
389157
392254
392255
392256
392269
392270
392271
392272
392273
392274
392275
392276
392277
392278
392281
392282
392283
392284
392285
392286
392287
392288
392289
392290
392291
392292
392293
392294
392295
392296
392297
392298
392299
392300
392301
392302
392303
392304
392305
392306
392307
392308
392309
392310
392311
392312
392313
392314
392315
392316
392317
392318
392319
392322
392323
392324
392325
392326
392328
392332
392333
392334
392335
392336
392337
392342
392354
392355
392521
392522
392523
392536
392537
392538
392539
392540
392541
392542
392543
392544
392545
392546
392547
392548
392549
392550
392551
392552
392553
392554
392555
392556
392557
392558
392559
392560
392561
392562
392563
392564
392566
392567
392568
392569
392570
392571
392576
392588
392589
392764
392765
392766
392767
392768
392769
392770
392771
392772
392773
392774
392775
392776
392777
392778
392779
392780
392781
392782
392783
392785
392786
392787
392788
392790
392791
392792
392793
392795
392796
392956
392957
392960
392961
392962
392965
392966
392967
392971
392972
392973
392974
392975
392976
392977
392978
392979
392980
392981
392982
392983
392984
392985
392986
392987
392988
392989
392990
392991
392992
392993
392994
392995
392996
392997
392998
392999
393000
393001
393002
393003
393004
393005
393006
393010
393015
393020
393021
393166
393167
393170
393171
393172
393175
393176
393177
393181
393182
393183
393184
393185
393186
393187
393188
393189
393190
393191
393192
393193
393194
393195
393196
393197
393198
393199
393200
393201
393202
393203
393204
393205
393206
393207
393208
393209
393210
393211
393212
393213
393214
393215
393216
393220
393225
393230
393231
393376
393377
393380
393381
393385
393386
393387
393391
393393
393394
393395
393396
393397
393398
393399
393400
393401
393402
393403
393404
393405
393406
393407
393408
393409
393410
393411
393412
393413
393414
393415
393416
393417
393418
393419
393420
393421
393422
393423
393424
393425
393426
393430
393435
393441
393601
393602
393603
393604
393605
393606
393607
393608
393609
393610
393611
393613
393614
393615
393616
393617
393618
393619
393620
393623
393624
393625
393627
393628
393629
393630
393633
393806
393817
393818
393826
393827
393828
393829
393830
393831
393832
393833
393834
393835
393836
393837
393838
393840
393841
393842
393843
393844
393845
393846
393847
393848
393849
393852
393853
393854
393855
393856
393857
393858
393859
393860
393861
393864
394118
394129
394130
394138
394139
394140
394143
394144
394146
394148
394149
394150
394151
394152
394156
394158
394159
394160
394161
394162
394163
394164
394166
394167
394168
394169
394170
394171
394173
394174
394176
394177
394178
394179
394180
394181
394182
394184
394185
394186
394187
394188
394189
394191
394192
394194
394196
394197
394199
394203
394204
394205
394207
394208
394209
394212
397309
397310
397311
397324
397325
397326
397327
397328
397329
397330
397331
397332
397333
397336
397337
397338
397339
397340
397341
397342
397343
397344
397345
397346
397347
397348
397349
397350
397351
397352
397353
397354
397355
397356
397357
397358
397359
397360
397361
397362
397363
397364
397365
397366
397367
397368
397369
397370
397371
397372
397373
397374
397377
397378
397379
397380
397381
397383
397387
397388
397389
397390
397391
397392
397397
397409
397410
397576
397577
397578
397591
397592
397593
397594
397595
397596
397597
397598
397599
397600
397601
397602
397603
397604
397605
397606
397607
397608
397609
397610
397611
397612
397613
397614
397615
397616
397617
397618
397619
397621
397622
397623
397624
397625
397626
397631
397643
397644
397819
397820
397821
397822
397823
397824
397825
397826
397827
397828
397829
397830
397831
397832
397833
397834
397835
397836
397837
397838
397840
397841
397842
397843
397845
397846
397847
397848
397850
397851
398011
398012
398015
398016
398017
398020
398021
398022
398026
398027
398028
398029
398030
398031
398032
398033
398034
398035
398036
398037
398038
398039
398040
398041
398042
398043
398044
398045
398046
398047
398048
398049
398050
398051
398052
398053
398054
398055
398056
398057
398058
398059
398060
398061
398065
398070
398075
398076
398221
398222
398225
398226
398227
398230
398231
398232
398236
398237
398238
398239
398240
398241
398242
398243
398244
398245
398246
398247
398248
398249
398250
398251
398252
398253
398254
398255
398256
398257
398258
398259
398260
398261
398262
398263
398264
398265
398266
398267
398268
398269
398270
398271
398275
398280
398285
398286
398431
398432
398435
398436
398440
398441
398442
398446
398448
398449
398450
398451
398452
398453
398454
398455
398456
398457
398458
398459
398460
398461
398462
398463
398464
398465
398466
398467
398468
398469
398470
398471
398472
398473
398474
398475
398476
398477
398478
398479
398480
398481
398485
398490
398496
398656
398657
398658
398659
398660
398661
398662
398663
398664
398665
398666
398668
398669
398670
398671
398672
398673
398674
398675
398678
398679
398680
398682
398683
398684
398685
398688
398861
398872
398873
398881
398882
398883
398884
398885
398886
398887
398888
398889
398890
398891
398892
398893
398895
398896
398897
398898
398899
398900
398901
398902
398903
398904
398907
398908
398909
398910
398911
398912
398913
398914
398915
398916
398919
399173
399184
399185
399193
399194
399195
399198
399199
399201
399203
399204
399205
399206
399207
399211
399213
399214
399215
399216
399217
399218
399219
399221
399222
399223
399224
399225
399226
399228
399229
399231
399232
399233
399234
399235
399236
399237
399239
399240
399241
399242
399243
399244
399246
399247
399249
399251
399252
399254
399258
399259
399260
399262
399263
399264
399267
402364
402365
402366
402379
402380
402381
402382
402383
402384
402385
402386
402387
402388
402391
402392
402393
402394
402395
402396
402397
402398
402399
402400
402401
402402
402403
402404
402405
402406
402407
402408
402409
402410
402411
402412
402413
402414
402415
402416
402417
402418
402419
402420
402421
402422
402423
402424
402425
402426
402427
402428
402429
402432
402433
402434
402435
402436
402438
402442
402443
402444
402445
402446
402447
402452
402464
402465
402631
402632
402633
402646
402647
402648
402649
402650
402651
402652
402653
402654
402655
402656
402657
402658
402659
402660
402661
402662
402663
402664
402665
402666
402667
402668
402669
402670
402671
402672
402673
402674
402676
402677
402678
402679
402680
402681
402686
402698
402699
402874
402875
402876
402877
402878
402879
402880
402881
402882
402883
402884
402885
402886
402887
402888
402889
402890
402891
402892
402893
402895
402896
402897
402898
402900
402901
402902
402903
402905
402906
403066
403067
403070
403071
403072
403075
403076
403077
403081
403082
403083
403084
403085
403086
403087
403088
403089
403090
403091
403092
403093
403094
403095
403096
403097
403098
403099
403100
403101
403102
403103
403104
403105
403106
403107
403108
403109
403110
403111
403112
403113
403114
403115
403116
403120
403125
403130
403131
403276
403277
403280
403281
403282
403285
403286
403287
403291
403292
403293
403294
403295
403296
403297
403298
403299
403300
403301
403302
403303
403304
403305
403306
403307
403308
403309
403310
403311
403312
403313
403314
403315
403316
403317
403318
403319
403320
403321
403322
403323
403324
403325
403326
403330
403335
403340
403341
403486
403487
403490
403491
403495
403496
403497
403501
403503
403504
403505
403506
403507
403508
403509
403510
403511
403512
403513
403514
403515
403516
403517
403518
403519
403520
403521
403522
403523
403524
403525
403526
403527
403528
403529
403530
403531
403532
403533
403534
403535
403536
403540
403545
403551
403711
403712
403713
403714
403715
403716
403717
403718
403719
403720
403721
403723
403724
403725
403726
403727
403728
403729
403730
403733
403734
403735
403737
403738
403739
403740
403743
403916
403927
403928
403936
403937
403938
403939
403940
403941
403942
403943
403944
403945
403946
403947
403948
403950
403951
403952
403953
403954
403955
403956
403957
403958
403959
403962
403963
403964
403965
403966
403967
403968
403969
403970
403971
403974
404228
404239
404240
404248
404249
404250
404253
404254
404256
404258
404259
404260
404261
404262
404266
404268
404269
404270
404271
404272
404273
404274
404276
404277
404278
404279
404280
404281
404283
404284
404286
404287
404288
404289
404290
404291
404292
404294
404295
404296
404297
404298
404299
404301
404302
404304
404306
404307
404309
404313
404314
404315
404317
404318
404319
404322
407419
407420
407421
407434
407435
407436
407437
407438
407439
407440
407441
407442
407443
407446
407447
407448
407449
407450
407451
407452
407453
407454
407455
407456
407457
407458
407459
407460
407461
407462
407463
407464
407465
407466
407467
407468
407469
407470
407471
407472
407473
407474
407475
407476
407477
407478
407479
407480
407481
407482
407483
407484
407487
407488
407489
407490
407491
407493
407497
407498
407499
407500
407501
407502
407507
407519
407520
407686
407687
407688
407701
407702
407703
407704
407705
407706
407707
407708
407709
407710
407711
407712
407713
407714
407715
407716
407717
407718
407719
407720
407721
407722
407723
407724
407725
407726
407727
407728
407729
407731
407732
407733
407734
407735
407736
407741
407753
407754
407929
407930
407931
407932
407933
407934
407935
407936
407937
407938
407939
407940
407941
407942
407943
407944
407945
407946
407947
407948
407950
407951
407952
407953
407955
407956
407957
407958
407960
407961
408121
408122
408125
408126
408127
408130
408131
408132
408136
408137
408138
408139
408140
408141
408142
408143
408144
408145
408146
408147
408148
408149
408150
408151
408152
408153
408154
408155
408156
408157
408158
408159
408160
408161
408162
408163
408164
408165
408166
408167
408168
408169
408170
408171
408175
408180
408185
408186
408331
408332
408335
408336
408337
408340
408341
408342
408346
408347
408348
408349
408350
408351
408352
408353
408354
408355
408356
408357
408358
408359
408360
408361
408362
408363
408364
408365
408366
408367
408368
408369
408370
408371
408372
408373
408374
408375
408376
408377
408378
408379
408380
408381
408385
408390
408395
408396
408541
408542
408545
408546
408550
408551
408552
408556
408558
408559
408560
408561
408562
408563
408564
408565
408566
408567
408568
408569
408570
408571
408572
408573
408574
408575
408576
408577
408578
408579
408580
408581
408582
408583
408584
408585
408586
408587
408588
408589
408590
408591
408595
408600
408606
408766
408767
408768
408769
408770
408771
408772
408773
408774
408775
408776
408778
408779
408780
408781
408782
408783
408784
408785
408788
408789
408790
408792
408793
408794
408795
408798
408971
408982
408983
408991
408992
408993
408994
408995
408996
408997
408998
408999
409000
409001
409002
409003
409005
409006
409007
409008
409009
409010
409011
409012
409013
409014
409017
409018
409019
409020
409021
409022
409023
409024
409025
409026
409029
409283
409294
409295
409303
409304
409305
409308
409309
409311
409313
409314
409315
409316
409317
409321
409323
409324
409325
409326
409327
409328
409329
409331
409332
409333
409334
409335
409336
409338
409339
409341
409342
409343
409344
409345
409346
409347
409349
409350
409351
409352
409353
409354
409356
409357
409359
409361
409362
409364
409368
409369
409370
409372
409373
409374
409377
412474
412475
412476
412489
412490
412491
412492
412493
412494
412495
412496
412497
412498
412501
412502
412503
412504
412505
412506
412507
412508
412509
412510
412511
412512
412513
412514
412515
412516
412517
412518
412519
412520
412521
412522
412523
412524
412525
412526
412527
412528
412529
412530
412531
412532
412533
412534
412535
412536
412537
412538
412539
412542
412543
412544
412545
412546
412548
412552
412553
412554
412555
412556
412557
412562
412574
412575
412741
412742
412743
412756
412757
412758
412759
412760
412761
412762
412763
412764
412765
412766
412767
412768
412769
412770
412771
412772
412773
412774
412775
412776
412777
412778
412779
412780
412781
412782
412783
412784
412786
412787
412788
412789
412790
412791
412796
412808
412809
412984
412985
412986
412987
412988
412989
412990
412991
412992
412993
412994
412995
412996
412997
412998
412999
413000
413001
413002
413003
413005
413006
413007
413008
413010
413011
413012
413013
413015
413016
413176
413177
413180
413181
413182
413185
413186
413187
413191
413192
413193
413194
413195
413196
413197
413198
413199
413200
413201
413202
413203
413204
413205
413206
413207
413208
413209
413210
413211
413212
413213
413214
413215
413216
413217
413218
413219
413220
413221
413222
413223
413224
413225
413226
413230
413235
413240
413241
413386
413387
413390
413391
413392
413395
413396
413397
413401
413402
413403
413404
413405
413406
413407
413408
413409
413410
413411
413412
413413
413414
413415
413416
413417
413418
413419
413420
413421
413422
413423
413424
413425
413426
413427
413428
413429
413430
413431
413432
413433
413434
413435
413436
413440
413445
413450
413451
413596
413597
413600
413601
413605
413606
413607
413611
413613
413614
413615
413616
413617
413618
413619
413620
413621
413622
413623
413624
413625
413626
413627
413628
413629
413630
413631
413632
413633
413634
413635
413636
413637
413638
413639
413640
413641
413642
413643
413644
413645
413646
413650
413655
413661
413821
413822
413823
413824
413825
413826
413827
413828
413829
413830
413831
413833
413834
413835
413836
413837
413838
413839
413840
413843
413844
413845
413847
413848
413849
413850
413853
414026
414037
414038
414046
414047
414048
414049
414050
414051
414052
414053
414054
414055
414056
414057
414058
414060
414061
414062
414063
414064
414065
414066
414067
414068
414069
414072
414073
414074
414075
414076
414077
414078
414079
414080
414081
414084
414338
414349
414350
414358
414359
414360
414363
414364
414366
414368
414369
414370
414371
414372
414376
414378
414379
414380
414381
414382
414383
414384
414386
414387
414388
414389
414390
414391
414393
414394
414396
414397
414398
414399
414400
414401
414402
414404
414405
414406
414407
414408
414409
414411
414412
414414
414416
414417
414419
414423
414424
414425
414427
414428
414429
414432
417529
417530
417531
417544
417545
417546
417547
417548
417549
417550
417551
417552
417553
417556
417557
417558
417559
417560
417561
417562
417563
417564
417565
417566
417567
417568
417569
417570
417571
417572
417573
417574
417575
417576
417577
417578
417579
417580
417581
417582
417583
417584
417585
417586
417587
417588
417589
417590
417591
417592
417593
417594
417597
417598
417599
417600
417601
417603
417607
417608
417609
417610
417611
417612
417617
417629
417630
417796
417797
417798
417811
417812
417813
417814
417815
417816
417817
417818
417819
417820
417821
417822
417823
417824
417825
417826
417827
417828
417829
417830
417831
417832
417833
417834
417835
417836
417837
417838
417839
417841
417842
417843
417844
417845
417846
417851
417863
417864
418039
418040
418041
418042
418043
418044
418045
418046
418047
418048
418049
418050
418051
418052
418053
418054
418055
418056
418057
418058
418060
418061
418062
418063
418065
418066
418067
418068
418070
418071
418231
418232
418235
418236
418237
418240
418241
418242
418246
418247
418248
418249
418250
418251
418252
418253
418254
418255
418256
418257
418258
418259
418260
418261
418262
418263
418264
418265
418266
418267
418268
418269
418270
418271
418272
418273
418274
418275
418276
418277
418278
418279
418280
418281
418285
418290
418295
418296
418441
418442
418445
418446
418447
418450
418451
418452
418456
418457
418458
418459
418460
418461
418462
418463
418464
418465
418466
418467
418468
418469
418470
418471
418472
418473
418474
418475
418476
418477
418478
418479
418480
418481
418482
418483
418484
418485
418486
418487
418488
418489
418490
418491
418495
418500
418505
418506
418651
418652
418655
418656
418660
418661
418662
418666
418668
418669
418670
418671
418672
418673
418674
418675
418676
418677
418678
418679
418680
418681
418682
418683
418684
418685
418686
418687
418688
418689
418690
418691
418692
418693
418694
418695
418696
418697
418698
418699
418700
418701
418705
418710
418716
418876
418877
418878
418879
418880
418881
418882
418883
418884
418885
418886
418888
418889
418890
418891
418892
418893
418894
418895
418898
418899
418900
418902
418903
418904
418905
418908
419081
419092
419093
419101
419102
419103
419104
419105
419106
419107
419108
419109
419110
419111
419112
419113
419115
419116
419117
419118
419119
419120
419121
419122
419123
419124
419127
419128
419129
419130
419131
419132
419133
419134
419135
419136
419139
419393
419404
419405
419413
419414
419415
419418
419419
419421
419423
419424
419425
419426
419427
419431
419433
419434
419435
419436
419437
419438
419439
419441
419442
419443
419444
419445
419446
419448
419449
419451
419452
419453
419454
419455
419456
419457
419459
419460
419461
419462
419463
419464
419466
419467
419469
419471
419472
419474
419478
419479
419480
419482
419483
419484
419487
422584
422585
422586
422599
422600
422601
422602
422603
422604
422605
422606
422607
422608
422611
422612
422613
422614
422615
422616
422617
422618
422619
422620
422621
422622
422623
422624
422625
422626
422627
422628
422629
422630
422631
422632
422633
422634
422635
422636
422637
422638
422639
422640
422641
422642
422643
422644
422645
422646
422647
422648
422649
422652
422653
422654
422655
422656
422658
422662
422663
422664
422665
422666
422667
422672
422684
422685
422851
422852
422853
422866
422867
422868
422869
422870
422871
422872
422873
422874
422875
422876
422877
422878
422879
422880
422881
422882
422883
422884
422885
422886
422887
422888
422889
422890
422891
422892
422893
422894
422896
422897
422898
422899
422900
422901
422906
422918
422919
423094
423095
423096
423097
423098
423099
423100
423101
423102
423103
423104
423105
423106
423107
423108
423109
423110
423111
423112
423113
423115
423116
423117
423118
423120
423121
423122
423123
423125
423126
423286
423287
423290
423291
423292
423295
423296
423297
423301
423302
423303
423304
423305
423306
423307
423308
423309
423310
423311
423312
423313
423314
423315
423316
423317
423318
423319
423320
423321
423322
423323
423324
423325
423326
423327
423328
423329
423330
423331
423332
423333
423334
423335
423336
423340
423345
423350
423351
423496
423497
423500
423501
423502
423505
423506
423507
423511
423512
423513
423514
423515
423516
423517
423518
423519
423520
423521
423522
423523
423524
423525
423526
423527
423528
423529
423530
423531
423532
423533
423534
423535
423536
423537
423538
423539
423540
423541
423542
423543
423544
423545
423546
423550
423555
423560
423561
423706
423707
423710
423711
423715
423716
423717
423721
423723
423724
423725
423726
423727
423728
423729
423730
423731
423732
423733
423734
423735
423736
423737
423738
423739
423740
423741
423742
423743
423744
423745
423746
423747
423748
423749
423750
423751
423752
423753
423754
423755
423756
423760
423765
423771
423931
423932
423933
423934
423935
423936
423937
423938
423939
423940
423941
423943
423944
423945
423946
423947
423948
423949
423950
423953
423954
423955
423957
423958
423959
423960
423963
424136
424147
424148
424156
424157
424158
424159
424160
424161
424162
424163
424164
424165
424166
424167
424168
424170
424171
424172
424173
424174
424175
424176
424177
424178
424179
424182
424183
424184
424185
424186
424187
424188
424189
424190
424191
424194
424448
424459
424460
424468
424469
424470
424473
424474
424476
424478
424479
424480
424481
424482
424486
424488
424489
424490
424491
424492
424493
424494
424496
424497
424498
424499
424500
424501
424503
424504
424506
424507
424508
424509
424510
424511
424512
424514
424515
424516
424517
424518
424519
424521
424522
424524
424526
424527
424529
424533
424534
424535
424537
424538
424539
424542
427639
427640
427641
427654
427655
427656
427657
427658
427659
427660
427661
427662
427663
427666
427667
427668
427669
427670
427671
427672
427673
427674
427675
427676
427677
427678
427679
427680
427681
427682
427683
427684
427685
427686
427687
427688
427689
427690
427691
427692
427693
427694
427695
427696
427697
427698
427699
427700
427701
427702
427703
427704
427707
427708
427709
427710
427711
427713
427717
427718
427719
427720
427721
427722
427727
427739
427740
427906
427907
427908
427921
427922
427923
427924
427925
427926
427927
427928
427929
427930
427931
427932
427933
427934
427935
427936
427937
427938
427939
427940
427941
427942
427943
427944
427945
427946
427947
427948
427949
427951
427952
427953
427954
427955
427956
427961
427973
427974
428149
428150
428151
428152
428153
428154
428155
428156
428157
428158
428159
428160
428161
428162
428163
428164
428165
428166
428167
428168
428170
428171
428172
428173
428175
428176
428177
428178
428180
428181
428341
428342
428345
428346
428347
428350
428351
428352
428356
428357
428358
428359
428360
428361
428362
428363
428364
428365
428366
428367
428368
428369
428370
428371
428372
428373
428374
428375
428376
428377
428378
428379
428380
428381
428382
428383
428384
428385
428386
428387
428388
428389
428390
428391
428395
428400
428405
428406
428551
428552
428555
428556
428557
428560
428561
428562
428566
428567
428568
428569
428570
428571
428572
428573
428574
428575
428576
428577
428578
428579
428580
428581
428582
428583
428584
428585
428586
428587
428588
428589
428590
428591
428592
428593
428594
428595
428596
428597
428598
428599
428600
428601
428605
428610
428615
428616
428761
428762
428765
428766
428770
428771
428772
428776
428778
428779
428780
428781
428782
428783
428784
428785
428786
428787
428788
428789
428790
428791
428792
428793
428794
428795
428796
428797
428798
428799
428800
428801
428802
428803
428804
428805
428806
428807
428808
428809
428810
428811
428815
428820
428826
428986
428987
428988
428989
428990
428991
428992
428993
428994
428995
428996
428998
428999
429000
429001
429002
429003
429004
429005
429008
429009
429010
429012
429013
429014
429015
429018
429191
429202
429203
429211
429212
429213
429214
429215
429216
429217
429218
429219
429220
429221
429222
429223
429225
429226
429227
429228
429229
429230
429231
429232
429233
429234
429237
429238
429239
429240
429241
429242
429243
429244
429245
429246
429249
429503
429514
429515
429523
429524
429525
429528
429529
429531
429533
429534
429535
429536
429537
429541
429543
429544
429545
429546
429547
429548
429549
429551
429552
429553
429554
429555
429556
429558
429559
429561
429562
429563
429564
429565
429566
429567
429569
429570
429571
429572
429573
429574
429576
429577
429579
429581
429582
429584
429588
429589
429590
429592
429593
429594
429597
432694
432695
432696
432709
432710
432711
432712
432713
432714
432715
432716
432717
432718
432721
432722
432723
432724
432725
432726
432727
432728
432729
432730
432731
432732
432733
432734
432735
432736
432737
432738
432739
432740
432741
432742
432743
432744
432745
432746
432747
432748
432749
432750
432751
432752
432753
432754
432755
432756
432757
432758
432759
432762
432763
432764
432765
432766
432768
432772
432773
432774
432775
432776
432777
432782
432794
432795
432961
432962
432963
432976
432977
432978
432979
432980
432981
432982
432983
432984
432985
432986
432987
432988
432989
432990
432991
432992
432993
432994
432995
432996
432997
432998
432999
433000
433001
433002
433003
433004
433006
433007
433008
433009
433010
433011
433016
433028
433029
433204
433205
433206
433207
433208
433209
433210
433211
433212
433213
433214
433215
433216
433217
433218
433219
433220
433221
433222
433223
433225
433226
433227
433228
433230
433231
433232
433233
433235
433236
433396
433397
433400
433401
433402
433405
433406
433407
433411
433412
433413
433414
433415
433416
433417
433418
433419
433420
433421
433422
433423
433424
433425
433426
433427
433428
433429
433430
433431
433432
433433
433434
433435
433436
433437
433438
433439
433440
433441
433442
433443
433444
433445
433446
433450
433455
433460
433461
433606
433607
433610
433611
433612
433615
433616
433617
433621
433622
433623
433624
433625
433626
433627
433628
433629
433630
433631
433632
433633
433634
433635
433636
433637
433638
433639
433640
433641
433642
433643
433644
433645
433646
433647
433648
433649
433650
433651
433652
433653
433654
433655
433656
433660
433665
433670
433671
433816
433817
433820
433821
433825
433826
433827
433831
433833
433834
433835
433836
433837
433838
433839
433840
433841
433842
433843
433844
433845
433846
433847
433848
433849
433850
433851
433852
433853
433854
433855
433856
433857
433858
433859
433860
433861
433862
433863
433864
433865
433866
433870
433875
433881
434041
434042
434043
434044
434045
434046
434047
434048
434049
434050
434051
434053
434054
434055
434056
434057
434058
434059
434060
434063
434064
434065
434067
434068
434069
434070
434073
434246
434257
434258
434266
434267
434268
434269
434270
434271
434272
434273
434274
434275
434276
434277
434278
434280
434281
434282
434283
434284
434285
434286
434287
434288
434289
434292
434293
434294
434295
434296
434297
434298
434299
434300
434301
434304
434558
434569
434570
434578
434579
434580
434583
434584
434586
434588
434589
434590
434591
434592
434596
434598
434599
434600
434601
434602
434603
434604
434606
434607
434608
434609
434610
434611
434613
434614
434616
434617
434618
434619
434620
434621
434622
434624
434625
434626
434627
434628
434629
434631
434632
434634
434636
434637
434639
434643
434644
434645
434647
434648
434649
434652
437749
437750
437751
437764
437765
437766
437767
437768
437769
437770
437771
437772
437773
437776
437777
437778
437779
437780
437781
437782
437783
437784
437785
437786
437787
437788
437789
437790
437791
437792
437793
437794
437795
437796
437797
437798
437799
437800
437801
437802
437803
437804
437805
437806
437807
437808
437809
437810
437811
437812
437813
437814
437817
437818
437819
437820
437821
437823
437827
437828
437829
437830
437831
437832
437837
437849
437850
438016
438017
438018
438031
438032
438033
438034
438035
438036
438037
438038
438039
438040
438041
438042
438043
438044
438045
438046
438047
438048
438049
438050
438051
438052
438053
438054
438055
438056
438057
438058
438059
438061
438062
438063
438064
438065
438066
438071
438083
438084
438259
438260
438261
438262
438263
438264
438265
438266
438267
438268
438269
438270
438271
438272
438273
438274
438275
438276
438277
438278
438280
438281
438282
438283
438285
438286
438287
438288
438290
438291
438451
438452
438455
438456
438457
438460
438461
438462
438466
438467
438468
438469
438470
438471
438472
438473
438474
438475
438476
438477
438478
438479
438480
438481
438482
438483
438484
438485
438486
438487
438488
438489
438490
438491
438492
438493
438494
438495
438496
438497
438498
438499
438500
438501
438505
438510
438515
438516
438661
438662
438665
438666
438667
438670
438671
438672
438676
438677
438678
438679
438680
438681
438682
438683
438684
438685
438686
438687
438688
438689
438690
438691
438692
438693
438694
438695
438696
438697
438698
438699
438700
438701
438702
438703
438704
438705
438706
438707
438708
438709
438710
438711
438715
438720
438725
438726
438871
438872
438875
438876
438880
438881
438882
438886
438888
438889
438890
438891
438892
438893
438894
438895
438896
438897
438898
438899
438900
438901
438902
438903
438904
438905
438906
438907
438908
438909
438910
438911
438912
438913
438914
438915
438916
438917
438918
438919
438920
438921
438925
438930
438936
439096
439097
439098
439099
439100
439101
439102
439103
439104
439105
439106
439108
439109
439110
439111
439112
439113
439114
439115
439118
439119
439120
439122
439123
439124
439125
439128
439301
439312
439313
439321
439322
439323
439324
439325
439326
439327
439328
439329
439330
439331
439332
439333
439335
439336
439337
439338
439339
439340
439341
439342
439343
439344
439347
439348
439349
439350
439351
439352
439353
439354
439355
439356
439359
439613
439624
439625
439633
439634
439635
439638
439639
439641
439643
439644
439645
439646
439647
439651
439653
439654
439655
439656
439657
439658
439659
439661
439662
439663
439664
439665
439666
439668
439669
439671
439672
439673
439674
439675
439676
439677
439679
439680
439681
439682
439683
439684
439686
439687
439689
439691
439692
439694
439698
439699
439700
439702
439703
439704
439707
442804
442805
442806
442819
442820
442821
442822
442823
442824
442825
442826
442827
442828
442831
442832
442833
442834
442835
442836
442837
442838
442839
442840
442841
442842
442843
442844
442845
442846
442847
442848
442849
442850
442851
442852
442853
442854
442855
442856
442857
442858
442859
442860
442861
442862
442863
442864
442865
442866
442867
442868
442869
442872
442873
442874
442875
442876
442878
442882
442883
442884
442885
442886
442887
442892
442904
442905
443071
443072
443073
443086
443087
443088
443089
443090
443091
443092
443093
443094
443095
443096
443097
443098
443099
443100
443101
443102
443103
443104
443105
443106
443107
443108
443109
443110
443111
443112
443113
443114
443116
443117
443118
443119
443120
443121
443126
443138
443139
443314
443315
443316
443317
443318
443319
443320
443321
443322
443323
443324
443325
443326
443327
443328
443329
443330
443331
443332
443333
443335
443336
443337
443338
443340
443341
443342
443343
443345
443346
443506
443507
443510
443511
443512
443515
443516
443517
443521
443522
443523
443524
443525
443526
443527
443528
443529
443530
443531
443532
443533
443534
443535
443536
443537
443538
443539
443540
443541
443542
443543
443544
443545
443546
443547
443548
443549
443550
443551
443552
443553
443554
443555
443556
443560
443565
443570
443571
443716
443717
443720
443721
443722
443725
443726
443727
443731
443732
443733
443734
443735
443736
443737
443738
443739
443740
443741
443742
443743
443744
443745
443746
443747
443748
443749
443750
443751
443752
443753
443754
443755
443756
443757
443758
443759
443760
443761
443762
443763
443764
443765
443766
443770
443775
443780
443781
443926
443927
443930
443931
443935
443936
443937
443941
443943
443944
443945
443946
443947
443948
443949
443950
443951
443952
443953
443954
443955
443956
443957
443958
443959
443960
443961
443962
443963
443964
443965
443966
443967
443968
443969
443970
443971
443972
443973
443974
443975
443976
443980
443985
443991
444151
444152
444153
444154
444155
444156
444157
444158
444159
444160
444161
444163
444164
444165
444166
444167
444168
444169
444170
444173
444174
444175
444177
444178
444179
444180
444183
444356
444367
444368
444376
444377
444378
444379
444380
444381
444382
444383
444384
444385
444386
444387
444388
444390
444391
444392
444393
444394
444395
444396
444397
444398
444399
444402
444403
444404
444405
444406
444407
444408
444409
444410
444411
444414
444668
444679
444680
444688
444689
444690
444693
444694
444696
444698
444699
444700
444701
444702
444706
444708
444709
444710
444711
444712
444713
444714
444716
444717
444718
444719
444720
444721
444723
444724
444726
444727
444728
444729
444730
444731
444732
444734
444735
444736
444737
444738
444739
444741
444742
444744
444746
444747
444749
444753
444754
444755
444757
444758
444759
444762
447859
447860
447861
447874
447875
447876
447877
447878
447879
447880
447881
447882
447883
447886
447887
447888
447889
447890
447891
447892
447893
447894
447895
447896
447897
447898
447899
447900
447901
447902
447903
447904
447905
447906
447907
447908
447909
447910
447911
447912
447913
447914
447915
447916
447917
447918
447919
447920
447921
447922
447923
447924
447927
447928
447929
447930
447931
447933
447937
447938
447939
447940
447941
447942
447947
447959
447960
448126
448127
448128
448141
448142
448143
448144
448145
448146
448147
448148
448149
448150
448151
448152
448153
448154
448155
448156
448157
448158
448159
448160
448161
448162
448163
448164
448165
448166
448167
448168
448169
448171
448172
448173
448174
448175
448176
448181
448193
448194
448369
448370
448371
448372
448373
448374
448375
448376
448377
448378
448379
448380
448381
448382
448383
448384
448385
448386
448387
448388
448390
448391
448392
448393
448395
448396
448397
448398
448400
448401
448561
448562
448565
448566
448567
448570
448571
448572
448576
448577
448578
448579
448580
448581
448582
448583
448584
448585
448586
448587
448588
448589
448590
448591
448592
448593
448594
448595
448596
448597
448598
448599
448600
448601
448602
448603
448604
448605
448606
448607
448608
448609
448610
448611
448615
448620
448625
448626
448771
448772
448775
448776
448777
448780
448781
448782
448786
448787
448788
448789
448790
448791
448792
448793
448794
448795
448796
448797
448798
448799
448800
448801
448802
448803
448804
448805
448806
448807
448808
448809
448810
448811
448812
448813
448814
448815
448816
448817
448818
448819
448820
448821
448825
448830
448835
448836
448981
448982
448985
448986
448990
448991
448992
448996
448998
448999
449000
449001
449002
449003
449004
449005
449006
449007
449008
449009
449010
449011
449012
449013
449014
449015
449016
449017
449018
449019
449020
449021
449022
449023
449024
449025
449026
449027
449028
449029
449030
449031
449035
449040
449046
449206
449207
449208
449209
449210
449211
449212
449213
449214
449215
449216
449218
449219
449220
449221
449222
449223
449224
449225
449228
449229
449230
449232
449233
449234
449235
449238
449411
449422
449423
449431
449432
449433
449434
449435
449436
449437
449438
449439
449440
449441
449442
449443
449445
449446
449447
449448
449449
449450
449451
449452
449453
449454
449457
449458
449459
449460
449461
449462
449463
449464
449465
449466
449469
449723
449734
449735
449743
449744
449745
449748
449749
449751
449753
449754
449755
449756
449757
449761
449763
449764
449765
449766
449767
449768
449769
449771
449772
449773
449774
449775
449776
449778
449779
449781
449782
449783
449784
449785
449786
449787
449789
449790
449791
449792
449793
449794
449796
449797
449799
449801
449802
449804
449808
449809
449810
449812
449813
449814
449817
452890
452891
452892
452903
452904
452905
452906
452907
452908
452909
452910
452911
452914
452915
452916
452917
452918
452919
452920
452921
452922
452923
452924
452925
452926
452927
452928
452929
452930
452931
452932
452933
452934
452935
452936
452937
452938
452939
452940
452941
452942
452943
452944
452945
452946
452947
452948
452949
452952
452953
452954
452955
452956
452958
452961
452962
452963
452964
452969
452980
453283
453284
453285
453296
453297
453298
453299
453300
453301
453302
453303
453304
453305
453306
453307
453308
453309
453310
453311
453312
453313
453314
453315
453316
453317
453318
453319
453320
453321
453322
453323
453324
453325
453326
453327
453328
453329
453330
453331
453332
453333
453334
453335
453336
453337
453338
453339
453340
453341
453342
453343
453344
453345
453346
453347
453348
453349
453350
453351
453352
453353
453354
453355
453356
453357
453358
453359
453360
453361
453362
453363
453364
453365
453366
453367
453368
453369
453370
453371
453372
453373
453374
453375
453376
453377
453378
453379
453380
453381
453382
453383
453384
453385
453386
453387
453388
453389
453390
453391
453392
453393
453394
453395
453396
453397
453398
453399
453400
453402
453403
453404
453405
453410
453421
453790
453791
453792
453793
453794
453795
453796
453797
453798
453799
453800
453801
453802
453803
453804
453805
453806
453807
453808
453809
453810
453811
453812
453813
453814
453815
453816
453817
453818
453819
453820
453821
453822
453823
453824
453825
453826
453827
453828
453829
453830
453831
453832
453833
453834
453835
453836
453837
453838
453839
453840
453841
453842
453843
453844
453845
453846
453847
453848
453849
453850
453851
453852
453853
453854
453855
453856
453857
453858
453859
453860
453861
453862
453863
453864
453865
453866
453867
453868
453869
453870
453871
453872
453873
453874
453875
453876
453877
453878
453879
453880
453881
453882
453883
453884
453885
453886
453887
453888
453889
453890
453891
453892
453893
453894
453895
453896
453897
453898
453899
453900
453901
453902
453903
453904
453905
453906
453907
453908
453909
453910
453911
453912
453913
453914
453915
453916
453917
453919
453920
453921
453922
453924
453925
453927
454294
454295
454298
454299
454300
454303
454304
454307
454308
454309
454310
454311
454312
454313
454314
454315
454316
454317
454318
454319
454320
454321
454322
454323
454324
454325
454326
454327
454328
454329
454330
454331
454332
454333
454334
454335
454336
454337
454338
454339
454340
454341
454342
454343
454344
454345
454346
454347
454348
454349
454350
454351
454352
454353
454354
454355
454356
454357
454358
454359
454360
454361
454362
454363
454364
454365
454366
454367
454368
454369
454370
454371
454372
454373
454374
454375
454376
454377
454378
454379
454380
454381
454382
454383
454384
454385
454386
454387
454388
454389
454390
454391
454392
454393
454394
454395
454396
454397
454398
454399
454400
454401
454402
454403
454404
454405
454406
454407
454408
454409
454410
454411
454412
454413
454414
454415
454416
454417
454418
454419
454420
454421
454422
454423
454424
454425
454426
454427
454428
454429
454430
454431
454432
454433
454434
454435
454436
454437
454438
454439
454440
454441
454442
454443
454444
454445
454446
454447
454448
454449
454450
454451
454452
454456
454461
454465
454819
454820
454823
454824
454825
454828
454829
454832
454833
454834
454835
454836
454837
454838
454839
454840
454841
454842
454843
454844
454845
454846
454847
454848
454849
454850
454851
454852
454853
454854
454855
454856
454857
454858
454859
454860
454861
454862
454863
454864
454865
454866
454867
454868
454869
454870
454871
454872
454873
454874
454875
454876
454877
454878
454879
454880
454881
454882
454883
454884
454885
454886
454887
454888
454889
454890
454891
454892
454893
454894
454895
454896
454897
454898
454899
454900
454901
454902
454903
454904
454905
454906
454907
454908
454909
454910
454911
454912
454913
454914
454915
454916
454917
454918
454919
454920
454921
454922
454923
454924
454925
454926
454927
454928
454929
454930
454931
454932
454933
454934
454935
454936
454937
454938
454939
454940
454941
454942
454943
454944
454945
454946
454947
454948
454949
454950
454951
454952
454953
454954
454955
454956
454957
454958
454959
454960
454961
454962
454963
454964
454965
454966
454967
454968
454969
454970
454971
454972
454973
454974
454975
454976
454977
454981
454986
454990
455344
455345
455348
455349
455353
455354
455357
455359
455360
455361
455362
455363
455364
455365
455366
455367
455368
455369
455370
455371
455372
455373
455374
455375
455376
455377
455378
455379
455380
455381
455382
455383
455384
455385
455386
455387
455388
455389
455390
455391
455392
455393
455394
455395
455396
455397
455398
455399
455400
455401
455402
455403
455404
455405
455406
455407
455408
455409
455410
455411
455412
455413
455414
455415
455416
455417
455418
455419
455420
455421
455422
455423
455424
455425
455426
455427
455428
455429
455430
455431
455432
455433
455434
455435
455436
455437
455438
455439
455440
455441
455442
455443
455444
455445
455446
455447
455448
455449
455450
455451
455452
455453
455454
455455
455456
455457
455458
455459
455460
455461
455462
455463
455464
455465
455466
455467
455468
455469
455470
455471
455472
455473
455474
455475
455476
455477
455478
455479
455480
455481
455482
455483
455484
455485
455486
455487
455488
455489
455490
455491
455492
455493
455494
455495
455496
455497
455498
455499
455500
455501
455502
455506
455511
455869
455870
455871
455872
455873
455874
455875
455876
455877
455878
455879
455880
455882
455883
455884
455885
455886
455887
455888
455889
455890
455891
455892
455893
455894
455895
455896
455897
455898
455899
455900
455901
455902
455903
455904
455905
455906
455907
455908
455909
455910
455911
455912
455913
455914
455915
455916
455917
455918
455919
455920
455921
455922
455923
455924
455925
455926
455927
455928
455929
455930
455931
455932
455933
455934
455935
455936
455937
455938
455939
455940
455941
455942
455943
455944
455945
455946
455947
455948
455949
455950
455951
455952
455953
455954
455955
455956
455957
455958
455959
455960
455961
455962
455963
455964
455965
455966
455967
455968
455969
455970
455971
455972
455973
455974
455975
455976
455977
455978
455979
455980
455981
455982
455983
455984
455985
455986
455987
455988
455989
455990
455991
455992
455993
455994
455995
455996
455999
456000
456001
456003
456004
456302
456313
456319
456320
456321
456322
456323
456324
456325
456326
456327
456328
456329
456330
456332
456333
456334
456335
456336
456337
456338
456339
456340
456341
456342
456343
456344
456345
456346
456347
456348
456349
456350
456351
456352
456353
456354
456355
456356
456357
456358
456359
456360
456361
456362
456363
456364
456365
456366
456367
456368
456369
456370
456371
456372
456373
456374
456375
456376
456377
456378
456379
456380
456381
456382
456383
456384
456385
456386
456387
456388
456389
456390
456391
456392
456393
456394
456395
456396
456397
456398
456399
456400
456401
456402
456403
456404
456405
456406
456407
456408
456409
456410
456411
456412
456413
456414
456415
456416
456419
456420
456421
456422
456423
456424
456629
456640
456646
456647
456650
456651
456653
456655
456656
456659
456661
456662
456663
456664
456665
456666
456668
456669
456670
456671
456672
456674
456676
456677
456678
456679
456680
456681
456683
456684
456685
456686
456687
456689
456692
456694
456698
456699
456701
461443
461445
461448
461449
461461
461463
461466
461467
461479
461481
461484
461485
461497
461499
461502
461722
461724
461727
461728
461740
461742
461745
461746
461758
461760
461763
461764
461776
461778
461781
461782
461794
461796
461799
461800
461812
461814
461817
462109
462111
462114
462115
462127
462129
462132
462133
462145
462147
462150
462151
462163
462165
462168
462169
462181
462183
462186
462187
462199
462201
462204
462205
462217
462219
462222
462223
462235
462237
462240
462532
462534
462537
462538
462550
462552
462555
462556
462568
462570
462573
462574
462586
462588
462591
462592
462604
462606
462609
462610
462622
462624
462627
462628
462640
462642
462645
462646
462658
462660
462663
462943
462945
462948
462958
462960
462963
462964
462976
462978
462981
462982
462994
462996
462999
463000
463012
463014
463017
463018
463030
463032
463035
463036
463048
463050
463053
463054
463066
463068
463276
463278
463281
463291
463293
463296
463297
463309
463311
463314
463315
463327
463329
463332
463333
463345
463347
463350
463351
463363
463365
463489
463491
463494
463504
463506
463509
463519
463521
463524
463534
463536
466270
466271
466272
466273
466274
466275
466276
466277
466278
466279
466280
466281
466282
466283
466284
466285
466286
466287
466288
466289
466290
466291
466292
466293
466504
466505
466506
466507
466508
466509
466510
466511
466512
466513
466514
466515
466516
466517
466518
466519
466520
466521
466522
466523
466524
466525
466526
466527
467542
467543
467544
467545
467546
467547
467548
467549
467550
467551
467552
467553
467554
467555
467556
467557
467558
467559
467560
467561
467562
467563
467564
467565
467776
467777
467778
467779
467780
467781
467782
467783
467784
467785
467786
467787
467788
467789
467790
467791
467792
467793
467794
467795
467796
467797
467798
467799
468814
468815
468816
468817
468818
468819
468820
468821
468822
468823
468824
468825
468826
468827
468828
468829
468830
468831
468832
468833
468834
468835
468836
468837
469048
469049
469050
469051
469052
469053
469054
469055
469056
469057
469058
469059
469060
469061
469062
469063
469064
469065
469066
469067
469068
469069
469070
469071
470086
470087
470088
470089
470090
470091
470092
470093
470094
470095
470096
470097
470098
470099
470100
470101
470102
470103
470104
470105
470106
470107
470108
470109
470320
470321
470322
470323
470324
470325
470326
470327
470328
470329
470330
470331
470332
470333
470334
470335
470336
470337
470338
470339
470340
470341
470342
470343
471358
471359
471360
471361
471362
471363
471364
471365
471366
471367
471368
471369
471370
471371
471372
471373
471374
471375
471376
471377
471378
471379
471380
471381
471592
471593
471594
471595
471596
471597
471598
471599
471600
471601
471602
471603
471604
471605
471606
471607
471608
471609
471610
471611
471612
471613
471614
471615
472630
472631
472632
472633
472634
472635
472636
472637
472638
472639
472640
472641
472642
472643
472644
472645
472646
472647
472648
472649
472650
472651
472652
472653
472864
472865
472866
472867
472868
472869
472870
472871
472872
472873
472874
472875
472876
472877
472878
472879
472880
472881
472882
472883
472884
472885
472886
472887
473902
473903
473904
473905
473906
473907
473908
473909
473910
473911
473912
473913
473914
473915
473916
473917
473918
473919
473920
473921
473922
473923
473924
473925
474136
474137
474138
474139
474140
474141
474142
474143
474144
474145
474146
474147
474148
474149
474150
474151
474152
474153
474154
474155
474156
474157
474158
474159
475174
475175
475176
475177
475178
475179
475180
475181
475182
475183
475184
475185
475186
475187
475188
475189
475190
475191
475192
475193
475194
475195
475196
475197
475408
475409
475410
475411
475412
475413
475414
475415
475416
475417
475418
475419
475420
475421
475422
475423
475424
475425
475426
475427
475428
475429
475430
475431
476446
476447
476448
476449
476450
476451
476452
476453
476454
476455
476456
476457
476458
476459
476460
476461
476462
476463
476464
476465
476466
476467
476468
476469
476680
476681
476682
476683
476684
476685
476686
476687
476688
476689
476690
476691
476692
476693
476694
476695
476696
476697
476698
476699
476700
476701
476702
476703
477718
477719
477720
477721
477722
477723
477724
477725
477726
477727
477728
477729
477730
477731
477732
477733
477734
477735
477736
477737
477738
477739
477740
477741
477952
477953
477954
477955
477956
477957
477958
477959
477960
477961
477962
477963
477964
477965
477966
477967
477968
477969
477970
477971
477972
477973
477974
477975
478990
478991
478992
478993
478994
478995
478996
478997
478998
478999
479000
479001
479002
479003
479004
479005
479006
479007
479008
479009
479010
479011
479012
479013
479224
479225
479226
479227
479228
479229
479230
479231
479232
479233
479234
479235
479236
479237
479238
479239
479240
479241
479242
479243
479244
479245
479246
479247
480262
480263
480264
480265
480266
480267
480268
480269
480270
480271
480272
480273
480274
480275
480276
480277
480278
480279
480280
480281
480282
480283
480284
480285
480496
480497
480498
480499
480500
480501
480502
480503
480504
480505
480506
480507
480508
480509
480510
480511
480512
480513
480514
480515
480516
480517
480518
480519
481534
481535
481536
481537
481538
481539
481540
481541
481542
481543
481544
481545
481546
481547
481548
481549
481550
481551
481552
481553
481554
481555
481556
481557
481768
481769
481770
481771
481772
481773
481774
481775
481776
481777
481778
481779
481780
481781
481782
481783
481784
481785
481786
481787
481788
481789
481790
481791
482806
482807
482808
482809
482810
482811
482812
482813
482814
482815
482816
482817
482818
482819
482820
482821
482822
482823
482824
482825
482826
482827
482828
482829
483040
483041
483042
483043
483044
483045
483046
483047
483048
483049
483050
483051
483052
483053
483054
483055
483056
483057
483058
483059
483060
483061
483062
483063
484078
484079
484080
484081
484082
484083
484084
484085
484086
484087
484088
484089
484090
484091
484092
484093
484094
484095
484096
484097
484098
484099
484100
484101
484312
484313
484314
484315
484316
484317
484318
484319
484320
484321
484322
484323
484324
484325
484326
484327
484328
484329
484330
484331
484332
484333
484334
484335
485350
485351
485352
485353
485354
485355
485356
485357
485358
485359
485360
485361
485362
485363
485364
485365
485366
485367
485368
485369
485370
485371
485372
485373
485584
485585
485586
485587
485588
485589
485590
485591
485592
485593
485594
485595
485596
485597
485598
485599
485600
485601
485602
485603
485604
485605
485606
485607
486622
486623
486624
486625
486626
486627
486628
486629
486630
486631
486632
486633
486634
486635
486636
486637
486638
486639
486640
486641
486642
486643
486644
486645
486856
486857
486858
486859
486860
486861
486862
486863
486864
486865
486866
486867
486868
486869
486870
486871
486872
486873
486874
486875
486876
486877
486878
486879
487894
487895
487896
487897
487898
487899
487900
487901
487902
487903
487904
487905
487906
487907
487908
487909
487910
487911
487912
487913
487914
487915
487916
487917
488128
488129
488130
488131
488132
488133
488134
488135
488136
488137
488138
488139
488140
488141
488142
488143
488144
488145
488146
488147
488148
488149
488150
488151
489166
489167
489168
489169
489170
489171
489172
489173
489174
489175
489176
489177
489178
489179
489180
489181
489182
489183
489184
489185
489186
489187
489188
489189
489400
489401
489402
489403
489404
489405
489406
489407
489408
489409
489410
489411
489412
489413
489414
489415
489416
489417
489418
489419
489420
489421
489422
489423
490438
490439
490440
490441
490442
490443
490444
490445
490446
490447
490448
490449
490450
490451
490452
490453
490454
490455
490456
490457
490458
490459
490460
490461
490672
490673
490674
490675
490676
490677
490678
490679
490680
490681
490682
490683
490684
490685
490686
490687
490688
490689
490690
490691
490692
490693
490694
490695
491710
491711
491712
491713
491714
491715
491716
491717
491718
491719
491720
491721
491722
491723
491724
491725
491726
491727
491728
491729
491730
491731
491732
491733
491944
491945
491946
491947
491948
491949
491950
491951
491952
491953
491954
491955
491956
491957
491958
491959
491960
491961
491962
491963
491964
491965
491966
491967
492982
492983
492984
492985
492986
492987
492988
492989
492990
492991
492992
492993
492994
492995
492996
492997
492998
492999
493000
493001
493002
493003
493004
493005
493216
493217
493218
493219
493220
493221
493222
493223
493224
493225
493226
493227
493228
493229
493230
493231
493232
493233
493234
493235
493236
493237
493238
493239
494254
494255
494256
494257
494258
494259
494260
494261
494262
494263
494264
494265
494266
494267
494268
494269
494270
494271
494272
494273
494274
494275
494276
494277
494488
494489
494490
494491
494492
494493
494494
494495
494496
494497
494498
494499
494500
494501
494502
494503
494504
494505
494506
494507
494508
494509
494510
494511
495526
495527
495528
495529
495530
495531
495532
495533
495534
495535
495536
495537
495538
495539
495540
495541
495542
495543
495544
495545
495546
495547
495548
495549
495760
495761
495762
495763
495764
495765
495766
495767
495768
495769
495770
495771
495772
495773
495774
495775
495776
495777
495778
495779
495780
495781
495782
495783
496798
496799
496800
496801
496802
496803
496804
496805
496806
496807
496808
496809
496810
496811
496812
496813
496814
496815
496816
496817
496818
496819
496820
496821
497032
497033
497034
497035
497036
497037
497038
497039
497040
497041
497042
497043
497044
497045
497046
497047
497048
497049
497050
497051
497052
497053
497054
497055
498070
498071
498072
498073
498074
498075
498076
498077
498078
498079
498080
498081
498082
498083
498084
498085
498086
498087
498088
498089
498090
498091
498092
498093
498304
498305
498306
498307
498308
498309
498310
498311
498312
498313
498314
498315
498316
498317
498318
498319
498320
498321
498322
498323
498324
498325
498326
498327
499342
499343
499344
499345
499346
499347
499348
499349
499350
499351
499352
499353
499354
499355
499356
499357
499358
499359
499360
499361
499362
499363
499364
499365
499576
499577
499578
499579
499580
499581
499582
499583
499584
499585
499586
499587
499588
499589
499590
499591
499592
499593
499594
499595
499596
499597
499598
499599
500614
500615
500616
500617
500618
500619
500620
500621
500622
500623
500624
500625
500626
500627
500628
500629
500630
500631
500632
500633
500634
500635
500636
500637
500848
500849
500850
500851
500852
500853
500854
500855
500856
500857
500858
500859
500860
500861
500862
500863
500864
500865
500866
500867
500868
500869
500870
500871
501886
501887
501888
501889
501890
501891
501892
501893
501894
501895
501896
501897
501898
501899
501900
501901
501902
501903
501904
501905
501906
501907
501908
501909
502120
502121
502122
502123
502124
502125
502126
502127
502128
502129
502130
502131
502132
502133
502134
502135
502136
502137
502138
502139
502140
502141
502142
502143
503158
503159
503160
503161
503162
503163
503164
503165
503166
503167
503168
503169
503170
503171
503172
503173
503174
503175
503176
503177
503178
503179
503180
503181
503392
503393
503394
503395
503396
503397
503398
503399
503400
503401
503402
503403
503404
503405
503406
503407
503408
503409
503410
503411
503412
503413
503414
503415
504418
504419
504420
504421
504422
504423
504424
504425
504426
504427
504428
504429
504430
504431
504432
504433
504434
504435
504634
504635
504636
504637
504638
504639
504640
504641
504642
504643
504644
504645
504646
504647
504648
504649
504650
504651
516293
516294
516295
516296
516297
516315
516316
516317
516318
516319
516320
516321
516338
516339
516340
516341
516342
516343
516344
516345
516360
516361
516362
516363
516364
516365
516366
516367
516368
516383
516384
516385
516386
516387
516388
516389
516390
516391
516406
516407
516408
516409
516410
516411
516412
516413
516414
516430
516431
516432
516433
516434
516435
516436
516437
516454
516455
516456
516457
516458
516459
516478
516479
516480
526292
526293
526295
526296
526298
526299
526319
526321
526322
526323
526324
526325
526326
526327
526328
526329
526330
526331
526332
526333
526334
526335
526338
526361
526363
526364
526365
526366
526367
526368
526371
526387
526388
526389
526391
526392
526408
526409
526410
526411
526412
526413
526429
526430
526431
526432
526433
526434
526450
526451
526453
526455
526468
526471
526472
526473
526474
526475
526476
526492
526495
526496
526497
526498
526499
526500
526501
526502
526503
526504
526505
526506
526507
526508
526509
526537
526540
526543
526795
526796
526797
526798
526799
526800
526807
526808
526809
526810
526811
526812
-868
-869
871
876
881
883
-888
1211
1212
-1251
-1253
1573
1574
-1623
-1907
1944
1946
-2227
2266
-2548
2587
2899
-2944
-2945
-3251
-3252
3292
3293
-3613
-3614
3620
3638
3639
-3985
-3990
-3995
-8712
-8713
8716
8722
8728
8730
-8736
9079
9080
-9123
-9125
9456
9457
-9508
-9802
9842
9844
-10136
10178
-10471
10513
10836
-10883
-10884
-11208
-11209
11254
11255
-11594
-11595
11602
11624
11625
-11987
-11993
-11999
-16897
-16898
16901
16907
16913
16915
-16921
17264
17265
-17308
-17310
17641
17642
-17693
-17987
18027
18029
-18321
18363
-18656
18698
19021
-19068
-19069
-19393
-19394
19439
19440
-19779
-19780
19787
19809
19810
-20172
-20178
-20184
-25082
-25083
25086
25092
25098
25100
-25106
25449
25450
-25493
-25495
25826
25827
-25878
-26172
26212
26214
-26506
26548
-26841
26883
27206
-27253
-27254
-27578
-27579
27624
27625
-27964
-27965
27972
27994
27995
-28357
-28363
-28369
-33267
-33268
33271
33277
33283
33285
-33291
33634
33635
-33678
-33680
34011
34012
-34063
-34357
34397
34399
-34691
34733
-35026
35068
35391
-35438
-35439
-35763
-35764
35809
35810
-36149
-36150
36157
36179
36180
-36542
-36548
-36554
-41452
-41453
41456
41462
41468
41470
-41476
41819
41820
-41863
-41865
42196
42197
-42248
-42542
42582
42584
-42876
42918
-43211
43253
43576
-43623
-43624
-43948
-43949
43994
43995
-44334
-44335
44342
44364
44365
-44727
-44733
-44739
-49637
-49638
49641
49647
49653
49655
-49661
50004
50005
-50048
-50050
50381
50382
-50433
-50727
50767
50769
-51061
51103
-51396
51438
51761
-51808
-51809
-52133
-52134
52179
52180
-52519
-52520
52527
52549
52550
-52912
-52918
-52924
-57822
-57823
57826
57832
57838
57840
-57846
58189
58190
-58233
-58235
58566
58567
-58618
-58912
58952
58954
-59246
59288
-59581
59623
59946
-59993
-59994
-60318
-60319
60364
60365
-60704
-60705
60712
60734
60735
-61097
-61103
-61109
-66007
-66008
66011
66017
66023
66025
-66031
66374
66375
-66418
-66420
66751
66752
-66803
-67097
67137
67139
-67431
67473
-67766
67808
68131
-68178
-68179
-68503
-68504
68549
68550
-68889
-68890
68897
68919
68920
-69282
-69288
-69294
-74192
-74193
74196
74202
74208
74210
-74216
74559
74560
-74603
-74605
74936
74937
-74988
-75282
75322
75324
-75616
75658
-75951
75993
76316
-76363
-76364
-76688
-76689
76734
76735
-77074
-77075
77082
77104
77105
-77467
-77473
-77479
-82377
-82378
82381
82387
82393
82395
-82401
82744
82745
-82788
-82790
83121
83122
-83173
-83467
83507
83509
-83801
83843
-84136
84178
84501
-84548
-84549
-84873
-84874
84919
84920
-85259
-85260
85267
85289
85290
-85652
-85658
-85664
-90562
-90563
90566
90572
90578
90580
-90586
90929
90930
-90973
-90975
91306
91307
-91358
-91652
91692
91694
-91986
92028
-92321
92363
92686
-92733
-92734
-93058
-93059
93104
93105
-93444
-93445
93452
93474
93475
-93837
-93843
-93849
-98747
-98748
98751
98757
98763
98765
-98771
99114
99115
-99158
-99160
99491
99492
-99543
-99837
99877
99879
-100171
100213
-100506
100548
100871
-100918
-100919
-101243
-101244
101289
101290
-101629
-101630
101637
101659
101660
-102022
-102028
-102034
-106932
-106933
106936
106942
106948
106950
-106956
107299
107300
-107343
-107345
107676
107677
-107728
-108022
108062
108064
-108356
108398
-108691
108733
109056
-109103
-109104
-109428
-109429
109474
109475
-109814
-109815
109822
109844
109845
-110207
-110213
-110219
-115117
-115118
115121
115127
115133
115135
-115141
115484
115485
-115528
-115530
115861
115862
-115913
-116207
116247
116249
-116541
116583
-116876
116918
117241
-117288
-117289
-117613
-117614
117659
117660
-117999
-118000
118007
118029
118030
-118392
-118398
-118404
-123302
-123303
123306
123312
123318
123320
-123326
123669
123670
-123713
-123715
124046
124047
-124098
-124392
124432
124434
-124726
124768
-125061
125103
125426
-125473
-125474
-125798
-125799
125844
125845
-126184
-126185
126192
126214
126215
-126577
-126583
-126589
-131487
-131488
131491
131497
131503
131505
-131511
131854
131855
-131898
-131900
132231
132232
-132283
-132577
132617
132619
-132911
132953
-133246
133288
133611
-133658
-133659
-133983
-133984
134029
134030
-134369
-134370
134377
134399
134400
-134762
-134768
-134774
-139672
-139673
139676
139682
139688
139690
-139696
140039
140040
-140083
-140085
140416
140417
-140468
-140762
140802
140804
-141096
141138
-141431
141473
141796
-141843
-141844
-142168
-142169
142214
142215
-142554
-142555
142562
142584
142585
-142947
-142953
-142959
-147857
-147858
147861
147867
147873
147875
-147881
148224
148225
-148268
-148270
148601
148602
-148653
-148947
148987
148989
-149281
149323
-149616
149658
149981
-150028
-150029
-150353
-150354
150399
150400
-150739
-150740
150747
150769
150770
-151132
-151138
-151144
-156042
-156043
156046
156052
156058
156060
-156066
156409
156410
-156453
-156455
156786
156787
-156838
-157132
157172
157174
-157466
157508
-157801
157843
158166
-158213
-158214
-158538
-158539
158584
158585
-158924
-158925
158932
158954
158955
-159317
-159323
-159329
-164227
-164228
164231
164237
164243
164245
-164251
164594
164595
-164638
-164640
164971
164972
-165023
-165317
165357
165359
-165651
165693
-165986
166028
166351
-166398
-166399
-166723
-166724
166769
166770
-167109
-167110
167117
167139
167140
-167502
-167508
-167514
-172412
-172413
172416
172422
172428
172430
-172436
172779
172780
-172823
-172825
173156
173157
-173208
-173502
173542
173544
-173836
173878
-174171
174213
174536
-174583
-174584
-174908
-174909
174954
174955
-175294
-175295
175302
175324
175325
-175687
-175693
-175699
-180597
-180598
180601
180607
180613
180615
-180621
180964
180965
-181008
-181010
181341
181342
-181393
-181687
181727
181729
-182021
182063
-182356
182398
182721
-182768
-182769
-183093
-183094
183139
183140
-183479
-183480
183487
183509
183510
-183872
-183878
-183884
-188782
-188783
188786
188792
188798
188800
-188806
189149
189150
-189193
-189195
189526
189527
-189578
-189872
189912
189914
-190206
190248
-190541
190583
190906
-190953
-190954
-191278
-191279
191324
191325
-191664
-191665
191672
191694
191695
-192057
-192063
-192069
-196967
-196968
196971
196977
196983
196985
-196991
197334
197335
-197378
-197380
197711
197712
-197763
-198057
198097
198099
-198391
198433
-198726
198768
199091
-199138
-199139
-199463
-199464
199509
199510
-199849
-199850
199857
199879
199880
-200242
-200248
-200254
-205152
-205153
205156
205162
205168
205170
-205176
205519
205520
-205563
-205565
205896
205897
-205948
-206242
206282
206284
-206576
206618
-206911
206953
207276
-207323
-207324
-207648
-207649
207694
207695
-208034
-208035
208042
208064
208065
-208427
-208433
-208439
-213337
-213338
213341
213347
213353
213355
-213361
213704
213705
-213748
-213750
214081
214082
-214133
-214427
214467
214469
-214761
214803
-215096
215138
215461
-215508
-215509
-215833
-215834
215879
215880
-216219
-216220
216227
216249
216250
-216612
-216618
-216624
-221522
-221523
221526
221532
221538
221540
-221546
221889
221890
-221933
-221935
222266
222267
-222318
-222612
222652
222654
-222946
222988
-223281
223323
223646
-223693
-223694
-224018
-224019
224064
224065
-224404
-224405
224412
224434
224435
-224797
-224803
-224809
-229707
-229708
229711
229717
229723
229725
-229731
230074
230075
-230118
-230120
230451
230452
-230503
-230797
230837
230839
-231131
231173
-231466
231508
231831
-231878
-231879
-232203
-232204
232249
232250
-232589
-232590
232597
232619
232620
-232982
-232988
-232994
-237892
-237893
237896
237902
237908
237910
-237916
238259
238260
-238303
-238305
238636
238637
-238688
-238982
239022
239024
-239316
239358
-239651
239693
240016
-240063
-240064
-240388
-240389
240434
240435
-240774
-240775
240782
240804
240805
-241167
-241173
-241179
-246077
-246078
246081
246087
246093
246095
-246101
246456
246457
-246506
-246508
246875
246876
-246945
-247275
247333
247335
-247663
247723
-248052
248112
248471
-248536
-248537
-248873
-248874
248925
248926
-249265
-249266
249273
249295
249296
-249658
-249664
-249670
-254874
-254875
254878
254884
254890
254892
-254898
255221
255222
-255255
-255257
255568
255569
-255610
-255916
255962
255964
-256268
256316
-256621
256669
256980
-257021
-257022
-257338
-257339
257380
257381
-257724
-257725
257733
257756
257757
-258119
-258125
-258131
-262997
-262998
263005
263007
263011
263013
263015
263017
263019
-263022
263349
263350
263353
263360
263366
263372
263378
263382
-263385
-263387
263710
263711
263714
263721
263727
263733
263739
263745
263751
263755
-263758
-264076
264085
264091
264097
264103
264109
264115
264121
264127
264128
264129
264131
-264446
264455
264461
264467
264473
264479
264485
264491
264497
264499
264501
-264817
264826
264832
264838
264844
264850
264856
264862
264868
264870
264872
265193
265196
265204
265210
265216
265222
265228
265234
265237
-265241
-265242
-265562
-265563
265571
265579
265585
265591
265597
265600
265606
265607
265608
-265950
-265951
265958
265959
265965
265971
265977
265982
265983
265984
-266345
-266351
-266357
-291211
-291215
291219
291239
291241
291243
291245
291263
291265
291267
291269
291287
291289
291291
291293
-291310
291315
291317
291338
291339
-291342
-291550
-291554
291558
291578
291581
291583
291599
291602
291605
291626
291627
-291630
-291828
-291829
291842
291845
291847
291863
291866
291869
291870
291998
-292000
292003
292021
292022
292136
-292138
292141
292159
292160
292274
-292276
292279
292280
292297
292298
-292499
292511
292515
292517
292535
292539
292542
292543
292544
292768
292769
-292776
292793
292797
292799
292817
292821
292824
292825
292826
293146
293147
293171
-293174
293177
293180
293195
293199
293201
293203
293219
293223
293225
293227
293242
293243
293246
293247
-295913
-295925
-295933
-295940
-295943
-295951
-295958
-295961
-295976
-296203
-296206
-296216
-296220
-296221
-296234
-296235
-296275
296282
-296284
296296
-296299
-296302
296308
-296311
-296470
-296473
-296483
-296484
-296487
-296488
296520
296530
-296533
-296536
296542
-296545
-296704
-296705
-296710
-296716
-296717
296739
296744
296749
-296766
-296913
-296918
-296923
296964
296969
296974
-297123
-297128
-297133
297174
297179
297184
-297333
297337
-297338
-297343
297347
297384
297389
297394
297395
-297543
-297548
-297553
297567
297576
297577
297581
297586
297587
297760
-297766
-297768
297771
-297778
297794
297805
297806
297817
297818
297827
297828
298072
-298080
298083
-298096
298100
298102
-298108
298112
298120
298127
298130
298138
298145
298148
298150
298153
298161
298165
298166
298178
298179
-300968
-300980
-300988
-300995
-300998
-301006
-301013
-301016
-301031
-301258
-301261
-301271
-301275
-301276
-301289
-301290
-301330
301337
-301339
301351
-301354
-301357
301363
-301366
-301525
-301528
-301538
-301539
-301542
-301543
301575
301585
-301588
-301591
301597
-301600
-301759
-301760
-301765
-301771
-301772
301794
301799
301804
-301821
-301968
-301973
-301978
302019
302024
302029
-302178
-302183
-302188
302229
302234
302239
-302388
302392
-302393
-302398
302402
302439
302444
302449
302450
-302598
-302603
-302608
302622
302631
302632
302636
302641
302642
302815
-302821
-302823
302826
-302833
302849
302860
302861
302872
302873
302882
302883
303127
-303135
303138
-303151
303155
303157
-303163
303167
303175
303182
303185
303193
303200
303203
303205
303208
303216
303220
303221
303233
303234
-306023
-306035
-306043
-306050
-306053
-306061
-306068
-306071
-306086
-306313
-306316
-306326
-306330
-306331
-306344
-306345
-306385
306392
-306394
306406
-306409
-306412
306418
-306421
-306580
-306583
-306593
-306594
-306597
-306598
306630
306640
-306643
-306646
306652
-306655
-306814
-306815
-306820
-306826
-306827
306849
306854
306859
-306876
-307023
-307028
-307033
307074
307079
307084
-307233
-307238
-307243
307284
307289
307294
-307443
307447
-307448
-307453
307457
307494
307499
307504
307505
-307653
-307658
-307663
307677
307686
307687
307691
307696
307697
307870
-307876
-307878
307881
-307888
307904
307915
307916
307927
307928
307937
307938
308182
-308190
308193
-308206
308210
308212
-308218
308222
308230
308237
308240
308248
308255
308258
308260
308263
308271
308275
308276
308288
308289
-311078
-311090
-311098
-311105
-311108
-311116
-311123
-311126
-311141
-311368
-311371
-311381
-311385
-311386
-311399
-311400
-311440
311447
-311449
311461
-311464
-311467
311473
-311476
-311635
-311638
-311648
-311649
-311652
-311653
311685
311695
-311698
-311701
311707
-311710
-311869
-311870
-311875
-311881
-311882
311904
311909
311914
-311931
-312078
-312083
-312088
312129
312134
312139
-312288
-312293
-312298
312339
312344
312349
-312498
312502
-312503
-312508
312512
312549
312554
312559
312560
-312708
-312713
-312718
312732
312741
312742
312746
312751
312752
312925
-312931
-312933
312936
-312943
312959
312970
312971
312982
312983
312992
312993
313237
-313245
313248
-313261
313265
313267
-313273
313277
313285
313292
313295
313303
313310
313313
313315
313318
313326
313330
313331
313343
313344
-316133
-316145
-316153
-316160
-316163
-316171
-316178
-316181
-316196
-316423
-316426
-316436
-316440
-316441
-316454
-316455
-316495
316502
-316504
316516
-316519
-316522
316528
-316531
-316690
-316693
-316703
-316704
-316707
-316708
316740
316750
-316753
-316756
316762
-316765
-316924
-316925
-316930
-316936
-316937
316959
316964
316969
-316986
-317133
-317138
-317143
317184
317189
317194
-317343
-317348
-317353
317394
317399
317404
-317553
317557
-317558
-317563
317567
317604
317609
317614
317615
-317763
-317768
-317773
317787
317796
317797
317801
317806
317807
317980
-317986
-317988
317991
-317998
318014
318025
318026
318037
318038
318047
318048
318292
-318300
318303
-318316
318320
318322
-318328
318332
318340
318347
318350
318358
318365
318368
318370
318373
318381
318385
318386
318398
318399
-321188
-321200
-321208
-321215
-321218
-321226
-321233
-321236
-321251
-321478
-321481
-321491
-321495
-321496
-321509
-321510
-321550
321557
-321559
321571
-321574
-321577
321583
-321586
-321745
-321748
-321758
-321759
-321762
-321763
321795
321805
-321808
-321811
321817
-321820
-321979
-321980
-321985
-321991
-321992
322014
322019
322024
-322041
-322188
-322193
-322198
322239
322244
322249
-322398
-322403
-322408
322449
322454
322459
-322608
322612
-322613
-322618
322622
322659
322664
322669
322670
-322818
-322823
-322828
322842
322851
322852
322856
322861
322862
323035
-323041
-323043
323046
-323053
323069
323080
323081
323092
323093
323102
323103
323347
-323355
323358
-323371
323375
323377
-323383
323387
323395
323402
323405
323413
323420
323423
323425
323428
323436
323440
323441
323453
323454
-326243
-326255
-326263
-326270
-326273
-326281
-326288
-326291
-326306
-326533
-326536
-326546
-326550
-326551
-326564
-326565
-326605
326612
-326614
326626
-326629
-326632
326638
-326641
-326800
-326803
-326813
-326814
-326817
-326818
326850
326860
-326863
-326866
326872
-326875
-327034
-327035
-327040
-327046
-327047
327069
327074
327079
-327096
-327243
-327248
-327253
327294
327299
327304
-327453
-327458
-327463
327504
327509
327514
-327663
327667
-327668
-327673
327677
327714
327719
327724
327725
-327873
-327878
-327883
327897
327906
327907
327911
327916
327917
328090
-328096
-328098
328101
-328108
328124
328135
328136
328147
328148
328157
328158
328402
-328410
328413
-328426
328430
328432
-328438
328442
328450
328457
328460
328468
328475
328478
328480
328483
328491
328495
328496
328508
328509
-331298
-331310
-331318
-331325
-331328
-331336
-331343
-331346
-331361
-331588
-331591
-331601
-331605
-331606
-331619
-331620
-331660
331667
-331669
331681
-331684
-331687
331693
-331696
-331855
-331858
-331868
-331869
-331872
-331873
331905
331915
-331918
-331921
331927
-331930
-332089
-332090
-332095
-332101
-332102
332124
332129
332134
-332151
-332298
-332303
-332308
332349
332354
332359
-332508
-332513
-332518
332559
332564
332569
-332718
332722
-332723
-332728
332732
332769
332774
332779
332780
-332928
-332933
-332938
332952
332961
332962
332966
332971
332972
333145
-333151
-333153
333156
-333163
333179
333190
333191
333202
333203
333212
333213
333457
-333465
333468
-333481
333485
333487
-333493
333497
333505
333512
333515
333523
333530
333533
333535
333538
333546
333550
333551
333563
333564
-336353
-336365
-336373
-336380
-336383
-336391
-336398
-336401
-336416
-336643
-336646
-336656
-336660
-336661
-336674
-336675
-336715
336722
-336724
336736
-336739
-336742
336748
-336751
-336910
-336913
-336923
-336924
-336927
-336928
336960
336970
-336973
-336976
336982
-336985
-337144
-337145
-337150
-337156
-337157
337179
337184
337189
-337206
-337353
-337358
-337363
337404
337409
337414
-337563
-337568
-337573
337614
337619
337624
-337773
337777
-337778
-337783
337787
337824
337829
337834
337835
-337983
-337988
-337993
338007
338016
338017
338021
338026
338027
338200
-338206
-338208
338211
-338218
338234
338245
338246
338257
338258
338267
338268
338512
-338520
338523
-338536
338540
338542
-338548
338552
338560
338567
338570
338578
338585
338588
338590
338593
338601
338605
338606
338618
338619
-341408
-341420
-341428
-341435
-341438
-341446
-341453
-341456
-341471
-341698
-341701
-341711
-341715
-341716
-341729
-341730
-341770
341777
-341779
341791
-341794
-341797
341803
-341806
-341965
-341968
-341978
-341979
-341982
-341983
342015
342025
-342028
-342031
342037
-342040
-342199
-342200
-342205
-342211
-342212
342234
342239
342244
-342261
-342408
-342413
-342418
342459
342464
342469
-342618
-342623
-342628
342669
342674
342679
-342828
342832
-342833
-342838
342842
342879
342884
342889
342890
-343038
-343043
-343048
343062
343071
343072
343076
343081
343082
343255
-343261
-343263
343266
-343273
343289
343300
343301
343312
343313
343322
343323
343567
-343575
343578
-343591
343595
343597
-343603
343607
343615
343622
343625
343633
343640
343643
343645
343648
343656
343660
343661
343673
343674
-346463
-346475
-346483
-346490
-346493
-346501
-346508
-346511
-346526
-346753
-346756
-346766
-346770
-346771
-346784
-346785
-346825
346832
-346834
346846
-346849
-346852
346858
-346861
-347020
-347023
-347033
-347034
-347037
-347038
347070
347080
-347083
-347086
347092
-347095
-347254
-347255
-347260
-347266
-347267
347289
347294
347299
-347316
-347463
-347468
-347473
347514
347519
347524
-347673
-347678
-347683
347724
347729
347734
-347883
347887
-347888
-347893
347897
347934
347939
347944
347945
-348093
-348098
-348103
348117
348126
348127
348131
348136
348137
348310
-348316
-348318
348321
-348328
348344
348355
348356
348367
348368
348377
348378
348622
-348630
348633
-348646
348650
348652
-348658
348662
348670
348677
348680
348688
348695
348698
348700
348703
348711
348715
348716
348728
348729
-351518
-351530
-351538
-351545
-351548
-351556
-351563
-351566
-351581
-351808
-351811
-351821
-351825
-351826
-351839
-351840
-351880
351887
-351889
351901
-351904
-351907
351913
-351916
-352075
-352078
-352088
-352089
-352092
-352093
352125
352135
-352138
-352141
352147
-352150
-352309
-352310
-352315
-352321
-352322
352344
352349
352354
-352371
-352518
-352523
-352528
352569
352574
352579
-352728
-352733
-352738
352779
352784
352789
-352938
352942
-352943
-352948
352952
352989
352994
352999
353000
-353148
-353153
-353158
353172
353181
353182
353186
353191
353192
353365
-353371
-353373
353376
-353383
353399
353410
353411
353422
353423
353432
353433
353677
-353685
353688
-353701
353705
353707
-353713
353717
353725
353732
353735
353743
353750
353753
353755
353758
353766
353770
353771
353783
353784
-356573
-356585
-356593
-356600
-356603
-356611
-356618
-356621
-356636
-356863
-356866
-356876
-356880
-356881
-356894
-356895
-356935
356942
-356944
356956
-356959
-356962
356968
-356971
-357130
-357133
-357143
-357144
-357147
-357148
357180
357190
-357193
-357196
357202
-357205
-357364
-357365
-357370
-357376
-357377
357399
357404
357409
-357426
-357573
-357578
-357583
357624
357629
357634
-357783
-357788
-357793
357834
357839
357844
-357993
357997
-357998
-358003
358007
358044
358049
358054
358055
-358203
-358208
-358213
358227
358236
358237
358241
358246
358247
358420
-358426
-358428
358431
-358438
358454
358465
358466
358477
358478
358487
358488
358732
-358740
358743
-358756
358760
358762
-358768
358772
358780
358787
358790
358798
358805
358808
358810
358813
358821
358825
358826
358838
358839
-361628
-361640
-361648
-361655
-361658
-361666
-361673
-361676
-361691
-361918
-361921
-361931
-361935
-361936
-361949
-361950
-361990
361997
-361999
362011
-362014
-362017
362023
-362026
-362185
-362188
-362198
-362199
-362202
-362203
362235
362245
-362248
-362251
362257
-362260
-362419
-362420
-362425
-362431
-362432
362454
362459
362464
-362481
-362628
-362633
-362638
362679
362684
362689
-362838
-362843
-362848
362889
362894
362899
-363048
363052
-363053
-363058
363062
363099
363104
363109
363110
-363258
-363263
-363268
363282
363291
363292
363296
363301
363302
363475
-363481
-363483
363486
-363493
363509
363520
363521
363532
363533
363542
363543
363787
-363795
363798
-363811
363815
363817
-363823
363827
363835
363842
363845
363853
363860
363863
363865
363868
363876
363880
363881
363893
363894
-366683
-366695
-366703
-366710
-366713
-366721
-366728
-366731
-366746
-366973
-366976
-366986
-366990
-366991
-367004
-367005
-367045
367052
-367054
367066
-367069
-367072
367078
-367081
-367240
-367243
-367253
-367254
-367257
-367258
367290
367300
-367303
-367306
367312
-367315
-367474
-367475
-367480
-367486
-367487
367509
367514
367519
-367536
-367683
-367688
-367693
367734
367739
367744
-367893
-367898
-367903
367944
367949
367954
-368103
368107
-368108
-368113
368117
368154
368159
368164
368165
-368313
-368318
-368323
368337
368346
368347
368351
368356
368357
368530
-368536
-368538
368541
-368548
368564
368575
368576
368587
368588
368597
368598
368842
-368850
368853
-368866
368870
368872
-368878
368882
368890
368897
368900
368908
368915
368918
368920
368923
368931
368935
368936
368948
368949
-371738
-371750
-371758
-371765
-371768
-371776
-371783
-371786
-371801
-372028
-372031
-372041
-372045
-372046
-372059
-372060
-372100
372107
-372109
372121
-372124
-372127
372133
-372136
-372295
-372298
-372308
-372309
-372312
-372313
372345
372355
-372358
-372361
372367
-372370
-372529
-372530
-372535
-372541
-372542
372564
372569
372574
-372591
-372738
-372743
-372748
372789
372794
372799
-372948
-372953
-372958
372999
373004
373009
-373158
373162
-373163
-373168
373172
373209
373214
373219
373220
-373368
-373373
-373378
373392
373401
373402
373406
373411
373412
373585
-373591
-373593
373596
-373603
373619
373630
373631
373642
373643
373652
373653
373897
-373905
373908
-373921
373925
373927
-373933
373937
373945
373952
373955
373963
373970
373973
373975
373978
373986
373990
373991
374003
374004
-376793
-376805
-376813
-376820
-376823
-376831
-376838
-376841
-376856
-377083
-377086
-377096
-377100
-377101
-377114
-377115
-377155
377162
-377164
377176
-377179
-377182
377188
-377191
-377350
-377353
-377363
-377364
-377367
-377368
377400
377410
-377413
-377416
377422
-377425
-377584
-377585
-377590
-377596
-377597
377619
377624
377629
-377646
-377793
-377798
-377803
377844
377849
377854
-378003
-378008
-378013
378054
378059
378064
-378213
378217
-378218
-378223
378227
378264
378269
378274
378275
-378423
-378428
-378433
378447
378456
378457
378461
378466
378467
378640
-378646
-378648
378651
-378658
378674
378685
378686
378697
378698
378707
378708
378952
-378960
378963
-378976
378980
378982
-378988
378992
379000
379007
379010
379018
379025
379028
379030
379033
379041
379045
379046
379058
379059
-381848
-381860
-381868
-381875
-381878
-381886
-381893
-381896
-381911
-382138
-382141
-382151
-382155
-382156
-382169
-382170
-382210
382217
-382219
382231
-382234
-382237
382243
-382246
-382405
-382408
-382418
-382419
-382422
-382423
382455
382465
-382468
-382471
382477
-382480
-382639
-382640
-382645
-382651
-382652
382674
382679
382684
-382701
-382848
-382853
-382858
382899
382904
382909
-383058
-383063
-383068
383109
383114
383119
-383268
383272
-383273
-383278
383282
383319
383324
383329
383330
-383478
-383483
-383488
383502
383511
383512
383516
383521
383522
383695
-383701
-383703
383706
-383713
383729
383740
383741
383752
383753
383762
383763
384007
-384015
384018
-384031
384035
384037
-384043
384047
384055
384062
384065
384073
384080
384083
384085
384088
384096
384100
384101
384113
384114
-386903
-386915
-386923
-386930
-386933
-386941
-386948
-386951
-386966
-387193
-387196
-387206
-387210
-387211
-387224
-387225
-387265
387272
-387274
387286
-387289
-387292
387298
-387301
-387460
-387463
-387473
-387474
-387477
-387478
387510
387520
-387523
-387526
387532
-387535
-387694
-387695
-387700
-387706
-387707
387729
387734
387739
-387756
-387903
-387908
-387913
387954
387959
387964
-388113
-388118
-388123
388164
388169
388174
-388323
388327
-388328
-388333
388337
388374
388379
388384
388385
-388533
-388538
-388543
388557
388566
388567
388571
388576
388577
388750
-388756
-388758
388761
-388768
388784
388795
388796
388807
388808
388817
388818
389062
-389070
389073
-389086
389090
389092
-389098
389102
389110
389117
389120
389128
389135
389138
389140
389143
389151
389155
389156
389168
389169
-391958
-391970
-391978
-391985
-391988
-391996
-392003
-392006
-392021
-392248
-392251
-392261
-392265
-392266
-392279
-392280
-392320
392327
-392329
392341
-392344
-392347
392353
-392356
-392515
-392518
-392528
-392529
-392532
-392533
392565
392575
-392578
-392581
392587
-392590
-392749
-392750
-392755
-392761
-392762
392784
392789
392794
-392811
-392958
-392963
-392968
393009
393014
393019
-393168
-393173
-393178
393219
393224
393229
-393378
393382
-393383
-393388
393392
393429
393434
393439
393440
-393588
-393593
-393598
393612
393621
393622
393626
393631
393632
393805
-393811
-393813
393816
-393823
393839
393850
393851
393862
393863
393872
393873
394117
-394125
394128
-394141
394145
394147
-394153
394157
394165
394172
394175
394183
394190
394193
394195
394198
394206
394210
394211
394223
394224
-397013
-397025
-397033
-397040
-397043
-397051
-397058
-397061
-397076
-397303
-397306
-397316
-397320
-397321
-397334
-397335
-397375
397382
-397384
397396
-397399
-397402
397408
-397411
-397570
-397573
-397583
-397584
-397587
-397588
397620
397630
-397633
-397636
397642
-397645
-397804
-397805
-397810
-397816
-397817
397839
397844
397849
-397866
-398013
-398018
-398023
398064
398069
398074
-398223
-398228
-398233
398274
398279
398284
-398433
398437
-398438
-398443
398447
398484
398489
398494
398495
-398643
-398648
-398653
398667
398676
398677
398681
398686
398687
398860
-398866
-398868
398871
-398878
398894
398905
398906
398917
398918
398927
398928
399172
-399180
399183
-399196
399200
399202
-399208
399212
399220
399227
399230
399238
399245
399248
399250
399253
399261
399265
399266
399278
399279
-402068
-402080
-402088
-402095
-402098
-402106
-402113
-402116
-402131
-402358
-402361
-402371
-402375
-402376
-402389
-402390
-402430
402437
-402439
402451
-402454
-402457
402463
-402466
-402625
-402628
-402638
-402639
-402642
-402643
402675
402685
-402688
-402691
402697
-402700
-402859
-402860
-402865
-402871
-402872
402894
402899
402904
-402921
-403068
-403073
-403078
403119
403124
403129
-403278
-403283
-403288
403329
403334
403339
-403488
403492
-403493
-403498
403502
403539
403544
403549
403550
-403698
-403703
-403708
403722
403731
403732
403736
403741
403742
403915
-403921
-403923
403926
-403933
403949
403960
403961
403972
403973
403982
403983
404227
-404235
404238
-404251
404255
404257
-404263
404267
404275
404282
404285
404293
404300
404303
404305
404308
404316
404320
404321
404333
404334
-407123
-407135
-407143
-407150
-407153
-407161
-407168
-407171
-407186
-407413
-407416
-407426
-407430
-407431
-407444
-407445
-407485
407492
-407494
407506
-407509
-407512
407518
-407521
-407680
-407683
-407693
-407694
-407697
-407698
407730
407740
-407743
-407746
407752
-407755
-407914
-407915
-407920
-407926
-407927
407949
407954
407959
-407976
-408123
-408128
-408133
408174
408179
408184
-408333
-408338
-408343
408384
408389
408394
-408543
408547
-408548
-408553
408557
408594
408599
408604
408605
-408753
-408758
-408763
408777
408786
408787
408791
408796
408797
408970
-408976
-408978
408981
-408988
409004
409015
409016
409027
409028
409037
409038
409282
-409290
409293
-409306
409310
409312
-409318
409322
409330
409337
409340
409348
409355
409358
409360
409363
409371
409375
409376
409388
409389
-412178
-412190
-412198
-412205
-412208
-412216
-412223
-412226
-412241
-412468
-412471
-412481
-412485
-412486
-412499
-412500
-412540
412547
-412549
412561
-412564
-412567
412573
-412576
-412735
-412738
-412748
-412749
-412752
-412753
412785
412795
-412798
-412801
412807
-412810
-412969
-412970
-412975
-412981
-412982
413004
413009
413014
-413031
-413178
-413183
-413188
413229
413234
413239
-413388
-413393
-413398
413439
413444
413449
-413598
413602
-413603
-413608
413612
413649
413654
413659
413660
-413808
-413813
-413818
413832
413841
413842
413846
413851
413852
414025
-414031
-414033
414036
-414043
414059
414070
414071
414082
414083
414092
414093
414337
-414345
414348
-414361
414365
414367
-414373
414377
414385
414392
414395
414403
414410
414413
414415
414418
414426
414430
414431
414443
414444
-417233
-417245
-417253
-417260
-417263
-417271
-417278
-417281
-417296
-417523
-417526
-417536
-417540
-417541
-417554
-417555
-417595
417602
-417604
417616
-417619
-417622
417628
-417631
-417790
-417793
-417803
-417804
-417807
-417808
417840
417850
-417853
-417856
417862
-417865
-418024
-418025
-418030
-418036
-418037
418059
418064
418069
-418086
-418233
-418238
-418243
418284
418289
418294
-418443
-418448
-418453
418494
418499
418504
-418653
418657
-418658
-418663
418667
418704
418709
418714
418715
-418863
-418868
-418873
418887
418896
418897
418901
418906
418907
419080
-419086
-419088
419091
-419098
419114
419125
419126
419137
419138
419147
419148
419392
-419400
419403
-419416
419420
419422
-419428
419432
419440
419447
419450
419458
419465
419468
419470
419473
419481
419485
419486
419498
419499
-422288
-422300
-422308
-422315
-422318
-422326
-422333
-422336
-422351
-422578
-422581
-422591
-422595
-422596
-422609
-422610
-422650
422657
-422659
422671
-422674
-422677
422683
-422686
-422845
-422848
-422858
-422859
-422862
-422863
422895
422905
-422908
-422911
422917
-422920
-423079
-423080
-423085
-423091
-423092
423114
423119
423124
-423141
-423288
-423293
-423298
423339
423344
423349
-423498
-423503
-423508
423549
423554
423559
-423708
423712
-423713
-423718
423722
423759
423764
423769
423770
-423918
-423923
-423928
423942
423951
423952
423956
423961
423962
424135
-424141
-424143
424146
-424153
424169
424180
424181
424192
424193
424202
424203
424447
-424455
424458
-424471
424475
424477
-424483
424487
424495
424502
424505
424513
424520
424523
424525
424528
424536
424540
424541
424553
424554
-427343
-427355
-427363
-427370
-427373
-427381
-427388
-427391
-427406
-427633
-427636
-427646
-427650
-427651
-427664
-427665
-427705
427712
-427714
427726
-427729
-427732
427738
-427741
-427900
-427903
-427913
-427914
-427917
-427918
427950
427960
-427963
-427966
427972
-427975
-428134
-428135
-428140
-428146
-428147
428169
428174
428179
-428196
-428343
-428348
-428353
428394
428399
428404
-428553
-428558
-428563
428604
428609
428614
-428763
428767
-428768
-428773
428777
428814
428819
428824
428825
-428973
-428978
-428983
428997
429006
429007
429011
429016
429017
429190
-429196
-429198
429201
-429208
429224
429235
429236
429247
429248
429257
429258
429502
-429510
429513
-429526
429530
429532
-429538
429542
429550
429557
429560
429568
429575
429578
429580
429583
429591
429595
429596
429608
429609
-432398
-432410
-432418
-432425
-432428
-432436
-432443
-432446
-432461
-432688
-432691
-432701
-432705
-432706
-432719
-432720
-432760
432767
-432769
432781
-432784
-432787
432793
-432796
-432955
-432958
-432968
-432969
-432972
-432973
433005
433015
-433018
-433021
433027
-433030
-433189
-433190
-433195
-433201
-433202
433224
433229
433234
-433251
-433398
-433403
-433408
433449
433454
433459
-433608
-433613
-433618
433659
433664
433669
-433818
433822
-433823
-433828
433832
433869
433874
433879
433880
-434028
-434033
-434038
434052
434061
434062
434066
434071
434072
434245
-434251
-434253
434256
-434263
434279
434290
434291
434302
434303
434312
434313
434557
-434565
434568
-434581
434585
434587
-434593
434597
434605
434612
434615
434623
434630
434633
434635
434638
434646
434650
434651
434663
434664
-437453
-437465
-437473
-437480
-437483
-437491
-437498
-437501
-437516
-437743
-437746
-437756
-437760
-437761
-437774
-437775
-437815
437822
-437824
437836
-437839
-437842
437848
-437851
-438010
-438013
-438023
-438024
-438027
-438028
438060
438070
-438073
-438076
438082
-438085
-438244
-438245
-438250
-438256
-438257
438279
438284
438289
-438306
-438453
-438458
-438463
438504
438509
438514
-438663
-438668
-438673
438714
438719
438724
-438873
438877
-438878
-438883
438887
438924
438929
438934
438935
-439083
-439088
-439093
439107
439116
439117
439121
439126
439127
439300
-439306
-439308
439311
-439318
439334
439345
439346
439357
439358
439367
439368
439612
-439620
439623
-439636
439640
439642
-439648
439652
439660
439667
439670
439678
439685
439688
439690
439693
439701
439705
439706
439718
439719
-442508
-442520
-442528
-442535
-442538
-442546
-442553
-442556
-442571
-442798
-442801
-442811
-442815
-442816
-442829
-442830
-442870
442877
-442879
442891
-442894
-442897
442903
-442906
-443065
-443068
-443078
-443079
-443082
-443083
443115
443125
-443128
-443131
443137
-443140
-443299
-443300
-443305
-443311
-443312
443334
443339
443344
-443361
-443508
-443513
-443518
443559
443564
443569
-443718
-443723
-443728
443769
443774
443779
-443928
443932
-443933
-443938
443942
443979
443984
443989
443990
-444138
-444143
-444148
444162
444171
444172
444176
444181
444182
444355
-444361
-444363
444366
-444373
444389
444400
444401
444412
444413
444422
444423
444667
-444675
444678
-444691
444695
444697
-444703
444707
444715
444722
444725
444733
444740
444743
444745
444748
444756
444760
444761
444773
444774
-447563
-447575
-447583
-447590
-447593
-447601
-447608
-447611
-447626
-447853
-447856
-447866
-447870
-447871
-447884
-447885
-447925
447932
-447934
447946
-447949
-447952
447958
-447961
-448120
-448123
-448133
-448134
-448137
-448138
448170
448180
-448183
-448186
448192
-448195
-448354
-448355
-448360
-448366
-448367
448389
448394
448399
-448416
-448563
-448568
-448573
448614
448619
448624
-448773
-448778
-448783
448824
448829
448834
-448983
448987
-448988
-448993
448997
449034
449039
449044
449045
-449193
-449198
-449203
449217
449226
449227
449231
449236
449237
449410
-449416
-449418
449421
-449428
449444
449455
449456
449467
449468
449477
449478
449722
-449730
449733
-449746
449750
449752
-449758
449762
449770
449777
449780
449788
449795
449798
449800
449803
449811
449815
449816
449828
449829
-452618
-452630
-452638
-452645
-452648
-452656
-452663
-452666
-452681
-452884
-452887
-452897
-452900
-452901
-452912
-452913
-452950
452957
-452959
452968
-452971
-452974
452979
-452981
-453277
-453280
-453290
-453291
-453293
-453294
453401
453409
-453412
-453415
453420
-453422
-453778
-453779
-453784
-453788
-453789
453918
453923
453926
-453941
-454296
-454301
-454305
454455
454460
454464
-454821
-454826
-454830
454980
454985
454989
-455346
455350
-455351
-455355
455358
455505
455510
455514
455515
-455859
-455864
-455867
455881
455997
455998
456002
456005
456006
456301
-456307
-456309
456312
-456317
456331
456417
456418
456425
456426
456434
456435
456628
-456636
456639
-456648
456652
456654
-456657
456660
456667
456673
456675
456682
456688
456690
456691
456693
456700
456702
456703
456713
456714
461444
461446
461447
461462
461464
461465
461480
461482
461483
461498
461500
461501
461723
461725
461726
461741
461743
461744
461759
461761
461762
461777
461779
461780
461795
461797
461798
461813
461815
461816
462110
462112
462113
462128
462130
462131
462146
462148
462149
462164
462166
462167
462182
462184
462185
462200
462202
462203
462218
462220
462221
462236
462238
462239
462533
462535
462536
462551
462553
462554
462569
462571
462572
462587
462589
462590
462605
462607
462608
462623
462625
462626
462641
462643
462644
462659
462661
462662
462944
462946
462947
462959
462961
462962
462977
462979
462980
462995
462997
462998
463013
463015
463016
463031
463033
463034
463049
463051
463052
463067
463069
463070
463277
463279
463280
463292
463294
463295
463310
463312
463313
463328
463330
463331
463346
463348
463349
463364
463366
463367
463490
463492
463493
463505
463507
463508
463520
463522
463523
463535
463537
463538
)


// ************************************************************************* //
