/*--------------------------------*- C++ -*----------------------------------*\
| =========                 |                                                 |
| \\      /  F ield         | OpenFOAM: The Open Source CFD Toolbox           |
|  \\    /   O peration     | Version:  2606                                  |
|   \\  /    A nd           | Website:  www.openfoam.com                      |
|    \\/     M anipulation  |                                                 |
\*---------------------------------------------------------------------------*/
FoamFile
{
    version     2.0;
    format      ascii;
    arch        "LSB;label=32;scalar=64";
    class       faceList;
    location    "constant/cell2/polyMesh";
    object      faces;
}
// * * * * * * * * * * * * * * * * * * * * * * * * * * * * * * * * * * * * * //


31591
(
4(0 3928 8283 3927)
4(8277 3926 12250 2692)
4(12250 3927 8283 2692)
4(8283 3928 8277 2692)
4(1 3931 8286 3930)
4(8278 3929 12252 2693)
4(12252 3930 8286 2693)
4(8286 3931 8278 2693)
4(2 3934 8289 3933)
4(12254 3933 8289 2694)
4(8289 3934 8279 2694)
4(8281 3936 12245 2697)
4(12245 3937 8297 2697)
4(8297 3938 8281 2697)
4(4 3939 8284 3941)
4(4 3941 8300 3940)
4(8284 3939 13134 12270)
4(13134 3940 8300 12270)
4(8300 3941 8284 12270)
5(6 14 88 80 3945)
5(13 12397 87 88 14)
6(79 4072 80 88 87 12406)
4(5 3942 8287 3943)
4(6 3945 8287 3942)
4(79 3943 8287 4072)
4(80 4072 8287 3945)
4(5 3943 12766 12394)
4(13 12394 12766 12397)
4(79 12406 12766 3943)
4(87 12397 12766 12406)
4(7 12395 12769 3947)
5(14 88 89 12399 15)
6(80 4074 81 12407 89 88)
4(6 3944 8290 3945)
4(7 3947 8290 3944)
4(80 3945 8290 4074)
4(81 4074 8290 3947)
4(15 12399 12769 12395)
4(81 3947 12769 12407)
4(89 12407 12769 12399)
4(7 3946 8293 3947)
4(8293 3946 13136 12271)
4(13136 12395 12769 12271)
4(12769 3947 8293 12271)
4(8 3948 8295 3950)
4(8295 3948 12257 2698)
4(12257 3949 8303 2698)
4(8303 3950 8295 2698)
4(8 3950 8303 3949)
4(8298 3953 12238 2700)
4(12238 3954 8309 2700)
4(8309 3955 8298 2700)
5(12 21 95 86 3959)
5(20 3972 94 95 21)
6(85 4086 86 95 94 4087)
4(11 3956 8301 3958)
4(12 3959 8301 3956)
4(85 3958 8301 4086)
4(86 4086 8301 3959)
4(11 3958 8311 3957)
4(20 3957 8311 3972)
4(85 4087 8311 3958)
4(94 3972 8311 4087)
5(13 22 96 87 12397)
4(21 95 96 22)
5(86 12408 87 96 95)
4(12 12396 12767 3959)
4(13 12397 12767 12396)
4(86 3959 12767 12408)
4(87 12408 12767 12397)
4(14 23 97 88)
4(22 96 97 23)
4(87 88 97 96)
5(15 24 98 89 12399)
4(23 97 98 24)
4(88 89 98 97)
5(16 25 99 90 3961)
4(24 98 99 25)
5(89 12410 90 99 98)
4(15 12398 12770 12399)
4(16 3961 12770 12398)
4(89 12399 12770 12410)
4(90 12410 12770 3961)
4(17 3963 8314 3964)
5(25 99 100 3975 26)
6(90 4090 91 4093 100 99)
4(16 3960 8305 3961)
4(17 3964 8305 3960)
4(90 3961 8305 4090)
4(91 4090 8305 3964)
4(26 3975 8314 3963)
4(91 3964 8314 4093)
4(100 4093 8314 3975)
4(17 3962 8307 3964)
4(8307 3962 12261 2701)
4(12261 3963 8314 2701)
4(8314 3964 8307 2701)
4(19 3968 8312 3970)
4(19 3970 8319 3969)
4(8312 3968 12239 2703)
4(12239 3969 8319 2703)
4(8319 3970 8312 2703)
4(21 30 104 95)
5(29 3984 103 104 30)
5(94 95 104 103 4101)
4(20 3972 8322 3971)
4(29 3971 8322 3984)
4(94 4101 8322 3972)
4(103 3984 8322 4101)
4(22 31 105 96)
4(30 104 105 31)
4(95 96 105 104)
4(23 32 106 97)
4(31 105 106 32)
4(96 97 106 105)
4(24 33 107 98)
4(32 106 107 33)
4(97 98 107 106)
4(25 34 108 99)
4(33 107 108 34)
4(98 99 108 107)
4(26 3974 8325 3975)
5(34 108 109 3987 35)
5(99 100 4104 109 108)
4(35 3987 8325 3974)
4(100 3975 8325 4104)
4(109 4104 8325 3987)
4(26 3973 8316 3975)
4(8316 3973 12262 2704)
4(12262 3974 8325 2704)
4(8325 3975 8316 2704)
4(27 3978 8326 3977)
4(12267 3977 8326 2705)
4(8326 3978 8318 2705)
4(28 3980 8323 3982)
4(28 3982 8331 3981)
4(8323 3980 12240 2707)
4(12240 3981 8331 2707)
4(8331 3982 8323 2707)
4(30 39 113 104)
5(38 3996 112 113 39)
5(103 104 113 112 4113)
4(29 3984 8334 3983)
4(38 3983 8334 3996)
4(103 4113 8334 3984)
4(112 3996 8334 4113)
4(31 40 114 105)
4(39 113 114 40)
4(104 105 114 113)
4(32 41 115 106)
4(40 114 115 41)
4(105 106 115 114)
4(33 42 116 107)
4(41 115 116 42)
4(106 107 116 115)
4(34 43 117 108)
4(42 116 117 43)
4(107 108 117 116)
4(35 3986 8337 3987)
5(43 117 118 3999 44)
5(108 109 4116 118 117)
4(44 3999 8337 3986)
4(109 3987 8337 4116)
4(118 4116 8337 3999)
4(35 3985 8327 3987)
4(8327 3985 12263 2708)
4(12263 3986 8337 2708)
4(8337 3987 8327 2708)
4(36 3988 8329 3990)
4(36 3990 8338 3989)
4(12268 3989 8338 2709)
4(8338 3990 8329 2709)
4(37 3992 8335 3994)
4(37 3994 8343 3993)
4(8335 3992 12241 2711)
4(12241 3993 8343 2711)
4(8343 3994 8335 2711)
4(39 48 122 113)
5(47 4008 121 122 48)
5(112 113 122 121 4125)
4(38 3996 8346 3995)
4(47 3995 8346 4008)
4(112 4125 8346 3996)
4(121 4008 8346 4125)
4(40 49 123 114)
4(48 122 123 49)
4(113 114 123 122)
4(41 50 124 115)
4(49 123 124 50)
4(114 115 124 123)
4(42 51 125 116)
4(50 124 125 51)
4(115 116 125 124)
4(43 52 126 117)
4(51 125 126 52)
4(116 117 126 125)
4(44 3998 8349 3999)
5(52 126 127 4011 53)
5(117 118 4128 127 126)
4(53 4011 8349 3998)
4(118 3999 8349 4128)
4(127 4128 8349 4011)
4(44 3997 8339 3999)
4(8339 3997 12264 2712)
4(12264 3998 8349 2712)
4(8349 3999 8339 2712)
4(45 4000 8341 4002)
4(45 4002 8350 4001)
4(12269 4001 8350 2713)
4(8350 4002 8341 2713)
4(46 4004 8347 4006)
4(8347 4004 12242 2714)
4(12242 4005 8355 2714)
4(8355 4006 8347 2714)
5(48 57 4021 131 122)
4(56 4019 8359 4017)
6(121 122 131 4147 130 4137)
4(47 4008 8356 4007)
4(56 4007 8356 4019)
4(121 4137 8356 4008)
4(130 4019 8356 4137)
4(57 4017 8359 4021)
4(130 4147 8359 4019)
4(131 4021 8359 4147)
5(49 58 12402 132 123)
4(57 4021 12772 12400)
5(122 123 132 12412 131)
4(58 12400 12772 12402)
4(131 12412 12772 4021)
4(132 12402 12772 12412)
4(50 59 133 124)
5(58 12402 132 133 59)
4(123 124 133 132)
5(51 60 12405 134 125)
5(59 133 134 12405 60)
4(124 125 134 133)
5(52 61 4024 135 126)
4(60 12405 12773 12403)
5(125 126 135 12415 134)
4(61 12403 12773 4024)
4(134 12415 12773 12405)
4(135 4024 12773 12415)
4(53 4010 8360 4011)
4(61 4024 8361 4022)
6(126 127 4140 136 4152 135)
4(62 4027 8360 4010)
4(127 4011 8360 4140)
4(136 4140 8360 4027)
4(62 4022 8361 4027)
4(135 4152 8361 4024)
4(136 4027 8361 4152)
4(53 4009 8351 4011)
4(8351 4009 12265 2715)
4(12265 4010 8360 2715)
4(8360 4011 8351 2715)
4(56 4019 8365 4018)
4(8359 4017 12246 2717)
4(12246 4018 8365 2717)
4(8365 4019 8359 2717)
4(57 4021 8367 4020)
4(12772 12400 13135 12272)
4(13135 4020 8367 12272)
4(8367 4021 12772 12272)
5(59 67 4039 141 133)
4(66 4036 8371 4034)
6(132 133 141 4164 140 12413)
4(67 4034 8371 4039)
4(140 4164 8371 4036)
4(141 4039 8371 4164)
4(58 12402 12774 12401)
4(66 12401 12774 4036)
4(132 12413 12774 12402)
4(140 4036 12774 12413)
4(60 12404 12776 12405)
4(67 4039 8372 4037)
6(133 134 12416 142 4167 141)
4(68 4037 8372 4042)
4(141 4167 8372 4039)
4(142 4042 8372 4167)
4(68 4042 12776 12404)
4(134 12405 12776 12416)
4(142 12416 12776 4042)
4(12773 12403 13137 12273)
4(13137 12404 12776 12273)
4(12776 12405 12773 12273)
4(8361 4022 12258 2718)
4(12258 4023 8373 2718)
4(8373 4024 8361 2718)
4(61 4024 8373 4023)
4(62 4025 8363 4027)
4(62 4027 8375 4026)
4(8375 4027 8363 2719)
4(65 4033 8379 4032)
4(8370 4031 12249 2721)
4(8379 4033 8370 2721)
4(65 4031 8370 4033)
4(66 4036 8381 4035)
4(8371 4034 12251 2722)
4(12251 4035 8381 2722)
4(8381 4036 8371 2722)
4(67 4039 8384 4038)
4(8372 4037 12253 2723)
4(12253 4038 8384 2723)
4(8384 4039 8372 2723)
4(68 4042 8387 4041)
4(8374 4040 12255 2724)
4(12255 4041 8387 2724)
4(8387 4042 8374 2724)
4(68 4040 8374 4042)
4(69 4043 8376 4045)
4(69 4045 8390 4044)
4(8390 4045 8376 2725)
4(74 4057 8288 4056)
4(74 4058 8401 4057)
4(8395 4056 8288 2728)
4(8288 4057 8401 2728)
4(8401 4058 8395 2728)
4(75 4060 8291 4059)
4(75 4061 8404 4060)
4(8396 4059 8291 2729)
4(8291 4060 8404 2729)
4(8404 4061 8396 2729)
4(76 4063 8294 4062)
4(76 4064 8407 4063)
4(8294 4063 8407 2730)
4(8407 4064 8397 2730)
4(77 4067 8302 4066)
4(8399 4066 8302 2733)
4(8302 4067 8415 2733)
4(8415 4068 8399 2733)
4(78 4069 8402 4071)
4(78 4071 8418 4070)
4(78 4070 12768 4069)
4(8402 4069 12768 12274)
4(12768 4070 8418 12274)
4(8418 4071 8402 12274)
5(80 88 162 154 4075)
5(87 12409 161 162 88)
6(153 4202 154 162 161 12418)
4(79 4072 8405 4073)
4(80 4075 8405 4072)
4(153 4073 8405 4202)
4(154 4202 8405 4075)
4(79 4073 12778 12406)
4(87 12406 12778 12409)
4(153 12418 12778 4073)
4(161 12409 12778 12418)
4(81 12407 12781 4077)
5(88 162 163 12411 89)
6(154 4204 155 12419 163 162)
4(80 4074 8408 4075)
4(81 4077 8408 4074)
4(154 4075 8408 4204)
4(155 4204 8408 4077)
4(89 12411 12781 12407)
4(155 4077 12781 12419)
4(163 12419 12781 12411)
4(81 4076 8411 4077)
4(81 12407 12771 4076)
4(8411 4076 12771 12275)
4(12771 12407 12781 12275)
4(12781 4077 8411 12275)
4(82 4079 8306 4078)
4(82 4078 8413 4080)
4(8413 4078 8306 2734)
4(8306 4079 8421 2734)
4(8421 4080 8413 2734)
4(82 4080 8421 4079)
4(84 4084 8313 4083)
4(8416 4083 8313 2736)
4(8313 4084 8427 2736)
4(8427 4085 8416 2736)
5(86 95 169 160 4089)
5(94 4102 168 169 95)
6(159 4216 160 169 168 4217)
4(85 4086 8419 4088)
4(86 4089 8419 4086)
4(159 4088 8419 4216)
4(160 4216 8419 4089)
4(85 4088 8429 4087)
4(94 4087 8429 4102)
4(159 4217 8429 4088)
4(168 4102 8429 4217)
5(87 96 170 161 12409)
4(95 169 170 96)
5(160 12420 161 170 169)
4(86 12408 12779 4089)
4(87 12409 12779 12408)
4(160 4089 12779 12420)
4(161 12420 12779 12409)
4(88 97 171 162)
4(96 170 171 97)
4(161 162 171 170)
5(89 98 172 163 12411)
4(97 171 172 98)
4(162 163 172 171)
5(90 99 173 164 4091)
4(98 172 173 99)
5(163 12422 164 173 172)
4(89 12410 12782 12411)
4(90 4091 12782 12410)
4(163 12411 12782 12422)
4(164 12422 12782 4091)
4(91 4093 8432 4094)
5(99 173 174 4105 100)
6(164 4220 165 4223 174 173)
4(90 4090 8423 4091)
4(91 4094 8423 4090)
4(164 4091 8423 4220)
4(165 4220 8423 4094)
4(100 4105 8432 4093)
4(165 4094 8432 4223)
4(174 4223 8432 4105)
4(91 4093 8317 4092)
4(91 4092 8425 4094)
4(8425 4092 8317 2737)
4(8317 4093 8432 2737)
4(8432 4094 8425 2737)
4(93 4099 8324 4098)
4(93 4098 8430 4100)
4(93 4100 8437 4099)
4(8430 4098 8324 2739)
4(8324 4099 8437 2739)
4(8437 4100 8430 2739)
4(95 104 178 169)
5(103 4114 177 178 104)
5(168 169 178 177 4231)
4(94 4102 8440 4101)
4(103 4101 8440 4114)
4(168 4231 8440 4102)
4(177 4114 8440 4231)
4(96 105 179 170)
4(104 178 179 105)
4(169 170 179 178)
4(97 106 180 171)
4(105 179 180 106)
4(170 171 180 179)
4(98 107 181 172)
4(106 180 181 107)
4(171 172 181 180)
4(99 108 182 173)
4(107 181 182 108)
4(172 173 182 181)
4(100 4104 8443 4105)
5(108 182 183 4117 109)
5(173 174 4234 183 182)
4(109 4117 8443 4104)
4(174 4105 8443 4234)
4(183 4234 8443 4117)
4(100 4104 8328 4103)
4(100 4103 8434 4105)
4(8434 4103 8328 2740)
4(8328 4104 8443 2740)
4(8443 4105 8434 2740)
4(101 4107 8330 4106)
4(101 4108 8444 4107)
4(8330 4107 8444 2741)
4(8444 4108 8436 2741)
4(102 4111 8336 4110)
4(102 4110 8441 4112)
4(102 4112 8449 4111)
4(8441 4110 8336 2743)
4(8336 4111 8449 2743)
4(8449 4112 8441 2743)
4(104 113 187 178)
5(112 4126 186 187 113)
5(177 178 187 186 4243)
4(103 4114 8452 4113)
4(112 4113 8452 4126)
4(177 4243 8452 4114)
4(186 4126 8452 4243)
4(105 114 188 179)
4(113 187 188 114)
4(178 179 188 187)
4(106 115 189 180)
4(114 188 189 115)
4(179 180 189 188)
4(107 116 190 181)
4(115 189 190 116)
4(180 181 190 189)
4(108 117 191 182)
4(116 190 191 117)
4(181 182 191 190)
4(109 4116 8455 4117)
5(117 191 192 4129 118)
5(182 183 4246 192 191)
4(118 4129 8455 4116)
4(183 4117 8455 4246)
4(192 4246 8455 4129)
4(109 4116 8340 4115)
4(109 4115 8445 4117)
4(8445 4115 8340 2744)
4(8340 4116 8455 2744)
4(8455 4117 8445 2744)
4(110 4119 8342 4118)
4(110 4118 8447 4120)
4(110 4120 8456 4119)
4(8342 4119 8456 2745)
4(8456 4120 8447 2745)
4(111 4123 8348 4122)
4(111 4122 8453 4124)
4(111 4124 8461 4123)
4(8453 4122 8348 2747)
4(8348 4123 8461 2747)
4(8461 4124 8453 2747)
4(113 122 196 187)
5(121 4138 195 196 122)
5(186 187 196 195 4255)
4(112 4126 8464 4125)
4(121 4125 8464 4138)
4(186 4255 8464 4126)
4(195 4138 8464 4255)
4(114 123 197 188)
4(122 196 197 123)
4(187 188 197 196)
4(115 124 198 189)
4(123 197 198 124)
4(188 189 198 197)
4(116 125 199 190)
4(124 198 199 125)
4(189 190 199 198)
4(117 126 200 191)
4(125 199 200 126)
4(190 191 200 199)
4(118 4128 8467 4129)
5(126 200 201 4141 127)
5(191 192 4258 201 200)
4(127 4141 8467 4128)
4(192 4129 8467 4258)
4(201 4258 8467 4141)
4(118 4128 8352 4127)
4(118 4127 8457 4129)
4(8457 4127 8352 2748)
4(8352 4128 8467 2748)
4(8467 4129 8457 2748)
4(119 4131 8354 4130)
4(119 4130 8459 4132)
4(119 4132 8468 4131)
4(8354 4131 8468 2749)
4(8468 4132 8459 2749)
4(120 4135 8358 4134)
4(120 4134 8465 4136)
4(8465 4134 8358 2750)
4(8358 4135 8473 2750)
4(8473 4136 8465 2750)
5(122 131 4151 205 196)
4(130 4149 8477 4147)
6(195 196 205 4277 204 4267)
4(121 4138 8474 4137)
4(130 4137 8474 4149)
4(195 4267 8474 4138)
4(204 4149 8474 4267)
4(131 4147 8477 4151)
4(204 4277 8477 4149)
4(205 4151 8477 4277)
5(123 132 12414 206 197)
4(131 4151 12784 12412)
5(196 197 206 12424 205)
4(132 12412 12784 12414)
4(205 12424 12784 4151)
4(206 12414 12784 12424)
4(124 133 207 198)
5(132 12414 206 207 133)
4(197 198 207 206)
5(125 134 12417 208 199)
5(133 207 208 12417 134)
4(198 199 208 207)
5(126 135 4154 209 200)
4(134 12417 12785 12415)
5(199 200 209 12427 208)
4(135 12415 12785 4154)
4(208 12427 12785 12417)
4(209 4154 12785 12427)
4(127 4140 8478 4141)
4(135 4154 8479 4152)
6(200 201 4270 210 4282 209)
4(136 4157 8478 4140)
4(201 4141 8478 4270)
4(210 4270 8478 4157)
4(136 4152 8479 4157)
4(209 4282 8479 4154)
4(210 4157 8479 4282)
4(127 4140 8364 4139)
4(127 4139 8469 4141)
4(8469 4139 8364 2751)
4(8364 4140 8478 2751)
4(8478 4141 8469 2751)
4(130 4148 8369 4147)
4(130 4149 8483 4148)
4(8477 4147 8369 2753)
4(8369 4148 8483 2753)
4(8483 4149 8477 2753)
4(131 4151 8485 4150)
4(131 4150 12775 12412)
4(12784 12412 12775 12276)
4(12775 4150 8485 12276)
4(8485 4151 12784 12276)
5(133 141 4169 215 207)
4(140 4166 8489 4164)
6(206 207 215 4294 214 12425)
4(141 4164 8489 4169)
4(214 4294 8489 4166)
4(215 4169 8489 4294)
4(132 12414 12786 12413)
4(140 12413 12786 4166)
4(206 12425 12786 12414)
4(214 4166 12786 12425)
4(134 12416 12788 12417)
4(141 4169 8490 4167)
6(207 208 12428 216 4297 215)
4(142 4167 8490 4172)
4(215 4297 8490 4169)
4(216 4172 8490 4297)
4(142 4172 12788 12416)
4(208 12417 12788 12428)
4(216 12428 12788 4172)
4(134 12416 12777 12415)
4(12785 12415 12777 12277)
4(12777 12416 12788 12277)
4(12788 12417 12785 12277)
4(135 4153 8377 4152)
4(8479 4152 8377 2754)
4(8377 4153 8491 2754)
4(8491 4154 8479 2754)
4(135 4154 8491 4153)
4(136 4156 8378 4155)
4(136 4155 8481 4157)
4(136 4157 8493 4156)
4(8493 4157 8481 2755)
4(139 4162 8383 4161)
4(139 4163 8497 4162)
4(8488 4161 8383 2757)
4(8497 4163 8488 2757)
4(139 4161 8488 4163)
4(140 4165 8386 4164)
4(140 4166 8499 4165)
4(8489 4164 8386 2758)
4(8386 4165 8499 2758)
4(8499 4166 8489 2758)
4(141 4168 8389 4167)
4(141 4169 8502 4168)
4(8490 4167 8389 2759)
4(8389 4168 8502 2759)
4(8502 4169 8490 2759)
4(142 4171 8392 4170)
4(142 4172 8505 4171)
4(8492 4170 8392 2760)
4(8392 4171 8505 2760)
4(8505 4172 8492 2760)
4(142 4170 8492 4172)
4(143 4174 8393 4173)
4(143 4173 8494 4175)
4(143 4175 8508 4174)
4(8508 4175 8494 2761)
4(148 4187 8406 4186)
4(148 4188 8519 4187)
4(8513 4186 8406 2764)
4(8406 4187 8519 2764)
4(8519 4188 8513 2764)
4(149 4190 8409 4189)
4(149 4191 8522 4190)
4(8514 4189 8409 2765)
4(8409 4190 8522 2765)
4(8522 4191 8514 2765)
4(150 4193 8412 4192)
4(150 4194 8525 4193)
4(8412 4193 8525 2766)
4(8525 4194 8515 2766)
4(151 4197 8420 4196)
4(8517 4196 8420 2769)
4(8420 4197 8533 2769)
4(8533 4198 8517 2769)
4(152 4199 8520 4201)
4(152 4201 8536 4200)
4(152 4200 12780 4199)
4(8520 4199 12780 12278)
4(12780 4200 8536 12278)
4(8536 4201 8520 12278)
5(154 162 236 228 4205)
5(161 12421 235 236 162)
6(227 4332 228 236 235 12430)
4(153 4202 8523 4203)
4(154 4205 8523 4202)
4(227 4203 8523 4332)
4(228 4332 8523 4205)
4(153 4203 12790 12418)
4(161 12418 12790 12421)
4(227 12430 12790 4203)
4(235 12421 12790 12430)
4(155 12419 12793 4207)
5(162 236 237 12423 163)
6(228 4334 229 12431 237 236)
4(154 4204 8526 4205)
4(155 4207 8526 4204)
4(228 4205 8526 4334)
4(229 4334 8526 4207)
4(163 12423 12793 12419)
4(229 4207 12793 12431)
4(237 12431 12793 12423)
4(155 4206 8529 4207)
4(155 12419 12783 4206)
4(8529 4206 12783 12279)
4(12783 12419 12793 12279)
4(12793 4207 8529 12279)
4(156 4209 8424 4208)
4(156 4208 8531 4210)
4(8531 4208 8424 2770)
4(8424 4209 8539 2770)
4(8539 4210 8531 2770)
4(156 4210 8539 4209)
4(158 4214 8431 4213)
4(8534 4213 8431 2772)
4(8431 4214 8545 2772)
4(8545 4215 8534 2772)
5(160 169 243 234 4219)
5(168 4232 242 243 169)
6(233 4346 234 243 242 4347)
4(159 4216 8537 4218)
4(160 4219 8537 4216)
4(233 4218 8537 4346)
4(234 4346 8537 4219)
4(159 4218 8547 4217)
4(168 4217 8547 4232)
4(233 4347 8547 4218)
4(242 4232 8547 4347)
5(161 170 244 235 12421)
4(169 243 244 170)
5(234 12432 235 244 243)
4(160 12420 12791 4219)
4(161 12421 12791 12420)
4(234 4219 12791 12432)
4(235 12432 12791 12421)
4(162 171 245 236)
4(170 244 245 171)
4(235 236 245 244)
5(163 172 246 237 12423)
4(171 245 246 172)
4(236 237 246 245)
5(164 173 247 238 4221)
4(172 246 247 173)
5(237 12434 238 247 246)
4(163 12422 12794 12423)
4(164 4221 12794 12422)
4(237 12423 12794 12434)
4(238 12434 12794 4221)
4(165 4223 8550 4224)
5(173 247 248 4235 174)
6(238 4350 239 4353 248 247)
4(164 4220 8541 4221)
4(165 4224 8541 4220)
4(238 4221 8541 4350)
4(239 4350 8541 4224)
4(174 4235 8550 4223)
4(239 4224 8550 4353)
4(248 4353 8550 4235)
4(165 4223 8435 4222)
4(165 4222 8543 4224)
4(8543 4222 8435 2773)
4(8435 4223 8550 2773)
4(8550 4224 8543 2773)
4(167 4229 8442 4228)
4(167 4228 8548 4230)
4(167 4230 8555 4229)
4(8548 4228 8442 2775)
4(8442 4229 8555 2775)
4(8555 4230 8548 2775)
4(169 178 252 243)
5(177 4244 251 252 178)
5(242 243 252 251 4361)
4(168 4232 8558 4231)
4(177 4231 8558 4244)
4(242 4361 8558 4232)
4(251 4244 8558 4361)
4(170 179 253 244)
4(178 252 253 179)
4(243 244 253 252)
4(171 180 254 245)
4(179 253 254 180)
4(244 245 254 253)
4(172 181 255 246)
4(180 254 255 181)
4(245 246 255 254)
4(173 182 256 247)
4(181 255 256 182)
4(246 247 256 255)
4(174 4234 8561 4235)
5(182 256 257 4247 183)
5(247 248 4364 257 256)
4(183 4247 8561 4234)
4(248 4235 8561 4364)
4(257 4364 8561 4247)
4(174 4234 8446 4233)
4(174 4233 8552 4235)
4(8552 4233 8446 2776)
4(8446 4234 8561 2776)
4(8561 4235 8552 2776)
4(175 4237 8448 4236)
4(175 4238 8562 4237)
4(8448 4237 8562 2777)
4(8562 4238 8554 2777)
4(176 4241 8454 4240)
4(176 4240 8559 4242)
4(176 4242 8567 4241)
4(8559 4240 8454 2779)
4(8454 4241 8567 2779)
4(8567 4242 8559 2779)
4(178 187 261 252)
5(186 4256 260 261 187)
5(251 252 261 260 4373)
4(177 4244 8570 4243)
4(186 4243 8570 4256)
4(251 4373 8570 4244)
4(260 4256 8570 4373)
4(179 188 262 253)
4(187 261 262 188)
4(252 253 262 261)
4(180 189 263 254)
4(188 262 263 189)
4(253 254 263 262)
4(181 190 264 255)
4(189 263 264 190)
4(254 255 264 263)
4(182 191 265 256)
4(190 264 265 191)
4(255 256 265 264)
4(183 4246 8573 4247)
5(191 265 266 4259 192)
5(256 257 4376 266 265)
4(192 4259 8573 4246)
4(257 4247 8573 4376)
4(266 4376 8573 4259)
4(183 4246 8458 4245)
4(183 4245 8563 4247)
4(8563 4245 8458 2780)
4(8458 4246 8573 2780)
4(8573 4247 8563 2780)
4(184 4249 8460 4248)
4(184 4248 8565 4250)
4(184 4250 8574 4249)
4(8460 4249 8574 2781)
4(8574 4250 8565 2781)
4(185 4253 8466 4252)
4(185 4252 8571 4254)
4(185 4254 8579 4253)
4(8571 4252 8466 2783)
4(8466 4253 8579 2783)
4(8579 4254 8571 2783)
4(187 196 270 261)
5(195 4268 269 270 196)
5(260 261 270 269 4385)
4(186 4256 8582 4255)
4(195 4255 8582 4268)
4(260 4385 8582 4256)
4(269 4268 8582 4385)
4(188 197 271 262)
4(196 270 271 197)
4(261 262 271 270)
4(189 198 272 263)
4(197 271 272 198)
4(262 263 272 271)
4(190 199 273 264)
4(198 272 273 199)
4(263 264 273 272)
4(191 200 274 265)
4(199 273 274 200)
4(264 265 274 273)
4(192 4258 8585 4259)
5(200 274 275 4271 201)
5(265 266 4388 275 274)
4(201 4271 8585 4258)
4(266 4259 8585 4388)
4(275 4388 8585 4271)
4(192 4258 8470 4257)
4(192 4257 8575 4259)
4(8575 4257 8470 2784)
4(8470 4258 8585 2784)
4(8585 4259 8575 2784)
4(193 4261 8472 4260)
4(193 4260 8577 4262)
4(193 4262 8586 4261)
4(8472 4261 8586 2785)
4(8586 4262 8577 2785)
4(194 4265 8476 4264)
4(194 4264 8583 4266)
4(8583 4264 8476 2786)
4(8476 4265 8591 2786)
4(8591 4266 8583 2786)
5(196 205 4281 279 270)
4(204 4279 8595 4277)
6(269 270 279 4407 278 4397)
4(195 4268 8592 4267)
4(204 4267 8592 4279)
4(269 4397 8592 4268)
4(278 4279 8592 4397)
4(205 4277 8595 4281)
4(278 4407 8595 4279)
4(279 4281 8595 4407)
5(197 206 12426 280 271)
4(205 4281 12796 12424)
5(270 271 280 12436 279)
4(206 12424 12796 12426)
4(279 12436 12796 4281)
4(280 12426 12796 12436)
4(198 207 281 272)
5(206 12426 280 281 207)
4(271 272 281 280)
5(199 208 12429 282 273)
5(207 281 282 12429 208)
4(272 273 282 281)
5(200 209 4284 283 274)
4(208 12429 12797 12427)
5(273 274 283 12439 282)
4(209 12427 12797 4284)
4(282 12439 12797 12429)
4(283 4284 12797 12439)
4(201 4270 8596 4271)
4(209 4284 8597 4282)
6(274 275 4400 284 4412 283)
4(210 4287 8596 4270)
4(275 4271 8596 4400)
4(284 4400 8596 4287)
4(210 4282 8597 4287)
4(283 4412 8597 4284)
4(284 4287 8597 4412)
4(201 4270 8482 4269)
4(201 4269 8587 4271)
4(8587 4269 8482 2787)
4(8482 4270 8596 2787)
4(8596 4271 8587 2787)
4(204 4278 8487 4277)
4(204 4279 8601 4278)
4(8595 4277 8487 2789)
4(8487 4278 8601 2789)
4(8601 4279 8595 2789)
4(205 4281 8603 4280)
4(205 4280 12787 12424)
4(12796 12424 12787 12280)
4(12787 4280 8603 12280)
4(8603 4281 12796 12280)
5(207 215 4299 289 281)
4(214 4296 8607 4294)
6(280 281 289 4424 288 12437)
4(215 4294 8607 4299)
4(288 4424 8607 4296)
4(289 4299 8607 4424)
4(206 12426 12798 12425)
4(214 12425 12798 4296)
4(280 12437 12798 12426)
4(288 4296 12798 12437)
4(208 12428 12800 12429)
4(215 4299 8608 4297)
6(281 282 12440 290 4427 289)
4(216 4297 8608 4302)
4(289 4427 8608 4299)
4(290 4302 8608 4427)
4(216 4302 12800 12428)
4(282 12429 12800 12440)
4(290 12440 12800 4302)
4(208 12428 12789 12427)
4(12797 12427 12789 12281)
4(12789 12428 12800 12281)
4(12800 12429 12797 12281)
4(209 4283 8495 4282)
4(8597 4282 8495 2790)
4(8495 4283 8609 2790)
4(8609 4284 8597 2790)
4(209 4284 8609 4283)
4(210 4286 8496 4285)
4(210 4285 8599 4287)
4(210 4287 8611 4286)
4(8611 4287 8599 2791)
4(213 4292 8501 4291)
4(213 4293 8615 4292)
4(8606 4291 8501 2793)
4(8615 4293 8606 2793)
4(213 4291 8606 4293)
4(214 4295 8504 4294)
4(214 4296 8617 4295)
4(8607 4294 8504 2794)
4(8504 4295 8617 2794)
4(8617 4296 8607 2794)
4(215 4298 8507 4297)
4(215 4299 8620 4298)
4(8608 4297 8507 2795)
4(8507 4298 8620 2795)
4(8620 4299 8608 2795)
4(216 4301 8510 4300)
4(216 4302 8623 4301)
4(8610 4300 8510 2796)
4(8510 4301 8623 2796)
4(8623 4302 8610 2796)
4(216 4300 8610 4302)
4(217 4304 8511 4303)
4(217 4303 8612 4305)
4(217 4305 8626 4304)
4(8626 4305 8612 2797)
4(222 4317 8524 4316)
4(222 4318 8637 4317)
4(8631 4316 8524 2800)
4(8524 4317 8637 2800)
4(8637 4318 8631 2800)
4(223 4320 8527 4319)
4(223 4321 8640 4320)
4(8632 4319 8527 2801)
4(8527 4320 8640 2801)
4(8640 4321 8632 2801)
4(224 4323 8530 4322)
4(224 4324 8643 4323)
4(8530 4323 8643 2802)
4(8643 4324 8633 2802)
4(225 4327 8538 4326)
4(8635 4326 8538 2805)
4(8538 4327 8651 2805)
4(8651 4328 8635 2805)
4(226 4329 8638 4331)
4(226 4331 8654 4330)
4(226 4330 12792 4329)
4(8638 4329 12792 12282)
4(12792 4330 8654 12282)
4(8654 4331 8638 12282)
5(228 236 310 302 4335)
5(235 12433 309 310 236)
6(301 4462 302 310 309 12442)
4(227 4332 8641 4333)
4(228 4335 8641 4332)
4(301 4333 8641 4462)
4(302 4462 8641 4335)
4(227 4333 12802 12430)
4(235 12430 12802 12433)
4(301 12442 12802 4333)
4(309 12433 12802 12442)
4(229 12431 12805 4337)
5(236 310 311 12435 237)
6(302 4464 303 12443 311 310)
4(228 4334 8644 4335)
4(229 4337 8644 4334)
4(302 4335 8644 4464)
4(303 4464 8644 4337)
4(237 12435 12805 12431)
4(303 4337 12805 12443)
4(311 12443 12805 12435)
4(229 4336 8647 4337)
4(229 12431 12795 4336)
4(8647 4336 12795 12283)
4(12795 12431 12805 12283)
4(12805 4337 8647 12283)
4(230 4339 8542 4338)
4(230 4338 8649 4340)
4(8649 4338 8542 2806)
4(8542 4339 8657 2806)
4(8657 4340 8649 2806)
4(230 4340 8657 4339)
4(232 4344 8549 4343)
4(8652 4343 8549 2808)
4(8549 4344 8663 2808)
4(8663 4345 8652 2808)
5(234 243 317 308 4349)
5(242 4362 316 317 243)
6(307 4476 308 317 316 4477)
4(233 4346 8655 4348)
4(234 4349 8655 4346)
4(307 4348 8655 4476)
4(308 4476 8655 4349)
4(233 4348 8665 4347)
4(242 4347 8665 4362)
4(307 4477 8665 4348)
4(316 4362 8665 4477)
5(235 244 318 309 12433)
4(243 317 318 244)
5(308 12444 309 318 317)
4(234 12432 12803 4349)
4(235 12433 12803 12432)
4(308 4349 12803 12444)
4(309 12444 12803 12433)
4(236 245 319 310)
4(244 318 319 245)
4(309 310 319 318)
5(237 246 320 311 12435)
4(245 319 320 246)
4(310 311 320 319)
5(238 247 321 312 4351)
4(246 320 321 247)
5(311 12446 312 321 320)
4(237 12434 12806 12435)
4(238 4351 12806 12434)
4(311 12435 12806 12446)
4(312 12446 12806 4351)
4(239 4353 8668 4354)
5(247 321 322 4365 248)
6(312 4480 313 4483 322 321)
4(238 4350 8659 4351)
4(239 4354 8659 4350)
4(312 4351 8659 4480)
4(313 4480 8659 4354)
4(248 4365 8668 4353)
4(313 4354 8668 4483)
4(322 4483 8668 4365)
4(239 4353 8553 4352)
4(239 4352 8661 4354)
4(8661 4352 8553 2809)
4(8553 4353 8668 2809)
4(8668 4354 8661 2809)
4(241 4359 8560 4358)
4(241 4358 8666 4360)
4(241 4360 8673 4359)
4(8666 4358 8560 2811)
4(8560 4359 8673 2811)
4(8673 4360 8666 2811)
4(243 252 326 317)
5(251 4374 325 326 252)
5(316 317 326 325 4491)
4(242 4362 8676 4361)
4(251 4361 8676 4374)
4(316 4491 8676 4362)
4(325 4374 8676 4491)
4(244 253 327 318)
4(252 326 327 253)
4(317 318 327 326)
4(245 254 328 319)
4(253 327 328 254)
4(318 319 328 327)
4(246 255 329 320)
4(254 328 329 255)
4(319 320 329 328)
4(247 256 330 321)
4(255 329 330 256)
4(320 321 330 329)
4(248 4364 8679 4365)
5(256 330 331 4377 257)
5(321 322 4494 331 330)
4(257 4377 8679 4364)
4(322 4365 8679 4494)
4(331 4494 8679 4377)
4(248 4364 8564 4363)
4(248 4363 8670 4365)
4(8670 4363 8564 2812)
4(8564 4364 8679 2812)
4(8679 4365 8670 2812)
4(249 4367 8566 4366)
4(249 4368 8680 4367)
4(8566 4367 8680 2813)
4(8680 4368 8672 2813)
4(250 4371 8572 4370)
4(250 4370 8677 4372)
4(250 4372 8685 4371)
4(8677 4370 8572 2815)
4(8572 4371 8685 2815)
4(8685 4372 8677 2815)
4(252 261 335 326)
5(260 4386 334 335 261)
5(325 326 335 334 4503)
4(251 4374 8688 4373)
4(260 4373 8688 4386)
4(325 4503 8688 4374)
4(334 4386 8688 4503)
4(253 262 336 327)
4(261 335 336 262)
4(326 327 336 335)
4(254 263 337 328)
4(262 336 337 263)
4(327 328 337 336)
4(255 264 338 329)
4(263 337 338 264)
4(328 329 338 337)
4(256 265 339 330)
4(264 338 339 265)
4(329 330 339 338)
4(257 4376 8691 4377)
5(265 339 340 4389 266)
5(330 331 4506 340 339)
4(266 4389 8691 4376)
4(331 4377 8691 4506)
4(340 4506 8691 4389)
4(257 4376 8576 4375)
4(257 4375 8681 4377)
4(8681 4375 8576 2816)
4(8576 4376 8691 2816)
4(8691 4377 8681 2816)
4(258 4379 8578 4378)
4(258 4378 8683 4380)
4(258 4380 8692 4379)
4(8578 4379 8692 2817)
4(8692 4380 8683 2817)
4(259 4383 8584 4382)
4(259 4382 8689 4384)
4(259 4384 8697 4383)
4(8689 4382 8584 2819)
4(8584 4383 8697 2819)
4(8697 4384 8689 2819)
4(261 270 344 335)
5(269 4398 343 344 270)
5(334 335 344 343 4515)
4(260 4386 8700 4385)
4(269 4385 8700 4398)
4(334 4515 8700 4386)
4(343 4398 8700 4515)
4(262 271 345 336)
4(270 344 345 271)
4(335 336 345 344)
4(263 272 346 337)
4(271 345 346 272)
4(336 337 346 345)
4(264 273 347 338)
4(272 346 347 273)
4(337 338 347 346)
4(265 274 348 339)
4(273 347 348 274)
4(338 339 348 347)
4(266 4388 8703 4389)
5(274 348 349 4401 275)
5(339 340 4518 349 348)
4(275 4401 8703 4388)
4(340 4389 8703 4518)
4(349 4518 8703 4401)
4(266 4388 8588 4387)
4(266 4387 8693 4389)
4(8693 4387 8588 2820)
4(8588 4388 8703 2820)
4(8703 4389 8693 2820)
4(267 4391 8590 4390)
4(267 4390 8695 4392)
4(267 4392 8704 4391)
4(8590 4391 8704 2821)
4(8704 4392 8695 2821)
4(268 4395 8594 4394)
4(268 4394 8701 4396)
4(8701 4394 8594 2822)
4(8594 4395 8709 2822)
4(8709 4396 8701 2822)
5(270 279 4411 353 344)
4(278 4409 8713 4407)
6(343 344 353 4537 352 4527)
4(269 4398 8710 4397)
4(278 4397 8710 4409)
4(343 4527 8710 4398)
4(352 4409 8710 4527)
4(279 4407 8713 4411)
4(352 4537 8713 4409)
4(353 4411 8713 4537)
5(271 280 12438 354 345)
4(279 4411 12808 12436)
5(344 345 354 12448 353)
4(280 12436 12808 12438)
4(353 12448 12808 4411)
4(354 12438 12808 12448)
4(272 281 355 346)
5(280 12438 354 355 281)
4(345 346 355 354)
5(273 282 12441 356 347)
5(281 355 356 12441 282)
4(346 347 356 355)
5(274 283 4414 357 348)
4(282 12441 12809 12439)
5(347 348 357 12451 356)
4(283 12439 12809 4414)
4(356 12451 12809 12441)
4(357 4414 12809 12451)
4(275 4400 8714 4401)
4(283 4414 8715 4412)
6(348 349 4530 358 4542 357)
4(284 4417 8714 4400)
4(349 4401 8714 4530)
4(358 4530 8714 4417)
4(284 4412 8715 4417)
4(357 4542 8715 4414)
4(358 4417 8715 4542)
4(275 4400 8600 4399)
4(275 4399 8705 4401)
4(8705 4399 8600 2823)
4(8600 4400 8714 2823)
4(8714 4401 8705 2823)
4(278 4408 8605 4407)
4(278 4409 8719 4408)
4(8713 4407 8605 2825)
4(8605 4408 8719 2825)
4(8719 4409 8713 2825)
4(279 4411 8721 4410)
4(279 4410 12799 12436)
4(12808 12436 12799 12284)
4(12799 4410 8721 12284)
4(8721 4411 12808 12284)
5(281 289 4429 363 355)
4(288 4426 8725 4424)
6(354 355 363 4554 362 12449)
4(289 4424 8725 4429)
4(362 4554 8725 4426)
4(363 4429 8725 4554)
4(280 12438 12810 12437)
4(288 12437 12810 4426)
4(354 12449 12810 12438)
4(362 4426 12810 12449)
4(282 12440 12812 12441)
4(289 4429 8726 4427)
6(355 356 12452 364 4557 363)
4(290 4427 8726 4432)
4(363 4557 8726 4429)
4(364 4432 8726 4557)
4(290 4432 12812 12440)
4(356 12441 12812 12452)
4(364 12452 12812 4432)
4(282 12440 12801 12439)
4(12809 12439 12801 12285)
4(12801 12440 12812 12285)
4(12812 12441 12809 12285)
4(283 4413 8613 4412)
4(8715 4412 8613 2826)
4(8613 4413 8727 2826)
4(8727 4414 8715 2826)
4(283 4414 8727 4413)
4(284 4416 8614 4415)
4(284 4415 8717 4417)
4(284 4417 8729 4416)
4(8729 4417 8717 2827)
4(287 4422 8619 4421)
4(287 4423 8733 4422)
4(8724 4421 8619 2829)
4(8733 4423 8724 2829)
4(287 4421 8724 4423)
4(288 4425 8622 4424)
4(288 4426 8735 4425)
4(8725 4424 8622 2830)
4(8622 4425 8735 2830)
4(8735 4426 8725 2830)
4(289 4428 8625 4427)
4(289 4429 8738 4428)
4(8726 4427 8625 2831)
4(8625 4428 8738 2831)
4(8738 4429 8726 2831)
4(290 4431 8628 4430)
4(290 4432 8741 4431)
4(8728 4430 8628 2832)
4(8628 4431 8741 2832)
4(8741 4432 8728 2832)
4(290 4430 8728 4432)
4(291 4434 8629 4433)
4(291 4433 8730 4435)
4(291 4435 8744 4434)
4(8744 4435 8730 2833)
4(296 4447 8642 4446)
4(296 4448 8755 4447)
4(8749 4446 8642 2836)
4(8642 4447 8755 2836)
4(8755 4448 8749 2836)
4(297 4450 8645 4449)
4(297 4451 8758 4450)
4(8750 4449 8645 2837)
4(8645 4450 8758 2837)
4(8758 4451 8750 2837)
4(298 4453 8648 4452)
4(298 4454 8761 4453)
4(8648 4453 8761 2838)
4(8761 4454 8751 2838)
4(299 4457 8656 4456)
4(8753 4456 8656 2841)
4(8656 4457 8769 2841)
4(8769 4458 8753 2841)
4(300 4459 8756 4461)
4(300 4461 8772 4460)
4(300 4460 12804 4459)
4(8756 4459 12804 12286)
4(12804 4460 8772 12286)
4(8772 4461 8756 12286)
5(302 310 384 376 4465)
5(309 12445 383 384 310)
6(375 4592 376 384 383 12454)
4(301 4462 8759 4463)
4(302 4465 8759 4462)
4(375 4463 8759 4592)
4(376 4592 8759 4465)
4(301 4463 12814 12442)
4(309 12442 12814 12445)
4(375 12454 12814 4463)
4(383 12445 12814 12454)
4(303 12443 12817 4467)
5(310 384 385 12447 311)
6(376 4594 377 12455 385 384)
4(302 4464 8762 4465)
4(303 4467 8762 4464)
4(376 4465 8762 4594)
4(377 4594 8762 4467)
4(311 12447 12817 12443)
4(377 4467 12817 12455)
4(385 12455 12817 12447)
4(303 4466 8765 4467)
4(303 12443 12807 4466)
4(8765 4466 12807 12287)
4(12807 12443 12817 12287)
4(12817 4467 8765 12287)
4(304 4469 8660 4468)
4(304 4468 8767 4470)
4(8767 4468 8660 2842)
4(8660 4469 8775 2842)
4(8775 4470 8767 2842)
4(304 4470 8775 4469)
4(306 4474 8667 4473)
4(8770 4473 8667 2844)
4(8667 4474 8781 2844)
4(8781 4475 8770 2844)
5(308 317 391 382 4479)
5(316 4492 390 391 317)
6(381 4606 382 391 390 4607)
4(307 4476 8773 4478)
4(308 4479 8773 4476)
4(381 4478 8773 4606)
4(382 4606 8773 4479)
4(307 4478 8783 4477)
4(316 4477 8783 4492)
4(381 4607 8783 4478)
4(390 4492 8783 4607)
5(309 318 392 383 12445)
4(317 391 392 318)
5(382 12456 383 392 391)
4(308 12444 12815 4479)
4(309 12445 12815 12444)
4(382 4479 12815 12456)
4(383 12456 12815 12445)
4(310 319 393 384)
4(318 392 393 319)
4(383 384 393 392)
5(311 320 394 385 12447)
4(319 393 394 320)
4(384 385 394 393)
5(312 321 395 386 4481)
4(320 394 395 321)
5(385 12458 386 395 394)
4(311 12446 12818 12447)
4(312 4481 12818 12446)
4(385 12447 12818 12458)
4(386 12458 12818 4481)
4(313 4483 8786 4484)
5(321 395 396 4495 322)
6(386 4610 387 4613 396 395)
4(312 4480 8777 4481)
4(313 4484 8777 4480)
4(386 4481 8777 4610)
4(387 4610 8777 4484)
4(322 4495 8786 4483)
4(387 4484 8786 4613)
4(396 4613 8786 4495)
4(313 4483 8671 4482)
4(313 4482 8779 4484)
4(8779 4482 8671 2845)
4(8671 4483 8786 2845)
4(8786 4484 8779 2845)
4(315 4489 8678 4488)
4(315 4488 8784 4490)
4(315 4490 8791 4489)
4(8784 4488 8678 2847)
4(8678 4489 8791 2847)
4(8791 4490 8784 2847)
4(317 326 400 391)
5(325 4504 399 400 326)
5(390 391 400 399 4621)
4(316 4492 8794 4491)
4(325 4491 8794 4504)
4(390 4621 8794 4492)
4(399 4504 8794 4621)
4(318 327 401 392)
4(326 400 401 327)
4(391 392 401 400)
4(319 328 402 393)
4(327 401 402 328)
4(392 393 402 401)
4(320 329 403 394)
4(328 402 403 329)
4(393 394 403 402)
4(321 330 404 395)
4(329 403 404 330)
4(394 395 404 403)
4(322 4494 8797 4495)
5(330 404 405 4507 331)
5(395 396 4624 405 404)
4(331 4507 8797 4494)
4(396 4495 8797 4624)
4(405 4624 8797 4507)
4(322 4494 8682 4493)
4(322 4493 8788 4495)
4(8788 4493 8682 2848)
4(8682 4494 8797 2848)
4(8797 4495 8788 2848)
4(323 4497 8684 4496)
4(323 4498 8798 4497)
4(8684 4497 8798 2849)
4(8798 4498 8790 2849)
4(324 4501 8690 4500)
4(324 4500 8795 4502)
4(324 4502 8803 4501)
4(8795 4500 8690 2851)
4(8690 4501 8803 2851)
4(8803 4502 8795 2851)
4(326 335 409 400)
5(334 4516 408 409 335)
5(399 400 409 408 4633)
4(325 4504 8806 4503)
4(334 4503 8806 4516)
4(399 4633 8806 4504)
4(408 4516 8806 4633)
4(327 336 410 401)
4(335 409 410 336)
4(400 401 410 409)
4(328 337 411 402)
4(336 410 411 337)
4(401 402 411 410)
4(329 338 412 403)
4(337 411 412 338)
4(402 403 412 411)
4(330 339 413 404)
4(338 412 413 339)
4(403 404 413 412)
4(331 4506 8809 4507)
5(339 413 414 4519 340)
5(404 405 4636 414 413)
4(340 4519 8809 4506)
4(405 4507 8809 4636)
4(414 4636 8809 4519)
4(331 4506 8694 4505)
4(331 4505 8799 4507)
4(8799 4505 8694 2852)
4(8694 4506 8809 2852)
4(8809 4507 8799 2852)
4(332 4509 8696 4508)
4(332 4508 8801 4510)
4(332 4510 8810 4509)
4(8696 4509 8810 2853)
4(8810 4510 8801 2853)
4(333 4513 8702 4512)
4(333 4512 8807 4514)
4(333 4514 8815 4513)
4(8807 4512 8702 2855)
4(8702 4513 8815 2855)
4(8815 4514 8807 2855)
4(335 344 418 409)
5(343 4528 417 418 344)
5(408 409 418 417 4645)
4(334 4516 8818 4515)
4(343 4515 8818 4528)
4(408 4645 8818 4516)
4(417 4528 8818 4645)
4(336 345 419 410)
4(344 418 419 345)
4(409 410 419 418)
4(337 346 420 411)
4(345 419 420 346)
4(410 411 420 419)
4(338 347 421 412)
4(346 420 421 347)
4(411 412 421 420)
4(339 348 422 413)
4(347 421 422 348)
4(412 413 422 421)
4(340 4518 8821 4519)
5(348 422 423 4531 349)
5(413 414 4648 423 422)
4(349 4531 8821 4518)
4(414 4519 8821 4648)
4(423 4648 8821 4531)
4(340 4518 8706 4517)
4(340 4517 8811 4519)
4(8811 4517 8706 2856)
4(8706 4518 8821 2856)
4(8821 4519 8811 2856)
4(341 4521 8708 4520)
4(341 4520 8813 4522)
4(341 4522 8822 4521)
4(8708 4521 8822 2857)
4(8822 4522 8813 2857)
4(342 4525 8712 4524)
4(342 4524 8819 4526)
4(8819 4524 8712 2858)
4(8712 4525 8827 2858)
4(8827 4526 8819 2858)
5(344 353 4541 427 418)
4(352 4539 8831 4537)
6(417 418 427 4667 426 4657)
4(343 4528 8828 4527)
4(352 4527 8828 4539)
4(417 4657 8828 4528)
4(426 4539 8828 4657)
4(353 4537 8831 4541)
4(426 4667 8831 4539)
4(427 4541 8831 4667)
5(345 354 12450 428 419)
4(353 4541 12820 12448)
5(418 419 428 12460 427)
4(354 12448 12820 12450)
4(427 12460 12820 4541)
4(428 12450 12820 12460)
4(346 355 429 420)
5(354 12450 428 429 355)
4(419 420 429 428)
5(347 356 12453 430 421)
5(355 429 430 12453 356)
4(420 421 430 429)
5(348 357 4544 431 422)
4(356 12453 12821 12451)
5(421 422 431 12463 430)
4(357 12451 12821 4544)
4(430 12463 12821 12453)
4(431 4544 12821 12463)
4(349 4530 8832 4531)
4(357 4544 8833 4542)
6(422 423 4660 432 4672 431)
4(358 4547 8832 4530)
4(423 4531 8832 4660)
4(432 4660 8832 4547)
4(358 4542 8833 4547)
4(431 4672 8833 4544)
4(432 4547 8833 4672)
4(349 4530 8718 4529)
4(349 4529 8823 4531)
4(8823 4529 8718 2859)
4(8718 4530 8832 2859)
4(8832 4531 8823 2859)
4(352 4538 8723 4537)
4(352 4539 8837 4538)
4(8831 4537 8723 2861)
4(8723 4538 8837 2861)
4(8837 4539 8831 2861)
4(353 4541 8839 4540)
4(353 4540 12811 12448)
4(12820 12448 12811 12288)
4(12811 4540 8839 12288)
4(8839 4541 12820 12288)
5(355 363 4559 437 429)
4(362 4556 8843 4554)
6(428 429 437 4684 436 12461)
4(363 4554 8843 4559)
4(436 4684 8843 4556)
4(437 4559 8843 4684)
4(354 12450 12822 12449)
4(362 12449 12822 4556)
4(428 12461 12822 12450)
4(436 4556 12822 12461)
4(356 12452 12824 12453)
4(363 4559 8844 4557)
6(429 430 12464 438 4687 437)
4(364 4557 8844 4562)
4(437 4687 8844 4559)
4(438 4562 8844 4687)
4(364 4562 12824 12452)
4(430 12453 12824 12464)
4(438 12464 12824 4562)
4(356 12452 12813 12451)
4(12821 12451 12813 12289)
4(12813 12452 12824 12289)
4(12824 12453 12821 12289)
4(357 4543 8731 4542)
4(8833 4542 8731 2862)
4(8731 4543 8845 2862)
4(8845 4544 8833 2862)
4(357 4544 8845 4543)
4(358 4546 8732 4545)
4(358 4545 8835 4547)
4(358 4547 8847 4546)
4(8847 4547 8835 2863)
4(361 4552 8737 4551)
4(361 4553 8851 4552)
4(8842 4551 8737 2865)
4(8851 4553 8842 2865)
4(361 4551 8842 4553)
4(362 4555 8740 4554)
4(362 4556 8853 4555)
4(8843 4554 8740 2866)
4(8740 4555 8853 2866)
4(8853 4556 8843 2866)
4(363 4558 8743 4557)
4(363 4559 8856 4558)
4(8844 4557 8743 2867)
4(8743 4558 8856 2867)
4(8856 4559 8844 2867)
4(364 4561 8746 4560)
4(364 4562 8859 4561)
4(8846 4560 8746 2868)
4(8746 4561 8859 2868)
4(8859 4562 8846 2868)
4(364 4560 8846 4562)
4(365 4564 8747 4563)
4(365 4563 8848 4565)
4(365 4565 8862 4564)
4(8862 4565 8848 2869)
4(370 4577 8760 4576)
4(370 4578 8873 4577)
4(8867 4576 8760 2872)
4(8760 4577 8873 2872)
4(8873 4578 8867 2872)
4(371 4580 8763 4579)
4(371 4581 8876 4580)
4(8868 4579 8763 2873)
4(8763 4580 8876 2873)
4(8876 4581 8868 2873)
4(372 4583 8766 4582)
4(372 4584 8879 4583)
4(8766 4583 8879 2874)
4(8879 4584 8869 2874)
4(373 4587 8774 4586)
4(8871 4586 8774 2877)
4(8774 4587 8887 2877)
4(8887 4588 8871 2877)
4(374 4589 8874 4591)
4(374 4591 8890 4590)
4(374 4590 12816 4589)
4(8874 4589 12816 12290)
4(12816 4590 8890 12290)
4(8890 4591 8874 12290)
5(376 384 458 450 4595)
5(383 12457 457 458 384)
6(449 4722 450 458 457 12466)
4(375 4592 8877 4593)
4(376 4595 8877 4592)
4(449 4593 8877 4722)
4(450 4722 8877 4595)
4(375 4593 12826 12454)
4(383 12454 12826 12457)
4(449 12466 12826 4593)
4(457 12457 12826 12466)
4(377 12455 12829 4597)
5(384 458 459 12459 385)
6(450 4724 451 12467 459 458)
4(376 4594 8880 4595)
4(377 4597 8880 4594)
4(450 4595 8880 4724)
4(451 4724 8880 4597)
4(385 12459 12829 12455)
4(451 4597 12829 12467)
4(459 12467 12829 12459)
4(377 4596 8883 4597)
4(377 12455 12819 4596)
4(8883 4596 12819 12291)
4(12819 12455 12829 12291)
4(12829 4597 8883 12291)
4(378 4599 8778 4598)
4(378 4598 8885 4600)
4(8885 4598 8778 2878)
4(8778 4599 8893 2878)
4(8893 4600 8885 2878)
4(378 4600 8893 4599)
4(380 4604 8785 4603)
4(8888 4603 8785 2880)
4(8785 4604 8899 2880)
4(8899 4605 8888 2880)
5(382 391 465 456 4609)
5(390 4622 464 465 391)
6(455 4736 456 465 464 4737)
4(381 4606 8891 4608)
4(382 4609 8891 4606)
4(455 4608 8891 4736)
4(456 4736 8891 4609)
4(381 4608 8901 4607)
4(390 4607 8901 4622)
4(455 4737 8901 4608)
4(464 4622 8901 4737)
5(383 392 466 457 12457)
4(391 465 466 392)
5(456 12468 457 466 465)
4(382 12456 12827 4609)
4(383 12457 12827 12456)
4(456 4609 12827 12468)
4(457 12468 12827 12457)
4(384 393 467 458)
4(392 466 467 393)
4(457 458 467 466)
5(385 394 468 459 12459)
4(393 467 468 394)
4(458 459 468 467)
5(386 395 469 460 4611)
4(394 468 469 395)
5(459 12470 460 469 468)
4(385 12458 12830 12459)
4(386 4611 12830 12458)
4(459 12459 12830 12470)
4(460 12470 12830 4611)
4(387 4613 8904 4614)
5(395 469 470 4625 396)
6(460 4740 461 4743 470 469)
4(386 4610 8895 4611)
4(387 4614 8895 4610)
4(460 4611 8895 4740)
4(461 4740 8895 4614)
4(396 4625 8904 4613)
4(461 4614 8904 4743)
4(470 4743 8904 4625)
4(387 4613 8789 4612)
4(387 4612 8897 4614)
4(8897 4612 8789 2881)
4(8789 4613 8904 2881)
4(8904 4614 8897 2881)
4(389 4619 8796 4618)
4(389 4618 8902 4620)
4(389 4620 8909 4619)
4(8902 4618 8796 2883)
4(8796 4619 8909 2883)
4(8909 4620 8902 2883)
4(391 400 474 465)
5(399 4634 473 474 400)
5(464 465 474 473 4751)
4(390 4622 8912 4621)
4(399 4621 8912 4634)
4(464 4751 8912 4622)
4(473 4634 8912 4751)
4(392 401 475 466)
4(400 474 475 401)
4(465 466 475 474)
4(393 402 476 467)
4(401 475 476 402)
4(466 467 476 475)
4(394 403 477 468)
4(402 476 477 403)
4(467 468 477 476)
4(395 404 478 469)
4(403 477 478 404)
4(468 469 478 477)
4(396 4624 8915 4625)
5(404 478 479 4637 405)
5(469 470 4754 479 478)
4(405 4637 8915 4624)
4(470 4625 8915 4754)
4(479 4754 8915 4637)
4(396 4624 8800 4623)
4(396 4623 8906 4625)
4(8906 4623 8800 2884)
4(8800 4624 8915 2884)
4(8915 4625 8906 2884)
4(397 4627 8802 4626)
4(397 4628 8916 4627)
4(8802 4627 8916 2885)
4(8916 4628 8908 2885)
4(398 4631 8808 4630)
4(398 4630 8913 4632)
4(398 4632 8921 4631)
4(8913 4630 8808 2887)
4(8808 4631 8921 2887)
4(8921 4632 8913 2887)
4(400 409 483 474)
5(408 4646 482 483 409)
5(473 474 483 482 4763)
4(399 4634 8924 4633)
4(408 4633 8924 4646)
4(473 4763 8924 4634)
4(482 4646 8924 4763)
4(401 410 484 475)
4(409 483 484 410)
4(474 475 484 483)
4(402 411 485 476)
4(410 484 485 411)
4(475 476 485 484)
4(403 412 486 477)
4(411 485 486 412)
4(476 477 486 485)
4(404 413 487 478)
4(412 486 487 413)
4(477 478 487 486)
4(405 4636 8927 4637)
5(413 487 488 4649 414)
5(478 479 4766 488 487)
4(414 4649 8927 4636)
4(479 4637 8927 4766)
4(488 4766 8927 4649)
4(405 4636 8812 4635)
4(405 4635 8917 4637)
4(8917 4635 8812 2888)
4(8812 4636 8927 2888)
4(8927 4637 8917 2888)
4(406 4639 8814 4638)
4(406 4638 8919 4640)
4(406 4640 8928 4639)
4(8814 4639 8928 2889)
4(8928 4640 8919 2889)
4(407 4643 8820 4642)
4(407 4642 8925 4644)
4(407 4644 8933 4643)
4(8925 4642 8820 2891)
4(8820 4643 8933 2891)
4(8933 4644 8925 2891)
4(409 418 492 483)
5(417 4658 491 492 418)
5(482 483 492 491 4775)
4(408 4646 8936 4645)
4(417 4645 8936 4658)
4(482 4775 8936 4646)
4(491 4658 8936 4775)
4(410 419 493 484)
4(418 492 493 419)
4(483 484 493 492)
4(411 420 494 485)
4(419 493 494 420)
4(484 485 494 493)
4(412 421 495 486)
4(420 494 495 421)
4(485 486 495 494)
4(413 422 496 487)
4(421 495 496 422)
4(486 487 496 495)
4(414 4648 8939 4649)
5(422 496 497 4661 423)
5(487 488 4778 497 496)
4(423 4661 8939 4648)
4(488 4649 8939 4778)
4(497 4778 8939 4661)
4(414 4648 8824 4647)
4(414 4647 8929 4649)
4(8929 4647 8824 2892)
4(8824 4648 8939 2892)
4(8939 4649 8929 2892)
4(415 4651 8826 4650)
4(415 4650 8931 4652)
4(415 4652 8940 4651)
4(8826 4651 8940 2893)
4(8940 4652 8931 2893)
4(416 4655 8830 4654)
4(416 4654 8937 4656)
4(8937 4654 8830 2894)
4(8830 4655 8945 2894)
4(8945 4656 8937 2894)
5(418 427 4671 501 492)
4(426 4669 8949 4667)
6(491 492 501 4797 500 4787)
4(417 4658 8946 4657)
4(426 4657 8946 4669)
4(491 4787 8946 4658)
4(500 4669 8946 4787)
4(427 4667 8949 4671)
4(500 4797 8949 4669)
4(501 4671 8949 4797)
5(419 428 12462 502 493)
4(427 4671 12832 12460)
5(492 493 502 12472 501)
4(428 12460 12832 12462)
4(501 12472 12832 4671)
4(502 12462 12832 12472)
4(420 429 503 494)
5(428 12462 502 503 429)
4(493 494 503 502)
5(421 430 12465 504 495)
5(429 503 504 12465 430)
4(494 495 504 503)
5(422 431 4674 505 496)
4(430 12465 12833 12463)
5(495 496 505 12475 504)
4(431 12463 12833 4674)
4(504 12475 12833 12465)
4(505 4674 12833 12475)
4(423 4660 8950 4661)
4(431 4674 8951 4672)
6(496 497 4790 506 4802 505)
4(432 4677 8950 4660)
4(497 4661 8950 4790)
4(506 4790 8950 4677)
4(432 4672 8951 4677)
4(505 4802 8951 4674)
4(506 4677 8951 4802)
4(423 4660 8836 4659)
4(423 4659 8941 4661)
4(8941 4659 8836 2895)
4(8836 4660 8950 2895)
4(8950 4661 8941 2895)
4(426 4668 8841 4667)
4(426 4669 8955 4668)
4(8949 4667 8841 2897)
4(8841 4668 8955 2897)
4(8955 4669 8949 2897)
4(427 4671 8957 4670)
4(427 4670 12823 12460)
4(12832 12460 12823 12292)
4(12823 4670 8957 12292)
4(8957 4671 12832 12292)
5(429 437 4689 511 503)
4(436 4686 8961 4684)
6(502 503 511 4814 510 12473)
4(437 4684 8961 4689)
4(510 4814 8961 4686)
4(511 4689 8961 4814)
4(428 12462 12834 12461)
4(436 12461 12834 4686)
4(502 12473 12834 12462)
4(510 4686 12834 12473)
4(430 12464 12836 12465)
4(437 4689 8962 4687)
6(503 504 12476 512 4817 511)
4(438 4687 8962 4692)
4(511 4817 8962 4689)
4(512 4692 8962 4817)
4(438 4692 12836 12464)
4(504 12465 12836 12476)
4(512 12476 12836 4692)
4(430 12464 12825 12463)
4(12833 12463 12825 12293)
4(12825 12464 12836 12293)
4(12836 12465 12833 12293)
4(431 4673 8849 4672)
4(8951 4672 8849 2898)
4(8849 4673 8963 2898)
4(8963 4674 8951 2898)
4(431 4674 8963 4673)
4(432 4676 8850 4675)
4(432 4675 8953 4677)
4(432 4677 8965 4676)
4(8965 4677 8953 2899)
4(435 4682 8855 4681)
4(435 4683 8969 4682)
4(8960 4681 8855 2901)
4(8969 4683 8960 2901)
4(435 4681 8960 4683)
4(436 4685 8858 4684)
4(436 4686 8971 4685)
4(8961 4684 8858 2902)
4(8858 4685 8971 2902)
4(8971 4686 8961 2902)
4(437 4688 8861 4687)
4(437 4689 8974 4688)
4(8962 4687 8861 2903)
4(8861 4688 8974 2903)
4(8974 4689 8962 2903)
4(438 4691 8864 4690)
4(438 4692 8977 4691)
4(8964 4690 8864 2904)
4(8864 4691 8977 2904)
4(8977 4692 8964 2904)
4(438 4690 8964 4692)
4(439 4694 8865 4693)
4(439 4693 8966 4695)
4(439 4695 8980 4694)
4(8980 4695 8966 2905)
4(444 4707 8878 4706)
4(444 4708 8991 4707)
4(8985 4706 8878 2908)
4(8878 4707 8991 2908)
4(8991 4708 8985 2908)
4(445 4710 8881 4709)
4(445 4711 8994 4710)
4(8986 4709 8881 2909)
4(8881 4710 8994 2909)
4(8994 4711 8986 2909)
4(446 4713 8884 4712)
4(446 4714 8997 4713)
4(8884 4713 8997 2910)
4(8997 4714 8987 2910)
4(447 4717 8892 4716)
4(8989 4716 8892 2913)
4(8892 4717 9005 2913)
4(9005 4718 8989 2913)
4(448 4719 8992 4721)
4(448 4721 9008 4720)
4(448 4720 12828 4719)
4(8992 4719 12828 12294)
4(12828 4720 9008 12294)
4(9008 4721 8992 12294)
5(450 458 532 524 4725)
5(457 12469 531 532 458)
6(523 4852 524 532 531 12478)
4(449 4722 8995 4723)
4(450 4725 8995 4722)
4(523 4723 8995 4852)
4(524 4852 8995 4725)
4(449 4723 12838 12466)
4(457 12466 12838 12469)
4(523 12478 12838 4723)
4(531 12469 12838 12478)
4(451 12467 12841 4727)
5(458 532 533 12471 459)
6(524 4854 525 12479 533 532)
4(450 4724 8998 4725)
4(451 4727 8998 4724)
4(524 4725 8998 4854)
4(525 4854 8998 4727)
4(459 12471 12841 12467)
4(525 4727 12841 12479)
4(533 12479 12841 12471)
4(451 4726 9001 4727)
4(451 12467 12831 4726)
4(9001 4726 12831 12295)
4(12831 12467 12841 12295)
4(12841 4727 9001 12295)
4(452 4729 8896 4728)
4(452 4728 9003 4730)
4(9003 4728 8896 2914)
4(8896 4729 9011 2914)
4(9011 4730 9003 2914)
4(452 4730 9011 4729)
4(454 4734 8903 4733)
4(9006 4733 8903 2916)
4(8903 4734 9017 2916)
4(9017 4735 9006 2916)
5(456 465 539 530 4739)
5(464 4752 538 539 465)
6(529 4866 530 539 538 4867)
4(455 4736 9009 4738)
4(456 4739 9009 4736)
4(529 4738 9009 4866)
4(530 4866 9009 4739)
4(455 4738 9019 4737)
4(464 4737 9019 4752)
4(529 4867 9019 4738)
4(538 4752 9019 4867)
5(457 466 540 531 12469)
4(465 539 540 466)
5(530 12480 531 540 539)
4(456 12468 12839 4739)
4(457 12469 12839 12468)
4(530 4739 12839 12480)
4(531 12480 12839 12469)
4(458 467 541 532)
4(466 540 541 467)
4(531 532 541 540)
5(459 468 542 533 12471)
4(467 541 542 468)
4(532 533 542 541)
5(460 469 543 534 4741)
4(468 542 543 469)
5(533 12482 534 543 542)
4(459 12470 12842 12471)
4(460 4741 12842 12470)
4(533 12471 12842 12482)
4(534 12482 12842 4741)
4(461 4743 9022 4744)
5(469 543 544 4755 470)
6(534 4870 535 4873 544 543)
4(460 4740 9013 4741)
4(461 4744 9013 4740)
4(534 4741 9013 4870)
4(535 4870 9013 4744)
4(470 4755 9022 4743)
4(535 4744 9022 4873)
4(544 4873 9022 4755)
4(461 4743 8907 4742)
4(461 4742 9015 4744)
4(9015 4742 8907 2917)
4(8907 4743 9022 2917)
4(9022 4744 9015 2917)
4(463 4749 8914 4748)
4(463 4748 9020 4750)
4(463 4750 9027 4749)
4(9020 4748 8914 2919)
4(8914 4749 9027 2919)
4(9027 4750 9020 2919)
4(465 474 548 539)
5(473 4764 547 548 474)
5(538 539 548 547 4881)
4(464 4752 9030 4751)
4(473 4751 9030 4764)
4(538 4881 9030 4752)
4(547 4764 9030 4881)
4(466 475 549 540)
4(474 548 549 475)
4(539 540 549 548)
4(467 476 550 541)
4(475 549 550 476)
4(540 541 550 549)
4(468 477 551 542)
4(476 550 551 477)
4(541 542 551 550)
4(469 478 552 543)
4(477 551 552 478)
4(542 543 552 551)
4(470 4754 9033 4755)
5(478 552 553 4767 479)
5(543 544 4884 553 552)
4(479 4767 9033 4754)
4(544 4755 9033 4884)
4(553 4884 9033 4767)
4(470 4754 8918 4753)
4(470 4753 9024 4755)
4(9024 4753 8918 2920)
4(8918 4754 9033 2920)
4(9033 4755 9024 2920)
4(471 4757 8920 4756)
4(471 4758 9034 4757)
4(8920 4757 9034 2921)
4(9034 4758 9026 2921)
4(472 4761 8926 4760)
4(472 4760 9031 4762)
4(472 4762 9039 4761)
4(9031 4760 8926 2923)
4(8926 4761 9039 2923)
4(9039 4762 9031 2923)
4(474 483 557 548)
5(482 4776 556 557 483)
5(547 548 557 556 4893)
4(473 4764 9042 4763)
4(482 4763 9042 4776)
4(547 4893 9042 4764)
4(556 4776 9042 4893)
4(475 484 558 549)
4(483 557 558 484)
4(548 549 558 557)
4(476 485 559 550)
4(484 558 559 485)
4(549 550 559 558)
4(477 486 560 551)
4(485 559 560 486)
4(550 551 560 559)
4(478 487 561 552)
4(486 560 561 487)
4(551 552 561 560)
4(479 4766 9045 4767)
5(487 561 562 4779 488)
5(552 553 4896 562 561)
4(488 4779 9045 4766)
4(553 4767 9045 4896)
4(562 4896 9045 4779)
4(479 4766 8930 4765)
4(479 4765 9035 4767)
4(9035 4765 8930 2924)
4(8930 4766 9045 2924)
4(9045 4767 9035 2924)
4(480 4769 8932 4768)
4(480 4768 9037 4770)
4(480 4770 9046 4769)
4(8932 4769 9046 2925)
4(9046 4770 9037 2925)
4(481 4773 8938 4772)
4(481 4772 9043 4774)
4(481 4774 9051 4773)
4(9043 4772 8938 2927)
4(8938 4773 9051 2927)
4(9051 4774 9043 2927)
4(483 492 566 557)
5(491 4788 565 566 492)
5(556 557 566 565 4905)
4(482 4776 9054 4775)
4(491 4775 9054 4788)
4(556 4905 9054 4776)
4(565 4788 9054 4905)
4(484 493 567 558)
4(492 566 567 493)
4(557 558 567 566)
4(485 494 568 559)
4(493 567 568 494)
4(558 559 568 567)
4(486 495 569 560)
4(494 568 569 495)
4(559 560 569 568)
4(487 496 570 561)
4(495 569 570 496)
4(560 561 570 569)
4(488 4778 9057 4779)
5(496 570 571 4791 497)
5(561 562 4908 571 570)
4(497 4791 9057 4778)
4(562 4779 9057 4908)
4(571 4908 9057 4791)
4(488 4778 8942 4777)
4(488 4777 9047 4779)
4(9047 4777 8942 2928)
4(8942 4778 9057 2928)
4(9057 4779 9047 2928)
4(489 4781 8944 4780)
4(489 4780 9049 4782)
4(489 4782 9058 4781)
4(8944 4781 9058 2929)
4(9058 4782 9049 2929)
4(490 4785 8948 4784)
4(490 4784 9055 4786)
4(9055 4784 8948 2930)
4(8948 4785 9063 2930)
4(9063 4786 9055 2930)
5(492 501 4801 575 566)
4(500 4799 9067 4797)
6(565 566 575 4927 574 4917)
4(491 4788 9064 4787)
4(500 4787 9064 4799)
4(565 4917 9064 4788)
4(574 4799 9064 4917)
4(501 4797 9067 4801)
4(574 4927 9067 4799)
4(575 4801 9067 4927)
5(493 502 12474 576 567)
4(501 4801 12844 12472)
5(566 567 576 12484 575)
4(502 12472 12844 12474)
4(575 12484 12844 4801)
4(576 12474 12844 12484)
4(494 503 577 568)
5(502 12474 576 577 503)
4(567 568 577 576)
5(495 504 12477 578 569)
5(503 577 578 12477 504)
4(568 569 578 577)
5(496 505 4804 579 570)
4(504 12477 12845 12475)
5(569 570 579 12487 578)
4(505 12475 12845 4804)
4(578 12487 12845 12477)
4(579 4804 12845 12487)
4(497 4790 9068 4791)
4(505 4804 9069 4802)
6(570 571 4920 580 4932 579)
4(506 4807 9068 4790)
4(571 4791 9068 4920)
4(580 4920 9068 4807)
4(506 4802 9069 4807)
4(579 4932 9069 4804)
4(580 4807 9069 4932)
4(497 4790 8954 4789)
4(497 4789 9059 4791)
4(9059 4789 8954 2931)
4(8954 4790 9068 2931)
4(9068 4791 9059 2931)
4(500 4798 8959 4797)
4(500 4799 9073 4798)
4(9067 4797 8959 2933)
4(8959 4798 9073 2933)
4(9073 4799 9067 2933)
4(501 4801 9075 4800)
4(501 4800 12835 12472)
4(12844 12472 12835 12296)
4(12835 4800 9075 12296)
4(9075 4801 12844 12296)
5(503 511 4819 585 577)
4(510 4816 9079 4814)
6(576 577 585 4944 584 12485)
4(511 4814 9079 4819)
4(584 4944 9079 4816)
4(585 4819 9079 4944)
4(502 12474 12846 12473)
4(510 12473 12846 4816)
4(576 12485 12846 12474)
4(584 4816 12846 12485)
4(504 12476 12848 12477)
4(511 4819 9080 4817)
6(577 578 12488 586 4947 585)
4(512 4817 9080 4822)
4(585 4947 9080 4819)
4(586 4822 9080 4947)
4(512 4822 12848 12476)
4(578 12477 12848 12488)
4(586 12488 12848 4822)
4(504 12476 12837 12475)
4(12845 12475 12837 12297)
4(12837 12476 12848 12297)
4(12848 12477 12845 12297)
4(505 4803 8967 4802)
4(9069 4802 8967 2934)
4(8967 4803 9081 2934)
4(9081 4804 9069 2934)
4(505 4804 9081 4803)
4(506 4806 8968 4805)
4(506 4805 9071 4807)
4(506 4807 9083 4806)
4(9083 4807 9071 2935)
4(509 4812 8973 4811)
4(509 4813 9087 4812)
4(9078 4811 8973 2937)
4(9087 4813 9078 2937)
4(509 4811 9078 4813)
4(510 4815 8976 4814)
4(510 4816 9089 4815)
4(9079 4814 8976 2938)
4(8976 4815 9089 2938)
4(9089 4816 9079 2938)
4(511 4818 8979 4817)
4(511 4819 9092 4818)
4(9080 4817 8979 2939)
4(8979 4818 9092 2939)
4(9092 4819 9080 2939)
4(512 4821 8982 4820)
4(512 4822 9095 4821)
4(9082 4820 8982 2940)
4(8982 4821 9095 2940)
4(9095 4822 9082 2940)
4(512 4820 9082 4822)
4(513 4824 8983 4823)
4(513 4823 9084 4825)
4(513 4825 9098 4824)
4(9098 4825 9084 2941)
4(518 4837 8996 4836)
4(518 4838 9109 4837)
4(9103 4836 8996 2944)
4(8996 4837 9109 2944)
4(9109 4838 9103 2944)
4(519 4840 8999 4839)
4(519 4841 9112 4840)
4(9104 4839 8999 2945)
4(8999 4840 9112 2945)
4(9112 4841 9104 2945)
4(520 4843 9002 4842)
4(520 4844 9115 4843)
4(9002 4843 9115 2946)
4(9115 4844 9105 2946)
4(521 4847 9010 4846)
4(9107 4846 9010 2949)
4(9010 4847 9123 2949)
4(9123 4848 9107 2949)
4(522 4849 9110 4851)
4(522 4851 9126 4850)
4(522 4850 12840 4849)
4(9110 4849 12840 12298)
4(12840 4850 9126 12298)
4(9126 4851 9110 12298)
5(524 532 606 598 4855)
5(531 12481 605 606 532)
6(597 4982 598 606 605 12490)
4(523 4852 9113 4853)
4(524 4855 9113 4852)
4(597 4853 9113 4982)
4(598 4982 9113 4855)
4(523 4853 12850 12478)
4(531 12478 12850 12481)
4(597 12490 12850 4853)
4(605 12481 12850 12490)
4(525 12479 12853 4857)
5(532 606 607 12483 533)
6(598 4984 599 12491 607 606)
4(524 4854 9116 4855)
4(525 4857 9116 4854)
4(598 4855 9116 4984)
4(599 4984 9116 4857)
4(533 12483 12853 12479)
4(599 4857 12853 12491)
4(607 12491 12853 12483)
4(525 4856 9119 4857)
4(525 12479 12843 4856)
4(9119 4856 12843 12299)
4(12843 12479 12853 12299)
4(12853 4857 9119 12299)
4(526 4859 9014 4858)
4(526 4858 9121 4860)
4(9121 4858 9014 2950)
4(9014 4859 9129 2950)
4(9129 4860 9121 2950)
4(526 4860 9129 4859)
4(528 4864 9021 4863)
4(9124 4863 9021 2952)
4(9021 4864 9135 2952)
4(9135 4865 9124 2952)
5(530 539 613 604 4869)
5(538 4882 612 613 539)
6(603 4996 604 613 612 4997)
4(529 4866 9127 4868)
4(530 4869 9127 4866)
4(603 4868 9127 4996)
4(604 4996 9127 4869)
4(529 4868 9137 4867)
4(538 4867 9137 4882)
4(603 4997 9137 4868)
4(612 4882 9137 4997)
5(531 540 614 605 12481)
4(539 613 614 540)
5(604 12492 605 614 613)
4(530 12480 12851 4869)
4(531 12481 12851 12480)
4(604 4869 12851 12492)
4(605 12492 12851 12481)
4(532 541 615 606)
4(540 614 615 541)
4(605 606 615 614)
5(533 542 616 607 12483)
4(541 615 616 542)
4(606 607 616 615)
5(534 543 617 608 4871)
4(542 616 617 543)
5(607 12494 608 617 616)
4(533 12482 12854 12483)
4(534 4871 12854 12482)
4(607 12483 12854 12494)
4(608 12494 12854 4871)
4(535 4873 9140 4874)
5(543 617 618 4885 544)
6(608 5000 609 5003 618 617)
4(534 4870 9131 4871)
4(535 4874 9131 4870)
4(608 4871 9131 5000)
4(609 5000 9131 4874)
4(544 4885 9140 4873)
4(609 4874 9140 5003)
4(618 5003 9140 4885)
4(535 4873 9025 4872)
4(535 4872 9133 4874)
4(9133 4872 9025 2953)
4(9025 4873 9140 2953)
4(9140 4874 9133 2953)
4(537 4879 9032 4878)
4(537 4878 9138 4880)
4(537 4880 9145 4879)
4(9138 4878 9032 2955)
4(9032 4879 9145 2955)
4(9145 4880 9138 2955)
4(539 548 622 613)
5(547 4894 621 622 548)
5(612 613 622 621 5011)
4(538 4882 9148 4881)
4(547 4881 9148 4894)
4(612 5011 9148 4882)
4(621 4894 9148 5011)
4(540 549 623 614)
4(548 622 623 549)
4(613 614 623 622)
4(541 550 624 615)
4(549 623 624 550)
4(614 615 624 623)
4(542 551 625 616)
4(550 624 625 551)
4(615 616 625 624)
4(543 552 626 617)
4(551 625 626 552)
4(616 617 626 625)
4(544 4884 9151 4885)
5(552 626 627 4897 553)
5(617 618 5014 627 626)
4(553 4897 9151 4884)
4(618 4885 9151 5014)
4(627 5014 9151 4897)
4(544 4884 9036 4883)
4(544 4883 9142 4885)
4(9142 4883 9036 2956)
4(9036 4884 9151 2956)
4(9151 4885 9142 2956)
4(545 4887 9038 4886)
4(545 4888 9152 4887)
4(9038 4887 9152 2957)
4(9152 4888 9144 2957)
4(546 4891 9044 4890)
4(546 4890 9149 4892)
4(546 4892 9157 4891)
4(9149 4890 9044 2959)
4(9044 4891 9157 2959)
4(9157 4892 9149 2959)
4(548 557 631 622)
5(556 4906 630 631 557)
5(621 622 631 630 5023)
4(547 4894 9160 4893)
4(556 4893 9160 4906)
4(621 5023 9160 4894)
4(630 4906 9160 5023)
4(549 558 632 623)
4(557 631 632 558)
4(622 623 632 631)
4(550 559 633 624)
4(558 632 633 559)
4(623 624 633 632)
4(551 560 634 625)
4(559 633 634 560)
4(624 625 634 633)
4(552 561 635 626)
4(560 634 635 561)
4(625 626 635 634)
4(553 4896 9163 4897)
5(561 635 636 4909 562)
5(626 627 5026 636 635)
4(562 4909 9163 4896)
4(627 4897 9163 5026)
4(636 5026 9163 4909)
4(553 4896 9048 4895)
4(553 4895 9153 4897)
4(9153 4895 9048 2960)
4(9048 4896 9163 2960)
4(9163 4897 9153 2960)
4(554 4899 9050 4898)
4(554 4898 9155 4900)
4(554 4900 9164 4899)
4(9050 4899 9164 2961)
4(9164 4900 9155 2961)
4(555 4903 9056 4902)
4(555 4902 9161 4904)
4(555 4904 9169 4903)
4(9161 4902 9056 2963)
4(9056 4903 9169 2963)
4(9169 4904 9161 2963)
4(557 566 640 631)
5(565 4918 639 640 566)
5(630 631 640 639 5035)
4(556 4906 9172 4905)
4(565 4905 9172 4918)
4(630 5035 9172 4906)
4(639 4918 9172 5035)
4(558 567 641 632)
4(566 640 641 567)
4(631 632 641 640)
4(559 568 642 633)
4(567 641 642 568)
4(632 633 642 641)
4(560 569 643 634)
4(568 642 643 569)
4(633 634 643 642)
4(561 570 644 635)
4(569 643 644 570)
4(634 635 644 643)
4(562 4908 9175 4909)
5(570 644 645 4921 571)
5(635 636 5038 645 644)
4(571 4921 9175 4908)
4(636 4909 9175 5038)
4(645 5038 9175 4921)
4(562 4908 9060 4907)
4(562 4907 9165 4909)
4(9165 4907 9060 2964)
4(9060 4908 9175 2964)
4(9175 4909 9165 2964)
4(563 4911 9062 4910)
4(563 4910 9167 4912)
4(563 4912 9176 4911)
4(9062 4911 9176 2965)
4(9176 4912 9167 2965)
4(564 4915 9066 4914)
4(564 4914 9173 4916)
4(9173 4914 9066 2966)
4(9066 4915 9181 2966)
4(9181 4916 9173 2966)
5(566 575 4931 649 640)
4(574 4929 9185 4927)
6(639 640 649 5057 648 5047)
4(565 4918 9182 4917)
4(574 4917 9182 4929)
4(639 5047 9182 4918)
4(648 4929 9182 5047)
4(575 4927 9185 4931)
4(648 5057 9185 4929)
4(649 4931 9185 5057)
5(567 576 12486 650 641)
4(575 4931 12856 12484)
5(640 641 650 12496 649)
4(576 12484 12856 12486)
4(649 12496 12856 4931)
4(650 12486 12856 12496)
4(568 577 651 642)
5(576 12486 650 651 577)
4(641 642 651 650)
5(569 578 12489 652 643)
5(577 651 652 12489 578)
4(642 643 652 651)
5(570 579 4934 653 644)
4(578 12489 12857 12487)
5(643 644 653 12499 652)
4(579 12487 12857 4934)
4(652 12499 12857 12489)
4(653 4934 12857 12499)
4(571 4920 9186 4921)
4(579 4934 9187 4932)
6(644 645 5050 654 5062 653)
4(580 4937 9186 4920)
4(645 4921 9186 5050)
4(654 5050 9186 4937)
4(580 4932 9187 4937)
4(653 5062 9187 4934)
4(654 4937 9187 5062)
4(571 4920 9072 4919)
4(571 4919 9177 4921)
4(9177 4919 9072 2967)
4(9072 4920 9186 2967)
4(9186 4921 9177 2967)
4(574 4928 9077 4927)
4(574 4929 9191 4928)
4(9185 4927 9077 2969)
4(9077 4928 9191 2969)
4(9191 4929 9185 2969)
4(575 4931 9193 4930)
4(575 4930 12847 12484)
4(12856 12484 12847 12300)
4(12847 4930 9193 12300)
4(9193 4931 12856 12300)
5(577 585 4949 659 651)
4(584 4946 9197 4944)
6(650 651 659 5074 658 12497)
4(585 4944 9197 4949)
4(658 5074 9197 4946)
4(659 4949 9197 5074)
4(576 12486 12858 12485)
4(584 12485 12858 4946)
4(650 12497 12858 12486)
4(658 4946 12858 12497)
4(578 12488 12860 12489)
4(585 4949 9198 4947)
6(651 652 12500 660 5077 659)
4(586 4947 9198 4952)
4(659 5077 9198 4949)
4(660 4952 9198 5077)
4(586 4952 12860 12488)
4(652 12489 12860 12500)
4(660 12500 12860 4952)
4(578 12488 12849 12487)
4(12857 12487 12849 12301)
4(12849 12488 12860 12301)
4(12860 12489 12857 12301)
4(579 4933 9085 4932)
4(9187 4932 9085 2970)
4(9085 4933 9199 2970)
4(9199 4934 9187 2970)
4(579 4934 9199 4933)
4(580 4936 9086 4935)
4(580 4935 9189 4937)
4(580 4937 9201 4936)
4(9201 4937 9189 2971)
4(583 4942 9091 4941)
4(583 4943 9205 4942)
4(9196 4941 9091 2973)
4(9205 4943 9196 2973)
4(583 4941 9196 4943)
4(584 4945 9094 4944)
4(584 4946 9207 4945)
4(9197 4944 9094 2974)
4(9094 4945 9207 2974)
4(9207 4946 9197 2974)
4(585 4948 9097 4947)
4(585 4949 9210 4948)
4(9198 4947 9097 2975)
4(9097 4948 9210 2975)
4(9210 4949 9198 2975)
4(586 4951 9100 4950)
4(586 4952 9213 4951)
4(9200 4950 9100 2976)
4(9100 4951 9213 2976)
4(9213 4952 9200 2976)
4(586 4950 9200 4952)
4(587 4954 9101 4953)
4(587 4953 9202 4955)
4(587 4955 9216 4954)
4(9216 4955 9202 2977)
4(592 4967 9114 4966)
4(592 4968 9227 4967)
4(9221 4966 9114 2980)
4(9114 4967 9227 2980)
4(9227 4968 9221 2980)
4(593 4970 9117 4969)
4(593 4971 9230 4970)
4(9222 4969 9117 2981)
4(9117 4970 9230 2981)
4(9230 4971 9222 2981)
4(594 4973 9120 4972)
4(594 4974 9233 4973)
4(9120 4973 9233 2982)
4(9233 4974 9223 2982)
4(595 4977 9128 4976)
4(9225 4976 9128 2985)
4(9128 4977 9241 2985)
4(9241 4978 9225 2985)
4(596 4979 9228 4981)
4(596 4981 9244 4980)
4(596 4980 12852 4979)
4(9228 4979 12852 12302)
4(12852 4980 9244 12302)
4(9244 4981 9228 12302)
5(598 606 680 672 4985)
5(605 12493 679 680 606)
6(671 5112 672 680 679 12502)
4(597 4982 9231 4983)
4(598 4985 9231 4982)
4(671 4983 9231 5112)
4(672 5112 9231 4985)
4(597 4983 12862 12490)
4(605 12490 12862 12493)
4(671 12502 12862 4983)
4(679 12493 12862 12502)
4(599 12491 12865 4987)
5(606 680 681 12495 607)
6(672 5114 673 12503 681 680)
4(598 4984 9234 4985)
4(599 4987 9234 4984)
4(672 4985 9234 5114)
4(673 5114 9234 4987)
4(607 12495 12865 12491)
4(673 4987 12865 12503)
4(681 12503 12865 12495)
4(599 4986 9237 4987)
4(599 12491 12855 4986)
4(9237 4986 12855 12303)
4(12855 12491 12865 12303)
4(12865 4987 9237 12303)
4(600 4989 9132 4988)
4(600 4988 9239 4990)
4(9239 4988 9132 2986)
4(9132 4989 9247 2986)
4(9247 4990 9239 2986)
4(600 4990 9247 4989)
4(602 4994 9139 4993)
4(9242 4993 9139 2988)
4(9139 4994 9253 2988)
4(9253 4995 9242 2988)
5(604 613 687 678 4999)
5(612 5012 686 687 613)
6(677 5126 678 687 686 5127)
4(603 4996 9245 4998)
4(604 4999 9245 4996)
4(677 4998 9245 5126)
4(678 5126 9245 4999)
4(603 4998 9255 4997)
4(612 4997 9255 5012)
4(677 5127 9255 4998)
4(686 5012 9255 5127)
5(605 614 688 679 12493)
4(613 687 688 614)
5(678 12504 679 688 687)
4(604 12492 12863 4999)
4(605 12493 12863 12492)
4(678 4999 12863 12504)
4(679 12504 12863 12493)
4(606 615 689 680)
4(614 688 689 615)
4(679 680 689 688)
5(607 616 690 681 12495)
4(615 689 690 616)
4(680 681 690 689)
5(608 617 691 682 5001)
4(616 690 691 617)
5(681 12506 682 691 690)
4(607 12494 12866 12495)
4(608 5001 12866 12494)
4(681 12495 12866 12506)
4(682 12506 12866 5001)
4(609 5003 9258 5004)
5(617 691 692 5015 618)
6(682 5130 683 5133 692 691)
4(608 5000 9249 5001)
4(609 5004 9249 5000)
4(682 5001 9249 5130)
4(683 5130 9249 5004)
4(618 5015 9258 5003)
4(683 5004 9258 5133)
4(692 5133 9258 5015)
4(609 5003 9143 5002)
4(609 5002 9251 5004)
4(9251 5002 9143 2989)
4(9143 5003 9258 2989)
4(9258 5004 9251 2989)
4(611 5009 9150 5008)
4(611 5008 9256 5010)
4(611 5010 9263 5009)
4(9256 5008 9150 2991)
4(9150 5009 9263 2991)
4(9263 5010 9256 2991)
4(613 622 696 687)
5(621 5024 695 696 622)
5(686 687 696 695 5141)
4(612 5012 9266 5011)
4(621 5011 9266 5024)
4(686 5141 9266 5012)
4(695 5024 9266 5141)
4(614 623 697 688)
4(622 696 697 623)
4(687 688 697 696)
4(615 624 698 689)
4(623 697 698 624)
4(688 689 698 697)
4(616 625 699 690)
4(624 698 699 625)
4(689 690 699 698)
4(617 626 700 691)
4(625 699 700 626)
4(690 691 700 699)
4(618 5014 9269 5015)
5(626 700 701 5027 627)
5(691 692 5144 701 700)
4(627 5027 9269 5014)
4(692 5015 9269 5144)
4(701 5144 9269 5027)
4(618 5014 9154 5013)
4(618 5013 9260 5015)
4(9260 5013 9154 2992)
4(9154 5014 9269 2992)
4(9269 5015 9260 2992)
4(619 5017 9156 5016)
4(619 5018 9270 5017)
4(9156 5017 9270 2993)
4(9270 5018 9262 2993)
4(620 5021 9162 5020)
4(620 5020 9267 5022)
4(620 5022 9275 5021)
4(9267 5020 9162 2995)
4(9162 5021 9275 2995)
4(9275 5022 9267 2995)
4(622 631 705 696)
5(630 5036 704 705 631)
5(695 696 705 704 5153)
4(621 5024 9278 5023)
4(630 5023 9278 5036)
4(695 5153 9278 5024)
4(704 5036 9278 5153)
4(623 632 706 697)
4(631 705 706 632)
4(696 697 706 705)
4(624 633 707 698)
4(632 706 707 633)
4(697 698 707 706)
4(625 634 708 699)
4(633 707 708 634)
4(698 699 708 707)
4(626 635 709 700)
4(634 708 709 635)
4(699 700 709 708)
4(627 5026 9281 5027)
5(635 709 710 5039 636)
5(700 701 5156 710 709)
4(636 5039 9281 5026)
4(701 5027 9281 5156)
4(710 5156 9281 5039)
4(627 5026 9166 5025)
4(627 5025 9271 5027)
4(9271 5025 9166 2996)
4(9166 5026 9281 2996)
4(9281 5027 9271 2996)
4(628 5029 9168 5028)
4(628 5028 9273 5030)
4(628 5030 9282 5029)
4(9168 5029 9282 2997)
4(9282 5030 9273 2997)
4(629 5033 9174 5032)
4(629 5032 9279 5034)
4(629 5034 9287 5033)
4(9279 5032 9174 2999)
4(9174 5033 9287 2999)
4(9287 5034 9279 2999)
4(631 640 714 705)
5(639 5048 713 714 640)
5(704 705 714 713 5165)
4(630 5036 9290 5035)
4(639 5035 9290 5048)
4(704 5165 9290 5036)
4(713 5048 9290 5165)
4(632 641 715 706)
4(640 714 715 641)
4(705 706 715 714)
4(633 642 716 707)
4(641 715 716 642)
4(706 707 716 715)
4(634 643 717 708)
4(642 716 717 643)
4(707 708 717 716)
4(635 644 718 709)
4(643 717 718 644)
4(708 709 718 717)
4(636 5038 9293 5039)
5(644 718 719 5051 645)
5(709 710 5168 719 718)
4(645 5051 9293 5038)
4(710 5039 9293 5168)
4(719 5168 9293 5051)
4(636 5038 9178 5037)
4(636 5037 9283 5039)
4(9283 5037 9178 3000)
4(9178 5038 9293 3000)
4(9293 5039 9283 3000)
4(637 5041 9180 5040)
4(637 5040 9285 5042)
4(637 5042 9294 5041)
4(9180 5041 9294 3001)
4(9294 5042 9285 3001)
4(638 5045 9184 5044)
4(638 5044 9291 5046)
4(9291 5044 9184 3002)
4(9184 5045 9299 3002)
4(9299 5046 9291 3002)
5(640 649 5061 723 714)
4(648 5059 9303 5057)
6(713 714 723 5187 722 5177)
4(639 5048 9300 5047)
4(648 5047 9300 5059)
4(713 5177 9300 5048)
4(722 5059 9300 5177)
4(649 5057 9303 5061)
4(722 5187 9303 5059)
4(723 5061 9303 5187)
5(641 650 12498 724 715)
4(649 5061 12868 12496)
5(714 715 724 12508 723)
4(650 12496 12868 12498)
4(723 12508 12868 5061)
4(724 12498 12868 12508)
4(642 651 725 716)
5(650 12498 724 725 651)
4(715 716 725 724)
5(643 652 12501 726 717)
5(651 725 726 12501 652)
4(716 717 726 725)
5(644 653 5064 727 718)
4(652 12501 12869 12499)
5(717 718 727 12511 726)
4(653 12499 12869 5064)
4(726 12511 12869 12501)
4(727 5064 12869 12511)
4(645 5050 9304 5051)
4(653 5064 9305 5062)
6(718 719 5180 728 5192 727)
4(654 5067 9304 5050)
4(719 5051 9304 5180)
4(728 5180 9304 5067)
4(654 5062 9305 5067)
4(727 5192 9305 5064)
4(728 5067 9305 5192)
4(645 5050 9190 5049)
4(645 5049 9295 5051)
4(9295 5049 9190 3003)
4(9190 5050 9304 3003)
4(9304 5051 9295 3003)
4(648 5058 9195 5057)
4(648 5059 9309 5058)
4(9303 5057 9195 3005)
4(9195 5058 9309 3005)
4(9309 5059 9303 3005)
4(649 5061 9311 5060)
4(649 5060 12859 12496)
4(12868 12496 12859 12304)
4(12859 5060 9311 12304)
4(9311 5061 12868 12304)
5(651 659 5079 733 725)
4(658 5076 9315 5074)
6(724 725 733 5204 732 12509)
4(659 5074 9315 5079)
4(732 5204 9315 5076)
4(733 5079 9315 5204)
4(650 12498 12870 12497)
4(658 12497 12870 5076)
4(724 12509 12870 12498)
4(732 5076 12870 12509)
4(652 12500 12872 12501)
4(659 5079 9316 5077)
6(725 726 12512 734 5207 733)
4(660 5077 9316 5082)
4(733 5207 9316 5079)
4(734 5082 9316 5207)
4(660 5082 12872 12500)
4(726 12501 12872 12512)
4(734 12512 12872 5082)
4(652 12500 12861 12499)
4(12869 12499 12861 12305)
4(12861 12500 12872 12305)
4(12872 12501 12869 12305)
4(653 5063 9203 5062)
4(9305 5062 9203 3006)
4(9203 5063 9317 3006)
4(9317 5064 9305 3006)
4(653 5064 9317 5063)
4(654 5066 9204 5065)
4(654 5065 9307 5067)
4(654 5067 9319 5066)
4(9319 5067 9307 3007)
4(657 5072 9209 5071)
4(657 5073 9323 5072)
4(9314 5071 9209 3009)
4(9323 5073 9314 3009)
4(657 5071 9314 5073)
4(658 5075 9212 5074)
4(658 5076 9325 5075)
4(9315 5074 9212 3010)
4(9212 5075 9325 3010)
4(9325 5076 9315 3010)
4(659 5078 9215 5077)
4(659 5079 9328 5078)
4(9316 5077 9215 3011)
4(9215 5078 9328 3011)
4(9328 5079 9316 3011)
4(660 5081 9218 5080)
4(660 5082 9331 5081)
4(9318 5080 9218 3012)
4(9218 5081 9331 3012)
4(9331 5082 9318 3012)
4(660 5080 9318 5082)
4(661 5084 9219 5083)
4(661 5083 9320 5085)
4(661 5085 9334 5084)
4(9334 5085 9320 3013)
4(666 5097 9232 5096)
4(666 5098 9345 5097)
4(9339 5096 9232 3016)
4(9232 5097 9345 3016)
4(9345 5098 9339 3016)
4(667 5100 9235 5099)
4(667 5101 9348 5100)
4(9340 5099 9235 3017)
4(9235 5100 9348 3017)
4(9348 5101 9340 3017)
4(668 5103 9238 5102)
4(668 5104 9351 5103)
4(9238 5103 9351 3018)
4(9351 5104 9341 3018)
4(669 5107 9246 5106)
4(9343 5106 9246 3021)
4(9246 5107 9359 3021)
4(9359 5108 9343 3021)
4(670 5109 9346 5111)
4(670 5111 9362 5110)
4(670 5110 12864 5109)
4(9346 5109 12864 12306)
4(12864 5110 9362 12306)
4(9362 5111 9346 12306)
5(672 680 754 746 5115)
5(679 12505 753 754 680)
6(745 5242 746 754 753 12514)
4(671 5112 9349 5113)
4(672 5115 9349 5112)
4(745 5113 9349 5242)
4(746 5242 9349 5115)
4(671 5113 12874 12502)
4(679 12502 12874 12505)
4(745 12514 12874 5113)
4(753 12505 12874 12514)
4(673 12503 12877 5117)
5(680 754 755 12507 681)
6(746 5244 747 12515 755 754)
4(672 5114 9352 5115)
4(673 5117 9352 5114)
4(746 5115 9352 5244)
4(747 5244 9352 5117)
4(681 12507 12877 12503)
4(747 5117 12877 12515)
4(755 12515 12877 12507)
4(673 5116 9355 5117)
4(673 12503 12867 5116)
4(9355 5116 12867 12307)
4(12867 12503 12877 12307)
4(12877 5117 9355 12307)
4(674 5119 9250 5118)
4(674 5118 9357 5120)
4(9357 5118 9250 3022)
4(9250 5119 9365 3022)
4(9365 5120 9357 3022)
4(674 5120 9365 5119)
4(676 5124 9257 5123)
4(9360 5123 9257 3024)
4(9257 5124 9371 3024)
4(9371 5125 9360 3024)
5(678 687 761 752 5129)
5(686 5142 760 761 687)
6(751 5256 752 761 760 5257)
4(677 5126 9363 5128)
4(678 5129 9363 5126)
4(751 5128 9363 5256)
4(752 5256 9363 5129)
4(677 5128 9373 5127)
4(686 5127 9373 5142)
4(751 5257 9373 5128)
4(760 5142 9373 5257)
5(679 688 762 753 12505)
4(687 761 762 688)
5(752 12516 753 762 761)
4(678 12504 12875 5129)
4(679 12505 12875 12504)
4(752 5129 12875 12516)
4(753 12516 12875 12505)
4(680 689 763 754)
4(688 762 763 689)
4(753 754 763 762)
5(681 690 764 755 12507)
4(689 763 764 690)
4(754 755 764 763)
5(682 691 765 756 5131)
4(690 764 765 691)
5(755 12518 756 765 764)
4(681 12506 12878 12507)
4(682 5131 12878 12506)
4(755 12507 12878 12518)
4(756 12518 12878 5131)
4(683 5133 9376 5134)
5(691 765 766 5145 692)
6(756 5260 757 5263 766 765)
4(682 5130 9367 5131)
4(683 5134 9367 5130)
4(756 5131 9367 5260)
4(757 5260 9367 5134)
4(692 5145 9376 5133)
4(757 5134 9376 5263)
4(766 5263 9376 5145)
4(683 5133 9261 5132)
4(683 5132 9369 5134)
4(9369 5132 9261 3025)
4(9261 5133 9376 3025)
4(9376 5134 9369 3025)
4(685 5139 9268 5138)
4(685 5138 9374 5140)
4(685 5140 9381 5139)
4(9374 5138 9268 3027)
4(9268 5139 9381 3027)
4(9381 5140 9374 3027)
4(687 696 770 761)
5(695 5154 769 770 696)
5(760 761 770 769 5271)
4(686 5142 9384 5141)
4(695 5141 9384 5154)
4(760 5271 9384 5142)
4(769 5154 9384 5271)
4(688 697 771 762)
4(696 770 771 697)
4(761 762 771 770)
4(689 698 772 763)
4(697 771 772 698)
4(762 763 772 771)
4(690 699 773 764)
4(698 772 773 699)
4(763 764 773 772)
4(691 700 774 765)
4(699 773 774 700)
4(764 765 774 773)
4(692 5144 9387 5145)
5(700 774 775 5157 701)
5(765 766 5274 775 774)
4(701 5157 9387 5144)
4(766 5145 9387 5274)
4(775 5274 9387 5157)
4(692 5144 9272 5143)
4(692 5143 9378 5145)
4(9378 5143 9272 3028)
4(9272 5144 9387 3028)
4(9387 5145 9378 3028)
4(693 5147 9274 5146)
4(693 5148 9388 5147)
4(9274 5147 9388 3029)
4(9388 5148 9380 3029)
4(694 5151 9280 5150)
4(694 5150 9385 5152)
4(694 5152 9393 5151)
4(9385 5150 9280 3031)
4(9280 5151 9393 3031)
4(9393 5152 9385 3031)
4(696 705 779 770)
5(704 5166 778 779 705)
5(769 770 779 778 5283)
4(695 5154 9396 5153)
4(704 5153 9396 5166)
4(769 5283 9396 5154)
4(778 5166 9396 5283)
4(697 706 780 771)
4(705 779 780 706)
4(770 771 780 779)
4(698 707 781 772)
4(706 780 781 707)
4(771 772 781 780)
4(699 708 782 773)
4(707 781 782 708)
4(772 773 782 781)
4(700 709 783 774)
4(708 782 783 709)
4(773 774 783 782)
4(701 5156 9399 5157)
5(709 783 784 5169 710)
5(774 775 5286 784 783)
4(710 5169 9399 5156)
4(775 5157 9399 5286)
4(784 5286 9399 5169)
4(701 5156 9284 5155)
4(701 5155 9389 5157)
4(9389 5155 9284 3032)
4(9284 5156 9399 3032)
4(9399 5157 9389 3032)
4(702 5159 9286 5158)
4(702 5158 9391 5160)
4(702 5160 9400 5159)
4(9286 5159 9400 3033)
4(9400 5160 9391 3033)
4(703 5163 9292 5162)
4(703 5162 9397 5164)
4(703 5164 9405 5163)
4(9397 5162 9292 3035)
4(9292 5163 9405 3035)
4(9405 5164 9397 3035)
4(705 714 788 779)
5(713 5178 787 788 714)
5(778 779 788 787 5295)
4(704 5166 9408 5165)
4(713 5165 9408 5178)
4(778 5295 9408 5166)
4(787 5178 9408 5295)
4(706 715 789 780)
4(714 788 789 715)
4(779 780 789 788)
4(707 716 790 781)
4(715 789 790 716)
4(780 781 790 789)
4(708 717 791 782)
4(716 790 791 717)
4(781 782 791 790)
4(709 718 792 783)
4(717 791 792 718)
4(782 783 792 791)
4(710 5168 9411 5169)
5(718 792 793 5181 719)
5(783 784 5298 793 792)
4(719 5181 9411 5168)
4(784 5169 9411 5298)
4(793 5298 9411 5181)
4(710 5168 9296 5167)
4(710 5167 9401 5169)
4(9401 5167 9296 3036)
4(9296 5168 9411 3036)
4(9411 5169 9401 3036)
4(711 5171 9298 5170)
4(711 5170 9403 5172)
4(711 5172 9412 5171)
4(9298 5171 9412 3037)
4(9412 5172 9403 3037)
4(712 5175 9302 5174)
4(712 5174 9409 5176)
4(9409 5174 9302 3038)
4(9302 5175 9417 3038)
4(9417 5176 9409 3038)
5(714 723 5191 797 788)
4(722 5189 9421 5187)
6(787 788 797 5317 796 5307)
4(713 5178 9418 5177)
4(722 5177 9418 5189)
4(787 5307 9418 5178)
4(796 5189 9418 5307)
4(723 5187 9421 5191)
4(796 5317 9421 5189)
4(797 5191 9421 5317)
5(715 724 12510 798 789)
4(723 5191 12880 12508)
5(788 789 798 12520 797)
4(724 12508 12880 12510)
4(797 12520 12880 5191)
4(798 12510 12880 12520)
4(716 725 799 790)
5(724 12510 798 799 725)
4(789 790 799 798)
5(717 726 12513 800 791)
5(725 799 800 12513 726)
4(790 791 800 799)
5(718 727 5194 801 792)
4(726 12513 12881 12511)
5(791 792 801 12523 800)
4(727 12511 12881 5194)
4(800 12523 12881 12513)
4(801 5194 12881 12523)
4(719 5180 9422 5181)
4(727 5194 9423 5192)
6(792 793 5310 802 5322 801)
4(728 5197 9422 5180)
4(793 5181 9422 5310)
4(802 5310 9422 5197)
4(728 5192 9423 5197)
4(801 5322 9423 5194)
4(802 5197 9423 5322)
4(719 5180 9308 5179)
4(719 5179 9413 5181)
4(9413 5179 9308 3039)
4(9308 5180 9422 3039)
4(9422 5181 9413 3039)
4(722 5188 9313 5187)
4(722 5189 9427 5188)
4(9421 5187 9313 3041)
4(9313 5188 9427 3041)
4(9427 5189 9421 3041)
4(723 5191 9429 5190)
4(723 5190 12871 12508)
4(12880 12508 12871 12308)
4(12871 5190 9429 12308)
4(9429 5191 12880 12308)
5(725 733 5209 807 799)
4(732 5206 9433 5204)
6(798 799 807 5334 806 12521)
4(733 5204 9433 5209)
4(806 5334 9433 5206)
4(807 5209 9433 5334)
4(724 12510 12882 12509)
4(732 12509 12882 5206)
4(798 12521 12882 12510)
4(806 5206 12882 12521)
4(726 12512 12884 12513)
4(733 5209 9434 5207)
6(799 800 12524 808 5337 807)
4(734 5207 9434 5212)
4(807 5337 9434 5209)
4(808 5212 9434 5337)
4(734 5212 12884 12512)
4(800 12513 12884 12524)
4(808 12524 12884 5212)
4(726 12512 12873 12511)
4(12881 12511 12873 12309)
4(12873 12512 12884 12309)
4(12884 12513 12881 12309)
4(727 5193 9321 5192)
4(9423 5192 9321 3042)
4(9321 5193 9435 3042)
4(9435 5194 9423 3042)
4(727 5194 9435 5193)
4(728 5196 9322 5195)
4(728 5195 9425 5197)
4(728 5197 9437 5196)
4(9437 5197 9425 3043)
4(731 5202 9327 5201)
4(731 5203 9441 5202)
4(9432 5201 9327 3045)
4(9441 5203 9432 3045)
4(731 5201 9432 5203)
4(732 5205 9330 5204)
4(732 5206 9443 5205)
4(9433 5204 9330 3046)
4(9330 5205 9443 3046)
4(9443 5206 9433 3046)
4(733 5208 9333 5207)
4(733 5209 9446 5208)
4(9434 5207 9333 3047)
4(9333 5208 9446 3047)
4(9446 5209 9434 3047)
4(734 5211 9336 5210)
4(734 5212 9449 5211)
4(9436 5210 9336 3048)
4(9336 5211 9449 3048)
4(9449 5212 9436 3048)
4(734 5210 9436 5212)
4(735 5214 9337 5213)
4(735 5213 9438 5215)
4(735 5215 9452 5214)
4(9452 5215 9438 3049)
4(740 5227 9350 5226)
4(740 5228 9463 5227)
4(9457 5226 9350 3052)
4(9350 5227 9463 3052)
4(9463 5228 9457 3052)
4(741 5230 9353 5229)
4(741 5231 9466 5230)
4(9458 5229 9353 3053)
4(9353 5230 9466 3053)
4(9466 5231 9458 3053)
4(742 5233 9356 5232)
4(742 5234 9469 5233)
4(9356 5233 9469 3054)
4(9469 5234 9459 3054)
4(743 5237 9364 5236)
4(9461 5236 9364 3057)
4(9364 5237 9477 3057)
4(9477 5238 9461 3057)
4(744 5239 9464 5241)
4(744 5241 9480 5240)
4(744 5240 12876 5239)
4(9464 5239 12876 12310)
4(12876 5240 9480 12310)
4(9480 5241 9464 12310)
5(746 754 828 820 5245)
5(753 12517 827 828 754)
6(819 5372 820 828 827 12526)
4(745 5242 9467 5243)
4(746 5245 9467 5242)
4(819 5243 9467 5372)
4(820 5372 9467 5245)
4(745 5243 12886 12514)
4(753 12514 12886 12517)
4(819 12526 12886 5243)
4(827 12517 12886 12526)
4(747 12515 12889 5247)
5(754 828 829 12519 755)
6(820 5374 821 12527 829 828)
4(746 5244 9470 5245)
4(747 5247 9470 5244)
4(820 5245 9470 5374)
4(821 5374 9470 5247)
4(755 12519 12889 12515)
4(821 5247 12889 12527)
4(829 12527 12889 12519)
4(747 5246 9473 5247)
4(747 12515 12879 5246)
4(9473 5246 12879 12311)
4(12879 12515 12889 12311)
4(12889 5247 9473 12311)
4(748 5249 9368 5248)
4(748 5248 9475 5250)
4(9475 5248 9368 3058)
4(9368 5249 9483 3058)
4(9483 5250 9475 3058)
4(748 5250 9483 5249)
4(750 5254 9375 5253)
4(9478 5253 9375 3060)
4(9375 5254 9489 3060)
4(9489 5255 9478 3060)
5(752 761 835 826 5259)
5(760 5272 834 835 761)
6(825 5386 826 835 834 5387)
4(751 5256 9481 5258)
4(752 5259 9481 5256)
4(825 5258 9481 5386)
4(826 5386 9481 5259)
4(751 5258 9491 5257)
4(760 5257 9491 5272)
4(825 5387 9491 5258)
4(834 5272 9491 5387)
5(753 762 836 827 12517)
4(761 835 836 762)
5(826 12528 827 836 835)
4(752 12516 12887 5259)
4(753 12517 12887 12516)
4(826 5259 12887 12528)
4(827 12528 12887 12517)
4(754 763 837 828)
4(762 836 837 763)
4(827 828 837 836)
5(755 764 838 829 12519)
4(763 837 838 764)
4(828 829 838 837)
5(756 765 839 830 5261)
4(764 838 839 765)
5(829 12530 830 839 838)
4(755 12518 12890 12519)
4(756 5261 12890 12518)
4(829 12519 12890 12530)
4(830 12530 12890 5261)
4(757 5263 9494 5264)
5(765 839 840 5275 766)
6(830 5390 831 5393 840 839)
4(756 5260 9485 5261)
4(757 5264 9485 5260)
4(830 5261 9485 5390)
4(831 5390 9485 5264)
4(766 5275 9494 5263)
4(831 5264 9494 5393)
4(840 5393 9494 5275)
4(757 5263 9379 5262)
4(757 5262 9487 5264)
4(9487 5262 9379 3061)
4(9379 5263 9494 3061)
4(9494 5264 9487 3061)
4(759 5269 9386 5268)
4(759 5268 9492 5270)
4(759 5270 9499 5269)
4(9492 5268 9386 3063)
4(9386 5269 9499 3063)
4(9499 5270 9492 3063)
4(761 770 844 835)
5(769 5284 843 844 770)
5(834 835 844 843 5401)
4(760 5272 9502 5271)
4(769 5271 9502 5284)
4(834 5401 9502 5272)
4(843 5284 9502 5401)
4(762 771 845 836)
4(770 844 845 771)
4(835 836 845 844)
4(763 772 846 837)
4(771 845 846 772)
4(836 837 846 845)
4(764 773 847 838)
4(772 846 847 773)
4(837 838 847 846)
4(765 774 848 839)
4(773 847 848 774)
4(838 839 848 847)
4(766 5274 9505 5275)
5(774 848 849 5287 775)
5(839 840 5404 849 848)
4(775 5287 9505 5274)
4(840 5275 9505 5404)
4(849 5404 9505 5287)
4(766 5274 9390 5273)
4(766 5273 9496 5275)
4(9496 5273 9390 3064)
4(9390 5274 9505 3064)
4(9505 5275 9496 3064)
4(767 5277 9392 5276)
4(767 5278 9506 5277)
4(9392 5277 9506 3065)
4(9506 5278 9498 3065)
4(768 5281 9398 5280)
4(768 5280 9503 5282)
4(768 5282 9511 5281)
4(9503 5280 9398 3067)
4(9398 5281 9511 3067)
4(9511 5282 9503 3067)
4(770 779 853 844)
5(778 5296 852 853 779)
5(843 844 853 852 5413)
4(769 5284 9514 5283)
4(778 5283 9514 5296)
4(843 5413 9514 5284)
4(852 5296 9514 5413)
4(771 780 854 845)
4(779 853 854 780)
4(844 845 854 853)
4(772 781 855 846)
4(780 854 855 781)
4(845 846 855 854)
4(773 782 856 847)
4(781 855 856 782)
4(846 847 856 855)
4(774 783 857 848)
4(782 856 857 783)
4(847 848 857 856)
4(775 5286 9517 5287)
5(783 857 858 5299 784)
5(848 849 5416 858 857)
4(784 5299 9517 5286)
4(849 5287 9517 5416)
4(858 5416 9517 5299)
4(775 5286 9402 5285)
4(775 5285 9507 5287)
4(9507 5285 9402 3068)
4(9402 5286 9517 3068)
4(9517 5287 9507 3068)
4(776 5289 9404 5288)
4(776 5288 9509 5290)
4(776 5290 9518 5289)
4(9404 5289 9518 3069)
4(9518 5290 9509 3069)
4(777 5293 9410 5292)
4(777 5292 9515 5294)
4(777 5294 9523 5293)
4(9515 5292 9410 3071)
4(9410 5293 9523 3071)
4(9523 5294 9515 3071)
4(779 788 862 853)
5(787 5308 861 862 788)
5(852 853 862 861 5425)
4(778 5296 9526 5295)
4(787 5295 9526 5308)
4(852 5425 9526 5296)
4(861 5308 9526 5425)
4(780 789 863 854)
4(788 862 863 789)
4(853 854 863 862)
4(781 790 864 855)
4(789 863 864 790)
4(854 855 864 863)
4(782 791 865 856)
4(790 864 865 791)
4(855 856 865 864)
4(783 792 866 857)
4(791 865 866 792)
4(856 857 866 865)
4(784 5298 9529 5299)
5(792 866 867 5311 793)
5(857 858 5428 867 866)
4(793 5311 9529 5298)
4(858 5299 9529 5428)
4(867 5428 9529 5311)
4(784 5298 9414 5297)
4(784 5297 9519 5299)
4(9519 5297 9414 3072)
4(9414 5298 9529 3072)
4(9529 5299 9519 3072)
4(785 5301 9416 5300)
4(785 5300 9521 5302)
4(785 5302 9530 5301)
4(9416 5301 9530 3073)
4(9530 5302 9521 3073)
4(786 5305 9420 5304)
4(786 5304 9527 5306)
4(9527 5304 9420 3074)
4(9420 5305 9535 3074)
4(9535 5306 9527 3074)
5(788 797 5321 871 862)
4(796 5319 9539 5317)
6(861 862 871 5447 870 5437)
4(787 5308 9536 5307)
4(796 5307 9536 5319)
4(861 5437 9536 5308)
4(870 5319 9536 5437)
4(797 5317 9539 5321)
4(870 5447 9539 5319)
4(871 5321 9539 5447)
5(789 798 12522 872 863)
4(797 5321 12892 12520)
5(862 863 872 12532 871)
4(798 12520 12892 12522)
4(871 12532 12892 5321)
4(872 12522 12892 12532)
4(790 799 873 864)
5(798 12522 872 873 799)
4(863 864 873 872)
5(791 800 12525 874 865)
5(799 873 874 12525 800)
4(864 865 874 873)
5(792 801 5324 875 866)
4(800 12525 12893 12523)
5(865 866 875 12535 874)
4(801 12523 12893 5324)
4(874 12535 12893 12525)
4(875 5324 12893 12535)
4(793 5310 9540 5311)
4(801 5324 9541 5322)
6(866 867 5440 876 5452 875)
4(802 5327 9540 5310)
4(867 5311 9540 5440)
4(876 5440 9540 5327)
4(802 5322 9541 5327)
4(875 5452 9541 5324)
4(876 5327 9541 5452)
4(793 5310 9426 5309)
4(793 5309 9531 5311)
4(9531 5309 9426 3075)
4(9426 5310 9540 3075)
4(9540 5311 9531 3075)
4(796 5318 9431 5317)
4(796 5319 9545 5318)
4(9539 5317 9431 3077)
4(9431 5318 9545 3077)
4(9545 5319 9539 3077)
4(797 5321 9547 5320)
4(797 5320 12883 12520)
4(12892 12520 12883 12312)
4(12883 5320 9547 12312)
4(9547 5321 12892 12312)
5(799 807 5339 881 873)
4(806 5336 9551 5334)
6(872 873 881 5464 880 12533)
4(807 5334 9551 5339)
4(880 5464 9551 5336)
4(881 5339 9551 5464)
4(798 12522 12894 12521)
4(806 12521 12894 5336)
4(872 12533 12894 12522)
4(880 5336 12894 12533)
4(800 12524 12896 12525)
4(807 5339 9552 5337)
6(873 874 12536 882 5467 881)
4(808 5337 9552 5342)
4(881 5467 9552 5339)
4(882 5342 9552 5467)
4(808 5342 12896 12524)
4(874 12525 12896 12536)
4(882 12536 12896 5342)
4(800 12524 12885 12523)
4(12893 12523 12885 12313)
4(12885 12524 12896 12313)
4(12896 12525 12893 12313)
4(801 5323 9439 5322)
4(9541 5322 9439 3078)
4(9439 5323 9553 3078)
4(9553 5324 9541 3078)
4(801 5324 9553 5323)
4(802 5326 9440 5325)
4(802 5325 9543 5327)
4(802 5327 9555 5326)
4(9555 5327 9543 3079)
4(805 5332 9445 5331)
4(805 5333 9559 5332)
4(9550 5331 9445 3081)
4(9559 5333 9550 3081)
4(805 5331 9550 5333)
4(806 5335 9448 5334)
4(806 5336 9561 5335)
4(9551 5334 9448 3082)
4(9448 5335 9561 3082)
4(9561 5336 9551 3082)
4(807 5338 9451 5337)
4(807 5339 9564 5338)
4(9552 5337 9451 3083)
4(9451 5338 9564 3083)
4(9564 5339 9552 3083)
4(808 5341 9454 5340)
4(808 5342 9567 5341)
4(9554 5340 9454 3084)
4(9454 5341 9567 3084)
4(9567 5342 9554 3084)
4(808 5340 9554 5342)
4(809 5344 9455 5343)
4(809 5343 9556 5345)
4(809 5345 9570 5344)
4(9570 5345 9556 3085)
4(814 5357 9468 5356)
4(814 5358 9581 5357)
4(9575 5356 9468 3088)
4(9468 5357 9581 3088)
4(9581 5358 9575 3088)
4(815 5360 9471 5359)
4(815 5361 9584 5360)
4(9576 5359 9471 3089)
4(9471 5360 9584 3089)
4(9584 5361 9576 3089)
4(816 5363 9474 5362)
4(816 5364 9587 5363)
4(9474 5363 9587 3090)
4(9587 5364 9577 3090)
4(817 5367 9482 5366)
4(9579 5366 9482 3093)
4(9482 5367 9595 3093)
4(9595 5368 9579 3093)
4(818 5369 9582 5371)
4(818 5371 9598 5370)
4(818 5370 12888 5369)
4(9582 5369 12888 12314)
4(12888 5370 9598 12314)
4(9598 5371 9582 12314)
5(820 828 902 894 5375)
5(827 12529 901 902 828)
6(893 5502 894 902 901 12538)
4(819 5372 9585 5373)
4(820 5375 9585 5372)
4(893 5373 9585 5502)
4(894 5502 9585 5375)
4(819 5373 12898 12526)
4(827 12526 12898 12529)
4(893 12538 12898 5373)
4(901 12529 12898 12538)
4(821 12527 12901 5377)
5(828 902 903 12531 829)
6(894 5504 895 12539 903 902)
4(820 5374 9588 5375)
4(821 5377 9588 5374)
4(894 5375 9588 5504)
4(895 5504 9588 5377)
4(829 12531 12901 12527)
4(895 5377 12901 12539)
4(903 12539 12901 12531)
4(821 5376 9591 5377)
4(821 12527 12891 5376)
4(9591 5376 12891 12315)
4(12891 12527 12901 12315)
4(12901 5377 9591 12315)
4(822 5379 9486 5378)
4(822 5378 9593 5380)
4(9593 5378 9486 3094)
4(9486 5379 9601 3094)
4(9601 5380 9593 3094)
4(822 5380 9601 5379)
4(824 5384 9493 5383)
4(9596 5383 9493 3096)
4(9493 5384 9607 3096)
4(9607 5385 9596 3096)
5(826 835 909 900 5389)
5(834 5402 908 909 835)
6(899 5516 900 909 908 5517)
4(825 5386 9599 5388)
4(826 5389 9599 5386)
4(899 5388 9599 5516)
4(900 5516 9599 5389)
4(825 5388 9609 5387)
4(834 5387 9609 5402)
4(899 5517 9609 5388)
4(908 5402 9609 5517)
5(827 836 910 901 12529)
4(835 909 910 836)
5(900 12540 901 910 909)
4(826 12528 12899 5389)
4(827 12529 12899 12528)
4(900 5389 12899 12540)
4(901 12540 12899 12529)
4(828 837 911 902)
4(836 910 911 837)
4(901 902 911 910)
5(829 838 912 903 12531)
4(837 911 912 838)
4(902 903 912 911)
5(830 839 913 904 5391)
4(838 912 913 839)
5(903 12542 904 913 912)
4(829 12530 12902 12531)
4(830 5391 12902 12530)
4(903 12531 12902 12542)
4(904 12542 12902 5391)
4(831 5393 9612 5394)
5(839 913 914 5405 840)
6(904 5520 905 5523 914 913)
4(830 5390 9603 5391)
4(831 5394 9603 5390)
4(904 5391 9603 5520)
4(905 5520 9603 5394)
4(840 5405 9612 5393)
4(905 5394 9612 5523)
4(914 5523 9612 5405)
4(831 5393 9497 5392)
4(831 5392 9605 5394)
4(9605 5392 9497 3097)
4(9497 5393 9612 3097)
4(9612 5394 9605 3097)
4(833 5399 9504 5398)
4(833 5398 9610 5400)
4(833 5400 9617 5399)
4(9610 5398 9504 3099)
4(9504 5399 9617 3099)
4(9617 5400 9610 3099)
4(835 844 918 909)
5(843 5414 917 918 844)
5(908 909 918 917 5531)
4(834 5402 9620 5401)
4(843 5401 9620 5414)
4(908 5531 9620 5402)
4(917 5414 9620 5531)
4(836 845 919 910)
4(844 918 919 845)
4(909 910 919 918)
4(837 846 920 911)
4(845 919 920 846)
4(910 911 920 919)
4(838 847 921 912)
4(846 920 921 847)
4(911 912 921 920)
4(839 848 922 913)
4(847 921 922 848)
4(912 913 922 921)
4(840 5404 9623 5405)
5(848 922 923 5417 849)
5(913 914 5534 923 922)
4(849 5417 9623 5404)
4(914 5405 9623 5534)
4(923 5534 9623 5417)
4(840 5404 9508 5403)
4(840 5403 9614 5405)
4(9614 5403 9508 3100)
4(9508 5404 9623 3100)
4(9623 5405 9614 3100)
4(841 5407 9510 5406)
4(841 5408 9624 5407)
4(9510 5407 9624 3101)
4(9624 5408 9616 3101)
4(842 5411 9516 5410)
4(842 5410 9621 5412)
4(842 5412 9629 5411)
4(9621 5410 9516 3103)
4(9516 5411 9629 3103)
4(9629 5412 9621 3103)
4(844 853 927 918)
5(852 5426 926 927 853)
5(917 918 927 926 5543)
4(843 5414 9632 5413)
4(852 5413 9632 5426)
4(917 5543 9632 5414)
4(926 5426 9632 5543)
4(845 854 928 919)
4(853 927 928 854)
4(918 919 928 927)
4(846 855 929 920)
4(854 928 929 855)
4(919 920 929 928)
4(847 856 930 921)
4(855 929 930 856)
4(920 921 930 929)
4(848 857 931 922)
4(856 930 931 857)
4(921 922 931 930)
4(849 5416 9635 5417)
5(857 931 932 5429 858)
5(922 923 5546 932 931)
4(858 5429 9635 5416)
4(923 5417 9635 5546)
4(932 5546 9635 5429)
4(849 5416 9520 5415)
4(849 5415 9625 5417)
4(9625 5415 9520 3104)
4(9520 5416 9635 3104)
4(9635 5417 9625 3104)
4(850 5419 9522 5418)
4(850 5418 9627 5420)
4(850 5420 9636 5419)
4(9522 5419 9636 3105)
4(9636 5420 9627 3105)
4(851 5423 9528 5422)
4(851 5422 9633 5424)
4(851 5424 9641 5423)
4(9633 5422 9528 3107)
4(9528 5423 9641 3107)
4(9641 5424 9633 3107)
4(853 862 936 927)
5(861 5438 935 936 862)
5(926 927 936 935 5555)
4(852 5426 9644 5425)
4(861 5425 9644 5438)
4(926 5555 9644 5426)
4(935 5438 9644 5555)
4(854 863 937 928)
4(862 936 937 863)
4(927 928 937 936)
4(855 864 938 929)
4(863 937 938 864)
4(928 929 938 937)
4(856 865 939 930)
4(864 938 939 865)
4(929 930 939 938)
4(857 866 940 931)
4(865 939 940 866)
4(930 931 940 939)
4(858 5428 9647 5429)
5(866 940 941 5441 867)
5(931 932 5558 941 940)
4(867 5441 9647 5428)
4(932 5429 9647 5558)
4(941 5558 9647 5441)
4(858 5428 9532 5427)
4(858 5427 9637 5429)
4(9637 5427 9532 3108)
4(9532 5428 9647 3108)
4(9647 5429 9637 3108)
4(859 5431 9534 5430)
4(859 5430 9639 5432)
4(859 5432 9648 5431)
4(9534 5431 9648 3109)
4(9648 5432 9639 3109)
4(860 5435 9538 5434)
4(860 5434 9645 5436)
4(9645 5434 9538 3110)
4(9538 5435 9653 3110)
4(9653 5436 9645 3110)
5(862 871 5451 945 936)
4(870 5449 9657 5447)
6(935 936 945 5577 944 5567)
4(861 5438 9654 5437)
4(870 5437 9654 5449)
4(935 5567 9654 5438)
4(944 5449 9654 5567)
4(871 5447 9657 5451)
4(944 5577 9657 5449)
4(945 5451 9657 5577)
5(863 872 12534 946 937)
4(871 5451 12904 12532)
5(936 937 946 12544 945)
4(872 12532 12904 12534)
4(945 12544 12904 5451)
4(946 12534 12904 12544)
4(864 873 947 938)
5(872 12534 946 947 873)
4(937 938 947 946)
5(865 874 12537 948 939)
5(873 947 948 12537 874)
4(938 939 948 947)
5(866 875 5454 949 940)
4(874 12537 12905 12535)
5(939 940 949 12547 948)
4(875 12535 12905 5454)
4(948 12547 12905 12537)
4(949 5454 12905 12547)
4(867 5440 9658 5441)
4(875 5454 9659 5452)
6(940 941 5570 950 5582 949)
4(876 5457 9658 5440)
4(941 5441 9658 5570)
4(950 5570 9658 5457)
4(876 5452 9659 5457)
4(949 5582 9659 5454)
4(950 5457 9659 5582)
4(867 5440 9544 5439)
4(867 5439 9649 5441)
4(9649 5439 9544 3111)
4(9544 5440 9658 3111)
4(9658 5441 9649 3111)
4(870 5448 9549 5447)
4(870 5449 9663 5448)
4(9657 5447 9549 3113)
4(9549 5448 9663 3113)
4(9663 5449 9657 3113)
4(871 5451 9665 5450)
4(871 5450 12895 12532)
4(12904 12532 12895 12316)
4(12895 5450 9665 12316)
4(9665 5451 12904 12316)
5(873 881 5469 955 947)
4(880 5466 9669 5464)
6(946 947 955 5594 954 12545)
4(881 5464 9669 5469)
4(954 5594 9669 5466)
4(955 5469 9669 5594)
4(872 12534 12906 12533)
4(880 12533 12906 5466)
4(946 12545 12906 12534)
4(954 5466 12906 12545)
4(874 12536 12908 12537)
4(881 5469 9670 5467)
6(947 948 12548 956 5597 955)
4(882 5467 9670 5472)
4(955 5597 9670 5469)
4(956 5472 9670 5597)
4(882 5472 12908 12536)
4(948 12537 12908 12548)
4(956 12548 12908 5472)
4(874 12536 12897 12535)
4(12905 12535 12897 12317)
4(12897 12536 12908 12317)
4(12908 12537 12905 12317)
4(875 5453 9557 5452)
4(9659 5452 9557 3114)
4(9557 5453 9671 3114)
4(9671 5454 9659 3114)
4(875 5454 9671 5453)
4(876 5456 9558 5455)
4(876 5455 9661 5457)
4(876 5457 9673 5456)
4(9673 5457 9661 3115)
4(879 5462 9563 5461)
4(879 5463 9677 5462)
4(9668 5461 9563 3117)
4(9677 5463 9668 3117)
4(879 5461 9668 5463)
4(880 5465 9566 5464)
4(880 5466 9679 5465)
4(9669 5464 9566 3118)
4(9566 5465 9679 3118)
4(9679 5466 9669 3118)
4(881 5468 9569 5467)
4(881 5469 9682 5468)
4(9670 5467 9569 3119)
4(9569 5468 9682 3119)
4(9682 5469 9670 3119)
4(882 5471 9572 5470)
4(882 5472 9685 5471)
4(9672 5470 9572 3120)
4(9572 5471 9685 3120)
4(9685 5472 9672 3120)
4(882 5470 9672 5472)
4(883 5474 9573 5473)
4(883 5473 9674 5475)
4(883 5475 9688 5474)
4(9688 5475 9674 3121)
4(888 5487 9586 5486)
4(888 5488 9699 5487)
4(9693 5486 9586 3124)
4(9586 5487 9699 3124)
4(9699 5488 9693 3124)
4(889 5490 9589 5489)
4(889 5491 9702 5490)
4(9694 5489 9589 3125)
4(9589 5490 9702 3125)
4(9702 5491 9694 3125)
4(890 5493 9592 5492)
4(890 5494 9705 5493)
4(9592 5493 9705 3126)
4(9705 5494 9695 3126)
4(891 5497 9600 5496)
4(9697 5496 9600 3129)
4(9600 5497 9713 3129)
4(9713 5498 9697 3129)
4(892 5499 9700 5501)
4(892 5501 9716 5500)
4(892 5500 12900 5499)
4(9700 5499 12900 12318)
4(12900 5500 9716 12318)
4(9716 5501 9700 12318)
5(894 902 976 968 5505)
5(901 12541 975 976 902)
6(967 5632 968 976 975 12550)
4(893 5502 9703 5503)
4(894 5505 9703 5502)
4(967 5503 9703 5632)
4(968 5632 9703 5505)
4(893 5503 12910 12538)
4(901 12538 12910 12541)
4(967 12550 12910 5503)
4(975 12541 12910 12550)
4(895 12539 12913 5507)
5(902 976 977 12543 903)
6(968 5634 969 12551 977 976)
4(894 5504 9706 5505)
4(895 5507 9706 5504)
4(968 5505 9706 5634)
4(969 5634 9706 5507)
4(903 12543 12913 12539)
4(969 5507 12913 12551)
4(977 12551 12913 12543)
4(895 5506 9709 5507)
4(895 12539 12903 5506)
4(9709 5506 12903 12319)
4(12903 12539 12913 12319)
4(12913 5507 9709 12319)
4(896 5509 9604 5508)
4(896 5508 9711 5510)
4(9711 5508 9604 3130)
4(9604 5509 9719 3130)
4(9719 5510 9711 3130)
4(896 5510 9719 5509)
4(898 5514 9611 5513)
4(9714 5513 9611 3132)
4(9611 5514 9725 3132)
4(9725 5515 9714 3132)
5(900 909 983 974 5519)
5(908 5532 982 983 909)
6(973 5646 974 983 982 5647)
4(899 5516 9717 5518)
4(900 5519 9717 5516)
4(973 5518 9717 5646)
4(974 5646 9717 5519)
4(899 5518 9727 5517)
4(908 5517 9727 5532)
4(973 5647 9727 5518)
4(982 5532 9727 5647)
5(901 910 984 975 12541)
4(909 983 984 910)
5(974 12552 975 984 983)
4(900 12540 12911 5519)
4(901 12541 12911 12540)
4(974 5519 12911 12552)
4(975 12552 12911 12541)
4(902 911 985 976)
4(910 984 985 911)
4(975 976 985 984)
5(903 912 986 977 12543)
4(911 985 986 912)
4(976 977 986 985)
5(904 913 987 978 5521)
4(912 986 987 913)
5(977 12554 978 987 986)
4(903 12542 12914 12543)
4(904 5521 12914 12542)
4(977 12543 12914 12554)
4(978 12554 12914 5521)
4(905 5523 9730 5524)
5(913 987 988 5535 914)
6(978 5650 979 5653 988 987)
4(904 5520 9721 5521)
4(905 5524 9721 5520)
4(978 5521 9721 5650)
4(979 5650 9721 5524)
4(914 5535 9730 5523)
4(979 5524 9730 5653)
4(988 5653 9730 5535)
4(905 5523 9615 5522)
4(905 5522 9723 5524)
4(9723 5522 9615 3133)
4(9615 5523 9730 3133)
4(9730 5524 9723 3133)
4(907 5529 9622 5528)
4(907 5528 9728 5530)
4(907 5530 9735 5529)
4(9728 5528 9622 3135)
4(9622 5529 9735 3135)
4(9735 5530 9728 3135)
4(909 918 992 983)
5(917 5544 991 992 918)
5(982 983 992 991 5661)
4(908 5532 9738 5531)
4(917 5531 9738 5544)
4(982 5661 9738 5532)
4(991 5544 9738 5661)
4(910 919 993 984)
4(918 992 993 919)
4(983 984 993 992)
4(911 920 994 985)
4(919 993 994 920)
4(984 985 994 993)
4(912 921 995 986)
4(920 994 995 921)
4(985 986 995 994)
4(913 922 996 987)
4(921 995 996 922)
4(986 987 996 995)
4(914 5534 9741 5535)
5(922 996 997 5547 923)
5(987 988 5664 997 996)
4(923 5547 9741 5534)
4(988 5535 9741 5664)
4(997 5664 9741 5547)
4(914 5534 9626 5533)
4(914 5533 9732 5535)
4(9732 5533 9626 3136)
4(9626 5534 9741 3136)
4(9741 5535 9732 3136)
4(915 5537 9628 5536)
4(915 5538 9742 5537)
4(9628 5537 9742 3137)
4(9742 5538 9734 3137)
4(916 5541 9634 5540)
4(916 5540 9739 5542)
4(916 5542 9747 5541)
4(9739 5540 9634 3139)
4(9634 5541 9747 3139)
4(9747 5542 9739 3139)
4(918 927 1001 992)
5(926 5556 1000 1001 927)
5(991 992 1001 1000 5673)
4(917 5544 9750 5543)
4(926 5543 9750 5556)
4(991 5673 9750 5544)
4(1000 5556 9750 5673)
4(919 928 1002 993)
4(927 1001 1002 928)
4(992 993 1002 1001)
4(920 929 1003 994)
4(928 1002 1003 929)
4(993 994 1003 1002)
4(921 930 1004 995)
4(929 1003 1004 930)
4(994 995 1004 1003)
4(922 931 1005 996)
4(930 1004 1005 931)
4(995 996 1005 1004)
4(923 5546 9753 5547)
5(931 1005 1006 5559 932)
5(996 997 5676 1006 1005)
4(932 5559 9753 5546)
4(997 5547 9753 5676)
4(1006 5676 9753 5559)
4(923 5546 9638 5545)
4(923 5545 9743 5547)
4(9743 5545 9638 3140)
4(9638 5546 9753 3140)
4(9753 5547 9743 3140)
4(924 5549 9640 5548)
4(924 5548 9745 5550)
4(924 5550 9754 5549)
4(9640 5549 9754 3141)
4(9754 5550 9745 3141)
4(925 5553 9646 5552)
4(925 5552 9751 5554)
4(925 5554 9759 5553)
4(9751 5552 9646 3143)
4(9646 5553 9759 3143)
4(9759 5554 9751 3143)
4(927 936 1010 1001)
5(935 5568 1009 1010 936)
5(1000 1001 1010 1009 5685)
4(926 5556 9762 5555)
4(935 5555 9762 5568)
4(1000 5685 9762 5556)
4(1009 5568 9762 5685)
4(928 937 1011 1002)
4(936 1010 1011 937)
4(1001 1002 1011 1010)
4(929 938 1012 1003)
4(937 1011 1012 938)
4(1002 1003 1012 1011)
4(930 939 1013 1004)
4(938 1012 1013 939)
4(1003 1004 1013 1012)
4(931 940 1014 1005)
4(939 1013 1014 940)
4(1004 1005 1014 1013)
4(932 5558 9765 5559)
5(940 1014 1015 5571 941)
5(1005 1006 5688 1015 1014)
4(941 5571 9765 5558)
4(1006 5559 9765 5688)
4(1015 5688 9765 5571)
4(932 5558 9650 5557)
4(932 5557 9755 5559)
4(9755 5557 9650 3144)
4(9650 5558 9765 3144)
4(9765 5559 9755 3144)
4(933 5561 9652 5560)
4(933 5560 9757 5562)
4(933 5562 9766 5561)
4(9652 5561 9766 3145)
4(9766 5562 9757 3145)
4(934 5565 9656 5564)
4(934 5564 9763 5566)
4(9763 5564 9656 3146)
4(9656 5565 9771 3146)
4(9771 5566 9763 3146)
5(936 945 5581 1019 1010)
4(944 5579 9775 5577)
6(1009 1010 1019 5707 1018 5697)
4(935 5568 9772 5567)
4(944 5567 9772 5579)
4(1009 5697 9772 5568)
4(1018 5579 9772 5697)
4(945 5577 9775 5581)
4(1018 5707 9775 5579)
4(1019 5581 9775 5707)
5(937 946 12546 1020 1011)
4(945 5581 12916 12544)
5(1010 1011 1020 12556 1019)
4(946 12544 12916 12546)
4(1019 12556 12916 5581)
4(1020 12546 12916 12556)
4(938 947 1021 1012)
5(946 12546 1020 1021 947)
4(1011 1012 1021 1020)
5(939 948 12549 1022 1013)
5(947 1021 1022 12549 948)
4(1012 1013 1022 1021)
5(940 949 5584 1023 1014)
4(948 12549 12917 12547)
5(1013 1014 1023 12559 1022)
4(949 12547 12917 5584)
4(1022 12559 12917 12549)
4(1023 5584 12917 12559)
4(941 5570 9776 5571)
4(949 5584 9777 5582)
6(1014 1015 5700 1024 5712 1023)
4(950 5587 9776 5570)
4(1015 5571 9776 5700)
4(1024 5700 9776 5587)
4(950 5582 9777 5587)
4(1023 5712 9777 5584)
4(1024 5587 9777 5712)
4(941 5570 9662 5569)
4(941 5569 9767 5571)
4(9767 5569 9662 3147)
4(9662 5570 9776 3147)
4(9776 5571 9767 3147)
4(944 5578 9667 5577)
4(944 5579 9781 5578)
4(9775 5577 9667 3149)
4(9667 5578 9781 3149)
4(9781 5579 9775 3149)
4(945 5581 9783 5580)
4(945 5580 12907 12544)
4(12916 12544 12907 12320)
4(12907 5580 9783 12320)
4(9783 5581 12916 12320)
5(947 955 5599 1029 1021)
4(954 5596 9787 5594)
6(1020 1021 1029 5724 1028 12557)
4(955 5594 9787 5599)
4(1028 5724 9787 5596)
4(1029 5599 9787 5724)
4(946 12546 12918 12545)
4(954 12545 12918 5596)
4(1020 12557 12918 12546)
4(1028 5596 12918 12557)
4(948 12548 12920 12549)
4(955 5599 9788 5597)
6(1021 1022 12560 1030 5727 1029)
4(956 5597 9788 5602)
4(1029 5727 9788 5599)
4(1030 5602 9788 5727)
4(956 5602 12920 12548)
4(1022 12549 12920 12560)
4(1030 12560 12920 5602)
4(948 12548 12909 12547)
4(12917 12547 12909 12321)
4(12909 12548 12920 12321)
4(12920 12549 12917 12321)
4(949 5583 9675 5582)
4(9777 5582 9675 3150)
4(9675 5583 9789 3150)
4(9789 5584 9777 3150)
4(949 5584 9789 5583)
4(950 5586 9676 5585)
4(950 5585 9779 5587)
4(950 5587 9791 5586)
4(9791 5587 9779 3151)
4(953 5592 9681 5591)
4(953 5593 9795 5592)
4(9786 5591 9681 3153)
4(9795 5593 9786 3153)
4(953 5591 9786 5593)
4(954 5595 9684 5594)
4(954 5596 9797 5595)
4(9787 5594 9684 3154)
4(9684 5595 9797 3154)
4(9797 5596 9787 3154)
4(955 5598 9687 5597)
4(955 5599 9800 5598)
4(9788 5597 9687 3155)
4(9687 5598 9800 3155)
4(9800 5599 9788 3155)
4(956 5601 9690 5600)
4(956 5602 9803 5601)
4(9790 5600 9690 3156)
4(9690 5601 9803 3156)
4(9803 5602 9790 3156)
4(956 5600 9790 5602)
4(957 5604 9691 5603)
4(957 5603 9792 5605)
4(957 5605 9806 5604)
4(9806 5605 9792 3157)
4(962 5617 9704 5616)
4(962 5618 9817 5617)
4(9811 5616 9704 3160)
4(9704 5617 9817 3160)
4(9817 5618 9811 3160)
4(963 5620 9707 5619)
4(963 5621 9820 5620)
4(9812 5619 9707 3161)
4(9707 5620 9820 3161)
4(9820 5621 9812 3161)
4(964 5623 9710 5622)
4(964 5624 9823 5623)
4(9710 5623 9823 3162)
4(9823 5624 9813 3162)
4(965 5627 9718 5626)
4(9815 5626 9718 3165)
4(9718 5627 9831 3165)
4(9831 5628 9815 3165)
4(966 5629 9818 5631)
4(966 5631 9834 5630)
4(966 5630 12912 5629)
4(9818 5629 12912 12322)
4(12912 5630 9834 12322)
4(9834 5631 9818 12322)
5(968 976 1050 1042 5635)
5(975 12553 1049 1050 976)
6(1041 5762 1042 1050 1049 12562)
4(967 5632 9821 5633)
4(968 5635 9821 5632)
4(1041 5633 9821 5762)
4(1042 5762 9821 5635)
4(967 5633 12922 12550)
4(975 12550 12922 12553)
4(1041 12562 12922 5633)
4(1049 12553 12922 12562)
4(969 12551 12925 5637)
5(976 1050 1051 12555 977)
6(1042 5764 1043 12563 1051 1050)
4(968 5634 9824 5635)
4(969 5637 9824 5634)
4(1042 5635 9824 5764)
4(1043 5764 9824 5637)
4(977 12555 12925 12551)
4(1043 5637 12925 12563)
4(1051 12563 12925 12555)
4(969 5636 9827 5637)
4(969 12551 12915 5636)
4(9827 5636 12915 12323)
4(12915 12551 12925 12323)
4(12925 5637 9827 12323)
4(970 5639 9722 5638)
4(970 5638 9829 5640)
4(9829 5638 9722 3166)
4(9722 5639 9837 3166)
4(9837 5640 9829 3166)
4(970 5640 9837 5639)
4(972 5644 9729 5643)
4(9832 5643 9729 3168)
4(9729 5644 9843 3168)
4(9843 5645 9832 3168)
5(974 983 1057 1048 5649)
5(982 5662 1056 1057 983)
6(1047 5776 1048 1057 1056 5777)
4(973 5646 9835 5648)
4(974 5649 9835 5646)
4(1047 5648 9835 5776)
4(1048 5776 9835 5649)
4(973 5648 9845 5647)
4(982 5647 9845 5662)
4(1047 5777 9845 5648)
4(1056 5662 9845 5777)
5(975 984 1058 1049 12553)
4(983 1057 1058 984)
5(1048 12564 1049 1058 1057)
4(974 12552 12923 5649)
4(975 12553 12923 12552)
4(1048 5649 12923 12564)
4(1049 12564 12923 12553)
4(976 985 1059 1050)
4(984 1058 1059 985)
4(1049 1050 1059 1058)
5(977 986 1060 1051 12555)
4(985 1059 1060 986)
4(1050 1051 1060 1059)
5(978 987 1061 1052 5651)
4(986 1060 1061 987)
5(1051 12566 1052 1061 1060)
4(977 12554 12926 12555)
4(978 5651 12926 12554)
4(1051 12555 12926 12566)
4(1052 12566 12926 5651)
4(979 5653 9848 5654)
5(987 1061 1062 5665 988)
6(1052 5780 1053 5783 1062 1061)
4(978 5650 9839 5651)
4(979 5654 9839 5650)
4(1052 5651 9839 5780)
4(1053 5780 9839 5654)
4(988 5665 9848 5653)
4(1053 5654 9848 5783)
4(1062 5783 9848 5665)
4(979 5653 9733 5652)
4(979 5652 9841 5654)
4(9841 5652 9733 3169)
4(9733 5653 9848 3169)
4(9848 5654 9841 3169)
4(981 5659 9740 5658)
4(981 5658 9846 5660)
4(981 5660 9853 5659)
4(9846 5658 9740 3171)
4(9740 5659 9853 3171)
4(9853 5660 9846 3171)
4(983 992 1066 1057)
5(991 5674 1065 1066 992)
5(1056 1057 1066 1065 5791)
4(982 5662 9856 5661)
4(991 5661 9856 5674)
4(1056 5791 9856 5662)
4(1065 5674 9856 5791)
4(984 993 1067 1058)
4(992 1066 1067 993)
4(1057 1058 1067 1066)
4(985 994 1068 1059)
4(993 1067 1068 994)
4(1058 1059 1068 1067)
4(986 995 1069 1060)
4(994 1068 1069 995)
4(1059 1060 1069 1068)
4(987 996 1070 1061)
4(995 1069 1070 996)
4(1060 1061 1070 1069)
4(988 5664 9859 5665)
5(996 1070 1071 5677 997)
5(1061 1062 5794 1071 1070)
4(997 5677 9859 5664)
4(1062 5665 9859 5794)
4(1071 5794 9859 5677)
4(988 5664 9744 5663)
4(988 5663 9850 5665)
4(9850 5663 9744 3172)
4(9744 5664 9859 3172)
4(9859 5665 9850 3172)
4(989 5667 9746 5666)
4(989 5668 9860 5667)
4(9746 5667 9860 3173)
4(9860 5668 9852 3173)
4(990 5671 9752 5670)
4(990 5670 9857 5672)
4(990 5672 9865 5671)
4(9857 5670 9752 3175)
4(9752 5671 9865 3175)
4(9865 5672 9857 3175)
4(992 1001 1075 1066)
5(1000 5686 1074 1075 1001)
5(1065 1066 1075 1074 5803)
4(991 5674 9868 5673)
4(1000 5673 9868 5686)
4(1065 5803 9868 5674)
4(1074 5686 9868 5803)
4(993 1002 1076 1067)
4(1001 1075 1076 1002)
4(1066 1067 1076 1075)
4(994 1003 1077 1068)
4(1002 1076 1077 1003)
4(1067 1068 1077 1076)
4(995 1004 1078 1069)
4(1003 1077 1078 1004)
4(1068 1069 1078 1077)
4(996 1005 1079 1070)
4(1004 1078 1079 1005)
4(1069 1070 1079 1078)
4(997 5676 9871 5677)
5(1005 1079 1080 5689 1006)
5(1070 1071 5806 1080 1079)
4(1006 5689 9871 5676)
4(1071 5677 9871 5806)
4(1080 5806 9871 5689)
4(997 5676 9756 5675)
4(997 5675 9861 5677)
4(9861 5675 9756 3176)
4(9756 5676 9871 3176)
4(9871 5677 9861 3176)
4(998 5679 9758 5678)
4(998 5678 9863 5680)
4(998 5680 9872 5679)
4(9758 5679 9872 3177)
4(9872 5680 9863 3177)
4(999 5683 9764 5682)
4(999 5682 9869 5684)
4(999 5684 9877 5683)
4(9869 5682 9764 3179)
4(9764 5683 9877 3179)
4(9877 5684 9869 3179)
4(1001 1010 1084 1075)
5(1009 5698 1083 1084 1010)
5(1074 1075 1084 1083 5815)
4(1000 5686 9880 5685)
4(1009 5685 9880 5698)
4(1074 5815 9880 5686)
4(1083 5698 9880 5815)
4(1002 1011 1085 1076)
4(1010 1084 1085 1011)
4(1075 1076 1085 1084)
4(1003 1012 1086 1077)
4(1011 1085 1086 1012)
4(1076 1077 1086 1085)
4(1004 1013 1087 1078)
4(1012 1086 1087 1013)
4(1077 1078 1087 1086)
4(1005 1014 1088 1079)
4(1013 1087 1088 1014)
4(1078 1079 1088 1087)
4(1006 5688 9883 5689)
5(1014 1088 1089 5701 1015)
5(1079 1080 5818 1089 1088)
4(1015 5701 9883 5688)
4(1080 5689 9883 5818)
4(1089 5818 9883 5701)
4(1006 5688 9768 5687)
4(1006 5687 9873 5689)
4(9873 5687 9768 3180)
4(9768 5688 9883 3180)
4(9883 5689 9873 3180)
4(1007 5691 9770 5690)
4(1007 5690 9875 5692)
4(1007 5692 9884 5691)
4(9770 5691 9884 3181)
4(9884 5692 9875 3181)
4(1008 5695 9774 5694)
4(1008 5694 9881 5696)
4(9881 5694 9774 3182)
4(9774 5695 9889 3182)
4(9889 5696 9881 3182)
5(1010 1019 5711 1093 1084)
4(1018 5709 9893 5707)
6(1083 1084 1093 5837 1092 5827)
4(1009 5698 9890 5697)
4(1018 5697 9890 5709)
4(1083 5827 9890 5698)
4(1092 5709 9890 5827)
4(1019 5707 9893 5711)
4(1092 5837 9893 5709)
4(1093 5711 9893 5837)
5(1011 1020 12558 1094 1085)
4(1019 5711 12928 12556)
5(1084 1085 1094 12568 1093)
4(1020 12556 12928 12558)
4(1093 12568 12928 5711)
4(1094 12558 12928 12568)
4(1012 1021 1095 1086)
5(1020 12558 1094 1095 1021)
4(1085 1086 1095 1094)
5(1013 1022 12561 1096 1087)
5(1021 1095 1096 12561 1022)
4(1086 1087 1096 1095)
5(1014 1023 5714 1097 1088)
4(1022 12561 12929 12559)
5(1087 1088 1097 12571 1096)
4(1023 12559 12929 5714)
4(1096 12571 12929 12561)
4(1097 5714 12929 12571)
4(1015 5700 9894 5701)
4(1023 5714 9895 5712)
6(1088 1089 5830 1098 5842 1097)
4(1024 5717 9894 5700)
4(1089 5701 9894 5830)
4(1098 5830 9894 5717)
4(1024 5712 9895 5717)
4(1097 5842 9895 5714)
4(1098 5717 9895 5842)
4(1015 5700 9780 5699)
4(1015 5699 9885 5701)
4(9885 5699 9780 3183)
4(9780 5700 9894 3183)
4(9894 5701 9885 3183)
4(1018 5708 9785 5707)
4(1018 5709 9899 5708)
4(9893 5707 9785 3185)
4(9785 5708 9899 3185)
4(9899 5709 9893 3185)
4(1019 5711 9901 5710)
4(1019 5710 12919 12556)
4(12928 12556 12919 12324)
4(12919 5710 9901 12324)
4(9901 5711 12928 12324)
5(1021 1029 5729 1103 1095)
4(1028 5726 9905 5724)
6(1094 1095 1103 5854 1102 12569)
4(1029 5724 9905 5729)
4(1102 5854 9905 5726)
4(1103 5729 9905 5854)
4(1020 12558 12930 12557)
4(1028 12557 12930 5726)
4(1094 12569 12930 12558)
4(1102 5726 12930 12569)
4(1022 12560 12932 12561)
4(1029 5729 9906 5727)
6(1095 1096 12572 1104 5857 1103)
4(1030 5727 9906 5732)
4(1103 5857 9906 5729)
4(1104 5732 9906 5857)
4(1030 5732 12932 12560)
4(1096 12561 12932 12572)
4(1104 12572 12932 5732)
4(1022 12560 12921 12559)
4(12929 12559 12921 12325)
4(12921 12560 12932 12325)
4(12932 12561 12929 12325)
4(1023 5713 9793 5712)
4(9895 5712 9793 3186)
4(9793 5713 9907 3186)
4(9907 5714 9895 3186)
4(1023 5714 9907 5713)
4(1024 5716 9794 5715)
4(1024 5715 9897 5717)
4(1024 5717 9909 5716)
4(9909 5717 9897 3187)
4(1027 5722 9799 5721)
4(1027 5723 9913 5722)
4(9904 5721 9799 3189)
4(9913 5723 9904 3189)
4(1027 5721 9904 5723)
4(1028 5725 9802 5724)
4(1028 5726 9915 5725)
4(9905 5724 9802 3190)
4(9802 5725 9915 3190)
4(9915 5726 9905 3190)
4(1029 5728 9805 5727)
4(1029 5729 9918 5728)
4(9906 5727 9805 3191)
4(9805 5728 9918 3191)
4(9918 5729 9906 3191)
4(1030 5731 9808 5730)
4(1030 5732 9921 5731)
4(9908 5730 9808 3192)
4(9808 5731 9921 3192)
4(9921 5732 9908 3192)
4(1030 5730 9908 5732)
4(1031 5734 9809 5733)
4(1031 5733 9910 5735)
4(1031 5735 9924 5734)
4(9924 5735 9910 3193)
4(1036 5747 9822 5746)
4(1036 5748 9935 5747)
4(9929 5746 9822 3196)
4(9822 5747 9935 3196)
4(9935 5748 9929 3196)
4(1037 5750 9825 5749)
4(1037 5751 9938 5750)
4(9930 5749 9825 3197)
4(9825 5750 9938 3197)
4(9938 5751 9930 3197)
4(1038 5753 9828 5752)
4(1038 5754 9941 5753)
4(9828 5753 9941 3198)
4(9941 5754 9931 3198)
4(1039 5757 9836 5756)
4(9933 5756 9836 3201)
4(9836 5757 9949 3201)
4(9949 5758 9933 3201)
4(1040 5759 9936 5761)
4(1040 5761 9952 5760)
4(1040 5760 12924 5759)
4(9936 5759 12924 12326)
4(12924 5760 9952 12326)
4(9952 5761 9936 12326)
5(1042 1050 1124 1116 5765)
5(1049 12565 1123 1124 1050)
6(1115 5892 1116 1124 1123 12574)
4(1041 5762 9939 5763)
4(1042 5765 9939 5762)
4(1115 5763 9939 5892)
4(1116 5892 9939 5765)
4(1041 5763 12934 12562)
4(1049 12562 12934 12565)
4(1115 12574 12934 5763)
4(1123 12565 12934 12574)
4(1043 12563 12937 5767)
5(1050 1124 1125 12567 1051)
6(1116 5894 1117 12575 1125 1124)
4(1042 5764 9942 5765)
4(1043 5767 9942 5764)
4(1116 5765 9942 5894)
4(1117 5894 9942 5767)
4(1051 12567 12937 12563)
4(1117 5767 12937 12575)
4(1125 12575 12937 12567)
4(1043 5766 9945 5767)
4(1043 12563 12927 5766)
4(9945 5766 12927 12327)
4(12927 12563 12937 12327)
4(12937 5767 9945 12327)
4(1044 5769 9840 5768)
4(1044 5768 9947 5770)
4(9947 5768 9840 3202)
4(9840 5769 9955 3202)
4(9955 5770 9947 3202)
4(1044 5770 9955 5769)
4(1046 5774 9847 5773)
4(9950 5773 9847 3204)
4(9847 5774 9961 3204)
4(9961 5775 9950 3204)
5(1048 1057 1131 1122 5779)
5(1056 5792 1130 1131 1057)
6(1121 5906 1122 1131 1130 5907)
4(1047 5776 9953 5778)
4(1048 5779 9953 5776)
4(1121 5778 9953 5906)
4(1122 5906 9953 5779)
4(1047 5778 9963 5777)
4(1056 5777 9963 5792)
4(1121 5907 9963 5778)
4(1130 5792 9963 5907)
5(1049 1058 1132 1123 12565)
4(1057 1131 1132 1058)
5(1122 12576 1123 1132 1131)
4(1048 12564 12935 5779)
4(1049 12565 12935 12564)
4(1122 5779 12935 12576)
4(1123 12576 12935 12565)
4(1050 1059 1133 1124)
4(1058 1132 1133 1059)
4(1123 1124 1133 1132)
5(1051 1060 1134 1125 12567)
4(1059 1133 1134 1060)
4(1124 1125 1134 1133)
5(1052 1061 1135 1126 5781)
4(1060 1134 1135 1061)
5(1125 12578 1126 1135 1134)
4(1051 12566 12938 12567)
4(1052 5781 12938 12566)
4(1125 12567 12938 12578)
4(1126 12578 12938 5781)
4(1053 5783 9966 5784)
5(1061 1135 1136 5795 1062)
6(1126 5910 1127 5913 1136 1135)
4(1052 5780 9957 5781)
4(1053 5784 9957 5780)
4(1126 5781 9957 5910)
4(1127 5910 9957 5784)
4(1062 5795 9966 5783)
4(1127 5784 9966 5913)
4(1136 5913 9966 5795)
4(1053 5783 9851 5782)
4(1053 5782 9959 5784)
4(9959 5782 9851 3205)
4(9851 5783 9966 3205)
4(9966 5784 9959 3205)
4(1055 5789 9858 5788)
4(1055 5788 9964 5790)
4(1055 5790 9971 5789)
4(9964 5788 9858 3207)
4(9858 5789 9971 3207)
4(9971 5790 9964 3207)
4(1057 1066 1140 1131)
5(1065 5804 1139 1140 1066)
5(1130 1131 1140 1139 5921)
4(1056 5792 9974 5791)
4(1065 5791 9974 5804)
4(1130 5921 9974 5792)
4(1139 5804 9974 5921)
4(1058 1067 1141 1132)
4(1066 1140 1141 1067)
4(1131 1132 1141 1140)
4(1059 1068 1142 1133)
4(1067 1141 1142 1068)
4(1132 1133 1142 1141)
4(1060 1069 1143 1134)
4(1068 1142 1143 1069)
4(1133 1134 1143 1142)
4(1061 1070 1144 1135)
4(1069 1143 1144 1070)
4(1134 1135 1144 1143)
4(1062 5794 9977 5795)
5(1070 1144 1145 5807 1071)
5(1135 1136 5924 1145 1144)
4(1071 5807 9977 5794)
4(1136 5795 9977 5924)
4(1145 5924 9977 5807)
4(1062 5794 9862 5793)
4(1062 5793 9968 5795)
4(9968 5793 9862 3208)
4(9862 5794 9977 3208)
4(9977 5795 9968 3208)
4(1063 5797 9864 5796)
4(1063 5798 9978 5797)
4(9864 5797 9978 3209)
4(9978 5798 9970 3209)
4(1064 5801 9870 5800)
4(1064 5800 9975 5802)
4(1064 5802 9983 5801)
4(9975 5800 9870 3211)
4(9870 5801 9983 3211)
4(9983 5802 9975 3211)
4(1066 1075 1149 1140)
5(1074 5816 1148 1149 1075)
5(1139 1140 1149 1148 5933)
4(1065 5804 9986 5803)
4(1074 5803 9986 5816)
4(1139 5933 9986 5804)
4(1148 5816 9986 5933)
4(1067 1076 1150 1141)
4(1075 1149 1150 1076)
4(1140 1141 1150 1149)
4(1068 1077 1151 1142)
4(1076 1150 1151 1077)
4(1141 1142 1151 1150)
4(1069 1078 1152 1143)
4(1077 1151 1152 1078)
4(1142 1143 1152 1151)
4(1070 1079 1153 1144)
4(1078 1152 1153 1079)
4(1143 1144 1153 1152)
4(1071 5806 9989 5807)
5(1079 1153 1154 5819 1080)
5(1144 1145 5936 1154 1153)
4(1080 5819 9989 5806)
4(1145 5807 9989 5936)
4(1154 5936 9989 5819)
4(1071 5806 9874 5805)
4(1071 5805 9979 5807)
4(9979 5805 9874 3212)
4(9874 5806 9989 3212)
4(9989 5807 9979 3212)
4(1072 5809 9876 5808)
4(1072 5808 9981 5810)
4(1072 5810 9990 5809)
4(9876 5809 9990 3213)
4(9990 5810 9981 3213)
4(1073 5813 9882 5812)
4(1073 5812 9987 5814)
4(1073 5814 9995 5813)
4(9987 5812 9882 3215)
4(9882 5813 9995 3215)
4(9995 5814 9987 3215)
4(1075 1084 1158 1149)
5(1083 5828 1157 1158 1084)
5(1148 1149 1158 1157 5945)
4(1074 5816 9998 5815)
4(1083 5815 9998 5828)
4(1148 5945 9998 5816)
4(1157 5828 9998 5945)
4(1076 1085 1159 1150)
4(1084 1158 1159 1085)
4(1149 1150 1159 1158)
4(1077 1086 1160 1151)
4(1085 1159 1160 1086)
4(1150 1151 1160 1159)
4(1078 1087 1161 1152)
4(1086 1160 1161 1087)
4(1151 1152 1161 1160)
4(1079 1088 1162 1153)
4(1087 1161 1162 1088)
4(1152 1153 1162 1161)
4(1080 5818 10001 5819)
5(1088 1162 1163 5831 1089)
5(1153 1154 5948 1163 1162)
4(1089 5831 10001 5818)
4(1154 5819 10001 5948)
4(1163 5948 10001 5831)
4(1080 5818 9886 5817)
4(1080 5817 9991 5819)
4(9991 5817 9886 3216)
4(9886 5818 10001 3216)
4(10001 5819 9991 3216)
4(1081 5821 9888 5820)
4(1081 5820 9993 5822)
4(1081 5822 10002 5821)
4(9888 5821 10002 3217)
4(10002 5822 9993 3217)
4(1082 5825 9892 5824)
4(1082 5824 9999 5826)
4(9999 5824 9892 3218)
4(9892 5825 10007 3218)
4(10007 5826 9999 3218)
5(1084 1093 5841 1167 1158)
4(1092 5839 10011 5837)
6(1157 1158 1167 5967 1166 5957)
4(1083 5828 10008 5827)
4(1092 5827 10008 5839)
4(1157 5957 10008 5828)
4(1166 5839 10008 5957)
4(1093 5837 10011 5841)
4(1166 5967 10011 5839)
4(1167 5841 10011 5967)
5(1085 1094 12570 1168 1159)
4(1093 5841 12940 12568)
5(1158 1159 1168 12580 1167)
4(1094 12568 12940 12570)
4(1167 12580 12940 5841)
4(1168 12570 12940 12580)
4(1086 1095 1169 1160)
5(1094 12570 1168 1169 1095)
4(1159 1160 1169 1168)
5(1087 1096 12573 1170 1161)
5(1095 1169 1170 12573 1096)
4(1160 1161 1170 1169)
5(1088 1097 5844 1171 1162)
4(1096 12573 12941 12571)
5(1161 1162 1171 12583 1170)
4(1097 12571 12941 5844)
4(1170 12583 12941 12573)
4(1171 5844 12941 12583)
4(1089 5830 10012 5831)
4(1097 5844 10013 5842)
6(1162 1163 5960 1172 5972 1171)
4(1098 5847 10012 5830)
4(1163 5831 10012 5960)
4(1172 5960 10012 5847)
4(1098 5842 10013 5847)
4(1171 5972 10013 5844)
4(1172 5847 10013 5972)
4(1089 5830 9898 5829)
4(1089 5829 10003 5831)
4(10003 5829 9898 3219)
4(9898 5830 10012 3219)
4(10012 5831 10003 3219)
4(1092 5838 9903 5837)
4(1092 5839 10017 5838)
4(10011 5837 9903 3221)
4(9903 5838 10017 3221)
4(10017 5839 10011 3221)
4(1093 5841 10019 5840)
4(1093 5840 12931 12568)
4(12940 12568 12931 12328)
4(12931 5840 10019 12328)
4(10019 5841 12940 12328)
5(1095 1103 5859 1177 1169)
4(1102 5856 10023 5854)
6(1168 1169 1177 5984 1176 12581)
4(1103 5854 10023 5859)
4(1176 5984 10023 5856)
4(1177 5859 10023 5984)
4(1094 12570 12942 12569)
4(1102 12569 12942 5856)
4(1168 12581 12942 12570)
4(1176 5856 12942 12581)
4(1096 12572 12944 12573)
4(1103 5859 10024 5857)
6(1169 1170 12584 1178 5987 1177)
4(1104 5857 10024 5862)
4(1177 5987 10024 5859)
4(1178 5862 10024 5987)
4(1104 5862 12944 12572)
4(1170 12573 12944 12584)
4(1178 12584 12944 5862)
4(1096 12572 12933 12571)
4(12941 12571 12933 12329)
4(12933 12572 12944 12329)
4(12944 12573 12941 12329)
4(1097 5843 9911 5842)
4(10013 5842 9911 3222)
4(9911 5843 10025 3222)
4(10025 5844 10013 3222)
4(1097 5844 10025 5843)
4(1098 5846 9912 5845)
4(1098 5845 10015 5847)
4(1098 5847 10027 5846)
4(10027 5847 10015 3223)
4(1101 5852 9917 5851)
4(1101 5853 10031 5852)
4(10022 5851 9917 3225)
4(10031 5853 10022 3225)
4(1101 5851 10022 5853)
4(1102 5855 9920 5854)
4(1102 5856 10033 5855)
4(10023 5854 9920 3226)
4(9920 5855 10033 3226)
4(10033 5856 10023 3226)
4(1103 5858 9923 5857)
4(1103 5859 10036 5858)
4(10024 5857 9923 3227)
4(9923 5858 10036 3227)
4(10036 5859 10024 3227)
4(1104 5861 9926 5860)
4(1104 5862 10039 5861)
4(10026 5860 9926 3228)
4(9926 5861 10039 3228)
4(10039 5862 10026 3228)
4(1104 5860 10026 5862)
4(1105 5864 9927 5863)
4(1105 5863 10028 5865)
4(1105 5865 10042 5864)
4(10042 5865 10028 3229)
4(1110 5877 9940 5876)
4(1110 5878 10053 5877)
4(10047 5876 9940 3232)
4(9940 5877 10053 3232)
4(10053 5878 10047 3232)
4(1111 5880 9943 5879)
4(1111 5881 10056 5880)
4(10048 5879 9943 3233)
4(9943 5880 10056 3233)
4(10056 5881 10048 3233)
4(1112 5883 9946 5882)
4(1112 5884 10059 5883)
4(9946 5883 10059 3234)
4(10059 5884 10049 3234)
4(1113 5887 9954 5886)
4(10051 5886 9954 3237)
4(9954 5887 10067 3237)
4(10067 5888 10051 3237)
4(1114 5889 10054 5891)
4(1114 5891 10070 5890)
4(1114 5890 12936 5889)
4(10054 5889 12936 12330)
4(12936 5890 10070 12330)
4(10070 5891 10054 12330)
5(1116 1124 1198 1190 5895)
5(1123 12577 1197 1198 1124)
6(1189 6022 1190 1198 1197 12586)
4(1115 5892 10057 5893)
4(1116 5895 10057 5892)
4(1189 5893 10057 6022)
4(1190 6022 10057 5895)
4(1115 5893 12946 12574)
4(1123 12574 12946 12577)
4(1189 12586 12946 5893)
4(1197 12577 12946 12586)
4(1117 12575 12949 5897)
5(1124 1198 1199 12579 1125)
6(1190 6024 1191 12587 1199 1198)
4(1116 5894 10060 5895)
4(1117 5897 10060 5894)
4(1190 5895 10060 6024)
4(1191 6024 10060 5897)
4(1125 12579 12949 12575)
4(1191 5897 12949 12587)
4(1199 12587 12949 12579)
4(1117 5896 10063 5897)
4(1117 12575 12939 5896)
4(10063 5896 12939 12331)
4(12939 12575 12949 12331)
4(12949 5897 10063 12331)
4(1118 5899 9958 5898)
4(1118 5898 10065 5900)
4(10065 5898 9958 3238)
4(9958 5899 10073 3238)
4(10073 5900 10065 3238)
4(1118 5900 10073 5899)
4(1120 5904 9965 5903)
4(10068 5903 9965 3240)
4(9965 5904 10079 3240)
4(10079 5905 10068 3240)
5(1122 1131 1205 1196 5909)
5(1130 5922 1204 1205 1131)
6(1195 6036 1196 1205 1204 6037)
4(1121 5906 10071 5908)
4(1122 5909 10071 5906)
4(1195 5908 10071 6036)
4(1196 6036 10071 5909)
4(1121 5908 10081 5907)
4(1130 5907 10081 5922)
4(1195 6037 10081 5908)
4(1204 5922 10081 6037)
5(1123 1132 1206 1197 12577)
4(1131 1205 1206 1132)
5(1196 12588 1197 1206 1205)
4(1122 12576 12947 5909)
4(1123 12577 12947 12576)
4(1196 5909 12947 12588)
4(1197 12588 12947 12577)
4(1124 1133 1207 1198)
4(1132 1206 1207 1133)
4(1197 1198 1207 1206)
5(1125 1134 1208 1199 12579)
4(1133 1207 1208 1134)
4(1198 1199 1208 1207)
5(1126 1135 1209 1200 5911)
4(1134 1208 1209 1135)
5(1199 12590 1200 1209 1208)
4(1125 12578 12950 12579)
4(1126 5911 12950 12578)
4(1199 12579 12950 12590)
4(1200 12590 12950 5911)
4(1127 5913 10084 5914)
5(1135 1209 1210 5925 1136)
6(1200 6040 1201 6043 1210 1209)
4(1126 5910 10075 5911)
4(1127 5914 10075 5910)
4(1200 5911 10075 6040)
4(1201 6040 10075 5914)
4(1136 5925 10084 5913)
4(1201 5914 10084 6043)
4(1210 6043 10084 5925)
4(1127 5913 9969 5912)
4(1127 5912 10077 5914)
4(10077 5912 9969 3241)
4(9969 5913 10084 3241)
4(10084 5914 10077 3241)
4(1129 5919 9976 5918)
4(1129 5918 10082 5920)
4(1129 5920 10089 5919)
4(10082 5918 9976 3243)
4(9976 5919 10089 3243)
4(10089 5920 10082 3243)
4(1131 1140 1214 1205)
5(1139 5934 1213 1214 1140)
5(1204 1205 1214 1213 6051)
4(1130 5922 10092 5921)
4(1139 5921 10092 5934)
4(1204 6051 10092 5922)
4(1213 5934 10092 6051)
4(1132 1141 1215 1206)
4(1140 1214 1215 1141)
4(1205 1206 1215 1214)
4(1133 1142 1216 1207)
4(1141 1215 1216 1142)
4(1206 1207 1216 1215)
4(1134 1143 1217 1208)
4(1142 1216 1217 1143)
4(1207 1208 1217 1216)
4(1135 1144 1218 1209)
4(1143 1217 1218 1144)
4(1208 1209 1218 1217)
4(1136 5924 10095 5925)
5(1144 1218 1219 5937 1145)
5(1209 1210 6054 1219 1218)
4(1145 5937 10095 5924)
4(1210 5925 10095 6054)
4(1219 6054 10095 5937)
4(1136 5924 9980 5923)
4(1136 5923 10086 5925)
4(10086 5923 9980 3244)
4(9980 5924 10095 3244)
4(10095 5925 10086 3244)
4(1137 5927 9982 5926)
4(1137 5928 10096 5927)
4(9982 5927 10096 3245)
4(10096 5928 10088 3245)
4(1138 5931 9988 5930)
4(1138 5930 10093 5932)
4(1138 5932 10101 5931)
4(10093 5930 9988 3247)
4(9988 5931 10101 3247)
4(10101 5932 10093 3247)
4(1140 1149 1223 1214)
5(1148 5946 1222 1223 1149)
5(1213 1214 1223 1222 6063)
4(1139 5934 10104 5933)
4(1148 5933 10104 5946)
4(1213 6063 10104 5934)
4(1222 5946 10104 6063)
4(1141 1150 1224 1215)
4(1149 1223 1224 1150)
4(1214 1215 1224 1223)
4(1142 1151 1225 1216)
4(1150 1224 1225 1151)
4(1215 1216 1225 1224)
4(1143 1152 1226 1217)
4(1151 1225 1226 1152)
4(1216 1217 1226 1225)
4(1144 1153 1227 1218)
4(1152 1226 1227 1153)
4(1217 1218 1227 1226)
4(1145 5936 10107 5937)
5(1153 1227 1228 5949 1154)
5(1218 1219 6066 1228 1227)
4(1154 5949 10107 5936)
4(1219 5937 10107 6066)
4(1228 6066 10107 5949)
4(1145 5936 9992 5935)
4(1145 5935 10097 5937)
4(10097 5935 9992 3248)
4(9992 5936 10107 3248)
4(10107 5937 10097 3248)
4(1146 5939 9994 5938)
4(1146 5938 10099 5940)
4(1146 5940 10108 5939)
4(9994 5939 10108 3249)
4(10108 5940 10099 3249)
4(1147 5943 10000 5942)
4(1147 5942 10105 5944)
4(1147 5944 10113 5943)
4(10105 5942 10000 3251)
4(10000 5943 10113 3251)
4(10113 5944 10105 3251)
4(1149 1158 1232 1223)
5(1157 5958 1231 1232 1158)
5(1222 1223 1232 1231 6075)
4(1148 5946 10116 5945)
4(1157 5945 10116 5958)
4(1222 6075 10116 5946)
4(1231 5958 10116 6075)
4(1150 1159 1233 1224)
4(1158 1232 1233 1159)
4(1223 1224 1233 1232)
4(1151 1160 1234 1225)
4(1159 1233 1234 1160)
4(1224 1225 1234 1233)
4(1152 1161 1235 1226)
4(1160 1234 1235 1161)
4(1225 1226 1235 1234)
4(1153 1162 1236 1227)
4(1161 1235 1236 1162)
4(1226 1227 1236 1235)
4(1154 5948 10119 5949)
5(1162 1236 1237 5961 1163)
5(1227 1228 6078 1237 1236)
4(1163 5961 10119 5948)
4(1228 5949 10119 6078)
4(1237 6078 10119 5961)
4(1154 5948 10004 5947)
4(1154 5947 10109 5949)
4(10109 5947 10004 3252)
4(10004 5948 10119 3252)
4(10119 5949 10109 3252)
4(1155 5951 10006 5950)
4(1155 5950 10111 5952)
4(1155 5952 10120 5951)
4(10006 5951 10120 3253)
4(10120 5952 10111 3253)
4(1156 5955 10010 5954)
4(1156 5954 10117 5956)
4(10117 5954 10010 3254)
4(10010 5955 10125 3254)
4(10125 5956 10117 3254)
5(1158 1167 5971 1241 1232)
4(1166 5969 10129 5967)
6(1231 1232 1241 6097 1240 6087)
4(1157 5958 10126 5957)
4(1166 5957 10126 5969)
4(1231 6087 10126 5958)
4(1240 5969 10126 6087)
4(1167 5967 10129 5971)
4(1240 6097 10129 5969)
4(1241 5971 10129 6097)
5(1159 1168 12582 1242 1233)
4(1167 5971 12952 12580)
5(1232 1233 1242 12592 1241)
4(1168 12580 12952 12582)
4(1241 12592 12952 5971)
4(1242 12582 12952 12592)
4(1160 1169 1243 1234)
5(1168 12582 1242 1243 1169)
4(1233 1234 1243 1242)
5(1161 1170 12585 1244 1235)
5(1169 1243 1244 12585 1170)
4(1234 1235 1244 1243)
5(1162 1171 5974 1245 1236)
4(1170 12585 12953 12583)
5(1235 1236 1245 12595 1244)
4(1171 12583 12953 5974)
4(1244 12595 12953 12585)
4(1245 5974 12953 12595)
4(1163 5960 10130 5961)
4(1171 5974 10131 5972)
6(1236 1237 6090 1246 6102 1245)
4(1172 5977 10130 5960)
4(1237 5961 10130 6090)
4(1246 6090 10130 5977)
4(1172 5972 10131 5977)
4(1245 6102 10131 5974)
4(1246 5977 10131 6102)
4(1163 5960 10016 5959)
4(1163 5959 10121 5961)
4(10121 5959 10016 3255)
4(10016 5960 10130 3255)
4(10130 5961 10121 3255)
4(1166 5968 10021 5967)
4(1166 5969 10135 5968)
4(10129 5967 10021 3257)
4(10021 5968 10135 3257)
4(10135 5969 10129 3257)
4(1167 5971 10137 5970)
4(1167 5970 12943 12580)
4(12952 12580 12943 12332)
4(12943 5970 10137 12332)
4(10137 5971 12952 12332)
5(1169 1177 5989 1251 1243)
4(1176 5986 10141 5984)
6(1242 1243 1251 6114 1250 12593)
4(1177 5984 10141 5989)
4(1250 6114 10141 5986)
4(1251 5989 10141 6114)
4(1168 12582 12954 12581)
4(1176 12581 12954 5986)
4(1242 12593 12954 12582)
4(1250 5986 12954 12593)
4(1170 12584 12956 12585)
4(1177 5989 10142 5987)
6(1243 1244 12596 1252 6117 1251)
4(1178 5987 10142 5992)
4(1251 6117 10142 5989)
4(1252 5992 10142 6117)
4(1178 5992 12956 12584)
4(1244 12585 12956 12596)
4(1252 12596 12956 5992)
4(1170 12584 12945 12583)
4(12953 12583 12945 12333)
4(12945 12584 12956 12333)
4(12956 12585 12953 12333)
4(1171 5973 10029 5972)
4(10131 5972 10029 3258)
4(10029 5973 10143 3258)
4(10143 5974 10131 3258)
4(1171 5974 10143 5973)
4(1172 5976 10030 5975)
4(1172 5975 10133 5977)
4(1172 5977 10145 5976)
4(10145 5977 10133 3259)
4(1175 5982 10035 5981)
4(1175 5983 10149 5982)
4(10140 5981 10035 3261)
4(10149 5983 10140 3261)
4(1175 5981 10140 5983)
4(1176 5985 10038 5984)
4(1176 5986 10151 5985)
4(10141 5984 10038 3262)
4(10038 5985 10151 3262)
4(10151 5986 10141 3262)
4(1177 5988 10041 5987)
4(1177 5989 10154 5988)
4(10142 5987 10041 3263)
4(10041 5988 10154 3263)
4(10154 5989 10142 3263)
4(1178 5991 10044 5990)
4(1178 5992 10157 5991)
4(10144 5990 10044 3264)
4(10044 5991 10157 3264)
4(10157 5992 10144 3264)
4(1178 5990 10144 5992)
4(1179 5994 10045 5993)
4(1179 5993 10146 5995)
4(1179 5995 10160 5994)
4(10160 5995 10146 3265)
4(1184 6007 10058 6006)
4(1184 6008 10171 6007)
4(10165 6006 10058 3268)
4(10058 6007 10171 3268)
4(10171 6008 10165 3268)
4(1185 6010 10061 6009)
4(1185 6011 10174 6010)
4(10166 6009 10061 3269)
4(10061 6010 10174 3269)
4(10174 6011 10166 3269)
4(1186 6013 10064 6012)
4(1186 6014 10177 6013)
4(10064 6013 10177 3270)
4(10177 6014 10167 3270)
4(1187 6017 10072 6016)
4(10169 6016 10072 3273)
4(10072 6017 10185 3273)
4(10185 6018 10169 3273)
4(1188 6019 10172 6021)
4(1188 6021 10188 6020)
4(1188 6020 12948 6019)
4(10172 6019 12948 12334)
4(12948 6020 10188 12334)
4(10188 6021 10172 12334)
5(1190 1198 1272 1264 6025)
5(1197 12589 1271 1272 1198)
6(1263 6152 1264 1272 1271 12598)
4(1189 6022 10175 6023)
4(1190 6025 10175 6022)
4(1263 6023 10175 6152)
4(1264 6152 10175 6025)
4(1189 6023 12958 12586)
4(1197 12586 12958 12589)
4(1263 12598 12958 6023)
4(1271 12589 12958 12598)
4(1191 12587 12961 6027)
5(1198 1272 1273 12591 1199)
6(1264 6154 1265 12599 1273 1272)
4(1190 6024 10178 6025)
4(1191 6027 10178 6024)
4(1264 6025 10178 6154)
4(1265 6154 10178 6027)
4(1199 12591 12961 12587)
4(1265 6027 12961 12599)
4(1273 12599 12961 12591)
4(1191 6026 10181 6027)
4(1191 12587 12951 6026)
4(10181 6026 12951 12335)
4(12951 12587 12961 12335)
4(12961 6027 10181 12335)
4(1192 6029 10076 6028)
4(1192 6028 10183 6030)
4(10183 6028 10076 3274)
4(10076 6029 10191 3274)
4(10191 6030 10183 3274)
4(1192 6030 10191 6029)
4(1194 6034 10083 6033)
4(10186 6033 10083 3276)
4(10083 6034 10197 3276)
4(10197 6035 10186 3276)
5(1196 1205 1279 1270 6039)
5(1204 6052 1278 1279 1205)
6(1269 6166 1270 1279 1278 6167)
4(1195 6036 10189 6038)
4(1196 6039 10189 6036)
4(1269 6038 10189 6166)
4(1270 6166 10189 6039)
4(1195 6038 10199 6037)
4(1204 6037 10199 6052)
4(1269 6167 10199 6038)
4(1278 6052 10199 6167)
5(1197 1206 1280 1271 12589)
4(1205 1279 1280 1206)
5(1270 12600 1271 1280 1279)
4(1196 12588 12959 6039)
4(1197 12589 12959 12588)
4(1270 6039 12959 12600)
4(1271 12600 12959 12589)
4(1198 1207 1281 1272)
4(1206 1280 1281 1207)
4(1271 1272 1281 1280)
5(1199 1208 1282 1273 12591)
4(1207 1281 1282 1208)
4(1272 1273 1282 1281)
5(1200 1209 1283 1274 6041)
4(1208 1282 1283 1209)
5(1273 12602 1274 1283 1282)
4(1199 12590 12962 12591)
4(1200 6041 12962 12590)
4(1273 12591 12962 12602)
4(1274 12602 12962 6041)
4(1201 6043 10202 6044)
5(1209 1283 1284 6055 1210)
6(1274 6170 1275 6173 1284 1283)
4(1200 6040 10193 6041)
4(1201 6044 10193 6040)
4(1274 6041 10193 6170)
4(1275 6170 10193 6044)
4(1210 6055 10202 6043)
4(1275 6044 10202 6173)
4(1284 6173 10202 6055)
4(1201 6043 10087 6042)
4(1201 6042 10195 6044)
4(10195 6042 10087 3277)
4(10087 6043 10202 3277)
4(10202 6044 10195 3277)
4(1203 6049 10094 6048)
4(1203 6048 10200 6050)
4(1203 6050 10207 6049)
4(10200 6048 10094 3279)
4(10094 6049 10207 3279)
4(10207 6050 10200 3279)
4(1205 1214 1288 1279)
5(1213 6064 1287 1288 1214)
5(1278 1279 1288 1287 6181)
4(1204 6052 10210 6051)
4(1213 6051 10210 6064)
4(1278 6181 10210 6052)
4(1287 6064 10210 6181)
4(1206 1215 1289 1280)
4(1214 1288 1289 1215)
4(1279 1280 1289 1288)
4(1207 1216 1290 1281)
4(1215 1289 1290 1216)
4(1280 1281 1290 1289)
4(1208 1217 1291 1282)
4(1216 1290 1291 1217)
4(1281 1282 1291 1290)
4(1209 1218 1292 1283)
4(1217 1291 1292 1218)
4(1282 1283 1292 1291)
4(1210 6054 10213 6055)
5(1218 1292 1293 6067 1219)
5(1283 1284 6184 1293 1292)
4(1219 6067 10213 6054)
4(1284 6055 10213 6184)
4(1293 6184 10213 6067)
4(1210 6054 10098 6053)
4(1210 6053 10204 6055)
4(10204 6053 10098 3280)
4(10098 6054 10213 3280)
4(10213 6055 10204 3280)
4(1211 6057 10100 6056)
4(1211 6058 10214 6057)
4(10100 6057 10214 3281)
4(10214 6058 10206 3281)
4(1212 6061 10106 6060)
4(1212 6060 10211 6062)
4(1212 6062 10219 6061)
4(10211 6060 10106 3283)
4(10106 6061 10219 3283)
4(10219 6062 10211 3283)
4(1214 1223 1297 1288)
5(1222 6076 1296 1297 1223)
5(1287 1288 1297 1296 6193)
4(1213 6064 10222 6063)
4(1222 6063 10222 6076)
4(1287 6193 10222 6064)
4(1296 6076 10222 6193)
4(1215 1224 1298 1289)
4(1223 1297 1298 1224)
4(1288 1289 1298 1297)
4(1216 1225 1299 1290)
4(1224 1298 1299 1225)
4(1289 1290 1299 1298)
4(1217 1226 1300 1291)
4(1225 1299 1300 1226)
4(1290 1291 1300 1299)
4(1218 1227 1301 1292)
4(1226 1300 1301 1227)
4(1291 1292 1301 1300)
4(1219 6066 10225 6067)
5(1227 1301 1302 6079 1228)
5(1292 1293 6196 1302 1301)
4(1228 6079 10225 6066)
4(1293 6067 10225 6196)
4(1302 6196 10225 6079)
4(1219 6066 10110 6065)
4(1219 6065 10215 6067)
4(10215 6065 10110 3284)
4(10110 6066 10225 3284)
4(10225 6067 10215 3284)
4(1220 6069 10112 6068)
4(1220 6068 10217 6070)
4(1220 6070 10226 6069)
4(10112 6069 10226 3285)
4(10226 6070 10217 3285)
4(1221 6073 10118 6072)
4(1221 6072 10223 6074)
4(1221 6074 10231 6073)
4(10223 6072 10118 3287)
4(10118 6073 10231 3287)
4(10231 6074 10223 3287)
4(1223 1232 1306 1297)
5(1231 6088 1305 1306 1232)
5(1296 1297 1306 1305 6205)
4(1222 6076 10234 6075)
4(1231 6075 10234 6088)
4(1296 6205 10234 6076)
4(1305 6088 10234 6205)
4(1224 1233 1307 1298)
4(1232 1306 1307 1233)
4(1297 1298 1307 1306)
4(1225 1234 1308 1299)
4(1233 1307 1308 1234)
4(1298 1299 1308 1307)
4(1226 1235 1309 1300)
4(1234 1308 1309 1235)
4(1299 1300 1309 1308)
4(1227 1236 1310 1301)
4(1235 1309 1310 1236)
4(1300 1301 1310 1309)
4(1228 6078 10237 6079)
5(1236 1310 1311 6091 1237)
5(1301 1302 6208 1311 1310)
4(1237 6091 10237 6078)
4(1302 6079 10237 6208)
4(1311 6208 10237 6091)
4(1228 6078 10122 6077)
4(1228 6077 10227 6079)
4(10227 6077 10122 3288)
4(10122 6078 10237 3288)
4(10237 6079 10227 3288)
4(1229 6081 10124 6080)
4(1229 6080 10229 6082)
4(1229 6082 10238 6081)
4(10124 6081 10238 3289)
4(10238 6082 10229 3289)
4(1230 6085 10128 6084)
4(1230 6084 10235 6086)
4(10235 6084 10128 3290)
4(10128 6085 10243 3290)
4(10243 6086 10235 3290)
5(1232 1241 6101 1315 1306)
4(1240 6099 10247 6097)
6(1305 1306 1315 6227 1314 6217)
4(1231 6088 10244 6087)
4(1240 6087 10244 6099)
4(1305 6217 10244 6088)
4(1314 6099 10244 6217)
4(1241 6097 10247 6101)
4(1314 6227 10247 6099)
4(1315 6101 10247 6227)
5(1233 1242 12594 1316 1307)
4(1241 6101 12964 12592)
5(1306 1307 1316 12604 1315)
4(1242 12592 12964 12594)
4(1315 12604 12964 6101)
4(1316 12594 12964 12604)
4(1234 1243 1317 1308)
5(1242 12594 1316 1317 1243)
4(1307 1308 1317 1316)
5(1235 1244 12597 1318 1309)
5(1243 1317 1318 12597 1244)
4(1308 1309 1318 1317)
5(1236 1245 6104 1319 1310)
4(1244 12597 12965 12595)
5(1309 1310 1319 12607 1318)
4(1245 12595 12965 6104)
4(1318 12607 12965 12597)
4(1319 6104 12965 12607)
4(1237 6090 10248 6091)
4(1245 6104 10249 6102)
6(1310 1311 6220 1320 6232 1319)
4(1246 6107 10248 6090)
4(1311 6091 10248 6220)
4(1320 6220 10248 6107)
4(1246 6102 10249 6107)
4(1319 6232 10249 6104)
4(1320 6107 10249 6232)
4(1237 6090 10134 6089)
4(1237 6089 10239 6091)
4(10239 6089 10134 3291)
4(10134 6090 10248 3291)
4(10248 6091 10239 3291)
4(1240 6098 10139 6097)
4(1240 6099 10253 6098)
4(10247 6097 10139 3293)
4(10139 6098 10253 3293)
4(10253 6099 10247 3293)
4(1241 6101 10255 6100)
4(1241 6100 12955 12592)
4(12964 12592 12955 12336)
4(12955 6100 10255 12336)
4(10255 6101 12964 12336)
5(1243 1251 6119 1325 1317)
4(1250 6116 10259 6114)
6(1316 1317 1325 6244 1324 12605)
4(1251 6114 10259 6119)
4(1324 6244 10259 6116)
4(1325 6119 10259 6244)
4(1242 12594 12966 12593)
4(1250 12593 12966 6116)
4(1316 12605 12966 12594)
4(1324 6116 12966 12605)
4(1244 12596 12968 12597)
4(1251 6119 10260 6117)
6(1317 1318 12608 1326 6247 1325)
4(1252 6117 10260 6122)
4(1325 6247 10260 6119)
4(1326 6122 10260 6247)
4(1252 6122 12968 12596)
4(1318 12597 12968 12608)
4(1326 12608 12968 6122)
4(1244 12596 12957 12595)
4(12965 12595 12957 12337)
4(12957 12596 12968 12337)
4(12968 12597 12965 12337)
4(1245 6103 10147 6102)
4(10249 6102 10147 3294)
4(10147 6103 10261 3294)
4(10261 6104 10249 3294)
4(1245 6104 10261 6103)
4(1246 6106 10148 6105)
4(1246 6105 10251 6107)
4(1246 6107 10263 6106)
4(10263 6107 10251 3295)
4(1249 6112 10153 6111)
4(1249 6113 10267 6112)
4(10258 6111 10153 3297)
4(10267 6113 10258 3297)
4(1249 6111 10258 6113)
4(1250 6115 10156 6114)
4(1250 6116 10269 6115)
4(10259 6114 10156 3298)
4(10156 6115 10269 3298)
4(10269 6116 10259 3298)
4(1251 6118 10159 6117)
4(1251 6119 10272 6118)
4(10260 6117 10159 3299)
4(10159 6118 10272 3299)
4(10272 6119 10260 3299)
4(1252 6121 10162 6120)
4(1252 6122 10275 6121)
4(10262 6120 10162 3300)
4(10162 6121 10275 3300)
4(10275 6122 10262 3300)
4(1252 6120 10262 6122)
4(1253 6124 10163 6123)
4(1253 6123 10264 6125)
4(1253 6125 10278 6124)
4(10278 6125 10264 3301)
4(1258 6137 10176 6136)
4(1258 6138 10289 6137)
4(10283 6136 10176 3304)
4(10176 6137 10289 3304)
4(10289 6138 10283 3304)
4(1259 6140 10179 6139)
4(1259 6141 10292 6140)
4(10284 6139 10179 3305)
4(10179 6140 10292 3305)
4(10292 6141 10284 3305)
4(1260 6143 10182 6142)
4(1260 6144 10295 6143)
4(10182 6143 10295 3306)
4(10295 6144 10285 3306)
4(1261 6147 10190 6146)
4(10287 6146 10190 3309)
4(10190 6147 10303 3309)
4(10303 6148 10287 3309)
4(1262 6149 10290 6151)
4(1262 6151 10306 6150)
4(1262 6150 12960 6149)
4(10290 6149 12960 12338)
4(12960 6150 10306 12338)
4(10306 6151 10290 12338)
5(1264 1272 1346 1338 6155)
5(1271 12601 1345 1346 1272)
6(1337 6282 1338 1346 1345 12610)
4(1263 6152 10293 6153)
4(1264 6155 10293 6152)
4(1337 6153 10293 6282)
4(1338 6282 10293 6155)
4(1263 6153 12970 12598)
4(1271 12598 12970 12601)
4(1337 12610 12970 6153)
4(1345 12601 12970 12610)
4(1265 12599 12973 6157)
5(1272 1346 1347 12603 1273)
6(1338 6284 1339 12611 1347 1346)
4(1264 6154 10296 6155)
4(1265 6157 10296 6154)
4(1338 6155 10296 6284)
4(1339 6284 10296 6157)
4(1273 12603 12973 12599)
4(1339 6157 12973 12611)
4(1347 12611 12973 12603)
4(1265 6156 10299 6157)
4(1265 12599 12963 6156)
4(10299 6156 12963 12339)
4(12963 12599 12973 12339)
4(12973 6157 10299 12339)
4(1266 6159 10194 6158)
4(1266 6158 10301 6160)
4(10301 6158 10194 3310)
4(10194 6159 10309 3310)
4(10309 6160 10301 3310)
4(1266 6160 10309 6159)
4(1268 6164 10201 6163)
4(10304 6163 10201 3312)
4(10201 6164 10315 3312)
4(10315 6165 10304 3312)
5(1270 1279 1353 1344 6169)
5(1278 6182 1352 1353 1279)
6(1343 6296 1344 1353 1352 6297)
4(1269 6166 10307 6168)
4(1270 6169 10307 6166)
4(1343 6168 10307 6296)
4(1344 6296 10307 6169)
4(1269 6168 10317 6167)
4(1278 6167 10317 6182)
4(1343 6297 10317 6168)
4(1352 6182 10317 6297)
5(1271 1280 1354 1345 12601)
4(1279 1353 1354 1280)
5(1344 12612 1345 1354 1353)
4(1270 12600 12971 6169)
4(1271 12601 12971 12600)
4(1344 6169 12971 12612)
4(1345 12612 12971 12601)
4(1272 1281 1355 1346)
4(1280 1354 1355 1281)
4(1345 1346 1355 1354)
5(1273 1282 1356 1347 12603)
4(1281 1355 1356 1282)
4(1346 1347 1356 1355)
5(1274 1283 1357 1348 6171)
4(1282 1356 1357 1283)
5(1347 12614 1348 1357 1356)
4(1273 12602 12974 12603)
4(1274 6171 12974 12602)
4(1347 12603 12974 12614)
4(1348 12614 12974 6171)
4(1275 6173 10320 6174)
5(1283 1357 1358 6185 1284)
6(1348 6300 1349 6303 1358 1357)
4(1274 6170 10311 6171)
4(1275 6174 10311 6170)
4(1348 6171 10311 6300)
4(1349 6300 10311 6174)
4(1284 6185 10320 6173)
4(1349 6174 10320 6303)
4(1358 6303 10320 6185)
4(1275 6173 10205 6172)
4(1275 6172 10313 6174)
4(10313 6172 10205 3313)
4(10205 6173 10320 3313)
4(10320 6174 10313 3313)
4(1277 6179 10212 6178)
4(1277 6178 10318 6180)
4(1277 6180 10325 6179)
4(10318 6178 10212 3315)
4(10212 6179 10325 3315)
4(10325 6180 10318 3315)
4(1279 1288 1362 1353)
5(1287 6194 1361 1362 1288)
5(1352 1353 1362 1361 6311)
4(1278 6182 10328 6181)
4(1287 6181 10328 6194)
4(1352 6311 10328 6182)
4(1361 6194 10328 6311)
4(1280 1289 1363 1354)
4(1288 1362 1363 1289)
4(1353 1354 1363 1362)
4(1281 1290 1364 1355)
4(1289 1363 1364 1290)
4(1354 1355 1364 1363)
4(1282 1291 1365 1356)
4(1290 1364 1365 1291)
4(1355 1356 1365 1364)
4(1283 1292 1366 1357)
4(1291 1365 1366 1292)
4(1356 1357 1366 1365)
4(1284 6184 10331 6185)
5(1292 1366 1367 6197 1293)
5(1357 1358 6314 1367 1366)
4(1293 6197 10331 6184)
4(1358 6185 10331 6314)
4(1367 6314 10331 6197)
4(1284 6184 10216 6183)
4(1284 6183 10322 6185)
4(10322 6183 10216 3316)
4(10216 6184 10331 3316)
4(10331 6185 10322 3316)
4(1285 6187 10218 6186)
4(1285 6188 10332 6187)
4(10218 6187 10332 3317)
4(10332 6188 10324 3317)
4(1286 6191 10224 6190)
4(1286 6190 10329 6192)
4(1286 6192 10337 6191)
4(10329 6190 10224 3319)
4(10224 6191 10337 3319)
4(10337 6192 10329 3319)
4(1288 1297 1371 1362)
5(1296 6206 1370 1371 1297)
5(1361 1362 1371 1370 6323)
4(1287 6194 10340 6193)
4(1296 6193 10340 6206)
4(1361 6323 10340 6194)
4(1370 6206 10340 6323)
4(1289 1298 1372 1363)
4(1297 1371 1372 1298)
4(1362 1363 1372 1371)
4(1290 1299 1373 1364)
4(1298 1372 1373 1299)
4(1363 1364 1373 1372)
4(1291 1300 1374 1365)
4(1299 1373 1374 1300)
4(1364 1365 1374 1373)
4(1292 1301 1375 1366)
4(1300 1374 1375 1301)
4(1365 1366 1375 1374)
4(1293 6196 10343 6197)
5(1301 1375 1376 6209 1302)
5(1366 1367 6326 1376 1375)
4(1302 6209 10343 6196)
4(1367 6197 10343 6326)
4(1376 6326 10343 6209)
4(1293 6196 10228 6195)
4(1293 6195 10333 6197)
4(10333 6195 10228 3320)
4(10228 6196 10343 3320)
4(10343 6197 10333 3320)
4(1294 6199 10230 6198)
4(1294 6198 10335 6200)
4(1294 6200 10344 6199)
4(10230 6199 10344 3321)
4(10344 6200 10335 3321)
4(1295 6203 10236 6202)
4(1295 6202 10341 6204)
4(1295 6204 10349 6203)
4(10341 6202 10236 3323)
4(10236 6203 10349 3323)
4(10349 6204 10341 3323)
4(1297 1306 1380 1371)
5(1305 6218 1379 1380 1306)
5(1370 1371 1380 1379 6335)
4(1296 6206 10352 6205)
4(1305 6205 10352 6218)
4(1370 6335 10352 6206)
4(1379 6218 10352 6335)
4(1298 1307 1381 1372)
4(1306 1380 1381 1307)
4(1371 1372 1381 1380)
4(1299 1308 1382 1373)
4(1307 1381 1382 1308)
4(1372 1373 1382 1381)
4(1300 1309 1383 1374)
4(1308 1382 1383 1309)
4(1373 1374 1383 1382)
4(1301 1310 1384 1375)
4(1309 1383 1384 1310)
4(1374 1375 1384 1383)
4(1302 6208 10355 6209)
5(1310 1384 1385 6221 1311)
5(1375 1376 6338 1385 1384)
4(1311 6221 10355 6208)
4(1376 6209 10355 6338)
4(1385 6338 10355 6221)
4(1302 6208 10240 6207)
4(1302 6207 10345 6209)
4(10345 6207 10240 3324)
4(10240 6208 10355 3324)
4(10355 6209 10345 3324)
4(1303 6211 10242 6210)
4(1303 6210 10347 6212)
4(1303 6212 10356 6211)
4(10242 6211 10356 3325)
4(10356 6212 10347 3325)
4(1304 6215 10246 6214)
4(1304 6214 10353 6216)
4(10353 6214 10246 3326)
4(10246 6215 10361 3326)
4(10361 6216 10353 3326)
5(1306 1315 6231 1389 1380)
4(1314 6229 10365 6227)
6(1379 1380 1389 6357 1388 6347)
4(1305 6218 10362 6217)
4(1314 6217 10362 6229)
4(1379 6347 10362 6218)
4(1388 6229 10362 6347)
4(1315 6227 10365 6231)
4(1388 6357 10365 6229)
4(1389 6231 10365 6357)
5(1307 1316 12606 1390 1381)
4(1315 6231 12976 12604)
5(1380 1381 1390 12616 1389)
4(1316 12604 12976 12606)
4(1389 12616 12976 6231)
4(1390 12606 12976 12616)
4(1308 1317 1391 1382)
5(1316 12606 1390 1391 1317)
4(1381 1382 1391 1390)
5(1309 1318 12609 1392 1383)
5(1317 1391 1392 12609 1318)
4(1382 1383 1392 1391)
5(1310 1319 6234 1393 1384)
4(1318 12609 12977 12607)
5(1383 1384 1393 12619 1392)
4(1319 12607 12977 6234)
4(1392 12619 12977 12609)
4(1393 6234 12977 12619)
4(1311 6220 10366 6221)
4(1319 6234 10367 6232)
6(1384 1385 6350 1394 6362 1393)
4(1320 6237 10366 6220)
4(1385 6221 10366 6350)
4(1394 6350 10366 6237)
4(1320 6232 10367 6237)
4(1393 6362 10367 6234)
4(1394 6237 10367 6362)
4(1311 6220 10252 6219)
4(1311 6219 10357 6221)
4(10357 6219 10252 3327)
4(10252 6220 10366 3327)
4(10366 6221 10357 3327)
4(1314 6228 10257 6227)
4(1314 6229 10371 6228)
4(10365 6227 10257 3329)
4(10257 6228 10371 3329)
4(10371 6229 10365 3329)
4(1315 6231 10373 6230)
4(1315 6230 12967 12604)
4(12976 12604 12967 12340)
4(12967 6230 10373 12340)
4(10373 6231 12976 12340)
5(1317 1325 6249 1399 1391)
4(1324 6246 10377 6244)
6(1390 1391 1399 6374 1398 12617)
4(1325 6244 10377 6249)
4(1398 6374 10377 6246)
4(1399 6249 10377 6374)
4(1316 12606 12978 12605)
4(1324 12605 12978 6246)
4(1390 12617 12978 12606)
4(1398 6246 12978 12617)
4(1318 12608 12980 12609)
4(1325 6249 10378 6247)
6(1391 1392 12620 1400 6377 1399)
4(1326 6247 10378 6252)
4(1399 6377 10378 6249)
4(1400 6252 10378 6377)
4(1326 6252 12980 12608)
4(1392 12609 12980 12620)
4(1400 12620 12980 6252)
4(1318 12608 12969 12607)
4(12977 12607 12969 12341)
4(12969 12608 12980 12341)
4(12980 12609 12977 12341)
4(1319 6233 10265 6232)
4(10367 6232 10265 3330)
4(10265 6233 10379 3330)
4(10379 6234 10367 3330)
4(1319 6234 10379 6233)
4(1320 6236 10266 6235)
4(1320 6235 10369 6237)
4(1320 6237 10381 6236)
4(10381 6237 10369 3331)
4(1323 6242 10271 6241)
4(1323 6243 10385 6242)
4(10376 6241 10271 3333)
4(10385 6243 10376 3333)
4(1323 6241 10376 6243)
4(1324 6245 10274 6244)
4(1324 6246 10387 6245)
4(10377 6244 10274 3334)
4(10274 6245 10387 3334)
4(10387 6246 10377 3334)
4(1325 6248 10277 6247)
4(1325 6249 10390 6248)
4(10378 6247 10277 3335)
4(10277 6248 10390 3335)
4(10390 6249 10378 3335)
4(1326 6251 10280 6250)
4(1326 6252 10393 6251)
4(10380 6250 10280 3336)
4(10280 6251 10393 3336)
4(10393 6252 10380 3336)
4(1326 6250 10380 6252)
4(1327 6254 10281 6253)
4(1327 6253 10382 6255)
4(1327 6255 10396 6254)
4(10396 6255 10382 3337)
4(1332 6267 10294 6266)
4(1332 6268 10407 6267)
4(10401 6266 10294 3340)
4(10294 6267 10407 3340)
4(10407 6268 10401 3340)
4(1333 6270 10297 6269)
4(1333 6271 10410 6270)
4(10402 6269 10297 3341)
4(10297 6270 10410 3341)
4(10410 6271 10402 3341)
4(1334 6273 10300 6272)
4(1334 6274 10413 6273)
4(10300 6273 10413 3342)
4(10413 6274 10403 3342)
4(1335 6277 10308 6276)
4(10405 6276 10308 3345)
4(10308 6277 10421 3345)
4(10421 6278 10405 3345)
4(1336 6279 10408 6281)
4(1336 6281 10424 6280)
4(1336 6280 12972 6279)
4(10408 6279 12972 12342)
4(12972 6280 10424 12342)
4(10424 6281 10408 12342)
5(1338 1346 1420 1412 6285)
5(1345 12613 1419 1420 1346)
6(1411 6412 1412 1420 1419 12622)
4(1337 6282 10411 6283)
4(1338 6285 10411 6282)
4(1411 6283 10411 6412)
4(1412 6412 10411 6285)
4(1337 6283 12982 12610)
4(1345 12610 12982 12613)
4(1411 12622 12982 6283)
4(1419 12613 12982 12622)
4(1339 12611 12985 6287)
5(1346 1420 1421 12615 1347)
6(1412 6414 1413 12623 1421 1420)
4(1338 6284 10414 6285)
4(1339 6287 10414 6284)
4(1412 6285 10414 6414)
4(1413 6414 10414 6287)
4(1347 12615 12985 12611)
4(1413 6287 12985 12623)
4(1421 12623 12985 12615)
4(1339 6286 10417 6287)
4(1339 12611 12975 6286)
4(10417 6286 12975 12343)
4(12975 12611 12985 12343)
4(12985 6287 10417 12343)
4(1340 6289 10312 6288)
4(1340 6288 10419 6290)
4(10419 6288 10312 3346)
4(10312 6289 10427 3346)
4(10427 6290 10419 3346)
4(1340 6290 10427 6289)
4(1342 6294 10319 6293)
4(10422 6293 10319 3348)
4(10319 6294 10433 3348)
4(10433 6295 10422 3348)
5(1344 1353 1427 1418 6299)
5(1352 6312 1426 1427 1353)
6(1417 6426 1418 1427 1426 6427)
4(1343 6296 10425 6298)
4(1344 6299 10425 6296)
4(1417 6298 10425 6426)
4(1418 6426 10425 6299)
4(1343 6298 10435 6297)
4(1352 6297 10435 6312)
4(1417 6427 10435 6298)
4(1426 6312 10435 6427)
5(1345 1354 1428 1419 12613)
4(1353 1427 1428 1354)
5(1418 12624 1419 1428 1427)
4(1344 12612 12983 6299)
4(1345 12613 12983 12612)
4(1418 6299 12983 12624)
4(1419 12624 12983 12613)
4(1346 1355 1429 1420)
4(1354 1428 1429 1355)
4(1419 1420 1429 1428)
5(1347 1356 1430 1421 12615)
4(1355 1429 1430 1356)
4(1420 1421 1430 1429)
5(1348 1357 1431 1422 6301)
4(1356 1430 1431 1357)
5(1421 12626 1422 1431 1430)
4(1347 12614 12986 12615)
4(1348 6301 12986 12614)
4(1421 12615 12986 12626)
4(1422 12626 12986 6301)
4(1349 6303 10438 6304)
5(1357 1431 1432 6315 1358)
6(1422 6430 1423 6433 1432 1431)
4(1348 6300 10429 6301)
4(1349 6304 10429 6300)
4(1422 6301 10429 6430)
4(1423 6430 10429 6304)
4(1358 6315 10438 6303)
4(1423 6304 10438 6433)
4(1432 6433 10438 6315)
4(1349 6303 10323 6302)
4(1349 6302 10431 6304)
4(10431 6302 10323 3349)
4(10323 6303 10438 3349)
4(10438 6304 10431 3349)
4(1351 6309 10330 6308)
4(1351 6308 10436 6310)
4(1351 6310 10443 6309)
4(10436 6308 10330 3351)
4(10330 6309 10443 3351)
4(10443 6310 10436 3351)
4(1353 1362 1436 1427)
5(1361 6324 1435 1436 1362)
5(1426 1427 1436 1435 6441)
4(1352 6312 10446 6311)
4(1361 6311 10446 6324)
4(1426 6441 10446 6312)
4(1435 6324 10446 6441)
4(1354 1363 1437 1428)
4(1362 1436 1437 1363)
4(1427 1428 1437 1436)
4(1355 1364 1438 1429)
4(1363 1437 1438 1364)
4(1428 1429 1438 1437)
4(1356 1365 1439 1430)
4(1364 1438 1439 1365)
4(1429 1430 1439 1438)
4(1357 1366 1440 1431)
4(1365 1439 1440 1366)
4(1430 1431 1440 1439)
4(1358 6314 10449 6315)
5(1366 1440 1441 6327 1367)
5(1431 1432 6444 1441 1440)
4(1367 6327 10449 6314)
4(1432 6315 10449 6444)
4(1441 6444 10449 6327)
4(1358 6314 10334 6313)
4(1358 6313 10440 6315)
4(10440 6313 10334 3352)
4(10334 6314 10449 3352)
4(10449 6315 10440 3352)
4(1359 6317 10336 6316)
4(1359 6318 10450 6317)
4(10336 6317 10450 3353)
4(10450 6318 10442 3353)
4(1360 6321 10342 6320)
4(1360 6320 10447 6322)
4(1360 6322 10455 6321)
4(10447 6320 10342 3355)
4(10342 6321 10455 3355)
4(10455 6322 10447 3355)
4(1362 1371 1445 1436)
5(1370 6336 1444 1445 1371)
5(1435 1436 1445 1444 6453)
4(1361 6324 10458 6323)
4(1370 6323 10458 6336)
4(1435 6453 10458 6324)
4(1444 6336 10458 6453)
4(1363 1372 1446 1437)
4(1371 1445 1446 1372)
4(1436 1437 1446 1445)
4(1364 1373 1447 1438)
4(1372 1446 1447 1373)
4(1437 1438 1447 1446)
4(1365 1374 1448 1439)
4(1373 1447 1448 1374)
4(1438 1439 1448 1447)
4(1366 1375 1449 1440)
4(1374 1448 1449 1375)
4(1439 1440 1449 1448)
4(1367 6326 10461 6327)
5(1375 1449 1450 6339 1376)
5(1440 1441 6456 1450 1449)
4(1376 6339 10461 6326)
4(1441 6327 10461 6456)
4(1450 6456 10461 6339)
4(1367 6326 10346 6325)
4(1367 6325 10451 6327)
4(10451 6325 10346 3356)
4(10346 6326 10461 3356)
4(10461 6327 10451 3356)
4(1368 6329 10348 6328)
4(1368 6328 10453 6330)
4(1368 6330 10462 6329)
4(10348 6329 10462 3357)
4(10462 6330 10453 3357)
4(1369 6333 10354 6332)
4(1369 6332 10459 6334)
4(1369 6334 10467 6333)
4(10459 6332 10354 3359)
4(10354 6333 10467 3359)
4(10467 6334 10459 3359)
4(1371 1380 1454 1445)
5(1379 6348 1453 1454 1380)
5(1444 1445 1454 1453 6465)
4(1370 6336 10470 6335)
4(1379 6335 10470 6348)
4(1444 6465 10470 6336)
4(1453 6348 10470 6465)
4(1372 1381 1455 1446)
4(1380 1454 1455 1381)
4(1445 1446 1455 1454)
4(1373 1382 1456 1447)
4(1381 1455 1456 1382)
4(1446 1447 1456 1455)
4(1374 1383 1457 1448)
4(1382 1456 1457 1383)
4(1447 1448 1457 1456)
4(1375 1384 1458 1449)
4(1383 1457 1458 1384)
4(1448 1449 1458 1457)
4(1376 6338 10473 6339)
5(1384 1458 1459 6351 1385)
5(1449 1450 6468 1459 1458)
4(1385 6351 10473 6338)
4(1450 6339 10473 6468)
4(1459 6468 10473 6351)
4(1376 6338 10358 6337)
4(1376 6337 10463 6339)
4(10463 6337 10358 3360)
4(10358 6338 10473 3360)
4(10473 6339 10463 3360)
4(1377 6341 10360 6340)
4(1377 6340 10465 6342)
4(1377 6342 10474 6341)
4(10360 6341 10474 3361)
4(10474 6342 10465 3361)
4(1378 6345 10364 6344)
4(1378 6344 10471 6346)
4(10471 6344 10364 3362)
4(10364 6345 10479 3362)
4(10479 6346 10471 3362)
5(1380 1389 6361 1463 1454)
4(1388 6359 10483 6357)
6(1453 1454 1463 6487 1462 6477)
4(1379 6348 10480 6347)
4(1388 6347 10480 6359)
4(1453 6477 10480 6348)
4(1462 6359 10480 6477)
4(1389 6357 10483 6361)
4(1462 6487 10483 6359)
4(1463 6361 10483 6487)
5(1381 1390 12618 1464 1455)
4(1389 6361 12988 12616)
5(1454 1455 1464 12628 1463)
4(1390 12616 12988 12618)
4(1463 12628 12988 6361)
4(1464 12618 12988 12628)
4(1382 1391 1465 1456)
5(1390 12618 1464 1465 1391)
4(1455 1456 1465 1464)
5(1383 1392 12621 1466 1457)
5(1391 1465 1466 12621 1392)
4(1456 1457 1466 1465)
5(1384 1393 6364 1467 1458)
4(1392 12621 12989 12619)
5(1457 1458 1467 12631 1466)
4(1393 12619 12989 6364)
4(1466 12631 12989 12621)
4(1467 6364 12989 12631)
4(1385 6350 10484 6351)
4(1393 6364 10485 6362)
6(1458 1459 6480 1468 6492 1467)
4(1394 6367 10484 6350)
4(1459 6351 10484 6480)
4(1468 6480 10484 6367)
4(1394 6362 10485 6367)
4(1467 6492 10485 6364)
4(1468 6367 10485 6492)
4(1385 6350 10370 6349)
4(1385 6349 10475 6351)
4(10475 6349 10370 3363)
4(10370 6350 10484 3363)
4(10484 6351 10475 3363)
4(1388 6358 10375 6357)
4(1388 6359 10489 6358)
4(10483 6357 10375 3365)
4(10375 6358 10489 3365)
4(10489 6359 10483 3365)
4(1389 6361 10491 6360)
4(1389 6360 12979 12616)
4(12988 12616 12979 12344)
4(12979 6360 10491 12344)
4(10491 6361 12988 12344)
5(1391 1399 6379 1473 1465)
4(1398 6376 10495 6374)
6(1464 1465 1473 6504 1472 12629)
4(1399 6374 10495 6379)
4(1472 6504 10495 6376)
4(1473 6379 10495 6504)
4(1390 12618 12990 12617)
4(1398 12617 12990 6376)
4(1464 12629 12990 12618)
4(1472 6376 12990 12629)
4(1392 12620 12992 12621)
4(1399 6379 10496 6377)
6(1465 1466 12632 1474 6507 1473)
4(1400 6377 10496 6382)
4(1473 6507 10496 6379)
4(1474 6382 10496 6507)
4(1400 6382 12992 12620)
4(1466 12621 12992 12632)
4(1474 12632 12992 6382)
4(1392 12620 12981 12619)
4(12989 12619 12981 12345)
4(12981 12620 12992 12345)
4(12992 12621 12989 12345)
4(1393 6363 10383 6362)
4(10485 6362 10383 3366)
4(10383 6363 10497 3366)
4(10497 6364 10485 3366)
4(1393 6364 10497 6363)
4(1394 6366 10384 6365)
4(1394 6365 10487 6367)
4(1394 6367 10499 6366)
4(10499 6367 10487 3367)
4(1397 6372 10389 6371)
4(1397 6373 10503 6372)
4(10494 6371 10389 3369)
4(10503 6373 10494 3369)
4(1397 6371 10494 6373)
4(1398 6375 10392 6374)
4(1398 6376 10505 6375)
4(10495 6374 10392 3370)
4(10392 6375 10505 3370)
4(10505 6376 10495 3370)
4(1399 6378 10395 6377)
4(1399 6379 10508 6378)
4(10496 6377 10395 3371)
4(10395 6378 10508 3371)
4(10508 6379 10496 3371)
4(1400 6381 10398 6380)
4(1400 6382 10511 6381)
4(10498 6380 10398 3372)
4(10398 6381 10511 3372)
4(10511 6382 10498 3372)
4(1400 6380 10498 6382)
4(1401 6384 10399 6383)
4(1401 6383 10500 6385)
4(1401 6385 10514 6384)
4(10514 6385 10500 3373)
4(1406 6397 10412 6396)
4(1406 6398 10525 6397)
4(10519 6396 10412 3376)
4(10412 6397 10525 3376)
4(10525 6398 10519 3376)
4(1407 6400 10415 6399)
4(1407 6401 10528 6400)
4(10520 6399 10415 3377)
4(10415 6400 10528 3377)
4(10528 6401 10520 3377)
4(1408 6403 10418 6402)
4(1408 6404 10531 6403)
4(10418 6403 10531 3378)
4(10531 6404 10521 3378)
4(1409 6407 10426 6406)
4(10523 6406 10426 3381)
4(10426 6407 10539 3381)
4(10539 6408 10523 3381)
4(1410 6409 10526 6411)
4(1410 6411 10542 6410)
4(1410 6410 12984 6409)
4(10526 6409 12984 12346)
4(12984 6410 10542 12346)
4(10542 6411 10526 12346)
5(1412 1420 1494 1486 6415)
5(1419 12625 1493 1494 1420)
6(1485 6542 1486 1494 1493 12634)
4(1411 6412 10529 6413)
4(1412 6415 10529 6412)
4(1485 6413 10529 6542)
4(1486 6542 10529 6415)
4(1411 6413 12994 12622)
4(1419 12622 12994 12625)
4(1485 12634 12994 6413)
4(1493 12625 12994 12634)
4(1413 12623 12997 6417)
5(1420 1494 1495 12627 1421)
6(1486 6544 1487 12635 1495 1494)
4(1412 6414 10532 6415)
4(1413 6417 10532 6414)
4(1486 6415 10532 6544)
4(1487 6544 10532 6417)
4(1421 12627 12997 12623)
4(1487 6417 12997 12635)
4(1495 12635 12997 12627)
4(1413 6416 10535 6417)
4(1413 12623 12987 6416)
4(10535 6416 12987 12347)
4(12987 12623 12997 12347)
4(12997 6417 10535 12347)
4(1414 6419 10430 6418)
4(1414 6418 10537 6420)
4(10537 6418 10430 3382)
4(10430 6419 10545 3382)
4(10545 6420 10537 3382)
4(1414 6420 10545 6419)
4(1416 6424 10437 6423)
4(10540 6423 10437 3384)
4(10437 6424 10551 3384)
4(10551 6425 10540 3384)
5(1418 1427 1501 1492 6429)
5(1426 6442 1500 1501 1427)
6(1491 6556 1492 1501 1500 6557)
4(1417 6426 10543 6428)
4(1418 6429 10543 6426)
4(1491 6428 10543 6556)
4(1492 6556 10543 6429)
4(1417 6428 10553 6427)
4(1426 6427 10553 6442)
4(1491 6557 10553 6428)
4(1500 6442 10553 6557)
5(1419 1428 1502 1493 12625)
4(1427 1501 1502 1428)
5(1492 12636 1493 1502 1501)
4(1418 12624 12995 6429)
4(1419 12625 12995 12624)
4(1492 6429 12995 12636)
4(1493 12636 12995 12625)
4(1420 1429 1503 1494)
4(1428 1502 1503 1429)
4(1493 1494 1503 1502)
5(1421 1430 1504 1495 12627)
4(1429 1503 1504 1430)
4(1494 1495 1504 1503)
5(1422 1431 1505 1496 6431)
4(1430 1504 1505 1431)
5(1495 12638 1496 1505 1504)
4(1421 12626 12998 12627)
4(1422 6431 12998 12626)
4(1495 12627 12998 12638)
4(1496 12638 12998 6431)
4(1423 6433 10556 6434)
5(1431 1505 1506 6445 1432)
6(1496 6560 1497 6563 1506 1505)
4(1422 6430 10547 6431)
4(1423 6434 10547 6430)
4(1496 6431 10547 6560)
4(1497 6560 10547 6434)
4(1432 6445 10556 6433)
4(1497 6434 10556 6563)
4(1506 6563 10556 6445)
4(1423 6433 10441 6432)
4(1423 6432 10549 6434)
4(10549 6432 10441 3385)
4(10441 6433 10556 3385)
4(10556 6434 10549 3385)
4(1425 6439 10448 6438)
4(1425 6438 10554 6440)
4(1425 6440 10561 6439)
4(10554 6438 10448 3387)
4(10448 6439 10561 3387)
4(10561 6440 10554 3387)
4(1427 1436 1510 1501)
5(1435 6454 1509 1510 1436)
5(1500 1501 1510 1509 6571)
4(1426 6442 10564 6441)
4(1435 6441 10564 6454)
4(1500 6571 10564 6442)
4(1509 6454 10564 6571)
4(1428 1437 1511 1502)
4(1436 1510 1511 1437)
4(1501 1502 1511 1510)
4(1429 1438 1512 1503)
4(1437 1511 1512 1438)
4(1502 1503 1512 1511)
4(1430 1439 1513 1504)
4(1438 1512 1513 1439)
4(1503 1504 1513 1512)
4(1431 1440 1514 1505)
4(1439 1513 1514 1440)
4(1504 1505 1514 1513)
4(1432 6444 10567 6445)
5(1440 1514 1515 6457 1441)
5(1505 1506 6574 1515 1514)
4(1441 6457 10567 6444)
4(1506 6445 10567 6574)
4(1515 6574 10567 6457)
4(1432 6444 10452 6443)
4(1432 6443 10558 6445)
4(10558 6443 10452 3388)
4(10452 6444 10567 3388)
4(10567 6445 10558 3388)
4(1433 6447 10454 6446)
4(1433 6448 10568 6447)
4(10454 6447 10568 3389)
4(10568 6448 10560 3389)
4(1434 6451 10460 6450)
4(1434 6450 10565 6452)
4(1434 6452 10573 6451)
4(10565 6450 10460 3391)
4(10460 6451 10573 3391)
4(10573 6452 10565 3391)
4(1436 1445 1519 1510)
5(1444 6466 1518 1519 1445)
5(1509 1510 1519 1518 6583)
4(1435 6454 10576 6453)
4(1444 6453 10576 6466)
4(1509 6583 10576 6454)
4(1518 6466 10576 6583)
4(1437 1446 1520 1511)
4(1445 1519 1520 1446)
4(1510 1511 1520 1519)
4(1438 1447 1521 1512)
4(1446 1520 1521 1447)
4(1511 1512 1521 1520)
4(1439 1448 1522 1513)
4(1447 1521 1522 1448)
4(1512 1513 1522 1521)
4(1440 1449 1523 1514)
4(1448 1522 1523 1449)
4(1513 1514 1523 1522)
4(1441 6456 10579 6457)
5(1449 1523 1524 6469 1450)
5(1514 1515 6586 1524 1523)
4(1450 6469 10579 6456)
4(1515 6457 10579 6586)
4(1524 6586 10579 6469)
4(1441 6456 10464 6455)
4(1441 6455 10569 6457)
4(10569 6455 10464 3392)
4(10464 6456 10579 3392)
4(10579 6457 10569 3392)
4(1442 6459 10466 6458)
4(1442 6458 10571 6460)
4(1442 6460 10580 6459)
4(10466 6459 10580 3393)
4(10580 6460 10571 3393)
4(1443 6463 10472 6462)
4(1443 6462 10577 6464)
4(1443 6464 10585 6463)
4(10577 6462 10472 3395)
4(10472 6463 10585 3395)
4(10585 6464 10577 3395)
4(1445 1454 1528 1519)
5(1453 6478 1527 1528 1454)
5(1518 1519 1528 1527 6595)
4(1444 6466 10588 6465)
4(1453 6465 10588 6478)
4(1518 6595 10588 6466)
4(1527 6478 10588 6595)
4(1446 1455 1529 1520)
4(1454 1528 1529 1455)
4(1519 1520 1529 1528)
4(1447 1456 1530 1521)
4(1455 1529 1530 1456)
4(1520 1521 1530 1529)
4(1448 1457 1531 1522)
4(1456 1530 1531 1457)
4(1521 1522 1531 1530)
4(1449 1458 1532 1523)
4(1457 1531 1532 1458)
4(1522 1523 1532 1531)
4(1450 6468 10591 6469)
5(1458 1532 1533 6481 1459)
5(1523 1524 6598 1533 1532)
4(1459 6481 10591 6468)
4(1524 6469 10591 6598)
4(1533 6598 10591 6481)
4(1450 6468 10476 6467)
4(1450 6467 10581 6469)
4(10581 6467 10476 3396)
4(10476 6468 10591 3396)
4(10591 6469 10581 3396)
4(1451 6471 10478 6470)
4(1451 6470 10583 6472)
4(1451 6472 10592 6471)
4(10478 6471 10592 3397)
4(10592 6472 10583 3397)
4(1452 6475 10482 6474)
4(1452 6474 10589 6476)
4(10589 6474 10482 3398)
4(10482 6475 10597 3398)
4(10597 6476 10589 3398)
5(1454 1463 6491 1537 1528)
4(1462 6489 10601 6487)
6(1527 1528 1537 6617 1536 6607)
4(1453 6478 10598 6477)
4(1462 6477 10598 6489)
4(1527 6607 10598 6478)
4(1536 6489 10598 6607)
4(1463 6487 10601 6491)
4(1536 6617 10601 6489)
4(1537 6491 10601 6617)
5(1455 1464 12630 1538 1529)
4(1463 6491 13000 12628)
5(1528 1529 1538 12640 1537)
4(1464 12628 13000 12630)
4(1537 12640 13000 6491)
4(1538 12630 13000 12640)
4(1456 1465 1539 1530)
5(1464 12630 1538 1539 1465)
4(1529 1530 1539 1538)
5(1457 1466 12633 1540 1531)
5(1465 1539 1540 12633 1466)
4(1530 1531 1540 1539)
5(1458 1467 6494 1541 1532)
4(1466 12633 13001 12631)
5(1531 1532 1541 12643 1540)
4(1467 12631 13001 6494)
4(1540 12643 13001 12633)
4(1541 6494 13001 12643)
4(1459 6480 10602 6481)
4(1467 6494 10603 6492)
6(1532 1533 6610 1542 6622 1541)
4(1468 6497 10602 6480)
4(1533 6481 10602 6610)
4(1542 6610 10602 6497)
4(1468 6492 10603 6497)
4(1541 6622 10603 6494)
4(1542 6497 10603 6622)
4(1459 6480 10488 6479)
4(1459 6479 10593 6481)
4(10593 6479 10488 3399)
4(10488 6480 10602 3399)
4(10602 6481 10593 3399)
4(1462 6488 10493 6487)
4(1462 6489 10607 6488)
4(10601 6487 10493 3401)
4(10493 6488 10607 3401)
4(10607 6489 10601 3401)
4(1463 6491 10609 6490)
4(1463 6490 12991 12628)
4(13000 12628 12991 12348)
4(12991 6490 10609 12348)
4(10609 6491 13000 12348)
5(1465 1473 6509 1547 1539)
4(1472 6506 10613 6504)
6(1538 1539 1547 6634 1546 12641)
4(1473 6504 10613 6509)
4(1546 6634 10613 6506)
4(1547 6509 10613 6634)
4(1464 12630 13002 12629)
4(1472 12629 13002 6506)
4(1538 12641 13002 12630)
4(1546 6506 13002 12641)
4(1466 12632 13004 12633)
4(1473 6509 10614 6507)
6(1539 1540 12644 1548 6637 1547)
4(1474 6507 10614 6512)
4(1547 6637 10614 6509)
4(1548 6512 10614 6637)
4(1474 6512 13004 12632)
4(1540 12633 13004 12644)
4(1548 12644 13004 6512)
4(1466 12632 12993 12631)
4(13001 12631 12993 12349)
4(12993 12632 13004 12349)
4(13004 12633 13001 12349)
4(1467 6493 10501 6492)
4(10603 6492 10501 3402)
4(10501 6493 10615 3402)
4(10615 6494 10603 3402)
4(1467 6494 10615 6493)
4(1468 6496 10502 6495)
4(1468 6495 10605 6497)
4(1468 6497 10617 6496)
4(10617 6497 10605 3403)
4(1471 6502 10507 6501)
4(1471 6503 10621 6502)
4(10612 6501 10507 3405)
4(10621 6503 10612 3405)
4(1471 6501 10612 6503)
4(1472 6505 10510 6504)
4(1472 6506 10623 6505)
4(10613 6504 10510 3406)
4(10510 6505 10623 3406)
4(10623 6506 10613 3406)
4(1473 6508 10513 6507)
4(1473 6509 10626 6508)
4(10614 6507 10513 3407)
4(10513 6508 10626 3407)
4(10626 6509 10614 3407)
4(1474 6511 10516 6510)
4(1474 6512 10629 6511)
4(10616 6510 10516 3408)
4(10516 6511 10629 3408)
4(10629 6512 10616 3408)
4(1474 6510 10616 6512)
4(1475 6514 10517 6513)
4(1475 6513 10618 6515)
4(1475 6515 10632 6514)
4(10632 6515 10618 3409)
4(1480 6527 10530 6526)
4(1480 6528 10643 6527)
4(10637 6526 10530 3412)
4(10530 6527 10643 3412)
4(10643 6528 10637 3412)
4(1481 6530 10533 6529)
4(1481 6531 10646 6530)
4(10638 6529 10533 3413)
4(10533 6530 10646 3413)
4(10646 6531 10638 3413)
4(1482 6533 10536 6532)
4(1482 6534 10649 6533)
4(10536 6533 10649 3414)
4(10649 6534 10639 3414)
4(1483 6537 10544 6536)
4(10641 6536 10544 3417)
4(10544 6537 10657 3417)
4(10657 6538 10641 3417)
4(1484 6539 10644 6541)
4(1484 6541 10660 6540)
4(1484 6540 12996 6539)
4(10644 6539 12996 12350)
4(12996 6540 10660 12350)
4(10660 6541 10644 12350)
5(1486 1494 1568 1560 6545)
5(1493 12637 1567 1568 1494)
6(1559 6672 1560 1568 1567 12646)
4(1485 6542 10647 6543)
4(1486 6545 10647 6542)
4(1559 6543 10647 6672)
4(1560 6672 10647 6545)
4(1485 6543 13006 12634)
4(1493 12634 13006 12637)
4(1559 12646 13006 6543)
4(1567 12637 13006 12646)
4(1487 12635 13009 6547)
5(1494 1568 1569 12639 1495)
6(1560 6674 1561 12647 1569 1568)
4(1486 6544 10650 6545)
4(1487 6547 10650 6544)
4(1560 6545 10650 6674)
4(1561 6674 10650 6547)
4(1495 12639 13009 12635)
4(1561 6547 13009 12647)
4(1569 12647 13009 12639)
4(1487 6546 10653 6547)
4(1487 12635 12999 6546)
4(10653 6546 12999 12351)
4(12999 12635 13009 12351)
4(13009 6547 10653 12351)
4(1488 6549 10548 6548)
4(1488 6548 10655 6550)
4(10655 6548 10548 3418)
4(10548 6549 10663 3418)
4(10663 6550 10655 3418)
4(1488 6550 10663 6549)
4(1490 6554 10555 6553)
4(10658 6553 10555 3420)
4(10555 6554 10669 3420)
4(10669 6555 10658 3420)
5(1492 1501 1575 1566 6559)
5(1500 6572 1574 1575 1501)
6(1565 6686 1566 1575 1574 6687)
4(1491 6556 10661 6558)
4(1492 6559 10661 6556)
4(1565 6558 10661 6686)
4(1566 6686 10661 6559)
4(1491 6558 10671 6557)
4(1500 6557 10671 6572)
4(1565 6687 10671 6558)
4(1574 6572 10671 6687)
5(1493 1502 1576 1567 12637)
4(1501 1575 1576 1502)
5(1566 12648 1567 1576 1575)
4(1492 12636 13007 6559)
4(1493 12637 13007 12636)
4(1566 6559 13007 12648)
4(1567 12648 13007 12637)
4(1494 1503 1577 1568)
4(1502 1576 1577 1503)
4(1567 1568 1577 1576)
5(1495 1504 1578 1569 12639)
4(1503 1577 1578 1504)
4(1568 1569 1578 1577)
5(1496 1505 1579 1570 6561)
4(1504 1578 1579 1505)
5(1569 12650 1570 1579 1578)
4(1495 12638 13010 12639)
4(1496 6561 13010 12638)
4(1569 12639 13010 12650)
4(1570 12650 13010 6561)
4(1497 6563 10674 6564)
5(1505 1579 1580 6575 1506)
6(1570 6690 1571 6693 1580 1579)
4(1496 6560 10665 6561)
4(1497 6564 10665 6560)
4(1570 6561 10665 6690)
4(1571 6690 10665 6564)
4(1506 6575 10674 6563)
4(1571 6564 10674 6693)
4(1580 6693 10674 6575)
4(1497 6563 10559 6562)
4(1497 6562 10667 6564)
4(10667 6562 10559 3421)
4(10559 6563 10674 3421)
4(10674 6564 10667 3421)
4(1499 6569 10566 6568)
4(1499 6568 10672 6570)
4(1499 6570 10679 6569)
4(10672 6568 10566 3423)
4(10566 6569 10679 3423)
4(10679 6570 10672 3423)
4(1501 1510 1584 1575)
5(1509 6584 1583 1584 1510)
5(1574 1575 1584 1583 6701)
4(1500 6572 10682 6571)
4(1509 6571 10682 6584)
4(1574 6701 10682 6572)
4(1583 6584 10682 6701)
4(1502 1511 1585 1576)
4(1510 1584 1585 1511)
4(1575 1576 1585 1584)
4(1503 1512 1586 1577)
4(1511 1585 1586 1512)
4(1576 1577 1586 1585)
4(1504 1513 1587 1578)
4(1512 1586 1587 1513)
4(1577 1578 1587 1586)
4(1505 1514 1588 1579)
4(1513 1587 1588 1514)
4(1578 1579 1588 1587)
4(1506 6574 10685 6575)
5(1514 1588 1589 6587 1515)
5(1579 1580 6704 1589 1588)
4(1515 6587 10685 6574)
4(1580 6575 10685 6704)
4(1589 6704 10685 6587)
4(1506 6574 10570 6573)
4(1506 6573 10676 6575)
4(10676 6573 10570 3424)
4(10570 6574 10685 3424)
4(10685 6575 10676 3424)
4(1507 6577 10572 6576)
4(1507 6578 10686 6577)
4(10572 6577 10686 3425)
4(10686 6578 10678 3425)
4(1508 6581 10578 6580)
4(1508 6580 10683 6582)
4(1508 6582 10691 6581)
4(10683 6580 10578 3427)
4(10578 6581 10691 3427)
4(10691 6582 10683 3427)
4(1510 1519 1593 1584)
5(1518 6596 1592 1593 1519)
5(1583 1584 1593 1592 6713)
4(1509 6584 10694 6583)
4(1518 6583 10694 6596)
4(1583 6713 10694 6584)
4(1592 6596 10694 6713)
4(1511 1520 1594 1585)
4(1519 1593 1594 1520)
4(1584 1585 1594 1593)
4(1512 1521 1595 1586)
4(1520 1594 1595 1521)
4(1585 1586 1595 1594)
4(1513 1522 1596 1587)
4(1521 1595 1596 1522)
4(1586 1587 1596 1595)
4(1514 1523 1597 1588)
4(1522 1596 1597 1523)
4(1587 1588 1597 1596)
4(1515 6586 10697 6587)
5(1523 1597 1598 6599 1524)
5(1588 1589 6716 1598 1597)
4(1524 6599 10697 6586)
4(1589 6587 10697 6716)
4(1598 6716 10697 6599)
4(1515 6586 10582 6585)
4(1515 6585 10687 6587)
4(10687 6585 10582 3428)
4(10582 6586 10697 3428)
4(10697 6587 10687 3428)
4(1516 6589 10584 6588)
4(1516 6588 10689 6590)
4(1516 6590 10698 6589)
4(10584 6589 10698 3429)
4(10698 6590 10689 3429)
4(1517 6593 10590 6592)
4(1517 6592 10695 6594)
4(1517 6594 10703 6593)
4(10695 6592 10590 3431)
4(10590 6593 10703 3431)
4(10703 6594 10695 3431)
4(1519 1528 1602 1593)
5(1527 6608 1601 1602 1528)
5(1592 1593 1602 1601 6725)
4(1518 6596 10706 6595)
4(1527 6595 10706 6608)
4(1592 6725 10706 6596)
4(1601 6608 10706 6725)
4(1520 1529 1603 1594)
4(1528 1602 1603 1529)
4(1593 1594 1603 1602)
4(1521 1530 1604 1595)
4(1529 1603 1604 1530)
4(1594 1595 1604 1603)
4(1522 1531 1605 1596)
4(1530 1604 1605 1531)
4(1595 1596 1605 1604)
4(1523 1532 1606 1597)
4(1531 1605 1606 1532)
4(1596 1597 1606 1605)
4(1524 6598 10709 6599)
5(1532 1606 1607 6611 1533)
5(1597 1598 6728 1607 1606)
4(1533 6611 10709 6598)
4(1598 6599 10709 6728)
4(1607 6728 10709 6611)
4(1524 6598 10594 6597)
4(1524 6597 10699 6599)
4(10699 6597 10594 3432)
4(10594 6598 10709 3432)
4(10709 6599 10699 3432)
4(1525 6601 10596 6600)
4(1525 6600 10701 6602)
4(1525 6602 10710 6601)
4(10596 6601 10710 3433)
4(10710 6602 10701 3433)
4(1526 6605 10600 6604)
4(1526 6604 10707 6606)
4(10707 6604 10600 3434)
4(10600 6605 10715 3434)
4(10715 6606 10707 3434)
5(1528 1537 6621 1611 1602)
4(1536 6619 10719 6617)
6(1601 1602 1611 6747 1610 6737)
4(1527 6608 10716 6607)
4(1536 6607 10716 6619)
4(1601 6737 10716 6608)
4(1610 6619 10716 6737)
4(1537 6617 10719 6621)
4(1610 6747 10719 6619)
4(1611 6621 10719 6747)
5(1529 1538 12642 1612 1603)
4(1537 6621 13012 12640)
5(1602 1603 1612 12652 1611)
4(1538 12640 13012 12642)
4(1611 12652 13012 6621)
4(1612 12642 13012 12652)
4(1530 1539 1613 1604)
5(1538 12642 1612 1613 1539)
4(1603 1604 1613 1612)
5(1531 1540 12645 1614 1605)
5(1539 1613 1614 12645 1540)
4(1604 1605 1614 1613)
5(1532 1541 6624 1615 1606)
4(1540 12645 13013 12643)
5(1605 1606 1615 12655 1614)
4(1541 12643 13013 6624)
4(1614 12655 13013 12645)
4(1615 6624 13013 12655)
4(1533 6610 10720 6611)
4(1541 6624 10721 6622)
6(1606 1607 6740 1616 6752 1615)
4(1542 6627 10720 6610)
4(1607 6611 10720 6740)
4(1616 6740 10720 6627)
4(1542 6622 10721 6627)
4(1615 6752 10721 6624)
4(1616 6627 10721 6752)
4(1533 6610 10606 6609)
4(1533 6609 10711 6611)
4(10711 6609 10606 3435)
4(10606 6610 10720 3435)
4(10720 6611 10711 3435)
4(1536 6618 10611 6617)
4(1536 6619 10725 6618)
4(10719 6617 10611 3437)
4(10611 6618 10725 3437)
4(10725 6619 10719 3437)
4(1537 6621 10727 6620)
4(1537 6620 13003 12640)
4(13012 12640 13003 12352)
4(13003 6620 10727 12352)
4(10727 6621 13012 12352)
5(1539 1547 6639 1621 1613)
4(1546 6636 10731 6634)
6(1612 1613 1621 6764 1620 12653)
4(1547 6634 10731 6639)
4(1620 6764 10731 6636)
4(1621 6639 10731 6764)
4(1538 12642 13014 12641)
4(1546 12641 13014 6636)
4(1612 12653 13014 12642)
4(1620 6636 13014 12653)
4(1540 12644 13016 12645)
4(1547 6639 10732 6637)
6(1613 1614 12656 1622 6767 1621)
4(1548 6637 10732 6642)
4(1621 6767 10732 6639)
4(1622 6642 10732 6767)
4(1548 6642 13016 12644)
4(1614 12645 13016 12656)
4(1622 12656 13016 6642)
4(1540 12644 13005 12643)
4(13013 12643 13005 12353)
4(13005 12644 13016 12353)
4(13016 12645 13013 12353)
4(1541 6623 10619 6622)
4(10721 6622 10619 3438)
4(10619 6623 10733 3438)
4(10733 6624 10721 3438)
4(1541 6624 10733 6623)
4(1542 6626 10620 6625)
4(1542 6625 10723 6627)
4(1542 6627 10735 6626)
4(10735 6627 10723 3439)
4(1545 6632 10625 6631)
4(1545 6633 10739 6632)
4(10730 6631 10625 3441)
4(10739 6633 10730 3441)
4(1545 6631 10730 6633)
4(1546 6635 10628 6634)
4(1546 6636 10741 6635)
4(10731 6634 10628 3442)
4(10628 6635 10741 3442)
4(10741 6636 10731 3442)
4(1547 6638 10631 6637)
4(1547 6639 10744 6638)
4(10732 6637 10631 3443)
4(10631 6638 10744 3443)
4(10744 6639 10732 3443)
4(1548 6641 10634 6640)
4(1548 6642 10747 6641)
4(10734 6640 10634 3444)
4(10634 6641 10747 3444)
4(10747 6642 10734 3444)
4(1548 6640 10734 6642)
4(1549 6644 10635 6643)
4(1549 6643 10736 6645)
4(1549 6645 10750 6644)
4(10750 6645 10736 3445)
4(1554 6657 10648 6656)
4(1554 6658 10761 6657)
4(10755 6656 10648 3448)
4(10648 6657 10761 3448)
4(10761 6658 10755 3448)
4(1555 6660 10651 6659)
4(1555 6661 10764 6660)
4(10756 6659 10651 3449)
4(10651 6660 10764 3449)
4(10764 6661 10756 3449)
4(1556 6663 10654 6662)
4(1556 6664 10767 6663)
4(10654 6663 10767 3450)
4(10767 6664 10757 3450)
4(1557 6667 10662 6666)
4(10759 6666 10662 3453)
4(10662 6667 10775 3453)
4(10775 6668 10759 3453)
4(1558 6669 10762 6671)
4(1558 6671 10778 6670)
4(1558 6670 13008 6669)
4(10762 6669 13008 12354)
4(13008 6670 10778 12354)
4(10778 6671 10762 12354)
5(1560 1568 1642 1634 6675)
5(1567 12649 1641 1642 1568)
6(1633 6802 1634 1642 1641 12658)
4(1559 6672 10765 6673)
4(1560 6675 10765 6672)
4(1633 6673 10765 6802)
4(1634 6802 10765 6675)
4(1559 6673 13018 12646)
4(1567 12646 13018 12649)
4(1633 12658 13018 6673)
4(1641 12649 13018 12658)
4(1561 12647 13021 6677)
5(1568 1642 1643 12651 1569)
6(1634 6804 1635 12659 1643 1642)
4(1560 6674 10768 6675)
4(1561 6677 10768 6674)
4(1634 6675 10768 6804)
4(1635 6804 10768 6677)
4(1569 12651 13021 12647)
4(1635 6677 13021 12659)
4(1643 12659 13021 12651)
4(1561 6676 10771 6677)
4(1561 12647 13011 6676)
4(10771 6676 13011 12355)
4(13011 12647 13021 12355)
4(13021 6677 10771 12355)
4(1562 6679 10666 6678)
4(1562 6678 10773 6680)
4(10773 6678 10666 3454)
4(10666 6679 10781 3454)
4(10781 6680 10773 3454)
4(1562 6680 10781 6679)
4(1564 6684 10673 6683)
4(10776 6683 10673 3456)
4(10673 6684 10787 3456)
4(10787 6685 10776 3456)
5(1566 1575 1649 1640 6689)
5(1574 6702 1648 1649 1575)
6(1639 6816 1640 1649 1648 6817)
4(1565 6686 10779 6688)
4(1566 6689 10779 6686)
4(1639 6688 10779 6816)
4(1640 6816 10779 6689)
4(1565 6688 10789 6687)
4(1574 6687 10789 6702)
4(1639 6817 10789 6688)
4(1648 6702 10789 6817)
5(1567 1576 1650 1641 12649)
4(1575 1649 1650 1576)
5(1640 12660 1641 1650 1649)
4(1566 12648 13019 6689)
4(1567 12649 13019 12648)
4(1640 6689 13019 12660)
4(1641 12660 13019 12649)
4(1568 1577 1651 1642)
4(1576 1650 1651 1577)
4(1641 1642 1651 1650)
5(1569 1578 1652 1643 12651)
4(1577 1651 1652 1578)
4(1642 1643 1652 1651)
5(1570 1579 1653 1644 6691)
4(1578 1652 1653 1579)
5(1643 12662 1644 1653 1652)
4(1569 12650 13022 12651)
4(1570 6691 13022 12650)
4(1643 12651 13022 12662)
4(1644 12662 13022 6691)
4(1571 6693 10792 6694)
5(1579 1653 1654 6705 1580)
6(1644 6820 1645 6823 1654 1653)
4(1570 6690 10783 6691)
4(1571 6694 10783 6690)
4(1644 6691 10783 6820)
4(1645 6820 10783 6694)
4(1580 6705 10792 6693)
4(1645 6694 10792 6823)
4(1654 6823 10792 6705)
4(1571 6693 10677 6692)
4(1571 6692 10785 6694)
4(10785 6692 10677 3457)
4(10677 6693 10792 3457)
4(10792 6694 10785 3457)
4(1573 6699 10684 6698)
4(1573 6698 10790 6700)
4(1573 6700 10797 6699)
4(10790 6698 10684 3459)
4(10684 6699 10797 3459)
4(10797 6700 10790 3459)
4(1575 1584 1658 1649)
5(1583 6714 1657 1658 1584)
5(1648 1649 1658 1657 6831)
4(1574 6702 10800 6701)
4(1583 6701 10800 6714)
4(1648 6831 10800 6702)
4(1657 6714 10800 6831)
4(1576 1585 1659 1650)
4(1584 1658 1659 1585)
4(1649 1650 1659 1658)
4(1577 1586 1660 1651)
4(1585 1659 1660 1586)
4(1650 1651 1660 1659)
4(1578 1587 1661 1652)
4(1586 1660 1661 1587)
4(1651 1652 1661 1660)
4(1579 1588 1662 1653)
4(1587 1661 1662 1588)
4(1652 1653 1662 1661)
4(1580 6704 10803 6705)
5(1588 1662 1663 6717 1589)
5(1653 1654 6834 1663 1662)
4(1589 6717 10803 6704)
4(1654 6705 10803 6834)
4(1663 6834 10803 6717)
4(1580 6704 10688 6703)
4(1580 6703 10794 6705)
4(10794 6703 10688 3460)
4(10688 6704 10803 3460)
4(10803 6705 10794 3460)
4(1581 6707 10690 6706)
4(1581 6708 10804 6707)
4(10690 6707 10804 3461)
4(10804 6708 10796 3461)
4(1582 6711 10696 6710)
4(1582 6710 10801 6712)
4(1582 6712 10809 6711)
4(10801 6710 10696 3463)
4(10696 6711 10809 3463)
4(10809 6712 10801 3463)
4(1584 1593 1667 1658)
5(1592 6726 1666 1667 1593)
5(1657 1658 1667 1666 6843)
4(1583 6714 10812 6713)
4(1592 6713 10812 6726)
4(1657 6843 10812 6714)
4(1666 6726 10812 6843)
4(1585 1594 1668 1659)
4(1593 1667 1668 1594)
4(1658 1659 1668 1667)
4(1586 1595 1669 1660)
4(1594 1668 1669 1595)
4(1659 1660 1669 1668)
4(1587 1596 1670 1661)
4(1595 1669 1670 1596)
4(1660 1661 1670 1669)
4(1588 1597 1671 1662)
4(1596 1670 1671 1597)
4(1661 1662 1671 1670)
4(1589 6716 10815 6717)
5(1597 1671 1672 6729 1598)
5(1662 1663 6846 1672 1671)
4(1598 6729 10815 6716)
4(1663 6717 10815 6846)
4(1672 6846 10815 6729)
4(1589 6716 10700 6715)
4(1589 6715 10805 6717)
4(10805 6715 10700 3464)
4(10700 6716 10815 3464)
4(10815 6717 10805 3464)
4(1590 6719 10702 6718)
4(1590 6718 10807 6720)
4(1590 6720 10816 6719)
4(10702 6719 10816 3465)
4(10816 6720 10807 3465)
4(1591 6723 10708 6722)
4(1591 6722 10813 6724)
4(1591 6724 10821 6723)
4(10813 6722 10708 3467)
4(10708 6723 10821 3467)
4(10821 6724 10813 3467)
4(1593 1602 1676 1667)
5(1601 6738 1675 1676 1602)
5(1666 1667 1676 1675 6855)
4(1592 6726 10824 6725)
4(1601 6725 10824 6738)
4(1666 6855 10824 6726)
4(1675 6738 10824 6855)
4(1594 1603 1677 1668)
4(1602 1676 1677 1603)
4(1667 1668 1677 1676)
4(1595 1604 1678 1669)
4(1603 1677 1678 1604)
4(1668 1669 1678 1677)
4(1596 1605 1679 1670)
4(1604 1678 1679 1605)
4(1669 1670 1679 1678)
4(1597 1606 1680 1671)
4(1605 1679 1680 1606)
4(1670 1671 1680 1679)
4(1598 6728 10827 6729)
5(1606 1680 1681 6741 1607)
5(1671 1672 6858 1681 1680)
4(1607 6741 10827 6728)
4(1672 6729 10827 6858)
4(1681 6858 10827 6741)
4(1598 6728 10712 6727)
4(1598 6727 10817 6729)
4(10817 6727 10712 3468)
4(10712 6728 10827 3468)
4(10827 6729 10817 3468)
4(1599 6731 10714 6730)
4(1599 6730 10819 6732)
4(1599 6732 10828 6731)
4(10714 6731 10828 3469)
4(10828 6732 10819 3469)
4(1600 6735 10718 6734)
4(1600 6734 10825 6736)
4(10825 6734 10718 3470)
4(10718 6735 10833 3470)
4(10833 6736 10825 3470)
5(1602 1611 6751 1685 1676)
4(1610 6749 10837 6747)
6(1675 1676 1685 6877 1684 6867)
4(1601 6738 10834 6737)
4(1610 6737 10834 6749)
4(1675 6867 10834 6738)
4(1684 6749 10834 6867)
4(1611 6747 10837 6751)
4(1684 6877 10837 6749)
4(1685 6751 10837 6877)
5(1603 1612 12654 1686 1677)
4(1611 6751 13024 12652)
5(1676 1677 1686 12664 1685)
4(1612 12652 13024 12654)
4(1685 12664 13024 6751)
4(1686 12654 13024 12664)
4(1604 1613 1687 1678)
5(1612 12654 1686 1687 1613)
4(1677 1678 1687 1686)
5(1605 1614 12657 1688 1679)
5(1613 1687 1688 12657 1614)
4(1678 1679 1688 1687)
5(1606 1615 6754 1689 1680)
4(1614 12657 13025 12655)
5(1679 1680 1689 12667 1688)
4(1615 12655 13025 6754)
4(1688 12667 13025 12657)
4(1689 6754 13025 12667)
4(1607 6740 10838 6741)
4(1615 6754 10839 6752)
6(1680 1681 6870 1690 6882 1689)
4(1616 6757 10838 6740)
4(1681 6741 10838 6870)
4(1690 6870 10838 6757)
4(1616 6752 10839 6757)
4(1689 6882 10839 6754)
4(1690 6757 10839 6882)
4(1607 6740 10724 6739)
4(1607 6739 10829 6741)
4(10829 6739 10724 3471)
4(10724 6740 10838 3471)
4(10838 6741 10829 3471)
4(1610 6748 10729 6747)
4(1610 6749 10843 6748)
4(10837 6747 10729 3473)
4(10729 6748 10843 3473)
4(10843 6749 10837 3473)
4(1611 6751 10845 6750)
4(1611 6750 13015 12652)
4(13024 12652 13015 12356)
4(13015 6750 10845 12356)
4(10845 6751 13024 12356)
5(1613 1621 6769 1695 1687)
4(1620 6766 10849 6764)
6(1686 1687 1695 6894 1694 12665)
4(1621 6764 10849 6769)
4(1694 6894 10849 6766)
4(1695 6769 10849 6894)
4(1612 12654 13026 12653)
4(1620 12653 13026 6766)
4(1686 12665 13026 12654)
4(1694 6766 13026 12665)
4(1614 12656 13028 12657)
4(1621 6769 10850 6767)
6(1687 1688 12668 1696 6897 1695)
4(1622 6767 10850 6772)
4(1695 6897 10850 6769)
4(1696 6772 10850 6897)
4(1622 6772 13028 12656)
4(1688 12657 13028 12668)
4(1696 12668 13028 6772)
4(1614 12656 13017 12655)
4(13025 12655 13017 12357)
4(13017 12656 13028 12357)
4(13028 12657 13025 12357)
4(1615 6753 10737 6752)
4(10839 6752 10737 3474)
4(10737 6753 10851 3474)
4(10851 6754 10839 3474)
4(1615 6754 10851 6753)
4(1616 6756 10738 6755)
4(1616 6755 10841 6757)
4(1616 6757 10853 6756)
4(10853 6757 10841 3475)
4(1619 6762 10743 6761)
4(1619 6763 10857 6762)
4(10848 6761 10743 3477)
4(10857 6763 10848 3477)
4(1619 6761 10848 6763)
4(1620 6765 10746 6764)
4(1620 6766 10859 6765)
4(10849 6764 10746 3478)
4(10746 6765 10859 3478)
4(10859 6766 10849 3478)
4(1621 6768 10749 6767)
4(1621 6769 10862 6768)
4(10850 6767 10749 3479)
4(10749 6768 10862 3479)
4(10862 6769 10850 3479)
4(1622 6771 10752 6770)
4(1622 6772 10865 6771)
4(10852 6770 10752 3480)
4(10752 6771 10865 3480)
4(10865 6772 10852 3480)
4(1622 6770 10852 6772)
4(1623 6774 10753 6773)
4(1623 6773 10854 6775)
4(1623 6775 10868 6774)
4(10868 6775 10854 3481)
4(1628 6787 10766 6786)
4(1628 6788 10879 6787)
4(10873 6786 10766 3484)
4(10766 6787 10879 3484)
4(10879 6788 10873 3484)
4(1629 6790 10769 6789)
4(1629 6791 10882 6790)
4(10874 6789 10769 3485)
4(10769 6790 10882 3485)
4(10882 6791 10874 3485)
4(1630 6793 10772 6792)
4(1630 6794 10885 6793)
4(10772 6793 10885 3486)
4(10885 6794 10875 3486)
4(1631 6797 10780 6796)
4(10877 6796 10780 3489)
4(10780 6797 10893 3489)
4(10893 6798 10877 3489)
4(1632 6799 10880 6801)
4(1632 6801 10896 6800)
4(1632 6800 13020 6799)
4(10880 6799 13020 12358)
4(13020 6800 10896 12358)
4(10896 6801 10880 12358)
5(1634 1642 1716 1708 6805)
5(1641 12661 1715 1716 1642)
6(1707 6932 1708 1716 1715 12670)
4(1633 6802 10883 6803)
4(1634 6805 10883 6802)
4(1707 6803 10883 6932)
4(1708 6932 10883 6805)
4(1633 6803 13030 12658)
4(1641 12658 13030 12661)
4(1707 12670 13030 6803)
4(1715 12661 13030 12670)
4(1635 12659 13033 6807)
5(1642 1716 1717 12663 1643)
6(1708 6934 1709 12671 1717 1716)
4(1634 6804 10886 6805)
4(1635 6807 10886 6804)
4(1708 6805 10886 6934)
4(1709 6934 10886 6807)
4(1643 12663 13033 12659)
4(1709 6807 13033 12671)
4(1717 12671 13033 12663)
4(1635 6806 10889 6807)
4(1635 12659 13023 6806)
4(10889 6806 13023 12359)
4(13023 12659 13033 12359)
4(13033 6807 10889 12359)
4(1636 6809 10784 6808)
4(1636 6808 10891 6810)
4(10891 6808 10784 3490)
4(10784 6809 10899 3490)
4(10899 6810 10891 3490)
4(1636 6810 10899 6809)
4(1638 6814 10791 6813)
4(10894 6813 10791 3492)
4(10791 6814 10905 3492)
4(10905 6815 10894 3492)
5(1640 1649 1723 1714 6819)
5(1648 6832 1722 1723 1649)
6(1713 6946 1714 1723 1722 6947)
4(1639 6816 10897 6818)
4(1640 6819 10897 6816)
4(1713 6818 10897 6946)
4(1714 6946 10897 6819)
4(1639 6818 10907 6817)
4(1648 6817 10907 6832)
4(1713 6947 10907 6818)
4(1722 6832 10907 6947)
5(1641 1650 1724 1715 12661)
4(1649 1723 1724 1650)
5(1714 12672 1715 1724 1723)
4(1640 12660 13031 6819)
4(1641 12661 13031 12660)
4(1714 6819 13031 12672)
4(1715 12672 13031 12661)
4(1642 1651 1725 1716)
4(1650 1724 1725 1651)
4(1715 1716 1725 1724)
5(1643 1652 1726 1717 12663)
4(1651 1725 1726 1652)
4(1716 1717 1726 1725)
5(1644 1653 1727 1718 6821)
4(1652 1726 1727 1653)
5(1717 12674 1718 1727 1726)
4(1643 12662 13034 12663)
4(1644 6821 13034 12662)
4(1717 12663 13034 12674)
4(1718 12674 13034 6821)
4(1645 6823 10910 6824)
5(1653 1727 1728 6835 1654)
6(1718 6950 1719 6953 1728 1727)
4(1644 6820 10901 6821)
4(1645 6824 10901 6820)
4(1718 6821 10901 6950)
4(1719 6950 10901 6824)
4(1654 6835 10910 6823)
4(1719 6824 10910 6953)
4(1728 6953 10910 6835)
4(1645 6823 10795 6822)
4(1645 6822 10903 6824)
4(10903 6822 10795 3493)
4(10795 6823 10910 3493)
4(10910 6824 10903 3493)
4(1647 6829 10802 6828)
4(1647 6828 10908 6830)
4(1647 6830 10915 6829)
4(10908 6828 10802 3495)
4(10802 6829 10915 3495)
4(10915 6830 10908 3495)
4(1649 1658 1732 1723)
5(1657 6844 1731 1732 1658)
5(1722 1723 1732 1731 6961)
4(1648 6832 10918 6831)
4(1657 6831 10918 6844)
4(1722 6961 10918 6832)
4(1731 6844 10918 6961)
4(1650 1659 1733 1724)
4(1658 1732 1733 1659)
4(1723 1724 1733 1732)
4(1651 1660 1734 1725)
4(1659 1733 1734 1660)
4(1724 1725 1734 1733)
4(1652 1661 1735 1726)
4(1660 1734 1735 1661)
4(1725 1726 1735 1734)
4(1653 1662 1736 1727)
4(1661 1735 1736 1662)
4(1726 1727 1736 1735)
4(1654 6834 10921 6835)
5(1662 1736 1737 6847 1663)
5(1727 1728 6964 1737 1736)
4(1663 6847 10921 6834)
4(1728 6835 10921 6964)
4(1737 6964 10921 6847)
4(1654 6834 10806 6833)
4(1654 6833 10912 6835)
4(10912 6833 10806 3496)
4(10806 6834 10921 3496)
4(10921 6835 10912 3496)
4(1655 6837 10808 6836)
4(1655 6838 10922 6837)
4(10808 6837 10922 3497)
4(10922 6838 10914 3497)
4(1656 6841 10814 6840)
4(1656 6840 10919 6842)
4(1656 6842 10927 6841)
4(10919 6840 10814 3499)
4(10814 6841 10927 3499)
4(10927 6842 10919 3499)
4(1658 1667 1741 1732)
5(1666 6856 1740 1741 1667)
5(1731 1732 1741 1740 6973)
4(1657 6844 10930 6843)
4(1666 6843 10930 6856)
4(1731 6973 10930 6844)
4(1740 6856 10930 6973)
4(1659 1668 1742 1733)
4(1667 1741 1742 1668)
4(1732 1733 1742 1741)
4(1660 1669 1743 1734)
4(1668 1742 1743 1669)
4(1733 1734 1743 1742)
4(1661 1670 1744 1735)
4(1669 1743 1744 1670)
4(1734 1735 1744 1743)
4(1662 1671 1745 1736)
4(1670 1744 1745 1671)
4(1735 1736 1745 1744)
4(1663 6846 10933 6847)
5(1671 1745 1746 6859 1672)
5(1736 1737 6976 1746 1745)
4(1672 6859 10933 6846)
4(1737 6847 10933 6976)
4(1746 6976 10933 6859)
4(1663 6846 10818 6845)
4(1663 6845 10923 6847)
4(10923 6845 10818 3500)
4(10818 6846 10933 3500)
4(10933 6847 10923 3500)
4(1664 6849 10820 6848)
4(1664 6848 10925 6850)
4(1664 6850 10934 6849)
4(10820 6849 10934 3501)
4(10934 6850 10925 3501)
4(1665 6853 10826 6852)
4(1665 6852 10931 6854)
4(1665 6854 10939 6853)
4(10931 6852 10826 3503)
4(10826 6853 10939 3503)
4(10939 6854 10931 3503)
4(1667 1676 1750 1741)
5(1675 6868 1749 1750 1676)
5(1740 1741 1750 1749 6985)
4(1666 6856 10942 6855)
4(1675 6855 10942 6868)
4(1740 6985 10942 6856)
4(1749 6868 10942 6985)
4(1668 1677 1751 1742)
4(1676 1750 1751 1677)
4(1741 1742 1751 1750)
4(1669 1678 1752 1743)
4(1677 1751 1752 1678)
4(1742 1743 1752 1751)
4(1670 1679 1753 1744)
4(1678 1752 1753 1679)
4(1743 1744 1753 1752)
4(1671 1680 1754 1745)
4(1679 1753 1754 1680)
4(1744 1745 1754 1753)
4(1672 6858 10945 6859)
5(1680 1754 1755 6871 1681)
5(1745 1746 6988 1755 1754)
4(1681 6871 10945 6858)
4(1746 6859 10945 6988)
4(1755 6988 10945 6871)
4(1672 6858 10830 6857)
4(1672 6857 10935 6859)
4(10935 6857 10830 3504)
4(10830 6858 10945 3504)
4(10945 6859 10935 3504)
4(1673 6861 10832 6860)
4(1673 6860 10937 6862)
4(1673 6862 10946 6861)
4(10832 6861 10946 3505)
4(10946 6862 10937 3505)
4(1674 6865 10836 6864)
4(1674 6864 10943 6866)
4(10943 6864 10836 3506)
4(10836 6865 10951 3506)
4(10951 6866 10943 3506)
5(1676 1685 6881 1759 1750)
4(1684 6879 10955 6877)
6(1749 1750 1759 7007 1758 6997)
4(1675 6868 10952 6867)
4(1684 6867 10952 6879)
4(1749 6997 10952 6868)
4(1758 6879 10952 6997)
4(1685 6877 10955 6881)
4(1758 7007 10955 6879)
4(1759 6881 10955 7007)
5(1677 1686 12666 1760 1751)
4(1685 6881 13036 12664)
5(1750 1751 1760 12676 1759)
4(1686 12664 13036 12666)
4(1759 12676 13036 6881)
4(1760 12666 13036 12676)
4(1678 1687 1761 1752)
5(1686 12666 1760 1761 1687)
4(1751 1752 1761 1760)
5(1679 1688 12669 1762 1753)
5(1687 1761 1762 12669 1688)
4(1752 1753 1762 1761)
5(1680 1689 6884 1763 1754)
4(1688 12669 13037 12667)
5(1753 1754 1763 12679 1762)
4(1689 12667 13037 6884)
4(1762 12679 13037 12669)
4(1763 6884 13037 12679)
4(1681 6870 10956 6871)
4(1689 6884 10957 6882)
6(1754 1755 7000 1764 7012 1763)
4(1690 6887 10956 6870)
4(1755 6871 10956 7000)
4(1764 7000 10956 6887)
4(1690 6882 10957 6887)
4(1763 7012 10957 6884)
4(1764 6887 10957 7012)
4(1681 6870 10842 6869)
4(1681 6869 10947 6871)
4(10947 6869 10842 3507)
4(10842 6870 10956 3507)
4(10956 6871 10947 3507)
4(1684 6878 10847 6877)
4(1684 6879 10961 6878)
4(10955 6877 10847 3509)
4(10847 6878 10961 3509)
4(10961 6879 10955 3509)
4(1685 6881 10963 6880)
4(1685 6880 13027 12664)
4(13036 12664 13027 12360)
4(13027 6880 10963 12360)
4(10963 6881 13036 12360)
5(1687 1695 6899 1769 1761)
4(1694 6896 10967 6894)
6(1760 1761 1769 7024 1768 12677)
4(1695 6894 10967 6899)
4(1768 7024 10967 6896)
4(1769 6899 10967 7024)
4(1686 12666 13038 12665)
4(1694 12665 13038 6896)
4(1760 12677 13038 12666)
4(1768 6896 13038 12677)
4(1688 12668 13040 12669)
4(1695 6899 10968 6897)
6(1761 1762 12680 1770 7027 1769)
4(1696 6897 10968 6902)
4(1769 7027 10968 6899)
4(1770 6902 10968 7027)
4(1696 6902 13040 12668)
4(1762 12669 13040 12680)
4(1770 12680 13040 6902)
4(1688 12668 13029 12667)
4(13037 12667 13029 12361)
4(13029 12668 13040 12361)
4(13040 12669 13037 12361)
4(1689 6883 10855 6882)
4(10957 6882 10855 3510)
4(10855 6883 10969 3510)
4(10969 6884 10957 3510)
4(1689 6884 10969 6883)
4(1690 6886 10856 6885)
4(1690 6885 10959 6887)
4(1690 6887 10971 6886)
4(10971 6887 10959 3511)
4(1693 6892 10861 6891)
4(1693 6893 10975 6892)
4(10966 6891 10861 3513)
4(10975 6893 10966 3513)
4(1693 6891 10966 6893)
4(1694 6895 10864 6894)
4(1694 6896 10977 6895)
4(10967 6894 10864 3514)
4(10864 6895 10977 3514)
4(10977 6896 10967 3514)
4(1695 6898 10867 6897)
4(1695 6899 10980 6898)
4(10968 6897 10867 3515)
4(10867 6898 10980 3515)
4(10980 6899 10968 3515)
4(1696 6901 10870 6900)
4(1696 6902 10983 6901)
4(10970 6900 10870 3516)
4(10870 6901 10983 3516)
4(10983 6902 10970 3516)
4(1696 6900 10970 6902)
4(1697 6904 10871 6903)
4(1697 6903 10972 6905)
4(1697 6905 10986 6904)
4(10986 6905 10972 3517)
4(1702 6917 10884 6916)
4(1702 6918 10997 6917)
4(10991 6916 10884 3520)
4(10884 6917 10997 3520)
4(10997 6918 10991 3520)
4(1703 6920 10887 6919)
4(1703 6921 11000 6920)
4(10992 6919 10887 3521)
4(10887 6920 11000 3521)
4(11000 6921 10992 3521)
4(1704 6923 10890 6922)
4(1704 6924 11003 6923)
4(10890 6923 11003 3522)
4(11003 6924 10993 3522)
4(1705 6927 10898 6926)
4(10995 6926 10898 3525)
4(10898 6927 11011 3525)
4(11011 6928 10995 3525)
4(1706 6929 10998 6931)
4(1706 6931 11014 6930)
4(1706 6930 13032 6929)
4(10998 6929 13032 12362)
4(13032 6930 11014 12362)
4(11014 6931 10998 12362)
5(1708 1716 1790 1782 6935)
5(1715 12673 1789 1790 1716)
6(1781 7062 1782 1790 1789 12682)
4(1707 6932 11001 6933)
4(1708 6935 11001 6932)
4(1781 6933 11001 7062)
4(1782 7062 11001 6935)
4(1707 6933 13042 12670)
4(1715 12670 13042 12673)
4(1781 12682 13042 6933)
4(1789 12673 13042 12682)
4(1709 12671 13045 6937)
5(1716 1790 1791 12675 1717)
6(1782 7064 1783 12683 1791 1790)
4(1708 6934 11004 6935)
4(1709 6937 11004 6934)
4(1782 6935 11004 7064)
4(1783 7064 11004 6937)
4(1717 12675 13045 12671)
4(1783 6937 13045 12683)
4(1791 12683 13045 12675)
4(1709 6936 11007 6937)
4(1709 12671 13035 6936)
4(11007 6936 13035 12363)
4(13035 12671 13045 12363)
4(13045 6937 11007 12363)
4(1710 6939 10902 6938)
4(1710 6938 11009 6940)
4(11009 6938 10902 3526)
4(10902 6939 11017 3526)
4(11017 6940 11009 3526)
4(1710 6940 11017 6939)
4(1712 6944 10909 6943)
4(11012 6943 10909 3528)
4(10909 6944 11023 3528)
4(11023 6945 11012 3528)
5(1714 1723 1797 1788 6949)
5(1722 6962 1796 1797 1723)
6(1787 7076 1788 1797 1796 7077)
4(1713 6946 11015 6948)
4(1714 6949 11015 6946)
4(1787 6948 11015 7076)
4(1788 7076 11015 6949)
4(1713 6948 11025 6947)
4(1722 6947 11025 6962)
4(1787 7077 11025 6948)
4(1796 6962 11025 7077)
5(1715 1724 1798 1789 12673)
4(1723 1797 1798 1724)
5(1788 12684 1789 1798 1797)
4(1714 12672 13043 6949)
4(1715 12673 13043 12672)
4(1788 6949 13043 12684)
4(1789 12684 13043 12673)
4(1716 1725 1799 1790)
4(1724 1798 1799 1725)
4(1789 1790 1799 1798)
5(1717 1726 1800 1791 12675)
4(1725 1799 1800 1726)
4(1790 1791 1800 1799)
5(1718 1727 1801 1792 6951)
4(1726 1800 1801 1727)
5(1791 12686 1792 1801 1800)
4(1717 12674 13046 12675)
4(1718 6951 13046 12674)
4(1791 12675 13046 12686)
4(1792 12686 13046 6951)
4(1719 6953 11028 6954)
5(1727 1801 1802 6965 1728)
6(1792 7080 1793 7083 1802 1801)
4(1718 6950 11019 6951)
4(1719 6954 11019 6950)
4(1792 6951 11019 7080)
4(1793 7080 11019 6954)
4(1728 6965 11028 6953)
4(1793 6954 11028 7083)
4(1802 7083 11028 6965)
4(1719 6953 10913 6952)
4(1719 6952 11021 6954)
4(11021 6952 10913 3529)
4(10913 6953 11028 3529)
4(11028 6954 11021 3529)
4(1721 6959 10920 6958)
4(1721 6958 11026 6960)
4(1721 6960 11033 6959)
4(11026 6958 10920 3531)
4(10920 6959 11033 3531)
4(11033 6960 11026 3531)
4(1723 1732 1806 1797)
5(1731 6974 1805 1806 1732)
5(1796 1797 1806 1805 7091)
4(1722 6962 11036 6961)
4(1731 6961 11036 6974)
4(1796 7091 11036 6962)
4(1805 6974 11036 7091)
4(1724 1733 1807 1798)
4(1732 1806 1807 1733)
4(1797 1798 1807 1806)
4(1725 1734 1808 1799)
4(1733 1807 1808 1734)
4(1798 1799 1808 1807)
4(1726 1735 1809 1800)
4(1734 1808 1809 1735)
4(1799 1800 1809 1808)
4(1727 1736 1810 1801)
4(1735 1809 1810 1736)
4(1800 1801 1810 1809)
4(1728 6964 11039 6965)
5(1736 1810 1811 6977 1737)
5(1801 1802 7094 1811 1810)
4(1737 6977 11039 6964)
4(1802 6965 11039 7094)
4(1811 7094 11039 6977)
4(1728 6964 10924 6963)
4(1728 6963 11030 6965)
4(11030 6963 10924 3532)
4(10924 6964 11039 3532)
4(11039 6965 11030 3532)
4(1729 6967 10926 6966)
4(1729 6968 11040 6967)
4(10926 6967 11040 3533)
4(11040 6968 11032 3533)
4(1730 6971 10932 6970)
4(1730 6970 11037 6972)
4(1730 6972 11045 6971)
4(11037 6970 10932 3535)
4(10932 6971 11045 3535)
4(11045 6972 11037 3535)
4(1732 1741 1815 1806)
5(1740 6986 1814 1815 1741)
5(1805 1806 1815 1814 7103)
4(1731 6974 11048 6973)
4(1740 6973 11048 6986)
4(1805 7103 11048 6974)
4(1814 6986 11048 7103)
4(1733 1742 1816 1807)
4(1741 1815 1816 1742)
4(1806 1807 1816 1815)
4(1734 1743 1817 1808)
4(1742 1816 1817 1743)
4(1807 1808 1817 1816)
4(1735 1744 1818 1809)
4(1743 1817 1818 1744)
4(1808 1809 1818 1817)
4(1736 1745 1819 1810)
4(1744 1818 1819 1745)
4(1809 1810 1819 1818)
4(1737 6976 11051 6977)
5(1745 1819 1820 6989 1746)
5(1810 1811 7106 1820 1819)
4(1746 6989 11051 6976)
4(1811 6977 11051 7106)
4(1820 7106 11051 6989)
4(1737 6976 10936 6975)
4(1737 6975 11041 6977)
4(11041 6975 10936 3536)
4(10936 6976 11051 3536)
4(11051 6977 11041 3536)
4(1738 6979 10938 6978)
4(1738 6978 11043 6980)
4(1738 6980 11052 6979)
4(10938 6979 11052 3537)
4(11052 6980 11043 3537)
4(1739 6983 10944 6982)
4(1739 6982 11049 6984)
4(1739 6984 11057 6983)
4(11049 6982 10944 3539)
4(10944 6983 11057 3539)
4(11057 6984 11049 3539)
4(1741 1750 1824 1815)
5(1749 6998 1823 1824 1750)
5(1814 1815 1824 1823 7115)
4(1740 6986 11060 6985)
4(1749 6985 11060 6998)
4(1814 7115 11060 6986)
4(1823 6998 11060 7115)
4(1742 1751 1825 1816)
4(1750 1824 1825 1751)
4(1815 1816 1825 1824)
4(1743 1752 1826 1817)
4(1751 1825 1826 1752)
4(1816 1817 1826 1825)
4(1744 1753 1827 1818)
4(1752 1826 1827 1753)
4(1817 1818 1827 1826)
4(1745 1754 1828 1819)
4(1753 1827 1828 1754)
4(1818 1819 1828 1827)
4(1746 6988 11063 6989)
5(1754 1828 1829 7001 1755)
5(1819 1820 7118 1829 1828)
4(1755 7001 11063 6988)
4(1820 6989 11063 7118)
4(1829 7118 11063 7001)
4(1746 6988 10948 6987)
4(1746 6987 11053 6989)
4(11053 6987 10948 3540)
4(10948 6988 11063 3540)
4(11063 6989 11053 3540)
4(1747 6991 10950 6990)
4(1747 6990 11055 6992)
4(1747 6992 11064 6991)
4(10950 6991 11064 3541)
4(11064 6992 11055 3541)
4(1748 6995 10954 6994)
4(1748 6994 11061 6996)
4(11061 6994 10954 3542)
4(10954 6995 11069 3542)
4(11069 6996 11061 3542)
5(1750 1759 7011 1833 1824)
4(1758 7009 11073 7007)
6(1823 1824 1833 7137 1832 7127)
4(1749 6998 11070 6997)
4(1758 6997 11070 7009)
4(1823 7127 11070 6998)
4(1832 7009 11070 7127)
4(1759 7007 11073 7011)
4(1832 7137 11073 7009)
4(1833 7011 11073 7137)
5(1751 1760 12678 1834 1825)
4(1759 7011 13048 12676)
5(1824 1825 1834 12688 1833)
4(1760 12676 13048 12678)
4(1833 12688 13048 7011)
4(1834 12678 13048 12688)
4(1752 1761 1835 1826)
5(1760 12678 1834 1835 1761)
4(1825 1826 1835 1834)
5(1753 1762 12681 1836 1827)
5(1761 1835 1836 12681 1762)
4(1826 1827 1836 1835)
5(1754 1763 7014 1837 1828)
4(1762 12681 13049 12679)
5(1827 1828 1837 12691 1836)
4(1763 12679 13049 7014)
4(1836 12691 13049 12681)
4(1837 7014 13049 12691)
4(1755 7000 11074 7001)
4(1763 7014 11075 7012)
6(1828 1829 7130 1838 7142 1837)
4(1764 7017 11074 7000)
4(1829 7001 11074 7130)
4(1838 7130 11074 7017)
4(1764 7012 11075 7017)
4(1837 7142 11075 7014)
4(1838 7017 11075 7142)
4(1755 7000 10960 6999)
4(1755 6999 11065 7001)
4(11065 6999 10960 3543)
4(10960 7000 11074 3543)
4(11074 7001 11065 3543)
4(1758 7008 10965 7007)
4(1758 7009 11079 7008)
4(11073 7007 10965 3545)
4(10965 7008 11079 3545)
4(11079 7009 11073 3545)
4(1759 7011 11081 7010)
4(1759 7010 13039 12676)
4(13048 12676 13039 12364)
4(13039 7010 11081 12364)
4(11081 7011 13048 12364)
5(1761 1769 7029 1843 1835)
4(1768 7026 11085 7024)
6(1834 1835 1843 7154 1842 12689)
4(1769 7024 11085 7029)
4(1842 7154 11085 7026)
4(1843 7029 11085 7154)
4(1760 12678 13050 12677)
4(1768 12677 13050 7026)
4(1834 12689 13050 12678)
4(1842 7026 13050 12689)
4(1762 12680 13052 12681)
4(1769 7029 11086 7027)
6(1835 1836 12692 1844 7157 1843)
4(1770 7027 11086 7032)
4(1843 7157 11086 7029)
4(1844 7032 11086 7157)
4(1770 7032 13052 12680)
4(1836 12681 13052 12692)
4(1844 12692 13052 7032)
4(1762 12680 13041 12679)
4(13049 12679 13041 12365)
4(13041 12680 13052 12365)
4(13052 12681 13049 12365)
4(1763 7013 10973 7012)
4(11075 7012 10973 3546)
4(10973 7013 11087 3546)
4(11087 7014 11075 3546)
4(1763 7014 11087 7013)
4(1764 7016 10974 7015)
4(1764 7015 11077 7017)
4(1764 7017 11089 7016)
4(11089 7017 11077 3547)
4(1767 7022 10979 7021)
4(1767 7023 11093 7022)
4(11084 7021 10979 3549)
4(11093 7023 11084 3549)
4(1767 7021 11084 7023)
4(1768 7025 10982 7024)
4(1768 7026 11095 7025)
4(11085 7024 10982 3550)
4(10982 7025 11095 3550)
4(11095 7026 11085 3550)
4(1769 7028 10985 7027)
4(1769 7029 11098 7028)
4(11086 7027 10985 3551)
4(10985 7028 11098 3551)
4(11098 7029 11086 3551)
4(1770 7031 10988 7030)
4(1770 7032 11101 7031)
4(11088 7030 10988 3552)
4(10988 7031 11101 3552)
4(11101 7032 11088 3552)
4(1770 7030 11088 7032)
4(1771 7034 10989 7033)
4(1771 7033 11090 7035)
4(1771 7035 11104 7034)
4(11104 7035 11090 3553)
4(1776 7047 11002 7046)
4(1776 7048 11115 7047)
4(11109 7046 11002 3556)
4(11002 7047 11115 3556)
4(11115 7048 11109 3556)
4(1777 7050 11005 7049)
4(1777 7051 11118 7050)
4(11110 7049 11005 3557)
4(11005 7050 11118 3557)
4(11118 7051 11110 3557)
4(1778 7053 11008 7052)
4(1778 7054 11121 7053)
4(11008 7053 11121 3558)
4(11121 7054 11111 3558)
4(1779 7057 11016 7056)
4(11113 7056 11016 3561)
4(11016 7057 11129 3561)
4(11129 7058 11113 3561)
4(1780 7059 11116 7061)
4(1780 7061 11132 7060)
4(1780 7060 13044 7059)
4(11116 7059 13044 12366)
4(13044 7060 11132 12366)
4(11132 7061 11116 12366)
5(1782 1790 1864 1856 7065)
5(1789 12685 1863 1864 1790)
6(1855 7192 1856 1864 1863 12694)
4(1781 7062 11119 7063)
4(1782 7065 11119 7062)
4(1855 7063 11119 7192)
4(1856 7192 11119 7065)
4(1781 7063 13054 12682)
4(1789 12682 13054 12685)
4(1855 12694 13054 7063)
4(1863 12685 13054 12694)
4(1783 12683 13057 7067)
5(1790 1864 1865 12687 1791)
6(1856 7194 1857 12695 1865 1864)
4(1782 7064 11122 7065)
4(1783 7067 11122 7064)
4(1856 7065 11122 7194)
4(1857 7194 11122 7067)
4(1791 12687 13057 12683)
4(1857 7067 13057 12695)
4(1865 12695 13057 12687)
4(1783 7066 11125 7067)
4(1783 12683 13047 7066)
4(11125 7066 13047 12367)
4(13047 12683 13057 12367)
4(13057 7067 11125 12367)
4(1784 7069 11020 7068)
4(1784 7068 11127 7070)
4(11127 7068 11020 3562)
4(11020 7069 11135 3562)
4(11135 7070 11127 3562)
4(1784 7070 11135 7069)
4(1786 7074 11027 7073)
4(11130 7073 11027 3564)
4(11027 7074 11141 3564)
4(11141 7075 11130 3564)
5(1788 1797 1871 1862 7079)
5(1796 7092 1870 1871 1797)
6(1861 7206 1862 1871 1870 7207)
4(1787 7076 11133 7078)
4(1788 7079 11133 7076)
4(1861 7078 11133 7206)
4(1862 7206 11133 7079)
4(1787 7078 11143 7077)
4(1796 7077 11143 7092)
4(1861 7207 11143 7078)
4(1870 7092 11143 7207)
5(1789 1798 1872 1863 12685)
4(1797 1871 1872 1798)
5(1862 12696 1863 1872 1871)
4(1788 12684 13055 7079)
4(1789 12685 13055 12684)
4(1862 7079 13055 12696)
4(1863 12696 13055 12685)
4(1790 1799 1873 1864)
4(1798 1872 1873 1799)
4(1863 1864 1873 1872)
5(1791 1800 1874 1865 12687)
4(1799 1873 1874 1800)
4(1864 1865 1874 1873)
5(1792 1801 1875 1866 7081)
4(1800 1874 1875 1801)
5(1865 12698 1866 1875 1874)
4(1791 12686 13058 12687)
4(1792 7081 13058 12686)
4(1865 12687 13058 12698)
4(1866 12698 13058 7081)
4(1793 7083 11146 7084)
5(1801 1875 1876 7095 1802)
6(1866 7210 1867 7213 1876 1875)
4(1792 7080 11137 7081)
4(1793 7084 11137 7080)
4(1866 7081 11137 7210)
4(1867 7210 11137 7084)
4(1802 7095 11146 7083)
4(1867 7084 11146 7213)
4(1876 7213 11146 7095)
4(1793 7083 11031 7082)
4(1793 7082 11139 7084)
4(11139 7082 11031 3565)
4(11031 7083 11146 3565)
4(11146 7084 11139 3565)
4(1795 7089 11038 7088)
4(1795 7088 11144 7090)
4(1795 7090 11151 7089)
4(11144 7088 11038 3567)
4(11038 7089 11151 3567)
4(11151 7090 11144 3567)
4(1797 1806 1880 1871)
5(1805 7104 1879 1880 1806)
5(1870 1871 1880 1879 7221)
4(1796 7092 11154 7091)
4(1805 7091 11154 7104)
4(1870 7221 11154 7092)
4(1879 7104 11154 7221)
4(1798 1807 1881 1872)
4(1806 1880 1881 1807)
4(1871 1872 1881 1880)
4(1799 1808 1882 1873)
4(1807 1881 1882 1808)
4(1872 1873 1882 1881)
4(1800 1809 1883 1874)
4(1808 1882 1883 1809)
4(1873 1874 1883 1882)
4(1801 1810 1884 1875)
4(1809 1883 1884 1810)
4(1874 1875 1884 1883)
4(1802 7094 11157 7095)
5(1810 1884 1885 7107 1811)
5(1875 1876 7224 1885 1884)
4(1811 7107 11157 7094)
4(1876 7095 11157 7224)
4(1885 7224 11157 7107)
4(1802 7094 11042 7093)
4(1802 7093 11148 7095)
4(11148 7093 11042 3568)
4(11042 7094 11157 3568)
4(11157 7095 11148 3568)
4(1803 7097 11044 7096)
4(1803 7098 11158 7097)
4(11044 7097 11158 3569)
4(11158 7098 11150 3569)
4(1804 7101 11050 7100)
4(1804 7100 11155 7102)
4(1804 7102 11163 7101)
4(11155 7100 11050 3571)
4(11050 7101 11163 3571)
4(11163 7102 11155 3571)
4(1806 1815 1889 1880)
5(1814 7116 1888 1889 1815)
5(1879 1880 1889 1888 7233)
4(1805 7104 11166 7103)
4(1814 7103 11166 7116)
4(1879 7233 11166 7104)
4(1888 7116 11166 7233)
4(1807 1816 1890 1881)
4(1815 1889 1890 1816)
4(1880 1881 1890 1889)
4(1808 1817 1891 1882)
4(1816 1890 1891 1817)
4(1881 1882 1891 1890)
4(1809 1818 1892 1883)
4(1817 1891 1892 1818)
4(1882 1883 1892 1891)
4(1810 1819 1893 1884)
4(1818 1892 1893 1819)
4(1883 1884 1893 1892)
4(1811 7106 11169 7107)
5(1819 1893 1894 7119 1820)
5(1884 1885 7236 1894 1893)
4(1820 7119 11169 7106)
4(1885 7107 11169 7236)
4(1894 7236 11169 7119)
4(1811 7106 11054 7105)
4(1811 7105 11159 7107)
4(11159 7105 11054 3572)
4(11054 7106 11169 3572)
4(11169 7107 11159 3572)
4(1812 7109 11056 7108)
4(1812 7108 11161 7110)
4(1812 7110 11170 7109)
4(11056 7109 11170 3573)
4(11170 7110 11161 3573)
4(1813 7113 11062 7112)
4(1813 7112 11167 7114)
4(1813 7114 11175 7113)
4(11167 7112 11062 3575)
4(11062 7113 11175 3575)
4(11175 7114 11167 3575)
4(1815 1824 1898 1889)
5(1823 7128 1897 1898 1824)
5(1888 1889 1898 1897 7245)
4(1814 7116 11178 7115)
4(1823 7115 11178 7128)
4(1888 7245 11178 7116)
4(1897 7128 11178 7245)
4(1816 1825 1899 1890)
4(1824 1898 1899 1825)
4(1889 1890 1899 1898)
4(1817 1826 1900 1891)
4(1825 1899 1900 1826)
4(1890 1891 1900 1899)
4(1818 1827 1901 1892)
4(1826 1900 1901 1827)
4(1891 1892 1901 1900)
4(1819 1828 1902 1893)
4(1827 1901 1902 1828)
4(1892 1893 1902 1901)
4(1820 7118 11181 7119)
5(1828 1902 1903 7131 1829)
5(1893 1894 7248 1903 1902)
4(1829 7131 11181 7118)
4(1894 7119 11181 7248)
4(1903 7248 11181 7131)
4(1820 7118 11066 7117)
4(1820 7117 11171 7119)
4(11171 7117 11066 3576)
4(11066 7118 11181 3576)
4(11181 7119 11171 3576)
4(1821 7121 11068 7120)
4(1821 7120 11173 7122)
4(1821 7122 11182 7121)
4(11068 7121 11182 3577)
4(11182 7122 11173 3577)
4(1822 7125 11072 7124)
4(1822 7124 11179 7126)
4(11179 7124 11072 3578)
4(11072 7125 11187 3578)
4(11187 7126 11179 3578)
5(1824 1833 7141 1907 1898)
4(1832 7139 11191 7137)
6(1897 1898 1907 7267 1906 7257)
4(1823 7128 11188 7127)
4(1832 7127 11188 7139)
4(1897 7257 11188 7128)
4(1906 7139 11188 7257)
4(1833 7137 11191 7141)
4(1906 7267 11191 7139)
4(1907 7141 11191 7267)
5(1825 1834 12690 1908 1899)
4(1833 7141 13060 12688)
5(1898 1899 1908 12700 1907)
4(1834 12688 13060 12690)
4(1907 12700 13060 7141)
4(1908 12690 13060 12700)
4(1826 1835 1909 1900)
5(1834 12690 1908 1909 1835)
4(1899 1900 1909 1908)
5(1827 1836 12693 1910 1901)
5(1835 1909 1910 12693 1836)
4(1900 1901 1910 1909)
5(1828 1837 7144 1911 1902)
4(1836 12693 13061 12691)
5(1901 1902 1911 12703 1910)
4(1837 12691 13061 7144)
4(1910 12703 13061 12693)
4(1911 7144 13061 12703)
4(1829 7130 11192 7131)
4(1837 7144 11193 7142)
6(1902 1903 7260 1912 7272 1911)
4(1838 7147 11192 7130)
4(1903 7131 11192 7260)
4(1912 7260 11192 7147)
4(1838 7142 11193 7147)
4(1911 7272 11193 7144)
4(1912 7147 11193 7272)
4(1829 7130 11078 7129)
4(1829 7129 11183 7131)
4(11183 7129 11078 3579)
4(11078 7130 11192 3579)
4(11192 7131 11183 3579)
4(1832 7138 11083 7137)
4(1832 7139 11197 7138)
4(11191 7137 11083 3581)
4(11083 7138 11197 3581)
4(11197 7139 11191 3581)
4(1833 7141 11199 7140)
4(1833 7140 13051 12688)
4(13060 12688 13051 12368)
4(13051 7140 11199 12368)
4(11199 7141 13060 12368)
5(1835 1843 7159 1917 1909)
4(1842 7156 11203 7154)
6(1908 1909 1917 7284 1916 12701)
4(1843 7154 11203 7159)
4(1916 7284 11203 7156)
4(1917 7159 11203 7284)
4(1834 12690 13062 12689)
4(1842 12689 13062 7156)
4(1908 12701 13062 12690)
4(1916 7156 13062 12701)
4(1836 12692 13064 12693)
4(1843 7159 11204 7157)
6(1909 1910 12704 1918 7287 1917)
4(1844 7157 11204 7162)
4(1917 7287 11204 7159)
4(1918 7162 11204 7287)
4(1844 7162 13064 12692)
4(1910 12693 13064 12704)
4(1918 12704 13064 7162)
4(1836 12692 13053 12691)
4(13061 12691 13053 12369)
4(13053 12692 13064 12369)
4(13064 12693 13061 12369)
4(1837 7143 11091 7142)
4(11193 7142 11091 3582)
4(11091 7143 11205 3582)
4(11205 7144 11193 3582)
4(1837 7144 11205 7143)
4(1838 7146 11092 7145)
4(1838 7145 11195 7147)
4(1838 7147 11207 7146)
4(11207 7147 11195 3583)
4(1841 7152 11097 7151)
4(1841 7153 11211 7152)
4(11202 7151 11097 3585)
4(11211 7153 11202 3585)
4(1841 7151 11202 7153)
4(1842 7155 11100 7154)
4(1842 7156 11213 7155)
4(11203 7154 11100 3586)
4(11100 7155 11213 3586)
4(11213 7156 11203 3586)
4(1843 7158 11103 7157)
4(1843 7159 11216 7158)
4(11204 7157 11103 3587)
4(11103 7158 11216 3587)
4(11216 7159 11204 3587)
4(1844 7161 11106 7160)
4(1844 7162 11219 7161)
4(11206 7160 11106 3588)
4(11106 7161 11219 3588)
4(11219 7162 11206 3588)
4(1844 7160 11206 7162)
4(1845 7164 11107 7163)
4(1845 7163 11208 7165)
4(1845 7165 11222 7164)
4(11222 7165 11208 3589)
4(1850 7177 11120 7176)
4(1850 7178 11233 7177)
4(11227 7176 11120 3592)
4(11120 7177 11233 3592)
4(11233 7178 11227 3592)
4(1851 7180 11123 7179)
4(1851 7181 11236 7180)
4(11228 7179 11123 3593)
4(11123 7180 11236 3593)
4(11236 7181 11228 3593)
4(1852 7183 11126 7182)
4(1852 7184 11239 7183)
4(11126 7183 11239 3594)
4(11239 7184 11229 3594)
4(1853 7187 11134 7186)
4(11231 7186 11134 3597)
4(11134 7187 11247 3597)
4(11247 7188 11231 3597)
4(1854 7189 11234 7191)
4(1854 7191 11250 7190)
4(1854 7190 13056 7189)
4(11234 7189 13056 12370)
4(13056 7190 11250 12370)
4(11250 7191 11234 12370)
5(1856 1864 1938 1930 7195)
5(1863 12697 1937 1938 1864)
6(1929 7322 1930 1938 1937 12706)
4(1855 7192 11237 7193)
4(1856 7195 11237 7192)
4(1929 7193 11237 7322)
4(1930 7322 11237 7195)
4(1855 7193 13066 12694)
4(1863 12694 13066 12697)
4(1929 12706 13066 7193)
4(1937 12697 13066 12706)
4(1857 12695 13069 7197)
5(1864 1938 1939 12699 1865)
6(1930 7324 1931 12707 1939 1938)
4(1856 7194 11240 7195)
4(1857 7197 11240 7194)
4(1930 7195 11240 7324)
4(1931 7324 11240 7197)
4(1865 12699 13069 12695)
4(1931 7197 13069 12707)
4(1939 12707 13069 12699)
4(1857 7196 11243 7197)
4(1857 12695 13059 7196)
4(11243 7196 13059 12371)
4(13059 12695 13069 12371)
4(13069 7197 11243 12371)
4(1858 7199 11138 7198)
4(1858 7198 11245 7200)
4(11245 7198 11138 3598)
4(11138 7199 11253 3598)
4(11253 7200 11245 3598)
4(1858 7200 11253 7199)
4(1860 7204 11145 7203)
4(11248 7203 11145 3600)
4(11145 7204 11259 3600)
4(11259 7205 11248 3600)
5(1862 1871 1945 1936 7209)
5(1870 7222 1944 1945 1871)
6(1935 7336 1936 1945 1944 7337)
4(1861 7206 11251 7208)
4(1862 7209 11251 7206)
4(1935 7208 11251 7336)
4(1936 7336 11251 7209)
4(1861 7208 11261 7207)
4(1870 7207 11261 7222)
4(1935 7337 11261 7208)
4(1944 7222 11261 7337)
5(1863 1872 1946 1937 12697)
4(1871 1945 1946 1872)
5(1936 12708 1937 1946 1945)
4(1862 12696 13067 7209)
4(1863 12697 13067 12696)
4(1936 7209 13067 12708)
4(1937 12708 13067 12697)
4(1864 1873 1947 1938)
4(1872 1946 1947 1873)
4(1937 1938 1947 1946)
5(1865 1874 1948 1939 12699)
4(1873 1947 1948 1874)
4(1938 1939 1948 1947)
5(1866 1875 1949 1940 7211)
4(1874 1948 1949 1875)
5(1939 12710 1940 1949 1948)
4(1865 12698 13070 12699)
4(1866 7211 13070 12698)
4(1939 12699 13070 12710)
4(1940 12710 13070 7211)
4(1867 7213 11264 7214)
5(1875 1949 1950 7225 1876)
6(1940 7340 1941 7343 1950 1949)
4(1866 7210 11255 7211)
4(1867 7214 11255 7210)
4(1940 7211 11255 7340)
4(1941 7340 11255 7214)
4(1876 7225 11264 7213)
4(1941 7214 11264 7343)
4(1950 7343 11264 7225)
4(1867 7213 11149 7212)
4(1867 7212 11257 7214)
4(11257 7212 11149 3601)
4(11149 7213 11264 3601)
4(11264 7214 11257 3601)
4(1869 7219 11156 7218)
4(1869 7218 11262 7220)
4(1869 7220 11269 7219)
4(11262 7218 11156 3603)
4(11156 7219 11269 3603)
4(11269 7220 11262 3603)
4(1871 1880 1954 1945)
5(1879 7234 1953 1954 1880)
5(1944 1945 1954 1953 7351)
4(1870 7222 11272 7221)
4(1879 7221 11272 7234)
4(1944 7351 11272 7222)
4(1953 7234 11272 7351)
4(1872 1881 1955 1946)
4(1880 1954 1955 1881)
4(1945 1946 1955 1954)
4(1873 1882 1956 1947)
4(1881 1955 1956 1882)
4(1946 1947 1956 1955)
4(1874 1883 1957 1948)
4(1882 1956 1957 1883)
4(1947 1948 1957 1956)
4(1875 1884 1958 1949)
4(1883 1957 1958 1884)
4(1948 1949 1958 1957)
4(1876 7224 11275 7225)
5(1884 1958 1959 7237 1885)
5(1949 1950 7354 1959 1958)
4(1885 7237 11275 7224)
4(1950 7225 11275 7354)
4(1959 7354 11275 7237)
4(1876 7224 11160 7223)
4(1876 7223 11266 7225)
4(11266 7223 11160 3604)
4(11160 7224 11275 3604)
4(11275 7225 11266 3604)
4(1877 7227 11162 7226)
4(1877 7228 11276 7227)
4(11162 7227 11276 3605)
4(11276 7228 11268 3605)
4(1878 7231 11168 7230)
4(1878 7230 11273 7232)
4(1878 7232 11281 7231)
4(11273 7230 11168 3607)
4(11168 7231 11281 3607)
4(11281 7232 11273 3607)
4(1880 1889 1963 1954)
5(1888 7246 1962 1963 1889)
5(1953 1954 1963 1962 7363)
4(1879 7234 11284 7233)
4(1888 7233 11284 7246)
4(1953 7363 11284 7234)
4(1962 7246 11284 7363)
4(1881 1890 1964 1955)
4(1889 1963 1964 1890)
4(1954 1955 1964 1963)
4(1882 1891 1965 1956)
4(1890 1964 1965 1891)
4(1955 1956 1965 1964)
4(1883 1892 1966 1957)
4(1891 1965 1966 1892)
4(1956 1957 1966 1965)
4(1884 1893 1967 1958)
4(1892 1966 1967 1893)
4(1957 1958 1967 1966)
4(1885 7236 11287 7237)
5(1893 1967 1968 7249 1894)
5(1958 1959 7366 1968 1967)
4(1894 7249 11287 7236)
4(1959 7237 11287 7366)
4(1968 7366 11287 7249)
4(1885 7236 11172 7235)
4(1885 7235 11277 7237)
4(11277 7235 11172 3608)
4(11172 7236 11287 3608)
4(11287 7237 11277 3608)
4(1886 7239 11174 7238)
4(1886 7238 11279 7240)
4(1886 7240 11288 7239)
4(11174 7239 11288 3609)
4(11288 7240 11279 3609)
4(1887 7243 11180 7242)
4(1887 7242 11285 7244)
4(1887 7244 11293 7243)
4(11285 7242 11180 3611)
4(11180 7243 11293 3611)
4(11293 7244 11285 3611)
4(1889 1898 1972 1963)
5(1897 7258 1971 1972 1898)
5(1962 1963 1972 1971 7375)
4(1888 7246 11296 7245)
4(1897 7245 11296 7258)
4(1962 7375 11296 7246)
4(1971 7258 11296 7375)
4(1890 1899 1973 1964)
4(1898 1972 1973 1899)
4(1963 1964 1973 1972)
4(1891 1900 1974 1965)
4(1899 1973 1974 1900)
4(1964 1965 1974 1973)
4(1892 1901 1975 1966)
4(1900 1974 1975 1901)
4(1965 1966 1975 1974)
4(1893 1902 1976 1967)
4(1901 1975 1976 1902)
4(1966 1967 1976 1975)
4(1894 7248 11299 7249)
5(1902 1976 1977 7261 1903)
5(1967 1968 7378 1977 1976)
4(1903 7261 11299 7248)
4(1968 7249 11299 7378)
4(1977 7378 11299 7261)
4(1894 7248 11184 7247)
4(1894 7247 11289 7249)
4(11289 7247 11184 3612)
4(11184 7248 11299 3612)
4(11299 7249 11289 3612)
4(1895 7251 11186 7250)
4(1895 7250 11291 7252)
4(1895 7252 11300 7251)
4(11186 7251 11300 3613)
4(11300 7252 11291 3613)
4(1896 7255 11190 7254)
4(1896 7254 11297 7256)
4(11297 7254 11190 3614)
4(11190 7255 11305 3614)
4(11305 7256 11297 3614)
5(1898 1907 7271 1981 1972)
4(1906 7269 11309 7267)
6(1971 1972 1981 7397 1980 7387)
4(1897 7258 11306 7257)
4(1906 7257 11306 7269)
4(1971 7387 11306 7258)
4(1980 7269 11306 7387)
4(1907 7267 11309 7271)
4(1980 7397 11309 7269)
4(1981 7271 11309 7397)
5(1899 1908 12702 1982 1973)
4(1907 7271 13072 12700)
5(1972 1973 1982 12712 1981)
4(1908 12700 13072 12702)
4(1981 12712 13072 7271)
4(1982 12702 13072 12712)
4(1900 1909 1983 1974)
5(1908 12702 1982 1983 1909)
4(1973 1974 1983 1982)
5(1901 1910 12705 1984 1975)
5(1909 1983 1984 12705 1910)
4(1974 1975 1984 1983)
5(1902 1911 7274 1985 1976)
4(1910 12705 13073 12703)
5(1975 1976 1985 12715 1984)
4(1911 12703 13073 7274)
4(1984 12715 13073 12705)
4(1985 7274 13073 12715)
4(1903 7260 11310 7261)
4(1911 7274 11311 7272)
6(1976 1977 7390 1986 7402 1985)
4(1912 7277 11310 7260)
4(1977 7261 11310 7390)
4(1986 7390 11310 7277)
4(1912 7272 11311 7277)
4(1985 7402 11311 7274)
4(1986 7277 11311 7402)
4(1903 7260 11196 7259)
4(1903 7259 11301 7261)
4(11301 7259 11196 3615)
4(11196 7260 11310 3615)
4(11310 7261 11301 3615)
4(1906 7268 11201 7267)
4(1906 7269 11315 7268)
4(11309 7267 11201 3617)
4(11201 7268 11315 3617)
4(11315 7269 11309 3617)
4(1907 7271 11317 7270)
4(1907 7270 13063 12700)
4(13072 12700 13063 12372)
4(13063 7270 11317 12372)
4(11317 7271 13072 12372)
5(1909 1917 7289 1991 1983)
4(1916 7286 11321 7284)
6(1982 1983 1991 7414 1990 12713)
4(1917 7284 11321 7289)
4(1990 7414 11321 7286)
4(1991 7289 11321 7414)
4(1908 12702 13074 12701)
4(1916 12701 13074 7286)
4(1982 12713 13074 12702)
4(1990 7286 13074 12713)
4(1910 12704 13076 12705)
4(1917 7289 11322 7287)
6(1983 1984 12716 1992 7417 1991)
4(1918 7287 11322 7292)
4(1991 7417 11322 7289)
4(1992 7292 11322 7417)
4(1918 7292 13076 12704)
4(1984 12705 13076 12716)
4(1992 12716 13076 7292)
4(1910 12704 13065 12703)
4(13073 12703 13065 12373)
4(13065 12704 13076 12373)
4(13076 12705 13073 12373)
4(1911 7273 11209 7272)
4(11311 7272 11209 3618)
4(11209 7273 11323 3618)
4(11323 7274 11311 3618)
4(1911 7274 11323 7273)
4(1912 7276 11210 7275)
4(1912 7275 11313 7277)
4(1912 7277 11325 7276)
4(11325 7277 11313 3619)
4(1915 7282 11215 7281)
4(1915 7283 11329 7282)
4(11320 7281 11215 3621)
4(11329 7283 11320 3621)
4(1915 7281 11320 7283)
4(1916 7285 11218 7284)
4(1916 7286 11331 7285)
4(11321 7284 11218 3622)
4(11218 7285 11331 3622)
4(11331 7286 11321 3622)
4(1917 7288 11221 7287)
4(1917 7289 11334 7288)
4(11322 7287 11221 3623)
4(11221 7288 11334 3623)
4(11334 7289 11322 3623)
4(1918 7291 11224 7290)
4(1918 7292 11337 7291)
4(11324 7290 11224 3624)
4(11224 7291 11337 3624)
4(11337 7292 11324 3624)
4(1918 7290 11324 7292)
4(1919 7294 11225 7293)
4(1919 7293 11326 7295)
4(1919 7295 11340 7294)
4(11340 7295 11326 3625)
4(1924 7307 11238 7306)
4(1924 7308 11351 7307)
4(11345 7306 11238 3628)
4(11238 7307 11351 3628)
4(11351 7308 11345 3628)
4(1925 7310 11241 7309)
4(1925 7311 11354 7310)
4(11346 7309 11241 3629)
4(11241 7310 11354 3629)
4(11354 7311 11346 3629)
4(1926 7313 11244 7312)
4(1926 7314 11357 7313)
4(11244 7313 11357 3630)
4(11357 7314 11347 3630)
4(1927 7317 11252 7316)
4(11349 7316 11252 3633)
4(11252 7317 11365 3633)
4(11365 7318 11349 3633)
4(1928 7319 11352 7321)
4(1928 7321 11368 7320)
4(1928 7320 13068 7319)
4(11352 7319 13068 12374)
4(13068 7320 11368 12374)
4(11368 7321 11352 12374)
5(1930 1938 2012 2004 7325)
5(1937 12709 2011 2012 1938)
6(2003 7452 2004 2012 2011 12718)
4(1929 7322 11355 7323)
4(1930 7325 11355 7322)
4(2003 7323 11355 7452)
4(2004 7452 11355 7325)
4(1929 7323 13078 12706)
4(1937 12706 13078 12709)
4(2003 12718 13078 7323)
4(2011 12709 13078 12718)
4(1931 12707 13081 7327)
5(1938 2012 2013 12711 1939)
6(2004 7454 2005 12719 2013 2012)
4(1930 7324 11358 7325)
4(1931 7327 11358 7324)
4(2004 7325 11358 7454)
4(2005 7454 11358 7327)
4(1939 12711 13081 12707)
4(2005 7327 13081 12719)
4(2013 12719 13081 12711)
4(1931 7326 11361 7327)
4(1931 12707 13071 7326)
4(11361 7326 13071 12375)
4(13071 12707 13081 12375)
4(13081 7327 11361 12375)
4(1932 7329 11256 7328)
4(1932 7328 11363 7330)
4(11363 7328 11256 3634)
4(11256 7329 11371 3634)
4(11371 7330 11363 3634)
4(1932 7330 11371 7329)
4(1934 7334 11263 7333)
4(11366 7333 11263 3636)
4(11263 7334 11377 3636)
4(11377 7335 11366 3636)
5(1936 1945 2019 2010 7339)
5(1944 7352 2018 2019 1945)
6(2009 7466 2010 2019 2018 7467)
4(1935 7336 11369 7338)
4(1936 7339 11369 7336)
4(2009 7338 11369 7466)
4(2010 7466 11369 7339)
4(1935 7338 11379 7337)
4(1944 7337 11379 7352)
4(2009 7467 11379 7338)
4(2018 7352 11379 7467)
5(1937 1946 2020 2011 12709)
4(1945 2019 2020 1946)
5(2010 12720 2011 2020 2019)
4(1936 12708 13079 7339)
4(1937 12709 13079 12708)
4(2010 7339 13079 12720)
4(2011 12720 13079 12709)
4(1938 1947 2021 2012)
4(1946 2020 2021 1947)
4(2011 2012 2021 2020)
5(1939 1948 2022 2013 12711)
4(1947 2021 2022 1948)
4(2012 2013 2022 2021)
5(1940 1949 2023 2014 7341)
4(1948 2022 2023 1949)
5(2013 12722 2014 2023 2022)
4(1939 12710 13082 12711)
4(1940 7341 13082 12710)
4(2013 12711 13082 12722)
4(2014 12722 13082 7341)
4(1941 7343 11382 7344)
5(1949 2023 2024 7355 1950)
6(2014 7470 2015 7473 2024 2023)
4(1940 7340 11373 7341)
4(1941 7344 11373 7340)
4(2014 7341 11373 7470)
4(2015 7470 11373 7344)
4(1950 7355 11382 7343)
4(2015 7344 11382 7473)
4(2024 7473 11382 7355)
4(1941 7343 11267 7342)
4(1941 7342 11375 7344)
4(11375 7342 11267 3637)
4(11267 7343 11382 3637)
4(11382 7344 11375 3637)
4(1943 7349 11274 7348)
4(1943 7348 11380 7350)
4(1943 7350 11387 7349)
4(11380 7348 11274 3639)
4(11274 7349 11387 3639)
4(11387 7350 11380 3639)
4(1945 1954 2028 2019)
5(1953 7364 2027 2028 1954)
5(2018 2019 2028 2027 7481)
4(1944 7352 11390 7351)
4(1953 7351 11390 7364)
4(2018 7481 11390 7352)
4(2027 7364 11390 7481)
4(1946 1955 2029 2020)
4(1954 2028 2029 1955)
4(2019 2020 2029 2028)
4(1947 1956 2030 2021)
4(1955 2029 2030 1956)
4(2020 2021 2030 2029)
4(1948 1957 2031 2022)
4(1956 2030 2031 1957)
4(2021 2022 2031 2030)
4(1949 1958 2032 2023)
4(1957 2031 2032 1958)
4(2022 2023 2032 2031)
4(1950 7354 11393 7355)
5(1958 2032 2033 7367 1959)
5(2023 2024 7484 2033 2032)
4(1959 7367 11393 7354)
4(2024 7355 11393 7484)
4(2033 7484 11393 7367)
4(1950 7354 11278 7353)
4(1950 7353 11384 7355)
4(11384 7353 11278 3640)
4(11278 7354 11393 3640)
4(11393 7355 11384 3640)
4(1951 7357 11280 7356)
4(1951 7358 11394 7357)
4(11280 7357 11394 3641)
4(11394 7358 11386 3641)
4(1952 7361 11286 7360)
4(1952 7360 11391 7362)
4(1952 7362 11399 7361)
4(11391 7360 11286 3643)
4(11286 7361 11399 3643)
4(11399 7362 11391 3643)
4(1954 1963 2037 2028)
5(1962 7376 2036 2037 1963)
5(2027 2028 2037 2036 7493)
4(1953 7364 11402 7363)
4(1962 7363 11402 7376)
4(2027 7493 11402 7364)
4(2036 7376 11402 7493)
4(1955 1964 2038 2029)
4(1963 2037 2038 1964)
4(2028 2029 2038 2037)
4(1956 1965 2039 2030)
4(1964 2038 2039 1965)
4(2029 2030 2039 2038)
4(1957 1966 2040 2031)
4(1965 2039 2040 1966)
4(2030 2031 2040 2039)
4(1958 1967 2041 2032)
4(1966 2040 2041 1967)
4(2031 2032 2041 2040)
4(1959 7366 11405 7367)
5(1967 2041 2042 7379 1968)
5(2032 2033 7496 2042 2041)
4(1968 7379 11405 7366)
4(2033 7367 11405 7496)
4(2042 7496 11405 7379)
4(1959 7366 11290 7365)
4(1959 7365 11395 7367)
4(11395 7365 11290 3644)
4(11290 7366 11405 3644)
4(11405 7367 11395 3644)
4(1960 7369 11292 7368)
4(1960 7368 11397 7370)
4(1960 7370 11406 7369)
4(11292 7369 11406 3645)
4(11406 7370 11397 3645)
4(1961 7373 11298 7372)
4(1961 7372 11403 7374)
4(1961 7374 11411 7373)
4(11403 7372 11298 3647)
4(11298 7373 11411 3647)
4(11411 7374 11403 3647)
4(1963 1972 2046 2037)
5(1971 7388 2045 2046 1972)
5(2036 2037 2046 2045 7505)
4(1962 7376 11414 7375)
4(1971 7375 11414 7388)
4(2036 7505 11414 7376)
4(2045 7388 11414 7505)
4(1964 1973 2047 2038)
4(1972 2046 2047 1973)
4(2037 2038 2047 2046)
4(1965 1974 2048 2039)
4(1973 2047 2048 1974)
4(2038 2039 2048 2047)
4(1966 1975 2049 2040)
4(1974 2048 2049 1975)
4(2039 2040 2049 2048)
4(1967 1976 2050 2041)
4(1975 2049 2050 1976)
4(2040 2041 2050 2049)
4(1968 7378 11417 7379)
5(1976 2050 2051 7391 1977)
5(2041 2042 7508 2051 2050)
4(1977 7391 11417 7378)
4(2042 7379 11417 7508)
4(2051 7508 11417 7391)
4(1968 7378 11302 7377)
4(1968 7377 11407 7379)
4(11407 7377 11302 3648)
4(11302 7378 11417 3648)
4(11417 7379 11407 3648)
4(1969 7381 11304 7380)
4(1969 7380 11409 7382)
4(1969 7382 11418 7381)
4(11304 7381 11418 3649)
4(11418 7382 11409 3649)
4(1970 7385 11308 7384)
4(1970 7384 11415 7386)
4(11415 7384 11308 3650)
4(11308 7385 11423 3650)
4(11423 7386 11415 3650)
5(1972 1981 7401 2055 2046)
4(1980 7399 11427 7397)
6(2045 2046 2055 7527 2054 7517)
4(1971 7388 11424 7387)
4(1980 7387 11424 7399)
4(2045 7517 11424 7388)
4(2054 7399 11424 7517)
4(1981 7397 11427 7401)
4(2054 7527 11427 7399)
4(2055 7401 11427 7527)
5(1973 1982 12714 2056 2047)
4(1981 7401 13084 12712)
5(2046 2047 2056 12724 2055)
4(1982 12712 13084 12714)
4(2055 12724 13084 7401)
4(2056 12714 13084 12724)
4(1974 1983 2057 2048)
5(1982 12714 2056 2057 1983)
4(2047 2048 2057 2056)
5(1975 1984 12717 2058 2049)
5(1983 2057 2058 12717 1984)
4(2048 2049 2058 2057)
5(1976 1985 7404 2059 2050)
4(1984 12717 13085 12715)
5(2049 2050 2059 12727 2058)
4(1985 12715 13085 7404)
4(2058 12727 13085 12717)
4(2059 7404 13085 12727)
4(1977 7390 11428 7391)
4(1985 7404 11429 7402)
6(2050 2051 7520 2060 7532 2059)
4(1986 7407 11428 7390)
4(2051 7391 11428 7520)
4(2060 7520 11428 7407)
4(1986 7402 11429 7407)
4(2059 7532 11429 7404)
4(2060 7407 11429 7532)
4(1977 7390 11314 7389)
4(1977 7389 11419 7391)
4(11419 7389 11314 3651)
4(11314 7390 11428 3651)
4(11428 7391 11419 3651)
4(1980 7398 11319 7397)
4(1980 7399 11433 7398)
4(11427 7397 11319 3653)
4(11319 7398 11433 3653)
4(11433 7399 11427 3653)
4(1981 7401 11435 7400)
4(1981 7400 13075 12712)
4(13084 12712 13075 12376)
4(13075 7400 11435 12376)
4(11435 7401 13084 12376)
5(1983 1991 7419 2065 2057)
4(1990 7416 11439 7414)
6(2056 2057 2065 7544 2064 12725)
4(1991 7414 11439 7419)
4(2064 7544 11439 7416)
4(2065 7419 11439 7544)
4(1982 12714 13086 12713)
4(1990 12713 13086 7416)
4(2056 12725 13086 12714)
4(2064 7416 13086 12725)
4(1984 12716 13088 12717)
4(1991 7419 11440 7417)
6(2057 2058 12728 2066 7547 2065)
4(1992 7417 11440 7422)
4(2065 7547 11440 7419)
4(2066 7422 11440 7547)
4(1992 7422 13088 12716)
4(2058 12717 13088 12728)
4(2066 12728 13088 7422)
4(1984 12716 13077 12715)
4(13085 12715 13077 12377)
4(13077 12716 13088 12377)
4(13088 12717 13085 12377)
4(1985 7403 11327 7402)
4(11429 7402 11327 3654)
4(11327 7403 11441 3654)
4(11441 7404 11429 3654)
4(1985 7404 11441 7403)
4(1986 7406 11328 7405)
4(1986 7405 11431 7407)
4(1986 7407 11443 7406)
4(11443 7407 11431 3655)
4(1989 7412 11333 7411)
4(1989 7413 11447 7412)
4(11438 7411 11333 3657)
4(11447 7413 11438 3657)
4(1989 7411 11438 7413)
4(1990 7415 11336 7414)
4(1990 7416 11449 7415)
4(11439 7414 11336 3658)
4(11336 7415 11449 3658)
4(11449 7416 11439 3658)
4(1991 7418 11339 7417)
4(1991 7419 11452 7418)
4(11440 7417 11339 3659)
4(11339 7418 11452 3659)
4(11452 7419 11440 3659)
4(1992 7421 11342 7420)
4(1992 7422 11455 7421)
4(11442 7420 11342 3660)
4(11342 7421 11455 3660)
4(11455 7422 11442 3660)
4(1992 7420 11442 7422)
4(1993 7424 11343 7423)
4(1993 7423 11444 7425)
4(1993 7425 11458 7424)
4(11458 7425 11444 3661)
4(1998 7437 11356 7436)
4(1998 7438 11469 7437)
4(11463 7436 11356 3664)
4(11356 7437 11469 3664)
4(11469 7438 11463 3664)
4(1999 7440 11359 7439)
4(1999 7441 11472 7440)
4(11464 7439 11359 3665)
4(11359 7440 11472 3665)
4(11472 7441 11464 3665)
4(2000 7443 11362 7442)
4(2000 7444 11475 7443)
4(11362 7443 11475 3666)
4(11475 7444 11465 3666)
4(2001 7447 11370 7446)
4(11467 7446 11370 3669)
4(11370 7447 11483 3669)
4(11483 7448 11467 3669)
4(2002 7449 11470 7451)
4(2002 7451 11486 7450)
4(2002 7450 13080 7449)
4(11470 7449 13080 12378)
4(13080 7450 11486 12378)
4(11486 7451 11470 12378)
5(2004 2012 2086 2078 7455)
5(2011 12721 2085 2086 2012)
6(2077 7582 2078 2086 2085 12730)
4(2003 7452 11473 7453)
4(2004 7455 11473 7452)
4(2077 7453 11473 7582)
4(2078 7582 11473 7455)
4(2003 7453 13090 12718)
4(2011 12718 13090 12721)
4(2077 12730 13090 7453)
4(2085 12721 13090 12730)
4(2005 12719 13093 7457)
5(2012 2086 2087 12723 2013)
6(2078 7584 2079 12731 2087 2086)
4(2004 7454 11476 7455)
4(2005 7457 11476 7454)
4(2078 7455 11476 7584)
4(2079 7584 11476 7457)
4(2013 12723 13093 12719)
4(2079 7457 13093 12731)
4(2087 12731 13093 12723)
4(2005 7456 11479 7457)
4(2005 12719 13083 7456)
4(11479 7456 13083 12379)
4(13083 12719 13093 12379)
4(13093 7457 11479 12379)
4(2006 7459 11374 7458)
4(2006 7458 11481 7460)
4(11481 7458 11374 3670)
4(11374 7459 11489 3670)
4(11489 7460 11481 3670)
4(2006 7460 11489 7459)
4(2008 7464 11381 7463)
4(11484 7463 11381 3672)
4(11381 7464 11495 3672)
4(11495 7465 11484 3672)
5(2010 2019 2093 2084 7469)
5(2018 7482 2092 2093 2019)
6(2083 7596 2084 2093 2092 7597)
4(2009 7466 11487 7468)
4(2010 7469 11487 7466)
4(2083 7468 11487 7596)
4(2084 7596 11487 7469)
4(2009 7468 11497 7467)
4(2018 7467 11497 7482)
4(2083 7597 11497 7468)
4(2092 7482 11497 7597)
5(2011 2020 2094 2085 12721)
4(2019 2093 2094 2020)
5(2084 12732 2085 2094 2093)
4(2010 12720 13091 7469)
4(2011 12721 13091 12720)
4(2084 7469 13091 12732)
4(2085 12732 13091 12721)
4(2012 2021 2095 2086)
4(2020 2094 2095 2021)
4(2085 2086 2095 2094)
5(2013 2022 2096 2087 12723)
4(2021 2095 2096 2022)
4(2086 2087 2096 2095)
5(2014 2023 2097 2088 7471)
4(2022 2096 2097 2023)
5(2087 12734 2088 2097 2096)
4(2013 12722 13094 12723)
4(2014 7471 13094 12722)
4(2087 12723 13094 12734)
4(2088 12734 13094 7471)
4(2015 7473 11500 7474)
5(2023 2097 2098 7485 2024)
6(2088 7600 2089 7603 2098 2097)
4(2014 7470 11491 7471)
4(2015 7474 11491 7470)
4(2088 7471 11491 7600)
4(2089 7600 11491 7474)
4(2024 7485 11500 7473)
4(2089 7474 11500 7603)
4(2098 7603 11500 7485)
4(2015 7473 11385 7472)
4(2015 7472 11493 7474)
4(11493 7472 11385 3673)
4(11385 7473 11500 3673)
4(11500 7474 11493 3673)
4(2017 7479 11392 7478)
4(2017 7478 11498 7480)
4(2017 7480 11505 7479)
4(11498 7478 11392 3675)
4(11392 7479 11505 3675)
4(11505 7480 11498 3675)
4(2019 2028 2102 2093)
5(2027 7494 2101 2102 2028)
5(2092 2093 2102 2101 7611)
4(2018 7482 11508 7481)
4(2027 7481 11508 7494)
4(2092 7611 11508 7482)
4(2101 7494 11508 7611)
4(2020 2029 2103 2094)
4(2028 2102 2103 2029)
4(2093 2094 2103 2102)
4(2021 2030 2104 2095)
4(2029 2103 2104 2030)
4(2094 2095 2104 2103)
4(2022 2031 2105 2096)
4(2030 2104 2105 2031)
4(2095 2096 2105 2104)
4(2023 2032 2106 2097)
4(2031 2105 2106 2032)
4(2096 2097 2106 2105)
4(2024 7484 11511 7485)
5(2032 2106 2107 7497 2033)
5(2097 2098 7614 2107 2106)
4(2033 7497 11511 7484)
4(2098 7485 11511 7614)
4(2107 7614 11511 7497)
4(2024 7484 11396 7483)
4(2024 7483 11502 7485)
4(11502 7483 11396 3676)
4(11396 7484 11511 3676)
4(11511 7485 11502 3676)
4(2025 7487 11398 7486)
4(2025 7488 11512 7487)
4(11398 7487 11512 3677)
4(11512 7488 11504 3677)
4(2026 7491 11404 7490)
4(2026 7490 11509 7492)
4(2026 7492 11517 7491)
4(11509 7490 11404 3679)
4(11404 7491 11517 3679)
4(11517 7492 11509 3679)
4(2028 2037 2111 2102)
5(2036 7506 2110 2111 2037)
5(2101 2102 2111 2110 7623)
4(2027 7494 11520 7493)
4(2036 7493 11520 7506)
4(2101 7623 11520 7494)
4(2110 7506 11520 7623)
4(2029 2038 2112 2103)
4(2037 2111 2112 2038)
4(2102 2103 2112 2111)
4(2030 2039 2113 2104)
4(2038 2112 2113 2039)
4(2103 2104 2113 2112)
4(2031 2040 2114 2105)
4(2039 2113 2114 2040)
4(2104 2105 2114 2113)
4(2032 2041 2115 2106)
4(2040 2114 2115 2041)
4(2105 2106 2115 2114)
4(2033 7496 11523 7497)
5(2041 2115 2116 7509 2042)
5(2106 2107 7626 2116 2115)
4(2042 7509 11523 7496)
4(2107 7497 11523 7626)
4(2116 7626 11523 7509)
4(2033 7496 11408 7495)
4(2033 7495 11513 7497)
4(11513 7495 11408 3680)
4(11408 7496 11523 3680)
4(11523 7497 11513 3680)
4(2034 7499 11410 7498)
4(2034 7498 11515 7500)
4(2034 7500 11524 7499)
4(11410 7499 11524 3681)
4(11524 7500 11515 3681)
4(2035 7503 11416 7502)
4(2035 7502 11521 7504)
4(2035 7504 11529 7503)
4(11521 7502 11416 3683)
4(11416 7503 11529 3683)
4(11529 7504 11521 3683)
4(2037 2046 2120 2111)
5(2045 7518 2119 2120 2046)
5(2110 2111 2120 2119 7635)
4(2036 7506 11532 7505)
4(2045 7505 11532 7518)
4(2110 7635 11532 7506)
4(2119 7518 11532 7635)
4(2038 2047 2121 2112)
4(2046 2120 2121 2047)
4(2111 2112 2121 2120)
4(2039 2048 2122 2113)
4(2047 2121 2122 2048)
4(2112 2113 2122 2121)
4(2040 2049 2123 2114)
4(2048 2122 2123 2049)
4(2113 2114 2123 2122)
4(2041 2050 2124 2115)
4(2049 2123 2124 2050)
4(2114 2115 2124 2123)
4(2042 7508 11535 7509)
5(2050 2124 2125 7521 2051)
5(2115 2116 7638 2125 2124)
4(2051 7521 11535 7508)
4(2116 7509 11535 7638)
4(2125 7638 11535 7521)
4(2042 7508 11420 7507)
4(2042 7507 11525 7509)
4(11525 7507 11420 3684)
4(11420 7508 11535 3684)
4(11535 7509 11525 3684)
4(2043 7511 11422 7510)
4(2043 7510 11527 7512)
4(2043 7512 11536 7511)
4(11422 7511 11536 3685)
4(11536 7512 11527 3685)
4(2044 7515 11426 7514)
4(2044 7514 11533 7516)
4(11533 7514 11426 3686)
4(11426 7515 11541 3686)
4(11541 7516 11533 3686)
5(2046 2055 7531 2129 2120)
4(2054 7529 11545 7527)
6(2119 2120 2129 7657 2128 7647)
4(2045 7518 11542 7517)
4(2054 7517 11542 7529)
4(2119 7647 11542 7518)
4(2128 7529 11542 7647)
4(2055 7527 11545 7531)
4(2128 7657 11545 7529)
4(2129 7531 11545 7657)
5(2047 2056 12726 2130 2121)
4(2055 7531 13096 12724)
5(2120 2121 2130 12736 2129)
4(2056 12724 13096 12726)
4(2129 12736 13096 7531)
4(2130 12726 13096 12736)
4(2048 2057 2131 2122)
5(2056 12726 2130 2131 2057)
4(2121 2122 2131 2130)
5(2049 2058 12729 2132 2123)
5(2057 2131 2132 12729 2058)
4(2122 2123 2132 2131)
5(2050 2059 7534 2133 2124)
4(2058 12729 13097 12727)
5(2123 2124 2133 12739 2132)
4(2059 12727 13097 7534)
4(2132 12739 13097 12729)
4(2133 7534 13097 12739)
4(2051 7520 11546 7521)
4(2059 7534 11547 7532)
6(2124 2125 7650 2134 7662 2133)
4(2060 7537 11546 7520)
4(2125 7521 11546 7650)
4(2134 7650 11546 7537)
4(2060 7532 11547 7537)
4(2133 7662 11547 7534)
4(2134 7537 11547 7662)
4(2051 7520 11432 7519)
4(2051 7519 11537 7521)
4(11537 7519 11432 3687)
4(11432 7520 11546 3687)
4(11546 7521 11537 3687)
4(2054 7528 11437 7527)
4(2054 7529 11551 7528)
4(11545 7527 11437 3689)
4(11437 7528 11551 3689)
4(11551 7529 11545 3689)
4(2055 7531 11553 7530)
4(2055 7530 13087 12724)
4(13096 12724 13087 12380)
4(13087 7530 11553 12380)
4(11553 7531 13096 12380)
5(2057 2065 7549 2139 2131)
4(2064 7546 11557 7544)
6(2130 2131 2139 7674 2138 12737)
4(2065 7544 11557 7549)
4(2138 7674 11557 7546)
4(2139 7549 11557 7674)
4(2056 12726 13098 12725)
4(2064 12725 13098 7546)
4(2130 12737 13098 12726)
4(2138 7546 13098 12737)
4(2058 12728 13100 12729)
4(2065 7549 11558 7547)
6(2131 2132 12740 2140 7677 2139)
4(2066 7547 11558 7552)
4(2139 7677 11558 7549)
4(2140 7552 11558 7677)
4(2066 7552 13100 12728)
4(2132 12729 13100 12740)
4(2140 12740 13100 7552)
4(2058 12728 13089 12727)
4(13097 12727 13089 12381)
4(13089 12728 13100 12381)
4(13100 12729 13097 12381)
4(2059 7533 11445 7532)
4(11547 7532 11445 3690)
4(11445 7533 11559 3690)
4(11559 7534 11547 3690)
4(2059 7534 11559 7533)
4(2060 7536 11446 7535)
4(2060 7535 11549 7537)
4(2060 7537 11561 7536)
4(11561 7537 11549 3691)
4(2063 7542 11451 7541)
4(2063 7543 11565 7542)
4(11556 7541 11451 3693)
4(11565 7543 11556 3693)
4(2063 7541 11556 7543)
4(2064 7545 11454 7544)
4(2064 7546 11567 7545)
4(11557 7544 11454 3694)
4(11454 7545 11567 3694)
4(11567 7546 11557 3694)
4(2065 7548 11457 7547)
4(2065 7549 11570 7548)
4(11558 7547 11457 3695)
4(11457 7548 11570 3695)
4(11570 7549 11558 3695)
4(2066 7551 11460 7550)
4(2066 7552 11573 7551)
4(11560 7550 11460 3696)
4(11460 7551 11573 3696)
4(11573 7552 11560 3696)
4(2066 7550 11560 7552)
4(2067 7554 11461 7553)
4(2067 7553 11562 7555)
4(2067 7555 11576 7554)
4(11576 7555 11562 3697)
4(2072 7567 11474 7566)
4(2072 7568 11587 7567)
4(11581 7566 11474 3700)
4(11474 7567 11587 3700)
4(11587 7568 11581 3700)
4(2073 7570 11477 7569)
4(2073 7571 11590 7570)
4(11582 7569 11477 3701)
4(11477 7570 11590 3701)
4(11590 7571 11582 3701)
4(2074 7573 11480 7572)
4(2074 7574 11593 7573)
4(11480 7573 11593 3702)
4(11593 7574 11583 3702)
4(2075 7577 11488 7576)
4(11585 7576 11488 3705)
4(11488 7577 11601 3705)
4(11601 7578 11585 3705)
4(2076 7579 11588 7581)
4(2076 7581 11604 7580)
4(2076 7580 13092 7579)
4(11588 7579 13092 12382)
4(13092 7580 11604 12382)
4(11604 7581 11588 12382)
5(2078 2086 2160 2152 7585)
5(2085 12733 2159 2160 2086)
6(2151 7712 2152 2160 2159 12742)
4(2077 7582 11591 7583)
4(2078 7585 11591 7582)
4(2151 7583 11591 7712)
4(2152 7712 11591 7585)
4(2077 7583 13102 12730)
4(2085 12730 13102 12733)
4(2151 12742 13102 7583)
4(2159 12733 13102 12742)
4(2079 12731 13105 7587)
5(2086 2160 2161 12735 2087)
6(2152 7714 2153 12743 2161 2160)
4(2078 7584 11594 7585)
4(2079 7587 11594 7584)
4(2152 7585 11594 7714)
4(2153 7714 11594 7587)
4(2087 12735 13105 12731)
4(2153 7587 13105 12743)
4(2161 12743 13105 12735)
4(2079 7586 11597 7587)
4(2079 12731 13095 7586)
4(11597 7586 13095 12383)
4(13095 12731 13105 12383)
4(13105 7587 11597 12383)
4(2080 7589 11492 7588)
4(2080 7588 11599 7590)
4(11599 7588 11492 3706)
4(11492 7589 11607 3706)
4(11607 7590 11599 3706)
4(2080 7590 11607 7589)
4(2082 7594 11499 7593)
4(11602 7593 11499 3708)
4(11499 7594 11613 3708)
4(11613 7595 11602 3708)
5(2084 2093 2167 2158 7599)
5(2092 7612 2166 2167 2093)
6(2157 7726 2158 2167 2166 7727)
4(2083 7596 11605 7598)
4(2084 7599 11605 7596)
4(2157 7598 11605 7726)
4(2158 7726 11605 7599)
4(2083 7598 11615 7597)
4(2092 7597 11615 7612)
4(2157 7727 11615 7598)
4(2166 7612 11615 7727)
5(2085 2094 2168 2159 12733)
4(2093 2167 2168 2094)
5(2158 12744 2159 2168 2167)
4(2084 12732 13103 7599)
4(2085 12733 13103 12732)
4(2158 7599 13103 12744)
4(2159 12744 13103 12733)
4(2086 2095 2169 2160)
4(2094 2168 2169 2095)
4(2159 2160 2169 2168)
5(2087 2096 2170 2161 12735)
4(2095 2169 2170 2096)
4(2160 2161 2170 2169)
5(2088 2097 2171 2162 7601)
4(2096 2170 2171 2097)
5(2161 12746 2162 2171 2170)
4(2087 12734 13106 12735)
4(2088 7601 13106 12734)
4(2161 12735 13106 12746)
4(2162 12746 13106 7601)
4(2089 7603 11618 7604)
5(2097 2171 2172 7615 2098)
6(2162 7730 2163 7733 2172 2171)
4(2088 7600 11609 7601)
4(2089 7604 11609 7600)
4(2162 7601 11609 7730)
4(2163 7730 11609 7604)
4(2098 7615 11618 7603)
4(2163 7604 11618 7733)
4(2172 7733 11618 7615)
4(2089 7603 11503 7602)
4(2089 7602 11611 7604)
4(11611 7602 11503 3709)
4(11503 7603 11618 3709)
4(11618 7604 11611 3709)
4(2091 7609 11510 7608)
4(2091 7608 11616 7610)
4(2091 7610 11623 7609)
4(11616 7608 11510 3711)
4(11510 7609 11623 3711)
4(11623 7610 11616 3711)
4(2093 2102 2176 2167)
5(2101 7624 2175 2176 2102)
5(2166 2167 2176 2175 7741)
4(2092 7612 11626 7611)
4(2101 7611 11626 7624)
4(2166 7741 11626 7612)
4(2175 7624 11626 7741)
4(2094 2103 2177 2168)
4(2102 2176 2177 2103)
4(2167 2168 2177 2176)
4(2095 2104 2178 2169)
4(2103 2177 2178 2104)
4(2168 2169 2178 2177)
4(2096 2105 2179 2170)
4(2104 2178 2179 2105)
4(2169 2170 2179 2178)
4(2097 2106 2180 2171)
4(2105 2179 2180 2106)
4(2170 2171 2180 2179)
4(2098 7614 11629 7615)
5(2106 2180 2181 7627 2107)
5(2171 2172 7744 2181 2180)
4(2107 7627 11629 7614)
4(2172 7615 11629 7744)
4(2181 7744 11629 7627)
4(2098 7614 11514 7613)
4(2098 7613 11620 7615)
4(11620 7613 11514 3712)
4(11514 7614 11629 3712)
4(11629 7615 11620 3712)
4(2099 7617 11516 7616)
4(2099 7618 11630 7617)
4(11516 7617 11630 3713)
4(11630 7618 11622 3713)
4(2100 7621 11522 7620)
4(2100 7620 11627 7622)
4(2100 7622 11635 7621)
4(11627 7620 11522 3715)
4(11522 7621 11635 3715)
4(11635 7622 11627 3715)
4(2102 2111 2185 2176)
5(2110 7636 2184 2185 2111)
5(2175 2176 2185 2184 7753)
4(2101 7624 11638 7623)
4(2110 7623 11638 7636)
4(2175 7753 11638 7624)
4(2184 7636 11638 7753)
4(2103 2112 2186 2177)
4(2111 2185 2186 2112)
4(2176 2177 2186 2185)
4(2104 2113 2187 2178)
4(2112 2186 2187 2113)
4(2177 2178 2187 2186)
4(2105 2114 2188 2179)
4(2113 2187 2188 2114)
4(2178 2179 2188 2187)
4(2106 2115 2189 2180)
4(2114 2188 2189 2115)
4(2179 2180 2189 2188)
4(2107 7626 11641 7627)
5(2115 2189 2190 7639 2116)
5(2180 2181 7756 2190 2189)
4(2116 7639 11641 7626)
4(2181 7627 11641 7756)
4(2190 7756 11641 7639)
4(2107 7626 11526 7625)
4(2107 7625 11631 7627)
4(11631 7625 11526 3716)
4(11526 7626 11641 3716)
4(11641 7627 11631 3716)
4(2108 7629 11528 7628)
4(2108 7628 11633 7630)
4(2108 7630 11642 7629)
4(11528 7629 11642 3717)
4(11642 7630 11633 3717)
4(2109 7633 11534 7632)
4(2109 7632 11639 7634)
4(2109 7634 11647 7633)
4(11639 7632 11534 3719)
4(11534 7633 11647 3719)
4(11647 7634 11639 3719)
4(2111 2120 2194 2185)
5(2119 7648 2193 2194 2120)
5(2184 2185 2194 2193 7765)
4(2110 7636 11650 7635)
4(2119 7635 11650 7648)
4(2184 7765 11650 7636)
4(2193 7648 11650 7765)
4(2112 2121 2195 2186)
4(2120 2194 2195 2121)
4(2185 2186 2195 2194)
4(2113 2122 2196 2187)
4(2121 2195 2196 2122)
4(2186 2187 2196 2195)
4(2114 2123 2197 2188)
4(2122 2196 2197 2123)
4(2187 2188 2197 2196)
4(2115 2124 2198 2189)
4(2123 2197 2198 2124)
4(2188 2189 2198 2197)
4(2116 7638 11653 7639)
5(2124 2198 2199 7651 2125)
5(2189 2190 7768 2199 2198)
4(2125 7651 11653 7638)
4(2190 7639 11653 7768)
4(2199 7768 11653 7651)
4(2116 7638 11538 7637)
4(2116 7637 11643 7639)
4(11643 7637 11538 3720)
4(11538 7638 11653 3720)
4(11653 7639 11643 3720)
4(2117 7641 11540 7640)
4(2117 7640 11645 7642)
4(2117 7642 11654 7641)
4(11540 7641 11654 3721)
4(11654 7642 11645 3721)
4(2118 7645 11544 7644)
4(2118 7644 11651 7646)
4(11651 7644 11544 3722)
4(11544 7645 11659 3722)
4(11659 7646 11651 3722)
5(2120 2129 7661 2203 2194)
4(2128 7659 11663 7657)
6(2193 2194 2203 7787 2202 7777)
4(2119 7648 11660 7647)
4(2128 7647 11660 7659)
4(2193 7777 11660 7648)
4(2202 7659 11660 7777)
4(2129 7657 11663 7661)
4(2202 7787 11663 7659)
4(2203 7661 11663 7787)
5(2121 2130 12738 2204 2195)
4(2129 7661 13108 12736)
5(2194 2195 2204 12748 2203)
4(2130 12736 13108 12738)
4(2203 12748 13108 7661)
4(2204 12738 13108 12748)
4(2122 2131 2205 2196)
5(2130 12738 2204 2205 2131)
4(2195 2196 2205 2204)
5(2123 2132 12741 2206 2197)
5(2131 2205 2206 12741 2132)
4(2196 2197 2206 2205)
5(2124 2133 7664 2207 2198)
4(2132 12741 13109 12739)
5(2197 2198 2207 12751 2206)
4(2133 12739 13109 7664)
4(2206 12751 13109 12741)
4(2207 7664 13109 12751)
4(2125 7650 11664 7651)
4(2133 7664 11665 7662)
6(2198 2199 7780 2208 7792 2207)
4(2134 7667 11664 7650)
4(2199 7651 11664 7780)
4(2208 7780 11664 7667)
4(2134 7662 11665 7667)
4(2207 7792 11665 7664)
4(2208 7667 11665 7792)
4(2125 7650 11550 7649)
4(2125 7649 11655 7651)
4(11655 7649 11550 3723)
4(11550 7650 11664 3723)
4(11664 7651 11655 3723)
4(2128 7658 11555 7657)
4(2128 7659 11669 7658)
4(11663 7657 11555 3725)
4(11555 7658 11669 3725)
4(11669 7659 11663 3725)
4(2129 7661 11671 7660)
4(2129 7660 13099 12736)
4(13108 12736 13099 12384)
4(13099 7660 11671 12384)
4(11671 7661 13108 12384)
5(2131 2139 7679 2213 2205)
4(2138 7676 11675 7674)
6(2204 2205 2213 7804 2212 12749)
4(2139 7674 11675 7679)
4(2212 7804 11675 7676)
4(2213 7679 11675 7804)
4(2130 12738 13110 12737)
4(2138 12737 13110 7676)
4(2204 12749 13110 12738)
4(2212 7676 13110 12749)
4(2132 12740 13112 12741)
4(2139 7679 11676 7677)
6(2205 2206 12752 2214 7807 2213)
4(2140 7677 11676 7682)
4(2213 7807 11676 7679)
4(2214 7682 11676 7807)
4(2140 7682 13112 12740)
4(2206 12741 13112 12752)
4(2214 12752 13112 7682)
4(2132 12740 13101 12739)
4(13109 12739 13101 12385)
4(13101 12740 13112 12385)
4(13112 12741 13109 12385)
4(2133 7663 11563 7662)
4(11665 7662 11563 3726)
4(11563 7663 11677 3726)
4(11677 7664 11665 3726)
4(2133 7664 11677 7663)
4(2134 7666 11564 7665)
4(2134 7665 11667 7667)
4(2134 7667 11679 7666)
4(11679 7667 11667 3727)
4(2137 7672 11569 7671)
4(2137 7673 11683 7672)
4(11674 7671 11569 3729)
4(11683 7673 11674 3729)
4(2137 7671 11674 7673)
4(2138 7675 11572 7674)
4(2138 7676 11685 7675)
4(11675 7674 11572 3730)
4(11572 7675 11685 3730)
4(11685 7676 11675 3730)
4(2139 7678 11575 7677)
4(2139 7679 11688 7678)
4(11676 7677 11575 3731)
4(11575 7678 11688 3731)
4(11688 7679 11676 3731)
4(2140 7681 11578 7680)
4(2140 7682 11691 7681)
4(11678 7680 11578 3732)
4(11578 7681 11691 3732)
4(11691 7682 11678 3732)
4(2140 7680 11678 7682)
4(2141 7684 11579 7683)
4(2141 7683 11680 7685)
4(2141 7685 11694 7684)
4(11694 7685 11680 3733)
4(2146 7697 11592 7696)
4(2146 7698 11705 7697)
4(11699 7696 11592 3736)
4(11592 7697 11705 3736)
4(11705 7698 11699 3736)
4(2147 7700 11595 7699)
4(2147 7701 11708 7700)
4(11700 7699 11595 3737)
4(11595 7700 11708 3737)
4(11708 7701 11700 3737)
4(2148 7703 11598 7702)
4(2148 7704 11711 7703)
4(11598 7703 11711 3738)
4(11711 7704 11701 3738)
4(2149 7707 11606 7706)
4(11703 7706 11606 3741)
4(11606 7707 11719 3741)
4(11719 7708 11703 3741)
4(2150 7709 11706 7711)
4(2150 7711 11722 7710)
4(2150 7710 13104 7709)
4(11706 7709 13104 12386)
4(13104 7710 11722 12386)
4(11722 7711 11706 12386)
5(2152 2160 2234 2226 7715)
5(2159 12745 2233 2234 2160)
6(2225 7842 2226 2234 2233 12754)
4(2151 7712 11709 7713)
4(2152 7715 11709 7712)
4(2225 7713 11709 7842)
4(2226 7842 11709 7715)
4(2151 7713 13114 12742)
4(2159 12742 13114 12745)
4(2225 12754 13114 7713)
4(2233 12745 13114 12754)
4(2153 12743 13117 7717)
5(2160 2234 2235 12747 2161)
6(2226 7844 2227 12755 2235 2234)
4(2152 7714 11712 7715)
4(2153 7717 11712 7714)
4(2226 7715 11712 7844)
4(2227 7844 11712 7717)
4(2161 12747 13117 12743)
4(2227 7717 13117 12755)
4(2235 12755 13117 12747)
4(2153 7716 11715 7717)
4(2153 12743 13107 7716)
4(11715 7716 13107 12387)
4(13107 12743 13117 12387)
4(13117 7717 11715 12387)
4(2154 7719 11610 7718)
4(2154 7718 11717 7720)
4(11717 7718 11610 3742)
4(11610 7719 11725 3742)
4(11725 7720 11717 3742)
4(2154 7720 11725 7719)
4(2156 7724 11617 7723)
4(11720 7723 11617 3744)
4(11617 7724 11731 3744)
4(11731 7725 11720 3744)
5(2158 2167 2241 2232 7729)
5(2166 7742 2240 2241 2167)
6(2231 7856 2232 2241 2240 7857)
4(2157 7726 11723 7728)
4(2158 7729 11723 7726)
4(2231 7728 11723 7856)
4(2232 7856 11723 7729)
4(2157 7728 11733 7727)
4(2166 7727 11733 7742)
4(2231 7857 11733 7728)
4(2240 7742 11733 7857)
5(2159 2168 2242 2233 12745)
4(2167 2241 2242 2168)
5(2232 12756 2233 2242 2241)
4(2158 12744 13115 7729)
4(2159 12745 13115 12744)
4(2232 7729 13115 12756)
4(2233 12756 13115 12745)
4(2160 2169 2243 2234)
4(2168 2242 2243 2169)
4(2233 2234 2243 2242)
5(2161 2170 2244 2235 12747)
4(2169 2243 2244 2170)
4(2234 2235 2244 2243)
5(2162 2171 2245 2236 7731)
4(2170 2244 2245 2171)
5(2235 12758 2236 2245 2244)
4(2161 12746 13118 12747)
4(2162 7731 13118 12746)
4(2235 12747 13118 12758)
4(2236 12758 13118 7731)
4(2163 7733 11736 7734)
5(2171 2245 2246 7745 2172)
6(2236 7860 2237 7863 2246 2245)
4(2162 7730 11727 7731)
4(2163 7734 11727 7730)
4(2236 7731 11727 7860)
4(2237 7860 11727 7734)
4(2172 7745 11736 7733)
4(2237 7734 11736 7863)
4(2246 7863 11736 7745)
4(2163 7733 11621 7732)
4(2163 7732 11729 7734)
4(11729 7732 11621 3745)
4(11621 7733 11736 3745)
4(11736 7734 11729 3745)
4(2165 7739 11628 7738)
4(2165 7738 11734 7740)
4(2165 7740 11741 7739)
4(11734 7738 11628 3747)
4(11628 7739 11741 3747)
4(11741 7740 11734 3747)
4(2167 2176 2250 2241)
5(2175 7754 2249 2250 2176)
5(2240 2241 2250 2249 7871)
4(2166 7742 11744 7741)
4(2175 7741 11744 7754)
4(2240 7871 11744 7742)
4(2249 7754 11744 7871)
4(2168 2177 2251 2242)
4(2176 2250 2251 2177)
4(2241 2242 2251 2250)
4(2169 2178 2252 2243)
4(2177 2251 2252 2178)
4(2242 2243 2252 2251)
4(2170 2179 2253 2244)
4(2178 2252 2253 2179)
4(2243 2244 2253 2252)
4(2171 2180 2254 2245)
4(2179 2253 2254 2180)
4(2244 2245 2254 2253)
4(2172 7744 11747 7745)
5(2180 2254 2255 7757 2181)
5(2245 2246 7874 2255 2254)
4(2181 7757 11747 7744)
4(2246 7745 11747 7874)
4(2255 7874 11747 7757)
4(2172 7744 11632 7743)
4(2172 7743 11738 7745)
4(11738 7743 11632 3748)
4(11632 7744 11747 3748)
4(11747 7745 11738 3748)
4(2173 7747 11634 7746)
4(2173 7748 11748 7747)
4(11634 7747 11748 3749)
4(11748 7748 11740 3749)
4(2174 7751 11640 7750)
4(2174 7750 11745 7752)
4(2174 7752 11753 7751)
4(11745 7750 11640 3751)
4(11640 7751 11753 3751)
4(11753 7752 11745 3751)
4(2176 2185 2259 2250)
5(2184 7766 2258 2259 2185)
5(2249 2250 2259 2258 7883)
4(2175 7754 11756 7753)
4(2184 7753 11756 7766)
4(2249 7883 11756 7754)
4(2258 7766 11756 7883)
4(2177 2186 2260 2251)
4(2185 2259 2260 2186)
4(2250 2251 2260 2259)
4(2178 2187 2261 2252)
4(2186 2260 2261 2187)
4(2251 2252 2261 2260)
4(2179 2188 2262 2253)
4(2187 2261 2262 2188)
4(2252 2253 2262 2261)
4(2180 2189 2263 2254)
4(2188 2262 2263 2189)
4(2253 2254 2263 2262)
4(2181 7756 11759 7757)
5(2189 2263 2264 7769 2190)
5(2254 2255 7886 2264 2263)
4(2190 7769 11759 7756)
4(2255 7757 11759 7886)
4(2264 7886 11759 7769)
4(2181 7756 11644 7755)
4(2181 7755 11749 7757)
4(11749 7755 11644 3752)
4(11644 7756 11759 3752)
4(11759 7757 11749 3752)
4(2182 7759 11646 7758)
4(2182 7758 11751 7760)
4(2182 7760 11760 7759)
4(11646 7759 11760 3753)
4(11760 7760 11751 3753)
4(2183 7763 11652 7762)
4(2183 7762 11757 7764)
4(2183 7764 11765 7763)
4(11757 7762 11652 3755)
4(11652 7763 11765 3755)
4(11765 7764 11757 3755)
4(2185 2194 2268 2259)
5(2193 7778 2267 2268 2194)
5(2258 2259 2268 2267 7895)
4(2184 7766 11768 7765)
4(2193 7765 11768 7778)
4(2258 7895 11768 7766)
4(2267 7778 11768 7895)
4(2186 2195 2269 2260)
4(2194 2268 2269 2195)
4(2259 2260 2269 2268)
4(2187 2196 2270 2261)
4(2195 2269 2270 2196)
4(2260 2261 2270 2269)
4(2188 2197 2271 2262)
4(2196 2270 2271 2197)
4(2261 2262 2271 2270)
4(2189 2198 2272 2263)
4(2197 2271 2272 2198)
4(2262 2263 2272 2271)
4(2190 7768 11771 7769)
5(2198 2272 2273 7781 2199)
5(2263 2264 7898 2273 2272)
4(2199 7781 11771 7768)
4(2264 7769 11771 7898)
4(2273 7898 11771 7781)
4(2190 7768 11656 7767)
4(2190 7767 11761 7769)
4(11761 7767 11656 3756)
4(11656 7768 11771 3756)
4(11771 7769 11761 3756)
4(2191 7771 11658 7770)
4(2191 7770 11763 7772)
4(2191 7772 11772 7771)
4(11658 7771 11772 3757)
4(11772 7772 11763 3757)
4(2192 7775 11662 7774)
4(2192 7774 11769 7776)
4(11769 7774 11662 3758)
4(11662 7775 11777 3758)
4(11777 7776 11769 3758)
5(2194 2203 7791 2277 2268)
4(2202 7789 11781 7787)
6(2267 2268 2277 7917 2276 7907)
4(2193 7778 11778 7777)
4(2202 7777 11778 7789)
4(2267 7907 11778 7778)
4(2276 7789 11778 7907)
4(2203 7787 11781 7791)
4(2276 7917 11781 7789)
4(2277 7791 11781 7917)
5(2195 2204 12750 2278 2269)
4(2203 7791 13120 12748)
5(2268 2269 2278 12760 2277)
4(2204 12748 13120 12750)
4(2277 12760 13120 7791)
4(2278 12750 13120 12760)
4(2196 2205 2279 2270)
5(2204 12750 2278 2279 2205)
4(2269 2270 2279 2278)
5(2197 2206 12753 2280 2271)
5(2205 2279 2280 12753 2206)
4(2270 2271 2280 2279)
5(2198 2207 7794 2281 2272)
4(2206 12753 13121 12751)
5(2271 2272 2281 12763 2280)
4(2207 12751 13121 7794)
4(2280 12763 13121 12753)
4(2281 7794 13121 12763)
4(2199 7780 11782 7781)
4(2207 7794 11783 7792)
6(2272 2273 7910 2282 7922 2281)
4(2208 7797 11782 7780)
4(2273 7781 11782 7910)
4(2282 7910 11782 7797)
4(2208 7792 11783 7797)
4(2281 7922 11783 7794)
4(2282 7797 11783 7922)
4(2199 7780 11668 7779)
4(2199 7779 11773 7781)
4(11773 7779 11668 3759)
4(11668 7780 11782 3759)
4(11782 7781 11773 3759)
4(2202 7788 11673 7787)
4(2202 7789 11787 7788)
4(11781 7787 11673 3761)
4(11673 7788 11787 3761)
4(11787 7789 11781 3761)
4(2203 7791 11789 7790)
4(2203 7790 13111 12748)
4(13120 12748 13111 12388)
4(13111 7790 11789 12388)
4(11789 7791 13120 12388)
5(2205 2213 7809 2287 2279)
4(2212 7806 11793 7804)
6(2278 2279 2287 7934 2286 12761)
4(2213 7804 11793 7809)
4(2286 7934 11793 7806)
4(2287 7809 11793 7934)
4(2204 12750 13122 12749)
4(2212 12749 13122 7806)
4(2278 12761 13122 12750)
4(2286 7806 13122 12761)
4(2206 12752 13124 12753)
4(2213 7809 11794 7807)
6(2279 2280 12764 2288 7937 2287)
4(2214 7807 11794 7812)
4(2287 7937 11794 7809)
4(2288 7812 11794 7937)
4(2214 7812 13124 12752)
4(2280 12753 13124 12764)
4(2288 12764 13124 7812)
4(2206 12752 13113 12751)
4(13121 12751 13113 12389)
4(13113 12752 13124 12389)
4(13124 12753 13121 12389)
4(2207 7793 11681 7792)
4(11783 7792 11681 3762)
4(11681 7793 11795 3762)
4(11795 7794 11783 3762)
4(2207 7794 11795 7793)
4(2208 7796 11682 7795)
4(2208 7795 11785 7797)
4(2208 7797 11797 7796)
4(11797 7797 11785 3763)
4(2211 7802 11687 7801)
4(2211 7803 11801 7802)
4(11792 7801 11687 3765)
4(11801 7803 11792 3765)
4(2211 7801 11792 7803)
4(2212 7805 11690 7804)
4(2212 7806 11803 7805)
4(11793 7804 11690 3766)
4(11690 7805 11803 3766)
4(11803 7806 11793 3766)
4(2213 7808 11693 7807)
4(2213 7809 11806 7808)
4(11794 7807 11693 3767)
4(11693 7808 11806 3767)
4(11806 7809 11794 3767)
4(2214 7811 11696 7810)
4(2214 7812 11809 7811)
4(11796 7810 11696 3768)
4(11696 7811 11809 3768)
4(11809 7812 11796 3768)
4(2214 7810 11796 7812)
4(2215 7814 11697 7813)
4(2215 7813 11798 7815)
4(2215 7815 11812 7814)
4(11812 7815 11798 3769)
4(2220 7827 11710 7826)
4(2220 7828 11823 7827)
4(11817 7826 11710 3772)
4(11710 7827 11823 3772)
4(11823 7828 11817 3772)
4(2221 7830 11713 7829)
4(2221 7831 11826 7830)
4(11818 7829 11713 3773)
4(11713 7830 11826 3773)
4(11826 7831 11818 3773)
4(2222 7833 11716 7832)
4(2222 7834 11829 7833)
4(11716 7833 11829 3774)
4(11829 7834 11819 3774)
4(2223 7837 11724 7836)
4(11821 7836 11724 3777)
4(11724 7837 11837 3777)
4(11837 7838 11821 3777)
4(2224 7839 11824 7841)
4(2224 7841 11840 7840)
4(2224 7840 13116 7839)
4(11824 7839 13116 12390)
4(13116 7840 11840 12390)
4(11840 7841 11824 12390)
6(2226 2234 2308 7976 2300 7845)
6(2233 12757 2307 7995 2308 2234)
4(2299 7972 11844 7973)
4(2225 7842 11827 7843)
4(2226 7845 11827 7842)
4(2299 7843 11827 7972)
4(2300 7972 11827 7845)
4(2300 7976 11844 7972)
4(2307 7973 11844 7995)
4(2308 7995 11844 7976)
4(2225 7843 13126 12754)
4(2233 12754 13126 12757)
4(2299 7973 13126 7843)
4(2307 12757 13126 7973)
4(2227 12755 13128 7847)
6(2234 2308 7998 2309 12759 2235)
4(2300 7975 11845 7976)
4(2226 7844 11830 7845)
4(2227 7847 11830 7844)
4(2300 7845 11830 7975)
4(2301 7975 11830 7847)
4(2301 7979 11845 7975)
4(2308 7976 11845 7998)
4(2309 7998 11845 7979)
4(2235 12759 13128 12755)
4(2301 7847 13128 7979)
4(2309 7979 13128 12759)
4(2227 7846 11833 7847)
4(2227 12755 13119 7846)
4(11833 7846 13119 12391)
4(13119 12755 13128 12391)
4(13128 7847 11833 12391)
4(2228 7849 11728 7848)
4(2228 7848 11835 7850)
4(11835 7848 11728 3778)
4(11728 7849 11846 3778)
4(11846 7850 11835 3778)
4(2228 7850 11846 7849)
4(2230 7854 11735 7853)
4(11838 7853 11735 3780)
4(11735 7854 11853 3780)
4(11853 7855 11838 3780)
6(2232 2241 2315 7993 2306 7859)
6(2240 7872 2314 8016 2315 2241)
4(2305 7989 11858 7990)
4(2231 7856 11841 7858)
4(2232 7859 11841 7856)
4(2305 7858 11841 7989)
4(2306 7989 11841 7859)
4(2231 7858 11855 7857)
4(2240 7857 11855 7872)
4(2305 7990 11855 7858)
4(2314 7872 11855 7990)
4(2306 7993 11858 7989)
4(2314 7990 11858 8016)
4(2315 8016 11858 7993)
6(2233 2242 2316 7996 2307 12757)
5(2241 2315 8019 2316 2242)
4(2306 7992 11859 7993)
4(2307 7996 11859 7992)
4(2315 7993 11859 8019)
4(2316 8019 11859 7996)
4(2232 12756 13127 7859)
4(2233 12757 13127 12756)
4(2306 7859 13127 7992)
4(2307 7992 13127 12757)
5(2234 2243 2317 7999 2308)
5(2242 2316 8022 2317 2243)
4(2307 7995 11860 7996)
4(2308 7999 11860 7995)
4(2316 7996 11860 8022)
4(2317 8022 11860 7999)
6(2235 2244 2318 8002 2309 12759)
5(2243 2317 8025 2318 2244)
4(2308 7998 11861 7999)
4(2309 8002 11861 7998)
4(2317 7999 11861 8025)
4(2318 8025 11861 8002)
6(2236 2245 2319 8005 2310 7861)
5(2244 2318 8028 2319 2245)
4(2309 8001 11862 8002)
4(2310 8005 11862 8001)
4(2318 8002 11862 8028)
4(2319 8028 11862 8005)
4(2235 12758 13129 12759)
4(2236 7861 13129 12758)
4(2309 12759 13129 8001)
4(2310 8001 13129 7861)
4(2237 7863 11863 7864)
6(2245 2319 8031 2320 7875 2246)
4(2310 8004 11864 8005)
4(2236 7860 11849 7861)
4(2237 7864 11849 7860)
4(2310 7861 11849 8004)
4(2311 8004 11849 7864)
4(2246 7875 11863 7863)
4(2311 7864 11863 8008)
4(2320 8008 11863 7875)
4(2311 8008 11864 8004)
4(2319 8005 11864 8031)
4(2320 8031 11864 8008)
4(2237 7863 11739 7862)
4(2237 7862 11851 7864)
4(11851 7862 11739 3781)
4(11739 7863 11863 3781)
4(11863 7864 11851 3781)
4(2239 7869 11746 7868)
4(2239 7868 11856 7870)
4(2239 7870 11869 7869)
4(11856 7868 11746 3783)
4(11746 7869 11869 3783)
4(11869 7870 11856 3783)
5(2241 2250 2324 8020 2315)
6(2249 7884 2323 8044 2324 2250)
4(2314 8016 11875 8017)
4(2240 7872 11872 7871)
4(2249 7871 11872 7884)
4(2314 8017 11872 7872)
4(2323 7884 11872 8017)
4(2315 8020 11875 8016)
4(2323 8017 11875 8044)
4(2324 8044 11875 8020)
5(2242 2251 2325 8023 2316)
5(2250 2324 8047 2325 2251)
4(2315 8019 11876 8020)
4(2316 8023 11876 8019)
4(2324 8020 11876 8047)
4(2325 8047 11876 8023)
5(2243 2252 2326 8026 2317)
5(2251 2325 8050 2326 2252)
4(2316 8022 11877 8023)
4(2317 8026 11877 8022)
4(2325 8023 11877 8050)
4(2326 8050 11877 8026)
5(2244 2253 2327 8029 2318)
5(2252 2326 8053 2327 2253)
4(2317 8025 11878 8026)
4(2318 8029 11878 8025)
4(2326 8026 11878 8053)
4(2327 8053 11878 8029)
5(2245 2254 2328 8032 2319)
5(2253 2327 8056 2328 2254)
4(2318 8028 11879 8029)
4(2319 8032 11879 8028)
4(2327 8029 11879 8056)
4(2328 8056 11879 8032)
4(2246 7874 11880 7875)
6(2254 2328 8059 2329 7887 2255)
4(2319 8031 11881 8032)
4(2255 7887 11880 7874)
4(2320 7875 11880 8035)
4(2329 8035 11880 7887)
4(2320 8035 11881 8031)
4(2328 8032 11881 8059)
4(2329 8059 11881 8035)
4(2246 7874 11750 7873)
4(2246 7873 11866 7875)
4(11866 7873 11750 3784)
4(11750 7874 11880 3784)
4(11880 7875 11866 3784)
4(2247 7877 11752 7876)
4(2247 7878 11882 7877)
4(11752 7877 11882 3785)
4(11882 7878 11868 3785)
4(2248 7881 11758 7880)
4(2248 7880 11873 7882)
4(2248 7882 11887 7881)
4(11873 7880 11758 3787)
4(11758 7881 11887 3787)
4(11887 7882 11873 3787)
5(2250 2259 2333 8048 2324)
6(2258 7896 2332 8072 2333 2259)
4(2323 8044 11893 8045)
4(2249 7884 11890 7883)
4(2258 7883 11890 7896)
4(2323 8045 11890 7884)
4(2332 7896 11890 8045)
4(2324 8048 11893 8044)
4(2332 8045 11893 8072)
4(2333 8072 11893 8048)
5(2251 2260 2334 8051 2325)
5(2259 2333 8075 2334 2260)
4(2324 8047 11894 8048)
4(2325 8051 11894 8047)
4(2333 8048 11894 8075)
4(2334 8075 11894 8051)
5(2252 2261 2335 8054 2326)
5(2260 2334 8078 2335 2261)
4(2325 8050 11895 8051)
4(2326 8054 11895 8050)
4(2334 8051 11895 8078)
4(2335 8078 11895 8054)
5(2253 2262 2336 8057 2327)
5(2261 2335 8081 2336 2262)
4(2326 8053 11896 8054)
4(2327 8057 11896 8053)
4(2335 8054 11896 8081)
4(2336 8081 11896 8057)
5(2254 2263 2337 8060 2328)
5(2262 2336 8084 2337 2263)
4(2327 8056 11897 8057)
4(2328 8060 11897 8056)
4(2336 8057 11897 8084)
4(2337 8084 11897 8060)
4(2255 7886 11898 7887)
6(2263 2337 8087 2338 7899 2264)
4(2328 8059 11899 8060)
4(2264 7899 11898 7886)
4(2329 7887 11898 8063)
4(2338 8063 11898 7899)
4(2329 8063 11899 8059)
4(2337 8060 11899 8087)
4(2338 8087 11899 8063)
4(2255 7886 11762 7885)
4(2255 7885 11883 7887)
4(11883 7885 11762 3788)
4(11762 7886 11898 3788)
4(11898 7887 11883 3788)
4(2256 7889 11764 7888)
4(2256 7888 11885 7890)
4(2256 7890 11900 7889)
4(11764 7889 11900 3789)
4(11900 7890 11885 3789)
4(2257 7893 11770 7892)
4(2257 7892 11891 7894)
4(2257 7894 11905 7893)
4(11891 7892 11770 3791)
4(11770 7893 11905 3791)
4(11905 7894 11891 3791)
5(2259 2268 2342 8076 2333)
6(2267 7908 2341 8100 2342 2268)
4(2332 8072 11911 8073)
4(2258 7896 11908 7895)
4(2267 7895 11908 7908)
4(2332 8073 11908 7896)
4(2341 7908 11908 8073)
4(2333 8076 11911 8072)
4(2341 8073 11911 8100)
4(2342 8100 11911 8076)
5(2260 2269 2343 8079 2334)
5(2268 2342 8103 2343 2269)
4(2333 8075 11912 8076)
4(2334 8079 11912 8075)
4(2342 8076 11912 8103)
4(2343 8103 11912 8079)
5(2261 2270 2344 8082 2335)
5(2269 2343 8106 2344 2270)
4(2334 8078 11913 8079)
4(2335 8082 11913 8078)
4(2343 8079 11913 8106)
4(2344 8106 11913 8082)
5(2262 2271 2345 8085 2336)
5(2270 2344 8109 2345 2271)
4(2335 8081 11914 8082)
4(2336 8085 11914 8081)
4(2344 8082 11914 8109)
4(2345 8109 11914 8085)
5(2263 2272 2346 8088 2337)
5(2271 2345 8112 2346 2272)
4(2336 8084 11915 8085)
4(2337 8088 11915 8084)
4(2345 8085 11915 8112)
4(2346 8112 11915 8088)
4(2264 7898 11916 7899)
6(2272 2346 8115 2347 7911 2273)
4(2337 8087 11917 8088)
4(2273 7911 11916 7898)
4(2338 7899 11916 8091)
4(2347 8091 11916 7911)
4(2338 8091 11917 8087)
4(2346 8088 11917 8115)
4(2347 8115 11917 8091)
4(2264 7898 11774 7897)
4(2264 7897 11901 7899)
4(11901 7897 11774 3792)
4(11774 7898 11916 3792)
4(11916 7899 11901 3792)
4(2265 7901 11776 7900)
4(2265 7900 11903 7902)
4(2265 7902 11918 7901)
4(11776 7901 11918 3793)
4(11918 7902 11903 3793)
4(2266 7905 11780 7904)
4(2266 7904 11909 7906)
4(11909 7904 11780 3794)
4(11780 7905 11923 3794)
4(11923 7906 11909 3794)
6(2268 2277 7921 2351 8104 2342)
4(2276 7919 11927 7917)
4(2341 8100 11928 8101)
4(2267 7908 11924 7907)
4(2276 7907 11924 7919)
4(2341 8101 11924 7908)
4(2350 7919 11924 8101)
4(2277 7917 11927 7921)
4(2350 8126 11927 7919)
4(2351 7921 11927 8126)
4(2342 8104 11928 8100)
4(2350 8101 11928 8126)
4(2351 8126 11928 8104)
6(2269 2278 12762 2352 8107 2343)
4(2277 7921 13130 12760)
4(2342 8103 11929 8104)
4(2343 8107 11929 8103)
4(2351 8104 11929 8129)
4(2352 8129 11929 8107)
4(2278 12760 13130 12762)
4(2351 8129 13130 7921)
4(2352 12762 13130 8129)
5(2270 2279 2353 8110 2344)
6(2278 12762 2352 8132 2353 2279)
4(2343 8106 11930 8107)
4(2344 8110 11930 8106)
4(2352 8107 11930 8132)
4(2353 8132 11930 8110)
6(2271 2280 12765 2354 8113 2345)
6(2279 2353 8135 2354 12765 2280)
4(2344 8109 11931 8110)
4(2345 8113 11931 8109)
4(2353 8110 11931 8135)
4(2354 8135 11931 8113)
6(2272 2281 7924 2355 8116 2346)
4(2280 12765 13131 12763)
4(2345 8112 11932 8113)
4(2346 8116 11932 8112)
4(2354 8113 11932 8138)
4(2355 8138 11932 8116)
4(2281 12763 13131 7924)
4(2354 8138 13131 12765)
4(2355 7924 13131 8138)
4(2273 7910 11933 7911)
4(2281 7924 11934 7922)
4(2346 8115 11935 8116)
4(2282 7927 11933 7910)
4(2347 7911 11933 8119)
4(2356 8119 11933 7927)
4(2282 7922 11934 7927)
4(2355 8141 11934 7924)
4(2356 7927 11934 8141)
4(2347 8119 11935 8115)
4(2355 8116 11935 8141)
4(2356 8141 11935 8119)
4(2273 7910 11786 7909)
4(2273 7909 11919 7911)
4(11919 7909 11786 3795)
4(11786 7910 11933 3795)
4(11933 7911 11919 3795)
4(2276 7918 11791 7917)
4(2276 7919 11939 7918)
4(11927 7917 11791 3797)
4(11791 7918 11939 3797)
4(11939 7919 11927 3797)
4(2277 7921 11941 7920)
4(2277 7920 13123 12760)
4(13130 12760 13123 12392)
4(13123 7920 11941 12392)
4(11941 7921 13130 12392)
6(2279 2287 7939 2361 8136 2353)
4(2286 7936 11946 7934)
4(2352 8132 11947 8133)
4(2287 7934 11946 7939)
4(2360 8153 11946 7936)
4(2361 7939 11946 8153)
4(2353 8136 11947 8132)
4(2360 8133 11947 8153)
4(2361 8153 11947 8136)
4(2278 12762 13132 12761)
4(2286 12761 13132 7936)
4(2352 8133 13132 12762)
4(2360 7936 13132 8133)
4(2280 12764 13133 12765)
4(2287 7939 11948 7937)
4(2353 8135 11949 8136)
4(2288 7937 11948 7942)
4(2361 8156 11948 7939)
4(2362 7942 11948 8156)
4(2354 8139 11949 8135)
4(2361 8136 11949 8156)
4(2362 8156 11949 8139)
4(2288 7942 13133 12764)
4(2354 12765 13133 8139)
4(2362 8139 13133 7942)
4(2280 12764 13125 12763)
4(13131 12763 13125 12393)
4(13125 12764 13133 12393)
4(13133 12765 13131 12393)
4(2281 7923 11799 7922)
4(11934 7922 11799 3798)
4(11799 7923 11950 3798)
4(11950 7924 11934 3798)
4(2281 7924 11950 7923)
4(2282 7926 11800 7925)
4(2282 7925 11937 7927)
4(2282 7927 11953 7926)
4(11953 7927 11937 3799)
4(2285 7932 11805 7931)
4(2285 7933 11957 7932)
4(11944 7931 11805 3801)
4(11957 7933 11944 3801)
4(2285 7931 11944 7933)
4(2286 7935 11808 7934)
4(2286 7936 11959 7935)
4(11946 7934 11808 3802)
4(11808 7935 11959 3802)
4(11959 7936 11946 3802)
4(2287 7938 11811 7937)
4(2287 7939 11962 7938)
4(11948 7937 11811 3803)
4(11811 7938 11962 3803)
4(11962 7939 11948 3803)
4(2288 7941 11814 7940)
4(2288 7942 11965 7941)
4(11951 7940 11814 3804)
4(11814 7941 11965 3804)
4(11965 7942 11951 3804)
4(2288 7940 11951 7942)
4(2289 7944 11815 7943)
4(2289 7943 11954 7945)
4(2289 7945 11968 7944)
4(11968 7945 11954 3805)
4(2294 7957 11828 7956)
4(2294 7958 11978 7957)
4(11973 7956 11828 3808)
4(11828 7957 11978 3808)
4(11978 7958 11973 3808)
4(2295 7960 11831 7959)
4(2295 7961 11980 7960)
4(11974 7959 11831 3809)
4(11831 7960 11980 3809)
4(11980 7961 11974 3809)
4(2296 7963 11834 7962)
4(2296 7964 11982 7963)
4(11834 7963 11982 3810)
4(11982 7964 11975 3810)
4(2297 7967 11842 7966)
4(11977 7966 11842 3813)
4(11842 7967 11987 3813)
4(11987 7968 11977 3813)
4(2298 7969 11979 7971)
4(2298 7971 11989 7970)
4(11979 7969 11843 3814)
4(11843 7970 11989 3814)
4(11989 7971 11979 3814)
4(2298 7970 11843 7969)
4(2299 7972 11981 7974)
4(2299 7974 11991 7973)
4(11981 7972 11844 3815)
4(11844 7973 11991 3815)
4(11991 7974 11981 3815)
4(2300 7975 11983 7977)
4(2300 7977 11994 7976)
4(11983 7975 11845 3816)
4(11845 7976 11994 3816)
4(11994 7977 11983 3816)
4(2301 7978 11985 7980)
4(2301 7980 11997 7979)
4(11985 7978 11847 3817)
4(11847 7979 11997 3817)
4(11997 7980 11985 3817)
4(2301 7979 11847 7978)
4(2302 7982 11850 7981)
4(2302 7981 11986 7983)
4(2302 7983 12000 7982)
4(11986 7981 11850 3818)
4(11850 7982 12000 3818)
4(12000 7983 11986 3818)
4(2304 7987 11857 7986)
4(11988 7986 11857 3820)
4(11857 7987 12006 3820)
4(12006 7988 11988 3820)
4(2305 7989 11990 7991)
4(2305 7991 12008 7990)
4(11990 7989 11858 3821)
4(11858 7990 12008 3821)
4(12008 7991 11990 3821)
4(2306 7992 11992 7994)
4(2306 7994 12010 7993)
4(11992 7992 11859 3822)
4(11859 7993 12010 3822)
4(12010 7994 11992 3822)
4(2307 7995 11995 7997)
4(2307 7997 12013 7996)
4(11995 7995 11860 3823)
4(11860 7996 12013 3823)
4(12013 7997 11995 3823)
4(2308 7998 11998 8000)
4(2308 8000 12016 7999)
4(11998 7998 11861 3824)
4(11861 7999 12016 3824)
4(12016 8000 11998 3824)
4(2309 8001 12001 8003)
4(2309 8003 12019 8002)
4(12001 8001 11862 3825)
4(11862 8002 12019 3825)
4(12019 8003 12001 3825)
4(2310 8004 12004 8006)
4(2310 8006 12022 8005)
4(12004 8004 11864 3826)
4(11864 8005 12022 3826)
4(12022 8006 12004 3826)
4(2311 8008 11867 8007)
4(2311 8007 12005 8009)
4(2311 8009 12025 8008)
4(12005 8007 11867 3827)
4(11867 8008 12025 3827)
4(12025 8009 12005 3827)
4(2313 8014 11874 8013)
4(2313 8013 12009 8015)
4(2313 8015 12031 8014)
4(12009 8013 11874 3829)
4(11874 8014 12031 3829)
4(12031 8015 12009 3829)
4(2314 8016 12011 8018)
4(2314 8018 12033 8017)
4(12011 8016 11875 3830)
4(11875 8017 12033 3830)
4(12033 8018 12011 3830)
4(2315 8019 12014 8021)
4(2315 8021 12036 8020)
4(12014 8019 11876 3831)
4(11876 8020 12036 3831)
4(12036 8021 12014 3831)
4(2316 8022 12017 8024)
4(2316 8024 12039 8023)
4(12017 8022 11877 3832)
4(11877 8023 12039 3832)
4(12039 8024 12017 3832)
4(2317 8025 12020 8027)
4(2317 8027 12042 8026)
4(12020 8025 11878 3833)
4(11878 8026 12042 3833)
4(12042 8027 12020 3833)
4(2318 8028 12023 8030)
4(2318 8030 12045 8029)
4(12023 8028 11879 3834)
4(11879 8029 12045 3834)
4(12045 8030 12023 3834)
4(2319 8031 12026 8033)
4(2319 8033 12048 8032)
4(12026 8031 11881 3835)
4(11881 8032 12048 3835)
4(12048 8033 12026 3835)
4(2320 8035 11884 8034)
4(2320 8034 12029 8036)
4(2320 8036 12051 8035)
4(12029 8034 11884 3836)
4(11884 8035 12051 3836)
4(12051 8036 12029 3836)
4(2321 8038 11886 8037)
4(2321 8039 12054 8038)
4(11886 8038 12054 3837)
4(12054 8039 12030 3837)
4(2322 8042 11892 8041)
4(2322 8041 12034 8043)
4(2322 8043 12058 8042)
4(12034 8041 11892 3839)
4(11892 8042 12058 3839)
4(12058 8043 12034 3839)
4(2323 8044 12037 8046)
4(2323 8046 12060 8045)
4(12037 8044 11893 3840)
4(11893 8045 12060 3840)
4(12060 8046 12037 3840)
4(2324 8047 12040 8049)
4(2324 8049 12063 8048)
4(12040 8047 11894 3841)
4(11894 8048 12063 3841)
4(12063 8049 12040 3841)
4(2325 8050 12043 8052)
4(2325 8052 12066 8051)
4(12043 8050 11895 3842)
4(11895 8051 12066 3842)
4(12066 8052 12043 3842)
4(2326 8053 12046 8055)
4(2326 8055 12069 8054)
4(12046 8053 11896 3843)
4(11896 8054 12069 3843)
4(12069 8055 12046 3843)
4(2327 8056 12049 8058)
4(2327 8058 12072 8057)
4(12049 8056 11897 3844)
4(11897 8057 12072 3844)
4(12072 8058 12049 3844)
4(2328 8059 12052 8061)
4(2328 8061 12075 8060)
4(12052 8059 11899 3845)
4(11899 8060 12075 3845)
4(12075 8061 12052 3845)
4(2329 8063 11902 8062)
4(2329 8062 12055 8064)
4(2329 8064 12078 8063)
4(12055 8062 11902 3846)
4(11902 8063 12078 3846)
4(12078 8064 12055 3846)
4(2330 8066 11904 8065)
4(2330 8065 12057 8067)
4(2330 8067 12081 8066)
4(11904 8066 12081 3847)
4(12081 8067 12057 3847)
4(2331 8070 11910 8069)
4(2331 8069 12061 8071)
4(2331 8071 12085 8070)
4(12061 8069 11910 3849)
4(11910 8070 12085 3849)
4(12085 8071 12061 3849)
4(2332 8072 12064 8074)
4(2332 8074 12087 8073)
4(12064 8072 11911 3850)
4(11911 8073 12087 3850)
4(12087 8074 12064 3850)
4(2333 8075 12067 8077)
4(2333 8077 12090 8076)
4(12067 8075 11912 3851)
4(11912 8076 12090 3851)
4(12090 8077 12067 3851)
4(2334 8078 12070 8080)
4(2334 8080 12093 8079)
4(12070 8078 11913 3852)
4(11913 8079 12093 3852)
4(12093 8080 12070 3852)
4(2335 8081 12073 8083)
4(2335 8083 12096 8082)
4(12073 8081 11914 3853)
4(11914 8082 12096 3853)
4(12096 8083 12073 3853)
4(2336 8084 12076 8086)
4(2336 8086 12099 8085)
4(12076 8084 11915 3854)
4(11915 8085 12099 3854)
4(12099 8086 12076 3854)
4(2337 8087 12079 8089)
4(2337 8089 12102 8088)
4(12079 8087 11917 3855)
4(11917 8088 12102 3855)
4(12102 8089 12079 3855)
4(2338 8091 11920 8090)
4(2338 8090 12082 8092)
4(2338 8092 12105 8091)
4(12082 8090 11920 3856)
4(11920 8091 12105 3856)
4(12105 8092 12082 3856)
4(2339 8094 11922 8093)
4(2339 8093 12084 8095)
4(2339 8095 12108 8094)
4(11922 8094 12108 3857)
4(12108 8095 12084 3857)
4(2340 8098 11926 8097)
4(2340 8097 12088 8099)
4(12088 8097 11926 3858)
4(11926 8098 12112 3858)
4(12112 8099 12088 3858)
4(2341 8100 12091 8102)
4(2341 8102 12113 8101)
4(12091 8100 11928 3859)
4(11928 8101 12113 3859)
4(12113 8102 12091 3859)
4(2342 8103 12094 8105)
4(2342 8105 12115 8104)
4(12094 8103 11929 3860)
4(11929 8104 12115 3860)
4(12115 8105 12094 3860)
4(2343 8106 12097 8108)
4(2343 8108 12118 8107)
4(12097 8106 11930 3861)
4(11930 8107 12118 3861)
4(12118 8108 12097 3861)
4(2344 8109 12100 8111)
4(2344 8111 12121 8110)
4(12100 8109 11931 3862)
4(11931 8110 12121 3862)
4(12121 8111 12100 3862)
4(2345 8112 12103 8114)
4(2345 8114 12124 8113)
4(12103 8112 11932 3863)
4(11932 8113 12124 3863)
4(12124 8114 12103 3863)
4(2346 8115 12106 8117)
4(2346 8117 12127 8116)
4(12106 8115 11935 3864)
4(11935 8116 12127 3864)
4(12127 8117 12106 3864)
4(2347 8119 11938 8118)
4(2347 8118 12109 8120)
4(2347 8120 12130 8119)
4(12109 8118 11938 3865)
4(11938 8119 12130 3865)
4(12130 8120 12109 3865)
4(2350 8127 11943 8126)
4(2350 8126 12116 8128)
4(2350 8128 12135 8127)
4(12116 8126 11943 3867)
4(11943 8127 12135 3867)
4(12135 8128 12116 3867)
4(2351 8129 12119 8131)
4(2351 8131 12136 8130)
4(12119 8129 11945 3868)
4(11945 8130 12136 3868)
4(12136 8131 12119 3868)
4(2351 8130 11945 8129)
4(2352 8132 12122 8134)
4(2352 8134 12138 8133)
4(12122 8132 11947 3869)
4(11947 8133 12138 3869)
4(12138 8134 12122 3869)
4(2353 8135 12125 8137)
4(2353 8137 12141 8136)
4(12125 8135 11949 3870)
4(11949 8136 12141 3870)
4(12141 8137 12125 3870)
4(2354 8138 12128 8140)
4(2354 8140 12144 8139)
4(12128 8138 11952 3871)
4(11952 8139 12144 3871)
4(12144 8140 12128 3871)
4(2354 8139 11952 8138)
4(2355 8142 11955 8141)
4(2355 8141 12131 8143)
4(2355 8143 12147 8142)
4(12131 8141 11955 3872)
4(11955 8142 12147 3872)
4(12147 8143 12131 3872)
4(2356 8145 11956 8144)
4(2356 8144 12134 8146)
4(2356 8146 12150 8145)
4(12150 8146 12134 3873)
4(2359 8151 11961 8150)
4(2359 8150 12139 8152)
4(2359 8152 12152 8151)
4(12139 8150 11961 3875)
4(12152 8152 12139 3875)
4(2360 8154 11964 8153)
4(2360 8153 12142 8155)
4(2360 8155 12153 8154)
4(12142 8153 11964 3876)
4(11964 8154 12153 3876)
4(12153 8155 12142 3876)
4(2361 8157 11967 8156)
4(2361 8156 12145 8158)
4(2361 8158 12155 8157)
4(12145 8156 11967 3877)
4(11967 8157 12155 3877)
4(12155 8158 12145 3877)
4(2362 8160 11970 8159)
4(2362 8159 12148 8161)
4(2362 8161 12157 8160)
4(12148 8159 11970 3878)
4(11970 8160 12157 3878)
4(12157 8161 12148 3878)
4(2363 8163 11971 8162)
4(2363 8162 12151 8164)
4(2363 8164 12159 8163)
4(12159 8164 12151 3879)
4(2368 2476 2624 2475)
4(2619 2474 2590 2444)
4(2590 2475 2624 2444)
4(2368 2475 2590 2474)
4(2369 2479 2626 2478)
4(2620 2477 2591 2445)
4(2591 2478 2626 2445)
4(2369 2478 2591 2477)
4(2370 2482 2628 2481)
4(2592 2481 2628 2446)
4(2370 2481 2592 2480)
4(2623 2484 2595 2449)
4(2595 2485 2633 2449)
4(2371 2485 2595 2484)
4(2372 2487 2625 2489)
4(2372 2489 2635 2488)
4(2372 2488 11993 2487)
4(2625 2487 11993 3880)
4(11993 2488 2635 3880)
4(2373 2490 2627 2491)
4(2373 8173 11996 2490)
4(2373 2491 12161 8173)
4(2627 2490 11996 3881)
4(11996 8173 12161 3881)
4(2374 2492 2629 2493)
4(2374 8174 11999 2492)
4(2374 2493 12163 8174)
4(2629 2492 11999 3882)
4(11999 8174 12163 3882)
4(2375 2494 2631 2495)
4(2375 8175 12002 2494)
4(2375 2495 12165 8175)
4(2631 2494 12002 3883)
4(12002 8175 12165 3883)
4(2376 2496 2632 2498)
4(2632 2496 2596 2450)
4(2596 2497 2637 2450)
4(2376 2497 2596 2496)
4(2376 2498 2637 2497)
4(2634 2501 2598 2452)
4(2598 2502 2641 2452)
4(2378 2502 2598 2501)
4(2379 2504 2636 2506)
4(2379 2506 2643 2505)
4(2379 2505 12012 2504)
4(2636 2504 12012 3884)
4(12012 2505 2643 3884)
4(2380 8177 12015 8176)
4(2380 8176 12162 2507)
4(2380 2507 12168 8177)
4(12162 8176 12015 3885)
4(12015 8177 12168 3885)
4(2381 8179 12018 8178)
4(2381 8178 12164 8180)
4(2381 8180 12170 8179)
4(12164 8178 12018 3886)
4(12018 8179 12170 3886)
4(2382 8182 12021 8181)
4(2382 8181 12166 8183)
4(2382 8183 12172 8182)
4(12166 8181 12021 3887)
4(12021 8182 12172 3887)
4(2383 8185 12024 8184)
4(2383 8184 12167 8186)
4(2383 8186 12174 8185)
4(12167 8184 12024 3888)
4(12024 8185 12174 3888)
4(2384 2508 2639 2509)
4(2384 8187 12027 2508)
4(2384 2509 12176 8187)
4(2639 2508 12027 3889)
4(12027 8187 12176 3889)
4(2385 2510 2640 2512)
4(2640 2510 2599 2453)
4(2599 2511 2645 2453)
4(2385 2511 2599 2510)
4(2385 2512 2645 2511)
4(2387 2516 2644 2518)
4(2387 2518 2649 2517)
4(2387 2517 12035 2516)
4(2644 2516 12035 3890)
4(12035 2517 2649 3890)
4(2388 8189 12038 8188)
4(2388 8188 12169 2519)
4(2388 2519 12179 8189)
4(12169 8188 12038 3891)
4(12038 8189 12179 3891)
4(2389 8191 12041 8190)
4(2389 8190 12171 8192)
4(2389 8192 12181 8191)
4(12171 8190 12041 3892)
4(12041 8191 12181 3892)
4(2390 8194 12044 8193)
4(2390 8193 12173 8195)
4(2390 8195 12183 8194)
4(12173 8193 12044 3893)
4(12044 8194 12183 3893)
4(2391 8197 12047 8196)
4(2391 8196 12175 8198)
4(2391 8198 12185 8197)
4(12175 8196 12047 3894)
4(12047 8197 12185 3894)
4(2392 8200 12050 8199)
4(2392 8199 12177 8201)
4(2392 8201 12187 8200)
4(12177 8199 12050 3895)
4(12050 8200 12187 3895)
4(2393 8203 12053 8202)
4(2393 8202 12178 8204)
4(2393 8204 12189 8203)
4(12178 8202 12053 3896)
4(12053 8203 12189 3896)
4(2394 2520 2647 2521)
4(2394 8205 12056 2520)
4(2394 2521 12191 8205)
4(2647 2520 12056 3897)
4(12056 8205 12191 3897)
4(2601 2523 2651 2455)
4(2395 2523 2601 2522)
4(2395 2524 2651 2523)
4(2396 2527 2653 2526)
4(2396 2526 12062 8206)
4(2396 8206 12180 2527)
4(12180 8206 12062 3898)
4(12062 2526 2653 3898)
4(2397 8208 12065 8207)
4(2397 8207 12182 8209)
4(2397 8209 12194 8208)
4(12182 8207 12065 3899)
4(12065 8208 12194 3899)
4(2398 8211 12068 8210)
4(2398 8210 12184 8212)
4(2398 8212 12196 8211)
4(12184 8210 12068 3900)
4(12068 8211 12196 3900)
4(2399 8214 12071 8213)
4(2399 8213 12186 8215)
4(2399 8215 12198 8214)
4(12186 8213 12071 3901)
4(12071 8214 12198 3901)
4(2400 8217 12074 8216)
4(2400 8216 12188 8218)
4(2400 8218 12200 8217)
4(12188 8216 12074 3902)
4(12074 8217 12200 3902)
4(2401 8220 12077 8219)
4(2401 8219 12190 8221)
4(2401 8221 12202 8220)
4(12190 8219 12077 3903)
4(12077 8220 12202 3903)
4(2402 8223 12080 8222)
4(2402 8222 12192 8224)
4(2402 8224 12204 8223)
4(12192 8222 12080 3904)
4(12080 8223 12204 3904)
4(2403 8226 12083 8225)
4(2403 8225 12193 8227)
4(2403 8227 12206 8226)
4(12193 8225 12083 3905)
4(12083 8226 12206 3905)
4(2404 2528 2652 2530)
4(2603 2529 2655 2457)
4(2404 2529 2603 2528)
4(2404 2530 2655 2529)
4(2405 2533 2657 2532)
4(2405 2532 12089 8228)
4(2405 8228 12195 2533)
4(12195 8228 12089 3906)
4(12089 2532 2657 3906)
4(2406 8230 12092 8229)
4(2406 8229 12197 8231)
4(2406 8231 12209 8230)
4(12197 8229 12092 3907)
4(12092 8230 12209 3907)
4(2407 8233 12095 8232)
4(2407 8232 12199 8234)
4(2407 8234 12210 8233)
4(12199 8232 12095 3908)
4(12095 8233 12210 3908)
4(2408 8236 12098 8235)
4(2408 8235 12201 8237)
4(2408 8237 12212 8236)
4(12201 8235 12098 3909)
4(12098 8236 12212 3909)
4(2409 8239 12101 8238)
4(2409 8238 12203 8240)
4(2409 8240 12214 8239)
4(12203 8238 12101 3910)
4(12101 8239 12214 3910)
4(2410 8242 12104 8241)
4(2410 8241 12205 8243)
4(2410 8243 12216 8242)
4(12205 8241 12104 3911)
4(12104 8242 12216 3911)
4(2411 8245 12107 8244)
4(2411 8244 12207 8246)
4(2411 8246 12218 8245)
4(12207 8244 12107 3912)
4(12107 8245 12218 3912)
4(2412 8248 12110 8247)
4(2412 8247 12208 8249)
4(2412 8249 12220 8248)
4(12208 8247 12110 3913)
4(12110 8248 12220 3913)
4(2413 2534 2656 2536)
4(2605 2535 2660 2459)
4(2413 2535 2605 2534)
4(2413 2536 2660 2535)
4(2659 2538 2606 2460)
4(2606 2539 2663 2460)
4(2414 2539 2606 2538)
4(2414 2538 2659 2540)
4(2415 2542 2664 2541)
4(2415 2541 12117 8250)
4(2415 8250 12211 2542)
4(12211 8250 12117 3914)
4(12117 2541 2664 3914)
4(2416 8252 12120 8251)
4(2416 8251 12213 8253)
4(2416 8253 12222 8252)
4(12213 8251 12120 3915)
4(12120 8252 12222 3915)
4(2417 8255 12123 8254)
4(2417 8254 12215 8256)
4(2417 8256 12223 8255)
4(12215 8254 12123 3916)
4(12123 8255 12223 3916)
4(2418 8258 12126 8257)
4(2418 8257 12217 8259)
4(2418 8259 12225 8258)
4(12217 8257 12126 3917)
4(12126 8258 12225 3917)
4(2419 8261 12129 8260)
4(2419 8260 12219 8262)
4(2419 8262 12227 8261)
4(12219 8260 12129 3918)
4(12129 8261 12227 3918)
4(2420 8264 12132 8263)
4(2420 8263 12221 8265)
4(2420 8265 12229 8264)
4(12221 8263 12132 3919)
4(12132 8264 12229 3919)
4(2661 2543 2607 2461)
4(2607 2544 2667 2461)
4(2421 2544 2607 2543)
4(2421 2543 2661 2545)
4(2421 2545 2667 2544)
4(2424 2553 2671 2552)
4(2666 2551 2609 2463)
4(2609 2552 2671 2463)
4(2424 2552 2609 2551)
4(2424 2551 2666 2553)
4(2425 2555 2672 2554)
4(2425 2554 12140 8266)
4(2425 8266 12224 2555)
4(12224 8266 12140 3920)
4(12140 2554 2672 3920)
4(2426 8268 12143 8267)
4(2426 8267 12226 8269)
4(2426 8269 12231 8268)
4(12226 8267 12143 3921)
4(12143 8268 12231 3921)
4(2427 8271 12146 8270)
4(2427 8270 12228 8272)
4(2427 8272 12232 8271)
4(12228 8270 12146 3922)
4(12146 8271 12232 3922)
4(2428 8274 12149 8273)
4(2428 8273 12230 8275)
4(2428 8275 12233 8274)
4(12230 8273 12149 3923)
4(12149 8274 12233 3923)
4(2668 2556 2610 2464)
4(2610 2557 2677 2464)
4(2429 2557 2610 2556)
4(2429 2556 2668 2558)
4(2429 2558 2677 2557)
4(2430 2559 2670 2561)
4(2430 2561 2679 2560)
4(2430 2560 2611 2559)
4(2433 2567 2681 2566)
4(2674 2565 2613 2467)
4(2433 2566 2613 2565)
4(2433 2565 2674 2567)
4(2434 2570 2682 2569)
4(2675 2568 2614 2468)
4(2614 2569 2682 2468)
4(2434 2569 2614 2568)
4(2434 2568 2675 2570)
4(2435 2573 2684 2572)
4(2676 2571 2615 2469)
4(2615 2572 2684 2469)
4(2435 2572 2615 2571)
4(2435 2571 2676 2573)
4(2436 2576 2686 2575)
4(2678 2574 2616 2470)
4(2616 2575 2686 2470)
4(2436 2575 2616 2574)
4(2436 2574 2678 2576)
4(2437 2577 2680 2579)
4(2437 2579 2688 2578)
4(2437 2578 2617 2577)
4(2372 2489 2622 2473)
4(2372 2484 2623 2489)
4(2372 2473 2588 2484)
4(2624 2475 2589 2443)
4(2368 2472 2589 2475)
4(2625 2443 2589 2487)
4(2372 2487 2589 2473)
4(2373 2491 2624 2475)
4(2373 2475 2589 2487)
4(2373 2487 2625 2491)
4(2626 2478 2590 2444)
4(2369 2474 2590 2478)
4(2627 2444 2590 2490)
4(2373 2490 2590 2475)
4(2374 2493 2626 2478)
4(2374 2478 2590 2490)
4(2374 2490 2627 2493)
4(2628 2481 2591 2445)
4(2370 2477 2591 2481)
4(2629 2445 2591 2492)
4(2374 2492 2591 2478)
4(2375 2495 2628 2481)
4(2375 2481 2591 2492)
4(2375 2492 2629 2495)
4(2631 2446 2592 2494)
4(2375 2494 2592 2481)
4(2376 2498 2630 2483)
4(2376 2483 2592 2494)
4(2376 2494 2631 2498)
4(2376 2496 2593 2483)
4(2379 2506 2633 2485)
4(2379 2501 2634 2506)
4(2379 2485 2594 2501)
4(2635 2488 2595 2449)
4(2372 2484 2595 2488)
4(2636 2449 2595 2504)
4(2379 2504 2595 2485)
4(2380 2488 2595 2504)
4(2380 2507 2635 2488)
4(2380 2504 2636 2507)
4(2638 2499 2596 2450)
4(2377 2496 2596 2499)
4(2639 2450 2596 2508)
4(2384 2508 2596 2497)
4(2384 2497 2637 2509)
4(2385 2512 2638 2499)
4(2385 2499 2596 2508)
4(2385 2508 2639 2512)
4(2385 2510 2597 2499)
4(2643 2505 2598 2452)
4(2379 2501 2598 2505)
4(2644 2452 2598 2516)
4(2387 2516 2598 2502)
4(2388 2505 2598 2516)
4(2388 2519 2643 2505)
4(2388 2516 2644 2519)
4(2646 2513 2599 2453)
4(2386 2510 2599 2513)
4(2647 2453 2599 2520)
4(2394 2520 2599 2511)
4(2394 2511 2645 2521)
4(2395 2513 2599 2520)
4(2395 2520 2647 2524)
4(2649 2517 2600 2454)
4(2387 2515 2600 2517)
4(2396 2525 2650 2527)
4(2396 2517 2600 2525)
4(2396 2527 2649 2517)
4(2404 2528 2601 2523)
4(2404 2523 2651 2530)
4(2653 2526 2602 2456)
4(2396 2525 2602 2526)
4(2405 2531 2654 2533)
4(2405 2526 2602 2531)
4(2405 2533 2653 2526)
4(2413 2534 2603 2529)
4(2413 2529 2655 2536)
4(2657 2532 2604 2458)
4(2405 2531 2604 2532)
4(2414 2532 2604 2537)
4(2414 2540 2657 2532)
4(2422 2546 2605 2535)
4(2422 2535 2660 2548)
4(2664 2541 2606 2460)
4(2415 2538 2606 2541)
4(2415 2542 2659 2538)
4(2665 2460 2606 2549)
4(2423 2549 2606 2539)
4(2424 2549 2665 2553)
4(2424 2541 2606 2549)
4(2424 2553 2664 2541)
4(2669 2547 2607 2461)
4(2422 2543 2607 2547)
4(2422 2548 2661 2543)
4(2670 2461 2607 2559)
4(2430 2559 2607 2544)
4(2430 2544 2667 2561)
4(2431 2547 2607 2559)
4(2424 2549 2608 2552)
4(2672 2554 2609 2463)
4(2425 2551 2609 2554)
4(2425 2555 2666 2551)
4(2673 2463 2609 2563)
4(2432 2563 2609 2552)
4(2433 2563 2673 2567)
4(2433 2554 2609 2563)
4(2433 2567 2672 2554)
4(2679 2560 2610 2464)
4(2430 2556 2610 2560)
4(2430 2561 2668 2556)
4(2680 2464 2610 2577)
4(2437 2577 2610 2557)
4(2437 2557 2677 2579)
4(2438 2560 2610 2577)
4(2433 2563 2612 2566)
4(2682 2569 2613 2467)
4(2434 2565 2613 2569)
4(2434 2570 2674 2565)
4(2439 2583 2682 2569)
4(2439 2569 2613 2581)
4(2684 2572 2614 2468)
4(2435 2568 2614 2572)
4(2435 2573 2675 2568)
4(2685 2468 2614 2582)
4(2439 2582 2614 2569)
4(2440 2585 2684 2572)
4(2440 2572 2614 2582)
4(2686 2575 2615 2469)
4(2436 2571 2615 2575)
4(2436 2576 2676 2571)
4(2687 2469 2615 2584)
4(2440 2584 2615 2572)
4(2441 2587 2686 2575)
4(2441 2575 2615 2584)
4(2437 2574 2616 2578)
4(2437 2579 2678 2574)
4(2441 2586 2616 2575)
4(8281 2690 8280 3941)
4(4 3941 8280 3925)
4(4 3936 8281 3941)
4(78 4055 8280 3941)
4(78 3941 8281 4066)
4(78 4066 8282 4055)
4(12248 2691 8283 3927)
4(8283 2691 8276 3928)
4(12248 3939 8284 2691)
4(8284 3941 8280 2691)
4(8284 2691 8283 3943)
4(5 3943 8283 3927)
4(5 3939 8284 3943)
4(8285 4057 8283 2691)
4(74 3928 8283 4057)
4(74 4057 8285 4054)
4(8285 2691 8284 4069)
4(78 4055 8285 4069)
4(78 4069 8284 3941)
4(79 4057 8283 3943)
4(79 4069 8285 4057)
4(79 3943 8284 4069)
4(12250 2692 8286 3930)
4(8286 2692 8277 3931)
4(12250 3942 8287 2692)
4(8287 3943 8283 2692)
4(8287 2692 8286 3945)
4(6 3945 8286 3930)
4(8288 4056 8277 2692)
4(8288 2692 8283 4057)
4(8288 4060 8286 2692)
4(75 3931 8286 4060)
4(75 4060 8288 4056)
4(8288 2692 8287 4072)
4(79 4057 8288 4072)
4(80 4060 8286 3945)
4(80 4072 8288 4060)
4(12252 2693 8289 3933)
4(8289 2693 8278 3934)
4(12252 3944 8290 2693)
4(8290 3945 8286 2693)
4(8290 2693 8289 3947)
4(7 3947 8289 3933)
4(8291 4059 8278 2693)
4(8291 2693 8286 4060)
4(8291 4063 8289 2693)
4(76 3934 8289 4063)
4(76 4063 8291 4059)
4(8291 2693 8290 4074)
4(80 4060 8291 4074)
4(81 4063 8289 3947)
4(81 4074 8291 4063)
4(12254 3946 8293 2694)
4(8293 3947 8289 2694)
4(8293 2694 8292 3950)
4(8 3950 8292 3935)
4(8 3946 8293 3950)
4(8294 2694 8289 4063)
4(8294 2694 8293 4076)
4(81 4063 8294 4076)
4(81 4076 8293 3947)
4(82 4065 8292 3950)
4(82 4076 8294 4065)
4(82 3950 8293 4076)
4(8295 3950 8292 2695)
4(82 4078 8295 3950)
4(82 4065 8296 4078)
4(8298 2696 8297 3958)
4(11 3958 8297 3937)
4(11 3953 8298 3958)
4(85 4067 8297 3958)
4(85 3958 8298 4083)
4(85 4083 8299 4067)
4(12245 2697 8300 3940)
4(8300 2697 8281 3941)
4(12245 3956 8301 2697)
4(8301 3958 8297 2697)
4(8301 2697 8300 3959)
4(12 3959 8300 3940)
4(8302 4066 8281 2697)
4(8302 2697 8297 4067)
4(8302 4070 8300 2697)
4(78 4070 8302 4066)
4(78 3941 8300 4070)
4(8302 2697 8301 4086)
4(85 4067 8302 4086)
4(86 4086 8302 4070)
4(86 4070 8300 3959)
4(12257 2698 8304 3951)
4(8304 2698 8295 3952)
4(12257 3960 8305 2698)
4(8305 3961 8303 2698)
4(16 3949 8303 3961)
4(8305 2698 8304 3964)
4(17 3964 8304 3951)
4(8306 4078 8295 2698)
4(8306 2698 8303 4079)
4(82 4079 8303 3950)
4(8306 4081 8304 2698)
4(83 4081 8306 4078)
4(8306 2698 8305 4090)
4(90 4079 8306 4090)
4(90 3961 8303 4079)
4(91 4081 8304 3964)
4(91 4090 8306 4081)
4(8307 3964 8304 2699)
4(91 4092 8307 3964)
4(91 4081 8308 4092)
4(12238 2700 8311 3957)
4(8311 2700 8298 3958)
4(12238 3968 8312 2700)
4(8312 3970 8309 2700)
4(8312 2700 8311 3972)
4(20 3968 8312 3972)
4(8313 4083 8298 2700)
4(8313 2700 8309 4084)
4(8313 4087 8311 2700)
4(85 4087 8313 4083)
4(8313 2700 8312 4098)
4(93 4098 8312 3970)
4(93 4084 8313 4098)
4(94 3972 8312 4098)
4(94 4098 8313 4087)
4(12261 2701 8315 3965)
4(8315 2701 8307 3966)
4(12261 3973 8316 2701)
4(8316 3975 8314 2701)
4(8316 2701 8315 3978)
4(27 3973 8316 3978)
4(8317 4092 8307 2701)
4(8317 2701 8314 4093)
4(8317 4095 8315 2701)
4(92 4095 8317 4092)
4(8317 2701 8316 4103)
4(100 4103 8316 3975)
4(100 4093 8317 4103)
4(101 3978 8316 4103)
4(101 4103 8317 4095)
4(12234 2702 8319 3969)
4(8319 2702 8310 3970)
4(8320 2702 8319 3982)
4(28 3982 8319 3969)
4(28 3979 8320 3982)
4(8321 4099 8319 2702)
4(93 3970 8319 4099)
4(93 4099 8321 4097)
4(102 4099 8319 3982)
4(102 3982 8320 4109)
4(102 4109 8321 4099)
4(12239 2703 8322 3971)
4(8322 2703 8312 3972)
4(12239 3980 8323 2703)
4(8323 3982 8319 2703)
4(8323 2703 8322 3984)
4(29 3980 8323 3984)
4(8324 4098 8312 2703)
4(8324 2703 8319 4099)
4(8324 4101 8322 2703)
4(94 4101 8324 4098)
4(8324 2703 8323 4110)
4(102 4110 8323 3982)
4(102 4099 8324 4110)
4(103 3984 8323 4110)
4(103 4110 8324 4101)
4(12262 2704 8326 3977)
4(8326 2704 8316 3978)
4(12262 3985 8327 2704)
4(8327 3987 8325 2704)
4(8327 2704 8326 3990)
4(36 3990 8326 3977)
4(36 3985 8327 3990)
4(8328 4103 8316 2704)
4(8328 2704 8325 4104)
4(8328 4107 8326 2704)
4(101 3978 8326 4107)
4(101 4107 8328 4103)
4(8328 2704 8327 4115)
4(109 4115 8327 3987)
4(109 4104 8328 4115)
4(110 4107 8326 3990)
4(110 3990 8327 4115)
4(110 4115 8328 4107)
4(8329 3990 8326 2705)
4(8330 2705 8326 4107)
4(110 4118 8329 3990)
4(110 4107 8330 4118)
4(12235 2706 8331 3981)
4(8331 2706 8320 3982)
4(8332 2706 8331 3994)
4(37 3994 8331 3981)
4(37 3991 8332 3994)
4(8333 4111 8331 2706)
4(102 3982 8331 4111)
4(102 4111 8333 4109)
4(111 4111 8331 3994)
4(111 3994 8332 4121)
4(111 4121 8333 4111)
4(12240 2707 8334 3983)
4(8334 2707 8323 3984)
4(12240 3992 8335 2707)
4(8335 3994 8331 2707)
4(8335 2707 8334 3996)
4(38 3992 8335 3996)
4(8336 4110 8323 2707)
4(8336 2707 8331 4111)
4(8336 4113 8334 2707)
4(103 4113 8336 4110)
4(8336 2707 8335 4122)
4(111 4122 8335 3994)
4(111 4111 8336 4122)
4(112 3996 8335 4122)
4(112 4122 8336 4113)
4(12263 2708 8338 3989)
4(8338 2708 8327 3990)
4(12263 3997 8339 2708)
4(8339 3999 8337 2708)
4(8339 2708 8338 4002)
4(45 4002 8338 3989)
4(45 3997 8339 4002)
4(8340 4115 8327 2708)
4(8340 2708 8337 4116)
4(8340 4119 8338 2708)
4(110 3990 8338 4119)
4(110 4119 8340 4115)
4(8340 2708 8339 4127)
4(118 4127 8339 3999)
4(118 4116 8340 4127)
4(119 4119 8338 4002)
4(119 4002 8339 4127)
4(119 4127 8340 4119)
4(8341 4002 8338 2709)
4(8342 2709 8338 4119)
4(119 4130 8341 4002)
4(119 4119 8342 4130)
4(12236 2710 8343 3993)
4(8343 2710 8332 3994)
4(8344 2710 8343 4006)
4(46 4006 8343 3993)
4(8345 4123 8343 2710)
4(111 3994 8343 4123)
4(111 4123 8345 4121)
4(120 4123 8343 4006)
4(120 4133 8345 4123)
4(12241 2711 8346 3995)
4(8346 2711 8335 3996)
4(12241 4004 8347 2711)
4(8347 4006 8343 2711)
4(8347 2711 8346 4008)
4(47 4004 8347 4008)
4(8348 4122 8335 2711)
4(8348 2711 8343 4123)
4(8348 4125 8346 2711)
4(112 4125 8348 4122)
4(8348 2711 8347 4134)
4(120 4134 8347 4006)
4(120 4123 8348 4134)
4(121 4008 8347 4134)
4(121 4134 8348 4125)
4(12264 2712 8350 4001)
4(8350 2712 8339 4002)
4(12264 4009 8351 2712)
4(8351 4011 8349 2712)
4(8351 2712 8350 4014)
4(54 4014 8350 4001)
4(54 4009 8351 4014)
4(8352 4127 8339 2712)
4(8352 2712 8349 4128)
4(8352 4131 8350 2712)
4(119 4002 8350 4131)
4(119 4131 8352 4127)
4(8352 2712 8351 4139)
4(127 4139 8351 4011)
4(127 4128 8352 4139)
4(128 4131 8350 4014)
4(128 4014 8351 4139)
4(128 4139 8352 4131)
4(8353 4014 8350 2713)
4(8354 2713 8350 4131)
4(128 4131 8354 4142)
4(12242 2714 8356 4007)
4(8356 2714 8347 4008)
4(12242 4015 8357 2714)
4(8357 4016 8355 2714)
4(8357 2714 8356 4019)
4(56 4015 8357 4019)
4(8358 4134 8347 2714)
4(8358 2714 8355 4135)
4(8358 4137 8356 2714)
4(121 4137 8358 4134)
4(8358 2714 8357 4145)
4(129 4135 8358 4145)
4(130 4019 8357 4145)
4(130 4145 8358 4137)
4(12265 2715 8362 4013)
4(8362 2715 8351 4014)
4(12265 4025 8363 2715)
4(8363 4027 8360 2715)
4(8363 2715 8362 4028)
4(8364 4139 8351 2715)
4(8364 2715 8360 4140)
4(8364 4143 8362 2715)
4(128 4143 8364 4139)
4(8364 2715 8363 4155)
4(136 4155 8363 4027)
4(136 4140 8364 4155)
4(137 4155 8364 4143)
4(8365 2716 8357 4019)
4(130 4019 8365 4148)
4(130 4148 8366 4145)
4(12246 2717 8367 4020)
4(8367 2717 8359 4021)
4(12246 4029 8368 2717)
4(8368 4030 8365 2717)
4(8368 2717 8367 4033)
4(65 4029 8368 4033)
4(65 4033 8367 4020)
4(8369 4147 8359 2717)
4(8369 2717 8365 4148)
4(8369 4150 8367 2717)
4(131 4150 8369 4147)
4(131 4021 8367 4150)
4(8369 2717 8368 4159)
4(138 4148 8369 4159)
4(139 4033 8368 4159)
4(139 4159 8369 4150)
4(139 4150 8367 4033)
4(12258 2718 8375 4026)
4(8375 2718 8361 4027)
4(12258 4043 8376 2718)
4(8376 4045 8373 2718)
4(69 4023 8373 4045)
4(8376 2718 8375 4046)
4(8377 4152 8361 2718)
4(8377 2718 8373 4153)
4(135 4153 8373 4024)
4(8377 4156 8375 2718)
4(136 4027 8375 4156)
4(136 4156 8377 4152)
4(8377 2718 8376 4173)
4(143 4173 8376 4045)
4(143 4153 8377 4173)
4(143 4045 8373 4153)
4(144 4173 8377 4156)
4(8379 2720 8368 4033)
4(139 4033 8379 4162)
4(139 4162 8380 4159)
4(12249 2721 8381 4035)
4(8381 2721 8370 4036)
4(66 4036 8370 4031)
4(8382 2721 8381 4049)
4(71 4049 8381 4035)
4(8383 4161 8370 2721)
4(139 4033 8370 4161)
4(8383 4165 8381 2721)
4(140 4036 8381 4165)
4(140 4165 8383 4161)
4(140 4161 8370 4036)
4(145 4165 8381 4049)
4(145 4177 8383 4165)
4(12251 2722 8384 4038)
4(8384 2722 8371 4039)
4(12251 4048 8385 2722)
4(8385 4049 8381 2722)
4(8385 2722 8384 4051)
4(72 4051 8384 4038)
4(8386 4164 8371 2722)
4(8386 2722 8381 4165)
4(8386 4168 8384 2722)
4(141 4039 8384 4168)
4(141 4168 8386 4164)
4(8386 2722 8385 4178)
4(145 4165 8386 4178)
4(146 4168 8384 4051)
4(146 4178 8386 4168)
4(12253 2723 8387 4041)
4(8387 2723 8372 4042)
4(12253 4050 8388 2723)
4(8388 4051 8384 2723)
4(8388 2723 8387 4053)
4(73 4053 8387 4041)
4(8389 4167 8372 2723)
4(8389 2723 8384 4168)
4(8389 4171 8387 2723)
4(142 4042 8387 4171)
4(142 4171 8389 4167)
4(8389 2723 8388 4180)
4(146 4168 8389 4180)
4(147 4171 8387 4053)
4(147 4180 8389 4171)
4(8390 2724 8374 4045)
4(69 4045 8374 4040)
4(8391 4053 8387 2724)
4(8392 4170 8374 2724)
4(8392 2724 8387 4171)
4(142 4042 8374 4170)
4(143 4045 8390 4174)
4(143 4174 8392 4170)
4(143 4170 8374 4045)
4(147 4171 8392 4182)
4(8399 2726 8398 4071)
4(78 4071 8398 4055)
4(78 4066 8399 4071)
4(152 4185 8398 4071)
4(152 4071 8399 4196)
4(152 4196 8400 4185)
4(8401 4057 8285 2727)
4(8401 2727 8394 4058)
4(8402 2727 8285 4069)
4(8402 4071 8398 2727)
4(8402 2727 8401 4073)
4(79 4073 8401 4057)
4(79 4069 8402 4073)
4(8403 4187 8401 2727)
4(148 4058 8401 4187)
4(148 4187 8403 4184)
4(8403 2727 8402 4199)
4(152 4185 8403 4199)
4(152 4199 8402 4071)
4(153 4187 8401 4073)
4(153 4199 8403 4187)
4(153 4073 8402 4199)
4(8404 4060 8288 2728)
4(8404 2728 8395 4061)
4(8405 2728 8288 4072)
4(8405 4073 8401 2728)
4(8405 2728 8404 4075)
4(80 4075 8404 4060)
4(8406 4186 8395 2728)
4(8406 2728 8401 4187)
4(8406 4190 8404 2728)
4(149 4061 8404 4190)
4(149 4190 8406 4186)
4(8406 2728 8405 4202)
4(153 4187 8406 4202)
4(154 4190 8404 4075)
4(154 4202 8406 4190)
4(8407 4063 8291 2729)
4(8407 2729 8396 4064)
4(8408 2729 8291 4074)
4(8408 4075 8404 2729)
4(8408 2729 8407 4077)
4(81 4077 8407 4063)
4(8409 4189 8396 2729)
4(8409 2729 8404 4190)
4(8409 4193 8407 2729)
4(150 4064 8407 4193)
4(150 4193 8409 4189)
4(8409 2729 8408 4204)
4(154 4190 8409 4204)
4(155 4193 8407 4077)
4(155 4204 8409 4193)
4(8411 2730 8294 4076)
4(8411 4077 8407 2730)
4(8411 2730 8410 4080)
4(82 4080 8410 4065)
4(82 4076 8411 4080)
4(8412 2730 8407 4193)
4(8412 2730 8411 4206)
4(155 4193 8412 4206)
4(155 4206 8411 4077)
4(156 4195 8410 4080)
4(156 4206 8412 4195)
4(156 4080 8411 4206)
4(8413 4080 8410 2731)
4(156 4208 8413 4080)
4(156 4195 8414 4208)
4(8416 2732 8415 4088)
4(85 4088 8415 4067)
4(85 4083 8416 4088)
4(159 4197 8415 4088)
4(159 4088 8416 4213)
4(159 4213 8417 4197)
4(8418 4070 8302 2733)
4(8418 2733 8399 4071)
4(8419 2733 8302 4086)
4(8419 4088 8415 2733)
4(8419 2733 8418 4089)
4(86 4089 8418 4070)
4(8420 4196 8399 2733)
4(8420 2733 8415 4197)
4(8420 4200 8418 2733)
4(152 4200 8420 4196)
4(152 4071 8418 4200)
4(8420 2733 8419 4216)
4(159 4197 8420 4216)
4(160 4216 8420 4200)
4(160 4200 8418 4089)
4(8422 4081 8306 2734)
4(8422 2734 8413 4082)
4(8423 2734 8306 4090)
4(8423 4091 8421 2734)
4(90 4079 8421 4091)
4(8423 2734 8422 4094)
4(91 4094 8422 4081)
4(8424 4208 8413 2734)
4(8424 2734 8421 4209)
4(156 4209 8421 4080)
4(8424 4211 8422 2734)
4(157 4211 8424 4208)
4(8424 2734 8423 4220)
4(164 4209 8424 4220)
4(164 4091 8421 4209)
4(165 4211 8422 4094)
4(165 4220 8424 4211)
4(8425 4094 8422 2735)
4(165 4222 8425 4094)
4(165 4211 8426 4222)
4(8429 4087 8313 2736)
4(8429 2736 8416 4088)
4(8430 2736 8313 4098)
4(8430 4100 8427 2736)
4(8430 2736 8429 4102)
4(94 4098 8430 4102)
4(8431 4213 8416 2736)
4(8431 2736 8427 4214)
4(8431 4217 8429 2736)
4(159 4217 8431 4213)
4(8431 2736 8430 4228)
4(167 4228 8430 4100)
4(167 4214 8431 4228)
4(168 4102 8430 4228)
4(168 4228 8431 4217)
4(8433 4095 8317 2737)
4(8433 2737 8425 4096)
4(8434 2737 8317 4103)
4(8434 4105 8432 2737)
4(8434 2737 8433 4108)
4(101 4103 8434 4108)
4(8435 4222 8425 2737)
4(8435 2737 8432 4223)
4(8435 4225 8433 2737)
4(166 4225 8435 4222)
4(8435 2737 8434 4233)
4(174 4233 8434 4105)
4(174 4223 8435 4233)
4(175 4108 8434 4233)
4(175 4233 8435 4225)
4(8437 4099 8321 2738)
4(8437 2738 8428 4100)
4(8438 2738 8437 4112)
4(102 4112 8437 4099)
4(102 4109 8438 4112)
4(8439 4229 8437 2738)
4(167 4100 8437 4229)
4(167 4229 8439 4227)
4(176 4229 8437 4112)
4(176 4112 8438 4239)
4(176 4239 8439 4229)
4(8440 4101 8324 2739)
4(8440 2739 8430 4102)
4(8441 2739 8324 4110)
4(8441 4112 8437 2739)
4(8441 2739 8440 4114)
4(103 4110 8441 4114)
4(8442 4228 8430 2739)
4(8442 2739 8437 4229)
4(8442 4231 8440 2739)
4(168 4231 8442 4228)
4(8442 2739 8441 4240)
4(176 4240 8441 4112)
4(176 4229 8442 4240)
4(177 4114 8441 4240)
4(177 4240 8442 4231)
4(8444 4107 8328 2740)
4(8444 2740 8434 4108)
4(8445 2740 8328 4115)
4(8445 4117 8443 2740)
4(8445 2740 8444 4120)
4(110 4120 8444 4107)
4(110 4115 8445 4120)
4(8446 4233 8434 2740)
4(8446 2740 8443 4234)
4(8446 4237 8444 2740)
4(175 4108 8444 4237)
4(175 4237 8446 4233)
4(8446 2740 8445 4245)
4(183 4245 8445 4117)
4(183 4234 8446 4245)
4(184 4237 8444 4120)
4(184 4120 8445 4245)
4(184 4245 8446 4237)
4(8447 4120 8444 2741)
4(8448 2741 8444 4237)
4(184 4248 8447 4120)
4(184 4237 8448 4248)
4(8449 4111 8333 2742)
4(8449 2742 8438 4112)
4(8450 2742 8449 4124)
4(111 4124 8449 4111)
4(111 4121 8450 4124)
4(8451 4241 8449 2742)
4(176 4112 8449 4241)
4(176 4241 8451 4239)
4(185 4241 8449 4124)
4(185 4124 8450 4251)
4(185 4251 8451 4241)
4(8452 4113 8336 2743)
4(8452 2743 8441 4114)
4(8453 2743 8336 4122)
4(8453 4124 8449 2743)
4(8453 2743 8452 4126)
4(112 4122 8453 4126)
4(8454 4240 8441 2743)
4(8454 2743 8449 4241)
4(8454 4243 8452 2743)
4(177 4243 8454 4240)
4(8454 2743 8453 4252)
4(185 4252 8453 4124)
4(185 4241 8454 4252)
4(186 4126 8453 4252)
4(186 4252 8454 4243)
4(8456 4119 8340 2744)
4(8456 2744 8445 4120)
4(8457 2744 8340 4127)
4(8457 4129 8455 2744)
4(8457 2744 8456 4132)
4(119 4132 8456 4119)
4(119 4127 8457 4132)
4(8458 4245 8445 2744)
4(8458 2744 8455 4246)
4(8458 4249 8456 2744)
4(184 4120 8456 4249)
4(184 4249 8458 4245)
4(8458 2744 8457 4257)
4(192 4257 8457 4129)
4(192 4246 8458 4257)
4(193 4249 8456 4132)
4(193 4132 8457 4257)
4(193 4257 8458 4249)
4(8459 4132 8456 2745)
4(8460 2745 8456 4249)
4(193 4260 8459 4132)
4(193 4249 8460 4260)
4(8461 4123 8345 2746)
4(8461 2746 8450 4124)
4(8462 2746 8461 4136)
4(120 4136 8461 4123)
4(8463 4253 8461 2746)
4(185 4124 8461 4253)
4(185 4253 8463 4251)
4(194 4253 8461 4136)
4(194 4263 8463 4253)
4(8464 4125 8348 2747)
4(8464 2747 8453 4126)
4(8465 2747 8348 4134)
4(8465 4136 8461 2747)
4(8465 2747 8464 4138)
4(121 4134 8465 4138)
4(8466 4252 8453 2747)
4(8466 2747 8461 4253)
4(8466 4255 8464 2747)
4(186 4255 8466 4252)
4(8466 2747 8465 4264)
4(194 4264 8465 4136)
4(194 4253 8466 4264)
4(195 4138 8465 4264)
4(195 4264 8466 4255)
4(8468 4131 8352 2748)
4(8468 2748 8457 4132)
4(8469 2748 8352 4139)
4(8469 4141 8467 2748)
4(8469 2748 8468 4144)
4(128 4144 8468 4131)
4(128 4139 8469 4144)
4(8470 4257 8457 2748)
4(8470 2748 8467 4258)
4(8470 4261 8468 2748)
4(193 4132 8468 4261)
4(193 4261 8470 4257)
4(8470 2748 8469 4269)
4(201 4269 8469 4141)
4(201 4258 8470 4269)
4(202 4261 8468 4144)
4(202 4144 8469 4269)
4(202 4269 8470 4261)
4(8471 4144 8468 2749)
4(8472 2749 8468 4261)
4(202 4261 8472 4272)
4(8474 4137 8358 2750)
4(8474 2750 8465 4138)
4(8475 2750 8358 4145)
4(8475 4146 8473 2750)
4(8475 2750 8474 4149)
4(130 4145 8475 4149)
4(8476 4264 8465 2750)
4(8476 2750 8473 4265)
4(8476 4267 8474 2750)
4(195 4267 8476 4264)
4(8476 2750 8475 4275)
4(203 4265 8476 4275)
4(204 4149 8475 4275)
4(204 4275 8476 4267)
4(8480 4143 8364 2751)
4(8480 2751 8469 4144)
4(8481 2751 8364 4155)
4(8481 4157 8478 2751)
4(8481 2751 8480 4158)
4(8482 4269 8469 2751)
4(8482 2751 8478 4270)
4(8482 4273 8480 2751)
4(202 4273 8482 4269)
4(8482 2751 8481 4285)
4(210 4285 8481 4157)
4(210 4270 8482 4285)
4(211 4285 8482 4273)
4(8483 2752 8475 4149)
4(204 4149 8483 4278)
4(204 4278 8484 4275)
4(8485 4150 8369 2753)
4(8485 2753 8477 4151)
4(8486 2753 8369 4159)
4(8486 4160 8483 2753)
4(8486 2753 8485 4163)
4(139 4159 8486 4163)
4(139 4163 8485 4150)
4(8487 4277 8477 2753)
4(8487 2753 8483 4278)
4(8487 4280 8485 2753)
4(205 4280 8487 4277)
4(205 4151 8485 4280)
4(8487 2753 8486 4289)
4(212 4278 8487 4289)
4(213 4163 8486 4289)
4(213 4289 8487 4280)
4(213 4280 8485 4163)
4(8493 4156 8377 2754)
4(8493 2754 8479 4157)
4(8494 2754 8377 4173)
4(8494 4175 8491 2754)
4(143 4153 8491 4175)
4(8494 2754 8493 4176)
4(8495 4282 8479 2754)
4(8495 2754 8491 4283)
4(209 4283 8491 4154)
4(8495 4286 8493 2754)
4(210 4157 8493 4286)
4(210 4286 8495 4282)
4(8495 2754 8494 4303)
4(217 4303 8494 4175)
4(217 4283 8495 4303)
4(217 4175 8491 4283)
4(218 4303 8495 4286)
4(8497 2756 8486 4163)
4(213 4163 8497 4292)
4(213 4292 8498 4289)
4(8499 4165 8383 2757)
4(8499 2757 8488 4166)
4(140 4166 8488 4161)
4(8500 2757 8499 4179)
4(145 4179 8499 4165)
4(8501 4291 8488 2757)
4(213 4163 8488 4291)
4(8501 4295 8499 2757)
4(214 4166 8499 4295)
4(214 4295 8501 4291)
4(214 4291 8488 4166)
4(219 4295 8499 4179)
4(219 4307 8501 4295)
4(8502 4168 8386 2758)
4(8502 2758 8489 4169)
4(8503 2758 8386 4178)
4(8503 4179 8499 2758)
4(8503 2758 8502 4181)
4(146 4181 8502 4168)
4(8504 4294 8489 2758)
4(8504 2758 8499 4295)
4(8504 4298 8502 2758)
4(215 4169 8502 4298)
4(215 4298 8504 4294)
4(8504 2758 8503 4308)
4(219 4295 8504 4308)
4(220 4298 8502 4181)
4(220 4308 8504 4298)
4(8505 4171 8389 2759)
4(8505 2759 8490 4172)
4(8506 2759 8389 4180)
4(8506 4181 8502 2759)
4(8506 2759 8505 4183)
4(147 4183 8505 4171)
4(8507 4297 8490 2759)
4(8507 2759 8502 4298)
4(8507 4301 8505 2759)
4(216 4172 8505 4301)
4(216 4301 8507 4297)
4(8507 2759 8506 4310)
4(220 4298 8507 4310)
4(221 4301 8505 4183)
4(221 4310 8507 4301)
4(8508 2760 8492 4175)
4(143 4175 8492 4170)
4(8509 4183 8505 2760)
4(8510 4300 8492 2760)
4(8510 2760 8505 4301)
4(216 4172 8492 4300)
4(217 4175 8508 4304)
4(217 4304 8510 4300)
4(217 4300 8492 4175)
4(221 4301 8510 4312)
4(8517 2762 8516 4201)
4(152 4201 8516 4185)
4(152 4196 8517 4201)
4(226 4315 8516 4201)
4(226 4201 8517 4326)
4(226 4326 8518 4315)
4(8519 4187 8403 2763)
4(8519 2763 8512 4188)
4(8520 2763 8403 4199)
4(8520 4201 8516 2763)
4(8520 2763 8519 4203)
4(153 4203 8519 4187)
4(153 4199 8520 4203)
4(8521 4317 8519 2763)
4(222 4188 8519 4317)
4(222 4317 8521 4314)
4(8521 2763 8520 4329)
4(226 4315 8521 4329)
4(226 4329 8520 4201)
4(227 4317 8519 4203)
4(227 4329 8521 4317)
4(227 4203 8520 4329)
4(8522 4190 8406 2764)
4(8522 2764 8513 4191)
4(8523 2764 8406 4202)
4(8523 4203 8519 2764)
4(8523 2764 8522 4205)
4(154 4205 8522 4190)
4(8524 4316 8513 2764)
4(8524 2764 8519 4317)
4(8524 4320 8522 2764)
4(223 4191 8522 4320)
4(223 4320 8524 4316)
4(8524 2764 8523 4332)
4(227 4317 8524 4332)
4(228 4320 8522 4205)
4(228 4332 8524 4320)
4(8525 4193 8409 2765)
4(8525 2765 8514 4194)
4(8526 2765 8409 4204)
4(8526 4205 8522 2765)
4(8526 2765 8525 4207)
4(155 4207 8525 4193)
4(8527 4319 8514 2765)
4(8527 2765 8522 4320)
4(8527 4323 8525 2765)
4(224 4194 8525 4323)
4(224 4323 8527 4319)
4(8527 2765 8526 4334)
4(228 4320 8527 4334)
4(229 4323 8525 4207)
4(229 4334 8527 4323)
4(8529 2766 8412 4206)
4(8529 4207 8525 2766)
4(8529 2766 8528 4210)
4(156 4210 8528 4195)
4(156 4206 8529 4210)
4(8530 2766 8525 4323)
4(8530 2766 8529 4336)
4(229 4323 8530 4336)
4(229 4336 8529 4207)
4(230 4325 8528 4210)
4(230 4336 8530 4325)
4(230 4210 8529 4336)
4(8531 4210 8528 2767)
4(230 4338 8531 4210)
4(230 4325 8532 4338)
4(8534 2768 8533 4218)
4(159 4218 8533 4197)
4(159 4213 8534 4218)
4(233 4327 8533 4218)
4(233 4218 8534 4343)
4(233 4343 8535 4327)
4(8536 4200 8420 2769)
4(8536 2769 8517 4201)
4(8537 2769 8420 4216)
4(8537 4218 8533 2769)
4(8537 2769 8536 4219)
4(160 4219 8536 4200)
4(8538 4326 8517 2769)
4(8538 2769 8533 4327)
4(8538 4330 8536 2769)
4(226 4330 8538 4326)
4(226 4201 8536 4330)
4(8538 2769 8537 4346)
4(233 4327 8538 4346)
4(234 4346 8538 4330)
4(234 4330 8536 4219)
4(8540 4211 8424 2770)
4(8540 2770 8531 4212)
4(8541 2770 8424 4220)
4(8541 4221 8539 2770)
4(164 4209 8539 4221)
4(8541 2770 8540 4224)
4(165 4224 8540 4211)
4(8542 4338 8531 2770)
4(8542 2770 8539 4339)
4(230 4339 8539 4210)
4(8542 4341 8540 2770)
4(231 4341 8542 4338)
4(8542 2770 8541 4350)
4(238 4339 8542 4350)
4(238 4221 8539 4339)
4(239 4341 8540 4224)
4(239 4350 8542 4341)
4(8543 4224 8540 2771)
4(239 4352 8543 4224)
4(239 4341 8544 4352)
4(8547 4217 8431 2772)
4(8547 2772 8534 4218)
4(8548 2772 8431 4228)
4(8548 4230 8545 2772)
4(8548 2772 8547 4232)
4(168 4228 8548 4232)
4(8549 4343 8534 2772)
4(8549 2772 8545 4344)
4(8549 4347 8547 2772)
4(233 4347 8549 4343)
4(8549 2772 8548 4358)
4(241 4358 8548 4230)
4(241 4344 8549 4358)
4(242 4232 8548 4358)
4(242 4358 8549 4347)
4(8551 4225 8435 2773)
4(8551 2773 8543 4226)
4(8552 2773 8435 4233)
4(8552 4235 8550 2773)
4(8552 2773 8551 4238)
4(175 4233 8552 4238)
4(8553 4352 8543 2773)
4(8553 2773 8550 4353)
4(8553 4355 8551 2773)
4(240 4355 8553 4352)
4(8553 2773 8552 4363)
4(248 4363 8552 4235)
4(248 4353 8553 4363)
4(249 4238 8552 4363)
4(249 4363 8553 4355)
4(8555 4229 8439 2774)
4(8555 2774 8546 4230)
4(8556 2774 8555 4242)
4(176 4242 8555 4229)
4(176 4239 8556 4242)
4(8557 4359 8555 2774)
4(241 4230 8555 4359)
4(241 4359 8557 4357)
4(250 4359 8555 4242)
4(250 4242 8556 4369)
4(250 4369 8557 4359)
4(8558 4231 8442 2775)
4(8558 2775 8548 4232)
4(8559 2775 8442 4240)
4(8559 4242 8555 2775)
4(8559 2775 8558 4244)
4(177 4240 8559 4244)
4(8560 4358 8548 2775)
4(8560 2775 8555 4359)
4(8560 4361 8558 2775)
4(242 4361 8560 4358)
4(8560 2775 8559 4370)
4(250 4370 8559 4242)
4(250 4359 8560 4370)
4(251 4244 8559 4370)
4(251 4370 8560 4361)
4(8562 4237 8446 2776)
4(8562 2776 8552 4238)
4(8563 2776 8446 4245)
4(8563 4247 8561 2776)
4(8563 2776 8562 4250)
4(184 4250 8562 4237)
4(184 4245 8563 4250)
4(8564 4363 8552 2776)
4(8564 2776 8561 4364)
4(8564 4367 8562 2776)
4(249 4238 8562 4367)
4(249 4367 8564 4363)
4(8564 2776 8563 4375)
4(257 4375 8563 4247)
4(257 4364 8564 4375)
4(258 4367 8562 4250)
4(258 4250 8563 4375)
4(258 4375 8564 4367)
4(8565 4250 8562 2777)
4(8566 2777 8562 4367)
4(258 4378 8565 4250)
4(258 4367 8566 4378)
4(8567 4241 8451 2778)
4(8567 2778 8556 4242)
4(8568 2778 8567 4254)
4(185 4254 8567 4241)
4(185 4251 8568 4254)
4(8569 4371 8567 2778)
4(250 4242 8567 4371)
4(250 4371 8569 4369)
4(259 4371 8567 4254)
4(259 4254 8568 4381)
4(259 4381 8569 4371)
4(8570 4243 8454 2779)
4(8570 2779 8559 4244)
4(8571 2779 8454 4252)
4(8571 4254 8567 2779)
4(8571 2779 8570 4256)
4(186 4252 8571 4256)
4(8572 4370 8559 2779)
4(8572 2779 8567 4371)
4(8572 4373 8570 2779)
4(251 4373 8572 4370)
4(8572 2779 8571 4382)
4(259 4382 8571 4254)
4(259 4371 8572 4382)
4(260 4256 8571 4382)
4(260 4382 8572 4373)
4(8574 4249 8458 2780)
4(8574 2780 8563 4250)
4(8575 2780 8458 4257)
4(8575 4259 8573 2780)
4(8575 2780 8574 4262)
4(193 4262 8574 4249)
4(193 4257 8575 4262)
4(8576 4375 8563 2780)
4(8576 2780 8573 4376)
4(8576 4379 8574 2780)
4(258 4250 8574 4379)
4(258 4379 8576 4375)
4(8576 2780 8575 4387)
4(266 4387 8575 4259)
4(266 4376 8576 4387)
4(267 4379 8574 4262)
4(267 4262 8575 4387)
4(267 4387 8576 4379)
4(8577 4262 8574 2781)
4(8578 2781 8574 4379)
4(267 4390 8577 4262)
4(267 4379 8578 4390)
4(8579 4253 8463 2782)
4(8579 2782 8568 4254)
4(8580 2782 8579 4266)
4(194 4266 8579 4253)
4(8581 4383 8579 2782)
4(259 4254 8579 4383)
4(259 4383 8581 4381)
4(268 4383 8579 4266)
4(268 4393 8581 4383)
4(8582 4255 8466 2783)
4(8582 2783 8571 4256)
4(8583 2783 8466 4264)
4(8583 4266 8579 2783)
4(8583 2783 8582 4268)
4(195 4264 8583 4268)
4(8584 4382 8571 2783)
4(8584 2783 8579 4383)
4(8584 4385 8582 2783)
4(260 4385 8584 4382)
4(8584 2783 8583 4394)
4(268 4394 8583 4266)
4(268 4383 8584 4394)
4(269 4268 8583 4394)
4(269 4394 8584 4385)
4(8586 4261 8470 2784)
4(8586 2784 8575 4262)
4(8587 2784 8470 4269)
4(8587 4271 8585 2784)
4(8587 2784 8586 4274)
4(202 4274 8586 4261)
4(202 4269 8587 4274)
4(8588 4387 8575 2784)
4(8588 2784 8585 4388)
4(8588 4391 8586 2784)
4(267 4262 8586 4391)
4(267 4391 8588 4387)
4(8588 2784 8587 4399)
4(275 4399 8587 4271)
4(275 4388 8588 4399)
4(276 4391 8586 4274)
4(276 4274 8587 4399)
4(276 4399 8588 4391)
4(8589 4274 8586 2785)
4(8590 2785 8586 4391)
4(276 4391 8590 4402)
4(8592 4267 8476 2786)
4(8592 2786 8583 4268)
4(8593 2786 8476 4275)
4(8593 4276 8591 2786)
4(8593 2786 8592 4279)
4(204 4275 8593 4279)
4(8594 4394 8583 2786)
4(8594 2786 8591 4395)
4(8594 4397 8592 2786)
4(269 4397 8594 4394)
4(8594 2786 8593 4405)
4(277 4395 8594 4405)
4(278 4279 8593 4405)
4(278 4405 8594 4397)
4(8598 4273 8482 2787)
4(8598 2787 8587 4274)
4(8599 2787 8482 4285)
4(8599 4287 8596 2787)
4(8599 2787 8598 4288)
4(8600 4399 8587 2787)
4(8600 2787 8596 4400)
4(8600 4403 8598 2787)
4(276 4403 8600 4399)
4(8600 2787 8599 4415)
4(284 4415 8599 4287)
4(284 4400 8600 4415)
4(285 4415 8600 4403)
4(8601 2788 8593 4279)
4(278 4279 8601 4408)
4(278 4408 8602 4405)
4(8603 4280 8487 2789)
4(8603 2789 8595 4281)
4(8604 2789 8487 4289)
4(8604 4290 8601 2789)
4(8604 2789 8603 4293)
4(213 4289 8604 4293)
4(213 4293 8603 4280)
4(8605 4407 8595 2789)
4(8605 2789 8601 4408)
4(8605 4410 8603 2789)
4(279 4410 8605 4407)
4(279 4281 8603 4410)
4(8605 2789 8604 4419)
4(286 4408 8605 4419)
4(287 4293 8604 4419)
4(287 4419 8605 4410)
4(287 4410 8603 4293)
4(8611 4286 8495 2790)
4(8611 2790 8597 4287)
4(8612 2790 8495 4303)
4(8612 4305 8609 2790)
4(217 4283 8609 4305)
4(8612 2790 8611 4306)
4(8613 4412 8597 2790)
4(8613 2790 8609 4413)
4(283 4413 8609 4284)
4(8613 4416 8611 2790)
4(284 4287 8611 4416)
4(284 4416 8613 4412)
4(8613 2790 8612 4433)
4(291 4433 8612 4305)
4(291 4413 8613 4433)
4(291 4305 8609 4413)
4(292 4433 8613 4416)
4(8615 2792 8604 4293)
4(287 4293 8615 4422)
4(287 4422 8616 4419)
4(8617 4295 8501 2793)
4(8617 2793 8606 4296)
4(214 4296 8606 4291)
4(8618 2793 8617 4309)
4(219 4309 8617 4295)
4(8619 4421 8606 2793)
4(287 4293 8606 4421)
4(8619 4425 8617 2793)
4(288 4296 8617 4425)
4(288 4425 8619 4421)
4(288 4421 8606 4296)
4(293 4425 8617 4309)
4(293 4437 8619 4425)
4(8620 4298 8504 2794)
4(8620 2794 8607 4299)
4(8621 2794 8504 4308)
4(8621 4309 8617 2794)
4(8621 2794 8620 4311)
4(220 4311 8620 4298)
4(8622 4424 8607 2794)
4(8622 2794 8617 4425)
4(8622 4428 8620 2794)
4(289 4299 8620 4428)
4(289 4428 8622 4424)
4(8622 2794 8621 4438)
4(293 4425 8622 4438)
4(294 4428 8620 4311)
4(294 4438 8622 4428)
4(8623 4301 8507 2795)
4(8623 2795 8608 4302)
4(8624 2795 8507 4310)
4(8624 4311 8620 2795)
4(8624 2795 8623 4313)
4(221 4313 8623 4301)
4(8625 4427 8608 2795)
4(8625 2795 8620 4428)
4(8625 4431 8623 2795)
4(290 4302 8623 4431)
4(290 4431 8625 4427)
4(8625 2795 8624 4440)
4(294 4428 8625 4440)
4(295 4431 8623 4313)
4(295 4440 8625 4431)
4(8626 2796 8610 4305)
4(217 4305 8610 4300)
4(8627 4313 8623 2796)
4(8628 4430 8610 2796)
4(8628 2796 8623 4431)
4(290 4302 8610 4430)
4(291 4305 8626 4434)
4(291 4434 8628 4430)
4(291 4430 8610 4305)
4(295 4431 8628 4442)
4(8635 2798 8634 4331)
4(226 4331 8634 4315)
4(226 4326 8635 4331)
4(300 4445 8634 4331)
4(300 4331 8635 4456)
4(300 4456 8636 4445)
4(8637 4317 8521 2799)
4(8637 2799 8630 4318)
4(8638 2799 8521 4329)
4(8638 4331 8634 2799)
4(8638 2799 8637 4333)
4(227 4333 8637 4317)
4(227 4329 8638 4333)
4(8639 4447 8637 2799)
4(296 4318 8637 4447)
4(296 4447 8639 4444)
4(8639 2799 8638 4459)
4(300 4445 8639 4459)
4(300 4459 8638 4331)
4(301 4447 8637 4333)
4(301 4459 8639 4447)
4(301 4333 8638 4459)
4(8640 4320 8524 2800)
4(8640 2800 8631 4321)
4(8641 2800 8524 4332)
4(8641 4333 8637 2800)
4(8641 2800 8640 4335)
4(228 4335 8640 4320)
4(8642 4446 8631 2800)
4(8642 2800 8637 4447)
4(8642 4450 8640 2800)
4(297 4321 8640 4450)
4(297 4450 8642 4446)
4(8642 2800 8641 4462)
4(301 4447 8642 4462)
4(302 4450 8640 4335)
4(302 4462 8642 4450)
4(8643 4323 8527 2801)
4(8643 2801 8632 4324)
4(8644 2801 8527 4334)
4(8644 4335 8640 2801)
4(8644 2801 8643 4337)
4(229 4337 8643 4323)
4(8645 4449 8632 2801)
4(8645 2801 8640 4450)
4(8645 4453 8643 2801)
4(298 4324 8643 4453)
4(298 4453 8645 4449)
4(8645 2801 8644 4464)
4(302 4450 8645 4464)
4(303 4453 8643 4337)
4(303 4464 8645 4453)
4(8647 2802 8530 4336)
4(8647 4337 8643 2802)
4(8647 2802 8646 4340)
4(230 4340 8646 4325)
4(230 4336 8647 4340)
4(8648 2802 8643 4453)
4(8648 2802 8647 4466)
4(303 4453 8648 4466)
4(303 4466 8647 4337)
4(304 4455 8646 4340)
4(304 4466 8648 4455)
4(304 4340 8647 4466)
4(8649 4340 8646 2803)
4(304 4468 8649 4340)
4(304 4455 8650 4468)
4(8652 2804 8651 4348)
4(233 4348 8651 4327)
4(233 4343 8652 4348)
4(307 4457 8651 4348)
4(307 4348 8652 4473)
4(307 4473 8653 4457)
4(8654 4330 8538 2805)
4(8654 2805 8635 4331)
4(8655 2805 8538 4346)
4(8655 4348 8651 2805)
4(8655 2805 8654 4349)
4(234 4349 8654 4330)
4(8656 4456 8635 2805)
4(8656 2805 8651 4457)
4(8656 4460 8654 2805)
4(300 4460 8656 4456)
4(300 4331 8654 4460)
4(8656 2805 8655 4476)
4(307 4457 8656 4476)
4(308 4476 8656 4460)
4(308 4460 8654 4349)
4(8658 4341 8542 2806)
4(8658 2806 8649 4342)
4(8659 2806 8542 4350)
4(8659 4351 8657 2806)
4(238 4339 8657 4351)
4(8659 2806 8658 4354)
4(239 4354 8658 4341)
4(8660 4468 8649 2806)
4(8660 2806 8657 4469)
4(304 4469 8657 4340)
4(8660 4471 8658 2806)
4(305 4471 8660 4468)
4(8660 2806 8659 4480)
4(312 4469 8660 4480)
4(312 4351 8657 4469)
4(313 4471 8658 4354)
4(313 4480 8660 4471)
4(8661 4354 8658 2807)
4(313 4482 8661 4354)
4(313 4471 8662 4482)
4(8665 4347 8549 2808)
4(8665 2808 8652 4348)
4(8666 2808 8549 4358)
4(8666 4360 8663 2808)
4(8666 2808 8665 4362)
4(242 4358 8666 4362)
4(8667 4473 8652 2808)
4(8667 2808 8663 4474)
4(8667 4477 8665 2808)
4(307 4477 8667 4473)
4(8667 2808 8666 4488)
4(315 4488 8666 4360)
4(315 4474 8667 4488)
4(316 4362 8666 4488)
4(316 4488 8667 4477)
4(8669 4355 8553 2809)
4(8669 2809 8661 4356)
4(8670 2809 8553 4363)
4(8670 4365 8668 2809)
4(8670 2809 8669 4368)
4(249 4363 8670 4368)
4(8671 4482 8661 2809)
4(8671 2809 8668 4483)
4(8671 4485 8669 2809)
4(314 4485 8671 4482)
4(8671 2809 8670 4493)
4(322 4493 8670 4365)
4(322 4483 8671 4493)
4(323 4368 8670 4493)
4(323 4493 8671 4485)
4(8673 4359 8557 2810)
4(8673 2810 8664 4360)
4(8674 2810 8673 4372)
4(250 4372 8673 4359)
4(250 4369 8674 4372)
4(8675 4489 8673 2810)
4(315 4360 8673 4489)
4(315 4489 8675 4487)
4(324 4489 8673 4372)
4(324 4372 8674 4499)
4(324 4499 8675 4489)
4(8676 4361 8560 2811)
4(8676 2811 8666 4362)
4(8677 2811 8560 4370)
4(8677 4372 8673 2811)
4(8677 2811 8676 4374)
4(251 4370 8677 4374)
4(8678 4488 8666 2811)
4(8678 2811 8673 4489)
4(8678 4491 8676 2811)
4(316 4491 8678 4488)
4(8678 2811 8677 4500)
4(324 4500 8677 4372)
4(324 4489 8678 4500)
4(325 4374 8677 4500)
4(325 4500 8678 4491)
4(8680 4367 8564 2812)
4(8680 2812 8670 4368)
4(8681 2812 8564 4375)
4(8681 4377 8679 2812)
4(8681 2812 8680 4380)
4(258 4380 8680 4367)
4(258 4375 8681 4380)
4(8682 4493 8670 2812)
4(8682 2812 8679 4494)
4(8682 4497 8680 2812)
4(323 4368 8680 4497)
4(323 4497 8682 4493)
4(8682 2812 8681 4505)
4(331 4505 8681 4377)
4(331 4494 8682 4505)
4(332 4497 8680 4380)
4(332 4380 8681 4505)
4(332 4505 8682 4497)
4(8683 4380 8680 2813)
4(8684 2813 8680 4497)
4(332 4508 8683 4380)
4(332 4497 8684 4508)
4(8685 4371 8569 2814)
4(8685 2814 8674 4372)
4(8686 2814 8685 4384)
4(259 4384 8685 4371)
4(259 4381 8686 4384)
4(8687 4501 8685 2814)
4(324 4372 8685 4501)
4(324 4501 8687 4499)
4(333 4501 8685 4384)
4(333 4384 8686 4511)
4(333 4511 8687 4501)
4(8688 4373 8572 2815)
4(8688 2815 8677 4374)
4(8689 2815 8572 4382)
4(8689 4384 8685 2815)
4(8689 2815 8688 4386)
4(260 4382 8689 4386)
4(8690 4500 8677 2815)
4(8690 2815 8685 4501)
4(8690 4503 8688 2815)
4(325 4503 8690 4500)
4(8690 2815 8689 4512)
4(333 4512 8689 4384)
4(333 4501 8690 4512)
4(334 4386 8689 4512)
4(334 4512 8690 4503)
4(8692 4379 8576 2816)
4(8692 2816 8681 4380)
4(8693 2816 8576 4387)
4(8693 4389 8691 2816)
4(8693 2816 8692 4392)
4(267 4392 8692 4379)
4(267 4387 8693 4392)
4(8694 4505 8681 2816)
4(8694 2816 8691 4506)
4(8694 4509 8692 2816)
4(332 4380 8692 4509)
4(332 4509 8694 4505)
4(8694 2816 8693 4517)
4(340 4517 8693 4389)
4(340 4506 8694 4517)
4(341 4509 8692 4392)
4(341 4392 8693 4517)
4(341 4517 8694 4509)
4(8695 4392 8692 2817)
4(8696 2817 8692 4509)
4(341 4520 8695 4392)
4(341 4509 8696 4520)
4(8697 4383 8581 2818)
4(8697 2818 8686 4384)
4(8698 2818 8697 4396)
4(268 4396 8697 4383)
4(8699 4513 8697 2818)
4(333 4384 8697 4513)
4(333 4513 8699 4511)
4(342 4513 8697 4396)
4(342 4523 8699 4513)
4(8700 4385 8584 2819)
4(8700 2819 8689 4386)
4(8701 2819 8584 4394)
4(8701 4396 8697 2819)
4(8701 2819 8700 4398)
4(269 4394 8701 4398)
4(8702 4512 8689 2819)
4(8702 2819 8697 4513)
4(8702 4515 8700 2819)
4(334 4515 8702 4512)
4(8702 2819 8701 4524)
4(342 4524 8701 4396)
4(342 4513 8702 4524)
4(343 4398 8701 4524)
4(343 4524 8702 4515)
4(8704 4391 8588 2820)
4(8704 2820 8693 4392)
4(8705 2820 8588 4399)
4(8705 4401 8703 2820)
4(8705 2820 8704 4404)
4(276 4404 8704 4391)
4(276 4399 8705 4404)
4(8706 4517 8693 2820)
4(8706 2820 8703 4518)
4(8706 4521 8704 2820)
4(341 4392 8704 4521)
4(341 4521 8706 4517)
4(8706 2820 8705 4529)
4(349 4529 8705 4401)
4(349 4518 8706 4529)
4(350 4521 8704 4404)
4(350 4404 8705 4529)
4(350 4529 8706 4521)
4(8707 4404 8704 2821)
4(8708 2821 8704 4521)
4(350 4521 8708 4532)
4(8710 4397 8594 2822)
4(8710 2822 8701 4398)
4(8711 2822 8594 4405)
4(8711 4406 8709 2822)
4(8711 2822 8710 4409)
4(278 4405 8711 4409)
4(8712 4524 8701 2822)
4(8712 2822 8709 4525)
4(8712 4527 8710 2822)
4(343 4527 8712 4524)
4(8712 2822 8711 4535)
4(351 4525 8712 4535)
4(352 4409 8711 4535)
4(352 4535 8712 4527)
4(8716 4403 8600 2823)
4(8716 2823 8705 4404)
4(8717 2823 8600 4415)
4(8717 4417 8714 2823)
4(8717 2823 8716 4418)
4(8718 4529 8705 2823)
4(8718 2823 8714 4530)
4(8718 4533 8716 2823)
4(350 4533 8718 4529)
4(8718 2823 8717 4545)
4(358 4545 8717 4417)
4(358 4530 8718 4545)
4(359 4545 8718 4533)
4(8719 2824 8711 4409)
4(352 4409 8719 4538)
4(352 4538 8720 4535)
4(8721 4410 8605 2825)
4(8721 2825 8713 4411)
4(8722 2825 8605 4419)
4(8722 4420 8719 2825)
4(8722 2825 8721 4423)
4(287 4419 8722 4423)
4(287 4423 8721 4410)
4(8723 4537 8713 2825)
4(8723 2825 8719 4538)
4(8723 4540 8721 2825)
4(353 4540 8723 4537)
4(353 4411 8721 4540)
4(8723 2825 8722 4549)
4(360 4538 8723 4549)
4(361 4423 8722 4549)
4(361 4549 8723 4540)
4(361 4540 8721 4423)
4(8729 4416 8613 2826)
4(8729 2826 8715 4417)
4(8730 2826 8613 4433)
4(8730 4435 8727 2826)
4(291 4413 8727 4435)
4(8730 2826 8729 4436)
4(8731 4542 8715 2826)
4(8731 2826 8727 4543)
4(357 4543 8727 4414)
4(8731 4546 8729 2826)
4(358 4417 8729 4546)
4(358 4546 8731 4542)
4(8731 2826 8730 4563)
4(365 4563 8730 4435)
4(365 4543 8731 4563)
4(365 4435 8727 4543)
4(366 4563 8731 4546)
4(8733 2828 8722 4423)
4(361 4423 8733 4552)
4(361 4552 8734 4549)
4(8735 4425 8619 2829)
4(8735 2829 8724 4426)
4(288 4426 8724 4421)
4(8736 2829 8735 4439)
4(293 4439 8735 4425)
4(8737 4551 8724 2829)
4(361 4423 8724 4551)
4(8737 4555 8735 2829)
4(362 4426 8735 4555)
4(362 4555 8737 4551)
4(362 4551 8724 4426)
4(367 4555 8735 4439)
4(367 4567 8737 4555)
4(8738 4428 8622 2830)
4(8738 2830 8725 4429)
4(8739 2830 8622 4438)
4(8739 4439 8735 2830)
4(8739 2830 8738 4441)
4(294 4441 8738 4428)
4(8740 4554 8725 2830)
4(8740 2830 8735 4555)
4(8740 4558 8738 2830)
4(363 4429 8738 4558)
4(363 4558 8740 4554)
4(8740 2830 8739 4568)
4(367 4555 8740 4568)
4(368 4558 8738 4441)
4(368 4568 8740 4558)
4(8741 4431 8625 2831)
4(8741 2831 8726 4432)
4(8742 2831 8625 4440)
4(8742 4441 8738 2831)
4(8742 2831 8741 4443)
4(295 4443 8741 4431)
4(8743 4557 8726 2831)
4(8743 2831 8738 4558)
4(8743 4561 8741 2831)
4(364 4432 8741 4561)
4(364 4561 8743 4557)
4(8743 2831 8742 4570)
4(368 4558 8743 4570)
4(369 4561 8741 4443)
4(369 4570 8743 4561)
4(8744 2832 8728 4435)
4(291 4435 8728 4430)
4(8745 4443 8741 2832)
4(8746 4560 8728 2832)
4(8746 2832 8741 4561)
4(364 4432 8728 4560)
4(365 4435 8744 4564)
4(365 4564 8746 4560)
4(365 4560 8728 4435)
4(369 4561 8746 4572)
4(8753 2834 8752 4461)
4(300 4461 8752 4445)
4(300 4456 8753 4461)
4(374 4575 8752 4461)
4(374 4461 8753 4586)
4(374 4586 8754 4575)
4(8755 4447 8639 2835)
4(8755 2835 8748 4448)
4(8756 2835 8639 4459)
4(8756 4461 8752 2835)
4(8756 2835 8755 4463)
4(301 4463 8755 4447)
4(301 4459 8756 4463)
4(8757 4577 8755 2835)
4(370 4448 8755 4577)
4(370 4577 8757 4574)
4(8757 2835 8756 4589)
4(374 4575 8757 4589)
4(374 4589 8756 4461)
4(375 4577 8755 4463)
4(375 4589 8757 4577)
4(375 4463 8756 4589)
4(8758 4450 8642 2836)
4(8758 2836 8749 4451)
4(8759 2836 8642 4462)
4(8759 4463 8755 2836)
4(8759 2836 8758 4465)
4(302 4465 8758 4450)
4(8760 4576 8749 2836)
4(8760 2836 8755 4577)
4(8760 4580 8758 2836)
4(371 4451 8758 4580)
4(371 4580 8760 4576)
4(8760 2836 8759 4592)
4(375 4577 8760 4592)
4(376 4580 8758 4465)
4(376 4592 8760 4580)
4(8761 4453 8645 2837)
4(8761 2837 8750 4454)
4(8762 2837 8645 4464)
4(8762 4465 8758 2837)
4(8762 2837 8761 4467)
4(303 4467 8761 4453)
4(8763 4579 8750 2837)
4(8763 2837 8758 4580)
4(8763 4583 8761 2837)
4(372 4454 8761 4583)
4(372 4583 8763 4579)
4(8763 2837 8762 4594)
4(376 4580 8763 4594)
4(377 4583 8761 4467)
4(377 4594 8763 4583)
4(8765 2838 8648 4466)
4(8765 4467 8761 2838)
4(8765 2838 8764 4470)
4(304 4470 8764 4455)
4(304 4466 8765 4470)
4(8766 2838 8761 4583)
4(8766 2838 8765 4596)
4(377 4583 8766 4596)
4(377 4596 8765 4467)
4(378 4585 8764 4470)
4(378 4596 8766 4585)
4(378 4470 8765 4596)
4(8767 4470 8764 2839)
4(378 4598 8767 4470)
4(378 4585 8768 4598)
4(8770 2840 8769 4478)
4(307 4478 8769 4457)
4(307 4473 8770 4478)
4(381 4587 8769 4478)
4(381 4478 8770 4603)
4(381 4603 8771 4587)
4(8772 4460 8656 2841)
4(8772 2841 8753 4461)
4(8773 2841 8656 4476)
4(8773 4478 8769 2841)
4(8773 2841 8772 4479)
4(308 4479 8772 4460)
4(8774 4586 8753 2841)
4(8774 2841 8769 4587)
4(8774 4590 8772 2841)
4(374 4590 8774 4586)
4(374 4461 8772 4590)
4(8774 2841 8773 4606)
4(381 4587 8774 4606)
4(382 4606 8774 4590)
4(382 4590 8772 4479)
4(8776 4471 8660 2842)
4(8776 2842 8767 4472)
4(8777 2842 8660 4480)
4(8777 4481 8775 2842)
4(312 4469 8775 4481)
4(8777 2842 8776 4484)
4(313 4484 8776 4471)
4(8778 4598 8767 2842)
4(8778 2842 8775 4599)
4(378 4599 8775 4470)
4(8778 4601 8776 2842)
4(379 4601 8778 4598)
4(8778 2842 8777 4610)
4(386 4599 8778 4610)
4(386 4481 8775 4599)
4(387 4601 8776 4484)
4(387 4610 8778 4601)
4(8779 4484 8776 2843)
4(387 4612 8779 4484)
4(387 4601 8780 4612)
4(8783 4477 8667 2844)
4(8783 2844 8770 4478)
4(8784 2844 8667 4488)
4(8784 4490 8781 2844)
4(8784 2844 8783 4492)
4(316 4488 8784 4492)
4(8785 4603 8770 2844)
4(8785 2844 8781 4604)
4(8785 4607 8783 2844)
4(381 4607 8785 4603)
4(8785 2844 8784 4618)
4(389 4618 8784 4490)
4(389 4604 8785 4618)
4(390 4492 8784 4618)
4(390 4618 8785 4607)
4(8787 4485 8671 2845)
4(8787 2845 8779 4486)
4(8788 2845 8671 4493)
4(8788 4495 8786 2845)
4(8788 2845 8787 4498)
4(323 4493 8788 4498)
4(8789 4612 8779 2845)
4(8789 2845 8786 4613)
4(8789 4615 8787 2845)
4(388 4615 8789 4612)
4(8789 2845 8788 4623)
4(396 4623 8788 4495)
4(396 4613 8789 4623)
4(397 4498 8788 4623)
4(397 4623 8789 4615)
4(8791 4489 8675 2846)
4(8791 2846 8782 4490)
4(8792 2846 8791 4502)
4(324 4502 8791 4489)
4(324 4499 8792 4502)
4(8793 4619 8791 2846)
4(389 4490 8791 4619)
4(389 4619 8793 4617)
4(398 4619 8791 4502)
4(398 4502 8792 4629)
4(398 4629 8793 4619)
4(8794 4491 8678 2847)
4(8794 2847 8784 4492)
4(8795 2847 8678 4500)
4(8795 4502 8791 2847)
4(8795 2847 8794 4504)
4(325 4500 8795 4504)
4(8796 4618 8784 2847)
4(8796 2847 8791 4619)
4(8796 4621 8794 2847)
4(390 4621 8796 4618)
4(8796 2847 8795 4630)
4(398 4630 8795 4502)
4(398 4619 8796 4630)
4(399 4504 8795 4630)
4(399 4630 8796 4621)
4(8798 4497 8682 2848)
4(8798 2848 8788 4498)
4(8799 2848 8682 4505)
4(8799 4507 8797 2848)
4(8799 2848 8798 4510)
4(332 4510 8798 4497)
4(332 4505 8799 4510)
4(8800 4623 8788 2848)
4(8800 2848 8797 4624)
4(8800 4627 8798 2848)
4(397 4498 8798 4627)
4(397 4627 8800 4623)
4(8800 2848 8799 4635)
4(405 4635 8799 4507)
4(405 4624 8800 4635)
4(406 4627 8798 4510)
4(406 4510 8799 4635)
4(406 4635 8800 4627)
4(8801 4510 8798 2849)
4(8802 2849 8798 4627)
4(406 4638 8801 4510)
4(406 4627 8802 4638)
4(8803 4501 8687 2850)
4(8803 2850 8792 4502)
4(8804 2850 8803 4514)
4(333 4514 8803 4501)
4(333 4511 8804 4514)
4(8805 4631 8803 2850)
4(398 4502 8803 4631)
4(398 4631 8805 4629)
4(407 4631 8803 4514)
4(407 4514 8804 4641)
4(407 4641 8805 4631)
4(8806 4503 8690 2851)
4(8806 2851 8795 4504)
4(8807 2851 8690 4512)
4(8807 4514 8803 2851)
4(8807 2851 8806 4516)
4(334 4512 8807 4516)
4(8808 4630 8795 2851)
4(8808 2851 8803 4631)
4(8808 4633 8806 2851)
4(399 4633 8808 4630)
4(8808 2851 8807 4642)
4(407 4642 8807 4514)
4(407 4631 8808 4642)
4(408 4516 8807 4642)
4(408 4642 8808 4633)
4(8810 4509 8694 2852)
4(8810 2852 8799 4510)
4(8811 2852 8694 4517)
4(8811 4519 8809 2852)
4(8811 2852 8810 4522)
4(341 4522 8810 4509)
4(341 4517 8811 4522)
4(8812 4635 8799 2852)
4(8812 2852 8809 4636)
4(8812 4639 8810 2852)
4(406 4510 8810 4639)
4(406 4639 8812 4635)
4(8812 2852 8811 4647)
4(414 4647 8811 4519)
4(414 4636 8812 4647)
4(415 4639 8810 4522)
4(415 4522 8811 4647)
4(415 4647 8812 4639)
4(8813 4522 8810 2853)
4(8814 2853 8810 4639)
4(415 4650 8813 4522)
4(415 4639 8814 4650)
4(8815 4513 8699 2854)
4(8815 2854 8804 4514)
4(8816 2854 8815 4526)
4(342 4526 8815 4513)
4(8817 4643 8815 2854)
4(407 4514 8815 4643)
4(407 4643 8817 4641)
4(416 4643 8815 4526)
4(416 4653 8817 4643)
4(8818 4515 8702 2855)
4(8818 2855 8807 4516)
4(8819 2855 8702 4524)
4(8819 4526 8815 2855)
4(8819 2855 8818 4528)
4(343 4524 8819 4528)
4(8820 4642 8807 2855)
4(8820 2855 8815 4643)
4(8820 4645 8818 2855)
4(408 4645 8820 4642)
4(8820 2855 8819 4654)
4(416 4654 8819 4526)
4(416 4643 8820 4654)
4(417 4528 8819 4654)
4(417 4654 8820 4645)
4(8822 4521 8706 2856)
4(8822 2856 8811 4522)
4(8823 2856 8706 4529)
4(8823 4531 8821 2856)
4(8823 2856 8822 4534)
4(350 4534 8822 4521)
4(350 4529 8823 4534)
4(8824 4647 8811 2856)
4(8824 2856 8821 4648)
4(8824 4651 8822 2856)
4(415 4522 8822 4651)
4(415 4651 8824 4647)
4(8824 2856 8823 4659)
4(423 4659 8823 4531)
4(423 4648 8824 4659)
4(424 4651 8822 4534)
4(424 4534 8823 4659)
4(424 4659 8824 4651)
4(8825 4534 8822 2857)
4(8826 2857 8822 4651)
4(424 4651 8826 4662)
4(8828 4527 8712 2858)
4(8828 2858 8819 4528)
4(8829 2858 8712 4535)
4(8829 4536 8827 2858)
4(8829 2858 8828 4539)
4(352 4535 8829 4539)
4(8830 4654 8819 2858)
4(8830 2858 8827 4655)
4(8830 4657 8828 2858)
4(417 4657 8830 4654)
4(8830 2858 8829 4665)
4(425 4655 8830 4665)
4(426 4539 8829 4665)
4(426 4665 8830 4657)
4(8834 4533 8718 2859)
4(8834 2859 8823 4534)
4(8835 2859 8718 4545)
4(8835 4547 8832 2859)
4(8835 2859 8834 4548)
4(8836 4659 8823 2859)
4(8836 2859 8832 4660)
4(8836 4663 8834 2859)
4(424 4663 8836 4659)
4(8836 2859 8835 4675)
4(432 4675 8835 4547)
4(432 4660 8836 4675)
4(433 4675 8836 4663)
4(8837 2860 8829 4539)
4(426 4539 8837 4668)
4(426 4668 8838 4665)
4(8839 4540 8723 2861)
4(8839 2861 8831 4541)
4(8840 2861 8723 4549)
4(8840 4550 8837 2861)
4(8840 2861 8839 4553)
4(361 4549 8840 4553)
4(361 4553 8839 4540)
4(8841 4667 8831 2861)
4(8841 2861 8837 4668)
4(8841 4670 8839 2861)
4(427 4670 8841 4667)
4(427 4541 8839 4670)
4(8841 2861 8840 4679)
4(434 4668 8841 4679)
4(435 4553 8840 4679)
4(435 4679 8841 4670)
4(435 4670 8839 4553)
4(8847 4546 8731 2862)
4(8847 2862 8833 4547)
4(8848 2862 8731 4563)
4(8848 4565 8845 2862)
4(365 4543 8845 4565)
4(8848 2862 8847 4566)
4(8849 4672 8833 2862)
4(8849 2862 8845 4673)
4(431 4673 8845 4544)
4(8849 4676 8847 2862)
4(432 4547 8847 4676)
4(432 4676 8849 4672)
4(8849 2862 8848 4693)
4(439 4693 8848 4565)
4(439 4673 8849 4693)
4(439 4565 8845 4673)
4(440 4693 8849 4676)
4(8851 2864 8840 4553)
4(435 4553 8851 4682)
4(435 4682 8852 4679)
4(8853 4555 8737 2865)
4(8853 2865 8842 4556)
4(362 4556 8842 4551)
4(8854 2865 8853 4569)
4(367 4569 8853 4555)
4(8855 4681 8842 2865)
4(435 4553 8842 4681)
4(8855 4685 8853 2865)
4(436 4556 8853 4685)
4(436 4685 8855 4681)
4(436 4681 8842 4556)
4(441 4685 8853 4569)
4(441 4697 8855 4685)
4(8856 4558 8740 2866)
4(8856 2866 8843 4559)
4(8857 2866 8740 4568)
4(8857 4569 8853 2866)
4(8857 2866 8856 4571)
4(368 4571 8856 4558)
4(8858 4684 8843 2866)
4(8858 2866 8853 4685)
4(8858 4688 8856 2866)
4(437 4559 8856 4688)
4(437 4688 8858 4684)
4(8858 2866 8857 4698)
4(441 4685 8858 4698)
4(442 4688 8856 4571)
4(442 4698 8858 4688)
4(8859 4561 8743 2867)
4(8859 2867 8844 4562)
4(8860 2867 8743 4570)
4(8860 4571 8856 2867)
4(8860 2867 8859 4573)
4(369 4573 8859 4561)
4(8861 4687 8844 2867)
4(8861 2867 8856 4688)
4(8861 4691 8859 2867)
4(438 4562 8859 4691)
4(438 4691 8861 4687)
4(8861 2867 8860 4700)
4(442 4688 8861 4700)
4(443 4691 8859 4573)
4(443 4700 8861 4691)
4(8862 2868 8846 4565)
4(365 4565 8846 4560)
4(8863 4573 8859 2868)
4(8864 4690 8846 2868)
4(8864 2868 8859 4691)
4(438 4562 8846 4690)
4(439 4565 8862 4694)
4(439 4694 8864 4690)
4(439 4690 8846 4565)
4(443 4691 8864 4702)
4(8871 2870 8870 4591)
4(374 4591 8870 4575)
4(374 4586 8871 4591)
4(448 4705 8870 4591)
4(448 4591 8871 4716)
4(448 4716 8872 4705)
4(8873 4577 8757 2871)
4(8873 2871 8866 4578)
4(8874 2871 8757 4589)
4(8874 4591 8870 2871)
4(8874 2871 8873 4593)
4(375 4593 8873 4577)
4(375 4589 8874 4593)
4(8875 4707 8873 2871)
4(444 4578 8873 4707)
4(444 4707 8875 4704)
4(8875 2871 8874 4719)
4(448 4705 8875 4719)
4(448 4719 8874 4591)
4(449 4707 8873 4593)
4(449 4719 8875 4707)
4(449 4593 8874 4719)
4(8876 4580 8760 2872)
4(8876 2872 8867 4581)
4(8877 2872 8760 4592)
4(8877 4593 8873 2872)
4(8877 2872 8876 4595)
4(376 4595 8876 4580)
4(8878 4706 8867 2872)
4(8878 2872 8873 4707)
4(8878 4710 8876 2872)
4(445 4581 8876 4710)
4(445 4710 8878 4706)
4(8878 2872 8877 4722)
4(449 4707 8878 4722)
4(450 4710 8876 4595)
4(450 4722 8878 4710)
4(8879 4583 8763 2873)
4(8879 2873 8868 4584)
4(8880 2873 8763 4594)
4(8880 4595 8876 2873)
4(8880 2873 8879 4597)
4(377 4597 8879 4583)
4(8881 4709 8868 2873)
4(8881 2873 8876 4710)
4(8881 4713 8879 2873)
4(446 4584 8879 4713)
4(446 4713 8881 4709)
4(8881 2873 8880 4724)
4(450 4710 8881 4724)
4(451 4713 8879 4597)
4(451 4724 8881 4713)
4(8883 2874 8766 4596)
4(8883 4597 8879 2874)
4(8883 2874 8882 4600)
4(378 4600 8882 4585)
4(378 4596 8883 4600)
4(8884 2874 8879 4713)
4(8884 2874 8883 4726)
4(451 4713 8884 4726)
4(451 4726 8883 4597)
4(452 4715 8882 4600)
4(452 4726 8884 4715)
4(452 4600 8883 4726)
4(8885 4600 8882 2875)
4(452 4728 8885 4600)
4(452 4715 8886 4728)
4(8888 2876 8887 4608)
4(381 4608 8887 4587)
4(381 4603 8888 4608)
4(455 4717 8887 4608)
4(455 4608 8888 4733)
4(455 4733 8889 4717)
4(8890 4590 8774 2877)
4(8890 2877 8871 4591)
4(8891 2877 8774 4606)
4(8891 4608 8887 2877)
4(8891 2877 8890 4609)
4(382 4609 8890 4590)
4(8892 4716 8871 2877)
4(8892 2877 8887 4717)
4(8892 4720 8890 2877)
4(448 4720 8892 4716)
4(448 4591 8890 4720)
4(8892 2877 8891 4736)
4(455 4717 8892 4736)
4(456 4736 8892 4720)
4(456 4720 8890 4609)
4(8894 4601 8778 2878)
4(8894 2878 8885 4602)
4(8895 2878 8778 4610)
4(8895 4611 8893 2878)
4(386 4599 8893 4611)
4(8895 2878 8894 4614)
4(387 4614 8894 4601)
4(8896 4728 8885 2878)
4(8896 2878 8893 4729)
4(452 4729 8893 4600)
4(8896 4731 8894 2878)
4(453 4731 8896 4728)
4(8896 2878 8895 4740)
4(460 4729 8896 4740)
4(460 4611 8893 4729)
4(461 4731 8894 4614)
4(461 4740 8896 4731)
4(8897 4614 8894 2879)
4(461 4742 8897 4614)
4(461 4731 8898 4742)
4(8901 4607 8785 2880)
4(8901 2880 8888 4608)
4(8902 2880 8785 4618)
4(8902 4620 8899 2880)
4(8902 2880 8901 4622)
4(390 4618 8902 4622)
4(8903 4733 8888 2880)
4(8903 2880 8899 4734)
4(8903 4737 8901 2880)
4(455 4737 8903 4733)
4(8903 2880 8902 4748)
4(463 4748 8902 4620)
4(463 4734 8903 4748)
4(464 4622 8902 4748)
4(464 4748 8903 4737)
4(8905 4615 8789 2881)
4(8905 2881 8897 4616)
4(8906 2881 8789 4623)
4(8906 4625 8904 2881)
4(8906 2881 8905 4628)
4(397 4623 8906 4628)
4(8907 4742 8897 2881)
4(8907 2881 8904 4743)
4(8907 4745 8905 2881)
4(462 4745 8907 4742)
4(8907 2881 8906 4753)
4(470 4753 8906 4625)
4(470 4743 8907 4753)
4(471 4628 8906 4753)
4(471 4753 8907 4745)
4(8909 4619 8793 2882)
4(8909 2882 8900 4620)
4(8910 2882 8909 4632)
4(398 4632 8909 4619)
4(398 4629 8910 4632)
4(8911 4749 8909 2882)
4(463 4620 8909 4749)
4(463 4749 8911 4747)
4(472 4749 8909 4632)
4(472 4632 8910 4759)
4(472 4759 8911 4749)
4(8912 4621 8796 2883)
4(8912 2883 8902 4622)
4(8913 2883 8796 4630)
4(8913 4632 8909 2883)
4(8913 2883 8912 4634)
4(399 4630 8913 4634)
4(8914 4748 8902 2883)
4(8914 2883 8909 4749)
4(8914 4751 8912 2883)
4(464 4751 8914 4748)
4(8914 2883 8913 4760)
4(472 4760 8913 4632)
4(472 4749 8914 4760)
4(473 4634 8913 4760)
4(473 4760 8914 4751)
4(8916 4627 8800 2884)
4(8916 2884 8906 4628)
4(8917 2884 8800 4635)
4(8917 4637 8915 2884)
4(8917 2884 8916 4640)
4(406 4640 8916 4627)
4(406 4635 8917 4640)
4(8918 4753 8906 2884)
4(8918 2884 8915 4754)
4(8918 4757 8916 2884)
4(471 4628 8916 4757)
4(471 4757 8918 4753)
4(8918 2884 8917 4765)
4(479 4765 8917 4637)
4(479 4754 8918 4765)
4(480 4757 8916 4640)
4(480 4640 8917 4765)
4(480 4765 8918 4757)
4(8919 4640 8916 2885)
4(8920 2885 8916 4757)
4(480 4768 8919 4640)
4(480 4757 8920 4768)
4(8921 4631 8805 2886)
4(8921 2886 8910 4632)
4(8922 2886 8921 4644)
4(407 4644 8921 4631)
4(407 4641 8922 4644)
4(8923 4761 8921 2886)
4(472 4632 8921 4761)
4(472 4761 8923 4759)
4(481 4761 8921 4644)
4(481 4644 8922 4771)
4(481 4771 8923 4761)
4(8924 4633 8808 2887)
4(8924 2887 8913 4634)
4(8925 2887 8808 4642)
4(8925 4644 8921 2887)
4(8925 2887 8924 4646)
4(408 4642 8925 4646)
4(8926 4760 8913 2887)
4(8926 2887 8921 4761)
4(8926 4763 8924 2887)
4(473 4763 8926 4760)
4(8926 2887 8925 4772)
4(481 4772 8925 4644)
4(481 4761 8926 4772)
4(482 4646 8925 4772)
4(482 4772 8926 4763)
4(8928 4639 8812 2888)
4(8928 2888 8917 4640)
4(8929 2888 8812 4647)
4(8929 4649 8927 2888)
4(8929 2888 8928 4652)
4(415 4652 8928 4639)
4(415 4647 8929 4652)
4(8930 4765 8917 2888)
4(8930 2888 8927 4766)
4(8930 4769 8928 2888)
4(480 4640 8928 4769)
4(480 4769 8930 4765)
4(8930 2888 8929 4777)
4(488 4777 8929 4649)
4(488 4766 8930 4777)
4(489 4769 8928 4652)
4(489 4652 8929 4777)
4(489 4777 8930 4769)
4(8931 4652 8928 2889)
4(8932 2889 8928 4769)
4(489 4780 8931 4652)
4(489 4769 8932 4780)
4(8933 4643 8817 2890)
4(8933 2890 8922 4644)
4(8934 2890 8933 4656)
4(416 4656 8933 4643)
4(8935 4773 8933 2890)
4(481 4644 8933 4773)
4(481 4773 8935 4771)
4(490 4773 8933 4656)
4(490 4783 8935 4773)
4(8936 4645 8820 2891)
4(8936 2891 8925 4646)
4(8937 2891 8820 4654)
4(8937 4656 8933 2891)
4(8937 2891 8936 4658)
4(417 4654 8937 4658)
4(8938 4772 8925 2891)
4(8938 2891 8933 4773)
4(8938 4775 8936 2891)
4(482 4775 8938 4772)
4(8938 2891 8937 4784)
4(490 4784 8937 4656)
4(490 4773 8938 4784)
4(491 4658 8937 4784)
4(491 4784 8938 4775)
4(8940 4651 8824 2892)
4(8940 2892 8929 4652)
4(8941 2892 8824 4659)
4(8941 4661 8939 2892)
4(8941 2892 8940 4664)
4(424 4664 8940 4651)
4(424 4659 8941 4664)
4(8942 4777 8929 2892)
4(8942 2892 8939 4778)
4(8942 4781 8940 2892)
4(489 4652 8940 4781)
4(489 4781 8942 4777)
4(8942 2892 8941 4789)
4(497 4789 8941 4661)
4(497 4778 8942 4789)
4(498 4781 8940 4664)
4(498 4664 8941 4789)
4(498 4789 8942 4781)
4(8943 4664 8940 2893)
4(8944 2893 8940 4781)
4(498 4781 8944 4792)
4(8946 4657 8830 2894)
4(8946 2894 8937 4658)
4(8947 2894 8830 4665)
4(8947 4666 8945 2894)
4(8947 2894 8946 4669)
4(426 4665 8947 4669)
4(8948 4784 8937 2894)
4(8948 2894 8945 4785)
4(8948 4787 8946 2894)
4(491 4787 8948 4784)
4(8948 2894 8947 4795)
4(499 4785 8948 4795)
4(500 4669 8947 4795)
4(500 4795 8948 4787)
4(8952 4663 8836 2895)
4(8952 2895 8941 4664)
4(8953 2895 8836 4675)
4(8953 4677 8950 2895)
4(8953 2895 8952 4678)
4(8954 4789 8941 2895)
4(8954 2895 8950 4790)
4(8954 4793 8952 2895)
4(498 4793 8954 4789)
4(8954 2895 8953 4805)
4(506 4805 8953 4677)
4(506 4790 8954 4805)
4(507 4805 8954 4793)
4(8955 2896 8947 4669)
4(500 4669 8955 4798)
4(500 4798 8956 4795)
4(8957 4670 8841 2897)
4(8957 2897 8949 4671)
4(8958 2897 8841 4679)
4(8958 4680 8955 2897)
4(8958 2897 8957 4683)
4(435 4679 8958 4683)
4(435 4683 8957 4670)
4(8959 4797 8949 2897)
4(8959 2897 8955 4798)
4(8959 4800 8957 2897)
4(501 4800 8959 4797)
4(501 4671 8957 4800)
4(8959 2897 8958 4809)
4(508 4798 8959 4809)
4(509 4683 8958 4809)
4(509 4809 8959 4800)
4(509 4800 8957 4683)
4(8965 4676 8849 2898)
4(8965 2898 8951 4677)
4(8966 2898 8849 4693)
4(8966 4695 8963 2898)
4(439 4673 8963 4695)
4(8966 2898 8965 4696)
4(8967 4802 8951 2898)
4(8967 2898 8963 4803)
4(505 4803 8963 4674)
4(8967 4806 8965 2898)
4(506 4677 8965 4806)
4(506 4806 8967 4802)
4(8967 2898 8966 4823)
4(513 4823 8966 4695)
4(513 4803 8967 4823)
4(513 4695 8963 4803)
4(514 4823 8967 4806)
4(8969 2900 8958 4683)
4(509 4683 8969 4812)
4(509 4812 8970 4809)
4(8971 4685 8855 2901)
4(8971 2901 8960 4686)
4(436 4686 8960 4681)
4(8972 2901 8971 4699)
4(441 4699 8971 4685)
4(8973 4811 8960 2901)
4(509 4683 8960 4811)
4(8973 4815 8971 2901)
4(510 4686 8971 4815)
4(510 4815 8973 4811)
4(510 4811 8960 4686)
4(515 4815 8971 4699)
4(515 4827 8973 4815)
4(8974 4688 8858 2902)
4(8974 2902 8961 4689)
4(8975 2902 8858 4698)
4(8975 4699 8971 2902)
4(8975 2902 8974 4701)
4(442 4701 8974 4688)
4(8976 4814 8961 2902)
4(8976 2902 8971 4815)
4(8976 4818 8974 2902)
4(511 4689 8974 4818)
4(511 4818 8976 4814)
4(8976 2902 8975 4828)
4(515 4815 8976 4828)
4(516 4818 8974 4701)
4(516 4828 8976 4818)
4(8977 4691 8861 2903)
4(8977 2903 8962 4692)
4(8978 2903 8861 4700)
4(8978 4701 8974 2903)
4(8978 2903 8977 4703)
4(443 4703 8977 4691)
4(8979 4817 8962 2903)
4(8979 2903 8974 4818)
4(8979 4821 8977 2903)
4(512 4692 8977 4821)
4(512 4821 8979 4817)
4(8979 2903 8978 4830)
4(516 4818 8979 4830)
4(517 4821 8977 4703)
4(517 4830 8979 4821)
4(8980 2904 8964 4695)
4(439 4695 8964 4690)
4(8981 4703 8977 2904)
4(8982 4820 8964 2904)
4(8982 2904 8977 4821)
4(512 4692 8964 4820)
4(513 4695 8980 4824)
4(513 4824 8982 4820)
4(513 4820 8964 4695)
4(517 4821 8982 4832)
4(8989 2906 8988 4721)
4(448 4721 8988 4705)
4(448 4716 8989 4721)
4(522 4835 8988 4721)
4(522 4721 8989 4846)
4(522 4846 8990 4835)
4(8991 4707 8875 2907)
4(8991 2907 8984 4708)
4(8992 2907 8875 4719)
4(8992 4721 8988 2907)
4(8992 2907 8991 4723)
4(449 4723 8991 4707)
4(449 4719 8992 4723)
4(8993 4837 8991 2907)
4(518 4708 8991 4837)
4(518 4837 8993 4834)
4(8993 2907 8992 4849)
4(522 4835 8993 4849)
4(522 4849 8992 4721)
4(523 4837 8991 4723)
4(523 4849 8993 4837)
4(523 4723 8992 4849)
4(8994 4710 8878 2908)
4(8994 2908 8985 4711)
4(8995 2908 8878 4722)
4(8995 4723 8991 2908)
4(8995 2908 8994 4725)
4(450 4725 8994 4710)
4(8996 4836 8985 2908)
4(8996 2908 8991 4837)
4(8996 4840 8994 2908)
4(519 4711 8994 4840)
4(519 4840 8996 4836)
4(8996 2908 8995 4852)
4(523 4837 8996 4852)
4(524 4840 8994 4725)
4(524 4852 8996 4840)
4(8997 4713 8881 2909)
4(8997 2909 8986 4714)
4(8998 2909 8881 4724)
4(8998 4725 8994 2909)
4(8998 2909 8997 4727)
4(451 4727 8997 4713)
4(8999 4839 8986 2909)
4(8999 2909 8994 4840)
4(8999 4843 8997 2909)
4(520 4714 8997 4843)
4(520 4843 8999 4839)
4(8999 2909 8998 4854)
4(524 4840 8999 4854)
4(525 4843 8997 4727)
4(525 4854 8999 4843)
4(9001 2910 8884 4726)
4(9001 4727 8997 2910)
4(9001 2910 9000 4730)
4(452 4730 9000 4715)
4(452 4726 9001 4730)
4(9002 2910 8997 4843)
4(9002 2910 9001 4856)
4(525 4843 9002 4856)
4(525 4856 9001 4727)
4(526 4845 9000 4730)
4(526 4856 9002 4845)
4(526 4730 9001 4856)
4(9003 4730 9000 2911)
4(526 4858 9003 4730)
4(526 4845 9004 4858)
4(9006 2912 9005 4738)
4(455 4738 9005 4717)
4(455 4733 9006 4738)
4(529 4847 9005 4738)
4(529 4738 9006 4863)
4(529 4863 9007 4847)
4(9008 4720 8892 2913)
4(9008 2913 8989 4721)
4(9009 2913 8892 4736)
4(9009 4738 9005 2913)
4(9009 2913 9008 4739)
4(456 4739 9008 4720)
4(9010 4846 8989 2913)
4(9010 2913 9005 4847)
4(9010 4850 9008 2913)
4(522 4850 9010 4846)
4(522 4721 9008 4850)
4(9010 2913 9009 4866)
4(529 4847 9010 4866)
4(530 4866 9010 4850)
4(530 4850 9008 4739)
4(9012 4731 8896 2914)
4(9012 2914 9003 4732)
4(9013 2914 8896 4740)
4(9013 4741 9011 2914)
4(460 4729 9011 4741)
4(9013 2914 9012 4744)
4(461 4744 9012 4731)
4(9014 4858 9003 2914)
4(9014 2914 9011 4859)
4(526 4859 9011 4730)
4(9014 4861 9012 2914)
4(527 4861 9014 4858)
4(9014 2914 9013 4870)
4(534 4859 9014 4870)
4(534 4741 9011 4859)
4(535 4861 9012 4744)
4(535 4870 9014 4861)
4(9015 4744 9012 2915)
4(535 4872 9015 4744)
4(535 4861 9016 4872)
4(9019 4737 8903 2916)
4(9019 2916 9006 4738)
4(9020 2916 8903 4748)
4(9020 4750 9017 2916)
4(9020 2916 9019 4752)
4(464 4748 9020 4752)
4(9021 4863 9006 2916)
4(9021 2916 9017 4864)
4(9021 4867 9019 2916)
4(529 4867 9021 4863)
4(9021 2916 9020 4878)
4(537 4878 9020 4750)
4(537 4864 9021 4878)
4(538 4752 9020 4878)
4(538 4878 9021 4867)
4(9023 4745 8907 2917)
4(9023 2917 9015 4746)
4(9024 2917 8907 4753)
4(9024 4755 9022 2917)
4(9024 2917 9023 4758)
4(471 4753 9024 4758)
4(9025 4872 9015 2917)
4(9025 2917 9022 4873)
4(9025 4875 9023 2917)
4(536 4875 9025 4872)
4(9025 2917 9024 4883)
4(544 4883 9024 4755)
4(544 4873 9025 4883)
4(545 4758 9024 4883)
4(545 4883 9025 4875)
4(9027 4749 8911 2918)
4(9027 2918 9018 4750)
4(9028 2918 9027 4762)
4(472 4762 9027 4749)
4(472 4759 9028 4762)
4(9029 4879 9027 2918)
4(537 4750 9027 4879)
4(537 4879 9029 4877)
4(546 4879 9027 4762)
4(546 4762 9028 4889)
4(546 4889 9029 4879)
4(9030 4751 8914 2919)
4(9030 2919 9020 4752)
4(9031 2919 8914 4760)
4(9031 4762 9027 2919)
4(9031 2919 9030 4764)
4(473 4760 9031 4764)
4(9032 4878 9020 2919)
4(9032 2919 9027 4879)
4(9032 4881 9030 2919)
4(538 4881 9032 4878)
4(9032 2919 9031 4890)
4(546 4890 9031 4762)
4(546 4879 9032 4890)
4(547 4764 9031 4890)
4(547 4890 9032 4881)
4(9034 4757 8918 2920)
4(9034 2920 9024 4758)
4(9035 2920 8918 4765)
4(9035 4767 9033 2920)
4(9035 2920 9034 4770)
4(480 4770 9034 4757)
4(480 4765 9035 4770)
4(9036 4883 9024 2920)
4(9036 2920 9033 4884)
4(9036 4887 9034 2920)
4(545 4758 9034 4887)
4(545 4887 9036 4883)
4(9036 2920 9035 4895)
4(553 4895 9035 4767)
4(553 4884 9036 4895)
4(554 4887 9034 4770)
4(554 4770 9035 4895)
4(554 4895 9036 4887)
4(9037 4770 9034 2921)
4(9038 2921 9034 4887)
4(554 4898 9037 4770)
4(554 4887 9038 4898)
4(9039 4761 8923 2922)
4(9039 2922 9028 4762)
4(9040 2922 9039 4774)
4(481 4774 9039 4761)
4(481 4771 9040 4774)
4(9041 4891 9039 2922)
4(546 4762 9039 4891)
4(546 4891 9041 4889)
4(555 4891 9039 4774)
4(555 4774 9040 4901)
4(555 4901 9041 4891)
4(9042 4763 8926 2923)
4(9042 2923 9031 4764)
4(9043 2923 8926 4772)
4(9043 4774 9039 2923)
4(9043 2923 9042 4776)
4(482 4772 9043 4776)
4(9044 4890 9031 2923)
4(9044 2923 9039 4891)
4(9044 4893 9042 2923)
4(547 4893 9044 4890)
4(9044 2923 9043 4902)
4(555 4902 9043 4774)
4(555 4891 9044 4902)
4(556 4776 9043 4902)
4(556 4902 9044 4893)
4(9046 4769 8930 2924)
4(9046 2924 9035 4770)
4(9047 2924 8930 4777)
4(9047 4779 9045 2924)
4(9047 2924 9046 4782)
4(489 4782 9046 4769)
4(489 4777 9047 4782)
4(9048 4895 9035 2924)
4(9048 2924 9045 4896)
4(9048 4899 9046 2924)
4(554 4770 9046 4899)
4(554 4899 9048 4895)
4(9048 2924 9047 4907)
4(562 4907 9047 4779)
4(562 4896 9048 4907)
4(563 4899 9046 4782)
4(563 4782 9047 4907)
4(563 4907 9048 4899)
4(9049 4782 9046 2925)
4(9050 2925 9046 4899)
4(563 4910 9049 4782)
4(563 4899 9050 4910)
4(9051 4773 8935 2926)
4(9051 2926 9040 4774)
4(9052 2926 9051 4786)
4(490 4786 9051 4773)
4(9053 4903 9051 2926)
4(555 4774 9051 4903)
4(555 4903 9053 4901)
4(564 4903 9051 4786)
4(564 4913 9053 4903)
4(9054 4775 8938 2927)
4(9054 2927 9043 4776)
4(9055 2927 8938 4784)
4(9055 4786 9051 2927)
4(9055 2927 9054 4788)
4(491 4784 9055 4788)
4(9056 4902 9043 2927)
4(9056 2927 9051 4903)
4(9056 4905 9054 2927)
4(556 4905 9056 4902)
4(9056 2927 9055 4914)
4(564 4914 9055 4786)
4(564 4903 9056 4914)
4(565 4788 9055 4914)
4(565 4914 9056 4905)
4(9058 4781 8942 2928)
4(9058 2928 9047 4782)
4(9059 2928 8942 4789)
4(9059 4791 9057 2928)
4(9059 2928 9058 4794)
4(498 4794 9058 4781)
4(498 4789 9059 4794)
4(9060 4907 9047 2928)
4(9060 2928 9057 4908)
4(9060 4911 9058 2928)
4(563 4782 9058 4911)
4(563 4911 9060 4907)
4(9060 2928 9059 4919)
4(571 4919 9059 4791)
4(571 4908 9060 4919)
4(572 4911 9058 4794)
4(572 4794 9059 4919)
4(572 4919 9060 4911)
4(9061 4794 9058 2929)
4(9062 2929 9058 4911)
4(572 4911 9062 4922)
4(9064 4787 8948 2930)
4(9064 2930 9055 4788)
4(9065 2930 8948 4795)
4(9065 4796 9063 2930)
4(9065 2930 9064 4799)
4(500 4795 9065 4799)
4(9066 4914 9055 2930)
4(9066 2930 9063 4915)
4(9066 4917 9064 2930)
4(565 4917 9066 4914)
4(9066 2930 9065 4925)
4(573 4915 9066 4925)
4(574 4799 9065 4925)
4(574 4925 9066 4917)
4(9070 4793 8954 2931)
4(9070 2931 9059 4794)
4(9071 2931 8954 4805)
4(9071 4807 9068 2931)
4(9071 2931 9070 4808)
4(9072 4919 9059 2931)
4(9072 2931 9068 4920)
4(9072 4923 9070 2931)
4(572 4923 9072 4919)
4(9072 2931 9071 4935)
4(580 4935 9071 4807)
4(580 4920 9072 4935)
4(581 4935 9072 4923)
4(9073 2932 9065 4799)
4(574 4799 9073 4928)
4(574 4928 9074 4925)
4(9075 4800 8959 2933)
4(9075 2933 9067 4801)
4(9076 2933 8959 4809)
4(9076 4810 9073 2933)
4(9076 2933 9075 4813)
4(509 4809 9076 4813)
4(509 4813 9075 4800)
4(9077 4927 9067 2933)
4(9077 2933 9073 4928)
4(9077 4930 9075 2933)
4(575 4930 9077 4927)
4(575 4801 9075 4930)
4(9077 2933 9076 4939)
4(582 4928 9077 4939)
4(583 4813 9076 4939)
4(583 4939 9077 4930)
4(583 4930 9075 4813)
4(9083 4806 8967 2934)
4(9083 2934 9069 4807)
4(9084 2934 8967 4823)
4(9084 4825 9081 2934)
4(513 4803 9081 4825)
4(9084 2934 9083 4826)
4(9085 4932 9069 2934)
4(9085 2934 9081 4933)
4(579 4933 9081 4804)
4(9085 4936 9083 2934)
4(580 4807 9083 4936)
4(580 4936 9085 4932)
4(9085 2934 9084 4953)
4(587 4953 9084 4825)
4(587 4933 9085 4953)
4(587 4825 9081 4933)
4(588 4953 9085 4936)
4(9087 2936 9076 4813)
4(583 4813 9087 4942)
4(583 4942 9088 4939)
4(9089 4815 8973 2937)
4(9089 2937 9078 4816)
4(510 4816 9078 4811)
4(9090 2937 9089 4829)
4(515 4829 9089 4815)
4(9091 4941 9078 2937)
4(583 4813 9078 4941)
4(9091 4945 9089 2937)
4(584 4816 9089 4945)
4(584 4945 9091 4941)
4(584 4941 9078 4816)
4(589 4945 9089 4829)
4(589 4957 9091 4945)
4(9092 4818 8976 2938)
4(9092 2938 9079 4819)
4(9093 2938 8976 4828)
4(9093 4829 9089 2938)
4(9093 2938 9092 4831)
4(516 4831 9092 4818)
4(9094 4944 9079 2938)
4(9094 2938 9089 4945)
4(9094 4948 9092 2938)
4(585 4819 9092 4948)
4(585 4948 9094 4944)
4(9094 2938 9093 4958)
4(589 4945 9094 4958)
4(590 4948 9092 4831)
4(590 4958 9094 4948)
4(9095 4821 8979 2939)
4(9095 2939 9080 4822)
4(9096 2939 8979 4830)
4(9096 4831 9092 2939)
4(9096 2939 9095 4833)
4(517 4833 9095 4821)
4(9097 4947 9080 2939)
4(9097 2939 9092 4948)
4(9097 4951 9095 2939)
4(586 4822 9095 4951)
4(586 4951 9097 4947)
4(9097 2939 9096 4960)
4(590 4948 9097 4960)
4(591 4951 9095 4833)
4(591 4960 9097 4951)
4(9098 2940 9082 4825)
4(513 4825 9082 4820)
4(9099 4833 9095 2940)
4(9100 4950 9082 2940)
4(9100 2940 9095 4951)
4(586 4822 9082 4950)
4(587 4825 9098 4954)
4(587 4954 9100 4950)
4(587 4950 9082 4825)
4(591 4951 9100 4962)
4(9107 2942 9106 4851)
4(522 4851 9106 4835)
4(522 4846 9107 4851)
4(596 4965 9106 4851)
4(596 4851 9107 4976)
4(596 4976 9108 4965)
4(9109 4837 8993 2943)
4(9109 2943 9102 4838)
4(9110 2943 8993 4849)
4(9110 4851 9106 2943)
4(9110 2943 9109 4853)
4(523 4853 9109 4837)
4(523 4849 9110 4853)
4(9111 4967 9109 2943)
4(592 4838 9109 4967)
4(592 4967 9111 4964)
4(9111 2943 9110 4979)
4(596 4965 9111 4979)
4(596 4979 9110 4851)
4(597 4967 9109 4853)
4(597 4979 9111 4967)
4(597 4853 9110 4979)
4(9112 4840 8996 2944)
4(9112 2944 9103 4841)
4(9113 2944 8996 4852)
4(9113 4853 9109 2944)
4(9113 2944 9112 4855)
4(524 4855 9112 4840)
4(9114 4966 9103 2944)
4(9114 2944 9109 4967)
4(9114 4970 9112 2944)
4(593 4841 9112 4970)
4(593 4970 9114 4966)
4(9114 2944 9113 4982)
4(597 4967 9114 4982)
4(598 4970 9112 4855)
4(598 4982 9114 4970)
4(9115 4843 8999 2945)
4(9115 2945 9104 4844)
4(9116 2945 8999 4854)
4(9116 4855 9112 2945)
4(9116 2945 9115 4857)
4(525 4857 9115 4843)
4(9117 4969 9104 2945)
4(9117 2945 9112 4970)
4(9117 4973 9115 2945)
4(594 4844 9115 4973)
4(594 4973 9117 4969)
4(9117 2945 9116 4984)
4(598 4970 9117 4984)
4(599 4973 9115 4857)
4(599 4984 9117 4973)
4(9119 2946 9002 4856)
4(9119 4857 9115 2946)
4(9119 2946 9118 4860)
4(526 4860 9118 4845)
4(526 4856 9119 4860)
4(9120 2946 9115 4973)
4(9120 2946 9119 4986)
4(599 4973 9120 4986)
4(599 4986 9119 4857)
4(600 4975 9118 4860)
4(600 4986 9120 4975)
4(600 4860 9119 4986)
4(9121 4860 9118 2947)
4(600 4988 9121 4860)
4(600 4975 9122 4988)
4(9124 2948 9123 4868)
4(529 4868 9123 4847)
4(529 4863 9124 4868)
4(603 4977 9123 4868)
4(603 4868 9124 4993)
4(603 4993 9125 4977)
4(9126 4850 9010 2949)
4(9126 2949 9107 4851)
4(9127 2949 9010 4866)
4(9127 4868 9123 2949)
4(9127 2949 9126 4869)
4(530 4869 9126 4850)
4(9128 4976 9107 2949)
4(9128 2949 9123 4977)
4(9128 4980 9126 2949)
4(596 4980 9128 4976)
4(596 4851 9126 4980)
4(9128 2949 9127 4996)
4(603 4977 9128 4996)
4(604 4996 9128 4980)
4(604 4980 9126 4869)
4(9130 4861 9014 2950)
4(9130 2950 9121 4862)
4(9131 2950 9014 4870)
4(9131 4871 9129 2950)
4(534 4859 9129 4871)
4(9131 2950 9130 4874)
4(535 4874 9130 4861)
4(9132 4988 9121 2950)
4(9132 2950 9129 4989)
4(600 4989 9129 4860)
4(9132 4991 9130 2950)
4(601 4991 9132 4988)
4(9132 2950 9131 5000)
4(608 4989 9132 5000)
4(608 4871 9129 4989)
4(609 4991 9130 4874)
4(609 5000 9132 4991)
4(9133 4874 9130 2951)
4(609 5002 9133 4874)
4(609 4991 9134 5002)
4(9137 4867 9021 2952)
4(9137 2952 9124 4868)
4(9138 2952 9021 4878)
4(9138 4880 9135 2952)
4(9138 2952 9137 4882)
4(538 4878 9138 4882)
4(9139 4993 9124 2952)
4(9139 2952 9135 4994)
4(9139 4997 9137 2952)
4(603 4997 9139 4993)
4(9139 2952 9138 5008)
4(611 5008 9138 4880)
4(611 4994 9139 5008)
4(612 4882 9138 5008)
4(612 5008 9139 4997)
4(9141 4875 9025 2953)
4(9141 2953 9133 4876)
4(9142 2953 9025 4883)
4(9142 4885 9140 2953)
4(9142 2953 9141 4888)
4(545 4883 9142 4888)
4(9143 5002 9133 2953)
4(9143 2953 9140 5003)
4(9143 5005 9141 2953)
4(610 5005 9143 5002)
4(9143 2953 9142 5013)
4(618 5013 9142 4885)
4(618 5003 9143 5013)
4(619 4888 9142 5013)
4(619 5013 9143 5005)
4(9145 4879 9029 2954)
4(9145 2954 9136 4880)
4(9146 2954 9145 4892)
4(546 4892 9145 4879)
4(546 4889 9146 4892)
4(9147 5009 9145 2954)
4(611 4880 9145 5009)
4(611 5009 9147 5007)
4(620 5009 9145 4892)
4(620 4892 9146 5019)
4(620 5019 9147 5009)
4(9148 4881 9032 2955)
4(9148 2955 9138 4882)
4(9149 2955 9032 4890)
4(9149 4892 9145 2955)
4(9149 2955 9148 4894)
4(547 4890 9149 4894)
4(9150 5008 9138 2955)
4(9150 2955 9145 5009)
4(9150 5011 9148 2955)
4(612 5011 9150 5008)
4(9150 2955 9149 5020)
4(620 5020 9149 4892)
4(620 5009 9150 5020)
4(621 4894 9149 5020)
4(621 5020 9150 5011)
4(9152 4887 9036 2956)
4(9152 2956 9142 4888)
4(9153 2956 9036 4895)
4(9153 4897 9151 2956)
4(9153 2956 9152 4900)
4(554 4900 9152 4887)
4(554 4895 9153 4900)
4(9154 5013 9142 2956)
4(9154 2956 9151 5014)
4(9154 5017 9152 2956)
4(619 4888 9152 5017)
4(619 5017 9154 5013)
4(9154 2956 9153 5025)
4(627 5025 9153 4897)
4(627 5014 9154 5025)
4(628 5017 9152 4900)
4(628 4900 9153 5025)
4(628 5025 9154 5017)
4(9155 4900 9152 2957)
4(9156 2957 9152 5017)
4(628 5028 9155 4900)
4(628 5017 9156 5028)
4(9157 4891 9041 2958)
4(9157 2958 9146 4892)
4(9158 2958 9157 4904)
4(555 4904 9157 4891)
4(555 4901 9158 4904)
4(9159 5021 9157 2958)
4(620 4892 9157 5021)
4(620 5021 9159 5019)
4(629 5021 9157 4904)
4(629 4904 9158 5031)
4(629 5031 9159 5021)
4(9160 4893 9044 2959)
4(9160 2959 9149 4894)
4(9161 2959 9044 4902)
4(9161 4904 9157 2959)
4(9161 2959 9160 4906)
4(556 4902 9161 4906)
4(9162 5020 9149 2959)
4(9162 2959 9157 5021)
4(9162 5023 9160 2959)
4(621 5023 9162 5020)
4(9162 2959 9161 5032)
4(629 5032 9161 4904)
4(629 5021 9162 5032)
4(630 4906 9161 5032)
4(630 5032 9162 5023)
4(9164 4899 9048 2960)
4(9164 2960 9153 4900)
4(9165 2960 9048 4907)
4(9165 4909 9163 2960)
4(9165 2960 9164 4912)
4(563 4912 9164 4899)
4(563 4907 9165 4912)
4(9166 5025 9153 2960)
4(9166 2960 9163 5026)
4(9166 5029 9164 2960)
4(628 4900 9164 5029)
4(628 5029 9166 5025)
4(9166 2960 9165 5037)
4(636 5037 9165 4909)
4(636 5026 9166 5037)
4(637 5029 9164 4912)
4(637 4912 9165 5037)
4(637 5037 9166 5029)
4(9167 4912 9164 2961)
4(9168 2961 9164 5029)
4(637 5040 9167 4912)
4(637 5029 9168 5040)
4(9169 4903 9053 2962)
4(9169 2962 9158 4904)
4(9170 2962 9169 4916)
4(564 4916 9169 4903)
4(9171 5033 9169 2962)
4(629 4904 9169 5033)
4(629 5033 9171 5031)
4(638 5033 9169 4916)
4(638 5043 9171 5033)
4(9172 4905 9056 2963)
4(9172 2963 9161 4906)
4(9173 2963 9056 4914)
4(9173 4916 9169 2963)
4(9173 2963 9172 4918)
4(565 4914 9173 4918)
4(9174 5032 9161 2963)
4(9174 2963 9169 5033)
4(9174 5035 9172 2963)
4(630 5035 9174 5032)
4(9174 2963 9173 5044)
4(638 5044 9173 4916)
4(638 5033 9174 5044)
4(639 4918 9173 5044)
4(639 5044 9174 5035)
4(9176 4911 9060 2964)
4(9176 2964 9165 4912)
4(9177 2964 9060 4919)
4(9177 4921 9175 2964)
4(9177 2964 9176 4924)
4(572 4924 9176 4911)
4(572 4919 9177 4924)
4(9178 5037 9165 2964)
4(9178 2964 9175 5038)
4(9178 5041 9176 2964)
4(637 4912 9176 5041)
4(637 5041 9178 5037)
4(9178 2964 9177 5049)
4(645 5049 9177 4921)
4(645 5038 9178 5049)
4(646 5041 9176 4924)
4(646 4924 9177 5049)
4(646 5049 9178 5041)
4(9179 4924 9176 2965)
4(9180 2965 9176 5041)
4(646 5041 9180 5052)
4(9182 4917 9066 2966)
4(9182 2966 9173 4918)
4(9183 2966 9066 4925)
4(9183 4926 9181 2966)
4(9183 2966 9182 4929)
4(574 4925 9183 4929)
4(9184 5044 9173 2966)
4(9184 2966 9181 5045)
4(9184 5047 9182 2966)
4(639 5047 9184 5044)
4(9184 2966 9183 5055)
4(647 5045 9184 5055)
4(648 4929 9183 5055)
4(648 5055 9184 5047)
4(9188 4923 9072 2967)
4(9188 2967 9177 4924)
4(9189 2967 9072 4935)
4(9189 4937 9186 2967)
4(9189 2967 9188 4938)
4(9190 5049 9177 2967)
4(9190 2967 9186 5050)
4(9190 5053 9188 2967)
4(646 5053 9190 5049)
4(9190 2967 9189 5065)
4(654 5065 9189 4937)
4(654 5050 9190 5065)
4(655 5065 9190 5053)
4(9191 2968 9183 4929)
4(648 4929 9191 5058)
4(648 5058 9192 5055)
4(9193 4930 9077 2969)
4(9193 2969 9185 4931)
4(9194 2969 9077 4939)
4(9194 4940 9191 2969)
4(9194 2969 9193 4943)
4(583 4939 9194 4943)
4(583 4943 9193 4930)
4(9195 5057 9185 2969)
4(9195 2969 9191 5058)
4(9195 5060 9193 2969)
4(649 5060 9195 5057)
4(649 4931 9193 5060)
4(9195 2969 9194 5069)
4(656 5058 9195 5069)
4(657 4943 9194 5069)
4(657 5069 9195 5060)
4(657 5060 9193 4943)
4(9201 4936 9085 2970)
4(9201 2970 9187 4937)
4(9202 2970 9085 4953)
4(9202 4955 9199 2970)
4(587 4933 9199 4955)
4(9202 2970 9201 4956)
4(9203 5062 9187 2970)
4(9203 2970 9199 5063)
4(653 5063 9199 4934)
4(9203 5066 9201 2970)
4(654 4937 9201 5066)
4(654 5066 9203 5062)
4(9203 2970 9202 5083)
4(661 5083 9202 4955)
4(661 5063 9203 5083)
4(661 4955 9199 5063)
4(662 5083 9203 5066)
4(9205 2972 9194 4943)
4(657 4943 9205 5072)
4(657 5072 9206 5069)
4(9207 4945 9091 2973)
4(9207 2973 9196 4946)
4(584 4946 9196 4941)
4(9208 2973 9207 4959)
4(589 4959 9207 4945)
4(9209 5071 9196 2973)
4(657 4943 9196 5071)
4(9209 5075 9207 2973)
4(658 4946 9207 5075)
4(658 5075 9209 5071)
4(658 5071 9196 4946)
4(663 5075 9207 4959)
4(663 5087 9209 5075)
4(9210 4948 9094 2974)
4(9210 2974 9197 4949)
4(9211 2974 9094 4958)
4(9211 4959 9207 2974)
4(9211 2974 9210 4961)
4(590 4961 9210 4948)
4(9212 5074 9197 2974)
4(9212 2974 9207 5075)
4(9212 5078 9210 2974)
4(659 4949 9210 5078)
4(659 5078 9212 5074)
4(9212 2974 9211 5088)
4(663 5075 9212 5088)
4(664 5078 9210 4961)
4(664 5088 9212 5078)
4(9213 4951 9097 2975)
4(9213 2975 9198 4952)
4(9214 2975 9097 4960)
4(9214 4961 9210 2975)
4(9214 2975 9213 4963)
4(591 4963 9213 4951)
4(9215 5077 9198 2975)
4(9215 2975 9210 5078)
4(9215 5081 9213 2975)
4(660 4952 9213 5081)
4(660 5081 9215 5077)
4(9215 2975 9214 5090)
4(664 5078 9215 5090)
4(665 5081 9213 4963)
4(665 5090 9215 5081)
4(9216 2976 9200 4955)
4(587 4955 9200 4950)
4(9217 4963 9213 2976)
4(9218 5080 9200 2976)
4(9218 2976 9213 5081)
4(660 4952 9200 5080)
4(661 4955 9216 5084)
4(661 5084 9218 5080)
4(661 5080 9200 4955)
4(665 5081 9218 5092)
4(9225 2978 9224 4981)
4(596 4981 9224 4965)
4(596 4976 9225 4981)
4(670 5095 9224 4981)
4(670 4981 9225 5106)
4(670 5106 9226 5095)
4(9227 4967 9111 2979)
4(9227 2979 9220 4968)
4(9228 2979 9111 4979)
4(9228 4981 9224 2979)
4(9228 2979 9227 4983)
4(597 4983 9227 4967)
4(597 4979 9228 4983)
4(9229 5097 9227 2979)
4(666 4968 9227 5097)
4(666 5097 9229 5094)
4(9229 2979 9228 5109)
4(670 5095 9229 5109)
4(670 5109 9228 4981)
4(671 5097 9227 4983)
4(671 5109 9229 5097)
4(671 4983 9228 5109)
4(9230 4970 9114 2980)
4(9230 2980 9221 4971)
4(9231 2980 9114 4982)
4(9231 4983 9227 2980)
4(9231 2980 9230 4985)
4(598 4985 9230 4970)
4(9232 5096 9221 2980)
4(9232 2980 9227 5097)
4(9232 5100 9230 2980)
4(667 4971 9230 5100)
4(667 5100 9232 5096)
4(9232 2980 9231 5112)
4(671 5097 9232 5112)
4(672 5100 9230 4985)
4(672 5112 9232 5100)
4(9233 4973 9117 2981)
4(9233 2981 9222 4974)
4(9234 2981 9117 4984)
4(9234 4985 9230 2981)
4(9234 2981 9233 4987)
4(599 4987 9233 4973)
4(9235 5099 9222 2981)
4(9235 2981 9230 5100)
4(9235 5103 9233 2981)
4(668 4974 9233 5103)
4(668 5103 9235 5099)
4(9235 2981 9234 5114)
4(672 5100 9235 5114)
4(673 5103 9233 4987)
4(673 5114 9235 5103)
4(9237 2982 9120 4986)
4(9237 4987 9233 2982)
4(9237 2982 9236 4990)
4(600 4990 9236 4975)
4(600 4986 9237 4990)
4(9238 2982 9233 5103)
4(9238 2982 9237 5116)
4(673 5103 9238 5116)
4(673 5116 9237 4987)
4(674 5105 9236 4990)
4(674 5116 9238 5105)
4(674 4990 9237 5116)
4(9239 4990 9236 2983)
4(674 5118 9239 4990)
4(674 5105 9240 5118)
4(9242 2984 9241 4998)
4(603 4998 9241 4977)
4(603 4993 9242 4998)
4(677 5107 9241 4998)
4(677 4998 9242 5123)
4(677 5123 9243 5107)
4(9244 4980 9128 2985)
4(9244 2985 9225 4981)
4(9245 2985 9128 4996)
4(9245 4998 9241 2985)
4(9245 2985 9244 4999)
4(604 4999 9244 4980)
4(9246 5106 9225 2985)
4(9246 2985 9241 5107)
4(9246 5110 9244 2985)
4(670 5110 9246 5106)
4(670 4981 9244 5110)
4(9246 2985 9245 5126)
4(677 5107 9246 5126)
4(678 5126 9246 5110)
4(678 5110 9244 4999)
4(9248 4991 9132 2986)
4(9248 2986 9239 4992)
4(9249 2986 9132 5000)
4(9249 5001 9247 2986)
4(608 4989 9247 5001)
4(9249 2986 9248 5004)
4(609 5004 9248 4991)
4(9250 5118 9239 2986)
4(9250 2986 9247 5119)
4(674 5119 9247 4990)
4(9250 5121 9248 2986)
4(675 5121 9250 5118)
4(9250 2986 9249 5130)
4(682 5119 9250 5130)
4(682 5001 9247 5119)
4(683 5121 9248 5004)
4(683 5130 9250 5121)
4(9251 5004 9248 2987)
4(683 5132 9251 5004)
4(683 5121 9252 5132)
4(9255 4997 9139 2988)
4(9255 2988 9242 4998)
4(9256 2988 9139 5008)
4(9256 5010 9253 2988)
4(9256 2988 9255 5012)
4(612 5008 9256 5012)
4(9257 5123 9242 2988)
4(9257 2988 9253 5124)
4(9257 5127 9255 2988)
4(677 5127 9257 5123)
4(9257 2988 9256 5138)
4(685 5138 9256 5010)
4(685 5124 9257 5138)
4(686 5012 9256 5138)
4(686 5138 9257 5127)
4(9259 5005 9143 2989)
4(9259 2989 9251 5006)
4(9260 2989 9143 5013)
4(9260 5015 9258 2989)
4(9260 2989 9259 5018)
4(619 5013 9260 5018)
4(9261 5132 9251 2989)
4(9261 2989 9258 5133)
4(9261 5135 9259 2989)
4(684 5135 9261 5132)
4(9261 2989 9260 5143)
4(692 5143 9260 5015)
4(692 5133 9261 5143)
4(693 5018 9260 5143)
4(693 5143 9261 5135)
4(9263 5009 9147 2990)
4(9263 2990 9254 5010)
4(9264 2990 9263 5022)
4(620 5022 9263 5009)
4(620 5019 9264 5022)
4(9265 5139 9263 2990)
4(685 5010 9263 5139)
4(685 5139 9265 5137)
4(694 5139 9263 5022)
4(694 5022 9264 5149)
4(694 5149 9265 5139)
4(9266 5011 9150 2991)
4(9266 2991 9256 5012)
4(9267 2991 9150 5020)
4(9267 5022 9263 2991)
4(9267 2991 9266 5024)
4(621 5020 9267 5024)
4(9268 5138 9256 2991)
4(9268 2991 9263 5139)
4(9268 5141 9266 2991)
4(686 5141 9268 5138)
4(9268 2991 9267 5150)
4(694 5150 9267 5022)
4(694 5139 9268 5150)
4(695 5024 9267 5150)
4(695 5150 9268 5141)
4(9270 5017 9154 2992)
4(9270 2992 9260 5018)
4(9271 2992 9154 5025)
4(9271 5027 9269 2992)
4(9271 2992 9270 5030)
4(628 5030 9270 5017)
4(628 5025 9271 5030)
4(9272 5143 9260 2992)
4(9272 2992 9269 5144)
4(9272 5147 9270 2992)
4(693 5018 9270 5147)
4(693 5147 9272 5143)
4(9272 2992 9271 5155)
4(701 5155 9271 5027)
4(701 5144 9272 5155)
4(702 5147 9270 5030)
4(702 5030 9271 5155)
4(702 5155 9272 5147)
4(9273 5030 9270 2993)
4(9274 2993 9270 5147)
4(702 5158 9273 5030)
4(702 5147 9274 5158)
4(9275 5021 9159 2994)
4(9275 2994 9264 5022)
4(9276 2994 9275 5034)
4(629 5034 9275 5021)
4(629 5031 9276 5034)
4(9277 5151 9275 2994)
4(694 5022 9275 5151)
4(694 5151 9277 5149)
4(703 5151 9275 5034)
4(703 5034 9276 5161)
4(703 5161 9277 5151)
4(9278 5023 9162 2995)
4(9278 2995 9267 5024)
4(9279 2995 9162 5032)
4(9279 5034 9275 2995)
4(9279 2995 9278 5036)
4(630 5032 9279 5036)
4(9280 5150 9267 2995)
4(9280 2995 9275 5151)
4(9280 5153 9278 2995)
4(695 5153 9280 5150)
4(9280 2995 9279 5162)
4(703 5162 9279 5034)
4(703 5151 9280 5162)
4(704 5036 9279 5162)
4(704 5162 9280 5153)
4(9282 5029 9166 2996)
4(9282 2996 9271 5030)
4(9283 2996 9166 5037)
4(9283 5039 9281 2996)
4(9283 2996 9282 5042)
4(637 5042 9282 5029)
4(637 5037 9283 5042)
4(9284 5155 9271 2996)
4(9284 2996 9281 5156)
4(9284 5159 9282 2996)
4(702 5030 9282 5159)
4(702 5159 9284 5155)
4(9284 2996 9283 5167)
4(710 5167 9283 5039)
4(710 5156 9284 5167)
4(711 5159 9282 5042)
4(711 5042 9283 5167)
4(711 5167 9284 5159)
4(9285 5042 9282 2997)
4(9286 2997 9282 5159)
4(711 5170 9285 5042)
4(711 5159 9286 5170)
4(9287 5033 9171 2998)
4(9287 2998 9276 5034)
4(9288 2998 9287 5046)
4(638 5046 9287 5033)
4(9289 5163 9287 2998)
4(703 5034 9287 5163)
4(703 5163 9289 5161)
4(712 5163 9287 5046)
4(712 5173 9289 5163)
4(9290 5035 9174 2999)
4(9290 2999 9279 5036)
4(9291 2999 9174 5044)
4(9291 5046 9287 2999)
4(9291 2999 9290 5048)
4(639 5044 9291 5048)
4(9292 5162 9279 2999)
4(9292 2999 9287 5163)
4(9292 5165 9290 2999)
4(704 5165 9292 5162)
4(9292 2999 9291 5174)
4(712 5174 9291 5046)
4(712 5163 9292 5174)
4(713 5048 9291 5174)
4(713 5174 9292 5165)
4(9294 5041 9178 3000)
4(9294 3000 9283 5042)
4(9295 3000 9178 5049)
4(9295 5051 9293 3000)
4(9295 3000 9294 5054)
4(646 5054 9294 5041)
4(646 5049 9295 5054)
4(9296 5167 9283 3000)
4(9296 3000 9293 5168)
4(9296 5171 9294 3000)
4(711 5042 9294 5171)
4(711 5171 9296 5167)
4(9296 3000 9295 5179)
4(719 5179 9295 5051)
4(719 5168 9296 5179)
4(720 5171 9294 5054)
4(720 5054 9295 5179)
4(720 5179 9296 5171)
4(9297 5054 9294 3001)
4(9298 3001 9294 5171)
4(720 5171 9298 5182)
4(9300 5047 9184 3002)
4(9300 3002 9291 5048)
4(9301 3002 9184 5055)
4(9301 5056 9299 3002)
4(9301 3002 9300 5059)
4(648 5055 9301 5059)
4(9302 5174 9291 3002)
4(9302 3002 9299 5175)
4(9302 5177 9300 3002)
4(713 5177 9302 5174)
4(9302 3002 9301 5185)
4(721 5175 9302 5185)
4(722 5059 9301 5185)
4(722 5185 9302 5177)
4(9306 5053 9190 3003)
4(9306 3003 9295 5054)
4(9307 3003 9190 5065)
4(9307 5067 9304 3003)
4(9307 3003 9306 5068)
4(9308 5179 9295 3003)
4(9308 3003 9304 5180)
4(9308 5183 9306 3003)
4(720 5183 9308 5179)
4(9308 3003 9307 5195)
4(728 5195 9307 5067)
4(728 5180 9308 5195)
4(729 5195 9308 5183)
4(9309 3004 9301 5059)
4(722 5059 9309 5188)
4(722 5188 9310 5185)
4(9311 5060 9195 3005)
4(9311 3005 9303 5061)
4(9312 3005 9195 5069)
4(9312 5070 9309 3005)
4(9312 3005 9311 5073)
4(657 5069 9312 5073)
4(657 5073 9311 5060)
4(9313 5187 9303 3005)
4(9313 3005 9309 5188)
4(9313 5190 9311 3005)
4(723 5190 9313 5187)
4(723 5061 9311 5190)
4(9313 3005 9312 5199)
4(730 5188 9313 5199)
4(731 5073 9312 5199)
4(731 5199 9313 5190)
4(731 5190 9311 5073)
4(9319 5066 9203 3006)
4(9319 3006 9305 5067)
4(9320 3006 9203 5083)
4(9320 5085 9317 3006)
4(661 5063 9317 5085)
4(9320 3006 9319 5086)
4(9321 5192 9305 3006)
4(9321 3006 9317 5193)
4(727 5193 9317 5064)
4(9321 5196 9319 3006)
4(728 5067 9319 5196)
4(728 5196 9321 5192)
4(9321 3006 9320 5213)
4(735 5213 9320 5085)
4(735 5193 9321 5213)
4(735 5085 9317 5193)
4(736 5213 9321 5196)
4(9323 3008 9312 5073)
4(731 5073 9323 5202)
4(731 5202 9324 5199)
4(9325 5075 9209 3009)
4(9325 3009 9314 5076)
4(658 5076 9314 5071)
4(9326 3009 9325 5089)
4(663 5089 9325 5075)
4(9327 5201 9314 3009)
4(731 5073 9314 5201)
4(9327 5205 9325 3009)
4(732 5076 9325 5205)
4(732 5205 9327 5201)
4(732 5201 9314 5076)
4(737 5205 9325 5089)
4(737 5217 9327 5205)
4(9328 5078 9212 3010)
4(9328 3010 9315 5079)
4(9329 3010 9212 5088)
4(9329 5089 9325 3010)
4(9329 3010 9328 5091)
4(664 5091 9328 5078)
4(9330 5204 9315 3010)
4(9330 3010 9325 5205)
4(9330 5208 9328 3010)
4(733 5079 9328 5208)
4(733 5208 9330 5204)
4(9330 3010 9329 5218)
4(737 5205 9330 5218)
4(738 5208 9328 5091)
4(738 5218 9330 5208)
4(9331 5081 9215 3011)
4(9331 3011 9316 5082)
4(9332 3011 9215 5090)
4(9332 5091 9328 3011)
4(9332 3011 9331 5093)
4(665 5093 9331 5081)
4(9333 5207 9316 3011)
4(9333 3011 9328 5208)
4(9333 5211 9331 3011)
4(734 5082 9331 5211)
4(734 5211 9333 5207)
4(9333 3011 9332 5220)
4(738 5208 9333 5220)
4(739 5211 9331 5093)
4(739 5220 9333 5211)
4(9334 3012 9318 5085)
4(661 5085 9318 5080)
4(9335 5093 9331 3012)
4(9336 5210 9318 3012)
4(9336 3012 9331 5211)
4(734 5082 9318 5210)
4(735 5085 9334 5214)
4(735 5214 9336 5210)
4(735 5210 9318 5085)
4(739 5211 9336 5222)
4(9343 3014 9342 5111)
4(670 5111 9342 5095)
4(670 5106 9343 5111)
4(744 5225 9342 5111)
4(744 5111 9343 5236)
4(744 5236 9344 5225)
4(9345 5097 9229 3015)
4(9345 3015 9338 5098)
4(9346 3015 9229 5109)
4(9346 5111 9342 3015)
4(9346 3015 9345 5113)
4(671 5113 9345 5097)
4(671 5109 9346 5113)
4(9347 5227 9345 3015)
4(740 5098 9345 5227)
4(740 5227 9347 5224)
4(9347 3015 9346 5239)
4(744 5225 9347 5239)
4(744 5239 9346 5111)
4(745 5227 9345 5113)
4(745 5239 9347 5227)
4(745 5113 9346 5239)
4(9348 5100 9232 3016)
4(9348 3016 9339 5101)
4(9349 3016 9232 5112)
4(9349 5113 9345 3016)
4(9349 3016 9348 5115)
4(672 5115 9348 5100)
4(9350 5226 9339 3016)
4(9350 3016 9345 5227)
4(9350 5230 9348 3016)
4(741 5101 9348 5230)
4(741 5230 9350 5226)
4(9350 3016 9349 5242)
4(745 5227 9350 5242)
4(746 5230 9348 5115)
4(746 5242 9350 5230)
4(9351 5103 9235 3017)
4(9351 3017 9340 5104)
4(9352 3017 9235 5114)
4(9352 5115 9348 3017)
4(9352 3017 9351 5117)
4(673 5117 9351 5103)
4(9353 5229 9340 3017)
4(9353 3017 9348 5230)
4(9353 5233 9351 3017)
4(742 5104 9351 5233)
4(742 5233 9353 5229)
4(9353 3017 9352 5244)
4(746 5230 9353 5244)
4(747 5233 9351 5117)
4(747 5244 9353 5233)
4(9355 3018 9238 5116)
4(9355 5117 9351 3018)
4(9355 3018 9354 5120)
4(674 5120 9354 5105)
4(674 5116 9355 5120)
4(9356 3018 9351 5233)
4(9356 3018 9355 5246)
4(747 5233 9356 5246)
4(747 5246 9355 5117)
4(748 5235 9354 5120)
4(748 5246 9356 5235)
4(748 5120 9355 5246)
4(9357 5120 9354 3019)
4(748 5248 9357 5120)
4(748 5235 9358 5248)
4(9360 3020 9359 5128)
4(677 5128 9359 5107)
4(677 5123 9360 5128)
4(751 5237 9359 5128)
4(751 5128 9360 5253)
4(751 5253 9361 5237)
4(9362 5110 9246 3021)
4(9362 3021 9343 5111)
4(9363 3021 9246 5126)
4(9363 5128 9359 3021)
4(9363 3021 9362 5129)
4(678 5129 9362 5110)
4(9364 5236 9343 3021)
4(9364 3021 9359 5237)
4(9364 5240 9362 3021)
4(744 5240 9364 5236)
4(744 5111 9362 5240)
4(9364 3021 9363 5256)
4(751 5237 9364 5256)
4(752 5256 9364 5240)
4(752 5240 9362 5129)
4(9366 5121 9250 3022)
4(9366 3022 9357 5122)
4(9367 3022 9250 5130)
4(9367 5131 9365 3022)
4(682 5119 9365 5131)
4(9367 3022 9366 5134)
4(683 5134 9366 5121)
4(9368 5248 9357 3022)
4(9368 3022 9365 5249)
4(748 5249 9365 5120)
4(9368 5251 9366 3022)
4(749 5251 9368 5248)
4(9368 3022 9367 5260)
4(756 5249 9368 5260)
4(756 5131 9365 5249)
4(757 5251 9366 5134)
4(757 5260 9368 5251)
4(9369 5134 9366 3023)
4(757 5262 9369 5134)
4(757 5251 9370 5262)
4(9373 5127 9257 3024)
4(9373 3024 9360 5128)
4(9374 3024 9257 5138)
4(9374 5140 9371 3024)
4(9374 3024 9373 5142)
4(686 5138 9374 5142)
4(9375 5253 9360 3024)
4(9375 3024 9371 5254)
4(9375 5257 9373 3024)
4(751 5257 9375 5253)
4(9375 3024 9374 5268)
4(759 5268 9374 5140)
4(759 5254 9375 5268)
4(760 5142 9374 5268)
4(760 5268 9375 5257)
4(9377 5135 9261 3025)
4(9377 3025 9369 5136)
4(9378 3025 9261 5143)
4(9378 5145 9376 3025)
4(9378 3025 9377 5148)
4(693 5143 9378 5148)
4(9379 5262 9369 3025)
4(9379 3025 9376 5263)
4(9379 5265 9377 3025)
4(758 5265 9379 5262)
4(9379 3025 9378 5273)
4(766 5273 9378 5145)
4(766 5263 9379 5273)
4(767 5148 9378 5273)
4(767 5273 9379 5265)
4(9381 5139 9265 3026)
4(9381 3026 9372 5140)
4(9382 3026 9381 5152)
4(694 5152 9381 5139)
4(694 5149 9382 5152)
4(9383 5269 9381 3026)
4(759 5140 9381 5269)
4(759 5269 9383 5267)
4(768 5269 9381 5152)
4(768 5152 9382 5279)
4(768 5279 9383 5269)
4(9384 5141 9268 3027)
4(9384 3027 9374 5142)
4(9385 3027 9268 5150)
4(9385 5152 9381 3027)
4(9385 3027 9384 5154)
4(695 5150 9385 5154)
4(9386 5268 9374 3027)
4(9386 3027 9381 5269)
4(9386 5271 9384 3027)
4(760 5271 9386 5268)
4(9386 3027 9385 5280)
4(768 5280 9385 5152)
4(768 5269 9386 5280)
4(769 5154 9385 5280)
4(769 5280 9386 5271)
4(9388 5147 9272 3028)
4(9388 3028 9378 5148)
4(9389 3028 9272 5155)
4(9389 5157 9387 3028)
4(9389 3028 9388 5160)
4(702 5160 9388 5147)
4(702 5155 9389 5160)
4(9390 5273 9378 3028)
4(9390 3028 9387 5274)
4(9390 5277 9388 3028)
4(767 5148 9388 5277)
4(767 5277 9390 5273)
4(9390 3028 9389 5285)
4(775 5285 9389 5157)
4(775 5274 9390 5285)
4(776 5277 9388 5160)
4(776 5160 9389 5285)
4(776 5285 9390 5277)
4(9391 5160 9388 3029)
4(9392 3029 9388 5277)
4(776 5288 9391 5160)
4(776 5277 9392 5288)
4(9393 5151 9277 3030)
4(9393 3030 9382 5152)
4(9394 3030 9393 5164)
4(703 5164 9393 5151)
4(703 5161 9394 5164)
4(9395 5281 9393 3030)
4(768 5152 9393 5281)
4(768 5281 9395 5279)
4(777 5281 9393 5164)
4(777 5164 9394 5291)
4(777 5291 9395 5281)
4(9396 5153 9280 3031)
4(9396 3031 9385 5154)
4(9397 3031 9280 5162)
4(9397 5164 9393 3031)
4(9397 3031 9396 5166)
4(704 5162 9397 5166)
4(9398 5280 9385 3031)
4(9398 3031 9393 5281)
4(9398 5283 9396 3031)
4(769 5283 9398 5280)
4(9398 3031 9397 5292)
4(777 5292 9397 5164)
4(777 5281 9398 5292)
4(778 5166 9397 5292)
4(778 5292 9398 5283)
4(9400 5159 9284 3032)
4(9400 3032 9389 5160)
4(9401 3032 9284 5167)
4(9401 5169 9399 3032)
4(9401 3032 9400 5172)
4(711 5172 9400 5159)
4(711 5167 9401 5172)
4(9402 5285 9389 3032)
4(9402 3032 9399 5286)
4(9402 5289 9400 3032)
4(776 5160 9400 5289)
4(776 5289 9402 5285)
4(9402 3032 9401 5297)
4(784 5297 9401 5169)
4(784 5286 9402 5297)
4(785 5289 9400 5172)
4(785 5172 9401 5297)
4(785 5297 9402 5289)
4(9403 5172 9400 3033)
4(9404 3033 9400 5289)
4(785 5300 9403 5172)
4(785 5289 9404 5300)
4(9405 5163 9289 3034)
4(9405 3034 9394 5164)
4(9406 3034 9405 5176)
4(712 5176 9405 5163)
4(9407 5293 9405 3034)
4(777 5164 9405 5293)
4(777 5293 9407 5291)
4(786 5293 9405 5176)
4(786 5303 9407 5293)
4(9408 5165 9292 3035)
4(9408 3035 9397 5166)
4(9409 3035 9292 5174)
4(9409 5176 9405 3035)
4(9409 3035 9408 5178)
4(713 5174 9409 5178)
4(9410 5292 9397 3035)
4(9410 3035 9405 5293)
4(9410 5295 9408 3035)
4(778 5295 9410 5292)
4(9410 3035 9409 5304)
4(786 5304 9409 5176)
4(786 5293 9410 5304)
4(787 5178 9409 5304)
4(787 5304 9410 5295)
4(9412 5171 9296 3036)
4(9412 3036 9401 5172)
4(9413 3036 9296 5179)
4(9413 5181 9411 3036)
4(9413 3036 9412 5184)
4(720 5184 9412 5171)
4(720 5179 9413 5184)
4(9414 5297 9401 3036)
4(9414 3036 9411 5298)
4(9414 5301 9412 3036)
4(785 5172 9412 5301)
4(785 5301 9414 5297)
4(9414 3036 9413 5309)
4(793 5309 9413 5181)
4(793 5298 9414 5309)
4(794 5301 9412 5184)
4(794 5184 9413 5309)
4(794 5309 9414 5301)
4(9415 5184 9412 3037)
4(9416 3037 9412 5301)
4(794 5301 9416 5312)
4(9418 5177 9302 3038)
4(9418 3038 9409 5178)
4(9419 3038 9302 5185)
4(9419 5186 9417 3038)
4(9419 3038 9418 5189)
4(722 5185 9419 5189)
4(9420 5304 9409 3038)
4(9420 3038 9417 5305)
4(9420 5307 9418 3038)
4(787 5307 9420 5304)
4(9420 3038 9419 5315)
4(795 5305 9420 5315)
4(796 5189 9419 5315)
4(796 5315 9420 5307)
4(9424 5183 9308 3039)
4(9424 3039 9413 5184)
4(9425 3039 9308 5195)
4(9425 5197 9422 3039)
4(9425 3039 9424 5198)
4(9426 5309 9413 3039)
4(9426 3039 9422 5310)
4(9426 5313 9424 3039)
4(794 5313 9426 5309)
4(9426 3039 9425 5325)
4(802 5325 9425 5197)
4(802 5310 9426 5325)
4(803 5325 9426 5313)
4(9427 3040 9419 5189)
4(796 5189 9427 5318)
4(796 5318 9428 5315)
4(9429 5190 9313 3041)
4(9429 3041 9421 5191)
4(9430 3041 9313 5199)
4(9430 5200 9427 3041)
4(9430 3041 9429 5203)
4(731 5199 9430 5203)
4(731 5203 9429 5190)
4(9431 5317 9421 3041)
4(9431 3041 9427 5318)
4(9431 5320 9429 3041)
4(797 5320 9431 5317)
4(797 5191 9429 5320)
4(9431 3041 9430 5329)
4(804 5318 9431 5329)
4(805 5203 9430 5329)
4(805 5329 9431 5320)
4(805 5320 9429 5203)
4(9437 5196 9321 3042)
4(9437 3042 9423 5197)
4(9438 3042 9321 5213)
4(9438 5215 9435 3042)
4(735 5193 9435 5215)
4(9438 3042 9437 5216)
4(9439 5322 9423 3042)
4(9439 3042 9435 5323)
4(801 5323 9435 5194)
4(9439 5326 9437 3042)
4(802 5197 9437 5326)
4(802 5326 9439 5322)
4(9439 3042 9438 5343)
4(809 5343 9438 5215)
4(809 5323 9439 5343)
4(809 5215 9435 5323)
4(810 5343 9439 5326)
4(9441 3044 9430 5203)
4(805 5203 9441 5332)
4(805 5332 9442 5329)
4(9443 5205 9327 3045)
4(9443 3045 9432 5206)
4(732 5206 9432 5201)
4(9444 3045 9443 5219)
4(737 5219 9443 5205)
4(9445 5331 9432 3045)
4(805 5203 9432 5331)
4(9445 5335 9443 3045)
4(806 5206 9443 5335)
4(806 5335 9445 5331)
4(806 5331 9432 5206)
4(811 5335 9443 5219)
4(811 5347 9445 5335)
4(9446 5208 9330 3046)
4(9446 3046 9433 5209)
4(9447 3046 9330 5218)
4(9447 5219 9443 3046)
4(9447 3046 9446 5221)
4(738 5221 9446 5208)
4(9448 5334 9433 3046)
4(9448 3046 9443 5335)
4(9448 5338 9446 3046)
4(807 5209 9446 5338)
4(807 5338 9448 5334)
4(9448 3046 9447 5348)
4(811 5335 9448 5348)
4(812 5338 9446 5221)
4(812 5348 9448 5338)
4(9449 5211 9333 3047)
4(9449 3047 9434 5212)
4(9450 3047 9333 5220)
4(9450 5221 9446 3047)
4(9450 3047 9449 5223)
4(739 5223 9449 5211)
4(9451 5337 9434 3047)
4(9451 3047 9446 5338)
4(9451 5341 9449 3047)
4(808 5212 9449 5341)
4(808 5341 9451 5337)
4(9451 3047 9450 5350)
4(812 5338 9451 5350)
4(813 5341 9449 5223)
4(813 5350 9451 5341)
4(9452 3048 9436 5215)
4(735 5215 9436 5210)
4(9453 5223 9449 3048)
4(9454 5340 9436 3048)
4(9454 3048 9449 5341)
4(808 5212 9436 5340)
4(809 5215 9452 5344)
4(809 5344 9454 5340)
4(809 5340 9436 5215)
4(813 5341 9454 5352)
4(9461 3050 9460 5241)
4(744 5241 9460 5225)
4(744 5236 9461 5241)
4(818 5355 9460 5241)
4(818 5241 9461 5366)
4(818 5366 9462 5355)
4(9463 5227 9347 3051)
4(9463 3051 9456 5228)
4(9464 3051 9347 5239)
4(9464 5241 9460 3051)
4(9464 3051 9463 5243)
4(745 5243 9463 5227)
4(745 5239 9464 5243)
4(9465 5357 9463 3051)
4(814 5228 9463 5357)
4(814 5357 9465 5354)
4(9465 3051 9464 5369)
4(818 5355 9465 5369)
4(818 5369 9464 5241)
4(819 5357 9463 5243)
4(819 5369 9465 5357)
4(819 5243 9464 5369)
4(9466 5230 9350 3052)
4(9466 3052 9457 5231)
4(9467 3052 9350 5242)
4(9467 5243 9463 3052)
4(9467 3052 9466 5245)
4(746 5245 9466 5230)
4(9468 5356 9457 3052)
4(9468 3052 9463 5357)
4(9468 5360 9466 3052)
4(815 5231 9466 5360)
4(815 5360 9468 5356)
4(9468 3052 9467 5372)
4(819 5357 9468 5372)
4(820 5360 9466 5245)
4(820 5372 9468 5360)
4(9469 5233 9353 3053)
4(9469 3053 9458 5234)
4(9470 3053 9353 5244)
4(9470 5245 9466 3053)
4(9470 3053 9469 5247)
4(747 5247 9469 5233)
4(9471 5359 9458 3053)
4(9471 3053 9466 5360)
4(9471 5363 9469 3053)
4(816 5234 9469 5363)
4(816 5363 9471 5359)
4(9471 3053 9470 5374)
4(820 5360 9471 5374)
4(821 5363 9469 5247)
4(821 5374 9471 5363)
4(9473 3054 9356 5246)
4(9473 5247 9469 3054)
4(9473 3054 9472 5250)
4(748 5250 9472 5235)
4(748 5246 9473 5250)
4(9474 3054 9469 5363)
4(9474 3054 9473 5376)
4(821 5363 9474 5376)
4(821 5376 9473 5247)
4(822 5365 9472 5250)
4(822 5376 9474 5365)
4(822 5250 9473 5376)
4(9475 5250 9472 3055)
4(822 5378 9475 5250)
4(822 5365 9476 5378)
4(9478 3056 9477 5258)
4(751 5258 9477 5237)
4(751 5253 9478 5258)
4(825 5367 9477 5258)
4(825 5258 9478 5383)
4(825 5383 9479 5367)
4(9480 5240 9364 3057)
4(9480 3057 9461 5241)
4(9481 3057 9364 5256)
4(9481 5258 9477 3057)
4(9481 3057 9480 5259)
4(752 5259 9480 5240)
4(9482 5366 9461 3057)
4(9482 3057 9477 5367)
4(9482 5370 9480 3057)
4(818 5370 9482 5366)
4(818 5241 9480 5370)
4(9482 3057 9481 5386)
4(825 5367 9482 5386)
4(826 5386 9482 5370)
4(826 5370 9480 5259)
4(9484 5251 9368 3058)
4(9484 3058 9475 5252)
4(9485 3058 9368 5260)
4(9485 5261 9483 3058)
4(756 5249 9483 5261)
4(9485 3058 9484 5264)
4(757 5264 9484 5251)
4(9486 5378 9475 3058)
4(9486 3058 9483 5379)
4(822 5379 9483 5250)
4(9486 5381 9484 3058)
4(823 5381 9486 5378)
4(9486 3058 9485 5390)
4(830 5379 9486 5390)
4(830 5261 9483 5379)
4(831 5381 9484 5264)
4(831 5390 9486 5381)
4(9487 5264 9484 3059)
4(831 5392 9487 5264)
4(831 5381 9488 5392)
4(9491 5257 9375 3060)
4(9491 3060 9478 5258)
4(9492 3060 9375 5268)
4(9492 5270 9489 3060)
4(9492 3060 9491 5272)
4(760 5268 9492 5272)
4(9493 5383 9478 3060)
4(9493 3060 9489 5384)
4(9493 5387 9491 3060)
4(825 5387 9493 5383)
4(9493 3060 9492 5398)
4(833 5398 9492 5270)
4(833 5384 9493 5398)
4(834 5272 9492 5398)
4(834 5398 9493 5387)
4(9495 5265 9379 3061)
4(9495 3061 9487 5266)
4(9496 3061 9379 5273)
4(9496 5275 9494 3061)
4(9496 3061 9495 5278)
4(767 5273 9496 5278)
4(9497 5392 9487 3061)
4(9497 3061 9494 5393)
4(9497 5395 9495 3061)
4(832 5395 9497 5392)
4(9497 3061 9496 5403)
4(840 5403 9496 5275)
4(840 5393 9497 5403)
4(841 5278 9496 5403)
4(841 5403 9497 5395)
4(9499 5269 9383 3062)
4(9499 3062 9490 5270)
4(9500 3062 9499 5282)
4(768 5282 9499 5269)
4(768 5279 9500 5282)
4(9501 5399 9499 3062)
4(833 5270 9499 5399)
4(833 5399 9501 5397)
4(842 5399 9499 5282)
4(842 5282 9500 5409)
4(842 5409 9501 5399)
4(9502 5271 9386 3063)
4(9502 3063 9492 5272)
4(9503 3063 9386 5280)
4(9503 5282 9499 3063)
4(9503 3063 9502 5284)
4(769 5280 9503 5284)
4(9504 5398 9492 3063)
4(9504 3063 9499 5399)
4(9504 5401 9502 3063)
4(834 5401 9504 5398)
4(9504 3063 9503 5410)
4(842 5410 9503 5282)
4(842 5399 9504 5410)
4(843 5284 9503 5410)
4(843 5410 9504 5401)
4(9506 5277 9390 3064)
4(9506 3064 9496 5278)
4(9507 3064 9390 5285)
4(9507 5287 9505 3064)
4(9507 3064 9506 5290)
4(776 5290 9506 5277)
4(776 5285 9507 5290)
4(9508 5403 9496 3064)
4(9508 3064 9505 5404)
4(9508 5407 9506 3064)
4(841 5278 9506 5407)
4(841 5407 9508 5403)
4(9508 3064 9507 5415)
4(849 5415 9507 5287)
4(849 5404 9508 5415)
4(850 5407 9506 5290)
4(850 5290 9507 5415)
4(850 5415 9508 5407)
4(9509 5290 9506 3065)
4(9510 3065 9506 5407)
4(850 5418 9509 5290)
4(850 5407 9510 5418)
4(9511 5281 9395 3066)
4(9511 3066 9500 5282)
4(9512 3066 9511 5294)
4(777 5294 9511 5281)
4(777 5291 9512 5294)
4(9513 5411 9511 3066)
4(842 5282 9511 5411)
4(842 5411 9513 5409)
4(851 5411 9511 5294)
4(851 5294 9512 5421)
4(851 5421 9513 5411)
4(9514 5283 9398 3067)
4(9514 3067 9503 5284)
4(9515 3067 9398 5292)
4(9515 5294 9511 3067)
4(9515 3067 9514 5296)
4(778 5292 9515 5296)
4(9516 5410 9503 3067)
4(9516 3067 9511 5411)
4(9516 5413 9514 3067)
4(843 5413 9516 5410)
4(9516 3067 9515 5422)
4(851 5422 9515 5294)
4(851 5411 9516 5422)
4(852 5296 9515 5422)
4(852 5422 9516 5413)
4(9518 5289 9402 3068)
4(9518 3068 9507 5290)
4(9519 3068 9402 5297)
4(9519 5299 9517 3068)
4(9519 3068 9518 5302)
4(785 5302 9518 5289)
4(785 5297 9519 5302)
4(9520 5415 9507 3068)
4(9520 3068 9517 5416)
4(9520 5419 9518 3068)
4(850 5290 9518 5419)
4(850 5419 9520 5415)
4(9520 3068 9519 5427)
4(858 5427 9519 5299)
4(858 5416 9520 5427)
4(859 5419 9518 5302)
4(859 5302 9519 5427)
4(859 5427 9520 5419)
4(9521 5302 9518 3069)
4(9522 3069 9518 5419)
4(859 5430 9521 5302)
4(859 5419 9522 5430)
4(9523 5293 9407 3070)
4(9523 3070 9512 5294)
4(9524 3070 9523 5306)
4(786 5306 9523 5293)
4(9525 5423 9523 3070)
4(851 5294 9523 5423)
4(851 5423 9525 5421)
4(860 5423 9523 5306)
4(860 5433 9525 5423)
4(9526 5295 9410 3071)
4(9526 3071 9515 5296)
4(9527 3071 9410 5304)
4(9527 5306 9523 3071)
4(9527 3071 9526 5308)
4(787 5304 9527 5308)
4(9528 5422 9515 3071)
4(9528 3071 9523 5423)
4(9528 5425 9526 3071)
4(852 5425 9528 5422)
4(9528 3071 9527 5434)
4(860 5434 9527 5306)
4(860 5423 9528 5434)
4(861 5308 9527 5434)
4(861 5434 9528 5425)
4(9530 5301 9414 3072)
4(9530 3072 9519 5302)
4(9531 3072 9414 5309)
4(9531 5311 9529 3072)
4(9531 3072 9530 5314)
4(794 5314 9530 5301)
4(794 5309 9531 5314)
4(9532 5427 9519 3072)
4(9532 3072 9529 5428)
4(9532 5431 9530 3072)
4(859 5302 9530 5431)
4(859 5431 9532 5427)
4(9532 3072 9531 5439)
4(867 5439 9531 5311)
4(867 5428 9532 5439)
4(868 5431 9530 5314)
4(868 5314 9531 5439)
4(868 5439 9532 5431)
4(9533 5314 9530 3073)
4(9534 3073 9530 5431)
4(868 5431 9534 5442)
4(9536 5307 9420 3074)
4(9536 3074 9527 5308)
4(9537 3074 9420 5315)
4(9537 5316 9535 3074)
4(9537 3074 9536 5319)
4(796 5315 9537 5319)
4(9538 5434 9527 3074)
4(9538 3074 9535 5435)
4(9538 5437 9536 3074)
4(861 5437 9538 5434)
4(9538 3074 9537 5445)
4(869 5435 9538 5445)
4(870 5319 9537 5445)
4(870 5445 9538 5437)
4(9542 5313 9426 3075)
4(9542 3075 9531 5314)
4(9543 3075 9426 5325)
4(9543 5327 9540 3075)
4(9543 3075 9542 5328)
4(9544 5439 9531 3075)
4(9544 3075 9540 5440)
4(9544 5443 9542 3075)
4(868 5443 9544 5439)
4(9544 3075 9543 5455)
4(876 5455 9543 5327)
4(876 5440 9544 5455)
4(877 5455 9544 5443)
4(9545 3076 9537 5319)
4(870 5319 9545 5448)
4(870 5448 9546 5445)
4(9547 5320 9431 3077)
4(9547 3077 9539 5321)
4(9548 3077 9431 5329)
4(9548 5330 9545 3077)
4(9548 3077 9547 5333)
4(805 5329 9548 5333)
4(805 5333 9547 5320)
4(9549 5447 9539 3077)
4(9549 3077 9545 5448)
4(9549 5450 9547 3077)
4(871 5450 9549 5447)
4(871 5321 9547 5450)
4(9549 3077 9548 5459)
4(878 5448 9549 5459)
4(879 5333 9548 5459)
4(879 5459 9549 5450)
4(879 5450 9547 5333)
4(9555 5326 9439 3078)
4(9555 3078 9541 5327)
4(9556 3078 9439 5343)
4(9556 5345 9553 3078)
4(809 5323 9553 5345)
4(9556 3078 9555 5346)
4(9557 5452 9541 3078)
4(9557 3078 9553 5453)
4(875 5453 9553 5324)
4(9557 5456 9555 3078)
4(876 5327 9555 5456)
4(876 5456 9557 5452)
4(9557 3078 9556 5473)
4(883 5473 9556 5345)
4(883 5453 9557 5473)
4(883 5345 9553 5453)
4(884 5473 9557 5456)
4(9559 3080 9548 5333)
4(879 5333 9559 5462)
4(879 5462 9560 5459)
4(9561 5335 9445 3081)
4(9561 3081 9550 5336)
4(806 5336 9550 5331)
4(9562 3081 9561 5349)
4(811 5349 9561 5335)
4(9563 5461 9550 3081)
4(879 5333 9550 5461)
4(9563 5465 9561 3081)
4(880 5336 9561 5465)
4(880 5465 9563 5461)
4(880 5461 9550 5336)
4(885 5465 9561 5349)
4(885 5477 9563 5465)
4(9564 5338 9448 3082)
4(9564 3082 9551 5339)
4(9565 3082 9448 5348)
4(9565 5349 9561 3082)
4(9565 3082 9564 5351)
4(812 5351 9564 5338)
4(9566 5464 9551 3082)
4(9566 3082 9561 5465)
4(9566 5468 9564 3082)
4(881 5339 9564 5468)
4(881 5468 9566 5464)
4(9566 3082 9565 5478)
4(885 5465 9566 5478)
4(886 5468 9564 5351)
4(886 5478 9566 5468)
4(9567 5341 9451 3083)
4(9567 3083 9552 5342)
4(9568 3083 9451 5350)
4(9568 5351 9564 3083)
4(9568 3083 9567 5353)
4(813 5353 9567 5341)
4(9569 5467 9552 3083)
4(9569 3083 9564 5468)
4(9569 5471 9567 3083)
4(882 5342 9567 5471)
4(882 5471 9569 5467)
4(9569 3083 9568 5480)
4(886 5468 9569 5480)
4(887 5471 9567 5353)
4(887 5480 9569 5471)
4(9570 3084 9554 5345)
4(809 5345 9554 5340)
4(9571 5353 9567 3084)
4(9572 5470 9554 3084)
4(9572 3084 9567 5471)
4(882 5342 9554 5470)
4(883 5345 9570 5474)
4(883 5474 9572 5470)
4(883 5470 9554 5345)
4(887 5471 9572 5482)
4(9579 3086 9578 5371)
4(818 5371 9578 5355)
4(818 5366 9579 5371)
4(892 5485 9578 5371)
4(892 5371 9579 5496)
4(892 5496 9580 5485)
4(9581 5357 9465 3087)
4(9581 3087 9574 5358)
4(9582 3087 9465 5369)
4(9582 5371 9578 3087)
4(9582 3087 9581 5373)
4(819 5373 9581 5357)
4(819 5369 9582 5373)
4(9583 5487 9581 3087)
4(888 5358 9581 5487)
4(888 5487 9583 5484)
4(9583 3087 9582 5499)
4(892 5485 9583 5499)
4(892 5499 9582 5371)
4(893 5487 9581 5373)
4(893 5499 9583 5487)
4(893 5373 9582 5499)
4(9584 5360 9468 3088)
4(9584 3088 9575 5361)
4(9585 3088 9468 5372)
4(9585 5373 9581 3088)
4(9585 3088 9584 5375)
4(820 5375 9584 5360)
4(9586 5486 9575 3088)
4(9586 3088 9581 5487)
4(9586 5490 9584 3088)
4(889 5361 9584 5490)
4(889 5490 9586 5486)
4(9586 3088 9585 5502)
4(893 5487 9586 5502)
4(894 5490 9584 5375)
4(894 5502 9586 5490)
4(9587 5363 9471 3089)
4(9587 3089 9576 5364)
4(9588 3089 9471 5374)
4(9588 5375 9584 3089)
4(9588 3089 9587 5377)
4(821 5377 9587 5363)
4(9589 5489 9576 3089)
4(9589 3089 9584 5490)
4(9589 5493 9587 3089)
4(890 5364 9587 5493)
4(890 5493 9589 5489)
4(9589 3089 9588 5504)
4(894 5490 9589 5504)
4(895 5493 9587 5377)
4(895 5504 9589 5493)
4(9591 3090 9474 5376)
4(9591 5377 9587 3090)
4(9591 3090 9590 5380)
4(822 5380 9590 5365)
4(822 5376 9591 5380)
4(9592 3090 9587 5493)
4(9592 3090 9591 5506)
4(895 5493 9592 5506)
4(895 5506 9591 5377)
4(896 5495 9590 5380)
4(896 5506 9592 5495)
4(896 5380 9591 5506)
4(9593 5380 9590 3091)
4(896 5508 9593 5380)
4(896 5495 9594 5508)
4(9596 3092 9595 5388)
4(825 5388 9595 5367)
4(825 5383 9596 5388)
4(899 5497 9595 5388)
4(899 5388 9596 5513)
4(899 5513 9597 5497)
4(9598 5370 9482 3093)
4(9598 3093 9579 5371)
4(9599 3093 9482 5386)
4(9599 5388 9595 3093)
4(9599 3093 9598 5389)
4(826 5389 9598 5370)
4(9600 5496 9579 3093)
4(9600 3093 9595 5497)
4(9600 5500 9598 3093)
4(892 5500 9600 5496)
4(892 5371 9598 5500)
4(9600 3093 9599 5516)
4(899 5497 9600 5516)
4(900 5516 9600 5500)
4(900 5500 9598 5389)
4(9602 5381 9486 3094)
4(9602 3094 9593 5382)
4(9603 3094 9486 5390)
4(9603 5391 9601 3094)
4(830 5379 9601 5391)
4(9603 3094 9602 5394)
4(831 5394 9602 5381)
4(9604 5508 9593 3094)
4(9604 3094 9601 5509)
4(896 5509 9601 5380)
4(9604 5511 9602 3094)
4(897 5511 9604 5508)
4(9604 3094 9603 5520)
4(904 5509 9604 5520)
4(904 5391 9601 5509)
4(905 5511 9602 5394)
4(905 5520 9604 5511)
4(9605 5394 9602 3095)
4(905 5522 9605 5394)
4(905 5511 9606 5522)
4(9609 5387 9493 3096)
4(9609 3096 9596 5388)
4(9610 3096 9493 5398)
4(9610 5400 9607 3096)
4(9610 3096 9609 5402)
4(834 5398 9610 5402)
4(9611 5513 9596 3096)
4(9611 3096 9607 5514)
4(9611 5517 9609 3096)
4(899 5517 9611 5513)
4(9611 3096 9610 5528)
4(907 5528 9610 5400)
4(907 5514 9611 5528)
4(908 5402 9610 5528)
4(908 5528 9611 5517)
4(9613 5395 9497 3097)
4(9613 3097 9605 5396)
4(9614 3097 9497 5403)
4(9614 5405 9612 3097)
4(9614 3097 9613 5408)
4(841 5403 9614 5408)
4(9615 5522 9605 3097)
4(9615 3097 9612 5523)
4(9615 5525 9613 3097)
4(906 5525 9615 5522)
4(9615 3097 9614 5533)
4(914 5533 9614 5405)
4(914 5523 9615 5533)
4(915 5408 9614 5533)
4(915 5533 9615 5525)
4(9617 5399 9501 3098)
4(9617 3098 9608 5400)
4(9618 3098 9617 5412)
4(842 5412 9617 5399)
4(842 5409 9618 5412)
4(9619 5529 9617 3098)
4(907 5400 9617 5529)
4(907 5529 9619 5527)
4(916 5529 9617 5412)
4(916 5412 9618 5539)
4(916 5539 9619 5529)
4(9620 5401 9504 3099)
4(9620 3099 9610 5402)
4(9621 3099 9504 5410)
4(9621 5412 9617 3099)
4(9621 3099 9620 5414)
4(843 5410 9621 5414)
4(9622 5528 9610 3099)
4(9622 3099 9617 5529)
4(9622 5531 9620 3099)
4(908 5531 9622 5528)
4(9622 3099 9621 5540)
4(916 5540 9621 5412)
4(916 5529 9622 5540)
4(917 5414 9621 5540)
4(917 5540 9622 5531)
4(9624 5407 9508 3100)
4(9624 3100 9614 5408)
4(9625 3100 9508 5415)
4(9625 5417 9623 3100)
4(9625 3100 9624 5420)
4(850 5420 9624 5407)
4(850 5415 9625 5420)
4(9626 5533 9614 3100)
4(9626 3100 9623 5534)
4(9626 5537 9624 3100)
4(915 5408 9624 5537)
4(915 5537 9626 5533)
4(9626 3100 9625 5545)
4(923 5545 9625 5417)
4(923 5534 9626 5545)
4(924 5537 9624 5420)
4(924 5420 9625 5545)
4(924 5545 9626 5537)
4(9627 5420 9624 3101)
4(9628 3101 9624 5537)
4(924 5548 9627 5420)
4(924 5537 9628 5548)
4(9629 5411 9513 3102)
4(9629 3102 9618 5412)
4(9630 3102 9629 5424)
4(851 5424 9629 5411)
4(851 5421 9630 5424)
4(9631 5541 9629 3102)
4(916 5412 9629 5541)
4(916 5541 9631 5539)
4(925 5541 9629 5424)
4(925 5424 9630 5551)
4(925 5551 9631 5541)
4(9632 5413 9516 3103)
4(9632 3103 9621 5414)
4(9633 3103 9516 5422)
4(9633 5424 9629 3103)
4(9633 3103 9632 5426)
4(852 5422 9633 5426)
4(9634 5540 9621 3103)
4(9634 3103 9629 5541)
4(9634 5543 9632 3103)
4(917 5543 9634 5540)
4(9634 3103 9633 5552)
4(925 5552 9633 5424)
4(925 5541 9634 5552)
4(926 5426 9633 5552)
4(926 5552 9634 5543)
4(9636 5419 9520 3104)
4(9636 3104 9625 5420)
4(9637 3104 9520 5427)
4(9637 5429 9635 3104)
4(9637 3104 9636 5432)
4(859 5432 9636 5419)
4(859 5427 9637 5432)
4(9638 5545 9625 3104)
4(9638 3104 9635 5546)
4(9638 5549 9636 3104)
4(924 5420 9636 5549)
4(924 5549 9638 5545)
4(9638 3104 9637 5557)
4(932 5557 9637 5429)
4(932 5546 9638 5557)
4(933 5549 9636 5432)
4(933 5432 9637 5557)
4(933 5557 9638 5549)
4(9639 5432 9636 3105)
4(9640 3105 9636 5549)
4(933 5560 9639 5432)
4(933 5549 9640 5560)
4(9641 5423 9525 3106)
4(9641 3106 9630 5424)
4(9642 3106 9641 5436)
4(860 5436 9641 5423)
4(9643 5553 9641 3106)
4(925 5424 9641 5553)
4(925 5553 9643 5551)
4(934 5553 9641 5436)
4(934 5563 9643 5553)
4(9644 5425 9528 3107)
4(9644 3107 9633 5426)
4(9645 3107 9528 5434)
4(9645 5436 9641 3107)
4(9645 3107 9644 5438)
4(861 5434 9645 5438)
4(9646 5552 9633 3107)
4(9646 3107 9641 5553)
4(9646 5555 9644 3107)
4(926 5555 9646 5552)
4(9646 3107 9645 5564)
4(934 5564 9645 5436)
4(934 5553 9646 5564)
4(935 5438 9645 5564)
4(935 5564 9646 5555)
4(9648 5431 9532 3108)
4(9648 3108 9637 5432)
4(9649 3108 9532 5439)
4(9649 5441 9647 3108)
4(9649 3108 9648 5444)
4(868 5444 9648 5431)
4(868 5439 9649 5444)
4(9650 5557 9637 3108)
4(9650 3108 9647 5558)
4(9650 5561 9648 3108)
4(933 5432 9648 5561)
4(933 5561 9650 5557)
4(9650 3108 9649 5569)
4(941 5569 9649 5441)
4(941 5558 9650 5569)
4(942 5561 9648 5444)
4(942 5444 9649 5569)
4(942 5569 9650 5561)
4(9651 5444 9648 3109)
4(9652 3109 9648 5561)
4(942 5561 9652 5572)
4(9654 5437 9538 3110)
4(9654 3110 9645 5438)
4(9655 3110 9538 5445)
4(9655 5446 9653 3110)
4(9655 3110 9654 5449)
4(870 5445 9655 5449)
4(9656 5564 9645 3110)
4(9656 3110 9653 5565)
4(9656 5567 9654 3110)
4(935 5567 9656 5564)
4(9656 3110 9655 5575)
4(943 5565 9656 5575)
4(944 5449 9655 5575)
4(944 5575 9656 5567)
4(9660 5443 9544 3111)
4(9660 3111 9649 5444)
4(9661 3111 9544 5455)
4(9661 5457 9658 3111)
4(9661 3111 9660 5458)
4(9662 5569 9649 3111)
4(9662 3111 9658 5570)
4(9662 5573 9660 3111)
4(942 5573 9662 5569)
4(9662 3111 9661 5585)
4(950 5585 9661 5457)
4(950 5570 9662 5585)
4(951 5585 9662 5573)
4(9663 3112 9655 5449)
4(944 5449 9663 5578)
4(944 5578 9664 5575)
4(9665 5450 9549 3113)
4(9665 3113 9657 5451)
4(9666 3113 9549 5459)
4(9666 5460 9663 3113)
4(9666 3113 9665 5463)
4(879 5459 9666 5463)
4(879 5463 9665 5450)
4(9667 5577 9657 3113)
4(9667 3113 9663 5578)
4(9667 5580 9665 3113)
4(945 5580 9667 5577)
4(945 5451 9665 5580)
4(9667 3113 9666 5589)
4(952 5578 9667 5589)
4(953 5463 9666 5589)
4(953 5589 9667 5580)
4(953 5580 9665 5463)
4(9673 5456 9557 3114)
4(9673 3114 9659 5457)
4(9674 3114 9557 5473)
4(9674 5475 9671 3114)
4(883 5453 9671 5475)
4(9674 3114 9673 5476)
4(9675 5582 9659 3114)
4(9675 3114 9671 5583)
4(949 5583 9671 5454)
4(9675 5586 9673 3114)
4(950 5457 9673 5586)
4(950 5586 9675 5582)
4(9675 3114 9674 5603)
4(957 5603 9674 5475)
4(957 5583 9675 5603)
4(957 5475 9671 5583)
4(958 5603 9675 5586)
4(9677 3116 9666 5463)
4(953 5463 9677 5592)
4(953 5592 9678 5589)
4(9679 5465 9563 3117)
4(9679 3117 9668 5466)
4(880 5466 9668 5461)
4(9680 3117 9679 5479)
4(885 5479 9679 5465)
4(9681 5591 9668 3117)
4(953 5463 9668 5591)
4(9681 5595 9679 3117)
4(954 5466 9679 5595)
4(954 5595 9681 5591)
4(954 5591 9668 5466)
4(959 5595 9679 5479)
4(959 5607 9681 5595)
4(9682 5468 9566 3118)
4(9682 3118 9669 5469)
4(9683 3118 9566 5478)
4(9683 5479 9679 3118)
4(9683 3118 9682 5481)
4(886 5481 9682 5468)
4(9684 5594 9669 3118)
4(9684 3118 9679 5595)
4(9684 5598 9682 3118)
4(955 5469 9682 5598)
4(955 5598 9684 5594)
4(9684 3118 9683 5608)
4(959 5595 9684 5608)
4(960 5598 9682 5481)
4(960 5608 9684 5598)
4(9685 5471 9569 3119)
4(9685 3119 9670 5472)
4(9686 3119 9569 5480)
4(9686 5481 9682 3119)
4(9686 3119 9685 5483)
4(887 5483 9685 5471)
4(9687 5597 9670 3119)
4(9687 3119 9682 5598)
4(9687 5601 9685 3119)
4(956 5472 9685 5601)
4(956 5601 9687 5597)
4(9687 3119 9686 5610)
4(960 5598 9687 5610)
4(961 5601 9685 5483)
4(961 5610 9687 5601)
4(9688 3120 9672 5475)
4(883 5475 9672 5470)
4(9689 5483 9685 3120)
4(9690 5600 9672 3120)
4(9690 3120 9685 5601)
4(956 5472 9672 5600)
4(957 5475 9688 5604)
4(957 5604 9690 5600)
4(957 5600 9672 5475)
4(961 5601 9690 5612)
4(9697 3122 9696 5501)
4(892 5501 9696 5485)
4(892 5496 9697 5501)
4(966 5615 9696 5501)
4(966 5501 9697 5626)
4(966 5626 9698 5615)
4(9699 5487 9583 3123)
4(9699 3123 9692 5488)
4(9700 3123 9583 5499)
4(9700 5501 9696 3123)
4(9700 3123 9699 5503)
4(893 5503 9699 5487)
4(893 5499 9700 5503)
4(9701 5617 9699 3123)
4(962 5488 9699 5617)
4(962 5617 9701 5614)
4(9701 3123 9700 5629)
4(966 5615 9701 5629)
4(966 5629 9700 5501)
4(967 5617 9699 5503)
4(967 5629 9701 5617)
4(967 5503 9700 5629)
4(9702 5490 9586 3124)
4(9702 3124 9693 5491)
4(9703 3124 9586 5502)
4(9703 5503 9699 3124)
4(9703 3124 9702 5505)
4(894 5505 9702 5490)
4(9704 5616 9693 3124)
4(9704 3124 9699 5617)
4(9704 5620 9702 3124)
4(963 5491 9702 5620)
4(963 5620 9704 5616)
4(9704 3124 9703 5632)
4(967 5617 9704 5632)
4(968 5620 9702 5505)
4(968 5632 9704 5620)
4(9705 5493 9589 3125)
4(9705 3125 9694 5494)
4(9706 3125 9589 5504)
4(9706 5505 9702 3125)
4(9706 3125 9705 5507)
4(895 5507 9705 5493)
4(9707 5619 9694 3125)
4(9707 3125 9702 5620)
4(9707 5623 9705 3125)
4(964 5494 9705 5623)
4(964 5623 9707 5619)
4(9707 3125 9706 5634)
4(968 5620 9707 5634)
4(969 5623 9705 5507)
4(969 5634 9707 5623)
4(9709 3126 9592 5506)
4(9709 5507 9705 3126)
4(9709 3126 9708 5510)
4(896 5510 9708 5495)
4(896 5506 9709 5510)
4(9710 3126 9705 5623)
4(9710 3126 9709 5636)
4(969 5623 9710 5636)
4(969 5636 9709 5507)
4(970 5625 9708 5510)
4(970 5636 9710 5625)
4(970 5510 9709 5636)
4(9711 5510 9708 3127)
4(970 5638 9711 5510)
4(970 5625 9712 5638)
4(9714 3128 9713 5518)
4(899 5518 9713 5497)
4(899 5513 9714 5518)
4(973 5627 9713 5518)
4(973 5518 9714 5643)
4(973 5643 9715 5627)
4(9716 5500 9600 3129)
4(9716 3129 9697 5501)
4(9717 3129 9600 5516)
4(9717 5518 9713 3129)
4(9717 3129 9716 5519)
4(900 5519 9716 5500)
4(9718 5626 9697 3129)
4(9718 3129 9713 5627)
4(9718 5630 9716 3129)
4(966 5630 9718 5626)
4(966 5501 9716 5630)
4(9718 3129 9717 5646)
4(973 5627 9718 5646)
4(974 5646 9718 5630)
4(974 5630 9716 5519)
4(9720 5511 9604 3130)
4(9720 3130 9711 5512)
4(9721 3130 9604 5520)
4(9721 5521 9719 3130)
4(904 5509 9719 5521)
4(9721 3130 9720 5524)
4(905 5524 9720 5511)
4(9722 5638 9711 3130)
4(9722 3130 9719 5639)
4(970 5639 9719 5510)
4(9722 5641 9720 3130)
4(971 5641 9722 5638)
4(9722 3130 9721 5650)
4(978 5639 9722 5650)
4(978 5521 9719 5639)
4(979 5641 9720 5524)
4(979 5650 9722 5641)
4(9723 5524 9720 3131)
4(979 5652 9723 5524)
4(979 5641 9724 5652)
4(9727 5517 9611 3132)
4(9727 3132 9714 5518)
4(9728 3132 9611 5528)
4(9728 5530 9725 3132)
4(9728 3132 9727 5532)
4(908 5528 9728 5532)
4(9729 5643 9714 3132)
4(9729 3132 9725 5644)
4(9729 5647 9727 3132)
4(973 5647 9729 5643)
4(9729 3132 9728 5658)
4(981 5658 9728 5530)
4(981 5644 9729 5658)
4(982 5532 9728 5658)
4(982 5658 9729 5647)
4(9731 5525 9615 3133)
4(9731 3133 9723 5526)
4(9732 3133 9615 5533)
4(9732 5535 9730 3133)
4(9732 3133 9731 5538)
4(915 5533 9732 5538)
4(9733 5652 9723 3133)
4(9733 3133 9730 5653)
4(9733 5655 9731 3133)
4(980 5655 9733 5652)
4(9733 3133 9732 5663)
4(988 5663 9732 5535)
4(988 5653 9733 5663)
4(989 5538 9732 5663)
4(989 5663 9733 5655)
4(9735 5529 9619 3134)
4(9735 3134 9726 5530)
4(9736 3134 9735 5542)
4(916 5542 9735 5529)
4(916 5539 9736 5542)
4(9737 5659 9735 3134)
4(981 5530 9735 5659)
4(981 5659 9737 5657)
4(990 5659 9735 5542)
4(990 5542 9736 5669)
4(990 5669 9737 5659)
4(9738 5531 9622 3135)
4(9738 3135 9728 5532)
4(9739 3135 9622 5540)
4(9739 5542 9735 3135)
4(9739 3135 9738 5544)
4(917 5540 9739 5544)
4(9740 5658 9728 3135)
4(9740 3135 9735 5659)
4(9740 5661 9738 3135)
4(982 5661 9740 5658)
4(9740 3135 9739 5670)
4(990 5670 9739 5542)
4(990 5659 9740 5670)
4(991 5544 9739 5670)
4(991 5670 9740 5661)
4(9742 5537 9626 3136)
4(9742 3136 9732 5538)
4(9743 3136 9626 5545)
4(9743 5547 9741 3136)
4(9743 3136 9742 5550)
4(924 5550 9742 5537)
4(924 5545 9743 5550)
4(9744 5663 9732 3136)
4(9744 3136 9741 5664)
4(9744 5667 9742 3136)
4(989 5538 9742 5667)
4(989 5667 9744 5663)
4(9744 3136 9743 5675)
4(997 5675 9743 5547)
4(997 5664 9744 5675)
4(998 5667 9742 5550)
4(998 5550 9743 5675)
4(998 5675 9744 5667)
4(9745 5550 9742 3137)
4(9746 3137 9742 5667)
4(998 5678 9745 5550)
4(998 5667 9746 5678)
4(9747 5541 9631 3138)
4(9747 3138 9736 5542)
4(9748 3138 9747 5554)
4(925 5554 9747 5541)
4(925 5551 9748 5554)
4(9749 5671 9747 3138)
4(990 5542 9747 5671)
4(990 5671 9749 5669)
4(999 5671 9747 5554)
4(999 5554 9748 5681)
4(999 5681 9749 5671)
4(9750 5543 9634 3139)
4(9750 3139 9739 5544)
4(9751 3139 9634 5552)
4(9751 5554 9747 3139)
4(9751 3139 9750 5556)
4(926 5552 9751 5556)
4(9752 5670 9739 3139)
4(9752 3139 9747 5671)
4(9752 5673 9750 3139)
4(991 5673 9752 5670)
4(9752 3139 9751 5682)
4(999 5682 9751 5554)
4(999 5671 9752 5682)
4(1000 5556 9751 5682)
4(1000 5682 9752 5673)
4(9754 5549 9638 3140)
4(9754 3140 9743 5550)
4(9755 3140 9638 5557)
4(9755 5559 9753 3140)
4(9755 3140 9754 5562)
4(933 5562 9754 5549)
4(933 5557 9755 5562)
4(9756 5675 9743 3140)
4(9756 3140 9753 5676)
4(9756 5679 9754 3140)
4(998 5550 9754 5679)
4(998 5679 9756 5675)
4(9756 3140 9755 5687)
4(1006 5687 9755 5559)
4(1006 5676 9756 5687)
4(1007 5679 9754 5562)
4(1007 5562 9755 5687)
4(1007 5687 9756 5679)
4(9757 5562 9754 3141)
4(9758 3141 9754 5679)
4(1007 5690 9757 5562)
4(1007 5679 9758 5690)
4(9759 5553 9643 3142)
4(9759 3142 9748 5554)
4(9760 3142 9759 5566)
4(934 5566 9759 5553)
4(9761 5683 9759 3142)
4(999 5554 9759 5683)
4(999 5683 9761 5681)
4(1008 5683 9759 5566)
4(1008 5693 9761 5683)
4(9762 5555 9646 3143)
4(9762 3143 9751 5556)
4(9763 3143 9646 5564)
4(9763 5566 9759 3143)
4(9763 3143 9762 5568)
4(935 5564 9763 5568)
4(9764 5682 9751 3143)
4(9764 3143 9759 5683)
4(9764 5685 9762 3143)
4(1000 5685 9764 5682)
4(9764 3143 9763 5694)
4(1008 5694 9763 5566)
4(1008 5683 9764 5694)
4(1009 5568 9763 5694)
4(1009 5694 9764 5685)
4(9766 5561 9650 3144)
4(9766 3144 9755 5562)
4(9767 3144 9650 5569)
4(9767 5571 9765 3144)
4(9767 3144 9766 5574)
4(942 5574 9766 5561)
4(942 5569 9767 5574)
4(9768 5687 9755 3144)
4(9768 3144 9765 5688)
4(9768 5691 9766 3144)
4(1007 5562 9766 5691)
4(1007 5691 9768 5687)
4(9768 3144 9767 5699)
4(1015 5699 9767 5571)
4(1015 5688 9768 5699)
4(1016 5691 9766 5574)
4(1016 5574 9767 5699)
4(1016 5699 9768 5691)
4(9769 5574 9766 3145)
4(9770 3145 9766 5691)
4(1016 5691 9770 5702)
4(9772 5567 9656 3146)
4(9772 3146 9763 5568)
4(9773 3146 9656 5575)
4(9773 5576 9771 3146)
4(9773 3146 9772 5579)
4(944 5575 9773 5579)
4(9774 5694 9763 3146)
4(9774 3146 9771 5695)
4(9774 5697 9772 3146)
4(1009 5697 9774 5694)
4(9774 3146 9773 5705)
4(1017 5695 9774 5705)
4(1018 5579 9773 5705)
4(1018 5705 9774 5697)
4(9778 5573 9662 3147)
4(9778 3147 9767 5574)
4(9779 3147 9662 5585)
4(9779 5587 9776 3147)
4(9779 3147 9778 5588)
4(9780 5699 9767 3147)
4(9780 3147 9776 5700)
4(9780 5703 9778 3147)
4(1016 5703 9780 5699)
4(9780 3147 9779 5715)
4(1024 5715 9779 5587)
4(1024 5700 9780 5715)
4(1025 5715 9780 5703)
4(9781 3148 9773 5579)
4(1018 5579 9781 5708)
4(1018 5708 9782 5705)
4(9783 5580 9667 3149)
4(9783 3149 9775 5581)
4(9784 3149 9667 5589)
4(9784 5590 9781 3149)
4(9784 3149 9783 5593)
4(953 5589 9784 5593)
4(953 5593 9783 5580)
4(9785 5707 9775 3149)
4(9785 3149 9781 5708)
4(9785 5710 9783 3149)
4(1019 5710 9785 5707)
4(1019 5581 9783 5710)
4(9785 3149 9784 5719)
4(1026 5708 9785 5719)
4(1027 5593 9784 5719)
4(1027 5719 9785 5710)
4(1027 5710 9783 5593)
4(9791 5586 9675 3150)
4(9791 3150 9777 5587)
4(9792 3150 9675 5603)
4(9792 5605 9789 3150)
4(957 5583 9789 5605)
4(9792 3150 9791 5606)
4(9793 5712 9777 3150)
4(9793 3150 9789 5713)
4(1023 5713 9789 5584)
4(9793 5716 9791 3150)
4(1024 5587 9791 5716)
4(1024 5716 9793 5712)
4(9793 3150 9792 5733)
4(1031 5733 9792 5605)
4(1031 5713 9793 5733)
4(1031 5605 9789 5713)
4(1032 5733 9793 5716)
4(9795 3152 9784 5593)
4(1027 5593 9795 5722)
4(1027 5722 9796 5719)
4(9797 5595 9681 3153)
4(9797 3153 9786 5596)
4(954 5596 9786 5591)
4(9798 3153 9797 5609)
4(959 5609 9797 5595)
4(9799 5721 9786 3153)
4(1027 5593 9786 5721)
4(9799 5725 9797 3153)
4(1028 5596 9797 5725)
4(1028 5725 9799 5721)
4(1028 5721 9786 5596)
4(1033 5725 9797 5609)
4(1033 5737 9799 5725)
4(9800 5598 9684 3154)
4(9800 3154 9787 5599)
4(9801 3154 9684 5608)
4(9801 5609 9797 3154)
4(9801 3154 9800 5611)
4(960 5611 9800 5598)
4(9802 5724 9787 3154)
4(9802 3154 9797 5725)
4(9802 5728 9800 3154)
4(1029 5599 9800 5728)
4(1029 5728 9802 5724)
4(9802 3154 9801 5738)
4(1033 5725 9802 5738)
4(1034 5728 9800 5611)
4(1034 5738 9802 5728)
4(9803 5601 9687 3155)
4(9803 3155 9788 5602)
4(9804 3155 9687 5610)
4(9804 5611 9800 3155)
4(9804 3155 9803 5613)
4(961 5613 9803 5601)
4(9805 5727 9788 3155)
4(9805 3155 9800 5728)
4(9805 5731 9803 3155)
4(1030 5602 9803 5731)
4(1030 5731 9805 5727)
4(9805 3155 9804 5740)
4(1034 5728 9805 5740)
4(1035 5731 9803 5613)
4(1035 5740 9805 5731)
4(9806 3156 9790 5605)
4(957 5605 9790 5600)
4(9807 5613 9803 3156)
4(9808 5730 9790 3156)
4(9808 3156 9803 5731)
4(1030 5602 9790 5730)
4(1031 5605 9806 5734)
4(1031 5734 9808 5730)
4(1031 5730 9790 5605)
4(1035 5731 9808 5742)
4(9815 3158 9814 5631)
4(966 5631 9814 5615)
4(966 5626 9815 5631)
4(1040 5745 9814 5631)
4(1040 5631 9815 5756)
4(1040 5756 9816 5745)
4(9817 5617 9701 3159)
4(9817 3159 9810 5618)
4(9818 3159 9701 5629)
4(9818 5631 9814 3159)
4(9818 3159 9817 5633)
4(967 5633 9817 5617)
4(967 5629 9818 5633)
4(9819 5747 9817 3159)
4(1036 5618 9817 5747)
4(1036 5747 9819 5744)
4(9819 3159 9818 5759)
4(1040 5745 9819 5759)
4(1040 5759 9818 5631)
4(1041 5747 9817 5633)
4(1041 5759 9819 5747)
4(1041 5633 9818 5759)
4(9820 5620 9704 3160)
4(9820 3160 9811 5621)
4(9821 3160 9704 5632)
4(9821 5633 9817 3160)
4(9821 3160 9820 5635)
4(968 5635 9820 5620)
4(9822 5746 9811 3160)
4(9822 3160 9817 5747)
4(9822 5750 9820 3160)
4(1037 5621 9820 5750)
4(1037 5750 9822 5746)
4(9822 3160 9821 5762)
4(1041 5747 9822 5762)
4(1042 5750 9820 5635)
4(1042 5762 9822 5750)
4(9823 5623 9707 3161)
4(9823 3161 9812 5624)
4(9824 3161 9707 5634)
4(9824 5635 9820 3161)
4(9824 3161 9823 5637)
4(969 5637 9823 5623)
4(9825 5749 9812 3161)
4(9825 3161 9820 5750)
4(9825 5753 9823 3161)
4(1038 5624 9823 5753)
4(1038 5753 9825 5749)
4(9825 3161 9824 5764)
4(1042 5750 9825 5764)
4(1043 5753 9823 5637)
4(1043 5764 9825 5753)
4(9827 3162 9710 5636)
4(9827 5637 9823 3162)
4(9827 3162 9826 5640)
4(970 5640 9826 5625)
4(970 5636 9827 5640)
4(9828 3162 9823 5753)
4(9828 3162 9827 5766)
4(1043 5753 9828 5766)
4(1043 5766 9827 5637)
4(1044 5755 9826 5640)
4(1044 5766 9828 5755)
4(1044 5640 9827 5766)
4(9829 5640 9826 3163)
4(1044 5768 9829 5640)
4(1044 5755 9830 5768)
4(9832 3164 9831 5648)
4(973 5648 9831 5627)
4(973 5643 9832 5648)
4(1047 5757 9831 5648)
4(1047 5648 9832 5773)
4(1047 5773 9833 5757)
4(9834 5630 9718 3165)
4(9834 3165 9815 5631)
4(9835 3165 9718 5646)
4(9835 5648 9831 3165)
4(9835 3165 9834 5649)
4(974 5649 9834 5630)
4(9836 5756 9815 3165)
4(9836 3165 9831 5757)
4(9836 5760 9834 3165)
4(1040 5760 9836 5756)
4(1040 5631 9834 5760)
4(9836 3165 9835 5776)
4(1047 5757 9836 5776)
4(1048 5776 9836 5760)
4(1048 5760 9834 5649)
4(9838 5641 9722 3166)
4(9838 3166 9829 5642)
4(9839 3166 9722 5650)
4(9839 5651 9837 3166)
4(978 5639 9837 5651)
4(9839 3166 9838 5654)
4(979 5654 9838 5641)
4(9840 5768 9829 3166)
4(9840 3166 9837 5769)
4(1044 5769 9837 5640)
4(9840 5771 9838 3166)
4(1045 5771 9840 5768)
4(9840 3166 9839 5780)
4(1052 5769 9840 5780)
4(1052 5651 9837 5769)
4(1053 5771 9838 5654)
4(1053 5780 9840 5771)
4(9841 5654 9838 3167)
4(1053 5782 9841 5654)
4(1053 5771 9842 5782)
4(9845 5647 9729 3168)
4(9845 3168 9832 5648)
4(9846 3168 9729 5658)
4(9846 5660 9843 3168)
4(9846 3168 9845 5662)
4(982 5658 9846 5662)
4(9847 5773 9832 3168)
4(9847 3168 9843 5774)
4(9847 5777 9845 3168)
4(1047 5777 9847 5773)
4(9847 3168 9846 5788)
4(1055 5788 9846 5660)
4(1055 5774 9847 5788)
4(1056 5662 9846 5788)
4(1056 5788 9847 5777)
4(9849 5655 9733 3169)
4(9849 3169 9841 5656)
4(9850 3169 9733 5663)
4(9850 5665 9848 3169)
4(9850 3169 9849 5668)
4(989 5663 9850 5668)
4(9851 5782 9841 3169)
4(9851 3169 9848 5783)
4(9851 5785 9849 3169)
4(1054 5785 9851 5782)
4(9851 3169 9850 5793)
4(1062 5793 9850 5665)
4(1062 5783 9851 5793)
4(1063 5668 9850 5793)
4(1063 5793 9851 5785)
4(9853 5659 9737 3170)
4(9853 3170 9844 5660)
4(9854 3170 9853 5672)
4(990 5672 9853 5659)
4(990 5669 9854 5672)
4(9855 5789 9853 3170)
4(1055 5660 9853 5789)
4(1055 5789 9855 5787)
4(1064 5789 9853 5672)
4(1064 5672 9854 5799)
4(1064 5799 9855 5789)
4(9856 5661 9740 3171)
4(9856 3171 9846 5662)
4(9857 3171 9740 5670)
4(9857 5672 9853 3171)
4(9857 3171 9856 5674)
4(991 5670 9857 5674)
4(9858 5788 9846 3171)
4(9858 3171 9853 5789)
4(9858 5791 9856 3171)
4(1056 5791 9858 5788)
4(9858 3171 9857 5800)
4(1064 5800 9857 5672)
4(1064 5789 9858 5800)
4(1065 5674 9857 5800)
4(1065 5800 9858 5791)
4(9860 5667 9744 3172)
4(9860 3172 9850 5668)
4(9861 3172 9744 5675)
4(9861 5677 9859 3172)
4(9861 3172 9860 5680)
4(998 5680 9860 5667)
4(998 5675 9861 5680)
4(9862 5793 9850 3172)
4(9862 3172 9859 5794)
4(9862 5797 9860 3172)
4(1063 5668 9860 5797)
4(1063 5797 9862 5793)
4(9862 3172 9861 5805)
4(1071 5805 9861 5677)
4(1071 5794 9862 5805)
4(1072 5797 9860 5680)
4(1072 5680 9861 5805)
4(1072 5805 9862 5797)
4(9863 5680 9860 3173)
4(9864 3173 9860 5797)
4(1072 5808 9863 5680)
4(1072 5797 9864 5808)
4(9865 5671 9749 3174)
4(9865 3174 9854 5672)
4(9866 3174 9865 5684)
4(999 5684 9865 5671)
4(999 5681 9866 5684)
4(9867 5801 9865 3174)
4(1064 5672 9865 5801)
4(1064 5801 9867 5799)
4(1073 5801 9865 5684)
4(1073 5684 9866 5811)
4(1073 5811 9867 5801)
4(9868 5673 9752 3175)
4(9868 3175 9857 5674)
4(9869 3175 9752 5682)
4(9869 5684 9865 3175)
4(9869 3175 9868 5686)
4(1000 5682 9869 5686)
4(9870 5800 9857 3175)
4(9870 3175 9865 5801)
4(9870 5803 9868 3175)
4(1065 5803 9870 5800)
4(9870 3175 9869 5812)
4(1073 5812 9869 5684)
4(1073 5801 9870 5812)
4(1074 5686 9869 5812)
4(1074 5812 9870 5803)
4(9872 5679 9756 3176)
4(9872 3176 9861 5680)
4(9873 3176 9756 5687)
4(9873 5689 9871 3176)
4(9873 3176 9872 5692)
4(1007 5692 9872 5679)
4(1007 5687 9873 5692)
4(9874 5805 9861 3176)
4(9874 3176 9871 5806)
4(9874 5809 9872 3176)
4(1072 5680 9872 5809)
4(1072 5809 9874 5805)
4(9874 3176 9873 5817)
4(1080 5817 9873 5689)
4(1080 5806 9874 5817)
4(1081 5809 9872 5692)
4(1081 5692 9873 5817)
4(1081 5817 9874 5809)
4(9875 5692 9872 3177)
4(9876 3177 9872 5809)
4(1081 5820 9875 5692)
4(1081 5809 9876 5820)
4(9877 5683 9761 3178)
4(9877 3178 9866 5684)
4(9878 3178 9877 5696)
4(1008 5696 9877 5683)
4(9879 5813 9877 3178)
4(1073 5684 9877 5813)
4(1073 5813 9879 5811)
4(1082 5813 9877 5696)
4(1082 5823 9879 5813)
4(9880 5685 9764 3179)
4(9880 3179 9869 5686)
4(9881 3179 9764 5694)
4(9881 5696 9877 3179)
4(9881 3179 9880 5698)
4(1009 5694 9881 5698)
4(9882 5812 9869 3179)
4(9882 3179 9877 5813)
4(9882 5815 9880 3179)
4(1074 5815 9882 5812)
4(9882 3179 9881 5824)
4(1082 5824 9881 5696)
4(1082 5813 9882 5824)
4(1083 5698 9881 5824)
4(1083 5824 9882 5815)
4(9884 5691 9768 3180)
4(9884 3180 9873 5692)
4(9885 3180 9768 5699)
4(9885 5701 9883 3180)
4(9885 3180 9884 5704)
4(1016 5704 9884 5691)
4(1016 5699 9885 5704)
4(9886 5817 9873 3180)
4(9886 3180 9883 5818)
4(9886 5821 9884 3180)
4(1081 5692 9884 5821)
4(1081 5821 9886 5817)
4(9886 3180 9885 5829)
4(1089 5829 9885 5701)
4(1089 5818 9886 5829)
4(1090 5821 9884 5704)
4(1090 5704 9885 5829)
4(1090 5829 9886 5821)
4(9887 5704 9884 3181)
4(9888 3181 9884 5821)
4(1090 5821 9888 5832)
4(9890 5697 9774 3182)
4(9890 3182 9881 5698)
4(9891 3182 9774 5705)
4(9891 5706 9889 3182)
4(9891 3182 9890 5709)
4(1018 5705 9891 5709)
4(9892 5824 9881 3182)
4(9892 3182 9889 5825)
4(9892 5827 9890 3182)
4(1083 5827 9892 5824)
4(9892 3182 9891 5835)
4(1091 5825 9892 5835)
4(1092 5709 9891 5835)
4(1092 5835 9892 5827)
4(9896 5703 9780 3183)
4(9896 3183 9885 5704)
4(9897 3183 9780 5715)
4(9897 5717 9894 3183)
4(9897 3183 9896 5718)
4(9898 5829 9885 3183)
4(9898 3183 9894 5830)
4(9898 5833 9896 3183)
4(1090 5833 9898 5829)
4(9898 3183 9897 5845)
4(1098 5845 9897 5717)
4(1098 5830 9898 5845)
4(1099 5845 9898 5833)
4(9899 3184 9891 5709)
4(1092 5709 9899 5838)
4(1092 5838 9900 5835)
4(9901 5710 9785 3185)
4(9901 3185 9893 5711)
4(9902 3185 9785 5719)
4(9902 5720 9899 3185)
4(9902 3185 9901 5723)
4(1027 5719 9902 5723)
4(1027 5723 9901 5710)
4(9903 5837 9893 3185)
4(9903 3185 9899 5838)
4(9903 5840 9901 3185)
4(1093 5840 9903 5837)
4(1093 5711 9901 5840)
4(9903 3185 9902 5849)
4(1100 5838 9903 5849)
4(1101 5723 9902 5849)
4(1101 5849 9903 5840)
4(1101 5840 9901 5723)
4(9909 5716 9793 3186)
4(9909 3186 9895 5717)
4(9910 3186 9793 5733)
4(9910 5735 9907 3186)
4(1031 5713 9907 5735)
4(9910 3186 9909 5736)
4(9911 5842 9895 3186)
4(9911 3186 9907 5843)
4(1097 5843 9907 5714)
4(9911 5846 9909 3186)
4(1098 5717 9909 5846)
4(1098 5846 9911 5842)
4(9911 3186 9910 5863)
4(1105 5863 9910 5735)
4(1105 5843 9911 5863)
4(1105 5735 9907 5843)
4(1106 5863 9911 5846)
4(9913 3188 9902 5723)
4(1101 5723 9913 5852)
4(1101 5852 9914 5849)
4(9915 5725 9799 3189)
4(9915 3189 9904 5726)
4(1028 5726 9904 5721)
4(9916 3189 9915 5739)
4(1033 5739 9915 5725)
4(9917 5851 9904 3189)
4(1101 5723 9904 5851)
4(9917 5855 9915 3189)
4(1102 5726 9915 5855)
4(1102 5855 9917 5851)
4(1102 5851 9904 5726)
4(1107 5855 9915 5739)
4(1107 5867 9917 5855)
4(9918 5728 9802 3190)
4(9918 3190 9905 5729)
4(9919 3190 9802 5738)
4(9919 5739 9915 3190)
4(9919 3190 9918 5741)
4(1034 5741 9918 5728)
4(9920 5854 9905 3190)
4(9920 3190 9915 5855)
4(9920 5858 9918 3190)
4(1103 5729 9918 5858)
4(1103 5858 9920 5854)
4(9920 3190 9919 5868)
4(1107 5855 9920 5868)
4(1108 5858 9918 5741)
4(1108 5868 9920 5858)
4(9921 5731 9805 3191)
4(9921 3191 9906 5732)
4(9922 3191 9805 5740)
4(9922 5741 9918 3191)
4(9922 3191 9921 5743)
4(1035 5743 9921 5731)
4(9923 5857 9906 3191)
4(9923 3191 9918 5858)
4(9923 5861 9921 3191)
4(1104 5732 9921 5861)
4(1104 5861 9923 5857)
4(9923 3191 9922 5870)
4(1108 5858 9923 5870)
4(1109 5861 9921 5743)
4(1109 5870 9923 5861)
4(9924 3192 9908 5735)
4(1031 5735 9908 5730)
4(9925 5743 9921 3192)
4(9926 5860 9908 3192)
4(9926 3192 9921 5861)
4(1104 5732 9908 5860)
4(1105 5735 9924 5864)
4(1105 5864 9926 5860)
4(1105 5860 9908 5735)
4(1109 5861 9926 5872)
4(9933 3194 9932 5761)
4(1040 5761 9932 5745)
4(1040 5756 9933 5761)
4(1114 5875 9932 5761)
4(1114 5761 9933 5886)
4(1114 5886 9934 5875)
4(9935 5747 9819 3195)
4(9935 3195 9928 5748)
4(9936 3195 9819 5759)
4(9936 5761 9932 3195)
4(9936 3195 9935 5763)
4(1041 5763 9935 5747)
4(1041 5759 9936 5763)
4(9937 5877 9935 3195)
4(1110 5748 9935 5877)
4(1110 5877 9937 5874)
4(9937 3195 9936 5889)
4(1114 5875 9937 5889)
4(1114 5889 9936 5761)
4(1115 5877 9935 5763)
4(1115 5889 9937 5877)
4(1115 5763 9936 5889)
4(9938 5750 9822 3196)
4(9938 3196 9929 5751)
4(9939 3196 9822 5762)
4(9939 5763 9935 3196)
4(9939 3196 9938 5765)
4(1042 5765 9938 5750)
4(9940 5876 9929 3196)
4(9940 3196 9935 5877)
4(9940 5880 9938 3196)
4(1111 5751 9938 5880)
4(1111 5880 9940 5876)
4(9940 3196 9939 5892)
4(1115 5877 9940 5892)
4(1116 5880 9938 5765)
4(1116 5892 9940 5880)
4(9941 5753 9825 3197)
4(9941 3197 9930 5754)
4(9942 3197 9825 5764)
4(9942 5765 9938 3197)
4(9942 3197 9941 5767)
4(1043 5767 9941 5753)
4(9943 5879 9930 3197)
4(9943 3197 9938 5880)
4(9943 5883 9941 3197)
4(1112 5754 9941 5883)
4(1112 5883 9943 5879)
4(9943 3197 9942 5894)
4(1116 5880 9943 5894)
4(1117 5883 9941 5767)
4(1117 5894 9943 5883)
4(9945 3198 9828 5766)
4(9945 5767 9941 3198)
4(9945 3198 9944 5770)
4(1044 5770 9944 5755)
4(1044 5766 9945 5770)
4(9946 3198 9941 5883)
4(9946 3198 9945 5896)
4(1117 5883 9946 5896)
4(1117 5896 9945 5767)
4(1118 5885 9944 5770)
4(1118 5896 9946 5885)
4(1118 5770 9945 5896)
4(9947 5770 9944 3199)
4(1118 5898 9947 5770)
4(1118 5885 9948 5898)
4(9950 3200 9949 5778)
4(1047 5778 9949 5757)
4(1047 5773 9950 5778)
4(1121 5887 9949 5778)
4(1121 5778 9950 5903)
4(1121 5903 9951 5887)
4(9952 5760 9836 3201)
4(9952 3201 9933 5761)
4(9953 3201 9836 5776)
4(9953 5778 9949 3201)
4(9953 3201 9952 5779)
4(1048 5779 9952 5760)
4(9954 5886 9933 3201)
4(9954 3201 9949 5887)
4(9954 5890 9952 3201)
4(1114 5890 9954 5886)
4(1114 5761 9952 5890)
4(9954 3201 9953 5906)
4(1121 5887 9954 5906)
4(1122 5906 9954 5890)
4(1122 5890 9952 5779)
4(9956 5771 9840 3202)
4(9956 3202 9947 5772)
4(9957 3202 9840 5780)
4(9957 5781 9955 3202)
4(1052 5769 9955 5781)
4(9957 3202 9956 5784)
4(1053 5784 9956 5771)
4(9958 5898 9947 3202)
4(9958 3202 9955 5899)
4(1118 5899 9955 5770)
4(9958 5901 9956 3202)
4(1119 5901 9958 5898)
4(9958 3202 9957 5910)
4(1126 5899 9958 5910)
4(1126 5781 9955 5899)
4(1127 5901 9956 5784)
4(1127 5910 9958 5901)
4(9959 5784 9956 3203)
4(1127 5912 9959 5784)
4(1127 5901 9960 5912)
4(9963 5777 9847 3204)
4(9963 3204 9950 5778)
4(9964 3204 9847 5788)
4(9964 5790 9961 3204)
4(9964 3204 9963 5792)
4(1056 5788 9964 5792)
4(9965 5903 9950 3204)
4(9965 3204 9961 5904)
4(9965 5907 9963 3204)
4(1121 5907 9965 5903)
4(9965 3204 9964 5918)
4(1129 5918 9964 5790)
4(1129 5904 9965 5918)
4(1130 5792 9964 5918)
4(1130 5918 9965 5907)
4(9967 5785 9851 3205)
4(9967 3205 9959 5786)
4(9968 3205 9851 5793)
4(9968 5795 9966 3205)
4(9968 3205 9967 5798)
4(1063 5793 9968 5798)
4(9969 5912 9959 3205)
4(9969 3205 9966 5913)
4(9969 5915 9967 3205)
4(1128 5915 9969 5912)
4(9969 3205 9968 5923)
4(1136 5923 9968 5795)
4(1136 5913 9969 5923)
4(1137 5798 9968 5923)
4(1137 5923 9969 5915)
4(9971 5789 9855 3206)
4(9971 3206 9962 5790)
4(9972 3206 9971 5802)
4(1064 5802 9971 5789)
4(1064 5799 9972 5802)
4(9973 5919 9971 3206)
4(1129 5790 9971 5919)
4(1129 5919 9973 5917)
4(1138 5919 9971 5802)
4(1138 5802 9972 5929)
4(1138 5929 9973 5919)
4(9974 5791 9858 3207)
4(9974 3207 9964 5792)
4(9975 3207 9858 5800)
4(9975 5802 9971 3207)
4(9975 3207 9974 5804)
4(1065 5800 9975 5804)
4(9976 5918 9964 3207)
4(9976 3207 9971 5919)
4(9976 5921 9974 3207)
4(1130 5921 9976 5918)
4(9976 3207 9975 5930)
4(1138 5930 9975 5802)
4(1138 5919 9976 5930)
4(1139 5804 9975 5930)
4(1139 5930 9976 5921)
4(9978 5797 9862 3208)
4(9978 3208 9968 5798)
4(9979 3208 9862 5805)
4(9979 5807 9977 3208)
4(9979 3208 9978 5810)
4(1072 5810 9978 5797)
4(1072 5805 9979 5810)
4(9980 5923 9968 3208)
4(9980 3208 9977 5924)
4(9980 5927 9978 3208)
4(1137 5798 9978 5927)
4(1137 5927 9980 5923)
4(9980 3208 9979 5935)
4(1145 5935 9979 5807)
4(1145 5924 9980 5935)
4(1146 5927 9978 5810)
4(1146 5810 9979 5935)
4(1146 5935 9980 5927)
4(9981 5810 9978 3209)
4(9982 3209 9978 5927)
4(1146 5938 9981 5810)
4(1146 5927 9982 5938)
4(9983 5801 9867 3210)
4(9983 3210 9972 5802)
4(9984 3210 9983 5814)
4(1073 5814 9983 5801)
4(1073 5811 9984 5814)
4(9985 5931 9983 3210)
4(1138 5802 9983 5931)
4(1138 5931 9985 5929)
4(1147 5931 9983 5814)
4(1147 5814 9984 5941)
4(1147 5941 9985 5931)
4(9986 5803 9870 3211)
4(9986 3211 9975 5804)
4(9987 3211 9870 5812)
4(9987 5814 9983 3211)
4(9987 3211 9986 5816)
4(1074 5812 9987 5816)
4(9988 5930 9975 3211)
4(9988 3211 9983 5931)
4(9988 5933 9986 3211)
4(1139 5933 9988 5930)
4(9988 3211 9987 5942)
4(1147 5942 9987 5814)
4(1147 5931 9988 5942)
4(1148 5816 9987 5942)
4(1148 5942 9988 5933)
4(9990 5809 9874 3212)
4(9990 3212 9979 5810)
4(9991 3212 9874 5817)
4(9991 5819 9989 3212)
4(9991 3212 9990 5822)
4(1081 5822 9990 5809)
4(1081 5817 9991 5822)
4(9992 5935 9979 3212)
4(9992 3212 9989 5936)
4(9992 5939 9990 3212)
4(1146 5810 9990 5939)
4(1146 5939 9992 5935)
4(9992 3212 9991 5947)
4(1154 5947 9991 5819)
4(1154 5936 9992 5947)
4(1155 5939 9990 5822)
4(1155 5822 9991 5947)
4(1155 5947 9992 5939)
4(9993 5822 9990 3213)
4(9994 3213 9990 5939)
4(1155 5950 9993 5822)
4(1155 5939 9994 5950)
4(9995 5813 9879 3214)
4(9995 3214 9984 5814)
4(9996 3214 9995 5826)
4(1082 5826 9995 5813)
4(9997 5943 9995 3214)
4(1147 5814 9995 5943)
4(1147 5943 9997 5941)
4(1156 5943 9995 5826)
4(1156 5953 9997 5943)
4(9998 5815 9882 3215)
4(9998 3215 9987 5816)
4(9999 3215 9882 5824)
4(9999 5826 9995 3215)
4(9999 3215 9998 5828)
4(1083 5824 9999 5828)
4(10000 5942 9987 3215)
4(10000 3215 9995 5943)
4(10000 5945 9998 3215)
4(1148 5945 10000 5942)
4(10000 3215 9999 5954)
4(1156 5954 9999 5826)
4(1156 5943 10000 5954)
4(1157 5828 9999 5954)
4(1157 5954 10000 5945)
4(10002 5821 9886 3216)
4(10002 3216 9991 5822)
4(10003 3216 9886 5829)
4(10003 5831 10001 3216)
4(10003 3216 10002 5834)
4(1090 5834 10002 5821)
4(1090 5829 10003 5834)
4(10004 5947 9991 3216)
4(10004 3216 10001 5948)
4(10004 5951 10002 3216)
4(1155 5822 10002 5951)
4(1155 5951 10004 5947)
4(10004 3216 10003 5959)
4(1163 5959 10003 5831)
4(1163 5948 10004 5959)
4(1164 5951 10002 5834)
4(1164 5834 10003 5959)
4(1164 5959 10004 5951)
4(10005 5834 10002 3217)
4(10006 3217 10002 5951)
4(1164 5951 10006 5962)
4(10008 5827 9892 3218)
4(10008 3218 9999 5828)
4(10009 3218 9892 5835)
4(10009 5836 10007 3218)
4(10009 3218 10008 5839)
4(1092 5835 10009 5839)
4(10010 5954 9999 3218)
4(10010 3218 10007 5955)
4(10010 5957 10008 3218)
4(1157 5957 10010 5954)
4(10010 3218 10009 5965)
4(1165 5955 10010 5965)
4(1166 5839 10009 5965)
4(1166 5965 10010 5957)
4(10014 5833 9898 3219)
4(10014 3219 10003 5834)
4(10015 3219 9898 5845)
4(10015 5847 10012 3219)
4(10015 3219 10014 5848)
4(10016 5959 10003 3219)
4(10016 3219 10012 5960)
4(10016 5963 10014 3219)
4(1164 5963 10016 5959)
4(10016 3219 10015 5975)
4(1172 5975 10015 5847)
4(1172 5960 10016 5975)
4(1173 5975 10016 5963)
4(10017 3220 10009 5839)
4(1166 5839 10017 5968)
4(1166 5968 10018 5965)
4(10019 5840 9903 3221)
4(10019 3221 10011 5841)
4(10020 3221 9903 5849)
4(10020 5850 10017 3221)
4(10020 3221 10019 5853)
4(1101 5849 10020 5853)
4(1101 5853 10019 5840)
4(10021 5967 10011 3221)
4(10021 3221 10017 5968)
4(10021 5970 10019 3221)
4(1167 5970 10021 5967)
4(1167 5841 10019 5970)
4(10021 3221 10020 5979)
4(1174 5968 10021 5979)
4(1175 5853 10020 5979)
4(1175 5979 10021 5970)
4(1175 5970 10019 5853)
4(10027 5846 9911 3222)
4(10027 3222 10013 5847)
4(10028 3222 9911 5863)
4(10028 5865 10025 3222)
4(1105 5843 10025 5865)
4(10028 3222 10027 5866)
4(10029 5972 10013 3222)
4(10029 3222 10025 5973)
4(1171 5973 10025 5844)
4(10029 5976 10027 3222)
4(1172 5847 10027 5976)
4(1172 5976 10029 5972)
4(10029 3222 10028 5993)
4(1179 5993 10028 5865)
4(1179 5973 10029 5993)
4(1179 5865 10025 5973)
4(1180 5993 10029 5976)
4(10031 3224 10020 5853)
4(1175 5853 10031 5982)
4(1175 5982 10032 5979)
4(10033 5855 9917 3225)
4(10033 3225 10022 5856)
4(1102 5856 10022 5851)
4(10034 3225 10033 5869)
4(1107 5869 10033 5855)
4(10035 5981 10022 3225)
4(1175 5853 10022 5981)
4(10035 5985 10033 3225)
4(1176 5856 10033 5985)
4(1176 5985 10035 5981)
4(1176 5981 10022 5856)
4(1181 5985 10033 5869)
4(1181 5997 10035 5985)
4(10036 5858 9920 3226)
4(10036 3226 10023 5859)
4(10037 3226 9920 5868)
4(10037 5869 10033 3226)
4(10037 3226 10036 5871)
4(1108 5871 10036 5858)
4(10038 5984 10023 3226)
4(10038 3226 10033 5985)
4(10038 5988 10036 3226)
4(1177 5859 10036 5988)
4(1177 5988 10038 5984)
4(10038 3226 10037 5998)
4(1181 5985 10038 5998)
4(1182 5988 10036 5871)
4(1182 5998 10038 5988)
4(10039 5861 9923 3227)
4(10039 3227 10024 5862)
4(10040 3227 9923 5870)
4(10040 5871 10036 3227)
4(10040 3227 10039 5873)
4(1109 5873 10039 5861)
4(10041 5987 10024 3227)
4(10041 3227 10036 5988)
4(10041 5991 10039 3227)
4(1178 5862 10039 5991)
4(1178 5991 10041 5987)
4(10041 3227 10040 6000)
4(1182 5988 10041 6000)
4(1183 5991 10039 5873)
4(1183 6000 10041 5991)
4(10042 3228 10026 5865)
4(1105 5865 10026 5860)
4(10043 5873 10039 3228)
4(10044 5990 10026 3228)
4(10044 3228 10039 5991)
4(1178 5862 10026 5990)
4(1179 5865 10042 5994)
4(1179 5994 10044 5990)
4(1179 5990 10026 5865)
4(1183 5991 10044 6002)
4(10051 3230 10050 5891)
4(1114 5891 10050 5875)
4(1114 5886 10051 5891)
4(1188 6005 10050 5891)
4(1188 5891 10051 6016)
4(1188 6016 10052 6005)
4(10053 5877 9937 3231)
4(10053 3231 10046 5878)
4(10054 3231 9937 5889)
4(10054 5891 10050 3231)
4(10054 3231 10053 5893)
4(1115 5893 10053 5877)
4(1115 5889 10054 5893)
4(10055 6007 10053 3231)
4(1184 5878 10053 6007)
4(1184 6007 10055 6004)
4(10055 3231 10054 6019)
4(1188 6005 10055 6019)
4(1188 6019 10054 5891)
4(1189 6007 10053 5893)
4(1189 6019 10055 6007)
4(1189 5893 10054 6019)
4(10056 5880 9940 3232)
4(10056 3232 10047 5881)
4(10057 3232 9940 5892)
4(10057 5893 10053 3232)
4(10057 3232 10056 5895)
4(1116 5895 10056 5880)
4(10058 6006 10047 3232)
4(10058 3232 10053 6007)
4(10058 6010 10056 3232)
4(1185 5881 10056 6010)
4(1185 6010 10058 6006)
4(10058 3232 10057 6022)
4(1189 6007 10058 6022)
4(1190 6010 10056 5895)
4(1190 6022 10058 6010)
4(10059 5883 9943 3233)
4(10059 3233 10048 5884)
4(10060 3233 9943 5894)
4(10060 5895 10056 3233)
4(10060 3233 10059 5897)
4(1117 5897 10059 5883)
4(10061 6009 10048 3233)
4(10061 3233 10056 6010)
4(10061 6013 10059 3233)
4(1186 5884 10059 6013)
4(1186 6013 10061 6009)
4(10061 3233 10060 6024)
4(1190 6010 10061 6024)
4(1191 6013 10059 5897)
4(1191 6024 10061 6013)
4(10063 3234 9946 5896)
4(10063 5897 10059 3234)
4(10063 3234 10062 5900)
4(1118 5900 10062 5885)
4(1118 5896 10063 5900)
4(10064 3234 10059 6013)
4(10064 3234 10063 6026)
4(1191 6013 10064 6026)
4(1191 6026 10063 5897)
4(1192 6015 10062 5900)
4(1192 6026 10064 6015)
4(1192 5900 10063 6026)
4(10065 5900 10062 3235)
4(1192 6028 10065 5900)
4(1192 6015 10066 6028)
4(10068 3236 10067 5908)
4(1121 5908 10067 5887)
4(1121 5903 10068 5908)
4(1195 6017 10067 5908)
4(1195 5908 10068 6033)
4(1195 6033 10069 6017)
4(10070 5890 9954 3237)
4(10070 3237 10051 5891)
4(10071 3237 9954 5906)
4(10071 5908 10067 3237)
4(10071 3237 10070 5909)
4(1122 5909 10070 5890)
4(10072 6016 10051 3237)
4(10072 3237 10067 6017)
4(10072 6020 10070 3237)
4(1188 6020 10072 6016)
4(1188 5891 10070 6020)
4(10072 3237 10071 6036)
4(1195 6017 10072 6036)
4(1196 6036 10072 6020)
4(1196 6020 10070 5909)
4(10074 5901 9958 3238)
4(10074 3238 10065 5902)
4(10075 3238 9958 5910)
4(10075 5911 10073 3238)
4(1126 5899 10073 5911)
4(10075 3238 10074 5914)
4(1127 5914 10074 5901)
4(10076 6028 10065 3238)
4(10076 3238 10073 6029)
4(1192 6029 10073 5900)
4(10076 6031 10074 3238)
4(1193 6031 10076 6028)
4(10076 3238 10075 6040)
4(1200 6029 10076 6040)
4(1200 5911 10073 6029)
4(1201 6031 10074 5914)
4(1201 6040 10076 6031)
4(10077 5914 10074 3239)
4(1201 6042 10077 5914)
4(1201 6031 10078 6042)
4(10081 5907 9965 3240)
4(10081 3240 10068 5908)
4(10082 3240 9965 5918)
4(10082 5920 10079 3240)
4(10082 3240 10081 5922)
4(1130 5918 10082 5922)
4(10083 6033 10068 3240)
4(10083 3240 10079 6034)
4(10083 6037 10081 3240)
4(1195 6037 10083 6033)
4(10083 3240 10082 6048)
4(1203 6048 10082 5920)
4(1203 6034 10083 6048)
4(1204 5922 10082 6048)
4(1204 6048 10083 6037)
4(10085 5915 9969 3241)
4(10085 3241 10077 5916)
4(10086 3241 9969 5923)
4(10086 5925 10084 3241)
4(10086 3241 10085 5928)
4(1137 5923 10086 5928)
4(10087 6042 10077 3241)
4(10087 3241 10084 6043)
4(10087 6045 10085 3241)
4(1202 6045 10087 6042)
4(10087 3241 10086 6053)
4(1210 6053 10086 5925)
4(1210 6043 10087 6053)
4(1211 5928 10086 6053)
4(1211 6053 10087 6045)
4(10089 5919 9973 3242)
4(10089 3242 10080 5920)
4(10090 3242 10089 5932)
4(1138 5932 10089 5919)
4(1138 5929 10090 5932)
4(10091 6049 10089 3242)
4(1203 5920 10089 6049)
4(1203 6049 10091 6047)
4(1212 6049 10089 5932)
4(1212 5932 10090 6059)
4(1212 6059 10091 6049)
4(10092 5921 9976 3243)
4(10092 3243 10082 5922)
4(10093 3243 9976 5930)
4(10093 5932 10089 3243)
4(10093 3243 10092 5934)
4(1139 5930 10093 5934)
4(10094 6048 10082 3243)
4(10094 3243 10089 6049)
4(10094 6051 10092 3243)
4(1204 6051 10094 6048)
4(10094 3243 10093 6060)
4(1212 6060 10093 5932)
4(1212 6049 10094 6060)
4(1213 5934 10093 6060)
4(1213 6060 10094 6051)
4(10096 5927 9980 3244)
4(10096 3244 10086 5928)
4(10097 3244 9980 5935)
4(10097 5937 10095 3244)
4(10097 3244 10096 5940)
4(1146 5940 10096 5927)
4(1146 5935 10097 5940)
4(10098 6053 10086 3244)
4(10098 3244 10095 6054)
4(10098 6057 10096 3244)
4(1211 5928 10096 6057)
4(1211 6057 10098 6053)
4(10098 3244 10097 6065)
4(1219 6065 10097 5937)
4(1219 6054 10098 6065)
4(1220 6057 10096 5940)
4(1220 5940 10097 6065)
4(1220 6065 10098 6057)
4(10099 5940 10096 3245)
4(10100 3245 10096 6057)
4(1220 6068 10099 5940)
4(1220 6057 10100 6068)
4(10101 5931 9985 3246)
4(10101 3246 10090 5932)
4(10102 3246 10101 5944)
4(1147 5944 10101 5931)
4(1147 5941 10102 5944)
4(10103 6061 10101 3246)
4(1212 5932 10101 6061)
4(1212 6061 10103 6059)
4(1221 6061 10101 5944)
4(1221 5944 10102 6071)
4(1221 6071 10103 6061)
4(10104 5933 9988 3247)
4(10104 3247 10093 5934)
4(10105 3247 9988 5942)
4(10105 5944 10101 3247)
4(10105 3247 10104 5946)
4(1148 5942 10105 5946)
4(10106 6060 10093 3247)
4(10106 3247 10101 6061)
4(10106 6063 10104 3247)
4(1213 6063 10106 6060)
4(10106 3247 10105 6072)
4(1221 6072 10105 5944)
4(1221 6061 10106 6072)
4(1222 5946 10105 6072)
4(1222 6072 10106 6063)
4(10108 5939 9992 3248)
4(10108 3248 10097 5940)
4(10109 3248 9992 5947)
4(10109 5949 10107 3248)
4(10109 3248 10108 5952)
4(1155 5952 10108 5939)
4(1155 5947 10109 5952)
4(10110 6065 10097 3248)
4(10110 3248 10107 6066)
4(10110 6069 10108 3248)
4(1220 5940 10108 6069)
4(1220 6069 10110 6065)
4(10110 3248 10109 6077)
4(1228 6077 10109 5949)
4(1228 6066 10110 6077)
4(1229 6069 10108 5952)
4(1229 5952 10109 6077)
4(1229 6077 10110 6069)
4(10111 5952 10108 3249)
4(10112 3249 10108 6069)
4(1229 6080 10111 5952)
4(1229 6069 10112 6080)
4(10113 5943 9997 3250)
4(10113 3250 10102 5944)
4(10114 3250 10113 5956)
4(1156 5956 10113 5943)
4(10115 6073 10113 3250)
4(1221 5944 10113 6073)
4(1221 6073 10115 6071)
4(1230 6073 10113 5956)
4(1230 6083 10115 6073)
4(10116 5945 10000 3251)
4(10116 3251 10105 5946)
4(10117 3251 10000 5954)
4(10117 5956 10113 3251)
4(10117 3251 10116 5958)
4(1157 5954 10117 5958)
4(10118 6072 10105 3251)
4(10118 3251 10113 6073)
4(10118 6075 10116 3251)
4(1222 6075 10118 6072)
4(10118 3251 10117 6084)
4(1230 6084 10117 5956)
4(1230 6073 10118 6084)
4(1231 5958 10117 6084)
4(1231 6084 10118 6075)
4(10120 5951 10004 3252)
4(10120 3252 10109 5952)
4(10121 3252 10004 5959)
4(10121 5961 10119 3252)
4(10121 3252 10120 5964)
4(1164 5964 10120 5951)
4(1164 5959 10121 5964)
4(10122 6077 10109 3252)
4(10122 3252 10119 6078)
4(10122 6081 10120 3252)
4(1229 5952 10120 6081)
4(1229 6081 10122 6077)
4(10122 3252 10121 6089)
4(1237 6089 10121 5961)
4(1237 6078 10122 6089)
4(1238 6081 10120 5964)
4(1238 5964 10121 6089)
4(1238 6089 10122 6081)
4(10123 5964 10120 3253)
4(10124 3253 10120 6081)
4(1238 6081 10124 6092)
4(10126 5957 10010 3254)
4(10126 3254 10117 5958)
4(10127 3254 10010 5965)
4(10127 5966 10125 3254)
4(10127 3254 10126 5969)
4(1166 5965 10127 5969)
4(10128 6084 10117 3254)
4(10128 3254 10125 6085)
4(10128 6087 10126 3254)
4(1231 6087 10128 6084)
4(10128 3254 10127 6095)
4(1239 6085 10128 6095)
4(1240 5969 10127 6095)
4(1240 6095 10128 6087)
4(10132 5963 10016 3255)
4(10132 3255 10121 5964)
4(10133 3255 10016 5975)
4(10133 5977 10130 3255)
4(10133 3255 10132 5978)
4(10134 6089 10121 3255)
4(10134 3255 10130 6090)
4(10134 6093 10132 3255)
4(1238 6093 10134 6089)
4(10134 3255 10133 6105)
4(1246 6105 10133 5977)
4(1246 6090 10134 6105)
4(1247 6105 10134 6093)
4(10135 3256 10127 5969)
4(1240 5969 10135 6098)
4(1240 6098 10136 6095)
4(10137 5970 10021 3257)
4(10137 3257 10129 5971)
4(10138 3257 10021 5979)
4(10138 5980 10135 3257)
4(10138 3257 10137 5983)
4(1175 5979 10138 5983)
4(1175 5983 10137 5970)
4(10139 6097 10129 3257)
4(10139 3257 10135 6098)
4(10139 6100 10137 3257)
4(1241 6100 10139 6097)
4(1241 5971 10137 6100)
4(10139 3257 10138 6109)
4(1248 6098 10139 6109)
4(1249 5983 10138 6109)
4(1249 6109 10139 6100)
4(1249 6100 10137 5983)
4(10145 5976 10029 3258)
4(10145 3258 10131 5977)
4(10146 3258 10029 5993)
4(10146 5995 10143 3258)
4(1179 5973 10143 5995)
4(10146 3258 10145 5996)
4(10147 6102 10131 3258)
4(10147 3258 10143 6103)
4(1245 6103 10143 5974)
4(10147 6106 10145 3258)
4(1246 5977 10145 6106)
4(1246 6106 10147 6102)
4(10147 3258 10146 6123)
4(1253 6123 10146 5995)
4(1253 6103 10147 6123)
4(1253 5995 10143 6103)
4(1254 6123 10147 6106)
4(10149 3260 10138 5983)
4(1249 5983 10149 6112)
4(1249 6112 10150 6109)
4(10151 5985 10035 3261)
4(10151 3261 10140 5986)
4(1176 5986 10140 5981)
4(10152 3261 10151 5999)
4(1181 5999 10151 5985)
4(10153 6111 10140 3261)
4(1249 5983 10140 6111)
4(10153 6115 10151 3261)
4(1250 5986 10151 6115)
4(1250 6115 10153 6111)
4(1250 6111 10140 5986)
4(1255 6115 10151 5999)
4(1255 6127 10153 6115)
4(10154 5988 10038 3262)
4(10154 3262 10141 5989)
4(10155 3262 10038 5998)
4(10155 5999 10151 3262)
4(10155 3262 10154 6001)
4(1182 6001 10154 5988)
4(10156 6114 10141 3262)
4(10156 3262 10151 6115)
4(10156 6118 10154 3262)
4(1251 5989 10154 6118)
4(1251 6118 10156 6114)
4(10156 3262 10155 6128)
4(1255 6115 10156 6128)
4(1256 6118 10154 6001)
4(1256 6128 10156 6118)
4(10157 5991 10041 3263)
4(10157 3263 10142 5992)
4(10158 3263 10041 6000)
4(10158 6001 10154 3263)
4(10158 3263 10157 6003)
4(1183 6003 10157 5991)
4(10159 6117 10142 3263)
4(10159 3263 10154 6118)
4(10159 6121 10157 3263)
4(1252 5992 10157 6121)
4(1252 6121 10159 6117)
4(10159 3263 10158 6130)
4(1256 6118 10159 6130)
4(1257 6121 10157 6003)
4(1257 6130 10159 6121)
4(10160 3264 10144 5995)
4(1179 5995 10144 5990)
4(10161 6003 10157 3264)
4(10162 6120 10144 3264)
4(10162 3264 10157 6121)
4(1252 5992 10144 6120)
4(1253 5995 10160 6124)
4(1253 6124 10162 6120)
4(1253 6120 10144 5995)
4(1257 6121 10162 6132)
4(10169 3266 10168 6021)
4(1188 6021 10168 6005)
4(1188 6016 10169 6021)
4(1262 6135 10168 6021)
4(1262 6021 10169 6146)
4(1262 6146 10170 6135)
4(10171 6007 10055 3267)
4(10171 3267 10164 6008)
4(10172 3267 10055 6019)
4(10172 6021 10168 3267)
4(10172 3267 10171 6023)
4(1189 6023 10171 6007)
4(1189 6019 10172 6023)
4(10173 6137 10171 3267)
4(1258 6008 10171 6137)
4(1258 6137 10173 6134)
4(10173 3267 10172 6149)
4(1262 6135 10173 6149)
4(1262 6149 10172 6021)
4(1263 6137 10171 6023)
4(1263 6149 10173 6137)
4(1263 6023 10172 6149)
4(10174 6010 10058 3268)
4(10174 3268 10165 6011)
4(10175 3268 10058 6022)
4(10175 6023 10171 3268)
4(10175 3268 10174 6025)
4(1190 6025 10174 6010)
4(10176 6136 10165 3268)
4(10176 3268 10171 6137)
4(10176 6140 10174 3268)
4(1259 6011 10174 6140)
4(1259 6140 10176 6136)
4(10176 3268 10175 6152)
4(1263 6137 10176 6152)
4(1264 6140 10174 6025)
4(1264 6152 10176 6140)
4(10177 6013 10061 3269)
4(10177 3269 10166 6014)
4(10178 3269 10061 6024)
4(10178 6025 10174 3269)
4(10178 3269 10177 6027)
4(1191 6027 10177 6013)
4(10179 6139 10166 3269)
4(10179 3269 10174 6140)
4(10179 6143 10177 3269)
4(1260 6014 10177 6143)
4(1260 6143 10179 6139)
4(10179 3269 10178 6154)
4(1264 6140 10179 6154)
4(1265 6143 10177 6027)
4(1265 6154 10179 6143)
4(10181 3270 10064 6026)
4(10181 6027 10177 3270)
4(10181 3270 10180 6030)
4(1192 6030 10180 6015)
4(1192 6026 10181 6030)
4(10182 3270 10177 6143)
4(10182 3270 10181 6156)
4(1265 6143 10182 6156)
4(1265 6156 10181 6027)
4(1266 6145 10180 6030)
4(1266 6156 10182 6145)
4(1266 6030 10181 6156)
4(10183 6030 10180 3271)
4(1266 6158 10183 6030)
4(1266 6145 10184 6158)
4(10186 3272 10185 6038)
4(1195 6038 10185 6017)
4(1195 6033 10186 6038)
4(1269 6147 10185 6038)
4(1269 6038 10186 6163)
4(1269 6163 10187 6147)
4(10188 6020 10072 3273)
4(10188 3273 10169 6021)
4(10189 3273 10072 6036)
4(10189 6038 10185 3273)
4(10189 3273 10188 6039)
4(1196 6039 10188 6020)
4(10190 6146 10169 3273)
4(10190 3273 10185 6147)
4(10190 6150 10188 3273)
4(1262 6150 10190 6146)
4(1262 6021 10188 6150)
4(10190 3273 10189 6166)
4(1269 6147 10190 6166)
4(1270 6166 10190 6150)
4(1270 6150 10188 6039)
4(10192 6031 10076 3274)
4(10192 3274 10183 6032)
4(10193 3274 10076 6040)
4(10193 6041 10191 3274)
4(1200 6029 10191 6041)
4(10193 3274 10192 6044)
4(1201 6044 10192 6031)
4(10194 6158 10183 3274)
4(10194 3274 10191 6159)
4(1266 6159 10191 6030)
4(10194 6161 10192 3274)
4(1267 6161 10194 6158)
4(10194 3274 10193 6170)
4(1274 6159 10194 6170)
4(1274 6041 10191 6159)
4(1275 6161 10192 6044)
4(1275 6170 10194 6161)
4(10195 6044 10192 3275)
4(1275 6172 10195 6044)
4(1275 6161 10196 6172)
4(10199 6037 10083 3276)
4(10199 3276 10186 6038)
4(10200 3276 10083 6048)
4(10200 6050 10197 3276)
4(10200 3276 10199 6052)
4(1204 6048 10200 6052)
4(10201 6163 10186 3276)
4(10201 3276 10197 6164)
4(10201 6167 10199 3276)
4(1269 6167 10201 6163)
4(10201 3276 10200 6178)
4(1277 6178 10200 6050)
4(1277 6164 10201 6178)
4(1278 6052 10200 6178)
4(1278 6178 10201 6167)
4(10203 6045 10087 3277)
4(10203 3277 10195 6046)
4(10204 3277 10087 6053)
4(10204 6055 10202 3277)
4(10204 3277 10203 6058)
4(1211 6053 10204 6058)
4(10205 6172 10195 3277)
4(10205 3277 10202 6173)
4(10205 6175 10203 3277)
4(1276 6175 10205 6172)
4(10205 3277 10204 6183)
4(1284 6183 10204 6055)
4(1284 6173 10205 6183)
4(1285 6058 10204 6183)
4(1285 6183 10205 6175)
4(10207 6049 10091 3278)
4(10207 3278 10198 6050)
4(10208 3278 10207 6062)
4(1212 6062 10207 6049)
4(1212 6059 10208 6062)
4(10209 6179 10207 3278)
4(1277 6050 10207 6179)
4(1277 6179 10209 6177)
4(1286 6179 10207 6062)
4(1286 6062 10208 6189)
4(1286 6189 10209 6179)
4(10210 6051 10094 3279)
4(10210 3279 10200 6052)
4(10211 3279 10094 6060)
4(10211 6062 10207 3279)
4(10211 3279 10210 6064)
4(1213 6060 10211 6064)
4(10212 6178 10200 3279)
4(10212 3279 10207 6179)
4(10212 6181 10210 3279)
4(1278 6181 10212 6178)
4(10212 3279 10211 6190)
4(1286 6190 10211 6062)
4(1286 6179 10212 6190)
4(1287 6064 10211 6190)
4(1287 6190 10212 6181)
4(10214 6057 10098 3280)
4(10214 3280 10204 6058)
4(10215 3280 10098 6065)
4(10215 6067 10213 3280)
4(10215 3280 10214 6070)
4(1220 6070 10214 6057)
4(1220 6065 10215 6070)
4(10216 6183 10204 3280)
4(10216 3280 10213 6184)
4(10216 6187 10214 3280)
4(1285 6058 10214 6187)
4(1285 6187 10216 6183)
4(10216 3280 10215 6195)
4(1293 6195 10215 6067)
4(1293 6184 10216 6195)
4(1294 6187 10214 6070)
4(1294 6070 10215 6195)
4(1294 6195 10216 6187)
4(10217 6070 10214 3281)
4(10218 3281 10214 6187)
4(1294 6198 10217 6070)
4(1294 6187 10218 6198)
4(10219 6061 10103 3282)
4(10219 3282 10208 6062)
4(10220 3282 10219 6074)
4(1221 6074 10219 6061)
4(1221 6071 10220 6074)
4(10221 6191 10219 3282)
4(1286 6062 10219 6191)
4(1286 6191 10221 6189)
4(1295 6191 10219 6074)
4(1295 6074 10220 6201)
4(1295 6201 10221 6191)
4(10222 6063 10106 3283)
4(10222 3283 10211 6064)
4(10223 3283 10106 6072)
4(10223 6074 10219 3283)
4(10223 3283 10222 6076)
4(1222 6072 10223 6076)
4(10224 6190 10211 3283)
4(10224 3283 10219 6191)
4(10224 6193 10222 3283)
4(1287 6193 10224 6190)
4(10224 3283 10223 6202)
4(1295 6202 10223 6074)
4(1295 6191 10224 6202)
4(1296 6076 10223 6202)
4(1296 6202 10224 6193)
4(10226 6069 10110 3284)
4(10226 3284 10215 6070)
4(10227 3284 10110 6077)
4(10227 6079 10225 3284)
4(10227 3284 10226 6082)
4(1229 6082 10226 6069)
4(1229 6077 10227 6082)
4(10228 6195 10215 3284)
4(10228 3284 10225 6196)
4(10228 6199 10226 3284)
4(1294 6070 10226 6199)
4(1294 6199 10228 6195)
4(10228 3284 10227 6207)
4(1302 6207 10227 6079)
4(1302 6196 10228 6207)
4(1303 6199 10226 6082)
4(1303 6082 10227 6207)
4(1303 6207 10228 6199)
4(10229 6082 10226 3285)
4(10230 3285 10226 6199)
4(1303 6210 10229 6082)
4(1303 6199 10230 6210)
4(10231 6073 10115 3286)
4(10231 3286 10220 6074)
4(10232 3286 10231 6086)
4(1230 6086 10231 6073)
4(10233 6203 10231 3286)
4(1295 6074 10231 6203)
4(1295 6203 10233 6201)
4(1304 6203 10231 6086)
4(1304 6213 10233 6203)
4(10234 6075 10118 3287)
4(10234 3287 10223 6076)
4(10235 3287 10118 6084)
4(10235 6086 10231 3287)
4(10235 3287 10234 6088)
4(1231 6084 10235 6088)
4(10236 6202 10223 3287)
4(10236 3287 10231 6203)
4(10236 6205 10234 3287)
4(1296 6205 10236 6202)
4(10236 3287 10235 6214)
4(1304 6214 10235 6086)
4(1304 6203 10236 6214)
4(1305 6088 10235 6214)
4(1305 6214 10236 6205)
4(10238 6081 10122 3288)
4(10238 3288 10227 6082)
4(10239 3288 10122 6089)
4(10239 6091 10237 3288)
4(10239 3288 10238 6094)
4(1238 6094 10238 6081)
4(1238 6089 10239 6094)
4(10240 6207 10227 3288)
4(10240 3288 10237 6208)
4(10240 6211 10238 3288)
4(1303 6082 10238 6211)
4(1303 6211 10240 6207)
4(10240 3288 10239 6219)
4(1311 6219 10239 6091)
4(1311 6208 10240 6219)
4(1312 6211 10238 6094)
4(1312 6094 10239 6219)
4(1312 6219 10240 6211)
4(10241 6094 10238 3289)
4(10242 3289 10238 6211)
4(1312 6211 10242 6222)
4(10244 6087 10128 3290)
4(10244 3290 10235 6088)
4(10245 3290 10128 6095)
4(10245 6096 10243 3290)
4(10245 3290 10244 6099)
4(1240 6095 10245 6099)
4(10246 6214 10235 3290)
4(10246 3290 10243 6215)
4(10246 6217 10244 3290)
4(1305 6217 10246 6214)
4(10246 3290 10245 6225)
4(1313 6215 10246 6225)
4(1314 6099 10245 6225)
4(1314 6225 10246 6217)
4(10250 6093 10134 3291)
4(10250 3291 10239 6094)
4(10251 3291 10134 6105)
4(10251 6107 10248 3291)
4(10251 3291 10250 6108)
4(10252 6219 10239 3291)
4(10252 3291 10248 6220)
4(10252 6223 10250 3291)
4(1312 6223 10252 6219)
4(10252 3291 10251 6235)
4(1320 6235 10251 6107)
4(1320 6220 10252 6235)
4(1321 6235 10252 6223)
4(10253 3292 10245 6099)
4(1314 6099 10253 6228)
4(1314 6228 10254 6225)
4(10255 6100 10139 3293)
4(10255 3293 10247 6101)
4(10256 3293 10139 6109)
4(10256 6110 10253 3293)
4(10256 3293 10255 6113)
4(1249 6109 10256 6113)
4(1249 6113 10255 6100)
4(10257 6227 10247 3293)
4(10257 3293 10253 6228)
4(10257 6230 10255 3293)
4(1315 6230 10257 6227)
4(1315 6101 10255 6230)
4(10257 3293 10256 6239)
4(1322 6228 10257 6239)
4(1323 6113 10256 6239)
4(1323 6239 10257 6230)
4(1323 6230 10255 6113)
4(10263 6106 10147 3294)
4(10263 3294 10249 6107)
4(10264 3294 10147 6123)
4(10264 6125 10261 3294)
4(1253 6103 10261 6125)
4(10264 3294 10263 6126)
4(10265 6232 10249 3294)
4(10265 3294 10261 6233)
4(1319 6233 10261 6104)
4(10265 6236 10263 3294)
4(1320 6107 10263 6236)
4(1320 6236 10265 6232)
4(10265 3294 10264 6253)
4(1327 6253 10264 6125)
4(1327 6233 10265 6253)
4(1327 6125 10261 6233)
4(1328 6253 10265 6236)
4(10267 3296 10256 6113)
4(1323 6113 10267 6242)
4(1323 6242 10268 6239)
4(10269 6115 10153 3297)
4(10269 3297 10258 6116)
4(1250 6116 10258 6111)
4(10270 3297 10269 6129)
4(1255 6129 10269 6115)
4(10271 6241 10258 3297)
4(1323 6113 10258 6241)
4(10271 6245 10269 3297)
4(1324 6116 10269 6245)
4(1324 6245 10271 6241)
4(1324 6241 10258 6116)
4(1329 6245 10269 6129)
4(1329 6257 10271 6245)
4(10272 6118 10156 3298)
4(10272 3298 10259 6119)
4(10273 3298 10156 6128)
4(10273 6129 10269 3298)
4(10273 3298 10272 6131)
4(1256 6131 10272 6118)
4(10274 6244 10259 3298)
4(10274 3298 10269 6245)
4(10274 6248 10272 3298)
4(1325 6119 10272 6248)
4(1325 6248 10274 6244)
4(10274 3298 10273 6258)
4(1329 6245 10274 6258)
4(1330 6248 10272 6131)
4(1330 6258 10274 6248)
4(10275 6121 10159 3299)
4(10275 3299 10260 6122)
4(10276 3299 10159 6130)
4(10276 6131 10272 3299)
4(10276 3299 10275 6133)
4(1257 6133 10275 6121)
4(10277 6247 10260 3299)
4(10277 3299 10272 6248)
4(10277 6251 10275 3299)
4(1326 6122 10275 6251)
4(1326 6251 10277 6247)
4(10277 3299 10276 6260)
4(1330 6248 10277 6260)
4(1331 6251 10275 6133)
4(1331 6260 10277 6251)
4(10278 3300 10262 6125)
4(1253 6125 10262 6120)
4(10279 6133 10275 3300)
4(10280 6250 10262 3300)
4(10280 3300 10275 6251)
4(1326 6122 10262 6250)
4(1327 6125 10278 6254)
4(1327 6254 10280 6250)
4(1327 6250 10262 6125)
4(1331 6251 10280 6262)
4(10287 3302 10286 6151)
4(1262 6151 10286 6135)
4(1262 6146 10287 6151)
4(1336 6265 10286 6151)
4(1336 6151 10287 6276)
4(1336 6276 10288 6265)
4(10289 6137 10173 3303)
4(10289 3303 10282 6138)
4(10290 3303 10173 6149)
4(10290 6151 10286 3303)
4(10290 3303 10289 6153)
4(1263 6153 10289 6137)
4(1263 6149 10290 6153)
4(10291 6267 10289 3303)
4(1332 6138 10289 6267)
4(1332 6267 10291 6264)
4(10291 3303 10290 6279)
4(1336 6265 10291 6279)
4(1336 6279 10290 6151)
4(1337 6267 10289 6153)
4(1337 6279 10291 6267)
4(1337 6153 10290 6279)
4(10292 6140 10176 3304)
4(10292 3304 10283 6141)
4(10293 3304 10176 6152)
4(10293 6153 10289 3304)
4(10293 3304 10292 6155)
4(1264 6155 10292 6140)
4(10294 6266 10283 3304)
4(10294 3304 10289 6267)
4(10294 6270 10292 3304)
4(1333 6141 10292 6270)
4(1333 6270 10294 6266)
4(10294 3304 10293 6282)
4(1337 6267 10294 6282)
4(1338 6270 10292 6155)
4(1338 6282 10294 6270)
4(10295 6143 10179 3305)
4(10295 3305 10284 6144)
4(10296 3305 10179 6154)
4(10296 6155 10292 3305)
4(10296 3305 10295 6157)
4(1265 6157 10295 6143)
4(10297 6269 10284 3305)
4(10297 3305 10292 6270)
4(10297 6273 10295 3305)
4(1334 6144 10295 6273)
4(1334 6273 10297 6269)
4(10297 3305 10296 6284)
4(1338 6270 10297 6284)
4(1339 6273 10295 6157)
4(1339 6284 10297 6273)
4(10299 3306 10182 6156)
4(10299 6157 10295 3306)
4(10299 3306 10298 6160)
4(1266 6160 10298 6145)
4(1266 6156 10299 6160)
4(10300 3306 10295 6273)
4(10300 3306 10299 6286)
4(1339 6273 10300 6286)
4(1339 6286 10299 6157)
4(1340 6275 10298 6160)
4(1340 6286 10300 6275)
4(1340 6160 10299 6286)
4(10301 6160 10298 3307)
4(1340 6288 10301 6160)
4(1340 6275 10302 6288)
4(10304 3308 10303 6168)
4(1269 6168 10303 6147)
4(1269 6163 10304 6168)
4(1343 6277 10303 6168)
4(1343 6168 10304 6293)
4(1343 6293 10305 6277)
4(10306 6150 10190 3309)
4(10306 3309 10287 6151)
4(10307 3309 10190 6166)
4(10307 6168 10303 3309)
4(10307 3309 10306 6169)
4(1270 6169 10306 6150)
4(10308 6276 10287 3309)
4(10308 3309 10303 6277)
4(10308 6280 10306 3309)
4(1336 6280 10308 6276)
4(1336 6151 10306 6280)
4(10308 3309 10307 6296)
4(1343 6277 10308 6296)
4(1344 6296 10308 6280)
4(1344 6280 10306 6169)
4(10310 6161 10194 3310)
4(10310 3310 10301 6162)
4(10311 3310 10194 6170)
4(10311 6171 10309 3310)
4(1274 6159 10309 6171)
4(10311 3310 10310 6174)
4(1275 6174 10310 6161)
4(10312 6288 10301 3310)
4(10312 3310 10309 6289)
4(1340 6289 10309 6160)
4(10312 6291 10310 3310)
4(1341 6291 10312 6288)
4(10312 3310 10311 6300)
4(1348 6289 10312 6300)
4(1348 6171 10309 6289)
4(1349 6291 10310 6174)
4(1349 6300 10312 6291)
4(10313 6174 10310 3311)
4(1349 6302 10313 6174)
4(1349 6291 10314 6302)
4(10317 6167 10201 3312)
4(10317 3312 10304 6168)
4(10318 3312 10201 6178)
4(10318 6180 10315 3312)
4(10318 3312 10317 6182)
4(1278 6178 10318 6182)
4(10319 6293 10304 3312)
4(10319 3312 10315 6294)
4(10319 6297 10317 3312)
4(1343 6297 10319 6293)
4(10319 3312 10318 6308)
4(1351 6308 10318 6180)
4(1351 6294 10319 6308)
4(1352 6182 10318 6308)
4(1352 6308 10319 6297)
4(10321 6175 10205 3313)
4(10321 3313 10313 6176)
4(10322 3313 10205 6183)
4(10322 6185 10320 3313)
4(10322 3313 10321 6188)
4(1285 6183 10322 6188)
4(10323 6302 10313 3313)
4(10323 3313 10320 6303)
4(10323 6305 10321 3313)
4(1350 6305 10323 6302)
4(10323 3313 10322 6313)
4(1358 6313 10322 6185)
4(1358 6303 10323 6313)
4(1359 6188 10322 6313)
4(1359 6313 10323 6305)
4(10325 6179 10209 3314)
4(10325 3314 10316 6180)
4(10326 3314 10325 6192)
4(1286 6192 10325 6179)
4(1286 6189 10326 6192)
4(10327 6309 10325 3314)
4(1351 6180 10325 6309)
4(1351 6309 10327 6307)
4(1360 6309 10325 6192)
4(1360 6192 10326 6319)
4(1360 6319 10327 6309)
4(10328 6181 10212 3315)
4(10328 3315 10318 6182)
4(10329 3315 10212 6190)
4(10329 6192 10325 3315)
4(10329 3315 10328 6194)
4(1287 6190 10329 6194)
4(10330 6308 10318 3315)
4(10330 3315 10325 6309)
4(10330 6311 10328 3315)
4(1352 6311 10330 6308)
4(10330 3315 10329 6320)
4(1360 6320 10329 6192)
4(1360 6309 10330 6320)
4(1361 6194 10329 6320)
4(1361 6320 10330 6311)
4(10332 6187 10216 3316)
4(10332 3316 10322 6188)
4(10333 3316 10216 6195)
4(10333 6197 10331 3316)
4(10333 3316 10332 6200)
4(1294 6200 10332 6187)
4(1294 6195 10333 6200)
4(10334 6313 10322 3316)
4(10334 3316 10331 6314)
4(10334 6317 10332 3316)
4(1359 6188 10332 6317)
4(1359 6317 10334 6313)
4(10334 3316 10333 6325)
4(1367 6325 10333 6197)
4(1367 6314 10334 6325)
4(1368 6317 10332 6200)
4(1368 6200 10333 6325)
4(1368 6325 10334 6317)
4(10335 6200 10332 3317)
4(10336 3317 10332 6317)
4(1368 6328 10335 6200)
4(1368 6317 10336 6328)
4(10337 6191 10221 3318)
4(10337 3318 10326 6192)
4(10338 3318 10337 6204)
4(1295 6204 10337 6191)
4(1295 6201 10338 6204)
4(10339 6321 10337 3318)
4(1360 6192 10337 6321)
4(1360 6321 10339 6319)
4(1369 6321 10337 6204)
4(1369 6204 10338 6331)
4(1369 6331 10339 6321)
4(10340 6193 10224 3319)
4(10340 3319 10329 6194)
4(10341 3319 10224 6202)
4(10341 6204 10337 3319)
4(10341 3319 10340 6206)
4(1296 6202 10341 6206)
4(10342 6320 10329 3319)
4(10342 3319 10337 6321)
4(10342 6323 10340 3319)
4(1361 6323 10342 6320)
4(10342 3319 10341 6332)
4(1369 6332 10341 6204)
4(1369 6321 10342 6332)
4(1370 6206 10341 6332)
4(1370 6332 10342 6323)
4(10344 6199 10228 3320)
4(10344 3320 10333 6200)
4(10345 3320 10228 6207)
4(10345 6209 10343 3320)
4(10345 3320 10344 6212)
4(1303 6212 10344 6199)
4(1303 6207 10345 6212)
4(10346 6325 10333 3320)
4(10346 3320 10343 6326)
4(10346 6329 10344 3320)
4(1368 6200 10344 6329)
4(1368 6329 10346 6325)
4(10346 3320 10345 6337)
4(1376 6337 10345 6209)
4(1376 6326 10346 6337)
4(1377 6329 10344 6212)
4(1377 6212 10345 6337)
4(1377 6337 10346 6329)
4(10347 6212 10344 3321)
4(10348 3321 10344 6329)
4(1377 6340 10347 6212)
4(1377 6329 10348 6340)
4(10349 6203 10233 3322)
4(10349 3322 10338 6204)
4(10350 3322 10349 6216)
4(1304 6216 10349 6203)
4(10351 6333 10349 3322)
4(1369 6204 10349 6333)
4(1369 6333 10351 6331)
4(1378 6333 10349 6216)
4(1378 6343 10351 6333)
4(10352 6205 10236 3323)
4(10352 3323 10341 6206)
4(10353 3323 10236 6214)
4(10353 6216 10349 3323)
4(10353 3323 10352 6218)
4(1305 6214 10353 6218)
4(10354 6332 10341 3323)
4(10354 3323 10349 6333)
4(10354 6335 10352 3323)
4(1370 6335 10354 6332)
4(10354 3323 10353 6344)
4(1378 6344 10353 6216)
4(1378 6333 10354 6344)
4(1379 6218 10353 6344)
4(1379 6344 10354 6335)
4(10356 6211 10240 3324)
4(10356 3324 10345 6212)
4(10357 3324 10240 6219)
4(10357 6221 10355 3324)
4(10357 3324 10356 6224)
4(1312 6224 10356 6211)
4(1312 6219 10357 6224)
4(10358 6337 10345 3324)
4(10358 3324 10355 6338)
4(10358 6341 10356 3324)
4(1377 6212 10356 6341)
4(1377 6341 10358 6337)
4(10358 3324 10357 6349)
4(1385 6349 10357 6221)
4(1385 6338 10358 6349)
4(1386 6341 10356 6224)
4(1386 6224 10357 6349)
4(1386 6349 10358 6341)
4(10359 6224 10356 3325)
4(10360 3325 10356 6341)
4(1386 6341 10360 6352)
4(10362 6217 10246 3326)
4(10362 3326 10353 6218)
4(10363 3326 10246 6225)
4(10363 6226 10361 3326)
4(10363 3326 10362 6229)
4(1314 6225 10363 6229)
4(10364 6344 10353 3326)
4(10364 3326 10361 6345)
4(10364 6347 10362 3326)
4(1379 6347 10364 6344)
4(10364 3326 10363 6355)
4(1387 6345 10364 6355)
4(1388 6229 10363 6355)
4(1388 6355 10364 6347)
4(10368 6223 10252 3327)
4(10368 3327 10357 6224)
4(10369 3327 10252 6235)
4(10369 6237 10366 3327)
4(10369 3327 10368 6238)
4(10370 6349 10357 3327)
4(10370 3327 10366 6350)
4(10370 6353 10368 3327)
4(1386 6353 10370 6349)
4(10370 3327 10369 6365)
4(1394 6365 10369 6237)
4(1394 6350 10370 6365)
4(1395 6365 10370 6353)
4(10371 3328 10363 6229)
4(1388 6229 10371 6358)
4(1388 6358 10372 6355)
4(10373 6230 10257 3329)
4(10373 3329 10365 6231)
4(10374 3329 10257 6239)
4(10374 6240 10371 3329)
4(10374 3329 10373 6243)
4(1323 6239 10374 6243)
4(1323 6243 10373 6230)
4(10375 6357 10365 3329)
4(10375 3329 10371 6358)
4(10375 6360 10373 3329)
4(1389 6360 10375 6357)
4(1389 6231 10373 6360)
4(10375 3329 10374 6369)
4(1396 6358 10375 6369)
4(1397 6243 10374 6369)
4(1397 6369 10375 6360)
4(1397 6360 10373 6243)
4(10381 6236 10265 3330)
4(10381 3330 10367 6237)
4(10382 3330 10265 6253)
4(10382 6255 10379 3330)
4(1327 6233 10379 6255)
4(10382 3330 10381 6256)
4(10383 6362 10367 3330)
4(10383 3330 10379 6363)
4(1393 6363 10379 6234)
4(10383 6366 10381 3330)
4(1394 6237 10381 6366)
4(1394 6366 10383 6362)
4(10383 3330 10382 6383)
4(1401 6383 10382 6255)
4(1401 6363 10383 6383)
4(1401 6255 10379 6363)
4(1402 6383 10383 6366)
4(10385 3332 10374 6243)
4(1397 6243 10385 6372)
4(1397 6372 10386 6369)
4(10387 6245 10271 3333)
4(10387 3333 10376 6246)
4(1324 6246 10376 6241)
4(10388 3333 10387 6259)
4(1329 6259 10387 6245)
4(10389 6371 10376 3333)
4(1397 6243 10376 6371)
4(10389 6375 10387 3333)
4(1398 6246 10387 6375)
4(1398 6375 10389 6371)
4(1398 6371 10376 6246)
4(1403 6375 10387 6259)
4(1403 6387 10389 6375)
4(10390 6248 10274 3334)
4(10390 3334 10377 6249)
4(10391 3334 10274 6258)
4(10391 6259 10387 3334)
4(10391 3334 10390 6261)
4(1330 6261 10390 6248)
4(10392 6374 10377 3334)
4(10392 3334 10387 6375)
4(10392 6378 10390 3334)
4(1399 6249 10390 6378)
4(1399 6378 10392 6374)
4(10392 3334 10391 6388)
4(1403 6375 10392 6388)
4(1404 6378 10390 6261)
4(1404 6388 10392 6378)
4(10393 6251 10277 3335)
4(10393 3335 10378 6252)
4(10394 3335 10277 6260)
4(10394 6261 10390 3335)
4(10394 3335 10393 6263)
4(1331 6263 10393 6251)
4(10395 6377 10378 3335)
4(10395 3335 10390 6378)
4(10395 6381 10393 3335)
4(1400 6252 10393 6381)
4(1400 6381 10395 6377)
4(10395 3335 10394 6390)
4(1404 6378 10395 6390)
4(1405 6381 10393 6263)
4(1405 6390 10395 6381)
4(10396 3336 10380 6255)
4(1327 6255 10380 6250)
4(10397 6263 10393 3336)
4(10398 6380 10380 3336)
4(10398 3336 10393 6381)
4(1400 6252 10380 6380)
4(1401 6255 10396 6384)
4(1401 6384 10398 6380)
4(1401 6380 10380 6255)
4(1405 6381 10398 6392)
4(10405 3338 10404 6281)
4(1336 6281 10404 6265)
4(1336 6276 10405 6281)
4(1410 6395 10404 6281)
4(1410 6281 10405 6406)
4(1410 6406 10406 6395)
4(10407 6267 10291 3339)
4(10407 3339 10400 6268)
4(10408 3339 10291 6279)
4(10408 6281 10404 3339)
4(10408 3339 10407 6283)
4(1337 6283 10407 6267)
4(1337 6279 10408 6283)
4(10409 6397 10407 3339)
4(1406 6268 10407 6397)
4(1406 6397 10409 6394)
4(10409 3339 10408 6409)
4(1410 6395 10409 6409)
4(1410 6409 10408 6281)
4(1411 6397 10407 6283)
4(1411 6409 10409 6397)
4(1411 6283 10408 6409)
4(10410 6270 10294 3340)
4(10410 3340 10401 6271)
4(10411 3340 10294 6282)
4(10411 6283 10407 3340)
4(10411 3340 10410 6285)
4(1338 6285 10410 6270)
4(10412 6396 10401 3340)
4(10412 3340 10407 6397)
4(10412 6400 10410 3340)
4(1407 6271 10410 6400)
4(1407 6400 10412 6396)
4(10412 3340 10411 6412)
4(1411 6397 10412 6412)
4(1412 6400 10410 6285)
4(1412 6412 10412 6400)
4(10413 6273 10297 3341)
4(10413 3341 10402 6274)
4(10414 3341 10297 6284)
4(10414 6285 10410 3341)
4(10414 3341 10413 6287)
4(1339 6287 10413 6273)
4(10415 6399 10402 3341)
4(10415 3341 10410 6400)
4(10415 6403 10413 3341)
4(1408 6274 10413 6403)
4(1408 6403 10415 6399)
4(10415 3341 10414 6414)
4(1412 6400 10415 6414)
4(1413 6403 10413 6287)
4(1413 6414 10415 6403)
4(10417 3342 10300 6286)
4(10417 6287 10413 3342)
4(10417 3342 10416 6290)
4(1340 6290 10416 6275)
4(1340 6286 10417 6290)
4(10418 3342 10413 6403)
4(10418 3342 10417 6416)
4(1413 6403 10418 6416)
4(1413 6416 10417 6287)
4(1414 6405 10416 6290)
4(1414 6416 10418 6405)
4(1414 6290 10417 6416)
4(10419 6290 10416 3343)
4(1414 6418 10419 6290)
4(1414 6405 10420 6418)
4(10422 3344 10421 6298)
4(1343 6298 10421 6277)
4(1343 6293 10422 6298)
4(1417 6407 10421 6298)
4(1417 6298 10422 6423)
4(1417 6423 10423 6407)
4(10424 6280 10308 3345)
4(10424 3345 10405 6281)
4(10425 3345 10308 6296)
4(10425 6298 10421 3345)
4(10425 3345 10424 6299)
4(1344 6299 10424 6280)
4(10426 6406 10405 3345)
4(10426 3345 10421 6407)
4(10426 6410 10424 3345)
4(1410 6410 10426 6406)
4(1410 6281 10424 6410)
4(10426 3345 10425 6426)
4(1417 6407 10426 6426)
4(1418 6426 10426 6410)
4(1418 6410 10424 6299)
4(10428 6291 10312 3346)
4(10428 3346 10419 6292)
4(10429 3346 10312 6300)
4(10429 6301 10427 3346)
4(1348 6289 10427 6301)
4(10429 3346 10428 6304)
4(1349 6304 10428 6291)
4(10430 6418 10419 3346)
4(10430 3346 10427 6419)
4(1414 6419 10427 6290)
4(10430 6421 10428 3346)
4(1415 6421 10430 6418)
4(10430 3346 10429 6430)
4(1422 6419 10430 6430)
4(1422 6301 10427 6419)
4(1423 6421 10428 6304)
4(1423 6430 10430 6421)
4(10431 6304 10428 3347)
4(1423 6432 10431 6304)
4(1423 6421 10432 6432)
4(10435 6297 10319 3348)
4(10435 3348 10422 6298)
4(10436 3348 10319 6308)
4(10436 6310 10433 3348)
4(10436 3348 10435 6312)
4(1352 6308 10436 6312)
4(10437 6423 10422 3348)
4(10437 3348 10433 6424)
4(10437 6427 10435 3348)
4(1417 6427 10437 6423)
4(10437 3348 10436 6438)
4(1425 6438 10436 6310)
4(1425 6424 10437 6438)
4(1426 6312 10436 6438)
4(1426 6438 10437 6427)
4(10439 6305 10323 3349)
4(10439 3349 10431 6306)
4(10440 3349 10323 6313)
4(10440 6315 10438 3349)
4(10440 3349 10439 6318)
4(1359 6313 10440 6318)
4(10441 6432 10431 3349)
4(10441 3349 10438 6433)
4(10441 6435 10439 3349)
4(1424 6435 10441 6432)
4(10441 3349 10440 6443)
4(1432 6443 10440 6315)
4(1432 6433 10441 6443)
4(1433 6318 10440 6443)
4(1433 6443 10441 6435)
4(10443 6309 10327 3350)
4(10443 3350 10434 6310)
4(10444 3350 10443 6322)
4(1360 6322 10443 6309)
4(1360 6319 10444 6322)
4(10445 6439 10443 3350)
4(1425 6310 10443 6439)
4(1425 6439 10445 6437)
4(1434 6439 10443 6322)
4(1434 6322 10444 6449)
4(1434 6449 10445 6439)
4(10446 6311 10330 3351)
4(10446 3351 10436 6312)
4(10447 3351 10330 6320)
4(10447 6322 10443 3351)
4(10447 3351 10446 6324)
4(1361 6320 10447 6324)
4(10448 6438 10436 3351)
4(10448 3351 10443 6439)
4(10448 6441 10446 3351)
4(1426 6441 10448 6438)
4(10448 3351 10447 6450)
4(1434 6450 10447 6322)
4(1434 6439 10448 6450)
4(1435 6324 10447 6450)
4(1435 6450 10448 6441)
4(10450 6317 10334 3352)
4(10450 3352 10440 6318)
4(10451 3352 10334 6325)
4(10451 6327 10449 3352)
4(10451 3352 10450 6330)
4(1368 6330 10450 6317)
4(1368 6325 10451 6330)
4(10452 6443 10440 3352)
4(10452 3352 10449 6444)
4(10452 6447 10450 3352)
4(1433 6318 10450 6447)
4(1433 6447 10452 6443)
4(10452 3352 10451 6455)
4(1441 6455 10451 6327)
4(1441 6444 10452 6455)
4(1442 6447 10450 6330)
4(1442 6330 10451 6455)
4(1442 6455 10452 6447)
4(10453 6330 10450 3353)
4(10454 3353 10450 6447)
4(1442 6458 10453 6330)
4(1442 6447 10454 6458)
4(10455 6321 10339 3354)
4(10455 3354 10444 6322)
4(10456 3354 10455 6334)
4(1369 6334 10455 6321)
4(1369 6331 10456 6334)
4(10457 6451 10455 3354)
4(1434 6322 10455 6451)
4(1434 6451 10457 6449)
4(1443 6451 10455 6334)
4(1443 6334 10456 6461)
4(1443 6461 10457 6451)
4(10458 6323 10342 3355)
4(10458 3355 10447 6324)
4(10459 3355 10342 6332)
4(10459 6334 10455 3355)
4(10459 3355 10458 6336)
4(1370 6332 10459 6336)
4(10460 6450 10447 3355)
4(10460 3355 10455 6451)
4(10460 6453 10458 3355)
4(1435 6453 10460 6450)
4(10460 3355 10459 6462)
4(1443 6462 10459 6334)
4(1443 6451 10460 6462)
4(1444 6336 10459 6462)
4(1444 6462 10460 6453)
4(10462 6329 10346 3356)
4(10462 3356 10451 6330)
4(10463 3356 10346 6337)
4(10463 6339 10461 3356)
4(10463 3356 10462 6342)
4(1377 6342 10462 6329)
4(1377 6337 10463 6342)
4(10464 6455 10451 3356)
4(10464 3356 10461 6456)
4(10464 6459 10462 3356)
4(1442 6330 10462 6459)
4(1442 6459 10464 6455)
4(10464 3356 10463 6467)
4(1450 6467 10463 6339)
4(1450 6456 10464 6467)
4(1451 6459 10462 6342)
4(1451 6342 10463 6467)
4(1451 6467 10464 6459)
4(10465 6342 10462 3357)
4(10466 3357 10462 6459)
4(1451 6470 10465 6342)
4(1451 6459 10466 6470)
4(10467 6333 10351 3358)
4(10467 3358 10456 6334)
4(10468 3358 10467 6346)
4(1378 6346 10467 6333)
4(10469 6463 10467 3358)
4(1443 6334 10467 6463)
4(1443 6463 10469 6461)
4(1452 6463 10467 6346)
4(1452 6473 10469 6463)
4(10470 6335 10354 3359)
4(10470 3359 10459 6336)
4(10471 3359 10354 6344)
4(10471 6346 10467 3359)
4(10471 3359 10470 6348)
4(1379 6344 10471 6348)
4(10472 6462 10459 3359)
4(10472 3359 10467 6463)
4(10472 6465 10470 3359)
4(1444 6465 10472 6462)
4(10472 3359 10471 6474)
4(1452 6474 10471 6346)
4(1452 6463 10472 6474)
4(1453 6348 10471 6474)
4(1453 6474 10472 6465)
4(10474 6341 10358 3360)
4(10474 3360 10463 6342)
4(10475 3360 10358 6349)
4(10475 6351 10473 3360)
4(10475 3360 10474 6354)
4(1386 6354 10474 6341)
4(1386 6349 10475 6354)
4(10476 6467 10463 3360)
4(10476 3360 10473 6468)
4(10476 6471 10474 3360)
4(1451 6342 10474 6471)
4(1451 6471 10476 6467)
4(10476 3360 10475 6479)
4(1459 6479 10475 6351)
4(1459 6468 10476 6479)
4(1460 6471 10474 6354)
4(1460 6354 10475 6479)
4(1460 6479 10476 6471)
4(10477 6354 10474 3361)
4(10478 3361 10474 6471)
4(1460 6471 10478 6482)
4(10480 6347 10364 3362)
4(10480 3362 10471 6348)
4(10481 3362 10364 6355)
4(10481 6356 10479 3362)
4(10481 3362 10480 6359)
4(1388 6355 10481 6359)
4(10482 6474 10471 3362)
4(10482 3362 10479 6475)
4(10482 6477 10480 3362)
4(1453 6477 10482 6474)
4(10482 3362 10481 6485)
4(1461 6475 10482 6485)
4(1462 6359 10481 6485)
4(1462 6485 10482 6477)
4(10486 6353 10370 3363)
4(10486 3363 10475 6354)
4(10487 3363 10370 6365)
4(10487 6367 10484 3363)
4(10487 3363 10486 6368)
4(10488 6479 10475 3363)
4(10488 3363 10484 6480)
4(10488 6483 10486 3363)
4(1460 6483 10488 6479)
4(10488 3363 10487 6495)
4(1468 6495 10487 6367)
4(1468 6480 10488 6495)
4(1469 6495 10488 6483)
4(10489 3364 10481 6359)
4(1462 6359 10489 6488)
4(1462 6488 10490 6485)
4(10491 6360 10375 3365)
4(10491 3365 10483 6361)
4(10492 3365 10375 6369)
4(10492 6370 10489 3365)
4(10492 3365 10491 6373)
4(1397 6369 10492 6373)
4(1397 6373 10491 6360)
4(10493 6487 10483 3365)
4(10493 3365 10489 6488)
4(10493 6490 10491 3365)
4(1463 6490 10493 6487)
4(1463 6361 10491 6490)
4(10493 3365 10492 6499)
4(1470 6488 10493 6499)
4(1471 6373 10492 6499)
4(1471 6499 10493 6490)
4(1471 6490 10491 6373)
4(10499 6366 10383 3366)
4(10499 3366 10485 6367)
4(10500 3366 10383 6383)
4(10500 6385 10497 3366)
4(1401 6363 10497 6385)
4(10500 3366 10499 6386)
4(10501 6492 10485 3366)
4(10501 3366 10497 6493)
4(1467 6493 10497 6364)
4(10501 6496 10499 3366)
4(1468 6367 10499 6496)
4(1468 6496 10501 6492)
4(10501 3366 10500 6513)
4(1475 6513 10500 6385)
4(1475 6493 10501 6513)
4(1475 6385 10497 6493)
4(1476 6513 10501 6496)
4(10503 3368 10492 6373)
4(1471 6373 10503 6502)
4(1471 6502 10504 6499)
4(10505 6375 10389 3369)
4(10505 3369 10494 6376)
4(1398 6376 10494 6371)
4(10506 3369 10505 6389)
4(1403 6389 10505 6375)
4(10507 6501 10494 3369)
4(1471 6373 10494 6501)
4(10507 6505 10505 3369)
4(1472 6376 10505 6505)
4(1472 6505 10507 6501)
4(1472 6501 10494 6376)
4(1477 6505 10505 6389)
4(1477 6517 10507 6505)
4(10508 6378 10392 3370)
4(10508 3370 10495 6379)
4(10509 3370 10392 6388)
4(10509 6389 10505 3370)
4(10509 3370 10508 6391)
4(1404 6391 10508 6378)
4(10510 6504 10495 3370)
4(10510 3370 10505 6505)
4(10510 6508 10508 3370)
4(1473 6379 10508 6508)
4(1473 6508 10510 6504)
4(10510 3370 10509 6518)
4(1477 6505 10510 6518)
4(1478 6508 10508 6391)
4(1478 6518 10510 6508)
4(10511 6381 10395 3371)
4(10511 3371 10496 6382)
4(10512 3371 10395 6390)
4(10512 6391 10508 3371)
4(10512 3371 10511 6393)
4(1405 6393 10511 6381)
4(10513 6507 10496 3371)
4(10513 3371 10508 6508)
4(10513 6511 10511 3371)
4(1474 6382 10511 6511)
4(1474 6511 10513 6507)
4(10513 3371 10512 6520)
4(1478 6508 10513 6520)
4(1479 6511 10511 6393)
4(1479 6520 10513 6511)
4(10514 3372 10498 6385)
4(1401 6385 10498 6380)
4(10515 6393 10511 3372)
4(10516 6510 10498 3372)
4(10516 3372 10511 6511)
4(1474 6382 10498 6510)
4(1475 6385 10514 6514)
4(1475 6514 10516 6510)
4(1475 6510 10498 6385)
4(1479 6511 10516 6522)
4(10523 3374 10522 6411)
4(1410 6411 10522 6395)
4(1410 6406 10523 6411)
4(1484 6525 10522 6411)
4(1484 6411 10523 6536)
4(1484 6536 10524 6525)
4(10525 6397 10409 3375)
4(10525 3375 10518 6398)
4(10526 3375 10409 6409)
4(10526 6411 10522 3375)
4(10526 3375 10525 6413)
4(1411 6413 10525 6397)
4(1411 6409 10526 6413)
4(10527 6527 10525 3375)
4(1480 6398 10525 6527)
4(1480 6527 10527 6524)
4(10527 3375 10526 6539)
4(1484 6525 10527 6539)
4(1484 6539 10526 6411)
4(1485 6527 10525 6413)
4(1485 6539 10527 6527)
4(1485 6413 10526 6539)
4(10528 6400 10412 3376)
4(10528 3376 10519 6401)
4(10529 3376 10412 6412)
4(10529 6413 10525 3376)
4(10529 3376 10528 6415)
4(1412 6415 10528 6400)
4(10530 6526 10519 3376)
4(10530 3376 10525 6527)
4(10530 6530 10528 3376)
4(1481 6401 10528 6530)
4(1481 6530 10530 6526)
4(10530 3376 10529 6542)
4(1485 6527 10530 6542)
4(1486 6530 10528 6415)
4(1486 6542 10530 6530)
4(10531 6403 10415 3377)
4(10531 3377 10520 6404)
4(10532 3377 10415 6414)
4(10532 6415 10528 3377)
4(10532 3377 10531 6417)
4(1413 6417 10531 6403)
4(10533 6529 10520 3377)
4(10533 3377 10528 6530)
4(10533 6533 10531 3377)
4(1482 6404 10531 6533)
4(1482 6533 10533 6529)
4(10533 3377 10532 6544)
4(1486 6530 10533 6544)
4(1487 6533 10531 6417)
4(1487 6544 10533 6533)
4(10535 3378 10418 6416)
4(10535 6417 10531 3378)
4(10535 3378 10534 6420)
4(1414 6420 10534 6405)
4(1414 6416 10535 6420)
4(10536 3378 10531 6533)
4(10536 3378 10535 6546)
4(1487 6533 10536 6546)
4(1487 6546 10535 6417)
4(1488 6535 10534 6420)
4(1488 6546 10536 6535)
4(1488 6420 10535 6546)
4(10537 6420 10534 3379)
4(1488 6548 10537 6420)
4(1488 6535 10538 6548)
4(10540 3380 10539 6428)
4(1417 6428 10539 6407)
4(1417 6423 10540 6428)
4(1491 6537 10539 6428)
4(1491 6428 10540 6553)
4(1491 6553 10541 6537)
4(10542 6410 10426 3381)
4(10542 3381 10523 6411)
4(10543 3381 10426 6426)
4(10543 6428 10539 3381)
4(10543 3381 10542 6429)
4(1418 6429 10542 6410)
4(10544 6536 10523 3381)
4(10544 3381 10539 6537)
4(10544 6540 10542 3381)
4(1484 6540 10544 6536)
4(1484 6411 10542 6540)
4(10544 3381 10543 6556)
4(1491 6537 10544 6556)
4(1492 6556 10544 6540)
4(1492 6540 10542 6429)
4(10546 6421 10430 3382)
4(10546 3382 10537 6422)
4(10547 3382 10430 6430)
4(10547 6431 10545 3382)
4(1422 6419 10545 6431)
4(10547 3382 10546 6434)
4(1423 6434 10546 6421)
4(10548 6548 10537 3382)
4(10548 3382 10545 6549)
4(1488 6549 10545 6420)
4(10548 6551 10546 3382)
4(1489 6551 10548 6548)
4(10548 3382 10547 6560)
4(1496 6549 10548 6560)
4(1496 6431 10545 6549)
4(1497 6551 10546 6434)
4(1497 6560 10548 6551)
4(10549 6434 10546 3383)
4(1497 6562 10549 6434)
4(1497 6551 10550 6562)
4(10553 6427 10437 3384)
4(10553 3384 10540 6428)
4(10554 3384 10437 6438)
4(10554 6440 10551 3384)
4(10554 3384 10553 6442)
4(1426 6438 10554 6442)
4(10555 6553 10540 3384)
4(10555 3384 10551 6554)
4(10555 6557 10553 3384)
4(1491 6557 10555 6553)
4(10555 3384 10554 6568)
4(1499 6568 10554 6440)
4(1499 6554 10555 6568)
4(1500 6442 10554 6568)
4(1500 6568 10555 6557)
4(10557 6435 10441 3385)
4(10557 3385 10549 6436)
4(10558 3385 10441 6443)
4(10558 6445 10556 3385)
4(10558 3385 10557 6448)
4(1433 6443 10558 6448)
4(10559 6562 10549 3385)
4(10559 3385 10556 6563)
4(10559 6565 10557 3385)
4(1498 6565 10559 6562)
4(10559 3385 10558 6573)
4(1506 6573 10558 6445)
4(1506 6563 10559 6573)
4(1507 6448 10558 6573)
4(1507 6573 10559 6565)
4(10561 6439 10445 3386)
4(10561 3386 10552 6440)
4(10562 3386 10561 6452)
4(1434 6452 10561 6439)
4(1434 6449 10562 6452)
4(10563 6569 10561 3386)
4(1499 6440 10561 6569)
4(1499 6569 10563 6567)
4(1508 6569 10561 6452)
4(1508 6452 10562 6579)
4(1508 6579 10563 6569)
4(10564 6441 10448 3387)
4(10564 3387 10554 6442)
4(10565 3387 10448 6450)
4(10565 6452 10561 3387)
4(10565 3387 10564 6454)
4(1435 6450 10565 6454)
4(10566 6568 10554 3387)
4(10566 3387 10561 6569)
4(10566 6571 10564 3387)
4(1500 6571 10566 6568)
4(10566 3387 10565 6580)
4(1508 6580 10565 6452)
4(1508 6569 10566 6580)
4(1509 6454 10565 6580)
4(1509 6580 10566 6571)
4(10568 6447 10452 3388)
4(10568 3388 10558 6448)
4(10569 3388 10452 6455)
4(10569 6457 10567 3388)
4(10569 3388 10568 6460)
4(1442 6460 10568 6447)
4(1442 6455 10569 6460)
4(10570 6573 10558 3388)
4(10570 3388 10567 6574)
4(10570 6577 10568 3388)
4(1507 6448 10568 6577)
4(1507 6577 10570 6573)
4(10570 3388 10569 6585)
4(1515 6585 10569 6457)
4(1515 6574 10570 6585)
4(1516 6577 10568 6460)
4(1516 6460 10569 6585)
4(1516 6585 10570 6577)
4(10571 6460 10568 3389)
4(10572 3389 10568 6577)
4(1516 6588 10571 6460)
4(1516 6577 10572 6588)
4(10573 6451 10457 3390)
4(10573 3390 10562 6452)
4(10574 3390 10573 6464)
4(1443 6464 10573 6451)
4(1443 6461 10574 6464)
4(10575 6581 10573 3390)
4(1508 6452 10573 6581)
4(1508 6581 10575 6579)
4(1517 6581 10573 6464)
4(1517 6464 10574 6591)
4(1517 6591 10575 6581)
4(10576 6453 10460 3391)
4(10576 3391 10565 6454)
4(10577 3391 10460 6462)
4(10577 6464 10573 3391)
4(10577 3391 10576 6466)
4(1444 6462 10577 6466)
4(10578 6580 10565 3391)
4(10578 3391 10573 6581)
4(10578 6583 10576 3391)
4(1509 6583 10578 6580)
4(10578 3391 10577 6592)
4(1517 6592 10577 6464)
4(1517 6581 10578 6592)
4(1518 6466 10577 6592)
4(1518 6592 10578 6583)
4(10580 6459 10464 3392)
4(10580 3392 10569 6460)
4(10581 3392 10464 6467)
4(10581 6469 10579 3392)
4(10581 3392 10580 6472)
4(1451 6472 10580 6459)
4(1451 6467 10581 6472)
4(10582 6585 10569 3392)
4(10582 3392 10579 6586)
4(10582 6589 10580 3392)
4(1516 6460 10580 6589)
4(1516 6589 10582 6585)
4(10582 3392 10581 6597)
4(1524 6597 10581 6469)
4(1524 6586 10582 6597)
4(1525 6589 10580 6472)
4(1525 6472 10581 6597)
4(1525 6597 10582 6589)
4(10583 6472 10580 3393)
4(10584 3393 10580 6589)
4(1525 6600 10583 6472)
4(1525 6589 10584 6600)
4(10585 6463 10469 3394)
4(10585 3394 10574 6464)
4(10586 3394 10585 6476)
4(1452 6476 10585 6463)
4(10587 6593 10585 3394)
4(1517 6464 10585 6593)
4(1517 6593 10587 6591)
4(1526 6593 10585 6476)
4(1526 6603 10587 6593)
4(10588 6465 10472 3395)
4(10588 3395 10577 6466)
4(10589 3395 10472 6474)
4(10589 6476 10585 3395)
4(10589 3395 10588 6478)
4(1453 6474 10589 6478)
4(10590 6592 10577 3395)
4(10590 3395 10585 6593)
4(10590 6595 10588 3395)
4(1518 6595 10590 6592)
4(10590 3395 10589 6604)
4(1526 6604 10589 6476)
4(1526 6593 10590 6604)
4(1527 6478 10589 6604)
4(1527 6604 10590 6595)
4(10592 6471 10476 3396)
4(10592 3396 10581 6472)
4(10593 3396 10476 6479)
4(10593 6481 10591 3396)
4(10593 3396 10592 6484)
4(1460 6484 10592 6471)
4(1460 6479 10593 6484)
4(10594 6597 10581 3396)
4(10594 3396 10591 6598)
4(10594 6601 10592 3396)
4(1525 6472 10592 6601)
4(1525 6601 10594 6597)
4(10594 3396 10593 6609)
4(1533 6609 10593 6481)
4(1533 6598 10594 6609)
4(1534 6601 10592 6484)
4(1534 6484 10593 6609)
4(1534 6609 10594 6601)
4(10595 6484 10592 3397)
4(10596 3397 10592 6601)
4(1534 6601 10596 6612)
4(10598 6477 10482 3398)
4(10598 3398 10589 6478)
4(10599 3398 10482 6485)
4(10599 6486 10597 3398)
4(10599 3398 10598 6489)
4(1462 6485 10599 6489)
4(10600 6604 10589 3398)
4(10600 3398 10597 6605)
4(10600 6607 10598 3398)
4(1527 6607 10600 6604)
4(10600 3398 10599 6615)
4(1535 6605 10600 6615)
4(1536 6489 10599 6615)
4(1536 6615 10600 6607)
4(10604 6483 10488 3399)
4(10604 3399 10593 6484)
4(10605 3399 10488 6495)
4(10605 6497 10602 3399)
4(10605 3399 10604 6498)
4(10606 6609 10593 3399)
4(10606 3399 10602 6610)
4(10606 6613 10604 3399)
4(1534 6613 10606 6609)
4(10606 3399 10605 6625)
4(1542 6625 10605 6497)
4(1542 6610 10606 6625)
4(1543 6625 10606 6613)
4(10607 3400 10599 6489)
4(1536 6489 10607 6618)
4(1536 6618 10608 6615)
4(10609 6490 10493 3401)
4(10609 3401 10601 6491)
4(10610 3401 10493 6499)
4(10610 6500 10607 3401)
4(10610 3401 10609 6503)
4(1471 6499 10610 6503)
4(1471 6503 10609 6490)
4(10611 6617 10601 3401)
4(10611 3401 10607 6618)
4(10611 6620 10609 3401)
4(1537 6620 10611 6617)
4(1537 6491 10609 6620)
4(10611 3401 10610 6629)
4(1544 6618 10611 6629)
4(1545 6503 10610 6629)
4(1545 6629 10611 6620)
4(1545 6620 10609 6503)
4(10617 6496 10501 3402)
4(10617 3402 10603 6497)
4(10618 3402 10501 6513)
4(10618 6515 10615 3402)
4(1475 6493 10615 6515)
4(10618 3402 10617 6516)
4(10619 6622 10603 3402)
4(10619 3402 10615 6623)
4(1541 6623 10615 6494)
4(10619 6626 10617 3402)
4(1542 6497 10617 6626)
4(1542 6626 10619 6622)
4(10619 3402 10618 6643)
4(1549 6643 10618 6515)
4(1549 6623 10619 6643)
4(1549 6515 10615 6623)
4(1550 6643 10619 6626)
4(10621 3404 10610 6503)
4(1545 6503 10621 6632)
4(1545 6632 10622 6629)
4(10623 6505 10507 3405)
4(10623 3405 10612 6506)
4(1472 6506 10612 6501)
4(10624 3405 10623 6519)
4(1477 6519 10623 6505)
4(10625 6631 10612 3405)
4(1545 6503 10612 6631)
4(10625 6635 10623 3405)
4(1546 6506 10623 6635)
4(1546 6635 10625 6631)
4(1546 6631 10612 6506)
4(1551 6635 10623 6519)
4(1551 6647 10625 6635)
4(10626 6508 10510 3406)
4(10626 3406 10613 6509)
4(10627 3406 10510 6518)
4(10627 6519 10623 3406)
4(10627 3406 10626 6521)
4(1478 6521 10626 6508)
4(10628 6634 10613 3406)
4(10628 3406 10623 6635)
4(10628 6638 10626 3406)
4(1547 6509 10626 6638)
4(1547 6638 10628 6634)
4(10628 3406 10627 6648)
4(1551 6635 10628 6648)
4(1552 6638 10626 6521)
4(1552 6648 10628 6638)
4(10629 6511 10513 3407)
4(10629 3407 10614 6512)
4(10630 3407 10513 6520)
4(10630 6521 10626 3407)
4(10630 3407 10629 6523)
4(1479 6523 10629 6511)
4(10631 6637 10614 3407)
4(10631 3407 10626 6638)
4(10631 6641 10629 3407)
4(1548 6512 10629 6641)
4(1548 6641 10631 6637)
4(10631 3407 10630 6650)
4(1552 6638 10631 6650)
4(1553 6641 10629 6523)
4(1553 6650 10631 6641)
4(10632 3408 10616 6515)
4(1475 6515 10616 6510)
4(10633 6523 10629 3408)
4(10634 6640 10616 3408)
4(10634 3408 10629 6641)
4(1548 6512 10616 6640)
4(1549 6515 10632 6644)
4(1549 6644 10634 6640)
4(1549 6640 10616 6515)
4(1553 6641 10634 6652)
4(10641 3410 10640 6541)
4(1484 6541 10640 6525)
4(1484 6536 10641 6541)
4(1558 6655 10640 6541)
4(1558 6541 10641 6666)
4(1558 6666 10642 6655)
4(10643 6527 10527 3411)
4(10643 3411 10636 6528)
4(10644 3411 10527 6539)
4(10644 6541 10640 3411)
4(10644 3411 10643 6543)
4(1485 6543 10643 6527)
4(1485 6539 10644 6543)
4(10645 6657 10643 3411)
4(1554 6528 10643 6657)
4(1554 6657 10645 6654)
4(10645 3411 10644 6669)
4(1558 6655 10645 6669)
4(1558 6669 10644 6541)
4(1559 6657 10643 6543)
4(1559 6669 10645 6657)
4(1559 6543 10644 6669)
4(10646 6530 10530 3412)
4(10646 3412 10637 6531)
4(10647 3412 10530 6542)
4(10647 6543 10643 3412)
4(10647 3412 10646 6545)
4(1486 6545 10646 6530)
4(10648 6656 10637 3412)
4(10648 3412 10643 6657)
4(10648 6660 10646 3412)
4(1555 6531 10646 6660)
4(1555 6660 10648 6656)
4(10648 3412 10647 6672)
4(1559 6657 10648 6672)
4(1560 6660 10646 6545)
4(1560 6672 10648 6660)
4(10649 6533 10533 3413)
4(10649 3413 10638 6534)
4(10650 3413 10533 6544)
4(10650 6545 10646 3413)
4(10650 3413 10649 6547)
4(1487 6547 10649 6533)
4(10651 6659 10638 3413)
4(10651 3413 10646 6660)
4(10651 6663 10649 3413)
4(1556 6534 10649 6663)
4(1556 6663 10651 6659)
4(10651 3413 10650 6674)
4(1560 6660 10651 6674)
4(1561 6663 10649 6547)
4(1561 6674 10651 6663)
4(10653 3414 10536 6546)
4(10653 6547 10649 3414)
4(10653 3414 10652 6550)
4(1488 6550 10652 6535)
4(1488 6546 10653 6550)
4(10654 3414 10649 6663)
4(10654 3414 10653 6676)
4(1561 6663 10654 6676)
4(1561 6676 10653 6547)
4(1562 6665 10652 6550)
4(1562 6676 10654 6665)
4(1562 6550 10653 6676)
4(10655 6550 10652 3415)
4(1562 6678 10655 6550)
4(1562 6665 10656 6678)
4(10658 3416 10657 6558)
4(1491 6558 10657 6537)
4(1491 6553 10658 6558)
4(1565 6667 10657 6558)
4(1565 6558 10658 6683)
4(1565 6683 10659 6667)
4(10660 6540 10544 3417)
4(10660 3417 10641 6541)
4(10661 3417 10544 6556)
4(10661 6558 10657 3417)
4(10661 3417 10660 6559)
4(1492 6559 10660 6540)
4(10662 6666 10641 3417)
4(10662 3417 10657 6667)
4(10662 6670 10660 3417)
4(1558 6670 10662 6666)
4(1558 6541 10660 6670)
4(10662 3417 10661 6686)
4(1565 6667 10662 6686)
4(1566 6686 10662 6670)
4(1566 6670 10660 6559)
4(10664 6551 10548 3418)
4(10664 3418 10655 6552)
4(10665 3418 10548 6560)
4(10665 6561 10663 3418)
4(1496 6549 10663 6561)
4(10665 3418 10664 6564)
4(1497 6564 10664 6551)
4(10666 6678 10655 3418)
4(10666 3418 10663 6679)
4(1562 6679 10663 6550)
4(10666 6681 10664 3418)
4(1563 6681 10666 6678)
4(10666 3418 10665 6690)
4(1570 6679 10666 6690)
4(1570 6561 10663 6679)
4(1571 6681 10664 6564)
4(1571 6690 10666 6681)
4(10667 6564 10664 3419)
4(1571 6692 10667 6564)
4(1571 6681 10668 6692)
4(10671 6557 10555 3420)
4(10671 3420 10658 6558)
4(10672 3420 10555 6568)
4(10672 6570 10669 3420)
4(10672 3420 10671 6572)
4(1500 6568 10672 6572)
4(10673 6683 10658 3420)
4(10673 3420 10669 6684)
4(10673 6687 10671 3420)
4(1565 6687 10673 6683)
4(10673 3420 10672 6698)
4(1573 6698 10672 6570)
4(1573 6684 10673 6698)
4(1574 6572 10672 6698)
4(1574 6698 10673 6687)
4(10675 6565 10559 3421)
4(10675 3421 10667 6566)
4(10676 3421 10559 6573)
4(10676 6575 10674 3421)
4(10676 3421 10675 6578)
4(1507 6573 10676 6578)
4(10677 6692 10667 3421)
4(10677 3421 10674 6693)
4(10677 6695 10675 3421)
4(1572 6695 10677 6692)
4(10677 3421 10676 6703)
4(1580 6703 10676 6575)
4(1580 6693 10677 6703)
4(1581 6578 10676 6703)
4(1581 6703 10677 6695)
4(10679 6569 10563 3422)
4(10679 3422 10670 6570)
4(10680 3422 10679 6582)
4(1508 6582 10679 6569)
4(1508 6579 10680 6582)
4(10681 6699 10679 3422)
4(1573 6570 10679 6699)
4(1573 6699 10681 6697)
4(1582 6699 10679 6582)
4(1582 6582 10680 6709)
4(1582 6709 10681 6699)
4(10682 6571 10566 3423)
4(10682 3423 10672 6572)
4(10683 3423 10566 6580)
4(10683 6582 10679 3423)
4(10683 3423 10682 6584)
4(1509 6580 10683 6584)
4(10684 6698 10672 3423)
4(10684 3423 10679 6699)
4(10684 6701 10682 3423)
4(1574 6701 10684 6698)
4(10684 3423 10683 6710)
4(1582 6710 10683 6582)
4(1582 6699 10684 6710)
4(1583 6584 10683 6710)
4(1583 6710 10684 6701)
4(10686 6577 10570 3424)
4(10686 3424 10676 6578)
4(10687 3424 10570 6585)
4(10687 6587 10685 3424)
4(10687 3424 10686 6590)
4(1516 6590 10686 6577)
4(1516 6585 10687 6590)
4(10688 6703 10676 3424)
4(10688 3424 10685 6704)
4(10688 6707 10686 3424)
4(1581 6578 10686 6707)
4(1581 6707 10688 6703)
4(10688 3424 10687 6715)
4(1589 6715 10687 6587)
4(1589 6704 10688 6715)
4(1590 6707 10686 6590)
4(1590 6590 10687 6715)
4(1590 6715 10688 6707)
4(10689 6590 10686 3425)
4(10690 3425 10686 6707)
4(1590 6718 10689 6590)
4(1590 6707 10690 6718)
4(10691 6581 10575 3426)
4(10691 3426 10680 6582)
4(10692 3426 10691 6594)
4(1517 6594 10691 6581)
4(1517 6591 10692 6594)
4(10693 6711 10691 3426)
4(1582 6582 10691 6711)
4(1582 6711 10693 6709)
4(1591 6711 10691 6594)
4(1591 6594 10692 6721)
4(1591 6721 10693 6711)
4(10694 6583 10578 3427)
4(10694 3427 10683 6584)
4(10695 3427 10578 6592)
4(10695 6594 10691 3427)
4(10695 3427 10694 6596)
4(1518 6592 10695 6596)
4(10696 6710 10683 3427)
4(10696 3427 10691 6711)
4(10696 6713 10694 3427)
4(1583 6713 10696 6710)
4(10696 3427 10695 6722)
4(1591 6722 10695 6594)
4(1591 6711 10696 6722)
4(1592 6596 10695 6722)
4(1592 6722 10696 6713)
4(10698 6589 10582 3428)
4(10698 3428 10687 6590)
4(10699 3428 10582 6597)
4(10699 6599 10697 3428)
4(10699 3428 10698 6602)
4(1525 6602 10698 6589)
4(1525 6597 10699 6602)
4(10700 6715 10687 3428)
4(10700 3428 10697 6716)
4(10700 6719 10698 3428)
4(1590 6590 10698 6719)
4(1590 6719 10700 6715)
4(10700 3428 10699 6727)
4(1598 6727 10699 6599)
4(1598 6716 10700 6727)
4(1599 6719 10698 6602)
4(1599 6602 10699 6727)
4(1599 6727 10700 6719)
4(10701 6602 10698 3429)
4(10702 3429 10698 6719)
4(1599 6730 10701 6602)
4(1599 6719 10702 6730)
4(10703 6593 10587 3430)
4(10703 3430 10692 6594)
4(10704 3430 10703 6606)
4(1526 6606 10703 6593)
4(10705 6723 10703 3430)
4(1591 6594 10703 6723)
4(1591 6723 10705 6721)
4(1600 6723 10703 6606)
4(1600 6733 10705 6723)
4(10706 6595 10590 3431)
4(10706 3431 10695 6596)
4(10707 3431 10590 6604)
4(10707 6606 10703 3431)
4(10707 3431 10706 6608)
4(1527 6604 10707 6608)
4(10708 6722 10695 3431)
4(10708 3431 10703 6723)
4(10708 6725 10706 3431)
4(1592 6725 10708 6722)
4(10708 3431 10707 6734)
4(1600 6734 10707 6606)
4(1600 6723 10708 6734)
4(1601 6608 10707 6734)
4(1601 6734 10708 6725)
4(10710 6601 10594 3432)
4(10710 3432 10699 6602)
4(10711 3432 10594 6609)
4(10711 6611 10709 3432)
4(10711 3432 10710 6614)
4(1534 6614 10710 6601)
4(1534 6609 10711 6614)
4(10712 6727 10699 3432)
4(10712 3432 10709 6728)
4(10712 6731 10710 3432)
4(1599 6602 10710 6731)
4(1599 6731 10712 6727)
4(10712 3432 10711 6739)
4(1607 6739 10711 6611)
4(1607 6728 10712 6739)
4(1608 6731 10710 6614)
4(1608 6614 10711 6739)
4(1608 6739 10712 6731)
4(10713 6614 10710 3433)
4(10714 3433 10710 6731)
4(1608 6731 10714 6742)
4(10716 6607 10600 3434)
4(10716 3434 10707 6608)
4(10717 3434 10600 6615)
4(10717 6616 10715 3434)
4(10717 3434 10716 6619)
4(1536 6615 10717 6619)
4(10718 6734 10707 3434)
4(10718 3434 10715 6735)
4(10718 6737 10716 3434)
4(1601 6737 10718 6734)
4(10718 3434 10717 6745)
4(1609 6735 10718 6745)
4(1610 6619 10717 6745)
4(1610 6745 10718 6737)
4(10722 6613 10606 3435)
4(10722 3435 10711 6614)
4(10723 3435 10606 6625)
4(10723 6627 10720 3435)
4(10723 3435 10722 6628)
4(10724 6739 10711 3435)
4(10724 3435 10720 6740)
4(10724 6743 10722 3435)
4(1608 6743 10724 6739)
4(10724 3435 10723 6755)
4(1616 6755 10723 6627)
4(1616 6740 10724 6755)
4(1617 6755 10724 6743)
4(10725 3436 10717 6619)
4(1610 6619 10725 6748)
4(1610 6748 10726 6745)
4(10727 6620 10611 3437)
4(10727 3437 10719 6621)
4(10728 3437 10611 6629)
4(10728 6630 10725 3437)
4(10728 3437 10727 6633)
4(1545 6629 10728 6633)
4(1545 6633 10727 6620)
4(10729 6747 10719 3437)
4(10729 3437 10725 6748)
4(10729 6750 10727 3437)
4(1611 6750 10729 6747)
4(1611 6621 10727 6750)
4(10729 3437 10728 6759)
4(1618 6748 10729 6759)
4(1619 6633 10728 6759)
4(1619 6759 10729 6750)
4(1619 6750 10727 6633)
4(10735 6626 10619 3438)
4(10735 3438 10721 6627)
4(10736 3438 10619 6643)
4(10736 6645 10733 3438)
4(1549 6623 10733 6645)
4(10736 3438 10735 6646)
4(10737 6752 10721 3438)
4(10737 3438 10733 6753)
4(1615 6753 10733 6624)
4(10737 6756 10735 3438)
4(1616 6627 10735 6756)
4(1616 6756 10737 6752)
4(10737 3438 10736 6773)
4(1623 6773 10736 6645)
4(1623 6753 10737 6773)
4(1623 6645 10733 6753)
4(1624 6773 10737 6756)
4(10739 3440 10728 6633)
4(1619 6633 10739 6762)
4(1619 6762 10740 6759)
4(10741 6635 10625 3441)
4(10741 3441 10730 6636)
4(1546 6636 10730 6631)
4(10742 3441 10741 6649)
4(1551 6649 10741 6635)
4(10743 6761 10730 3441)
4(1619 6633 10730 6761)
4(10743 6765 10741 3441)
4(1620 6636 10741 6765)
4(1620 6765 10743 6761)
4(1620 6761 10730 6636)
4(1625 6765 10741 6649)
4(1625 6777 10743 6765)
4(10744 6638 10628 3442)
4(10744 3442 10731 6639)
4(10745 3442 10628 6648)
4(10745 6649 10741 3442)
4(10745 3442 10744 6651)
4(1552 6651 10744 6638)
4(10746 6764 10731 3442)
4(10746 3442 10741 6765)
4(10746 6768 10744 3442)
4(1621 6639 10744 6768)
4(1621 6768 10746 6764)
4(10746 3442 10745 6778)
4(1625 6765 10746 6778)
4(1626 6768 10744 6651)
4(1626 6778 10746 6768)
4(10747 6641 10631 3443)
4(10747 3443 10732 6642)
4(10748 3443 10631 6650)
4(10748 6651 10744 3443)
4(10748 3443 10747 6653)
4(1553 6653 10747 6641)
4(10749 6767 10732 3443)
4(10749 3443 10744 6768)
4(10749 6771 10747 3443)
4(1622 6642 10747 6771)
4(1622 6771 10749 6767)
4(10749 3443 10748 6780)
4(1626 6768 10749 6780)
4(1627 6771 10747 6653)
4(1627 6780 10749 6771)
4(10750 3444 10734 6645)
4(1549 6645 10734 6640)
4(10751 6653 10747 3444)
4(10752 6770 10734 3444)
4(10752 3444 10747 6771)
4(1622 6642 10734 6770)
4(1623 6645 10750 6774)
4(1623 6774 10752 6770)
4(1623 6770 10734 6645)
4(1627 6771 10752 6782)
4(10759 3446 10758 6671)
4(1558 6671 10758 6655)
4(1558 6666 10759 6671)
4(1632 6785 10758 6671)
4(1632 6671 10759 6796)
4(1632 6796 10760 6785)
4(10761 6657 10645 3447)
4(10761 3447 10754 6658)
4(10762 3447 10645 6669)
4(10762 6671 10758 3447)
4(10762 3447 10761 6673)
4(1559 6673 10761 6657)
4(1559 6669 10762 6673)
4(10763 6787 10761 3447)
4(1628 6658 10761 6787)
4(1628 6787 10763 6784)
4(10763 3447 10762 6799)
4(1632 6785 10763 6799)
4(1632 6799 10762 6671)
4(1633 6787 10761 6673)
4(1633 6799 10763 6787)
4(1633 6673 10762 6799)
4(10764 6660 10648 3448)
4(10764 3448 10755 6661)
4(10765 3448 10648 6672)
4(10765 6673 10761 3448)
4(10765 3448 10764 6675)
4(1560 6675 10764 6660)
4(10766 6786 10755 3448)
4(10766 3448 10761 6787)
4(10766 6790 10764 3448)
4(1629 6661 10764 6790)
4(1629 6790 10766 6786)
4(10766 3448 10765 6802)
4(1633 6787 10766 6802)
4(1634 6790 10764 6675)
4(1634 6802 10766 6790)
4(10767 6663 10651 3449)
4(10767 3449 10756 6664)
4(10768 3449 10651 6674)
4(10768 6675 10764 3449)
4(10768 3449 10767 6677)
4(1561 6677 10767 6663)
4(10769 6789 10756 3449)
4(10769 3449 10764 6790)
4(10769 6793 10767 3449)
4(1630 6664 10767 6793)
4(1630 6793 10769 6789)
4(10769 3449 10768 6804)
4(1634 6790 10769 6804)
4(1635 6793 10767 6677)
4(1635 6804 10769 6793)
4(10771 3450 10654 6676)
4(10771 6677 10767 3450)
4(10771 3450 10770 6680)
4(1562 6680 10770 6665)
4(1562 6676 10771 6680)
4(10772 3450 10767 6793)
4(10772 3450 10771 6806)
4(1635 6793 10772 6806)
4(1635 6806 10771 6677)
4(1636 6795 10770 6680)
4(1636 6806 10772 6795)
4(1636 6680 10771 6806)
4(10773 6680 10770 3451)
4(1636 6808 10773 6680)
4(1636 6795 10774 6808)
4(10776 3452 10775 6688)
4(1565 6688 10775 6667)
4(1565 6683 10776 6688)
4(1639 6797 10775 6688)
4(1639 6688 10776 6813)
4(1639 6813 10777 6797)
4(10778 6670 10662 3453)
4(10778 3453 10759 6671)
4(10779 3453 10662 6686)
4(10779 6688 10775 3453)
4(10779 3453 10778 6689)
4(1566 6689 10778 6670)
4(10780 6796 10759 3453)
4(10780 3453 10775 6797)
4(10780 6800 10778 3453)
4(1632 6800 10780 6796)
4(1632 6671 10778 6800)
4(10780 3453 10779 6816)
4(1639 6797 10780 6816)
4(1640 6816 10780 6800)
4(1640 6800 10778 6689)
4(10782 6681 10666 3454)
4(10782 3454 10773 6682)
4(10783 3454 10666 6690)
4(10783 6691 10781 3454)
4(1570 6679 10781 6691)
4(10783 3454 10782 6694)
4(1571 6694 10782 6681)
4(10784 6808 10773 3454)
4(10784 3454 10781 6809)
4(1636 6809 10781 6680)
4(10784 6811 10782 3454)
4(1637 6811 10784 6808)
4(10784 3454 10783 6820)
4(1644 6809 10784 6820)
4(1644 6691 10781 6809)
4(1645 6811 10782 6694)
4(1645 6820 10784 6811)
4(10785 6694 10782 3455)
4(1645 6822 10785 6694)
4(1645 6811 10786 6822)
4(10789 6687 10673 3456)
4(10789 3456 10776 6688)
4(10790 3456 10673 6698)
4(10790 6700 10787 3456)
4(10790 3456 10789 6702)
4(1574 6698 10790 6702)
4(10791 6813 10776 3456)
4(10791 3456 10787 6814)
4(10791 6817 10789 3456)
4(1639 6817 10791 6813)
4(10791 3456 10790 6828)
4(1647 6828 10790 6700)
4(1647 6814 10791 6828)
4(1648 6702 10790 6828)
4(1648 6828 10791 6817)
4(10793 6695 10677 3457)
4(10793 3457 10785 6696)
4(10794 3457 10677 6703)
4(10794 6705 10792 3457)
4(10794 3457 10793 6708)
4(1581 6703 10794 6708)
4(10795 6822 10785 3457)
4(10795 3457 10792 6823)
4(10795 6825 10793 3457)
4(1646 6825 10795 6822)
4(10795 3457 10794 6833)
4(1654 6833 10794 6705)
4(1654 6823 10795 6833)
4(1655 6708 10794 6833)
4(1655 6833 10795 6825)
4(10797 6699 10681 3458)
4(10797 3458 10788 6700)
4(10798 3458 10797 6712)
4(1582 6712 10797 6699)
4(1582 6709 10798 6712)
4(10799 6829 10797 3458)
4(1647 6700 10797 6829)
4(1647 6829 10799 6827)
4(1656 6829 10797 6712)
4(1656 6712 10798 6839)
4(1656 6839 10799 6829)
4(10800 6701 10684 3459)
4(10800 3459 10790 6702)
4(10801 3459 10684 6710)
4(10801 6712 10797 3459)
4(10801 3459 10800 6714)
4(1583 6710 10801 6714)
4(10802 6828 10790 3459)
4(10802 3459 10797 6829)
4(10802 6831 10800 3459)
4(1648 6831 10802 6828)
4(10802 3459 10801 6840)
4(1656 6840 10801 6712)
4(1656 6829 10802 6840)
4(1657 6714 10801 6840)
4(1657 6840 10802 6831)
4(10804 6707 10688 3460)
4(10804 3460 10794 6708)
4(10805 3460 10688 6715)
4(10805 6717 10803 3460)
4(10805 3460 10804 6720)
4(1590 6720 10804 6707)
4(1590 6715 10805 6720)
4(10806 6833 10794 3460)
4(10806 3460 10803 6834)
4(10806 6837 10804 3460)
4(1655 6708 10804 6837)
4(1655 6837 10806 6833)
4(10806 3460 10805 6845)
4(1663 6845 10805 6717)
4(1663 6834 10806 6845)
4(1664 6837 10804 6720)
4(1664 6720 10805 6845)
4(1664 6845 10806 6837)
4(10807 6720 10804 3461)
4(10808 3461 10804 6837)
4(1664 6848 10807 6720)
4(1664 6837 10808 6848)
4(10809 6711 10693 3462)
4(10809 3462 10798 6712)
4(10810 3462 10809 6724)
4(1591 6724 10809 6711)
4(1591 6721 10810 6724)
4(10811 6841 10809 3462)
4(1656 6712 10809 6841)
4(1656 6841 10811 6839)
4(1665 6841 10809 6724)
4(1665 6724 10810 6851)
4(1665 6851 10811 6841)
4(10812 6713 10696 3463)
4(10812 3463 10801 6714)
4(10813 3463 10696 6722)
4(10813 6724 10809 3463)
4(10813 3463 10812 6726)
4(1592 6722 10813 6726)
4(10814 6840 10801 3463)
4(10814 3463 10809 6841)
4(10814 6843 10812 3463)
4(1657 6843 10814 6840)
4(10814 3463 10813 6852)
4(1665 6852 10813 6724)
4(1665 6841 10814 6852)
4(1666 6726 10813 6852)
4(1666 6852 10814 6843)
4(10816 6719 10700 3464)
4(10816 3464 10805 6720)
4(10817 3464 10700 6727)
4(10817 6729 10815 3464)
4(10817 3464 10816 6732)
4(1599 6732 10816 6719)
4(1599 6727 10817 6732)
4(10818 6845 10805 3464)
4(10818 3464 10815 6846)
4(10818 6849 10816 3464)
4(1664 6720 10816 6849)
4(1664 6849 10818 6845)
4(10818 3464 10817 6857)
4(1672 6857 10817 6729)
4(1672 6846 10818 6857)
4(1673 6849 10816 6732)
4(1673 6732 10817 6857)
4(1673 6857 10818 6849)
4(10819 6732 10816 3465)
4(10820 3465 10816 6849)
4(1673 6860 10819 6732)
4(1673 6849 10820 6860)
4(10821 6723 10705 3466)
4(10821 3466 10810 6724)
4(10822 3466 10821 6736)
4(1600 6736 10821 6723)
4(10823 6853 10821 3466)
4(1665 6724 10821 6853)
4(1665 6853 10823 6851)
4(1674 6853 10821 6736)
4(1674 6863 10823 6853)
4(10824 6725 10708 3467)
4(10824 3467 10813 6726)
4(10825 3467 10708 6734)
4(10825 6736 10821 3467)
4(10825 3467 10824 6738)
4(1601 6734 10825 6738)
4(10826 6852 10813 3467)
4(10826 3467 10821 6853)
4(10826 6855 10824 3467)
4(1666 6855 10826 6852)
4(10826 3467 10825 6864)
4(1674 6864 10825 6736)
4(1674 6853 10826 6864)
4(1675 6738 10825 6864)
4(1675 6864 10826 6855)
4(10828 6731 10712 3468)
4(10828 3468 10817 6732)
4(10829 3468 10712 6739)
4(10829 6741 10827 3468)
4(10829 3468 10828 6744)
4(1608 6744 10828 6731)
4(1608 6739 10829 6744)
4(10830 6857 10817 3468)
4(10830 3468 10827 6858)
4(10830 6861 10828 3468)
4(1673 6732 10828 6861)
4(1673 6861 10830 6857)
4(10830 3468 10829 6869)
4(1681 6869 10829 6741)
4(1681 6858 10830 6869)
4(1682 6861 10828 6744)
4(1682 6744 10829 6869)
4(1682 6869 10830 6861)
4(10831 6744 10828 3469)
4(10832 3469 10828 6861)
4(1682 6861 10832 6872)
4(10834 6737 10718 3470)
4(10834 3470 10825 6738)
4(10835 3470 10718 6745)
4(10835 6746 10833 3470)
4(10835 3470 10834 6749)
4(1610 6745 10835 6749)
4(10836 6864 10825 3470)
4(10836 3470 10833 6865)
4(10836 6867 10834 3470)
4(1675 6867 10836 6864)
4(10836 3470 10835 6875)
4(1683 6865 10836 6875)
4(1684 6749 10835 6875)
4(1684 6875 10836 6867)
4(10840 6743 10724 3471)
4(10840 3471 10829 6744)
4(10841 3471 10724 6755)
4(10841 6757 10838 3471)
4(10841 3471 10840 6758)
4(10842 6869 10829 3471)
4(10842 3471 10838 6870)
4(10842 6873 10840 3471)
4(1682 6873 10842 6869)
4(10842 3471 10841 6885)
4(1690 6885 10841 6757)
4(1690 6870 10842 6885)
4(1691 6885 10842 6873)
4(10843 3472 10835 6749)
4(1684 6749 10843 6878)
4(1684 6878 10844 6875)
4(10845 6750 10729 3473)
4(10845 3473 10837 6751)
4(10846 3473 10729 6759)
4(10846 6760 10843 3473)
4(10846 3473 10845 6763)
4(1619 6759 10846 6763)
4(1619 6763 10845 6750)
4(10847 6877 10837 3473)
4(10847 3473 10843 6878)
4(10847 6880 10845 3473)
4(1685 6880 10847 6877)
4(1685 6751 10845 6880)
4(10847 3473 10846 6889)
4(1692 6878 10847 6889)
4(1693 6763 10846 6889)
4(1693 6889 10847 6880)
4(1693 6880 10845 6763)
4(10853 6756 10737 3474)
4(10853 3474 10839 6757)
4(10854 3474 10737 6773)
4(10854 6775 10851 3474)
4(1623 6753 10851 6775)
4(10854 3474 10853 6776)
4(10855 6882 10839 3474)
4(10855 3474 10851 6883)
4(1689 6883 10851 6754)
4(10855 6886 10853 3474)
4(1690 6757 10853 6886)
4(1690 6886 10855 6882)
4(10855 3474 10854 6903)
4(1697 6903 10854 6775)
4(1697 6883 10855 6903)
4(1697 6775 10851 6883)
4(1698 6903 10855 6886)
4(10857 3476 10846 6763)
4(1693 6763 10857 6892)
4(1693 6892 10858 6889)
4(10859 6765 10743 3477)
4(10859 3477 10848 6766)
4(1620 6766 10848 6761)
4(10860 3477 10859 6779)
4(1625 6779 10859 6765)
4(10861 6891 10848 3477)
4(1693 6763 10848 6891)
4(10861 6895 10859 3477)
4(1694 6766 10859 6895)
4(1694 6895 10861 6891)
4(1694 6891 10848 6766)
4(1699 6895 10859 6779)
4(1699 6907 10861 6895)
4(10862 6768 10746 3478)
4(10862 3478 10849 6769)
4(10863 3478 10746 6778)
4(10863 6779 10859 3478)
4(10863 3478 10862 6781)
4(1626 6781 10862 6768)
4(10864 6894 10849 3478)
4(10864 3478 10859 6895)
4(10864 6898 10862 3478)
4(1695 6769 10862 6898)
4(1695 6898 10864 6894)
4(10864 3478 10863 6908)
4(1699 6895 10864 6908)
4(1700 6898 10862 6781)
4(1700 6908 10864 6898)
4(10865 6771 10749 3479)
4(10865 3479 10850 6772)
4(10866 3479 10749 6780)
4(10866 6781 10862 3479)
4(10866 3479 10865 6783)
4(1627 6783 10865 6771)
4(10867 6897 10850 3479)
4(10867 3479 10862 6898)
4(10867 6901 10865 3479)
4(1696 6772 10865 6901)
4(1696 6901 10867 6897)
4(10867 3479 10866 6910)
4(1700 6898 10867 6910)
4(1701 6901 10865 6783)
4(1701 6910 10867 6901)
4(10868 3480 10852 6775)
4(1623 6775 10852 6770)
4(10869 6783 10865 3480)
4(10870 6900 10852 3480)
4(10870 3480 10865 6901)
4(1696 6772 10852 6900)
4(1697 6775 10868 6904)
4(1697 6904 10870 6900)
4(1697 6900 10852 6775)
4(1701 6901 10870 6912)
4(10877 3482 10876 6801)
4(1632 6801 10876 6785)
4(1632 6796 10877 6801)
4(1706 6915 10876 6801)
4(1706 6801 10877 6926)
4(1706 6926 10878 6915)
4(10879 6787 10763 3483)
4(10879 3483 10872 6788)
4(10880 3483 10763 6799)
4(10880 6801 10876 3483)
4(10880 3483 10879 6803)
4(1633 6803 10879 6787)
4(1633 6799 10880 6803)
4(10881 6917 10879 3483)
4(1702 6788 10879 6917)
4(1702 6917 10881 6914)
4(10881 3483 10880 6929)
4(1706 6915 10881 6929)
4(1706 6929 10880 6801)
4(1707 6917 10879 6803)
4(1707 6929 10881 6917)
4(1707 6803 10880 6929)
4(10882 6790 10766 3484)
4(10882 3484 10873 6791)
4(10883 3484 10766 6802)
4(10883 6803 10879 3484)
4(10883 3484 10882 6805)
4(1634 6805 10882 6790)
4(10884 6916 10873 3484)
4(10884 3484 10879 6917)
4(10884 6920 10882 3484)
4(1703 6791 10882 6920)
4(1703 6920 10884 6916)
4(10884 3484 10883 6932)
4(1707 6917 10884 6932)
4(1708 6920 10882 6805)
4(1708 6932 10884 6920)
4(10885 6793 10769 3485)
4(10885 3485 10874 6794)
4(10886 3485 10769 6804)
4(10886 6805 10882 3485)
4(10886 3485 10885 6807)
4(1635 6807 10885 6793)
4(10887 6919 10874 3485)
4(10887 3485 10882 6920)
4(10887 6923 10885 3485)
4(1704 6794 10885 6923)
4(1704 6923 10887 6919)
4(10887 3485 10886 6934)
4(1708 6920 10887 6934)
4(1709 6923 10885 6807)
4(1709 6934 10887 6923)
4(10889 3486 10772 6806)
4(10889 6807 10885 3486)
4(10889 3486 10888 6810)
4(1636 6810 10888 6795)
4(1636 6806 10889 6810)
4(10890 3486 10885 6923)
4(10890 3486 10889 6936)
4(1709 6923 10890 6936)
4(1709 6936 10889 6807)
4(1710 6925 10888 6810)
4(1710 6936 10890 6925)
4(1710 6810 10889 6936)
4(10891 6810 10888 3487)
4(1710 6938 10891 6810)
4(1710 6925 10892 6938)
4(10894 3488 10893 6818)
4(1639 6818 10893 6797)
4(1639 6813 10894 6818)
4(1713 6927 10893 6818)
4(1713 6818 10894 6943)
4(1713 6943 10895 6927)
4(10896 6800 10780 3489)
4(10896 3489 10877 6801)
4(10897 3489 10780 6816)
4(10897 6818 10893 3489)
4(10897 3489 10896 6819)
4(1640 6819 10896 6800)
4(10898 6926 10877 3489)
4(10898 3489 10893 6927)
4(10898 6930 10896 3489)
4(1706 6930 10898 6926)
4(1706 6801 10896 6930)
4(10898 3489 10897 6946)
4(1713 6927 10898 6946)
4(1714 6946 10898 6930)
4(1714 6930 10896 6819)
4(10900 6811 10784 3490)
4(10900 3490 10891 6812)
4(10901 3490 10784 6820)
4(10901 6821 10899 3490)
4(1644 6809 10899 6821)
4(10901 3490 10900 6824)
4(1645 6824 10900 6811)
4(10902 6938 10891 3490)
4(10902 3490 10899 6939)
4(1710 6939 10899 6810)
4(10902 6941 10900 3490)
4(1711 6941 10902 6938)
4(10902 3490 10901 6950)
4(1718 6939 10902 6950)
4(1718 6821 10899 6939)
4(1719 6941 10900 6824)
4(1719 6950 10902 6941)
4(10903 6824 10900 3491)
4(1719 6952 10903 6824)
4(1719 6941 10904 6952)
4(10907 6817 10791 3492)
4(10907 3492 10894 6818)
4(10908 3492 10791 6828)
4(10908 6830 10905 3492)
4(10908 3492 10907 6832)
4(1648 6828 10908 6832)
4(10909 6943 10894 3492)
4(10909 3492 10905 6944)
4(10909 6947 10907 3492)
4(1713 6947 10909 6943)
4(10909 3492 10908 6958)
4(1721 6958 10908 6830)
4(1721 6944 10909 6958)
4(1722 6832 10908 6958)
4(1722 6958 10909 6947)
4(10911 6825 10795 3493)
4(10911 3493 10903 6826)
4(10912 3493 10795 6833)
4(10912 6835 10910 3493)
4(10912 3493 10911 6838)
4(1655 6833 10912 6838)
4(10913 6952 10903 3493)
4(10913 3493 10910 6953)
4(10913 6955 10911 3493)
4(1720 6955 10913 6952)
4(10913 3493 10912 6963)
4(1728 6963 10912 6835)
4(1728 6953 10913 6963)
4(1729 6838 10912 6963)
4(1729 6963 10913 6955)
4(10915 6829 10799 3494)
4(10915 3494 10906 6830)
4(10916 3494 10915 6842)
4(1656 6842 10915 6829)
4(1656 6839 10916 6842)
4(10917 6959 10915 3494)
4(1721 6830 10915 6959)
4(1721 6959 10917 6957)
4(1730 6959 10915 6842)
4(1730 6842 10916 6969)
4(1730 6969 10917 6959)
4(10918 6831 10802 3495)
4(10918 3495 10908 6832)
4(10919 3495 10802 6840)
4(10919 6842 10915 3495)
4(10919 3495 10918 6844)
4(1657 6840 10919 6844)
4(10920 6958 10908 3495)
4(10920 3495 10915 6959)
4(10920 6961 10918 3495)
4(1722 6961 10920 6958)
4(10920 3495 10919 6970)
4(1730 6970 10919 6842)
4(1730 6959 10920 6970)
4(1731 6844 10919 6970)
4(1731 6970 10920 6961)
4(10922 6837 10806 3496)
4(10922 3496 10912 6838)
4(10923 3496 10806 6845)
4(10923 6847 10921 3496)
4(10923 3496 10922 6850)
4(1664 6850 10922 6837)
4(1664 6845 10923 6850)
4(10924 6963 10912 3496)
4(10924 3496 10921 6964)
4(10924 6967 10922 3496)
4(1729 6838 10922 6967)
4(1729 6967 10924 6963)
4(10924 3496 10923 6975)
4(1737 6975 10923 6847)
4(1737 6964 10924 6975)
4(1738 6967 10922 6850)
4(1738 6850 10923 6975)
4(1738 6975 10924 6967)
4(10925 6850 10922 3497)
4(10926 3497 10922 6967)
4(1738 6978 10925 6850)
4(1738 6967 10926 6978)
4(10927 6841 10811 3498)
4(10927 3498 10916 6842)
4(10928 3498 10927 6854)
4(1665 6854 10927 6841)
4(1665 6851 10928 6854)
4(10929 6971 10927 3498)
4(1730 6842 10927 6971)
4(1730 6971 10929 6969)
4(1739 6971 10927 6854)
4(1739 6854 10928 6981)
4(1739 6981 10929 6971)
4(10930 6843 10814 3499)
4(10930 3499 10919 6844)
4(10931 3499 10814 6852)
4(10931 6854 10927 3499)
4(10931 3499 10930 6856)
4(1666 6852 10931 6856)
4(10932 6970 10919 3499)
4(10932 3499 10927 6971)
4(10932 6973 10930 3499)
4(1731 6973 10932 6970)
4(10932 3499 10931 6982)
4(1739 6982 10931 6854)
4(1739 6971 10932 6982)
4(1740 6856 10931 6982)
4(1740 6982 10932 6973)
4(10934 6849 10818 3500)
4(10934 3500 10923 6850)
4(10935 3500 10818 6857)
4(10935 6859 10933 3500)
4(10935 3500 10934 6862)
4(1673 6862 10934 6849)
4(1673 6857 10935 6862)
4(10936 6975 10923 3500)
4(10936 3500 10933 6976)
4(10936 6979 10934 3500)
4(1738 6850 10934 6979)
4(1738 6979 10936 6975)
4(10936 3500 10935 6987)
4(1746 6987 10935 6859)
4(1746 6976 10936 6987)
4(1747 6979 10934 6862)
4(1747 6862 10935 6987)
4(1747 6987 10936 6979)
4(10937 6862 10934 3501)
4(10938 3501 10934 6979)
4(1747 6990 10937 6862)
4(1747 6979 10938 6990)
4(10939 6853 10823 3502)
4(10939 3502 10928 6854)
4(10940 3502 10939 6866)
4(1674 6866 10939 6853)
4(10941 6983 10939 3502)
4(1739 6854 10939 6983)
4(1739 6983 10941 6981)
4(1748 6983 10939 6866)
4(1748 6993 10941 6983)
4(10942 6855 10826 3503)
4(10942 3503 10931 6856)
4(10943 3503 10826 6864)
4(10943 6866 10939 3503)
4(10943 3503 10942 6868)
4(1675 6864 10943 6868)
4(10944 6982 10931 3503)
4(10944 3503 10939 6983)
4(10944 6985 10942 3503)
4(1740 6985 10944 6982)
4(10944 3503 10943 6994)
4(1748 6994 10943 6866)
4(1748 6983 10944 6994)
4(1749 6868 10943 6994)
4(1749 6994 10944 6985)
4(10946 6861 10830 3504)
4(10946 3504 10935 6862)
4(10947 3504 10830 6869)
4(10947 6871 10945 3504)
4(10947 3504 10946 6874)
4(1682 6874 10946 6861)
4(1682 6869 10947 6874)
4(10948 6987 10935 3504)
4(10948 3504 10945 6988)
4(10948 6991 10946 3504)
4(1747 6862 10946 6991)
4(1747 6991 10948 6987)
4(10948 3504 10947 6999)
4(1755 6999 10947 6871)
4(1755 6988 10948 6999)
4(1756 6991 10946 6874)
4(1756 6874 10947 6999)
4(1756 6999 10948 6991)
4(10949 6874 10946 3505)
4(10950 3505 10946 6991)
4(1756 6991 10950 7002)
4(10952 6867 10836 3506)
4(10952 3506 10943 6868)
4(10953 3506 10836 6875)
4(10953 6876 10951 3506)
4(10953 3506 10952 6879)
4(1684 6875 10953 6879)
4(10954 6994 10943 3506)
4(10954 3506 10951 6995)
4(10954 6997 10952 3506)
4(1749 6997 10954 6994)
4(10954 3506 10953 7005)
4(1757 6995 10954 7005)
4(1758 6879 10953 7005)
4(1758 7005 10954 6997)
4(10958 6873 10842 3507)
4(10958 3507 10947 6874)
4(10959 3507 10842 6885)
4(10959 6887 10956 3507)
4(10959 3507 10958 6888)
4(10960 6999 10947 3507)
4(10960 3507 10956 7000)
4(10960 7003 10958 3507)
4(1756 7003 10960 6999)
4(10960 3507 10959 7015)
4(1764 7015 10959 6887)
4(1764 7000 10960 7015)
4(1765 7015 10960 7003)
4(10961 3508 10953 6879)
4(1758 6879 10961 7008)
4(1758 7008 10962 7005)
4(10963 6880 10847 3509)
4(10963 3509 10955 6881)
4(10964 3509 10847 6889)
4(10964 6890 10961 3509)
4(10964 3509 10963 6893)
4(1693 6889 10964 6893)
4(1693 6893 10963 6880)
4(10965 7007 10955 3509)
4(10965 3509 10961 7008)
4(10965 7010 10963 3509)
4(1759 7010 10965 7007)
4(1759 6881 10963 7010)
4(10965 3509 10964 7019)
4(1766 7008 10965 7019)
4(1767 6893 10964 7019)
4(1767 7019 10965 7010)
4(1767 7010 10963 6893)
4(10971 6886 10855 3510)
4(10971 3510 10957 6887)
4(10972 3510 10855 6903)
4(10972 6905 10969 3510)
4(1697 6883 10969 6905)
4(10972 3510 10971 6906)
4(10973 7012 10957 3510)
4(10973 3510 10969 7013)
4(1763 7013 10969 6884)
4(10973 7016 10971 3510)
4(1764 6887 10971 7016)
4(1764 7016 10973 7012)
4(10973 3510 10972 7033)
4(1771 7033 10972 6905)
4(1771 7013 10973 7033)
4(1771 6905 10969 7013)
4(1772 7033 10973 7016)
4(10975 3512 10964 6893)
4(1767 6893 10975 7022)
4(1767 7022 10976 7019)
4(10977 6895 10861 3513)
4(10977 3513 10966 6896)
4(1694 6896 10966 6891)
4(10978 3513 10977 6909)
4(1699 6909 10977 6895)
4(10979 7021 10966 3513)
4(1767 6893 10966 7021)
4(10979 7025 10977 3513)
4(1768 6896 10977 7025)
4(1768 7025 10979 7021)
4(1768 7021 10966 6896)
4(1773 7025 10977 6909)
4(1773 7037 10979 7025)
4(10980 6898 10864 3514)
4(10980 3514 10967 6899)
4(10981 3514 10864 6908)
4(10981 6909 10977 3514)
4(10981 3514 10980 6911)
4(1700 6911 10980 6898)
4(10982 7024 10967 3514)
4(10982 3514 10977 7025)
4(10982 7028 10980 3514)
4(1769 6899 10980 7028)
4(1769 7028 10982 7024)
4(10982 3514 10981 7038)
4(1773 7025 10982 7038)
4(1774 7028 10980 6911)
4(1774 7038 10982 7028)
4(10983 6901 10867 3515)
4(10983 3515 10968 6902)
4(10984 3515 10867 6910)
4(10984 6911 10980 3515)
4(10984 3515 10983 6913)
4(1701 6913 10983 6901)
4(10985 7027 10968 3515)
4(10985 3515 10980 7028)
4(10985 7031 10983 3515)
4(1770 6902 10983 7031)
4(1770 7031 10985 7027)
4(10985 3515 10984 7040)
4(1774 7028 10985 7040)
4(1775 7031 10983 6913)
4(1775 7040 10985 7031)
4(10986 3516 10970 6905)
4(1697 6905 10970 6900)
4(10987 6913 10983 3516)
4(10988 7030 10970 3516)
4(10988 3516 10983 7031)
4(1770 6902 10970 7030)
4(1771 6905 10986 7034)
4(1771 7034 10988 7030)
4(1771 7030 10970 6905)
4(1775 7031 10988 7042)
4(10995 3518 10994 6931)
4(1706 6931 10994 6915)
4(1706 6926 10995 6931)
4(1780 7045 10994 6931)
4(1780 6931 10995 7056)
4(1780 7056 10996 7045)
4(10997 6917 10881 3519)
4(10997 3519 10990 6918)
4(10998 3519 10881 6929)
4(10998 6931 10994 3519)
4(10998 3519 10997 6933)
4(1707 6933 10997 6917)
4(1707 6929 10998 6933)
4(10999 7047 10997 3519)
4(1776 6918 10997 7047)
4(1776 7047 10999 7044)
4(10999 3519 10998 7059)
4(1780 7045 10999 7059)
4(1780 7059 10998 6931)
4(1781 7047 10997 6933)
4(1781 7059 10999 7047)
4(1781 6933 10998 7059)
4(11000 6920 10884 3520)
4(11000 3520 10991 6921)
4(11001 3520 10884 6932)
4(11001 6933 10997 3520)
4(11001 3520 11000 6935)
4(1708 6935 11000 6920)
4(11002 7046 10991 3520)
4(11002 3520 10997 7047)
4(11002 7050 11000 3520)
4(1777 6921 11000 7050)
4(1777 7050 11002 7046)
4(11002 3520 11001 7062)
4(1781 7047 11002 7062)
4(1782 7050 11000 6935)
4(1782 7062 11002 7050)
4(11003 6923 10887 3521)
4(11003 3521 10992 6924)
4(11004 3521 10887 6934)
4(11004 6935 11000 3521)
4(11004 3521 11003 6937)
4(1709 6937 11003 6923)
4(11005 7049 10992 3521)
4(11005 3521 11000 7050)
4(11005 7053 11003 3521)
4(1778 6924 11003 7053)
4(1778 7053 11005 7049)
4(11005 3521 11004 7064)
4(1782 7050 11005 7064)
4(1783 7053 11003 6937)
4(1783 7064 11005 7053)
4(11007 3522 10890 6936)
4(11007 6937 11003 3522)
4(11007 3522 11006 6940)
4(1710 6940 11006 6925)
4(1710 6936 11007 6940)
4(11008 3522 11003 7053)
4(11008 3522 11007 7066)
4(1783 7053 11008 7066)
4(1783 7066 11007 6937)
4(1784 7055 11006 6940)
4(1784 7066 11008 7055)
4(1784 6940 11007 7066)
4(11009 6940 11006 3523)
4(1784 7068 11009 6940)
4(1784 7055 11010 7068)
4(11012 3524 11011 6948)
4(1713 6948 11011 6927)
4(1713 6943 11012 6948)
4(1787 7057 11011 6948)
4(1787 6948 11012 7073)
4(1787 7073 11013 7057)
4(11014 6930 10898 3525)
4(11014 3525 10995 6931)
4(11015 3525 10898 6946)
4(11015 6948 11011 3525)
4(11015 3525 11014 6949)
4(1714 6949 11014 6930)
4(11016 7056 10995 3525)
4(11016 3525 11011 7057)
4(11016 7060 11014 3525)
4(1780 7060 11016 7056)
4(1780 6931 11014 7060)
4(11016 3525 11015 7076)
4(1787 7057 11016 7076)
4(1788 7076 11016 7060)
4(1788 7060 11014 6949)
4(11018 6941 10902 3526)
4(11018 3526 11009 6942)
4(11019 3526 10902 6950)
4(11019 6951 11017 3526)
4(1718 6939 11017 6951)
4(11019 3526 11018 6954)
4(1719 6954 11018 6941)
4(11020 7068 11009 3526)
4(11020 3526 11017 7069)
4(1784 7069 11017 6940)
4(11020 7071 11018 3526)
4(1785 7071 11020 7068)
4(11020 3526 11019 7080)
4(1792 7069 11020 7080)
4(1792 6951 11017 7069)
4(1793 7071 11018 6954)
4(1793 7080 11020 7071)
4(11021 6954 11018 3527)
4(1793 7082 11021 6954)
4(1793 7071 11022 7082)
4(11025 6947 10909 3528)
4(11025 3528 11012 6948)
4(11026 3528 10909 6958)
4(11026 6960 11023 3528)
4(11026 3528 11025 6962)
4(1722 6958 11026 6962)
4(11027 7073 11012 3528)
4(11027 3528 11023 7074)
4(11027 7077 11025 3528)
4(1787 7077 11027 7073)
4(11027 3528 11026 7088)
4(1795 7088 11026 6960)
4(1795 7074 11027 7088)
4(1796 6962 11026 7088)
4(1796 7088 11027 7077)
4(11029 6955 10913 3529)
4(11029 3529 11021 6956)
4(11030 3529 10913 6963)
4(11030 6965 11028 3529)
4(11030 3529 11029 6968)
4(1729 6963 11030 6968)
4(11031 7082 11021 3529)
4(11031 3529 11028 7083)
4(11031 7085 11029 3529)
4(1794 7085 11031 7082)
4(11031 3529 11030 7093)
4(1802 7093 11030 6965)
4(1802 7083 11031 7093)
4(1803 6968 11030 7093)
4(1803 7093 11031 7085)
4(11033 6959 10917 3530)
4(11033 3530 11024 6960)
4(11034 3530 11033 6972)
4(1730 6972 11033 6959)
4(1730 6969 11034 6972)
4(11035 7089 11033 3530)
4(1795 6960 11033 7089)
4(1795 7089 11035 7087)
4(1804 7089 11033 6972)
4(1804 6972 11034 7099)
4(1804 7099 11035 7089)
4(11036 6961 10920 3531)
4(11036 3531 11026 6962)
4(11037 3531 10920 6970)
4(11037 6972 11033 3531)
4(11037 3531 11036 6974)
4(1731 6970 11037 6974)
4(11038 7088 11026 3531)
4(11038 3531 11033 7089)
4(11038 7091 11036 3531)
4(1796 7091 11038 7088)
4(11038 3531 11037 7100)
4(1804 7100 11037 6972)
4(1804 7089 11038 7100)
4(1805 6974 11037 7100)
4(1805 7100 11038 7091)
4(11040 6967 10924 3532)
4(11040 3532 11030 6968)
4(11041 3532 10924 6975)
4(11041 6977 11039 3532)
4(11041 3532 11040 6980)
4(1738 6980 11040 6967)
4(1738 6975 11041 6980)
4(11042 7093 11030 3532)
4(11042 3532 11039 7094)
4(11042 7097 11040 3532)
4(1803 6968 11040 7097)
4(1803 7097 11042 7093)
4(11042 3532 11041 7105)
4(1811 7105 11041 6977)
4(1811 7094 11042 7105)
4(1812 7097 11040 6980)
4(1812 6980 11041 7105)
4(1812 7105 11042 7097)
4(11043 6980 11040 3533)
4(11044 3533 11040 7097)
4(1812 7108 11043 6980)
4(1812 7097 11044 7108)
4(11045 6971 10929 3534)
4(11045 3534 11034 6972)
4(11046 3534 11045 6984)
4(1739 6984 11045 6971)
4(1739 6981 11046 6984)
4(11047 7101 11045 3534)
4(1804 6972 11045 7101)
4(1804 7101 11047 7099)
4(1813 7101 11045 6984)
4(1813 6984 11046 7111)
4(1813 7111 11047 7101)
4(11048 6973 10932 3535)
4(11048 3535 11037 6974)
4(11049 3535 10932 6982)
4(11049 6984 11045 3535)
4(11049 3535 11048 6986)
4(1740 6982 11049 6986)
4(11050 7100 11037 3535)
4(11050 3535 11045 7101)
4(11050 7103 11048 3535)
4(1805 7103 11050 7100)
4(11050 3535 11049 7112)
4(1813 7112 11049 6984)
4(1813 7101 11050 7112)
4(1814 6986 11049 7112)
4(1814 7112 11050 7103)
4(11052 6979 10936 3536)
4(11052 3536 11041 6980)
4(11053 3536 10936 6987)
4(11053 6989 11051 3536)
4(11053 3536 11052 6992)
4(1747 6992 11052 6979)
4(1747 6987 11053 6992)
4(11054 7105 11041 3536)
4(11054 3536 11051 7106)
4(11054 7109 11052 3536)
4(1812 6980 11052 7109)
4(1812 7109 11054 7105)
4(11054 3536 11053 7117)
4(1820 7117 11053 6989)
4(1820 7106 11054 7117)
4(1821 7109 11052 6992)
4(1821 6992 11053 7117)
4(1821 7117 11054 7109)
4(11055 6992 11052 3537)
4(11056 3537 11052 7109)
4(1821 7120 11055 6992)
4(1821 7109 11056 7120)
4(11057 6983 10941 3538)
4(11057 3538 11046 6984)
4(11058 3538 11057 6996)
4(1748 6996 11057 6983)
4(11059 7113 11057 3538)
4(1813 6984 11057 7113)
4(1813 7113 11059 7111)
4(1822 7113 11057 6996)
4(1822 7123 11059 7113)
4(11060 6985 10944 3539)
4(11060 3539 11049 6986)
4(11061 3539 10944 6994)
4(11061 6996 11057 3539)
4(11061 3539 11060 6998)
4(1749 6994 11061 6998)
4(11062 7112 11049 3539)
4(11062 3539 11057 7113)
4(11062 7115 11060 3539)
4(1814 7115 11062 7112)
4(11062 3539 11061 7124)
4(1822 7124 11061 6996)
4(1822 7113 11062 7124)
4(1823 6998 11061 7124)
4(1823 7124 11062 7115)
4(11064 6991 10948 3540)
4(11064 3540 11053 6992)
4(11065 3540 10948 6999)
4(11065 7001 11063 3540)
4(11065 3540 11064 7004)
4(1756 7004 11064 6991)
4(1756 6999 11065 7004)
4(11066 7117 11053 3540)
4(11066 3540 11063 7118)
4(11066 7121 11064 3540)
4(1821 6992 11064 7121)
4(1821 7121 11066 7117)
4(11066 3540 11065 7129)
4(1829 7129 11065 7001)
4(1829 7118 11066 7129)
4(1830 7121 11064 7004)
4(1830 7004 11065 7129)
4(1830 7129 11066 7121)
4(11067 7004 11064 3541)
4(11068 3541 11064 7121)
4(1830 7121 11068 7132)
4(11070 6997 10954 3542)
4(11070 3542 11061 6998)
4(11071 3542 10954 7005)
4(11071 7006 11069 3542)
4(11071 3542 11070 7009)
4(1758 7005 11071 7009)
4(11072 7124 11061 3542)
4(11072 3542 11069 7125)
4(11072 7127 11070 3542)
4(1823 7127 11072 7124)
4(11072 3542 11071 7135)
4(1831 7125 11072 7135)
4(1832 7009 11071 7135)
4(1832 7135 11072 7127)
4(11076 7003 10960 3543)
4(11076 3543 11065 7004)
4(11077 3543 10960 7015)
4(11077 7017 11074 3543)
4(11077 3543 11076 7018)
4(11078 7129 11065 3543)
4(11078 3543 11074 7130)
4(11078 7133 11076 3543)
4(1830 7133 11078 7129)
4(11078 3543 11077 7145)
4(1838 7145 11077 7017)
4(1838 7130 11078 7145)
4(1839 7145 11078 7133)
4(11079 3544 11071 7009)
4(1832 7009 11079 7138)
4(1832 7138 11080 7135)
4(11081 7010 10965 3545)
4(11081 3545 11073 7011)
4(11082 3545 10965 7019)
4(11082 7020 11079 3545)
4(11082 3545 11081 7023)
4(1767 7019 11082 7023)
4(1767 7023 11081 7010)
4(11083 7137 11073 3545)
4(11083 3545 11079 7138)
4(11083 7140 11081 3545)
4(1833 7140 11083 7137)
4(1833 7011 11081 7140)
4(11083 3545 11082 7149)
4(1840 7138 11083 7149)
4(1841 7023 11082 7149)
4(1841 7149 11083 7140)
4(1841 7140 11081 7023)
4(11089 7016 10973 3546)
4(11089 3546 11075 7017)
4(11090 3546 10973 7033)
4(11090 7035 11087 3546)
4(1771 7013 11087 7035)
4(11090 3546 11089 7036)
4(11091 7142 11075 3546)
4(11091 3546 11087 7143)
4(1837 7143 11087 7014)
4(11091 7146 11089 3546)
4(1838 7017 11089 7146)
4(1838 7146 11091 7142)
4(11091 3546 11090 7163)
4(1845 7163 11090 7035)
4(1845 7143 11091 7163)
4(1845 7035 11087 7143)
4(1846 7163 11091 7146)
4(11093 3548 11082 7023)
4(1841 7023 11093 7152)
4(1841 7152 11094 7149)
4(11095 7025 10979 3549)
4(11095 3549 11084 7026)
4(1768 7026 11084 7021)
4(11096 3549 11095 7039)
4(1773 7039 11095 7025)
4(11097 7151 11084 3549)
4(1841 7023 11084 7151)
4(11097 7155 11095 3549)
4(1842 7026 11095 7155)
4(1842 7155 11097 7151)
4(1842 7151 11084 7026)
4(1847 7155 11095 7039)
4(1847 7167 11097 7155)
4(11098 7028 10982 3550)
4(11098 3550 11085 7029)
4(11099 3550 10982 7038)
4(11099 7039 11095 3550)
4(11099 3550 11098 7041)
4(1774 7041 11098 7028)
4(11100 7154 11085 3550)
4(11100 3550 11095 7155)
4(11100 7158 11098 3550)
4(1843 7029 11098 7158)
4(1843 7158 11100 7154)
4(11100 3550 11099 7168)
4(1847 7155 11100 7168)
4(1848 7158 11098 7041)
4(1848 7168 11100 7158)
4(11101 7031 10985 3551)
4(11101 3551 11086 7032)
4(11102 3551 10985 7040)
4(11102 7041 11098 3551)
4(11102 3551 11101 7043)
4(1775 7043 11101 7031)
4(11103 7157 11086 3551)
4(11103 3551 11098 7158)
4(11103 7161 11101 3551)
4(1844 7032 11101 7161)
4(1844 7161 11103 7157)
4(11103 3551 11102 7170)
4(1848 7158 11103 7170)
4(1849 7161 11101 7043)
4(1849 7170 11103 7161)
4(11104 3552 11088 7035)
4(1771 7035 11088 7030)
4(11105 7043 11101 3552)
4(11106 7160 11088 3552)
4(11106 3552 11101 7161)
4(1844 7032 11088 7160)
4(1845 7035 11104 7164)
4(1845 7164 11106 7160)
4(1845 7160 11088 7035)
4(1849 7161 11106 7172)
4(11113 3554 11112 7061)
4(1780 7061 11112 7045)
4(1780 7056 11113 7061)
4(1854 7175 11112 7061)
4(1854 7061 11113 7186)
4(1854 7186 11114 7175)
4(11115 7047 10999 3555)
4(11115 3555 11108 7048)
4(11116 3555 10999 7059)
4(11116 7061 11112 3555)
4(11116 3555 11115 7063)
4(1781 7063 11115 7047)
4(1781 7059 11116 7063)
4(11117 7177 11115 3555)
4(1850 7048 11115 7177)
4(1850 7177 11117 7174)
4(11117 3555 11116 7189)
4(1854 7175 11117 7189)
4(1854 7189 11116 7061)
4(1855 7177 11115 7063)
4(1855 7189 11117 7177)
4(1855 7063 11116 7189)
4(11118 7050 11002 3556)
4(11118 3556 11109 7051)
4(11119 3556 11002 7062)
4(11119 7063 11115 3556)
4(11119 3556 11118 7065)
4(1782 7065 11118 7050)
4(11120 7176 11109 3556)
4(11120 3556 11115 7177)
4(11120 7180 11118 3556)
4(1851 7051 11118 7180)
4(1851 7180 11120 7176)
4(11120 3556 11119 7192)
4(1855 7177 11120 7192)
4(1856 7180 11118 7065)
4(1856 7192 11120 7180)
4(11121 7053 11005 3557)
4(11121 3557 11110 7054)
4(11122 3557 11005 7064)
4(11122 7065 11118 3557)
4(11122 3557 11121 7067)
4(1783 7067 11121 7053)
4(11123 7179 11110 3557)
4(11123 3557 11118 7180)
4(11123 7183 11121 3557)
4(1852 7054 11121 7183)
4(1852 7183 11123 7179)
4(11123 3557 11122 7194)
4(1856 7180 11123 7194)
4(1857 7183 11121 7067)
4(1857 7194 11123 7183)
4(11125 3558 11008 7066)
4(11125 7067 11121 3558)
4(11125 3558 11124 7070)
4(1784 7070 11124 7055)
4(1784 7066 11125 7070)
4(11126 3558 11121 7183)
4(11126 3558 11125 7196)
4(1857 7183 11126 7196)
4(1857 7196 11125 7067)
4(1858 7185 11124 7070)
4(1858 7196 11126 7185)
4(1858 7070 11125 7196)
4(11127 7070 11124 3559)
4(1858 7198 11127 7070)
4(1858 7185 11128 7198)
4(11130 3560 11129 7078)
4(1787 7078 11129 7057)
4(1787 7073 11130 7078)
4(1861 7187 11129 7078)
4(1861 7078 11130 7203)
4(1861 7203 11131 7187)
4(11132 7060 11016 3561)
4(11132 3561 11113 7061)
4(11133 3561 11016 7076)
4(11133 7078 11129 3561)
4(11133 3561 11132 7079)
4(1788 7079 11132 7060)
4(11134 7186 11113 3561)
4(11134 3561 11129 7187)
4(11134 7190 11132 3561)
4(1854 7190 11134 7186)
4(1854 7061 11132 7190)
4(11134 3561 11133 7206)
4(1861 7187 11134 7206)
4(1862 7206 11134 7190)
4(1862 7190 11132 7079)
4(11136 7071 11020 3562)
4(11136 3562 11127 7072)
4(11137 3562 11020 7080)
4(11137 7081 11135 3562)
4(1792 7069 11135 7081)
4(11137 3562 11136 7084)
4(1793 7084 11136 7071)
4(11138 7198 11127 3562)
4(11138 3562 11135 7199)
4(1858 7199 11135 7070)
4(11138 7201 11136 3562)
4(1859 7201 11138 7198)
4(11138 3562 11137 7210)
4(1866 7199 11138 7210)
4(1866 7081 11135 7199)
4(1867 7201 11136 7084)
4(1867 7210 11138 7201)
4(11139 7084 11136 3563)
4(1867 7212 11139 7084)
4(1867 7201 11140 7212)
4(11143 7077 11027 3564)
4(11143 3564 11130 7078)
4(11144 3564 11027 7088)
4(11144 7090 11141 3564)
4(11144 3564 11143 7092)
4(1796 7088 11144 7092)
4(11145 7203 11130 3564)
4(11145 3564 11141 7204)
4(11145 7207 11143 3564)
4(1861 7207 11145 7203)
4(11145 3564 11144 7218)
4(1869 7218 11144 7090)
4(1869 7204 11145 7218)
4(1870 7092 11144 7218)
4(1870 7218 11145 7207)
4(11147 7085 11031 3565)
4(11147 3565 11139 7086)
4(11148 3565 11031 7093)
4(11148 7095 11146 3565)
4(11148 3565 11147 7098)
4(1803 7093 11148 7098)
4(11149 7212 11139 3565)
4(11149 3565 11146 7213)
4(11149 7215 11147 3565)
4(1868 7215 11149 7212)
4(11149 3565 11148 7223)
4(1876 7223 11148 7095)
4(1876 7213 11149 7223)
4(1877 7098 11148 7223)
4(1877 7223 11149 7215)
4(11151 7089 11035 3566)
4(11151 3566 11142 7090)
4(11152 3566 11151 7102)
4(1804 7102 11151 7089)
4(1804 7099 11152 7102)
4(11153 7219 11151 3566)
4(1869 7090 11151 7219)
4(1869 7219 11153 7217)
4(1878 7219 11151 7102)
4(1878 7102 11152 7229)
4(1878 7229 11153 7219)
4(11154 7091 11038 3567)
4(11154 3567 11144 7092)
4(11155 3567 11038 7100)
4(11155 7102 11151 3567)
4(11155 3567 11154 7104)
4(1805 7100 11155 7104)
4(11156 7218 11144 3567)
4(11156 3567 11151 7219)
4(11156 7221 11154 3567)
4(1870 7221 11156 7218)
4(11156 3567 11155 7230)
4(1878 7230 11155 7102)
4(1878 7219 11156 7230)
4(1879 7104 11155 7230)
4(1879 7230 11156 7221)
4(11158 7097 11042 3568)
4(11158 3568 11148 7098)
4(11159 3568 11042 7105)
4(11159 7107 11157 3568)
4(11159 3568 11158 7110)
4(1812 7110 11158 7097)
4(1812 7105 11159 7110)
4(11160 7223 11148 3568)
4(11160 3568 11157 7224)
4(11160 7227 11158 3568)
4(1877 7098 11158 7227)
4(1877 7227 11160 7223)
4(11160 3568 11159 7235)
4(1885 7235 11159 7107)
4(1885 7224 11160 7235)
4(1886 7227 11158 7110)
4(1886 7110 11159 7235)
4(1886 7235 11160 7227)
4(11161 7110 11158 3569)
4(11162 3569 11158 7227)
4(1886 7238 11161 7110)
4(1886 7227 11162 7238)
4(11163 7101 11047 3570)
4(11163 3570 11152 7102)
4(11164 3570 11163 7114)
4(1813 7114 11163 7101)
4(1813 7111 11164 7114)
4(11165 7231 11163 3570)
4(1878 7102 11163 7231)
4(1878 7231 11165 7229)
4(1887 7231 11163 7114)
4(1887 7114 11164 7241)
4(1887 7241 11165 7231)
4(11166 7103 11050 3571)
4(11166 3571 11155 7104)
4(11167 3571 11050 7112)
4(11167 7114 11163 3571)
4(11167 3571 11166 7116)
4(1814 7112 11167 7116)
4(11168 7230 11155 3571)
4(11168 3571 11163 7231)
4(11168 7233 11166 3571)
4(1879 7233 11168 7230)
4(11168 3571 11167 7242)
4(1887 7242 11167 7114)
4(1887 7231 11168 7242)
4(1888 7116 11167 7242)
4(1888 7242 11168 7233)
4(11170 7109 11054 3572)
4(11170 3572 11159 7110)
4(11171 3572 11054 7117)
4(11171 7119 11169 3572)
4(11171 3572 11170 7122)
4(1821 7122 11170 7109)
4(1821 7117 11171 7122)
4(11172 7235 11159 3572)
4(11172 3572 11169 7236)
4(11172 7239 11170 3572)
4(1886 7110 11170 7239)
4(1886 7239 11172 7235)
4(11172 3572 11171 7247)
4(1894 7247 11171 7119)
4(1894 7236 11172 7247)
4(1895 7239 11170 7122)
4(1895 7122 11171 7247)
4(1895 7247 11172 7239)
4(11173 7122 11170 3573)
4(11174 3573 11170 7239)
4(1895 7250 11173 7122)
4(1895 7239 11174 7250)
4(11175 7113 11059 3574)
4(11175 3574 11164 7114)
4(11176 3574 11175 7126)
4(1822 7126 11175 7113)
4(11177 7243 11175 3574)
4(1887 7114 11175 7243)
4(1887 7243 11177 7241)
4(1896 7243 11175 7126)
4(1896 7253 11177 7243)
4(11178 7115 11062 3575)
4(11178 3575 11167 7116)
4(11179 3575 11062 7124)
4(11179 7126 11175 3575)
4(11179 3575 11178 7128)
4(1823 7124 11179 7128)
4(11180 7242 11167 3575)
4(11180 3575 11175 7243)
4(11180 7245 11178 3575)
4(1888 7245 11180 7242)
4(11180 3575 11179 7254)
4(1896 7254 11179 7126)
4(1896 7243 11180 7254)
4(1897 7128 11179 7254)
4(1897 7254 11180 7245)
4(11182 7121 11066 3576)
4(11182 3576 11171 7122)
4(11183 3576 11066 7129)
4(11183 7131 11181 3576)
4(11183 3576 11182 7134)
4(1830 7134 11182 7121)
4(1830 7129 11183 7134)
4(11184 7247 11171 3576)
4(11184 3576 11181 7248)
4(11184 7251 11182 3576)
4(1895 7122 11182 7251)
4(1895 7251 11184 7247)
4(11184 3576 11183 7259)
4(1903 7259 11183 7131)
4(1903 7248 11184 7259)
4(1904 7251 11182 7134)
4(1904 7134 11183 7259)
4(1904 7259 11184 7251)
4(11185 7134 11182 3577)
4(11186 3577 11182 7251)
4(1904 7251 11186 7262)
4(11188 7127 11072 3578)
4(11188 3578 11179 7128)
4(11189 3578 11072 7135)
4(11189 7136 11187 3578)
4(11189 3578 11188 7139)
4(1832 7135 11189 7139)
4(11190 7254 11179 3578)
4(11190 3578 11187 7255)
4(11190 7257 11188 3578)
4(1897 7257 11190 7254)
4(11190 3578 11189 7265)
4(1905 7255 11190 7265)
4(1906 7139 11189 7265)
4(1906 7265 11190 7257)
4(11194 7133 11078 3579)
4(11194 3579 11183 7134)
4(11195 3579 11078 7145)
4(11195 7147 11192 3579)
4(11195 3579 11194 7148)
4(11196 7259 11183 3579)
4(11196 3579 11192 7260)
4(11196 7263 11194 3579)
4(1904 7263 11196 7259)
4(11196 3579 11195 7275)
4(1912 7275 11195 7147)
4(1912 7260 11196 7275)
4(1913 7275 11196 7263)
4(11197 3580 11189 7139)
4(1906 7139 11197 7268)
4(1906 7268 11198 7265)
4(11199 7140 11083 3581)
4(11199 3581 11191 7141)
4(11200 3581 11083 7149)
4(11200 7150 11197 3581)
4(11200 3581 11199 7153)
4(1841 7149 11200 7153)
4(1841 7153 11199 7140)
4(11201 7267 11191 3581)
4(11201 3581 11197 7268)
4(11201 7270 11199 3581)
4(1907 7270 11201 7267)
4(1907 7141 11199 7270)
4(11201 3581 11200 7279)
4(1914 7268 11201 7279)
4(1915 7153 11200 7279)
4(1915 7279 11201 7270)
4(1915 7270 11199 7153)
4(11207 7146 11091 3582)
4(11207 3582 11193 7147)
4(11208 3582 11091 7163)
4(11208 7165 11205 3582)
4(1845 7143 11205 7165)
4(11208 3582 11207 7166)
4(11209 7272 11193 3582)
4(11209 3582 11205 7273)
4(1911 7273 11205 7144)
4(11209 7276 11207 3582)
4(1912 7147 11207 7276)
4(1912 7276 11209 7272)
4(11209 3582 11208 7293)
4(1919 7293 11208 7165)
4(1919 7273 11209 7293)
4(1919 7165 11205 7273)
4(1920 7293 11209 7276)
4(11211 3584 11200 7153)
4(1915 7153 11211 7282)
4(1915 7282 11212 7279)
4(11213 7155 11097 3585)
4(11213 3585 11202 7156)
4(1842 7156 11202 7151)
4(11214 3585 11213 7169)
4(1847 7169 11213 7155)
4(11215 7281 11202 3585)
4(1915 7153 11202 7281)
4(11215 7285 11213 3585)
4(1916 7156 11213 7285)
4(1916 7285 11215 7281)
4(1916 7281 11202 7156)
4(1921 7285 11213 7169)
4(1921 7297 11215 7285)
4(11216 7158 11100 3586)
4(11216 3586 11203 7159)
4(11217 3586 11100 7168)
4(11217 7169 11213 3586)
4(11217 3586 11216 7171)
4(1848 7171 11216 7158)
4(11218 7284 11203 3586)
4(11218 3586 11213 7285)
4(11218 7288 11216 3586)
4(1917 7159 11216 7288)
4(1917 7288 11218 7284)
4(11218 3586 11217 7298)
4(1921 7285 11218 7298)
4(1922 7288 11216 7171)
4(1922 7298 11218 7288)
4(11219 7161 11103 3587)
4(11219 3587 11204 7162)
4(11220 3587 11103 7170)
4(11220 7171 11216 3587)
4(11220 3587 11219 7173)
4(1849 7173 11219 7161)
4(11221 7287 11204 3587)
4(11221 3587 11216 7288)
4(11221 7291 11219 3587)
4(1918 7162 11219 7291)
4(1918 7291 11221 7287)
4(11221 3587 11220 7300)
4(1922 7288 11221 7300)
4(1923 7291 11219 7173)
4(1923 7300 11221 7291)
4(11222 3588 11206 7165)
4(1845 7165 11206 7160)
4(11223 7173 11219 3588)
4(11224 7290 11206 3588)
4(11224 3588 11219 7291)
4(1918 7162 11206 7290)
4(1919 7165 11222 7294)
4(1919 7294 11224 7290)
4(1919 7290 11206 7165)
4(1923 7291 11224 7302)
4(11231 3590 11230 7191)
4(1854 7191 11230 7175)
4(1854 7186 11231 7191)
4(1928 7305 11230 7191)
4(1928 7191 11231 7316)
4(1928 7316 11232 7305)
4(11233 7177 11117 3591)
4(11233 3591 11226 7178)
4(11234 3591 11117 7189)
4(11234 7191 11230 3591)
4(11234 3591 11233 7193)
4(1855 7193 11233 7177)
4(1855 7189 11234 7193)
4(11235 7307 11233 3591)
4(1924 7178 11233 7307)
4(1924 7307 11235 7304)
4(11235 3591 11234 7319)
4(1928 7305 11235 7319)
4(1928 7319 11234 7191)
4(1929 7307 11233 7193)
4(1929 7319 11235 7307)
4(1929 7193 11234 7319)
4(11236 7180 11120 3592)
4(11236 3592 11227 7181)
4(11237 3592 11120 7192)
4(11237 7193 11233 3592)
4(11237 3592 11236 7195)
4(1856 7195 11236 7180)
4(11238 7306 11227 3592)
4(11238 3592 11233 7307)
4(11238 7310 11236 3592)
4(1925 7181 11236 7310)
4(1925 7310 11238 7306)
4(11238 3592 11237 7322)
4(1929 7307 11238 7322)
4(1930 7310 11236 7195)
4(1930 7322 11238 7310)
4(11239 7183 11123 3593)
4(11239 3593 11228 7184)
4(11240 3593 11123 7194)
4(11240 7195 11236 3593)
4(11240 3593 11239 7197)
4(1857 7197 11239 7183)
4(11241 7309 11228 3593)
4(11241 3593 11236 7310)
4(11241 7313 11239 3593)
4(1926 7184 11239 7313)
4(1926 7313 11241 7309)
4(11241 3593 11240 7324)
4(1930 7310 11241 7324)
4(1931 7313 11239 7197)
4(1931 7324 11241 7313)
4(11243 3594 11126 7196)
4(11243 7197 11239 3594)
4(11243 3594 11242 7200)
4(1858 7200 11242 7185)
4(1858 7196 11243 7200)
4(11244 3594 11239 7313)
4(11244 3594 11243 7326)
4(1931 7313 11244 7326)
4(1931 7326 11243 7197)
4(1932 7315 11242 7200)
4(1932 7326 11244 7315)
4(1932 7200 11243 7326)
4(11245 7200 11242 3595)
4(1932 7328 11245 7200)
4(1932 7315 11246 7328)
4(11248 3596 11247 7208)
4(1861 7208 11247 7187)
4(1861 7203 11248 7208)
4(1935 7317 11247 7208)
4(1935 7208 11248 7333)
4(1935 7333 11249 7317)
4(11250 7190 11134 3597)
4(11250 3597 11231 7191)
4(11251 3597 11134 7206)
4(11251 7208 11247 3597)
4(11251 3597 11250 7209)
4(1862 7209 11250 7190)
4(11252 7316 11231 3597)
4(11252 3597 11247 7317)
4(11252 7320 11250 3597)
4(1928 7320 11252 7316)
4(1928 7191 11250 7320)
4(11252 3597 11251 7336)
4(1935 7317 11252 7336)
4(1936 7336 11252 7320)
4(1936 7320 11250 7209)
4(11254 7201 11138 3598)
4(11254 3598 11245 7202)
4(11255 3598 11138 7210)
4(11255 7211 11253 3598)
4(1866 7199 11253 7211)
4(11255 3598 11254 7214)
4(1867 7214 11254 7201)
4(11256 7328 11245 3598)
4(11256 3598 11253 7329)
4(1932 7329 11253 7200)
4(11256 7331 11254 3598)
4(1933 7331 11256 7328)
4(11256 3598 11255 7340)
4(1940 7329 11256 7340)
4(1940 7211 11253 7329)
4(1941 7331 11254 7214)
4(1941 7340 11256 7331)
4(11257 7214 11254 3599)
4(1941 7342 11257 7214)
4(1941 7331 11258 7342)
4(11261 7207 11145 3600)
4(11261 3600 11248 7208)
4(11262 3600 11145 7218)
4(11262 7220 11259 3600)
4(11262 3600 11261 7222)
4(1870 7218 11262 7222)
4(11263 7333 11248 3600)
4(11263 3600 11259 7334)
4(11263 7337 11261 3600)
4(1935 7337 11263 7333)
4(11263 3600 11262 7348)
4(1943 7348 11262 7220)
4(1943 7334 11263 7348)
4(1944 7222 11262 7348)
4(1944 7348 11263 7337)
4(11265 7215 11149 3601)
4(11265 3601 11257 7216)
4(11266 3601 11149 7223)
4(11266 7225 11264 3601)
4(11266 3601 11265 7228)
4(1877 7223 11266 7228)
4(11267 7342 11257 3601)
4(11267 3601 11264 7343)
4(11267 7345 11265 3601)
4(1942 7345 11267 7342)
4(11267 3601 11266 7353)
4(1950 7353 11266 7225)
4(1950 7343 11267 7353)
4(1951 7228 11266 7353)
4(1951 7353 11267 7345)
4(11269 7219 11153 3602)
4(11269 3602 11260 7220)
4(11270 3602 11269 7232)
4(1878 7232 11269 7219)
4(1878 7229 11270 7232)
4(11271 7349 11269 3602)
4(1943 7220 11269 7349)
4(1943 7349 11271 7347)
4(1952 7349 11269 7232)
4(1952 7232 11270 7359)
4(1952 7359 11271 7349)
4(11272 7221 11156 3603)
4(11272 3603 11262 7222)
4(11273 3603 11156 7230)
4(11273 7232 11269 3603)
4(11273 3603 11272 7234)
4(1879 7230 11273 7234)
4(11274 7348 11262 3603)
4(11274 3603 11269 7349)
4(11274 7351 11272 3603)
4(1944 7351 11274 7348)
4(11274 3603 11273 7360)
4(1952 7360 11273 7232)
4(1952 7349 11274 7360)
4(1953 7234 11273 7360)
4(1953 7360 11274 7351)
4(11276 7227 11160 3604)
4(11276 3604 11266 7228)
4(11277 3604 11160 7235)
4(11277 7237 11275 3604)
4(11277 3604 11276 7240)
4(1886 7240 11276 7227)
4(1886 7235 11277 7240)
4(11278 7353 11266 3604)
4(11278 3604 11275 7354)
4(11278 7357 11276 3604)
4(1951 7228 11276 7357)
4(1951 7357 11278 7353)
4(11278 3604 11277 7365)
4(1959 7365 11277 7237)
4(1959 7354 11278 7365)
4(1960 7357 11276 7240)
4(1960 7240 11277 7365)
4(1960 7365 11278 7357)
4(11279 7240 11276 3605)
4(11280 3605 11276 7357)
4(1960 7368 11279 7240)
4(1960 7357 11280 7368)
4(11281 7231 11165 3606)
4(11281 3606 11270 7232)
4(11282 3606 11281 7244)
4(1887 7244 11281 7231)
4(1887 7241 11282 7244)
4(11283 7361 11281 3606)
4(1952 7232 11281 7361)
4(1952 7361 11283 7359)
4(1961 7361 11281 7244)
4(1961 7244 11282 7371)
4(1961 7371 11283 7361)
4(11284 7233 11168 3607)
4(11284 3607 11273 7234)
4(11285 3607 11168 7242)
4(11285 7244 11281 3607)
4(11285 3607 11284 7246)
4(1888 7242 11285 7246)
4(11286 7360 11273 3607)
4(11286 3607 11281 7361)
4(11286 7363 11284 3607)
4(1953 7363 11286 7360)
4(11286 3607 11285 7372)
4(1961 7372 11285 7244)
4(1961 7361 11286 7372)
4(1962 7246 11285 7372)
4(1962 7372 11286 7363)
4(11288 7239 11172 3608)
4(11288 3608 11277 7240)
4(11289 3608 11172 7247)
4(11289 7249 11287 3608)
4(11289 3608 11288 7252)
4(1895 7252 11288 7239)
4(1895 7247 11289 7252)
4(11290 7365 11277 3608)
4(11290 3608 11287 7366)
4(11290 7369 11288 3608)
4(1960 7240 11288 7369)
4(1960 7369 11290 7365)
4(11290 3608 11289 7377)
4(1968 7377 11289 7249)
4(1968 7366 11290 7377)
4(1969 7369 11288 7252)
4(1969 7252 11289 7377)
4(1969 7377 11290 7369)
4(11291 7252 11288 3609)
4(11292 3609 11288 7369)
4(1969 7380 11291 7252)
4(1969 7369 11292 7380)
4(11293 7243 11177 3610)
4(11293 3610 11282 7244)
4(11294 3610 11293 7256)
4(1896 7256 11293 7243)
4(11295 7373 11293 3610)
4(1961 7244 11293 7373)
4(1961 7373 11295 7371)
4(1970 7373 11293 7256)
4(1970 7383 11295 7373)
4(11296 7245 11180 3611)
4(11296 3611 11285 7246)
4(11297 3611 11180 7254)
4(11297 7256 11293 3611)
4(11297 3611 11296 7258)
4(1897 7254 11297 7258)
4(11298 7372 11285 3611)
4(11298 3611 11293 7373)
4(11298 7375 11296 3611)
4(1962 7375 11298 7372)
4(11298 3611 11297 7384)
4(1970 7384 11297 7256)
4(1970 7373 11298 7384)
4(1971 7258 11297 7384)
4(1971 7384 11298 7375)
4(11300 7251 11184 3612)
4(11300 3612 11289 7252)
4(11301 3612 11184 7259)
4(11301 7261 11299 3612)
4(11301 3612 11300 7264)
4(1904 7264 11300 7251)
4(1904 7259 11301 7264)
4(11302 7377 11289 3612)
4(11302 3612 11299 7378)
4(11302 7381 11300 3612)
4(1969 7252 11300 7381)
4(1969 7381 11302 7377)
4(11302 3612 11301 7389)
4(1977 7389 11301 7261)
4(1977 7378 11302 7389)
4(1978 7381 11300 7264)
4(1978 7264 11301 7389)
4(1978 7389 11302 7381)
4(11303 7264 11300 3613)
4(11304 3613 11300 7381)
4(1978 7381 11304 7392)
4(11306 7257 11190 3614)
4(11306 3614 11297 7258)
4(11307 3614 11190 7265)
4(11307 7266 11305 3614)
4(11307 3614 11306 7269)
4(1906 7265 11307 7269)
4(11308 7384 11297 3614)
4(11308 3614 11305 7385)
4(11308 7387 11306 3614)
4(1971 7387 11308 7384)
4(11308 3614 11307 7395)
4(1979 7385 11308 7395)
4(1980 7269 11307 7395)
4(1980 7395 11308 7387)
4(11312 7263 11196 3615)
4(11312 3615 11301 7264)
4(11313 3615 11196 7275)
4(11313 7277 11310 3615)
4(11313 3615 11312 7278)
4(11314 7389 11301 3615)
4(11314 3615 11310 7390)
4(11314 7393 11312 3615)
4(1978 7393 11314 7389)
4(11314 3615 11313 7405)
4(1986 7405 11313 7277)
4(1986 7390 11314 7405)
4(1987 7405 11314 7393)
4(11315 3616 11307 7269)
4(1980 7269 11315 7398)
4(1980 7398 11316 7395)
4(11317 7270 11201 3617)
4(11317 3617 11309 7271)
4(11318 3617 11201 7279)
4(11318 7280 11315 3617)
4(11318 3617 11317 7283)
4(1915 7279 11318 7283)
4(1915 7283 11317 7270)
4(11319 7397 11309 3617)
4(11319 3617 11315 7398)
4(11319 7400 11317 3617)
4(1981 7400 11319 7397)
4(1981 7271 11317 7400)
4(11319 3617 11318 7409)
4(1988 7398 11319 7409)
4(1989 7283 11318 7409)
4(1989 7409 11319 7400)
4(1989 7400 11317 7283)
4(11325 7276 11209 3618)
4(11325 3618 11311 7277)
4(11326 3618 11209 7293)
4(11326 7295 11323 3618)
4(1919 7273 11323 7295)
4(11326 3618 11325 7296)
4(11327 7402 11311 3618)
4(11327 3618 11323 7403)
4(1985 7403 11323 7274)
4(11327 7406 11325 3618)
4(1986 7277 11325 7406)
4(1986 7406 11327 7402)
4(11327 3618 11326 7423)
4(1993 7423 11326 7295)
4(1993 7403 11327 7423)
4(1993 7295 11323 7403)
4(1994 7423 11327 7406)
4(11329 3620 11318 7283)
4(1989 7283 11329 7412)
4(1989 7412 11330 7409)
4(11331 7285 11215 3621)
4(11331 3621 11320 7286)
4(1916 7286 11320 7281)
4(11332 3621 11331 7299)
4(1921 7299 11331 7285)
4(11333 7411 11320 3621)
4(1989 7283 11320 7411)
4(11333 7415 11331 3621)
4(1990 7286 11331 7415)
4(1990 7415 11333 7411)
4(1990 7411 11320 7286)
4(1995 7415 11331 7299)
4(1995 7427 11333 7415)
4(11334 7288 11218 3622)
4(11334 3622 11321 7289)
4(11335 3622 11218 7298)
4(11335 7299 11331 3622)
4(11335 3622 11334 7301)
4(1922 7301 11334 7288)
4(11336 7414 11321 3622)
4(11336 3622 11331 7415)
4(11336 7418 11334 3622)
4(1991 7289 11334 7418)
4(1991 7418 11336 7414)
4(11336 3622 11335 7428)
4(1995 7415 11336 7428)
4(1996 7418 11334 7301)
4(1996 7428 11336 7418)
4(11337 7291 11221 3623)
4(11337 3623 11322 7292)
4(11338 3623 11221 7300)
4(11338 7301 11334 3623)
4(11338 3623 11337 7303)
4(1923 7303 11337 7291)
4(11339 7417 11322 3623)
4(11339 3623 11334 7418)
4(11339 7421 11337 3623)
4(1992 7292 11337 7421)
4(1992 7421 11339 7417)
4(11339 3623 11338 7430)
4(1996 7418 11339 7430)
4(1997 7421 11337 7303)
4(1997 7430 11339 7421)
4(11340 3624 11324 7295)
4(1919 7295 11324 7290)
4(11341 7303 11337 3624)
4(11342 7420 11324 3624)
4(11342 3624 11337 7421)
4(1992 7292 11324 7420)
4(1993 7295 11340 7424)
4(1993 7424 11342 7420)
4(1993 7420 11324 7295)
4(1997 7421 11342 7432)
4(11349 3626 11348 7321)
4(1928 7321 11348 7305)
4(1928 7316 11349 7321)
4(2002 7435 11348 7321)
4(2002 7321 11349 7446)
4(2002 7446 11350 7435)
4(11351 7307 11235 3627)
4(11351 3627 11344 7308)
4(11352 3627 11235 7319)
4(11352 7321 11348 3627)
4(11352 3627 11351 7323)
4(1929 7323 11351 7307)
4(1929 7319 11352 7323)
4(11353 7437 11351 3627)
4(1998 7308 11351 7437)
4(1998 7437 11353 7434)
4(11353 3627 11352 7449)
4(2002 7435 11353 7449)
4(2002 7449 11352 7321)
4(2003 7437 11351 7323)
4(2003 7449 11353 7437)
4(2003 7323 11352 7449)
4(11354 7310 11238 3628)
4(11354 3628 11345 7311)
4(11355 3628 11238 7322)
4(11355 7323 11351 3628)
4(11355 3628 11354 7325)
4(1930 7325 11354 7310)
4(11356 7436 11345 3628)
4(11356 3628 11351 7437)
4(11356 7440 11354 3628)
4(1999 7311 11354 7440)
4(1999 7440 11356 7436)
4(11356 3628 11355 7452)
4(2003 7437 11356 7452)
4(2004 7440 11354 7325)
4(2004 7452 11356 7440)
4(11357 7313 11241 3629)
4(11357 3629 11346 7314)
4(11358 3629 11241 7324)
4(11358 7325 11354 3629)
4(11358 3629 11357 7327)
4(1931 7327 11357 7313)
4(11359 7439 11346 3629)
4(11359 3629 11354 7440)
4(11359 7443 11357 3629)
4(2000 7314 11357 7443)
4(2000 7443 11359 7439)
4(11359 3629 11358 7454)
4(2004 7440 11359 7454)
4(2005 7443 11357 7327)
4(2005 7454 11359 7443)
4(11361 3630 11244 7326)
4(11361 7327 11357 3630)
4(11361 3630 11360 7330)
4(1932 7330 11360 7315)
4(1932 7326 11361 7330)
4(11362 3630 11357 7443)
4(11362 3630 11361 7456)
4(2005 7443 11362 7456)
4(2005 7456 11361 7327)
4(2006 7445 11360 7330)
4(2006 7456 11362 7445)
4(2006 7330 11361 7456)
4(11363 7330 11360 3631)
4(2006 7458 11363 7330)
4(2006 7445 11364 7458)
4(11366 3632 11365 7338)
4(1935 7338 11365 7317)
4(1935 7333 11366 7338)
4(2009 7447 11365 7338)
4(2009 7338 11366 7463)
4(2009 7463 11367 7447)
4(11368 7320 11252 3633)
4(11368 3633 11349 7321)
4(11369 3633 11252 7336)
4(11369 7338 11365 3633)
4(11369 3633 11368 7339)
4(1936 7339 11368 7320)
4(11370 7446 11349 3633)
4(11370 3633 11365 7447)
4(11370 7450 11368 3633)
4(2002 7450 11370 7446)
4(2002 7321 11368 7450)
4(11370 3633 11369 7466)
4(2009 7447 11370 7466)
4(2010 7466 11370 7450)
4(2010 7450 11368 7339)
4(11372 7331 11256 3634)
4(11372 3634 11363 7332)
4(11373 3634 11256 7340)
4(11373 7341 11371 3634)
4(1940 7329 11371 7341)
4(11373 3634 11372 7344)
4(1941 7344 11372 7331)
4(11374 7458 11363 3634)
4(11374 3634 11371 7459)
4(2006 7459 11371 7330)
4(11374 7461 11372 3634)
4(2007 7461 11374 7458)
4(11374 3634 11373 7470)
4(2014 7459 11374 7470)
4(2014 7341 11371 7459)
4(2015 7461 11372 7344)
4(2015 7470 11374 7461)
4(11375 7344 11372 3635)
4(2015 7472 11375 7344)
4(2015 7461 11376 7472)
4(11379 7337 11263 3636)
4(11379 3636 11366 7338)
4(11380 3636 11263 7348)
4(11380 7350 11377 3636)
4(11380 3636 11379 7352)
4(1944 7348 11380 7352)
4(11381 7463 11366 3636)
4(11381 3636 11377 7464)
4(11381 7467 11379 3636)
4(2009 7467 11381 7463)
4(11381 3636 11380 7478)
4(2017 7478 11380 7350)
4(2017 7464 11381 7478)
4(2018 7352 11380 7478)
4(2018 7478 11381 7467)
4(11383 7345 11267 3637)
4(11383 3637 11375 7346)
4(11384 3637 11267 7353)
4(11384 7355 11382 3637)
4(11384 3637 11383 7358)
4(1951 7353 11384 7358)
4(11385 7472 11375 3637)
4(11385 3637 11382 7473)
4(11385 7475 11383 3637)
4(2016 7475 11385 7472)
4(11385 3637 11384 7483)
4(2024 7483 11384 7355)
4(2024 7473 11385 7483)
4(2025 7358 11384 7483)
4(2025 7483 11385 7475)
4(11387 7349 11271 3638)
4(11387 3638 11378 7350)
4(11388 3638 11387 7362)
4(1952 7362 11387 7349)
4(1952 7359 11388 7362)
4(11389 7479 11387 3638)
4(2017 7350 11387 7479)
4(2017 7479 11389 7477)
4(2026 7479 11387 7362)
4(2026 7362 11388 7489)
4(2026 7489 11389 7479)
4(11390 7351 11274 3639)
4(11390 3639 11380 7352)
4(11391 3639 11274 7360)
4(11391 7362 11387 3639)
4(11391 3639 11390 7364)
4(1953 7360 11391 7364)
4(11392 7478 11380 3639)
4(11392 3639 11387 7479)
4(11392 7481 11390 3639)
4(2018 7481 11392 7478)
4(11392 3639 11391 7490)
4(2026 7490 11391 7362)
4(2026 7479 11392 7490)
4(2027 7364 11391 7490)
4(2027 7490 11392 7481)
4(11394 7357 11278 3640)
4(11394 3640 11384 7358)
4(11395 3640 11278 7365)
4(11395 7367 11393 3640)
4(11395 3640 11394 7370)
4(1960 7370 11394 7357)
4(1960 7365 11395 7370)
4(11396 7483 11384 3640)
4(11396 3640 11393 7484)
4(11396 7487 11394 3640)
4(2025 7358 11394 7487)
4(2025 7487 11396 7483)
4(11396 3640 11395 7495)
4(2033 7495 11395 7367)
4(2033 7484 11396 7495)
4(2034 7487 11394 7370)
4(2034 7370 11395 7495)
4(2034 7495 11396 7487)
4(11397 7370 11394 3641)
4(11398 3641 11394 7487)
4(2034 7498 11397 7370)
4(2034 7487 11398 7498)
4(11399 7361 11283 3642)
4(11399 3642 11388 7362)
4(11400 3642 11399 7374)
4(1961 7374 11399 7361)
4(1961 7371 11400 7374)
4(11401 7491 11399 3642)
4(2026 7362 11399 7491)
4(2026 7491 11401 7489)
4(2035 7491 11399 7374)
4(2035 7374 11400 7501)
4(2035 7501 11401 7491)
4(11402 7363 11286 3643)
4(11402 3643 11391 7364)
4(11403 3643 11286 7372)
4(11403 7374 11399 3643)
4(11403 3643 11402 7376)
4(1962 7372 11403 7376)
4(11404 7490 11391 3643)
4(11404 3643 11399 7491)
4(11404 7493 11402 3643)
4(2027 7493 11404 7490)
4(11404 3643 11403 7502)
4(2035 7502 11403 7374)
4(2035 7491 11404 7502)
4(2036 7376 11403 7502)
4(2036 7502 11404 7493)
4(11406 7369 11290 3644)
4(11406 3644 11395 7370)
4(11407 3644 11290 7377)
4(11407 7379 11405 3644)
4(11407 3644 11406 7382)
4(1969 7382 11406 7369)
4(1969 7377 11407 7382)
4(11408 7495 11395 3644)
4(11408 3644 11405 7496)
4(11408 7499 11406 3644)
4(2034 7370 11406 7499)
4(2034 7499 11408 7495)
4(11408 3644 11407 7507)
4(2042 7507 11407 7379)
4(2042 7496 11408 7507)
4(2043 7499 11406 7382)
4(2043 7382 11407 7507)
4(2043 7507 11408 7499)
4(11409 7382 11406 3645)
4(11410 3645 11406 7499)
4(2043 7510 11409 7382)
4(2043 7499 11410 7510)
4(11411 7373 11295 3646)
4(11411 3646 11400 7374)
4(11412 3646 11411 7386)
4(1970 7386 11411 7373)
4(11413 7503 11411 3646)
4(2035 7374 11411 7503)
4(2035 7503 11413 7501)
4(2044 7503 11411 7386)
4(2044 7513 11413 7503)
4(11414 7375 11298 3647)
4(11414 3647 11403 7376)
4(11415 3647 11298 7384)
4(11415 7386 11411 3647)
4(11415 3647 11414 7388)
4(1971 7384 11415 7388)
4(11416 7502 11403 3647)
4(11416 3647 11411 7503)
4(11416 7505 11414 3647)
4(2036 7505 11416 7502)
4(11416 3647 11415 7514)
4(2044 7514 11415 7386)
4(2044 7503 11416 7514)
4(2045 7388 11415 7514)
4(2045 7514 11416 7505)
4(11418 7381 11302 3648)
4(11418 3648 11407 7382)
4(11419 3648 11302 7389)
4(11419 7391 11417 3648)
4(11419 3648 11418 7394)
4(1978 7394 11418 7381)
4(1978 7389 11419 7394)
4(11420 7507 11407 3648)
4(11420 3648 11417 7508)
4(11420 7511 11418 3648)
4(2043 7382 11418 7511)
4(2043 7511 11420 7507)
4(11420 3648 11419 7519)
4(2051 7519 11419 7391)
4(2051 7508 11420 7519)
4(2052 7511 11418 7394)
4(2052 7394 11419 7519)
4(2052 7519 11420 7511)
4(11421 7394 11418 3649)
4(11422 3649 11418 7511)
4(2052 7511 11422 7522)
4(11424 7387 11308 3650)
4(11424 3650 11415 7388)
4(11425 3650 11308 7395)
4(11425 7396 11423 3650)
4(11425 3650 11424 7399)
4(1980 7395 11425 7399)
4(11426 7514 11415 3650)
4(11426 3650 11423 7515)
4(11426 7517 11424 3650)
4(2045 7517 11426 7514)
4(11426 3650 11425 7525)
4(2053 7515 11426 7525)
4(2054 7399 11425 7525)
4(2054 7525 11426 7517)
4(11430 7393 11314 3651)
4(11430 3651 11419 7394)
4(11431 3651 11314 7405)
4(11431 7407 11428 3651)
4(11431 3651 11430 7408)
4(11432 7519 11419 3651)
4(11432 3651 11428 7520)
4(11432 7523 11430 3651)
4(2052 7523 11432 7519)
4(11432 3651 11431 7535)
4(2060 7535 11431 7407)
4(2060 7520 11432 7535)
4(2061 7535 11432 7523)
4(11433 3652 11425 7399)
4(2054 7399 11433 7528)
4(2054 7528 11434 7525)
4(11435 7400 11319 3653)
4(11435 3653 11427 7401)
4(11436 3653 11319 7409)
4(11436 7410 11433 3653)
4(11436 3653 11435 7413)
4(1989 7409 11436 7413)
4(1989 7413 11435 7400)
4(11437 7527 11427 3653)
4(11437 3653 11433 7528)
4(11437 7530 11435 3653)
4(2055 7530 11437 7527)
4(2055 7401 11435 7530)
4(11437 3653 11436 7539)
4(2062 7528 11437 7539)
4(2063 7413 11436 7539)
4(2063 7539 11437 7530)
4(2063 7530 11435 7413)
4(11443 7406 11327 3654)
4(11443 3654 11429 7407)
4(11444 3654 11327 7423)
4(11444 7425 11441 3654)
4(1993 7403 11441 7425)
4(11444 3654 11443 7426)
4(11445 7532 11429 3654)
4(11445 3654 11441 7533)
4(2059 7533 11441 7404)
4(11445 7536 11443 3654)
4(2060 7407 11443 7536)
4(2060 7536 11445 7532)
4(11445 3654 11444 7553)
4(2067 7553 11444 7425)
4(2067 7533 11445 7553)
4(2067 7425 11441 7533)
4(2068 7553 11445 7536)
4(11447 3656 11436 7413)
4(2063 7413 11447 7542)
4(2063 7542 11448 7539)
4(11449 7415 11333 3657)
4(11449 3657 11438 7416)
4(1990 7416 11438 7411)
4(11450 3657 11449 7429)
4(1995 7429 11449 7415)
4(11451 7541 11438 3657)
4(2063 7413 11438 7541)
4(11451 7545 11449 3657)
4(2064 7416 11449 7545)
4(2064 7545 11451 7541)
4(2064 7541 11438 7416)
4(2069 7545 11449 7429)
4(2069 7557 11451 7545)
4(11452 7418 11336 3658)
4(11452 3658 11439 7419)
4(11453 3658 11336 7428)
4(11453 7429 11449 3658)
4(11453 3658 11452 7431)
4(1996 7431 11452 7418)
4(11454 7544 11439 3658)
4(11454 3658 11449 7545)
4(11454 7548 11452 3658)
4(2065 7419 11452 7548)
4(2065 7548 11454 7544)
4(11454 3658 11453 7558)
4(2069 7545 11454 7558)
4(2070 7548 11452 7431)
4(2070 7558 11454 7548)
4(11455 7421 11339 3659)
4(11455 3659 11440 7422)
4(11456 3659 11339 7430)
4(11456 7431 11452 3659)
4(11456 3659 11455 7433)
4(1997 7433 11455 7421)
4(11457 7547 11440 3659)
4(11457 3659 11452 7548)
4(11457 7551 11455 3659)
4(2066 7422 11455 7551)
4(2066 7551 11457 7547)
4(11457 3659 11456 7560)
4(2070 7548 11457 7560)
4(2071 7551 11455 7433)
4(2071 7560 11457 7551)
4(11458 3660 11442 7425)
4(1993 7425 11442 7420)
4(11459 7433 11455 3660)
4(11460 7550 11442 3660)
4(11460 3660 11455 7551)
4(2066 7422 11442 7550)
4(2067 7425 11458 7554)
4(2067 7554 11460 7550)
4(2067 7550 11442 7425)
4(2071 7551 11460 7562)
4(11467 3662 11466 7451)
4(2002 7451 11466 7435)
4(2002 7446 11467 7451)
4(2076 7565 11466 7451)
4(2076 7451 11467 7576)
4(2076 7576 11468 7565)
4(11469 7437 11353 3663)
4(11469 3663 11462 7438)
4(11470 3663 11353 7449)
4(11470 7451 11466 3663)
4(11470 3663 11469 7453)
4(2003 7453 11469 7437)
4(2003 7449 11470 7453)
4(11471 7567 11469 3663)
4(2072 7438 11469 7567)
4(2072 7567 11471 7564)
4(11471 3663 11470 7579)
4(2076 7565 11471 7579)
4(2076 7579 11470 7451)
4(2077 7567 11469 7453)
4(2077 7579 11471 7567)
4(2077 7453 11470 7579)
4(11472 7440 11356 3664)
4(11472 3664 11463 7441)
4(11473 3664 11356 7452)
4(11473 7453 11469 3664)
4(11473 3664 11472 7455)
4(2004 7455 11472 7440)
4(11474 7566 11463 3664)
4(11474 3664 11469 7567)
4(11474 7570 11472 3664)
4(2073 7441 11472 7570)
4(2073 7570 11474 7566)
4(11474 3664 11473 7582)
4(2077 7567 11474 7582)
4(2078 7570 11472 7455)
4(2078 7582 11474 7570)
4(11475 7443 11359 3665)
4(11475 3665 11464 7444)
4(11476 3665 11359 7454)
4(11476 7455 11472 3665)
4(11476 3665 11475 7457)
4(2005 7457 11475 7443)
4(11477 7569 11464 3665)
4(11477 3665 11472 7570)
4(11477 7573 11475 3665)
4(2074 7444 11475 7573)
4(2074 7573 11477 7569)
4(11477 3665 11476 7584)
4(2078 7570 11477 7584)
4(2079 7573 11475 7457)
4(2079 7584 11477 7573)
4(11479 3666 11362 7456)
4(11479 7457 11475 3666)
4(11479 3666 11478 7460)
4(2006 7460 11478 7445)
4(2006 7456 11479 7460)
4(11480 3666 11475 7573)
4(11480 3666 11479 7586)
4(2079 7573 11480 7586)
4(2079 7586 11479 7457)
4(2080 7575 11478 7460)
4(2080 7586 11480 7575)
4(2080 7460 11479 7586)
4(11481 7460 11478 3667)
4(2080 7588 11481 7460)
4(2080 7575 11482 7588)
4(11484 3668 11483 7468)
4(2009 7468 11483 7447)
4(2009 7463 11484 7468)
4(2083 7577 11483 7468)
4(2083 7468 11484 7593)
4(2083 7593 11485 7577)
4(11486 7450 11370 3669)
4(11486 3669 11467 7451)
4(11487 3669 11370 7466)
4(11487 7468 11483 3669)
4(11487 3669 11486 7469)
4(2010 7469 11486 7450)
4(11488 7576 11467 3669)
4(11488 3669 11483 7577)
4(11488 7580 11486 3669)
4(2076 7580 11488 7576)
4(2076 7451 11486 7580)
4(11488 3669 11487 7596)
4(2083 7577 11488 7596)
4(2084 7596 11488 7580)
4(2084 7580 11486 7469)
4(11490 7461 11374 3670)
4(11490 3670 11481 7462)
4(11491 3670 11374 7470)
4(11491 7471 11489 3670)
4(2014 7459 11489 7471)
4(11491 3670 11490 7474)
4(2015 7474 11490 7461)
4(11492 7588 11481 3670)
4(11492 3670 11489 7589)
4(2080 7589 11489 7460)
4(11492 7591 11490 3670)
4(2081 7591 11492 7588)
4(11492 3670 11491 7600)
4(2088 7589 11492 7600)
4(2088 7471 11489 7589)
4(2089 7591 11490 7474)
4(2089 7600 11492 7591)
4(11493 7474 11490 3671)
4(2089 7602 11493 7474)
4(2089 7591 11494 7602)
4(11497 7467 11381 3672)
4(11497 3672 11484 7468)
4(11498 3672 11381 7478)
4(11498 7480 11495 3672)
4(11498 3672 11497 7482)
4(2018 7478 11498 7482)
4(11499 7593 11484 3672)
4(11499 3672 11495 7594)
4(11499 7597 11497 3672)
4(2083 7597 11499 7593)
4(11499 3672 11498 7608)
4(2091 7608 11498 7480)
4(2091 7594 11499 7608)
4(2092 7482 11498 7608)
4(2092 7608 11499 7597)
4(11501 7475 11385 3673)
4(11501 3673 11493 7476)
4(11502 3673 11385 7483)
4(11502 7485 11500 3673)
4(11502 3673 11501 7488)
4(2025 7483 11502 7488)
4(11503 7602 11493 3673)
4(11503 3673 11500 7603)
4(11503 7605 11501 3673)
4(2090 7605 11503 7602)
4(11503 3673 11502 7613)
4(2098 7613 11502 7485)
4(2098 7603 11503 7613)
4(2099 7488 11502 7613)
4(2099 7613 11503 7605)
4(11505 7479 11389 3674)
4(11505 3674 11496 7480)
4(11506 3674 11505 7492)
4(2026 7492 11505 7479)
4(2026 7489 11506 7492)
4(11507 7609 11505 3674)
4(2091 7480 11505 7609)
4(2091 7609 11507 7607)
4(2100 7609 11505 7492)
4(2100 7492 11506 7619)
4(2100 7619 11507 7609)
4(11508 7481 11392 3675)
4(11508 3675 11498 7482)
4(11509 3675 11392 7490)
4(11509 7492 11505 3675)
4(11509 3675 11508 7494)
4(2027 7490 11509 7494)
4(11510 7608 11498 3675)
4(11510 3675 11505 7609)
4(11510 7611 11508 3675)
4(2092 7611 11510 7608)
4(11510 3675 11509 7620)
4(2100 7620 11509 7492)
4(2100 7609 11510 7620)
4(2101 7494 11509 7620)
4(2101 7620 11510 7611)
4(11512 7487 11396 3676)
4(11512 3676 11502 7488)
4(11513 3676 11396 7495)
4(11513 7497 11511 3676)
4(11513 3676 11512 7500)
4(2034 7500 11512 7487)
4(2034 7495 11513 7500)
4(11514 7613 11502 3676)
4(11514 3676 11511 7614)
4(11514 7617 11512 3676)
4(2099 7488 11512 7617)
4(2099 7617 11514 7613)
4(11514 3676 11513 7625)
4(2107 7625 11513 7497)
4(2107 7614 11514 7625)
4(2108 7617 11512 7500)
4(2108 7500 11513 7625)
4(2108 7625 11514 7617)
4(11515 7500 11512 3677)
4(11516 3677 11512 7617)
4(2108 7628 11515 7500)
4(2108 7617 11516 7628)
4(11517 7491 11401 3678)
4(11517 3678 11506 7492)
4(11518 3678 11517 7504)
4(2035 7504 11517 7491)
4(2035 7501 11518 7504)
4(11519 7621 11517 3678)
4(2100 7492 11517 7621)
4(2100 7621 11519 7619)
4(2109 7621 11517 7504)
4(2109 7504 11518 7631)
4(2109 7631 11519 7621)
4(11520 7493 11404 3679)
4(11520 3679 11509 7494)
4(11521 3679 11404 7502)
4(11521 7504 11517 3679)
4(11521 3679 11520 7506)
4(2036 7502 11521 7506)
4(11522 7620 11509 3679)
4(11522 3679 11517 7621)
4(11522 7623 11520 3679)
4(2101 7623 11522 7620)
4(11522 3679 11521 7632)
4(2109 7632 11521 7504)
4(2109 7621 11522 7632)
4(2110 7506 11521 7632)
4(2110 7632 11522 7623)
4(11524 7499 11408 3680)
4(11524 3680 11513 7500)
4(11525 3680 11408 7507)
4(11525 7509 11523 3680)
4(11525 3680 11524 7512)
4(2043 7512 11524 7499)
4(2043 7507 11525 7512)
4(11526 7625 11513 3680)
4(11526 3680 11523 7626)
4(11526 7629 11524 3680)
4(2108 7500 11524 7629)
4(2108 7629 11526 7625)
4(11526 3680 11525 7637)
4(2116 7637 11525 7509)
4(2116 7626 11526 7637)
4(2117 7629 11524 7512)
4(2117 7512 11525 7637)
4(2117 7637 11526 7629)
4(11527 7512 11524 3681)
4(11528 3681 11524 7629)
4(2117 7640 11527 7512)
4(2117 7629 11528 7640)
4(11529 7503 11413 3682)
4(11529 3682 11518 7504)
4(11530 3682 11529 7516)
4(2044 7516 11529 7503)
4(11531 7633 11529 3682)
4(2109 7504 11529 7633)
4(2109 7633 11531 7631)
4(2118 7633 11529 7516)
4(2118 7643 11531 7633)
4(11532 7505 11416 3683)
4(11532 3683 11521 7506)
4(11533 3683 11416 7514)
4(11533 7516 11529 3683)
4(11533 3683 11532 7518)
4(2045 7514 11533 7518)
4(11534 7632 11521 3683)
4(11534 3683 11529 7633)
4(11534 7635 11532 3683)
4(2110 7635 11534 7632)
4(11534 3683 11533 7644)
4(2118 7644 11533 7516)
4(2118 7633 11534 7644)
4(2119 7518 11533 7644)
4(2119 7644 11534 7635)
4(11536 7511 11420 3684)
4(11536 3684 11525 7512)
4(11537 3684 11420 7519)
4(11537 7521 11535 3684)
4(11537 3684 11536 7524)
4(2052 7524 11536 7511)
4(2052 7519 11537 7524)
4(11538 7637 11525 3684)
4(11538 3684 11535 7638)
4(11538 7641 11536 3684)
4(2117 7512 11536 7641)
4(2117 7641 11538 7637)
4(11538 3684 11537 7649)
4(2125 7649 11537 7521)
4(2125 7638 11538 7649)
4(2126 7641 11536 7524)
4(2126 7524 11537 7649)
4(2126 7649 11538 7641)
4(11539 7524 11536 3685)
4(11540 3685 11536 7641)
4(2126 7641 11540 7652)
4(11542 7517 11426 3686)
4(11542 3686 11533 7518)
4(11543 3686 11426 7525)
4(11543 7526 11541 3686)
4(11543 3686 11542 7529)
4(2054 7525 11543 7529)
4(11544 7644 11533 3686)
4(11544 3686 11541 7645)
4(11544 7647 11542 3686)
4(2119 7647 11544 7644)
4(11544 3686 11543 7655)
4(2127 7645 11544 7655)
4(2128 7529 11543 7655)
4(2128 7655 11544 7647)
4(11548 7523 11432 3687)
4(11548 3687 11537 7524)
4(11549 3687 11432 7535)
4(11549 7537 11546 3687)
4(11549 3687 11548 7538)
4(11550 7649 11537 3687)
4(11550 3687 11546 7650)
4(11550 7653 11548 3687)
4(2126 7653 11550 7649)
4(11550 3687 11549 7665)
4(2134 7665 11549 7537)
4(2134 7650 11550 7665)
4(2135 7665 11550 7653)
4(11551 3688 11543 7529)
4(2128 7529 11551 7658)
4(2128 7658 11552 7655)
4(11553 7530 11437 3689)
4(11553 3689 11545 7531)
4(11554 3689 11437 7539)
4(11554 7540 11551 3689)
4(11554 3689 11553 7543)
4(2063 7539 11554 7543)
4(2063 7543 11553 7530)
4(11555 7657 11545 3689)
4(11555 3689 11551 7658)
4(11555 7660 11553 3689)
4(2129 7660 11555 7657)
4(2129 7531 11553 7660)
4(11555 3689 11554 7669)
4(2136 7658 11555 7669)
4(2137 7543 11554 7669)
4(2137 7669 11555 7660)
4(2137 7660 11553 7543)
4(11561 7536 11445 3690)
4(11561 3690 11547 7537)
4(11562 3690 11445 7553)
4(11562 7555 11559 3690)
4(2067 7533 11559 7555)
4(11562 3690 11561 7556)
4(11563 7662 11547 3690)
4(11563 3690 11559 7663)
4(2133 7663 11559 7534)
4(11563 7666 11561 3690)
4(2134 7537 11561 7666)
4(2134 7666 11563 7662)
4(11563 3690 11562 7683)
4(2141 7683 11562 7555)
4(2141 7663 11563 7683)
4(2141 7555 11559 7663)
4(2142 7683 11563 7666)
4(11565 3692 11554 7543)
4(2137 7543 11565 7672)
4(2137 7672 11566 7669)
4(11567 7545 11451 3693)
4(11567 3693 11556 7546)
4(2064 7546 11556 7541)
4(11568 3693 11567 7559)
4(2069 7559 11567 7545)
4(11569 7671 11556 3693)
4(2137 7543 11556 7671)
4(11569 7675 11567 3693)
4(2138 7546 11567 7675)
4(2138 7675 11569 7671)
4(2138 7671 11556 7546)
4(2143 7675 11567 7559)
4(2143 7687 11569 7675)
4(11570 7548 11454 3694)
4(11570 3694 11557 7549)
4(11571 3694 11454 7558)
4(11571 7559 11567 3694)
4(11571 3694 11570 7561)
4(2070 7561 11570 7548)
4(11572 7674 11557 3694)
4(11572 3694 11567 7675)
4(11572 7678 11570 3694)
4(2139 7549 11570 7678)
4(2139 7678 11572 7674)
4(11572 3694 11571 7688)
4(2143 7675 11572 7688)
4(2144 7678 11570 7561)
4(2144 7688 11572 7678)
4(11573 7551 11457 3695)
4(11573 3695 11558 7552)
4(11574 3695 11457 7560)
4(11574 7561 11570 3695)
4(11574 3695 11573 7563)
4(2071 7563 11573 7551)
4(11575 7677 11558 3695)
4(11575 3695 11570 7678)
4(11575 7681 11573 3695)
4(2140 7552 11573 7681)
4(2140 7681 11575 7677)
4(11575 3695 11574 7690)
4(2144 7678 11575 7690)
4(2145 7681 11573 7563)
4(2145 7690 11575 7681)
4(11576 3696 11560 7555)
4(2067 7555 11560 7550)
4(11577 7563 11573 3696)
4(11578 7680 11560 3696)
4(11578 3696 11573 7681)
4(2140 7552 11560 7680)
4(2141 7555 11576 7684)
4(2141 7684 11578 7680)
4(2141 7680 11560 7555)
4(2145 7681 11578 7692)
4(11585 3698 11584 7581)
4(2076 7581 11584 7565)
4(2076 7576 11585 7581)
4(2150 7695 11584 7581)
4(2150 7581 11585 7706)
4(2150 7706 11586 7695)
4(11587 7567 11471 3699)
4(11587 3699 11580 7568)
4(11588 3699 11471 7579)
4(11588 7581 11584 3699)
4(11588 3699 11587 7583)
4(2077 7583 11587 7567)
4(2077 7579 11588 7583)
4(11589 7697 11587 3699)
4(2146 7568 11587 7697)
4(2146 7697 11589 7694)
4(11589 3699 11588 7709)
4(2150 7695 11589 7709)
4(2150 7709 11588 7581)
4(2151 7697 11587 7583)
4(2151 7709 11589 7697)
4(2151 7583 11588 7709)
4(11590 7570 11474 3700)
4(11590 3700 11581 7571)
4(11591 3700 11474 7582)
4(11591 7583 11587 3700)
4(11591 3700 11590 7585)
4(2078 7585 11590 7570)
4(11592 7696 11581 3700)
4(11592 3700 11587 7697)
4(11592 7700 11590 3700)
4(2147 7571 11590 7700)
4(2147 7700 11592 7696)
4(11592 3700 11591 7712)
4(2151 7697 11592 7712)
4(2152 7700 11590 7585)
4(2152 7712 11592 7700)
4(11593 7573 11477 3701)
4(11593 3701 11582 7574)
4(11594 3701 11477 7584)
4(11594 7585 11590 3701)
4(11594 3701 11593 7587)
4(2079 7587 11593 7573)
4(11595 7699 11582 3701)
4(11595 3701 11590 7700)
4(11595 7703 11593 3701)
4(2148 7574 11593 7703)
4(2148 7703 11595 7699)
4(11595 3701 11594 7714)
4(2152 7700 11595 7714)
4(2153 7703 11593 7587)
4(2153 7714 11595 7703)
4(11597 3702 11480 7586)
4(11597 7587 11593 3702)
4(11597 3702 11596 7590)
4(2080 7590 11596 7575)
4(2080 7586 11597 7590)
4(11598 3702 11593 7703)
4(11598 3702 11597 7716)
4(2153 7703 11598 7716)
4(2153 7716 11597 7587)
4(2154 7705 11596 7590)
4(2154 7716 11598 7705)
4(2154 7590 11597 7716)
4(11599 7590 11596 3703)
4(2154 7718 11599 7590)
4(2154 7705 11600 7718)
4(11602 3704 11601 7598)
4(2083 7598 11601 7577)
4(2083 7593 11602 7598)
4(2157 7707 11601 7598)
4(2157 7598 11602 7723)
4(2157 7723 11603 7707)
4(11604 7580 11488 3705)
4(11604 3705 11585 7581)
4(11605 3705 11488 7596)
4(11605 7598 11601 3705)
4(11605 3705 11604 7599)
4(2084 7599 11604 7580)
4(11606 7706 11585 3705)
4(11606 3705 11601 7707)
4(11606 7710 11604 3705)
4(2150 7710 11606 7706)
4(2150 7581 11604 7710)
4(11606 3705 11605 7726)
4(2157 7707 11606 7726)
4(2158 7726 11606 7710)
4(2158 7710 11604 7599)
4(11608 7591 11492 3706)
4(11608 3706 11599 7592)
4(11609 3706 11492 7600)
4(11609 7601 11607 3706)
4(2088 7589 11607 7601)
4(11609 3706 11608 7604)
4(2089 7604 11608 7591)
4(11610 7718 11599 3706)
4(11610 3706 11607 7719)
4(2154 7719 11607 7590)
4(11610 7721 11608 3706)
4(2155 7721 11610 7718)
4(11610 3706 11609 7730)
4(2162 7719 11610 7730)
4(2162 7601 11607 7719)
4(2163 7721 11608 7604)
4(2163 7730 11610 7721)
4(11611 7604 11608 3707)
4(2163 7732 11611 7604)
4(2163 7721 11612 7732)
4(11615 7597 11499 3708)
4(11615 3708 11602 7598)
4(11616 3708 11499 7608)
4(11616 7610 11613 3708)
4(11616 3708 11615 7612)
4(2092 7608 11616 7612)
4(11617 7723 11602 3708)
4(11617 3708 11613 7724)
4(11617 7727 11615 3708)
4(2157 7727 11617 7723)
4(11617 3708 11616 7738)
4(2165 7738 11616 7610)
4(2165 7724 11617 7738)
4(2166 7612 11616 7738)
4(2166 7738 11617 7727)
4(11619 7605 11503 3709)
4(11619 3709 11611 7606)
4(11620 3709 11503 7613)
4(11620 7615 11618 3709)
4(11620 3709 11619 7618)
4(2099 7613 11620 7618)
4(11621 7732 11611 3709)
4(11621 3709 11618 7733)
4(11621 7735 11619 3709)
4(2164 7735 11621 7732)
4(11621 3709 11620 7743)
4(2172 7743 11620 7615)
4(2172 7733 11621 7743)
4(2173 7618 11620 7743)
4(2173 7743 11621 7735)
4(11623 7609 11507 3710)
4(11623 3710 11614 7610)
4(11624 3710 11623 7622)
4(2100 7622 11623 7609)
4(2100 7619 11624 7622)
4(11625 7739 11623 3710)
4(2165 7610 11623 7739)
4(2165 7739 11625 7737)
4(2174 7739 11623 7622)
4(2174 7622 11624 7749)
4(2174 7749 11625 7739)
4(11626 7611 11510 3711)
4(11626 3711 11616 7612)
4(11627 3711 11510 7620)
4(11627 7622 11623 3711)
4(11627 3711 11626 7624)
4(2101 7620 11627 7624)
4(11628 7738 11616 3711)
4(11628 3711 11623 7739)
4(11628 7741 11626 3711)
4(2166 7741 11628 7738)
4(11628 3711 11627 7750)
4(2174 7750 11627 7622)
4(2174 7739 11628 7750)
4(2175 7624 11627 7750)
4(2175 7750 11628 7741)
4(11630 7617 11514 3712)
4(11630 3712 11620 7618)
4(11631 3712 11514 7625)
4(11631 7627 11629 3712)
4(11631 3712 11630 7630)
4(2108 7630 11630 7617)
4(2108 7625 11631 7630)
4(11632 7743 11620 3712)
4(11632 3712 11629 7744)
4(11632 7747 11630 3712)
4(2173 7618 11630 7747)
4(2173 7747 11632 7743)
4(11632 3712 11631 7755)
4(2181 7755 11631 7627)
4(2181 7744 11632 7755)
4(2182 7747 11630 7630)
4(2182 7630 11631 7755)
4(2182 7755 11632 7747)
4(11633 7630 11630 3713)
4(11634 3713 11630 7747)
4(2182 7758 11633 7630)
4(2182 7747 11634 7758)
4(11635 7621 11519 3714)
4(11635 3714 11624 7622)
4(11636 3714 11635 7634)
4(2109 7634 11635 7621)
4(2109 7631 11636 7634)
4(11637 7751 11635 3714)
4(2174 7622 11635 7751)
4(2174 7751 11637 7749)
4(2183 7751 11635 7634)
4(2183 7634 11636 7761)
4(2183 7761 11637 7751)
4(11638 7623 11522 3715)
4(11638 3715 11627 7624)
4(11639 3715 11522 7632)
4(11639 7634 11635 3715)
4(11639 3715 11638 7636)
4(2110 7632 11639 7636)
4(11640 7750 11627 3715)
4(11640 3715 11635 7751)
4(11640 7753 11638 3715)
4(2175 7753 11640 7750)
4(11640 3715 11639 7762)
4(2183 7762 11639 7634)
4(2183 7751 11640 7762)
4(2184 7636 11639 7762)
4(2184 7762 11640 7753)
4(11642 7629 11526 3716)
4(11642 3716 11631 7630)
4(11643 3716 11526 7637)
4(11643 7639 11641 3716)
4(11643 3716 11642 7642)
4(2117 7642 11642 7629)
4(2117 7637 11643 7642)
4(11644 7755 11631 3716)
4(11644 3716 11641 7756)
4(11644 7759 11642 3716)
4(2182 7630 11642 7759)
4(2182 7759 11644 7755)
4(11644 3716 11643 7767)
4(2190 7767 11643 7639)
4(2190 7756 11644 7767)
4(2191 7759 11642 7642)
4(2191 7642 11643 7767)
4(2191 7767 11644 7759)
4(11645 7642 11642 3717)
4(11646 3717 11642 7759)
4(2191 7770 11645 7642)
4(2191 7759 11646 7770)
4(11647 7633 11531 3718)
4(11647 3718 11636 7634)
4(11648 3718 11647 7646)
4(2118 7646 11647 7633)
4(11649 7763 11647 3718)
4(2183 7634 11647 7763)
4(2183 7763 11649 7761)
4(2192 7763 11647 7646)
4(2192 7773 11649 7763)
4(11650 7635 11534 3719)
4(11650 3719 11639 7636)
4(11651 3719 11534 7644)
4(11651 7646 11647 3719)
4(11651 3719 11650 7648)
4(2119 7644 11651 7648)
4(11652 7762 11639 3719)
4(11652 3719 11647 7763)
4(11652 7765 11650 3719)
4(2184 7765 11652 7762)
4(11652 3719 11651 7774)
4(2192 7774 11651 7646)
4(2192 7763 11652 7774)
4(2193 7648 11651 7774)
4(2193 7774 11652 7765)
4(11654 7641 11538 3720)
4(11654 3720 11643 7642)
4(11655 3720 11538 7649)
4(11655 7651 11653 3720)
4(11655 3720 11654 7654)
4(2126 7654 11654 7641)
4(2126 7649 11655 7654)
4(11656 7767 11643 3720)
4(11656 3720 11653 7768)
4(11656 7771 11654 3720)
4(2191 7642 11654 7771)
4(2191 7771 11656 7767)
4(11656 3720 11655 7779)
4(2199 7779 11655 7651)
4(2199 7768 11656 7779)
4(2200 7771 11654 7654)
4(2200 7654 11655 7779)
4(2200 7779 11656 7771)
4(11657 7654 11654 3721)
4(11658 3721 11654 7771)
4(2200 7771 11658 7782)
4(11660 7647 11544 3722)
4(11660 3722 11651 7648)
4(11661 3722 11544 7655)
4(11661 7656 11659 3722)
4(11661 3722 11660 7659)
4(2128 7655 11661 7659)
4(11662 7774 11651 3722)
4(11662 3722 11659 7775)
4(11662 7777 11660 3722)
4(2193 7777 11662 7774)
4(11662 3722 11661 7785)
4(2201 7775 11662 7785)
4(2202 7659 11661 7785)
4(2202 7785 11662 7777)
4(11666 7653 11550 3723)
4(11666 3723 11655 7654)
4(11667 3723 11550 7665)
4(11667 7667 11664 3723)
4(11667 3723 11666 7668)
4(11668 7779 11655 3723)
4(11668 3723 11664 7780)
4(11668 7783 11666 3723)
4(2200 7783 11668 7779)
4(11668 3723 11667 7795)
4(2208 7795 11667 7667)
4(2208 7780 11668 7795)
4(2209 7795 11668 7783)
4(11669 3724 11661 7659)
4(2202 7659 11669 7788)
4(2202 7788 11670 7785)
4(11671 7660 11555 3725)
4(11671 3725 11663 7661)
4(11672 3725 11555 7669)
4(11672 7670 11669 3725)
4(11672 3725 11671 7673)
4(2137 7669 11672 7673)
4(2137 7673 11671 7660)
4(11673 7787 11663 3725)
4(11673 3725 11669 7788)
4(11673 7790 11671 3725)
4(2203 7790 11673 7787)
4(2203 7661 11671 7790)
4(11673 3725 11672 7799)
4(2210 7788 11673 7799)
4(2211 7673 11672 7799)
4(2211 7799 11673 7790)
4(2211 7790 11671 7673)
4(11679 7666 11563 3726)
4(11679 3726 11665 7667)
4(11680 3726 11563 7683)
4(11680 7685 11677 3726)
4(2141 7663 11677 7685)
4(11680 3726 11679 7686)
4(11681 7792 11665 3726)
4(11681 3726 11677 7793)
4(2207 7793 11677 7664)
4(11681 7796 11679 3726)
4(2208 7667 11679 7796)
4(2208 7796 11681 7792)
4(11681 3726 11680 7813)
4(2215 7813 11680 7685)
4(2215 7793 11681 7813)
4(2215 7685 11677 7793)
4(2216 7813 11681 7796)
4(11683 3728 11672 7673)
4(2211 7673 11683 7802)
4(2211 7802 11684 7799)
4(11685 7675 11569 3729)
4(11685 3729 11674 7676)
4(2138 7676 11674 7671)
4(11686 3729 11685 7689)
4(2143 7689 11685 7675)
4(11687 7801 11674 3729)
4(2211 7673 11674 7801)
4(11687 7805 11685 3729)
4(2212 7676 11685 7805)
4(2212 7805 11687 7801)
4(2212 7801 11674 7676)
4(2217 7805 11685 7689)
4(2217 7817 11687 7805)
4(11688 7678 11572 3730)
4(11688 3730 11675 7679)
4(11689 3730 11572 7688)
4(11689 7689 11685 3730)
4(11689 3730 11688 7691)
4(2144 7691 11688 7678)
4(11690 7804 11675 3730)
4(11690 3730 11685 7805)
4(11690 7808 11688 3730)
4(2213 7679 11688 7808)
4(2213 7808 11690 7804)
4(11690 3730 11689 7818)
4(2217 7805 11690 7818)
4(2218 7808 11688 7691)
4(2218 7818 11690 7808)
4(11691 7681 11575 3731)
4(11691 3731 11676 7682)
4(11692 3731 11575 7690)
4(11692 7691 11688 3731)
4(11692 3731 11691 7693)
4(2145 7693 11691 7681)
4(11693 7807 11676 3731)
4(11693 3731 11688 7808)
4(11693 7811 11691 3731)
4(2214 7682 11691 7811)
4(2214 7811 11693 7807)
4(11693 3731 11692 7820)
4(2218 7808 11693 7820)
4(2219 7811 11691 7693)
4(2219 7820 11693 7811)
4(11694 3732 11678 7685)
4(2141 7685 11678 7680)
4(11695 7693 11691 3732)
4(11696 7810 11678 3732)
4(11696 3732 11691 7811)
4(2214 7682 11678 7810)
4(2215 7685 11694 7814)
4(2215 7814 11696 7810)
4(2215 7810 11678 7685)
4(2219 7811 11696 7822)
4(11703 3734 11702 7711)
4(2150 7711 11702 7695)
4(2150 7706 11703 7711)
4(2224 7825 11702 7711)
4(2224 7711 11703 7836)
4(2224 7836 11704 7825)
4(11705 7697 11589 3735)
4(11705 3735 11698 7698)
4(11706 3735 11589 7709)
4(11706 7711 11702 3735)
4(11706 3735 11705 7713)
4(2151 7713 11705 7697)
4(2151 7709 11706 7713)
4(11707 7827 11705 3735)
4(2220 7698 11705 7827)
4(2220 7827 11707 7824)
4(11707 3735 11706 7839)
4(2224 7825 11707 7839)
4(2224 7839 11706 7711)
4(2225 7827 11705 7713)
4(2225 7839 11707 7827)
4(2225 7713 11706 7839)
4(11708 7700 11592 3736)
4(11708 3736 11699 7701)
4(11709 3736 11592 7712)
4(11709 7713 11705 3736)
4(11709 3736 11708 7715)
4(2152 7715 11708 7700)
4(11710 7826 11699 3736)
4(11710 3736 11705 7827)
4(11710 7830 11708 3736)
4(2221 7701 11708 7830)
4(2221 7830 11710 7826)
4(11710 3736 11709 7842)
4(2225 7827 11710 7842)
4(2226 7830 11708 7715)
4(2226 7842 11710 7830)
4(11711 7703 11595 3737)
4(11711 3737 11700 7704)
4(11712 3737 11595 7714)
4(11712 7715 11708 3737)
4(11712 3737 11711 7717)
4(2153 7717 11711 7703)
4(11713 7829 11700 3737)
4(11713 3737 11708 7830)
4(11713 7833 11711 3737)
4(2222 7704 11711 7833)
4(2222 7833 11713 7829)
4(11713 3737 11712 7844)
4(2226 7830 11713 7844)
4(2227 7833 11711 7717)
4(2227 7844 11713 7833)
4(11715 3738 11598 7716)
4(11715 7717 11711 3738)
4(11715 3738 11714 7720)
4(2154 7720 11714 7705)
4(2154 7716 11715 7720)
4(11716 3738 11711 7833)
4(11716 3738 11715 7846)
4(2227 7833 11716 7846)
4(2227 7846 11715 7717)
4(2228 7835 11714 7720)
4(2228 7846 11716 7835)
4(2228 7720 11715 7846)
4(11717 7720 11714 3739)
4(2228 7848 11717 7720)
4(2228 7835 11718 7848)
4(11720 3740 11719 7728)
4(2157 7728 11719 7707)
4(2157 7723 11720 7728)
4(2231 7837 11719 7728)
4(2231 7728 11720 7853)
4(2231 7853 11721 7837)
4(11722 7710 11606 3741)
4(11722 3741 11703 7711)
4(11723 3741 11606 7726)
4(11723 7728 11719 3741)
4(11723 3741 11722 7729)
4(2158 7729 11722 7710)
4(11724 7836 11703 3741)
4(11724 3741 11719 7837)
4(11724 7840 11722 3741)
4(2224 7840 11724 7836)
4(2224 7711 11722 7840)
4(11724 3741 11723 7856)
4(2231 7837 11724 7856)
4(2232 7856 11724 7840)
4(2232 7840 11722 7729)
4(11726 7721 11610 3742)
4(11726 3742 11717 7722)
4(11727 3742 11610 7730)
4(11727 7731 11725 3742)
4(2162 7719 11725 7731)
4(11727 3742 11726 7734)
4(2163 7734 11726 7721)
4(11728 7848 11717 3742)
4(11728 3742 11725 7849)
4(2228 7849 11725 7720)
4(11728 7851 11726 3742)
4(2229 7851 11728 7848)
4(11728 3742 11727 7860)
4(2236 7849 11728 7860)
4(2236 7731 11725 7849)
4(2237 7851 11726 7734)
4(2237 7860 11728 7851)
4(11729 7734 11726 3743)
4(2237 7862 11729 7734)
4(2237 7851 11730 7862)
4(11733 7727 11617 3744)
4(11733 3744 11720 7728)
4(11734 3744 11617 7738)
4(11734 7740 11731 3744)
4(11734 3744 11733 7742)
4(2166 7738 11734 7742)
4(11735 7853 11720 3744)
4(11735 3744 11731 7854)
4(11735 7857 11733 3744)
4(2231 7857 11735 7853)
4(11735 3744 11734 7868)
4(2239 7868 11734 7740)
4(2239 7854 11735 7868)
4(2240 7742 11734 7868)
4(2240 7868 11735 7857)
4(11737 7735 11621 3745)
4(11737 3745 11729 7736)
4(11738 3745 11621 7743)
4(11738 7745 11736 3745)
4(11738 3745 11737 7748)
4(2173 7743 11738 7748)
4(11739 7862 11729 3745)
4(11739 3745 11736 7863)
4(11739 7865 11737 3745)
4(2238 7865 11739 7862)
4(11739 3745 11738 7873)
4(2246 7873 11738 7745)
4(2246 7863 11739 7873)
4(2247 7748 11738 7873)
4(2247 7873 11739 7865)
4(11741 7739 11625 3746)
4(11741 3746 11732 7740)
4(11742 3746 11741 7752)
4(2174 7752 11741 7739)
4(2174 7749 11742 7752)
4(11743 7869 11741 3746)
4(2239 7740 11741 7869)
4(2239 7869 11743 7867)
4(2248 7869 11741 7752)
4(2248 7752 11742 7879)
4(2248 7879 11743 7869)
4(11744 7741 11628 3747)
4(11744 3747 11734 7742)
4(11745 3747 11628 7750)
4(11745 7752 11741 3747)
4(11745 3747 11744 7754)
4(2175 7750 11745 7754)
4(11746 7868 11734 3747)
4(11746 3747 11741 7869)
4(11746 7871 11744 3747)
4(2240 7871 11746 7868)
4(11746 3747 11745 7880)
4(2248 7880 11745 7752)
4(2248 7869 11746 7880)
4(2249 7754 11745 7880)
4(2249 7880 11746 7871)
4(11748 7747 11632 3748)
4(11748 3748 11738 7748)
4(11749 3748 11632 7755)
4(11749 7757 11747 3748)
4(11749 3748 11748 7760)
4(2182 7760 11748 7747)
4(2182 7755 11749 7760)
4(11750 7873 11738 3748)
4(11750 3748 11747 7874)
4(11750 7877 11748 3748)
4(2247 7748 11748 7877)
4(2247 7877 11750 7873)
4(11750 3748 11749 7885)
4(2255 7885 11749 7757)
4(2255 7874 11750 7885)
4(2256 7877 11748 7760)
4(2256 7760 11749 7885)
4(2256 7885 11750 7877)
4(11751 7760 11748 3749)
4(11752 3749 11748 7877)
4(2256 7888 11751 7760)
4(2256 7877 11752 7888)
4(11753 7751 11637 3750)
4(11753 3750 11742 7752)
4(11754 3750 11753 7764)
4(2183 7764 11753 7751)
4(2183 7761 11754 7764)
4(11755 7881 11753 3750)
4(2248 7752 11753 7881)
4(2248 7881 11755 7879)
4(2257 7881 11753 7764)
4(2257 7764 11754 7891)
4(2257 7891 11755 7881)
4(11756 7753 11640 3751)
4(11756 3751 11745 7754)
4(11757 3751 11640 7762)
4(11757 7764 11753 3751)
4(11757 3751 11756 7766)
4(2184 7762 11757 7766)
4(11758 7880 11745 3751)
4(11758 3751 11753 7881)
4(11758 7883 11756 3751)
4(2249 7883 11758 7880)
4(11758 3751 11757 7892)
4(2257 7892 11757 7764)
4(2257 7881 11758 7892)
4(2258 7766 11757 7892)
4(2258 7892 11758 7883)
4(11760 7759 11644 3752)
4(11760 3752 11749 7760)
4(11761 3752 11644 7767)
4(11761 7769 11759 3752)
4(11761 3752 11760 7772)
4(2191 7772 11760 7759)
4(2191 7767 11761 7772)
4(11762 7885 11749 3752)
4(11762 3752 11759 7886)
4(11762 7889 11760 3752)
4(2256 7760 11760 7889)
4(2256 7889 11762 7885)
4(11762 3752 11761 7897)
4(2264 7897 11761 7769)
4(2264 7886 11762 7897)
4(2265 7889 11760 7772)
4(2265 7772 11761 7897)
4(2265 7897 11762 7889)
4(11763 7772 11760 3753)
4(11764 3753 11760 7889)
4(2265 7900 11763 7772)
4(2265 7889 11764 7900)
4(11765 7763 11649 3754)
4(11765 3754 11754 7764)
4(11766 3754 11765 7776)
4(2192 7776 11765 7763)
4(11767 7893 11765 3754)
4(2257 7764 11765 7893)
4(2257 7893 11767 7891)
4(2266 7893 11765 7776)
4(2266 7903 11767 7893)
4(11768 7765 11652 3755)
4(11768 3755 11757 7766)
4(11769 3755 11652 7774)
4(11769 7776 11765 3755)
4(11769 3755 11768 7778)
4(2193 7774 11769 7778)
4(11770 7892 11757 3755)
4(11770 3755 11765 7893)
4(11770 7895 11768 3755)
4(2258 7895 11770 7892)
4(11770 3755 11769 7904)
4(2266 7904 11769 7776)
4(2266 7893 11770 7904)
4(2267 7778 11769 7904)
4(2267 7904 11770 7895)
4(11772 7771 11656 3756)
4(11772 3756 11761 7772)
4(11773 3756 11656 7779)
4(11773 7781 11771 3756)
4(11773 3756 11772 7784)
4(2200 7784 11772 7771)
4(2200 7779 11773 7784)
4(11774 7897 11761 3756)
4(11774 3756 11771 7898)
4(11774 7901 11772 3756)
4(2265 7772 11772 7901)
4(2265 7901 11774 7897)
4(11774 3756 11773 7909)
4(2273 7909 11773 7781)
4(2273 7898 11774 7909)
4(2274 7901 11772 7784)
4(2274 7784 11773 7909)
4(2274 7909 11774 7901)
4(11775 7784 11772 3757)
4(11776 3757 11772 7901)
4(2274 7901 11776 7912)
4(11778 7777 11662 3758)
4(11778 3758 11769 7778)
4(11779 3758 11662 7785)
4(11779 7786 11777 3758)
4(11779 3758 11778 7789)
4(2202 7785 11779 7789)
4(11780 7904 11769 3758)
4(11780 3758 11777 7905)
4(11780 7907 11778 3758)
4(2267 7907 11780 7904)
4(11780 3758 11779 7915)
4(2275 7905 11780 7915)
4(2276 7789 11779 7915)
4(2276 7915 11780 7907)
4(11784 7783 11668 3759)
4(11784 3759 11773 7784)
4(11785 3759 11668 7795)
4(11785 7797 11782 3759)
4(11785 3759 11784 7798)
4(11786 7909 11773 3759)
4(11786 3759 11782 7910)
4(11786 7913 11784 3759)
4(2274 7913 11786 7909)
4(11786 3759 11785 7925)
4(2282 7925 11785 7797)
4(2282 7910 11786 7925)
4(2283 7925 11786 7913)
4(11787 3760 11779 7789)
4(2276 7789 11787 7918)
4(2276 7918 11788 7915)
4(11789 7790 11673 3761)
4(11789 3761 11781 7791)
4(11790 3761 11673 7799)
4(11790 7800 11787 3761)
4(11790 3761 11789 7803)
4(2211 7799 11790 7803)
4(2211 7803 11789 7790)
4(11791 7917 11781 3761)
4(11791 3761 11787 7918)
4(11791 7920 11789 3761)
4(2277 7920 11791 7917)
4(2277 7791 11789 7920)
4(11791 3761 11790 7929)
4(2284 7918 11791 7929)
4(2285 7803 11790 7929)
4(2285 7929 11791 7920)
4(2285 7920 11789 7803)
4(11797 7796 11681 3762)
4(11797 3762 11783 7797)
4(11798 3762 11681 7813)
4(11798 7815 11795 3762)
4(2215 7793 11795 7815)
4(11798 3762 11797 7816)
4(11799 7922 11783 3762)
4(11799 3762 11795 7923)
4(2281 7923 11795 7794)
4(11799 7926 11797 3762)
4(2282 7797 11797 7926)
4(2282 7926 11799 7922)
4(11799 3762 11798 7943)
4(2289 7943 11798 7815)
4(2289 7923 11799 7943)
4(2289 7815 11795 7923)
4(2290 7943 11799 7926)
4(11801 3764 11790 7803)
4(2285 7803 11801 7932)
4(2285 7932 11802 7929)
4(11803 7805 11687 3765)
4(11803 3765 11792 7806)
4(2212 7806 11792 7801)
4(11804 3765 11803 7819)
4(2217 7819 11803 7805)
4(11805 7931 11792 3765)
4(2285 7803 11792 7931)
4(11805 7935 11803 3765)
4(2286 7806 11803 7935)
4(2286 7935 11805 7931)
4(2286 7931 11792 7806)
4(2291 7935 11803 7819)
4(2291 7947 11805 7935)
4(11806 7808 11690 3766)
4(11806 3766 11793 7809)
4(11807 3766 11690 7818)
4(11807 7819 11803 3766)
4(11807 3766 11806 7821)
4(2218 7821 11806 7808)
4(11808 7934 11793 3766)
4(11808 3766 11803 7935)
4(11808 7938 11806 3766)
4(2287 7809 11806 7938)
4(2287 7938 11808 7934)
4(11808 3766 11807 7948)
4(2291 7935 11808 7948)
4(2292 7938 11806 7821)
4(2292 7948 11808 7938)
4(11809 7811 11693 3767)
4(11809 3767 11794 7812)
4(11810 3767 11693 7820)
4(11810 7821 11806 3767)
4(11810 3767 11809 7823)
4(2219 7823 11809 7811)
4(11811 7937 11794 3767)
4(11811 3767 11806 7938)
4(11811 7941 11809 3767)
4(2288 7812 11809 7941)
4(2288 7941 11811 7937)
4(11811 3767 11810 7950)
4(2292 7938 11811 7950)
4(2293 7941 11809 7823)
4(2293 7950 11811 7941)
4(11812 3768 11796 7815)
4(2215 7815 11796 7810)
4(11813 7823 11809 3768)
4(11814 7940 11796 3768)
4(11814 3768 11809 7941)
4(2288 7812 11796 7940)
4(2289 7815 11812 7944)
4(2289 7944 11814 7940)
4(2289 7940 11796 7815)
4(2293 7941 11814 7952)
4(11821 3770 11820 7841)
4(2224 7841 11820 7825)
4(2224 7836 11821 7841)
4(2298 7955 11820 7841)
4(2298 7841 11821 7966)
4(2298 7966 11822 7955)
4(11823 7827 11707 3771)
4(11823 3771 11816 7828)
4(11824 3771 11707 7839)
4(11824 7841 11820 3771)
4(11824 3771 11823 7843)
4(2225 7843 11823 7827)
4(2225 7839 11824 7843)
4(11825 7957 11823 3771)
4(2294 7828 11823 7957)
4(2294 7957 11825 7954)
4(11825 3771 11824 7969)
4(2298 7955 11825 7969)
4(2298 7969 11824 7841)
4(2299 7957 11823 7843)
4(2299 7969 11825 7957)
4(2299 7843 11824 7969)
4(11826 7830 11710 3772)
4(11826 3772 11817 7831)
4(11827 3772 11710 7842)
4(11827 7843 11823 3772)
4(11827 3772 11826 7845)
4(2226 7845 11826 7830)
4(11828 7956 11817 3772)
4(11828 3772 11823 7957)
4(11828 7960 11826 3772)
4(2295 7831 11826 7960)
4(2295 7960 11828 7956)
4(11828 3772 11827 7972)
4(2299 7957 11828 7972)
4(2300 7960 11826 7845)
4(2300 7972 11828 7960)
4(11829 7833 11713 3773)
4(11829 3773 11818 7834)
4(11830 3773 11713 7844)
4(11830 7845 11826 3773)
4(11830 3773 11829 7847)
4(2227 7847 11829 7833)
4(11831 7959 11818 3773)
4(11831 3773 11826 7960)
4(11831 7963 11829 3773)
4(2296 7834 11829 7963)
4(2296 7963 11831 7959)
4(11831 3773 11830 7975)
4(2300 7960 11831 7975)
4(2301 7963 11829 7847)
4(2301 7975 11831 7963)
4(11833 3774 11716 7846)
4(11833 7847 11829 3774)
4(11833 3774 11832 7850)
4(2228 7850 11832 7835)
4(2228 7846 11833 7850)
4(11834 3774 11829 7963)
4(11834 3774 11833 7978)
4(2301 7963 11834 7978)
4(2301 7978 11833 7847)
4(2302 7965 11832 7850)
4(2302 7978 11834 7965)
4(2302 7850 11833 7978)
4(11835 7850 11832 3775)
4(2302 7981 11835 7850)
4(2302 7965 11836 7981)
4(11838 3776 11837 7858)
4(2231 7858 11837 7837)
4(2231 7853 11838 7858)
4(2305 7967 11837 7858)
4(2305 7858 11838 7986)
4(2305 7986 11839 7967)
4(11840 7840 11724 3777)
4(11840 3777 11821 7841)
4(11841 3777 11724 7856)
4(11841 7858 11837 3777)
4(11841 3777 11840 7859)
4(2232 7859 11840 7840)
4(11842 7966 11821 3777)
4(11842 3777 11837 7967)
4(11842 7970 11840 3777)
4(2298 7970 11842 7966)
4(2298 7841 11840 7970)
4(11842 3777 11841 7989)
4(2305 7967 11842 7989)
4(2306 7989 11842 7970)
4(2306 7970 11840 7859)
4(11848 7851 11728 3778)
4(11848 3778 11835 7852)
4(11849 3778 11728 7860)
4(11849 7861 11846 3778)
4(2236 7849 11846 7861)
4(11849 3778 11848 7864)
4(2237 7864 11848 7851)
4(11850 7981 11835 3778)
4(11850 3778 11846 7982)
4(2302 7982 11846 7850)
4(11850 7984 11848 3778)
4(2303 7984 11850 7981)
4(11850 3778 11849 8004)
4(2310 7982 11850 8004)
4(2310 7861 11846 7982)
4(2311 7984 11848 7864)
4(2311 8004 11850 7984)
4(11851 7864 11848 3779)
4(2311 8007 11851 7864)
4(2311 7984 11852 8007)
4(11855 7857 11735 3780)
4(11855 3780 11838 7858)
4(11856 3780 11735 7868)
4(11856 7870 11853 3780)
4(11856 3780 11855 7872)
4(2240 7868 11856 7872)
4(11857 7986 11838 3780)
4(11857 3780 11853 7987)
4(11857 7990 11855 3780)
4(2305 7990 11857 7986)
4(11857 3780 11856 8013)
4(2313 8013 11856 7870)
4(2313 7987 11857 8013)
4(2314 7872 11856 8013)
4(2314 8013 11857 7990)
4(11865 7865 11739 3781)
4(11865 3781 11851 7866)
4(11866 3781 11739 7873)
4(11866 7875 11863 3781)
4(11866 3781 11865 7878)
4(2247 7873 11866 7878)
4(11867 8007 11851 3781)
4(11867 3781 11863 8008)
4(11867 8010 11865 3781)
4(2312 8010 11867 8007)
4(11867 3781 11866 8034)
4(2320 8034 11866 7875)
4(2320 8008 11867 8034)
4(2321 7878 11866 8034)
4(2321 8034 11867 8010)
4(11869 7869 11743 3782)
4(11869 3782 11854 7870)
4(11870 3782 11869 7882)
4(2248 7882 11869 7869)
4(2248 7879 11870 7882)
4(11871 8014 11869 3782)
4(2313 7870 11869 8014)
4(2313 8014 11871 8012)
4(2322 8014 11869 7882)
4(2322 7882 11870 8040)
4(2322 8040 11871 8014)
4(11872 7871 11746 3783)
4(11872 3783 11856 7872)
4(11873 3783 11746 7880)
4(11873 7882 11869 3783)
4(11873 3783 11872 7884)
4(2249 7880 11873 7884)
4(11874 8013 11856 3783)
4(11874 3783 11869 8014)
4(11874 8017 11872 3783)
4(2314 8017 11874 8013)
4(11874 3783 11873 8041)
4(2322 8041 11873 7882)
4(2322 8014 11874 8041)
4(2323 7884 11873 8041)
4(2323 8041 11874 8017)
4(11882 7877 11750 3784)
4(11882 3784 11866 7878)
4(11883 3784 11750 7885)
4(11883 7887 11880 3784)
4(11883 3784 11882 7890)
4(2256 7890 11882 7877)
4(2256 7885 11883 7890)
4(11884 8034 11866 3784)
4(11884 3784 11880 8035)
4(11884 8038 11882 3784)
4(2321 7878 11882 8038)
4(2321 8038 11884 8034)
4(11884 3784 11883 8062)
4(2329 8062 11883 7887)
4(2329 8035 11884 8062)
4(2330 8038 11882 7890)
4(2330 7890 11883 8062)
4(2330 8062 11884 8038)
4(11885 7890 11882 3785)
4(11886 3785 11882 8038)
4(2330 8065 11885 7890)
4(2330 8038 11886 8065)
4(11887 7881 11755 3786)
4(11887 3786 11870 7882)
4(11888 3786 11887 7894)
4(2257 7894 11887 7881)
4(2257 7891 11888 7894)
4(11889 8042 11887 3786)
4(2322 7882 11887 8042)
4(2322 8042 11889 8040)
4(2331 8042 11887 7894)
4(2331 7894 11888 8068)
4(2331 8068 11889 8042)
4(11890 7883 11758 3787)
4(11890 3787 11873 7884)
4(11891 3787 11758 7892)
4(11891 7894 11887 3787)
4(11891 3787 11890 7896)
4(2258 7892 11891 7896)
4(11892 8041 11873 3787)
4(11892 3787 11887 8042)
4(11892 8045 11890 3787)
4(2323 8045 11892 8041)
4(11892 3787 11891 8069)
4(2331 8069 11891 7894)
4(2331 8042 11892 8069)
4(2332 7896 11891 8069)
4(2332 8069 11892 8045)
4(11900 7889 11762 3788)
4(11900 3788 11883 7890)
4(11901 3788 11762 7897)
4(11901 7899 11898 3788)
4(11901 3788 11900 7902)
4(2265 7902 11900 7889)
4(2265 7897 11901 7902)
4(11902 8062 11883 3788)
4(11902 3788 11898 8063)
4(11902 8066 11900 3788)
4(2330 7890 11900 8066)
4(2330 8066 11902 8062)
4(11902 3788 11901 8090)
4(2338 8090 11901 7899)
4(2338 8063 11902 8090)
4(2339 8066 11900 7902)
4(2339 7902 11901 8090)
4(2339 8090 11902 8066)
4(11903 7902 11900 3789)
4(11904 3789 11900 8066)
4(2339 8093 11903 7902)
4(2339 8066 11904 8093)
4(11905 7893 11767 3790)
4(11905 3790 11888 7894)
4(11906 3790 11905 7906)
4(2266 7906 11905 7893)
4(11907 8070 11905 3790)
4(2331 7894 11905 8070)
4(2331 8070 11907 8068)
4(2340 8070 11905 7906)
4(2340 8096 11907 8070)
4(11908 7895 11770 3791)
4(11908 3791 11891 7896)
4(11909 3791 11770 7904)
4(11909 7906 11905 3791)
4(11909 3791 11908 7908)
4(2267 7904 11909 7908)
4(11910 8069 11891 3791)
4(11910 3791 11905 8070)
4(11910 8073 11908 3791)
4(2332 8073 11910 8069)
4(11910 3791 11909 8097)
4(2340 8097 11909 7906)
4(2340 8070 11910 8097)
4(2341 7908 11909 8097)
4(2341 8097 11910 8073)
4(11918 7901 11774 3792)
4(11918 3792 11901 7902)
4(11919 3792 11774 7909)
4(11919 7911 11916 3792)
4(11919 3792 11918 7914)
4(2274 7914 11918 7901)
4(2274 7909 11919 7914)
4(11920 8090 11901 3792)
4(11920 3792 11916 8091)
4(11920 8094 11918 3792)
4(2339 7902 11918 8094)
4(2339 8094 11920 8090)
4(11920 3792 11919 8118)
4(2347 8118 11919 7911)
4(2347 8091 11920 8118)
4(2348 8094 11918 7914)
4(2348 7914 11919 8118)
4(2348 8118 11920 8094)
4(11921 7914 11918 3793)
4(11922 3793 11918 8094)
4(2348 8094 11922 8121)
4(11924 7907 11780 3794)
4(11924 3794 11909 7908)
4(11925 3794 11780 7915)
4(11925 7916 11923 3794)
4(11925 3794 11924 7919)
4(2276 7915 11925 7919)
4(11926 8097 11909 3794)
4(11926 3794 11923 8098)
4(11926 8101 11924 3794)
4(2341 8101 11926 8097)
4(11926 3794 11925 8124)
4(2349 8098 11926 8124)
4(2350 7919 11925 8124)
4(2350 8124 11926 8101)
4(11936 7913 11786 3795)
4(11936 3795 11919 7914)
4(11937 3795 11786 7925)
4(11937 7927 11933 3795)
4(11937 3795 11936 7928)
4(11938 8118 11919 3795)
4(11938 3795 11933 8119)
4(11938 8122 11936 3795)
4(2348 8122 11938 8118)
4(11938 3795 11937 8144)
4(2356 8144 11937 7927)
4(2356 8119 11938 8144)
4(2357 8144 11938 8122)
4(11939 3796 11925 7919)
4(2350 7919 11939 8127)
4(2350 8127 11940 8124)
4(11941 7920 11791 3797)
4(11941 3797 11927 7921)
4(11942 3797 11791 7929)
4(11942 7930 11939 3797)
4(11942 3797 11941 7933)
4(2285 7929 11942 7933)
4(2285 7933 11941 7920)
4(11943 8126 11927 3797)
4(11943 3797 11939 8127)
4(11943 8130 11941 3797)
4(2351 8130 11943 8126)
4(2351 7921 11941 8130)
4(11943 3797 11942 8148)
4(2358 8127 11943 8148)
4(2359 7933 11942 8148)
4(2359 8148 11943 8130)
4(2359 8130 11941 7933)
4(11953 7926 11799 3798)
4(11953 3798 11934 7927)
4(11954 3798 11799 7943)
4(11954 7945 11950 3798)
4(2289 7923 11950 7945)
4(11954 3798 11953 7946)
4(11955 8141 11934 3798)
4(11955 3798 11950 8142)
4(2355 8142 11950 7924)
4(11955 8145 11953 3798)
4(2356 7927 11953 8145)
4(2356 8145 11955 8141)
4(11955 3798 11954 8162)
4(2363 8162 11954 7945)
4(2363 8142 11955 8162)
4(2363 7945 11950 8142)
4(2364 8162 11955 8145)
4(11957 3800 11942 7933)
4(2359 7933 11957 8151)
4(2359 8151 11958 8148)
4(11959 7935 11805 3801)
4(11959 3801 11944 7936)
4(2286 7936 11944 7931)
4(11960 3801 11959 7949)
4(2291 7949 11959 7935)
4(11961 8150 11944 3801)
4(2359 7933 11944 8150)
4(11961 8154 11959 3801)
4(2360 7936 11959 8154)
4(2360 8154 11961 8150)
4(2360 8150 11944 7936)
4(2365 8154 11959 7949)
4(2365 8166 11961 8154)
4(11962 7938 11808 3802)
4(11962 3802 11946 7939)
4(11963 3802 11808 7948)
4(11963 7949 11959 3802)
4(11963 3802 11962 7951)
4(2292 7951 11962 7938)
4(11964 8153 11946 3802)
4(11964 3802 11959 8154)
4(11964 8157 11962 3802)
4(2361 7939 11962 8157)
4(2361 8157 11964 8153)
4(11964 3802 11963 8167)
4(2365 8154 11964 8167)
4(2366 8157 11962 7951)
4(2366 8167 11964 8157)
4(11965 7941 11811 3803)
4(11965 3803 11948 7942)
4(11966 3803 11811 7950)
4(11966 7951 11962 3803)
4(11966 3803 11965 7953)
4(2293 7953 11965 7941)
4(11967 8156 11948 3803)
4(11967 3803 11962 8157)
4(11967 8160 11965 3803)
4(2362 7942 11965 8160)
4(2362 8160 11967 8156)
4(11967 3803 11966 8169)
4(2366 8157 11967 8169)
4(2367 8160 11965 7953)
4(2367 8169 11967 8160)
4(11968 3804 11951 7945)
4(2289 7945 11951 7940)
4(11969 7953 11965 3804)
4(11970 8159 11951 3804)
4(11970 3804 11965 8160)
4(2362 7942 11951 8159)
4(2363 7945 11968 8163)
4(2363 8163 11970 8159)
4(2363 8159 11951 7945)
4(2367 8160 11970 8171)
4(11977 3806 11976 7971)
4(2298 7971 11976 7955)
4(2298 7966 11977 7971)
4(2372 2473 11976 7971)
4(2372 7971 11977 2484)
4(11978 7957 11825 3807)
4(11978 3807 11972 7958)
4(11979 3807 11825 7969)
4(11979 7971 11976 3807)
4(11979 3807 11978 7974)
4(2299 7974 11978 7957)
4(2299 7969 11979 7974)
4(2589 2475 11978 3807)
4(2368 7958 11978 2475)
4(11979 2487 2589 3807)
4(2372 2487 11979 7971)
4(2373 2475 11978 7974)
4(2373 7974 11979 2487)
4(11980 7960 11828 3808)
4(11980 3808 11973 7961)
4(11981 3808 11828 7972)
4(11981 7974 11978 3808)
4(11981 3808 11980 7977)
4(2300 7977 11980 7960)
4(2300 7972 11981 7977)
4(2590 2474 11973 3808)
4(2590 3808 11978 2475)
4(2590 2478 11980 3808)
4(2369 7961 11980 2478)
4(11981 2490 2590 3808)
4(2373 2490 11981 7974)
4(2374 2478 11980 7977)
4(2374 7977 11981 2490)
4(11982 7963 11831 3809)
4(11982 3809 11974 7964)
4(11983 3809 11831 7975)
4(11983 7977 11980 3809)
4(11983 3809 11982 7980)
4(2301 7980 11982 7963)
4(2301 7975 11983 7980)
4(2591 2477 11974 3809)
4(2591 3809 11980 2478)
4(2591 2481 11982 3809)
4(2370 7964 11982 2481)
4(11983 2492 2591 3809)
4(2374 2492 11983 7977)
4(2375 2481 11982 7980)
4(2375 7980 11983 2492)
4(11985 3810 11834 7978)
4(11985 7980 11982 3810)
4(11985 3810 11984 7983)
4(2302 7983 11984 7965)
4(2302 7978 11985 7983)
4(2592 3810 11982 2481)
4(11985 2494 2592 3810)
4(2375 2494 11985 7980)
4(2376 2483 11984 7983)
4(2376 7983 11985 2494)
4(11986 7983 11984 3811)
4(2376 2496 11986 7983)
4(11988 3812 11987 7991)
4(2305 7991 11987 7967)
4(2305 7986 11988 7991)
4(2379 2485 11987 7991)
4(2379 7991 11988 2501)
4(11989 7970 11842 3813)
4(11989 3813 11977 7971)
4(11990 3813 11842 7989)
4(11990 7991 11987 3813)
4(11990 3813 11989 7994)
4(2306 7994 11989 7970)
4(2306 7989 11990 7994)
4(2595 2484 11977 3813)
4(2595 3813 11987 2485)
4(2595 2488 11989 3813)
4(2372 7971 11989 2488)
4(11990 2504 2595 3813)
4(2379 2504 11990 7991)
4(2380 2488 11989 7994)
4(2380 7994 11990 2504)
4(11991 7973 11843 3814)
4(11991 3814 11979 7974)
4(2299 7969 11843 7973)
4(11992 3814 11843 7992)
4(11992 7994 11989 3814)
4(2306 7992 11843 7970)
4(11992 3814 11991 7997)
4(2307 7997 11991 7973)
4(2307 7992 11992 7997)
4(2307 7973 11843 7992)
4(11993 2487 11979 3814)
4(11993 3814 11989 2488)
4(11993 8173 11991 3814)
4(2373 7974 11991 8173)
4(2373 8173 11993 2487)
4(11993 3814 11992 8176)
4(2380 8176 11992 7994)
4(2380 2488 11993 8176)
4(2381 8173 11991 7997)
4(2381 7997 11992 8176)
4(2381 8176 11993 8173)
4(11994 7976 11844 3815)
4(11994 3815 11981 7977)
4(11995 3815 11844 7995)
4(11995 7997 11991 3815)
4(11995 3815 11994 8000)
4(2308 8000 11994 7976)
4(2308 7995 11995 8000)
4(11996 2490 11981 3815)
4(11996 3815 11991 8173)
4(11996 8174 11994 3815)
4(2374 7977 11994 8174)
4(2374 8174 11996 2490)
4(11996 3815 11995 8178)
4(2381 8178 11995 7997)
4(2381 8173 11996 8178)
4(2382 8174 11994 8000)
4(2382 8000 11995 8178)
4(2382 8178 11996 8174)
4(11997 7979 11845 3816)
4(11997 3816 11983 7980)
4(11998 3816 11845 7998)
4(11998 8000 11994 3816)
4(11998 3816 11997 8003)
4(2309 8003 11997 7979)
4(2309 7998 11998 8003)
4(11999 2492 11983 3816)
4(11999 3816 11994 8174)
4(11999 8175 11997 3816)
4(2375 7980 11997 8175)
4(2375 8175 11999 2492)
4(11999 3816 11998 8181)
4(2382 8181 11998 8000)
4(2382 8174 11999 8181)
4(2383 8175 11997 8003)
4(2383 8003 11998 8181)
4(2383 8181 11999 8175)
4(12000 7982 11847 3817)
4(12000 3817 11985 7983)
4(2302 7978 11847 7982)
4(12001 3817 11847 8001)
4(12001 8003 11997 3817)
4(2309 8001 11847 7979)
4(12001 3817 12000 8006)
4(2310 8006 12000 7982)
4(2310 8001 12001 8006)
4(2310 7982 11847 8001)
4(12002 2494 11985 3817)
4(12002 3817 11997 8175)
4(12002 2497 12000 3817)
4(2376 7983 12000 2497)
4(2376 2497 12002 2494)
4(12002 3817 12001 8184)
4(2383 8184 12001 8003)
4(2383 8175 12002 8184)
4(2384 2497 12000 8006)
4(2384 8006 12001 8184)
4(2384 8184 12002 2497)
4(12003 7984 11850 3818)
4(12003 3818 11986 7985)
4(12004 3818 11850 8004)
4(12004 8006 12000 3818)
4(12004 3818 12003 8009)
4(2311 8009 12003 7984)
4(2311 8004 12004 8009)
4(2596 2496 11986 3818)
4(2596 3818 12000 2497)
4(2596 2499 12003 3818)
4(12004 2508 2596 3818)
4(2384 2508 12004 8006)
4(2385 2499 12003 8009)
4(2385 8009 12004 2508)
4(12005 8009 12003 3819)
4(2385 2510 12005 8009)
4(12008 7990 11857 3820)
4(12008 3820 11988 7991)
4(12009 3820 11857 8013)
4(12009 8015 12006 3820)
4(12009 3820 12008 8018)
4(2314 8018 12008 7990)
4(2314 8013 12009 8018)
4(2598 2501 11988 3820)
4(2598 3820 12006 2502)
4(2598 2505 12008 3820)
4(2379 7991 12008 2505)
4(12009 2516 2598 3820)
4(2387 2516 12009 8015)
4(2388 2505 12008 8018)
4(2388 8018 12009 2516)
4(12010 7993 11858 3821)
4(12010 3821 11990 7994)
4(12011 3821 11858 8016)
4(12011 8018 12008 3821)
4(12011 3821 12010 8021)
4(2315 8021 12010 7993)
4(2315 8016 12011 8021)
4(12012 2504 11990 3821)
4(12012 3821 12008 2505)
4(12012 8177 12010 3821)
4(2380 7994 12010 8177)
4(2380 8177 12012 2504)
4(12012 3821 12011 8188)
4(2388 8188 12011 8018)
4(2388 2505 12012 8188)
4(2389 8177 12010 8021)
4(2389 8021 12011 8188)
4(2389 8188 12012 8177)
4(12013 7996 11859 3822)
4(12013 3822 11992 7997)
4(12014 3822 11859 8019)
4(12014 8021 12010 3822)
4(12014 3822 12013 8024)
4(2316 8024 12013 7996)
4(2316 8019 12014 8024)
4(12015 8176 11992 3822)
4(12015 3822 12010 8177)
4(12015 8179 12013 3822)
4(2381 7997 12013 8179)
4(2381 8179 12015 8176)
4(12015 3822 12014 8190)
4(2389 8190 12014 8021)
4(2389 8177 12015 8190)
4(2390 8179 12013 8024)
4(2390 8024 12014 8190)
4(2390 8190 12015 8179)
4(12016 7999 11860 3823)
4(12016 3823 11995 8000)
4(12017 3823 11860 8022)
4(12017 8024 12013 3823)
4(12017 3823 12016 8027)
4(2317 8027 12016 7999)
4(2317 8022 12017 8027)
4(12018 8178 11995 3823)
4(12018 3823 12013 8179)
4(12018 8182 12016 3823)
4(2382 8000 12016 8182)
4(2382 8182 12018 8178)
4(12018 3823 12017 8193)
4(2390 8193 12017 8024)
4(2390 8179 12018 8193)
4(2391 8182 12016 8027)
4(2391 8027 12017 8193)
4(2391 8193 12018 8182)
4(12019 8002 11861 3824)
4(12019 3824 11998 8003)
4(12020 3824 11861 8025)
4(12020 8027 12016 3824)
4(12020 3824 12019 8030)
4(2318 8030 12019 8002)
4(2318 8025 12020 8030)
4(12021 8181 11998 3824)
4(12021 3824 12016 8182)
4(12021 8185 12019 3824)
4(2383 8003 12019 8185)
4(2383 8185 12021 8181)
4(12021 3824 12020 8196)
4(2391 8196 12020 8027)
4(2391 8182 12021 8196)
4(2392 8185 12019 8030)
4(2392 8030 12020 8196)
4(2392 8196 12021 8185)
4(12022 8005 11862 3825)
4(12022 3825 12001 8006)
4(12023 3825 11862 8028)
4(12023 8030 12019 3825)
4(12023 3825 12022 8033)
4(2319 8033 12022 8005)
4(2319 8028 12023 8033)
4(12024 8184 12001 3825)
4(12024 3825 12019 8185)
4(12024 8187 12022 3825)
4(2384 8006 12022 8187)
4(2384 8187 12024 8184)
4(12024 3825 12023 8199)
4(2392 8199 12023 8030)
4(2392 8185 12024 8199)
4(2393 8187 12022 8033)
4(2393 8033 12023 8199)
4(2393 8199 12024 8187)
4(12025 8008 11864 3826)
4(12025 3826 12004 8009)
4(12026 3826 11864 8031)
4(12026 8033 12022 3826)
4(12026 3826 12025 8036)
4(2320 8036 12025 8008)
4(2320 8031 12026 8036)
4(12027 2508 12004 3826)
4(12027 3826 12022 8187)
4(12027 2511 12025 3826)
4(2385 8009 12025 2511)
4(2385 2511 12027 2508)
4(12027 3826 12026 8202)
4(2393 8202 12026 8033)
4(2393 8187 12027 8202)
4(2394 2511 12025 8036)
4(2394 8036 12026 8202)
4(2394 8202 12027 2511)
4(12028 8010 11867 3827)
4(12028 3827 12005 8011)
4(12029 3827 11867 8034)
4(12029 8036 12025 3827)
4(12029 3827 12028 8039)
4(2321 8034 12029 8039)
4(2599 2510 12005 3827)
4(2599 3827 12025 2511)
4(2599 2513 12028 3827)
4(12029 2520 2599 3827)
4(2394 2520 12029 8036)
4(2395 8039 12029 2520)
4(12031 8014 11871 3828)
4(12031 3828 12007 8015)
4(12032 3828 12031 8043)
4(2322 8043 12031 8014)
4(2322 8040 12032 8043)
4(2600 2517 12031 3828)
4(2387 8015 12031 2517)
4(2396 2517 12031 8043)
4(2396 8043 12032 2525)
4(12033 8017 11874 3829)
4(12033 3829 12009 8018)
4(12034 3829 11874 8041)
4(12034 8043 12031 3829)
4(12034 3829 12033 8046)
4(2323 8046 12033 8017)
4(2323 8041 12034 8046)
4(12035 2516 12009 3829)
4(12035 3829 12031 2517)
4(12035 8189 12033 3829)
4(2388 8018 12033 8189)
4(2388 8189 12035 2516)
4(12035 3829 12034 8206)
4(2396 8206 12034 8043)
4(2396 2517 12035 8206)
4(2397 8189 12033 8046)
4(2397 8046 12034 8206)
4(2397 8206 12035 8189)
4(12036 8020 11875 3830)
4(12036 3830 12011 8021)
4(12037 3830 11875 8044)
4(12037 8046 12033 3830)
4(12037 3830 12036 8049)
4(2324 8049 12036 8020)
4(2324 8044 12037 8049)
4(12038 8188 12011 3830)
4(12038 3830 12033 8189)
4(12038 8191 12036 3830)
4(2389 8021 12036 8191)
4(2389 8191 12038 8188)
4(12038 3830 12037 8207)
4(2397 8207 12037 8046)
4(2397 8189 12038 8207)
4(2398 8191 12036 8049)
4(2398 8049 12037 8207)
4(2398 8207 12038 8191)
4(12039 8023 11876 3831)
4(12039 3831 12014 8024)
4(12040 3831 11876 8047)
4(12040 8049 12036 3831)
4(12040 3831 12039 8052)
4(2325 8052 12039 8023)
4(2325 8047 12040 8052)
4(12041 8190 12014 3831)
4(12041 3831 12036 8191)
4(12041 8194 12039 3831)
4(2390 8024 12039 8194)
4(2390 8194 12041 8190)
4(12041 3831 12040 8210)
4(2398 8210 12040 8049)
4(2398 8191 12041 8210)
4(2399 8194 12039 8052)
4(2399 8052 12040 8210)
4(2399 8210 12041 8194)
4(12042 8026 11877 3832)
4(12042 3832 12017 8027)
4(12043 3832 11877 8050)
4(12043 8052 12039 3832)
4(12043 3832 12042 8055)
4(2326 8055 12042 8026)
4(2326 8050 12043 8055)
4(12044 8193 12017 3832)
4(12044 3832 12039 8194)
4(12044 8197 12042 3832)
4(2391 8027 12042 8197)
4(2391 8197 12044 8193)
4(12044 3832 12043 8213)
4(2399 8213 12043 8052)
4(2399 8194 12044 8213)
4(2400 8197 12042 8055)
4(2400 8055 12043 8213)
4(2400 8213 12044 8197)
4(12045 8029 11878 3833)
4(12045 3833 12020 8030)
4(12046 3833 11878 8053)
4(12046 8055 12042 3833)
4(12046 3833 12045 8058)
4(2327 8058 12045 8029)
4(2327 8053 12046 8058)
4(12047 8196 12020 3833)
4(12047 3833 12042 8197)
4(12047 8200 12045 3833)
4(2392 8030 12045 8200)
4(2392 8200 12047 8196)
4(12047 3833 12046 8216)
4(2400 8216 12046 8055)
4(2400 8197 12047 8216)
4(2401 8200 12045 8058)
4(2401 8058 12046 8216)
4(2401 8216 12047 8200)
4(12048 8032 11879 3834)
4(12048 3834 12023 8033)
4(12049 3834 11879 8056)
4(12049 8058 12045 3834)
4(12049 3834 12048 8061)
4(2328 8061 12048 8032)
4(2328 8056 12049 8061)
4(12050 8199 12023 3834)
4(12050 3834 12045 8200)
4(12050 8203 12048 3834)
4(2393 8033 12048 8203)
4(2393 8203 12050 8199)
4(12050 3834 12049 8219)
4(2401 8219 12049 8058)
4(2401 8200 12050 8219)
4(2402 8203 12048 8061)
4(2402 8061 12049 8219)
4(2402 8219 12050 8203)
4(12051 8035 11881 3835)
4(12051 3835 12026 8036)
4(12052 3835 11881 8059)
4(12052 8061 12048 3835)
4(12052 3835 12051 8064)
4(2329 8064 12051 8035)
4(2329 8059 12052 8064)
4(12053 8202 12026 3835)
4(12053 3835 12048 8203)
4(12053 8205 12051 3835)
4(2394 8036 12051 8205)
4(2394 8205 12053 8202)
4(12053 3835 12052 8222)
4(2402 8222 12052 8061)
4(2402 8203 12053 8222)
4(2403 8205 12051 8064)
4(2403 8064 12052 8222)
4(2403 8222 12053 8205)
4(12054 8038 11884 3836)
4(12054 3836 12029 8039)
4(12055 3836 11884 8062)
4(12055 8064 12051 3836)
4(12055 3836 12054 8067)
4(2330 8067 12054 8038)
4(2330 8062 12055 8067)
4(12056 2520 12029 3836)
4(12056 3836 12051 8205)
4(12056 2523 12054 3836)
4(2395 8039 12054 2523)
4(2395 2523 12056 2520)
4(12056 3836 12055 8225)
4(2403 8225 12055 8064)
4(2403 8205 12056 8225)
4(2404 2523 12054 8067)
4(2404 8067 12055 8225)
4(2404 8225 12056 2523)
4(12057 8067 12054 3837)
4(2601 3837 12054 2523)
4(2404 2528 12057 8067)
4(12058 8042 11889 3838)
4(12058 3838 12032 8043)
4(12059 3838 12058 8071)
4(2331 8071 12058 8042)
4(2331 8068 12059 8071)
4(2602 2526 12058 3838)
4(2396 8043 12058 2526)
4(2405 2526 12058 8071)
4(2405 8071 12059 2531)
4(12060 8045 11892 3839)
4(12060 3839 12034 8046)
4(12061 3839 11892 8069)
4(12061 8071 12058 3839)
4(12061 3839 12060 8074)
4(2332 8074 12060 8045)
4(2332 8069 12061 8074)
4(12062 8206 12034 3839)
4(12062 3839 12058 2526)
4(12062 8208 12060 3839)
4(2397 8046 12060 8208)
4(2397 8208 12062 8206)
4(12062 3839 12061 8228)
4(2405 8228 12061 8071)
4(2405 2526 12062 8228)
4(2406 8208 12060 8074)
4(2406 8074 12061 8228)
4(2406 8228 12062 8208)
4(12063 8048 11893 3840)
4(12063 3840 12037 8049)
4(12064 3840 11893 8072)
4(12064 8074 12060 3840)
4(12064 3840 12063 8077)
4(2333 8077 12063 8048)
4(2333 8072 12064 8077)
4(12065 8207 12037 3840)
4(12065 3840 12060 8208)
4(12065 8211 12063 3840)
4(2398 8049 12063 8211)
4(2398 8211 12065 8207)
4(12065 3840 12064 8229)
4(2406 8229 12064 8074)
4(2406 8208 12065 8229)
4(2407 8211 12063 8077)
4(2407 8077 12064 8229)
4(2407 8229 12065 8211)
4(12066 8051 11894 3841)
4(12066 3841 12040 8052)
4(12067 3841 11894 8075)
4(12067 8077 12063 3841)
4(12067 3841 12066 8080)
4(2334 8080 12066 8051)
4(2334 8075 12067 8080)
4(12068 8210 12040 3841)
4(12068 3841 12063 8211)
4(12068 8214 12066 3841)
4(2399 8052 12066 8214)
4(2399 8214 12068 8210)
4(12068 3841 12067 8232)
4(2407 8232 12067 8077)
4(2407 8211 12068 8232)
4(2408 8214 12066 8080)
4(2408 8080 12067 8232)
4(2408 8232 12068 8214)
4(12069 8054 11895 3842)
4(12069 3842 12043 8055)
4(12070 3842 11895 8078)
4(12070 8080 12066 3842)
4(12070 3842 12069 8083)
4(2335 8083 12069 8054)
4(2335 8078 12070 8083)
4(12071 8213 12043 3842)
4(12071 3842 12066 8214)
4(12071 8217 12069 3842)
4(2400 8055 12069 8217)
4(2400 8217 12071 8213)
4(12071 3842 12070 8235)
4(2408 8235 12070 8080)
4(2408 8214 12071 8235)
4(2409 8217 12069 8083)
4(2409 8083 12070 8235)
4(2409 8235 12071 8217)
4(12072 8057 11896 3843)
4(12072 3843 12046 8058)
4(12073 3843 11896 8081)
4(12073 8083 12069 3843)
4(12073 3843 12072 8086)
4(2336 8086 12072 8057)
4(2336 8081 12073 8086)
4(12074 8216 12046 3843)
4(12074 3843 12069 8217)
4(12074 8220 12072 3843)
4(2401 8058 12072 8220)
4(2401 8220 12074 8216)
4(12074 3843 12073 8238)
4(2409 8238 12073 8083)
4(2409 8217 12074 8238)
4(2410 8220 12072 8086)
4(2410 8086 12073 8238)
4(2410 8238 12074 8220)
4(12075 8060 11897 3844)
4(12075 3844 12049 8061)
4(12076 3844 11897 8084)
4(12076 8086 12072 3844)
4(12076 3844 12075 8089)
4(2337 8089 12075 8060)
4(2337 8084 12076 8089)
4(12077 8219 12049 3844)
4(12077 3844 12072 8220)
4(12077 8223 12075 3844)
4(2402 8061 12075 8223)
4(2402 8223 12077 8219)
4(12077 3844 12076 8241)
4(2410 8241 12076 8086)
4(2410 8220 12077 8241)
4(2411 8223 12075 8089)
4(2411 8089 12076 8241)
4(2411 8241 12077 8223)
4(12078 8063 11899 3845)
4(12078 3845 12052 8064)
4(12079 3845 11899 8087)
4(12079 8089 12075 3845)
4(12079 3845 12078 8092)
4(2338 8092 12078 8063)
4(2338 8087 12079 8092)
4(12080 8222 12052 3845)
4(12080 3845 12075 8223)
4(12080 8226 12078 3845)
4(2403 8064 12078 8226)
4(2403 8226 12080 8222)
4(12080 3845 12079 8244)
4(2411 8244 12079 8089)
4(2411 8223 12080 8244)
4(2412 8226 12078 8092)
4(2412 8092 12079 8244)
4(2412 8244 12080 8226)
4(12081 8066 11902 3846)
4(12081 3846 12055 8067)
4(12082 3846 11902 8090)
4(12082 8092 12078 3846)
4(12082 3846 12081 8095)
4(2339 8095 12081 8066)
4(2339 8090 12082 8095)
4(12083 8225 12055 3846)
4(12083 3846 12078 8226)
4(12083 2529 12081 3846)
4(2404 8067 12081 2529)
4(2404 2529 12083 8225)
4(12083 3846 12082 8247)
4(2412 8247 12082 8092)
4(2412 8226 12083 8247)
4(2413 2529 12081 8095)
4(2413 8095 12082 8247)
4(2413 8247 12083 2529)
4(12084 8095 12081 3847)
4(2603 3847 12081 2529)
4(2413 2534 12084 8095)
4(12085 8070 11907 3848)
4(12085 3848 12059 8071)
4(12086 3848 12085 8099)
4(2340 8099 12085 8070)
4(2604 2532 12085 3848)
4(2405 8071 12085 2532)
4(2414 2532 12085 8099)
4(12087 8073 11910 3849)
4(12087 3849 12061 8074)
4(12088 3849 11910 8097)
4(12088 8099 12085 3849)
4(12088 3849 12087 8102)
4(2341 8102 12087 8073)
4(2341 8097 12088 8102)
4(12089 8228 12061 3849)
4(12089 3849 12085 2532)
4(12089 8230 12087 3849)
4(2406 8074 12087 8230)
4(2406 8230 12089 8228)
4(12089 3849 12088 2538)
4(2414 2538 12088 8099)
4(2414 2532 12089 2538)
4(2415 8230 12087 8102)
4(2415 8102 12088 2538)
4(2415 2538 12089 8230)
4(12090 8076 11911 3850)
4(12090 3850 12064 8077)
4(12091 3850 11911 8100)
4(12091 8102 12087 3850)
4(12091 3850 12090 8105)
4(2342 8105 12090 8076)
4(2342 8100 12091 8105)
4(12092 8229 12064 3850)
4(12092 3850 12087 8230)
4(12092 8233 12090 3850)
4(2407 8077 12090 8233)
4(2407 8233 12092 8229)
4(12092 3850 12091 8250)
4(2415 8250 12091 8102)
4(2415 8230 12092 8250)
4(2416 8233 12090 8105)
4(2416 8105 12091 8250)
4(2416 8250 12092 8233)
4(12093 8079 11912 3851)
4(12093 3851 12067 8080)
4(12094 3851 11912 8103)
4(12094 8105 12090 3851)
4(12094 3851 12093 8108)
4(2343 8108 12093 8079)
4(2343 8103 12094 8108)
4(12095 8232 12067 3851)
4(12095 3851 12090 8233)
4(12095 8236 12093 3851)
4(2408 8080 12093 8236)
4(2408 8236 12095 8232)
4(12095 3851 12094 8251)
4(2416 8251 12094 8105)
4(2416 8233 12095 8251)
4(2417 8236 12093 8108)
4(2417 8108 12094 8251)
4(2417 8251 12095 8236)
4(12096 8082 11913 3852)
4(12096 3852 12070 8083)
4(12097 3852 11913 8106)
4(12097 8108 12093 3852)
4(12097 3852 12096 8111)
4(2344 8111 12096 8082)
4(2344 8106 12097 8111)
4(12098 8235 12070 3852)
4(12098 3852 12093 8236)
4(12098 8239 12096 3852)
4(2409 8083 12096 8239)
4(2409 8239 12098 8235)
4(12098 3852 12097 8254)
4(2417 8254 12097 8108)
4(2417 8236 12098 8254)
4(2418 8239 12096 8111)
4(2418 8111 12097 8254)
4(2418 8254 12098 8239)
4(12099 8085 11914 3853)
4(12099 3853 12073 8086)
4(12100 3853 11914 8109)
4(12100 8111 12096 3853)
4(12100 3853 12099 8114)
4(2345 8114 12099 8085)
4(2345 8109 12100 8114)
4(12101 8238 12073 3853)
4(12101 3853 12096 8239)
4(12101 8242 12099 3853)
4(2410 8086 12099 8242)
4(2410 8242 12101 8238)
4(12101 3853 12100 8257)
4(2418 8257 12100 8111)
4(2418 8239 12101 8257)
4(2419 8242 12099 8114)
4(2419 8114 12100 8257)
4(2419 8257 12101 8242)
4(12102 8088 11915 3854)
4(12102 3854 12076 8089)
4(12103 3854 11915 8112)
4(12103 8114 12099 3854)
4(12103 3854 12102 8117)
4(2346 8117 12102 8088)
4(2346 8112 12103 8117)
4(12104 8241 12076 3854)
4(12104 3854 12099 8242)
4(12104 8245 12102 3854)
4(2411 8089 12102 8245)
4(2411 8245 12104 8241)
4(12104 3854 12103 8260)
4(2419 8260 12103 8114)
4(2419 8242 12104 8260)
4(2420 8245 12102 8117)
4(2420 8117 12103 8260)
4(2420 8260 12104 8245)
4(12105 8091 11917 3855)
4(12105 3855 12079 8092)
4(12106 3855 11917 8115)
4(12106 8117 12102 3855)
4(12106 3855 12105 8120)
4(2347 8120 12105 8091)
4(2347 8115 12106 8120)
4(12107 8244 12079 3855)
4(12107 3855 12102 8245)
4(12107 8248 12105 3855)
4(2412 8092 12105 8248)
4(2412 8248 12107 8244)
4(12107 3855 12106 8263)
4(2420 8263 12106 8117)
4(2420 8245 12107 8263)
4(2421 8248 12105 8120)
4(2421 8120 12106 8263)
4(2421 8263 12107 8248)
4(12108 8094 11920 3856)
4(12108 3856 12082 8095)
4(12109 3856 11920 8118)
4(12109 8120 12105 3856)
4(12109 3856 12108 8123)
4(2348 8123 12108 8094)
4(2348 8118 12109 8123)
4(12110 8247 12082 3856)
4(12110 3856 12105 8248)
4(12110 2535 12108 3856)
4(2413 8095 12108 2535)
4(2413 2535 12110 8247)
4(12110 3856 12109 2543)
4(2421 2543 12109 8120)
4(2421 8248 12110 2543)
4(2422 2535 12108 8123)
4(2422 8123 12109 2543)
4(2422 2543 12110 2535)
4(12111 8123 12108 3857)
4(2605 3857 12108 2535)
4(12113 8101 11926 3858)
4(12113 3858 12088 8102)
4(12114 3858 11926 8124)
4(12114 8125 12112 3858)
4(12114 3858 12113 8128)
4(2350 8128 12113 8101)
4(2350 8124 12114 8128)
4(2606 2538 12088 3858)
4(2606 3858 12112 2539)
4(2606 2541 12113 3858)
4(2415 8102 12113 2541)
4(12114 2549 2606 3858)
4(2424 2541 12113 8128)
4(2424 8128 12114 2549)
4(12115 8104 11928 3859)
4(12115 3859 12091 8105)
4(12116 3859 11928 8126)
4(12116 8128 12113 3859)
4(12116 3859 12115 8131)
4(2351 8131 12115 8104)
4(2351 8126 12116 8131)
4(12117 8250 12091 3859)
4(12117 3859 12113 2541)
4(12117 8252 12115 3859)
4(2416 8105 12115 8252)
4(2416 8252 12117 8250)
4(12117 3859 12116 2551)
4(2424 2551 12116 8128)
4(2424 2541 12117 2551)
4(2425 8252 12115 8131)
4(2425 8131 12116 2551)
4(2425 2551 12117 8252)
4(12118 8107 11929 3860)
4(12118 3860 12094 8108)
4(12119 3860 11929 8129)
4(12119 8131 12115 3860)
4(12119 3860 12118 8134)
4(2352 8134 12118 8107)
4(2352 8129 12119 8134)
4(12120 8251 12094 3860)
4(12120 3860 12115 8252)
4(12120 8255 12118 3860)
4(2417 8108 12118 8255)
4(2417 8255 12120 8251)
4(12120 3860 12119 8266)
4(2425 8266 12119 8131)
4(2425 8252 12120 8266)
4(2426 8255 12118 8134)
4(2426 8134 12119 8266)
4(2426 8266 12120 8255)
4(12121 8110 11930 3861)
4(12121 3861 12097 8111)
4(12122 3861 11930 8132)
4(12122 8134 12118 3861)
4(12122 3861 12121 8137)
4(2353 8137 12121 8110)
4(2353 8132 12122 8137)
4(12123 8254 12097 3861)
4(12123 3861 12118 8255)
4(12123 8258 12121 3861)
4(2418 8111 12121 8258)
4(2418 8258 12123 8254)
4(12123 3861 12122 8267)
4(2426 8267 12122 8134)
4(2426 8255 12123 8267)
4(2427 8258 12121 8137)
4(2427 8137 12122 8267)
4(2427 8267 12123 8258)
4(12124 8113 11931 3862)
4(12124 3862 12100 8114)
4(12125 3862 11931 8135)
4(12125 8137 12121 3862)
4(12125 3862 12124 8140)
4(2354 8140 12124 8113)
4(2354 8135 12125 8140)
4(12126 8257 12100 3862)
4(12126 3862 12121 8258)
4(12126 8261 12124 3862)
4(2419 8114 12124 8261)
4(2419 8261 12126 8257)
4(12126 3862 12125 8270)
4(2427 8270 12125 8137)
4(2427 8258 12126 8270)
4(2428 8261 12124 8140)
4(2428 8140 12125 8270)
4(2428 8270 12126 8261)
4(12127 8116 11932 3863)
4(12127 3863 12103 8117)
4(12128 3863 11932 8138)
4(12128 8140 12124 3863)
4(12128 3863 12127 8143)
4(2355 8143 12127 8116)
4(2355 8138 12128 8143)
4(12129 8260 12103 3863)
4(12129 3863 12124 8261)
4(12129 8264 12127 3863)
4(2420 8117 12127 8264)
4(2420 8264 12129 8260)
4(12129 3863 12128 8273)
4(2428 8273 12128 8140)
4(2428 8261 12129 8273)
4(2429 8264 12127 8143)
4(2429 8143 12128 8273)
4(2429 8273 12129 8264)
4(12130 8119 11935 3864)
4(12130 3864 12106 8120)
4(12131 3864 11935 8141)
4(12131 8143 12127 3864)
4(12131 3864 12130 8146)
4(2356 8146 12130 8119)
4(2356 8141 12131 8146)
4(12132 8263 12106 3864)
4(12132 3864 12127 8264)
4(12132 2544 12130 3864)
4(2421 8120 12130 2544)
4(2421 2544 12132 8263)
4(12132 3864 12131 2556)
4(2429 2556 12131 8143)
4(2429 8264 12132 2556)
4(2430 2544 12130 8146)
4(2430 8146 12131 2556)
4(2430 2556 12132 2544)
4(12133 8122 11938 3865)
4(12133 3865 12109 8123)
4(12134 3865 11938 8144)
4(12134 8146 12130 3865)
4(12134 3865 12133 8147)
4(2607 2543 12109 3865)
4(2607 3865 12130 2544)
4(2607 2547 12133 3865)
4(12134 2559 2607 3865)
4(2430 2559 12134 8146)
4(12135 3866 12114 8128)
4(2424 8128 12135 2552)
4(12136 8130 11943 3867)
4(12136 3867 12116 8131)
4(12137 3867 11943 8148)
4(12137 8149 12135 3867)
4(12137 3867 12136 8152)
4(2359 8152 12136 8130)
4(2359 8148 12137 8152)
4(2609 2551 12116 3867)
4(2609 3867 12135 2552)
4(2609 2554 12136 3867)
4(2425 8131 12136 2554)
4(12137 2563 2609 3867)
4(2433 2554 12136 8152)
4(2433 8152 12137 2563)
4(12138 8133 11945 3868)
4(12138 3868 12119 8134)
4(2352 8129 11945 8133)
4(12139 3868 11945 8150)
4(12139 8152 12136 3868)
4(2359 8150 11945 8130)
4(12139 3868 12138 8155)
4(2360 8155 12138 8133)
4(2360 8150 12139 8155)
4(2360 8133 11945 8150)
4(12140 8266 12119 3868)
4(12140 3868 12136 2554)
4(12140 8268 12138 3868)
4(2426 8134 12138 8268)
4(2426 8268 12140 8266)
4(12140 3868 12139 2565)
4(2433 2565 12139 8152)
4(2433 2554 12140 2565)
4(2434 8268 12138 8155)
4(2434 8155 12139 2565)
4(2434 2565 12140 8268)
4(12141 8136 11947 3869)
4(12141 3869 12122 8137)
4(12142 3869 11947 8153)
4(12142 8155 12138 3869)
4(12142 3869 12141 8158)
4(2361 8158 12141 8136)
4(2361 8153 12142 8158)
4(12143 8267 12122 3869)
4(12143 3869 12138 8268)
4(12143 8271 12141 3869)
4(2427 8137 12141 8271)
4(2427 8271 12143 8267)
4(12143 3869 12142 2568)
4(2434 2568 12142 8155)
4(2434 8268 12143 2568)
4(2435 8271 12141 8158)
4(2435 8158 12142 2568)
4(2435 2568 12143 8271)
4(12144 8139 11949 3870)
4(12144 3870 12125 8140)
4(12145 3870 11949 8156)
4(12145 8158 12141 3870)
4(12145 3870 12144 8161)
4(2362 8161 12144 8139)
4(2362 8156 12145 8161)
4(12146 8270 12125 3870)
4(12146 3870 12141 8271)
4(12146 8274 12144 3870)
4(2428 8140 12144 8274)
4(2428 8274 12146 8270)
4(12146 3870 12145 2571)
4(2435 2571 12145 8158)
4(2435 8271 12146 2571)
4(2436 8274 12144 8161)
4(2436 8161 12145 2571)
4(2436 2571 12146 8274)
4(12147 8142 11952 3871)
4(12147 3871 12128 8143)
4(2355 8138 11952 8142)
4(12148 3871 11952 8159)
4(12148 8161 12144 3871)
4(2362 8159 11952 8139)
4(12148 3871 12147 8164)
4(2363 8164 12147 8142)
4(2363 8159 12148 8164)
4(2363 8142 11952 8159)
4(12149 8273 12128 3871)
4(12149 3871 12144 8274)
4(12149 2557 12147 3871)
4(2429 8143 12147 2557)
4(2429 2557 12149 8273)
4(12149 3871 12148 2574)
4(2436 2574 12148 8161)
4(2436 8274 12149 2574)
4(2437 2557 12147 8164)
4(2437 8164 12148 2574)
4(2437 2574 12149 2557)
4(12150 8145 11955 3872)
4(12150 3872 12131 8146)
4(12151 3872 11955 8162)
4(12151 8164 12147 3872)
4(12151 3872 12150 8165)
4(2610 2556 12131 3872)
4(2610 3872 12147 2557)
4(2610 2560 12150 3872)
4(2430 8146 12150 2560)
4(12151 2577 2610 3872)
4(2437 2577 12151 8164)
4(12152 3874 12137 8152)
4(2433 8152 12152 2566)
4(12153 8154 11961 3875)
4(12153 3875 12139 8155)
4(12154 3875 12153 8168)
4(2365 8168 12153 8154)
4(2613 2565 12139 3875)
4(2613 2569 12153 3875)
4(2434 8155 12153 2569)
4(2439 2569 12153 8168)
4(12155 8157 11964 3876)
4(12155 3876 12142 8158)
4(12156 3876 11964 8167)
4(12156 8168 12153 3876)
4(12156 3876 12155 8170)
4(2366 8170 12155 8157)
4(2614 2568 12142 3876)
4(2614 3876 12153 2569)
4(2614 2572 12155 3876)
4(2435 8158 12155 2572)
4(12156 2582 2614 3876)
4(2440 2572 12155 8170)
4(12157 8160 11967 3877)
4(12157 3877 12145 8161)
4(12158 3877 11967 8169)
4(12158 8170 12155 3877)
4(12158 3877 12157 8172)
4(2367 8172 12157 8160)
4(2615 2571 12145 3877)
4(2615 3877 12155 2572)
4(2615 2575 12157 3877)
4(2436 8161 12157 2575)
4(12158 2584 2615 3877)
4(2441 2575 12157 8172)
4(12159 3878 12148 8164)
4(12160 8172 12157 3878)
4(2616 2574 12148 3878)
4(2616 3878 12157 2575)
4(2437 8164 12159 2578)
4(12161 8173 11993 3880)
4(12162 3880 11993 8176)
4(2381 8180 12161 8173)
4(2381 8176 12162 8180)
4(12163 8174 11996 3881)
4(12164 3881 11996 8178)
4(2382 8183 12163 8174)
4(2382 8178 12164 8183)
4(12165 8175 11999 3882)
4(12166 3882 11999 8181)
4(2383 8186 12165 8175)
4(2383 8181 12166 8186)
4(2637 2497 12002 3883)
4(12167 3883 12002 8184)
4(2384 8184 12167 2509)
4(12168 8177 12012 3884)
4(12169 3884 12012 8188)
4(2389 8192 12168 8177)
4(2389 8188 12169 8192)
4(12170 8179 12015 3885)
4(12171 3885 12015 8190)
4(2390 8195 12170 8179)
4(2390 8190 12171 8195)
4(12172 8182 12018 3886)
4(12173 3886 12018 8193)
4(2391 8198 12172 8182)
4(2391 8193 12173 8198)
4(12174 8185 12021 3887)
4(12175 3887 12021 8196)
4(2392 8201 12174 8185)
4(2392 8196 12175 8201)
4(12176 8187 12024 3888)
4(12177 3888 12024 8199)
4(2393 8204 12176 8187)
4(2393 8199 12177 8204)
4(2645 2511 12027 3889)
4(12178 3889 12027 8202)
4(2394 8202 12178 2521)
4(12179 8189 12035 3890)
4(12180 3890 12035 8206)
4(2397 8209 12179 8189)
4(2397 8206 12180 8209)
4(12181 8191 12038 3891)
4(12182 3891 12038 8207)
4(2398 8212 12181 8191)
4(2398 8207 12182 8212)
4(12183 8194 12041 3892)
4(12184 3892 12041 8210)
4(2399 8215 12183 8194)
4(2399 8210 12184 8215)
4(12185 8197 12044 3893)
4(12186 3893 12044 8213)
4(2400 8218 12185 8197)
4(2400 8213 12186 8218)
4(12187 8200 12047 3894)
4(12188 3894 12047 8216)
4(2401 8221 12187 8200)
4(2401 8216 12188 8221)
4(12189 8203 12050 3895)
4(12190 3895 12050 8219)
4(2402 8224 12189 8203)
4(2402 8219 12190 8224)
4(12191 8205 12053 3896)
4(12192 3896 12053 8222)
4(2403 8227 12191 8205)
4(2403 8222 12192 8227)
4(2651 2523 12056 3897)
4(12193 3897 12056 8225)
4(2404 8225 12193 2530)
4(12194 8208 12062 3898)
4(12195 3898 12062 8228)
4(2406 8231 12194 8208)
4(2406 8228 12195 8231)
4(12196 8211 12065 3899)
4(12197 3899 12065 8229)
4(2407 8234 12196 8211)
4(2407 8229 12197 8234)
4(12198 8214 12068 3900)
4(12199 3900 12068 8232)
4(2408 8237 12198 8214)
4(2408 8232 12199 8237)
4(12200 8217 12071 3901)
4(12201 3901 12071 8235)
4(2409 8240 12200 8217)
4(2409 8235 12201 8240)
4(12202 8220 12074 3902)
4(12203 3902 12074 8238)
4(2410 8243 12202 8220)
4(2410 8238 12203 8243)
4(12204 8223 12077 3903)
4(12205 3903 12077 8241)
4(2411 8246 12204 8223)
4(2411 8241 12205 8246)
4(12206 8226 12080 3904)
4(12207 3904 12080 8244)
4(2412 8249 12206 8226)
4(2412 8244 12207 8249)
4(2655 2529 12083 3905)
4(12208 3905 12083 8247)
4(2413 8247 12208 2536)
4(12209 8230 12089 3906)
4(2659 3906 12089 2538)
4(2415 2542 12209 8230)
4(12210 8233 12092 3907)
4(12211 3907 12092 8250)
4(2416 8253 12210 8233)
4(2416 8250 12211 8253)
4(12212 8236 12095 3908)
4(12213 3908 12095 8251)
4(2417 8256 12212 8236)
4(2417 8251 12213 8256)
4(12214 8239 12098 3909)
4(12215 3909 12098 8254)
4(2418 8259 12214 8239)
4(2418 8254 12215 8259)
4(12216 8242 12101 3910)
4(12217 3910 12101 8257)
4(2419 8262 12216 8242)
4(2419 8257 12217 8262)
4(12218 8245 12104 3911)
4(12219 3911 12104 8260)
4(2420 8265 12218 8245)
4(2420 8260 12219 8265)
4(12220 8248 12107 3912)
4(12221 3912 12107 8263)
4(2421 2545 12220 8248)
4(2421 8263 12221 2545)
4(2660 2535 12110 3913)
4(2661 3913 12110 2543)
4(12222 8252 12117 3914)
4(2666 3914 12117 2551)
4(2425 2555 12222 8252)
4(12223 8255 12120 3915)
4(12224 3915 12120 8266)
4(2426 8269 12223 8255)
4(2426 8266 12224 8269)
4(12225 8258 12123 3916)
4(12226 3916 12123 8267)
4(2427 8272 12225 8258)
4(2427 8267 12226 8272)
4(12227 8261 12126 3917)
4(12228 3917 12126 8270)
4(2428 8275 12227 8261)
4(2428 8270 12228 8275)
4(12229 8264 12129 3918)
4(12230 3918 12129 8273)
4(2429 2558 12229 8264)
4(2429 8273 12230 2558)
4(2667 2544 12132 3919)
4(2668 3919 12132 2556)
4(12231 8268 12140 3920)
4(2674 3920 12140 2565)
4(2434 2570 12231 8268)
4(12232 8271 12143 3921)
4(2675 3921 12143 2568)
4(2435 2573 12232 8271)
4(12233 8274 12146 3922)
4(2676 3922 12146 2571)
4(2436 2576 12233 8274)
4(2677 2557 12149 3923)
4(2678 3923 12149 2574)
4(13134 12270 12766 12394)
4(8284 3943 12766 12270)
4(13134 12396 12767 12270)
4(12767 3959 8300 12270)
4(12767 12270 12766 12397)
4(12768 4069 8284 12270)
4(8300 4070 12768 12270)
4(12768 12406 12766 12270)
4(79 12406 12768 4069)
4(12768 12270 12767 12408)
4(86 4070 12768 12408)
4(87 12408 12768 12406)
4(13136 12271 8303 3949)
4(8303 12271 8293 3950)
4(13136 12398 12770 12271)
4(12770 12399 12769 12271)
4(8303 3961 12770 12271)
4(12771 4076 8293 12271)
4(12771 12271 12769 12407)
4(12771 4079 8303 12271)
4(82 4079 12771 4076)
4(12771 12271 12770 12410)
4(89 12407 12771 12410)
4(90 12410 12771 4079)
4(13135 12272 12774 12401)
4(12774 12272 12772 12402)
4(13135 4031 8370 12272)
4(8367 12272 8370 4033)
4(12774 4036 8370 12272)
4(12775 12412 12772 12272)
4(8367 4150 12775 12272)
4(12775 12413 12774 12272)
4(132 12413 12775 12412)
4(8370 4161 12775 12272)
4(139 4150 12775 4161)
4(140 4161 12775 12413)
4(13137 12273 8373 4023)
4(8373 12273 12773 4024)
4(13137 4040 8374 12273)
4(8374 4042 12776 12273)
4(8373 4045 8374 12273)
4(12777 12415 12773 12273)
4(12777 12273 12776 12416)
4(12777 4153 8373 12273)
4(135 4153 12777 12415)
4(8374 4170 12777 12273)
4(142 12416 12777 4170)
4(143 4170 12777 4153)
4(12778 12406 12768 12274)
4(8402 4073 12778 12274)
4(12779 12274 12768 12408)
4(12779 4089 8418 12274)
4(12779 12274 12778 12409)
4(12780 4199 8402 12274)
4(8418 4200 12780 12274)
4(12780 12418 12778 12274)
4(153 12418 12780 4199)
4(12780 12274 12779 12420)
4(160 4200 12780 12420)
4(161 12420 12780 12418)
4(8421 4079 12771 12275)
4(8421 12275 8411 4080)
4(12782 12275 12771 12410)
4(12782 12411 12781 12275)
4(8421 4091 12782 12275)
4(12783 4206 8411 12275)
4(12783 12275 12781 12419)
4(12783 4209 8421 12275)
4(156 4209 12783 4206)
4(12783 12275 12782 12422)
4(163 12419 12783 12422)
4(164 12422 12783 4209)
4(12786 12413 12775 12276)
4(12786 12276 12784 12414)
4(8488 12276 12775 4161)
4(8485 12276 8488 4163)
4(12786 4166 8488 12276)
4(12787 12424 12784 12276)
4(8485 4280 12787 12276)
4(12787 12425 12786 12276)
4(206 12425 12787 12424)
4(8488 4291 12787 12276)
4(213 4280 12787 4291)
4(214 4291 12787 12425)
4(8491 4153 12777 12277)
4(8491 12277 12785 4154)
4(8492 12277 12777 4170)
4(8492 4172 12788 12277)
4(8491 4175 8492 12277)
4(12789 12427 12785 12277)
4(12789 12277 12788 12428)
4(12789 4283 8491 12277)
4(209 4283 12789 12427)
4(8492 4300 12789 12277)
4(216 12428 12789 4300)
4(217 4300 12789 4283)
4(12790 12418 12780 12278)
4(8520 4203 12790 12278)
4(12791 12278 12780 12420)
4(12791 4219 8536 12278)
4(12791 12278 12790 12421)
4(12792 4329 8520 12278)
4(8536 4330 12792 12278)
4(12792 12430 12790 12278)
4(227 12430 12792 4329)
4(12792 12278 12791 12432)
4(234 4330 12792 12432)
4(235 12432 12792 12430)
4(8539 4209 12783 12279)
4(8539 12279 8529 4210)
4(12794 12279 12783 12422)
4(12794 12423 12793 12279)
4(8539 4221 12794 12279)
4(12795 4336 8529 12279)
4(12795 12279 12793 12431)
4(12795 4339 8539 12279)
4(230 4339 12795 4336)
4(12795 12279 12794 12434)
4(237 12431 12795 12434)
4(238 12434 12795 4339)
4(12798 12425 12787 12280)
4(12798 12280 12796 12426)
4(8606 12280 12787 4291)
4(8603 12280 8606 4293)
4(12798 4296 8606 12280)
4(12799 12436 12796 12280)
4(8603 4410 12799 12280)
4(12799 12437 12798 12280)
4(280 12437 12799 12436)
4(8606 4421 12799 12280)
4(287 4410 12799 4421)
4(288 4421 12799 12437)
4(8609 4283 12789 12281)
4(8609 12281 12797 4284)
4(8610 12281 12789 4300)
4(8610 4302 12800 12281)
4(8609 4305 8610 12281)
4(12801 12439 12797 12281)
4(12801 12281 12800 12440)
4(12801 4413 8609 12281)
4(283 4413 12801 12439)
4(8610 4430 12801 12281)
4(290 12440 12801 4430)
4(291 4430 12801 4413)
4(12802 12430 12792 12282)
4(8638 4333 12802 12282)
4(12803 12282 12792 12432)
4(12803 4349 8654 12282)
4(12803 12282 12802 12433)
4(12804 4459 8638 12282)
4(8654 4460 12804 12282)
4(12804 12442 12802 12282)
4(301 12442 12804 4459)
4(12804 12282 12803 12444)
4(308 4460 12804 12444)
4(309 12444 12804 12442)
4(8657 4339 12795 12283)
4(8657 12283 8647 4340)
4(12806 12283 12795 12434)
4(12806 12435 12805 12283)
4(8657 4351 12806 12283)
4(12807 4466 8647 12283)
4(12807 12283 12805 12443)
4(12807 4469 8657 12283)
4(304 4469 12807 4466)
4(12807 12283 12806 12446)
4(311 12443 12807 12446)
4(312 12446 12807 4469)
4(12810 12437 12799 12284)
4(12810 12284 12808 12438)
4(8724 12284 12799 4421)
4(8721 12284 8724 4423)
4(12810 4426 8724 12284)
4(12811 12448 12808 12284)
4(8721 4540 12811 12284)
4(12811 12449 12810 12284)
4(354 12449 12811 12448)
4(8724 4551 12811 12284)
4(361 4540 12811 4551)
4(362 4551 12811 12449)
4(8727 4413 12801 12285)
4(8727 12285 12809 4414)
4(8728 12285 12801 4430)
4(8728 4432 12812 12285)
4(8727 4435 8728 12285)
4(12813 12451 12809 12285)
4(12813 12285 12812 12452)
4(12813 4543 8727 12285)
4(357 4543 12813 12451)
4(8728 4560 12813 12285)
4(364 12452 12813 4560)
4(365 4560 12813 4543)
4(12814 12442 12804 12286)
4(8756 4463 12814 12286)
4(12815 12286 12804 12444)
4(12815 4479 8772 12286)
4(12815 12286 12814 12445)
4(12816 4589 8756 12286)
4(8772 4590 12816 12286)
4(12816 12454 12814 12286)
4(375 12454 12816 4589)
4(12816 12286 12815 12456)
4(382 4590 12816 12456)
4(383 12456 12816 12454)
4(8775 4469 12807 12287)
4(8775 12287 8765 4470)
4(12818 12287 12807 12446)
4(12818 12447 12817 12287)
4(8775 4481 12818 12287)
4(12819 4596 8765 12287)
4(12819 12287 12817 12455)
4(12819 4599 8775 12287)
4(378 4599 12819 4596)
4(12819 12287 12818 12458)
4(385 12455 12819 12458)
4(386 12458 12819 4599)
4(12822 12449 12811 12288)
4(12822 12288 12820 12450)
4(8842 12288 12811 4551)
4(8839 12288 8842 4553)
4(12822 4556 8842 12288)
4(12823 12460 12820 12288)
4(8839 4670 12823 12288)
4(12823 12461 12822 12288)
4(428 12461 12823 12460)
4(8842 4681 12823 12288)
4(435 4670 12823 4681)
4(436 4681 12823 12461)
4(8845 4543 12813 12289)
4(8845 12289 12821 4544)
4(8846 12289 12813 4560)
4(8846 4562 12824 12289)
4(8845 4565 8846 12289)
4(12825 12463 12821 12289)
4(12825 12289 12824 12464)
4(12825 4673 8845 12289)
4(431 4673 12825 12463)
4(8846 4690 12825 12289)
4(438 12464 12825 4690)
4(439 4690 12825 4673)
4(12826 12454 12816 12290)
4(8874 4593 12826 12290)
4(12827 12290 12816 12456)
4(12827 4609 8890 12290)
4(12827 12290 12826 12457)
4(12828 4719 8874 12290)
4(8890 4720 12828 12290)
4(12828 12466 12826 12290)
4(449 12466 12828 4719)
4(12828 12290 12827 12468)
4(456 4720 12828 12468)
4(457 12468 12828 12466)
4(8893 4599 12819 12291)
4(8893 12291 8883 4600)
4(12830 12291 12819 12458)
4(12830 12459 12829 12291)
4(8893 4611 12830 12291)
4(12831 4726 8883 12291)
4(12831 12291 12829 12467)
4(12831 4729 8893 12291)
4(452 4729 12831 4726)
4(12831 12291 12830 12470)
4(459 12467 12831 12470)
4(460 12470 12831 4729)
4(12834 12461 12823 12292)
4(12834 12292 12832 12462)
4(8960 12292 12823 4681)
4(8957 12292 8960 4683)
4(12834 4686 8960 12292)
4(12835 12472 12832 12292)
4(8957 4800 12835 12292)
4(12835 12473 12834 12292)
4(502 12473 12835 12472)
4(8960 4811 12835 12292)
4(509 4800 12835 4811)
4(510 4811 12835 12473)
4(8963 4673 12825 12293)
4(8963 12293 12833 4674)
4(8964 12293 12825 4690)
4(8964 4692 12836 12293)
4(8963 4695 8964 12293)
4(12837 12475 12833 12293)
4(12837 12293 12836 12476)
4(12837 4803 8963 12293)
4(505 4803 12837 12475)
4(8964 4820 12837 12293)
4(512 12476 12837 4820)
4(513 4820 12837 4803)
4(12838 12466 12828 12294)
4(8992 4723 12838 12294)
4(12839 12294 12828 12468)
4(12839 4739 9008 12294)
4(12839 12294 12838 12469)
4(12840 4849 8992 12294)
4(9008 4850 12840 12294)
4(12840 12478 12838 12294)
4(523 12478 12840 4849)
4(12840 12294 12839 12480)
4(530 4850 12840 12480)
4(531 12480 12840 12478)
4(9011 4729 12831 12295)
4(9011 12295 9001 4730)
4(12842 12295 12831 12470)
4(12842 12471 12841 12295)
4(9011 4741 12842 12295)
4(12843 4856 9001 12295)
4(12843 12295 12841 12479)
4(12843 4859 9011 12295)
4(526 4859 12843 4856)
4(12843 12295 12842 12482)
4(533 12479 12843 12482)
4(534 12482 12843 4859)
4(12846 12473 12835 12296)
4(12846 12296 12844 12474)
4(9078 12296 12835 4811)
4(9075 12296 9078 4813)
4(12846 4816 9078 12296)
4(12847 12484 12844 12296)
4(9075 4930 12847 12296)
4(12847 12485 12846 12296)
4(576 12485 12847 12484)
4(9078 4941 12847 12296)
4(583 4930 12847 4941)
4(584 4941 12847 12485)
4(9081 4803 12837 12297)
4(9081 12297 12845 4804)
4(9082 12297 12837 4820)
4(9082 4822 12848 12297)
4(9081 4825 9082 12297)
4(12849 12487 12845 12297)
4(12849 12297 12848 12488)
4(12849 4933 9081 12297)
4(579 4933 12849 12487)
4(9082 4950 12849 12297)
4(586 12488 12849 4950)
4(587 4950 12849 4933)
4(12850 12478 12840 12298)
4(9110 4853 12850 12298)
4(12851 12298 12840 12480)
4(12851 4869 9126 12298)
4(12851 12298 12850 12481)
4(12852 4979 9110 12298)
4(9126 4980 12852 12298)
4(12852 12490 12850 12298)
4(597 12490 12852 4979)
4(12852 12298 12851 12492)
4(604 4980 12852 12492)
4(605 12492 12852 12490)
4(9129 4859 12843 12299)
4(9129 12299 9119 4860)
4(12854 12299 12843 12482)
4(12854 12483 12853 12299)
4(9129 4871 12854 12299)
4(12855 4986 9119 12299)
4(12855 12299 12853 12491)
4(12855 4989 9129 12299)
4(600 4989 12855 4986)
4(12855 12299 12854 12494)
4(607 12491 12855 12494)
4(608 12494 12855 4989)
4(12858 12485 12847 12300)
4(12858 12300 12856 12486)
4(9196 12300 12847 4941)
4(9193 12300 9196 4943)
4(12858 4946 9196 12300)
4(12859 12496 12856 12300)
4(9193 5060 12859 12300)
4(12859 12497 12858 12300)
4(650 12497 12859 12496)
4(9196 5071 12859 12300)
4(657 5060 12859 5071)
4(658 5071 12859 12497)
4(9199 4933 12849 12301)
4(9199 12301 12857 4934)
4(9200 12301 12849 4950)
4(9200 4952 12860 12301)
4(9199 4955 9200 12301)
4(12861 12499 12857 12301)
4(12861 12301 12860 12500)
4(12861 5063 9199 12301)
4(653 5063 12861 12499)
4(9200 5080 12861 12301)
4(660 12500 12861 5080)
4(661 5080 12861 5063)
4(12862 12490 12852 12302)
4(9228 4983 12862 12302)
4(12863 12302 12852 12492)
4(12863 4999 9244 12302)
4(12863 12302 12862 12493)
4(12864 5109 9228 12302)
4(9244 5110 12864 12302)
4(12864 12502 12862 12302)
4(671 12502 12864 5109)
4(12864 12302 12863 12504)
4(678 5110 12864 12504)
4(679 12504 12864 12502)
4(9247 4989 12855 12303)
4(9247 12303 9237 4990)
4(12866 12303 12855 12494)
4(12866 12495 12865 12303)
4(9247 5001 12866 12303)
4(12867 5116 9237 12303)
4(12867 12303 12865 12503)
4(12867 5119 9247 12303)
4(674 5119 12867 5116)
4(12867 12303 12866 12506)
4(681 12503 12867 12506)
4(682 12506 12867 5119)
4(12870 12497 12859 12304)
4(12870 12304 12868 12498)
4(9314 12304 12859 5071)
4(9311 12304 9314 5073)
4(12870 5076 9314 12304)
4(12871 12508 12868 12304)
4(9311 5190 12871 12304)
4(12871 12509 12870 12304)
4(724 12509 12871 12508)
4(9314 5201 12871 12304)
4(731 5190 12871 5201)
4(732 5201 12871 12509)
4(9317 5063 12861 12305)
4(9317 12305 12869 5064)
4(9318 12305 12861 5080)
4(9318 5082 12872 12305)
4(9317 5085 9318 12305)
4(12873 12511 12869 12305)
4(12873 12305 12872 12512)
4(12873 5193 9317 12305)
4(727 5193 12873 12511)
4(9318 5210 12873 12305)
4(734 12512 12873 5210)
4(735 5210 12873 5193)
4(12874 12502 12864 12306)
4(9346 5113 12874 12306)
4(12875 12306 12864 12504)
4(12875 5129 9362 12306)
4(12875 12306 12874 12505)
4(12876 5239 9346 12306)
4(9362 5240 12876 12306)
4(12876 12514 12874 12306)
4(745 12514 12876 5239)
4(12876 12306 12875 12516)
4(752 5240 12876 12516)
4(753 12516 12876 12514)
4(9365 5119 12867 12307)
4(9365 12307 9355 5120)
4(12878 12307 12867 12506)
4(12878 12507 12877 12307)
4(9365 5131 12878 12307)
4(12879 5246 9355 12307)
4(12879 12307 12877 12515)
4(12879 5249 9365 12307)
4(748 5249 12879 5246)
4(12879 12307 12878 12518)
4(755 12515 12879 12518)
4(756 12518 12879 5249)
4(12882 12509 12871 12308)
4(12882 12308 12880 12510)
4(9432 12308 12871 5201)
4(9429 12308 9432 5203)
4(12882 5206 9432 12308)
4(12883 12520 12880 12308)
4(9429 5320 12883 12308)
4(12883 12521 12882 12308)
4(798 12521 12883 12520)
4(9432 5331 12883 12308)
4(805 5320 12883 5331)
4(806 5331 12883 12521)
4(9435 5193 12873 12309)
4(9435 12309 12881 5194)
4(9436 12309 12873 5210)
4(9436 5212 12884 12309)
4(9435 5215 9436 12309)
4(12885 12523 12881 12309)
4(12885 12309 12884 12524)
4(12885 5323 9435 12309)
4(801 5323 12885 12523)
4(9436 5340 12885 12309)
4(808 12524 12885 5340)
4(809 5340 12885 5323)
4(12886 12514 12876 12310)
4(9464 5243 12886 12310)
4(12887 12310 12876 12516)
4(12887 5259 9480 12310)
4(12887 12310 12886 12517)
4(12888 5369 9464 12310)
4(9480 5370 12888 12310)
4(12888 12526 12886 12310)
4(819 12526 12888 5369)
4(12888 12310 12887 12528)
4(826 5370 12888 12528)
4(827 12528 12888 12526)
4(9483 5249 12879 12311)
4(9483 12311 9473 5250)
4(12890 12311 12879 12518)
4(12890 12519 12889 12311)
4(9483 5261 12890 12311)
4(12891 5376 9473 12311)
4(12891 12311 12889 12527)
4(12891 5379 9483 12311)
4(822 5379 12891 5376)
4(12891 12311 12890 12530)
4(829 12527 12891 12530)
4(830 12530 12891 5379)
4(12894 12521 12883 12312)
4(12894 12312 12892 12522)
4(9550 12312 12883 5331)
4(9547 12312 9550 5333)
4(12894 5336 9550 12312)
4(12895 12532 12892 12312)
4(9547 5450 12895 12312)
4(12895 12533 12894 12312)
4(872 12533 12895 12532)
4(9550 5461 12895 12312)
4(879 5450 12895 5461)
4(880 5461 12895 12533)
4(9553 5323 12885 12313)
4(9553 12313 12893 5324)
4(9554 12313 12885 5340)
4(9554 5342 12896 12313)
4(9553 5345 9554 12313)
4(12897 12535 12893 12313)
4(12897 12313 12896 12536)
4(12897 5453 9553 12313)
4(875 5453 12897 12535)
4(9554 5470 12897 12313)
4(882 12536 12897 5470)
4(883 5470 12897 5453)
4(12898 12526 12888 12314)
4(9582 5373 12898 12314)
4(12899 12314 12888 12528)
4(12899 5389 9598 12314)
4(12899 12314 12898 12529)
4(12900 5499 9582 12314)
4(9598 5500 12900 12314)
4(12900 12538 12898 12314)
4(893 12538 12900 5499)
4(12900 12314 12899 12540)
4(900 5500 12900 12540)
4(901 12540 12900 12538)
4(9601 5379 12891 12315)
4(9601 12315 9591 5380)
4(12902 12315 12891 12530)
4(12902 12531 12901 12315)
4(9601 5391 12902 12315)
4(12903 5506 9591 12315)
4(12903 12315 12901 12539)
4(12903 5509 9601 12315)
4(896 5509 12903 5506)
4(12903 12315 12902 12542)
4(903 12539 12903 12542)
4(904 12542 12903 5509)
4(12906 12533 12895 12316)
4(12906 12316 12904 12534)
4(9668 12316 12895 5461)
4(9665 12316 9668 5463)
4(12906 5466 9668 12316)
4(12907 12544 12904 12316)
4(9665 5580 12907 12316)
4(12907 12545 12906 12316)
4(946 12545 12907 12544)
4(9668 5591 12907 12316)
4(953 5580 12907 5591)
4(954 5591 12907 12545)
4(9671 5453 12897 12317)
4(9671 12317 12905 5454)
4(9672 12317 12897 5470)
4(9672 5472 12908 12317)
4(9671 5475 9672 12317)
4(12909 12547 12905 12317)
4(12909 12317 12908 12548)
4(12909 5583 9671 12317)
4(949 5583 12909 12547)
4(9672 5600 12909 12317)
4(956 12548 12909 5600)
4(957 5600 12909 5583)
4(12910 12538 12900 12318)
4(9700 5503 12910 12318)
4(12911 12318 12900 12540)
4(12911 5519 9716 12318)
4(12911 12318 12910 12541)
4(12912 5629 9700 12318)
4(9716 5630 12912 12318)
4(12912 12550 12910 12318)
4(967 12550 12912 5629)
4(12912 12318 12911 12552)
4(974 5630 12912 12552)
4(975 12552 12912 12550)
4(9719 5509 12903 12319)
4(9719 12319 9709 5510)
4(12914 12319 12903 12542)
4(12914 12543 12913 12319)
4(9719 5521 12914 12319)
4(12915 5636 9709 12319)
4(12915 12319 12913 12551)
4(12915 5639 9719 12319)
4(970 5639 12915 5636)
4(12915 12319 12914 12554)
4(977 12551 12915 12554)
4(978 12554 12915 5639)
4(12918 12545 12907 12320)
4(12918 12320 12916 12546)
4(9786 12320 12907 5591)
4(9783 12320 9786 5593)
4(12918 5596 9786 12320)
4(12919 12556 12916 12320)
4(9783 5710 12919 12320)
4(12919 12557 12918 12320)
4(1020 12557 12919 12556)
4(9786 5721 12919 12320)
4(1027 5710 12919 5721)
4(1028 5721 12919 12557)
4(9789 5583 12909 12321)
4(9789 12321 12917 5584)
4(9790 12321 12909 5600)
4(9790 5602 12920 12321)
4(9789 5605 9790 12321)
4(12921 12559 12917 12321)
4(12921 12321 12920 12560)
4(12921 5713 9789 12321)
4(1023 5713 12921 12559)
4(9790 5730 12921 12321)
4(1030 12560 12921 5730)
4(1031 5730 12921 5713)
4(12922 12550 12912 12322)
4(9818 5633 12922 12322)
4(12923 12322 12912 12552)
4(12923 5649 9834 12322)
4(12923 12322 12922 12553)
4(12924 5759 9818 12322)
4(9834 5760 12924 12322)
4(12924 12562 12922 12322)
4(1041 12562 12924 5759)
4(12924 12322 12923 12564)
4(1048 5760 12924 12564)
4(1049 12564 12924 12562)
4(9837 5639 12915 12323)
4(9837 12323 9827 5640)
4(12926 12323 12915 12554)
4(12926 12555 12925 12323)
4(9837 5651 12926 12323)
4(12927 5766 9827 12323)
4(12927 12323 12925 12563)
4(12927 5769 9837 12323)
4(1044 5769 12927 5766)
4(12927 12323 12926 12566)
4(1051 12563 12927 12566)
4(1052 12566 12927 5769)
4(12930 12557 12919 12324)
4(12930 12324 12928 12558)
4(9904 12324 12919 5721)
4(9901 12324 9904 5723)
4(12930 5726 9904 12324)
4(12931 12568 12928 12324)
4(9901 5840 12931 12324)
4(12931 12569 12930 12324)
4(1094 12569 12931 12568)
4(9904 5851 12931 12324)
4(1101 5840 12931 5851)
4(1102 5851 12931 12569)
4(9907 5713 12921 12325)
4(9907 12325 12929 5714)
4(9908 12325 12921 5730)
4(9908 5732 12932 12325)
4(9907 5735 9908 12325)
4(12933 12571 12929 12325)
4(12933 12325 12932 12572)
4(12933 5843 9907 12325)
4(1097 5843 12933 12571)
4(9908 5860 12933 12325)
4(1104 12572 12933 5860)
4(1105 5860 12933 5843)
4(12934 12562 12924 12326)
4(9936 5763 12934 12326)
4(12935 12326 12924 12564)
4(12935 5779 9952 12326)
4(12935 12326 12934 12565)
4(12936 5889 9936 12326)
4(9952 5890 12936 12326)
4(12936 12574 12934 12326)
4(1115 12574 12936 5889)
4(12936 12326 12935 12576)
4(1122 5890 12936 12576)
4(1123 12576 12936 12574)
4(9955 5769 12927 12327)
4(9955 12327 9945 5770)
4(12938 12327 12927 12566)
4(12938 12567 12937 12327)
4(9955 5781 12938 12327)
4(12939 5896 9945 12327)
4(12939 12327 12937 12575)
4(12939 5899 9955 12327)
4(1118 5899 12939 5896)
4(12939 12327 12938 12578)
4(1125 12575 12939 12578)
4(1126 12578 12939 5899)
4(12942 12569 12931 12328)
4(12942 12328 12940 12570)
4(10022 12328 12931 5851)
4(10019 12328 10022 5853)
4(12942 5856 10022 12328)
4(12943 12580 12940 12328)
4(10019 5970 12943 12328)
4(12943 12581 12942 12328)
4(1168 12581 12943 12580)
4(10022 5981 12943 12328)
4(1175 5970 12943 5981)
4(1176 5981 12943 12581)
4(10025 5843 12933 12329)
4(10025 12329 12941 5844)
4(10026 12329 12933 5860)
4(10026 5862 12944 12329)
4(10025 5865 10026 12329)
4(12945 12583 12941 12329)
4(12945 12329 12944 12584)
4(12945 5973 10025 12329)
4(1171 5973 12945 12583)
4(10026 5990 12945 12329)
4(1178 12584 12945 5990)
4(1179 5990 12945 5973)
4(12946 12574 12936 12330)
4(10054 5893 12946 12330)
4(12947 12330 12936 12576)
4(12947 5909 10070 12330)
4(12947 12330 12946 12577)
4(12948 6019 10054 12330)
4(10070 6020 12948 12330)
4(12948 12586 12946 12330)
4(1189 12586 12948 6019)
4(12948 12330 12947 12588)
4(1196 6020 12948 12588)
4(1197 12588 12948 12586)
4(10073 5899 12939 12331)
4(10073 12331 10063 5900)
4(12950 12331 12939 12578)
4(12950 12579 12949 12331)
4(10073 5911 12950 12331)
4(12951 6026 10063 12331)
4(12951 12331 12949 12587)
4(12951 6029 10073 12331)
4(1192 6029 12951 6026)
4(12951 12331 12950 12590)
4(1199 12587 12951 12590)
4(1200 12590 12951 6029)
4(12954 12581 12943 12332)
4(12954 12332 12952 12582)
4(10140 12332 12943 5981)
4(10137 12332 10140 5983)
4(12954 5986 10140 12332)
4(12955 12592 12952 12332)
4(10137 6100 12955 12332)
4(12955 12593 12954 12332)
4(1242 12593 12955 12592)
4(10140 6111 12955 12332)
4(1249 6100 12955 6111)
4(1250 6111 12955 12593)
4(10143 5973 12945 12333)
4(10143 12333 12953 5974)
4(10144 12333 12945 5990)
4(10144 5992 12956 12333)
4(10143 5995 10144 12333)
4(12957 12595 12953 12333)
4(12957 12333 12956 12596)
4(12957 6103 10143 12333)
4(1245 6103 12957 12595)
4(10144 6120 12957 12333)
4(1252 12596 12957 6120)
4(1253 6120 12957 6103)
4(12958 12586 12948 12334)
4(10172 6023 12958 12334)
4(12959 12334 12948 12588)
4(12959 6039 10188 12334)
4(12959 12334 12958 12589)
4(12960 6149 10172 12334)
4(10188 6150 12960 12334)
4(12960 12598 12958 12334)
4(1263 12598 12960 6149)
4(12960 12334 12959 12600)
4(1270 6150 12960 12600)
4(1271 12600 12960 12598)
4(10191 6029 12951 12335)
4(10191 12335 10181 6030)
4(12962 12335 12951 12590)
4(12962 12591 12961 12335)
4(10191 6041 12962 12335)
4(12963 6156 10181 12335)
4(12963 12335 12961 12599)
4(12963 6159 10191 12335)
4(1266 6159 12963 6156)
4(12963 12335 12962 12602)
4(1273 12599 12963 12602)
4(1274 12602 12963 6159)
4(12966 12593 12955 12336)
4(12966 12336 12964 12594)
4(10258 12336 12955 6111)
4(10255 12336 10258 6113)
4(12966 6116 10258 12336)
4(12967 12604 12964 12336)
4(10255 6230 12967 12336)
4(12967 12605 12966 12336)
4(1316 12605 12967 12604)
4(10258 6241 12967 12336)
4(1323 6230 12967 6241)
4(1324 6241 12967 12605)
4(10261 6103 12957 12337)
4(10261 12337 12965 6104)
4(10262 12337 12957 6120)
4(10262 6122 12968 12337)
4(10261 6125 10262 12337)
4(12969 12607 12965 12337)
4(12969 12337 12968 12608)
4(12969 6233 10261 12337)
4(1319 6233 12969 12607)
4(10262 6250 12969 12337)
4(1326 12608 12969 6250)
4(1327 6250 12969 6233)
4(12970 12598 12960 12338)
4(10290 6153 12970 12338)
4(12971 12338 12960 12600)
4(12971 6169 10306 12338)
4(12971 12338 12970 12601)
4(12972 6279 10290 12338)
4(10306 6280 12972 12338)
4(12972 12610 12970 12338)
4(1337 12610 12972 6279)
4(12972 12338 12971 12612)
4(1344 6280 12972 12612)
4(1345 12612 12972 12610)
4(10309 6159 12963 12339)
4(10309 12339 10299 6160)
4(12974 12339 12963 12602)
4(12974 12603 12973 12339)
4(10309 6171 12974 12339)
4(12975 6286 10299 12339)
4(12975 12339 12973 12611)
4(12975 6289 10309 12339)
4(1340 6289 12975 6286)
4(12975 12339 12974 12614)
4(1347 12611 12975 12614)
4(1348 12614 12975 6289)
4(12978 12605 12967 12340)
4(12978 12340 12976 12606)
4(10376 12340 12967 6241)
4(10373 12340 10376 6243)
4(12978 6246 10376 12340)
4(12979 12616 12976 12340)
4(10373 6360 12979 12340)
4(12979 12617 12978 12340)
4(1390 12617 12979 12616)
4(10376 6371 12979 12340)
4(1397 6360 12979 6371)
4(1398 6371 12979 12617)
4(10379 6233 12969 12341)
4(10379 12341 12977 6234)
4(10380 12341 12969 6250)
4(10380 6252 12980 12341)
4(10379 6255 10380 12341)
4(12981 12619 12977 12341)
4(12981 12341 12980 12620)
4(12981 6363 10379 12341)
4(1393 6363 12981 12619)
4(10380 6380 12981 12341)
4(1400 12620 12981 6380)
4(1401 6380 12981 6363)
4(12982 12610 12972 12342)
4(10408 6283 12982 12342)
4(12983 12342 12972 12612)
4(12983 6299 10424 12342)
4(12983 12342 12982 12613)
4(12984 6409 10408 12342)
4(10424 6410 12984 12342)
4(12984 12622 12982 12342)
4(1411 12622 12984 6409)
4(12984 12342 12983 12624)
4(1418 6410 12984 12624)
4(1419 12624 12984 12622)
4(10427 6289 12975 12343)
4(10427 12343 10417 6290)
4(12986 12343 12975 12614)
4(12986 12615 12985 12343)
4(10427 6301 12986 12343)
4(12987 6416 10417 12343)
4(12987 12343 12985 12623)
4(12987 6419 10427 12343)
4(1414 6419 12987 6416)
4(12987 12343 12986 12626)
4(1421 12623 12987 12626)
4(1422 12626 12987 6419)
4(12990 12617 12979 12344)
4(12990 12344 12988 12618)
4(10494 12344 12979 6371)
4(10491 12344 10494 6373)
4(12990 6376 10494 12344)
4(12991 12628 12988 12344)
4(10491 6490 12991 12344)
4(12991 12629 12990 12344)
4(1464 12629 12991 12628)
4(10494 6501 12991 12344)
4(1471 6490 12991 6501)
4(1472 6501 12991 12629)
4(10497 6363 12981 12345)
4(10497 12345 12989 6364)
4(10498 12345 12981 6380)
4(10498 6382 12992 12345)
4(10497 6385 10498 12345)
4(12993 12631 12989 12345)
4(12993 12345 12992 12632)
4(12993 6493 10497 12345)
4(1467 6493 12993 12631)
4(10498 6510 12993 12345)
4(1474 12632 12993 6510)
4(1475 6510 12993 6493)
4(12994 12622 12984 12346)
4(10526 6413 12994 12346)
4(12995 12346 12984 12624)
4(12995 6429 10542 12346)
4(12995 12346 12994 12625)
4(12996 6539 10526 12346)
4(10542 6540 12996 12346)
4(12996 12634 12994 12346)
4(1485 12634 12996 6539)
4(12996 12346 12995 12636)
4(1492 6540 12996 12636)
4(1493 12636 12996 12634)
4(10545 6419 12987 12347)
4(10545 12347 10535 6420)
4(12998 12347 12987 12626)
4(12998 12627 12997 12347)
4(10545 6431 12998 12347)
4(12999 6546 10535 12347)
4(12999 12347 12997 12635)
4(12999 6549 10545 12347)
4(1488 6549 12999 6546)
4(12999 12347 12998 12638)
4(1495 12635 12999 12638)
4(1496 12638 12999 6549)
4(13002 12629 12991 12348)
4(13002 12348 13000 12630)
4(10612 12348 12991 6501)
4(10609 12348 10612 6503)
4(13002 6506 10612 12348)
4(13003 12640 13000 12348)
4(10609 6620 13003 12348)
4(13003 12641 13002 12348)
4(1538 12641 13003 12640)
4(10612 6631 13003 12348)
4(1545 6620 13003 6631)
4(1546 6631 13003 12641)
4(10615 6493 12993 12349)
4(10615 12349 13001 6494)
4(10616 12349 12993 6510)
4(10616 6512 13004 12349)
4(10615 6515 10616 12349)
4(13005 12643 13001 12349)
4(13005 12349 13004 12644)
4(13005 6623 10615 12349)
4(1541 6623 13005 12643)
4(10616 6640 13005 12349)
4(1548 12644 13005 6640)
4(1549 6640 13005 6623)
4(13006 12634 12996 12350)
4(10644 6543 13006 12350)
4(13007 12350 12996 12636)
4(13007 6559 10660 12350)
4(13007 12350 13006 12637)
4(13008 6669 10644 12350)
4(10660 6670 13008 12350)
4(13008 12646 13006 12350)
4(1559 12646 13008 6669)
4(13008 12350 13007 12648)
4(1566 6670 13008 12648)
4(1567 12648 13008 12646)
4(10663 6549 12999 12351)
4(10663 12351 10653 6550)
4(13010 12351 12999 12638)
4(13010 12639 13009 12351)
4(10663 6561 13010 12351)
4(13011 6676 10653 12351)
4(13011 12351 13009 12647)
4(13011 6679 10663 12351)
4(1562 6679 13011 6676)
4(13011 12351 13010 12650)
4(1569 12647 13011 12650)
4(1570 12650 13011 6679)
4(13014 12641 13003 12352)
4(13014 12352 13012 12642)
4(10730 12352 13003 6631)
4(10727 12352 10730 6633)
4(13014 6636 10730 12352)
4(13015 12652 13012 12352)
4(10727 6750 13015 12352)
4(13015 12653 13014 12352)
4(1612 12653 13015 12652)
4(10730 6761 13015 12352)
4(1619 6750 13015 6761)
4(1620 6761 13015 12653)
4(10733 6623 13005 12353)
4(10733 12353 13013 6624)
4(10734 12353 13005 6640)
4(10734 6642 13016 12353)
4(10733 6645 10734 12353)
4(13017 12655 13013 12353)
4(13017 12353 13016 12656)
4(13017 6753 10733 12353)
4(1615 6753 13017 12655)
4(10734 6770 13017 12353)
4(1622 12656 13017 6770)
4(1623 6770 13017 6753)
4(13018 12646 13008 12354)
4(10762 6673 13018 12354)
4(13019 12354 13008 12648)
4(13019 6689 10778 12354)
4(13019 12354 13018 12649)
4(13020 6799 10762 12354)
4(10778 6800 13020 12354)
4(13020 12658 13018 12354)
4(1633 12658 13020 6799)
4(13020 12354 13019 12660)
4(1640 6800 13020 12660)
4(1641 12660 13020 12658)
4(10781 6679 13011 12355)
4(10781 12355 10771 6680)
4(13022 12355 13011 12650)
4(13022 12651 13021 12355)
4(10781 6691 13022 12355)
4(13023 6806 10771 12355)
4(13023 12355 13021 12659)
4(13023 6809 10781 12355)
4(1636 6809 13023 6806)
4(13023 12355 13022 12662)
4(1643 12659 13023 12662)
4(1644 12662 13023 6809)
4(13026 12653 13015 12356)
4(13026 12356 13024 12654)
4(10848 12356 13015 6761)
4(10845 12356 10848 6763)
4(13026 6766 10848 12356)
4(13027 12664 13024 12356)
4(10845 6880 13027 12356)
4(13027 12665 13026 12356)
4(1686 12665 13027 12664)
4(10848 6891 13027 12356)
4(1693 6880 13027 6891)
4(1694 6891 13027 12665)
4(10851 6753 13017 12357)
4(10851 12357 13025 6754)
4(10852 12357 13017 6770)
4(10852 6772 13028 12357)
4(10851 6775 10852 12357)
4(13029 12667 13025 12357)
4(13029 12357 13028 12668)
4(13029 6883 10851 12357)
4(1689 6883 13029 12667)
4(10852 6900 13029 12357)
4(1696 12668 13029 6900)
4(1697 6900 13029 6883)
4(13030 12658 13020 12358)
4(10880 6803 13030 12358)
4(13031 12358 13020 12660)
4(13031 6819 10896 12358)
4(13031 12358 13030 12661)
4(13032 6929 10880 12358)
4(10896 6930 13032 12358)
4(13032 12670 13030 12358)
4(1707 12670 13032 6929)
4(13032 12358 13031 12672)
4(1714 6930 13032 12672)
4(1715 12672 13032 12670)
4(10899 6809 13023 12359)
4(10899 12359 10889 6810)
4(13034 12359 13023 12662)
4(13034 12663 13033 12359)
4(10899 6821 13034 12359)
4(13035 6936 10889 12359)
4(13035 12359 13033 12671)
4(13035 6939 10899 12359)
4(1710 6939 13035 6936)
4(13035 12359 13034 12674)
4(1717 12671 13035 12674)
4(1718 12674 13035 6939)
4(13038 12665 13027 12360)
4(13038 12360 13036 12666)
4(10966 12360 13027 6891)
4(10963 12360 10966 6893)
4(13038 6896 10966 12360)
4(13039 12676 13036 12360)
4(10963 7010 13039 12360)
4(13039 12677 13038 12360)
4(1760 12677 13039 12676)
4(10966 7021 13039 12360)
4(1767 7010 13039 7021)
4(1768 7021 13039 12677)
4(10969 6883 13029 12361)
4(10969 12361 13037 6884)
4(10970 12361 13029 6900)
4(10970 6902 13040 12361)
4(10969 6905 10970 12361)
4(13041 12679 13037 12361)
4(13041 12361 13040 12680)
4(13041 7013 10969 12361)
4(1763 7013 13041 12679)
4(10970 7030 13041 12361)
4(1770 12680 13041 7030)
4(1771 7030 13041 7013)
4(13042 12670 13032 12362)
4(10998 6933 13042 12362)
4(13043 12362 13032 12672)
4(13043 6949 11014 12362)
4(13043 12362 13042 12673)
4(13044 7059 10998 12362)
4(11014 7060 13044 12362)
4(13044 12682 13042 12362)
4(1781 12682 13044 7059)
4(13044 12362 13043 12684)
4(1788 7060 13044 12684)
4(1789 12684 13044 12682)
4(11017 6939 13035 12363)
4(11017 12363 11007 6940)
4(13046 12363 13035 12674)
4(13046 12675 13045 12363)
4(11017 6951 13046 12363)
4(13047 7066 11007 12363)
4(13047 12363 13045 12683)
4(13047 7069 11017 12363)
4(1784 7069 13047 7066)
4(13047 12363 13046 12686)
4(1791 12683 13047 12686)
4(1792 12686 13047 7069)
4(13050 12677 13039 12364)
4(13050 12364 13048 12678)
4(11084 12364 13039 7021)
4(11081 12364 11084 7023)
4(13050 7026 11084 12364)
4(13051 12688 13048 12364)
4(11081 7140 13051 12364)
4(13051 12689 13050 12364)
4(1834 12689 13051 12688)
4(11084 7151 13051 12364)
4(1841 7140 13051 7151)
4(1842 7151 13051 12689)
4(11087 7013 13041 12365)
4(11087 12365 13049 7014)
4(11088 12365 13041 7030)
4(11088 7032 13052 12365)
4(11087 7035 11088 12365)
4(13053 12691 13049 12365)
4(13053 12365 13052 12692)
4(13053 7143 11087 12365)
4(1837 7143 13053 12691)
4(11088 7160 13053 12365)
4(1844 12692 13053 7160)
4(1845 7160 13053 7143)
4(13054 12682 13044 12366)
4(11116 7063 13054 12366)
4(13055 12366 13044 12684)
4(13055 7079 11132 12366)
4(13055 12366 13054 12685)
4(13056 7189 11116 12366)
4(11132 7190 13056 12366)
4(13056 12694 13054 12366)
4(1855 12694 13056 7189)
4(13056 12366 13055 12696)
4(1862 7190 13056 12696)
4(1863 12696 13056 12694)
4(11135 7069 13047 12367)
4(11135 12367 11125 7070)
4(13058 12367 13047 12686)
4(13058 12687 13057 12367)
4(11135 7081 13058 12367)
4(13059 7196 11125 12367)
4(13059 12367 13057 12695)
4(13059 7199 11135 12367)
4(1858 7199 13059 7196)
4(13059 12367 13058 12698)
4(1865 12695 13059 12698)
4(1866 12698 13059 7199)
4(13062 12689 13051 12368)
4(13062 12368 13060 12690)
4(11202 12368 13051 7151)
4(11199 12368 11202 7153)
4(13062 7156 11202 12368)
4(13063 12700 13060 12368)
4(11199 7270 13063 12368)
4(13063 12701 13062 12368)
4(1908 12701 13063 12700)
4(11202 7281 13063 12368)
4(1915 7270 13063 7281)
4(1916 7281 13063 12701)
4(11205 7143 13053 12369)
4(11205 12369 13061 7144)
4(11206 12369 13053 7160)
4(11206 7162 13064 12369)
4(11205 7165 11206 12369)
4(13065 12703 13061 12369)
4(13065 12369 13064 12704)
4(13065 7273 11205 12369)
4(1911 7273 13065 12703)
4(11206 7290 13065 12369)
4(1918 12704 13065 7290)
4(1919 7290 13065 7273)
4(13066 12694 13056 12370)
4(11234 7193 13066 12370)
4(13067 12370 13056 12696)
4(13067 7209 11250 12370)
4(13067 12370 13066 12697)
4(13068 7319 11234 12370)
4(11250 7320 13068 12370)
4(13068 12706 13066 12370)
4(1929 12706 13068 7319)
4(13068 12370 13067 12708)
4(1936 7320 13068 12708)
4(1937 12708 13068 12706)
4(11253 7199 13059 12371)
4(11253 12371 11243 7200)
4(13070 12371 13059 12698)
4(13070 12699 13069 12371)
4(11253 7211 13070 12371)
4(13071 7326 11243 12371)
4(13071 12371 13069 12707)
4(13071 7329 11253 12371)
4(1932 7329 13071 7326)
4(13071 12371 13070 12710)
4(1939 12707 13071 12710)
4(1940 12710 13071 7329)
4(13074 12701 13063 12372)
4(13074 12372 13072 12702)
4(11320 12372 13063 7281)
4(11317 12372 11320 7283)
4(13074 7286 11320 12372)
4(13075 12712 13072 12372)
4(11317 7400 13075 12372)
4(13075 12713 13074 12372)
4(1982 12713 13075 12712)
4(11320 7411 13075 12372)
4(1989 7400 13075 7411)
4(1990 7411 13075 12713)
4(11323 7273 13065 12373)
4(11323 12373 13073 7274)
4(11324 12373 13065 7290)
4(11324 7292 13076 12373)
4(11323 7295 11324 12373)
4(13077 12715 13073 12373)
4(13077 12373 13076 12716)
4(13077 7403 11323 12373)
4(1985 7403 13077 12715)
4(11324 7420 13077 12373)
4(1992 12716 13077 7420)
4(1993 7420 13077 7403)
4(13078 12706 13068 12374)
4(11352 7323 13078 12374)
4(13079 12374 13068 12708)
4(13079 7339 11368 12374)
4(13079 12374 13078 12709)
4(13080 7449 11352 12374)
4(11368 7450 13080 12374)
4(13080 12718 13078 12374)
4(2003 12718 13080 7449)
4(13080 12374 13079 12720)
4(2010 7450 13080 12720)
4(2011 12720 13080 12718)
4(11371 7329 13071 12375)
4(11371 12375 11361 7330)
4(13082 12375 13071 12710)
4(13082 12711 13081 12375)
4(11371 7341 13082 12375)
4(13083 7456 11361 12375)
4(13083 12375 13081 12719)
4(13083 7459 11371 12375)
4(2006 7459 13083 7456)
4(13083 12375 13082 12722)
4(2013 12719 13083 12722)
4(2014 12722 13083 7459)
4(13086 12713 13075 12376)
4(13086 12376 13084 12714)
4(11438 12376 13075 7411)
4(11435 12376 11438 7413)
4(13086 7416 11438 12376)
4(13087 12724 13084 12376)
4(11435 7530 13087 12376)
4(13087 12725 13086 12376)
4(2056 12725 13087 12724)
4(11438 7541 13087 12376)
4(2063 7530 13087 7541)
4(2064 7541 13087 12725)
4(11441 7403 13077 12377)
4(11441 12377 13085 7404)
4(11442 12377 13077 7420)
4(11442 7422 13088 12377)
4(11441 7425 11442 12377)
4(13089 12727 13085 12377)
4(13089 12377 13088 12728)
4(13089 7533 11441 12377)
4(2059 7533 13089 12727)
4(11442 7550 13089 12377)
4(2066 12728 13089 7550)
4(2067 7550 13089 7533)
4(13090 12718 13080 12378)
4(11470 7453 13090 12378)
4(13091 12378 13080 12720)
4(13091 7469 11486 12378)
4(13091 12378 13090 12721)
4(13092 7579 11470 12378)
4(11486 7580 13092 12378)
4(13092 12730 13090 12378)
4(2077 12730 13092 7579)
4(13092 12378 13091 12732)
4(2084 7580 13092 12732)
4(2085 12732 13092 12730)
4(11489 7459 13083 12379)
4(11489 12379 11479 7460)
4(13094 12379 13083 12722)
4(13094 12723 13093 12379)
4(11489 7471 13094 12379)
4(13095 7586 11479 12379)
4(13095 12379 13093 12731)
4(13095 7589 11489 12379)
4(2080 7589 13095 7586)
4(13095 12379 13094 12734)
4(2087 12731 13095 12734)
4(2088 12734 13095 7589)
4(13098 12725 13087 12380)
4(13098 12380 13096 12726)
4(11556 12380 13087 7541)
4(11553 12380 11556 7543)
4(13098 7546 11556 12380)
4(13099 12736 13096 12380)
4(11553 7660 13099 12380)
4(13099 12737 13098 12380)
4(2130 12737 13099 12736)
4(11556 7671 13099 12380)
4(2137 7660 13099 7671)
4(2138 7671 13099 12737)
4(11559 7533 13089 12381)
4(11559 12381 13097 7534)
4(11560 12381 13089 7550)
4(11560 7552 13100 12381)
4(11559 7555 11560 12381)
4(13101 12739 13097 12381)
4(13101 12381 13100 12740)
4(13101 7663 11559 12381)
4(2133 7663 13101 12739)
4(11560 7680 13101 12381)
4(2140 12740 13101 7680)
4(2141 7680 13101 7663)
4(13102 12730 13092 12382)
4(11588 7583 13102 12382)
4(13103 12382 13092 12732)
4(13103 7599 11604 12382)
4(13103 12382 13102 12733)
4(13104 7709 11588 12382)
4(11604 7710 13104 12382)
4(13104 12742 13102 12382)
4(2151 12742 13104 7709)
4(13104 12382 13103 12744)
4(2158 7710 13104 12744)
4(2159 12744 13104 12742)
4(11607 7589 13095 12383)
4(11607 12383 11597 7590)
4(13106 12383 13095 12734)
4(13106 12735 13105 12383)
4(11607 7601 13106 12383)
4(13107 7716 11597 12383)
4(13107 12383 13105 12743)
4(13107 7719 11607 12383)
4(2154 7719 13107 7716)
4(13107 12383 13106 12746)
4(2161 12743 13107 12746)
4(2162 12746 13107 7719)
4(13110 12737 13099 12384)
4(13110 12384 13108 12738)
4(11674 12384 13099 7671)
4(11671 12384 11674 7673)
4(13110 7676 11674 12384)
4(13111 12748 13108 12384)
4(11671 7790 13111 12384)
4(13111 12749 13110 12384)
4(2204 12749 13111 12748)
4(11674 7801 13111 12384)
4(2211 7790 13111 7801)
4(2212 7801 13111 12749)
4(11677 7663 13101 12385)
4(11677 12385 13109 7664)
4(11678 12385 13101 7680)
4(11678 7682 13112 12385)
4(11677 7685 11678 12385)
4(13113 12751 13109 12385)
4(13113 12385 13112 12752)
4(13113 7793 11677 12385)
4(2207 7793 13113 12751)
4(11678 7810 13113 12385)
4(2214 12752 13113 7810)
4(2215 7810 13113 7793)
4(13114 12742 13104 12386)
4(11706 7713 13114 12386)
4(13115 12386 13104 12744)
4(13115 7729 11722 12386)
4(13115 12386 13114 12745)
4(13116 7839 11706 12386)
4(11722 7840 13116 12386)
4(13116 12754 13114 12386)
4(2225 12754 13116 7839)
4(13116 12386 13115 12756)
4(2232 7840 13116 12756)
4(2233 12756 13116 12754)
4(11725 7719 13107 12387)
4(11725 12387 11715 7720)
4(13118 12387 13107 12746)
4(13118 12747 13117 12387)
4(11725 7731 13118 12387)
4(13119 7846 11715 12387)
4(13119 12387 13117 12755)
4(13119 7849 11725 12387)
4(2228 7849 13119 7846)
4(13119 12387 13118 12758)
4(2235 12755 13119 12758)
4(2236 12758 13119 7849)
4(13122 12749 13111 12388)
4(13122 12388 13120 12750)
4(11792 12388 13111 7801)
4(11789 12388 11792 7803)
4(13122 7806 11792 12388)
4(13123 12760 13120 12388)
4(11789 7920 13123 12388)
4(13123 12761 13122 12388)
4(2278 12761 13123 12760)
4(11792 7931 13123 12388)
4(2285 7920 13123 7931)
4(2286 7931 13123 12761)
4(11795 7793 13113 12389)
4(11795 12389 13121 7794)
4(11796 12389 13113 7810)
4(11796 7812 13124 12389)
4(11795 7815 11796 12389)
4(13125 12763 13121 12389)
4(13125 12389 13124 12764)
4(13125 7923 11795 12389)
4(2281 7923 13125 12763)
4(11796 7940 13125 12389)
4(2288 12764 13125 7940)
4(2289 7940 13125 7923)
4(13126 12754 13116 12390)
4(11824 7843 13126 12390)
4(13127 12390 13116 12756)
4(13127 7859 11840 12390)
4(13127 12390 13126 12757)
4(11824 12390 11843 7969)
4(11843 12390 11840 7970)
4(11843 7973 13126 12390)
4(13127 7992 11843 12390)
4(11846 7849 13119 12391)
4(11846 12391 11833 7850)
4(13129 12391 13119 12758)
4(13129 12759 13128 12391)
4(11846 7861 13129 12391)
4(11833 12391 11847 7978)
4(11847 12391 13128 7979)
4(11847 7982 11846 12391)
4(13129 8001 11847 12391)
4(13132 12761 13123 12392)
4(13132 12392 13130 12762)
4(11944 12392 13123 7931)
4(11941 12392 11944 7933)
4(13132 7936 11944 12392)
4(11945 8129 13130 12392)
4(11945 12392 11941 8130)
4(11945 8133 13132 12392)
4(11944 8150 11945 12392)
4(11950 7923 13125 12393)
4(11950 12393 13131 7924)
4(11951 12393 13125 7940)
4(11951 7942 13133 12393)
4(11950 7945 11951 12393)
4(11952 8138 13131 12393)
4(11952 12393 13133 8139)
4(11952 8142 11950 12393)
4(11951 8159 11952 12393)
4(10 3954 12238 3953)
4(19 3969 12239 3968)
4(28 3981 12240 3980)
4(37 3993 12241 3992)
4(46 4005 12242 4004)
4(3 3937 12245 3936)
6(11 3957 20 21 12 3956)
5(20 3971 29 30 21)
5(29 3983 38 39 30)
5(38 3995 47 48 39)
6(47 4007 56 4017 57 48)
4(56 4018 12246 4017)
4(4 3940 13134 3939)
5(12 21 22 13 12396)
4(21 30 31 22)
4(30 39 40 31)
4(39 48 49 40)
5(48 57 12400 58 49)
4(57 4020 13135 12400)
4(65 4032 12249 4031)
4(0 3927 12250 3926)
6(5 12394 13 14 6 3942)
4(13 22 23 14)
4(22 31 32 23)
4(31 40 41 32)
4(40 49 50 41)
4(49 58 59 50)
6(58 12401 66 4034 67 59)
4(66 4035 12251 4034)
4(1 3930 12252 3929)
6(6 14 15 12395 7 3944)
4(14 23 24 15)
4(23 32 33 24)
4(32 41 42 33)
4(41 50 51 42)
4(50 59 60 51)
6(59 67 4037 68 12404 60)
4(67 4038 12253 4037)
4(2 3933 12254 3932)
4(7 12395 13136 3946)
5(15 24 25 16 12398)
4(24 33 34 25)
4(33 42 43 34)
4(42 51 52 43)
5(51 60 12403 61 52)
4(60 12404 13137 12403)
4(68 4041 12255 4040)
4(8 3949 12257 3948)
6(16 25 26 3963 17 3960)
5(25 34 35 3974 26)
5(34 43 44 3986 35)
5(43 52 53 3998 44)
6(52 61 4022 62 4010 53)
4(61 4023 12258 4022)
4(69 4044 12259 4043)
4(17 3963 12261 3962)
4(26 3974 12262 3973)
4(35 3986 12263 3985)
4(44 3998 12264 3997)
4(53 4010 12265 4009)
4(62 4026 12266 4025)
4(27 3977 12267 3976)
4(36 3989 12268 3988)
4(45 4001 12269 4000)
4(28 3969 12234 3979)
4(19 3967 12234 3969)
4(37 3981 12235 3991)
4(28 3979 12235 3981)
4(46 3993 12236 4003)
4(37 3991 12236 3993)
4(11 3937 12237 3953)
4(19 3968 12238 3954)
4(20 3957 12238 3968)
4(11 3953 12238 3957)
4(28 3980 12239 3969)
4(29 3971 12239 3980)
4(20 3968 12239 3971)
4(37 3992 12240 3981)
4(38 3983 12240 3992)
4(29 3980 12240 3983)
4(46 4004 12241 3993)
4(47 3995 12241 4004)
4(38 3992 12241 3995)
4(55 4015 12242 4005)
4(56 4007 12242 4015)
4(47 4004 12242 4007)
4(56 4015 12243 4018)
4(4 3925 12244 3936)
4(11 3956 12245 3937)
4(12 3940 12245 3956)
4(4 3936 12245 3940)
4(64 4029 12246 4018)
4(65 4020 12246 4029)
4(57 4017 12246 4020)
4(65 4029 12247 4032)
4(4 3939 12248 3925)
4(5 3927 12248 3939)
4(0 3924 12248 3927)
4(71 4035 12249 4047)
4(66 4031 12249 4035)
4(5 3942 12250 3927)
4(6 3930 12250 3942)
4(1 3926 12250 3930)
4(71 4048 12251 4035)
4(72 4038 12251 4048)
4(67 4034 12251 4038)
4(6 3944 12252 3930)
4(7 3933 12252 3944)
4(2 3929 12252 3933)
4(72 4050 12253 4038)
4(73 4041 12253 4050)
4(68 4037 12253 4041)
4(7 3946 12254 3933)
4(8 3935 12254 3946)
4(73 4052 12255 4041)
4(69 4040 12255 4044)
4(8 3948 12256 3935)
4(16 3960 12257 3949)
4(17 3951 12257 3960)
4(9 3948 12257 3951)
4(69 4043 12258 4023)
4(70 4026 12258 4043)
4(62 4022 12258 4026)
4(17 3962 12260 3951)
4(26 3973 12261 3963)
4(27 3965 12261 3973)
4(18 3962 12261 3965)
4(35 3985 12262 3974)
4(36 3977 12262 3985)
4(27 3973 12262 3977)
4(44 3997 12263 3986)
4(45 3989 12263 3997)
4(36 3985 12263 3989)
4(53 4009 12264 3998)
4(54 4001 12264 4009)
4(45 3997 12264 4001)
4(62 4025 12265 4010)
4(63 4013 12265 4025)
4(54 4009 12265 4013)
4(36 3988 12267 3977)
4(45 4000 12268 3989)
4(54 4012 12269 4001)
4(12 12396 13134 3940)
4(13 12394 13134 12396)
4(5 3939 13134 12394)
4(65 4031 13135 4020)
4(66 12401 13135 4031)
4(58 12400 13135 12401)
4(15 12398 13136 12395)
4(16 3949 13136 12398)
4(8 3946 13136 3949)
4(68 4040 13137 12404)
4(69 4023 13137 4040)
4(61 12403 13137 4023)
4(8276 2691 12248 3924)
4(12248 2691 8280 3925)
4(0 3926 8277 3928)
4(1 3929 8278 3931)
4(2 3932 8279 3934)
4(8279 3932 12254 2694)
4(12256 2695 8292 3935)
4(3 3936 8281 3938)
4(3 3938 8297 3937)
4(9 3951 8304 3952)
4(12260 2699 8304 3951)
4(10 3953 8298 3955)
4(10 3955 8309 3954)
4(18 3965 8315 3966)
4(8310 2702 12234 3967)
4(27 3976 8318 3978)
4(8318 3976 12267 2705)
4(8320 2706 12235 3979)
4(8329 3988 12268 2709)
4(8332 2710 12236 3991)
4(8341 4000 12269 2713)
4(46 4006 8355 4005)
4(54 4014 8353 4012)
4(54 4013 8362 4014)
4(55 4016 8357 4015)
4(8357 2716 12243 4015)
4(8363 4025 12266 2719)
4(12266 4026 8375 2719)
4(64 4030 8368 4029)
4(8368 2720 12247 4029)
4(12249 4032 8379 2721)
4(8376 4043 12259 2725)
4(12259 4044 8390 2725)
4(71 4049 8385 4048)
4(72 4051 8388 4050)
4(73 4053 8391 4052)
4(8394 2727 8285 4054)
4(8285 2727 8398 4055)
4(74 4056 8395 4058)
4(75 4059 8396 4061)
4(76 4062 8397 4064)
4(8397 4062 8294 2730)
4(8296 2731 8410 4065)
4(77 4066 8399 4068)
4(77 4068 8415 4067)
4(83 4081 8422 4082)
4(8308 2735 8422 4081)
4(84 4083 8416 4085)
4(84 4085 8427 4084)
4(92 4095 8433 4096)
4(8428 2738 8321 4097)
4(101 4106 8436 4108)
4(8436 4106 8330 2741)
4(8438 2742 8333 4109)
4(8447 4118 8342 2745)
4(8450 2746 8345 4121)
4(8459 4130 8354 2749)
4(120 4136 8473 4135)
4(128 4144 8471 4142)
4(128 4143 8480 4144)
4(129 4146 8475 4145)
4(8475 2752 8366 4145)
4(8481 4155 8378 2755)
4(8378 4156 8493 2755)
4(138 4160 8486 4159)
4(8486 2756 8380 4159)
4(8383 4162 8497 2757)
4(8494 4173 8393 2761)
4(8393 4174 8508 2761)
4(145 4179 8503 4178)
4(146 4181 8506 4180)
4(147 4183 8509 4182)
4(8512 2763 8403 4184)
4(8403 2763 8516 4185)
4(148 4186 8513 4188)
4(149 4189 8514 4191)
4(150 4192 8515 4194)
4(8515 4192 8412 2766)
4(8414 2767 8528 4195)
4(151 4196 8517 4198)
4(151 4198 8533 4197)
4(157 4211 8540 4212)
4(8426 2771 8540 4211)
4(158 4213 8534 4215)
4(158 4215 8545 4214)
4(166 4225 8551 4226)
4(8546 2774 8439 4227)
4(175 4236 8554 4238)
4(8554 4236 8448 2777)
4(8556 2778 8451 4239)
4(8565 4248 8460 2781)
4(8568 2782 8463 4251)
4(8577 4260 8472 2785)
4(194 4266 8591 4265)
4(202 4274 8589 4272)
4(202 4273 8598 4274)
4(203 4276 8593 4275)
4(8593 2788 8484 4275)
4(8599 4285 8496 2791)
4(8496 4286 8611 2791)
4(212 4290 8604 4289)
4(8604 2792 8498 4289)
4(8501 4292 8615 2793)
4(8612 4303 8511 2797)
4(8511 4304 8626 2797)
4(219 4309 8621 4308)
4(220 4311 8624 4310)
4(221 4313 8627 4312)
4(8630 2799 8521 4314)
4(8521 2799 8634 4315)
4(222 4316 8631 4318)
4(223 4319 8632 4321)
4(224 4322 8633 4324)
4(8633 4322 8530 2802)
4(8532 2803 8646 4325)
4(225 4326 8635 4328)
4(225 4328 8651 4327)
4(231 4341 8658 4342)
4(8544 2807 8658 4341)
4(232 4343 8652 4345)
4(232 4345 8663 4344)
4(240 4355 8669 4356)
4(8664 2810 8557 4357)
4(249 4366 8672 4368)
4(8672 4366 8566 2813)
4(8674 2814 8569 4369)
4(8683 4378 8578 2817)
4(8686 2818 8581 4381)
4(8695 4390 8590 2821)
4(268 4396 8709 4395)
4(276 4404 8707 4402)
4(276 4403 8716 4404)
4(277 4406 8711 4405)
4(8711 2824 8602 4405)
4(8717 4415 8614 2827)
4(8614 4416 8729 2827)
4(286 4420 8722 4419)
4(8722 2828 8616 4419)
4(8619 4422 8733 2829)
4(8730 4433 8629 2833)
4(8629 4434 8744 2833)
4(293 4439 8739 4438)
4(294 4441 8742 4440)
4(295 4443 8745 4442)
4(8748 2835 8639 4444)
4(8639 2835 8752 4445)
4(296 4446 8749 4448)
4(297 4449 8750 4451)
4(298 4452 8751 4454)
4(8751 4452 8648 2838)
4(8650 2839 8764 4455)
4(299 4456 8753 4458)
4(299 4458 8769 4457)
4(305 4471 8776 4472)
4(8662 2843 8776 4471)
4(306 4473 8770 4475)
4(306 4475 8781 4474)
4(314 4485 8787 4486)
4(8782 2846 8675 4487)
4(323 4496 8790 4498)
4(8790 4496 8684 2849)
4(8792 2850 8687 4499)
4(8801 4508 8696 2853)
4(8804 2854 8699 4511)
4(8813 4520 8708 2857)
4(342 4526 8827 4525)
4(350 4534 8825 4532)
4(350 4533 8834 4534)
4(351 4536 8829 4535)
4(8829 2860 8720 4535)
4(8835 4545 8732 2863)
4(8732 4546 8847 2863)
4(360 4550 8840 4549)
4(8840 2864 8734 4549)
4(8737 4552 8851 2865)
4(8848 4563 8747 2869)
4(8747 4564 8862 2869)
4(367 4569 8857 4568)
4(368 4571 8860 4570)
4(369 4573 8863 4572)
4(8866 2871 8757 4574)
4(8757 2871 8870 4575)
4(370 4576 8867 4578)
4(371 4579 8868 4581)
4(372 4582 8869 4584)
4(8869 4582 8766 2874)
4(8768 2875 8882 4585)
4(373 4586 8871 4588)
4(373 4588 8887 4587)
4(379 4601 8894 4602)
4(8780 2879 8894 4601)
4(380 4603 8888 4605)
4(380 4605 8899 4604)
4(388 4615 8905 4616)
4(8900 2882 8793 4617)
4(397 4626 8908 4628)
4(8908 4626 8802 2885)
4(8910 2886 8805 4629)
4(8919 4638 8814 2889)
4(8922 2890 8817 4641)
4(8931 4650 8826 2893)
4(416 4656 8945 4655)
4(424 4664 8943 4662)
4(424 4663 8952 4664)
4(425 4666 8947 4665)
4(8947 2896 8838 4665)
4(8953 4675 8850 2899)
4(8850 4676 8965 2899)
4(434 4680 8958 4679)
4(8958 2900 8852 4679)
4(8855 4682 8969 2901)
4(8966 4693 8865 2905)
4(8865 4694 8980 2905)
4(441 4699 8975 4698)
4(442 4701 8978 4700)
4(443 4703 8981 4702)
4(8984 2907 8875 4704)
4(8875 2907 8988 4705)
4(444 4706 8985 4708)
4(445 4709 8986 4711)
4(446 4712 8987 4714)
4(8987 4712 8884 2910)
4(8886 2911 9000 4715)
4(447 4716 8989 4718)
4(447 4718 9005 4717)
4(453 4731 9012 4732)
4(8898 2915 9012 4731)
4(454 4733 9006 4735)
4(454 4735 9017 4734)
4(462 4745 9023 4746)
4(9018 2918 8911 4747)
4(471 4756 9026 4758)
4(9026 4756 8920 2921)
4(9028 2922 8923 4759)
4(9037 4768 8932 2925)
4(9040 2926 8935 4771)
4(9049 4780 8944 2929)
4(490 4786 9063 4785)
4(498 4794 9061 4792)
4(498 4793 9070 4794)
4(499 4796 9065 4795)
4(9065 2932 8956 4795)
4(9071 4805 8968 2935)
4(8968 4806 9083 2935)
4(508 4810 9076 4809)
4(9076 2936 8970 4809)
4(8973 4812 9087 2937)
4(9084 4823 8983 2941)
4(8983 4824 9098 2941)
4(515 4829 9093 4828)
4(516 4831 9096 4830)
4(517 4833 9099 4832)
4(9102 2943 8993 4834)
4(8993 2943 9106 4835)
4(518 4836 9103 4838)
4(519 4839 9104 4841)
4(520 4842 9105 4844)
4(9105 4842 9002 2946)
4(9004 2947 9118 4845)
4(521 4846 9107 4848)
4(521 4848 9123 4847)
4(527 4861 9130 4862)
4(9016 2951 9130 4861)
4(528 4863 9124 4865)
4(528 4865 9135 4864)
4(536 4875 9141 4876)
4(9136 2954 9029 4877)
4(545 4886 9144 4888)
4(9144 4886 9038 2957)
4(9146 2958 9041 4889)
4(9155 4898 9050 2961)
4(9158 2962 9053 4901)
4(9167 4910 9062 2965)
4(564 4916 9181 4915)
4(572 4924 9179 4922)
4(572 4923 9188 4924)
4(573 4926 9183 4925)
4(9183 2968 9074 4925)
4(9189 4935 9086 2971)
4(9086 4936 9201 2971)
4(582 4940 9194 4939)
4(9194 2972 9088 4939)
4(9091 4942 9205 2973)
4(9202 4953 9101 2977)
4(9101 4954 9216 2977)
4(589 4959 9211 4958)
4(590 4961 9214 4960)
4(591 4963 9217 4962)
4(9220 2979 9111 4964)
4(9111 2979 9224 4965)
4(592 4966 9221 4968)
4(593 4969 9222 4971)
4(594 4972 9223 4974)
4(9223 4972 9120 2982)
4(9122 2983 9236 4975)
4(595 4976 9225 4978)
4(595 4978 9241 4977)
4(601 4991 9248 4992)
4(9134 2987 9248 4991)
4(602 4993 9242 4995)
4(602 4995 9253 4994)
4(610 5005 9259 5006)
4(9254 2990 9147 5007)
4(619 5016 9262 5018)
4(9262 5016 9156 2993)
4(9264 2994 9159 5019)
4(9273 5028 9168 2997)
4(9276 2998 9171 5031)
4(9285 5040 9180 3001)
4(638 5046 9299 5045)
4(646 5054 9297 5052)
4(646 5053 9306 5054)
4(647 5056 9301 5055)
4(9301 3004 9192 5055)
4(9307 5065 9204 3007)
4(9204 5066 9319 3007)
4(656 5070 9312 5069)
4(9312 3008 9206 5069)
4(9209 5072 9323 3009)
4(9320 5083 9219 3013)
4(9219 5084 9334 3013)
4(663 5089 9329 5088)
4(664 5091 9332 5090)
4(665 5093 9335 5092)
4(9338 3015 9229 5094)
4(9229 3015 9342 5095)
4(666 5096 9339 5098)
4(667 5099 9340 5101)
4(668 5102 9341 5104)
4(9341 5102 9238 3018)
4(9240 3019 9354 5105)
4(669 5106 9343 5108)
4(669 5108 9359 5107)
4(675 5121 9366 5122)
4(9252 3023 9366 5121)
4(676 5123 9360 5125)
4(676 5125 9371 5124)
4(684 5135 9377 5136)
4(9372 3026 9265 5137)
4(693 5146 9380 5148)
4(9380 5146 9274 3029)
4(9382 3030 9277 5149)
4(9391 5158 9286 3033)
4(9394 3034 9289 5161)
4(9403 5170 9298 3037)
4(712 5176 9417 5175)
4(720 5184 9415 5182)
4(720 5183 9424 5184)
4(721 5186 9419 5185)
4(9419 3040 9310 5185)
4(9425 5195 9322 3043)
4(9322 5196 9437 3043)
4(730 5200 9430 5199)
4(9430 3044 9324 5199)
4(9327 5202 9441 3045)
4(9438 5213 9337 3049)
4(9337 5214 9452 3049)
4(737 5219 9447 5218)
4(738 5221 9450 5220)
4(739 5223 9453 5222)
4(9456 3051 9347 5224)
4(9347 3051 9460 5225)
4(740 5226 9457 5228)
4(741 5229 9458 5231)
4(742 5232 9459 5234)
4(9459 5232 9356 3054)
4(9358 3055 9472 5235)
4(743 5236 9461 5238)
4(743 5238 9477 5237)
4(749 5251 9484 5252)
4(9370 3059 9484 5251)
4(750 5253 9478 5255)
4(750 5255 9489 5254)
4(758 5265 9495 5266)
4(9490 3062 9383 5267)
4(767 5276 9498 5278)
4(9498 5276 9392 3065)
4(9500 3066 9395 5279)
4(9509 5288 9404 3069)
4(9512 3070 9407 5291)
4(9521 5300 9416 3073)
4(786 5306 9535 5305)
4(794 5314 9533 5312)
4(794 5313 9542 5314)
4(795 5316 9537 5315)
4(9537 3076 9428 5315)
4(9543 5325 9440 3079)
4(9440 5326 9555 3079)
4(804 5330 9548 5329)
4(9548 3080 9442 5329)
4(9445 5332 9559 3081)
4(9556 5343 9455 3085)
4(9455 5344 9570 3085)
4(811 5349 9565 5348)
4(812 5351 9568 5350)
4(813 5353 9571 5352)
4(9574 3087 9465 5354)
4(9465 3087 9578 5355)
4(814 5356 9575 5358)
4(815 5359 9576 5361)
4(816 5362 9577 5364)
4(9577 5362 9474 3090)
4(9476 3091 9590 5365)
4(817 5366 9579 5368)
4(817 5368 9595 5367)
4(823 5381 9602 5382)
4(9488 3095 9602 5381)
4(824 5383 9596 5385)
4(824 5385 9607 5384)
4(832 5395 9613 5396)
4(9608 3098 9501 5397)
4(841 5406 9616 5408)
4(9616 5406 9510 3101)
4(9618 3102 9513 5409)
4(9627 5418 9522 3105)
4(9630 3106 9525 5421)
4(9639 5430 9534 3109)
4(860 5436 9653 5435)
4(868 5444 9651 5442)
4(868 5443 9660 5444)
4(869 5446 9655 5445)
4(9655 3112 9546 5445)
4(9661 5455 9558 3115)
4(9558 5456 9673 3115)
4(878 5460 9666 5459)
4(9666 3116 9560 5459)
4(9563 5462 9677 3117)
4(9674 5473 9573 3121)
4(9573 5474 9688 3121)
4(885 5479 9683 5478)
4(886 5481 9686 5480)
4(887 5483 9689 5482)
4(9692 3123 9583 5484)
4(9583 3123 9696 5485)
4(888 5486 9693 5488)
4(889 5489 9694 5491)
4(890 5492 9695 5494)
4(9695 5492 9592 3126)
4(9594 3127 9708 5495)
4(891 5496 9697 5498)
4(891 5498 9713 5497)
4(897 5511 9720 5512)
4(9606 3131 9720 5511)
4(898 5513 9714 5515)
4(898 5515 9725 5514)
4(906 5525 9731 5526)
4(9726 3134 9619 5527)
4(915 5536 9734 5538)
4(9734 5536 9628 3137)
4(9736 3138 9631 5539)
4(9745 5548 9640 3141)
4(9748 3142 9643 5551)
4(9757 5560 9652 3145)
4(934 5566 9771 5565)
4(942 5574 9769 5572)
4(942 5573 9778 5574)
4(943 5576 9773 5575)
4(9773 3148 9664 5575)
4(9779 5585 9676 3151)
4(9676 5586 9791 3151)
4(952 5590 9784 5589)
4(9784 3152 9678 5589)
4(9681 5592 9795 3153)
4(9792 5603 9691 3157)
4(9691 5604 9806 3157)
4(959 5609 9801 5608)
4(960 5611 9804 5610)
4(961 5613 9807 5612)
4(9810 3159 9701 5614)
4(9701 3159 9814 5615)
4(962 5616 9811 5618)
4(963 5619 9812 5621)
4(964 5622 9813 5624)
4(9813 5622 9710 3162)
4(9712 3163 9826 5625)
4(965 5626 9815 5628)
4(965 5628 9831 5627)
4(971 5641 9838 5642)
4(9724 3167 9838 5641)
4(972 5643 9832 5645)
4(972 5645 9843 5644)
4(980 5655 9849 5656)
4(9844 3170 9737 5657)
4(989 5666 9852 5668)
4(9852 5666 9746 3173)
4(9854 3174 9749 5669)
4(9863 5678 9758 3177)
4(9866 3178 9761 5681)
4(9875 5690 9770 3181)
4(1008 5696 9889 5695)
4(1016 5704 9887 5702)
4(1016 5703 9896 5704)
4(1017 5706 9891 5705)
4(9891 3184 9782 5705)
4(9897 5715 9794 3187)
4(9794 5716 9909 3187)
4(1026 5720 9902 5719)
4(9902 3188 9796 5719)
4(9799 5722 9913 3189)
4(9910 5733 9809 3193)
4(9809 5734 9924 3193)
4(1033 5739 9919 5738)
4(1034 5741 9922 5740)
4(1035 5743 9925 5742)
4(9928 3195 9819 5744)
4(9819 3195 9932 5745)
4(1036 5746 9929 5748)
4(1037 5749 9930 5751)
4(1038 5752 9931 5754)
4(9931 5752 9828 3198)
4(9830 3199 9944 5755)
4(1039 5756 9933 5758)
4(1039 5758 9949 5757)
4(1045 5771 9956 5772)
4(9842 3203 9956 5771)
4(1046 5773 9950 5775)
4(1046 5775 9961 5774)
4(1054 5785 9967 5786)
4(9962 3206 9855 5787)
4(1063 5796 9970 5798)
4(9970 5796 9864 3209)
4(9972 3210 9867 5799)
4(9981 5808 9876 3213)
4(9984 3214 9879 5811)
4(9993 5820 9888 3217)
4(1082 5826 10007 5825)
4(1090 5834 10005 5832)
4(1090 5833 10014 5834)
4(1091 5836 10009 5835)
4(10009 3220 9900 5835)
4(10015 5845 9912 3223)
4(9912 5846 10027 3223)
4(1100 5850 10020 5849)
4(10020 3224 9914 5849)
4(9917 5852 10031 3225)
4(10028 5863 9927 3229)
4(9927 5864 10042 3229)
4(1107 5869 10037 5868)
4(1108 5871 10040 5870)
4(1109 5873 10043 5872)
4(10046 3231 9937 5874)
4(9937 3231 10050 5875)
4(1110 5876 10047 5878)
4(1111 5879 10048 5881)
4(1112 5882 10049 5884)
4(10049 5882 9946 3234)
4(9948 3235 10062 5885)
4(1113 5886 10051 5888)
4(1113 5888 10067 5887)
4(1119 5901 10074 5902)
4(9960 3239 10074 5901)
4(1120 5903 10068 5905)
4(1120 5905 10079 5904)
4(1128 5915 10085 5916)
4(10080 3242 9973 5917)
4(1137 5926 10088 5928)
4(10088 5926 9982 3245)
4(10090 3246 9985 5929)
4(10099 5938 9994 3249)
4(10102 3250 9997 5941)
4(10111 5950 10006 3253)
4(1156 5956 10125 5955)
4(1164 5964 10123 5962)
4(1164 5963 10132 5964)
4(1165 5966 10127 5965)
4(10127 3256 10018 5965)
4(10133 5975 10030 3259)
4(10030 5976 10145 3259)
4(1174 5980 10138 5979)
4(10138 3260 10032 5979)
4(10035 5982 10149 3261)
4(10146 5993 10045 3265)
4(10045 5994 10160 3265)
4(1181 5999 10155 5998)
4(1182 6001 10158 6000)
4(1183 6003 10161 6002)
4(10164 3267 10055 6004)
4(10055 3267 10168 6005)
4(1184 6006 10165 6008)
4(1185 6009 10166 6011)
4(1186 6012 10167 6014)
4(10167 6012 10064 3270)
4(10066 3271 10180 6015)
4(1187 6016 10169 6018)
4(1187 6018 10185 6017)
4(1193 6031 10192 6032)
4(10078 3275 10192 6031)
4(1194 6033 10186 6035)
4(1194 6035 10197 6034)
4(1202 6045 10203 6046)
4(10198 3278 10091 6047)
4(1211 6056 10206 6058)
4(10206 6056 10100 3281)
4(10208 3282 10103 6059)
4(10217 6068 10112 3285)
4(10220 3286 10115 6071)
4(10229 6080 10124 3289)
4(1230 6086 10243 6085)
4(1238 6094 10241 6092)
4(1238 6093 10250 6094)
4(1239 6096 10245 6095)
4(10245 3292 10136 6095)
4(10251 6105 10148 3295)
4(10148 6106 10263 3295)
4(1248 6110 10256 6109)
4(10256 3296 10150 6109)
4(10153 6112 10267 3297)
4(10264 6123 10163 3301)
4(10163 6124 10278 3301)
4(1255 6129 10273 6128)
4(1256 6131 10276 6130)
4(1257 6133 10279 6132)
4(10282 3303 10173 6134)
4(10173 3303 10286 6135)
4(1258 6136 10283 6138)
4(1259 6139 10284 6141)
4(1260 6142 10285 6144)
4(10285 6142 10182 3306)
4(10184 3307 10298 6145)
4(1261 6146 10287 6148)
4(1261 6148 10303 6147)
4(1267 6161 10310 6162)
4(10196 3311 10310 6161)
4(1268 6163 10304 6165)
4(1268 6165 10315 6164)
4(1276 6175 10321 6176)
4(10316 3314 10209 6177)
4(1285 6186 10324 6188)
4(10324 6186 10218 3317)
4(10326 3318 10221 6189)
4(10335 6198 10230 3321)
4(10338 3322 10233 6201)
4(10347 6210 10242 3325)
4(1304 6216 10361 6215)
4(1312 6224 10359 6222)
4(1312 6223 10368 6224)
4(1313 6226 10363 6225)
4(10363 3328 10254 6225)
4(10369 6235 10266 3331)
4(10266 6236 10381 3331)
4(1322 6240 10374 6239)
4(10374 3332 10268 6239)
4(10271 6242 10385 3333)
4(10382 6253 10281 3337)
4(10281 6254 10396 3337)
4(1329 6259 10391 6258)
4(1330 6261 10394 6260)
4(1331 6263 10397 6262)
4(10400 3339 10291 6264)
4(10291 3339 10404 6265)
4(1332 6266 10401 6268)
4(1333 6269 10402 6271)
4(1334 6272 10403 6274)
4(10403 6272 10300 3342)
4(10302 3343 10416 6275)
4(1335 6276 10405 6278)
4(1335 6278 10421 6277)
4(1341 6291 10428 6292)
4(10314 3347 10428 6291)
4(1342 6293 10422 6295)
4(1342 6295 10433 6294)
4(1350 6305 10439 6306)
4(10434 3350 10327 6307)
4(1359 6316 10442 6318)
4(10442 6316 10336 3353)
4(10444 3354 10339 6319)
4(10453 6328 10348 3357)
4(10456 3358 10351 6331)
4(10465 6340 10360 3361)
4(1378 6346 10479 6345)
4(1386 6354 10477 6352)
4(1386 6353 10486 6354)
4(1387 6356 10481 6355)
4(10481 3364 10372 6355)
4(10487 6365 10384 3367)
4(10384 6366 10499 3367)
4(1396 6370 10492 6369)
4(10492 3368 10386 6369)
4(10389 6372 10503 3369)
4(10500 6383 10399 3373)
4(10399 6384 10514 3373)
4(1403 6389 10509 6388)
4(1404 6391 10512 6390)
4(1405 6393 10515 6392)
4(10518 3375 10409 6394)
4(10409 3375 10522 6395)
4(1406 6396 10519 6398)
4(1407 6399 10520 6401)
4(1408 6402 10521 6404)
4(10521 6402 10418 3378)
4(10420 3379 10534 6405)
4(1409 6406 10523 6408)
4(1409 6408 10539 6407)
4(1415 6421 10546 6422)
4(10432 3383 10546 6421)
4(1416 6423 10540 6425)
4(1416 6425 10551 6424)
4(1424 6435 10557 6436)
4(10552 3386 10445 6437)
4(1433 6446 10560 6448)
4(10560 6446 10454 3389)
4(10562 3390 10457 6449)
4(10571 6458 10466 3393)
4(10574 3394 10469 6461)
4(10583 6470 10478 3397)
4(1452 6476 10597 6475)
4(1460 6484 10595 6482)
4(1460 6483 10604 6484)
4(1461 6486 10599 6485)
4(10599 3400 10490 6485)
4(10605 6495 10502 3403)
4(10502 6496 10617 3403)
4(1470 6500 10610 6499)
4(10610 3404 10504 6499)
4(10507 6502 10621 3405)
4(10618 6513 10517 3409)
4(10517 6514 10632 3409)
4(1477 6519 10627 6518)
4(1478 6521 10630 6520)
4(1479 6523 10633 6522)
4(10636 3411 10527 6524)
4(10527 3411 10640 6525)
4(1480 6526 10637 6528)
4(1481 6529 10638 6531)
4(1482 6532 10639 6534)
4(10639 6532 10536 3414)
4(10538 3415 10652 6535)
4(1483 6536 10641 6538)
4(1483 6538 10657 6537)
4(1489 6551 10664 6552)
4(10550 3419 10664 6551)
4(1490 6553 10658 6555)
4(1490 6555 10669 6554)
4(1498 6565 10675 6566)
4(10670 3422 10563 6567)
4(1507 6576 10678 6578)
4(10678 6576 10572 3425)
4(10680 3426 10575 6579)
4(10689 6588 10584 3429)
4(10692 3430 10587 6591)
4(10701 6600 10596 3433)
4(1526 6606 10715 6605)
4(1534 6614 10713 6612)
4(1534 6613 10722 6614)
4(1535 6616 10717 6615)
4(10717 3436 10608 6615)
4(10723 6625 10620 3439)
4(10620 6626 10735 3439)
4(1544 6630 10728 6629)
4(10728 3440 10622 6629)
4(10625 6632 10739 3441)
4(10736 6643 10635 3445)
4(10635 6644 10750 3445)
4(1551 6649 10745 6648)
4(1552 6651 10748 6650)
4(1553 6653 10751 6652)
4(10754 3447 10645 6654)
4(10645 3447 10758 6655)
4(1554 6656 10755 6658)
4(1555 6659 10756 6661)
4(1556 6662 10757 6664)
4(10757 6662 10654 3450)
4(10656 3451 10770 6665)
4(1557 6666 10759 6668)
4(1557 6668 10775 6667)
4(1563 6681 10782 6682)
4(10668 3455 10782 6681)
4(1564 6683 10776 6685)
4(1564 6685 10787 6684)
4(1572 6695 10793 6696)
4(10788 3458 10681 6697)
4(1581 6706 10796 6708)
4(10796 6706 10690 3461)
4(10798 3462 10693 6709)
4(10807 6718 10702 3465)
4(10810 3466 10705 6721)
4(10819 6730 10714 3469)
4(1600 6736 10833 6735)
4(1608 6744 10831 6742)
4(1608 6743 10840 6744)
4(1609 6746 10835 6745)
4(10835 3472 10726 6745)
4(10841 6755 10738 3475)
4(10738 6756 10853 3475)
4(1618 6760 10846 6759)
4(10846 3476 10740 6759)
4(10743 6762 10857 3477)
4(10854 6773 10753 3481)
4(10753 6774 10868 3481)
4(1625 6779 10863 6778)
4(1626 6781 10866 6780)
4(1627 6783 10869 6782)
4(10872 3483 10763 6784)
4(10763 3483 10876 6785)
4(1628 6786 10873 6788)
4(1629 6789 10874 6791)
4(1630 6792 10875 6794)
4(10875 6792 10772 3486)
4(10774 3487 10888 6795)
4(1631 6796 10877 6798)
4(1631 6798 10893 6797)
4(1637 6811 10900 6812)
4(10786 3491 10900 6811)
4(1638 6813 10894 6815)
4(1638 6815 10905 6814)
4(1646 6825 10911 6826)
4(10906 3494 10799 6827)
4(1655 6836 10914 6838)
4(10914 6836 10808 3497)
4(10916 3498 10811 6839)
4(10925 6848 10820 3501)
4(10928 3502 10823 6851)
4(10937 6860 10832 3505)
4(1674 6866 10951 6865)
4(1682 6874 10949 6872)
4(1682 6873 10958 6874)
4(1683 6876 10953 6875)
4(10953 3508 10844 6875)
4(10959 6885 10856 3511)
4(10856 6886 10971 3511)
4(1692 6890 10964 6889)
4(10964 3512 10858 6889)
4(10861 6892 10975 3513)
4(10972 6903 10871 3517)
4(10871 6904 10986 3517)
4(1699 6909 10981 6908)
4(1700 6911 10984 6910)
4(1701 6913 10987 6912)
4(10990 3519 10881 6914)
4(10881 3519 10994 6915)
4(1702 6916 10991 6918)
4(1703 6919 10992 6921)
4(1704 6922 10993 6924)
4(10993 6922 10890 3522)
4(10892 3523 11006 6925)
4(1705 6926 10995 6928)
4(1705 6928 11011 6927)
4(1711 6941 11018 6942)
4(10904 3527 11018 6941)
4(1712 6943 11012 6945)
4(1712 6945 11023 6944)
4(1720 6955 11029 6956)
4(11024 3530 10917 6957)
4(1729 6966 11032 6968)
4(11032 6966 10926 3533)
4(11034 3534 10929 6969)
4(11043 6978 10938 3537)
4(11046 3538 10941 6981)
4(11055 6990 10950 3541)
4(1748 6996 11069 6995)
4(1756 7004 11067 7002)
4(1756 7003 11076 7004)
4(1757 7006 11071 7005)
4(11071 3544 10962 7005)
4(11077 7015 10974 3547)
4(10974 7016 11089 3547)
4(1766 7020 11082 7019)
4(11082 3548 10976 7019)
4(10979 7022 11093 3549)
4(11090 7033 10989 3553)
4(10989 7034 11104 3553)
4(1773 7039 11099 7038)
4(1774 7041 11102 7040)
4(1775 7043 11105 7042)
4(11108 3555 10999 7044)
4(10999 3555 11112 7045)
4(1776 7046 11109 7048)
4(1777 7049 11110 7051)
4(1778 7052 11111 7054)
4(11111 7052 11008 3558)
4(11010 3559 11124 7055)
4(1779 7056 11113 7058)
4(1779 7058 11129 7057)
4(1785 7071 11136 7072)
4(11022 3563 11136 7071)
4(1786 7073 11130 7075)
4(1786 7075 11141 7074)
4(1794 7085 11147 7086)
4(11142 3566 11035 7087)
4(1803 7096 11150 7098)
4(11150 7096 11044 3569)
4(11152 3570 11047 7099)
4(11161 7108 11056 3573)
4(11164 3574 11059 7111)
4(11173 7120 11068 3577)
4(1822 7126 11187 7125)
4(1830 7134 11185 7132)
4(1830 7133 11194 7134)
4(1831 7136 11189 7135)
4(11189 3580 11080 7135)
4(11195 7145 11092 3583)
4(11092 7146 11207 3583)
4(1840 7150 11200 7149)
4(11200 3584 11094 7149)
4(11097 7152 11211 3585)
4(11208 7163 11107 3589)
4(11107 7164 11222 3589)
4(1847 7169 11217 7168)
4(1848 7171 11220 7170)
4(1849 7173 11223 7172)
4(11226 3591 11117 7174)
4(11117 3591 11230 7175)
4(1850 7176 11227 7178)
4(1851 7179 11228 7181)
4(1852 7182 11229 7184)
4(11229 7182 11126 3594)
4(11128 3595 11242 7185)
4(1853 7186 11231 7188)
4(1853 7188 11247 7187)
4(1859 7201 11254 7202)
4(11140 3599 11254 7201)
4(1860 7203 11248 7205)
4(1860 7205 11259 7204)
4(1868 7215 11265 7216)
4(11260 3602 11153 7217)
4(1877 7226 11268 7228)
4(11268 7226 11162 3605)
4(11270 3606 11165 7229)
4(11279 7238 11174 3609)
4(11282 3610 11177 7241)
4(11291 7250 11186 3613)
4(1896 7256 11305 7255)
4(1904 7264 11303 7262)
4(1904 7263 11312 7264)
4(1905 7266 11307 7265)
4(11307 3616 11198 7265)
4(11313 7275 11210 3619)
4(11210 7276 11325 3619)
4(1914 7280 11318 7279)
4(11318 3620 11212 7279)
4(11215 7282 11329 3621)
4(11326 7293 11225 3625)
4(11225 7294 11340 3625)
4(1921 7299 11335 7298)
4(1922 7301 11338 7300)
4(1923 7303 11341 7302)
4(11344 3627 11235 7304)
4(11235 3627 11348 7305)
4(1924 7306 11345 7308)
4(1925 7309 11346 7311)
4(1926 7312 11347 7314)
4(11347 7312 11244 3630)
4(11246 3631 11360 7315)
4(1927 7316 11349 7318)
4(1927 7318 11365 7317)
4(1933 7331 11372 7332)
4(11258 3635 11372 7331)
4(1934 7333 11366 7335)
4(1934 7335 11377 7334)
4(1942 7345 11383 7346)
4(11378 3638 11271 7347)
4(1951 7356 11386 7358)
4(11386 7356 11280 3641)
4(11388 3642 11283 7359)
4(11397 7368 11292 3645)
4(11400 3646 11295 7371)
4(11409 7380 11304 3649)
4(1970 7386 11423 7385)
4(1978 7394 11421 7392)
4(1978 7393 11430 7394)
4(1979 7396 11425 7395)
4(11425 3652 11316 7395)
4(11431 7405 11328 3655)
4(11328 7406 11443 3655)
4(1988 7410 11436 7409)
4(11436 3656 11330 7409)
4(11333 7412 11447 3657)
4(11444 7423 11343 3661)
4(11343 7424 11458 3661)
4(1995 7429 11453 7428)
4(1996 7431 11456 7430)
4(1997 7433 11459 7432)
4(11462 3663 11353 7434)
4(11353 3663 11466 7435)
4(1998 7436 11463 7438)
4(1999 7439 11464 7441)
4(2000 7442 11465 7444)
4(11465 7442 11362 3666)
4(11364 3667 11478 7445)
4(2001 7446 11467 7448)
4(2001 7448 11483 7447)
4(2007 7461 11490 7462)
4(11376 3671 11490 7461)
4(2008 7463 11484 7465)
4(2008 7465 11495 7464)
4(2016 7475 11501 7476)
4(11496 3674 11389 7477)
4(2025 7486 11504 7488)
4(11504 7486 11398 3677)
4(11506 3678 11401 7489)
4(11515 7498 11410 3681)
4(11518 3682 11413 7501)
4(11527 7510 11422 3685)
4(2044 7516 11541 7515)
4(2052 7524 11539 7522)
4(2052 7523 11548 7524)
4(2053 7526 11543 7525)
4(11543 3688 11434 7525)
4(11549 7535 11446 3691)
4(11446 7536 11561 3691)
4(2062 7540 11554 7539)
4(11554 3692 11448 7539)
4(11451 7542 11565 3693)
4(11562 7553 11461 3697)
4(11461 7554 11576 3697)
4(2069 7559 11571 7558)
4(2070 7561 11574 7560)
4(2071 7563 11577 7562)
4(11580 3699 11471 7564)
4(11471 3699 11584 7565)
4(2072 7566 11581 7568)
4(2073 7569 11582 7571)
4(2074 7572 11583 7574)
4(11583 7572 11480 3702)
4(11482 3703 11596 7575)
4(2075 7576 11585 7578)
4(2075 7578 11601 7577)
4(2081 7591 11608 7592)
4(11494 3707 11608 7591)
4(2082 7593 11602 7595)
4(2082 7595 11613 7594)
4(2090 7605 11619 7606)
4(11614 3710 11507 7607)
4(2099 7616 11622 7618)
4(11622 7616 11516 3713)
4(11624 3714 11519 7619)
4(11633 7628 11528 3717)
4(11636 3718 11531 7631)
4(11645 7640 11540 3721)
4(2118 7646 11659 7645)
4(2126 7654 11657 7652)
4(2126 7653 11666 7654)
4(2127 7656 11661 7655)
4(11661 3724 11552 7655)
4(11667 7665 11564 3727)
4(11564 7666 11679 3727)
4(2136 7670 11672 7669)
4(11672 3728 11566 7669)
4(11569 7672 11683 3729)
4(11680 7683 11579 3733)
4(11579 7684 11694 3733)
4(2143 7689 11689 7688)
4(2144 7691 11692 7690)
4(2145 7693 11695 7692)
4(11698 3735 11589 7694)
4(11589 3735 11702 7695)
4(2146 7696 11699 7698)
4(2147 7699 11700 7701)
4(2148 7702 11701 7704)
4(11701 7702 11598 3738)
4(11600 3739 11714 7705)
4(2149 7706 11703 7708)
4(2149 7708 11719 7707)
4(2155 7721 11726 7722)
4(11612 3743 11726 7721)
4(2156 7723 11720 7725)
4(2156 7725 11731 7724)
4(2164 7735 11737 7736)
4(11732 3746 11625 7737)
4(2173 7746 11740 7748)
4(11740 7746 11634 3749)
4(11742 3750 11637 7749)
4(11751 7758 11646 3753)
4(11754 3754 11649 7761)
4(11763 7770 11658 3757)
4(2192 7776 11777 7775)
4(2200 7784 11775 7782)
4(2200 7783 11784 7784)
4(2201 7786 11779 7785)
4(11779 3760 11670 7785)
4(11785 7795 11682 3763)
4(11682 7796 11797 3763)
4(2210 7800 11790 7799)
4(11790 3764 11684 7799)
4(11687 7802 11801 3765)
4(11798 7813 11697 3769)
4(11697 7814 11812 3769)
4(2217 7819 11807 7818)
4(2218 7821 11810 7820)
4(2219 7823 11813 7822)
4(11816 3771 11707 7824)
4(11707 3771 11820 7825)
4(2220 7826 11817 7828)
4(2221 7829 11818 7831)
4(2222 7832 11819 7834)
4(11819 7832 11716 3774)
4(11718 3775 11832 7835)
4(2223 7836 11821 7838)
4(2223 7838 11837 7837)
4(2229 7851 11848 7852)
4(11730 3779 11848 7851)
4(2230 7853 11838 7855)
4(2230 7855 11853 7854)
4(2238 7865 11865 7866)
4(11854 3782 11743 7867)
4(2247 7876 11868 7878)
4(11868 7876 11752 3785)
4(11870 3786 11755 7879)
4(11885 7888 11764 3789)
4(11888 3790 11767 7891)
4(11903 7900 11776 3793)
4(2266 7906 11923 7905)
4(2274 7914 11921 7912)
4(2274 7913 11936 7914)
4(2275 7916 11925 7915)
4(11925 3796 11788 7915)
4(11937 7925 11800 3799)
4(11800 7926 11953 3799)
4(2284 7930 11942 7929)
4(11942 3800 11802 7929)
4(11805 7932 11957 3801)
4(11954 7943 11815 3805)
4(11815 7944 11968 3805)
4(2291 7949 11963 7948)
4(2292 7951 11966 7950)
4(2293 7953 11969 7952)
4(11972 3807 11825 7954)
4(11825 3807 11976 7955)
4(2294 7956 11973 7958)
4(2295 7959 11974 7961)
4(2296 7962 11975 7964)
4(11975 7962 11834 3810)
4(11836 3811 11984 7965)
4(2297 7966 11977 7968)
4(2297 7968 11987 7967)
4(2303 7984 12003 7985)
4(11852 3819 12003 7984)
4(2304 7986 11988 7988)
4(2304 7988 12006 7987)
4(2312 8010 12028 8011)
4(12007 3828 11871 8012)
4(2321 8037 12030 8039)
4(12030 8037 11886 3837)
4(12032 3838 11889 8040)
4(12057 8065 11904 3847)
4(12059 3848 11907 8068)
4(12084 8093 11922 3857)
4(2340 8099 12112 8098)
4(2348 8123 12111 8121)
4(2348 8122 12133 8123)
4(2349 8125 12114 8124)
4(12114 3866 11940 8124)
4(12134 8144 11956 3873)
4(11956 8145 12150 3873)
4(2358 8149 12137 8148)
4(12137 3874 11958 8148)
4(11961 8151 12152 3875)
4(12151 8162 11971 3879)
4(11971 8163 12159 3879)
4(2365 8168 12156 8167)
4(2366 8170 12158 8169)
4(2367 8172 12160 8171)
4(2618 2443 2589 2472)
4(2589 2443 2622 2473)
4(2624 2476 2619 2444)
4(2368 2474 2619 2476)
4(2626 2479 2620 2445)
4(2369 2477 2620 2479)
4(2621 2480 2592 2446)
4(2628 2482 2621 2446)
4(2370 2480 2621 2482)
4(2593 2447 2630 2483)
4(2371 2484 2623 2486)
4(2371 2486 2633 2485)
4(2633 2486 2623 2449)
4(2635 2489 2625 3880)
4(12161 2491 2627 3881)
4(12163 2493 2629 3882)
4(12165 2495 2631 3883)
4(2637 2498 2632 2450)
4(2377 2499 2638 2500)
4(2597 2451 2638 2499)
4(2378 2501 2634 2503)
4(2378 2503 2641 2502)
4(2641 2503 2634 2452)
4(2643 2506 2636 3884)
4(12168 2507 12162 3885)
4(12170 8180 12164 3886)
4(12172 8183 12166 3887)
4(12174 8186 12167 3888)
4(12176 2509 2639 3889)
4(2645 2512 2640 2453)
4(2386 2513 2646 2514)
4(2642 2454 2600 2515)
4(2649 2518 2644 3890)
4(12179 2519 12169 3891)
4(12181 8192 12171 3892)
4(12183 8195 12173 3893)
4(12185 8198 12175 3894)
4(12187 8201 12177 3895)
4(12189 8204 12178 3896)
4(12191 2521 2647 3897)
4(2395 2522 2648 2524)
4(2648 2522 2601 2455)
4(2651 2524 2648 2455)
4(2650 2456 2602 2525)
4(2653 2527 12180 3898)
4(12194 8209 12182 3899)
4(12196 8212 12184 3900)
4(12198 8215 12186 3901)
4(12200 8218 12188 3902)
4(12202 8221 12190 3903)
4(12204 8224 12192 3904)
4(12206 8227 12193 3905)
4(2652 2528 2603 2457)
4(2655 2530 2652 2457)
4(2654 2458 2604 2531)
4(2657 2533 12195 3906)
4(12209 8231 12197 3907)
4(12210 8234 12199 3908)
4(12212 8237 12201 3909)
4(12214 8240 12203 3910)
4(12216 8243 12205 3911)
4(12218 8246 12207 3912)
4(12220 8249 12208 3913)
4(2656 2534 2605 2459)
4(2660 2536 2656 2459)
4(2414 2540 2663 2539)
4(2663 2540 2659 2460)
4(2664 2542 12211 3914)
4(12222 8253 12213 3915)
4(12223 8256 12215 3916)
4(12225 8259 12217 3917)
4(12227 8262 12219 3918)
4(12229 8265 12221 3919)
4(2667 2545 2661 2461)
4(2422 2548 2662 2546)
4(2422 2547 2669 2548)
4(2423 2550 2665 2549)
4(2665 2462 2608 2549)
4(2671 2553 2666 2463)
4(2672 2555 12224 3920)
4(12231 8269 12226 3921)
4(12232 8272 12228 3922)
4(12233 8275 12230 3923)
4(2677 2558 2668 2464)
4(2670 2559 2611 2465)
4(2611 2560 2679 2465)
4(2679 2561 2670 2465)
4(2432 2564 2673 2563)
4(2673 2466 2612 2563)
4(2613 2566 2681 2467)
4(2681 2567 2674 2467)
4(2682 2570 2675 2468)
4(2684 2573 2676 2469)
4(2686 2576 2678 2470)
4(2680 2577 2617 2471)
4(2617 2578 2688 2471)
4(2688 2579 2680 2471)
4(2439 2583 2685 2582)
4(2440 2585 2687 2584)
4(2441 2587 2689 2586)
4(2622 2442 2588 2473)
4(2623 2484 2588 2442)
4(2623 2442 2622 2489)
4(2624 2443 2618 2476)
4(2368 2476 2618 2472)
4(2625 2489 2622 2443)
4(2625 2443 2624 2491)
4(2626 2444 2619 2479)
4(2369 2479 2619 2474)
4(2627 2491 2624 2444)
4(2627 2444 2626 2493)
4(2628 2445 2620 2482)
4(2370 2482 2620 2477)
4(2629 2493 2626 2445)
4(2629 2445 2628 2495)
4(2630 2446 2592 2483)
4(2631 2495 2628 2446)
4(2631 2446 2630 2498)
4(2632 2447 2593 2496)
4(2632 2498 2630 2447)
4(2377 2500 2632 2496)
4(2633 2448 2594 2485)
4(2634 2501 2594 2448)
4(2634 2448 2633 2506)
4(2635 2449 2623 2489)
4(2636 2506 2633 2449)
4(2636 2449 2635 2507)
4(2638 2450 2632 2500)
4(2639 2509 2637 2450)
4(2639 2450 2638 2512)
4(2640 2451 2597 2510)
4(2640 2512 2638 2451)
4(2386 2514 2640 2510)
4(2387 2502 2641 2518)
4(2387 2518 2642 2515)
4(2643 2452 2634 2506)
4(2644 2518 2641 2452)
4(2644 2452 2643 2519)
4(2646 2453 2640 2514)
4(2647 2521 2645 2453)
4(2647 2453 2646 2524)
4(2395 2524 2646 2513)
4(2649 2454 2642 2518)
4(2650 2525 2600 2454)
4(2650 2454 2649 2527)
4(2652 2455 2601 2528)
4(2652 2530 2651 2455)
4(2653 2456 2650 2527)
4(2654 2531 2602 2456)
4(2654 2456 2653 2533)
4(2656 2457 2603 2534)
4(2656 2536 2655 2457)
4(2657 2458 2654 2533)
4(2658 2537 2604 2458)
4(2658 2458 2657 2540)
4(2414 2537 2658 2540)
4(2662 2459 2605 2546)
4(2662 2548 2660 2459)
4(2423 2539 2663 2550)
4(2664 2460 2659 2542)
4(2665 2550 2663 2460)
4(2665 2460 2664 2553)
4(2669 2461 2661 2548)
4(2670 2561 2667 2461)
4(2670 2461 2669 2562)
4(2431 2562 2669 2547)
4(2431 2559 2670 2562)
4(2671 2552 2608 2462)
4(2671 2462 2665 2553)
4(2432 2552 2671 2564)
4(2672 2463 2666 2555)
4(2673 2564 2671 2463)
4(2673 2463 2672 2567)
4(2679 2464 2668 2561)
4(2680 2579 2677 2464)
4(2680 2464 2679 2580)
4(2438 2580 2679 2560)
4(2438 2577 2680 2580)
4(2681 2566 2612 2466)
4(2681 2466 2673 2567)
4(2682 2467 2674 2570)
4(2683 2581 2613 2467)
4(2683 2467 2682 2583)
4(2439 2581 2683 2583)
4(2684 2468 2675 2573)
4(2685 2583 2682 2468)
4(2685 2468 2684 2585)
4(2440 2582 2685 2585)
4(2686 2469 2676 2576)
4(2687 2585 2684 2469)
4(2687 2469 2686 2587)
4(2441 2584 2687 2587)
4(2688 2578 2616 2470)
4(2688 2470 2678 2579)
4(2689 2470 2616 2586)
4(2689 2587 2686 2470)
4(0 3928 8276 3924)
4(74 4054 8276 3928)
4(1 3931 8277 3926)
4(74 3928 8277 4056)
4(75 4056 8277 3931)
4(2 3934 8278 3929)
4(75 3931 8278 4059)
4(76 4059 8278 3934)
4(76 3934 8279 4062)
4(12244 3925 8280 2690)
4(12244 2690 8281 3936)
4(8282 2690 8280 4055)
4(8282 4066 8281 2690)
4(77 3938 8281 4066)
4(8285 2691 8276 4054)
4(8285 4055 8280 2691)
4(12254 3935 8292 2694)
4(8294 4062 8279 2694)
4(8294 2694 8292 4065)
4(12256 3948 8295 2695)
4(9 3952 8295 3948)
4(8296 4065 8292 2695)
4(8296 2695 8295 4078)
4(83 4078 8295 3952)
4(12237 3937 8297 2696)
4(12237 2696 8298 3953)
4(8299 2696 8297 4067)
4(77 4067 8297 3938)
4(8299 4083 8298 2696)
4(84 3955 8298 4083)
4(83 3952 8304 4081)
4(12260 3962 8307 2699)
4(18 3966 8307 3962)
4(8308 4081 8304 2699)
4(8308 2699 8307 4092)
4(92 4092 8307 3966)
4(19 3954 8309 3970)
4(19 3970 8310 3967)
4(84 4084 8309 3955)
4(93 3970 8309 4084)
4(93 4097 8310 3970)
4(27 3978 8315 3965)
4(92 3966 8315 4095)
4(101 4095 8315 3978)
4(101 3978 8318 4106)
4(12234 2702 8320 3979)
4(8321 2702 8310 4097)
4(8321 4109 8320 2702)
4(12267 3988 8329 2705)
4(8330 4106 8318 2705)
4(8330 2705 8329 4118)
4(12235 2706 8332 3991)
4(8333 2706 8320 4109)
4(8333 4121 8332 2706)
4(12268 4000 8341 2709)
4(8342 4118 8329 2709)
4(8342 2709 8341 4130)
4(12236 2710 8344 4003)
4(46 4003 8344 4006)
4(8345 2710 8332 4121)
4(8345 4133 8344 2710)
4(120 4006 8344 4133)
4(12269 4012 8353 2713)
4(8354 4130 8341 2713)
4(8354 2713 8353 4142)
4(128 4142 8353 4014)
4(55 4005 8355 4016)
4(120 4135 8355 4006)
4(129 4016 8355 4135)
4(129 4145 8357 4016)
4(63 4028 8362 4013)
4(63 4025 8363 4028)
4(128 4014 8362 4143)
4(137 4143 8362 4028)
4(137 4028 8363 4155)
4(12243 2716 8365 4018)
4(64 4018 8365 4030)
4(8366 2716 8357 4145)
4(8366 4148 8365 2716)
4(138 4030 8365 4148)
4(138 4159 8368 4030)
4(70 4046 8375 4026)
4(70 4043 8376 4046)
4(144 4156 8375 4046)
4(144 4046 8376 4173)
4(8378 4155 8363 2719)
4(8378 2719 8375 4156)
4(12247 2720 8379 4032)
4(8380 2720 8368 4159)
4(8380 4162 8379 2720)
4(12249 2721 8382 4047)
4(71 4047 8382 4049)
4(8383 2721 8379 4162)
4(8383 4177 8382 2721)
4(145 4049 8382 4177)
4(72 4048 8385 4051)
4(145 4178 8385 4049)
4(146 4051 8385 4178)
4(73 4050 8388 4053)
4(146 4180 8388 4051)
4(147 4053 8388 4180)
4(12255 2724 8390 4044)
4(12255 4052 8391 2724)
4(8392 4174 8390 2724)
4(8392 2724 8391 4182)
4(147 4182 8391 4053)
4(8393 4173 8376 2725)
4(8393 2725 8390 4174)
4(74 4058 8394 4054)
4(148 4184 8394 4058)
4(75 4061 8395 4056)
4(148 4058 8395 4186)
4(149 4186 8395 4061)
4(76 4064 8396 4059)
4(149 4061 8396 4189)
4(150 4189 8396 4064)
4(150 4064 8397 4192)
4(8398 2726 8282 4055)
4(8399 4066 8282 2726)
4(8400 2726 8398 4185)
4(8400 4196 8399 2726)
4(151 4068 8399 4196)
4(8403 2727 8394 4184)
4(8403 4185 8398 2727)
4(8410 2730 8294 4065)
4(8412 4192 8397 2730)
4(8412 2730 8410 4195)
4(8413 2731 8296 4078)
4(83 4082 8413 4078)
4(8414 4195 8410 2731)
4(8414 2731 8413 4208)
4(157 4208 8413 4082)
4(8415 2732 8299 4067)
4(8416 4083 8299 2732)
4(8417 2732 8415 4197)
4(151 4197 8415 4068)
4(8417 4213 8416 2732)
4(158 4085 8416 4213)
4(157 4082 8422 4211)
4(8425 2735 8308 4092)
4(92 4096 8425 4092)
4(8426 4211 8422 2735)
4(8426 2735 8425 4222)
4(166 4222 8425 4096)
4(93 4084 8427 4100)
4(93 4100 8428 4097)
4(158 4214 8427 4085)
4(167 4100 8427 4214)
4(167 4227 8428 4100)
4(101 4108 8433 4095)
4(166 4096 8433 4225)
4(175 4225 8433 4108)
4(175 4108 8436 4236)
4(8438 4109 8321 2738)
4(8439 2738 8428 4227)
4(8439 4239 8438 2738)
4(8447 2741 8330 4118)
4(8448 4236 8436 2741)
4(8448 2741 8447 4248)
4(8450 4121 8333 2742)
4(8451 2742 8438 4239)
4(8451 4251 8450 2742)
4(8459 2745 8342 4130)
4(8460 4248 8447 2745)
4(8460 2745 8459 4260)
4(8462 4133 8345 2746)
4(120 4133 8462 4136)
4(8463 2746 8450 4251)
4(8463 4263 8462 2746)
4(194 4136 8462 4263)
4(8471 2749 8354 4142)
4(8472 4260 8459 2749)
4(8472 2749 8471 4272)
4(202 4272 8471 4144)
4(129 4135 8473 4146)
4(194 4265 8473 4136)
4(203 4146 8473 4265)
4(203 4275 8475 4146)
4(137 4158 8480 4143)
4(137 4155 8481 4158)
4(202 4144 8480 4273)
4(211 4273 8480 4158)
4(211 4158 8481 4285)
4(8483 4148 8366 2752)
4(138 4148 8483 4160)
4(8484 2752 8475 4275)
4(8484 4278 8483 2752)
4(212 4160 8483 4278)
4(212 4289 8486 4160)
4(144 4176 8493 4156)
4(144 4173 8494 4176)
4(218 4286 8493 4176)
4(218 4176 8494 4303)
4(8496 4285 8481 2755)
4(8496 2755 8493 4286)
4(8497 4162 8380 2756)
4(8498 2756 8486 4289)
4(8498 4292 8497 2756)
4(8500 4177 8383 2757)
4(145 4177 8500 4179)
4(8501 2757 8497 4292)
4(8501 4307 8500 2757)
4(219 4179 8500 4307)
4(146 4178 8503 4181)
4(219 4308 8503 4179)
4(220 4181 8503 4308)
4(147 4180 8506 4183)
4(220 4310 8506 4181)
4(221 4183 8506 4310)
4(8508 4174 8392 2760)
4(8509 2760 8392 4182)
4(8510 4304 8508 2760)
4(8510 2760 8509 4312)
4(221 4312 8509 4183)
4(8511 4303 8494 2761)
4(8511 2761 8508 4304)
4(148 4188 8512 4184)
4(222 4314 8512 4188)
4(149 4191 8513 4186)
4(222 4188 8513 4316)
4(223 4316 8513 4191)
4(150 4194 8514 4189)
4(223 4191 8514 4319)
4(224 4319 8514 4194)
4(224 4194 8515 4322)
4(8516 2762 8400 4185)
4(8517 4196 8400 2762)
4(8518 2762 8516 4315)
4(8518 4326 8517 2762)
4(225 4198 8517 4326)
4(8521 2763 8512 4314)
4(8521 4315 8516 2763)
4(8528 2766 8412 4195)
4(8530 4322 8515 2766)
4(8530 2766 8528 4325)
4(8531 2767 8414 4208)
4(157 4212 8531 4208)
4(8532 4325 8528 2767)
4(8532 2767 8531 4338)
4(231 4338 8531 4212)
4(8533 2768 8417 4197)
4(8534 4213 8417 2768)
4(8535 2768 8533 4327)
4(225 4327 8533 4198)
4(8535 4343 8534 2768)
4(232 4215 8534 4343)
4(231 4212 8540 4341)
4(8543 2771 8426 4222)
4(166 4226 8543 4222)
4(8544 4341 8540 2771)
4(8544 2771 8543 4352)
4(240 4352 8543 4226)
4(167 4214 8545 4230)
4(167 4230 8546 4227)
4(232 4344 8545 4215)
4(241 4230 8545 4344)
4(241 4357 8546 4230)
4(175 4238 8551 4225)
4(240 4226 8551 4355)
4(249 4355 8551 4238)
4(249 4238 8554 4366)
4(8556 4239 8439 2774)
4(8557 2774 8546 4357)
4(8557 4369 8556 2774)
4(8565 2777 8448 4248)
4(8566 4366 8554 2777)
4(8566 2777 8565 4378)
4(8568 4251 8451 2778)
4(8569 2778 8556 4369)
4(8569 4381 8568 2778)
4(8577 2781 8460 4260)
4(8578 4378 8565 2781)
4(8578 2781 8577 4390)
4(8580 4263 8463 2782)
4(194 4263 8580 4266)
4(8581 2782 8568 4381)
4(8581 4393 8580 2782)
4(268 4266 8580 4393)
4(8589 2785 8472 4272)
4(8590 4390 8577 2785)
4(8590 2785 8589 4402)
4(276 4402 8589 4274)
4(203 4265 8591 4276)
4(268 4395 8591 4266)
4(277 4276 8591 4395)
4(277 4405 8593 4276)
4(211 4288 8598 4273)
4(211 4285 8599 4288)
4(276 4274 8598 4403)
4(285 4403 8598 4288)
4(285 4288 8599 4415)
4(8601 4278 8484 2788)
4(212 4278 8601 4290)
4(8602 2788 8593 4405)
4(8602 4408 8601 2788)
4(286 4290 8601 4408)
4(286 4419 8604 4290)
4(218 4306 8611 4286)
4(218 4303 8612 4306)
4(292 4416 8611 4306)
4(292 4306 8612 4433)
4(8614 4415 8599 2791)
4(8614 2791 8611 4416)
4(8615 4292 8498 2792)
4(8616 2792 8604 4419)
4(8616 4422 8615 2792)
4(8618 4307 8501 2793)
4(219 4307 8618 4309)
4(8619 2793 8615 4422)
4(8619 4437 8618 2793)
4(293 4309 8618 4437)
4(220 4308 8621 4311)
4(293 4438 8621 4309)
4(294 4311 8621 4438)
4(221 4310 8624 4313)
4(294 4440 8624 4311)
4(295 4313 8624 4440)
4(8626 4304 8510 2796)
4(8627 2796 8510 4312)
4(8628 4434 8626 2796)
4(8628 2796 8627 4442)
4(295 4442 8627 4313)
4(8629 4433 8612 2797)
4(8629 2797 8626 4434)
4(222 4318 8630 4314)
4(296 4444 8630 4318)
4(223 4321 8631 4316)
4(296 4318 8631 4446)
4(297 4446 8631 4321)
4(224 4324 8632 4319)
4(297 4321 8632 4449)
4(298 4449 8632 4324)
4(298 4324 8633 4452)
4(8634 2798 8518 4315)
4(8635 4326 8518 2798)
4(8636 2798 8634 4445)
4(8636 4456 8635 2798)
4(299 4328 8635 4456)
4(8639 2799 8630 4444)
4(8639 4445 8634 2799)
4(8646 2802 8530 4325)
4(8648 4452 8633 2802)
4(8648 2802 8646 4455)
4(8649 2803 8532 4338)
4(231 4342 8649 4338)
4(8650 4455 8646 2803)
4(8650 2803 8649 4468)
4(305 4468 8649 4342)
4(8651 2804 8535 4327)
4(8652 4343 8535 2804)
4(8653 2804 8651 4457)
4(299 4457 8651 4328)
4(8653 4473 8652 2804)
4(306 4345 8652 4473)
4(305 4342 8658 4471)
4(8661 2807 8544 4352)
4(240 4356 8661 4352)
4(8662 4471 8658 2807)
4(8662 2807 8661 4482)
4(314 4482 8661 4356)
4(241 4344 8663 4360)
4(241 4360 8664 4357)
4(306 4474 8663 4345)
4(315 4360 8663 4474)
4(315 4487 8664 4360)
4(249 4368 8669 4355)
4(314 4356 8669 4485)
4(323 4485 8669 4368)
4(323 4368 8672 4496)
4(8674 4369 8557 2810)
4(8675 2810 8664 4487)
4(8675 4499 8674 2810)
4(8683 2813 8566 4378)
4(8684 4496 8672 2813)
4(8684 2813 8683 4508)
4(8686 4381 8569 2814)
4(8687 2814 8674 4499)
4(8687 4511 8686 2814)
4(8695 2817 8578 4390)
4(8696 4508 8683 2817)
4(8696 2817 8695 4520)
4(8698 4393 8581 2818)
4(268 4393 8698 4396)
4(8699 2818 8686 4511)
4(8699 4523 8698 2818)
4(342 4396 8698 4523)
4(8707 2821 8590 4402)
4(8708 4520 8695 2821)
4(8708 2821 8707 4532)
4(350 4532 8707 4404)
4(277 4395 8709 4406)
4(342 4525 8709 4396)
4(351 4406 8709 4525)
4(351 4535 8711 4406)
4(285 4418 8716 4403)
4(285 4415 8717 4418)
4(350 4404 8716 4533)
4(359 4533 8716 4418)
4(359 4418 8717 4545)
4(8719 4408 8602 2824)
4(286 4408 8719 4420)
4(8720 2824 8711 4535)
4(8720 4538 8719 2824)
4(360 4420 8719 4538)
4(360 4549 8722 4420)
4(292 4436 8729 4416)
4(292 4433 8730 4436)
4(366 4546 8729 4436)
4(366 4436 8730 4563)
4(8732 4545 8717 2827)
4(8732 2827 8729 4546)
4(8733 4422 8616 2828)
4(8734 2828 8722 4549)
4(8734 4552 8733 2828)
4(8736 4437 8619 2829)
4(293 4437 8736 4439)
4(8737 2829 8733 4552)
4(8737 4567 8736 2829)
4(367 4439 8736 4567)
4(294 4438 8739 4441)
4(367 4568 8739 4439)
4(368 4441 8739 4568)
4(295 4440 8742 4443)
4(368 4570 8742 4441)
4(369 4443 8742 4570)
4(8744 4434 8628 2832)
4(8745 2832 8628 4442)
4(8746 4564 8744 2832)
4(8746 2832 8745 4572)
4(369 4572 8745 4443)
4(8747 4563 8730 2833)
4(8747 2833 8744 4564)
4(296 4448 8748 4444)
4(370 4574 8748 4448)
4(297 4451 8749 4446)
4(370 4448 8749 4576)
4(371 4576 8749 4451)
4(298 4454 8750 4449)
4(371 4451 8750 4579)
4(372 4579 8750 4454)
4(372 4454 8751 4582)
4(8752 2834 8636 4445)
4(8753 4456 8636 2834)
4(8754 2834 8752 4575)
4(8754 4586 8753 2834)
4(373 4458 8753 4586)
4(8757 2835 8748 4574)
4(8757 4575 8752 2835)
4(8764 2838 8648 4455)
4(8766 4582 8751 2838)
4(8766 2838 8764 4585)
4(8767 2839 8650 4468)
4(305 4472 8767 4468)
4(8768 4585 8764 2839)
4(8768 2839 8767 4598)
4(379 4598 8767 4472)
4(8769 2840 8653 4457)
4(8770 4473 8653 2840)
4(8771 2840 8769 4587)
4(373 4587 8769 4458)
4(8771 4603 8770 2840)
4(380 4475 8770 4603)
4(379 4472 8776 4601)
4(8779 2843 8662 4482)
4(314 4486 8779 4482)
4(8780 4601 8776 2843)
4(8780 2843 8779 4612)
4(388 4612 8779 4486)
4(315 4474 8781 4490)
4(315 4490 8782 4487)
4(380 4604 8781 4475)
4(389 4490 8781 4604)
4(389 4617 8782 4490)
4(323 4498 8787 4485)
4(388 4486 8787 4615)
4(397 4615 8787 4498)
4(397 4498 8790 4626)
4(8792 4499 8675 2846)
4(8793 2846 8782 4617)
4(8793 4629 8792 2846)
4(8801 2849 8684 4508)
4(8802 4626 8790 2849)
4(8802 2849 8801 4638)
4(8804 4511 8687 2850)
4(8805 2850 8792 4629)
4(8805 4641 8804 2850)
4(8813 2853 8696 4520)
4(8814 4638 8801 2853)
4(8814 2853 8813 4650)
4(8816 4523 8699 2854)
4(342 4523 8816 4526)
4(8817 2854 8804 4641)
4(8817 4653 8816 2854)
4(416 4526 8816 4653)
4(8825 2857 8708 4532)
4(8826 4650 8813 2857)
4(8826 2857 8825 4662)
4(424 4662 8825 4534)
4(351 4525 8827 4536)
4(416 4655 8827 4526)
4(425 4536 8827 4655)
4(425 4665 8829 4536)
4(359 4548 8834 4533)
4(359 4545 8835 4548)
4(424 4534 8834 4663)
4(433 4663 8834 4548)
4(433 4548 8835 4675)
4(8837 4538 8720 2860)
4(360 4538 8837 4550)
4(8838 2860 8829 4665)
4(8838 4668 8837 2860)
4(434 4550 8837 4668)
4(434 4679 8840 4550)
4(366 4566 8847 4546)
4(366 4563 8848 4566)
4(440 4676 8847 4566)
4(440 4566 8848 4693)
4(8850 4675 8835 2863)
4(8850 2863 8847 4676)
4(8851 4552 8734 2864)
4(8852 2864 8840 4679)
4(8852 4682 8851 2864)
4(8854 4567 8737 2865)
4(367 4567 8854 4569)
4(8855 2865 8851 4682)
4(8855 4697 8854 2865)
4(441 4569 8854 4697)
4(368 4568 8857 4571)
4(441 4698 8857 4569)
4(442 4571 8857 4698)
4(369 4570 8860 4573)
4(442 4700 8860 4571)
4(443 4573 8860 4700)
4(8862 4564 8746 2868)
4(8863 2868 8746 4572)
4(8864 4694 8862 2868)
4(8864 2868 8863 4702)
4(443 4702 8863 4573)
4(8865 4693 8848 2869)
4(8865 2869 8862 4694)
4(370 4578 8866 4574)
4(444 4704 8866 4578)
4(371 4581 8867 4576)
4(444 4578 8867 4706)
4(445 4706 8867 4581)
4(372 4584 8868 4579)
4(445 4581 8868 4709)
4(446 4709 8868 4584)
4(446 4584 8869 4712)
4(8870 2870 8754 4575)
4(8871 4586 8754 2870)
4(8872 2870 8870 4705)
4(8872 4716 8871 2870)
4(447 4588 8871 4716)
4(8875 2871 8866 4704)
4(8875 4705 8870 2871)
4(8882 2874 8766 4585)
4(8884 4712 8869 2874)
4(8884 2874 8882 4715)
4(8885 2875 8768 4598)
4(379 4602 8885 4598)
4(8886 4715 8882 2875)
4(8886 2875 8885 4728)
4(453 4728 8885 4602)
4(8887 2876 8771 4587)
4(8888 4603 8771 2876)
4(8889 2876 8887 4717)
4(447 4717 8887 4588)
4(8889 4733 8888 2876)
4(454 4605 8888 4733)
4(453 4602 8894 4731)
4(8897 2879 8780 4612)
4(388 4616 8897 4612)
4(8898 4731 8894 2879)
4(8898 2879 8897 4742)
4(462 4742 8897 4616)
4(389 4604 8899 4620)
4(389 4620 8900 4617)
4(454 4734 8899 4605)
4(463 4620 8899 4734)
4(463 4747 8900 4620)
4(397 4628 8905 4615)
4(462 4616 8905 4745)
4(471 4745 8905 4628)
4(471 4628 8908 4756)
4(8910 4629 8793 2882)
4(8911 2882 8900 4747)
4(8911 4759 8910 2882)
4(8919 2885 8802 4638)
4(8920 4756 8908 2885)
4(8920 2885 8919 4768)
4(8922 4641 8805 2886)
4(8923 2886 8910 4759)
4(8923 4771 8922 2886)
4(8931 2889 8814 4650)
4(8932 4768 8919 2889)
4(8932 2889 8931 4780)
4(8934 4653 8817 2890)
4(416 4653 8934 4656)
4(8935 2890 8922 4771)
4(8935 4783 8934 2890)
4(490 4656 8934 4783)
4(8943 2893 8826 4662)
4(8944 4780 8931 2893)
4(8944 2893 8943 4792)
4(498 4792 8943 4664)
4(425 4655 8945 4666)
4(490 4785 8945 4656)
4(499 4666 8945 4785)
4(499 4795 8947 4666)
4(433 4678 8952 4663)
4(433 4675 8953 4678)
4(498 4664 8952 4793)
4(507 4793 8952 4678)
4(507 4678 8953 4805)
4(8955 4668 8838 2896)
4(434 4668 8955 4680)
4(8956 2896 8947 4795)
4(8956 4798 8955 2896)
4(508 4680 8955 4798)
4(508 4809 8958 4680)
4(440 4696 8965 4676)
4(440 4693 8966 4696)
4(514 4806 8965 4696)
4(514 4696 8966 4823)
4(8968 4805 8953 2899)
4(8968 2899 8965 4806)
4(8969 4682 8852 2900)
4(8970 2900 8958 4809)
4(8970 4812 8969 2900)
4(8972 4697 8855 2901)
4(441 4697 8972 4699)
4(8973 2901 8969 4812)
4(8973 4827 8972 2901)
4(515 4699 8972 4827)
4(442 4698 8975 4701)
4(515 4828 8975 4699)
4(516 4701 8975 4828)
4(443 4700 8978 4703)
4(516 4830 8978 4701)
4(517 4703 8978 4830)
4(8980 4694 8864 2904)
4(8981 2904 8864 4702)
4(8982 4824 8980 2904)
4(8982 2904 8981 4832)
4(517 4832 8981 4703)
4(8983 4823 8966 2905)
4(8983 2905 8980 4824)
4(444 4708 8984 4704)
4(518 4834 8984 4708)
4(445 4711 8985 4706)
4(518 4708 8985 4836)
4(519 4836 8985 4711)
4(446 4714 8986 4709)
4(519 4711 8986 4839)
4(520 4839 8986 4714)
4(520 4714 8987 4842)
4(8988 2906 8872 4705)
4(8989 4716 8872 2906)
4(8990 2906 8988 4835)
4(8990 4846 8989 2906)
4(521 4718 8989 4846)
4(8993 2907 8984 4834)
4(8993 4835 8988 2907)
4(9000 2910 8884 4715)
4(9002 4842 8987 2910)
4(9002 2910 9000 4845)
4(9003 2911 8886 4728)
4(453 4732 9003 4728)
4(9004 4845 9000 2911)
4(9004 2911 9003 4858)
4(527 4858 9003 4732)
4(9005 2912 8889 4717)
4(9006 4733 8889 2912)
4(9007 2912 9005 4847)
4(521 4847 9005 4718)
4(9007 4863 9006 2912)
4(528 4735 9006 4863)
4(527 4732 9012 4861)
4(9015 2915 8898 4742)
4(462 4746 9015 4742)
4(9016 4861 9012 2915)
4(9016 2915 9015 4872)
4(536 4872 9015 4746)
4(463 4734 9017 4750)
4(463 4750 9018 4747)
4(528 4864 9017 4735)
4(537 4750 9017 4864)
4(537 4877 9018 4750)
4(471 4758 9023 4745)
4(536 4746 9023 4875)
4(545 4875 9023 4758)
4(545 4758 9026 4886)
4(9028 4759 8911 2918)
4(9029 2918 9018 4877)
4(9029 4889 9028 2918)
4(9037 2921 8920 4768)
4(9038 4886 9026 2921)
4(9038 2921 9037 4898)
4(9040 4771 8923 2922)
4(9041 2922 9028 4889)
4(9041 4901 9040 2922)
4(9049 2925 8932 4780)
4(9050 4898 9037 2925)
4(9050 2925 9049 4910)
4(9052 4783 8935 2926)
4(490 4783 9052 4786)
4(9053 2926 9040 4901)
4(9053 4913 9052 2926)
4(564 4786 9052 4913)
4(9061 2929 8944 4792)
4(9062 4910 9049 2929)
4(9062 2929 9061 4922)
4(572 4922 9061 4794)
4(499 4785 9063 4796)
4(564 4915 9063 4786)
4(573 4796 9063 4915)
4(573 4925 9065 4796)
4(507 4808 9070 4793)
4(507 4805 9071 4808)
4(572 4794 9070 4923)
4(581 4923 9070 4808)
4(581 4808 9071 4935)
4(9073 4798 8956 2932)
4(508 4798 9073 4810)
4(9074 2932 9065 4925)
4(9074 4928 9073 2932)
4(582 4810 9073 4928)
4(582 4939 9076 4810)
4(514 4826 9083 4806)
4(514 4823 9084 4826)
4(588 4936 9083 4826)
4(588 4826 9084 4953)
4(9086 4935 9071 2935)
4(9086 2935 9083 4936)
4(9087 4812 8970 2936)
4(9088 2936 9076 4939)
4(9088 4942 9087 2936)
4(9090 4827 8973 2937)
4(515 4827 9090 4829)
4(9091 2937 9087 4942)
4(9091 4957 9090 2937)
4(589 4829 9090 4957)
4(516 4828 9093 4831)
4(589 4958 9093 4829)
4(590 4831 9093 4958)
4(517 4830 9096 4833)
4(590 4960 9096 4831)
4(591 4833 9096 4960)
4(9098 4824 8982 2940)
4(9099 2940 8982 4832)
4(9100 4954 9098 2940)
4(9100 2940 9099 4962)
4(591 4962 9099 4833)
4(9101 4953 9084 2941)
4(9101 2941 9098 4954)
4(518 4838 9102 4834)
4(592 4964 9102 4838)
4(519 4841 9103 4836)
4(592 4838 9103 4966)
4(593 4966 9103 4841)
4(520 4844 9104 4839)
4(593 4841 9104 4969)
4(594 4969 9104 4844)
4(594 4844 9105 4972)
4(9106 2942 8990 4835)
4(9107 4846 8990 2942)
4(9108 2942 9106 4965)
4(9108 4976 9107 2942)
4(595 4848 9107 4976)
4(9111 2943 9102 4964)
4(9111 4965 9106 2943)
4(9118 2946 9002 4845)
4(9120 4972 9105 2946)
4(9120 2946 9118 4975)
4(9121 2947 9004 4858)
4(527 4862 9121 4858)
4(9122 4975 9118 2947)
4(9122 2947 9121 4988)
4(601 4988 9121 4862)
4(9123 2948 9007 4847)
4(9124 4863 9007 2948)
4(9125 2948 9123 4977)
4(595 4977 9123 4848)
4(9125 4993 9124 2948)
4(602 4865 9124 4993)
4(601 4862 9130 4991)
4(9133 2951 9016 4872)
4(536 4876 9133 4872)
4(9134 4991 9130 2951)
4(9134 2951 9133 5002)
4(610 5002 9133 4876)
4(537 4864 9135 4880)
4(537 4880 9136 4877)
4(602 4994 9135 4865)
4(611 4880 9135 4994)
4(611 5007 9136 4880)
4(545 4888 9141 4875)
4(610 4876 9141 5005)
4(619 5005 9141 4888)
4(619 4888 9144 5016)
4(9146 4889 9029 2954)
4(9147 2954 9136 5007)
4(9147 5019 9146 2954)
4(9155 2957 9038 4898)
4(9156 5016 9144 2957)
4(9156 2957 9155 5028)
4(9158 4901 9041 2958)
4(9159 2958 9146 5019)
4(9159 5031 9158 2958)
4(9167 2961 9050 4910)
4(9168 5028 9155 2961)
4(9168 2961 9167 5040)
4(9170 4913 9053 2962)
4(564 4913 9170 4916)
4(9171 2962 9158 5031)
4(9171 5043 9170 2962)
4(638 4916 9170 5043)
4(9179 2965 9062 4922)
4(9180 5040 9167 2965)
4(9180 2965 9179 5052)
4(646 5052 9179 4924)
4(573 4915 9181 4926)
4(638 5045 9181 4916)
4(647 4926 9181 5045)
4(647 5055 9183 4926)
4(581 4938 9188 4923)
4(581 4935 9189 4938)
4(646 4924 9188 5053)
4(655 5053 9188 4938)
4(655 4938 9189 5065)
4(9191 4928 9074 2968)
4(582 4928 9191 4940)
4(9192 2968 9183 5055)
4(9192 5058 9191 2968)
4(656 4940 9191 5058)
4(656 5069 9194 4940)
4(588 4956 9201 4936)
4(588 4953 9202 4956)
4(662 5066 9201 4956)
4(662 4956 9202 5083)
4(9204 5065 9189 2971)
4(9204 2971 9201 5066)
4(9205 4942 9088 2972)
4(9206 2972 9194 5069)
4(9206 5072 9205 2972)
4(9208 4957 9091 2973)
4(589 4957 9208 4959)
4(9209 2973 9205 5072)
4(9209 5087 9208 2973)
4(663 4959 9208 5087)
4(590 4958 9211 4961)
4(663 5088 9211 4959)
4(664 4961 9211 5088)
4(591 4960 9214 4963)
4(664 5090 9214 4961)
4(665 4963 9214 5090)
4(9216 4954 9100 2976)
4(9217 2976 9100 4962)
4(9218 5084 9216 2976)
4(9218 2976 9217 5092)
4(665 5092 9217 4963)
4(9219 5083 9202 2977)
4(9219 2977 9216 5084)
4(592 4968 9220 4964)
4(666 5094 9220 4968)
4(593 4971 9221 4966)
4(666 4968 9221 5096)
4(667 5096 9221 4971)
4(594 4974 9222 4969)
4(667 4971 9222 5099)
4(668 5099 9222 4974)
4(668 4974 9223 5102)
4(9224 2978 9108 4965)
4(9225 4976 9108 2978)
4(9226 2978 9224 5095)
4(9226 5106 9225 2978)
4(669 4978 9225 5106)
4(9229 2979 9220 5094)
4(9229 5095 9224 2979)
4(9236 2982 9120 4975)
4(9238 5102 9223 2982)
4(9238 2982 9236 5105)
4(9239 2983 9122 4988)
4(601 4992 9239 4988)
4(9240 5105 9236 2983)
4(9240 2983 9239 5118)
4(675 5118 9239 4992)
4(9241 2984 9125 4977)
4(9242 4993 9125 2984)
4(9243 2984 9241 5107)
4(669 5107 9241 4978)
4(9243 5123 9242 2984)
4(676 4995 9242 5123)
4(675 4992 9248 5121)
4(9251 2987 9134 5002)
4(610 5006 9251 5002)
4(9252 5121 9248 2987)
4(9252 2987 9251 5132)
4(684 5132 9251 5006)
4(611 4994 9253 5010)
4(611 5010 9254 5007)
4(676 5124 9253 4995)
4(685 5010 9253 5124)
4(685 5137 9254 5010)
4(619 5018 9259 5005)
4(684 5006 9259 5135)
4(693 5135 9259 5018)
4(693 5018 9262 5146)
4(9264 5019 9147 2990)
4(9265 2990 9254 5137)
4(9265 5149 9264 2990)
4(9273 2993 9156 5028)
4(9274 5146 9262 2993)
4(9274 2993 9273 5158)
4(9276 5031 9159 2994)
4(9277 2994 9264 5149)
4(9277 5161 9276 2994)
4(9285 2997 9168 5040)
4(9286 5158 9273 2997)
4(9286 2997 9285 5170)
4(9288 5043 9171 2998)
4(638 5043 9288 5046)
4(9289 2998 9276 5161)
4(9289 5173 9288 2998)
4(712 5046 9288 5173)
4(9297 3001 9180 5052)
4(9298 5170 9285 3001)
4(9298 3001 9297 5182)
4(720 5182 9297 5054)
4(647 5045 9299 5056)
4(712 5175 9299 5046)
4(721 5056 9299 5175)
4(721 5185 9301 5056)
4(655 5068 9306 5053)
4(655 5065 9307 5068)
4(720 5054 9306 5183)
4(729 5183 9306 5068)
4(729 5068 9307 5195)
4(9309 5058 9192 3004)
4(656 5058 9309 5070)
4(9310 3004 9301 5185)
4(9310 5188 9309 3004)
4(730 5070 9309 5188)
4(730 5199 9312 5070)
4(662 5086 9319 5066)
4(662 5083 9320 5086)
4(736 5196 9319 5086)
4(736 5086 9320 5213)
4(9322 5195 9307 3007)
4(9322 3007 9319 5196)
4(9323 5072 9206 3008)
4(9324 3008 9312 5199)
4(9324 5202 9323 3008)
4(9326 5087 9209 3009)
4(663 5087 9326 5089)
4(9327 3009 9323 5202)
4(9327 5217 9326 3009)
4(737 5089 9326 5217)
4(664 5088 9329 5091)
4(737 5218 9329 5089)
4(738 5091 9329 5218)
4(665 5090 9332 5093)
4(738 5220 9332 5091)
4(739 5093 9332 5220)
4(9334 5084 9218 3012)
4(9335 3012 9218 5092)
4(9336 5214 9334 3012)
4(9336 3012 9335 5222)
4(739 5222 9335 5093)
4(9337 5213 9320 3013)
4(9337 3013 9334 5214)
4(666 5098 9338 5094)
4(740 5224 9338 5098)
4(667 5101 9339 5096)
4(740 5098 9339 5226)
4(741 5226 9339 5101)
4(668 5104 9340 5099)
4(741 5101 9340 5229)
4(742 5229 9340 5104)
4(742 5104 9341 5232)
4(9342 3014 9226 5095)
4(9343 5106 9226 3014)
4(9344 3014 9342 5225)
4(9344 5236 9343 3014)
4(743 5108 9343 5236)
4(9347 3015 9338 5224)
4(9347 5225 9342 3015)
4(9354 3018 9238 5105)
4(9356 5232 9341 3018)
4(9356 3018 9354 5235)
4(9357 3019 9240 5118)
4(675 5122 9357 5118)
4(9358 5235 9354 3019)
4(9358 3019 9357 5248)
4(749 5248 9357 5122)
4(9359 3020 9243 5107)
4(9360 5123 9243 3020)
4(9361 3020 9359 5237)
4(743 5237 9359 5108)
4(9361 5253 9360 3020)
4(750 5125 9360 5253)
4(749 5122 9366 5251)
4(9369 3023 9252 5132)
4(684 5136 9369 5132)
4(9370 5251 9366 3023)
4(9370 3023 9369 5262)
4(758 5262 9369 5136)
4(685 5124 9371 5140)
4(685 5140 9372 5137)
4(750 5254 9371 5125)
4(759 5140 9371 5254)
4(759 5267 9372 5140)
4(693 5148 9377 5135)
4(758 5136 9377 5265)
4(767 5265 9377 5148)
4(767 5148 9380 5276)
4(9382 5149 9265 3026)
4(9383 3026 9372 5267)
4(9383 5279 9382 3026)
4(9391 3029 9274 5158)
4(9392 5276 9380 3029)
4(9392 3029 9391 5288)
4(9394 5161 9277 3030)
4(9395 3030 9382 5279)
4(9395 5291 9394 3030)
4(9403 3033 9286 5170)
4(9404 5288 9391 3033)
4(9404 3033 9403 5300)
4(9406 5173 9289 3034)
4(712 5173 9406 5176)
4(9407 3034 9394 5291)
4(9407 5303 9406 3034)
4(786 5176 9406 5303)
4(9415 3037 9298 5182)
4(9416 5300 9403 3037)
4(9416 3037 9415 5312)
4(794 5312 9415 5184)
4(721 5175 9417 5186)
4(786 5305 9417 5176)
4(795 5186 9417 5305)
4(795 5315 9419 5186)
4(729 5198 9424 5183)
4(729 5195 9425 5198)
4(794 5184 9424 5313)
4(803 5313 9424 5198)
4(803 5198 9425 5325)
4(9427 5188 9310 3040)
4(730 5188 9427 5200)
4(9428 3040 9419 5315)
4(9428 5318 9427 3040)
4(804 5200 9427 5318)
4(804 5329 9430 5200)
4(736 5216 9437 5196)
4(736 5213 9438 5216)
4(810 5326 9437 5216)
4(810 5216 9438 5343)
4(9440 5325 9425 3043)
4(9440 3043 9437 5326)
4(9441 5202 9324 3044)
4(9442 3044 9430 5329)
4(9442 5332 9441 3044)
4(9444 5217 9327 3045)
4(737 5217 9444 5219)
4(9445 3045 9441 5332)
4(9445 5347 9444 3045)
4(811 5219 9444 5347)
4(738 5218 9447 5221)
4(811 5348 9447 5219)
4(812 5221 9447 5348)
4(739 5220 9450 5223)
4(812 5350 9450 5221)
4(813 5223 9450 5350)
4(9452 5214 9336 3048)
4(9453 3048 9336 5222)
4(9454 5344 9452 3048)
4(9454 3048 9453 5352)
4(813 5352 9453 5223)
4(9455 5343 9438 3049)
4(9455 3049 9452 5344)
4(740 5228 9456 5224)
4(814 5354 9456 5228)
4(741 5231 9457 5226)
4(814 5228 9457 5356)
4(815 5356 9457 5231)
4(742 5234 9458 5229)
4(815 5231 9458 5359)
4(816 5359 9458 5234)
4(816 5234 9459 5362)
4(9460 3050 9344 5225)
4(9461 5236 9344 3050)
4(9462 3050 9460 5355)
4(9462 5366 9461 3050)
4(817 5238 9461 5366)
4(9465 3051 9456 5354)
4(9465 5355 9460 3051)
4(9472 3054 9356 5235)
4(9474 5362 9459 3054)
4(9474 3054 9472 5365)
4(9475 3055 9358 5248)
4(749 5252 9475 5248)
4(9476 5365 9472 3055)
4(9476 3055 9475 5378)
4(823 5378 9475 5252)
4(9477 3056 9361 5237)
4(9478 5253 9361 3056)
4(9479 3056 9477 5367)
4(817 5367 9477 5238)
4(9479 5383 9478 3056)
4(824 5255 9478 5383)
4(823 5252 9484 5381)
4(9487 3059 9370 5262)
4(758 5266 9487 5262)
4(9488 5381 9484 3059)
4(9488 3059 9487 5392)
4(832 5392 9487 5266)
4(759 5254 9489 5270)
4(759 5270 9490 5267)
4(824 5384 9489 5255)
4(833 5270 9489 5384)
4(833 5397 9490 5270)
4(767 5278 9495 5265)
4(832 5266 9495 5395)
4(841 5395 9495 5278)
4(841 5278 9498 5406)
4(9500 5279 9383 3062)
4(9501 3062 9490 5397)
4(9501 5409 9500 3062)
4(9509 3065 9392 5288)
4(9510 5406 9498 3065)
4(9510 3065 9509 5418)
4(9512 5291 9395 3066)
4(9513 3066 9500 5409)
4(9513 5421 9512 3066)
4(9521 3069 9404 5300)
4(9522 5418 9509 3069)
4(9522 3069 9521 5430)
4(9524 5303 9407 3070)
4(786 5303 9524 5306)
4(9525 3070 9512 5421)
4(9525 5433 9524 3070)
4(860 5306 9524 5433)
4(9533 3073 9416 5312)
4(9534 5430 9521 3073)
4(9534 3073 9533 5442)
4(868 5442 9533 5314)
4(795 5305 9535 5316)
4(860 5435 9535 5306)
4(869 5316 9535 5435)
4(869 5445 9537 5316)
4(803 5328 9542 5313)
4(803 5325 9543 5328)
4(868 5314 9542 5443)
4(877 5443 9542 5328)
4(877 5328 9543 5455)
4(9545 5318 9428 3076)
4(804 5318 9545 5330)
4(9546 3076 9537 5445)
4(9546 5448 9545 3076)
4(878 5330 9545 5448)
4(878 5459 9548 5330)
4(810 5346 9555 5326)
4(810 5343 9556 5346)
4(884 5456 9555 5346)
4(884 5346 9556 5473)
4(9558 5455 9543 3079)
4(9558 3079 9555 5456)
4(9559 5332 9442 3080)
4(9560 3080 9548 5459)
4(9560 5462 9559 3080)
4(9562 5347 9445 3081)
4(811 5347 9562 5349)
4(9563 3081 9559 5462)
4(9563 5477 9562 3081)
4(885 5349 9562 5477)
4(812 5348 9565 5351)
4(885 5478 9565 5349)
4(886 5351 9565 5478)
4(813 5350 9568 5353)
4(886 5480 9568 5351)
4(887 5353 9568 5480)
4(9570 5344 9454 3084)
4(9571 3084 9454 5352)
4(9572 5474 9570 3084)
4(9572 3084 9571 5482)
4(887 5482 9571 5353)
4(9573 5473 9556 3085)
4(9573 3085 9570 5474)
4(814 5358 9574 5354)
4(888 5484 9574 5358)
4(815 5361 9575 5356)
4(888 5358 9575 5486)
4(889 5486 9575 5361)
4(816 5364 9576 5359)
4(889 5361 9576 5489)
4(890 5489 9576 5364)
4(890 5364 9577 5492)
4(9578 3086 9462 5355)
4(9579 5366 9462 3086)
4(9580 3086 9578 5485)
4(9580 5496 9579 3086)
4(891 5368 9579 5496)
4(9583 3087 9574 5484)
4(9583 5485 9578 3087)
4(9590 3090 9474 5365)
4(9592 5492 9577 3090)
4(9592 3090 9590 5495)
4(9593 3091 9476 5378)
4(823 5382 9593 5378)
4(9594 5495 9590 3091)
4(9594 3091 9593 5508)
4(897 5508 9593 5382)
4(9595 3092 9479 5367)
4(9596 5383 9479 3092)
4(9597 3092 9595 5497)
4(891 5497 9595 5368)
4(9597 5513 9596 3092)
4(898 5385 9596 5513)
4(897 5382 9602 5511)
4(9605 3095 9488 5392)
4(832 5396 9605 5392)
4(9606 5511 9602 3095)
4(9606 3095 9605 5522)
4(906 5522 9605 5396)
4(833 5384 9607 5400)
4(833 5400 9608 5397)
4(898 5514 9607 5385)
4(907 5400 9607 5514)
4(907 5527 9608 5400)
4(841 5408 9613 5395)
4(906 5396 9613 5525)
4(915 5525 9613 5408)
4(915 5408 9616 5536)
4(9618 5409 9501 3098)
4(9619 3098 9608 5527)
4(9619 5539 9618 3098)
4(9627 3101 9510 5418)
4(9628 5536 9616 3101)
4(9628 3101 9627 5548)
4(9630 5421 9513 3102)
4(9631 3102 9618 5539)
4(9631 5551 9630 3102)
4(9639 3105 9522 5430)
4(9640 5548 9627 3105)
4(9640 3105 9639 5560)
4(9642 5433 9525 3106)
4(860 5433 9642 5436)
4(9643 3106 9630 5551)
4(9643 5563 9642 3106)
4(934 5436 9642 5563)
4(9651 3109 9534 5442)
4(9652 5560 9639 3109)
4(9652 3109 9651 5572)
4(942 5572 9651 5444)
4(869 5435 9653 5446)
4(934 5565 9653 5436)
4(943 5446 9653 5565)
4(943 5575 9655 5446)
4(877 5458 9660 5443)
4(877 5455 9661 5458)
4(942 5444 9660 5573)
4(951 5573 9660 5458)
4(951 5458 9661 5585)
4(9663 5448 9546 3112)
4(878 5448 9663 5460)
4(9664 3112 9655 5575)
4(9664 5578 9663 3112)
4(952 5460 9663 5578)
4(952 5589 9666 5460)
4(884 5476 9673 5456)
4(884 5473 9674 5476)
4(958 5586 9673 5476)
4(958 5476 9674 5603)
4(9676 5585 9661 3115)
4(9676 3115 9673 5586)
4(9677 5462 9560 3116)
4(9678 3116 9666 5589)
4(9678 5592 9677 3116)
4(9680 5477 9563 3117)
4(885 5477 9680 5479)
4(9681 3117 9677 5592)
4(9681 5607 9680 3117)
4(959 5479 9680 5607)
4(886 5478 9683 5481)
4(959 5608 9683 5479)
4(960 5481 9683 5608)
4(887 5480 9686 5483)
4(960 5610 9686 5481)
4(961 5483 9686 5610)
4(9688 5474 9572 3120)
4(9689 3120 9572 5482)
4(9690 5604 9688 3120)
4(9690 3120 9689 5612)
4(961 5612 9689 5483)
4(9691 5603 9674 3121)
4(9691 3121 9688 5604)
4(888 5488 9692 5484)
4(962 5614 9692 5488)
4(889 5491 9693 5486)
4(962 5488 9693 5616)
4(963 5616 9693 5491)
4(890 5494 9694 5489)
4(963 5491 9694 5619)
4(964 5619 9694 5494)
4(964 5494 9695 5622)
4(9696 3122 9580 5485)
4(9697 5496 9580 3122)
4(9698 3122 9696 5615)
4(9698 5626 9697 3122)
4(965 5498 9697 5626)
4(9701 3123 9692 5614)
4(9701 5615 9696 3123)
4(9708 3126 9592 5495)
4(9710 5622 9695 3126)
4(9710 3126 9708 5625)
4(9711 3127 9594 5508)
4(897 5512 9711 5508)
4(9712 5625 9708 3127)
4(9712 3127 9711 5638)
4(971 5638 9711 5512)
4(9713 3128 9597 5497)
4(9714 5513 9597 3128)
4(9715 3128 9713 5627)
4(965 5627 9713 5498)
4(9715 5643 9714 3128)
4(972 5515 9714 5643)
4(971 5512 9720 5641)
4(9723 3131 9606 5522)
4(906 5526 9723 5522)
4(9724 5641 9720 3131)
4(9724 3131 9723 5652)
4(980 5652 9723 5526)
4(907 5514 9725 5530)
4(907 5530 9726 5527)
4(972 5644 9725 5515)
4(981 5530 9725 5644)
4(981 5657 9726 5530)
4(915 5538 9731 5525)
4(980 5526 9731 5655)
4(989 5655 9731 5538)
4(989 5538 9734 5666)
4(9736 5539 9619 3134)
4(9737 3134 9726 5657)
4(9737 5669 9736 3134)
4(9745 3137 9628 5548)
4(9746 5666 9734 3137)
4(9746 3137 9745 5678)
4(9748 5551 9631 3138)
4(9749 3138 9736 5669)
4(9749 5681 9748 3138)
4(9757 3141 9640 5560)
4(9758 5678 9745 3141)
4(9758 3141 9757 5690)
4(9760 5563 9643 3142)
4(934 5563 9760 5566)
4(9761 3142 9748 5681)
4(9761 5693 9760 3142)
4(1008 5566 9760 5693)
4(9769 3145 9652 5572)
4(9770 5690 9757 3145)
4(9770 3145 9769 5702)
4(1016 5702 9769 5574)
4(943 5565 9771 5576)
4(1008 5695 9771 5566)
4(1017 5576 9771 5695)
4(1017 5705 9773 5576)
4(951 5588 9778 5573)
4(951 5585 9779 5588)
4(1016 5574 9778 5703)
4(1025 5703 9778 5588)
4(1025 5588 9779 5715)
4(9781 5578 9664 3148)
4(952 5578 9781 5590)
4(9782 3148 9773 5705)
4(9782 5708 9781 3148)
4(1026 5590 9781 5708)
4(1026 5719 9784 5590)
4(958 5606 9791 5586)
4(958 5603 9792 5606)
4(1032 5716 9791 5606)
4(1032 5606 9792 5733)
4(9794 5715 9779 3151)
4(9794 3151 9791 5716)
4(9795 5592 9678 3152)
4(9796 3152 9784 5719)
4(9796 5722 9795 3152)
4(9798 5607 9681 3153)
4(959 5607 9798 5609)
4(9799 3153 9795 5722)
4(9799 5737 9798 3153)
4(1033 5609 9798 5737)
4(960 5608 9801 5611)
4(1033 5738 9801 5609)
4(1034 5611 9801 5738)
4(961 5610 9804 5613)
4(1034 5740 9804 5611)
4(1035 5613 9804 5740)
4(9806 5604 9690 3156)
4(9807 3156 9690 5612)
4(9808 5734 9806 3156)
4(9808 3156 9807 5742)
4(1035 5742 9807 5613)
4(9809 5733 9792 3157)
4(9809 3157 9806 5734)
4(962 5618 9810 5614)
4(1036 5744 9810 5618)
4(963 5621 9811 5616)
4(1036 5618 9811 5746)
4(1037 5746 9811 5621)
4(964 5624 9812 5619)
4(1037 5621 9812 5749)
4(1038 5749 9812 5624)
4(1038 5624 9813 5752)
4(9814 3158 9698 5615)
4(9815 5626 9698 3158)
4(9816 3158 9814 5745)
4(9816 5756 9815 3158)
4(1039 5628 9815 5756)
4(9819 3159 9810 5744)
4(9819 5745 9814 3159)
4(9826 3162 9710 5625)
4(9828 5752 9813 3162)
4(9828 3162 9826 5755)
4(9829 3163 9712 5638)
4(971 5642 9829 5638)
4(9830 5755 9826 3163)
4(9830 3163 9829 5768)
4(1045 5768 9829 5642)
4(9831 3164 9715 5627)
4(9832 5643 9715 3164)
4(9833 3164 9831 5757)
4(1039 5757 9831 5628)
4(9833 5773 9832 3164)
4(1046 5645 9832 5773)
4(1045 5642 9838 5771)
4(9841 3167 9724 5652)
4(980 5656 9841 5652)
4(9842 5771 9838 3167)
4(9842 3167 9841 5782)
4(1054 5782 9841 5656)
4(981 5644 9843 5660)
4(981 5660 9844 5657)
4(1046 5774 9843 5645)
4(1055 5660 9843 5774)
4(1055 5787 9844 5660)
4(989 5668 9849 5655)
4(1054 5656 9849 5785)
4(1063 5785 9849 5668)
4(1063 5668 9852 5796)
4(9854 5669 9737 3170)
4(9855 3170 9844 5787)
4(9855 5799 9854 3170)
4(9863 3173 9746 5678)
4(9864 5796 9852 3173)
4(9864 3173 9863 5808)
4(9866 5681 9749 3174)
4(9867 3174 9854 5799)
4(9867 5811 9866 3174)
4(9875 3177 9758 5690)
4(9876 5808 9863 3177)
4(9876 3177 9875 5820)
4(9878 5693 9761 3178)
4(1008 5693 9878 5696)
4(9879 3178 9866 5811)
4(9879 5823 9878 3178)
4(1082 5696 9878 5823)
4(9887 3181 9770 5702)
4(9888 5820 9875 3181)
4(9888 3181 9887 5832)
4(1090 5832 9887 5704)
4(1017 5695 9889 5706)
4(1082 5825 9889 5696)
4(1091 5706 9889 5825)
4(1091 5835 9891 5706)
4(1025 5718 9896 5703)
4(1025 5715 9897 5718)
4(1090 5704 9896 5833)
4(1099 5833 9896 5718)
4(1099 5718 9897 5845)
4(9899 5708 9782 3184)
4(1026 5708 9899 5720)
4(9900 3184 9891 5835)
4(9900 5838 9899 3184)
4(1100 5720 9899 5838)
4(1100 5849 9902 5720)
4(1032 5736 9909 5716)
4(1032 5733 9910 5736)
4(1106 5846 9909 5736)
4(1106 5736 9910 5863)
4(9912 5845 9897 3187)
4(9912 3187 9909 5846)
4(9913 5722 9796 3188)
4(9914 3188 9902 5849)
4(9914 5852 9913 3188)
4(9916 5737 9799 3189)
4(1033 5737 9916 5739)
4(9917 3189 9913 5852)
4(9917 5867 9916 3189)
4(1107 5739 9916 5867)
4(1034 5738 9919 5741)
4(1107 5868 9919 5739)
4(1108 5741 9919 5868)
4(1035 5740 9922 5743)
4(1108 5870 9922 5741)
4(1109 5743 9922 5870)
4(9924 5734 9808 3192)
4(9925 3192 9808 5742)
4(9926 5864 9924 3192)
4(9926 3192 9925 5872)
4(1109 5872 9925 5743)
4(9927 5863 9910 3193)
4(9927 3193 9924 5864)
4(1036 5748 9928 5744)
4(1110 5874 9928 5748)
4(1037 5751 9929 5746)
4(1110 5748 9929 5876)
4(1111 5876 9929 5751)
4(1038 5754 9930 5749)
4(1111 5751 9930 5879)
4(1112 5879 9930 5754)
4(1112 5754 9931 5882)
4(9932 3194 9816 5745)
4(9933 5756 9816 3194)
4(9934 3194 9932 5875)
4(9934 5886 9933 3194)
4(1113 5758 9933 5886)
4(9937 3195 9928 5874)
4(9937 5875 9932 3195)
4(9944 3198 9828 5755)
4(9946 5882 9931 3198)
4(9946 3198 9944 5885)
4(9947 3199 9830 5768)
4(1045 5772 9947 5768)
4(9948 5885 9944 3199)
4(9948 3199 9947 5898)
4(1119 5898 9947 5772)
4(9949 3200 9833 5757)
4(9950 5773 9833 3200)
4(9951 3200 9949 5887)
4(1113 5887 9949 5758)
4(9951 5903 9950 3200)
4(1120 5775 9950 5903)
4(1119 5772 9956 5901)
4(9959 3203 9842 5782)
4(1054 5786 9959 5782)
4(9960 5901 9956 3203)
4(9960 3203 9959 5912)
4(1128 5912 9959 5786)
4(1055 5774 9961 5790)
4(1055 5790 9962 5787)
4(1120 5904 9961 5775)
4(1129 5790 9961 5904)
4(1129 5917 9962 5790)
4(1063 5798 9967 5785)
4(1128 5786 9967 5915)
4(1137 5915 9967 5798)
4(1137 5798 9970 5926)
4(9972 5799 9855 3206)
4(9973 3206 9962 5917)
4(9973 5929 9972 3206)
4(9981 3209 9864 5808)
4(9982 5926 9970 3209)
4(9982 3209 9981 5938)
4(9984 5811 9867 3210)
4(9985 3210 9972 5929)
4(9985 5941 9984 3210)
4(9993 3213 9876 5820)
4(9994 5938 9981 3213)
4(9994 3213 9993 5950)
4(9996 5823 9879 3214)
4(1082 5823 9996 5826)
4(9997 3214 9984 5941)
4(9997 5953 9996 3214)
4(1156 5826 9996 5953)
4(10005 3217 9888 5832)
4(10006 5950 9993 3217)
4(10006 3217 10005 5962)
4(1164 5962 10005 5834)
4(1091 5825 10007 5836)
4(1156 5955 10007 5826)
4(1165 5836 10007 5955)
4(1165 5965 10009 5836)
4(1099 5848 10014 5833)
4(1099 5845 10015 5848)
4(1164 5834 10014 5963)
4(1173 5963 10014 5848)
4(1173 5848 10015 5975)
4(10017 5838 9900 3220)
4(1100 5838 10017 5850)
4(10018 3220 10009 5965)
4(10018 5968 10017 3220)
4(1174 5850 10017 5968)
4(1174 5979 10020 5850)
4(1106 5866 10027 5846)
4(1106 5863 10028 5866)
4(1180 5976 10027 5866)
4(1180 5866 10028 5993)
4(10030 5975 10015 3223)
4(10030 3223 10027 5976)
4(10031 5852 9914 3224)
4(10032 3224 10020 5979)
4(10032 5982 10031 3224)
4(10034 5867 9917 3225)
4(1107 5867 10034 5869)
4(10035 3225 10031 5982)
4(10035 5997 10034 3225)
4(1181 5869 10034 5997)
4(1108 5868 10037 5871)
4(1181 5998 10037 5869)
4(1182 5871 10037 5998)
4(1109 5870 10040 5873)
4(1182 6000 10040 5871)
4(1183 5873 10040 6000)
4(10042 5864 9926 3228)
4(10043 3228 9926 5872)
4(10044 5994 10042 3228)
4(10044 3228 10043 6002)
4(1183 6002 10043 5873)
4(10045 5993 10028 3229)
4(10045 3229 10042 5994)
4(1110 5878 10046 5874)
4(1184 6004 10046 5878)
4(1111 5881 10047 5876)
4(1184 5878 10047 6006)
4(1185 6006 10047 5881)
4(1112 5884 10048 5879)
4(1185 5881 10048 6009)
4(1186 6009 10048 5884)
4(1186 5884 10049 6012)
4(10050 3230 9934 5875)
4(10051 5886 9934 3230)
4(10052 3230 10050 6005)
4(10052 6016 10051 3230)
4(1187 5888 10051 6016)
4(10055 3231 10046 6004)
4(10055 6005 10050 3231)
4(10062 3234 9946 5885)
4(10064 6012 10049 3234)
4(10064 3234 10062 6015)
4(10065 3235 9948 5898)
4(1119 5902 10065 5898)
4(10066 6015 10062 3235)
4(10066 3235 10065 6028)
4(1193 6028 10065 5902)
4(10067 3236 9951 5887)
4(10068 5903 9951 3236)
4(10069 3236 10067 6017)
4(1187 6017 10067 5888)
4(10069 6033 10068 3236)
4(1194 5905 10068 6033)
4(1193 5902 10074 6031)
4(10077 3239 9960 5912)
4(1128 5916 10077 5912)
4(10078 6031 10074 3239)
4(10078 3239 10077 6042)
4(1202 6042 10077 5916)
4(1129 5904 10079 5920)
4(1129 5920 10080 5917)
4(1194 6034 10079 5905)
4(1203 5920 10079 6034)
4(1203 6047 10080 5920)
4(1137 5928 10085 5915)
4(1202 5916 10085 6045)
4(1211 6045 10085 5928)
4(1211 5928 10088 6056)
4(10090 5929 9973 3242)
4(10091 3242 10080 6047)
4(10091 6059 10090 3242)
4(10099 3245 9982 5938)
4(10100 6056 10088 3245)
4(10100 3245 10099 6068)
4(10102 5941 9985 3246)
4(10103 3246 10090 6059)
4(10103 6071 10102 3246)
4(10111 3249 9994 5950)
4(10112 6068 10099 3249)
4(10112 3249 10111 6080)
4(10114 5953 9997 3250)
4(1156 5953 10114 5956)
4(10115 3250 10102 6071)
4(10115 6083 10114 3250)
4(1230 5956 10114 6083)
4(10123 3253 10006 5962)
4(10124 6080 10111 3253)
4(10124 3253 10123 6092)
4(1238 6092 10123 5964)
4(1165 5955 10125 5966)
4(1230 6085 10125 5956)
4(1239 5966 10125 6085)
4(1239 6095 10127 5966)
4(1173 5978 10132 5963)
4(1173 5975 10133 5978)
4(1238 5964 10132 6093)
4(1247 6093 10132 5978)
4(1247 5978 10133 6105)
4(10135 5968 10018 3256)
4(1174 5968 10135 5980)
4(10136 3256 10127 6095)
4(10136 6098 10135 3256)
4(1248 5980 10135 6098)
4(1248 6109 10138 5980)
4(1180 5996 10145 5976)
4(1180 5993 10146 5996)
4(1254 6106 10145 5996)
4(1254 5996 10146 6123)
4(10148 6105 10133 3259)
4(10148 3259 10145 6106)
4(10149 5982 10032 3260)
4(10150 3260 10138 6109)
4(10150 6112 10149 3260)
4(10152 5997 10035 3261)
4(1181 5997 10152 5999)
4(10153 3261 10149 6112)
4(10153 6127 10152 3261)
4(1255 5999 10152 6127)
4(1182 5998 10155 6001)
4(1255 6128 10155 5999)
4(1256 6001 10155 6128)
4(1183 6000 10158 6003)
4(1256 6130 10158 6001)
4(1257 6003 10158 6130)
4(10160 5994 10044 3264)
4(10161 3264 10044 6002)
4(10162 6124 10160 3264)
4(10162 3264 10161 6132)
4(1257 6132 10161 6003)
4(10163 6123 10146 3265)
4(10163 3265 10160 6124)
4(1184 6008 10164 6004)
4(1258 6134 10164 6008)
4(1185 6011 10165 6006)
4(1258 6008 10165 6136)
4(1259 6136 10165 6011)
4(1186 6014 10166 6009)
4(1259 6011 10166 6139)
4(1260 6139 10166 6014)
4(1260 6014 10167 6142)
4(10168 3266 10052 6005)
4(10169 6016 10052 3266)
4(10170 3266 10168 6135)
4(10170 6146 10169 3266)
4(1261 6018 10169 6146)
4(10173 3267 10164 6134)
4(10173 6135 10168 3267)
4(10180 3270 10064 6015)
4(10182 6142 10167 3270)
4(10182 3270 10180 6145)
4(10183 3271 10066 6028)
4(1193 6032 10183 6028)
4(10184 6145 10180 3271)
4(10184 3271 10183 6158)
4(1267 6158 10183 6032)
4(10185 3272 10069 6017)
4(10186 6033 10069 3272)
4(10187 3272 10185 6147)
4(1261 6147 10185 6018)
4(10187 6163 10186 3272)
4(1268 6035 10186 6163)
4(1267 6032 10192 6161)
4(10195 3275 10078 6042)
4(1202 6046 10195 6042)
4(10196 6161 10192 3275)
4(10196 3275 10195 6172)
4(1276 6172 10195 6046)
4(1203 6034 10197 6050)
4(1203 6050 10198 6047)
4(1268 6164 10197 6035)
4(1277 6050 10197 6164)
4(1277 6177 10198 6050)
4(1211 6058 10203 6045)
4(1276 6046 10203 6175)
4(1285 6175 10203 6058)
4(1285 6058 10206 6186)
4(10208 6059 10091 3278)
4(10209 3278 10198 6177)
4(10209 6189 10208 3278)
4(10217 3281 10100 6068)
4(10218 6186 10206 3281)
4(10218 3281 10217 6198)
4(10220 6071 10103 3282)
4(10221 3282 10208 6189)
4(10221 6201 10220 3282)
4(10229 3285 10112 6080)
4(10230 6198 10217 3285)
4(10230 3285 10229 6210)
4(10232 6083 10115 3286)
4(1230 6083 10232 6086)
4(10233 3286 10220 6201)
4(10233 6213 10232 3286)
4(1304 6086 10232 6213)
4(10241 3289 10124 6092)
4(10242 6210 10229 3289)
4(10242 3289 10241 6222)
4(1312 6222 10241 6094)
4(1239 6085 10243 6096)
4(1304 6215 10243 6086)
4(1313 6096 10243 6215)
4(1313 6225 10245 6096)
4(1247 6108 10250 6093)
4(1247 6105 10251 6108)
4(1312 6094 10250 6223)
4(1321 6223 10250 6108)
4(1321 6108 10251 6235)
4(10253 6098 10136 3292)
4(1248 6098 10253 6110)
4(10254 3292 10245 6225)
4(10254 6228 10253 3292)
4(1322 6110 10253 6228)
4(1322 6239 10256 6110)
4(1254 6126 10263 6106)
4(1254 6123 10264 6126)
4(1328 6236 10263 6126)
4(1328 6126 10264 6253)
4(10266 6235 10251 3295)
4(10266 3295 10263 6236)
4(10267 6112 10150 3296)
4(10268 3296 10256 6239)
4(10268 6242 10267 3296)
4(10270 6127 10153 3297)
4(1255 6127 10270 6129)
4(10271 3297 10267 6242)
4(10271 6257 10270 3297)
4(1329 6129 10270 6257)
4(1256 6128 10273 6131)
4(1329 6258 10273 6129)
4(1330 6131 10273 6258)
4(1257 6130 10276 6133)
4(1330 6260 10276 6131)
4(1331 6133 10276 6260)
4(10278 6124 10162 3300)
4(10279 3300 10162 6132)
4(10280 6254 10278 3300)
4(10280 3300 10279 6262)
4(1331 6262 10279 6133)
4(10281 6253 10264 3301)
4(10281 3301 10278 6254)
4(1258 6138 10282 6134)
4(1332 6264 10282 6138)
4(1259 6141 10283 6136)
4(1332 6138 10283 6266)
4(1333 6266 10283 6141)
4(1260 6144 10284 6139)
4(1333 6141 10284 6269)
4(1334 6269 10284 6144)
4(1334 6144 10285 6272)
4(10286 3302 10170 6135)
4(10287 6146 10170 3302)
4(10288 3302 10286 6265)
4(10288 6276 10287 3302)
4(1335 6148 10287 6276)
4(10291 3303 10282 6264)
4(10291 6265 10286 3303)
4(10298 3306 10182 6145)
4(10300 6272 10285 3306)
4(10300 3306 10298 6275)
4(10301 3307 10184 6158)
4(1267 6162 10301 6158)
4(10302 6275 10298 3307)
4(10302 3307 10301 6288)
4(1341 6288 10301 6162)
4(10303 3308 10187 6147)
4(10304 6163 10187 3308)
4(10305 3308 10303 6277)
4(1335 6277 10303 6148)
4(10305 6293 10304 3308)
4(1342 6165 10304 6293)
4(1341 6162 10310 6291)
4(10313 3311 10196 6172)
4(1276 6176 10313 6172)
4(10314 6291 10310 3311)
4(10314 3311 10313 6302)
4(1350 6302 10313 6176)
4(1277 6164 10315 6180)
4(1277 6180 10316 6177)
4(1342 6294 10315 6165)
4(1351 6180 10315 6294)
4(1351 6307 10316 6180)
4(1285 6188 10321 6175)
4(1350 6176 10321 6305)
4(1359 6305 10321 6188)
4(1359 6188 10324 6316)
4(10326 6189 10209 3314)
4(10327 3314 10316 6307)
4(10327 6319 10326 3314)
4(10335 3317 10218 6198)
4(10336 6316 10324 3317)
4(10336 3317 10335 6328)
4(10338 6201 10221 3318)
4(10339 3318 10326 6319)
4(10339 6331 10338 3318)
4(10347 3321 10230 6210)
4(10348 6328 10335 3321)
4(10348 3321 10347 6340)
4(10350 6213 10233 3322)
4(1304 6213 10350 6216)
4(10351 3322 10338 6331)
4(10351 6343 10350 3322)
4(1378 6216 10350 6343)
4(10359 3325 10242 6222)
4(10360 6340 10347 3325)
4(10360 3325 10359 6352)
4(1386 6352 10359 6224)
4(1313 6215 10361 6226)
4(1378 6345 10361 6216)
4(1387 6226 10361 6345)
4(1387 6355 10363 6226)
4(1321 6238 10368 6223)
4(1321 6235 10369 6238)
4(1386 6224 10368 6353)
4(1395 6353 10368 6238)
4(1395 6238 10369 6365)
4(10371 6228 10254 3328)
4(1322 6228 10371 6240)
4(10372 3328 10363 6355)
4(10372 6358 10371 3328)
4(1396 6240 10371 6358)
4(1396 6369 10374 6240)
4(1328 6256 10381 6236)
4(1328 6253 10382 6256)
4(1402 6366 10381 6256)
4(1402 6256 10382 6383)
4(10384 6365 10369 3331)
4(10384 3331 10381 6366)
4(10385 6242 10268 3332)
4(10386 3332 10374 6369)
4(10386 6372 10385 3332)
4(10388 6257 10271 3333)
4(1329 6257 10388 6259)
4(10389 3333 10385 6372)
4(10389 6387 10388 3333)
4(1403 6259 10388 6387)
4(1330 6258 10391 6261)
4(1403 6388 10391 6259)
4(1404 6261 10391 6388)
4(1331 6260 10394 6263)
4(1404 6390 10394 6261)
4(1405 6263 10394 6390)
4(10396 6254 10280 3336)
4(10397 3336 10280 6262)
4(10398 6384 10396 3336)
4(10398 3336 10397 6392)
4(1405 6392 10397 6263)
4(10399 6383 10382 3337)
4(10399 3337 10396 6384)
4(1332 6268 10400 6264)
4(1406 6394 10400 6268)
4(1333 6271 10401 6266)
4(1406 6268 10401 6396)
4(1407 6396 10401 6271)
4(1334 6274 10402 6269)
4(1407 6271 10402 6399)
4(1408 6399 10402 6274)
4(1408 6274 10403 6402)
4(10404 3338 10288 6265)
4(10405 6276 10288 3338)
4(10406 3338 10404 6395)
4(10406 6406 10405 3338)
4(1409 6278 10405 6406)
4(10409 3339 10400 6394)
4(10409 6395 10404 3339)
4(10416 3342 10300 6275)
4(10418 6402 10403 3342)
4(10418 3342 10416 6405)
4(10419 3343 10302 6288)
4(1341 6292 10419 6288)
4(10420 6405 10416 3343)
4(10420 3343 10419 6418)
4(1415 6418 10419 6292)
4(10421 3344 10305 6277)
4(10422 6293 10305 3344)
4(10423 3344 10421 6407)
4(1409 6407 10421 6278)
4(10423 6423 10422 3344)
4(1416 6295 10422 6423)
4(1415 6292 10428 6421)
4(10431 3347 10314 6302)
4(1350 6306 10431 6302)
4(10432 6421 10428 3347)
4(10432 3347 10431 6432)
4(1424 6432 10431 6306)
4(1351 6294 10433 6310)
4(1351 6310 10434 6307)
4(1416 6424 10433 6295)
4(1425 6310 10433 6424)
4(1425 6437 10434 6310)
4(1359 6318 10439 6305)
4(1424 6306 10439 6435)
4(1433 6435 10439 6318)
4(1433 6318 10442 6446)
4(10444 6319 10327 3350)
4(10445 3350 10434 6437)
4(10445 6449 10444 3350)
4(10453 3353 10336 6328)
4(10454 6446 10442 3353)
4(10454 3353 10453 6458)
4(10456 6331 10339 3354)
4(10457 3354 10444 6449)
4(10457 6461 10456 3354)
4(10465 3357 10348 6340)
4(10466 6458 10453 3357)
4(10466 3357 10465 6470)
4(10468 6343 10351 3358)
4(1378 6343 10468 6346)
4(10469 3358 10456 6461)
4(10469 6473 10468 3358)
4(1452 6346 10468 6473)
4(10477 3361 10360 6352)
4(10478 6470 10465 3361)
4(10478 3361 10477 6482)
4(1460 6482 10477 6354)
4(1387 6345 10479 6356)
4(1452 6475 10479 6346)
4(1461 6356 10479 6475)
4(1461 6485 10481 6356)
4(1395 6368 10486 6353)
4(1395 6365 10487 6368)
4(1460 6354 10486 6483)
4(1469 6483 10486 6368)
4(1469 6368 10487 6495)
4(10489 6358 10372 3364)
4(1396 6358 10489 6370)
4(10490 3364 10481 6485)
4(10490 6488 10489 3364)
4(1470 6370 10489 6488)
4(1470 6499 10492 6370)
4(1402 6386 10499 6366)
4(1402 6383 10500 6386)
4(1476 6496 10499 6386)
4(1476 6386 10500 6513)
4(10502 6495 10487 3367)
4(10502 3367 10499 6496)
4(10503 6372 10386 3368)
4(10504 3368 10492 6499)
4(10504 6502 10503 3368)
4(10506 6387 10389 3369)
4(1403 6387 10506 6389)
4(10507 3369 10503 6502)
4(10507 6517 10506 3369)
4(1477 6389 10506 6517)
4(1404 6388 10509 6391)
4(1477 6518 10509 6389)
4(1478 6391 10509 6518)
4(1405 6390 10512 6393)
4(1478 6520 10512 6391)
4(1479 6393 10512 6520)
4(10514 6384 10398 3372)
4(10515 3372 10398 6392)
4(10516 6514 10514 3372)
4(10516 3372 10515 6522)
4(1479 6522 10515 6393)
4(10517 6513 10500 3373)
4(10517 3373 10514 6514)
4(1406 6398 10518 6394)
4(1480 6524 10518 6398)
4(1407 6401 10519 6396)
4(1480 6398 10519 6526)
4(1481 6526 10519 6401)
4(1408 6404 10520 6399)
4(1481 6401 10520 6529)
4(1482 6529 10520 6404)
4(1482 6404 10521 6532)
4(10522 3374 10406 6395)
4(10523 6406 10406 3374)
4(10524 3374 10522 6525)
4(10524 6536 10523 3374)
4(1483 6408 10523 6536)
4(10527 3375 10518 6524)
4(10527 6525 10522 3375)
4(10534 3378 10418 6405)
4(10536 6532 10521 3378)
4(10536 3378 10534 6535)
4(10537 3379 10420 6418)
4(1415 6422 10537 6418)
4(10538 6535 10534 3379)
4(10538 3379 10537 6548)
4(1489 6548 10537 6422)
4(10539 3380 10423 6407)
4(10540 6423 10423 3380)
4(10541 3380 10539 6537)
4(1483 6537 10539 6408)
4(10541 6553 10540 3380)
4(1490 6425 10540 6553)
4(1489 6422 10546 6551)
4(10549 3383 10432 6432)
4(1424 6436 10549 6432)
4(10550 6551 10546 3383)
4(10550 3383 10549 6562)
4(1498 6562 10549 6436)
4(1425 6424 10551 6440)
4(1425 6440 10552 6437)
4(1490 6554 10551 6425)
4(1499 6440 10551 6554)
4(1499 6567 10552 6440)
4(1433 6448 10557 6435)
4(1498 6436 10557 6565)
4(1507 6565 10557 6448)
4(1507 6448 10560 6576)
4(10562 6449 10445 3386)
4(10563 3386 10552 6567)
4(10563 6579 10562 3386)
4(10571 3389 10454 6458)
4(10572 6576 10560 3389)
4(10572 3389 10571 6588)
4(10574 6461 10457 3390)
4(10575 3390 10562 6579)
4(10575 6591 10574 3390)
4(10583 3393 10466 6470)
4(10584 6588 10571 3393)
4(10584 3393 10583 6600)
4(10586 6473 10469 3394)
4(1452 6473 10586 6476)
4(10587 3394 10574 6591)
4(10587 6603 10586 3394)
4(1526 6476 10586 6603)
4(10595 3397 10478 6482)
4(10596 6600 10583 3397)
4(10596 3397 10595 6612)
4(1534 6612 10595 6484)
4(1461 6475 10597 6486)
4(1526 6605 10597 6476)
4(1535 6486 10597 6605)
4(1535 6615 10599 6486)
4(1469 6498 10604 6483)
4(1469 6495 10605 6498)
4(1534 6484 10604 6613)
4(1543 6613 10604 6498)
4(1543 6498 10605 6625)
4(10607 6488 10490 3400)
4(1470 6488 10607 6500)
4(10608 3400 10599 6615)
4(10608 6618 10607 3400)
4(1544 6500 10607 6618)
4(1544 6629 10610 6500)
4(1476 6516 10617 6496)
4(1476 6513 10618 6516)
4(1550 6626 10617 6516)
4(1550 6516 10618 6643)
4(10620 6625 10605 3403)
4(10620 3403 10617 6626)
4(10621 6502 10504 3404)
4(10622 3404 10610 6629)
4(10622 6632 10621 3404)
4(10624 6517 10507 3405)
4(1477 6517 10624 6519)
4(10625 3405 10621 6632)
4(10625 6647 10624 3405)
4(1551 6519 10624 6647)
4(1478 6518 10627 6521)
4(1551 6648 10627 6519)
4(1552 6521 10627 6648)
4(1479 6520 10630 6523)
4(1552 6650 10630 6521)
4(1553 6523 10630 6650)
4(10632 6514 10516 3408)
4(10633 3408 10516 6522)
4(10634 6644 10632 3408)
4(10634 3408 10633 6652)
4(1553 6652 10633 6523)
4(10635 6643 10618 3409)
4(10635 3409 10632 6644)
4(1480 6528 10636 6524)
4(1554 6654 10636 6528)
4(1481 6531 10637 6526)
4(1554 6528 10637 6656)
4(1555 6656 10637 6531)
4(1482 6534 10638 6529)
4(1555 6531 10638 6659)
4(1556 6659 10638 6534)
4(1556 6534 10639 6662)
4(10640 3410 10524 6525)
4(10641 6536 10524 3410)
4(10642 3410 10640 6655)
4(10642 6666 10641 3410)
4(1557 6538 10641 6666)
4(10645 3411 10636 6654)
4(10645 6655 10640 3411)
4(10652 3414 10536 6535)
4(10654 6662 10639 3414)
4(10654 3414 10652 6665)
4(10655 3415 10538 6548)
4(1489 6552 10655 6548)
4(10656 6665 10652 3415)
4(10656 3415 10655 6678)
4(1563 6678 10655 6552)
4(10657 3416 10541 6537)
4(10658 6553 10541 3416)
4(10659 3416 10657 6667)
4(1557 6667 10657 6538)
4(10659 6683 10658 3416)
4(1564 6555 10658 6683)
4(1563 6552 10664 6681)
4(10667 3419 10550 6562)
4(1498 6566 10667 6562)
4(10668 6681 10664 3419)
4(10668 3419 10667 6692)
4(1572 6692 10667 6566)
4(1499 6554 10669 6570)
4(1499 6570 10670 6567)
4(1564 6684 10669 6555)
4(1573 6570 10669 6684)
4(1573 6697 10670 6570)
4(1507 6578 10675 6565)
4(1572 6566 10675 6695)
4(1581 6695 10675 6578)
4(1581 6578 10678 6706)
4(10680 6579 10563 3422)
4(10681 3422 10670 6697)
4(10681 6709 10680 3422)
4(10689 3425 10572 6588)
4(10690 6706 10678 3425)
4(10690 3425 10689 6718)
4(10692 6591 10575 3426)
4(10693 3426 10680 6709)
4(10693 6721 10692 3426)
4(10701 3429 10584 6600)
4(10702 6718 10689 3429)
4(10702 3429 10701 6730)
4(10704 6603 10587 3430)
4(1526 6603 10704 6606)
4(10705 3430 10692 6721)
4(10705 6733 10704 3430)
4(1600 6606 10704 6733)
4(10713 3433 10596 6612)
4(10714 6730 10701 3433)
4(10714 3433 10713 6742)
4(1608 6742 10713 6614)
4(1535 6605 10715 6616)
4(1600 6735 10715 6606)
4(1609 6616 10715 6735)
4(1609 6745 10717 6616)
4(1543 6628 10722 6613)
4(1543 6625 10723 6628)
4(1608 6614 10722 6743)
4(1617 6743 10722 6628)
4(1617 6628 10723 6755)
4(10725 6618 10608 3436)
4(1544 6618 10725 6630)
4(10726 3436 10717 6745)
4(10726 6748 10725 3436)
4(1618 6630 10725 6748)
4(1618 6759 10728 6630)
4(1550 6646 10735 6626)
4(1550 6643 10736 6646)
4(1624 6756 10735 6646)
4(1624 6646 10736 6773)
4(10738 6755 10723 3439)
4(10738 3439 10735 6756)
4(10739 6632 10622 3440)
4(10740 3440 10728 6759)
4(10740 6762 10739 3440)
4(10742 6647 10625 3441)
4(1551 6647 10742 6649)
4(10743 3441 10739 6762)
4(10743 6777 10742 3441)
4(1625 6649 10742 6777)
4(1552 6648 10745 6651)
4(1625 6778 10745 6649)
4(1626 6651 10745 6778)
4(1553 6650 10748 6653)
4(1626 6780 10748 6651)
4(1627 6653 10748 6780)
4(10750 6644 10634 3444)
4(10751 3444 10634 6652)
4(10752 6774 10750 3444)
4(10752 3444 10751 6782)
4(1627 6782 10751 6653)
4(10753 6773 10736 3445)
4(10753 3445 10750 6774)
4(1554 6658 10754 6654)
4(1628 6784 10754 6658)
4(1555 6661 10755 6656)
4(1628 6658 10755 6786)
4(1629 6786 10755 6661)
4(1556 6664 10756 6659)
4(1629 6661 10756 6789)
4(1630 6789 10756 6664)
4(1630 6664 10757 6792)
4(10758 3446 10642 6655)
4(10759 6666 10642 3446)
4(10760 3446 10758 6785)
4(10760 6796 10759 3446)
4(1631 6668 10759 6796)
4(10763 3447 10754 6784)
4(10763 6785 10758 3447)
4(10770 3450 10654 6665)
4(10772 6792 10757 3450)
4(10772 3450 10770 6795)
4(10773 3451 10656 6678)
4(1563 6682 10773 6678)
4(10774 6795 10770 3451)
4(10774 3451 10773 6808)
4(1637 6808 10773 6682)
4(10775 3452 10659 6667)
4(10776 6683 10659 3452)
4(10777 3452 10775 6797)
4(1631 6797 10775 6668)
4(10777 6813 10776 3452)
4(1638 6685 10776 6813)
4(1637 6682 10782 6811)
4(10785 3455 10668 6692)
4(1572 6696 10785 6692)
4(10786 6811 10782 3455)
4(10786 3455 10785 6822)
4(1646 6822 10785 6696)
4(1573 6684 10787 6700)
4(1573 6700 10788 6697)
4(1638 6814 10787 6685)
4(1647 6700 10787 6814)
4(1647 6827 10788 6700)
4(1581 6708 10793 6695)
4(1646 6696 10793 6825)
4(1655 6825 10793 6708)
4(1655 6708 10796 6836)
4(10798 6709 10681 3458)
4(10799 3458 10788 6827)
4(10799 6839 10798 3458)
4(10807 3461 10690 6718)
4(10808 6836 10796 3461)
4(10808 3461 10807 6848)
4(10810 6721 10693 3462)
4(10811 3462 10798 6839)
4(10811 6851 10810 3462)
4(10819 3465 10702 6730)
4(10820 6848 10807 3465)
4(10820 3465 10819 6860)
4(10822 6733 10705 3466)
4(1600 6733 10822 6736)
4(10823 3466 10810 6851)
4(10823 6863 10822 3466)
4(1674 6736 10822 6863)
4(10831 3469 10714 6742)
4(10832 6860 10819 3469)
4(10832 3469 10831 6872)
4(1682 6872 10831 6744)
4(1609 6735 10833 6746)
4(1674 6865 10833 6736)
4(1683 6746 10833 6865)
4(1683 6875 10835 6746)
4(1617 6758 10840 6743)
4(1617 6755 10841 6758)
4(1682 6744 10840 6873)
4(1691 6873 10840 6758)
4(1691 6758 10841 6885)
4(10843 6748 10726 3472)
4(1618 6748 10843 6760)
4(10844 3472 10835 6875)
4(10844 6878 10843 3472)
4(1692 6760 10843 6878)
4(1692 6889 10846 6760)
4(1624 6776 10853 6756)
4(1624 6773 10854 6776)
4(1698 6886 10853 6776)
4(1698 6776 10854 6903)
4(10856 6885 10841 3475)
4(10856 3475 10853 6886)
4(10857 6762 10740 3476)
4(10858 3476 10846 6889)
4(10858 6892 10857 3476)
4(10860 6777 10743 3477)
4(1625 6777 10860 6779)
4(10861 3477 10857 6892)
4(10861 6907 10860 3477)
4(1699 6779 10860 6907)
4(1626 6778 10863 6781)
4(1699 6908 10863 6779)
4(1700 6781 10863 6908)
4(1627 6780 10866 6783)
4(1700 6910 10866 6781)
4(1701 6783 10866 6910)
4(10868 6774 10752 3480)
4(10869 3480 10752 6782)
4(10870 6904 10868 3480)
4(10870 3480 10869 6912)
4(1701 6912 10869 6783)
4(10871 6903 10854 3481)
4(10871 3481 10868 6904)
4(1628 6788 10872 6784)
4(1702 6914 10872 6788)
4(1629 6791 10873 6786)
4(1702 6788 10873 6916)
4(1703 6916 10873 6791)
4(1630 6794 10874 6789)
4(1703 6791 10874 6919)
4(1704 6919 10874 6794)
4(1704 6794 10875 6922)
4(10876 3482 10760 6785)
4(10877 6796 10760 3482)
4(10878 3482 10876 6915)
4(10878 6926 10877 3482)
4(1705 6798 10877 6926)
4(10881 3483 10872 6914)
4(10881 6915 10876 3483)
4(10888 3486 10772 6795)
4(10890 6922 10875 3486)
4(10890 3486 10888 6925)
4(10891 3487 10774 6808)
4(1637 6812 10891 6808)
4(10892 6925 10888 3487)
4(10892 3487 10891 6938)
4(1711 6938 10891 6812)
4(10893 3488 10777 6797)
4(10894 6813 10777 3488)
4(10895 3488 10893 6927)
4(1705 6927 10893 6798)
4(10895 6943 10894 3488)
4(1712 6815 10894 6943)
4(1711 6812 10900 6941)
4(10903 3491 10786 6822)
4(1646 6826 10903 6822)
4(10904 6941 10900 3491)
4(10904 3491 10903 6952)
4(1720 6952 10903 6826)
4(1647 6814 10905 6830)
4(1647 6830 10906 6827)
4(1712 6944 10905 6815)
4(1721 6830 10905 6944)
4(1721 6957 10906 6830)
4(1655 6838 10911 6825)
4(1720 6826 10911 6955)
4(1729 6955 10911 6838)
4(1729 6838 10914 6966)
4(10916 6839 10799 3494)
4(10917 3494 10906 6957)
4(10917 6969 10916 3494)
4(10925 3497 10808 6848)
4(10926 6966 10914 3497)
4(10926 3497 10925 6978)
4(10928 6851 10811 3498)
4(10929 3498 10916 6969)
4(10929 6981 10928 3498)
4(10937 3501 10820 6860)
4(10938 6978 10925 3501)
4(10938 3501 10937 6990)
4(10940 6863 10823 3502)
4(1674 6863 10940 6866)
4(10941 3502 10928 6981)
4(10941 6993 10940 3502)
4(1748 6866 10940 6993)
4(10949 3505 10832 6872)
4(10950 6990 10937 3505)
4(10950 3505 10949 7002)
4(1756 7002 10949 6874)
4(1683 6865 10951 6876)
4(1748 6995 10951 6866)
4(1757 6876 10951 6995)
4(1757 7005 10953 6876)
4(1691 6888 10958 6873)
4(1691 6885 10959 6888)
4(1756 6874 10958 7003)
4(1765 7003 10958 6888)
4(1765 6888 10959 7015)
4(10961 6878 10844 3508)
4(1692 6878 10961 6890)
4(10962 3508 10953 7005)
4(10962 7008 10961 3508)
4(1766 6890 10961 7008)
4(1766 7019 10964 6890)
4(1698 6906 10971 6886)
4(1698 6903 10972 6906)
4(1772 7016 10971 6906)
4(1772 6906 10972 7033)
4(10974 7015 10959 3511)
4(10974 3511 10971 7016)
4(10975 6892 10858 3512)
4(10976 3512 10964 7019)
4(10976 7022 10975 3512)
4(10978 6907 10861 3513)
4(1699 6907 10978 6909)
4(10979 3513 10975 7022)
4(10979 7037 10978 3513)
4(1773 6909 10978 7037)
4(1700 6908 10981 6911)
4(1773 7038 10981 6909)
4(1774 6911 10981 7038)
4(1701 6910 10984 6913)
4(1774 7040 10984 6911)
4(1775 6913 10984 7040)
4(10986 6904 10870 3516)
4(10987 3516 10870 6912)
4(10988 7034 10986 3516)
4(10988 3516 10987 7042)
4(1775 7042 10987 6913)
4(10989 7033 10972 3517)
4(10989 3517 10986 7034)
4(1702 6918 10990 6914)
4(1776 7044 10990 6918)
4(1703 6921 10991 6916)
4(1776 6918 10991 7046)
4(1777 7046 10991 6921)
4(1704 6924 10992 6919)
4(1777 6921 10992 7049)
4(1778 7049 10992 6924)
4(1778 6924 10993 7052)
4(10994 3518 10878 6915)
4(10995 6926 10878 3518)
4(10996 3518 10994 7045)
4(10996 7056 10995 3518)
4(1779 6928 10995 7056)
4(10999 3519 10990 7044)
4(10999 7045 10994 3519)
4(11006 3522 10890 6925)
4(11008 7052 10993 3522)
4(11008 3522 11006 7055)
4(11009 3523 10892 6938)
4(1711 6942 11009 6938)
4(11010 7055 11006 3523)
4(11010 3523 11009 7068)
4(1785 7068 11009 6942)
4(11011 3524 10895 6927)
4(11012 6943 10895 3524)
4(11013 3524 11011 7057)
4(1779 7057 11011 6928)
4(11013 7073 11012 3524)
4(1786 6945 11012 7073)
4(1785 6942 11018 7071)
4(11021 3527 10904 6952)
4(1720 6956 11021 6952)
4(11022 7071 11018 3527)
4(11022 3527 11021 7082)
4(1794 7082 11021 6956)
4(1721 6944 11023 6960)
4(1721 6960 11024 6957)
4(1786 7074 11023 6945)
4(1795 6960 11023 7074)
4(1795 7087 11024 6960)
4(1729 6968 11029 6955)
4(1794 6956 11029 7085)
4(1803 7085 11029 6968)
4(1803 6968 11032 7096)
4(11034 6969 10917 3530)
4(11035 3530 11024 7087)
4(11035 7099 11034 3530)
4(11043 3533 10926 6978)
4(11044 7096 11032 3533)
4(11044 3533 11043 7108)
4(11046 6981 10929 3534)
4(11047 3534 11034 7099)
4(11047 7111 11046 3534)
4(11055 3537 10938 6990)
4(11056 7108 11043 3537)
4(11056 3537 11055 7120)
4(11058 6993 10941 3538)
4(1748 6993 11058 6996)
4(11059 3538 11046 7111)
4(11059 7123 11058 3538)
4(1822 6996 11058 7123)
4(11067 3541 10950 7002)
4(11068 7120 11055 3541)
4(11068 3541 11067 7132)
4(1830 7132 11067 7004)
4(1757 6995 11069 7006)
4(1822 7125 11069 6996)
4(1831 7006 11069 7125)
4(1831 7135 11071 7006)
4(1765 7018 11076 7003)
4(1765 7015 11077 7018)
4(1830 7004 11076 7133)
4(1839 7133 11076 7018)
4(1839 7018 11077 7145)
4(11079 7008 10962 3544)
4(1766 7008 11079 7020)
4(11080 3544 11071 7135)
4(11080 7138 11079 3544)
4(1840 7020 11079 7138)
4(1840 7149 11082 7020)
4(1772 7036 11089 7016)
4(1772 7033 11090 7036)
4(1846 7146 11089 7036)
4(1846 7036 11090 7163)
4(11092 7145 11077 3547)
4(11092 3547 11089 7146)
4(11093 7022 10976 3548)
4(11094 3548 11082 7149)
4(11094 7152 11093 3548)
4(11096 7037 10979 3549)
4(1773 7037 11096 7039)
4(11097 3549 11093 7152)
4(11097 7167 11096 3549)
4(1847 7039 11096 7167)
4(1774 7038 11099 7041)
4(1847 7168 11099 7039)
4(1848 7041 11099 7168)
4(1775 7040 11102 7043)
4(1848 7170 11102 7041)
4(1849 7043 11102 7170)
4(11104 7034 10988 3552)
4(11105 3552 10988 7042)
4(11106 7164 11104 3552)
4(11106 3552 11105 7172)
4(1849 7172 11105 7043)
4(11107 7163 11090 3553)
4(11107 3553 11104 7164)
4(1776 7048 11108 7044)
4(1850 7174 11108 7048)
4(1777 7051 11109 7046)
4(1850 7048 11109 7176)
4(1851 7176 11109 7051)
4(1778 7054 11110 7049)
4(1851 7051 11110 7179)
4(1852 7179 11110 7054)
4(1852 7054 11111 7182)
4(11112 3554 10996 7045)
4(11113 7056 10996 3554)
4(11114 3554 11112 7175)
4(11114 7186 11113 3554)
4(1853 7058 11113 7186)
4(11117 3555 11108 7174)
4(11117 7175 11112 3555)
4(11124 3558 11008 7055)
4(11126 7182 11111 3558)
4(11126 3558 11124 7185)
4(11127 3559 11010 7068)
4(1785 7072 11127 7068)
4(11128 7185 11124 3559)
4(11128 3559 11127 7198)
4(1859 7198 11127 7072)
4(11129 3560 11013 7057)
4(11130 7073 11013 3560)
4(11131 3560 11129 7187)
4(1853 7187 11129 7058)
4(11131 7203 11130 3560)
4(1860 7075 11130 7203)
4(1859 7072 11136 7201)
4(11139 3563 11022 7082)
4(1794 7086 11139 7082)
4(11140 7201 11136 3563)
4(11140 3563 11139 7212)
4(1868 7212 11139 7086)
4(1795 7074 11141 7090)
4(1795 7090 11142 7087)
4(1860 7204 11141 7075)
4(1869 7090 11141 7204)
4(1869 7217 11142 7090)
4(1803 7098 11147 7085)
4(1868 7086 11147 7215)
4(1877 7215 11147 7098)
4(1877 7098 11150 7226)
4(11152 7099 11035 3566)
4(11153 3566 11142 7217)
4(11153 7229 11152 3566)
4(11161 3569 11044 7108)
4(11162 7226 11150 3569)
4(11162 3569 11161 7238)
4(11164 7111 11047 3570)
4(11165 3570 11152 7229)
4(11165 7241 11164 3570)
4(11173 3573 11056 7120)
4(11174 7238 11161 3573)
4(11174 3573 11173 7250)
4(11176 7123 11059 3574)
4(1822 7123 11176 7126)
4(11177 3574 11164 7241)
4(11177 7253 11176 3574)
4(1896 7126 11176 7253)
4(11185 3577 11068 7132)
4(11186 7250 11173 3577)
4(11186 3577 11185 7262)
4(1904 7262 11185 7134)
4(1831 7125 11187 7136)
4(1896 7255 11187 7126)
4(1905 7136 11187 7255)
4(1905 7265 11189 7136)
4(1839 7148 11194 7133)
4(1839 7145 11195 7148)
4(1904 7134 11194 7263)
4(1913 7263 11194 7148)
4(1913 7148 11195 7275)
4(11197 7138 11080 3580)
4(1840 7138 11197 7150)
4(11198 3580 11189 7265)
4(11198 7268 11197 3580)
4(1914 7150 11197 7268)
4(1914 7279 11200 7150)
4(1846 7166 11207 7146)
4(1846 7163 11208 7166)
4(1920 7276 11207 7166)
4(1920 7166 11208 7293)
4(11210 7275 11195 3583)
4(11210 3583 11207 7276)
4(11211 7152 11094 3584)
4(11212 3584 11200 7279)
4(11212 7282 11211 3584)
4(11214 7167 11097 3585)
4(1847 7167 11214 7169)
4(11215 3585 11211 7282)
4(11215 7297 11214 3585)
4(1921 7169 11214 7297)
4(1848 7168 11217 7171)
4(1921 7298 11217 7169)
4(1922 7171 11217 7298)
4(1849 7170 11220 7173)
4(1922 7300 11220 7171)
4(1923 7173 11220 7300)
4(11222 7164 11106 3588)
4(11223 3588 11106 7172)
4(11224 7294 11222 3588)
4(11224 3588 11223 7302)
4(1923 7302 11223 7173)
4(11225 7293 11208 3589)
4(11225 3589 11222 7294)
4(1850 7178 11226 7174)
4(1924 7304 11226 7178)
4(1851 7181 11227 7176)
4(1924 7178 11227 7306)
4(1925 7306 11227 7181)
4(1852 7184 11228 7179)
4(1925 7181 11228 7309)
4(1926 7309 11228 7184)
4(1926 7184 11229 7312)
4(11230 3590 11114 7175)
4(11231 7186 11114 3590)
4(11232 3590 11230 7305)
4(11232 7316 11231 3590)
4(1927 7188 11231 7316)
4(11235 3591 11226 7304)
4(11235 7305 11230 3591)
4(11242 3594 11126 7185)
4(11244 7312 11229 3594)
4(11244 3594 11242 7315)
4(11245 3595 11128 7198)
4(1859 7202 11245 7198)
4(11246 7315 11242 3595)
4(11246 3595 11245 7328)
4(1933 7328 11245 7202)
4(11247 3596 11131 7187)
4(11248 7203 11131 3596)
4(11249 3596 11247 7317)
4(1927 7317 11247 7188)
4(11249 7333 11248 3596)
4(1934 7205 11248 7333)
4(1933 7202 11254 7331)
4(11257 3599 11140 7212)
4(1868 7216 11257 7212)
4(11258 7331 11254 3599)
4(11258 3599 11257 7342)
4(1942 7342 11257 7216)
4(1869 7204 11259 7220)
4(1869 7220 11260 7217)
4(1934 7334 11259 7205)
4(1943 7220 11259 7334)
4(1943 7347 11260 7220)
4(1877 7228 11265 7215)
4(1942 7216 11265 7345)
4(1951 7345 11265 7228)
4(1951 7228 11268 7356)
4(11270 7229 11153 3602)
4(11271 3602 11260 7347)
4(11271 7359 11270 3602)
4(11279 3605 11162 7238)
4(11280 7356 11268 3605)
4(11280 3605 11279 7368)
4(11282 7241 11165 3606)
4(11283 3606 11270 7359)
4(11283 7371 11282 3606)
4(11291 3609 11174 7250)
4(11292 7368 11279 3609)
4(11292 3609 11291 7380)
4(11294 7253 11177 3610)
4(1896 7253 11294 7256)
4(11295 3610 11282 7371)
4(11295 7383 11294 3610)
4(1970 7256 11294 7383)
4(11303 3613 11186 7262)
4(11304 7380 11291 3613)
4(11304 3613 11303 7392)
4(1978 7392 11303 7264)
4(1905 7255 11305 7266)
4(1970 7385 11305 7256)
4(1979 7266 11305 7385)
4(1979 7395 11307 7266)
4(1913 7278 11312 7263)
4(1913 7275 11313 7278)
4(1978 7264 11312 7393)
4(1987 7393 11312 7278)
4(1987 7278 11313 7405)
4(11315 7268 11198 3616)
4(1914 7268 11315 7280)
4(11316 3616 11307 7395)
4(11316 7398 11315 3616)
4(1988 7280 11315 7398)
4(1988 7409 11318 7280)
4(1920 7296 11325 7276)
4(1920 7293 11326 7296)
4(1994 7406 11325 7296)
4(1994 7296 11326 7423)
4(11328 7405 11313 3619)
4(11328 3619 11325 7406)
4(11329 7282 11212 3620)
4(11330 3620 11318 7409)
4(11330 7412 11329 3620)
4(11332 7297 11215 3621)
4(1921 7297 11332 7299)
4(11333 3621 11329 7412)
4(11333 7427 11332 3621)
4(1995 7299 11332 7427)
4(1922 7298 11335 7301)
4(1995 7428 11335 7299)
4(1996 7301 11335 7428)
4(1923 7300 11338 7303)
4(1996 7430 11338 7301)
4(1997 7303 11338 7430)
4(11340 7294 11224 3624)
4(11341 3624 11224 7302)
4(11342 7424 11340 3624)
4(11342 3624 11341 7432)
4(1997 7432 11341 7303)
4(11343 7423 11326 3625)
4(11343 3625 11340 7424)
4(1924 7308 11344 7304)
4(1998 7434 11344 7308)
4(1925 7311 11345 7306)
4(1998 7308 11345 7436)
4(1999 7436 11345 7311)
4(1926 7314 11346 7309)
4(1999 7311 11346 7439)
4(2000 7439 11346 7314)
4(2000 7314 11347 7442)
4(11348 3626 11232 7305)
4(11349 7316 11232 3626)
4(11350 3626 11348 7435)
4(11350 7446 11349 3626)
4(2001 7318 11349 7446)
4(11353 3627 11344 7434)
4(11353 7435 11348 3627)
4(11360 3630 11244 7315)
4(11362 7442 11347 3630)
4(11362 3630 11360 7445)
4(11363 3631 11246 7328)
4(1933 7332 11363 7328)
4(11364 7445 11360 3631)
4(11364 3631 11363 7458)
4(2007 7458 11363 7332)
4(11365 3632 11249 7317)
4(11366 7333 11249 3632)
4(11367 3632 11365 7447)
4(2001 7447 11365 7318)
4(11367 7463 11366 3632)
4(2008 7335 11366 7463)
4(2007 7332 11372 7461)
4(11375 3635 11258 7342)
4(1942 7346 11375 7342)
4(11376 7461 11372 3635)
4(11376 3635 11375 7472)
4(2016 7472 11375 7346)
4(1943 7334 11377 7350)
4(1943 7350 11378 7347)
4(2008 7464 11377 7335)
4(2017 7350 11377 7464)
4(2017 7477 11378 7350)
4(1951 7358 11383 7345)
4(2016 7346 11383 7475)
4(2025 7475 11383 7358)
4(2025 7358 11386 7486)
4(11388 7359 11271 3638)
4(11389 3638 11378 7477)
4(11389 7489 11388 3638)
4(11397 3641 11280 7368)
4(11398 7486 11386 3641)
4(11398 3641 11397 7498)
4(11400 7371 11283 3642)
4(11401 3642 11388 7489)
4(11401 7501 11400 3642)
4(11409 3645 11292 7380)
4(11410 7498 11397 3645)
4(11410 3645 11409 7510)
4(11412 7383 11295 3646)
4(1970 7383 11412 7386)
4(11413 3646 11400 7501)
4(11413 7513 11412 3646)
4(2044 7386 11412 7513)
4(11421 3649 11304 7392)
4(11422 7510 11409 3649)
4(11422 3649 11421 7522)
4(2052 7522 11421 7394)
4(1979 7385 11423 7396)
4(2044 7515 11423 7386)
4(2053 7396 11423 7515)
4(2053 7525 11425 7396)
4(1987 7408 11430 7393)
4(1987 7405 11431 7408)
4(2052 7394 11430 7523)
4(2061 7523 11430 7408)
4(2061 7408 11431 7535)
4(11433 7398 11316 3652)
4(1988 7398 11433 7410)
4(11434 3652 11425 7525)
4(11434 7528 11433 3652)
4(2062 7410 11433 7528)
4(2062 7539 11436 7410)
4(1994 7426 11443 7406)
4(1994 7423 11444 7426)
4(2068 7536 11443 7426)
4(2068 7426 11444 7553)
4(11446 7535 11431 3655)
4(11446 3655 11443 7536)
4(11447 7412 11330 3656)
4(11448 3656 11436 7539)
4(11448 7542 11447 3656)
4(11450 7427 11333 3657)
4(1995 7427 11450 7429)
4(11451 3657 11447 7542)
4(11451 7557 11450 3657)
4(2069 7429 11450 7557)
4(1996 7428 11453 7431)
4(2069 7558 11453 7429)
4(2070 7431 11453 7558)
4(1997 7430 11456 7433)
4(2070 7560 11456 7431)
4(2071 7433 11456 7560)
4(11458 7424 11342 3660)
4(11459 3660 11342 7432)
4(11460 7554 11458 3660)
4(11460 3660 11459 7562)
4(2071 7562 11459 7433)
4(11461 7553 11444 3661)
4(11461 3661 11458 7554)
4(1998 7438 11462 7434)
4(2072 7564 11462 7438)
4(1999 7441 11463 7436)
4(2072 7438 11463 7566)
4(2073 7566 11463 7441)
4(2000 7444 11464 7439)
4(2073 7441 11464 7569)
4(2074 7569 11464 7444)
4(2074 7444 11465 7572)
4(11466 3662 11350 7435)
4(11467 7446 11350 3662)
4(11468 3662 11466 7565)
4(11468 7576 11467 3662)
4(2075 7448 11467 7576)
4(11471 3663 11462 7564)
4(11471 7565 11466 3663)
4(11478 3666 11362 7445)
4(11480 7572 11465 3666)
4(11480 3666 11478 7575)
4(11481 3667 11364 7458)
4(2007 7462 11481 7458)
4(11482 7575 11478 3667)
4(11482 3667 11481 7588)
4(2081 7588 11481 7462)
4(11483 3668 11367 7447)
4(11484 7463 11367 3668)
4(11485 3668 11483 7577)
4(2075 7577 11483 7448)
4(11485 7593 11484 3668)
4(2082 7465 11484 7593)
4(2081 7462 11490 7591)
4(11493 3671 11376 7472)
4(2016 7476 11493 7472)
4(11494 7591 11490 3671)
4(11494 3671 11493 7602)
4(2090 7602 11493 7476)
4(2017 7464 11495 7480)
4(2017 7480 11496 7477)
4(2082 7594 11495 7465)
4(2091 7480 11495 7594)
4(2091 7607 11496 7480)
4(2025 7488 11501 7475)
4(2090 7476 11501 7605)
4(2099 7605 11501 7488)
4(2099 7488 11504 7616)
4(11506 7489 11389 3674)
4(11507 3674 11496 7607)
4(11507 7619 11506 3674)
4(11515 3677 11398 7498)
4(11516 7616 11504 3677)
4(11516 3677 11515 7628)
4(11518 7501 11401 3678)
4(11519 3678 11506 7619)
4(11519 7631 11518 3678)
4(11527 3681 11410 7510)
4(11528 7628 11515 3681)
4(11528 3681 11527 7640)
4(11530 7513 11413 3682)
4(2044 7513 11530 7516)
4(11531 3682 11518 7631)
4(11531 7643 11530 3682)
4(2118 7516 11530 7643)
4(11539 3685 11422 7522)
4(11540 7640 11527 3685)
4(11540 3685 11539 7652)
4(2126 7652 11539 7524)
4(2053 7515 11541 7526)
4(2118 7645 11541 7516)
4(2127 7526 11541 7645)
4(2127 7655 11543 7526)
4(2061 7538 11548 7523)
4(2061 7535 11549 7538)
4(2126 7524 11548 7653)
4(2135 7653 11548 7538)
4(2135 7538 11549 7665)
4(11551 7528 11434 3688)
4(2062 7528 11551 7540)
4(11552 3688 11543 7655)
4(11552 7658 11551 3688)
4(2136 7540 11551 7658)
4(2136 7669 11554 7540)
4(2068 7556 11561 7536)
4(2068 7553 11562 7556)
4(2142 7666 11561 7556)
4(2142 7556 11562 7683)
4(11564 7665 11549 3691)
4(11564 3691 11561 7666)
4(11565 7542 11448 3692)
4(11566 3692 11554 7669)
4(11566 7672 11565 3692)
4(11568 7557 11451 3693)
4(2069 7557 11568 7559)
4(11569 3693 11565 7672)
4(11569 7687 11568 3693)
4(2143 7559 11568 7687)
4(2070 7558 11571 7561)
4(2143 7688 11571 7559)
4(2144 7561 11571 7688)
4(2071 7560 11574 7563)
4(2144 7690 11574 7561)
4(2145 7563 11574 7690)
4(11576 7554 11460 3696)
4(11577 3696 11460 7562)
4(11578 7684 11576 3696)
4(11578 3696 11577 7692)
4(2145 7692 11577 7563)
4(11579 7683 11562 3697)
4(11579 3697 11576 7684)
4(2072 7568 11580 7564)
4(2146 7694 11580 7568)
4(2073 7571 11581 7566)
4(2146 7568 11581 7696)
4(2147 7696 11581 7571)
4(2074 7574 11582 7569)
4(2147 7571 11582 7699)
4(2148 7699 11582 7574)
4(2148 7574 11583 7702)
4(11584 3698 11468 7565)
4(11585 7576 11468 3698)
4(11586 3698 11584 7695)
4(11586 7706 11585 3698)
4(2149 7578 11585 7706)
4(11589 3699 11580 7694)
4(11589 7695 11584 3699)
4(11596 3702 11480 7575)
4(11598 7702 11583 3702)
4(11598 3702 11596 7705)
4(11599 3703 11482 7588)
4(2081 7592 11599 7588)
4(11600 7705 11596 3703)
4(11600 3703 11599 7718)
4(2155 7718 11599 7592)
4(11601 3704 11485 7577)
4(11602 7593 11485 3704)
4(11603 3704 11601 7707)
4(2149 7707 11601 7578)
4(11603 7723 11602 3704)
4(2156 7595 11602 7723)
4(2155 7592 11608 7721)
4(11611 3707 11494 7602)
4(2090 7606 11611 7602)
4(11612 7721 11608 3707)
4(11612 3707 11611 7732)
4(2164 7732 11611 7606)
4(2091 7594 11613 7610)
4(2091 7610 11614 7607)
4(2156 7724 11613 7595)
4(2165 7610 11613 7724)
4(2165 7737 11614 7610)
4(2099 7618 11619 7605)
4(2164 7606 11619 7735)
4(2173 7735 11619 7618)
4(2173 7618 11622 7746)
4(11624 7619 11507 3710)
4(11625 3710 11614 7737)
4(11625 7749 11624 3710)
4(11633 3713 11516 7628)
4(11634 7746 11622 3713)
4(11634 3713 11633 7758)
4(11636 7631 11519 3714)
4(11637 3714 11624 7749)
4(11637 7761 11636 3714)
4(11645 3717 11528 7640)
4(11646 7758 11633 3717)
4(11646 3717 11645 7770)
4(11648 7643 11531 3718)
4(2118 7643 11648 7646)
4(11649 3718 11636 7761)
4(11649 7773 11648 3718)
4(2192 7646 11648 7773)
4(11657 3721 11540 7652)
4(11658 7770 11645 3721)
4(11658 3721 11657 7782)
4(2200 7782 11657 7654)
4(2127 7645 11659 7656)
4(2192 7775 11659 7646)
4(2201 7656 11659 7775)
4(2201 7785 11661 7656)
4(2135 7668 11666 7653)
4(2135 7665 11667 7668)
4(2200 7654 11666 7783)
4(2209 7783 11666 7668)
4(2209 7668 11667 7795)
4(11669 7658 11552 3724)
4(2136 7658 11669 7670)
4(11670 3724 11661 7785)
4(11670 7788 11669 3724)
4(2210 7670 11669 7788)
4(2210 7799 11672 7670)
4(2142 7686 11679 7666)
4(2142 7683 11680 7686)
4(2216 7796 11679 7686)
4(2216 7686 11680 7813)
4(11682 7795 11667 3727)
4(11682 3727 11679 7796)
4(11683 7672 11566 3728)
4(11684 3728 11672 7799)
4(11684 7802 11683 3728)
4(11686 7687 11569 3729)
4(2143 7687 11686 7689)
4(11687 3729 11683 7802)
4(11687 7817 11686 3729)
4(2217 7689 11686 7817)
4(2144 7688 11689 7691)
4(2217 7818 11689 7689)
4(2218 7691 11689 7818)
4(2145 7690 11692 7693)
4(2218 7820 11692 7691)
4(2219 7693 11692 7820)
4(11694 7684 11578 3732)
4(11695 3732 11578 7692)
4(11696 7814 11694 3732)
4(11696 3732 11695 7822)
4(2219 7822 11695 7693)
4(11697 7813 11680 3733)
4(11697 3733 11694 7814)
4(2146 7698 11698 7694)
4(2220 7824 11698 7698)
4(2147 7701 11699 7696)
4(2220 7698 11699 7826)
4(2221 7826 11699 7701)
4(2148 7704 11700 7699)
4(2221 7701 11700 7829)
4(2222 7829 11700 7704)
4(2222 7704 11701 7832)
4(11702 3734 11586 7695)
4(11703 7706 11586 3734)
4(11704 3734 11702 7825)
4(11704 7836 11703 3734)
4(2223 7708 11703 7836)
4(11707 3735 11698 7824)
4(11707 7825 11702 3735)
4(11714 3738 11598 7705)
4(11716 7832 11701 3738)
4(11716 3738 11714 7835)
4(11717 3739 11600 7718)
4(2155 7722 11717 7718)
4(11718 7835 11714 3739)
4(11718 3739 11717 7848)
4(2229 7848 11717 7722)
4(11719 3740 11603 7707)
4(11720 7723 11603 3740)
4(11721 3740 11719 7837)
4(2223 7837 11719 7708)
4(11721 7853 11720 3740)
4(2230 7725 11720 7853)
4(2229 7722 11726 7851)
4(11729 3743 11612 7732)
4(2164 7736 11729 7732)
4(11730 7851 11726 3743)
4(11730 3743 11729 7862)
4(2238 7862 11729 7736)
4(2165 7724 11731 7740)
4(2165 7740 11732 7737)
4(2230 7854 11731 7725)
4(2239 7740 11731 7854)
4(2239 7867 11732 7740)
4(2173 7748 11737 7735)
4(2238 7736 11737 7865)
4(2247 7865 11737 7748)
4(2247 7748 11740 7876)
4(11742 7749 11625 3746)
4(11743 3746 11732 7867)
4(11743 7879 11742 3746)
4(11751 3749 11634 7758)
4(11752 7876 11740 3749)
4(11752 3749 11751 7888)
4(11754 7761 11637 3750)
4(11755 3750 11742 7879)
4(11755 7891 11754 3750)
4(11763 3753 11646 7770)
4(11764 7888 11751 3753)
4(11764 3753 11763 7900)
4(11766 7773 11649 3754)
4(2192 7773 11766 7776)
4(11767 3754 11754 7891)
4(11767 7903 11766 3754)
4(2266 7776 11766 7903)
4(11775 3757 11658 7782)
4(11776 7900 11763 3757)
4(11776 3757 11775 7912)
4(2274 7912 11775 7784)
4(2201 7775 11777 7786)
4(2266 7905 11777 7776)
4(2275 7786 11777 7905)
4(2275 7915 11779 7786)
4(2209 7798 11784 7783)
4(2209 7795 11785 7798)
4(2274 7784 11784 7913)
4(2283 7913 11784 7798)
4(2283 7798 11785 7925)
4(11787 7788 11670 3760)
4(2210 7788 11787 7800)
4(11788 3760 11779 7915)
4(11788 7918 11787 3760)
4(2284 7800 11787 7918)
4(2284 7929 11790 7800)
4(2216 7816 11797 7796)
4(2216 7813 11798 7816)
4(2290 7926 11797 7816)
4(2290 7816 11798 7943)
4(11800 7925 11785 3763)
4(11800 3763 11797 7926)
4(11801 7802 11684 3764)
4(11802 3764 11790 7929)
4(11802 7932 11801 3764)
4(11804 7817 11687 3765)
4(2217 7817 11804 7819)
4(11805 3765 11801 7932)
4(11805 7947 11804 3765)
4(2291 7819 11804 7947)
4(2218 7818 11807 7821)
4(2291 7948 11807 7819)
4(2292 7821 11807 7948)
4(2219 7820 11810 7823)
4(2292 7950 11810 7821)
4(2293 7823 11810 7950)
4(11812 7814 11696 3768)
4(11813 3768 11696 7822)
4(11814 7944 11812 3768)
4(11814 3768 11813 7952)
4(2293 7952 11813 7823)
4(11815 7943 11798 3769)
4(11815 3769 11812 7944)
4(2220 7828 11816 7824)
4(2294 7954 11816 7828)
4(2221 7831 11817 7826)
4(2294 7828 11817 7956)
4(2295 7956 11817 7831)
4(2222 7834 11818 7829)
4(2295 7831 11818 7959)
4(2296 7959 11818 7834)
4(2296 7834 11819 7962)
4(11820 3770 11704 7825)
4(11821 7836 11704 3770)
4(11822 3770 11820 7955)
4(11822 7966 11821 3770)
4(2297 7838 11821 7966)
4(11825 3771 11816 7954)
4(11825 7955 11820 3771)
4(11832 3774 11716 7835)
4(11834 7962 11819 3774)
4(11834 3774 11832 7965)
4(11835 3775 11718 7848)
4(2229 7852 11835 7848)
4(11836 7965 11832 3775)
4(11836 3775 11835 7981)
4(2303 7981 11835 7852)
4(11837 3776 11721 7837)
4(11838 7853 11721 3776)
4(11839 3776 11837 7967)
4(2297 7967 11837 7838)
4(11839 7986 11838 3776)
4(2304 7855 11838 7986)
4(2303 7852 11848 7984)
4(11851 3779 11730 7862)
4(2238 7866 11851 7862)
4(11852 7984 11848 3779)
4(11852 3779 11851 8007)
4(2312 8007 11851 7866)
4(2239 7854 11853 7870)
4(2239 7870 11854 7867)
4(2304 7987 11853 7855)
4(2313 7870 11853 7987)
4(2313 8012 11854 7870)
4(2247 7878 11865 7865)
4(2312 7866 11865 8010)
4(2321 8010 11865 7878)
4(2321 7878 11868 8037)
4(11870 7879 11743 3782)
4(11871 3782 11854 8012)
4(11871 8040 11870 3782)
4(11885 3785 11752 7888)
4(11886 8037 11868 3785)
4(11886 3785 11885 8065)
4(11888 7891 11755 3786)
4(11889 3786 11870 8040)
4(11889 8068 11888 3786)
4(11903 3789 11764 7900)
4(11904 8065 11885 3789)
4(11904 3789 11903 8093)
4(11906 7903 11767 3790)
4(2266 7903 11906 7906)
4(11907 3790 11888 8068)
4(11907 8096 11906 3790)
4(2340 7906 11906 8096)
4(11921 3793 11776 7912)
4(11922 8093 11903 3793)
4(11922 3793 11921 8121)
4(2348 8121 11921 7914)
4(2275 7905 11923 7916)
4(2340 8098 11923 7906)
4(2349 7916 11923 8098)
4(2349 8124 11925 7916)
4(2283 7928 11936 7913)
4(2283 7925 11937 7928)
4(2348 7914 11936 8122)
4(2357 8122 11936 7928)
4(2357 7928 11937 8144)
4(11939 7918 11788 3796)
4(2284 7918 11939 7930)
4(11940 3796 11925 8124)
4(11940 8127 11939 3796)
4(2358 7930 11939 8127)
4(2358 8148 11942 7930)
4(2290 7946 11953 7926)
4(2290 7943 11954 7946)
4(2364 8145 11953 7946)
4(2364 7946 11954 8162)
4(11956 8144 11937 3799)
4(11956 3799 11953 8145)
4(11957 7932 11802 3800)
4(11958 3800 11942 8148)
4(11958 8151 11957 3800)
4(11960 7947 11805 3801)
4(2291 7947 11960 7949)
4(11961 3801 11957 8151)
4(11961 8166 11960 3801)
4(2365 7949 11960 8166)
4(2292 7948 11963 7951)
4(2365 8167 11963 7949)
4(2366 7951 11963 8167)
4(2293 7950 11966 7953)
4(2366 8169 11966 7951)
4(2367 7953 11966 8169)
4(11968 7944 11814 3804)
4(11969 3804 11814 7952)
4(11970 8163 11968 3804)
4(11970 3804 11969 8171)
4(2367 8171 11969 7953)
4(11971 8162 11954 3805)
4(11971 3805 11968 8163)
4(2294 7958 11972 7954)
4(2368 2472 11972 7958)
4(2295 7961 11973 7956)
4(2368 7958 11973 2474)
4(2369 2474 11973 7961)
4(2296 7964 11974 7959)
4(2369 7961 11974 2477)
4(2370 2477 11974 7964)
4(2370 7964 11975 2480)
4(11976 3806 11822 7955)
4(11977 7966 11822 3806)
4(2588 3806 11976 2473)
4(11977 3806 2588 2484)
4(2371 7968 11977 2484)
4(2589 3807 11972 2472)
4(2589 2473 11976 3807)
4(11984 3810 11834 7965)
4(2592 2480 11975 3810)
4(2592 3810 11984 2483)
4(11986 3811 11836 7981)
4(2303 7985 11986 7981)
4(2593 2483 11984 3811)
4(11986 2496 2593 3811)
4(2377 2496 11986 7985)
4(11987 3812 11839 7967)
4(11988 7986 11839 3812)
4(2594 3812 11987 2485)
4(2371 2485 11987 7968)
4(11988 3812 2594 2501)
4(2378 7988 11988 2501)
4(2377 7985 12003 2499)
4(12005 3819 11852 8007)
4(2312 8011 12005 8007)
4(2597 2499 12003 3819)
4(12005 2510 2597 3819)
4(2386 2510 12005 8011)
4(2313 7987 12006 8015)
4(2313 8015 12007 8012)
4(2378 2502 12006 7988)
4(2387 8015 12006 2502)
4(2387 2515 12007 8015)
4(2321 8039 12028 8010)
4(2386 8011 12028 2513)
4(2395 2513 12028 8039)
4(2395 8039 12030 2522)
4(12032 8040 11871 3828)
4(2600 3828 12007 2515)
4(12032 3828 2600 2525)
4(12057 3837 11886 8065)
4(2601 2522 12030 3837)
4(12057 2528 2601 3837)
4(12059 8068 11889 3838)
4(2602 3838 12032 2525)
4(12059 3838 2602 2531)
4(12084 3847 11904 8093)
4(2603 2528 12057 3847)
4(12084 2534 2603 3847)
4(12086 8096 11907 3848)
4(2340 8096 12086 8099)
4(2604 3848 12059 2531)
4(12086 3848 2604 2537)
4(2414 8099 12086 2537)
4(12111 3857 11922 8121)
4(2605 2534 12084 3857)
4(12111 2546 2605 3857)
4(2422 2546 12111 8123)
4(2349 8098 12112 8125)
4(2414 2539 12112 8099)
4(2423 8125 12112 2539)
4(2423 2549 12114 8125)
4(2357 8147 12133 8122)
4(2357 8144 12134 8147)
4(2422 8123 12133 2547)
4(2431 2547 12133 8147)
4(2431 8147 12134 2559)
4(12135 8127 11940 3866)
4(2358 8127 12135 8149)
4(2608 3866 12114 2549)
4(2608 2552 12135 3866)
4(2432 8149 12135 2552)
4(2432 2563 12137 8149)
4(2364 8165 12150 8145)
4(2364 8162 12151 8165)
4(2438 2560 12150 8165)
4(2438 8165 12151 2577)
4(2611 2559 12134 3873)
4(2611 3873 12150 2560)
4(12152 8151 11958 3874)
4(2612 3874 12137 2563)
4(2612 2566 12152 3874)
4(12154 8166 11961 3875)
4(2365 8166 12154 8168)
4(2613 3875 12152 2566)
4(12154 3875 2613 2581)
4(2439 8168 12154 2581)
4(2366 8167 12156 8170)
4(2439 2582 12156 8168)
4(2440 8170 12156 2582)
4(2367 8169 12158 8172)
4(2440 2584 12158 8170)
4(2441 8172 12158 2584)
4(12159 8163 11970 3878)
4(12160 3878 11970 8171)
4(2616 2578 12159 3878)
4(12160 2586 2616 3878)
4(2441 2586 12160 8172)
4(2617 2577 12151 3879)
4(2617 3879 12159 2578)
4(2625 2491 12161 3880)
4(12162 2507 2635 3880)
4(12162 3880 12161 8180)
4(2627 2493 12163 3881)
4(12164 8180 12161 3881)
4(12164 3881 12163 8183)
4(2629 2495 12165 3882)
4(12166 8183 12163 3882)
4(12166 3882 12165 8186)
4(2637 3883 2631 2498)
4(12167 8186 12165 3883)
4(2637 2509 12167 3883)
4(2636 2507 12168 3884)
4(12169 2519 2643 3884)
4(12169 3884 12168 8192)
4(12170 3885 12162 8180)
4(12171 8192 12168 3885)
4(12171 3885 12170 8195)
4(12172 3886 12164 8183)
4(12173 8195 12170 3886)
4(12173 3886 12172 8198)
4(12174 3887 12166 8186)
4(12175 8198 12172 3887)
4(12175 3887 12174 8201)
4(12176 3888 12167 2509)
4(12177 8201 12174 3888)
4(12177 3888 12176 8204)
4(2645 3889 2639 2512)
4(12178 8204 12176 3889)
4(2645 2521 12178 3889)
4(2644 2519 12179 3890)
4(12180 2527 2649 3890)
4(12180 3890 12179 8209)
4(12181 3891 12169 8192)
4(12182 8209 12179 3891)
4(12182 3891 12181 8212)
4(12183 3892 12171 8195)
4(12184 8212 12181 3892)
4(12184 3892 12183 8215)
4(12185 3893 12173 8198)
4(12186 8215 12183 3893)
4(12186 3893 12185 8218)
4(12187 3894 12175 8201)
4(12188 8218 12185 3894)
4(12188 3894 12187 8221)
4(12189 3895 12177 8204)
4(12190 8221 12187 3895)
4(12190 3895 12189 8224)
4(12191 3896 12178 2521)
4(12192 8224 12189 3896)
4(12192 3896 12191 8227)
4(2651 3897 2647 2524)
4(12193 8227 12191 3897)
4(2651 2530 12193 3897)
4(12194 3898 12180 8209)
4(12195 2533 2653 3898)
4(12195 3898 12194 8231)
4(12196 3899 12182 8212)
4(12197 8231 12194 3899)
4(12197 3899 12196 8234)
4(12198 3900 12184 8215)
4(12199 8234 12196 3900)
4(12199 3900 12198 8237)
4(12200 3901 12186 8218)
4(12201 8237 12198 3901)
4(12201 3901 12200 8240)
4(12202 3902 12188 8221)
4(12203 8240 12200 3902)
4(12203 3902 12202 8243)
4(12204 3903 12190 8224)
4(12205 8243 12202 3903)
4(12205 3903 12204 8246)
4(12206 3904 12192 8227)
4(12207 8246 12204 3904)
4(12207 3904 12206 8249)
4(2655 3905 12193 2530)
4(12208 8249 12206 3905)
4(2655 2536 12208 3905)
4(12209 3906 12195 8231)
4(2657 3906 2659 2540)
4(12209 2542 2659 3906)
4(12210 3907 12197 8234)
4(12211 2542 12209 3907)
4(12211 3907 12210 8253)
4(12212 3908 12199 8237)
4(12213 8253 12210 3908)
4(12213 3908 12212 8256)
4(12214 3909 12201 8240)
4(12215 8256 12212 3909)
4(12215 3909 12214 8259)
4(12216 3910 12203 8243)
4(12217 8259 12214 3910)
4(12217 3910 12216 8262)
4(12218 3911 12205 8246)
4(12219 8262 12216 3911)
4(12219 3911 12218 8265)
4(12220 3912 12207 8249)
4(12221 8265 12218 3912)
4(12221 3912 12220 2545)
4(2660 3913 12208 2536)
4(2661 2545 12220 3913)
4(2660 2548 2661 3913)
4(12222 3914 12211 8253)
4(2664 3914 2666 2553)
4(12222 2555 2666 3914)
4(12223 3915 12213 8256)
4(12224 2555 12222 3915)
4(12224 3915 12223 8269)
4(12225 3916 12215 8259)
4(12226 8269 12223 3916)
4(12226 3916 12225 8272)
4(12227 3917 12217 8262)
4(12228 8272 12225 3917)
4(12228 3917 12227 8275)
4(12229 3918 12219 8265)
4(12230 8275 12227 3918)
4(12230 3918 12229 2558)
4(2667 3919 12221 2545)
4(2668 2558 12229 3919)
4(2667 2561 2668 3919)
4(12231 3920 12224 8269)
4(2672 3920 2674 2567)
4(12231 2570 2674 3920)
4(12232 3921 12226 8272)
4(2675 2570 12231 3921)
4(12232 2573 2675 3921)
4(12233 3922 12228 8275)
4(2676 2573 12232 3922)
4(12233 2576 2676 3922)
4(2677 3923 12230 2558)
4(2678 2576 12233 3923)
4(2677 2579 2678 3923)
)


// ************************************************************************* //
