/*--------------------------------*- C++ -*----------------------------------*\
| =========                 |                                                 |
| \\      /  F ield         | OpenFOAM: The Open Source CFD Toolbox           |
|  \\    /   O peration     | Version:  2606                                  |
|   \\  /    A nd           | Website:  www.openfoam.com                      |
|    \\/     M anipulation  |                                                 |
\*---------------------------------------------------------------------------*/
FoamFile
{
    version     2.0;
    format      ascii;
    arch        "LSB;label=32;scalar=64";
    class       regIOobject;
    location    "constant/polyMesh";
    object      faceZones;
    meta
    {
        names           ( fluid_to_cell0 fluid_to_cell1 fluid_to_cell2 fluid_to_cell3 fluid_to_cell4 fluid_to_cell5 );
    }
}
// * * * * * * * * * * * * * * * * * * * * * * * * * * * * * * * * * * * * * //

6
(
fluid_to_cell0
{
    type            faceZone;
    faceLabels      List<label> 
4936
(
755
756
758
763
768
770
775
1094
1095
1134
1136
1452
1453
1502
1817
1855
1857
2137
2177
2458
2498
2786
2831
2832
3142
3143
3183
3184
3496
3497
3503
3521
3522
3860
3865
3870
8583
8584
8587
8593
8599
8601
8607
8946
8947
8990
8992
9327
9328
9379
9704
9745
9747
10038
10081
10373
10416
10715
10762
10763
11083
11084
11129
11130
11461
11462
11469
11491
11492
11850
11856
11862
16768
16769
16772
16778
16784
16786
16792
17131
17132
17175
17177
17512
17513
17564
17889
17930
17932
18223
18266
18558
18601
18900
18947
18948
19268
19269
19314
19315
19646
19647
19654
19676
19677
20035
20041
20047
24953
24954
24957
24963
24969
24971
24977
25316
25317
25360
25362
25697
25698
25749
26074
26115
26117
26408
26451
26743
26786
27085
27132
27133
27453
27454
27499
27500
27831
27832
27839
27861
27862
28220
28226
28232
33138
33139
33142
33148
33154
33156
33162
33501
33502
33545
33547
33882
33883
33934
34259
34300
34302
34593
34636
34928
34971
35270
35317
35318
35638
35639
35684
35685
36016
36017
36024
36046
36047
36405
36411
36417
41323
41324
41327
41333
41339
41341
41347
41686
41687
41730
41732
42067
42068
42119
42444
42485
42487
42778
42821
43113
43156
43455
43502
43503
43823
43824
43869
43870
44201
44202
44209
44231
44232
44590
44596
44602
49508
49509
49512
49518
49524
49526
49532
49871
49872
49915
49917
50252
50253
50304
50629
50670
50672
50963
51006
51298
51341
51640
51687
51688
52008
52009
52054
52055
52386
52387
52394
52416
52417
52775
52781
52787
57693
57694
57697
57703
57709
57711
57717
58056
58057
58100
58102
58437
58438
58489
58814
58855
58857
59148
59191
59483
59526
59825
59872
59873
60193
60194
60239
60240
60571
60572
60579
60601
60602
60960
60966
60972
65878
65879
65882
65888
65894
65896
65902
66241
66242
66285
66287
66622
66623
66674
66999
67040
67042
67333
67376
67668
67711
68010
68057
68058
68378
68379
68424
68425
68756
68757
68764
68786
68787
69145
69151
69157
74063
74064
74067
74073
74079
74081
74087
74426
74427
74470
74472
74807
74808
74859
75184
75225
75227
75518
75561
75853
75896
76195
76242
76243
76563
76564
76609
76610
76941
76942
76949
76971
76972
77330
77336
77342
82248
82249
82252
82258
82264
82266
82272
82611
82612
82655
82657
82992
82993
83044
83369
83410
83412
83703
83746
84038
84081
84380
84427
84428
84748
84749
84794
84795
85126
85127
85134
85156
85157
85515
85521
85527
90433
90434
90437
90443
90449
90451
90457
90796
90797
90840
90842
91177
91178
91229
91554
91595
91597
91888
91931
92223
92266
92565
92612
92613
92933
92934
92979
92980
93311
93312
93319
93341
93342
93700
93706
93712
98618
98619
98622
98628
98634
98636
98642
98981
98982
99025
99027
99362
99363
99414
99739
99780
99782
100073
100116
100408
100451
100750
100797
100798
101118
101119
101164
101165
101496
101497
101504
101526
101527
101885
101891
101897
106803
106804
106807
106813
106819
106821
106827
107166
107167
107210
107212
107547
107548
107599
107924
107965
107967
108258
108301
108593
108636
108935
108982
108983
109303
109304
109349
109350
109681
109682
109689
109711
109712
110070
110076
110082
114988
114989
114992
114998
115004
115006
115012
115351
115352
115395
115397
115732
115733
115784
116109
116150
116152
116443
116486
116778
116821
117120
117167
117168
117488
117489
117534
117535
117866
117867
117874
117896
117897
118255
118261
118267
123173
123174
123177
123183
123189
123191
123197
123536
123537
123580
123582
123917
123918
123969
124294
124335
124337
124628
124671
124963
125006
125305
125352
125353
125673
125674
125719
125720
126051
126052
126059
126081
126082
126440
126446
126452
131358
131359
131362
131368
131374
131376
131382
131721
131722
131765
131767
132102
132103
132154
132479
132520
132522
132813
132856
133148
133191
133490
133537
133538
133858
133859
133904
133905
134236
134237
134244
134266
134267
134625
134631
134637
139543
139544
139547
139553
139559
139561
139567
139906
139907
139950
139952
140287
140288
140339
140664
140705
140707
140998
141041
141333
141376
141675
141722
141723
142043
142044
142089
142090
142421
142422
142429
142451
142452
142810
142816
142822
147728
147729
147732
147738
147744
147746
147752
148091
148092
148135
148137
148472
148473
148524
148849
148890
148892
149183
149226
149518
149561
149860
149907
149908
150228
150229
150274
150275
150606
150607
150614
150636
150637
150995
151001
151007
155913
155914
155917
155923
155929
155931
155937
156276
156277
156320
156322
156657
156658
156709
157034
157075
157077
157368
157411
157703
157746
158045
158092
158093
158413
158414
158459
158460
158791
158792
158799
158821
158822
159180
159186
159192
164098
164099
164102
164108
164114
164116
164122
164461
164462
164505
164507
164842
164843
164894
165219
165260
165262
165553
165596
165888
165931
166230
166277
166278
166598
166599
166644
166645
166976
166977
166984
167006
167007
167365
167371
167377
172283
172284
172287
172293
172299
172301
172307
172646
172647
172690
172692
173027
173028
173079
173404
173445
173447
173738
173781
174073
174116
174415
174462
174463
174783
174784
174829
174830
175161
175162
175169
175191
175192
175550
175556
175562
180468
180469
180472
180478
180484
180486
180492
180831
180832
180875
180877
181212
181213
181264
181589
181630
181632
181923
181966
182258
182301
182600
182647
182648
182968
182969
183014
183015
183346
183347
183354
183376
183377
183735
183741
183747
188653
188654
188657
188663
188669
188671
188677
189016
189017
189060
189062
189397
189398
189449
189774
189815
189817
190108
190151
190443
190486
190785
190832
190833
191153
191154
191199
191200
191531
191532
191539
191561
191562
191920
191926
191932
196838
196839
196842
196848
196854
196856
196862
197201
197202
197245
197247
197582
197583
197634
197959
198000
198002
198293
198336
198628
198671
198970
199017
199018
199338
199339
199384
199385
199716
199717
199724
199746
199747
200105
200111
200117
205023
205024
205027
205033
205039
205041
205047
205386
205387
205430
205432
205767
205768
205819
206144
206185
206187
206478
206521
206813
206856
207155
207202
207203
207523
207524
207569
207570
207901
207902
207909
207931
207932
208290
208296
208302
213208
213209
213212
213218
213224
213226
213232
213571
213572
213615
213617
213952
213953
214004
214329
214370
214372
214663
214706
214998
215041
215340
215387
215388
215708
215709
215754
215755
216086
216087
216094
216116
216117
216475
216481
216487
221393
221394
221397
221403
221409
221411
221417
221756
221757
221800
221802
222137
222138
222189
222514
222555
222557
222848
222891
223183
223226
223525
223572
223573
223893
223894
223939
223940
224271
224272
224279
224301
224302
224660
224666
224672
229578
229579
229582
229588
229594
229596
229602
229941
229942
229985
229987
230322
230323
230374
230699
230740
230742
231033
231076
231368
231411
231710
231757
231758
232078
232079
232124
232125
232456
232457
232464
232486
232487
232845
232851
232857
237763
237764
237767
237773
237779
237781
237787
238126
238127
238170
238172
238507
238508
238559
238884
238925
238927
239218
239261
239553
239596
239895
239942
239943
240263
240264
240309
240310
240641
240642
240649
240671
240672
241030
241036
241042
245948
245949
245952
245958
245964
245966
245972
246311
246312
246361
246363
246710
246711
246780
247141
247200
247202
247529
247590
247918
247979
248314
248379
248380
248736
248737
248788
248789
249132
249133
249140
249162
249163
249521
249527
249533
254745
254746
254749
254755
254761
254763
254769
255108
255109
255142
255144
255459
255460
255501
255806
255853
255855
256158
256207
256511
256560
256871
256912
256913
257221
257222
257263
257264
257587
257588
257596
257619
257620
257982
257988
257994
262868
262869
262876
262878
262882
262884
262886
262888
262890
262893
263232
263233
263236
263243
263249
263255
263261
263265
263268
263270
263589
263590
263593
263600
263606
263612
263618
263624
263630
263634
263637
263954
263964
263970
263976
263982
263988
263994
264000
264006
264007
264008
264010
264324
264334
264340
264346
264352
264358
264364
264370
264376
264378
264380
264695
264705
264711
264717
264723
264729
264735
264741
264747
264749
264751
265072
265075
265083
265089
265095
265101
265107
265113
265116
265120
265121
265441
265442
265450
265458
265464
265470
265476
265479
265485
265486
265487
265813
265814
265821
265822
265828
265834
265840
265845
265846
265847
266208
266214
266220
290916
290920
290924
290944
290946
290948
290950
290968
290970
290972
290974
290992
290994
290996
290998
291015
291020
291022
291043
291044
291047
291357
291361
291365
291385
291388
291390
291406
291409
291412
291433
291434
291437
291653
291654
291667
291670
291672
291688
291691
291694
291695
291904
291906
291910
291930
291931
292042
292044
292048
292068
292069
292180
292182
292186
292187
292206
292207
292324
292336
292340
292342
292360
292364
292367
292368
292369
292575
292576
292583
292600
292604
292606
292624
292628
292631
292632
292633
292863
292864
292888
292891
292894
292897
292912
292916
292918
292920
292936
292940
292942
292944
292959
292960
292963
292964
295762
295774
295782
295789
295792
295800
295807
295810
295825
295980
295983
295993
295997
295998
296011
296012
296052
296059
296061
296073
296076
296079
296085
296088
296313
296316
296326
296327
296330
296331
296363
296373
296376
296379
296385
296388
296553
296554
296559
296565
296566
296588
296593
296598
296617
296771
296777
296783
296825
296830
296835
296981
296987
296993
297035
297040
297045
297191
297196
297197
297203
297208
297245
297250
297255
297256
297404
297409
297414
297428
297437
297438
297442
297447
297448
297603
297609
297611
297614
297621
297637
297648
297649
297660
297661
297670
297671
297837
297845
297848
297861
297865
297867
297873
297877
297885
297892
297895
297903
297910
297913
297915
297918
297926
297930
297931
297943
297944
300817
300829
300837
300844
300847
300855
300862
300865
300880
301035
301038
301048
301052
301053
301066
301067
301107
301114
301116
301128
301131
301134
301140
301143
301368
301371
301381
301382
301385
301386
301418
301428
301431
301434
301440
301443
301608
301609
301614
301620
301621
301643
301648
301653
301672
301826
301832
301838
301880
301885
301890
302036
302042
302048
302090
302095
302100
302246
302251
302252
302258
302263
302300
302305
302310
302311
302459
302464
302469
302483
302492
302493
302497
302502
302503
302658
302664
302666
302669
302676
302692
302703
302704
302715
302716
302725
302726
302892
302900
302903
302916
302920
302922
302928
302932
302940
302947
302950
302958
302965
302968
302970
302973
302981
302985
302986
302998
302999
305872
305884
305892
305899
305902
305910
305917
305920
305935
306090
306093
306103
306107
306108
306121
306122
306162
306169
306171
306183
306186
306189
306195
306198
306423
306426
306436
306437
306440
306441
306473
306483
306486
306489
306495
306498
306663
306664
306669
306675
306676
306698
306703
306708
306727
306881
306887
306893
306935
306940
306945
307091
307097
307103
307145
307150
307155
307301
307306
307307
307313
307318
307355
307360
307365
307366
307514
307519
307524
307538
307547
307548
307552
307557
307558
307713
307719
307721
307724
307731
307747
307758
307759
307770
307771
307780
307781
307947
307955
307958
307971
307975
307977
307983
307987
307995
308002
308005
308013
308020
308023
308025
308028
308036
308040
308041
308053
308054
310927
310939
310947
310954
310957
310965
310972
310975
310990
311145
311148
311158
311162
311163
311176
311177
311217
311224
311226
311238
311241
311244
311250
311253
311478
311481
311491
311492
311495
311496
311528
311538
311541
311544
311550
311553
311718
311719
311724
311730
311731
311753
311758
311763
311782
311936
311942
311948
311990
311995
312000
312146
312152
312158
312200
312205
312210
312356
312361
312362
312368
312373
312410
312415
312420
312421
312569
312574
312579
312593
312602
312603
312607
312612
312613
312768
312774
312776
312779
312786
312802
312813
312814
312825
312826
312835
312836
313002
313010
313013
313026
313030
313032
313038
313042
313050
313057
313060
313068
313075
313078
313080
313083
313091
313095
313096
313108
313109
315982
315994
316002
316009
316012
316020
316027
316030
316045
316200
316203
316213
316217
316218
316231
316232
316272
316279
316281
316293
316296
316299
316305
316308
316533
316536
316546
316547
316550
316551
316583
316593
316596
316599
316605
316608
316773
316774
316779
316785
316786
316808
316813
316818
316837
316991
316997
317003
317045
317050
317055
317201
317207
317213
317255
317260
317265
317411
317416
317417
317423
317428
317465
317470
317475
317476
317624
317629
317634
317648
317657
317658
317662
317667
317668
317823
317829
317831
317834
317841
317857
317868
317869
317880
317881
317890
317891
318057
318065
318068
318081
318085
318087
318093
318097
318105
318112
318115
318123
318130
318133
318135
318138
318146
318150
318151
318163
318164
321037
321049
321057
321064
321067
321075
321082
321085
321100
321255
321258
321268
321272
321273
321286
321287
321327
321334
321336
321348
321351
321354
321360
321363
321588
321591
321601
321602
321605
321606
321638
321648
321651
321654
321660
321663
321828
321829
321834
321840
321841
321863
321868
321873
321892
322046
322052
322058
322100
322105
322110
322256
322262
322268
322310
322315
322320
322466
322471
322472
322478
322483
322520
322525
322530
322531
322679
322684
322689
322703
322712
322713
322717
322722
322723
322878
322884
322886
322889
322896
322912
322923
322924
322935
322936
322945
322946
323112
323120
323123
323136
323140
323142
323148
323152
323160
323167
323170
323178
323185
323188
323190
323193
323201
323205
323206
323218
323219
326092
326104
326112
326119
326122
326130
326137
326140
326155
326310
326313
326323
326327
326328
326341
326342
326382
326389
326391
326403
326406
326409
326415
326418
326643
326646
326656
326657
326660
326661
326693
326703
326706
326709
326715
326718
326883
326884
326889
326895
326896
326918
326923
326928
326947
327101
327107
327113
327155
327160
327165
327311
327317
327323
327365
327370
327375
327521
327526
327527
327533
327538
327575
327580
327585
327586
327734
327739
327744
327758
327767
327768
327772
327777
327778
327933
327939
327941
327944
327951
327967
327978
327979
327990
327991
328000
328001
328167
328175
328178
328191
328195
328197
328203
328207
328215
328222
328225
328233
328240
328243
328245
328248
328256
328260
328261
328273
328274
331147
331159
331167
331174
331177
331185
331192
331195
331210
331365
331368
331378
331382
331383
331396
331397
331437
331444
331446
331458
331461
331464
331470
331473
331698
331701
331711
331712
331715
331716
331748
331758
331761
331764
331770
331773
331938
331939
331944
331950
331951
331973
331978
331983
332002
332156
332162
332168
332210
332215
332220
332366
332372
332378
332420
332425
332430
332576
332581
332582
332588
332593
332630
332635
332640
332641
332789
332794
332799
332813
332822
332823
332827
332832
332833
332988
332994
332996
332999
333006
333022
333033
333034
333045
333046
333055
333056
333222
333230
333233
333246
333250
333252
333258
333262
333270
333277
333280
333288
333295
333298
333300
333303
333311
333315
333316
333328
333329
336202
336214
336222
336229
336232
336240
336247
336250
336265
336420
336423
336433
336437
336438
336451
336452
336492
336499
336501
336513
336516
336519
336525
336528
336753
336756
336766
336767
336770
336771
336803
336813
336816
336819
336825
336828
336993
336994
336999
337005
337006
337028
337033
337038
337057
337211
337217
337223
337265
337270
337275
337421
337427
337433
337475
337480
337485
337631
337636
337637
337643
337648
337685
337690
337695
337696
337844
337849
337854
337868
337877
337878
337882
337887
337888
338043
338049
338051
338054
338061
338077
338088
338089
338100
338101
338110
338111
338277
338285
338288
338301
338305
338307
338313
338317
338325
338332
338335
338343
338350
338353
338355
338358
338366
338370
338371
338383
338384
341257
341269
341277
341284
341287
341295
341302
341305
341320
341475
341478
341488
341492
341493
341506
341507
341547
341554
341556
341568
341571
341574
341580
341583
341808
341811
341821
341822
341825
341826
341858
341868
341871
341874
341880
341883
342048
342049
342054
342060
342061
342083
342088
342093
342112
342266
342272
342278
342320
342325
342330
342476
342482
342488
342530
342535
342540
342686
342691
342692
342698
342703
342740
342745
342750
342751
342899
342904
342909
342923
342932
342933
342937
342942
342943
343098
343104
343106
343109
343116
343132
343143
343144
343155
343156
343165
343166
343332
343340
343343
343356
343360
343362
343368
343372
343380
343387
343390
343398
343405
343408
343410
343413
343421
343425
343426
343438
343439
346312
346324
346332
346339
346342
346350
346357
346360
346375
346530
346533
346543
346547
346548
346561
346562
346602
346609
346611
346623
346626
346629
346635
346638
346863
346866
346876
346877
346880
346881
346913
346923
346926
346929
346935
346938
347103
347104
347109
347115
347116
347138
347143
347148
347167
347321
347327
347333
347375
347380
347385
347531
347537
347543
347585
347590
347595
347741
347746
347747
347753
347758
347795
347800
347805
347806
347954
347959
347964
347978
347987
347988
347992
347997
347998
348153
348159
348161
348164
348171
348187
348198
348199
348210
348211
348220
348221
348387
348395
348398
348411
348415
348417
348423
348427
348435
348442
348445
348453
348460
348463
348465
348468
348476
348480
348481
348493
348494
351367
351379
351387
351394
351397
351405
351412
351415
351430
351585
351588
351598
351602
351603
351616
351617
351657
351664
351666
351678
351681
351684
351690
351693
351918
351921
351931
351932
351935
351936
351968
351978
351981
351984
351990
351993
352158
352159
352164
352170
352171
352193
352198
352203
352222
352376
352382
352388
352430
352435
352440
352586
352592
352598
352640
352645
352650
352796
352801
352802
352808
352813
352850
352855
352860
352861
353009
353014
353019
353033
353042
353043
353047
353052
353053
353208
353214
353216
353219
353226
353242
353253
353254
353265
353266
353275
353276
353442
353450
353453
353466
353470
353472
353478
353482
353490
353497
353500
353508
353515
353518
353520
353523
353531
353535
353536
353548
353549
356422
356434
356442
356449
356452
356460
356467
356470
356485
356640
356643
356653
356657
356658
356671
356672
356712
356719
356721
356733
356736
356739
356745
356748
356973
356976
356986
356987
356990
356991
357023
357033
357036
357039
357045
357048
357213
357214
357219
357225
357226
357248
357253
357258
357277
357431
357437
357443
357485
357490
357495
357641
357647
357653
357695
357700
357705
357851
357856
357857
357863
357868
357905
357910
357915
357916
358064
358069
358074
358088
358097
358098
358102
358107
358108
358263
358269
358271
358274
358281
358297
358308
358309
358320
358321
358330
358331
358497
358505
358508
358521
358525
358527
358533
358537
358545
358552
358555
358563
358570
358573
358575
358578
358586
358590
358591
358603
358604
361477
361489
361497
361504
361507
361515
361522
361525
361540
361695
361698
361708
361712
361713
361726
361727
361767
361774
361776
361788
361791
361794
361800
361803
362028
362031
362041
362042
362045
362046
362078
362088
362091
362094
362100
362103
362268
362269
362274
362280
362281
362303
362308
362313
362332
362486
362492
362498
362540
362545
362550
362696
362702
362708
362750
362755
362760
362906
362911
362912
362918
362923
362960
362965
362970
362971
363119
363124
363129
363143
363152
363153
363157
363162
363163
363318
363324
363326
363329
363336
363352
363363
363364
363375
363376
363385
363386
363552
363560
363563
363576
363580
363582
363588
363592
363600
363607
363610
363618
363625
363628
363630
363633
363641
363645
363646
363658
363659
366532
366544
366552
366559
366562
366570
366577
366580
366595
366750
366753
366763
366767
366768
366781
366782
366822
366829
366831
366843
366846
366849
366855
366858
367083
367086
367096
367097
367100
367101
367133
367143
367146
367149
367155
367158
367323
367324
367329
367335
367336
367358
367363
367368
367387
367541
367547
367553
367595
367600
367605
367751
367757
367763
367805
367810
367815
367961
367966
367967
367973
367978
368015
368020
368025
368026
368174
368179
368184
368198
368207
368208
368212
368217
368218
368373
368379
368381
368384
368391
368407
368418
368419
368430
368431
368440
368441
368607
368615
368618
368631
368635
368637
368643
368647
368655
368662
368665
368673
368680
368683
368685
368688
368696
368700
368701
368713
368714
371587
371599
371607
371614
371617
371625
371632
371635
371650
371805
371808
371818
371822
371823
371836
371837
371877
371884
371886
371898
371901
371904
371910
371913
372138
372141
372151
372152
372155
372156
372188
372198
372201
372204
372210
372213
372378
372379
372384
372390
372391
372413
372418
372423
372442
372596
372602
372608
372650
372655
372660
372806
372812
372818
372860
372865
372870
373016
373021
373022
373028
373033
373070
373075
373080
373081
373229
373234
373239
373253
373262
373263
373267
373272
373273
373428
373434
373436
373439
373446
373462
373473
373474
373485
373486
373495
373496
373662
373670
373673
373686
373690
373692
373698
373702
373710
373717
373720
373728
373735
373738
373740
373743
373751
373755
373756
373768
373769
376642
376654
376662
376669
376672
376680
376687
376690
376705
376860
376863
376873
376877
376878
376891
376892
376932
376939
376941
376953
376956
376959
376965
376968
377193
377196
377206
377207
377210
377211
377243
377253
377256
377259
377265
377268
377433
377434
377439
377445
377446
377468
377473
377478
377497
377651
377657
377663
377705
377710
377715
377861
377867
377873
377915
377920
377925
378071
378076
378077
378083
378088
378125
378130
378135
378136
378284
378289
378294
378308
378317
378318
378322
378327
378328
378483
378489
378491
378494
378501
378517
378528
378529
378540
378541
378550
378551
378717
378725
378728
378741
378745
378747
378753
378757
378765
378772
378775
378783
378790
378793
378795
378798
378806
378810
378811
378823
378824
381697
381709
381717
381724
381727
381735
381742
381745
381760
381915
381918
381928
381932
381933
381946
381947
381987
381994
381996
382008
382011
382014
382020
382023
382248
382251
382261
382262
382265
382266
382298
382308
382311
382314
382320
382323
382488
382489
382494
382500
382501
382523
382528
382533
382552
382706
382712
382718
382760
382765
382770
382916
382922
382928
382970
382975
382980
383126
383131
383132
383138
383143
383180
383185
383190
383191
383339
383344
383349
383363
383372
383373
383377
383382
383383
383538
383544
383546
383549
383556
383572
383583
383584
383595
383596
383605
383606
383772
383780
383783
383796
383800
383802
383808
383812
383820
383827
383830
383838
383845
383848
383850
383853
383861
383865
383866
383878
383879
386752
386764
386772
386779
386782
386790
386797
386800
386815
386970
386973
386983
386987
386988
387001
387002
387042
387049
387051
387063
387066
387069
387075
387078
387303
387306
387316
387317
387320
387321
387353
387363
387366
387369
387375
387378
387543
387544
387549
387555
387556
387578
387583
387588
387607
387761
387767
387773
387815
387820
387825
387971
387977
387983
388025
388030
388035
388181
388186
388187
388193
388198
388235
388240
388245
388246
388394
388399
388404
388418
388427
388428
388432
388437
388438
388593
388599
388601
388604
388611
388627
388638
388639
388650
388651
388660
388661
388827
388835
388838
388851
388855
388857
388863
388867
388875
388882
388885
388893
388900
388903
388905
388908
388916
388920
388921
388933
388934
391807
391819
391827
391834
391837
391845
391852
391855
391870
392025
392028
392038
392042
392043
392056
392057
392097
392104
392106
392118
392121
392124
392130
392133
392358
392361
392371
392372
392375
392376
392408
392418
392421
392424
392430
392433
392598
392599
392604
392610
392611
392633
392638
392643
392662
392816
392822
392828
392870
392875
392880
393026
393032
393038
393080
393085
393090
393236
393241
393242
393248
393253
393290
393295
393300
393301
393449
393454
393459
393473
393482
393483
393487
393492
393493
393648
393654
393656
393659
393666
393682
393693
393694
393705
393706
393715
393716
393882
393890
393893
393906
393910
393912
393918
393922
393930
393937
393940
393948
393955
393958
393960
393963
393971
393975
393976
393988
393989
396862
396874
396882
396889
396892
396900
396907
396910
396925
397080
397083
397093
397097
397098
397111
397112
397152
397159
397161
397173
397176
397179
397185
397188
397413
397416
397426
397427
397430
397431
397463
397473
397476
397479
397485
397488
397653
397654
397659
397665
397666
397688
397693
397698
397717
397871
397877
397883
397925
397930
397935
398081
398087
398093
398135
398140
398145
398291
398296
398297
398303
398308
398345
398350
398355
398356
398504
398509
398514
398528
398537
398538
398542
398547
398548
398703
398709
398711
398714
398721
398737
398748
398749
398760
398761
398770
398771
398937
398945
398948
398961
398965
398967
398973
398977
398985
398992
398995
399003
399010
399013
399015
399018
399026
399030
399031
399043
399044
401917
401929
401937
401944
401947
401955
401962
401965
401980
402135
402138
402148
402152
402153
402166
402167
402207
402214
402216
402228
402231
402234
402240
402243
402468
402471
402481
402482
402485
402486
402518
402528
402531
402534
402540
402543
402708
402709
402714
402720
402721
402743
402748
402753
402772
402926
402932
402938
402980
402985
402990
403136
403142
403148
403190
403195
403200
403346
403351
403352
403358
403363
403400
403405
403410
403411
403559
403564
403569
403583
403592
403593
403597
403602
403603
403758
403764
403766
403769
403776
403792
403803
403804
403815
403816
403825
403826
403992
404000
404003
404016
404020
404022
404028
404032
404040
404047
404050
404058
404065
404068
404070
404073
404081
404085
404086
404098
404099
406972
406984
406992
406999
407002
407010
407017
407020
407035
407190
407193
407203
407207
407208
407221
407222
407262
407269
407271
407283
407286
407289
407295
407298
407523
407526
407536
407537
407540
407541
407573
407583
407586
407589
407595
407598
407763
407764
407769
407775
407776
407798
407803
407808
407827
407981
407987
407993
408035
408040
408045
408191
408197
408203
408245
408250
408255
408401
408406
408407
408413
408418
408455
408460
408465
408466
408614
408619
408624
408638
408647
408648
408652
408657
408658
408813
408819
408821
408824
408831
408847
408858
408859
408870
408871
408880
408881
409047
409055
409058
409071
409075
409077
409083
409087
409095
409102
409105
409113
409120
409123
409125
409128
409136
409140
409141
409153
409154
412027
412039
412047
412054
412057
412065
412072
412075
412090
412245
412248
412258
412262
412263
412276
412277
412317
412324
412326
412338
412341
412344
412350
412353
412578
412581
412591
412592
412595
412596
412628
412638
412641
412644
412650
412653
412818
412819
412824
412830
412831
412853
412858
412863
412882
413036
413042
413048
413090
413095
413100
413246
413252
413258
413300
413305
413310
413456
413461
413462
413468
413473
413510
413515
413520
413521
413669
413674
413679
413693
413702
413703
413707
413712
413713
413868
413874
413876
413879
413886
413902
413913
413914
413925
413926
413935
413936
414102
414110
414113
414126
414130
414132
414138
414142
414150
414157
414160
414168
414175
414178
414180
414183
414191
414195
414196
414208
414209
417082
417094
417102
417109
417112
417120
417127
417130
417145
417300
417303
417313
417317
417318
417331
417332
417372
417379
417381
417393
417396
417399
417405
417408
417633
417636
417646
417647
417650
417651
417683
417693
417696
417699
417705
417708
417873
417874
417879
417885
417886
417908
417913
417918
417937
418091
418097
418103
418145
418150
418155
418301
418307
418313
418355
418360
418365
418511
418516
418517
418523
418528
418565
418570
418575
418576
418724
418729
418734
418748
418757
418758
418762
418767
418768
418923
418929
418931
418934
418941
418957
418968
418969
418980
418981
418990
418991
419157
419165
419168
419181
419185
419187
419193
419197
419205
419212
419215
419223
419230
419233
419235
419238
419246
419250
419251
419263
419264
422137
422149
422157
422164
422167
422175
422182
422185
422200
422355
422358
422368
422372
422373
422386
422387
422427
422434
422436
422448
422451
422454
422460
422463
422688
422691
422701
422702
422705
422706
422738
422748
422751
422754
422760
422763
422928
422929
422934
422940
422941
422963
422968
422973
422992
423146
423152
423158
423200
423205
423210
423356
423362
423368
423410
423415
423420
423566
423571
423572
423578
423583
423620
423625
423630
423631
423779
423784
423789
423803
423812
423813
423817
423822
423823
423978
423984
423986
423989
423996
424012
424023
424024
424035
424036
424045
424046
424212
424220
424223
424236
424240
424242
424248
424252
424260
424267
424270
424278
424285
424288
424290
424293
424301
424305
424306
424318
424319
427192
427204
427212
427219
427222
427230
427237
427240
427255
427410
427413
427423
427427
427428
427441
427442
427482
427489
427491
427503
427506
427509
427515
427518
427743
427746
427756
427757
427760
427761
427793
427803
427806
427809
427815
427818
427983
427984
427989
427995
427996
428018
428023
428028
428047
428201
428207
428213
428255
428260
428265
428411
428417
428423
428465
428470
428475
428621
428626
428627
428633
428638
428675
428680
428685
428686
428834
428839
428844
428858
428867
428868
428872
428877
428878
429033
429039
429041
429044
429051
429067
429078
429079
429090
429091
429100
429101
429267
429275
429278
429291
429295
429297
429303
429307
429315
429322
429325
429333
429340
429343
429345
429348
429356
429360
429361
429373
429374
432247
432259
432267
432274
432277
432285
432292
432295
432310
432465
432468
432478
432482
432483
432496
432497
432537
432544
432546
432558
432561
432564
432570
432573
432798
432801
432811
432812
432815
432816
432848
432858
432861
432864
432870
432873
433038
433039
433044
433050
433051
433073
433078
433083
433102
433256
433262
433268
433310
433315
433320
433466
433472
433478
433520
433525
433530
433676
433681
433682
433688
433693
433730
433735
433740
433741
433889
433894
433899
433913
433922
433923
433927
433932
433933
434088
434094
434096
434099
434106
434122
434133
434134
434145
434146
434155
434156
434322
434330
434333
434346
434350
434352
434358
434362
434370
434377
434380
434388
434395
434398
434400
434403
434411
434415
434416
434428
434429
437302
437314
437322
437329
437332
437340
437347
437350
437365
437520
437523
437533
437537
437538
437551
437552
437592
437599
437601
437613
437616
437619
437625
437628
437853
437856
437866
437867
437870
437871
437903
437913
437916
437919
437925
437928
438093
438094
438099
438105
438106
438128
438133
438138
438157
438311
438317
438323
438365
438370
438375
438521
438527
438533
438575
438580
438585
438731
438736
438737
438743
438748
438785
438790
438795
438796
438944
438949
438954
438968
438977
438978
438982
438987
438988
439143
439149
439151
439154
439161
439177
439188
439189
439200
439201
439210
439211
439377
439385
439388
439401
439405
439407
439413
439417
439425
439432
439435
439443
439450
439453
439455
439458
439466
439470
439471
439483
439484
442357
442369
442377
442384
442387
442395
442402
442405
442420
442575
442578
442588
442592
442593
442606
442607
442647
442654
442656
442668
442671
442674
442680
442683
442908
442911
442921
442922
442925
442926
442958
442968
442971
442974
442980
442983
443148
443149
443154
443160
443161
443183
443188
443193
443212
443366
443372
443378
443420
443425
443430
443576
443582
443588
443630
443635
443640
443786
443791
443792
443798
443803
443840
443845
443850
443851
443999
444004
444009
444023
444032
444033
444037
444042
444043
444198
444204
444206
444209
444216
444232
444243
444244
444255
444256
444265
444266
444432
444440
444443
444456
444460
444462
444468
444472
444480
444487
444490
444498
444505
444508
444510
444513
444521
444525
444526
444538
444539
447412
447424
447432
447439
447442
447450
447457
447460
447475
447630
447633
447643
447647
447648
447661
447662
447702
447709
447711
447723
447726
447729
447735
447738
447963
447966
447976
447977
447980
447981
448013
448023
448026
448029
448035
448038
448203
448204
448209
448215
448216
448238
448243
448248
448267
448421
448427
448433
448475
448480
448485
448631
448637
448643
448685
448690
448695
448841
448846
448847
448853
448858
448895
448900
448905
448906
449054
449059
449064
449078
449087
449088
449092
449097
449098
449253
449259
449261
449264
449271
449287
449298
449299
449310
449311
449320
449321
449487
449495
449498
449511
449515
449517
449523
449527
449535
449542
449545
449553
449560
449563
449565
449568
449576
449580
449581
449593
449594
452467
452479
452487
452494
452497
452505
452512
452515
452530
452685
452688
452698
452701
452702
452713
452714
452751
452758
452760
452769
452772
452775
452780
452782
452982
452985
452995
452996
452998
452999
453106
453114
453117
453120
453125
453127
453429
453430
453435
453439
453440
453569
453574
453577
453594
453944
453950
453955
454106
454111
454115
454469
454475
454480
454631
454636
454640
454994
454999
455000
455005
455009
455156
455161
455165
455166
455522
455527
455530
455544
455660
455661
455665
455668
455669
456018
456024
456026
456029
456034
456048
456134
456135
456142
456143
456151
456152
456441
456449
456452
456461
456465
456467
456470
456473
456480
456486
456488
456495
456501
456503
456504
456506
456513
456515
456516
456526
456527
461305
461307
461308
461323
461325
461326
461341
461343
461344
461359
461361
461362
461512
461514
461515
461530
461532
461533
461548
461550
461551
461566
461568
461569
461584
461586
461587
461602
461604
461605
461827
461829
461830
461845
461847
461848
461863
461865
461866
461881
461883
461884
461899
461901
461902
461917
461919
461920
461935
461937
461938
461953
461955
461956
462250
462252
462253
462268
462270
462271
462286
462288
462289
462304
462306
462307
462322
462324
462325
462340
462342
462343
462358
462360
462361
462376
462378
462379
462673
462675
462676
462688
462690
462691
462706
462708
462709
462724
462726
462727
462742
462744
462745
462760
462762
462763
462778
462780
462781
462796
462798
462799
463078
463080
463081
463093
463095
463096
463111
463113
463114
463129
463131
463132
463147
463149
463150
463165
463167
463168
463375
463377
463378
463390
463392
463393
463405
463407
463408
463420
463422
463423
)
;
    flipMap         List<bool> 
4936
(
0
0
1
1
1
1
0
1
1
0
0
1
1
0
0
1
1
0
1
0
1
1
0
0
0
0
1
1
0
0
1
1
1
0
0
0
0
0
1
1
1
1
0
1
1
0
0
1
1
0
0
1
1
0
1
0
1
1
0
0
0
0
1
1
0
0
1
1
1
0
0
0
0
0
1
1
1
1
0
1
1
0
0
1
1
0
0
1
1
0
1
0
1
1
0
0
0
0
1
1
0
0
1
1
1
0
0
0
0
0
1
1
1
1
0
1
1
0
0
1
1
0
0
1
1
0
1
0
1
1
0
0
0
0
1
1
0
0
1
1
1
0
0
0
0
0
1
1
1
1
0
1
1
0
0
1
1
0
0
1
1
0
1
0
1
1
0
0
0
0
1
1
0
0
1
1
1
0
0
0
0
0
1
1
1
1
0
1
1
0
0
1
1
0
0
1
1
0
1
0
1
1
0
0
0
0
1
1
0
0
1
1
1
0
0
0
0
0
1
1
1
1
0
1
1
0
0
1
1
0
0
1
1
0
1
0
1
1
0
0
0
0
1
1
0
0
1
1
1
0
0
0
0
0
1
1
1
1
0
1
1
0
0
1
1
0
0
1
1
0
1
0
1
1
0
0
0
0
1
1
0
0
1
1
1
0
0
0
0
0
1
1
1
1
0
1
1
0
0
1
1
0
0
1
1
0
1
0
1
1
0
0
0
0
1
1
0
0
1
1
1
0
0
0
0
0
1
1
1
1
0
1
1
0
0
1
1
0
0
1
1
0
1
0
1
1
0
0
0
0
1
1
0
0
1
1
1
0
0
0
0
0
1
1
1
1
0
1
1
0
0
1
1
0
0
1
1
0
1
0
1
1
0
0
0
0
1
1
0
0
1
1
1
0
0
0
0
0
1
1
1
1
0
1
1
0
0
1
1
0
0
1
1
0
1
0
1
1
0
0
0
0
1
1
0
0
1
1
1
0
0
0
0
0
1
1
1
1
0
1
1
0
0
1
1
0
0
1
1
0
1
0
1
1
0
0
0
0
1
1
0
0
1
1
1
0
0
0
0
0
1
1
1
1
0
1
1
0
0
1
1
0
0
1
1
0
1
0
1
1
0
0
0
0
1
1
0
0
1
1
1
0
0
0
0
0
1
1
1
1
0
1
1
0
0
1
1
0
0
1
1
0
1
0
1
1
0
0
0
0
1
1
0
0
1
1
1
0
0
0
0
0
1
1
1
1
0
1
1
0
0
1
1
0
0
1
1
0
1
0
1
1
0
0
0
0
1
1
0
0
1
1
1
0
0
0
0
0
1
1
1
1
0
1
1
0
0
1
1
0
0
1
1
0
1
0
1
1
0
0
0
0
1
1
0
0
1
1
1
0
0
0
0
0
1
1
1
1
0
1
1
0
0
1
1
0
0
1
1
0
1
0
1
1
0
0
0
0
1
1
0
0
1
1
1
0
0
0
0
0
1
1
1
1
0
1
1
0
0
1
1
0
0
1
1
0
1
0
1
1
0
0
0
0
1
1
0
0
1
1
1
0
0
0
0
0
1
1
1
1
0
1
1
0
0
1
1
0
0
1
1
0
1
0
1
1
0
0
0
0
1
1
0
0
1
1
1
0
0
0
0
0
1
1
1
1
0
1
1
0
0
1
1
0
0
1
1
0
1
0
1
1
0
0
0
0
1
1
0
0
1
1
1
0
0
0
0
0
1
1
1
1
0
1
1
0
0
1
1
0
0
1
1
0
1
0
1
1
0
0
0
0
1
1
0
0
1
1
1
0
0
0
0
0
1
1
1
1
0
1
1
0
0
1
1
0
0
1
1
0
1
0
1
1
0
0
0
0
1
1
0
0
1
1
1
0
0
0
0
0
1
1
1
1
0
1
1
0
0
1
1
0
0
1
1
0
1
0
1
1
0
0
0
0
1
1
0
0
1
1
1
0
0
0
0
0
1
1
1
1
0
1
1
0
0
1
1
0
0
1
1
0
1
0
1
1
0
0
0
0
1
1
0
0
1
1
1
0
0
0
0
0
1
1
1
1
0
1
1
0
0
1
1
0
0
1
1
0
1
0
1
1
0
0
0
0
1
1
0
0
1
1
1
0
0
0
0
0
1
1
1
1
0
1
1
0
0
1
1
0
0
1
1
0
1
0
1
1
0
0
0
0
1
1
0
0
1
1
1
0
0
0
0
0
1
1
1
1
0
1
1
0
0
1
1
0
0
1
1
0
1
0
1
1
0
0
0
0
1
1
0
0
1
1
1
0
0
0
0
0
1
1
1
1
0
1
1
0
0
1
1
0
0
1
1
0
1
0
1
1
0
0
0
0
1
1
0
0
1
1
1
0
0
0
0
0
1
1
1
1
0
1
1
0
0
1
1
0
0
1
1
0
1
0
1
1
0
0
0
0
1
1
0
0
1
1
1
0
0
0
0
0
1
1
1
1
0
1
1
0
0
1
1
0
0
1
1
0
1
0
1
1
0
0
0
0
1
1
0
0
1
1
1
0
0
0
0
0
1
1
1
1
0
1
1
0
0
1
1
0
0
1
1
0
1
0
1
1
0
0
0
0
1
1
0
0
1
1
1
0
0
0
0
0
1
1
1
1
1
1
1
0
1
1
1
1
1
1
1
1
0
0
1
1
1
1
1
1
1
1
1
1
0
0
1
1
1
1
1
1
1
1
1
1
1
0
1
1
1
1
1
1
1
1
1
1
0
1
1
1
1
1
1
1
1
1
1
1
1
1
1
1
1
1
1
1
0
0
0
0
1
1
1
1
1
1
1
1
1
0
0
1
1
1
1
1
1
1
1
0
0
0
0
0
1
1
1
1
1
1
1
1
1
1
1
1
1
0
1
1
1
1
0
0
0
1
1
1
1
1
1
1
1
1
0
0
0
1
1
1
1
1
1
1
1
0
1
1
1
1
0
1
1
1
1
0
1
1
1
1
0
1
1
1
1
1
1
1
1
1
1
0
1
1
1
1
1
1
1
1
1
1
1
0
1
1
1
1
1
1
1
1
1
1
1
1
1
1
0
0
0
0
0
0
0
0
0
0
0
0
0
0
0
0
0
1
0
1
0
0
1
0
0
0
0
0
0
0
1
1
0
0
1
0
0
0
0
0
0
1
1
1
0
0
0
0
1
1
1
0
0
0
1
1
1
0
1
0
0
1
1
1
1
1
0
0
0
1
1
1
1
1
1
1
0
0
1
0
1
1
1
1
1
1
1
1
0
1
0
1
1
0
1
1
1
1
1
1
1
1
1
1
1
1
1
1
0
0
0
0
0
0
0
0
0
0
0
0
0
0
0
0
0
1
0
1
0
0
1
0
0
0
0
0
0
0
1
1
0
0
1
0
0
0
0
0
0
1
1
1
0
0
0
0
1
1
1
0
0
0
1
1
1
0
1
0
0
1
1
1
1
1
0
0
0
1
1
1
1
1
1
1
0
0
1
0
1
1
1
1
1
1
1
1
0
1
0
1
1
0
1
1
1
1
1
1
1
1
1
1
1
1
1
1
0
0
0
0
0
0
0
0
0
0
0
0
0
0
0
0
0
1
0
1
0
0
1
0
0
0
0
0
0
0
1
1
0
0
1
0
0
0
0
0
0
1
1
1
0
0
0
0
1
1
1
0
0
0
1
1
1
0
1
0
0
1
1
1
1
1
0
0
0
1
1
1
1
1
1
1
0
0
1
0
1
1
1
1
1
1
1
1
0
1
0
1
1
0
1
1
1
1
1
1
1
1
1
1
1
1
1
1
0
0
0
0
0
0
0
0
0
0
0
0
0
0
0
0
0
1
0
1
0
0
1
0
0
0
0
0
0
0
1
1
0
0
1
0
0
0
0
0
0
1
1
1
0
0
0
0
1
1
1
0
0
0
1
1
1
0
1
0
0
1
1
1
1
1
0
0
0
1
1
1
1
1
1
1
0
0
1
0
1
1
1
1
1
1
1
1
0
1
0
1
1
0
1
1
1
1
1
1
1
1
1
1
1
1
1
1
0
0
0
0
0
0
0
0
0
0
0
0
0
0
0
0
0
1
0
1
0
0
1
0
0
0
0
0
0
0
1
1
0
0
1
0
0
0
0
0
0
1
1
1
0
0
0
0
1
1
1
0
0
0
1
1
1
0
1
0
0
1
1
1
1
1
0
0
0
1
1
1
1
1
1
1
0
0
1
0
1
1
1
1
1
1
1
1
0
1
0
1
1
0
1
1
1
1
1
1
1
1
1
1
1
1
1
1
0
0
0
0
0
0
0
0
0
0
0
0
0
0
0
0
0
1
0
1
0
0
1
0
0
0
0
0
0
0
1
1
0
0
1
0
0
0
0
0
0
1
1
1
0
0
0
0
1
1
1
0
0
0
1
1
1
0
1
0
0
1
1
1
1
1
0
0
0
1
1
1
1
1
1
1
0
0
1
0
1
1
1
1
1
1
1
1
0
1
0
1
1
0
1
1
1
1
1
1
1
1
1
1
1
1
1
1
0
0
0
0
0
0
0
0
0
0
0
0
0
0
0
0
0
1
0
1
0
0
1
0
0
0
0
0
0
0
1
1
0
0
1
0
0
0
0
0
0
1
1
1
0
0
0
0
1
1
1
0
0
0
1
1
1
0
1
0
0
1
1
1
1
1
0
0
0
1
1
1
1
1
1
1
0
0
1
0
1
1
1
1
1
1
1
1
0
1
0
1
1
0
1
1
1
1
1
1
1
1
1
1
1
1
1
1
0
0
0
0
0
0
0
0
0
0
0
0
0
0
0
0
0
1
0
1
0
0
1
0
0
0
0
0
0
0
1
1
0
0
1
0
0
0
0
0
0
1
1
1
0
0
0
0
1
1
1
0
0
0
1
1
1
0
1
0
0
1
1
1
1
1
0
0
0
1
1
1
1
1
1
1
0
0
1
0
1
1
1
1
1
1
1
1
0
1
0
1
1
0
1
1
1
1
1
1
1
1
1
1
1
1
1
1
0
0
0
0
0
0
0
0
0
0
0
0
0
0
0
0
0
1
0
1
0
0
1
0
0
0
0
0
0
0
1
1
0
0
1
0
0
0
0
0
0
1
1
1
0
0
0
0
1
1
1
0
0
0
1
1
1
0
1
0
0
1
1
1
1
1
0
0
0
1
1
1
1
1
1
1
0
0
1
0
1
1
1
1
1
1
1
1
0
1
0
1
1
0
1
1
1
1
1
1
1
1
1
1
1
1
1
1
0
0
0
0
0
0
0
0
0
0
0
0
0
0
0
0
0
1
0
1
0
0
1
0
0
0
0
0
0
0
1
1
0
0
1
0
0
0
0
0
0
1
1
1
0
0
0
0
1
1
1
0
0
0
1
1
1
0
1
0
0
1
1
1
1
1
0
0
0
1
1
1
1
1
1
1
0
0
1
0
1
1
1
1
1
1
1
1
0
1
0
1
1
0
1
1
1
1
1
1
1
1
1
1
1
1
1
1
0
0
0
0
0
0
0
0
0
0
0
0
0
0
0
0
0
1
0
1
0
0
1
0
0
0
0
0
0
0
1
1
0
0
1
0
0
0
0
0
0
1
1
1
0
0
0
0
1
1
1
0
0
0
1
1
1
0
1
0
0
1
1
1
1
1
0
0
0
1
1
1
1
1
1
1
0
0
1
0
1
1
1
1
1
1
1
1
0
1
0
1
1
0
1
1
1
1
1
1
1
1
1
1
1
1
1
1
0
0
0
0
0
0
0
0
0
0
0
0
0
0
0
0
0
1
0
1
0
0
1
0
0
0
0
0
0
0
1
1
0
0
1
0
0
0
0
0
0
1
1
1
0
0
0
0
1
1
1
0
0
0
1
1
1
0
1
0
0
1
1
1
1
1
0
0
0
1
1
1
1
1
1
1
0
0
1
0
1
1
1
1
1
1
1
1
0
1
0
1
1
0
1
1
1
1
1
1
1
1
1
1
1
1
1
1
0
0
0
0
0
0
0
0
0
0
0
0
0
0
0
0
0
1
0
1
0
0
1
0
0
0
0
0
0
0
1
1
0
0
1
0
0
0
0
0
0
1
1
1
0
0
0
0
1
1
1
0
0
0
1
1
1
0
1
0
0
1
1
1
1
1
0
0
0
1
1
1
1
1
1
1
0
0
1
0
1
1
1
1
1
1
1
1
0
1
0
1
1
0
1
1
1
1
1
1
1
1
1
1
1
1
1
1
0
0
0
0
0
0
0
0
0
0
0
0
0
0
0
0
0
1
0
1
0
0
1
0
0
0
0
0
0
0
1
1
0
0
1
0
0
0
0
0
0
1
1
1
0
0
0
0
1
1
1
0
0
0
1
1
1
0
1
0
0
1
1
1
1
1
0
0
0
1
1
1
1
1
1
1
0
0
1
0
1
1
1
1
1
1
1
1
0
1
0
1
1
0
1
1
1
1
1
1
1
1
1
1
1
1
1
1
0
0
0
0
0
0
0
0
0
0
0
0
0
0
0
0
0
1
0
1
0
0
1
0
0
0
0
0
0
0
1
1
0
0
1
0
0
0
0
0
0
1
1
1
0
0
0
0
1
1
1
0
0
0
1
1
1
0
1
0
0
1
1
1
1
1
0
0
0
1
1
1
1
1
1
1
0
0
1
0
1
1
1
1
1
1
1
1
0
1
0
1
1
0
1
1
1
1
1
1
1
1
1
1
1
1
1
1
0
0
0
0
0
0
0
0
0
0
0
0
0
0
0
0
0
1
0
1
0
0
1
0
0
0
0
0
0
0
1
1
0
0
1
0
0
0
0
0
0
1
1
1
0
0
0
0
1
1
1
0
0
0
1
1
1
0
1
0
0
1
1
1
1
1
0
0
0
1
1
1
1
1
1
1
0
0
1
0
1
1
1
1
1
1
1
1
0
1
0
1
1
0
1
1
1
1
1
1
1
1
1
1
1
1
1
1
0
0
0
0
0
0
0
0
0
0
0
0
0
0
0
0
0
1
0
1
0
0
1
0
0
0
0
0
0
0
1
1
0
0
1
0
0
0
0
0
0
1
1
1
0
0
0
0
1
1
1
0
0
0
1
1
1
0
1
0
0
1
1
1
1
1
0
0
0
1
1
1
1
1
1
1
0
0
1
0
1
1
1
1
1
1
1
1
0
1
0
1
1
0
1
1
1
1
1
1
1
1
1
1
1
1
1
1
0
0
0
0
0
0
0
0
0
0
0
0
0
0
0
0
0
1
0
1
0
0
1
0
0
0
0
0
0
0
1
1
0
0
1
0
0
0
0
0
0
1
1
1
0
0
0
0
1
1
1
0
0
0
1
1
1
0
1
0
0
1
1
1
1
1
0
0
0
1
1
1
1
1
1
1
0
0
1
0
1
1
1
1
1
1
1
1
0
1
0
1
1
0
1
1
1
1
1
1
1
1
1
1
1
1
1
1
0
0
0
0
0
0
0
0
0
0
0
0
0
0
0
0
0
1
0
1
0
0
1
0
0
0
0
0
0
0
1
1
0
0
1
0
0
0
0
0
0
1
1
1
0
0
0
0
1
1
1
0
0
0
1
1
1
0
1
0
0
1
1
1
1
1
0
0
0
1
1
1
1
1
1
1
0
0
1
0
1
1
1
1
1
1
1
1
0
1
0
1
1
0
1
1
1
1
1
1
1
1
1
1
1
1
1
1
0
0
0
0
0
0
0
0
0
0
0
0
0
0
0
0
0
1
0
1
0
0
1
0
0
0
0
0
0
0
1
1
0
0
1
0
0
0
0
0
0
1
1
1
0
0
0
0
1
1
1
0
0
0
1
1
1
0
1
0
0
1
1
1
1
1
0
0
0
1
1
1
1
1
1
1
0
0
1
0
1
1
1
1
1
1
1
1
0
1
0
1
1
0
1
1
1
1
1
1
1
1
1
1
1
1
1
1
0
0
0
0
0
0
0
0
0
0
0
0
0
0
0
0
0
1
0
1
0
0
1
0
0
0
0
0
0
0
1
1
0
0
1
0
0
0
0
0
0
1
1
1
0
0
0
0
1
1
1
0
0
0
1
1
1
0
1
0
0
1
1
1
1
1
0
0
0
1
1
1
1
1
1
1
0
0
1
0
1
1
1
1
1
1
1
1
0
1
0
1
1
0
1
1
1
1
1
1
1
1
1
1
1
1
1
1
0
0
0
0
0
0
0
0
0
0
0
0
0
0
0
0
0
1
0
1
0
0
1
0
0
0
0
0
0
0
1
1
0
0
1
0
0
0
0
0
0
1
1
1
0
0
0
0
1
1
1
0
0
0
1
1
1
0
1
0
0
1
1
1
1
1
0
0
0
1
1
1
1
1
1
1
0
0
1
0
1
1
1
1
1
1
1
1
0
1
0
1
1
0
1
1
1
1
1
1
1
1
1
1
1
1
1
1
0
0
0
0
0
0
0
0
0
0
0
0
0
0
0
0
0
1
0
1
0
0
1
0
0
0
0
0
0
0
1
1
0
0
1
0
0
0
0
0
0
1
1
1
0
0
0
0
1
1
1
0
0
0
1
1
1
0
1
0
0
1
1
1
1
1
0
0
0
1
1
1
1
1
1
1
0
0
1
0
1
1
1
1
1
1
1
1
0
1
0
1
1
0
1
1
1
1
1
1
1
1
1
1
1
1
1
1
0
0
0
0
0
0
0
0
0
0
0
0
0
0
0
0
0
1
0
1
0
0
1
0
0
0
0
0
0
0
1
1
0
0
1
0
0
0
0
0
0
1
1
1
0
0
0
0
1
1
1
0
0
0
1
1
1
0
1
0
0
1
1
1
1
1
0
0
0
1
1
1
1
1
1
1
0
0
1
0
1
1
1
1
1
1
1
1
0
1
0
1
1
0
1
1
1
1
1
1
1
1
1
1
1
1
1
1
0
0
0
0
0
0
0
0
0
0
0
0
0
0
0
0
0
1
0
1
0
0
1
0
0
0
0
0
0
0
1
1
0
0
1
0
0
0
0
0
0
1
1
1
0
0
0
0
1
1
1
0
0
0
1
1
1
0
1
0
0
1
1
1
1
1
0
0
0
1
1
1
1
1
1
1
0
0
1
0
1
1
1
1
1
1
1
1
0
1
0
1
1
0
1
1
1
1
1
1
1
1
1
1
1
1
1
1
0
0
0
0
0
0
0
0
0
0
0
0
0
0
0
0
0
1
0
1
0
0
1
0
0
0
0
0
0
0
1
1
0
0
1
0
0
0
0
0
0
1
1
1
0
0
0
0
1
1
1
0
0
0
1
1
1
0
1
0
0
1
1
1
1
1
0
0
0
1
1
1
1
1
1
1
0
0
1
0
1
1
1
1
1
1
1
1
0
1
0
1
1
0
1
1
1
1
1
1
1
1
1
1
1
1
1
1
0
0
0
0
0
0
0
0
0
0
0
0
0
0
0
0
0
1
0
1
0
0
1
0
0
0
0
0
0
0
1
1
0
0
1
0
0
0
0
0
0
1
1
1
0
0
0
0
1
1
1
0
0
0
1
1
1
0
1
0
0
1
1
1
1
1
0
0
0
1
1
1
1
1
1
1
0
0
1
0
1
1
1
1
1
1
1
1
0
1
0
1
1
0
1
1
1
1
1
1
1
1
1
1
1
1
1
1
0
0
0
0
0
0
0
0
0
0
0
0
0
0
0
0
0
1
0
1
0
0
1
0
0
0
0
0
0
0
1
1
0
0
1
0
0
0
0
0
0
1
1
1
0
0
0
0
1
1
1
0
0
0
1
1
1
0
1
0
0
1
1
1
1
1
0
0
0
1
1
1
1
1
1
1
0
0
1
0
1
1
1
1
1
1
1
1
0
1
0
1
1
0
1
1
1
1
1
1
1
1
1
1
1
1
1
1
0
0
0
0
0
0
0
0
0
0
0
0
0
0
0
0
0
1
0
1
0
0
1
0
0
0
0
0
0
0
1
1
0
0
1
0
0
0
0
0
0
1
1
1
0
0
0
0
1
1
1
0
0
0
1
1
1
0
1
0
0
1
1
1
1
1
0
0
0
1
1
1
1
1
1
1
0
0
1
0
1
1
1
1
1
1
1
1
0
1
0
1
1
0
1
1
1
1
1
1
1
1
1
1
1
1
1
1
0
0
0
0
0
0
0
0
0
0
0
0
0
0
0
0
0
1
0
1
0
0
1
0
0
0
0
0
0
0
1
1
0
0
1
0
0
0
0
0
0
1
1
1
0
0
0
0
1
1
1
0
0
0
1
1
1
0
1
0
0
1
1
1
1
1
0
0
0
1
1
1
1
1
1
1
0
0
1
0
1
1
1
1
1
1
1
1
0
1
0
1
1
0
1
1
1
1
1
1
1
1
1
1
1
1
1
1
0
0
0
0
0
0
0
0
0
0
0
0
0
0
0
0
0
1
0
1
0
0
1
0
0
0
0
0
0
0
1
1
0
0
1
0
0
0
0
0
0
1
1
1
0
0
0
0
1
1
1
0
0
0
1
1
1
0
1
0
0
1
1
1
1
1
0
0
0
1
1
1
1
1
1
1
0
0
1
0
1
1
1
1
1
1
1
1
0
1
0
1
1
0
1
1
1
1
1
1
1
1
1
1
1
1
1
1
0
0
0
0
0
0
0
0
0
0
0
0
0
0
0
0
0
1
0
1
0
0
1
0
0
0
0
0
0
0
1
1
0
0
1
0
0
0
0
0
0
1
1
1
0
0
0
0
1
1
1
0
0
0
1
1
1
0
1
0
0
1
1
1
1
1
0
0
0
1
1
1
1
1
1
1
0
0
1
0
1
1
1
1
1
1
1
1
0
1
0
1
1
0
1
1
1
1
1
1
1
1
1
1
1
1
1
1
1
1
1
1
1
1
1
1
1
1
1
1
1
1
1
1
1
1
1
1
1
1
1
1
1
1
1
1
1
1
1
1
1
1
1
1
1
1
1
1
1
1
1
1
1
1
1
1
1
1
1
1
1
1
1
1
1
1
1
1
1
1
1
1
1
1
1
1
1
1
1
1
1
1
1
1
1
1
1
1
1
1
1
1
1
1
1
1
1
1
1
1
1
1
1
1
1
1
1
1
1
1
1
1
1
1
1
1
1
1
1
1
1
1
1
1
1
1
1
1
1
1
1
1
1
1
1
1
1
1
1
1
)
;
}
fluid_to_cell1
{
    type            faceZone;
    faceLabels      List<label> 
4936
(
811
812
814
819
824
826
831
1152
1153
1192
1194
1512
1513
1562
1862
1899
1901
2182
2221
2503
2542
2842
2887
2888
3196
3197
3237
3238
3554
3555
3561
3579
3580
3922
3927
3932
8647
8648
8651
8657
8663
8665
8671
9012
9013
9056
9058
9391
9392
9443
9753
9793
9795
10087
10129
10422
10464
10775
10822
10823
11145
11146
11191
11192
11527
11528
11535
11557
11558
11918
11924
11930
16832
16833
16836
16842
16848
16850
16856
17197
17198
17241
17243
17576
17577
17628
17938
17978
17980
18272
18314
18607
18649
18960
19007
19008
19330
19331
19376
19377
19712
19713
19720
19742
19743
20103
20109
20115
25017
25018
25021
25027
25033
25035
25041
25382
25383
25426
25428
25761
25762
25813
26123
26163
26165
26457
26499
26792
26834
27145
27192
27193
27515
27516
27561
27562
27897
27898
27905
27927
27928
28288
28294
28300
33202
33203
33206
33212
33218
33220
33226
33567
33568
33611
33613
33946
33947
33998
34308
34348
34350
34642
34684
34977
35019
35330
35377
35378
35700
35701
35746
35747
36082
36083
36090
36112
36113
36473
36479
36485
41387
41388
41391
41397
41403
41405
41411
41752
41753
41796
41798
42131
42132
42183
42493
42533
42535
42827
42869
43162
43204
43515
43562
43563
43885
43886
43931
43932
44267
44268
44275
44297
44298
44658
44664
44670
49572
49573
49576
49582
49588
49590
49596
49937
49938
49981
49983
50316
50317
50368
50678
50718
50720
51012
51054
51347
51389
51700
51747
51748
52070
52071
52116
52117
52452
52453
52460
52482
52483
52843
52849
52855
57757
57758
57761
57767
57773
57775
57781
58122
58123
58166
58168
58501
58502
58553
58863
58903
58905
59197
59239
59532
59574
59885
59932
59933
60255
60256
60301
60302
60637
60638
60645
60667
60668
61028
61034
61040
65942
65943
65946
65952
65958
65960
65966
66307
66308
66351
66353
66686
66687
66738
67048
67088
67090
67382
67424
67717
67759
68070
68117
68118
68440
68441
68486
68487
68822
68823
68830
68852
68853
69213
69219
69225
74127
74128
74131
74137
74143
74145
74151
74492
74493
74536
74538
74871
74872
74923
75233
75273
75275
75567
75609
75902
75944
76255
76302
76303
76625
76626
76671
76672
77007
77008
77015
77037
77038
77398
77404
77410
82312
82313
82316
82322
82328
82330
82336
82677
82678
82721
82723
83056
83057
83108
83418
83458
83460
83752
83794
84087
84129
84440
84487
84488
84810
84811
84856
84857
85192
85193
85200
85222
85223
85583
85589
85595
90497
90498
90501
90507
90513
90515
90521
90862
90863
90906
90908
91241
91242
91293
91603
91643
91645
91937
91979
92272
92314
92625
92672
92673
92995
92996
93041
93042
93377
93378
93385
93407
93408
93768
93774
93780
98682
98683
98686
98692
98698
98700
98706
99047
99048
99091
99093
99426
99427
99478
99788
99828
99830
100122
100164
100457
100499
100810
100857
100858
101180
101181
101226
101227
101562
101563
101570
101592
101593
101953
101959
101965
106867
106868
106871
106877
106883
106885
106891
107232
107233
107276
107278
107611
107612
107663
107973
108013
108015
108307
108349
108642
108684
108995
109042
109043
109365
109366
109411
109412
109747
109748
109755
109777
109778
110138
110144
110150
115052
115053
115056
115062
115068
115070
115076
115417
115418
115461
115463
115796
115797
115848
116158
116198
116200
116492
116534
116827
116869
117180
117227
117228
117550
117551
117596
117597
117932
117933
117940
117962
117963
118323
118329
118335
123237
123238
123241
123247
123253
123255
123261
123602
123603
123646
123648
123981
123982
124033
124343
124383
124385
124677
124719
125012
125054
125365
125412
125413
125735
125736
125781
125782
126117
126118
126125
126147
126148
126508
126514
126520
131422
131423
131426
131432
131438
131440
131446
131787
131788
131831
131833
132166
132167
132218
132528
132568
132570
132862
132904
133197
133239
133550
133597
133598
133920
133921
133966
133967
134302
134303
134310
134332
134333
134693
134699
134705
139607
139608
139611
139617
139623
139625
139631
139972
139973
140016
140018
140351
140352
140403
140713
140753
140755
141047
141089
141382
141424
141735
141782
141783
142105
142106
142151
142152
142487
142488
142495
142517
142518
142878
142884
142890
147792
147793
147796
147802
147808
147810
147816
148157
148158
148201
148203
148536
148537
148588
148898
148938
148940
149232
149274
149567
149609
149920
149967
149968
150290
150291
150336
150337
150672
150673
150680
150702
150703
151063
151069
151075
155977
155978
155981
155987
155993
155995
156001
156342
156343
156386
156388
156721
156722
156773
157083
157123
157125
157417
157459
157752
157794
158105
158152
158153
158475
158476
158521
158522
158857
158858
158865
158887
158888
159248
159254
159260
164162
164163
164166
164172
164178
164180
164186
164527
164528
164571
164573
164906
164907
164958
165268
165308
165310
165602
165644
165937
165979
166290
166337
166338
166660
166661
166706
166707
167042
167043
167050
167072
167073
167433
167439
167445
172347
172348
172351
172357
172363
172365
172371
172712
172713
172756
172758
173091
173092
173143
173453
173493
173495
173787
173829
174122
174164
174475
174522
174523
174845
174846
174891
174892
175227
175228
175235
175257
175258
175618
175624
175630
180532
180533
180536
180542
180548
180550
180556
180897
180898
180941
180943
181276
181277
181328
181638
181678
181680
181972
182014
182307
182349
182660
182707
182708
183030
183031
183076
183077
183412
183413
183420
183442
183443
183803
183809
183815
188717
188718
188721
188727
188733
188735
188741
189082
189083
189126
189128
189461
189462
189513
189823
189863
189865
190157
190199
190492
190534
190845
190892
190893
191215
191216
191261
191262
191597
191598
191605
191627
191628
191988
191994
192000
196902
196903
196906
196912
196918
196920
196926
197267
197268
197311
197313
197646
197647
197698
198008
198048
198050
198342
198384
198677
198719
199030
199077
199078
199400
199401
199446
199447
199782
199783
199790
199812
199813
200173
200179
200185
205087
205088
205091
205097
205103
205105
205111
205452
205453
205496
205498
205831
205832
205883
206193
206233
206235
206527
206569
206862
206904
207215
207262
207263
207585
207586
207631
207632
207967
207968
207975
207997
207998
208358
208364
208370
213272
213273
213276
213282
213288
213290
213296
213637
213638
213681
213683
214016
214017
214068
214378
214418
214420
214712
214754
215047
215089
215400
215447
215448
215770
215771
215816
215817
216152
216153
216160
216182
216183
216543
216549
216555
221457
221458
221461
221467
221473
221475
221481
221822
221823
221866
221868
222201
222202
222253
222563
222603
222605
222897
222939
223232
223274
223585
223632
223633
223955
223956
224001
224002
224337
224338
224345
224367
224368
224728
224734
224740
229642
229643
229646
229652
229658
229660
229666
230007
230008
230051
230053
230386
230387
230438
230748
230788
230790
231082
231124
231417
231459
231770
231817
231818
232140
232141
232186
232187
232522
232523
232530
232552
232553
232913
232919
232925
237827
237828
237831
237837
237843
237845
237851
238192
238193
238236
238238
238571
238572
238623
238933
238973
238975
239267
239309
239602
239644
239955
240002
240003
240325
240326
240371
240372
240707
240708
240715
240737
240738
241098
241104
241110
246012
246013
246016
246022
246028
246030
246036
246383
246384
246433
246435
246792
246793
246862
247208
247266
247268
247596
247656
247985
248045
248392
248457
248458
248804
248805
248856
248857
249198
249199
249206
249228
249229
249589
249595
249601
254809
254810
254813
254819
254825
254827
254833
255164
255165
255198
255200
255513
255514
255555
255861
255907
255909
256213
256261
256566
256614
256925
256966
256967
257279
257280
257321
257322
257655
257656
257664
257687
257688
258050
258056
258062
262932
262933
262940
262942
262946
262948
262950
262952
262954
262957
263290
263291
263294
263301
263307
263313
263319
263323
263326
263328
263649
263650
263653
263660
263666
263672
263678
263684
263690
263694
263697
264015
264024
264030
264036
264042
264048
264054
264060
264066
264067
264068
264070
264385
264394
264400
264406
264412
264418
264424
264430
264436
264438
264440
264756
264765
264771
264777
264783
264789
264795
264801
264807
264809
264811
265132
265135
265143
265149
265155
265161
265167
265173
265176
265180
265181
265501
265502
265510
265518
265524
265530
265536
265539
265545
265546
265547
265881
265882
265889
265890
265896
265902
265908
265913
265914
265915
266276
266282
266288
291063
291067
291071
291091
291093
291095
291097
291115
291117
291119
291121
291139
291141
291143
291145
291162
291167
291169
291190
291191
291194
291453
291457
291461
291481
291484
291486
291502
291505
291508
291529
291530
291533
291740
291741
291754
291757
291759
291775
291778
291781
291782
291952
291954
291957
291975
291976
292090
292092
292095
292113
292114
292228
292230
292233
292234
292251
292252
292411
292423
292427
292429
292447
292451
292454
292455
292456
292671
292672
292679
292696
292700
292702
292720
292724
292727
292728
292729
293004
293005
293029
293032
293035
293038
293053
293057
293059
293061
293077
293081
293083
293085
293100
293101
293104
293105
295837
295849
295857
295864
295867
295875
295882
295885
295900
296091
296094
296104
296108
296109
296122
296123
296163
296170
296172
296184
296187
296190
296196
296199
296391
296394
296404
296405
296408
296409
296441
296451
296454
296457
296463
296466
296628
296629
296634
296640
296641
296663
296668
296673
296692
296843
296848
296853
296894
296899
296904
297053
297058
297063
297104
297109
297114
297263
297267
297268
297273
297277
297314
297319
297324
297325
297473
297478
297483
297497
297506
297507
297511
297516
297517
297681
297687
297689
297692
297699
297715
297726
297727
297738
297739
297748
297749
297954
297962
297965
297978
297982
297984
297990
297994
298002
298009
298012
298020
298027
298030
298032
298035
298043
298047
298048
298060
298061
300892
300904
300912
300919
300922
300930
300937
300940
300955
301146
301149
301159
301163
301164
301177
301178
301218
301225
301227
301239
301242
301245
301251
301254
301446
301449
301459
301460
301463
301464
301496
301506
301509
301512
301518
301521
301683
301684
301689
301695
301696
301718
301723
301728
301747
301898
301903
301908
301949
301954
301959
302108
302113
302118
302159
302164
302169
302318
302322
302323
302328
302332
302369
302374
302379
302380
302528
302533
302538
302552
302561
302562
302566
302571
302572
302736
302742
302744
302747
302754
302770
302781
302782
302793
302794
302803
302804
303009
303017
303020
303033
303037
303039
303045
303049
303057
303064
303067
303075
303082
303085
303087
303090
303098
303102
303103
303115
303116
305947
305959
305967
305974
305977
305985
305992
305995
306010
306201
306204
306214
306218
306219
306232
306233
306273
306280
306282
306294
306297
306300
306306
306309
306501
306504
306514
306515
306518
306519
306551
306561
306564
306567
306573
306576
306738
306739
306744
306750
306751
306773
306778
306783
306802
306953
306958
306963
307004
307009
307014
307163
307168
307173
307214
307219
307224
307373
307377
307378
307383
307387
307424
307429
307434
307435
307583
307588
307593
307607
307616
307617
307621
307626
307627
307791
307797
307799
307802
307809
307825
307836
307837
307848
307849
307858
307859
308064
308072
308075
308088
308092
308094
308100
308104
308112
308119
308122
308130
308137
308140
308142
308145
308153
308157
308158
308170
308171
311002
311014
311022
311029
311032
311040
311047
311050
311065
311256
311259
311269
311273
311274
311287
311288
311328
311335
311337
311349
311352
311355
311361
311364
311556
311559
311569
311570
311573
311574
311606
311616
311619
311622
311628
311631
311793
311794
311799
311805
311806
311828
311833
311838
311857
312008
312013
312018
312059
312064
312069
312218
312223
312228
312269
312274
312279
312428
312432
312433
312438
312442
312479
312484
312489
312490
312638
312643
312648
312662
312671
312672
312676
312681
312682
312846
312852
312854
312857
312864
312880
312891
312892
312903
312904
312913
312914
313119
313127
313130
313143
313147
313149
313155
313159
313167
313174
313177
313185
313192
313195
313197
313200
313208
313212
313213
313225
313226
316057
316069
316077
316084
316087
316095
316102
316105
316120
316311
316314
316324
316328
316329
316342
316343
316383
316390
316392
316404
316407
316410
316416
316419
316611
316614
316624
316625
316628
316629
316661
316671
316674
316677
316683
316686
316848
316849
316854
316860
316861
316883
316888
316893
316912
317063
317068
317073
317114
317119
317124
317273
317278
317283
317324
317329
317334
317483
317487
317488
317493
317497
317534
317539
317544
317545
317693
317698
317703
317717
317726
317727
317731
317736
317737
317901
317907
317909
317912
317919
317935
317946
317947
317958
317959
317968
317969
318174
318182
318185
318198
318202
318204
318210
318214
318222
318229
318232
318240
318247
318250
318252
318255
318263
318267
318268
318280
318281
321112
321124
321132
321139
321142
321150
321157
321160
321175
321366
321369
321379
321383
321384
321397
321398
321438
321445
321447
321459
321462
321465
321471
321474
321666
321669
321679
321680
321683
321684
321716
321726
321729
321732
321738
321741
321903
321904
321909
321915
321916
321938
321943
321948
321967
322118
322123
322128
322169
322174
322179
322328
322333
322338
322379
322384
322389
322538
322542
322543
322548
322552
322589
322594
322599
322600
322748
322753
322758
322772
322781
322782
322786
322791
322792
322956
322962
322964
322967
322974
322990
323001
323002
323013
323014
323023
323024
323229
323237
323240
323253
323257
323259
323265
323269
323277
323284
323287
323295
323302
323305
323307
323310
323318
323322
323323
323335
323336
326167
326179
326187
326194
326197
326205
326212
326215
326230
326421
326424
326434
326438
326439
326452
326453
326493
326500
326502
326514
326517
326520
326526
326529
326721
326724
326734
326735
326738
326739
326771
326781
326784
326787
326793
326796
326958
326959
326964
326970
326971
326993
326998
327003
327022
327173
327178
327183
327224
327229
327234
327383
327388
327393
327434
327439
327444
327593
327597
327598
327603
327607
327644
327649
327654
327655
327803
327808
327813
327827
327836
327837
327841
327846
327847
328011
328017
328019
328022
328029
328045
328056
328057
328068
328069
328078
328079
328284
328292
328295
328308
328312
328314
328320
328324
328332
328339
328342
328350
328357
328360
328362
328365
328373
328377
328378
328390
328391
331222
331234
331242
331249
331252
331260
331267
331270
331285
331476
331479
331489
331493
331494
331507
331508
331548
331555
331557
331569
331572
331575
331581
331584
331776
331779
331789
331790
331793
331794
331826
331836
331839
331842
331848
331851
332013
332014
332019
332025
332026
332048
332053
332058
332077
332228
332233
332238
332279
332284
332289
332438
332443
332448
332489
332494
332499
332648
332652
332653
332658
332662
332699
332704
332709
332710
332858
332863
332868
332882
332891
332892
332896
332901
332902
333066
333072
333074
333077
333084
333100
333111
333112
333123
333124
333133
333134
333339
333347
333350
333363
333367
333369
333375
333379
333387
333394
333397
333405
333412
333415
333417
333420
333428
333432
333433
333445
333446
336277
336289
336297
336304
336307
336315
336322
336325
336340
336531
336534
336544
336548
336549
336562
336563
336603
336610
336612
336624
336627
336630
336636
336639
336831
336834
336844
336845
336848
336849
336881
336891
336894
336897
336903
336906
337068
337069
337074
337080
337081
337103
337108
337113
337132
337283
337288
337293
337334
337339
337344
337493
337498
337503
337544
337549
337554
337703
337707
337708
337713
337717
337754
337759
337764
337765
337913
337918
337923
337937
337946
337947
337951
337956
337957
338121
338127
338129
338132
338139
338155
338166
338167
338178
338179
338188
338189
338394
338402
338405
338418
338422
338424
338430
338434
338442
338449
338452
338460
338467
338470
338472
338475
338483
338487
338488
338500
338501
341332
341344
341352
341359
341362
341370
341377
341380
341395
341586
341589
341599
341603
341604
341617
341618
341658
341665
341667
341679
341682
341685
341691
341694
341886
341889
341899
341900
341903
341904
341936
341946
341949
341952
341958
341961
342123
342124
342129
342135
342136
342158
342163
342168
342187
342338
342343
342348
342389
342394
342399
342548
342553
342558
342599
342604
342609
342758
342762
342763
342768
342772
342809
342814
342819
342820
342968
342973
342978
342992
343001
343002
343006
343011
343012
343176
343182
343184
343187
343194
343210
343221
343222
343233
343234
343243
343244
343449
343457
343460
343473
343477
343479
343485
343489
343497
343504
343507
343515
343522
343525
343527
343530
343538
343542
343543
343555
343556
346387
346399
346407
346414
346417
346425
346432
346435
346450
346641
346644
346654
346658
346659
346672
346673
346713
346720
346722
346734
346737
346740
346746
346749
346941
346944
346954
346955
346958
346959
346991
347001
347004
347007
347013
347016
347178
347179
347184
347190
347191
347213
347218
347223
347242
347393
347398
347403
347444
347449
347454
347603
347608
347613
347654
347659
347664
347813
347817
347818
347823
347827
347864
347869
347874
347875
348023
348028
348033
348047
348056
348057
348061
348066
348067
348231
348237
348239
348242
348249
348265
348276
348277
348288
348289
348298
348299
348504
348512
348515
348528
348532
348534
348540
348544
348552
348559
348562
348570
348577
348580
348582
348585
348593
348597
348598
348610
348611
351442
351454
351462
351469
351472
351480
351487
351490
351505
351696
351699
351709
351713
351714
351727
351728
351768
351775
351777
351789
351792
351795
351801
351804
351996
351999
352009
352010
352013
352014
352046
352056
352059
352062
352068
352071
352233
352234
352239
352245
352246
352268
352273
352278
352297
352448
352453
352458
352499
352504
352509
352658
352663
352668
352709
352714
352719
352868
352872
352873
352878
352882
352919
352924
352929
352930
353078
353083
353088
353102
353111
353112
353116
353121
353122
353286
353292
353294
353297
353304
353320
353331
353332
353343
353344
353353
353354
353559
353567
353570
353583
353587
353589
353595
353599
353607
353614
353617
353625
353632
353635
353637
353640
353648
353652
353653
353665
353666
356497
356509
356517
356524
356527
356535
356542
356545
356560
356751
356754
356764
356768
356769
356782
356783
356823
356830
356832
356844
356847
356850
356856
356859
357051
357054
357064
357065
357068
357069
357101
357111
357114
357117
357123
357126
357288
357289
357294
357300
357301
357323
357328
357333
357352
357503
357508
357513
357554
357559
357564
357713
357718
357723
357764
357769
357774
357923
357927
357928
357933
357937
357974
357979
357984
357985
358133
358138
358143
358157
358166
358167
358171
358176
358177
358341
358347
358349
358352
358359
358375
358386
358387
358398
358399
358408
358409
358614
358622
358625
358638
358642
358644
358650
358654
358662
358669
358672
358680
358687
358690
358692
358695
358703
358707
358708
358720
358721
361552
361564
361572
361579
361582
361590
361597
361600
361615
361806
361809
361819
361823
361824
361837
361838
361878
361885
361887
361899
361902
361905
361911
361914
362106
362109
362119
362120
362123
362124
362156
362166
362169
362172
362178
362181
362343
362344
362349
362355
362356
362378
362383
362388
362407
362558
362563
362568
362609
362614
362619
362768
362773
362778
362819
362824
362829
362978
362982
362983
362988
362992
363029
363034
363039
363040
363188
363193
363198
363212
363221
363222
363226
363231
363232
363396
363402
363404
363407
363414
363430
363441
363442
363453
363454
363463
363464
363669
363677
363680
363693
363697
363699
363705
363709
363717
363724
363727
363735
363742
363745
363747
363750
363758
363762
363763
363775
363776
366607
366619
366627
366634
366637
366645
366652
366655
366670
366861
366864
366874
366878
366879
366892
366893
366933
366940
366942
366954
366957
366960
366966
366969
367161
367164
367174
367175
367178
367179
367211
367221
367224
367227
367233
367236
367398
367399
367404
367410
367411
367433
367438
367443
367462
367613
367618
367623
367664
367669
367674
367823
367828
367833
367874
367879
367884
368033
368037
368038
368043
368047
368084
368089
368094
368095
368243
368248
368253
368267
368276
368277
368281
368286
368287
368451
368457
368459
368462
368469
368485
368496
368497
368508
368509
368518
368519
368724
368732
368735
368748
368752
368754
368760
368764
368772
368779
368782
368790
368797
368800
368802
368805
368813
368817
368818
368830
368831
371662
371674
371682
371689
371692
371700
371707
371710
371725
371916
371919
371929
371933
371934
371947
371948
371988
371995
371997
372009
372012
372015
372021
372024
372216
372219
372229
372230
372233
372234
372266
372276
372279
372282
372288
372291
372453
372454
372459
372465
372466
372488
372493
372498
372517
372668
372673
372678
372719
372724
372729
372878
372883
372888
372929
372934
372939
373088
373092
373093
373098
373102
373139
373144
373149
373150
373298
373303
373308
373322
373331
373332
373336
373341
373342
373506
373512
373514
373517
373524
373540
373551
373552
373563
373564
373573
373574
373779
373787
373790
373803
373807
373809
373815
373819
373827
373834
373837
373845
373852
373855
373857
373860
373868
373872
373873
373885
373886
376717
376729
376737
376744
376747
376755
376762
376765
376780
376971
376974
376984
376988
376989
377002
377003
377043
377050
377052
377064
377067
377070
377076
377079
377271
377274
377284
377285
377288
377289
377321
377331
377334
377337
377343
377346
377508
377509
377514
377520
377521
377543
377548
377553
377572
377723
377728
377733
377774
377779
377784
377933
377938
377943
377984
377989
377994
378143
378147
378148
378153
378157
378194
378199
378204
378205
378353
378358
378363
378377
378386
378387
378391
378396
378397
378561
378567
378569
378572
378579
378595
378606
378607
378618
378619
378628
378629
378834
378842
378845
378858
378862
378864
378870
378874
378882
378889
378892
378900
378907
378910
378912
378915
378923
378927
378928
378940
378941
381772
381784
381792
381799
381802
381810
381817
381820
381835
382026
382029
382039
382043
382044
382057
382058
382098
382105
382107
382119
382122
382125
382131
382134
382326
382329
382339
382340
382343
382344
382376
382386
382389
382392
382398
382401
382563
382564
382569
382575
382576
382598
382603
382608
382627
382778
382783
382788
382829
382834
382839
382988
382993
382998
383039
383044
383049
383198
383202
383203
383208
383212
383249
383254
383259
383260
383408
383413
383418
383432
383441
383442
383446
383451
383452
383616
383622
383624
383627
383634
383650
383661
383662
383673
383674
383683
383684
383889
383897
383900
383913
383917
383919
383925
383929
383937
383944
383947
383955
383962
383965
383967
383970
383978
383982
383983
383995
383996
386827
386839
386847
386854
386857
386865
386872
386875
386890
387081
387084
387094
387098
387099
387112
387113
387153
387160
387162
387174
387177
387180
387186
387189
387381
387384
387394
387395
387398
387399
387431
387441
387444
387447
387453
387456
387618
387619
387624
387630
387631
387653
387658
387663
387682
387833
387838
387843
387884
387889
387894
388043
388048
388053
388094
388099
388104
388253
388257
388258
388263
388267
388304
388309
388314
388315
388463
388468
388473
388487
388496
388497
388501
388506
388507
388671
388677
388679
388682
388689
388705
388716
388717
388728
388729
388738
388739
388944
388952
388955
388968
388972
388974
388980
388984
388992
388999
389002
389010
389017
389020
389022
389025
389033
389037
389038
389050
389051
391882
391894
391902
391909
391912
391920
391927
391930
391945
392136
392139
392149
392153
392154
392167
392168
392208
392215
392217
392229
392232
392235
392241
392244
392436
392439
392449
392450
392453
392454
392486
392496
392499
392502
392508
392511
392673
392674
392679
392685
392686
392708
392713
392718
392737
392888
392893
392898
392939
392944
392949
393098
393103
393108
393149
393154
393159
393308
393312
393313
393318
393322
393359
393364
393369
393370
393518
393523
393528
393542
393551
393552
393556
393561
393562
393726
393732
393734
393737
393744
393760
393771
393772
393783
393784
393793
393794
393999
394007
394010
394023
394027
394029
394035
394039
394047
394054
394057
394065
394072
394075
394077
394080
394088
394092
394093
394105
394106
396937
396949
396957
396964
396967
396975
396982
396985
397000
397191
397194
397204
397208
397209
397222
397223
397263
397270
397272
397284
397287
397290
397296
397299
397491
397494
397504
397505
397508
397509
397541
397551
397554
397557
397563
397566
397728
397729
397734
397740
397741
397763
397768
397773
397792
397943
397948
397953
397994
397999
398004
398153
398158
398163
398204
398209
398214
398363
398367
398368
398373
398377
398414
398419
398424
398425
398573
398578
398583
398597
398606
398607
398611
398616
398617
398781
398787
398789
398792
398799
398815
398826
398827
398838
398839
398848
398849
399054
399062
399065
399078
399082
399084
399090
399094
399102
399109
399112
399120
399127
399130
399132
399135
399143
399147
399148
399160
399161
401992
402004
402012
402019
402022
402030
402037
402040
402055
402246
402249
402259
402263
402264
402277
402278
402318
402325
402327
402339
402342
402345
402351
402354
402546
402549
402559
402560
402563
402564
402596
402606
402609
402612
402618
402621
402783
402784
402789
402795
402796
402818
402823
402828
402847
402998
403003
403008
403049
403054
403059
403208
403213
403218
403259
403264
403269
403418
403422
403423
403428
403432
403469
403474
403479
403480
403628
403633
403638
403652
403661
403662
403666
403671
403672
403836
403842
403844
403847
403854
403870
403881
403882
403893
403894
403903
403904
404109
404117
404120
404133
404137
404139
404145
404149
404157
404164
404167
404175
404182
404185
404187
404190
404198
404202
404203
404215
404216
407047
407059
407067
407074
407077
407085
407092
407095
407110
407301
407304
407314
407318
407319
407332
407333
407373
407380
407382
407394
407397
407400
407406
407409
407601
407604
407614
407615
407618
407619
407651
407661
407664
407667
407673
407676
407838
407839
407844
407850
407851
407873
407878
407883
407902
408053
408058
408063
408104
408109
408114
408263
408268
408273
408314
408319
408324
408473
408477
408478
408483
408487
408524
408529
408534
408535
408683
408688
408693
408707
408716
408717
408721
408726
408727
408891
408897
408899
408902
408909
408925
408936
408937
408948
408949
408958
408959
409164
409172
409175
409188
409192
409194
409200
409204
409212
409219
409222
409230
409237
409240
409242
409245
409253
409257
409258
409270
409271
412102
412114
412122
412129
412132
412140
412147
412150
412165
412356
412359
412369
412373
412374
412387
412388
412428
412435
412437
412449
412452
412455
412461
412464
412656
412659
412669
412670
412673
412674
412706
412716
412719
412722
412728
412731
412893
412894
412899
412905
412906
412928
412933
412938
412957
413108
413113
413118
413159
413164
413169
413318
413323
413328
413369
413374
413379
413528
413532
413533
413538
413542
413579
413584
413589
413590
413738
413743
413748
413762
413771
413772
413776
413781
413782
413946
413952
413954
413957
413964
413980
413991
413992
414003
414004
414013
414014
414219
414227
414230
414243
414247
414249
414255
414259
414267
414274
414277
414285
414292
414295
414297
414300
414308
414312
414313
414325
414326
417157
417169
417177
417184
417187
417195
417202
417205
417220
417411
417414
417424
417428
417429
417442
417443
417483
417490
417492
417504
417507
417510
417516
417519
417711
417714
417724
417725
417728
417729
417761
417771
417774
417777
417783
417786
417948
417949
417954
417960
417961
417983
417988
417993
418012
418163
418168
418173
418214
418219
418224
418373
418378
418383
418424
418429
418434
418583
418587
418588
418593
418597
418634
418639
418644
418645
418793
418798
418803
418817
418826
418827
418831
418836
418837
419001
419007
419009
419012
419019
419035
419046
419047
419058
419059
419068
419069
419274
419282
419285
419298
419302
419304
419310
419314
419322
419329
419332
419340
419347
419350
419352
419355
419363
419367
419368
419380
419381
422212
422224
422232
422239
422242
422250
422257
422260
422275
422466
422469
422479
422483
422484
422497
422498
422538
422545
422547
422559
422562
422565
422571
422574
422766
422769
422779
422780
422783
422784
422816
422826
422829
422832
422838
422841
423003
423004
423009
423015
423016
423038
423043
423048
423067
423218
423223
423228
423269
423274
423279
423428
423433
423438
423479
423484
423489
423638
423642
423643
423648
423652
423689
423694
423699
423700
423848
423853
423858
423872
423881
423882
423886
423891
423892
424056
424062
424064
424067
424074
424090
424101
424102
424113
424114
424123
424124
424329
424337
424340
424353
424357
424359
424365
424369
424377
424384
424387
424395
424402
424405
424407
424410
424418
424422
424423
424435
424436
427267
427279
427287
427294
427297
427305
427312
427315
427330
427521
427524
427534
427538
427539
427552
427553
427593
427600
427602
427614
427617
427620
427626
427629
427821
427824
427834
427835
427838
427839
427871
427881
427884
427887
427893
427896
428058
428059
428064
428070
428071
428093
428098
428103
428122
428273
428278
428283
428324
428329
428334
428483
428488
428493
428534
428539
428544
428693
428697
428698
428703
428707
428744
428749
428754
428755
428903
428908
428913
428927
428936
428937
428941
428946
428947
429111
429117
429119
429122
429129
429145
429156
429157
429168
429169
429178
429179
429384
429392
429395
429408
429412
429414
429420
429424
429432
429439
429442
429450
429457
429460
429462
429465
429473
429477
429478
429490
429491
432322
432334
432342
432349
432352
432360
432367
432370
432385
432576
432579
432589
432593
432594
432607
432608
432648
432655
432657
432669
432672
432675
432681
432684
432876
432879
432889
432890
432893
432894
432926
432936
432939
432942
432948
432951
433113
433114
433119
433125
433126
433148
433153
433158
433177
433328
433333
433338
433379
433384
433389
433538
433543
433548
433589
433594
433599
433748
433752
433753
433758
433762
433799
433804
433809
433810
433958
433963
433968
433982
433991
433992
433996
434001
434002
434166
434172
434174
434177
434184
434200
434211
434212
434223
434224
434233
434234
434439
434447
434450
434463
434467
434469
434475
434479
434487
434494
434497
434505
434512
434515
434517
434520
434528
434532
434533
434545
434546
437377
437389
437397
437404
437407
437415
437422
437425
437440
437631
437634
437644
437648
437649
437662
437663
437703
437710
437712
437724
437727
437730
437736
437739
437931
437934
437944
437945
437948
437949
437981
437991
437994
437997
438003
438006
438168
438169
438174
438180
438181
438203
438208
438213
438232
438383
438388
438393
438434
438439
438444
438593
438598
438603
438644
438649
438654
438803
438807
438808
438813
438817
438854
438859
438864
438865
439013
439018
439023
439037
439046
439047
439051
439056
439057
439221
439227
439229
439232
439239
439255
439266
439267
439278
439279
439288
439289
439494
439502
439505
439518
439522
439524
439530
439534
439542
439549
439552
439560
439567
439570
439572
439575
439583
439587
439588
439600
439601
442432
442444
442452
442459
442462
442470
442477
442480
442495
442686
442689
442699
442703
442704
442717
442718
442758
442765
442767
442779
442782
442785
442791
442794
442986
442989
442999
443000
443003
443004
443036
443046
443049
443052
443058
443061
443223
443224
443229
443235
443236
443258
443263
443268
443287
443438
443443
443448
443489
443494
443499
443648
443653
443658
443699
443704
443709
443858
443862
443863
443868
443872
443909
443914
443919
443920
444068
444073
444078
444092
444101
444102
444106
444111
444112
444276
444282
444284
444287
444294
444310
444321
444322
444333
444334
444343
444344
444549
444557
444560
444573
444577
444579
444585
444589
444597
444604
444607
444615
444622
444625
444627
444630
444638
444642
444643
444655
444656
447487
447499
447507
447514
447517
447525
447532
447535
447550
447741
447744
447754
447758
447759
447772
447773
447813
447820
447822
447834
447837
447840
447846
447849
448041
448044
448054
448055
448058
448059
448091
448101
448104
448107
448113
448116
448278
448279
448284
448290
448291
448313
448318
448323
448342
448493
448498
448503
448544
448549
448554
448703
448708
448713
448754
448759
448764
448913
448917
448918
448923
448927
448964
448969
448974
448975
449123
449128
449133
449147
449156
449157
449161
449166
449167
449331
449337
449339
449342
449349
449365
449376
449377
449388
449389
449398
449399
449604
449612
449615
449628
449632
449634
449640
449644
449652
449659
449662
449670
449677
449680
449682
449685
449693
449697
449698
449710
449711
452542
452554
452562
452569
452572
452580
452587
452590
452605
452784
452787
452797
452800
452801
452812
452813
452850
452857
452859
452868
452871
452874
452879
452881
453129
453132
453142
453143
453145
453146
453253
453261
453264
453267
453272
453274
453603
453604
453609
453613
453614
453743
453748
453751
453768
454121
454126
454130
454280
454285
454289
454646
454651
454655
454805
454810
454814
455171
455175
455176
455180
455183
455330
455335
455339
455340
455690
455695
455698
455712
455828
455829
455833
455836
455837
456159
456165
456167
456170
456175
456189
456275
456276
456283
456284
456292
456293
456534
456542
456545
456554
456558
456560
456563
456566
456573
456579
456581
456588
456594
456596
456597
456599
456606
456608
456609
456619
456620
461374
461376
461377
461392
461394
461395
461410
461412
461413
461428
461430
461431
461617
461619
461620
461635
461637
461638
461653
461655
461656
461671
461673
461674
461689
461691
461692
461707
461709
461710
461968
461970
461971
461986
461988
461989
462004
462006
462007
462022
462024
462025
462040
462042
462043
462058
462060
462061
462076
462078
462079
462094
462096
462097
462391
462393
462394
462409
462411
462412
462427
462429
462430
462445
462447
462448
462463
462465
462466
462481
462483
462484
462499
462501
462502
462517
462519
462520
462808
462810
462811
462823
462825
462826
462841
462843
462844
462859
462861
462862
462877
462879
462880
462895
462897
462898
462913
462915
462916
462931
462933
462934
463177
463179
463180
463192
463194
463195
463210
463212
463213
463228
463230
463231
463246
463248
463249
463264
463266
463267
463432
463434
463435
463447
463449
463450
463462
463464
463465
463477
463479
463480
)
;
    flipMap         List<bool> 
4936
(
0
0
1
1
1
1
0
1
1
0
0
1
1
0
0
1
1
0
1
0
1
1
0
0
0
0
1
1
0
0
1
1
1
0
0
0
0
0
1
1
1
1
0
1
1
0
0
1
1
0
0
1
1
0
1
0
1
1
0
0
0
0
1
1
0
0
1
1
1
0
0
0
0
0
1
1
1
1
0
1
1
0
0
1
1
0
0
1
1
0
1
0
1
1
0
0
0
0
1
1
0
0
1
1
1
0
0
0
0
0
1
1
1
1
0
1
1
0
0
1
1
0
0
1
1
0
1
0
1
1
0
0
0
0
1
1
0
0
1
1
1
0
0
0
0
0
1
1
1
1
0
1
1
0
0
1
1
0
0
1
1
0
1
0
1
1
0
0
0
0
1
1
0
0
1
1
1
0
0
0
0
0
1
1
1
1
0
1
1
0
0
1
1
0
0
1
1
0
1
0
1
1
0
0
0
0
1
1
0
0
1
1
1
0
0
0
0
0
1
1
1
1
0
1
1
0
0
1
1
0
0
1
1
0
1
0
1
1
0
0
0
0
1
1
0
0
1
1
1
0
0
0
0
0
1
1
1
1
0
1
1
0
0
1
1
0
0
1
1
0
1
0
1
1
0
0
0
0
1
1
0
0
1
1
1
0
0
0
0
0
1
1
1
1
0
1
1
0
0
1
1
0
0
1
1
0
1
0
1
1
0
0
0
0
1
1
0
0
1
1
1
0
0
0
0
0
1
1
1
1
0
1
1
0
0
1
1
0
0
1
1
0
1
0
1
1
0
0
0
0
1
1
0
0
1
1
1
0
0
0
0
0
1
1
1
1
0
1
1
0
0
1
1
0
0
1
1
0
1
0
1
1
0
0
0
0
1
1
0
0
1
1
1
0
0
0
0
0
1
1
1
1
0
1
1
0
0
1
1
0
0
1
1
0
1
0
1
1
0
0
0
0
1
1
0
0
1
1
1
0
0
0
0
0
1
1
1
1
0
1
1
0
0
1
1
0
0
1
1
0
1
0
1
1
0
0
0
0
1
1
0
0
1
1
1
0
0
0
0
0
1
1
1
1
0
1
1
0
0
1
1
0
0
1
1
0
1
0
1
1
0
0
0
0
1
1
0
0
1
1
1
0
0
0
0
0
1
1
1
1
0
1
1
0
0
1
1
0
0
1
1
0
1
0
1
1
0
0
0
0
1
1
0
0
1
1
1
0
0
0
0
0
1
1
1
1
0
1
1
0
0
1
1
0
0
1
1
0
1
0
1
1
0
0
0
0
1
1
0
0
1
1
1
0
0
0
0
0
1
1
1
1
0
1
1
0
0
1
1
0
0
1
1
0
1
0
1
1
0
0
0
0
1
1
0
0
1
1
1
0
0
0
0
0
1
1
1
1
0
1
1
0
0
1
1
0
0
1
1
0
1
0
1
1
0
0
0
0
1
1
0
0
1
1
1
0
0
0
0
0
1
1
1
1
0
1
1
0
0
1
1
0
0
1
1
0
1
0
1
1
0
0
0
0
1
1
0
0
1
1
1
0
0
0
0
0
1
1
1
1
0
1
1
0
0
1
1
0
0
1
1
0
1
0
1
1
0
0
0
0
1
1
0
0
1
1
1
0
0
0
0
0
1
1
1
1
0
1
1
0
0
1
1
0
0
1
1
0
1
0
1
1
0
0
0
0
1
1
0
0
1
1
1
0
0
0
0
0
1
1
1
1
0
1
1
0
0
1
1
0
0
1
1
0
1
0
1
1
0
0
0
0
1
1
0
0
1
1
1
0
0
0
0
0
1
1
1
1
0
1
1
0
0
1
1
0
0
1
1
0
1
0
1
1
0
0
0
0
1
1
0
0
1
1
1
0
0
0
0
0
1
1
1
1
0
1
1
0
0
1
1
0
0
1
1
0
1
0
1
1
0
0
0
0
1
1
0
0
1
1
1
0
0
0
0
0
1
1
1
1
0
1
1
0
0
1
1
0
0
1
1
0
1
0
1
1
0
0
0
0
1
1
0
0
1
1
1
0
0
0
0
0
1
1
1
1
0
1
1
0
0
1
1
0
0
1
1
0
1
0
1
1
0
0
0
0
1
1
0
0
1
1
1
0
0
0
0
0
1
1
1
1
0
1
1
0
0
1
1
0
0
1
1
0
1
0
1
1
0
0
0
0
1
1
0
0
1
1
1
0
0
0
0
0
1
1
1
1
0
1
1
0
0
1
1
0
0
1
1
0
1
0
1
1
0
0
0
0
1
1
0
0
1
1
1
0
0
0
0
0
1
1
1
1
0
1
1
0
0
1
1
0
0
1
1
0
1
0
1
1
0
0
0
0
1
1
0
0
1
1
1
0
0
0
0
0
1
1
1
1
0
1
1
0
0
1
1
0
0
1
1
0
1
0
1
1
0
0
0
0
1
1
0
0
1
1
1
0
0
0
0
0
1
1
1
1
0
1
1
0
0
1
1
0
0
1
1
0
1
0
1
1
0
0
0
0
1
1
0
0
1
1
1
0
0
0
0
0
1
1
1
1
0
1
1
0
0
1
1
0
0
1
1
0
1
0
1
1
0
0
0
0
1
1
0
0
1
1
1
0
0
0
0
0
1
1
1
1
1
1
1
0
1
1
1
1
1
1
1
1
0
0
1
1
1
1
1
1
1
1
1
1
0
0
1
1
1
1
1
1
1
1
1
1
1
0
1
1
1
1
1
1
1
1
1
1
0
1
1
1
1
1
1
1
1
1
1
1
1
1
1
1
1
1
1
1
0
0
0
0
1
1
1
1
1
1
1
1
1
0
0
1
1
1
1
1
1
1
1
0
0
0
0
0
1
1
1
1
1
1
1
1
1
1
1
1
1
0
1
1
1
1
0
0
0
1
1
1
1
1
1
1
1
1
0
0
0
1
1
1
1
1
1
1
1
0
1
1
1
1
0
1
1
1
1
0
1
1
1
1
0
1
1
1
1
1
1
1
1
1
1
0
1
1
1
1
1
1
1
1
1
1
1
0
1
1
1
1
1
1
1
1
1
1
1
1
1
1
0
0
0
0
0
0
0
0
0
0
0
0
0
0
0
0
0
1
0
1
0
0
1
0
0
0
0
0
0
0
1
1
0
0
1
0
0
0
0
0
0
1
1
1
0
0
0
0
1
1
1
0
0
0
1
1
1
0
1
0
0
1
1
1
1
1
0
0
0
1
1
1
1
1
1
1
0
0
1
0
1
1
1
1
1
1
1
1
0
1
0
1
1
0
1
1
1
1
1
1
1
1
1
1
1
1
1
1
0
0
0
0
0
0
0
0
0
0
0
0
0
0
0
0
0
1
0
1
0
0
1
0
0
0
0
0
0
0
1
1
0
0
1
0
0
0
0
0
0
1
1
1
0
0
0
0
1
1
1
0
0
0
1
1
1
0
1
0
0
1
1
1
1
1
0
0
0
1
1
1
1
1
1
1
0
0
1
0
1
1
1
1
1
1
1
1
0
1
0
1
1
0
1
1
1
1
1
1
1
1
1
1
1
1
1
1
0
0
0
0
0
0
0
0
0
0
0
0
0
0
0
0
0
1
0
1
0
0
1
0
0
0
0
0
0
0
1
1
0
0
1
0
0
0
0
0
0
1
1
1
0
0
0
0
1
1
1
0
0
0
1
1
1
0
1
0
0
1
1
1
1
1
0
0
0
1
1
1
1
1
1
1
0
0
1
0
1
1
1
1
1
1
1
1
0
1
0
1
1
0
1
1
1
1
1
1
1
1
1
1
1
1
1
1
0
0
0
0
0
0
0
0
0
0
0
0
0
0
0
0
0
1
0
1
0
0
1
0
0
0
0
0
0
0
1
1
0
0
1
0
0
0
0
0
0
1
1
1
0
0
0
0
1
1
1
0
0
0
1
1
1
0
1
0
0
1
1
1
1
1
0
0
0
1
1
1
1
1
1
1
0
0
1
0
1
1
1
1
1
1
1
1
0
1
0
1
1
0
1
1
1
1
1
1
1
1
1
1
1
1
1
1
0
0
0
0
0
0
0
0
0
0
0
0
0
0
0
0
0
1
0
1
0
0
1
0
0
0
0
0
0
0
1
1
0
0
1
0
0
0
0
0
0
1
1
1
0
0
0
0
1
1
1
0
0
0
1
1
1
0
1
0
0
1
1
1
1
1
0
0
0
1
1
1
1
1
1
1
0
0
1
0
1
1
1
1
1
1
1
1
0
1
0
1
1
0
1
1
1
1
1
1
1
1
1
1
1
1
1
1
0
0
0
0
0
0
0
0
0
0
0
0
0
0
0
0
0
1
0
1
0
0
1
0
0
0
0
0
0
0
1
1
0
0
1
0
0
0
0
0
0
1
1
1
0
0
0
0
1
1
1
0
0
0
1
1
1
0
1
0
0
1
1
1
1
1
0
0
0
1
1
1
1
1
1
1
0
0
1
0
1
1
1
1
1
1
1
1
0
1
0
1
1
0
1
1
1
1
1
1
1
1
1
1
1
1
1
1
0
0
0
0
0
0
0
0
0
0
0
0
0
0
0
0
0
1
0
1
0
0
1
0
0
0
0
0
0
0
1
1
0
0
1
0
0
0
0
0
0
1
1
1
0
0
0
0
1
1
1
0
0
0
1
1
1
0
1
0
0
1
1
1
1
1
0
0
0
1
1
1
1
1
1
1
0
0
1
0
1
1
1
1
1
1
1
1
0
1
0
1
1
0
1
1
1
1
1
1
1
1
1
1
1
1
1
1
0
0
0
0
0
0
0
0
0
0
0
0
0
0
0
0
0
1
0
1
0
0
1
0
0
0
0
0
0
0
1
1
0
0
1
0
0
0
0
0
0
1
1
1
0
0
0
0
1
1
1
0
0
0
1
1
1
0
1
0
0
1
1
1
1
1
0
0
0
1
1
1
1
1
1
1
0
0
1
0
1
1
1
1
1
1
1
1
0
1
0
1
1
0
1
1
1
1
1
1
1
1
1
1
1
1
1
1
0
0
0
0
0
0
0
0
0
0
0
0
0
0
0
0
0
1
0
1
0
0
1
0
0
0
0
0
0
0
1
1
0
0
1
0
0
0
0
0
0
1
1
1
0
0
0
0
1
1
1
0
0
0
1
1
1
0
1
0
0
1
1
1
1
1
0
0
0
1
1
1
1
1
1
1
0
0
1
0
1
1
1
1
1
1
1
1
0
1
0
1
1
0
1
1
1
1
1
1
1
1
1
1
1
1
1
1
0
0
0
0
0
0
0
0
0
0
0
0
0
0
0
0
0
1
0
1
0
0
1
0
0
0
0
0
0
0
1
1
0
0
1
0
0
0
0
0
0
1
1
1
0
0
0
0
1
1
1
0
0
0
1
1
1
0
1
0
0
1
1
1
1
1
0
0
0
1
1
1
1
1
1
1
0
0
1
0
1
1
1
1
1
1
1
1
0
1
0
1
1
0
1
1
1
1
1
1
1
1
1
1
1
1
1
1
0
0
0
0
0
0
0
0
0
0
0
0
0
0
0
0
0
1
0
1
0
0
1
0
0
0
0
0
0
0
1
1
0
0
1
0
0
0
0
0
0
1
1
1
0
0
0
0
1
1
1
0
0
0
1
1
1
0
1
0
0
1
1
1
1
1
0
0
0
1
1
1
1
1
1
1
0
0
1
0
1
1
1
1
1
1
1
1
0
1
0
1
1
0
1
1
1
1
1
1
1
1
1
1
1
1
1
1
0
0
0
0
0
0
0
0
0
0
0
0
0
0
0
0
0
1
0
1
0
0
1
0
0
0
0
0
0
0
1
1
0
0
1
0
0
0
0
0
0
1
1
1
0
0
0
0
1
1
1
0
0
0
1
1
1
0
1
0
0
1
1
1
1
1
0
0
0
1
1
1
1
1
1
1
0
0
1
0
1
1
1
1
1
1
1
1
0
1
0
1
1
0
1
1
1
1
1
1
1
1
1
1
1
1
1
1
0
0
0
0
0
0
0
0
0
0
0
0
0
0
0
0
0
1
0
1
0
0
1
0
0
0
0
0
0
0
1
1
0
0
1
0
0
0
0
0
0
1
1
1
0
0
0
0
1
1
1
0
0
0
1
1
1
0
1
0
0
1
1
1
1
1
0
0
0
1
1
1
1
1
1
1
0
0
1
0
1
1
1
1
1
1
1
1
0
1
0
1
1
0
1
1
1
1
1
1
1
1
1
1
1
1
1
1
0
0
0
0
0
0
0
0
0
0
0
0
0
0
0
0
0
1
0
1
0
0
1
0
0
0
0
0
0
0
1
1
0
0
1
0
0
0
0
0
0
1
1
1
0
0
0
0
1
1
1
0
0
0
1
1
1
0
1
0
0
1
1
1
1
1
0
0
0
1
1
1
1
1
1
1
0
0
1
0
1
1
1
1
1
1
1
1
0
1
0
1
1
0
1
1
1
1
1
1
1
1
1
1
1
1
1
1
0
0
0
0
0
0
0
0
0
0
0
0
0
0
0
0
0
1
0
1
0
0
1
0
0
0
0
0
0
0
1
1
0
0
1
0
0
0
0
0
0
1
1
1
0
0
0
0
1
1
1
0
0
0
1
1
1
0
1
0
0
1
1
1
1
1
0
0
0
1
1
1
1
1
1
1
0
0
1
0
1
1
1
1
1
1
1
1
0
1
0
1
1
0
1
1
1
1
1
1
1
1
1
1
1
1
1
1
0
0
0
0
0
0
0
0
0
0
0
0
0
0
0
0
0
1
0
1
0
0
1
0
0
0
0
0
0
0
1
1
0
0
1
0
0
0
0
0
0
1
1
1
0
0
0
0
1
1
1
0
0
0
1
1
1
0
1
0
0
1
1
1
1
1
0
0
0
1
1
1
1
1
1
1
0
0
1
0
1
1
1
1
1
1
1
1
0
1
0
1
1
0
1
1
1
1
1
1
1
1
1
1
1
1
1
1
0
0
0
0
0
0
0
0
0
0
0
0
0
0
0
0
0
1
0
1
0
0
1
0
0
0
0
0
0
0
1
1
0
0
1
0
0
0
0
0
0
1
1
1
0
0
0
0
1
1
1
0
0
0
1
1
1
0
1
0
0
1
1
1
1
1
0
0
0
1
1
1
1
1
1
1
0
0
1
0
1
1
1
1
1
1
1
1
0
1
0
1
1
0
1
1
1
1
1
1
1
1
1
1
1
1
1
1
0
0
0
0
0
0
0
0
0
0
0
0
0
0
0
0
0
1
0
1
0
0
1
0
0
0
0
0
0
0
1
1
0
0
1
0
0
0
0
0
0
1
1
1
0
0
0
0
1
1
1
0
0
0
1
1
1
0
1
0
0
1
1
1
1
1
0
0
0
1
1
1
1
1
1
1
0
0
1
0
1
1
1
1
1
1
1
1
0
1
0
1
1
0
1
1
1
1
1
1
1
1
1
1
1
1
1
1
0
0
0
0
0
0
0
0
0
0
0
0
0
0
0
0
0
1
0
1
0
0
1
0
0
0
0
0
0
0
1
1
0
0
1
0
0
0
0
0
0
1
1
1
0
0
0
0
1
1
1
0
0
0
1
1
1
0
1
0
0
1
1
1
1
1
0
0
0
1
1
1
1
1
1
1
0
0
1
0
1
1
1
1
1
1
1
1
0
1
0
1
1
0
1
1
1
1
1
1
1
1
1
1
1
1
1
1
0
0
0
0
0
0
0
0
0
0
0
0
0
0
0
0
0
1
0
1
0
0
1
0
0
0
0
0
0
0
1
1
0
0
1
0
0
0
0
0
0
1
1
1
0
0
0
0
1
1
1
0
0
0
1
1
1
0
1
0
0
1
1
1
1
1
0
0
0
1
1
1
1
1
1
1
0
0
1
0
1
1
1
1
1
1
1
1
0
1
0
1
1
0
1
1
1
1
1
1
1
1
1
1
1
1
1
1
0
0
0
0
0
0
0
0
0
0
0
0
0
0
0
0
0
1
0
1
0
0
1
0
0
0
0
0
0
0
1
1
0
0
1
0
0
0
0
0
0
1
1
1
0
0
0
0
1
1
1
0
0
0
1
1
1
0
1
0
0
1
1
1
1
1
0
0
0
1
1
1
1
1
1
1
0
0
1
0
1
1
1
1
1
1
1
1
0
1
0
1
1
0
1
1
1
1
1
1
1
1
1
1
1
1
1
1
0
0
0
0
0
0
0
0
0
0
0
0
0
0
0
0
0
1
0
1
0
0
1
0
0
0
0
0
0
0
1
1
0
0
1
0
0
0
0
0
0
1
1
1
0
0
0
0
1
1
1
0
0
0
1
1
1
0
1
0
0
1
1
1
1
1
0
0
0
1
1
1
1
1
1
1
0
0
1
0
1
1
1
1
1
1
1
1
0
1
0
1
1
0
1
1
1
1
1
1
1
1
1
1
1
1
1
1
0
0
0
0
0
0
0
0
0
0
0
0
0
0
0
0
0
1
0
1
0
0
1
0
0
0
0
0
0
0
1
1
0
0
1
0
0
0
0
0
0
1
1
1
0
0
0
0
1
1
1
0
0
0
1
1
1
0
1
0
0
1
1
1
1
1
0
0
0
1
1
1
1
1
1
1
0
0
1
0
1
1
1
1
1
1
1
1
0
1
0
1
1
0
1
1
1
1
1
1
1
1
1
1
1
1
1
1
0
0
0
0
0
0
0
0
0
0
0
0
0
0
0
0
0
1
0
1
0
0
1
0
0
0
0
0
0
0
1
1
0
0
1
0
0
0
0
0
0
1
1
1
0
0
0
0
1
1
1
0
0
0
1
1
1
0
1
0
0
1
1
1
1
1
0
0
0
1
1
1
1
1
1
1
0
0
1
0
1
1
1
1
1
1
1
1
0
1
0
1
1
0
1
1
1
1
1
1
1
1
1
1
1
1
1
1
0
0
0
0
0
0
0
0
0
0
0
0
0
0
0
0
0
1
0
1
0
0
1
0
0
0
0
0
0
0
1
1
0
0
1
0
0
0
0
0
0
1
1
1
0
0
0
0
1
1
1
0
0
0
1
1
1
0
1
0
0
1
1
1
1
1
0
0
0
1
1
1
1
1
1
1
0
0
1
0
1
1
1
1
1
1
1
1
0
1
0
1
1
0
1
1
1
1
1
1
1
1
1
1
1
1
1
1
0
0
0
0
0
0
0
0
0
0
0
0
0
0
0
0
0
1
0
1
0
0
1
0
0
0
0
0
0
0
1
1
0
0
1
0
0
0
0
0
0
1
1
1
0
0
0
0
1
1
1
0
0
0
1
1
1
0
1
0
0
1
1
1
1
1
0
0
0
1
1
1
1
1
1
1
0
0
1
0
1
1
1
1
1
1
1
1
0
1
0
1
1
0
1
1
1
1
1
1
1
1
1
1
1
1
1
1
0
0
0
0
0
0
0
0
0
0
0
0
0
0
0
0
0
1
0
1
0
0
1
0
0
0
0
0
0
0
1
1
0
0
1
0
0
0
0
0
0
1
1
1
0
0
0
0
1
1
1
0
0
0
1
1
1
0
1
0
0
1
1
1
1
1
0
0
0
1
1
1
1
1
1
1
0
0
1
0
1
1
1
1
1
1
1
1
0
1
0
1
1
0
1
1
1
1
1
1
1
1
1
1
1
1
1
1
0
0
0
0
0
0
0
0
0
0
0
0
0
0
0
0
0
1
0
1
0
0
1
0
0
0
0
0
0
0
1
1
0
0
1
0
0
0
0
0
0
1
1
1
0
0
0
0
1
1
1
0
0
0
1
1
1
0
1
0
0
1
1
1
1
1
0
0
0
1
1
1
1
1
1
1
0
0
1
0
1
1
1
1
1
1
1
1
0
1
0
1
1
0
1
1
1
1
1
1
1
1
1
1
1
1
1
1
0
0
0
0
0
0
0
0
0
0
0
0
0
0
0
0
0
1
0
1
0
0
1
0
0
0
0
0
0
0
1
1
0
0
1
0
0
0
0
0
0
1
1
1
0
0
0
0
1
1
1
0
0
0
1
1
1
0
1
0
0
1
1
1
1
1
0
0
0
1
1
1
1
1
1
1
0
0
1
0
1
1
1
1
1
1
1
1
0
1
0
1
1
0
1
1
1
1
1
1
1
1
1
1
1
1
1
1
0
0
0
0
0
0
0
0
0
0
0
0
0
0
0
0
0
1
0
1
0
0
1
0
0
0
0
0
0
0
1
1
0
0
1
0
0
0
0
0
0
1
1
1
0
0
0
0
1
1
1
0
0
0
1
1
1
0
1
0
0
1
1
1
1
1
0
0
0
1
1
1
1
1
1
1
0
0
1
0
1
1
1
1
1
1
1
1
0
1
0
1
1
0
1
1
1
1
1
1
1
1
1
1
1
1
1
1
0
0
0
0
0
0
0
0
0
0
0
0
0
0
0
0
0
1
0
1
0
0
1
0
0
0
0
0
0
0
1
1
0
0
1
0
0
0
0
0
0
1
1
1
0
0
0
0
1
1
1
0
0
0
1
1
1
0
1
0
0
1
1
1
1
1
0
0
0
1
1
1
1
1
1
1
0
0
1
0
1
1
1
1
1
1
1
1
0
1
0
1
1
0
1
1
1
1
1
1
1
1
1
1
1
1
1
1
0
0
0
0
0
0
0
0
0
0
0
0
0
0
0
0
0
1
0
1
0
0
1
0
0
0
0
0
0
0
1
1
0
0
1
0
0
0
0
0
0
1
1
1
0
0
0
0
1
1
1
0
0
0
1
1
1
0
1
0
0
1
1
1
1
1
0
0
0
1
1
1
1
1
1
1
0
0
1
0
1
1
1
1
1
1
1
1
0
1
0
1
1
0
1
1
1
1
1
1
1
1
1
1
1
1
1
1
1
1
1
1
1
1
1
1
1
1
1
1
1
1
1
1
1
1
1
1
1
1
1
1
1
1
1
1
1
1
1
1
1
1
1
1
1
1
1
1
1
1
1
1
1
1
1
1
1
1
1
1
1
1
1
1
1
1
1
1
1
1
1
1
1
1
1
1
1
1
1
1
1
1
1
1
1
1
1
1
1
1
1
1
1
1
1
1
1
1
1
1
1
1
1
1
1
1
1
1
1
1
1
1
1
1
1
1
1
1
1
1
1
1
1
1
1
1
1
1
1
1
1
1
1
1
1
1
1
1
1
1
)
;
}
fluid_to_cell2
{
    type            faceZone;
    faceLabels      List<label> 
4936
(
867
868
870
875
880
882
887
1210
1211
1250
1252
1572
1573
1622
1906
1943
1945
2226
2265
2547
2586
2898
2943
2944
3250
3251
3291
3292
3612
3613
3619
3637
3638
3984
3989
3994
8711
8712
8715
8721
8727
8729
8735
9078
9079
9122
9124
9455
9456
9507
9801
9841
9843
10135
10177
10470
10512
10835
10882
10883
11207
11208
11253
11254
11593
11594
11601
11623
11624
11986
11992
11998
16896
16897
16900
16906
16912
16914
16920
17263
17264
17307
17309
17640
17641
17692
17986
18026
18028
18320
18362
18655
18697
19020
19067
19068
19392
19393
19438
19439
19778
19779
19786
19808
19809
20171
20177
20183
25081
25082
25085
25091
25097
25099
25105
25448
25449
25492
25494
25825
25826
25877
26171
26211
26213
26505
26547
26840
26882
27205
27252
27253
27577
27578
27623
27624
27963
27964
27971
27993
27994
28356
28362
28368
33266
33267
33270
33276
33282
33284
33290
33633
33634
33677
33679
34010
34011
34062
34356
34396
34398
34690
34732
35025
35067
35390
35437
35438
35762
35763
35808
35809
36148
36149
36156
36178
36179
36541
36547
36553
41451
41452
41455
41461
41467
41469
41475
41818
41819
41862
41864
42195
42196
42247
42541
42581
42583
42875
42917
43210
43252
43575
43622
43623
43947
43948
43993
43994
44333
44334
44341
44363
44364
44726
44732
44738
49636
49637
49640
49646
49652
49654
49660
50003
50004
50047
50049
50380
50381
50432
50726
50766
50768
51060
51102
51395
51437
51760
51807
51808
52132
52133
52178
52179
52518
52519
52526
52548
52549
52911
52917
52923
57821
57822
57825
57831
57837
57839
57845
58188
58189
58232
58234
58565
58566
58617
58911
58951
58953
59245
59287
59580
59622
59945
59992
59993
60317
60318
60363
60364
60703
60704
60711
60733
60734
61096
61102
61108
66006
66007
66010
66016
66022
66024
66030
66373
66374
66417
66419
66750
66751
66802
67096
67136
67138
67430
67472
67765
67807
68130
68177
68178
68502
68503
68548
68549
68888
68889
68896
68918
68919
69281
69287
69293
74191
74192
74195
74201
74207
74209
74215
74558
74559
74602
74604
74935
74936
74987
75281
75321
75323
75615
75657
75950
75992
76315
76362
76363
76687
76688
76733
76734
77073
77074
77081
77103
77104
77466
77472
77478
82376
82377
82380
82386
82392
82394
82400
82743
82744
82787
82789
83120
83121
83172
83466
83506
83508
83800
83842
84135
84177
84500
84547
84548
84872
84873
84918
84919
85258
85259
85266
85288
85289
85651
85657
85663
90561
90562
90565
90571
90577
90579
90585
90928
90929
90972
90974
91305
91306
91357
91651
91691
91693
91985
92027
92320
92362
92685
92732
92733
93057
93058
93103
93104
93443
93444
93451
93473
93474
93836
93842
93848
98746
98747
98750
98756
98762
98764
98770
99113
99114
99157
99159
99490
99491
99542
99836
99876
99878
100170
100212
100505
100547
100870
100917
100918
101242
101243
101288
101289
101628
101629
101636
101658
101659
102021
102027
102033
106931
106932
106935
106941
106947
106949
106955
107298
107299
107342
107344
107675
107676
107727
108021
108061
108063
108355
108397
108690
108732
109055
109102
109103
109427
109428
109473
109474
109813
109814
109821
109843
109844
110206
110212
110218
115116
115117
115120
115126
115132
115134
115140
115483
115484
115527
115529
115860
115861
115912
116206
116246
116248
116540
116582
116875
116917
117240
117287
117288
117612
117613
117658
117659
117998
117999
118006
118028
118029
118391
118397
118403
123301
123302
123305
123311
123317
123319
123325
123668
123669
123712
123714
124045
124046
124097
124391
124431
124433
124725
124767
125060
125102
125425
125472
125473
125797
125798
125843
125844
126183
126184
126191
126213
126214
126576
126582
126588
131486
131487
131490
131496
131502
131504
131510
131853
131854
131897
131899
132230
132231
132282
132576
132616
132618
132910
132952
133245
133287
133610
133657
133658
133982
133983
134028
134029
134368
134369
134376
134398
134399
134761
134767
134773
139671
139672
139675
139681
139687
139689
139695
140038
140039
140082
140084
140415
140416
140467
140761
140801
140803
141095
141137
141430
141472
141795
141842
141843
142167
142168
142213
142214
142553
142554
142561
142583
142584
142946
142952
142958
147856
147857
147860
147866
147872
147874
147880
148223
148224
148267
148269
148600
148601
148652
148946
148986
148988
149280
149322
149615
149657
149980
150027
150028
150352
150353
150398
150399
150738
150739
150746
150768
150769
151131
151137
151143
156041
156042
156045
156051
156057
156059
156065
156408
156409
156452
156454
156785
156786
156837
157131
157171
157173
157465
157507
157800
157842
158165
158212
158213
158537
158538
158583
158584
158923
158924
158931
158953
158954
159316
159322
159328
164226
164227
164230
164236
164242
164244
164250
164593
164594
164637
164639
164970
164971
165022
165316
165356
165358
165650
165692
165985
166027
166350
166397
166398
166722
166723
166768
166769
167108
167109
167116
167138
167139
167501
167507
167513
172411
172412
172415
172421
172427
172429
172435
172778
172779
172822
172824
173155
173156
173207
173501
173541
173543
173835
173877
174170
174212
174535
174582
174583
174907
174908
174953
174954
175293
175294
175301
175323
175324
175686
175692
175698
180596
180597
180600
180606
180612
180614
180620
180963
180964
181007
181009
181340
181341
181392
181686
181726
181728
182020
182062
182355
182397
182720
182767
182768
183092
183093
183138
183139
183478
183479
183486
183508
183509
183871
183877
183883
188781
188782
188785
188791
188797
188799
188805
189148
189149
189192
189194
189525
189526
189577
189871
189911
189913
190205
190247
190540
190582
190905
190952
190953
191277
191278
191323
191324
191663
191664
191671
191693
191694
192056
192062
192068
196966
196967
196970
196976
196982
196984
196990
197333
197334
197377
197379
197710
197711
197762
198056
198096
198098
198390
198432
198725
198767
199090
199137
199138
199462
199463
199508
199509
199848
199849
199856
199878
199879
200241
200247
200253
205151
205152
205155
205161
205167
205169
205175
205518
205519
205562
205564
205895
205896
205947
206241
206281
206283
206575
206617
206910
206952
207275
207322
207323
207647
207648
207693
207694
208033
208034
208041
208063
208064
208426
208432
208438
213336
213337
213340
213346
213352
213354
213360
213703
213704
213747
213749
214080
214081
214132
214426
214466
214468
214760
214802
215095
215137
215460
215507
215508
215832
215833
215878
215879
216218
216219
216226
216248
216249
216611
216617
216623
221521
221522
221525
221531
221537
221539
221545
221888
221889
221932
221934
222265
222266
222317
222611
222651
222653
222945
222987
223280
223322
223645
223692
223693
224017
224018
224063
224064
224403
224404
224411
224433
224434
224796
224802
224808
229706
229707
229710
229716
229722
229724
229730
230073
230074
230117
230119
230450
230451
230502
230796
230836
230838
231130
231172
231465
231507
231830
231877
231878
232202
232203
232248
232249
232588
232589
232596
232618
232619
232981
232987
232993
237891
237892
237895
237901
237907
237909
237915
238258
238259
238302
238304
238635
238636
238687
238981
239021
239023
239315
239357
239650
239692
240015
240062
240063
240387
240388
240433
240434
240773
240774
240781
240803
240804
241166
241172
241178
246076
246077
246080
246086
246092
246094
246100
246455
246456
246505
246507
246874
246875
246944
247274
247332
247334
247662
247722
248051
248111
248470
248535
248536
248872
248873
248924
248925
249264
249265
249272
249294
249295
249657
249663
249669
254873
254874
254877
254883
254889
254891
254897
255220
255221
255254
255256
255567
255568
255609
255915
255961
255963
256267
256315
256620
256668
256979
257020
257021
257337
257338
257379
257380
257723
257724
257732
257755
257756
258118
258124
258130
262996
262997
263004
263006
263010
263012
263014
263016
263018
263021
263348
263349
263352
263359
263365
263371
263377
263381
263384
263386
263709
263710
263713
263720
263726
263732
263738
263744
263750
263754
263757
264075
264084
264090
264096
264102
264108
264114
264120
264126
264127
264128
264130
264445
264454
264460
264466
264472
264478
264484
264490
264496
264498
264500
264816
264825
264831
264837
264843
264849
264855
264861
264867
264869
264871
265192
265195
265203
265209
265215
265221
265227
265233
265236
265240
265241
265561
265562
265570
265578
265584
265590
265596
265599
265605
265606
265607
265949
265950
265957
265958
265964
265970
265976
265981
265982
265983
266344
266350
266356
291210
291214
291218
291238
291240
291242
291244
291262
291264
291266
291268
291286
291288
291290
291292
291309
291314
291316
291337
291338
291341
291549
291553
291557
291577
291580
291582
291598
291601
291604
291625
291626
291629
291827
291828
291841
291844
291846
291862
291865
291868
291869
291997
291999
292002
292020
292021
292135
292137
292140
292158
292159
292273
292275
292278
292279
292296
292297
292498
292510
292514
292516
292534
292538
292541
292542
292543
292767
292768
292775
292792
292796
292798
292816
292820
292823
292824
292825
293145
293146
293170
293173
293176
293179
293194
293198
293200
293202
293218
293222
293224
293226
293241
293242
293245
293246
295912
295924
295932
295939
295942
295950
295957
295960
295975
296202
296205
296215
296219
296220
296233
296234
296274
296281
296283
296295
296298
296301
296307
296310
296469
296472
296482
296483
296486
296487
296519
296529
296532
296535
296541
296544
296703
296704
296709
296715
296716
296738
296743
296748
296765
296912
296917
296922
296963
296968
296973
297122
297127
297132
297173
297178
297183
297332
297336
297337
297342
297346
297383
297388
297393
297394
297542
297547
297552
297566
297575
297576
297580
297585
297586
297759
297765
297767
297770
297777
297793
297804
297805
297816
297817
297826
297827
298071
298079
298082
298095
298099
298101
298107
298111
298119
298126
298129
298137
298144
298147
298149
298152
298160
298164
298165
298177
298178
300967
300979
300987
300994
300997
301005
301012
301015
301030
301257
301260
301270
301274
301275
301288
301289
301329
301336
301338
301350
301353
301356
301362
301365
301524
301527
301537
301538
301541
301542
301574
301584
301587
301590
301596
301599
301758
301759
301764
301770
301771
301793
301798
301803
301820
301967
301972
301977
302018
302023
302028
302177
302182
302187
302228
302233
302238
302387
302391
302392
302397
302401
302438
302443
302448
302449
302597
302602
302607
302621
302630
302631
302635
302640
302641
302814
302820
302822
302825
302832
302848
302859
302860
302871
302872
302881
302882
303126
303134
303137
303150
303154
303156
303162
303166
303174
303181
303184
303192
303199
303202
303204
303207
303215
303219
303220
303232
303233
306022
306034
306042
306049
306052
306060
306067
306070
306085
306312
306315
306325
306329
306330
306343
306344
306384
306391
306393
306405
306408
306411
306417
306420
306579
306582
306592
306593
306596
306597
306629
306639
306642
306645
306651
306654
306813
306814
306819
306825
306826
306848
306853
306858
306875
307022
307027
307032
307073
307078
307083
307232
307237
307242
307283
307288
307293
307442
307446
307447
307452
307456
307493
307498
307503
307504
307652
307657
307662
307676
307685
307686
307690
307695
307696
307869
307875
307877
307880
307887
307903
307914
307915
307926
307927
307936
307937
308181
308189
308192
308205
308209
308211
308217
308221
308229
308236
308239
308247
308254
308257
308259
308262
308270
308274
308275
308287
308288
311077
311089
311097
311104
311107
311115
311122
311125
311140
311367
311370
311380
311384
311385
311398
311399
311439
311446
311448
311460
311463
311466
311472
311475
311634
311637
311647
311648
311651
311652
311684
311694
311697
311700
311706
311709
311868
311869
311874
311880
311881
311903
311908
311913
311930
312077
312082
312087
312128
312133
312138
312287
312292
312297
312338
312343
312348
312497
312501
312502
312507
312511
312548
312553
312558
312559
312707
312712
312717
312731
312740
312741
312745
312750
312751
312924
312930
312932
312935
312942
312958
312969
312970
312981
312982
312991
312992
313236
313244
313247
313260
313264
313266
313272
313276
313284
313291
313294
313302
313309
313312
313314
313317
313325
313329
313330
313342
313343
316132
316144
316152
316159
316162
316170
316177
316180
316195
316422
316425
316435
316439
316440
316453
316454
316494
316501
316503
316515
316518
316521
316527
316530
316689
316692
316702
316703
316706
316707
316739
316749
316752
316755
316761
316764
316923
316924
316929
316935
316936
316958
316963
316968
316985
317132
317137
317142
317183
317188
317193
317342
317347
317352
317393
317398
317403
317552
317556
317557
317562
317566
317603
317608
317613
317614
317762
317767
317772
317786
317795
317796
317800
317805
317806
317979
317985
317987
317990
317997
318013
318024
318025
318036
318037
318046
318047
318291
318299
318302
318315
318319
318321
318327
318331
318339
318346
318349
318357
318364
318367
318369
318372
318380
318384
318385
318397
318398
321187
321199
321207
321214
321217
321225
321232
321235
321250
321477
321480
321490
321494
321495
321508
321509
321549
321556
321558
321570
321573
321576
321582
321585
321744
321747
321757
321758
321761
321762
321794
321804
321807
321810
321816
321819
321978
321979
321984
321990
321991
322013
322018
322023
322040
322187
322192
322197
322238
322243
322248
322397
322402
322407
322448
322453
322458
322607
322611
322612
322617
322621
322658
322663
322668
322669
322817
322822
322827
322841
322850
322851
322855
322860
322861
323034
323040
323042
323045
323052
323068
323079
323080
323091
323092
323101
323102
323346
323354
323357
323370
323374
323376
323382
323386
323394
323401
323404
323412
323419
323422
323424
323427
323435
323439
323440
323452
323453
326242
326254
326262
326269
326272
326280
326287
326290
326305
326532
326535
326545
326549
326550
326563
326564
326604
326611
326613
326625
326628
326631
326637
326640
326799
326802
326812
326813
326816
326817
326849
326859
326862
326865
326871
326874
327033
327034
327039
327045
327046
327068
327073
327078
327095
327242
327247
327252
327293
327298
327303
327452
327457
327462
327503
327508
327513
327662
327666
327667
327672
327676
327713
327718
327723
327724
327872
327877
327882
327896
327905
327906
327910
327915
327916
328089
328095
328097
328100
328107
328123
328134
328135
328146
328147
328156
328157
328401
328409
328412
328425
328429
328431
328437
328441
328449
328456
328459
328467
328474
328477
328479
328482
328490
328494
328495
328507
328508
331297
331309
331317
331324
331327
331335
331342
331345
331360
331587
331590
331600
331604
331605
331618
331619
331659
331666
331668
331680
331683
331686
331692
331695
331854
331857
331867
331868
331871
331872
331904
331914
331917
331920
331926
331929
332088
332089
332094
332100
332101
332123
332128
332133
332150
332297
332302
332307
332348
332353
332358
332507
332512
332517
332558
332563
332568
332717
332721
332722
332727
332731
332768
332773
332778
332779
332927
332932
332937
332951
332960
332961
332965
332970
332971
333144
333150
333152
333155
333162
333178
333189
333190
333201
333202
333211
333212
333456
333464
333467
333480
333484
333486
333492
333496
333504
333511
333514
333522
333529
333532
333534
333537
333545
333549
333550
333562
333563
336352
336364
336372
336379
336382
336390
336397
336400
336415
336642
336645
336655
336659
336660
336673
336674
336714
336721
336723
336735
336738
336741
336747
336750
336909
336912
336922
336923
336926
336927
336959
336969
336972
336975
336981
336984
337143
337144
337149
337155
337156
337178
337183
337188
337205
337352
337357
337362
337403
337408
337413
337562
337567
337572
337613
337618
337623
337772
337776
337777
337782
337786
337823
337828
337833
337834
337982
337987
337992
338006
338015
338016
338020
338025
338026
338199
338205
338207
338210
338217
338233
338244
338245
338256
338257
338266
338267
338511
338519
338522
338535
338539
338541
338547
338551
338559
338566
338569
338577
338584
338587
338589
338592
338600
338604
338605
338617
338618
341407
341419
341427
341434
341437
341445
341452
341455
341470
341697
341700
341710
341714
341715
341728
341729
341769
341776
341778
341790
341793
341796
341802
341805
341964
341967
341977
341978
341981
341982
342014
342024
342027
342030
342036
342039
342198
342199
342204
342210
342211
342233
342238
342243
342260
342407
342412
342417
342458
342463
342468
342617
342622
342627
342668
342673
342678
342827
342831
342832
342837
342841
342878
342883
342888
342889
343037
343042
343047
343061
343070
343071
343075
343080
343081
343254
343260
343262
343265
343272
343288
343299
343300
343311
343312
343321
343322
343566
343574
343577
343590
343594
343596
343602
343606
343614
343621
343624
343632
343639
343642
343644
343647
343655
343659
343660
343672
343673
346462
346474
346482
346489
346492
346500
346507
346510
346525
346752
346755
346765
346769
346770
346783
346784
346824
346831
346833
346845
346848
346851
346857
346860
347019
347022
347032
347033
347036
347037
347069
347079
347082
347085
347091
347094
347253
347254
347259
347265
347266
347288
347293
347298
347315
347462
347467
347472
347513
347518
347523
347672
347677
347682
347723
347728
347733
347882
347886
347887
347892
347896
347933
347938
347943
347944
348092
348097
348102
348116
348125
348126
348130
348135
348136
348309
348315
348317
348320
348327
348343
348354
348355
348366
348367
348376
348377
348621
348629
348632
348645
348649
348651
348657
348661
348669
348676
348679
348687
348694
348697
348699
348702
348710
348714
348715
348727
348728
351517
351529
351537
351544
351547
351555
351562
351565
351580
351807
351810
351820
351824
351825
351838
351839
351879
351886
351888
351900
351903
351906
351912
351915
352074
352077
352087
352088
352091
352092
352124
352134
352137
352140
352146
352149
352308
352309
352314
352320
352321
352343
352348
352353
352370
352517
352522
352527
352568
352573
352578
352727
352732
352737
352778
352783
352788
352937
352941
352942
352947
352951
352988
352993
352998
352999
353147
353152
353157
353171
353180
353181
353185
353190
353191
353364
353370
353372
353375
353382
353398
353409
353410
353421
353422
353431
353432
353676
353684
353687
353700
353704
353706
353712
353716
353724
353731
353734
353742
353749
353752
353754
353757
353765
353769
353770
353782
353783
356572
356584
356592
356599
356602
356610
356617
356620
356635
356862
356865
356875
356879
356880
356893
356894
356934
356941
356943
356955
356958
356961
356967
356970
357129
357132
357142
357143
357146
357147
357179
357189
357192
357195
357201
357204
357363
357364
357369
357375
357376
357398
357403
357408
357425
357572
357577
357582
357623
357628
357633
357782
357787
357792
357833
357838
357843
357992
357996
357997
358002
358006
358043
358048
358053
358054
358202
358207
358212
358226
358235
358236
358240
358245
358246
358419
358425
358427
358430
358437
358453
358464
358465
358476
358477
358486
358487
358731
358739
358742
358755
358759
358761
358767
358771
358779
358786
358789
358797
358804
358807
358809
358812
358820
358824
358825
358837
358838
361627
361639
361647
361654
361657
361665
361672
361675
361690
361917
361920
361930
361934
361935
361948
361949
361989
361996
361998
362010
362013
362016
362022
362025
362184
362187
362197
362198
362201
362202
362234
362244
362247
362250
362256
362259
362418
362419
362424
362430
362431
362453
362458
362463
362480
362627
362632
362637
362678
362683
362688
362837
362842
362847
362888
362893
362898
363047
363051
363052
363057
363061
363098
363103
363108
363109
363257
363262
363267
363281
363290
363291
363295
363300
363301
363474
363480
363482
363485
363492
363508
363519
363520
363531
363532
363541
363542
363786
363794
363797
363810
363814
363816
363822
363826
363834
363841
363844
363852
363859
363862
363864
363867
363875
363879
363880
363892
363893
366682
366694
366702
366709
366712
366720
366727
366730
366745
366972
366975
366985
366989
366990
367003
367004
367044
367051
367053
367065
367068
367071
367077
367080
367239
367242
367252
367253
367256
367257
367289
367299
367302
367305
367311
367314
367473
367474
367479
367485
367486
367508
367513
367518
367535
367682
367687
367692
367733
367738
367743
367892
367897
367902
367943
367948
367953
368102
368106
368107
368112
368116
368153
368158
368163
368164
368312
368317
368322
368336
368345
368346
368350
368355
368356
368529
368535
368537
368540
368547
368563
368574
368575
368586
368587
368596
368597
368841
368849
368852
368865
368869
368871
368877
368881
368889
368896
368899
368907
368914
368917
368919
368922
368930
368934
368935
368947
368948
371737
371749
371757
371764
371767
371775
371782
371785
371800
372027
372030
372040
372044
372045
372058
372059
372099
372106
372108
372120
372123
372126
372132
372135
372294
372297
372307
372308
372311
372312
372344
372354
372357
372360
372366
372369
372528
372529
372534
372540
372541
372563
372568
372573
372590
372737
372742
372747
372788
372793
372798
372947
372952
372957
372998
373003
373008
373157
373161
373162
373167
373171
373208
373213
373218
373219
373367
373372
373377
373391
373400
373401
373405
373410
373411
373584
373590
373592
373595
373602
373618
373629
373630
373641
373642
373651
373652
373896
373904
373907
373920
373924
373926
373932
373936
373944
373951
373954
373962
373969
373972
373974
373977
373985
373989
373990
374002
374003
376792
376804
376812
376819
376822
376830
376837
376840
376855
377082
377085
377095
377099
377100
377113
377114
377154
377161
377163
377175
377178
377181
377187
377190
377349
377352
377362
377363
377366
377367
377399
377409
377412
377415
377421
377424
377583
377584
377589
377595
377596
377618
377623
377628
377645
377792
377797
377802
377843
377848
377853
378002
378007
378012
378053
378058
378063
378212
378216
378217
378222
378226
378263
378268
378273
378274
378422
378427
378432
378446
378455
378456
378460
378465
378466
378639
378645
378647
378650
378657
378673
378684
378685
378696
378697
378706
378707
378951
378959
378962
378975
378979
378981
378987
378991
378999
379006
379009
379017
379024
379027
379029
379032
379040
379044
379045
379057
379058
381847
381859
381867
381874
381877
381885
381892
381895
381910
382137
382140
382150
382154
382155
382168
382169
382209
382216
382218
382230
382233
382236
382242
382245
382404
382407
382417
382418
382421
382422
382454
382464
382467
382470
382476
382479
382638
382639
382644
382650
382651
382673
382678
382683
382700
382847
382852
382857
382898
382903
382908
383057
383062
383067
383108
383113
383118
383267
383271
383272
383277
383281
383318
383323
383328
383329
383477
383482
383487
383501
383510
383511
383515
383520
383521
383694
383700
383702
383705
383712
383728
383739
383740
383751
383752
383761
383762
384006
384014
384017
384030
384034
384036
384042
384046
384054
384061
384064
384072
384079
384082
384084
384087
384095
384099
384100
384112
384113
386902
386914
386922
386929
386932
386940
386947
386950
386965
387192
387195
387205
387209
387210
387223
387224
387264
387271
387273
387285
387288
387291
387297
387300
387459
387462
387472
387473
387476
387477
387509
387519
387522
387525
387531
387534
387693
387694
387699
387705
387706
387728
387733
387738
387755
387902
387907
387912
387953
387958
387963
388112
388117
388122
388163
388168
388173
388322
388326
388327
388332
388336
388373
388378
388383
388384
388532
388537
388542
388556
388565
388566
388570
388575
388576
388749
388755
388757
388760
388767
388783
388794
388795
388806
388807
388816
388817
389061
389069
389072
389085
389089
389091
389097
389101
389109
389116
389119
389127
389134
389137
389139
389142
389150
389154
389155
389167
389168
391957
391969
391977
391984
391987
391995
392002
392005
392020
392247
392250
392260
392264
392265
392278
392279
392319
392326
392328
392340
392343
392346
392352
392355
392514
392517
392527
392528
392531
392532
392564
392574
392577
392580
392586
392589
392748
392749
392754
392760
392761
392783
392788
392793
392810
392957
392962
392967
393008
393013
393018
393167
393172
393177
393218
393223
393228
393377
393381
393382
393387
393391
393428
393433
393438
393439
393587
393592
393597
393611
393620
393621
393625
393630
393631
393804
393810
393812
393815
393822
393838
393849
393850
393861
393862
393871
393872
394116
394124
394127
394140
394144
394146
394152
394156
394164
394171
394174
394182
394189
394192
394194
394197
394205
394209
394210
394222
394223
397012
397024
397032
397039
397042
397050
397057
397060
397075
397302
397305
397315
397319
397320
397333
397334
397374
397381
397383
397395
397398
397401
397407
397410
397569
397572
397582
397583
397586
397587
397619
397629
397632
397635
397641
397644
397803
397804
397809
397815
397816
397838
397843
397848
397865
398012
398017
398022
398063
398068
398073
398222
398227
398232
398273
398278
398283
398432
398436
398437
398442
398446
398483
398488
398493
398494
398642
398647
398652
398666
398675
398676
398680
398685
398686
398859
398865
398867
398870
398877
398893
398904
398905
398916
398917
398926
398927
399171
399179
399182
399195
399199
399201
399207
399211
399219
399226
399229
399237
399244
399247
399249
399252
399260
399264
399265
399277
399278
402067
402079
402087
402094
402097
402105
402112
402115
402130
402357
402360
402370
402374
402375
402388
402389
402429
402436
402438
402450
402453
402456
402462
402465
402624
402627
402637
402638
402641
402642
402674
402684
402687
402690
402696
402699
402858
402859
402864
402870
402871
402893
402898
402903
402920
403067
403072
403077
403118
403123
403128
403277
403282
403287
403328
403333
403338
403487
403491
403492
403497
403501
403538
403543
403548
403549
403697
403702
403707
403721
403730
403731
403735
403740
403741
403914
403920
403922
403925
403932
403948
403959
403960
403971
403972
403981
403982
404226
404234
404237
404250
404254
404256
404262
404266
404274
404281
404284
404292
404299
404302
404304
404307
404315
404319
404320
404332
404333
407122
407134
407142
407149
407152
407160
407167
407170
407185
407412
407415
407425
407429
407430
407443
407444
407484
407491
407493
407505
407508
407511
407517
407520
407679
407682
407692
407693
407696
407697
407729
407739
407742
407745
407751
407754
407913
407914
407919
407925
407926
407948
407953
407958
407975
408122
408127
408132
408173
408178
408183
408332
408337
408342
408383
408388
408393
408542
408546
408547
408552
408556
408593
408598
408603
408604
408752
408757
408762
408776
408785
408786
408790
408795
408796
408969
408975
408977
408980
408987
409003
409014
409015
409026
409027
409036
409037
409281
409289
409292
409305
409309
409311
409317
409321
409329
409336
409339
409347
409354
409357
409359
409362
409370
409374
409375
409387
409388
412177
412189
412197
412204
412207
412215
412222
412225
412240
412467
412470
412480
412484
412485
412498
412499
412539
412546
412548
412560
412563
412566
412572
412575
412734
412737
412747
412748
412751
412752
412784
412794
412797
412800
412806
412809
412968
412969
412974
412980
412981
413003
413008
413013
413030
413177
413182
413187
413228
413233
413238
413387
413392
413397
413438
413443
413448
413597
413601
413602
413607
413611
413648
413653
413658
413659
413807
413812
413817
413831
413840
413841
413845
413850
413851
414024
414030
414032
414035
414042
414058
414069
414070
414081
414082
414091
414092
414336
414344
414347
414360
414364
414366
414372
414376
414384
414391
414394
414402
414409
414412
414414
414417
414425
414429
414430
414442
414443
417232
417244
417252
417259
417262
417270
417277
417280
417295
417522
417525
417535
417539
417540
417553
417554
417594
417601
417603
417615
417618
417621
417627
417630
417789
417792
417802
417803
417806
417807
417839
417849
417852
417855
417861
417864
418023
418024
418029
418035
418036
418058
418063
418068
418085
418232
418237
418242
418283
418288
418293
418442
418447
418452
418493
418498
418503
418652
418656
418657
418662
418666
418703
418708
418713
418714
418862
418867
418872
418886
418895
418896
418900
418905
418906
419079
419085
419087
419090
419097
419113
419124
419125
419136
419137
419146
419147
419391
419399
419402
419415
419419
419421
419427
419431
419439
419446
419449
419457
419464
419467
419469
419472
419480
419484
419485
419497
419498
422287
422299
422307
422314
422317
422325
422332
422335
422350
422577
422580
422590
422594
422595
422608
422609
422649
422656
422658
422670
422673
422676
422682
422685
422844
422847
422857
422858
422861
422862
422894
422904
422907
422910
422916
422919
423078
423079
423084
423090
423091
423113
423118
423123
423140
423287
423292
423297
423338
423343
423348
423497
423502
423507
423548
423553
423558
423707
423711
423712
423717
423721
423758
423763
423768
423769
423917
423922
423927
423941
423950
423951
423955
423960
423961
424134
424140
424142
424145
424152
424168
424179
424180
424191
424192
424201
424202
424446
424454
424457
424470
424474
424476
424482
424486
424494
424501
424504
424512
424519
424522
424524
424527
424535
424539
424540
424552
424553
427342
427354
427362
427369
427372
427380
427387
427390
427405
427632
427635
427645
427649
427650
427663
427664
427704
427711
427713
427725
427728
427731
427737
427740
427899
427902
427912
427913
427916
427917
427949
427959
427962
427965
427971
427974
428133
428134
428139
428145
428146
428168
428173
428178
428195
428342
428347
428352
428393
428398
428403
428552
428557
428562
428603
428608
428613
428762
428766
428767
428772
428776
428813
428818
428823
428824
428972
428977
428982
428996
429005
429006
429010
429015
429016
429189
429195
429197
429200
429207
429223
429234
429235
429246
429247
429256
429257
429501
429509
429512
429525
429529
429531
429537
429541
429549
429556
429559
429567
429574
429577
429579
429582
429590
429594
429595
429607
429608
432397
432409
432417
432424
432427
432435
432442
432445
432460
432687
432690
432700
432704
432705
432718
432719
432759
432766
432768
432780
432783
432786
432792
432795
432954
432957
432967
432968
432971
432972
433004
433014
433017
433020
433026
433029
433188
433189
433194
433200
433201
433223
433228
433233
433250
433397
433402
433407
433448
433453
433458
433607
433612
433617
433658
433663
433668
433817
433821
433822
433827
433831
433868
433873
433878
433879
434027
434032
434037
434051
434060
434061
434065
434070
434071
434244
434250
434252
434255
434262
434278
434289
434290
434301
434302
434311
434312
434556
434564
434567
434580
434584
434586
434592
434596
434604
434611
434614
434622
434629
434632
434634
434637
434645
434649
434650
434662
434663
437452
437464
437472
437479
437482
437490
437497
437500
437515
437742
437745
437755
437759
437760
437773
437774
437814
437821
437823
437835
437838
437841
437847
437850
438009
438012
438022
438023
438026
438027
438059
438069
438072
438075
438081
438084
438243
438244
438249
438255
438256
438278
438283
438288
438305
438452
438457
438462
438503
438508
438513
438662
438667
438672
438713
438718
438723
438872
438876
438877
438882
438886
438923
438928
438933
438934
439082
439087
439092
439106
439115
439116
439120
439125
439126
439299
439305
439307
439310
439317
439333
439344
439345
439356
439357
439366
439367
439611
439619
439622
439635
439639
439641
439647
439651
439659
439666
439669
439677
439684
439687
439689
439692
439700
439704
439705
439717
439718
442507
442519
442527
442534
442537
442545
442552
442555
442570
442797
442800
442810
442814
442815
442828
442829
442869
442876
442878
442890
442893
442896
442902
442905
443064
443067
443077
443078
443081
443082
443114
443124
443127
443130
443136
443139
443298
443299
443304
443310
443311
443333
443338
443343
443360
443507
443512
443517
443558
443563
443568
443717
443722
443727
443768
443773
443778
443927
443931
443932
443937
443941
443978
443983
443988
443989
444137
444142
444147
444161
444170
444171
444175
444180
444181
444354
444360
444362
444365
444372
444388
444399
444400
444411
444412
444421
444422
444666
444674
444677
444690
444694
444696
444702
444706
444714
444721
444724
444732
444739
444742
444744
444747
444755
444759
444760
444772
444773
447562
447574
447582
447589
447592
447600
447607
447610
447625
447852
447855
447865
447869
447870
447883
447884
447924
447931
447933
447945
447948
447951
447957
447960
448119
448122
448132
448133
448136
448137
448169
448179
448182
448185
448191
448194
448353
448354
448359
448365
448366
448388
448393
448398
448415
448562
448567
448572
448613
448618
448623
448772
448777
448782
448823
448828
448833
448982
448986
448987
448992
448996
449033
449038
449043
449044
449192
449197
449202
449216
449225
449226
449230
449235
449236
449409
449415
449417
449420
449427
449443
449454
449455
449466
449467
449476
449477
449721
449729
449732
449745
449749
449751
449757
449761
449769
449776
449779
449787
449794
449797
449799
449802
449810
449814
449815
449827
449828
452617
452629
452637
452644
452647
452655
452662
452665
452680
452883
452886
452896
452899
452900
452911
452912
452949
452956
452958
452967
452970
452973
452978
452980
453276
453279
453289
453290
453292
453293
453400
453408
453411
453414
453419
453421
453777
453778
453783
453787
453788
453917
453922
453925
453940
454295
454300
454304
454454
454459
454463
454820
454825
454829
454979
454984
454988
455345
455349
455350
455354
455357
455504
455509
455513
455514
455858
455863
455866
455880
455996
455997
456001
456004
456005
456300
456306
456308
456311
456316
456330
456416
456417
456424
456425
456433
456434
456627
456635
456638
456647
456651
456653
456656
456659
456666
456672
456674
456681
456687
456689
456690
456692
456699
456701
456702
456712
456713
461443
461445
461446
461461
461463
461464
461479
461481
461482
461497
461499
461500
461722
461724
461725
461740
461742
461743
461758
461760
461761
461776
461778
461779
461794
461796
461797
461812
461814
461815
462109
462111
462112
462127
462129
462130
462145
462147
462148
462163
462165
462166
462181
462183
462184
462199
462201
462202
462217
462219
462220
462235
462237
462238
462532
462534
462535
462550
462552
462553
462568
462570
462571
462586
462588
462589
462604
462606
462607
462622
462624
462625
462640
462642
462643
462658
462660
462661
462943
462945
462946
462958
462960
462961
462976
462978
462979
462994
462996
462997
463012
463014
463015
463030
463032
463033
463048
463050
463051
463066
463068
463069
463276
463278
463279
463291
463293
463294
463309
463311
463312
463327
463329
463330
463345
463347
463348
463363
463365
463366
463489
463491
463492
463504
463506
463507
463519
463521
463522
463534
463536
463537
)
;
    flipMap         List<bool> 
4936
(
0
0
1
1
1
1
0
1
1
0
0
1
1
0
0
1
1
0
1
0
1
1
0
0
0
0
1
1
0
0
1
1
1
0
0
0
0
0
1
1
1
1
0
1
1
0
0
1
1
0
0
1
1
0
1
0
1
1
0
0
0
0
1
1
0
0
1
1
1
0
0
0
0
0
1
1
1
1
0
1
1
0
0
1
1
0
0
1
1
0
1
0
1
1
0
0
0
0
1
1
0
0
1
1
1
0
0
0
0
0
1
1
1
1
0
1
1
0
0
1
1
0
0
1
1
0
1
0
1
1
0
0
0
0
1
1
0
0
1
1
1
0
0
0
0
0
1
1
1
1
0
1
1
0
0
1
1
0
0
1
1
0
1
0
1
1
0
0
0
0
1
1
0
0
1
1
1
0
0
0
0
0
1
1
1
1
0
1
1
0
0
1
1
0
0
1
1
0
1
0
1
1
0
0
0
0
1
1
0
0
1
1
1
0
0
0
0
0
1
1
1
1
0
1
1
0
0
1
1
0
0
1
1
0
1
0
1
1
0
0
0
0
1
1
0
0
1
1
1
0
0
0
0
0
1
1
1
1
0
1
1
0
0
1
1
0
0
1
1
0
1
0
1
1
0
0
0
0
1
1
0
0
1
1
1
0
0
0
0
0
1
1
1
1
0
1
1
0
0
1
1
0
0
1
1
0
1
0
1
1
0
0
0
0
1
1
0
0
1
1
1
0
0
0
0
0
1
1
1
1
0
1
1
0
0
1
1
0
0
1
1
0
1
0
1
1
0
0
0
0
1
1
0
0
1
1
1
0
0
0
0
0
1
1
1
1
0
1
1
0
0
1
1
0
0
1
1
0
1
0
1
1
0
0
0
0
1
1
0
0
1
1
1
0
0
0
0
0
1
1
1
1
0
1
1
0
0
1
1
0
0
1
1
0
1
0
1
1
0
0
0
0
1
1
0
0
1
1
1
0
0
0
0
0
1
1
1
1
0
1
1
0
0
1
1
0
0
1
1
0
1
0
1
1
0
0
0
0
1
1
0
0
1
1
1
0
0
0
0
0
1
1
1
1
0
1
1
0
0
1
1
0
0
1
1
0
1
0
1
1
0
0
0
0
1
1
0
0
1
1
1
0
0
0
0
0
1
1
1
1
0
1
1
0
0
1
1
0
0
1
1
0
1
0
1
1
0
0
0
0
1
1
0
0
1
1
1
0
0
0
0
0
1
1
1
1
0
1
1
0
0
1
1
0
0
1
1
0
1
0
1
1
0
0
0
0
1
1
0
0
1
1
1
0
0
0
0
0
1
1
1
1
0
1
1
0
0
1
1
0
0
1
1
0
1
0
1
1
0
0
0
0
1
1
0
0
1
1
1
0
0
0
0
0
1
1
1
1
0
1
1
0
0
1
1
0
0
1
1
0
1
0
1
1
0
0
0
0
1
1
0
0
1
1
1
0
0
0
0
0
1
1
1
1
0
1
1
0
0
1
1
0
0
1
1
0
1
0
1
1
0
0
0
0
1
1
0
0
1
1
1
0
0
0
0
0
1
1
1
1
0
1
1
0
0
1
1
0
0
1
1
0
1
0
1
1
0
0
0
0
1
1
0
0
1
1
1
0
0
0
0
0
1
1
1
1
0
1
1
0
0
1
1
0
0
1
1
0
1
0
1
1
0
0
0
0
1
1
0
0
1
1
1
0
0
0
0
0
1
1
1
1
0
1
1
0
0
1
1
0
0
1
1
0
1
0
1
1
0
0
0
0
1
1
0
0
1
1
1
0
0
0
0
0
1
1
1
1
0
1
1
0
0
1
1
0
0
1
1
0
1
0
1
1
0
0
0
0
1
1
0
0
1
1
1
0
0
0
0
0
1
1
1
1
0
1
1
0
0
1
1
0
0
1
1
0
1
0
1
1
0
0
0
0
1
1
0
0
1
1
1
0
0
0
0
0
1
1
1
1
0
1
1
0
0
1
1
0
0
1
1
0
1
0
1
1
0
0
0
0
1
1
0
0
1
1
1
0
0
0
0
0
1
1
1
1
0
1
1
0
0
1
1
0
0
1
1
0
1
0
1
1
0
0
0
0
1
1
0
0
1
1
1
0
0
0
0
0
1
1
1
1
0
1
1
0
0
1
1
0
0
1
1
0
1
0
1
1
0
0
0
0
1
1
0
0
1
1
1
0
0
0
0
0
1
1
1
1
0
1
1
0
0
1
1
0
0
1
1
0
1
0
1
1
0
0
0
0
1
1
0
0
1
1
1
0
0
0
0
0
1
1
1
1
0
1
1
0
0
1
1
0
0
1
1
0
1
0
1
1
0
0
0
0
1
1
0
0
1
1
1
0
0
0
0
0
1
1
1
1
0
1
1
0
0
1
1
0
0
1
1
0
1
0
1
1
0
0
0
0
1
1
0
0
1
1
1
0
0
0
0
0
1
1
1
1
0
1
1
0
0
1
1
0
0
1
1
0
1
0
1
1
0
0
0
0
1
1
0
0
1
1
1
0
0
0
0
0
1
1
1
1
0
1
1
0
0
1
1
0
0
1
1
0
1
0
1
1
0
0
0
0
1
1
0
0
1
1
1
0
0
0
0
0
1
1
1
1
1
1
1
0
1
1
1
1
1
1
1
1
0
0
1
1
1
1
1
1
1
1
1
1
0
0
1
1
1
1
1
1
1
1
1
1
1
0
1
1
1
1
1
1
1
1
1
1
0
1
1
1
1
1
1
1
1
1
1
1
1
1
1
1
1
1
1
1
0
0
0
0
1
1
1
1
1
1
1
1
1
0
0
1
1
1
1
1
1
1
1
0
0
0
0
0
1
1
1
1
1
1
1
1
1
1
1
1
1
0
1
1
1
1
0
0
0
1
1
1
1
1
1
1
1
1
0
0
0
1
1
1
1
1
1
1
1
0
1
1
1
1
0
1
1
1
1
0
1
1
1
1
0
1
1
1
1
1
1
1
1
1
1
0
1
1
1
1
1
1
1
1
1
1
1
0
1
1
1
1
1
1
1
1
1
1
1
1
1
1
0
0
0
0
0
0
0
0
0
0
0
0
0
0
0
0
0
1
0
1
0
0
1
0
0
0
0
0
0
0
1
1
0
0
1
0
0
0
0
0
0
1
1
1
0
0
0
0
1
1
1
0
0
0
1
1
1
0
1
0
0
1
1
1
1
1
0
0
0
1
1
1
1
1
1
1
0
0
1
0
1
1
1
1
1
1
1
1
0
1
0
1
1
0
1
1
1
1
1
1
1
1
1
1
1
1
1
1
0
0
0
0
0
0
0
0
0
0
0
0
0
0
0
0
0
1
0
1
0
0
1
0
0
0
0
0
0
0
1
1
0
0
1
0
0
0
0
0
0
1
1
1
0
0
0
0
1
1
1
0
0
0
1
1
1
0
1
0
0
1
1
1
1
1
0
0
0
1
1
1
1
1
1
1
0
0
1
0
1
1
1
1
1
1
1
1
0
1
0
1
1
0
1
1
1
1
1
1
1
1
1
1
1
1
1
1
0
0
0
0
0
0
0
0
0
0
0
0
0
0
0
0
0
1
0
1
0
0
1
0
0
0
0
0
0
0
1
1
0
0
1
0
0
0
0
0
0
1
1
1
0
0
0
0
1
1
1
0
0
0
1
1
1
0
1
0
0
1
1
1
1
1
0
0
0
1
1
1
1
1
1
1
0
0
1
0
1
1
1
1
1
1
1
1
0
1
0
1
1
0
1
1
1
1
1
1
1
1
1
1
1
1
1
1
0
0
0
0
0
0
0
0
0
0
0
0
0
0
0
0
0
1
0
1
0
0
1
0
0
0
0
0
0
0
1
1
0
0
1
0
0
0
0
0
0
1
1
1
0
0
0
0
1
1
1
0
0
0
1
1
1
0
1
0
0
1
1
1
1
1
0
0
0
1
1
1
1
1
1
1
0
0
1
0
1
1
1
1
1
1
1
1
0
1
0
1
1
0
1
1
1
1
1
1
1
1
1
1
1
1
1
1
0
0
0
0
0
0
0
0
0
0
0
0
0
0
0
0
0
1
0
1
0
0
1
0
0
0
0
0
0
0
1
1
0
0
1
0
0
0
0
0
0
1
1
1
0
0
0
0
1
1
1
0
0
0
1
1
1
0
1
0
0
1
1
1
1
1
0
0
0
1
1
1
1
1
1
1
0
0
1
0
1
1
1
1
1
1
1
1
0
1
0
1
1
0
1
1
1
1
1
1
1
1
1
1
1
1
1
1
0
0
0
0
0
0
0
0
0
0
0
0
0
0
0
0
0
1
0
1
0
0
1
0
0
0
0
0
0
0
1
1
0
0
1
0
0
0
0
0
0
1
1
1
0
0
0
0
1
1
1
0
0
0
1
1
1
0
1
0
0
1
1
1
1
1
0
0
0
1
1
1
1
1
1
1
0
0
1
0
1
1
1
1
1
1
1
1
0
1
0
1
1
0
1
1
1
1
1
1
1
1
1
1
1
1
1
1
0
0
0
0
0
0
0
0
0
0
0
0
0
0
0
0
0
1
0
1
0
0
1
0
0
0
0
0
0
0
1
1
0
0
1
0
0
0
0
0
0
1
1
1
0
0
0
0
1
1
1
0
0
0
1
1
1
0
1
0
0
1
1
1
1
1
0
0
0
1
1
1
1
1
1
1
0
0
1
0
1
1
1
1
1
1
1
1
0
1
0
1
1
0
1
1
1
1
1
1
1
1
1
1
1
1
1
1
0
0
0
0
0
0
0
0
0
0
0
0
0
0
0
0
0
1
0
1
0
0
1
0
0
0
0
0
0
0
1
1
0
0
1
0
0
0
0
0
0
1
1
1
0
0
0
0
1
1
1
0
0
0
1
1
1
0
1
0
0
1
1
1
1
1
0
0
0
1
1
1
1
1
1
1
0
0
1
0
1
1
1
1
1
1
1
1
0
1
0
1
1
0
1
1
1
1
1
1
1
1
1
1
1
1
1
1
0
0
0
0
0
0
0
0
0
0
0
0
0
0
0
0
0
1
0
1
0
0
1
0
0
0
0
0
0
0
1
1
0
0
1
0
0
0
0
0
0
1
1
1
0
0
0
0
1
1
1
0
0
0
1
1
1
0
1
0
0
1
1
1
1
1
0
0
0
1
1
1
1
1
1
1
0
0
1
0
1
1
1
1
1
1
1
1
0
1
0
1
1
0
1
1
1
1
1
1
1
1
1
1
1
1
1
1
0
0
0
0
0
0
0
0
0
0
0
0
0
0
0
0
0
1
0
1
0
0
1
0
0
0
0
0
0
0
1
1
0
0
1
0
0
0
0
0
0
1
1
1
0
0
0
0
1
1
1
0
0
0
1
1
1
0
1
0
0
1
1
1
1
1
0
0
0
1
1
1
1
1
1
1
0
0
1
0
1
1
1
1
1
1
1
1
0
1
0
1
1
0
1
1
1
1
1
1
1
1
1
1
1
1
1
1
0
0
0
0
0
0
0
0
0
0
0
0
0
0
0
0
0
1
0
1
0
0
1
0
0
0
0
0
0
0
1
1
0
0
1
0
0
0
0
0
0
1
1
1
0
0
0
0
1
1
1
0
0
0
1
1
1
0
1
0
0
1
1
1
1
1
0
0
0
1
1
1
1
1
1
1
0
0
1
0
1
1
1
1
1
1
1
1
0
1
0
1
1
0
1
1
1
1
1
1
1
1
1
1
1
1
1
1
0
0
0
0
0
0
0
0
0
0
0
0
0
0
0
0
0
1
0
1
0
0
1
0
0
0
0
0
0
0
1
1
0
0
1
0
0
0
0
0
0
1
1
1
0
0
0
0
1
1
1
0
0
0
1
1
1
0
1
0
0
1
1
1
1
1
0
0
0
1
1
1
1
1
1
1
0
0
1
0
1
1
1
1
1
1
1
1
0
1
0
1
1
0
1
1
1
1
1
1
1
1
1
1
1
1
1
1
0
0
0
0
0
0
0
0
0
0
0
0
0
0
0
0
0
1
0
1
0
0
1
0
0
0
0
0
0
0
1
1
0
0
1
0
0
0
0
0
0
1
1
1
0
0
0
0
1
1
1
0
0
0
1
1
1
0
1
0
0
1
1
1
1
1
0
0
0
1
1
1
1
1
1
1
0
0
1
0
1
1
1
1
1
1
1
1
0
1
0
1
1
0
1
1
1
1
1
1
1
1
1
1
1
1
1
1
0
0
0
0
0
0
0
0
0
0
0
0
0
0
0
0
0
1
0
1
0
0
1
0
0
0
0
0
0
0
1
1
0
0
1
0
0
0
0
0
0
1
1
1
0
0
0
0
1
1
1
0
0
0
1
1
1
0
1
0
0
1
1
1
1
1
0
0
0
1
1
1
1
1
1
1
0
0
1
0
1
1
1
1
1
1
1
1
0
1
0
1
1
0
1
1
1
1
1
1
1
1
1
1
1
1
1
1
0
0
0
0
0
0
0
0
0
0
0
0
0
0
0
0
0
1
0
1
0
0
1
0
0
0
0
0
0
0
1
1
0
0
1
0
0
0
0
0
0
1
1
1
0
0
0
0
1
1
1
0
0
0
1
1
1
0
1
0
0
1
1
1
1
1
0
0
0
1
1
1
1
1
1
1
0
0
1
0
1
1
1
1
1
1
1
1
0
1
0
1
1
0
1
1
1
1
1
1
1
1
1
1
1
1
1
1
0
0
0
0
0
0
0
0
0
0
0
0
0
0
0
0
0
1
0
1
0
0
1
0
0
0
0
0
0
0
1
1
0
0
1
0
0
0
0
0
0
1
1
1
0
0
0
0
1
1
1
0
0
0
1
1
1
0
1
0
0
1
1
1
1
1
0
0
0
1
1
1
1
1
1
1
0
0
1
0
1
1
1
1
1
1
1
1
0
1
0
1
1
0
1
1
1
1
1
1
1
1
1
1
1
1
1
1
0
0
0
0
0
0
0
0
0
0
0
0
0
0
0
0
0
1
0
1
0
0
1
0
0
0
0
0
0
0
1
1
0
0
1
0
0
0
0
0
0
1
1
1
0
0
0
0
1
1
1
0
0
0
1
1
1
0
1
0
0
1
1
1
1
1
0
0
0
1
1
1
1
1
1
1
0
0
1
0
1
1
1
1
1
1
1
1
0
1
0
1
1
0
1
1
1
1
1
1
1
1
1
1
1
1
1
1
0
0
0
0
0
0
0
0
0
0
0
0
0
0
0
0
0
1
0
1
0
0
1
0
0
0
0
0
0
0
1
1
0
0
1
0
0
0
0
0
0
1
1
1
0
0
0
0
1
1
1
0
0
0
1
1
1
0
1
0
0
1
1
1
1
1
0
0
0
1
1
1
1
1
1
1
0
0
1
0
1
1
1
1
1
1
1
1
0
1
0
1
1
0
1
1
1
1
1
1
1
1
1
1
1
1
1
1
0
0
0
0
0
0
0
0
0
0
0
0
0
0
0
0
0
1
0
1
0
0
1
0
0
0
0
0
0
0
1
1
0
0
1
0
0
0
0
0
0
1
1
1
0
0
0
0
1
1
1
0
0
0
1
1
1
0
1
0
0
1
1
1
1
1
0
0
0
1
1
1
1
1
1
1
0
0
1
0
1
1
1
1
1
1
1
1
0
1
0
1
1
0
1
1
1
1
1
1
1
1
1
1
1
1
1
1
0
0
0
0
0
0
0
0
0
0
0
0
0
0
0
0
0
1
0
1
0
0
1
0
0
0
0
0
0
0
1
1
0
0
1
0
0
0
0
0
0
1
1
1
0
0
0
0
1
1
1
0
0
0
1
1
1
0
1
0
0
1
1
1
1
1
0
0
0
1
1
1
1
1
1
1
0
0
1
0
1
1
1
1
1
1
1
1
0
1
0
1
1
0
1
1
1
1
1
1
1
1
1
1
1
1
1
1
0
0
0
0
0
0
0
0
0
0
0
0
0
0
0
0
0
1
0
1
0
0
1
0
0
0
0
0
0
0
1
1
0
0
1
0
0
0
0
0
0
1
1
1
0
0
0
0
1
1
1
0
0
0
1
1
1
0
1
0
0
1
1
1
1
1
0
0
0
1
1
1
1
1
1
1
0
0
1
0
1
1
1
1
1
1
1
1
0
1
0
1
1
0
1
1
1
1
1
1
1
1
1
1
1
1
1
1
0
0
0
0
0
0
0
0
0
0
0
0
0
0
0
0
0
1
0
1
0
0
1
0
0
0
0
0
0
0
1
1
0
0
1
0
0
0
0
0
0
1
1
1
0
0
0
0
1
1
1
0
0
0
1
1
1
0
1
0
0
1
1
1
1
1
0
0
0
1
1
1
1
1
1
1
0
0
1
0
1
1
1
1
1
1
1
1
0
1
0
1
1
0
1
1
1
1
1
1
1
1
1
1
1
1
1
1
0
0
0
0
0
0
0
0
0
0
0
0
0
0
0
0
0
1
0
1
0
0
1
0
0
0
0
0
0
0
1
1
0
0
1
0
0
0
0
0
0
1
1
1
0
0
0
0
1
1
1
0
0
0
1
1
1
0
1
0
0
1
1
1
1
1
0
0
0
1
1
1
1
1
1
1
0
0
1
0
1
1
1
1
1
1
1
1
0
1
0
1
1
0
1
1
1
1
1
1
1
1
1
1
1
1
1
1
0
0
0
0
0
0
0
0
0
0
0
0
0
0
0
0
0
1
0
1
0
0
1
0
0
0
0
0
0
0
1
1
0
0
1
0
0
0
0
0
0
1
1
1
0
0
0
0
1
1
1
0
0
0
1
1
1
0
1
0
0
1
1
1
1
1
0
0
0
1
1
1
1
1
1
1
0
0
1
0
1
1
1
1
1
1
1
1
0
1
0
1
1
0
1
1
1
1
1
1
1
1
1
1
1
1
1
1
0
0
0
0
0
0
0
0
0
0
0
0
0
0
0
0
0
1
0
1
0
0
1
0
0
0
0
0
0
0
1
1
0
0
1
0
0
0
0
0
0
1
1
1
0
0
0
0
1
1
1
0
0
0
1
1
1
0
1
0
0
1
1
1
1
1
0
0
0
1
1
1
1
1
1
1
0
0
1
0
1
1
1
1
1
1
1
1
0
1
0
1
1
0
1
1
1
1
1
1
1
1
1
1
1
1
1
1
0
0
0
0
0
0
0
0
0
0
0
0
0
0
0
0
0
1
0
1
0
0
1
0
0
0
0
0
0
0
1
1
0
0
1
0
0
0
0
0
0
1
1
1
0
0
0
0
1
1
1
0
0
0
1
1
1
0
1
0
0
1
1
1
1
1
0
0
0
1
1
1
1
1
1
1
0
0
1
0
1
1
1
1
1
1
1
1
0
1
0
1
1
0
1
1
1
1
1
1
1
1
1
1
1
1
1
1
0
0
0
0
0
0
0
0
0
0
0
0
0
0
0
0
0
1
0
1
0
0
1
0
0
0
0
0
0
0
1
1
0
0
1
0
0
0
0
0
0
1
1
1
0
0
0
0
1
1
1
0
0
0
1
1
1
0
1
0
0
1
1
1
1
1
0
0
0
1
1
1
1
1
1
1
0
0
1
0
1
1
1
1
1
1
1
1
0
1
0
1
1
0
1
1
1
1
1
1
1
1
1
1
1
1
1
1
0
0
0
0
0
0
0
0
0
0
0
0
0
0
0
0
0
1
0
1
0
0
1
0
0
0
0
0
0
0
1
1
0
0
1
0
0
0
0
0
0
1
1
1
0
0
0
0
1
1
1
0
0
0
1
1
1
0
1
0
0
1
1
1
1
1
0
0
0
1
1
1
1
1
1
1
0
0
1
0
1
1
1
1
1
1
1
1
0
1
0
1
1
0
1
1
1
1
1
1
1
1
1
1
1
1
1
1
0
0
0
0
0
0
0
0
0
0
0
0
0
0
0
0
0
1
0
1
0
0
1
0
0
0
0
0
0
0
1
1
0
0
1
0
0
0
0
0
0
1
1
1
0
0
0
0
1
1
1
0
0
0
1
1
1
0
1
0
0
1
1
1
1
1
0
0
0
1
1
1
1
1
1
1
0
0
1
0
1
1
1
1
1
1
1
1
0
1
0
1
1
0
1
1
1
1
1
1
1
1
1
1
1
1
1
1
0
0
0
0
0
0
0
0
0
0
0
0
0
0
0
0
0
1
0
1
0
0
1
0
0
0
0
0
0
0
1
1
0
0
1
0
0
0
0
0
0
1
1
1
0
0
0
0
1
1
1
0
0
0
1
1
1
0
1
0
0
1
1
1
1
1
0
0
0
1
1
1
1
1
1
1
0
0
1
0
1
1
1
1
1
1
1
1
0
1
0
1
1
0
1
1
1
1
1
1
1
1
1
1
1
1
1
1
0
0
0
0
0
0
0
0
0
0
0
0
0
0
0
0
0
1
0
1
0
0
1
0
0
0
0
0
0
0
1
1
0
0
1
0
0
0
0
0
0
1
1
1
0
0
0
0
1
1
1
0
0
0
1
1
1
0
1
0
0
1
1
1
1
1
0
0
0
1
1
1
1
1
1
1
0
0
1
0
1
1
1
1
1
1
1
1
0
1
0
1
1
0
1
1
1
1
1
1
1
1
1
1
1
1
1
1
0
0
0
0
0
0
0
0
0
0
0
0
0
0
0
0
0
1
0
1
0
0
1
0
0
0
0
0
0
0
1
1
0
0
1
0
0
0
0
0
0
1
1
1
0
0
0
0
1
1
1
0
0
0
1
1
1
0
1
0
0
1
1
1
1
1
0
0
0
1
1
1
1
1
1
1
0
0
1
0
1
1
1
1
1
1
1
1
0
1
0
1
1
0
1
1
1
1
1
1
1
1
1
1
1
1
1
1
1
1
1
1
1
1
1
1
1
1
1
1
1
1
1
1
1
1
1
1
1
1
1
1
1
1
1
1
1
1
1
1
1
1
1
1
1
1
1
1
1
1
1
1
1
1
1
1
1
1
1
1
1
1
1
1
1
1
1
1
1
1
1
1
1
1
1
1
1
1
1
1
1
1
1
1
1
1
1
1
1
1
1
1
1
1
1
1
1
1
1
1
1
1
1
1
1
1
1
1
1
1
1
1
1
1
1
1
1
1
1
1
1
1
1
1
1
1
1
1
1
1
1
1
1
1
1
1
1
1
1
1
)
;
}
fluid_to_cell3
{
    type            faceZone;
    faceLabels      List<label> 
4936
(
4219
4220
4222
4227
4232
4234
4239
4558
4559
4598
4600
4916
4917
4966
5281
5319
5321
5601
5641
5922
5962
6250
6295
6296
6606
6607
6647
6648
6960
6961
6967
6985
6986
7321
7326
7331
12227
12228
12231
12237
12243
12245
12251
12590
12591
12634
12636
12971
12972
13023
13348
13389
13391
13682
13725
14017
14060
14359
14406
14407
14727
14728
14773
14774
15105
15106
15113
15135
15136
15491
15497
15503
20412
20413
20416
20422
20428
20430
20436
20775
20776
20819
20821
21156
21157
21208
21533
21574
21576
21867
21910
22202
22245
22544
22591
22592
22912
22913
22958
22959
23290
23291
23298
23320
23321
23676
23682
23688
28597
28598
28601
28607
28613
28615
28621
28960
28961
29004
29006
29341
29342
29393
29718
29759
29761
30052
30095
30387
30430
30729
30776
30777
31097
31098
31143
31144
31475
31476
31483
31505
31506
31861
31867
31873
36782
36783
36786
36792
36798
36800
36806
37145
37146
37189
37191
37526
37527
37578
37903
37944
37946
38237
38280
38572
38615
38914
38961
38962
39282
39283
39328
39329
39660
39661
39668
39690
39691
40046
40052
40058
44967
44968
44971
44977
44983
44985
44991
45330
45331
45374
45376
45711
45712
45763
46088
46129
46131
46422
46465
46757
46800
47099
47146
47147
47467
47468
47513
47514
47845
47846
47853
47875
47876
48231
48237
48243
53152
53153
53156
53162
53168
53170
53176
53515
53516
53559
53561
53896
53897
53948
54273
54314
54316
54607
54650
54942
54985
55284
55331
55332
55652
55653
55698
55699
56030
56031
56038
56060
56061
56416
56422
56428
61337
61338
61341
61347
61353
61355
61361
61700
61701
61744
61746
62081
62082
62133
62458
62499
62501
62792
62835
63127
63170
63469
63516
63517
63837
63838
63883
63884
64215
64216
64223
64245
64246
64601
64607
64613
69522
69523
69526
69532
69538
69540
69546
69885
69886
69929
69931
70266
70267
70318
70643
70684
70686
70977
71020
71312
71355
71654
71701
71702
72022
72023
72068
72069
72400
72401
72408
72430
72431
72786
72792
72798
77707
77708
77711
77717
77723
77725
77731
78070
78071
78114
78116
78451
78452
78503
78828
78869
78871
79162
79205
79497
79540
79839
79886
79887
80207
80208
80253
80254
80585
80586
80593
80615
80616
80971
80977
80983
85892
85893
85896
85902
85908
85910
85916
86255
86256
86299
86301
86636
86637
86688
87013
87054
87056
87347
87390
87682
87725
88024
88071
88072
88392
88393
88438
88439
88770
88771
88778
88800
88801
89156
89162
89168
94077
94078
94081
94087
94093
94095
94101
94440
94441
94484
94486
94821
94822
94873
95198
95239
95241
95532
95575
95867
95910
96209
96256
96257
96577
96578
96623
96624
96955
96956
96963
96985
96986
97341
97347
97353
102262
102263
102266
102272
102278
102280
102286
102625
102626
102669
102671
103006
103007
103058
103383
103424
103426
103717
103760
104052
104095
104394
104441
104442
104762
104763
104808
104809
105140
105141
105148
105170
105171
105526
105532
105538
110447
110448
110451
110457
110463
110465
110471
110810
110811
110854
110856
111191
111192
111243
111568
111609
111611
111902
111945
112237
112280
112579
112626
112627
112947
112948
112993
112994
113325
113326
113333
113355
113356
113711
113717
113723
118632
118633
118636
118642
118648
118650
118656
118995
118996
119039
119041
119376
119377
119428
119753
119794
119796
120087
120130
120422
120465
120764
120811
120812
121132
121133
121178
121179
121510
121511
121518
121540
121541
121896
121902
121908
126817
126818
126821
126827
126833
126835
126841
127180
127181
127224
127226
127561
127562
127613
127938
127979
127981
128272
128315
128607
128650
128949
128996
128997
129317
129318
129363
129364
129695
129696
129703
129725
129726
130081
130087
130093
135002
135003
135006
135012
135018
135020
135026
135365
135366
135409
135411
135746
135747
135798
136123
136164
136166
136457
136500
136792
136835
137134
137181
137182
137502
137503
137548
137549
137880
137881
137888
137910
137911
138266
138272
138278
143187
143188
143191
143197
143203
143205
143211
143550
143551
143594
143596
143931
143932
143983
144308
144349
144351
144642
144685
144977
145020
145319
145366
145367
145687
145688
145733
145734
146065
146066
146073
146095
146096
146451
146457
146463
151372
151373
151376
151382
151388
151390
151396
151735
151736
151779
151781
152116
152117
152168
152493
152534
152536
152827
152870
153162
153205
153504
153551
153552
153872
153873
153918
153919
154250
154251
154258
154280
154281
154636
154642
154648
159557
159558
159561
159567
159573
159575
159581
159920
159921
159964
159966
160301
160302
160353
160678
160719
160721
161012
161055
161347
161390
161689
161736
161737
162057
162058
162103
162104
162435
162436
162443
162465
162466
162821
162827
162833
167742
167743
167746
167752
167758
167760
167766
168105
168106
168149
168151
168486
168487
168538
168863
168904
168906
169197
169240
169532
169575
169874
169921
169922
170242
170243
170288
170289
170620
170621
170628
170650
170651
171006
171012
171018
175927
175928
175931
175937
175943
175945
175951
176290
176291
176334
176336
176671
176672
176723
177048
177089
177091
177382
177425
177717
177760
178059
178106
178107
178427
178428
178473
178474
178805
178806
178813
178835
178836
179191
179197
179203
184112
184113
184116
184122
184128
184130
184136
184475
184476
184519
184521
184856
184857
184908
185233
185274
185276
185567
185610
185902
185945
186244
186291
186292
186612
186613
186658
186659
186990
186991
186998
187020
187021
187376
187382
187388
192297
192298
192301
192307
192313
192315
192321
192660
192661
192704
192706
193041
193042
193093
193418
193459
193461
193752
193795
194087
194130
194429
194476
194477
194797
194798
194843
194844
195175
195176
195183
195205
195206
195561
195567
195573
200482
200483
200486
200492
200498
200500
200506
200845
200846
200889
200891
201226
201227
201278
201603
201644
201646
201937
201980
202272
202315
202614
202661
202662
202982
202983
203028
203029
203360
203361
203368
203390
203391
203746
203752
203758
208667
208668
208671
208677
208683
208685
208691
209030
209031
209074
209076
209411
209412
209463
209788
209829
209831
210122
210165
210457
210500
210799
210846
210847
211167
211168
211213
211214
211545
211546
211553
211575
211576
211931
211937
211943
216852
216853
216856
216862
216868
216870
216876
217215
217216
217259
217261
217596
217597
217648
217973
218014
218016
218307
218350
218642
218685
218984
219031
219032
219352
219353
219398
219399
219730
219731
219738
219760
219761
220116
220122
220128
225037
225038
225041
225047
225053
225055
225061
225400
225401
225444
225446
225781
225782
225833
226158
226199
226201
226492
226535
226827
226870
227169
227216
227217
227537
227538
227583
227584
227915
227916
227923
227945
227946
228301
228307
228313
233222
233223
233226
233232
233238
233240
233246
233585
233586
233629
233631
233966
233967
234018
234343
234384
234386
234677
234720
235012
235055
235354
235401
235402
235722
235723
235768
235769
236100
236101
236108
236130
236131
236486
236492
236498
241407
241408
241411
241417
241423
241425
241431
241770
241771
241814
241816
242151
242152
242203
242528
242569
242571
242862
242905
243197
243240
243539
243586
243587
243907
243908
243953
243954
244285
244286
244293
244315
244316
244671
244677
244683
249898
249899
249902
249908
249914
249916
249922
250261
250262
250311
250313
250660
250661
250730
251091
251150
251152
251479
251540
251868
251929
252264
252329
252330
252686
252687
252738
252739
253082
253083
253090
253112
253113
253468
253474
253480
258359
258360
258363
258369
258375
258377
258383
258722
258723
258756
258758
259073
259074
259115
259420
259467
259469
259772
259821
260125
260174
260485
260526
260527
260835
260836
260877
260878
261201
261202
261210
261233
261234
261593
261599
261605
266584
266585
266592
266593
266598
266599
266602
266604
266606
266609
266948
266949
266952
266959
266965
266971
266977
266981
266984
266986
267305
267306
267309
267316
267322
267328
267334
267340
267346
267350
267353
267670
267680
267686
267692
267698
267704
267710
267716
267722
267723
267724
267726
268040
268050
268056
268062
268068
268074
268080
268086
268092
268094
268096
268411
268421
268427
268433
268439
268445
268451
268457
268463
268465
268467
268788
268791
268799
268805
268811
268817
268823
268829
268832
268836
268837
269157
269158
269166
269174
269180
269186
269192
269195
269201
269202
269203
269529
269530
269537
269538
269544
269550
269556
269561
269562
269563
269921
269927
269933
293325
293329
293333
293353
293355
293357
293359
293377
293378
293381
293383
293401
293402
293405
293407
293424
293429
293431
293452
293453
293456
293760
293764
293768
293788
293791
293793
293809
293812
293815
293836
293837
293840
294056
294057
294070
294073
294075
294091
294094
294097
294098
294307
294309
294313
294333
294334
294445
294447
294451
294471
294472
294583
294585
294589
294590
294609
294610
294727
294739
294743
294745
294763
294767
294770
294771
294772
294978
294979
294986
295003
295007
295009
295027
295031
295034
295035
295036
295266
295267
295291
295294
295297
295300
295315
295319
295321
295324
295339
295343
295345
295348
295362
295363
295366
295367
298195
298207
298215
298222
298225
298233
298240
298243
298258
298413
298416
298426
298430
298431
298444
298445
298485
298492
298494
298506
298509
298512
298518
298521
298746
298749
298759
298760
298763
298764
298796
298806
298809
298812
298818
298821
298986
298987
298992
298998
298999
299021
299026
299031
299050
299204
299210
299216
299258
299263
299268
299414
299420
299426
299468
299473
299478
299624
299629
299630
299636
299641
299678
299683
299688
299689
299837
299842
299847
299861
299870
299871
299875
299880
299881
300036
300042
300044
300047
300054
300070
300081
300082
300093
300094
300103
300104
300270
300278
300281
300294
300298
300300
300306
300310
300318
300325
300328
300336
300343
300346
300348
300351
300359
300363
300364
300376
300377
303250
303262
303270
303277
303280
303288
303295
303298
303313
303468
303471
303481
303485
303486
303499
303500
303540
303547
303549
303561
303564
303567
303573
303576
303801
303804
303814
303815
303818
303819
303851
303861
303864
303867
303873
303876
304041
304042
304047
304053
304054
304076
304081
304086
304105
304259
304265
304271
304313
304318
304323
304469
304475
304481
304523
304528
304533
304679
304684
304685
304691
304696
304733
304738
304743
304744
304892
304897
304902
304916
304925
304926
304930
304935
304936
305091
305097
305099
305102
305109
305125
305136
305137
305148
305149
305158
305159
305325
305333
305336
305349
305353
305355
305361
305365
305373
305380
305383
305391
305398
305401
305403
305406
305414
305418
305419
305431
305432
308305
308317
308325
308332
308335
308343
308350
308353
308368
308523
308526
308536
308540
308541
308554
308555
308595
308602
308604
308616
308619
308622
308628
308631
308856
308859
308869
308870
308873
308874
308906
308916
308919
308922
308928
308931
309096
309097
309102
309108
309109
309131
309136
309141
309160
309314
309320
309326
309368
309373
309378
309524
309530
309536
309578
309583
309588
309734
309739
309740
309746
309751
309788
309793
309798
309799
309947
309952
309957
309971
309980
309981
309985
309990
309991
310146
310152
310154
310157
310164
310180
310191
310192
310203
310204
310213
310214
310380
310388
310391
310404
310408
310410
310416
310420
310428
310435
310438
310446
310453
310456
310458
310461
310469
310473
310474
310486
310487
313360
313372
313380
313387
313390
313398
313405
313408
313423
313578
313581
313591
313595
313596
313609
313610
313650
313657
313659
313671
313674
313677
313683
313686
313911
313914
313924
313925
313928
313929
313961
313971
313974
313977
313983
313986
314151
314152
314157
314163
314164
314186
314191
314196
314215
314369
314375
314381
314423
314428
314433
314579
314585
314591
314633
314638
314643
314789
314794
314795
314801
314806
314843
314848
314853
314854
315002
315007
315012
315026
315035
315036
315040
315045
315046
315201
315207
315209
315212
315219
315235
315246
315247
315258
315259
315268
315269
315435
315443
315446
315459
315463
315465
315471
315475
315483
315490
315493
315501
315508
315511
315513
315516
315524
315528
315529
315541
315542
318415
318427
318435
318442
318445
318453
318460
318463
318478
318633
318636
318646
318650
318651
318664
318665
318705
318712
318714
318726
318729
318732
318738
318741
318966
318969
318979
318980
318983
318984
319016
319026
319029
319032
319038
319041
319206
319207
319212
319218
319219
319241
319246
319251
319270
319424
319430
319436
319478
319483
319488
319634
319640
319646
319688
319693
319698
319844
319849
319850
319856
319861
319898
319903
319908
319909
320057
320062
320067
320081
320090
320091
320095
320100
320101
320256
320262
320264
320267
320274
320290
320301
320302
320313
320314
320323
320324
320490
320498
320501
320514
320518
320520
320526
320530
320538
320545
320548
320556
320563
320566
320568
320571
320579
320583
320584
320596
320597
323470
323482
323490
323497
323500
323508
323515
323518
323533
323688
323691
323701
323705
323706
323719
323720
323760
323767
323769
323781
323784
323787
323793
323796
324021
324024
324034
324035
324038
324039
324071
324081
324084
324087
324093
324096
324261
324262
324267
324273
324274
324296
324301
324306
324325
324479
324485
324491
324533
324538
324543
324689
324695
324701
324743
324748
324753
324899
324904
324905
324911
324916
324953
324958
324963
324964
325112
325117
325122
325136
325145
325146
325150
325155
325156
325311
325317
325319
325322
325329
325345
325356
325357
325368
325369
325378
325379
325545
325553
325556
325569
325573
325575
325581
325585
325593
325600
325603
325611
325618
325621
325623
325626
325634
325638
325639
325651
325652
328525
328537
328545
328552
328555
328563
328570
328573
328588
328743
328746
328756
328760
328761
328774
328775
328815
328822
328824
328836
328839
328842
328848
328851
329076
329079
329089
329090
329093
329094
329126
329136
329139
329142
329148
329151
329316
329317
329322
329328
329329
329351
329356
329361
329380
329534
329540
329546
329588
329593
329598
329744
329750
329756
329798
329803
329808
329954
329959
329960
329966
329971
330008
330013
330018
330019
330167
330172
330177
330191
330200
330201
330205
330210
330211
330366
330372
330374
330377
330384
330400
330411
330412
330423
330424
330433
330434
330600
330608
330611
330624
330628
330630
330636
330640
330648
330655
330658
330666
330673
330676
330678
330681
330689
330693
330694
330706
330707
333580
333592
333600
333607
333610
333618
333625
333628
333643
333798
333801
333811
333815
333816
333829
333830
333870
333877
333879
333891
333894
333897
333903
333906
334131
334134
334144
334145
334148
334149
334181
334191
334194
334197
334203
334206
334371
334372
334377
334383
334384
334406
334411
334416
334435
334589
334595
334601
334643
334648
334653
334799
334805
334811
334853
334858
334863
335009
335014
335015
335021
335026
335063
335068
335073
335074
335222
335227
335232
335246
335255
335256
335260
335265
335266
335421
335427
335429
335432
335439
335455
335466
335467
335478
335479
335488
335489
335655
335663
335666
335679
335683
335685
335691
335695
335703
335710
335713
335721
335728
335731
335733
335736
335744
335748
335749
335761
335762
338635
338647
338655
338662
338665
338673
338680
338683
338698
338853
338856
338866
338870
338871
338884
338885
338925
338932
338934
338946
338949
338952
338958
338961
339186
339189
339199
339200
339203
339204
339236
339246
339249
339252
339258
339261
339426
339427
339432
339438
339439
339461
339466
339471
339490
339644
339650
339656
339698
339703
339708
339854
339860
339866
339908
339913
339918
340064
340069
340070
340076
340081
340118
340123
340128
340129
340277
340282
340287
340301
340310
340311
340315
340320
340321
340476
340482
340484
340487
340494
340510
340521
340522
340533
340534
340543
340544
340710
340718
340721
340734
340738
340740
340746
340750
340758
340765
340768
340776
340783
340786
340788
340791
340799
340803
340804
340816
340817
343690
343702
343710
343717
343720
343728
343735
343738
343753
343908
343911
343921
343925
343926
343939
343940
343980
343987
343989
344001
344004
344007
344013
344016
344241
344244
344254
344255
344258
344259
344291
344301
344304
344307
344313
344316
344481
344482
344487
344493
344494
344516
344521
344526
344545
344699
344705
344711
344753
344758
344763
344909
344915
344921
344963
344968
344973
345119
345124
345125
345131
345136
345173
345178
345183
345184
345332
345337
345342
345356
345365
345366
345370
345375
345376
345531
345537
345539
345542
345549
345565
345576
345577
345588
345589
345598
345599
345765
345773
345776
345789
345793
345795
345801
345805
345813
345820
345823
345831
345838
345841
345843
345846
345854
345858
345859
345871
345872
348745
348757
348765
348772
348775
348783
348790
348793
348808
348963
348966
348976
348980
348981
348994
348995
349035
349042
349044
349056
349059
349062
349068
349071
349296
349299
349309
349310
349313
349314
349346
349356
349359
349362
349368
349371
349536
349537
349542
349548
349549
349571
349576
349581
349600
349754
349760
349766
349808
349813
349818
349964
349970
349976
350018
350023
350028
350174
350179
350180
350186
350191
350228
350233
350238
350239
350387
350392
350397
350411
350420
350421
350425
350430
350431
350586
350592
350594
350597
350604
350620
350631
350632
350643
350644
350653
350654
350820
350828
350831
350844
350848
350850
350856
350860
350868
350875
350878
350886
350893
350896
350898
350901
350909
350913
350914
350926
350927
353800
353812
353820
353827
353830
353838
353845
353848
353863
354018
354021
354031
354035
354036
354049
354050
354090
354097
354099
354111
354114
354117
354123
354126
354351
354354
354364
354365
354368
354369
354401
354411
354414
354417
354423
354426
354591
354592
354597
354603
354604
354626
354631
354636
354655
354809
354815
354821
354863
354868
354873
355019
355025
355031
355073
355078
355083
355229
355234
355235
355241
355246
355283
355288
355293
355294
355442
355447
355452
355466
355475
355476
355480
355485
355486
355641
355647
355649
355652
355659
355675
355686
355687
355698
355699
355708
355709
355875
355883
355886
355899
355903
355905
355911
355915
355923
355930
355933
355941
355948
355951
355953
355956
355964
355968
355969
355981
355982
358855
358867
358875
358882
358885
358893
358900
358903
358918
359073
359076
359086
359090
359091
359104
359105
359145
359152
359154
359166
359169
359172
359178
359181
359406
359409
359419
359420
359423
359424
359456
359466
359469
359472
359478
359481
359646
359647
359652
359658
359659
359681
359686
359691
359710
359864
359870
359876
359918
359923
359928
360074
360080
360086
360128
360133
360138
360284
360289
360290
360296
360301
360338
360343
360348
360349
360497
360502
360507
360521
360530
360531
360535
360540
360541
360696
360702
360704
360707
360714
360730
360741
360742
360753
360754
360763
360764
360930
360938
360941
360954
360958
360960
360966
360970
360978
360985
360988
360996
361003
361006
361008
361011
361019
361023
361024
361036
361037
363910
363922
363930
363937
363940
363948
363955
363958
363973
364128
364131
364141
364145
364146
364159
364160
364200
364207
364209
364221
364224
364227
364233
364236
364461
364464
364474
364475
364478
364479
364511
364521
364524
364527
364533
364536
364701
364702
364707
364713
364714
364736
364741
364746
364765
364919
364925
364931
364973
364978
364983
365129
365135
365141
365183
365188
365193
365339
365344
365345
365351
365356
365393
365398
365403
365404
365552
365557
365562
365576
365585
365586
365590
365595
365596
365751
365757
365759
365762
365769
365785
365796
365797
365808
365809
365818
365819
365985
365993
365996
366009
366013
366015
366021
366025
366033
366040
366043
366051
366058
366061
366063
366066
366074
366078
366079
366091
366092
368965
368977
368985
368992
368995
369003
369010
369013
369028
369183
369186
369196
369200
369201
369214
369215
369255
369262
369264
369276
369279
369282
369288
369291
369516
369519
369529
369530
369533
369534
369566
369576
369579
369582
369588
369591
369756
369757
369762
369768
369769
369791
369796
369801
369820
369974
369980
369986
370028
370033
370038
370184
370190
370196
370238
370243
370248
370394
370399
370400
370406
370411
370448
370453
370458
370459
370607
370612
370617
370631
370640
370641
370645
370650
370651
370806
370812
370814
370817
370824
370840
370851
370852
370863
370864
370873
370874
371040
371048
371051
371064
371068
371070
371076
371080
371088
371095
371098
371106
371113
371116
371118
371121
371129
371133
371134
371146
371147
374020
374032
374040
374047
374050
374058
374065
374068
374083
374238
374241
374251
374255
374256
374269
374270
374310
374317
374319
374331
374334
374337
374343
374346
374571
374574
374584
374585
374588
374589
374621
374631
374634
374637
374643
374646
374811
374812
374817
374823
374824
374846
374851
374856
374875
375029
375035
375041
375083
375088
375093
375239
375245
375251
375293
375298
375303
375449
375454
375455
375461
375466
375503
375508
375513
375514
375662
375667
375672
375686
375695
375696
375700
375705
375706
375861
375867
375869
375872
375879
375895
375906
375907
375918
375919
375928
375929
376095
376103
376106
376119
376123
376125
376131
376135
376143
376150
376153
376161
376168
376171
376173
376176
376184
376188
376189
376201
376202
379075
379087
379095
379102
379105
379113
379120
379123
379138
379293
379296
379306
379310
379311
379324
379325
379365
379372
379374
379386
379389
379392
379398
379401
379626
379629
379639
379640
379643
379644
379676
379686
379689
379692
379698
379701
379866
379867
379872
379878
379879
379901
379906
379911
379930
380084
380090
380096
380138
380143
380148
380294
380300
380306
380348
380353
380358
380504
380509
380510
380516
380521
380558
380563
380568
380569
380717
380722
380727
380741
380750
380751
380755
380760
380761
380916
380922
380924
380927
380934
380950
380961
380962
380973
380974
380983
380984
381150
381158
381161
381174
381178
381180
381186
381190
381198
381205
381208
381216
381223
381226
381228
381231
381239
381243
381244
381256
381257
384130
384142
384150
384157
384160
384168
384175
384178
384193
384348
384351
384361
384365
384366
384379
384380
384420
384427
384429
384441
384444
384447
384453
384456
384681
384684
384694
384695
384698
384699
384731
384741
384744
384747
384753
384756
384921
384922
384927
384933
384934
384956
384961
384966
384985
385139
385145
385151
385193
385198
385203
385349
385355
385361
385403
385408
385413
385559
385564
385565
385571
385576
385613
385618
385623
385624
385772
385777
385782
385796
385805
385806
385810
385815
385816
385971
385977
385979
385982
385989
386005
386016
386017
386028
386029
386038
386039
386205
386213
386216
386229
386233
386235
386241
386245
386253
386260
386263
386271
386278
386281
386283
386286
386294
386298
386299
386311
386312
389185
389197
389205
389212
389215
389223
389230
389233
389248
389403
389406
389416
389420
389421
389434
389435
389475
389482
389484
389496
389499
389502
389508
389511
389736
389739
389749
389750
389753
389754
389786
389796
389799
389802
389808
389811
389976
389977
389982
389988
389989
390011
390016
390021
390040
390194
390200
390206
390248
390253
390258
390404
390410
390416
390458
390463
390468
390614
390619
390620
390626
390631
390668
390673
390678
390679
390827
390832
390837
390851
390860
390861
390865
390870
390871
391026
391032
391034
391037
391044
391060
391071
391072
391083
391084
391093
391094
391260
391268
391271
391284
391288
391290
391296
391300
391308
391315
391318
391326
391333
391336
391338
391341
391349
391353
391354
391366
391367
394240
394252
394260
394267
394270
394278
394285
394288
394303
394458
394461
394471
394475
394476
394489
394490
394530
394537
394539
394551
394554
394557
394563
394566
394791
394794
394804
394805
394808
394809
394841
394851
394854
394857
394863
394866
395031
395032
395037
395043
395044
395066
395071
395076
395095
395249
395255
395261
395303
395308
395313
395459
395465
395471
395513
395518
395523
395669
395674
395675
395681
395686
395723
395728
395733
395734
395882
395887
395892
395906
395915
395916
395920
395925
395926
396081
396087
396089
396092
396099
396115
396126
396127
396138
396139
396148
396149
396315
396323
396326
396339
396343
396345
396351
396355
396363
396370
396373
396381
396388
396391
396393
396396
396404
396408
396409
396421
396422
399295
399307
399315
399322
399325
399333
399340
399343
399358
399513
399516
399526
399530
399531
399544
399545
399585
399592
399594
399606
399609
399612
399618
399621
399846
399849
399859
399860
399863
399864
399896
399906
399909
399912
399918
399921
400086
400087
400092
400098
400099
400121
400126
400131
400150
400304
400310
400316
400358
400363
400368
400514
400520
400526
400568
400573
400578
400724
400729
400730
400736
400741
400778
400783
400788
400789
400937
400942
400947
400961
400970
400971
400975
400980
400981
401136
401142
401144
401147
401154
401170
401181
401182
401193
401194
401203
401204
401370
401378
401381
401394
401398
401400
401406
401410
401418
401425
401428
401436
401443
401446
401448
401451
401459
401463
401464
401476
401477
404350
404362
404370
404377
404380
404388
404395
404398
404413
404568
404571
404581
404585
404586
404599
404600
404640
404647
404649
404661
404664
404667
404673
404676
404901
404904
404914
404915
404918
404919
404951
404961
404964
404967
404973
404976
405141
405142
405147
405153
405154
405176
405181
405186
405205
405359
405365
405371
405413
405418
405423
405569
405575
405581
405623
405628
405633
405779
405784
405785
405791
405796
405833
405838
405843
405844
405992
405997
406002
406016
406025
406026
406030
406035
406036
406191
406197
406199
406202
406209
406225
406236
406237
406248
406249
406258
406259
406425
406433
406436
406449
406453
406455
406461
406465
406473
406480
406483
406491
406498
406501
406503
406506
406514
406518
406519
406531
406532
409405
409417
409425
409432
409435
409443
409450
409453
409468
409623
409626
409636
409640
409641
409654
409655
409695
409702
409704
409716
409719
409722
409728
409731
409956
409959
409969
409970
409973
409974
410006
410016
410019
410022
410028
410031
410196
410197
410202
410208
410209
410231
410236
410241
410260
410414
410420
410426
410468
410473
410478
410624
410630
410636
410678
410683
410688
410834
410839
410840
410846
410851
410888
410893
410898
410899
411047
411052
411057
411071
411080
411081
411085
411090
411091
411246
411252
411254
411257
411264
411280
411291
411292
411303
411304
411313
411314
411480
411488
411491
411504
411508
411510
411516
411520
411528
411535
411538
411546
411553
411556
411558
411561
411569
411573
411574
411586
411587
414460
414472
414480
414487
414490
414498
414505
414508
414523
414678
414681
414691
414695
414696
414709
414710
414750
414757
414759
414771
414774
414777
414783
414786
415011
415014
415024
415025
415028
415029
415061
415071
415074
415077
415083
415086
415251
415252
415257
415263
415264
415286
415291
415296
415315
415469
415475
415481
415523
415528
415533
415679
415685
415691
415733
415738
415743
415889
415894
415895
415901
415906
415943
415948
415953
415954
416102
416107
416112
416126
416135
416136
416140
416145
416146
416301
416307
416309
416312
416319
416335
416346
416347
416358
416359
416368
416369
416535
416543
416546
416559
416563
416565
416571
416575
416583
416590
416593
416601
416608
416611
416613
416616
416624
416628
416629
416641
416642
419515
419527
419535
419542
419545
419553
419560
419563
419578
419733
419736
419746
419750
419751
419764
419765
419805
419812
419814
419826
419829
419832
419838
419841
420066
420069
420079
420080
420083
420084
420116
420126
420129
420132
420138
420141
420306
420307
420312
420318
420319
420341
420346
420351
420370
420524
420530
420536
420578
420583
420588
420734
420740
420746
420788
420793
420798
420944
420949
420950
420956
420961
420998
421003
421008
421009
421157
421162
421167
421181
421190
421191
421195
421200
421201
421356
421362
421364
421367
421374
421390
421401
421402
421413
421414
421423
421424
421590
421598
421601
421614
421618
421620
421626
421630
421638
421645
421648
421656
421663
421666
421668
421671
421679
421683
421684
421696
421697
424570
424582
424590
424597
424600
424608
424615
424618
424633
424788
424791
424801
424805
424806
424819
424820
424860
424867
424869
424881
424884
424887
424893
424896
425121
425124
425134
425135
425138
425139
425171
425181
425184
425187
425193
425196
425361
425362
425367
425373
425374
425396
425401
425406
425425
425579
425585
425591
425633
425638
425643
425789
425795
425801
425843
425848
425853
425999
426004
426005
426011
426016
426053
426058
426063
426064
426212
426217
426222
426236
426245
426246
426250
426255
426256
426411
426417
426419
426422
426429
426445
426456
426457
426468
426469
426478
426479
426645
426653
426656
426669
426673
426675
426681
426685
426693
426700
426703
426711
426718
426721
426723
426726
426734
426738
426739
426751
426752
429625
429637
429645
429652
429655
429663
429670
429673
429688
429843
429846
429856
429860
429861
429874
429875
429915
429922
429924
429936
429939
429942
429948
429951
430176
430179
430189
430190
430193
430194
430226
430236
430239
430242
430248
430251
430416
430417
430422
430428
430429
430451
430456
430461
430480
430634
430640
430646
430688
430693
430698
430844
430850
430856
430898
430903
430908
431054
431059
431060
431066
431071
431108
431113
431118
431119
431267
431272
431277
431291
431300
431301
431305
431310
431311
431466
431472
431474
431477
431484
431500
431511
431512
431523
431524
431533
431534
431700
431708
431711
431724
431728
431730
431736
431740
431748
431755
431758
431766
431773
431776
431778
431781
431789
431793
431794
431806
431807
434680
434692
434700
434707
434710
434718
434725
434728
434743
434898
434901
434911
434915
434916
434929
434930
434970
434977
434979
434991
434994
434997
435003
435006
435231
435234
435244
435245
435248
435249
435281
435291
435294
435297
435303
435306
435471
435472
435477
435483
435484
435506
435511
435516
435535
435689
435695
435701
435743
435748
435753
435899
435905
435911
435953
435958
435963
436109
436114
436115
436121
436126
436163
436168
436173
436174
436322
436327
436332
436346
436355
436356
436360
436365
436366
436521
436527
436529
436532
436539
436555
436566
436567
436578
436579
436588
436589
436755
436763
436766
436779
436783
436785
436791
436795
436803
436810
436813
436821
436828
436831
436833
436836
436844
436848
436849
436861
436862
439735
439747
439755
439762
439765
439773
439780
439783
439798
439953
439956
439966
439970
439971
439984
439985
440025
440032
440034
440046
440049
440052
440058
440061
440286
440289
440299
440300
440303
440304
440336
440346
440349
440352
440358
440361
440526
440527
440532
440538
440539
440561
440566
440571
440590
440744
440750
440756
440798
440803
440808
440954
440960
440966
441008
441013
441018
441164
441169
441170
441176
441181
441218
441223
441228
441229
441377
441382
441387
441401
441410
441411
441415
441420
441421
441576
441582
441584
441587
441594
441610
441621
441622
441633
441634
441643
441644
441810
441818
441821
441834
441838
441840
441846
441850
441858
441865
441868
441876
441883
441886
441888
441891
441899
441903
441904
441916
441917
444790
444802
444810
444817
444820
444828
444835
444838
444853
445008
445011
445021
445025
445026
445039
445040
445080
445087
445089
445101
445104
445107
445113
445116
445341
445344
445354
445355
445358
445359
445391
445401
445404
445407
445413
445416
445581
445582
445587
445593
445594
445616
445621
445626
445645
445799
445805
445811
445853
445858
445863
446009
446015
446021
446063
446068
446073
446219
446224
446225
446231
446236
446273
446278
446283
446284
446432
446437
446442
446456
446465
446466
446470
446475
446476
446631
446637
446639
446642
446649
446665
446676
446677
446688
446689
446698
446699
446865
446873
446876
446889
446893
446895
446901
446905
446913
446920
446923
446931
446938
446941
446943
446946
446954
446958
446959
446971
446972
449845
449857
449865
449872
449875
449883
449890
449893
449908
450063
450066
450076
450080
450081
450094
450095
450135
450142
450144
450156
450159
450162
450168
450171
450396
450399
450409
450410
450413
450414
450446
450456
450459
450462
450468
450471
450636
450637
450642
450648
450649
450671
450676
450681
450700
450854
450860
450866
450908
450913
450918
451064
451070
451076
451118
451123
451128
451274
451279
451280
451286
451291
451328
451333
451338
451339
451487
451492
451497
451511
451520
451521
451525
451530
451531
451686
451692
451694
451697
451704
451720
451731
451732
451743
451744
451753
451754
451920
451928
451931
451944
451948
451950
451956
451960
451968
451975
451978
451986
451993
451996
451998
452001
452009
452013
452014
452026
452027
456727
456739
456747
456753
456755
456762
456768
456770
456784
456927
456930
456940
456943
456944
456955
456956
456993
457000
457002
457011
457014
457017
457022
457024
457224
457227
457237
457238
457240
457241
457348
457356
457359
457362
457367
457369
457671
457672
457677
457681
457682
457811
457816
457819
457836
458186
458192
458197
458348
458353
458357
458711
458717
458722
458873
458878
458882
459236
459241
459242
459247
459251
459398
459403
459407
459408
459764
459769
459772
459786
459902
459903
459907
459910
459911
460260
460266
460268
460271
460276
460290
460376
460377
460384
460385
460393
460394
460683
460691
460694
460703
460707
460709
460712
460715
460722
460728
460730
460737
460743
460745
460746
460748
460755
460757
460758
460768
460769
463618
463620
463621
463636
463638
463639
463654
463656
463657
463672
463674
463675
463825
463827
463828
463843
463845
463846
463861
463863
463864
463879
463881
463882
463897
463899
463900
463915
463917
463918
464140
464142
464143
464158
464160
464161
464176
464178
464179
464194
464196
464197
464212
464214
464215
464230
464232
464233
464248
464250
464251
464266
464268
464269
464563
464565
464566
464581
464583
464584
464599
464601
464602
464617
464619
464620
464635
464637
464638
464653
464655
464656
464671
464673
464674
464689
464691
464692
464986
464988
464989
465001
465003
465004
465019
465021
465022
465037
465039
465040
465055
465057
465058
465073
465075
465076
465091
465093
465094
465109
465111
465112
465391
465393
465394
465406
465408
465409
465424
465426
465427
465442
465444
465445
465460
465462
465463
465478
465480
465481
465688
465690
465691
465703
465705
465706
465718
465720
465721
465733
465735
465736
)
;
    flipMap         List<bool> 
4936
(
0
0
1
1
1
1
0
1
1
0
0
1
1
0
0
1
1
0
1
0
1
1
0
0
0
0
1
1
0
0
1
1
1
0
0
0
0
0
1
1
1
1
0
1
1
0
0
1
1
0
0
1
1
0
1
0
1
1
0
0
0
0
1
1
0
0
1
1
1
0
0
0
0
0
1
1
1
1
0
1
1
0
0
1
1
0
0
1
1
0
1
0
1
1
0
0
0
0
1
1
0
0
1
1
1
0
0
0
0
0
1
1
1
1
0
1
1
0
0
1
1
0
0
1
1
0
1
0
1
1
0
0
0
0
1
1
0
0
1
1
1
0
0
0
0
0
1
1
1
1
0
1
1
0
0
1
1
0
0
1
1
0
1
0
1
1
0
0
0
0
1
1
0
0
1
1
1
0
0
0
0
0
1
1
1
1
0
1
1
0
0
1
1
0
0
1
1
0
1
0
1
1
0
0
0
0
1
1
0
0
1
1
1
0
0
0
0
0
1
1
1
1
0
1
1
0
0
1
1
0
0
1
1
0
1
0
1
1
0
0
0
0
1
1
0
0
1
1
1
0
0
0
0
0
1
1
1
1
0
1
1
0
0
1
1
0
0
1
1
0
1
0
1
1
0
0
0
0
1
1
0
0
1
1
1
0
0
0
0
0
1
1
1
1
0
1
1
0
0
1
1
0
0
1
1
0
1
0
1
1
0
0
0
0
1
1
0
0
1
1
1
0
0
0
0
0
1
1
1
1
0
1
1
0
0
1
1
0
0
1
1
0
1
0
1
1
0
0
0
0
1
1
0
0
1
1
1
0
0
0
0
0
1
1
1
1
0
1
1
0
0
1
1
0
0
1
1
0
1
0
1
1
0
0
0
0
1
1
0
0
1
1
1
0
0
0
0
0
1
1
1
1
0
1
1
0
0
1
1
0
0
1
1
0
1
0
1
1
0
0
0
0
1
1
0
0
1
1
1
0
0
0
0
0
1
1
1
1
0
1
1
0
0
1
1
0
0
1
1
0
1
0
1
1
0
0
0
0
1
1
0
0
1
1
1
0
0
0
0
0
1
1
1
1
0
1
1
0
0
1
1
0
0
1
1
0
1
0
1
1
0
0
0
0
1
1
0
0
1
1
1
0
0
0
0
0
1
1
1
1
0
1
1
0
0
1
1
0
0
1
1
0
1
0
1
1
0
0
0
0
1
1
0
0
1
1
1
0
0
0
0
0
1
1
1
1
0
1
1
0
0
1
1
0
0
1
1
0
1
0
1
1
0
0
0
0
1
1
0
0
1
1
1
0
0
0
0
0
1
1
1
1
0
1
1
0
0
1
1
0
0
1
1
0
1
0
1
1
0
0
0
0
1
1
0
0
1
1
1
0
0
0
0
0
1
1
1
1
0
1
1
0
0
1
1
0
0
1
1
0
1
0
1
1
0
0
0
0
1
1
0
0
1
1
1
0
0
0
0
0
1
1
1
1
0
1
1
0
0
1
1
0
0
1
1
0
1
0
1
1
0
0
0
0
1
1
0
0
1
1
1
0
0
0
0
0
1
1
1
1
0
1
1
0
0
1
1
0
0
1
1
0
1
0
1
1
0
0
0
0
1
1
0
0
1
1
1
0
0
0
0
0
1
1
1
1
0
1
1
0
0
1
1
0
0
1
1
0
1
0
1
1
0
0
0
0
1
1
0
0
1
1
1
0
0
0
0
0
1
1
1
1
0
1
1
0
0
1
1
0
0
1
1
0
1
0
1
1
0
0
0
0
1
1
0
0
1
1
1
0
0
0
0
0
1
1
1
1
0
1
1
0
0
1
1
0
0
1
1
0
1
0
1
1
0
0
0
0
1
1
0
0
1
1
1
0
0
0
0
0
1
1
1
1
0
1
1
0
0
1
1
0
0
1
1
0
1
0
1
1
0
0
0
0
1
1
0
0
1
1
1
0
0
0
0
0
1
1
1
1
0
1
1
0
0
1
1
0
0
1
1
0
1
0
1
1
0
0
0
0
1
1
0
0
1
1
1
0
0
0
0
0
1
1
1
1
0
1
1
0
0
1
1
0
0
1
1
0
1
0
1
1
0
0
0
0
1
1
0
0
1
1
1
0
0
0
0
0
1
1
1
1
0
1
1
0
0
1
1
0
0
1
1
0
1
0
1
1
0
0
0
0
1
1
0
0
1
1
1
0
0
0
0
0
1
1
1
1
0
1
1
0
0
1
1
0
0
1
1
0
1
0
1
1
0
0
0
0
1
1
0
0
1
1
1
0
0
0
0
0
1
1
1
1
0
1
1
0
0
1
1
0
0
1
1
0
1
0
1
1
0
0
0
0
1
1
0
0
1
1
1
0
0
0
0
0
1
1
1
1
0
1
1
0
0
1
1
0
0
1
1
0
1
0
1
1
0
0
0
0
1
1
0
0
1
1
1
0
0
0
0
0
1
1
1
1
0
1
1
0
0
1
1
0
0
1
1
0
1
0
1
1
0
0
0
0
1
1
0
0
1
1
1
0
0
0
0
0
1
1
1
1
0
1
1
0
0
1
1
0
0
1
1
0
1
0
1
1
0
0
0
0
1
1
0
0
1
1
1
0
0
0
0
0
1
1
1
1
1
1
1
0
1
1
1
1
1
1
1
1
0
0
1
1
1
1
1
1
1
1
1
1
0
0
1
1
1
1
1
1
1
1
1
1
1
0
1
1
1
1
1
1
1
1
1
1
0
1
1
1
1
1
1
1
1
1
1
1
1
1
1
1
1
1
1
1
0
0
0
0
1
1
1
1
1
1
1
1
1
0
0
1
1
1
1
1
1
1
1
0
0
0
0
0
1
1
1
1
1
1
1
1
1
1
1
1
1
0
1
1
1
1
0
0
0
1
1
1
1
1
1
1
1
1
0
0
0
1
1
1
1
1
1
1
1
0
1
1
1
1
0
1
1
1
1
0
1
1
1
1
0
1
1
1
1
1
1
1
1
1
1
0
1
1
1
1
1
1
1
1
1
1
1
0
1
1
1
1
1
1
1
1
1
1
1
1
1
1
0
0
0
0
0
0
0
0
0
0
0
0
0
0
0
0
0
1
0
1
0
0
1
0
0
0
0
0
0
0
1
1
0
0
1
0
0
0
0
0
0
1
1
1
0
0
0
0
1
1
1
0
0
0
1
1
1
0
1
0
0
1
1
1
1
1
0
0
0
1
1
1
1
1
1
1
0
0
1
0
1
1
1
1
1
1
1
1
0
1
0
1
1
0
1
1
1
1
1
1
1
1
1
1
1
1
1
1
0
0
0
0
0
0
0
0
0
0
0
0
0
0
0
0
0
1
0
1
0
0
1
0
0
0
0
0
0
0
1
1
0
0
1
0
0
0
0
0
0
1
1
1
0
0
0
0
1
1
1
0
0
0
1
1
1
0
1
0
0
1
1
1
1
1
0
0
0
1
1
1
1
1
1
1
0
0
1
0
1
1
1
1
1
1
1
1
0
1
0
1
1
0
1
1
1
1
1
1
1
1
1
1
1
1
1
1
0
0
0
0
0
0
0
0
0
0
0
0
0
0
0
0
0
1
0
1
0
0
1
0
0
0
0
0
0
0
1
1
0
0
1
0
0
0
0
0
0
1
1
1
0
0
0
0
1
1
1
0
0
0
1
1
1
0
1
0
0
1
1
1
1
1
0
0
0
1
1
1
1
1
1
1
0
0
1
0
1
1
1
1
1
1
1
1
0
1
0
1
1
0
1
1
1
1
1
1
1
1
1
1
1
1
1
1
0
0
0
0
0
0
0
0
0
0
0
0
0
0
0
0
0
1
0
1
0
0
1
0
0
0
0
0
0
0
1
1
0
0
1
0
0
0
0
0
0
1
1
1
0
0
0
0
1
1
1
0
0
0
1
1
1
0
1
0
0
1
1
1
1
1
0
0
0
1
1
1
1
1
1
1
0
0
1
0
1
1
1
1
1
1
1
1
0
1
0
1
1
0
1
1
1
1
1
1
1
1
1
1
1
1
1
1
0
0
0
0
0
0
0
0
0
0
0
0
0
0
0
0
0
1
0
1
0
0
1
0
0
0
0
0
0
0
1
1
0
0
1
0
0
0
0
0
0
1
1
1
0
0
0
0
1
1
1
0
0
0
1
1
1
0
1
0
0
1
1
1
1
1
0
0
0
1
1
1
1
1
1
1
0
0
1
0
1
1
1
1
1
1
1
1
0
1
0
1
1
0
1
1
1
1
1
1
1
1
1
1
1
1
1
1
0
0
0
0
0
0
0
0
0
0
0
0
0
0
0
0
0
1
0
1
0
0
1
0
0
0
0
0
0
0
1
1
0
0
1
0
0
0
0
0
0
1
1
1
0
0
0
0
1
1
1
0
0
0
1
1
1
0
1
0
0
1
1
1
1
1
0
0
0
1
1
1
1
1
1
1
0
0
1
0
1
1
1
1
1
1
1
1
0
1
0
1
1
0
1
1
1
1
1
1
1
1
1
1
1
1
1
1
0
0
0
0
0
0
0
0
0
0
0
0
0
0
0
0
0
1
0
1
0
0
1
0
0
0
0
0
0
0
1
1
0
0
1
0
0
0
0
0
0
1
1
1
0
0
0
0
1
1
1
0
0
0
1
1
1
0
1
0
0
1
1
1
1
1
0
0
0
1
1
1
1
1
1
1
0
0
1
0
1
1
1
1
1
1
1
1
0
1
0
1
1
0
1
1
1
1
1
1
1
1
1
1
1
1
1
1
0
0
0
0
0
0
0
0
0
0
0
0
0
0
0
0
0
1
0
1
0
0
1
0
0
0
0
0
0
0
1
1
0
0
1
0
0
0
0
0
0
1
1
1
0
0
0
0
1
1
1
0
0
0
1
1
1
0
1
0
0
1
1
1
1
1
0
0
0
1
1
1
1
1
1
1
0
0
1
0
1
1
1
1
1
1
1
1
0
1
0
1
1
0
1
1
1
1
1
1
1
1
1
1
1
1
1
1
0
0
0
0
0
0
0
0
0
0
0
0
0
0
0
0
0
1
0
1
0
0
1
0
0
0
0
0
0
0
1
1
0
0
1
0
0
0
0
0
0
1
1
1
0
0
0
0
1
1
1
0
0
0
1
1
1
0
1
0
0
1
1
1
1
1
0
0
0
1
1
1
1
1
1
1
0
0
1
0
1
1
1
1
1
1
1
1
0
1
0
1
1
0
1
1
1
1
1
1
1
1
1
1
1
1
1
1
0
0
0
0
0
0
0
0
0
0
0
0
0
0
0
0
0
1
0
1
0
0
1
0
0
0
0
0
0
0
1
1
0
0
1
0
0
0
0
0
0
1
1
1
0
0
0
0
1
1
1
0
0
0
1
1
1
0
1
0
0
1
1
1
1
1
0
0
0
1
1
1
1
1
1
1
0
0
1
0
1
1
1
1
1
1
1
1
0
1
0
1
1
0
1
1
1
1
1
1
1
1
1
1
1
1
1
1
0
0
0
0
0
0
0
0
0
0
0
0
0
0
0
0
0
1
0
1
0
0
1
0
0
0
0
0
0
0
1
1
0
0
1
0
0
0
0
0
0
1
1
1
0
0
0
0
1
1
1
0
0
0
1
1
1
0
1
0
0
1
1
1
1
1
0
0
0
1
1
1
1
1
1
1
0
0
1
0
1
1
1
1
1
1
1
1
0
1
0
1
1
0
1
1
1
1
1
1
1
1
1
1
1
1
1
1
0
0
0
0
0
0
0
0
0
0
0
0
0
0
0
0
0
1
0
1
0
0
1
0
0
0
0
0
0
0
1
1
0
0
1
0
0
0
0
0
0
1
1
1
0
0
0
0
1
1
1
0
0
0
1
1
1
0
1
0
0
1
1
1
1
1
0
0
0
1
1
1
1
1
1
1
0
0
1
0
1
1
1
1
1
1
1
1
0
1
0
1
1
0
1
1
1
1
1
1
1
1
1
1
1
1
1
1
0
0
0
0
0
0
0
0
0
0
0
0
0
0
0
0
0
1
0
1
0
0
1
0
0
0
0
0
0
0
1
1
0
0
1
0
0
0
0
0
0
1
1
1
0
0
0
0
1
1
1
0
0
0
1
1
1
0
1
0
0
1
1
1
1
1
0
0
0
1
1
1
1
1
1
1
0
0
1
0
1
1
1
1
1
1
1
1
0
1
0
1
1
0
1
1
1
1
1
1
1
1
1
1
1
1
1
1
0
0
0
0
0
0
0
0
0
0
0
0
0
0
0
0
0
1
0
1
0
0
1
0
0
0
0
0
0
0
1
1
0
0
1
0
0
0
0
0
0
1
1
1
0
0
0
0
1
1
1
0
0
0
1
1
1
0
1
0
0
1
1
1
1
1
0
0
0
1
1
1
1
1
1
1
0
0
1
0
1
1
1
1
1
1
1
1
0
1
0
1
1
0
1
1
1
1
1
1
1
1
1
1
1
1
1
1
0
0
0
0
0
0
0
0
0
0
0
0
0
0
0
0
0
1
0
1
0
0
1
0
0
0
0
0
0
0
1
1
0
0
1
0
0
0
0
0
0
1
1
1
0
0
0
0
1
1
1
0
0
0
1
1
1
0
1
0
0
1
1
1
1
1
0
0
0
1
1
1
1
1
1
1
0
0
1
0
1
1
1
1
1
1
1
1
0
1
0
1
1
0
1
1
1
1
1
1
1
1
1
1
1
1
1
1
0
0
0
0
0
0
0
0
0
0
0
0
0
0
0
0
0
1
0
1
0
0
1
0
0
0
0
0
0
0
1
1
0
0
1
0
0
0
0
0
0
1
1
1
0
0
0
0
1
1
1
0
0
0
1
1
1
0
1
0
0
1
1
1
1
1
0
0
0
1
1
1
1
1
1
1
0
0
1
0
1
1
1
1
1
1
1
1
0
1
0
1
1
0
1
1
1
1
1
1
1
1
1
1
1
1
1
1
0
0
0
0
0
0
0
0
0
0
0
0
0
0
0
0
0
1
0
1
0
0
1
0
0
0
0
0
0
0
1
1
0
0
1
0
0
0
0
0
0
1
1
1
0
0
0
0
1
1
1
0
0
0
1
1
1
0
1
0
0
1
1
1
1
1
0
0
0
1
1
1
1
1
1
1
0
0
1
0
1
1
1
1
1
1
1
1
0
1
0
1
1
0
1
1
1
1
1
1
1
1
1
1
1
1
1
1
0
0
0
0
0
0
0
0
0
0
0
0
0
0
0
0
0
1
0
1
0
0
1
0
0
0
0
0
0
0
1
1
0
0
1
0
0
0
0
0
0
1
1
1
0
0
0
0
1
1
1
0
0
0
1
1
1
0
1
0
0
1
1
1
1
1
0
0
0
1
1
1
1
1
1
1
0
0
1
0
1
1
1
1
1
1
1
1
0
1
0
1
1
0
1
1
1
1
1
1
1
1
1
1
1
1
1
1
0
0
0
0
0
0
0
0
0
0
0
0
0
0
0
0
0
1
0
1
0
0
1
0
0
0
0
0
0
0
1
1
0
0
1
0
0
0
0
0
0
1
1
1
0
0
0
0
1
1
1
0
0
0
1
1
1
0
1
0
0
1
1
1
1
1
0
0
0
1
1
1
1
1
1
1
0
0
1
0
1
1
1
1
1
1
1
1
0
1
0
1
1
0
1
1
1
1
1
1
1
1
1
1
1
1
1
1
0
0
0
0
0
0
0
0
0
0
0
0
0
0
0
0
0
1
0
1
0
0
1
0
0
0
0
0
0
0
1
1
0
0
1
0
0
0
0
0
0
1
1
1
0
0
0
0
1
1
1
0
0
0
1
1
1
0
1
0
0
1
1
1
1
1
0
0
0
1
1
1
1
1
1
1
0
0
1
0
1
1
1
1
1
1
1
1
0
1
0
1
1
0
1
1
1
1
1
1
1
1
1
1
1
1
1
1
0
0
0
0
0
0
0
0
0
0
0
0
0
0
0
0
0
1
0
1
0
0
1
0
0
0
0
0
0
0
1
1
0
0
1
0
0
0
0
0
0
1
1
1
0
0
0
0
1
1
1
0
0
0
1
1
1
0
1
0
0
1
1
1
1
1
0
0
0
1
1
1
1
1
1
1
0
0
1
0
1
1
1
1
1
1
1
1
0
1
0
1
1
0
1
1
1
1
1
1
1
1
1
1
1
1
1
1
0
0
0
0
0
0
0
0
0
0
0
0
0
0
0
0
0
1
0
1
0
0
1
0
0
0
0
0
0
0
1
1
0
0
1
0
0
0
0
0
0
1
1
1
0
0
0
0
1
1
1
0
0
0
1
1
1
0
1
0
0
1
1
1
1
1
0
0
0
1
1
1
1
1
1
1
0
0
1
0
1
1
1
1
1
1
1
1
0
1
0
1
1
0
1
1
1
1
1
1
1
1
1
1
1
1
1
1
0
0
0
0
0
0
0
0
0
0
0
0
0
0
0
0
0
1
0
1
0
0
1
0
0
0
0
0
0
0
1
1
0
0
1
0
0
0
0
0
0
1
1
1
0
0
0
0
1
1
1
0
0
0
1
1
1
0
1
0
0
1
1
1
1
1
0
0
0
1
1
1
1
1
1
1
0
0
1
0
1
1
1
1
1
1
1
1
0
1
0
1
1
0
1
1
1
1
1
1
1
1
1
1
1
1
1
1
0
0
0
0
0
0
0
0
0
0
0
0
0
0
0
0
0
1
0
1
0
0
1
0
0
0
0
0
0
0
1
1
0
0
1
0
0
0
0
0
0
1
1
1
0
0
0
0
1
1
1
0
0
0
1
1
1
0
1
0
0
1
1
1
1
1
0
0
0
1
1
1
1
1
1
1
0
0
1
0
1
1
1
1
1
1
1
1
0
1
0
1
1
0
1
1
1
1
1
1
1
1
1
1
1
1
1
1
0
0
0
0
0
0
0
0
0
0
0
0
0
0
0
0
0
1
0
1
0
0
1
0
0
0
0
0
0
0
1
1
0
0
1
0
0
0
0
0
0
1
1
1
0
0
0
0
1
1
1
0
0
0
1
1
1
0
1
0
0
1
1
1
1
1
0
0
0
1
1
1
1
1
1
1
0
0
1
0
1
1
1
1
1
1
1
1
0
1
0
1
1
0
1
1
1
1
1
1
1
1
1
1
1
1
1
1
0
0
0
0
0
0
0
0
0
0
0
0
0
0
0
0
0
1
0
1
0
0
1
0
0
0
0
0
0
0
1
1
0
0
1
0
0
0
0
0
0
1
1
1
0
0
0
0
1
1
1
0
0
0
1
1
1
0
1
0
0
1
1
1
1
1
0
0
0
1
1
1
1
1
1
1
0
0
1
0
1
1
1
1
1
1
1
1
0
1
0
1
1
0
1
1
1
1
1
1
1
1
1
1
1
1
1
1
0
0
0
0
0
0
0
0
0
0
0
0
0
0
0
0
0
1
0
1
0
0
1
0
0
0
0
0
0
0
1
1
0
0
1
0
0
0
0
0
0
1
1
1
0
0
0
0
1
1
1
0
0
0
1
1
1
0
1
0
0
1
1
1
1
1
0
0
0
1
1
1
1
1
1
1
0
0
1
0
1
1
1
1
1
1
1
1
0
1
0
1
1
0
1
1
1
1
1
1
1
1
1
1
1
1
1
1
0
0
0
0
0
0
0
0
0
0
0
0
0
0
0
0
0
1
0
1
0
0
1
0
0
0
0
0
0
0
1
1
0
0
1
0
0
0
0
0
0
1
1
1
0
0
0
0
1
1
1
0
0
0
1
1
1
0
1
0
0
1
1
1
1
1
0
0
0
1
1
1
1
1
1
1
0
0
1
0
1
1
1
1
1
1
1
1
0
1
0
1
1
0
1
1
1
1
1
1
1
1
1
1
1
1
1
1
0
0
0
0
0
0
0
0
0
0
0
0
0
0
0
0
0
1
0
1
0
0
1
0
0
0
0
0
0
0
1
1
0
0
1
0
0
0
0
0
0
1
1
1
0
0
0
0
1
1
1
0
0
0
1
1
1
0
1
0
0
1
1
1
1
1
0
0
0
1
1
1
1
1
1
1
0
0
1
0
1
1
1
1
1
1
1
1
0
1
0
1
1
0
1
1
1
1
1
1
1
1
1
1
1
1
1
1
0
0
0
0
0
0
0
0
0
0
0
0
0
0
0
0
0
1
0
1
0
0
1
0
0
0
0
0
0
0
1
1
0
0
1
0
0
0
0
0
0
1
1
1
0
0
0
0
1
1
1
0
0
0
1
1
1
0
1
0
0
1
1
1
1
1
0
0
0
1
1
1
1
1
1
1
0
0
1
0
1
1
1
1
1
1
1
1
0
1
0
1
1
0
1
1
1
1
1
1
1
1
1
1
1
1
1
1
0
0
0
0
0
0
0
0
0
0
0
0
0
0
0
0
0
1
0
1
0
0
1
0
0
0
0
0
0
0
1
1
0
0
1
0
0
0
0
0
0
1
1
1
0
0
0
0
1
1
1
0
0
0
1
1
1
0
1
0
0
1
1
1
1
1
0
0
0
1
1
1
1
1
1
1
0
0
1
0
1
1
1
1
1
1
1
1
0
1
0
1
1
0
1
1
1
1
1
1
1
1
1
1
1
1
1
1
0
0
0
0
0
0
0
0
0
0
0
0
0
0
0
0
0
1
0
1
0
0
1
0
0
0
0
0
0
0
1
1
0
0
1
0
0
0
0
0
0
1
1
1
0
0
0
0
1
1
1
0
0
0
1
1
1
0
1
0
0
1
1
1
1
1
0
0
0
1
1
1
1
1
1
1
0
0
1
0
1
1
1
1
1
1
1
1
0
1
0
1
1
0
1
1
1
1
1
1
1
1
1
1
1
1
1
1
1
1
1
1
1
1
1
1
1
1
1
1
1
1
1
1
1
1
1
1
1
1
1
1
1
1
1
1
1
1
1
1
1
1
1
1
1
1
1
1
1
1
1
1
1
1
1
1
1
1
1
1
1
1
1
1
1
1
1
1
1
1
1
1
1
1
1
1
1
1
1
1
1
1
1
1
1
1
1
1
1
1
1
1
1
1
1
1
1
1
1
1
1
1
1
1
1
1
1
1
1
1
1
1
1
1
1
1
1
1
1
1
1
1
1
1
1
1
1
1
1
1
1
1
1
1
1
1
1
1
1
1
)
;
}
fluid_to_cell4
{
    type            faceZone;
    faceLabels      List<label> 
4936
(
4275
4276
4278
4283
4288
4290
4295
4616
4617
4656
4658
4976
4977
5026
5326
5363
5365
5646
5685
5967
6006
6306
6351
6352
6660
6661
6701
6702
7018
7019
7025
7043
7044
7377
7382
7387
12291
12292
12295
12301
12307
12309
12315
12656
12657
12700
12702
13035
13036
13087
13397
13437
13439
13731
13773
14066
14108
14419
14466
14467
14789
14790
14835
14836
15171
15172
15179
15201
15202
15553
15559
15565
20476
20477
20480
20486
20492
20494
20500
20841
20842
20885
20887
21220
21221
21272
21582
21622
21624
21916
21958
22251
22293
22604
22651
22652
22974
22975
23020
23021
23356
23357
23364
23386
23387
23738
23744
23750
28661
28662
28665
28671
28677
28679
28685
29026
29027
29070
29072
29405
29406
29457
29767
29807
29809
30101
30143
30436
30478
30789
30836
30837
31159
31160
31205
31206
31541
31542
31549
31571
31572
31923
31929
31935
36846
36847
36850
36856
36862
36864
36870
37211
37212
37255
37257
37590
37591
37642
37952
37992
37994
38286
38328
38621
38663
38974
39021
39022
39344
39345
39390
39391
39726
39727
39734
39756
39757
40108
40114
40120
45031
45032
45035
45041
45047
45049
45055
45396
45397
45440
45442
45775
45776
45827
46137
46177
46179
46471
46513
46806
46848
47159
47206
47207
47529
47530
47575
47576
47911
47912
47919
47941
47942
48293
48299
48305
53216
53217
53220
53226
53232
53234
53240
53581
53582
53625
53627
53960
53961
54012
54322
54362
54364
54656
54698
54991
55033
55344
55391
55392
55714
55715
55760
55761
56096
56097
56104
56126
56127
56478
56484
56490
61401
61402
61405
61411
61417
61419
61425
61766
61767
61810
61812
62145
62146
62197
62507
62547
62549
62841
62883
63176
63218
63529
63576
63577
63899
63900
63945
63946
64281
64282
64289
64311
64312
64663
64669
64675
69586
69587
69590
69596
69602
69604
69610
69951
69952
69995
69997
70330
70331
70382
70692
70732
70734
71026
71068
71361
71403
71714
71761
71762
72084
72085
72130
72131
72466
72467
72474
72496
72497
72848
72854
72860
77771
77772
77775
77781
77787
77789
77795
78136
78137
78180
78182
78515
78516
78567
78877
78917
78919
79211
79253
79546
79588
79899
79946
79947
80269
80270
80315
80316
80651
80652
80659
80681
80682
81033
81039
81045
85956
85957
85960
85966
85972
85974
85980
86321
86322
86365
86367
86700
86701
86752
87062
87102
87104
87396
87438
87731
87773
88084
88131
88132
88454
88455
88500
88501
88836
88837
88844
88866
88867
89218
89224
89230
94141
94142
94145
94151
94157
94159
94165
94506
94507
94550
94552
94885
94886
94937
95247
95287
95289
95581
95623
95916
95958
96269
96316
96317
96639
96640
96685
96686
97021
97022
97029
97051
97052
97403
97409
97415
102326
102327
102330
102336
102342
102344
102350
102691
102692
102735
102737
103070
103071
103122
103432
103472
103474
103766
103808
104101
104143
104454
104501
104502
104824
104825
104870
104871
105206
105207
105214
105236
105237
105588
105594
105600
110511
110512
110515
110521
110527
110529
110535
110876
110877
110920
110922
111255
111256
111307
111617
111657
111659
111951
111993
112286
112328
112639
112686
112687
113009
113010
113055
113056
113391
113392
113399
113421
113422
113773
113779
113785
118696
118697
118700
118706
118712
118714
118720
119061
119062
119105
119107
119440
119441
119492
119802
119842
119844
120136
120178
120471
120513
120824
120871
120872
121194
121195
121240
121241
121576
121577
121584
121606
121607
121958
121964
121970
126881
126882
126885
126891
126897
126899
126905
127246
127247
127290
127292
127625
127626
127677
127987
128027
128029
128321
128363
128656
128698
129009
129056
129057
129379
129380
129425
129426
129761
129762
129769
129791
129792
130143
130149
130155
135066
135067
135070
135076
135082
135084
135090
135431
135432
135475
135477
135810
135811
135862
136172
136212
136214
136506
136548
136841
136883
137194
137241
137242
137564
137565
137610
137611
137946
137947
137954
137976
137977
138328
138334
138340
143251
143252
143255
143261
143267
143269
143275
143616
143617
143660
143662
143995
143996
144047
144357
144397
144399
144691
144733
145026
145068
145379
145426
145427
145749
145750
145795
145796
146131
146132
146139
146161
146162
146513
146519
146525
151436
151437
151440
151446
151452
151454
151460
151801
151802
151845
151847
152180
152181
152232
152542
152582
152584
152876
152918
153211
153253
153564
153611
153612
153934
153935
153980
153981
154316
154317
154324
154346
154347
154698
154704
154710
159621
159622
159625
159631
159637
159639
159645
159986
159987
160030
160032
160365
160366
160417
160727
160767
160769
161061
161103
161396
161438
161749
161796
161797
162119
162120
162165
162166
162501
162502
162509
162531
162532
162883
162889
162895
167806
167807
167810
167816
167822
167824
167830
168171
168172
168215
168217
168550
168551
168602
168912
168952
168954
169246
169288
169581
169623
169934
169981
169982
170304
170305
170350
170351
170686
170687
170694
170716
170717
171068
171074
171080
175991
175992
175995
176001
176007
176009
176015
176356
176357
176400
176402
176735
176736
176787
177097
177137
177139
177431
177473
177766
177808
178119
178166
178167
178489
178490
178535
178536
178871
178872
178879
178901
178902
179253
179259
179265
184176
184177
184180
184186
184192
184194
184200
184541
184542
184585
184587
184920
184921
184972
185282
185322
185324
185616
185658
185951
185993
186304
186351
186352
186674
186675
186720
186721
187056
187057
187064
187086
187087
187438
187444
187450
192361
192362
192365
192371
192377
192379
192385
192726
192727
192770
192772
193105
193106
193157
193467
193507
193509
193801
193843
194136
194178
194489
194536
194537
194859
194860
194905
194906
195241
195242
195249
195271
195272
195623
195629
195635
200546
200547
200550
200556
200562
200564
200570
200911
200912
200955
200957
201290
201291
201342
201652
201692
201694
201986
202028
202321
202363
202674
202721
202722
203044
203045
203090
203091
203426
203427
203434
203456
203457
203808
203814
203820
208731
208732
208735
208741
208747
208749
208755
209096
209097
209140
209142
209475
209476
209527
209837
209877
209879
210171
210213
210506
210548
210859
210906
210907
211229
211230
211275
211276
211611
211612
211619
211641
211642
211993
211999
212005
216916
216917
216920
216926
216932
216934
216940
217281
217282
217325
217327
217660
217661
217712
218022
218062
218064
218356
218398
218691
218733
219044
219091
219092
219414
219415
219460
219461
219796
219797
219804
219826
219827
220178
220184
220190
225101
225102
225105
225111
225117
225119
225125
225466
225467
225510
225512
225845
225846
225897
226207
226247
226249
226541
226583
226876
226918
227229
227276
227277
227599
227600
227645
227646
227981
227982
227989
228011
228012
228363
228369
228375
233286
233287
233290
233296
233302
233304
233310
233651
233652
233695
233697
234030
234031
234082
234392
234432
234434
234726
234768
235061
235103
235414
235461
235462
235784
235785
235830
235831
236166
236167
236174
236196
236197
236548
236554
236560
241471
241472
241475
241481
241487
241489
241495
241836
241837
241880
241882
242215
242216
242267
242577
242617
242619
242911
242953
243246
243288
243599
243646
243647
243969
243970
244015
244016
244351
244352
244359
244381
244382
244733
244739
244745
249962
249963
249966
249972
249978
249980
249986
250333
250334
250383
250385
250742
250743
250812
251158
251216
251218
251546
251606
251935
251995
252342
252407
252408
252754
252755
252806
252807
253148
253149
253156
253178
253179
253530
253536
253542
258423
258424
258427
258433
258439
258441
258447
258778
258779
258812
258814
259127
259128
259169
259475
259521
259523
259827
259875
260180
260228
260539
260580
260581
260893
260894
260935
260936
261269
261270
261278
261301
261302
261655
261661
261667
266648
266649
266656
266657
266662
266663
266666
266668
266670
266673
267006
267007
267010
267017
267023
267029
267035
267039
267042
267044
267365
267366
267369
267376
267382
267388
267394
267400
267406
267410
267413
267731
267740
267746
267752
267758
267764
267770
267776
267782
267783
267784
267786
268101
268110
268116
268122
268128
268134
268140
268146
268152
268154
268156
268472
268481
268487
268493
268499
268505
268511
268517
268523
268525
268527
268848
268851
268859
268865
268871
268877
268883
268889
268892
268896
268897
269217
269218
269226
269234
269240
269246
269252
269255
269261
269262
269263
269597
269598
269605
269606
269612
269618
269624
269629
269630
269631
269983
269989
269995
293472
293476
293480
293500
293502
293504
293506
293524
293525
293528
293530
293548
293549
293552
293554
293571
293576
293578
293599
293600
293603
293856
293860
293864
293884
293887
293889
293905
293908
293911
293932
293933
293936
294143
294144
294157
294160
294162
294178
294181
294184
294185
294355
294357
294360
294378
294379
294493
294495
294498
294516
294517
294631
294633
294636
294637
294654
294655
294814
294826
294830
294832
294850
294854
294857
294858
294859
295074
295075
295082
295099
295103
295105
295123
295127
295130
295131
295132
295407
295408
295432
295435
295438
295441
295456
295460
295462
295465
295480
295484
295486
295489
295503
295504
295507
295508
298270
298282
298290
298297
298300
298308
298315
298318
298333
298524
298527
298537
298541
298542
298555
298556
298596
298603
298605
298617
298620
298623
298629
298632
298824
298827
298837
298838
298841
298842
298874
298884
298887
298890
298896
298899
299061
299062
299067
299073
299074
299096
299101
299106
299125
299276
299281
299286
299327
299332
299337
299486
299491
299496
299537
299542
299547
299696
299700
299701
299706
299710
299747
299752
299757
299758
299906
299911
299916
299930
299939
299940
299944
299949
299950
300114
300120
300122
300125
300132
300148
300159
300160
300171
300172
300181
300182
300387
300395
300398
300411
300415
300417
300423
300427
300435
300442
300445
300453
300460
300463
300465
300468
300476
300480
300481
300493
300494
303325
303337
303345
303352
303355
303363
303370
303373
303388
303579
303582
303592
303596
303597
303610
303611
303651
303658
303660
303672
303675
303678
303684
303687
303879
303882
303892
303893
303896
303897
303929
303939
303942
303945
303951
303954
304116
304117
304122
304128
304129
304151
304156
304161
304180
304331
304336
304341
304382
304387
304392
304541
304546
304551
304592
304597
304602
304751
304755
304756
304761
304765
304802
304807
304812
304813
304961
304966
304971
304985
304994
304995
304999
305004
305005
305169
305175
305177
305180
305187
305203
305214
305215
305226
305227
305236
305237
305442
305450
305453
305466
305470
305472
305478
305482
305490
305497
305500
305508
305515
305518
305520
305523
305531
305535
305536
305548
305549
308380
308392
308400
308407
308410
308418
308425
308428
308443
308634
308637
308647
308651
308652
308665
308666
308706
308713
308715
308727
308730
308733
308739
308742
308934
308937
308947
308948
308951
308952
308984
308994
308997
309000
309006
309009
309171
309172
309177
309183
309184
309206
309211
309216
309235
309386
309391
309396
309437
309442
309447
309596
309601
309606
309647
309652
309657
309806
309810
309811
309816
309820
309857
309862
309867
309868
310016
310021
310026
310040
310049
310050
310054
310059
310060
310224
310230
310232
310235
310242
310258
310269
310270
310281
310282
310291
310292
310497
310505
310508
310521
310525
310527
310533
310537
310545
310552
310555
310563
310570
310573
310575
310578
310586
310590
310591
310603
310604
313435
313447
313455
313462
313465
313473
313480
313483
313498
313689
313692
313702
313706
313707
313720
313721
313761
313768
313770
313782
313785
313788
313794
313797
313989
313992
314002
314003
314006
314007
314039
314049
314052
314055
314061
314064
314226
314227
314232
314238
314239
314261
314266
314271
314290
314441
314446
314451
314492
314497
314502
314651
314656
314661
314702
314707
314712
314861
314865
314866
314871
314875
314912
314917
314922
314923
315071
315076
315081
315095
315104
315105
315109
315114
315115
315279
315285
315287
315290
315297
315313
315324
315325
315336
315337
315346
315347
315552
315560
315563
315576
315580
315582
315588
315592
315600
315607
315610
315618
315625
315628
315630
315633
315641
315645
315646
315658
315659
318490
318502
318510
318517
318520
318528
318535
318538
318553
318744
318747
318757
318761
318762
318775
318776
318816
318823
318825
318837
318840
318843
318849
318852
319044
319047
319057
319058
319061
319062
319094
319104
319107
319110
319116
319119
319281
319282
319287
319293
319294
319316
319321
319326
319345
319496
319501
319506
319547
319552
319557
319706
319711
319716
319757
319762
319767
319916
319920
319921
319926
319930
319967
319972
319977
319978
320126
320131
320136
320150
320159
320160
320164
320169
320170
320334
320340
320342
320345
320352
320368
320379
320380
320391
320392
320401
320402
320607
320615
320618
320631
320635
320637
320643
320647
320655
320662
320665
320673
320680
320683
320685
320688
320696
320700
320701
320713
320714
323545
323557
323565
323572
323575
323583
323590
323593
323608
323799
323802
323812
323816
323817
323830
323831
323871
323878
323880
323892
323895
323898
323904
323907
324099
324102
324112
324113
324116
324117
324149
324159
324162
324165
324171
324174
324336
324337
324342
324348
324349
324371
324376
324381
324400
324551
324556
324561
324602
324607
324612
324761
324766
324771
324812
324817
324822
324971
324975
324976
324981
324985
325022
325027
325032
325033
325181
325186
325191
325205
325214
325215
325219
325224
325225
325389
325395
325397
325400
325407
325423
325434
325435
325446
325447
325456
325457
325662
325670
325673
325686
325690
325692
325698
325702
325710
325717
325720
325728
325735
325738
325740
325743
325751
325755
325756
325768
325769
328600
328612
328620
328627
328630
328638
328645
328648
328663
328854
328857
328867
328871
328872
328885
328886
328926
328933
328935
328947
328950
328953
328959
328962
329154
329157
329167
329168
329171
329172
329204
329214
329217
329220
329226
329229
329391
329392
329397
329403
329404
329426
329431
329436
329455
329606
329611
329616
329657
329662
329667
329816
329821
329826
329867
329872
329877
330026
330030
330031
330036
330040
330077
330082
330087
330088
330236
330241
330246
330260
330269
330270
330274
330279
330280
330444
330450
330452
330455
330462
330478
330489
330490
330501
330502
330511
330512
330717
330725
330728
330741
330745
330747
330753
330757
330765
330772
330775
330783
330790
330793
330795
330798
330806
330810
330811
330823
330824
333655
333667
333675
333682
333685
333693
333700
333703
333718
333909
333912
333922
333926
333927
333940
333941
333981
333988
333990
334002
334005
334008
334014
334017
334209
334212
334222
334223
334226
334227
334259
334269
334272
334275
334281
334284
334446
334447
334452
334458
334459
334481
334486
334491
334510
334661
334666
334671
334712
334717
334722
334871
334876
334881
334922
334927
334932
335081
335085
335086
335091
335095
335132
335137
335142
335143
335291
335296
335301
335315
335324
335325
335329
335334
335335
335499
335505
335507
335510
335517
335533
335544
335545
335556
335557
335566
335567
335772
335780
335783
335796
335800
335802
335808
335812
335820
335827
335830
335838
335845
335848
335850
335853
335861
335865
335866
335878
335879
338710
338722
338730
338737
338740
338748
338755
338758
338773
338964
338967
338977
338981
338982
338995
338996
339036
339043
339045
339057
339060
339063
339069
339072
339264
339267
339277
339278
339281
339282
339314
339324
339327
339330
339336
339339
339501
339502
339507
339513
339514
339536
339541
339546
339565
339716
339721
339726
339767
339772
339777
339926
339931
339936
339977
339982
339987
340136
340140
340141
340146
340150
340187
340192
340197
340198
340346
340351
340356
340370
340379
340380
340384
340389
340390
340554
340560
340562
340565
340572
340588
340599
340600
340611
340612
340621
340622
340827
340835
340838
340851
340855
340857
340863
340867
340875
340882
340885
340893
340900
340903
340905
340908
340916
340920
340921
340933
340934
343765
343777
343785
343792
343795
343803
343810
343813
343828
344019
344022
344032
344036
344037
344050
344051
344091
344098
344100
344112
344115
344118
344124
344127
344319
344322
344332
344333
344336
344337
344369
344379
344382
344385
344391
344394
344556
344557
344562
344568
344569
344591
344596
344601
344620
344771
344776
344781
344822
344827
344832
344981
344986
344991
345032
345037
345042
345191
345195
345196
345201
345205
345242
345247
345252
345253
345401
345406
345411
345425
345434
345435
345439
345444
345445
345609
345615
345617
345620
345627
345643
345654
345655
345666
345667
345676
345677
345882
345890
345893
345906
345910
345912
345918
345922
345930
345937
345940
345948
345955
345958
345960
345963
345971
345975
345976
345988
345989
348820
348832
348840
348847
348850
348858
348865
348868
348883
349074
349077
349087
349091
349092
349105
349106
349146
349153
349155
349167
349170
349173
349179
349182
349374
349377
349387
349388
349391
349392
349424
349434
349437
349440
349446
349449
349611
349612
349617
349623
349624
349646
349651
349656
349675
349826
349831
349836
349877
349882
349887
350036
350041
350046
350087
350092
350097
350246
350250
350251
350256
350260
350297
350302
350307
350308
350456
350461
350466
350480
350489
350490
350494
350499
350500
350664
350670
350672
350675
350682
350698
350709
350710
350721
350722
350731
350732
350937
350945
350948
350961
350965
350967
350973
350977
350985
350992
350995
351003
351010
351013
351015
351018
351026
351030
351031
351043
351044
353875
353887
353895
353902
353905
353913
353920
353923
353938
354129
354132
354142
354146
354147
354160
354161
354201
354208
354210
354222
354225
354228
354234
354237
354429
354432
354442
354443
354446
354447
354479
354489
354492
354495
354501
354504
354666
354667
354672
354678
354679
354701
354706
354711
354730
354881
354886
354891
354932
354937
354942
355091
355096
355101
355142
355147
355152
355301
355305
355306
355311
355315
355352
355357
355362
355363
355511
355516
355521
355535
355544
355545
355549
355554
355555
355719
355725
355727
355730
355737
355753
355764
355765
355776
355777
355786
355787
355992
356000
356003
356016
356020
356022
356028
356032
356040
356047
356050
356058
356065
356068
356070
356073
356081
356085
356086
356098
356099
358930
358942
358950
358957
358960
358968
358975
358978
358993
359184
359187
359197
359201
359202
359215
359216
359256
359263
359265
359277
359280
359283
359289
359292
359484
359487
359497
359498
359501
359502
359534
359544
359547
359550
359556
359559
359721
359722
359727
359733
359734
359756
359761
359766
359785
359936
359941
359946
359987
359992
359997
360146
360151
360156
360197
360202
360207
360356
360360
360361
360366
360370
360407
360412
360417
360418
360566
360571
360576
360590
360599
360600
360604
360609
360610
360774
360780
360782
360785
360792
360808
360819
360820
360831
360832
360841
360842
361047
361055
361058
361071
361075
361077
361083
361087
361095
361102
361105
361113
361120
361123
361125
361128
361136
361140
361141
361153
361154
363985
363997
364005
364012
364015
364023
364030
364033
364048
364239
364242
364252
364256
364257
364270
364271
364311
364318
364320
364332
364335
364338
364344
364347
364539
364542
364552
364553
364556
364557
364589
364599
364602
364605
364611
364614
364776
364777
364782
364788
364789
364811
364816
364821
364840
364991
364996
365001
365042
365047
365052
365201
365206
365211
365252
365257
365262
365411
365415
365416
365421
365425
365462
365467
365472
365473
365621
365626
365631
365645
365654
365655
365659
365664
365665
365829
365835
365837
365840
365847
365863
365874
365875
365886
365887
365896
365897
366102
366110
366113
366126
366130
366132
366138
366142
366150
366157
366160
366168
366175
366178
366180
366183
366191
366195
366196
366208
366209
369040
369052
369060
369067
369070
369078
369085
369088
369103
369294
369297
369307
369311
369312
369325
369326
369366
369373
369375
369387
369390
369393
369399
369402
369594
369597
369607
369608
369611
369612
369644
369654
369657
369660
369666
369669
369831
369832
369837
369843
369844
369866
369871
369876
369895
370046
370051
370056
370097
370102
370107
370256
370261
370266
370307
370312
370317
370466
370470
370471
370476
370480
370517
370522
370527
370528
370676
370681
370686
370700
370709
370710
370714
370719
370720
370884
370890
370892
370895
370902
370918
370929
370930
370941
370942
370951
370952
371157
371165
371168
371181
371185
371187
371193
371197
371205
371212
371215
371223
371230
371233
371235
371238
371246
371250
371251
371263
371264
374095
374107
374115
374122
374125
374133
374140
374143
374158
374349
374352
374362
374366
374367
374380
374381
374421
374428
374430
374442
374445
374448
374454
374457
374649
374652
374662
374663
374666
374667
374699
374709
374712
374715
374721
374724
374886
374887
374892
374898
374899
374921
374926
374931
374950
375101
375106
375111
375152
375157
375162
375311
375316
375321
375362
375367
375372
375521
375525
375526
375531
375535
375572
375577
375582
375583
375731
375736
375741
375755
375764
375765
375769
375774
375775
375939
375945
375947
375950
375957
375973
375984
375985
375996
375997
376006
376007
376212
376220
376223
376236
376240
376242
376248
376252
376260
376267
376270
376278
376285
376288
376290
376293
376301
376305
376306
376318
376319
379150
379162
379170
379177
379180
379188
379195
379198
379213
379404
379407
379417
379421
379422
379435
379436
379476
379483
379485
379497
379500
379503
379509
379512
379704
379707
379717
379718
379721
379722
379754
379764
379767
379770
379776
379779
379941
379942
379947
379953
379954
379976
379981
379986
380005
380156
380161
380166
380207
380212
380217
380366
380371
380376
380417
380422
380427
380576
380580
380581
380586
380590
380627
380632
380637
380638
380786
380791
380796
380810
380819
380820
380824
380829
380830
380994
381000
381002
381005
381012
381028
381039
381040
381051
381052
381061
381062
381267
381275
381278
381291
381295
381297
381303
381307
381315
381322
381325
381333
381340
381343
381345
381348
381356
381360
381361
381373
381374
384205
384217
384225
384232
384235
384243
384250
384253
384268
384459
384462
384472
384476
384477
384490
384491
384531
384538
384540
384552
384555
384558
384564
384567
384759
384762
384772
384773
384776
384777
384809
384819
384822
384825
384831
384834
384996
384997
385002
385008
385009
385031
385036
385041
385060
385211
385216
385221
385262
385267
385272
385421
385426
385431
385472
385477
385482
385631
385635
385636
385641
385645
385682
385687
385692
385693
385841
385846
385851
385865
385874
385875
385879
385884
385885
386049
386055
386057
386060
386067
386083
386094
386095
386106
386107
386116
386117
386322
386330
386333
386346
386350
386352
386358
386362
386370
386377
386380
386388
386395
386398
386400
386403
386411
386415
386416
386428
386429
389260
389272
389280
389287
389290
389298
389305
389308
389323
389514
389517
389527
389531
389532
389545
389546
389586
389593
389595
389607
389610
389613
389619
389622
389814
389817
389827
389828
389831
389832
389864
389874
389877
389880
389886
389889
390051
390052
390057
390063
390064
390086
390091
390096
390115
390266
390271
390276
390317
390322
390327
390476
390481
390486
390527
390532
390537
390686
390690
390691
390696
390700
390737
390742
390747
390748
390896
390901
390906
390920
390929
390930
390934
390939
390940
391104
391110
391112
391115
391122
391138
391149
391150
391161
391162
391171
391172
391377
391385
391388
391401
391405
391407
391413
391417
391425
391432
391435
391443
391450
391453
391455
391458
391466
391470
391471
391483
391484
394315
394327
394335
394342
394345
394353
394360
394363
394378
394569
394572
394582
394586
394587
394600
394601
394641
394648
394650
394662
394665
394668
394674
394677
394869
394872
394882
394883
394886
394887
394919
394929
394932
394935
394941
394944
395106
395107
395112
395118
395119
395141
395146
395151
395170
395321
395326
395331
395372
395377
395382
395531
395536
395541
395582
395587
395592
395741
395745
395746
395751
395755
395792
395797
395802
395803
395951
395956
395961
395975
395984
395985
395989
395994
395995
396159
396165
396167
396170
396177
396193
396204
396205
396216
396217
396226
396227
396432
396440
396443
396456
396460
396462
396468
396472
396480
396487
396490
396498
396505
396508
396510
396513
396521
396525
396526
396538
396539
399370
399382
399390
399397
399400
399408
399415
399418
399433
399624
399627
399637
399641
399642
399655
399656
399696
399703
399705
399717
399720
399723
399729
399732
399924
399927
399937
399938
399941
399942
399974
399984
399987
399990
399996
399999
400161
400162
400167
400173
400174
400196
400201
400206
400225
400376
400381
400386
400427
400432
400437
400586
400591
400596
400637
400642
400647
400796
400800
400801
400806
400810
400847
400852
400857
400858
401006
401011
401016
401030
401039
401040
401044
401049
401050
401214
401220
401222
401225
401232
401248
401259
401260
401271
401272
401281
401282
401487
401495
401498
401511
401515
401517
401523
401527
401535
401542
401545
401553
401560
401563
401565
401568
401576
401580
401581
401593
401594
404425
404437
404445
404452
404455
404463
404470
404473
404488
404679
404682
404692
404696
404697
404710
404711
404751
404758
404760
404772
404775
404778
404784
404787
404979
404982
404992
404993
404996
404997
405029
405039
405042
405045
405051
405054
405216
405217
405222
405228
405229
405251
405256
405261
405280
405431
405436
405441
405482
405487
405492
405641
405646
405651
405692
405697
405702
405851
405855
405856
405861
405865
405902
405907
405912
405913
406061
406066
406071
406085
406094
406095
406099
406104
406105
406269
406275
406277
406280
406287
406303
406314
406315
406326
406327
406336
406337
406542
406550
406553
406566
406570
406572
406578
406582
406590
406597
406600
406608
406615
406618
406620
406623
406631
406635
406636
406648
406649
409480
409492
409500
409507
409510
409518
409525
409528
409543
409734
409737
409747
409751
409752
409765
409766
409806
409813
409815
409827
409830
409833
409839
409842
410034
410037
410047
410048
410051
410052
410084
410094
410097
410100
410106
410109
410271
410272
410277
410283
410284
410306
410311
410316
410335
410486
410491
410496
410537
410542
410547
410696
410701
410706
410747
410752
410757
410906
410910
410911
410916
410920
410957
410962
410967
410968
411116
411121
411126
411140
411149
411150
411154
411159
411160
411324
411330
411332
411335
411342
411358
411369
411370
411381
411382
411391
411392
411597
411605
411608
411621
411625
411627
411633
411637
411645
411652
411655
411663
411670
411673
411675
411678
411686
411690
411691
411703
411704
414535
414547
414555
414562
414565
414573
414580
414583
414598
414789
414792
414802
414806
414807
414820
414821
414861
414868
414870
414882
414885
414888
414894
414897
415089
415092
415102
415103
415106
415107
415139
415149
415152
415155
415161
415164
415326
415327
415332
415338
415339
415361
415366
415371
415390
415541
415546
415551
415592
415597
415602
415751
415756
415761
415802
415807
415812
415961
415965
415966
415971
415975
416012
416017
416022
416023
416171
416176
416181
416195
416204
416205
416209
416214
416215
416379
416385
416387
416390
416397
416413
416424
416425
416436
416437
416446
416447
416652
416660
416663
416676
416680
416682
416688
416692
416700
416707
416710
416718
416725
416728
416730
416733
416741
416745
416746
416758
416759
419590
419602
419610
419617
419620
419628
419635
419638
419653
419844
419847
419857
419861
419862
419875
419876
419916
419923
419925
419937
419940
419943
419949
419952
420144
420147
420157
420158
420161
420162
420194
420204
420207
420210
420216
420219
420381
420382
420387
420393
420394
420416
420421
420426
420445
420596
420601
420606
420647
420652
420657
420806
420811
420816
420857
420862
420867
421016
421020
421021
421026
421030
421067
421072
421077
421078
421226
421231
421236
421250
421259
421260
421264
421269
421270
421434
421440
421442
421445
421452
421468
421479
421480
421491
421492
421501
421502
421707
421715
421718
421731
421735
421737
421743
421747
421755
421762
421765
421773
421780
421783
421785
421788
421796
421800
421801
421813
421814
424645
424657
424665
424672
424675
424683
424690
424693
424708
424899
424902
424912
424916
424917
424930
424931
424971
424978
424980
424992
424995
424998
425004
425007
425199
425202
425212
425213
425216
425217
425249
425259
425262
425265
425271
425274
425436
425437
425442
425448
425449
425471
425476
425481
425500
425651
425656
425661
425702
425707
425712
425861
425866
425871
425912
425917
425922
426071
426075
426076
426081
426085
426122
426127
426132
426133
426281
426286
426291
426305
426314
426315
426319
426324
426325
426489
426495
426497
426500
426507
426523
426534
426535
426546
426547
426556
426557
426762
426770
426773
426786
426790
426792
426798
426802
426810
426817
426820
426828
426835
426838
426840
426843
426851
426855
426856
426868
426869
429700
429712
429720
429727
429730
429738
429745
429748
429763
429954
429957
429967
429971
429972
429985
429986
430026
430033
430035
430047
430050
430053
430059
430062
430254
430257
430267
430268
430271
430272
430304
430314
430317
430320
430326
430329
430491
430492
430497
430503
430504
430526
430531
430536
430555
430706
430711
430716
430757
430762
430767
430916
430921
430926
430967
430972
430977
431126
431130
431131
431136
431140
431177
431182
431187
431188
431336
431341
431346
431360
431369
431370
431374
431379
431380
431544
431550
431552
431555
431562
431578
431589
431590
431601
431602
431611
431612
431817
431825
431828
431841
431845
431847
431853
431857
431865
431872
431875
431883
431890
431893
431895
431898
431906
431910
431911
431923
431924
434755
434767
434775
434782
434785
434793
434800
434803
434818
435009
435012
435022
435026
435027
435040
435041
435081
435088
435090
435102
435105
435108
435114
435117
435309
435312
435322
435323
435326
435327
435359
435369
435372
435375
435381
435384
435546
435547
435552
435558
435559
435581
435586
435591
435610
435761
435766
435771
435812
435817
435822
435971
435976
435981
436022
436027
436032
436181
436185
436186
436191
436195
436232
436237
436242
436243
436391
436396
436401
436415
436424
436425
436429
436434
436435
436599
436605
436607
436610
436617
436633
436644
436645
436656
436657
436666
436667
436872
436880
436883
436896
436900
436902
436908
436912
436920
436927
436930
436938
436945
436948
436950
436953
436961
436965
436966
436978
436979
439810
439822
439830
439837
439840
439848
439855
439858
439873
440064
440067
440077
440081
440082
440095
440096
440136
440143
440145
440157
440160
440163
440169
440172
440364
440367
440377
440378
440381
440382
440414
440424
440427
440430
440436
440439
440601
440602
440607
440613
440614
440636
440641
440646
440665
440816
440821
440826
440867
440872
440877
441026
441031
441036
441077
441082
441087
441236
441240
441241
441246
441250
441287
441292
441297
441298
441446
441451
441456
441470
441479
441480
441484
441489
441490
441654
441660
441662
441665
441672
441688
441699
441700
441711
441712
441721
441722
441927
441935
441938
441951
441955
441957
441963
441967
441975
441982
441985
441993
442000
442003
442005
442008
442016
442020
442021
442033
442034
444865
444877
444885
444892
444895
444903
444910
444913
444928
445119
445122
445132
445136
445137
445150
445151
445191
445198
445200
445212
445215
445218
445224
445227
445419
445422
445432
445433
445436
445437
445469
445479
445482
445485
445491
445494
445656
445657
445662
445668
445669
445691
445696
445701
445720
445871
445876
445881
445922
445927
445932
446081
446086
446091
446132
446137
446142
446291
446295
446296
446301
446305
446342
446347
446352
446353
446501
446506
446511
446525
446534
446535
446539
446544
446545
446709
446715
446717
446720
446727
446743
446754
446755
446766
446767
446776
446777
446982
446990
446993
447006
447010
447012
447018
447022
447030
447037
447040
447048
447055
447058
447060
447063
447071
447075
447076
447088
447089
449920
449932
449940
449947
449950
449958
449965
449968
449983
450174
450177
450187
450191
450192
450205
450206
450246
450253
450255
450267
450270
450273
450279
450282
450474
450477
450487
450488
450491
450492
450524
450534
450537
450540
450546
450549
450711
450712
450717
450723
450724
450746
450751
450756
450775
450926
450931
450936
450977
450982
450987
451136
451141
451146
451187
451192
451197
451346
451350
451351
451356
451360
451397
451402
451407
451408
451556
451561
451566
451580
451589
451590
451594
451599
451600
451764
451770
451772
451775
451782
451798
451809
451810
451821
451822
451831
451832
452037
452045
452048
452061
452065
452067
452073
452077
452085
452092
452095
452103
452110
452113
452115
452118
452126
452130
452131
452143
452144
456796
456808
456816
456822
456824
456831
456837
456839
456853
457026
457029
457039
457042
457043
457054
457055
457092
457099
457101
457110
457113
457116
457121
457123
457371
457374
457384
457385
457387
457388
457495
457503
457506
457509
457514
457516
457845
457846
457851
457855
457856
457985
457990
457993
458010
458363
458368
458372
458522
458527
458531
458888
458893
458897
459047
459052
459056
459413
459417
459418
459422
459425
459572
459577
459581
459582
459932
459937
459940
459954
460070
460071
460075
460078
460079
460401
460407
460409
460412
460417
460431
460517
460518
460525
460526
460534
460535
460776
460784
460787
460796
460800
460802
460805
460808
460815
460821
460823
460830
460836
460838
460839
460841
460848
460850
460851
460861
460862
463687
463689
463690
463705
463707
463708
463723
463725
463726
463741
463743
463744
463930
463932
463933
463948
463950
463951
463966
463968
463969
463984
463986
463987
464002
464004
464005
464020
464022
464023
464281
464283
464284
464299
464301
464302
464317
464319
464320
464335
464337
464338
464353
464355
464356
464371
464373
464374
464389
464391
464392
464407
464409
464410
464704
464706
464707
464722
464724
464725
464740
464742
464743
464758
464760
464761
464776
464778
464779
464794
464796
464797
464812
464814
464815
464830
464832
464833
465121
465123
465124
465136
465138
465139
465154
465156
465157
465172
465174
465175
465190
465192
465193
465208
465210
465211
465226
465228
465229
465244
465246
465247
465490
465492
465493
465505
465507
465508
465523
465525
465526
465541
465543
465544
465559
465561
465562
465577
465579
465580
465745
465747
465748
465760
465762
465763
465775
465777
465778
465790
465792
465793
)
;
    flipMap         List<bool> 
4936
(
0
0
1
1
1
1
0
1
1
0
0
1
1
0
0
1
1
0
1
0
1
1
0
0
0
0
1
1
0
0
1
1
1
0
0
0
0
0
1
1
1
1
0
1
1
0
0
1
1
0
0
1
1
0
1
0
1
1
0
0
0
0
1
1
0
0
1
1
1
0
0
0
0
0
1
1
1
1
0
1
1
0
0
1
1
0
0
1
1
0
1
0
1
1
0
0
0
0
1
1
0
0
1
1
1
0
0
0
0
0
1
1
1
1
0
1
1
0
0
1
1
0
0
1
1
0
1
0
1
1
0
0
0
0
1
1
0
0
1
1
1
0
0
0
0
0
1
1
1
1
0
1
1
0
0
1
1
0
0
1
1
0
1
0
1
1
0
0
0
0
1
1
0
0
1
1
1
0
0
0
0
0
1
1
1
1
0
1
1
0
0
1
1
0
0
1
1
0
1
0
1
1
0
0
0
0
1
1
0
0
1
1
1
0
0
0
0
0
1
1
1
1
0
1
1
0
0
1
1
0
0
1
1
0
1
0
1
1
0
0
0
0
1
1
0
0
1
1
1
0
0
0
0
0
1
1
1
1
0
1
1
0
0
1
1
0
0
1
1
0
1
0
1
1
0
0
0
0
1
1
0
0
1
1
1
0
0
0
0
0
1
1
1
1
0
1
1
0
0
1
1
0
0
1
1
0
1
0
1
1
0
0
0
0
1
1
0
0
1
1
1
0
0
0
0
0
1
1
1
1
0
1
1
0
0
1
1
0
0
1
1
0
1
0
1
1
0
0
0
0
1
1
0
0
1
1
1
0
0
0
0
0
1
1
1
1
0
1
1
0
0
1
1
0
0
1
1
0
1
0
1
1
0
0
0
0
1
1
0
0
1
1
1
0
0
0
0
0
1
1
1
1
0
1
1
0
0
1
1
0
0
1
1
0
1
0
1
1
0
0
0
0
1
1
0
0
1
1
1
0
0
0
0
0
1
1
1
1
0
1
1
0
0
1
1
0
0
1
1
0
1
0
1
1
0
0
0
0
1
1
0
0
1
1
1
0
0
0
0
0
1
1
1
1
0
1
1
0
0
1
1
0
0
1
1
0
1
0
1
1
0
0
0
0
1
1
0
0
1
1
1
0
0
0
0
0
1
1
1
1
0
1
1
0
0
1
1
0
0
1
1
0
1
0
1
1
0
0
0
0
1
1
0
0
1
1
1
0
0
0
0
0
1
1
1
1
0
1
1
0
0
1
1
0
0
1
1
0
1
0
1
1
0
0
0
0
1
1
0
0
1
1
1
0
0
0
0
0
1
1
1
1
0
1
1
0
0
1
1
0
0
1
1
0
1
0
1
1
0
0
0
0
1
1
0
0
1
1
1
0
0
0
0
0
1
1
1
1
0
1
1
0
0
1
1
0
0
1
1
0
1
0
1
1
0
0
0
0
1
1
0
0
1
1
1
0
0
0
0
0
1
1
1
1
0
1
1
0
0
1
1
0
0
1
1
0
1
0
1
1
0
0
0
0
1
1
0
0
1
1
1
0
0
0
0
0
1
1
1
1
0
1
1
0
0
1
1
0
0
1
1
0
1
0
1
1
0
0
0
0
1
1
0
0
1
1
1
0
0
0
0
0
1
1
1
1
0
1
1
0
0
1
1
0
0
1
1
0
1
0
1
1
0
0
0
0
1
1
0
0
1
1
1
0
0
0
0
0
1
1
1
1
0
1
1
0
0
1
1
0
0
1
1
0
1
0
1
1
0
0
0
0
1
1
0
0
1
1
1
0
0
0
0
0
1
1
1
1
0
1
1
0
0
1
1
0
0
1
1
0
1
0
1
1
0
0
0
0
1
1
0
0
1
1
1
0
0
0
0
0
1
1
1
1
0
1
1
0
0
1
1
0
0
1
1
0
1
0
1
1
0
0
0
0
1
1
0
0
1
1
1
0
0
0
0
0
1
1
1
1
0
1
1
0
0
1
1
0
0
1
1
0
1
0
1
1
0
0
0
0
1
1
0
0
1
1
1
0
0
0
0
0
1
1
1
1
0
1
1
0
0
1
1
0
0
1
1
0
1
0
1
1
0
0
0
0
1
1
0
0
1
1
1
0
0
0
0
0
1
1
1
1
0
1
1
0
0
1
1
0
0
1
1
0
1
0
1
1
0
0
0
0
1
1
0
0
1
1
1
0
0
0
0
0
1
1
1
1
0
1
1
0
0
1
1
0
0
1
1
0
1
0
1
1
0
0
0
0
1
1
0
0
1
1
1
0
0
0
0
0
1
1
1
1
0
1
1
0
0
1
1
0
0
1
1
0
1
0
1
1
0
0
0
0
1
1
0
0
1
1
1
0
0
0
0
0
1
1
1
1
0
1
1
0
0
1
1
0
0
1
1
0
1
0
1
1
0
0
0
0
1
1
0
0
1
1
1
0
0
0
0
0
1
1
1
1
0
1
1
0
0
1
1
0
0
1
1
0
1
0
1
1
0
0
0
0
1
1
0
0
1
1
1
0
0
0
0
0
1
1
1
1
0
1
1
0
0
1
1
0
0
1
1
0
1
0
1
1
0
0
0
0
1
1
0
0
1
1
1
0
0
0
0
0
1
1
1
1
1
1
1
0
1
1
1
1
1
1
1
1
0
0
1
1
1
1
1
1
1
1
1
1
0
0
1
1
1
1
1
1
1
1
1
1
1
0
1
1
1
1
1
1
1
1
1
1
0
1
1
1
1
1
1
1
1
1
1
1
1
1
1
1
1
1
1
1
0
0
0
0
1
1
1
1
1
1
1
1
1
0
0
1
1
1
1
1
1
1
1
0
0
0
0
0
1
1
1
1
1
1
1
1
1
1
1
1
1
0
1
1
1
1
0
0
0
1
1
1
1
1
1
1
1
1
0
0
0
1
1
1
1
1
1
1
1
0
1
1
1
1
0
1
1
1
1
0
1
1
1
1
0
1
1
1
1
1
1
1
1
1
1
0
1
1
1
1
1
1
1
1
1
1
1
0
1
1
1
1
1
1
1
1
1
1
1
1
1
1
0
0
0
0
0
0
0
0
0
0
0
0
0
0
0
0
0
1
0
1
0
0
1
0
0
0
0
0
0
0
1
1
0
0
1
0
0
0
0
0
0
1
1
1
0
0
0
0
1
1
1
0
0
0
1
1
1
0
1
0
0
1
1
1
1
1
0
0
0
1
1
1
1
1
1
1
0
0
1
0
1
1
1
1
1
1
1
1
0
1
0
1
1
0
1
1
1
1
1
1
1
1
1
1
1
1
1
1
0
0
0
0
0
0
0
0
0
0
0
0
0
0
0
0
0
1
0
1
0
0
1
0
0
0
0
0
0
0
1
1
0
0
1
0
0
0
0
0
0
1
1
1
0
0
0
0
1
1
1
0
0
0
1
1
1
0
1
0
0
1
1
1
1
1
0
0
0
1
1
1
1
1
1
1
0
0
1
0
1
1
1
1
1
1
1
1
0
1
0
1
1
0
1
1
1
1
1
1
1
1
1
1
1
1
1
1
0
0
0
0
0
0
0
0
0
0
0
0
0
0
0
0
0
1
0
1
0
0
1
0
0
0
0
0
0
0
1
1
0
0
1
0
0
0
0
0
0
1
1
1
0
0
0
0
1
1
1
0
0
0
1
1
1
0
1
0
0
1
1
1
1
1
0
0
0
1
1
1
1
1
1
1
0
0
1
0
1
1
1
1
1
1
1
1
0
1
0
1
1
0
1
1
1
1
1
1
1
1
1
1
1
1
1
1
0
0
0
0
0
0
0
0
0
0
0
0
0
0
0
0
0
1
0
1
0
0
1
0
0
0
0
0
0
0
1
1
0
0
1
0
0
0
0
0
0
1
1
1
0
0
0
0
1
1
1
0
0
0
1
1
1
0
1
0
0
1
1
1
1
1
0
0
0
1
1
1
1
1
1
1
0
0
1
0
1
1
1
1
1
1
1
1
0
1
0
1
1
0
1
1
1
1
1
1
1
1
1
1
1
1
1
1
0
0
0
0
0
0
0
0
0
0
0
0
0
0
0
0
0
1
0
1
0
0
1
0
0
0
0
0
0
0
1
1
0
0
1
0
0
0
0
0
0
1
1
1
0
0
0
0
1
1
1
0
0
0
1
1
1
0
1
0
0
1
1
1
1
1
0
0
0
1
1
1
1
1
1
1
0
0
1
0
1
1
1
1
1
1
1
1
0
1
0
1
1
0
1
1
1
1
1
1
1
1
1
1
1
1
1
1
0
0
0
0
0
0
0
0
0
0
0
0
0
0
0
0
0
1
0
1
0
0
1
0
0
0
0
0
0
0
1
1
0
0
1
0
0
0
0
0
0
1
1
1
0
0
0
0
1
1
1
0
0
0
1
1
1
0
1
0
0
1
1
1
1
1
0
0
0
1
1
1
1
1
1
1
0
0
1
0
1
1
1
1
1
1
1
1
0
1
0
1
1
0
1
1
1
1
1
1
1
1
1
1
1
1
1
1
0
0
0
0
0
0
0
0
0
0
0
0
0
0
0
0
0
1
0
1
0
0
1
0
0
0
0
0
0
0
1
1
0
0
1
0
0
0
0
0
0
1
1
1
0
0
0
0
1
1
1
0
0
0
1
1
1
0
1
0
0
1
1
1
1
1
0
0
0
1
1
1
1
1
1
1
0
0
1
0
1
1
1
1
1
1
1
1
0
1
0
1
1
0
1
1
1
1
1
1
1
1
1
1
1
1
1
1
0
0
0
0
0
0
0
0
0
0
0
0
0
0
0
0
0
1
0
1
0
0
1
0
0
0
0
0
0
0
1
1
0
0
1
0
0
0
0
0
0
1
1
1
0
0
0
0
1
1
1
0
0
0
1
1
1
0
1
0
0
1
1
1
1
1
0
0
0
1
1
1
1
1
1
1
0
0
1
0
1
1
1
1
1
1
1
1
0
1
0
1
1
0
1
1
1
1
1
1
1
1
1
1
1
1
1
1
0
0
0
0
0
0
0
0
0
0
0
0
0
0
0
0
0
1
0
1
0
0
1
0
0
0
0
0
0
0
1
1
0
0
1
0
0
0
0
0
0
1
1
1
0
0
0
0
1
1
1
0
0
0
1
1
1
0
1
0
0
1
1
1
1
1
0
0
0
1
1
1
1
1
1
1
0
0
1
0
1
1
1
1
1
1
1
1
0
1
0
1
1
0
1
1
1
1
1
1
1
1
1
1
1
1
1
1
0
0
0
0
0
0
0
0
0
0
0
0
0
0
0
0
0
1
0
1
0
0
1
0
0
0
0
0
0
0
1
1
0
0
1
0
0
0
0
0
0
1
1
1
0
0
0
0
1
1
1
0
0
0
1
1
1
0
1
0
0
1
1
1
1
1
0
0
0
1
1
1
1
1
1
1
0
0
1
0
1
1
1
1
1
1
1
1
0
1
0
1
1
0
1
1
1
1
1
1
1
1
1
1
1
1
1
1
0
0
0
0
0
0
0
0
0
0
0
0
0
0
0
0
0
1
0
1
0
0
1
0
0
0
0
0
0
0
1
1
0
0
1
0
0
0
0
0
0
1
1
1
0
0
0
0
1
1
1
0
0
0
1
1
1
0
1
0
0
1
1
1
1
1
0
0
0
1
1
1
1
1
1
1
0
0
1
0
1
1
1
1
1
1
1
1
0
1
0
1
1
0
1
1
1
1
1
1
1
1
1
1
1
1
1
1
0
0
0
0
0
0
0
0
0
0
0
0
0
0
0
0
0
1
0
1
0
0
1
0
0
0
0
0
0
0
1
1
0
0
1
0
0
0
0
0
0
1
1
1
0
0
0
0
1
1
1
0
0
0
1
1
1
0
1
0
0
1
1
1
1
1
0
0
0
1
1
1
1
1
1
1
0
0
1
0
1
1
1
1
1
1
1
1
0
1
0
1
1
0
1
1
1
1
1
1
1
1
1
1
1
1
1
1
0
0
0
0
0
0
0
0
0
0
0
0
0
0
0
0
0
1
0
1
0
0
1
0
0
0
0
0
0
0
1
1
0
0
1
0
0
0
0
0
0
1
1
1
0
0
0
0
1
1
1
0
0
0
1
1
1
0
1
0
0
1
1
1
1
1
0
0
0
1
1
1
1
1
1
1
0
0
1
0
1
1
1
1
1
1
1
1
0
1
0
1
1
0
1
1
1
1
1
1
1
1
1
1
1
1
1
1
0
0
0
0
0
0
0
0
0
0
0
0
0
0
0
0
0
1
0
1
0
0
1
0
0
0
0
0
0
0
1
1
0
0
1
0
0
0
0
0
0
1
1
1
0
0
0
0
1
1
1
0
0
0
1
1
1
0
1
0
0
1
1
1
1
1
0
0
0
1
1
1
1
1
1
1
0
0
1
0
1
1
1
1
1
1
1
1
0
1
0
1
1
0
1
1
1
1
1
1
1
1
1
1
1
1
1
1
0
0
0
0
0
0
0
0
0
0
0
0
0
0
0
0
0
1
0
1
0
0
1
0
0
0
0
0
0
0
1
1
0
0
1
0
0
0
0
0
0
1
1
1
0
0
0
0
1
1
1
0
0
0
1
1
1
0
1
0
0
1
1
1
1
1
0
0
0
1
1
1
1
1
1
1
0
0
1
0
1
1
1
1
1
1
1
1
0
1
0
1
1
0
1
1
1
1
1
1
1
1
1
1
1
1
1
1
0
0
0
0
0
0
0
0
0
0
0
0
0
0
0
0
0
1
0
1
0
0
1
0
0
0
0
0
0
0
1
1
0
0
1
0
0
0
0
0
0
1
1
1
0
0
0
0
1
1
1
0
0
0
1
1
1
0
1
0
0
1
1
1
1
1
0
0
0
1
1
1
1
1
1
1
0
0
1
0
1
1
1
1
1
1
1
1
0
1
0
1
1
0
1
1
1
1
1
1
1
1
1
1
1
1
1
1
0
0
0
0
0
0
0
0
0
0
0
0
0
0
0
0
0
1
0
1
0
0
1
0
0
0
0
0
0
0
1
1
0
0
1
0
0
0
0
0
0
1
1
1
0
0
0
0
1
1
1
0
0
0
1
1
1
0
1
0
0
1
1
1
1
1
0
0
0
1
1
1
1
1
1
1
0
0
1
0
1
1
1
1
1
1
1
1
0
1
0
1
1
0
1
1
1
1
1
1
1
1
1
1
1
1
1
1
0
0
0
0
0
0
0
0
0
0
0
0
0
0
0
0
0
1
0
1
0
0
1
0
0
0
0
0
0
0
1
1
0
0
1
0
0
0
0
0
0
1
1
1
0
0
0
0
1
1
1
0
0
0
1
1
1
0
1
0
0
1
1
1
1
1
0
0
0
1
1
1
1
1
1
1
0
0
1
0
1
1
1
1
1
1
1
1
0
1
0
1
1
0
1
1
1
1
1
1
1
1
1
1
1
1
1
1
0
0
0
0
0
0
0
0
0
0
0
0
0
0
0
0
0
1
0
1
0
0
1
0
0
0
0
0
0
0
1
1
0
0
1
0
0
0
0
0
0
1
1
1
0
0
0
0
1
1
1
0
0
0
1
1
1
0
1
0
0
1
1
1
1
1
0
0
0
1
1
1
1
1
1
1
0
0
1
0
1
1
1
1
1
1
1
1
0
1
0
1
1
0
1
1
1
1
1
1
1
1
1
1
1
1
1
1
0
0
0
0
0
0
0
0
0
0
0
0
0
0
0
0
0
1
0
1
0
0
1
0
0
0
0
0
0
0
1
1
0
0
1
0
0
0
0
0
0
1
1
1
0
0
0
0
1
1
1
0
0
0
1
1
1
0
1
0
0
1
1
1
1
1
0
0
0
1
1
1
1
1
1
1
0
0
1
0
1
1
1
1
1
1
1
1
0
1
0
1
1
0
1
1
1
1
1
1
1
1
1
1
1
1
1
1
0
0
0
0
0
0
0
0
0
0
0
0
0
0
0
0
0
1
0
1
0
0
1
0
0
0
0
0
0
0
1
1
0
0
1
0
0
0
0
0
0
1
1
1
0
0
0
0
1
1
1
0
0
0
1
1
1
0
1
0
0
1
1
1
1
1
0
0
0
1
1
1
1
1
1
1
0
0
1
0
1
1
1
1
1
1
1
1
0
1
0
1
1
0
1
1
1
1
1
1
1
1
1
1
1
1
1
1
0
0
0
0
0
0
0
0
0
0
0
0
0
0
0
0
0
1
0
1
0
0
1
0
0
0
0
0
0
0
1
1
0
0
1
0
0
0
0
0
0
1
1
1
0
0
0
0
1
1
1
0
0
0
1
1
1
0
1
0
0
1
1
1
1
1
0
0
0
1
1
1
1
1
1
1
0
0
1
0
1
1
1
1
1
1
1
1
0
1
0
1
1
0
1
1
1
1
1
1
1
1
1
1
1
1
1
1
0
0
0
0
0
0
0
0
0
0
0
0
0
0
0
0
0
1
0
1
0
0
1
0
0
0
0
0
0
0
1
1
0
0
1
0
0
0
0
0
0
1
1
1
0
0
0
0
1
1
1
0
0
0
1
1
1
0
1
0
0
1
1
1
1
1
0
0
0
1
1
1
1
1
1
1
0
0
1
0
1
1
1
1
1
1
1
1
0
1
0
1
1
0
1
1
1
1
1
1
1
1
1
1
1
1
1
1
0
0
0
0
0
0
0
0
0
0
0
0
0
0
0
0
0
1
0
1
0
0
1
0
0
0
0
0
0
0
1
1
0
0
1
0
0
0
0
0
0
1
1
1
0
0
0
0
1
1
1
0
0
0
1
1
1
0
1
0
0
1
1
1
1
1
0
0
0
1
1
1
1
1
1
1
0
0
1
0
1
1
1
1
1
1
1
1
0
1
0
1
1
0
1
1
1
1
1
1
1
1
1
1
1
1
1
1
0
0
0
0
0
0
0
0
0
0
0
0
0
0
0
0
0
1
0
1
0
0
1
0
0
0
0
0
0
0
1
1
0
0
1
0
0
0
0
0
0
1
1
1
0
0
0
0
1
1
1
0
0
0
1
1
1
0
1
0
0
1
1
1
1
1
0
0
0
1
1
1
1
1
1
1
0
0
1
0
1
1
1
1
1
1
1
1
0
1
0
1
1
0
1
1
1
1
1
1
1
1
1
1
1
1
1
1
0
0
0
0
0
0
0
0
0
0
0
0
0
0
0
0
0
1
0
1
0
0
1
0
0
0
0
0
0
0
1
1
0
0
1
0
0
0
0
0
0
1
1
1
0
0
0
0
1
1
1
0
0
0
1
1
1
0
1
0
0
1
1
1
1
1
0
0
0
1
1
1
1
1
1
1
0
0
1
0
1
1
1
1
1
1
1
1
0
1
0
1
1
0
1
1
1
1
1
1
1
1
1
1
1
1
1
1
0
0
0
0
0
0
0
0
0
0
0
0
0
0
0
0
0
1
0
1
0
0
1
0
0
0
0
0
0
0
1
1
0
0
1
0
0
0
0
0
0
1
1
1
0
0
0
0
1
1
1
0
0
0
1
1
1
0
1
0
0
1
1
1
1
1
0
0
0
1
1
1
1
1
1
1
0
0
1
0
1
1
1
1
1
1
1
1
0
1
0
1
1
0
1
1
1
1
1
1
1
1
1
1
1
1
1
1
0
0
0
0
0
0
0
0
0
0
0
0
0
0
0
0
0
1
0
1
0
0
1
0
0
0
0
0
0
0
1
1
0
0
1
0
0
0
0
0
0
1
1
1
0
0
0
0
1
1
1
0
0
0
1
1
1
0
1
0
0
1
1
1
1
1
0
0
0
1
1
1
1
1
1
1
0
0
1
0
1
1
1
1
1
1
1
1
0
1
0
1
1
0
1
1
1
1
1
1
1
1
1
1
1
1
1
1
0
0
0
0
0
0
0
0
0
0
0
0
0
0
0
0
0
1
0
1
0
0
1
0
0
0
0
0
0
0
1
1
0
0
1
0
0
0
0
0
0
1
1
1
0
0
0
0
1
1
1
0
0
0
1
1
1
0
1
0
0
1
1
1
1
1
0
0
0
1
1
1
1
1
1
1
0
0
1
0
1
1
1
1
1
1
1
1
0
1
0
1
1
0
1
1
1
1
1
1
1
1
1
1
1
1
1
1
0
0
0
0
0
0
0
0
0
0
0
0
0
0
0
0
0
1
0
1
0
0
1
0
0
0
0
0
0
0
1
1
0
0
1
0
0
0
0
0
0
1
1
1
0
0
0
0
1
1
1
0
0
0
1
1
1
0
1
0
0
1
1
1
1
1
0
0
0
1
1
1
1
1
1
1
0
0
1
0
1
1
1
1
1
1
1
1
0
1
0
1
1
0
1
1
1
1
1
1
1
1
1
1
1
1
1
1
0
0
0
0
0
0
0
0
0
0
0
0
0
0
0
0
0
1
0
1
0
0
1
0
0
0
0
0
0
0
1
1
0
0
1
0
0
0
0
0
0
1
1
1
0
0
0
0
1
1
1
0
0
0
1
1
1
0
1
0
0
1
1
1
1
1
0
0
0
1
1
1
1
1
1
1
0
0
1
0
1
1
1
1
1
1
1
1
0
1
0
1
1
0
1
1
1
1
1
1
1
1
1
1
1
1
1
1
0
0
0
0
0
0
0
0
0
0
0
0
0
0
0
0
0
1
0
1
0
0
1
0
0
0
0
0
0
0
1
1
0
0
1
0
0
0
0
0
0
1
1
1
0
0
0
0
1
1
1
0
0
0
1
1
1
0
1
0
0
1
1
1
1
1
0
0
0
1
1
1
1
1
1
1
0
0
1
0
1
1
1
1
1
1
1
1
0
1
0
1
1
0
1
1
1
1
1
1
1
1
1
1
1
1
1
1
1
1
1
1
1
1
1
1
1
1
1
1
1
1
1
1
1
1
1
1
1
1
1
1
1
1
1
1
1
1
1
1
1
1
1
1
1
1
1
1
1
1
1
1
1
1
1
1
1
1
1
1
1
1
1
1
1
1
1
1
1
1
1
1
1
1
1
1
1
1
1
1
1
1
1
1
1
1
1
1
1
1
1
1
1
1
1
1
1
1
1
1
1
1
1
1
1
1
1
1
1
1
1
1
1
1
1
1
1
1
1
1
1
1
1
1
1
1
1
1
1
1
1
1
1
1
1
1
1
1
1
1
)
;
}
fluid_to_cell5
{
    type            faceZone;
    faceLabels      List<label> 
4936
(
4331
4332
4334
4339
4344
4346
4351
4674
4675
4714
4716
5036
5037
5086
5370
5407
5409
5690
5729
6011
6050
6362
6407
6408
6714
6715
6755
6756
7076
7077
7083
7101
7102
7433
7438
7443
12355
12356
12359
12365
12371
12373
12379
12722
12723
12766
12768
13099
13100
13151
13445
13485
13487
13779
13821
14114
14156
14479
14526
14527
14851
14852
14897
14898
15237
15238
15245
15267
15268
15615
15621
15627
20540
20541
20544
20550
20556
20558
20564
20907
20908
20951
20953
21284
21285
21336
21630
21670
21672
21964
22006
22299
22341
22664
22711
22712
23036
23037
23082
23083
23422
23423
23430
23452
23453
23800
23806
23812
28725
28726
28729
28735
28741
28743
28749
29092
29093
29136
29138
29469
29470
29521
29815
29855
29857
30149
30191
30484
30526
30849
30896
30897
31221
31222
31267
31268
31607
31608
31615
31637
31638
31985
31991
31997
36910
36911
36914
36920
36926
36928
36934
37277
37278
37321
37323
37654
37655
37706
38000
38040
38042
38334
38376
38669
38711
39034
39081
39082
39406
39407
39452
39453
39792
39793
39800
39822
39823
40170
40176
40182
45095
45096
45099
45105
45111
45113
45119
45462
45463
45506
45508
45839
45840
45891
46185
46225
46227
46519
46561
46854
46896
47219
47266
47267
47591
47592
47637
47638
47977
47978
47985
48007
48008
48355
48361
48367
53280
53281
53284
53290
53296
53298
53304
53647
53648
53691
53693
54024
54025
54076
54370
54410
54412
54704
54746
55039
55081
55404
55451
55452
55776
55777
55822
55823
56162
56163
56170
56192
56193
56540
56546
56552
61465
61466
61469
61475
61481
61483
61489
61832
61833
61876
61878
62209
62210
62261
62555
62595
62597
62889
62931
63224
63266
63589
63636
63637
63961
63962
64007
64008
64347
64348
64355
64377
64378
64725
64731
64737
69650
69651
69654
69660
69666
69668
69674
70017
70018
70061
70063
70394
70395
70446
70740
70780
70782
71074
71116
71409
71451
71774
71821
71822
72146
72147
72192
72193
72532
72533
72540
72562
72563
72910
72916
72922
77835
77836
77839
77845
77851
77853
77859
78202
78203
78246
78248
78579
78580
78631
78925
78965
78967
79259
79301
79594
79636
79959
80006
80007
80331
80332
80377
80378
80717
80718
80725
80747
80748
81095
81101
81107
86020
86021
86024
86030
86036
86038
86044
86387
86388
86431
86433
86764
86765
86816
87110
87150
87152
87444
87486
87779
87821
88144
88191
88192
88516
88517
88562
88563
88902
88903
88910
88932
88933
89280
89286
89292
94205
94206
94209
94215
94221
94223
94229
94572
94573
94616
94618
94949
94950
95001
95295
95335
95337
95629
95671
95964
96006
96329
96376
96377
96701
96702
96747
96748
97087
97088
97095
97117
97118
97465
97471
97477
102390
102391
102394
102400
102406
102408
102414
102757
102758
102801
102803
103134
103135
103186
103480
103520
103522
103814
103856
104149
104191
104514
104561
104562
104886
104887
104932
104933
105272
105273
105280
105302
105303
105650
105656
105662
110575
110576
110579
110585
110591
110593
110599
110942
110943
110986
110988
111319
111320
111371
111665
111705
111707
111999
112041
112334
112376
112699
112746
112747
113071
113072
113117
113118
113457
113458
113465
113487
113488
113835
113841
113847
118760
118761
118764
118770
118776
118778
118784
119127
119128
119171
119173
119504
119505
119556
119850
119890
119892
120184
120226
120519
120561
120884
120931
120932
121256
121257
121302
121303
121642
121643
121650
121672
121673
122020
122026
122032
126945
126946
126949
126955
126961
126963
126969
127312
127313
127356
127358
127689
127690
127741
128035
128075
128077
128369
128411
128704
128746
129069
129116
129117
129441
129442
129487
129488
129827
129828
129835
129857
129858
130205
130211
130217
135130
135131
135134
135140
135146
135148
135154
135497
135498
135541
135543
135874
135875
135926
136220
136260
136262
136554
136596
136889
136931
137254
137301
137302
137626
137627
137672
137673
138012
138013
138020
138042
138043
138390
138396
138402
143315
143316
143319
143325
143331
143333
143339
143682
143683
143726
143728
144059
144060
144111
144405
144445
144447
144739
144781
145074
145116
145439
145486
145487
145811
145812
145857
145858
146197
146198
146205
146227
146228
146575
146581
146587
151500
151501
151504
151510
151516
151518
151524
151867
151868
151911
151913
152244
152245
152296
152590
152630
152632
152924
152966
153259
153301
153624
153671
153672
153996
153997
154042
154043
154382
154383
154390
154412
154413
154760
154766
154772
159685
159686
159689
159695
159701
159703
159709
160052
160053
160096
160098
160429
160430
160481
160775
160815
160817
161109
161151
161444
161486
161809
161856
161857
162181
162182
162227
162228
162567
162568
162575
162597
162598
162945
162951
162957
167870
167871
167874
167880
167886
167888
167894
168237
168238
168281
168283
168614
168615
168666
168960
169000
169002
169294
169336
169629
169671
169994
170041
170042
170366
170367
170412
170413
170752
170753
170760
170782
170783
171130
171136
171142
176055
176056
176059
176065
176071
176073
176079
176422
176423
176466
176468
176799
176800
176851
177145
177185
177187
177479
177521
177814
177856
178179
178226
178227
178551
178552
178597
178598
178937
178938
178945
178967
178968
179315
179321
179327
184240
184241
184244
184250
184256
184258
184264
184607
184608
184651
184653
184984
184985
185036
185330
185370
185372
185664
185706
185999
186041
186364
186411
186412
186736
186737
186782
186783
187122
187123
187130
187152
187153
187500
187506
187512
192425
192426
192429
192435
192441
192443
192449
192792
192793
192836
192838
193169
193170
193221
193515
193555
193557
193849
193891
194184
194226
194549
194596
194597
194921
194922
194967
194968
195307
195308
195315
195337
195338
195685
195691
195697
200610
200611
200614
200620
200626
200628
200634
200977
200978
201021
201023
201354
201355
201406
201700
201740
201742
202034
202076
202369
202411
202734
202781
202782
203106
203107
203152
203153
203492
203493
203500
203522
203523
203870
203876
203882
208795
208796
208799
208805
208811
208813
208819
209162
209163
209206
209208
209539
209540
209591
209885
209925
209927
210219
210261
210554
210596
210919
210966
210967
211291
211292
211337
211338
211677
211678
211685
211707
211708
212055
212061
212067
216980
216981
216984
216990
216996
216998
217004
217347
217348
217391
217393
217724
217725
217776
218070
218110
218112
218404
218446
218739
218781
219104
219151
219152
219476
219477
219522
219523
219862
219863
219870
219892
219893
220240
220246
220252
225165
225166
225169
225175
225181
225183
225189
225532
225533
225576
225578
225909
225910
225961
226255
226295
226297
226589
226631
226924
226966
227289
227336
227337
227661
227662
227707
227708
228047
228048
228055
228077
228078
228425
228431
228437
233350
233351
233354
233360
233366
233368
233374
233717
233718
233761
233763
234094
234095
234146
234440
234480
234482
234774
234816
235109
235151
235474
235521
235522
235846
235847
235892
235893
236232
236233
236240
236262
236263
236610
236616
236622
241535
241536
241539
241545
241551
241553
241559
241902
241903
241946
241948
242279
242280
242331
242625
242665
242667
242959
243001
243294
243336
243659
243706
243707
244031
244032
244077
244078
244417
244418
244425
244447
244448
244795
244801
244807
250026
250027
250030
250036
250042
250044
250050
250405
250406
250455
250457
250824
250825
250894
251224
251282
251284
251612
251672
252001
252061
252420
252485
252486
252822
252823
252874
252875
253214
253215
253222
253244
253245
253592
253598
253604
258487
258488
258491
258497
258503
258505
258511
258834
258835
258868
258870
259181
259182
259223
259529
259575
259577
259881
259929
260234
260282
260593
260634
260635
260951
260952
260993
260994
261337
261338
261346
261369
261370
261717
261723
261729
266712
266713
266717
266721
266723
266727
266730
266732
266734
266737
267064
267065
267068
267075
267081
267087
267093
267097
267100
267102
267425
267426
267429
267436
267442
267448
267454
267460
267466
267470
267473
267791
267800
267806
267812
267818
267824
267830
267836
267842
267843
267844
267846
268161
268170
268176
268182
268188
268194
268200
268206
268212
268214
268216
268532
268541
268547
268553
268559
268565
268571
268577
268583
268585
268587
268908
268911
268919
268925
268931
268937
268943
268949
268952
268956
268957
269277
269278
269286
269294
269300
269306
269312
269315
269321
269322
269323
269665
269666
269673
269674
269680
269686
269692
269697
269698
269699
270045
270051
270057
293295
293314
293619
293623
293627
293647
293649
293651
293653
293671
293674
293676
293692
293695
293697
293712
293717
293719
293740
293741
293744
293952
293956
293960
293980
293983
293985
294001
294004
294007
294028
294029
294032
294230
294231
294244
294247
294249
294265
294268
294271
294272
294400
294402
294405
294423
294424
294538
294540
294543
294561
294562
294676
294678
294681
294682
294699
294700
294901
294913
294917
294919
294937
294941
294944
294945
294946
295170
295171
295178
295195
295199
295201
295219
295223
295226
295227
295228
295548
295549
295573
295576
295579
295582
295597
295601
295603
295606
295621
295625
295627
295630
295644
295645
295648
295649
298345
298357
298365
298372
298375
298383
298390
298393
298408
298635
298638
298648
298652
298653
298666
298667
298707
298714
298716
298728
298731
298734
298740
298743
298902
298905
298915
298916
298919
298920
298952
298962
298965
298968
298974
298977
299136
299137
299142
299148
299149
299171
299176
299181
299198
299345
299350
299355
299396
299401
299406
299555
299560
299565
299606
299611
299616
299765
299769
299770
299775
299779
299816
299821
299826
299827
299975
299980
299985
299999
300008
300009
300013
300018
300019
300192
300198
300200
300203
300210
300226
300237
300238
300249
300250
300259
300260
300504
300512
300515
300528
300532
300534
300540
300544
300552
300559
300562
300570
300577
300580
300582
300585
300593
300597
300598
300610
300611
303400
303412
303420
303427
303430
303438
303445
303448
303463
303690
303693
303703
303707
303708
303721
303722
303762
303769
303771
303783
303786
303789
303795
303798
303957
303960
303970
303971
303974
303975
304007
304017
304020
304023
304029
304032
304191
304192
304197
304203
304204
304226
304231
304236
304253
304400
304405
304410
304451
304456
304461
304610
304615
304620
304661
304666
304671
304820
304824
304825
304830
304834
304871
304876
304881
304882
305030
305035
305040
305054
305063
305064
305068
305073
305074
305247
305253
305255
305258
305265
305281
305292
305293
305304
305305
305314
305315
305559
305567
305570
305583
305587
305589
305595
305599
305607
305614
305617
305625
305632
305635
305637
305640
305648
305652
305653
305665
305666
308455
308467
308475
308482
308485
308493
308500
308503
308518
308745
308748
308758
308762
308763
308776
308777
308817
308824
308826
308838
308841
308844
308850
308853
309012
309015
309025
309026
309029
309030
309062
309072
309075
309078
309084
309087
309246
309247
309252
309258
309259
309281
309286
309291
309308
309455
309460
309465
309506
309511
309516
309665
309670
309675
309716
309721
309726
309875
309879
309880
309885
309889
309926
309931
309936
309937
310085
310090
310095
310109
310118
310119
310123
310128
310129
310302
310308
310310
310313
310320
310336
310347
310348
310359
310360
310369
310370
310614
310622
310625
310638
310642
310644
310650
310654
310662
310669
310672
310680
310687
310690
310692
310695
310703
310707
310708
310720
310721
313510
313522
313530
313537
313540
313548
313555
313558
313573
313800
313803
313813
313817
313818
313831
313832
313872
313879
313881
313893
313896
313899
313905
313908
314067
314070
314080
314081
314084
314085
314117
314127
314130
314133
314139
314142
314301
314302
314307
314313
314314
314336
314341
314346
314363
314510
314515
314520
314561
314566
314571
314720
314725
314730
314771
314776
314781
314930
314934
314935
314940
314944
314981
314986
314991
314992
315140
315145
315150
315164
315173
315174
315178
315183
315184
315357
315363
315365
315368
315375
315391
315402
315403
315414
315415
315424
315425
315669
315677
315680
315693
315697
315699
315705
315709
315717
315724
315727
315735
315742
315745
315747
315750
315758
315762
315763
315775
315776
318565
318577
318585
318592
318595
318603
318610
318613
318628
318855
318858
318868
318872
318873
318886
318887
318927
318934
318936
318948
318951
318954
318960
318963
319122
319125
319135
319136
319139
319140
319172
319182
319185
319188
319194
319197
319356
319357
319362
319368
319369
319391
319396
319401
319418
319565
319570
319575
319616
319621
319626
319775
319780
319785
319826
319831
319836
319985
319989
319990
319995
319999
320036
320041
320046
320047
320195
320200
320205
320219
320228
320229
320233
320238
320239
320412
320418
320420
320423
320430
320446
320457
320458
320469
320470
320479
320480
320724
320732
320735
320748
320752
320754
320760
320764
320772
320779
320782
320790
320797
320800
320802
320805
320813
320817
320818
320830
320831
323620
323632
323640
323647
323650
323658
323665
323668
323683
323910
323913
323923
323927
323928
323941
323942
323982
323989
323991
324003
324006
324009
324015
324018
324177
324180
324190
324191
324194
324195
324227
324237
324240
324243
324249
324252
324411
324412
324417
324423
324424
324446
324451
324456
324473
324620
324625
324630
324671
324676
324681
324830
324835
324840
324881
324886
324891
325040
325044
325045
325050
325054
325091
325096
325101
325102
325250
325255
325260
325274
325283
325284
325288
325293
325294
325467
325473
325475
325478
325485
325501
325512
325513
325524
325525
325534
325535
325779
325787
325790
325803
325807
325809
325815
325819
325827
325834
325837
325845
325852
325855
325857
325860
325868
325872
325873
325885
325886
328675
328687
328695
328702
328705
328713
328720
328723
328738
328965
328968
328978
328982
328983
328996
328997
329037
329044
329046
329058
329061
329064
329070
329073
329232
329235
329245
329246
329249
329250
329282
329292
329295
329298
329304
329307
329466
329467
329472
329478
329479
329501
329506
329511
329528
329675
329680
329685
329726
329731
329736
329885
329890
329895
329936
329941
329946
330095
330099
330100
330105
330109
330146
330151
330156
330157
330305
330310
330315
330329
330338
330339
330343
330348
330349
330522
330528
330530
330533
330540
330556
330567
330568
330579
330580
330589
330590
330834
330842
330845
330858
330862
330864
330870
330874
330882
330889
330892
330900
330907
330910
330912
330915
330923
330927
330928
330940
330941
333730
333742
333750
333757
333760
333768
333775
333778
333793
334020
334023
334033
334037
334038
334051
334052
334092
334099
334101
334113
334116
334119
334125
334128
334287
334290
334300
334301
334304
334305
334337
334347
334350
334353
334359
334362
334521
334522
334527
334533
334534
334556
334561
334566
334583
334730
334735
334740
334781
334786
334791
334940
334945
334950
334991
334996
335001
335150
335154
335155
335160
335164
335201
335206
335211
335212
335360
335365
335370
335384
335393
335394
335398
335403
335404
335577
335583
335585
335588
335595
335611
335622
335623
335634
335635
335644
335645
335889
335897
335900
335913
335917
335919
335925
335929
335937
335944
335947
335955
335962
335965
335967
335970
335978
335982
335983
335995
335996
338785
338797
338805
338812
338815
338823
338830
338833
338848
339075
339078
339088
339092
339093
339106
339107
339147
339154
339156
339168
339171
339174
339180
339183
339342
339345
339355
339356
339359
339360
339392
339402
339405
339408
339414
339417
339576
339577
339582
339588
339589
339611
339616
339621
339638
339785
339790
339795
339836
339841
339846
339995
340000
340005
340046
340051
340056
340205
340209
340210
340215
340219
340256
340261
340266
340267
340415
340420
340425
340439
340448
340449
340453
340458
340459
340632
340638
340640
340643
340650
340666
340677
340678
340689
340690
340699
340700
340944
340952
340955
340968
340972
340974
340980
340984
340992
340999
341002
341010
341017
341020
341022
341025
341033
341037
341038
341050
341051
343840
343852
343860
343867
343870
343878
343885
343888
343903
344130
344133
344143
344147
344148
344161
344162
344202
344209
344211
344223
344226
344229
344235
344238
344397
344400
344410
344411
344414
344415
344447
344457
344460
344463
344469
344472
344631
344632
344637
344643
344644
344666
344671
344676
344693
344840
344845
344850
344891
344896
344901
345050
345055
345060
345101
345106
345111
345260
345264
345265
345270
345274
345311
345316
345321
345322
345470
345475
345480
345494
345503
345504
345508
345513
345514
345687
345693
345695
345698
345705
345721
345732
345733
345744
345745
345754
345755
345999
346007
346010
346023
346027
346029
346035
346039
346047
346054
346057
346065
346072
346075
346077
346080
346088
346092
346093
346105
346106
348895
348907
348915
348922
348925
348933
348940
348943
348958
349185
349188
349198
349202
349203
349216
349217
349257
349264
349266
349278
349281
349284
349290
349293
349452
349455
349465
349466
349469
349470
349502
349512
349515
349518
349524
349527
349686
349687
349692
349698
349699
349721
349726
349731
349748
349895
349900
349905
349946
349951
349956
350105
350110
350115
350156
350161
350166
350315
350319
350320
350325
350329
350366
350371
350376
350377
350525
350530
350535
350549
350558
350559
350563
350568
350569
350742
350748
350750
350753
350760
350776
350787
350788
350799
350800
350809
350810
351054
351062
351065
351078
351082
351084
351090
351094
351102
351109
351112
351120
351127
351130
351132
351135
351143
351147
351148
351160
351161
353950
353962
353970
353977
353980
353988
353995
353998
354013
354240
354243
354253
354257
354258
354271
354272
354312
354319
354321
354333
354336
354339
354345
354348
354507
354510
354520
354521
354524
354525
354557
354567
354570
354573
354579
354582
354741
354742
354747
354753
354754
354776
354781
354786
354803
354950
354955
354960
355001
355006
355011
355160
355165
355170
355211
355216
355221
355370
355374
355375
355380
355384
355421
355426
355431
355432
355580
355585
355590
355604
355613
355614
355618
355623
355624
355797
355803
355805
355808
355815
355831
355842
355843
355854
355855
355864
355865
356109
356117
356120
356133
356137
356139
356145
356149
356157
356164
356167
356175
356182
356185
356187
356190
356198
356202
356203
356215
356216
359005
359017
359025
359032
359035
359043
359050
359053
359068
359295
359298
359308
359312
359313
359326
359327
359367
359374
359376
359388
359391
359394
359400
359403
359562
359565
359575
359576
359579
359580
359612
359622
359625
359628
359634
359637
359796
359797
359802
359808
359809
359831
359836
359841
359858
360005
360010
360015
360056
360061
360066
360215
360220
360225
360266
360271
360276
360425
360429
360430
360435
360439
360476
360481
360486
360487
360635
360640
360645
360659
360668
360669
360673
360678
360679
360852
360858
360860
360863
360870
360886
360897
360898
360909
360910
360919
360920
361164
361172
361175
361188
361192
361194
361200
361204
361212
361219
361222
361230
361237
361240
361242
361245
361253
361257
361258
361270
361271
364060
364072
364080
364087
364090
364098
364105
364108
364123
364350
364353
364363
364367
364368
364381
364382
364422
364429
364431
364443
364446
364449
364455
364458
364617
364620
364630
364631
364634
364635
364667
364677
364680
364683
364689
364692
364851
364852
364857
364863
364864
364886
364891
364896
364913
365060
365065
365070
365111
365116
365121
365270
365275
365280
365321
365326
365331
365480
365484
365485
365490
365494
365531
365536
365541
365542
365690
365695
365700
365714
365723
365724
365728
365733
365734
365907
365913
365915
365918
365925
365941
365952
365953
365964
365965
365974
365975
366219
366227
366230
366243
366247
366249
366255
366259
366267
366274
366277
366285
366292
366295
366297
366300
366308
366312
366313
366325
366326
369115
369127
369135
369142
369145
369153
369160
369163
369178
369405
369408
369418
369422
369423
369436
369437
369477
369484
369486
369498
369501
369504
369510
369513
369672
369675
369685
369686
369689
369690
369722
369732
369735
369738
369744
369747
369906
369907
369912
369918
369919
369941
369946
369951
369968
370115
370120
370125
370166
370171
370176
370325
370330
370335
370376
370381
370386
370535
370539
370540
370545
370549
370586
370591
370596
370597
370745
370750
370755
370769
370778
370779
370783
370788
370789
370962
370968
370970
370973
370980
370996
371007
371008
371019
371020
371029
371030
371274
371282
371285
371298
371302
371304
371310
371314
371322
371329
371332
371340
371347
371350
371352
371355
371363
371367
371368
371380
371381
374170
374182
374190
374197
374200
374208
374215
374218
374233
374460
374463
374473
374477
374478
374491
374492
374532
374539
374541
374553
374556
374559
374565
374568
374727
374730
374740
374741
374744
374745
374777
374787
374790
374793
374799
374802
374961
374962
374967
374973
374974
374996
375001
375006
375023
375170
375175
375180
375221
375226
375231
375380
375385
375390
375431
375436
375441
375590
375594
375595
375600
375604
375641
375646
375651
375652
375800
375805
375810
375824
375833
375834
375838
375843
375844
376017
376023
376025
376028
376035
376051
376062
376063
376074
376075
376084
376085
376329
376337
376340
376353
376357
376359
376365
376369
376377
376384
376387
376395
376402
376405
376407
376410
376418
376422
376423
376435
376436
379225
379237
379245
379252
379255
379263
379270
379273
379288
379515
379518
379528
379532
379533
379546
379547
379587
379594
379596
379608
379611
379614
379620
379623
379782
379785
379795
379796
379799
379800
379832
379842
379845
379848
379854
379857
380016
380017
380022
380028
380029
380051
380056
380061
380078
380225
380230
380235
380276
380281
380286
380435
380440
380445
380486
380491
380496
380645
380649
380650
380655
380659
380696
380701
380706
380707
380855
380860
380865
380879
380888
380889
380893
380898
380899
381072
381078
381080
381083
381090
381106
381117
381118
381129
381130
381139
381140
381384
381392
381395
381408
381412
381414
381420
381424
381432
381439
381442
381450
381457
381460
381462
381465
381473
381477
381478
381490
381491
384280
384292
384300
384307
384310
384318
384325
384328
384343
384570
384573
384583
384587
384588
384601
384602
384642
384649
384651
384663
384666
384669
384675
384678
384837
384840
384850
384851
384854
384855
384887
384897
384900
384903
384909
384912
385071
385072
385077
385083
385084
385106
385111
385116
385133
385280
385285
385290
385331
385336
385341
385490
385495
385500
385541
385546
385551
385700
385704
385705
385710
385714
385751
385756
385761
385762
385910
385915
385920
385934
385943
385944
385948
385953
385954
386127
386133
386135
386138
386145
386161
386172
386173
386184
386185
386194
386195
386439
386447
386450
386463
386467
386469
386475
386479
386487
386494
386497
386505
386512
386515
386517
386520
386528
386532
386533
386545
386546
389335
389347
389355
389362
389365
389373
389380
389383
389398
389625
389628
389638
389642
389643
389656
389657
389697
389704
389706
389718
389721
389724
389730
389733
389892
389895
389905
389906
389909
389910
389942
389952
389955
389958
389964
389967
390126
390127
390132
390138
390139
390161
390166
390171
390188
390335
390340
390345
390386
390391
390396
390545
390550
390555
390596
390601
390606
390755
390759
390760
390765
390769
390806
390811
390816
390817
390965
390970
390975
390989
390998
390999
391003
391008
391009
391182
391188
391190
391193
391200
391216
391227
391228
391239
391240
391249
391250
391494
391502
391505
391518
391522
391524
391530
391534
391542
391549
391552
391560
391567
391570
391572
391575
391583
391587
391588
391600
391601
394390
394402
394410
394417
394420
394428
394435
394438
394453
394680
394683
394693
394697
394698
394711
394712
394752
394759
394761
394773
394776
394779
394785
394788
394947
394950
394960
394961
394964
394965
394997
395007
395010
395013
395019
395022
395181
395182
395187
395193
395194
395216
395221
395226
395243
395390
395395
395400
395441
395446
395451
395600
395605
395610
395651
395656
395661
395810
395814
395815
395820
395824
395861
395866
395871
395872
396020
396025
396030
396044
396053
396054
396058
396063
396064
396237
396243
396245
396248
396255
396271
396282
396283
396294
396295
396304
396305
396549
396557
396560
396573
396577
396579
396585
396589
396597
396604
396607
396615
396622
396625
396627
396630
396638
396642
396643
396655
396656
399445
399457
399465
399472
399475
399483
399490
399493
399508
399735
399738
399748
399752
399753
399766
399767
399807
399814
399816
399828
399831
399834
399840
399843
400002
400005
400015
400016
400019
400020
400052
400062
400065
400068
400074
400077
400236
400237
400242
400248
400249
400271
400276
400281
400298
400445
400450
400455
400496
400501
400506
400655
400660
400665
400706
400711
400716
400865
400869
400870
400875
400879
400916
400921
400926
400927
401075
401080
401085
401099
401108
401109
401113
401118
401119
401292
401298
401300
401303
401310
401326
401337
401338
401349
401350
401359
401360
401604
401612
401615
401628
401632
401634
401640
401644
401652
401659
401662
401670
401677
401680
401682
401685
401693
401697
401698
401710
401711
404500
404512
404520
404527
404530
404538
404545
404548
404563
404790
404793
404803
404807
404808
404821
404822
404862
404869
404871
404883
404886
404889
404895
404898
405057
405060
405070
405071
405074
405075
405107
405117
405120
405123
405129
405132
405291
405292
405297
405303
405304
405326
405331
405336
405353
405500
405505
405510
405551
405556
405561
405710
405715
405720
405761
405766
405771
405920
405924
405925
405930
405934
405971
405976
405981
405982
406130
406135
406140
406154
406163
406164
406168
406173
406174
406347
406353
406355
406358
406365
406381
406392
406393
406404
406405
406414
406415
406659
406667
406670
406683
406687
406689
406695
406699
406707
406714
406717
406725
406732
406735
406737
406740
406748
406752
406753
406765
406766
409555
409567
409575
409582
409585
409593
409600
409603
409618
409845
409848
409858
409862
409863
409876
409877
409917
409924
409926
409938
409941
409944
409950
409953
410112
410115
410125
410126
410129
410130
410162
410172
410175
410178
410184
410187
410346
410347
410352
410358
410359
410381
410386
410391
410408
410555
410560
410565
410606
410611
410616
410765
410770
410775
410816
410821
410826
410975
410979
410980
410985
410989
411026
411031
411036
411037
411185
411190
411195
411209
411218
411219
411223
411228
411229
411402
411408
411410
411413
411420
411436
411447
411448
411459
411460
411469
411470
411714
411722
411725
411738
411742
411744
411750
411754
411762
411769
411772
411780
411787
411790
411792
411795
411803
411807
411808
411820
411821
414610
414622
414630
414637
414640
414648
414655
414658
414673
414900
414903
414913
414917
414918
414931
414932
414972
414979
414981
414993
414996
414999
415005
415008
415167
415170
415180
415181
415184
415185
415217
415227
415230
415233
415239
415242
415401
415402
415407
415413
415414
415436
415441
415446
415463
415610
415615
415620
415661
415666
415671
415820
415825
415830
415871
415876
415881
416030
416034
416035
416040
416044
416081
416086
416091
416092
416240
416245
416250
416264
416273
416274
416278
416283
416284
416457
416463
416465
416468
416475
416491
416502
416503
416514
416515
416524
416525
416769
416777
416780
416793
416797
416799
416805
416809
416817
416824
416827
416835
416842
416845
416847
416850
416858
416862
416863
416875
416876
419665
419677
419685
419692
419695
419703
419710
419713
419728
419955
419958
419968
419972
419973
419986
419987
420027
420034
420036
420048
420051
420054
420060
420063
420222
420225
420235
420236
420239
420240
420272
420282
420285
420288
420294
420297
420456
420457
420462
420468
420469
420491
420496
420501
420518
420665
420670
420675
420716
420721
420726
420875
420880
420885
420926
420931
420936
421085
421089
421090
421095
421099
421136
421141
421146
421147
421295
421300
421305
421319
421328
421329
421333
421338
421339
421512
421518
421520
421523
421530
421546
421557
421558
421569
421570
421579
421580
421824
421832
421835
421848
421852
421854
421860
421864
421872
421879
421882
421890
421897
421900
421902
421905
421913
421917
421918
421930
421931
424720
424732
424740
424747
424750
424758
424765
424768
424783
425010
425013
425023
425027
425028
425041
425042
425082
425089
425091
425103
425106
425109
425115
425118
425277
425280
425290
425291
425294
425295
425327
425337
425340
425343
425349
425352
425511
425512
425517
425523
425524
425546
425551
425556
425573
425720
425725
425730
425771
425776
425781
425930
425935
425940
425981
425986
425991
426140
426144
426145
426150
426154
426191
426196
426201
426202
426350
426355
426360
426374
426383
426384
426388
426393
426394
426567
426573
426575
426578
426585
426601
426612
426613
426624
426625
426634
426635
426879
426887
426890
426903
426907
426909
426915
426919
426927
426934
426937
426945
426952
426955
426957
426960
426968
426972
426973
426985
426986
429775
429787
429795
429802
429805
429813
429820
429823
429838
430065
430068
430078
430082
430083
430096
430097
430137
430144
430146
430158
430161
430164
430170
430173
430332
430335
430345
430346
430349
430350
430382
430392
430395
430398
430404
430407
430566
430567
430572
430578
430579
430601
430606
430611
430628
430775
430780
430785
430826
430831
430836
430985
430990
430995
431036
431041
431046
431195
431199
431200
431205
431209
431246
431251
431256
431257
431405
431410
431415
431429
431438
431439
431443
431448
431449
431622
431628
431630
431633
431640
431656
431667
431668
431679
431680
431689
431690
431934
431942
431945
431958
431962
431964
431970
431974
431982
431989
431992
432000
432007
432010
432012
432015
432023
432027
432028
432040
432041
434830
434842
434850
434857
434860
434868
434875
434878
434893
435120
435123
435133
435137
435138
435151
435152
435192
435199
435201
435213
435216
435219
435225
435228
435387
435390
435400
435401
435404
435405
435437
435447
435450
435453
435459
435462
435621
435622
435627
435633
435634
435656
435661
435666
435683
435830
435835
435840
435881
435886
435891
436040
436045
436050
436091
436096
436101
436250
436254
436255
436260
436264
436301
436306
436311
436312
436460
436465
436470
436484
436493
436494
436498
436503
436504
436677
436683
436685
436688
436695
436711
436722
436723
436734
436735
436744
436745
436989
436997
437000
437013
437017
437019
437025
437029
437037
437044
437047
437055
437062
437065
437067
437070
437078
437082
437083
437095
437096
439885
439897
439905
439912
439915
439923
439930
439933
439948
440175
440178
440188
440192
440193
440206
440207
440247
440254
440256
440268
440271
440274
440280
440283
440442
440445
440455
440456
440459
440460
440492
440502
440505
440508
440514
440517
440676
440677
440682
440688
440689
440711
440716
440721
440738
440885
440890
440895
440936
440941
440946
441095
441100
441105
441146
441151
441156
441305
441309
441310
441315
441319
441356
441361
441366
441367
441515
441520
441525
441539
441548
441549
441553
441558
441559
441732
441738
441740
441743
441750
441766
441777
441778
441789
441790
441799
441800
442044
442052
442055
442068
442072
442074
442080
442084
442092
442099
442102
442110
442117
442120
442122
442125
442133
442137
442138
442150
442151
444940
444952
444960
444967
444970
444978
444985
444988
445003
445230
445233
445243
445247
445248
445261
445262
445302
445309
445311
445323
445326
445329
445335
445338
445497
445500
445510
445511
445514
445515
445547
445557
445560
445563
445569
445572
445731
445732
445737
445743
445744
445766
445771
445776
445793
445940
445945
445950
445991
445996
446001
446150
446155
446160
446201
446206
446211
446360
446364
446365
446370
446374
446411
446416
446421
446422
446570
446575
446580
446594
446603
446604
446608
446613
446614
446787
446793
446795
446798
446805
446821
446832
446833
446844
446845
446854
446855
447099
447107
447110
447123
447127
447129
447135
447139
447147
447154
447157
447165
447172
447175
447177
447180
447188
447192
447193
447205
447206
449995
450007
450015
450022
450025
450033
450040
450043
450058
450285
450288
450298
450302
450303
450316
450317
450357
450364
450366
450378
450381
450384
450390
450393
450552
450555
450565
450566
450569
450570
450602
450612
450615
450618
450624
450627
450786
450787
450792
450798
450799
450821
450826
450831
450848
450995
451000
451005
451046
451051
451056
451205
451210
451215
451256
451261
451266
451415
451419
451420
451425
451429
451466
451471
451476
451477
451625
451630
451635
451649
451658
451659
451663
451668
451669
451842
451848
451850
451853
451860
451876
451887
451888
451899
451900
451909
451910
452154
452162
452165
452178
452182
452184
452190
452194
452202
452209
452212
452220
452227
452230
452232
452235
452243
452247
452248
452260
452261
456865
456877
456885
456891
456893
456900
456906
456908
456922
457125
457128
457138
457141
457142
457153
457154
457191
457198
457200
457209
457212
457215
457220
457222
457518
457521
457531
457532
457534
457535
457642
457650
457653
457656
457661
457663
458019
458020
458025
458029
458030
458159
458164
458167
458182
458537
458542
458546
458696
458701
458705
459062
459067
459071
459221
459226
459230
459587
459591
459592
459596
459599
459746
459751
459755
459756
460100
460105
460108
460122
460238
460239
460243
460246
460247
460542
460548
460550
460553
460558
460572
460658
460659
460666
460667
460675
460676
460869
460877
460880
460889
460893
460895
460898
460901
460908
460914
460916
460923
460929
460931
460932
460934
460941
460943
460944
460954
460955
463756
463758
463759
463774
463776
463777
463792
463794
463795
463810
463812
463813
464035
464037
464038
464053
464055
464056
464071
464073
464074
464089
464091
464092
464107
464109
464110
464125
464127
464128
464422
464424
464425
464440
464442
464443
464458
464460
464461
464476
464478
464479
464494
464496
464497
464512
464514
464515
464530
464532
464533
464548
464550
464551
464845
464847
464848
464863
464865
464866
464881
464883
464884
464899
464901
464902
464917
464919
464920
464935
464937
464938
464953
464955
464956
464971
464973
464974
465256
465258
465259
465271
465273
465274
465289
465291
465292
465307
465309
465310
465325
465327
465328
465343
465345
465346
465361
465363
465364
465379
465381
465382
465589
465591
465592
465604
465606
465607
465622
465624
465625
465640
465642
465643
465658
465660
465661
465676
465678
465679
465802
465804
465805
465817
465819
465820
465832
465834
465835
465847
465849
465850
)
;
    flipMap         List<bool> 
4936
(
0
0
1
1
1
1
0
1
1
0
0
1
1
0
0
1
1
0
1
0
1
1
0
0
0
0
1
1
0
0
1
1
1
0
0
0
0
0
1
1
1
1
0
1
1
0
0
1
1
0
0
1
1
0
1
0
1
1
0
0
0
0
1
1
0
0
1
1
1
0
0
0
0
0
1
1
1
1
0
1
1
0
0
1
1
0
0
1
1
0
1
0
1
1
0
0
0
0
1
1
0
0
1
1
1
0
0
0
0
0
1
1
1
1
0
1
1
0
0
1
1
0
0
1
1
0
1
0
1
1
0
0
0
0
1
1
0
0
1
1
1
0
0
0
0
0
1
1
1
1
0
1
1
0
0
1
1
0
0
1
1
0
1
0
1
1
0
0
0
0
1
1
0
0
1
1
1
0
0
0
0
0
1
1
1
1
0
1
1
0
0
1
1
0
0
1
1
0
1
0
1
1
0
0
0
0
1
1
0
0
1
1
1
0
0
0
0
0
1
1
1
1
0
1
1
0
0
1
1
0
0
1
1
0
1
0
1
1
0
0
0
0
1
1
0
0
1
1
1
0
0
0
0
0
1
1
1
1
0
1
1
0
0
1
1
0
0
1
1
0
1
0
1
1
0
0
0
0
1
1
0
0
1
1
1
0
0
0
0
0
1
1
1
1
0
1
1
0
0
1
1
0
0
1
1
0
1
0
1
1
0
0
0
0
1
1
0
0
1
1
1
0
0
0
0
0
1
1
1
1
0
1
1
0
0
1
1
0
0
1
1
0
1
0
1
1
0
0
0
0
1
1
0
0
1
1
1
0
0
0
0
0
1
1
1
1
0
1
1
0
0
1
1
0
0
1
1
0
1
0
1
1
0
0
0
0
1
1
0
0
1
1
1
0
0
0
0
0
1
1
1
1
0
1
1
0
0
1
1
0
0
1
1
0
1
0
1
1
0
0
0
0
1
1
0
0
1
1
1
0
0
0
0
0
1
1
1
1
0
1
1
0
0
1
1
0
0
1
1
0
1
0
1
1
0
0
0
0
1
1
0
0
1
1
1
0
0
0
0
0
1
1
1
1
0
1
1
0
0
1
1
0
0
1
1
0
1
0
1
1
0
0
0
0
1
1
0
0
1
1
1
0
0
0
0
0
1
1
1
1
0
1
1
0
0
1
1
0
0
1
1
0
1
0
1
1
0
0
0
0
1
1
0
0
1
1
1
0
0
0
0
0
1
1
1
1
0
1
1
0
0
1
1
0
0
1
1
0
1
0
1
1
0
0
0
0
1
1
0
0
1
1
1
0
0
0
0
0
1
1
1
1
0
1
1
0
0
1
1
0
0
1
1
0
1
0
1
1
0
0
0
0
1
1
0
0
1
1
1
0
0
0
0
0
1
1
1
1
0
1
1
0
0
1
1
0
0
1
1
0
1
0
1
1
0
0
0
0
1
1
0
0
1
1
1
0
0
0
0
0
1
1
1
1
0
1
1
0
0
1
1
0
0
1
1
0
1
0
1
1
0
0
0
0
1
1
0
0
1
1
1
0
0
0
0
0
1
1
1
1
0
1
1
0
0
1
1
0
0
1
1
0
1
0
1
1
0
0
0
0
1
1
0
0
1
1
1
0
0
0
0
0
1
1
1
1
0
1
1
0
0
1
1
0
0
1
1
0
1
0
1
1
0
0
0
0
1
1
0
0
1
1
1
0
0
0
0
0
1
1
1
1
0
1
1
0
0
1
1
0
0
1
1
0
1
0
1
1
0
0
0
0
1
1
0
0
1
1
1
0
0
0
0
0
1
1
1
1
0
1
1
0
0
1
1
0
0
1
1
0
1
0
1
1
0
0
0
0
1
1
0
0
1
1
1
0
0
0
0
0
1
1
1
1
0
1
1
0
0
1
1
0
0
1
1
0
1
0
1
1
0
0
0
0
1
1
0
0
1
1
1
0
0
0
0
0
1
1
1
1
0
1
1
0
0
1
1
0
0
1
1
0
1
0
1
1
0
0
0
0
1
1
0
0
1
1
1
0
0
0
0
0
1
1
1
1
0
1
1
0
0
1
1
0
0
1
1
0
1
0
1
1
0
0
0
0
1
1
0
0
1
1
1
0
0
0
0
0
1
1
1
1
0
1
1
0
0
1
1
0
0
1
1
0
1
0
1
1
0
0
0
0
1
1
0
0
1
1
1
0
0
0
0
0
1
1
1
1
0
1
1
0
0
1
1
0
0
1
1
0
1
0
1
1
0
0
0
0
1
1
0
0
1
1
1
0
0
0
0
0
1
1
1
1
0
1
1
0
0
1
1
0
0
1
1
0
1
0
1
1
0
0
0
0
1
1
0
0
1
1
1
0
0
0
0
0
1
1
1
1
0
1
1
0
0
1
1
0
0
1
1
0
1
0
1
1
0
0
0
0
1
1
0
0
1
1
1
0
0
0
0
0
1
1
1
1
0
1
1
0
0
1
1
0
0
1
1
0
1
0
1
1
0
0
0
0
1
1
0
0
1
1
1
0
0
0
0
0
1
1
1
1
0
1
1
0
0
1
1
0
0
1
1
0
1
0
1
1
0
0
0
0
1
1
0
0
1
1
1
0
0
0
0
0
1
1
1
1
1
1
1
0
1
1
1
1
1
1
1
1
0
0
1
1
1
1
1
1
1
1
1
1
0
0
1
1
1
1
1
1
1
1
1
1
1
0
1
1
1
1
1
1
1
1
1
1
0
1
1
1
1
1
1
1
1
1
1
1
1
1
1
1
1
1
1
1
0
0
0
0
1
1
1
1
1
1
1
1
1
0
0
1
1
1
1
1
1
1
1
0
0
0
0
0
0
0
1
1
1
1
1
1
1
1
1
1
1
0
1
1
1
1
0
0
0
1
1
1
1
1
1
1
1
1
0
0
0
1
1
1
1
1
1
1
1
0
1
1
1
1
0
1
1
1
1
0
1
1
1
1
0
1
1
1
1
1
1
1
1
1
1
0
1
1
1
1
1
1
1
1
1
1
1
0
1
1
1
1
1
1
1
1
1
1
1
1
1
1
0
0
0
0
0
0
0
0
0
0
0
0
0
0
0
0
0
1
0
1
0
0
1
0
0
0
0
0
0
0
1
1
0
0
1
0
0
0
0
0
0
1
1
1
0
0
0
0
1
1
1
0
0
0
1
1
1
0
1
0
0
1
1
1
1
1
0
0
0
1
1
1
1
1
1
1
0
0
1
0
1
1
1
1
1
1
1
1
0
1
0
1
1
0
1
1
1
1
1
1
1
1
1
1
1
1
1
1
0
0
0
0
0
0
0
0
0
0
0
0
0
0
0
0
0
1
0
1
0
0
1
0
0
0
0
0
0
0
1
1
0
0
1
0
0
0
0
0
0
1
1
1
0
0
0
0
1
1
1
0
0
0
1
1
1
0
1
0
0
1
1
1
1
1
0
0
0
1
1
1
1
1
1
1
0
0
1
0
1
1
1
1
1
1
1
1
0
1
0
1
1
0
1
1
1
1
1
1
1
1
1
1
1
1
1
1
0
0
0
0
0
0
0
0
0
0
0
0
0
0
0
0
0
1
0
1
0
0
1
0
0
0
0
0
0
0
1
1
0
0
1
0
0
0
0
0
0
1
1
1
0
0
0
0
1
1
1
0
0
0
1
1
1
0
1
0
0
1
1
1
1
1
0
0
0
1
1
1
1
1
1
1
0
0
1
0
1
1
1
1
1
1
1
1
0
1
0
1
1
0
1
1
1
1
1
1
1
1
1
1
1
1
1
1
0
0
0
0
0
0
0
0
0
0
0
0
0
0
0
0
0
1
0
1
0
0
1
0
0
0
0
0
0
0
1
1
0
0
1
0
0
0
0
0
0
1
1
1
0
0
0
0
1
1
1
0
0
0
1
1
1
0
1
0
0
1
1
1
1
1
0
0
0
1
1
1
1
1
1
1
0
0
1
0
1
1
1
1
1
1
1
1
0
1
0
1
1
0
1
1
1
1
1
1
1
1
1
1
1
1
1
1
0
0
0
0
0
0
0
0
0
0
0
0
0
0
0
0
0
1
0
1
0
0
1
0
0
0
0
0
0
0
1
1
0
0
1
0
0
0
0
0
0
1
1
1
0
0
0
0
1
1
1
0
0
0
1
1
1
0
1
0
0
1
1
1
1
1
0
0
0
1
1
1
1
1
1
1
0
0
1
0
1
1
1
1
1
1
1
1
0
1
0
1
1
0
1
1
1
1
1
1
1
1
1
1
1
1
1
1
0
0
0
0
0
0
0
0
0
0
0
0
0
0
0
0
0
1
0
1
0
0
1
0
0
0
0
0
0
0
1
1
0
0
1
0
0
0
0
0
0
1
1
1
0
0
0
0
1
1
1
0
0
0
1
1
1
0
1
0
0
1
1
1
1
1
0
0
0
1
1
1
1
1
1
1
0
0
1
0
1
1
1
1
1
1
1
1
0
1
0
1
1
0
1
1
1
1
1
1
1
1
1
1
1
1
1
1
0
0
0
0
0
0
0
0
0
0
0
0
0
0
0
0
0
1
0
1
0
0
1
0
0
0
0
0
0
0
1
1
0
0
1
0
0
0
0
0
0
1
1
1
0
0
0
0
1
1
1
0
0
0
1
1
1
0
1
0
0
1
1
1
1
1
0
0
0
1
1
1
1
1
1
1
0
0
1
0
1
1
1
1
1
1
1
1
0
1
0
1
1
0
1
1
1
1
1
1
1
1
1
1
1
1
1
1
0
0
0
0
0
0
0
0
0
0
0
0
0
0
0
0
0
1
0
1
0
0
1
0
0
0
0
0
0
0
1
1
0
0
1
0
0
0
0
0
0
1
1
1
0
0
0
0
1
1
1
0
0
0
1
1
1
0
1
0
0
1
1
1
1
1
0
0
0
1
1
1
1
1
1
1
0
0
1
0
1
1
1
1
1
1
1
1
0
1
0
1
1
0
1
1
1
1
1
1
1
1
1
1
1
1
1
1
0
0
0
0
0
0
0
0
0
0
0
0
0
0
0
0
0
1
0
1
0
0
1
0
0
0
0
0
0
0
1
1
0
0
1
0
0
0
0
0
0
1
1
1
0
0
0
0
1
1
1
0
0
0
1
1
1
0
1
0
0
1
1
1
1
1
0
0
0
1
1
1
1
1
1
1
0
0
1
0
1
1
1
1
1
1
1
1
0
1
0
1
1
0
1
1
1
1
1
1
1
1
1
1
1
1
1
1
0
0
0
0
0
0
0
0
0
0
0
0
0
0
0
0
0
1
0
1
0
0
1
0
0
0
0
0
0
0
1
1
0
0
1
0
0
0
0
0
0
1
1
1
0
0
0
0
1
1
1
0
0
0
1
1
1
0
1
0
0
1
1
1
1
1
0
0
0
1
1
1
1
1
1
1
0
0
1
0
1
1
1
1
1
1
1
1
0
1
0
1
1
0
1
1
1
1
1
1
1
1
1
1
1
1
1
1
0
0
0
0
0
0
0
0
0
0
0
0
0
0
0
0
0
1
0
1
0
0
1
0
0
0
0
0
0
0
1
1
0
0
1
0
0
0
0
0
0
1
1
1
0
0
0
0
1
1
1
0
0
0
1
1
1
0
1
0
0
1
1
1
1
1
0
0
0
1
1
1
1
1
1
1
0
0
1
0
1
1
1
1
1
1
1
1
0
1
0
1
1
0
1
1
1
1
1
1
1
1
1
1
1
1
1
1
0
0
0
0
0
0
0
0
0
0
0
0
0
0
0
0
0
1
0
1
0
0
1
0
0
0
0
0
0
0
1
1
0
0
1
0
0
0
0
0
0
1
1
1
0
0
0
0
1
1
1
0
0
0
1
1
1
0
1
0
0
1
1
1
1
1
0
0
0
1
1
1
1
1
1
1
0
0
1
0
1
1
1
1
1
1
1
1
0
1
0
1
1
0
1
1
1
1
1
1
1
1
1
1
1
1
1
1
0
0
0
0
0
0
0
0
0
0
0
0
0
0
0
0
0
1
0
1
0
0
1
0
0
0
0
0
0
0
1
1
0
0
1
0
0
0
0
0
0
1
1
1
0
0
0
0
1
1
1
0
0
0
1
1
1
0
1
0
0
1
1
1
1
1
0
0
0
1
1
1
1
1
1
1
0
0
1
0
1
1
1
1
1
1
1
1
0
1
0
1
1
0
1
1
1
1
1
1
1
1
1
1
1
1
1
1
0
0
0
0
0
0
0
0
0
0
0
0
0
0
0
0
0
1
0
1
0
0
1
0
0
0
0
0
0
0
1
1
0
0
1
0
0
0
0
0
0
1
1
1
0
0
0
0
1
1
1
0
0
0
1
1
1
0
1
0
0
1
1
1
1
1
0
0
0
1
1
1
1
1
1
1
0
0
1
0
1
1
1
1
1
1
1
1
0
1
0
1
1
0
1
1
1
1
1
1
1
1
1
1
1
1
1
1
0
0
0
0
0
0
0
0
0
0
0
0
0
0
0
0
0
1
0
1
0
0
1
0
0
0
0
0
0
0
1
1
0
0
1
0
0
0
0
0
0
1
1
1
0
0
0
0
1
1
1
0
0
0
1
1
1
0
1
0
0
1
1
1
1
1
0
0
0
1
1
1
1
1
1
1
0
0
1
0
1
1
1
1
1
1
1
1
0
1
0
1
1
0
1
1
1
1
1
1
1
1
1
1
1
1
1
1
0
0
0
0
0
0
0
0
0
0
0
0
0
0
0
0
0
1
0
1
0
0
1
0
0
0
0
0
0
0
1
1
0
0
1
0
0
0
0
0
0
1
1
1
0
0
0
0
1
1
1
0
0
0
1
1
1
0
1
0
0
1
1
1
1
1
0
0
0
1
1
1
1
1
1
1
0
0
1
0
1
1
1
1
1
1
1
1
0
1
0
1
1
0
1
1
1
1
1
1
1
1
1
1
1
1
1
1
0
0
0
0
0
0
0
0
0
0
0
0
0
0
0
0
0
1
0
1
0
0
1
0
0
0
0
0
0
0
1
1
0
0
1
0
0
0
0
0
0
1
1
1
0
0
0
0
1
1
1
0
0
0
1
1
1
0
1
0
0
1
1
1
1
1
0
0
0
1
1
1
1
1
1
1
0
0
1
0
1
1
1
1
1
1
1
1
0
1
0
1
1
0
1
1
1
1
1
1
1
1
1
1
1
1
1
1
0
0
0
0
0
0
0
0
0
0
0
0
0
0
0
0
0
1
0
1
0
0
1
0
0
0
0
0
0
0
1
1
0
0
1
0
0
0
0
0
0
1
1
1
0
0
0
0
1
1
1
0
0
0
1
1
1
0
1
0
0
1
1
1
1
1
0
0
0
1
1
1
1
1
1
1
0
0
1
0
1
1
1
1
1
1
1
1
0
1
0
1
1
0
1
1
1
1
1
1
1
1
1
1
1
1
1
1
0
0
0
0
0
0
0
0
0
0
0
0
0
0
0
0
0
1
0
1
0
0
1
0
0
0
0
0
0
0
1
1
0
0
1
0
0
0
0
0
0
1
1
1
0
0
0
0
1
1
1
0
0
0
1
1
1
0
1
0
0
1
1
1
1
1
0
0
0
1
1
1
1
1
1
1
0
0
1
0
1
1
1
1
1
1
1
1
0
1
0
1
1
0
1
1
1
1
1
1
1
1
1
1
1
1
1
1
0
0
0
0
0
0
0
0
0
0
0
0
0
0
0
0
0
1
0
1
0
0
1
0
0
0
0
0
0
0
1
1
0
0
1
0
0
0
0
0
0
1
1
1
0
0
0
0
1
1
1
0
0
0
1
1
1
0
1
0
0
1
1
1
1
1
0
0
0
1
1
1
1
1
1
1
0
0
1
0
1
1
1
1
1
1
1
1
0
1
0
1
1
0
1
1
1
1
1
1
1
1
1
1
1
1
1
1
0
0
0
0
0
0
0
0
0
0
0
0
0
0
0
0
0
1
0
1
0
0
1
0
0
0
0
0
0
0
1
1
0
0
1
0
0
0
0
0
0
1
1
1
0
0
0
0
1
1
1
0
0
0
1
1
1
0
1
0
0
1
1
1
1
1
0
0
0
1
1
1
1
1
1
1
0
0
1
0
1
1
1
1
1
1
1
1
0
1
0
1
1
0
1
1
1
1
1
1
1
1
1
1
1
1
1
1
0
0
0
0
0
0
0
0
0
0
0
0
0
0
0
0
0
1
0
1
0
0
1
0
0
0
0
0
0
0
1
1
0
0
1
0
0
0
0
0
0
1
1
1
0
0
0
0
1
1
1
0
0
0
1
1
1
0
1
0
0
1
1
1
1
1
0
0
0
1
1
1
1
1
1
1
0
0
1
0
1
1
1
1
1
1
1
1
0
1
0
1
1
0
1
1
1
1
1
1
1
1
1
1
1
1
1
1
0
0
0
0
0
0
0
0
0
0
0
0
0
0
0
0
0
1
0
1
0
0
1
0
0
0
0
0
0
0
1
1
0
0
1
0
0
0
0
0
0
1
1
1
0
0
0
0
1
1
1
0
0
0
1
1
1
0
1
0
0
1
1
1
1
1
0
0
0
1
1
1
1
1
1
1
0
0
1
0
1
1
1
1
1
1
1
1
0
1
0
1
1
0
1
1
1
1
1
1
1
1
1
1
1
1
1
1
0
0
0
0
0
0
0
0
0
0
0
0
0
0
0
0
0
1
0
1
0
0
1
0
0
0
0
0
0
0
1
1
0
0
1
0
0
0
0
0
0
1
1
1
0
0
0
0
1
1
1
0
0
0
1
1
1
0
1
0
0
1
1
1
1
1
0
0
0
1
1
1
1
1
1
1
0
0
1
0
1
1
1
1
1
1
1
1
0
1
0
1
1
0
1
1
1
1
1
1
1
1
1
1
1
1
1
1
0
0
0
0
0
0
0
0
0
0
0
0
0
0
0
0
0
1
0
1
0
0
1
0
0
0
0
0
0
0
1
1
0
0
1
0
0
0
0
0
0
1
1
1
0
0
0
0
1
1
1
0
0
0
1
1
1
0
1
0
0
1
1
1
1
1
0
0
0
1
1
1
1
1
1
1
0
0
1
0
1
1
1
1
1
1
1
1
0
1
0
1
1
0
1
1
1
1
1
1
1
1
1
1
1
1
1
1
0
0
0
0
0
0
0
0
0
0
0
0
0
0
0
0
0
1
0
1
0
0
1
0
0
0
0
0
0
0
1
1
0
0
1
0
0
0
0
0
0
1
1
1
0
0
0
0
1
1
1
0
0
0
1
1
1
0
1
0
0
1
1
1
1
1
0
0
0
1
1
1
1
1
1
1
0
0
1
0
1
1
1
1
1
1
1
1
0
1
0
1
1
0
1
1
1
1
1
1
1
1
1
1
1
1
1
1
0
0
0
0
0
0
0
0
0
0
0
0
0
0
0
0
0
1
0
1
0
0
1
0
0
0
0
0
0
0
1
1
0
0
1
0
0
0
0
0
0
1
1
1
0
0
0
0
1
1
1
0
0
0
1
1
1
0
1
0
0
1
1
1
1
1
0
0
0
1
1
1
1
1
1
1
0
0
1
0
1
1
1
1
1
1
1
1
0
1
0
1
1
0
1
1
1
1
1
1
1
1
1
1
1
1
1
1
0
0
0
0
0
0
0
0
0
0
0
0
0
0
0
0
0
1
0
1
0
0
1
0
0
0
0
0
0
0
1
1
0
0
1
0
0
0
0
0
0
1
1
1
0
0
0
0
1
1
1
0
0
0
1
1
1
0
1
0
0
1
1
1
1
1
0
0
0
1
1
1
1
1
1
1
0
0
1
0
1
1
1
1
1
1
1
1
0
1
0
1
1
0
1
1
1
1
1
1
1
1
1
1
1
1
1
1
0
0
0
0
0
0
0
0
0
0
0
0
0
0
0
0
0
1
0
1
0
0
1
0
0
0
0
0
0
0
1
1
0
0
1
0
0
0
0
0
0
1
1
1
0
0
0
0
1
1
1
0
0
0
1
1
1
0
1
0
0
1
1
1
1
1
0
0
0
1
1
1
1
1
1
1
0
0
1
0
1
1
1
1
1
1
1
1
0
1
0
1
1
0
1
1
1
1
1
1
1
1
1
1
1
1
1
1
0
0
0
0
0
0
0
0
0
0
0
0
0
0
0
0
0
1
0
1
0
0
1
0
0
0
0
0
0
0
1
1
0
0
1
0
0
0
0
0
0
1
1
1
0
0
0
0
1
1
1
0
0
0
1
1
1
0
1
0
0
1
1
1
1
1
0
0
0
1
1
1
1
1
1
1
0
0
1
0
1
1
1
1
1
1
1
1
0
1
0
1
1
0
1
1
1
1
1
1
1
1
1
1
1
1
1
1
0
0
0
0
0
0
0
0
0
0
0
0
0
0
0
0
0
1
0
1
0
0
1
0
0
0
0
0
0
0
1
1
0
0
1
0
0
0
0
0
0
1
1
1
0
0
0
0
1
1
1
0
0
0
1
1
1
0
1
0
0
1
1
1
1
1
0
0
0
1
1
1
1
1
1
1
0
0
1
0
1
1
1
1
1
1
1
1
0
1
0
1
1
0
1
1
1
1
1
1
1
1
1
1
1
1
1
1
0
0
0
0
0
0
0
0
0
0
0
0
0
0
0
0
0
1
0
1
0
0
1
0
0
0
0
0
0
0
1
1
0
0
1
0
0
0
0
0
0
1
1
1
0
0
0
0
1
1
1
0
0
0
1
1
1
0
1
0
0
1
1
1
1
1
0
0
0
1
1
1
1
1
1
1
0
0
1
0
1
1
1
1
1
1
1
1
0
1
0
1
1
0
1
1
1
1
1
1
1
1
1
1
1
1
1
1
1
1
1
1
1
1
1
1
1
1
1
1
1
1
1
1
1
1
1
1
1
1
1
1
1
1
1
1
1
1
1
1
1
1
1
1
1
1
1
1
1
1
1
1
1
1
1
1
1
1
1
1
1
1
1
1
1
1
1
1
1
1
1
1
1
1
1
1
1
1
1
1
1
1
1
1
1
1
1
1
1
1
1
1
1
1
1
1
1
1
1
1
1
1
1
1
1
1
1
1
1
1
1
1
1
1
1
1
1
1
1
1
1
1
1
1
1
1
1
1
1
1
1
1
1
1
1
1
1
1
1
1
)
;
}
)

// ************************************************************************* //
