solid cell4
  facet normal 9.994645875e-01 3.271908282e-02 0.000000000e+00
    outer loop
      vertex 9.000000000e-03 1.000000000e-02 -1.000000000e-03
      vertex 8.980730309e-03 1.058862816e-02 -1.000000000e-03
      vertex 8.980730309e-03 1.058862816e-02 6.500000000e-02
    endloop
  endfacet
  facet normal 9.994645875e-01 3.271908282e-02 0.000000000e+00
    outer loop
      vertex 9.000000000e-03 1.000000000e-02 -1.000000000e-03
      vertex 8.980730309e-03 1.058862816e-02 6.500000000e-02
      vertex 9.000000000e-03 1.000000000e-02 6.500000000e-02
    endloop
  endfacet
  facet normal 0.000000000e+00 0.000000000e+00 -1.000000000e+00
    outer loop
      vertex 0.000000000e+00 1.000000000e-02 -1.000000000e-03
      vertex 8.980730309e-03 1.058862816e-02 -1.000000000e-03
      vertex 9.000000000e-03 1.000000000e-02 -1.000000000e-03
    endloop
  endfacet
  facet normal 0.000000000e+00 0.000000000e+00 1.000000000e+00
    outer loop
      vertex 0.000000000e+00 1.000000000e-02 6.500000000e-02
      vertex 9.000000000e-03 1.000000000e-02 6.500000000e-02
      vertex 8.980730309e-03 1.058862816e-02 6.500000000e-02
    endloop
  endfacet
  facet normal 9.951847267e-01 9.801714033e-02 0.000000000e+00
    outer loop
      vertex 8.980730309e-03 1.058862816e-02 -1.000000000e-03
      vertex 8.923003752e-03 1.117473573e-02 -1.000000000e-03
      vertex 8.923003752e-03 1.117473573e-02 6.500000000e-02
    endloop
  endfacet
  facet normal 9.951847267e-01 9.801714033e-02 0.000000000e+00
    outer loop
      vertex 8.980730309e-03 1.058862816e-02 -1.000000000e-03
      vertex 8.923003752e-03 1.117473573e-02 6.500000000e-02
      vertex 8.980730309e-03 1.058862816e-02 6.500000000e-02
    endloop
  endfacet
  facet normal 0.000000000e+00 0.000000000e+00 -1.000000000e+00
    outer loop
      vertex 0.000000000e+00 1.000000000e-02 -1.000000000e-03
      vertex 8.923003752e-03 1.117473573e-02 -1.000000000e-03
      vertex 8.980730309e-03 1.058862816e-02 -1.000000000e-03
    endloop
  endfacet
  facet normal 0.000000000e+00 0.000000000e+00 1.000000000e+00
    outer loop
      vertex 0.000000000e+00 1.000000000e-02 6.500000000e-02
      vertex 8.980730309e-03 1.058862816e-02 6.500000000e-02
      vertex 8.923003752e-03 1.117473573e-02 6.500000000e-02
    endloop
  endfacet
  facet normal 9.866433321e-01 1.628954734e-01 0.000000000e+00
    outer loop
      vertex 8.923003752e-03 1.117473573e-02 -1.000000000e-03
      vertex 8.827067524e-03 1.175581290e-02 -1.000000000e-03
      vertex 8.827067524e-03 1.175581290e-02 6.500000000e-02
    endloop
  endfacet
  facet normal 9.866433321e-01 1.628954734e-01 0.000000000e+00
    outer loop
      vertex 8.923003752e-03 1.117473573e-02 -1.000000000e-03
      vertex 8.827067524e-03 1.175581290e-02 6.500000000e-02
      vertex 8.923003752e-03 1.117473573e-02 6.500000000e-02
    endloop
  endfacet
  facet normal 0.000000000e+00 0.000000000e+00 -1.000000000e+00
    outer loop
      vertex 0.000000000e+00 1.000000000e-02 -1.000000000e-03
      vertex 8.827067524e-03 1.175581290e-02 -1.000000000e-03
      vertex 8.923003752e-03 1.117473573e-02 -1.000000000e-03
    endloop
  endfacet
  facet normal 0.000000000e+00 0.000000000e+00 1.000000000e+00
    outer loop
      vertex 0.000000000e+00 1.000000000e-02 6.500000000e-02
      vertex 8.923003752e-03 1.117473573e-02 6.500000000e-02
      vertex 8.827067524e-03 1.175581290e-02 6.500000000e-02
    endloop
  endfacet
  facet normal 9.738769793e-01 2.270762630e-01 0.000000000e+00
    outer loop
      vertex 8.827067524e-03 1.175581290e-02 -1.000000000e-03
      vertex 8.693332437e-03 1.232937141e-02 -1.000000000e-03
      vertex 8.693332437e-03 1.232937141e-02 6.500000000e-02
    endloop
  endfacet
  facet normal 9.738769793e-01 2.270762630e-01 0.000000000e+00
    outer loop
      vertex 8.827067524e-03 1.175581290e-02 -1.000000000e-03
      vertex 8.693332437e-03 1.232937141e-02 6.500000000e-02
      vertex 8.827067524e-03 1.175581290e-02 6.500000000e-02
    endloop
  endfacet
  facet normal 0.000000000e+00 0.000000000e+00 -1.000000000e+00
    outer loop
      vertex 0.000000000e+00 1.000000000e-02 -1.000000000e-03
      vertex 8.693332437e-03 1.232937141e-02 -1.000000000e-03
      vertex 8.827067524e-03 1.175581290e-02 -1.000000000e-03
    endloop
  endfacet
  facet normal 0.000000000e+00 0.000000000e+00 1.000000000e+00
    outer loop
      vertex 0.000000000e+00 1.000000000e-02 6.500000000e-02
      vertex 8.827067524e-03 1.175581290e-02 6.500000000e-02
      vertex 8.693332437e-03 1.232937141e-02 6.500000000e-02
    endloop
  endfacet
  facet normal 9.569403357e-01 2.902846773e-01 0.000000000e+00
    outer loop
      vertex 8.693332437e-03 1.232937141e-02 -1.000000000e-03
      vertex 8.522371165e-03 1.289295519e-02 -1.000000000e-03
      vertex 8.522371165e-03 1.289295519e-02 6.500000000e-02
    endloop
  endfacet
  facet normal 9.569403357e-01 2.902846773e-01 0.000000000e+00
    outer loop
      vertex 8.693332437e-03 1.232937141e-02 -1.000000000e-03
      vertex 8.522371165e-03 1.289295519e-02 6.500000000e-02
      vertex 8.693332437e-03 1.232937141e-02 6.500000000e-02
    endloop
  endfacet
  facet normal 0.000000000e+00 0.000000000e+00 -1.000000000e+00
    outer loop
      vertex 0.000000000e+00 1.000000000e-02 -1.000000000e-03
      vertex 8.522371165e-03 1.289295519e-02 -1.000000000e-03
      vertex 8.693332437e-03 1.232937141e-02 -1.000000000e-03
    endloop
  endfacet
  facet normal 0.000000000e+00 0.000000000e+00 1.000000000e+00
    outer loop
      vertex 0.000000000e+00 1.000000000e-02 6.500000000e-02
      vertex 8.693332437e-03 1.232937141e-02 6.500000000e-02
      vertex 8.522371165e-03 1.289295519e-02 6.500000000e-02
    endloop
  endfacet
  facet normal 9.359059268e-01 3.522500479e-01 0.000000000e+00
    outer loop
      vertex 8.522371165e-03 1.289295519e-02 -1.000000000e-03
      vertex 8.314915793e-03 1.344415089e-02 -1.000000000e-03
      vertex 8.314915793e-03 1.344415089e-02 6.500000000e-02
    endloop
  endfacet
  facet normal 9.359059268e-01 3.522500479e-01 0.000000000e+00
    outer loop
      vertex 8.522371165e-03 1.289295519e-02 -1.000000000e-03
      vertex 8.314915793e-03 1.344415089e-02 6.500000000e-02
      vertex 8.522371165e-03 1.289295519e-02 6.500000000e-02
    endloop
  endfacet
  facet normal 0.000000000e+00 0.000000000e+00 -1.000000000e+00
    outer loop
      vertex 0.000000000e+00 1.000000000e-02 -1.000000000e-03
      vertex 8.314915793e-03 1.344415089e-02 -1.000000000e-03
      vertex 8.522371165e-03 1.289295519e-02 -1.000000000e-03
    endloop
  endfacet
  facet normal 0.000000000e+00 0.000000000e+00 1.000000000e+00
    outer loop
      vertex 0.000000000e+00 1.000000000e-02 6.500000000e-02
      vertex 8.522371165e-03 1.289295519e-02 6.500000000e-02
      vertex 8.314915793e-03 1.344415089e-02 6.500000000e-02
    endloop
  endfacet
  facet normal 9.108638249e-01 4.127070298e-01 0.000000000e+00
    outer loop
      vertex 8.314915793e-03 1.344415089e-02 -1.000000000e-03
      vertex 8.071854674e-03 1.398059821e-02 -1.000000000e-03
      vertex 8.071854674e-03 1.398059821e-02 6.500000000e-02
    endloop
  endfacet
  facet normal 9.108638249e-01 4.127070298e-01 0.000000000e+00
    outer loop
      vertex 8.314915793e-03 1.344415089e-02 -1.000000000e-03
      vertex 8.071854674e-03 1.398059821e-02 6.500000000e-02
      vertex 8.314915793e-03 1.344415089e-02 6.500000000e-02
    endloop
  endfacet
  facet normal 0.000000000e+00 0.000000000e+00 -1.000000000e+00
    outer loop
      vertex 0.000000000e+00 1.000000000e-02 -1.000000000e-03
      vertex 8.071854674e-03 1.398059821e-02 -1.000000000e-03
      vertex 8.314915793e-03 1.344415089e-02 -1.000000000e-03
    endloop
  endfacet
  facet normal 0.000000000e+00 0.000000000e+00 1.000000000e+00
    outer loop
      vertex 0.000000000e+00 1.000000000e-02 6.500000000e-02
      vertex 8.314915793e-03 1.344415089e-02 6.500000000e-02
      vertex 8.071854674e-03 1.398059821e-02 6.500000000e-02
    endloop
  endfacet
  facet normal 8.819212643e-01 4.713967368e-01 0.000000000e+00
    outer loop
      vertex 8.071854674e-03 1.398059821e-02 -1.000000000e-03
      vertex 7.794228634e-03 1.450000000e-02 -1.000000000e-03
      vertex 7.794228634e-03 1.450000000e-02 6.500000000e-02
    endloop
  endfacet
  facet normal 8.819212643e-01 4.713967368e-01 0.000000000e+00
    outer loop
      vertex 8.071854674e-03 1.398059821e-02 -1.000000000e-03
      vertex 7.794228634e-03 1.450000000e-02 6.500000000e-02
      vertex 8.071854674e-03 1.398059821e-02 6.500000000e-02
    endloop
  endfacet
  facet normal 0.000000000e+00 0.000000000e+00 -1.000000000e+00
    outer loop
      vertex 0.000000000e+00 1.000000000e-02 -1.000000000e-03
      vertex 7.794228634e-03 1.450000000e-02 -1.000000000e-03
      vertex 8.071854674e-03 1.398059821e-02 -1.000000000e-03
    endloop
  endfacet
  facet normal 0.000000000e+00 0.000000000e+00 1.000000000e+00
    outer loop
      vertex 0.000000000e+00 1.000000000e-02 6.500000000e-02
      vertex 8.071854674e-03 1.398059821e-02 6.500000000e-02
      vertex 7.794228634e-03 1.450000000e-02 6.500000000e-02
    endloop
  endfacet
  facet normal 8.492021815e-01 5.280678507e-01 0.000000000e+00
    outer loop
      vertex 7.794228634e-03 1.450000000e-02 -1.000000000e-03
      vertex 7.483226511e-03 1.500013210e-02 -1.000000000e-03
      vertex 7.483226511e-03 1.500013210e-02 6.500000000e-02
    endloop
  endfacet
  facet normal 8.492021815e-01 5.280678507e-01 0.000000000e+00
    outer loop
      vertex 7.794228634e-03 1.450000000e-02 -1.000000000e-03
      vertex 7.483226511e-03 1.500013210e-02 6.500000000e-02
      vertex 7.794228634e-03 1.450000000e-02 6.500000000e-02
    endloop
  endfacet
  facet normal 0.000000000e+00 0.000000000e+00 -1.000000000e+00
    outer loop
      vertex 0.000000000e+00 1.000000000e-02 -1.000000000e-03
      vertex 7.483226511e-03 1.500013210e-02 -1.000000000e-03
      vertex 7.794228634e-03 1.450000000e-02 -1.000000000e-03
    endloop
  endfacet
  facet normal 0.000000000e+00 0.000000000e+00 1.000000000e+00
    outer loop
      vertex 0.000000000e+00 1.000000000e-02 6.500000000e-02
      vertex 7.794228634e-03 1.450000000e-02 6.500000000e-02
      vertex 7.483226511e-03 1.500013210e-02 6.500000000e-02
    endloop
  endfacet
  facet normal 8.128466846e-01 5.824776969e-01 0.000000000e+00
    outer loop
      vertex 7.483226511e-03 1.500013210e-02 -1.000000000e-03
      vertex 7.140180063e-03 1.547885286e-02 -1.000000000e-03
      vertex 7.140180063e-03 1.547885286e-02 6.500000000e-02
    endloop
  endfacet
  facet normal 8.128466846e-01 5.824776969e-01 0.000000000e+00
    outer loop
      vertex 7.483226511e-03 1.500013210e-02 -1.000000000e-03
      vertex 7.140180063e-03 1.547885286e-02 6.500000000e-02
      vertex 7.483226511e-03 1.500013210e-02 6.500000000e-02
    endloop
  endfacet
  facet normal 0.000000000e+00 0.000000000e+00 -1.000000000e+00
    outer loop
      vertex 0.000000000e+00 1.000000000e-02 -1.000000000e-03
      vertex 7.140180063e-03 1.547885286e-02 -1.000000000e-03
      vertex 7.483226511e-03 1.500013210e-02 -1.000000000e-03
    endloop
  endfacet
  facet normal 0.000000000e+00 0.000000000e+00 1.000000000e+00
    outer loop
      vertex 0.000000000e+00 1.000000000e-02 6.500000000e-02
      vertex 7.483226511e-03 1.500013210e-02 6.500000000e-02
      vertex 7.140180063e-03 1.547885286e-02 6.500000000e-02
    endloop
  endfacet
  facet normal 7.730104534e-01 6.343932842e-01 0.000000000e+00
    outer loop
      vertex 7.140180063e-03 1.547885286e-02 -1.000000000e-03
      vertex 6.766558267e-03 1.593411234e-02 -1.000000000e-03
      vertex 6.766558267e-03 1.593411234e-02 6.500000000e-02
    endloop
  endfacet
  facet normal 7.730104534e-01 6.343932842e-01 0.000000000e+00
    outer loop
      vertex 7.140180063e-03 1.547885286e-02 -1.000000000e-03
      vertex 6.766558267e-03 1.593411234e-02 6.500000000e-02
      vertex 7.140180063e-03 1.547885286e-02 6.500000000e-02
    endloop
  endfacet
  facet normal 0.000000000e+00 0.000000000e+00 -1.000000000e+00
    outer loop
      vertex 0.000000000e+00 1.000000000e-02 -1.000000000e-03
      vertex 6.766558267e-03 1.593411234e-02 -1.000000000e-03
      vertex 7.140180063e-03 1.547885286e-02 -1.000000000e-03
    endloop
  endfacet
  facet normal 0.000000000e+00 0.000000000e+00 1.000000000e+00
    outer loop
      vertex 0.000000000e+00 1.000000000e-02 6.500000000e-02
      vertex 7.140180063e-03 1.547885286e-02 6.500000000e-02
      vertex 6.766558267e-03 1.593411234e-02 6.500000000e-02
    endloop
  endfacet
  facet normal 7.298640727e-01 6.835923020e-01 0.000000000e+00
    outer loop
      vertex 6.766558267e-03 1.593411234e-02 -1.000000000e-03
      vertex 6.363961031e-03 1.636396103e-02 -1.000000000e-03
      vertex 6.363961031e-03 1.636396103e-02 6.500000000e-02
    endloop
  endfacet
  facet normal 7.298640727e-01 6.835923020e-01 0.000000000e+00
    outer loop
      vertex 6.766558267e-03 1.593411234e-02 -1.000000000e-03
      vertex 6.363961031e-03 1.636396103e-02 6.500000000e-02
      vertex 6.766558267e-03 1.593411234e-02 6.500000000e-02
    endloop
  endfacet
  facet normal 0.000000000e+00 0.000000000e+00 -1.000000000e+00
    outer loop
      vertex 0.000000000e+00 1.000000000e-02 -1.000000000e-03
      vertex 6.363961031e-03 1.636396103e-02 -1.000000000e-03
      vertex 6.766558267e-03 1.593411234e-02 -1.000000000e-03
    endloop
  endfacet
  facet normal 0.000000000e+00 0.000000000e+00 1.000000000e+00
    outer loop
      vertex 0.000000000e+00 1.000000000e-02 6.500000000e-02
      vertex 6.766558267e-03 1.593411234e-02 6.500000000e-02
      vertex 6.363961031e-03 1.636396103e-02 6.500000000e-02
    endloop
  endfacet
  facet normal 6.835923020e-01 7.298640727e-01 0.000000000e+00
    outer loop
      vertex 6.363961031e-03 1.636396103e-02 -1.000000000e-03
      vertex 5.934112336e-03 1.676655827e-02 -1.000000000e-03
      vertex 5.934112336e-03 1.676655827e-02 6.500000000e-02
    endloop
  endfacet
  facet normal 6.835923020e-01 7.298640727e-01 0.000000000e+00
    outer loop
      vertex 6.363961031e-03 1.636396103e-02 -1.000000000e-03
      vertex 5.934112336e-03 1.676655827e-02 6.500000000e-02
      vertex 6.363961031e-03 1.636396103e-02 6.500000000e-02
    endloop
  endfacet
  facet normal 0.000000000e+00 0.000000000e+00 -1.000000000e+00
    outer loop
      vertex 0.000000000e+00 1.000000000e-02 -1.000000000e-03
      vertex 5.934112336e-03 1.676655827e-02 -1.000000000e-03
      vertex 6.363961031e-03 1.636396103e-02 -1.000000000e-03
    endloop
  endfacet
  facet normal 0.000000000e+00 0.000000000e+00 1.000000000e+00
    outer loop
      vertex 0.000000000e+00 1.000000000e-02 6.500000000e-02
      vertex 6.363961031e-03 1.636396103e-02 6.500000000e-02
      vertex 5.934112336e-03 1.676655827e-02 6.500000000e-02
    endloop
  endfacet
  facet normal 6.343932842e-01 7.730104534e-01 0.000000000e+00
    outer loop
      vertex 5.934112336e-03 1.676655827e-02 -1.000000000e-03
      vertex 5.478852861e-03 1.714018006e-02 -1.000000000e-03
      vertex 5.478852861e-03 1.714018006e-02 6.500000000e-02
    endloop
  endfacet
  facet normal 6.343932842e-01 7.730104534e-01 0.000000000e+00
    outer loop
      vertex 5.934112336e-03 1.676655827e-02 -1.000000000e-03
      vertex 5.478852861e-03 1.714018006e-02 6.500000000e-02
      vertex 5.934112336e-03 1.676655827e-02 6.500000000e-02
    endloop
  endfacet
  facet normal 0.000000000e+00 0.000000000e+00 -1.000000000e+00
    outer loop
      vertex 0.000000000e+00 1.000000000e-02 -1.000000000e-03
      vertex 5.478852861e-03 1.714018006e-02 -1.000000000e-03
      vertex 5.934112336e-03 1.676655827e-02 -1.000000000e-03
    endloop
  endfacet
  facet normal 0.000000000e+00 0.000000000e+00 1.000000000e+00
    outer loop
      vertex 0.000000000e+00 1.000000000e-02 6.500000000e-02
      vertex 5.934112336e-03 1.676655827e-02 6.500000000e-02
      vertex 5.478852861e-03 1.714018006e-02 6.500000000e-02
    endloop
  endfacet
  facet normal 5.824776969e-01 8.128466846e-01 0.000000000e+00
    outer loop
      vertex 5.478852861e-03 1.714018006e-02 -1.000000000e-03
      vertex 5.000132097e-03 1.748322651e-02 -1.000000000e-03
      vertex 5.000132097e-03 1.748322651e-02 6.500000000e-02
    endloop
  endfacet
  facet normal 5.824776969e-01 8.128466846e-01 0.000000000e+00
    outer loop
      vertex 5.478852861e-03 1.714018006e-02 -1.000000000e-03
      vertex 5.000132097e-03 1.748322651e-02 6.500000000e-02
      vertex 5.478852861e-03 1.714018006e-02 6.500000000e-02
    endloop
  endfacet
  facet normal 0.000000000e+00 0.000000000e+00 -1.000000000e+00
    outer loop
      vertex 0.000000000e+00 1.000000000e-02 -1.000000000e-03
      vertex 5.000132097e-03 1.748322651e-02 -1.000000000e-03
      vertex 5.478852861e-03 1.714018006e-02 -1.000000000e-03
    endloop
  endfacet
  facet normal 0.000000000e+00 0.000000000e+00 1.000000000e+00
    outer loop
      vertex 0.000000000e+00 1.000000000e-02 6.500000000e-02
      vertex 5.478852861e-03 1.714018006e-02 6.500000000e-02
      vertex 5.000132097e-03 1.748322651e-02 6.500000000e-02
    endloop
  endfacet
  facet normal 5.280678507e-01 8.492021815e-01 0.000000000e+00
    outer loop
      vertex 5.000132097e-03 1.748322651e-02 -1.000000000e-03
      vertex 4.500000000e-03 1.779422863e-02 -1.000000000e-03
      vertex 4.500000000e-03 1.779422863e-02 6.500000000e-02
    endloop
  endfacet
  facet normal 5.280678507e-01 8.492021815e-01 0.000000000e+00
    outer loop
      vertex 5.000132097e-03 1.748322651e-02 -1.000000000e-03
      vertex 4.500000000e-03 1.779422863e-02 6.500000000e-02
      vertex 5.000132097e-03 1.748322651e-02 6.500000000e-02
    endloop
  endfacet
  facet normal 0.000000000e+00 0.000000000e+00 -1.000000000e+00
    outer loop
      vertex 0.000000000e+00 1.000000000e-02 -1.000000000e-03
      vertex 4.500000000e-03 1.779422863e-02 -1.000000000e-03
      vertex 5.000132097e-03 1.748322651e-02 -1.000000000e-03
    endloop
  endfacet
  facet normal 0.000000000e+00 0.000000000e+00 1.000000000e+00
    outer loop
      vertex 0.000000000e+00 1.000000000e-02 6.500000000e-02
      vertex 5.000132097e-03 1.748322651e-02 6.500000000e-02
      vertex 4.500000000e-03 1.779422863e-02 6.500000000e-02
    endloop
  endfacet
  facet normal 4.713967368e-01 8.819212643e-01 0.000000000e+00
    outer loop
      vertex 4.500000000e-03 1.779422863e-02 -1.000000000e-03
      vertex 3.980598212e-03 1.807185467e-02 -1.000000000e-03
      vertex 3.980598212e-03 1.807185467e-02 6.500000000e-02
    endloop
  endfacet
  facet normal 4.713967368e-01 8.819212643e-01 0.000000000e+00
    outer loop
      vertex 4.500000000e-03 1.779422863e-02 -1.000000000e-03
      vertex 3.980598212e-03 1.807185467e-02 6.500000000e-02
      vertex 4.500000000e-03 1.779422863e-02 6.500000000e-02
    endloop
  endfacet
  facet normal 0.000000000e+00 0.000000000e+00 -1.000000000e+00
    outer loop
      vertex 0.000000000e+00 1.000000000e-02 -1.000000000e-03
      vertex 3.980598212e-03 1.807185467e-02 -1.000000000e-03
      vertex 4.500000000e-03 1.779422863e-02 -1.000000000e-03
    endloop
  endfacet
  facet normal 0.000000000e+00 0.000000000e+00 1.000000000e+00
    outer loop
      vertex 0.000000000e+00 1.000000000e-02 6.500000000e-02
      vertex 4.500000000e-03 1.779422863e-02 6.500000000e-02
      vertex 3.980598212e-03 1.807185467e-02 6.500000000e-02
    endloop
  endfacet
  facet normal 4.127070298e-01 9.108638249e-01 0.000000000e+00
    outer loop
      vertex 3.980598212e-03 1.807185467e-02 -1.000000000e-03
      vertex 3.444150891e-03 1.831491579e-02 -1.000000000e-03
      vertex 3.444150891e-03 1.831491579e-02 6.500000000e-02
    endloop
  endfacet
  facet normal 4.127070298e-01 9.108638249e-01 0.000000000e+00
    outer loop
      vertex 3.980598212e-03 1.807185467e-02 -1.000000000e-03
      vertex 3.444150891e-03 1.831491579e-02 6.500000000e-02
      vertex 3.980598212e-03 1.807185467e-02 6.500000000e-02
    endloop
  endfacet
  facet normal 0.000000000e+00 0.000000000e+00 -1.000000000e+00
    outer loop
      vertex 0.000000000e+00 1.000000000e-02 -1.000000000e-03
      vertex 3.444150891e-03 1.831491579e-02 -1.000000000e-03
      vertex 3.980598212e-03 1.807185467e-02 -1.000000000e-03
    endloop
  endfacet
  facet normal 0.000000000e+00 0.000000000e+00 1.000000000e+00
    outer loop
      vertex 0.000000000e+00 1.000000000e-02 6.500000000e-02
      vertex 3.980598212e-03 1.807185467e-02 6.500000000e-02
      vertex 3.444150891e-03 1.831491579e-02 6.500000000e-02
    endloop
  endfacet
  facet normal 3.522500479e-01 9.359059268e-01 0.000000000e+00
    outer loop
      vertex 3.444150891e-03 1.831491579e-02 -1.000000000e-03
      vertex 2.892955188e-03 1.852237117e-02 -1.000000000e-03
      vertex 2.892955188e-03 1.852237117e-02 6.500000000e-02
    endloop
  endfacet
  facet normal 3.522500479e-01 9.359059268e-01 0.000000000e+00
    outer loop
      vertex 3.444150891e-03 1.831491579e-02 -1.000000000e-03
      vertex 2.892955188e-03 1.852237117e-02 6.500000000e-02
      vertex 3.444150891e-03 1.831491579e-02 6.500000000e-02
    endloop
  endfacet
  facet normal 0.000000000e+00 0.000000000e+00 -1.000000000e+00
    outer loop
      vertex 0.000000000e+00 1.000000000e-02 -1.000000000e-03
      vertex 2.892955188e-03 1.852237117e-02 -1.000000000e-03
      vertex 3.444150891e-03 1.831491579e-02 -1.000000000e-03
    endloop
  endfacet
  facet normal 0.000000000e+00 0.000000000e+00 1.000000000e+00
    outer loop
      vertex 0.000000000e+00 1.000000000e-02 6.500000000e-02
      vertex 3.444150891e-03 1.831491579e-02 6.500000000e-02
      vertex 2.892955188e-03 1.852237117e-02 6.500000000e-02
    endloop
  endfacet
  facet normal 2.902846773e-01 9.569403357e-01 0.000000000e+00
    outer loop
      vertex 2.892955188e-03 1.852237117e-02 -1.000000000e-03
      vertex 2.329371406e-03 1.869333244e-02 -1.000000000e-03
      vertex 2.329371406e-03 1.869333244e-02 6.500000000e-02
    endloop
  endfacet
  facet normal 2.902846773e-01 9.569403357e-01 0.000000000e+00
    outer loop
      vertex 2.892955188e-03 1.852237117e-02 -1.000000000e-03
      vertex 2.329371406e-03 1.869333244e-02 6.500000000e-02
      vertex 2.892955188e-03 1.852237117e-02 6.500000000e-02
    endloop
  endfacet
  facet normal 0.000000000e+00 0.000000000e+00 -1.000000000e+00
    outer loop
      vertex 0.000000000e+00 1.000000000e-02 -1.000000000e-03
      vertex 2.329371406e-03 1.869333244e-02 -1.000000000e-03
      vertex 2.892955188e-03 1.852237117e-02 -1.000000000e-03
    endloop
  endfacet
  facet normal 0.000000000e+00 0.000000000e+00 1.000000000e+00
    outer loop
      vertex 0.000000000e+00 1.000000000e-02 6.500000000e-02
      vertex 2.892955188e-03 1.852237117e-02 6.500000000e-02
      vertex 2.329371406e-03 1.869333244e-02 6.500000000e-02
    endloop
  endfacet
  facet normal 2.270762630e-01 9.738769793e-01 0.000000000e+00
    outer loop
      vertex 2.329371406e-03 1.869333244e-02 -1.000000000e-03
      vertex 1.755812898e-03 1.882706752e-02 -1.000000000e-03
      vertex 1.755812898e-03 1.882706752e-02 6.500000000e-02
    endloop
  endfacet
  facet normal 2.270762630e-01 9.738769793e-01 0.000000000e+00
    outer loop
      vertex 2.329371406e-03 1.869333244e-02 -1.000000000e-03
      vertex 1.755812898e-03 1.882706752e-02 6.500000000e-02
      vertex 2.329371406e-03 1.869333244e-02 6.500000000e-02
    endloop
  endfacet
  facet normal 0.000000000e+00 0.000000000e+00 -1.000000000e+00
    outer loop
      vertex 0.000000000e+00 1.000000000e-02 -1.000000000e-03
      vertex 1.755812898e-03 1.882706752e-02 -1.000000000e-03
      vertex 2.329371406e-03 1.869333244e-02 -1.000000000e-03
    endloop
  endfacet
  facet normal 0.000000000e+00 0.000000000e+00 1.000000000e+00
    outer loop
      vertex 0.000000000e+00 1.000000000e-02 6.500000000e-02
      vertex 2.329371406e-03 1.869333244e-02 6.500000000e-02
      vertex 1.755812898e-03 1.882706752e-02 6.500000000e-02
    endloop
  endfacet
  facet normal 1.628954734e-01 9.866433321e-01 0.000000000e+00
    outer loop
      vertex 1.755812898e-03 1.882706752e-02 -1.000000000e-03
      vertex 1.174735730e-03 1.892300375e-02 -1.000000000e-03
      vertex 1.174735730e-03 1.892300375e-02 6.500000000e-02
    endloop
  endfacet
  facet normal 1.628954734e-01 9.866433321e-01 0.000000000e+00
    outer loop
      vertex 1.755812898e-03 1.882706752e-02 -1.000000000e-03
      vertex 1.174735730e-03 1.892300375e-02 6.500000000e-02
      vertex 1.755812898e-03 1.882706752e-02 6.500000000e-02
    endloop
  endfacet
  facet normal 0.000000000e+00 0.000000000e+00 -1.000000000e+00
    outer loop
      vertex 0.000000000e+00 1.000000000e-02 -1.000000000e-03
      vertex 1.174735730e-03 1.892300375e-02 -1.000000000e-03
      vertex 1.755812898e-03 1.882706752e-02 -1.000000000e-03
    endloop
  endfacet
  facet normal 0.000000000e+00 0.000000000e+00 1.000000000e+00
    outer loop
      vertex 0.000000000e+00 1.000000000e-02 6.500000000e-02
      vertex 1.755812898e-03 1.882706752e-02 6.500000000e-02
      vertex 1.174735730e-03 1.892300375e-02 6.500000000e-02
    endloop
  endfacet
  facet normal 9.801714033e-02 9.951847267e-01 0.000000000e+00
    outer loop
      vertex 1.174735730e-03 1.892300375e-02 -1.000000000e-03
      vertex 5.886281631e-04 1.898073031e-02 -1.000000000e-03
      vertex 5.886281631e-04 1.898073031e-02 6.500000000e-02
    endloop
  endfacet
  facet normal 9.801714033e-02 9.951847267e-01 0.000000000e+00
    outer loop
      vertex 1.174735730e-03 1.892300375e-02 -1.000000000e-03
      vertex 5.886281631e-04 1.898073031e-02 6.500000000e-02
      vertex 1.174735730e-03 1.892300375e-02 6.500000000e-02
    endloop
  endfacet
  facet normal 0.000000000e+00 0.000000000e+00 -1.000000000e+00
    outer loop
      vertex 0.000000000e+00 1.000000000e-02 -1.000000000e-03
      vertex 5.886281631e-04 1.898073031e-02 -1.000000000e-03
      vertex 1.174735730e-03 1.892300375e-02 -1.000000000e-03
    endloop
  endfacet
  facet normal 0.000000000e+00 0.000000000e+00 1.000000000e+00
    outer loop
      vertex 0.000000000e+00 1.000000000e-02 6.500000000e-02
      vertex 1.174735730e-03 1.892300375e-02 6.500000000e-02
      vertex 5.886281631e-04 1.898073031e-02 6.500000000e-02
    endloop
  endfacet
  facet normal 3.271908282e-02 9.994645875e-01 0.000000000e+00
    outer loop
      vertex 5.886281631e-04 1.898073031e-02 -1.000000000e-03
      vertex 5.510910596e-19 1.900000000e-02 -1.000000000e-03
      vertex 5.510910596e-19 1.900000000e-02 6.500000000e-02
    endloop
  endfacet
  facet normal 3.271908282e-02 9.994645875e-01 0.000000000e+00
    outer loop
      vertex 5.886281631e-04 1.898073031e-02 -1.000000000e-03
      vertex 5.510910596e-19 1.900000000e-02 6.500000000e-02
      vertex 5.886281631e-04 1.898073031e-02 6.500000000e-02
    endloop
  endfacet
  facet normal 0.000000000e+00 0.000000000e+00 -1.000000000e+00
    outer loop
      vertex 0.000000000e+00 1.000000000e-02 -1.000000000e-03
      vertex 5.510910596e-19 1.900000000e-02 -1.000000000e-03
      vertex 5.886281631e-04 1.898073031e-02 -1.000000000e-03
    endloop
  endfacet
  facet normal 0.000000000e+00 0.000000000e+00 1.000000000e+00
    outer loop
      vertex 0.000000000e+00 1.000000000e-02 6.500000000e-02
      vertex 5.886281631e-04 1.898073031e-02 6.500000000e-02
      vertex 5.510910596e-19 1.900000000e-02 6.500000000e-02
    endloop
  endfacet
  facet normal -3.271908282e-02 9.994645875e-01 0.000000000e+00
    outer loop
      vertex 5.510910596e-19 1.900000000e-02 -1.000000000e-03
      vertex -5.886281631e-04 1.898073031e-02 -1.000000000e-03
      vertex -5.886281631e-04 1.898073031e-02 6.500000000e-02
    endloop
  endfacet
  facet normal -3.271908282e-02 9.994645875e-01 0.000000000e+00
    outer loop
      vertex 5.510910596e-19 1.900000000e-02 -1.000000000e-03
      vertex -5.886281631e-04 1.898073031e-02 6.500000000e-02
      vertex 5.510910596e-19 1.900000000e-02 6.500000000e-02
    endloop
  endfacet
  facet normal 0.000000000e+00 0.000000000e+00 -1.000000000e+00
    outer loop
      vertex 0.000000000e+00 1.000000000e-02 -1.000000000e-03
      vertex -5.886281631e-04 1.898073031e-02 -1.000000000e-03
      vertex 5.510910596e-19 1.900000000e-02 -1.000000000e-03
    endloop
  endfacet
  facet normal 0.000000000e+00 0.000000000e+00 1.000000000e+00
    outer loop
      vertex 0.000000000e+00 1.000000000e-02 6.500000000e-02
      vertex 5.510910596e-19 1.900000000e-02 6.500000000e-02
      vertex -5.886281631e-04 1.898073031e-02 6.500000000e-02
    endloop
  endfacet
  facet normal -9.801714033e-02 9.951847267e-01 0.000000000e+00
    outer loop
      vertex -5.886281631e-04 1.898073031e-02 -1.000000000e-03
      vertex -1.174735730e-03 1.892300375e-02 -1.000000000e-03
      vertex -1.174735730e-03 1.892300375e-02 6.500000000e-02
    endloop
  endfacet
  facet normal -9.801714033e-02 9.951847267e-01 0.000000000e+00
    outer loop
      vertex -5.886281631e-04 1.898073031e-02 -1.000000000e-03
      vertex -1.174735730e-03 1.892300375e-02 6.500000000e-02
      vertex -5.886281631e-04 1.898073031e-02 6.500000000e-02
    endloop
  endfacet
  facet normal 0.000000000e+00 0.000000000e+00 -1.000000000e+00
    outer loop
      vertex 0.000000000e+00 1.000000000e-02 -1.000000000e-03
      vertex -1.174735730e-03 1.892300375e-02 -1.000000000e-03
      vertex -5.886281631e-04 1.898073031e-02 -1.000000000e-03
    endloop
  endfacet
  facet normal 0.000000000e+00 0.000000000e+00 1.000000000e+00
    outer loop
      vertex 0.000000000e+00 1.000000000e-02 6.500000000e-02
      vertex -5.886281631e-04 1.898073031e-02 6.500000000e-02
      vertex -1.174735730e-03 1.892300375e-02 6.500000000e-02
    endloop
  endfacet
  facet normal -1.628954734e-01 9.866433321e-01 0.000000000e+00
    outer loop
      vertex -1.174735730e-03 1.892300375e-02 -1.000000000e-03
      vertex -1.755812898e-03 1.882706752e-02 -1.000000000e-03
      vertex -1.755812898e-03 1.882706752e-02 6.500000000e-02
    endloop
  endfacet
  facet normal -1.628954734e-01 9.866433321e-01 0.000000000e+00
    outer loop
      vertex -1.174735730e-03 1.892300375e-02 -1.000000000e-03
      vertex -1.755812898e-03 1.882706752e-02 6.500000000e-02
      vertex -1.174735730e-03 1.892300375e-02 6.500000000e-02
    endloop
  endfacet
  facet normal 0.000000000e+00 0.000000000e+00 -1.000000000e+00
    outer loop
      vertex 0.000000000e+00 1.000000000e-02 -1.000000000e-03
      vertex -1.755812898e-03 1.882706752e-02 -1.000000000e-03
      vertex -1.174735730e-03 1.892300375e-02 -1.000000000e-03
    endloop
  endfacet
  facet normal 0.000000000e+00 0.000000000e+00 1.000000000e+00
    outer loop
      vertex 0.000000000e+00 1.000000000e-02 6.500000000e-02
      vertex -1.174735730e-03 1.892300375e-02 6.500000000e-02
      vertex -1.755812898e-03 1.882706752e-02 6.500000000e-02
    endloop
  endfacet
  facet normal -2.270762630e-01 9.738769793e-01 0.000000000e+00
    outer loop
      vertex -1.755812898e-03 1.882706752e-02 -1.000000000e-03
      vertex -2.329371406e-03 1.869333244e-02 -1.000000000e-03
      vertex -2.329371406e-03 1.869333244e-02 6.500000000e-02
    endloop
  endfacet
  facet normal -2.270762630e-01 9.738769793e-01 0.000000000e+00
    outer loop
      vertex -1.755812898e-03 1.882706752e-02 -1.000000000e-03
      vertex -2.329371406e-03 1.869333244e-02 6.500000000e-02
      vertex -1.755812898e-03 1.882706752e-02 6.500000000e-02
    endloop
  endfacet
  facet normal 0.000000000e+00 0.000000000e+00 -1.000000000e+00
    outer loop
      vertex 0.000000000e+00 1.000000000e-02 -1.000000000e-03
      vertex -2.329371406e-03 1.869333244e-02 -1.000000000e-03
      vertex -1.755812898e-03 1.882706752e-02 -1.000000000e-03
    endloop
  endfacet
  facet normal 0.000000000e+00 0.000000000e+00 1.000000000e+00
    outer loop
      vertex 0.000000000e+00 1.000000000e-02 6.500000000e-02
      vertex -1.755812898e-03 1.882706752e-02 6.500000000e-02
      vertex -2.329371406e-03 1.869333244e-02 6.500000000e-02
    endloop
  endfacet
  facet normal -2.902846773e-01 9.569403357e-01 0.000000000e+00
    outer loop
      vertex -2.329371406e-03 1.869333244e-02 -1.000000000e-03
      vertex -2.892955188e-03 1.852237117e-02 -1.000000000e-03
      vertex -2.892955188e-03 1.852237117e-02 6.500000000e-02
    endloop
  endfacet
  facet normal -2.902846773e-01 9.569403357e-01 0.000000000e+00
    outer loop
      vertex -2.329371406e-03 1.869333244e-02 -1.000000000e-03
      vertex -2.892955188e-03 1.852237117e-02 6.500000000e-02
      vertex -2.329371406e-03 1.869333244e-02 6.500000000e-02
    endloop
  endfacet
  facet normal 0.000000000e+00 0.000000000e+00 -1.000000000e+00
    outer loop
      vertex 0.000000000e+00 1.000000000e-02 -1.000000000e-03
      vertex -2.892955188e-03 1.852237117e-02 -1.000000000e-03
      vertex -2.329371406e-03 1.869333244e-02 -1.000000000e-03
    endloop
  endfacet
  facet normal 0.000000000e+00 0.000000000e+00 1.000000000e+00
    outer loop
      vertex 0.000000000e+00 1.000000000e-02 6.500000000e-02
      vertex -2.329371406e-03 1.869333244e-02 6.500000000e-02
      vertex -2.892955188e-03 1.852237117e-02 6.500000000e-02
    endloop
  endfacet
  facet normal -3.522500479e-01 9.359059268e-01 0.000000000e+00
    outer loop
      vertex -2.892955188e-03 1.852237117e-02 -1.000000000e-03
      vertex -3.444150891e-03 1.831491579e-02 -1.000000000e-03
      vertex -3.444150891e-03 1.831491579e-02 6.500000000e-02
    endloop
  endfacet
  facet normal -3.522500479e-01 9.359059268e-01 0.000000000e+00
    outer loop
      vertex -2.892955188e-03 1.852237117e-02 -1.000000000e-03
      vertex -3.444150891e-03 1.831491579e-02 6.500000000e-02
      vertex -2.892955188e-03 1.852237117e-02 6.500000000e-02
    endloop
  endfacet
  facet normal 0.000000000e+00 0.000000000e+00 -1.000000000e+00
    outer loop
      vertex 0.000000000e+00 1.000000000e-02 -1.000000000e-03
      vertex -3.444150891e-03 1.831491579e-02 -1.000000000e-03
      vertex -2.892955188e-03 1.852237117e-02 -1.000000000e-03
    endloop
  endfacet
  facet normal 0.000000000e+00 0.000000000e+00 1.000000000e+00
    outer loop
      vertex 0.000000000e+00 1.000000000e-02 6.500000000e-02
      vertex -2.892955188e-03 1.852237117e-02 6.500000000e-02
      vertex -3.444150891e-03 1.831491579e-02 6.500000000e-02
    endloop
  endfacet
  facet normal -4.127070298e-01 9.108638249e-01 0.000000000e+00
    outer loop
      vertex -3.444150891e-03 1.831491579e-02 -1.000000000e-03
      vertex -3.980598212e-03 1.807185467e-02 -1.000000000e-03
      vertex -3.980598212e-03 1.807185467e-02 6.500000000e-02
    endloop
  endfacet
  facet normal -4.127070298e-01 9.108638249e-01 0.000000000e+00
    outer loop
      vertex -3.444150891e-03 1.831491579e-02 -1.000000000e-03
      vertex -3.980598212e-03 1.807185467e-02 6.500000000e-02
      vertex -3.444150891e-03 1.831491579e-02 6.500000000e-02
    endloop
  endfacet
  facet normal 0.000000000e+00 0.000000000e+00 -1.000000000e+00
    outer loop
      vertex 0.000000000e+00 1.000000000e-02 -1.000000000e-03
      vertex -3.980598212e-03 1.807185467e-02 -1.000000000e-03
      vertex -3.444150891e-03 1.831491579e-02 -1.000000000e-03
    endloop
  endfacet
  facet normal 0.000000000e+00 0.000000000e+00 1.000000000e+00
    outer loop
      vertex 0.000000000e+00 1.000000000e-02 6.500000000e-02
      vertex -3.444150891e-03 1.831491579e-02 6.500000000e-02
      vertex -3.980598212e-03 1.807185467e-02 6.500000000e-02
    endloop
  endfacet
  facet normal -4.713967368e-01 8.819212643e-01 0.000000000e+00
    outer loop
      vertex -3.980598212e-03 1.807185467e-02 -1.000000000e-03
      vertex -4.500000000e-03 1.779422863e-02 -1.000000000e-03
      vertex -4.500000000e-03 1.779422863e-02 6.500000000e-02
    endloop
  endfacet
  facet normal -4.713967368e-01 8.819212643e-01 0.000000000e+00
    outer loop
      vertex -3.980598212e-03 1.807185467e-02 -1.000000000e-03
      vertex -4.500000000e-03 1.779422863e-02 6.500000000e-02
      vertex -3.980598212e-03 1.807185467e-02 6.500000000e-02
    endloop
  endfacet
  facet normal 0.000000000e+00 0.000000000e+00 -1.000000000e+00
    outer loop
      vertex 0.000000000e+00 1.000000000e-02 -1.000000000e-03
      vertex -4.500000000e-03 1.779422863e-02 -1.000000000e-03
      vertex -3.980598212e-03 1.807185467e-02 -1.000000000e-03
    endloop
  endfacet
  facet normal 0.000000000e+00 0.000000000e+00 1.000000000e+00
    outer loop
      vertex 0.000000000e+00 1.000000000e-02 6.500000000e-02
      vertex -3.980598212e-03 1.807185467e-02 6.500000000e-02
      vertex -4.500000000e-03 1.779422863e-02 6.500000000e-02
    endloop
  endfacet
  facet normal -5.280678507e-01 8.492021815e-01 0.000000000e+00
    outer loop
      vertex -4.500000000e-03 1.779422863e-02 -1.000000000e-03
      vertex -5.000132097e-03 1.748322651e-02 -1.000000000e-03
      vertex -5.000132097e-03 1.748322651e-02 6.500000000e-02
    endloop
  endfacet
  facet normal -5.280678507e-01 8.492021815e-01 0.000000000e+00
    outer loop
      vertex -4.500000000e-03 1.779422863e-02 -1.000000000e-03
      vertex -5.000132097e-03 1.748322651e-02 6.500000000e-02
      vertex -4.500000000e-03 1.779422863e-02 6.500000000e-02
    endloop
  endfacet
  facet normal 0.000000000e+00 0.000000000e+00 -1.000000000e+00
    outer loop
      vertex 0.000000000e+00 1.000000000e-02 -1.000000000e-03
      vertex -5.000132097e-03 1.748322651e-02 -1.000000000e-03
      vertex -4.500000000e-03 1.779422863e-02 -1.000000000e-03
    endloop
  endfacet
  facet normal 0.000000000e+00 0.000000000e+00 1.000000000e+00
    outer loop
      vertex 0.000000000e+00 1.000000000e-02 6.500000000e-02
      vertex -4.500000000e-03 1.779422863e-02 6.500000000e-02
      vertex -5.000132097e-03 1.748322651e-02 6.500000000e-02
    endloop
  endfacet
  facet normal -5.824776969e-01 8.128466846e-01 0.000000000e+00
    outer loop
      vertex -5.000132097e-03 1.748322651e-02 -1.000000000e-03
      vertex -5.478852861e-03 1.714018006e-02 -1.000000000e-03
      vertex -5.478852861e-03 1.714018006e-02 6.500000000e-02
    endloop
  endfacet
  facet normal -5.824776969e-01 8.128466846e-01 0.000000000e+00
    outer loop
      vertex -5.000132097e-03 1.748322651e-02 -1.000000000e-03
      vertex -5.478852861e-03 1.714018006e-02 6.500000000e-02
      vertex -5.000132097e-03 1.748322651e-02 6.500000000e-02
    endloop
  endfacet
  facet normal 0.000000000e+00 0.000000000e+00 -1.000000000e+00
    outer loop
      vertex 0.000000000e+00 1.000000000e-02 -1.000000000e-03
      vertex -5.478852861e-03 1.714018006e-02 -1.000000000e-03
      vertex -5.000132097e-03 1.748322651e-02 -1.000000000e-03
    endloop
  endfacet
  facet normal 0.000000000e+00 0.000000000e+00 1.000000000e+00
    outer loop
      vertex 0.000000000e+00 1.000000000e-02 6.500000000e-02
      vertex -5.000132097e-03 1.748322651e-02 6.500000000e-02
      vertex -5.478852861e-03 1.714018006e-02 6.500000000e-02
    endloop
  endfacet
  facet normal -6.343932842e-01 7.730104534e-01 0.000000000e+00
    outer loop
      vertex -5.478852861e-03 1.714018006e-02 -1.000000000e-03
      vertex -5.934112336e-03 1.676655827e-02 -1.000000000e-03
      vertex -5.934112336e-03 1.676655827e-02 6.500000000e-02
    endloop
  endfacet
  facet normal -6.343932842e-01 7.730104534e-01 0.000000000e+00
    outer loop
      vertex -5.478852861e-03 1.714018006e-02 -1.000000000e-03
      vertex -5.934112336e-03 1.676655827e-02 6.500000000e-02
      vertex -5.478852861e-03 1.714018006e-02 6.500000000e-02
    endloop
  endfacet
  facet normal 0.000000000e+00 0.000000000e+00 -1.000000000e+00
    outer loop
      vertex 0.000000000e+00 1.000000000e-02 -1.000000000e-03
      vertex -5.934112336e-03 1.676655827e-02 -1.000000000e-03
      vertex -5.478852861e-03 1.714018006e-02 -1.000000000e-03
    endloop
  endfacet
  facet normal 0.000000000e+00 0.000000000e+00 1.000000000e+00
    outer loop
      vertex 0.000000000e+00 1.000000000e-02 6.500000000e-02
      vertex -5.478852861e-03 1.714018006e-02 6.500000000e-02
      vertex -5.934112336e-03 1.676655827e-02 6.500000000e-02
    endloop
  endfacet
  facet normal -6.835923020e-01 7.298640727e-01 0.000000000e+00
    outer loop
      vertex -5.934112336e-03 1.676655827e-02 -1.000000000e-03
      vertex -6.363961031e-03 1.636396103e-02 -1.000000000e-03
      vertex -6.363961031e-03 1.636396103e-02 6.500000000e-02
    endloop
  endfacet
  facet normal -6.835923020e-01 7.298640727e-01 0.000000000e+00
    outer loop
      vertex -5.934112336e-03 1.676655827e-02 -1.000000000e-03
      vertex -6.363961031e-03 1.636396103e-02 6.500000000e-02
      vertex -5.934112336e-03 1.676655827e-02 6.500000000e-02
    endloop
  endfacet
  facet normal 0.000000000e+00 0.000000000e+00 -1.000000000e+00
    outer loop
      vertex 0.000000000e+00 1.000000000e-02 -1.000000000e-03
      vertex -6.363961031e-03 1.636396103e-02 -1.000000000e-03
      vertex -5.934112336e-03 1.676655827e-02 -1.000000000e-03
    endloop
  endfacet
  facet normal 0.000000000e+00 0.000000000e+00 1.000000000e+00
    outer loop
      vertex 0.000000000e+00 1.000000000e-02 6.500000000e-02
      vertex -5.934112336e-03 1.676655827e-02 6.500000000e-02
      vertex -6.363961031e-03 1.636396103e-02 6.500000000e-02
    endloop
  endfacet
  facet normal -7.298640727e-01 6.835923020e-01 0.000000000e+00
    outer loop
      vertex -6.363961031e-03 1.636396103e-02 -1.000000000e-03
      vertex -6.766558267e-03 1.593411234e-02 -1.000000000e-03
      vertex -6.766558267e-03 1.593411234e-02 6.500000000e-02
    endloop
  endfacet
  facet normal -7.298640727e-01 6.835923020e-01 0.000000000e+00
    outer loop
      vertex -6.363961031e-03 1.636396103e-02 -1.000000000e-03
      vertex -6.766558267e-03 1.593411234e-02 6.500000000e-02
      vertex -6.363961031e-03 1.636396103e-02 6.500000000e-02
    endloop
  endfacet
  facet normal 0.000000000e+00 0.000000000e+00 -1.000000000e+00
    outer loop
      vertex 0.000000000e+00 1.000000000e-02 -1.000000000e-03
      vertex -6.766558267e-03 1.593411234e-02 -1.000000000e-03
      vertex -6.363961031e-03 1.636396103e-02 -1.000000000e-03
    endloop
  endfacet
  facet normal 0.000000000e+00 0.000000000e+00 1.000000000e+00
    outer loop
      vertex 0.000000000e+00 1.000000000e-02 6.500000000e-02
      vertex -6.363961031e-03 1.636396103e-02 6.500000000e-02
      vertex -6.766558267e-03 1.593411234e-02 6.500000000e-02
    endloop
  endfacet
  facet normal -7.730104534e-01 6.343932842e-01 0.000000000e+00
    outer loop
      vertex -6.766558267e-03 1.593411234e-02 -1.000000000e-03
      vertex -7.140180063e-03 1.547885286e-02 -1.000000000e-03
      vertex -7.140180063e-03 1.547885286e-02 6.500000000e-02
    endloop
  endfacet
  facet normal -7.730104534e-01 6.343932842e-01 0.000000000e+00
    outer loop
      vertex -6.766558267e-03 1.593411234e-02 -1.000000000e-03
      vertex -7.140180063e-03 1.547885286e-02 6.500000000e-02
      vertex -6.766558267e-03 1.593411234e-02 6.500000000e-02
    endloop
  endfacet
  facet normal 0.000000000e+00 0.000000000e+00 -1.000000000e+00
    outer loop
      vertex 0.000000000e+00 1.000000000e-02 -1.000000000e-03
      vertex -7.140180063e-03 1.547885286e-02 -1.000000000e-03
      vertex -6.766558267e-03 1.593411234e-02 -1.000000000e-03
    endloop
  endfacet
  facet normal 0.000000000e+00 0.000000000e+00 1.000000000e+00
    outer loop
      vertex 0.000000000e+00 1.000000000e-02 6.500000000e-02
      vertex -6.766558267e-03 1.593411234e-02 6.500000000e-02
      vertex -7.140180063e-03 1.547885286e-02 6.500000000e-02
    endloop
  endfacet
  facet normal -8.128466846e-01 5.824776969e-01 0.000000000e+00
    outer loop
      vertex -7.140180063e-03 1.547885286e-02 -1.000000000e-03
      vertex -7.483226511e-03 1.500013210e-02 -1.000000000e-03
      vertex -7.483226511e-03 1.500013210e-02 6.500000000e-02
    endloop
  endfacet
  facet normal -8.128466846e-01 5.824776969e-01 0.000000000e+00
    outer loop
      vertex -7.140180063e-03 1.547885286e-02 -1.000000000e-03
      vertex -7.483226511e-03 1.500013210e-02 6.500000000e-02
      vertex -7.140180063e-03 1.547885286e-02 6.500000000e-02
    endloop
  endfacet
  facet normal 0.000000000e+00 0.000000000e+00 -1.000000000e+00
    outer loop
      vertex 0.000000000e+00 1.000000000e-02 -1.000000000e-03
      vertex -7.483226511e-03 1.500013210e-02 -1.000000000e-03
      vertex -7.140180063e-03 1.547885286e-02 -1.000000000e-03
    endloop
  endfacet
  facet normal 0.000000000e+00 0.000000000e+00 1.000000000e+00
    outer loop
      vertex 0.000000000e+00 1.000000000e-02 6.500000000e-02
      vertex -7.140180063e-03 1.547885286e-02 6.500000000e-02
      vertex -7.483226511e-03 1.500013210e-02 6.500000000e-02
    endloop
  endfacet
  facet normal -8.492021815e-01 5.280678507e-01 0.000000000e+00
    outer loop
      vertex -7.483226511e-03 1.500013210e-02 -1.000000000e-03
      vertex -7.794228634e-03 1.450000000e-02 -1.000000000e-03
      vertex -7.794228634e-03 1.450000000e-02 6.500000000e-02
    endloop
  endfacet
  facet normal -8.492021815e-01 5.280678507e-01 0.000000000e+00
    outer loop
      vertex -7.483226511e-03 1.500013210e-02 -1.000000000e-03
      vertex -7.794228634e-03 1.450000000e-02 6.500000000e-02
      vertex -7.483226511e-03 1.500013210e-02 6.500000000e-02
    endloop
  endfacet
  facet normal 0.000000000e+00 0.000000000e+00 -1.000000000e+00
    outer loop
      vertex 0.000000000e+00 1.000000000e-02 -1.000000000e-03
      vertex -7.794228634e-03 1.450000000e-02 -1.000000000e-03
      vertex -7.483226511e-03 1.500013210e-02 -1.000000000e-03
    endloop
  endfacet
  facet normal 0.000000000e+00 0.000000000e+00 1.000000000e+00
    outer loop
      vertex 0.000000000e+00 1.000000000e-02 6.500000000e-02
      vertex -7.483226511e-03 1.500013210e-02 6.500000000e-02
      vertex -7.794228634e-03 1.450000000e-02 6.500000000e-02
    endloop
  endfacet
  facet normal -8.819212643e-01 4.713967368e-01 0.000000000e+00
    outer loop
      vertex -7.794228634e-03 1.450000000e-02 -1.000000000e-03
      vertex -8.071854674e-03 1.398059821e-02 -1.000000000e-03
      vertex -8.071854674e-03 1.398059821e-02 6.500000000e-02
    endloop
  endfacet
  facet normal -8.819212643e-01 4.713967368e-01 0.000000000e+00
    outer loop
      vertex -7.794228634e-03 1.450000000e-02 -1.000000000e-03
      vertex -8.071854674e-03 1.398059821e-02 6.500000000e-02
      vertex -7.794228634e-03 1.450000000e-02 6.500000000e-02
    endloop
  endfacet
  facet normal 0.000000000e+00 0.000000000e+00 -1.000000000e+00
    outer loop
      vertex 0.000000000e+00 1.000000000e-02 -1.000000000e-03
      vertex -8.071854674e-03 1.398059821e-02 -1.000000000e-03
      vertex -7.794228634e-03 1.450000000e-02 -1.000000000e-03
    endloop
  endfacet
  facet normal 0.000000000e+00 0.000000000e+00 1.000000000e+00
    outer loop
      vertex 0.000000000e+00 1.000000000e-02 6.500000000e-02
      vertex -7.794228634e-03 1.450000000e-02 6.500000000e-02
      vertex -8.071854674e-03 1.398059821e-02 6.500000000e-02
    endloop
  endfacet
  facet normal -9.108638249e-01 4.127070298e-01 0.000000000e+00
    outer loop
      vertex -8.071854674e-03 1.398059821e-02 -1.000000000e-03
      vertex -8.314915793e-03 1.344415089e-02 -1.000000000e-03
      vertex -8.314915793e-03 1.344415089e-02 6.500000000e-02
    endloop
  endfacet
  facet normal -9.108638249e-01 4.127070298e-01 0.000000000e+00
    outer loop
      vertex -8.071854674e-03 1.398059821e-02 -1.000000000e-03
      vertex -8.314915793e-03 1.344415089e-02 6.500000000e-02
      vertex -8.071854674e-03 1.398059821e-02 6.500000000e-02
    endloop
  endfacet
  facet normal 0.000000000e+00 0.000000000e+00 -1.000000000e+00
    outer loop
      vertex 0.000000000e+00 1.000000000e-02 -1.000000000e-03
      vertex -8.314915793e-03 1.344415089e-02 -1.000000000e-03
      vertex -8.071854674e-03 1.398059821e-02 -1.000000000e-03
    endloop
  endfacet
  facet normal 0.000000000e+00 0.000000000e+00 1.000000000e+00
    outer loop
      vertex 0.000000000e+00 1.000000000e-02 6.500000000e-02
      vertex -8.071854674e-03 1.398059821e-02 6.500000000e-02
      vertex -8.314915793e-03 1.344415089e-02 6.500000000e-02
    endloop
  endfacet
  facet normal -9.359059268e-01 3.522500479e-01 0.000000000e+00
    outer loop
      vertex -8.314915793e-03 1.344415089e-02 -1.000000000e-03
      vertex -8.522371165e-03 1.289295519e-02 -1.000000000e-03
      vertex -8.522371165e-03 1.289295519e-02 6.500000000e-02
    endloop
  endfacet
  facet normal -9.359059268e-01 3.522500479e-01 0.000000000e+00
    outer loop
      vertex -8.314915793e-03 1.344415089e-02 -1.000000000e-03
      vertex -8.522371165e-03 1.289295519e-02 6.500000000e-02
      vertex -8.314915793e-03 1.344415089e-02 6.500000000e-02
    endloop
  endfacet
  facet normal 0.000000000e+00 0.000000000e+00 -1.000000000e+00
    outer loop
      vertex 0.000000000e+00 1.000000000e-02 -1.000000000e-03
      vertex -8.522371165e-03 1.289295519e-02 -1.000000000e-03
      vertex -8.314915793e-03 1.344415089e-02 -1.000000000e-03
    endloop
  endfacet
  facet normal 0.000000000e+00 0.000000000e+00 1.000000000e+00
    outer loop
      vertex 0.000000000e+00 1.000000000e-02 6.500000000e-02
      vertex -8.314915793e-03 1.344415089e-02 6.500000000e-02
      vertex -8.522371165e-03 1.289295519e-02 6.500000000e-02
    endloop
  endfacet
  facet normal -9.569403357e-01 2.902846773e-01 0.000000000e+00
    outer loop
      vertex -8.522371165e-03 1.289295519e-02 -1.000000000e-03
      vertex -8.693332437e-03 1.232937141e-02 -1.000000000e-03
      vertex -8.693332437e-03 1.232937141e-02 6.500000000e-02
    endloop
  endfacet
  facet normal -9.569403357e-01 2.902846773e-01 0.000000000e+00
    outer loop
      vertex -8.522371165e-03 1.289295519e-02 -1.000000000e-03
      vertex -8.693332437e-03 1.232937141e-02 6.500000000e-02
      vertex -8.522371165e-03 1.289295519e-02 6.500000000e-02
    endloop
  endfacet
  facet normal 0.000000000e+00 0.000000000e+00 -1.000000000e+00
    outer loop
      vertex 0.000000000e+00 1.000000000e-02 -1.000000000e-03
      vertex -8.693332437e-03 1.232937141e-02 -1.000000000e-03
      vertex -8.522371165e-03 1.289295519e-02 -1.000000000e-03
    endloop
  endfacet
  facet normal 0.000000000e+00 0.000000000e+00 1.000000000e+00
    outer loop
      vertex 0.000000000e+00 1.000000000e-02 6.500000000e-02
      vertex -8.522371165e-03 1.289295519e-02 6.500000000e-02
      vertex -8.693332437e-03 1.232937141e-02 6.500000000e-02
    endloop
  endfacet
  facet normal -9.738769793e-01 2.270762630e-01 0.000000000e+00
    outer loop
      vertex -8.693332437e-03 1.232937141e-02 -1.000000000e-03
      vertex -8.827067524e-03 1.175581290e-02 -1.000000000e-03
      vertex -8.827067524e-03 1.175581290e-02 6.500000000e-02
    endloop
  endfacet
  facet normal -9.738769793e-01 2.270762630e-01 0.000000000e+00
    outer loop
      vertex -8.693332437e-03 1.232937141e-02 -1.000000000e-03
      vertex -8.827067524e-03 1.175581290e-02 6.500000000e-02
      vertex -8.693332437e-03 1.232937141e-02 6.500000000e-02
    endloop
  endfacet
  facet normal 0.000000000e+00 0.000000000e+00 -1.000000000e+00
    outer loop
      vertex 0.000000000e+00 1.000000000e-02 -1.000000000e-03
      vertex -8.827067524e-03 1.175581290e-02 -1.000000000e-03
      vertex -8.693332437e-03 1.232937141e-02 -1.000000000e-03
    endloop
  endfacet
  facet normal 0.000000000e+00 0.000000000e+00 1.000000000e+00
    outer loop
      vertex 0.000000000e+00 1.000000000e-02 6.500000000e-02
      vertex -8.693332437e-03 1.232937141e-02 6.500000000e-02
      vertex -8.827067524e-03 1.175581290e-02 6.500000000e-02
    endloop
  endfacet
  facet normal -9.866433321e-01 1.628954734e-01 0.000000000e+00
    outer loop
      vertex -8.827067524e-03 1.175581290e-02 -1.000000000e-03
      vertex -8.923003752e-03 1.117473573e-02 -1.000000000e-03
      vertex -8.923003752e-03 1.117473573e-02 6.500000000e-02
    endloop
  endfacet
  facet normal -9.866433321e-01 1.628954734e-01 0.000000000e+00
    outer loop
      vertex -8.827067524e-03 1.175581290e-02 -1.000000000e-03
      vertex -8.923003752e-03 1.117473573e-02 6.500000000e-02
      vertex -8.827067524e-03 1.175581290e-02 6.500000000e-02
    endloop
  endfacet
  facet normal 0.000000000e+00 0.000000000e+00 -1.000000000e+00
    outer loop
      vertex 0.000000000e+00 1.000000000e-02 -1.000000000e-03
      vertex -8.923003752e-03 1.117473573e-02 -1.000000000e-03
      vertex -8.827067524e-03 1.175581290e-02 -1.000000000e-03
    endloop
  endfacet
  facet normal 0.000000000e+00 0.000000000e+00 1.000000000e+00
    outer loop
      vertex 0.000000000e+00 1.000000000e-02 6.500000000e-02
      vertex -8.827067524e-03 1.175581290e-02 6.500000000e-02
      vertex -8.923003752e-03 1.117473573e-02 6.500000000e-02
    endloop
  endfacet
  facet normal -9.951847267e-01 9.801714033e-02 0.000000000e+00
    outer loop
      vertex -8.923003752e-03 1.117473573e-02 -1.000000000e-03
      vertex -8.980730309e-03 1.058862816e-02 -1.000000000e-03
      vertex -8.980730309e-03 1.058862816e-02 6.500000000e-02
    endloop
  endfacet
  facet normal -9.951847267e-01 9.801714033e-02 0.000000000e+00
    outer loop
      vertex -8.923003752e-03 1.117473573e-02 -1.000000000e-03
      vertex -8.980730309e-03 1.058862816e-02 6.500000000e-02
      vertex -8.923003752e-03 1.117473573e-02 6.500000000e-02
    endloop
  endfacet
  facet normal 0.000000000e+00 0.000000000e+00 -1.000000000e+00
    outer loop
      vertex 0.000000000e+00 1.000000000e-02 -1.000000000e-03
      vertex -8.980730309e-03 1.058862816e-02 -1.000000000e-03
      vertex -8.923003752e-03 1.117473573e-02 -1.000000000e-03
    endloop
  endfacet
  facet normal 0.000000000e+00 0.000000000e+00 1.000000000e+00
    outer loop
      vertex 0.000000000e+00 1.000000000e-02 6.500000000e-02
      vertex -8.923003752e-03 1.117473573e-02 6.500000000e-02
      vertex -8.980730309e-03 1.058862816e-02 6.500000000e-02
    endloop
  endfacet
  facet normal -9.994645875e-01 3.271908282e-02 0.000000000e+00
    outer loop
      vertex -8.980730309e-03 1.058862816e-02 -1.000000000e-03
      vertex -9.000000000e-03 1.000000000e-02 -1.000000000e-03
      vertex -9.000000000e-03 1.000000000e-02 6.500000000e-02
    endloop
  endfacet
  facet normal -9.994645875e-01 3.271908282e-02 0.000000000e+00
    outer loop
      vertex -8.980730309e-03 1.058862816e-02 -1.000000000e-03
      vertex -9.000000000e-03 1.000000000e-02 6.500000000e-02
      vertex -8.980730309e-03 1.058862816e-02 6.500000000e-02
    endloop
  endfacet
  facet normal 0.000000000e+00 0.000000000e+00 -1.000000000e+00
    outer loop
      vertex 0.000000000e+00 1.000000000e-02 -1.000000000e-03
      vertex -9.000000000e-03 1.000000000e-02 -1.000000000e-03
      vertex -8.980730309e-03 1.058862816e-02 -1.000000000e-03
    endloop
  endfacet
  facet normal 0.000000000e+00 0.000000000e+00 1.000000000e+00
    outer loop
      vertex 0.000000000e+00 1.000000000e-02 6.500000000e-02
      vertex -8.980730309e-03 1.058862816e-02 6.500000000e-02
      vertex -9.000000000e-03 1.000000000e-02 6.500000000e-02
    endloop
  endfacet
  facet normal -9.994645875e-01 -3.271908282e-02 0.000000000e+00
    outer loop
      vertex -9.000000000e-03 1.000000000e-02 -1.000000000e-03
      vertex -8.980730309e-03 9.411371837e-03 -1.000000000e-03
      vertex -8.980730309e-03 9.411371837e-03 6.500000000e-02
    endloop
  endfacet
  facet normal -9.994645875e-01 -3.271908282e-02 0.000000000e+00
    outer loop
      vertex -9.000000000e-03 1.000000000e-02 -1.000000000e-03
      vertex -8.980730309e-03 9.411371837e-03 6.500000000e-02
      vertex -9.000000000e-03 1.000000000e-02 6.500000000e-02
    endloop
  endfacet
  facet normal 0.000000000e+00 0.000000000e+00 -1.000000000e+00
    outer loop
      vertex 0.000000000e+00 1.000000000e-02 -1.000000000e-03
      vertex -8.980730309e-03 9.411371837e-03 -1.000000000e-03
      vertex -9.000000000e-03 1.000000000e-02 -1.000000000e-03
    endloop
  endfacet
  facet normal 0.000000000e+00 0.000000000e+00 1.000000000e+00
    outer loop
      vertex 0.000000000e+00 1.000000000e-02 6.500000000e-02
      vertex -9.000000000e-03 1.000000000e-02 6.500000000e-02
      vertex -8.980730309e-03 9.411371837e-03 6.500000000e-02
    endloop
  endfacet
  facet normal -9.951847267e-01 -9.801714033e-02 0.000000000e+00
    outer loop
      vertex -8.980730309e-03 9.411371837e-03 -1.000000000e-03
      vertex -8.923003752e-03 8.825264270e-03 -1.000000000e-03
      vertex -8.923003752e-03 8.825264270e-03 6.500000000e-02
    endloop
  endfacet
  facet normal -9.951847267e-01 -9.801714033e-02 0.000000000e+00
    outer loop
      vertex -8.980730309e-03 9.411371837e-03 -1.000000000e-03
      vertex -8.923003752e-03 8.825264270e-03 6.500000000e-02
      vertex -8.980730309e-03 9.411371837e-03 6.500000000e-02
    endloop
  endfacet
  facet normal 0.000000000e+00 0.000000000e+00 -1.000000000e+00
    outer loop
      vertex 0.000000000e+00 1.000000000e-02 -1.000000000e-03
      vertex -8.923003752e-03 8.825264270e-03 -1.000000000e-03
      vertex -8.980730309e-03 9.411371837e-03 -1.000000000e-03
    endloop
  endfacet
  facet normal 0.000000000e+00 0.000000000e+00 1.000000000e+00
    outer loop
      vertex 0.000000000e+00 1.000000000e-02 6.500000000e-02
      vertex -8.980730309e-03 9.411371837e-03 6.500000000e-02
      vertex -8.923003752e-03 8.825264270e-03 6.500000000e-02
    endloop
  endfacet
  facet normal -9.866433321e-01 -1.628954734e-01 0.000000000e+00
    outer loop
      vertex -8.923003752e-03 8.825264270e-03 -1.000000000e-03
      vertex -8.827067524e-03 8.244187102e-03 -1.000000000e-03
      vertex -8.827067524e-03 8.244187102e-03 6.500000000e-02
    endloop
  endfacet
  facet normal -9.866433321e-01 -1.628954734e-01 0.000000000e+00
    outer loop
      vertex -8.923003752e-03 8.825264270e-03 -1.000000000e-03
      vertex -8.827067524e-03 8.244187102e-03 6.500000000e-02
      vertex -8.923003752e-03 8.825264270e-03 6.500000000e-02
    endloop
  endfacet
  facet normal 0.000000000e+00 0.000000000e+00 -1.000000000e+00
    outer loop
      vertex 0.000000000e+00 1.000000000e-02 -1.000000000e-03
      vertex -8.827067524e-03 8.244187102e-03 -1.000000000e-03
      vertex -8.923003752e-03 8.825264270e-03 -1.000000000e-03
    endloop
  endfacet
  facet normal 0.000000000e+00 0.000000000e+00 1.000000000e+00
    outer loop
      vertex 0.000000000e+00 1.000000000e-02 6.500000000e-02
      vertex -8.923003752e-03 8.825264270e-03 6.500000000e-02
      vertex -8.827067524e-03 8.244187102e-03 6.500000000e-02
    endloop
  endfacet
  facet normal -9.738769793e-01 -2.270762630e-01 0.000000000e+00
    outer loop
      vertex -8.827067524e-03 8.244187102e-03 -1.000000000e-03
      vertex -8.693332437e-03 7.670628594e-03 -1.000000000e-03
      vertex -8.693332437e-03 7.670628594e-03 6.500000000e-02
    endloop
  endfacet
  facet normal -9.738769793e-01 -2.270762630e-01 0.000000000e+00
    outer loop
      vertex -8.827067524e-03 8.244187102e-03 -1.000000000e-03
      vertex -8.693332437e-03 7.670628594e-03 6.500000000e-02
      vertex -8.827067524e-03 8.244187102e-03 6.500000000e-02
    endloop
  endfacet
  facet normal 0.000000000e+00 0.000000000e+00 -1.000000000e+00
    outer loop
      vertex 0.000000000e+00 1.000000000e-02 -1.000000000e-03
      vertex -8.693332437e-03 7.670628594e-03 -1.000000000e-03
      vertex -8.827067524e-03 8.244187102e-03 -1.000000000e-03
    endloop
  endfacet
  facet normal 0.000000000e+00 0.000000000e+00 1.000000000e+00
    outer loop
      vertex 0.000000000e+00 1.000000000e-02 6.500000000e-02
      vertex -8.827067524e-03 8.244187102e-03 6.500000000e-02
      vertex -8.693332437e-03 7.670628594e-03 6.500000000e-02
    endloop
  endfacet
  facet normal -9.569403357e-01 -2.902846773e-01 0.000000000e+00
    outer loop
      vertex -8.693332437e-03 7.670628594e-03 -1.000000000e-03
      vertex -8.522371165e-03 7.107044812e-03 -1.000000000e-03
      vertex -8.522371165e-03 7.107044812e-03 6.500000000e-02
    endloop
  endfacet
  facet normal -9.569403357e-01 -2.902846773e-01 0.000000000e+00
    outer loop
      vertex -8.693332437e-03 7.670628594e-03 -1.000000000e-03
      vertex -8.522371165e-03 7.107044812e-03 6.500000000e-02
      vertex -8.693332437e-03 7.670628594e-03 6.500000000e-02
    endloop
  endfacet
  facet normal 0.000000000e+00 0.000000000e+00 -1.000000000e+00
    outer loop
      vertex 0.000000000e+00 1.000000000e-02 -1.000000000e-03
      vertex -8.522371165e-03 7.107044812e-03 -1.000000000e-03
      vertex -8.693332437e-03 7.670628594e-03 -1.000000000e-03
    endloop
  endfacet
  facet normal 0.000000000e+00 0.000000000e+00 1.000000000e+00
    outer loop
      vertex 0.000000000e+00 1.000000000e-02 6.500000000e-02
      vertex -8.693332437e-03 7.670628594e-03 6.500000000e-02
      vertex -8.522371165e-03 7.107044812e-03 6.500000000e-02
    endloop
  endfacet
  facet normal -9.359059268e-01 -3.522500479e-01 0.000000000e+00
    outer loop
      vertex -8.522371165e-03 7.107044812e-03 -1.000000000e-03
      vertex -8.314915793e-03 6.555849109e-03 -1.000000000e-03
      vertex -8.314915793e-03 6.555849109e-03 6.500000000e-02
    endloop
  endfacet
  facet normal -9.359059268e-01 -3.522500479e-01 0.000000000e+00
    outer loop
      vertex -8.522371165e-03 7.107044812e-03 -1.000000000e-03
      vertex -8.314915793e-03 6.555849109e-03 6.500000000e-02
      vertex -8.522371165e-03 7.107044812e-03 6.500000000e-02
    endloop
  endfacet
  facet normal 0.000000000e+00 0.000000000e+00 -1.000000000e+00
    outer loop
      vertex 0.000000000e+00 1.000000000e-02 -1.000000000e-03
      vertex -8.314915793e-03 6.555849109e-03 -1.000000000e-03
      vertex -8.522371165e-03 7.107044812e-03 -1.000000000e-03
    endloop
  endfacet
  facet normal 0.000000000e+00 0.000000000e+00 1.000000000e+00
    outer loop
      vertex 0.000000000e+00 1.000000000e-02 6.500000000e-02
      vertex -8.522371165e-03 7.107044812e-03 6.500000000e-02
      vertex -8.314915793e-03 6.555849109e-03 6.500000000e-02
    endloop
  endfacet
  facet normal -9.108638249e-01 -4.127070298e-01 0.000000000e+00
    outer loop
      vertex -8.314915793e-03 6.555849109e-03 -1.000000000e-03
      vertex -8.071854674e-03 6.019401788e-03 -1.000000000e-03
      vertex -8.071854674e-03 6.019401788e-03 6.500000000e-02
    endloop
  endfacet
  facet normal -9.108638249e-01 -4.127070298e-01 0.000000000e+00
    outer loop
      vertex -8.314915793e-03 6.555849109e-03 -1.000000000e-03
      vertex -8.071854674e-03 6.019401788e-03 6.500000000e-02
      vertex -8.314915793e-03 6.555849109e-03 6.500000000e-02
    endloop
  endfacet
  facet normal 0.000000000e+00 0.000000000e+00 -1.000000000e+00
    outer loop
      vertex 0.000000000e+00 1.000000000e-02 -1.000000000e-03
      vertex -8.071854674e-03 6.019401788e-03 -1.000000000e-03
      vertex -8.314915793e-03 6.555849109e-03 -1.000000000e-03
    endloop
  endfacet
  facet normal 0.000000000e+00 0.000000000e+00 1.000000000e+00
    outer loop
      vertex 0.000000000e+00 1.000000000e-02 6.500000000e-02
      vertex -8.314915793e-03 6.555849109e-03 6.500000000e-02
      vertex -8.071854674e-03 6.019401788e-03 6.500000000e-02
    endloop
  endfacet
  facet normal -8.819212643e-01 -4.713967368e-01 0.000000000e+00
    outer loop
      vertex -8.071854674e-03 6.019401788e-03 -1.000000000e-03
      vertex -7.794228634e-03 5.500000000e-03 -1.000000000e-03
      vertex -7.794228634e-03 5.500000000e-03 6.500000000e-02
    endloop
  endfacet
  facet normal -8.819212643e-01 -4.713967368e-01 0.000000000e+00
    outer loop
      vertex -8.071854674e-03 6.019401788e-03 -1.000000000e-03
      vertex -7.794228634e-03 5.500000000e-03 6.500000000e-02
      vertex -8.071854674e-03 6.019401788e-03 6.500000000e-02
    endloop
  endfacet
  facet normal 0.000000000e+00 0.000000000e+00 -1.000000000e+00
    outer loop
      vertex 0.000000000e+00 1.000000000e-02 -1.000000000e-03
      vertex -7.794228634e-03 5.500000000e-03 -1.000000000e-03
      vertex -8.071854674e-03 6.019401788e-03 -1.000000000e-03
    endloop
  endfacet
  facet normal 0.000000000e+00 0.000000000e+00 1.000000000e+00
    outer loop
      vertex 0.000000000e+00 1.000000000e-02 6.500000000e-02
      vertex -8.071854674e-03 6.019401788e-03 6.500000000e-02
      vertex -7.794228634e-03 5.500000000e-03 6.500000000e-02
    endloop
  endfacet
  facet normal -8.492021815e-01 -5.280678507e-01 0.000000000e+00
    outer loop
      vertex -7.794228634e-03 5.500000000e-03 -1.000000000e-03
      vertex -7.483226511e-03 4.999867903e-03 -1.000000000e-03
      vertex -7.483226511e-03 4.999867903e-03 6.500000000e-02
    endloop
  endfacet
  facet normal -8.492021815e-01 -5.280678507e-01 0.000000000e+00
    outer loop
      vertex -7.794228634e-03 5.500000000e-03 -1.000000000e-03
      vertex -7.483226511e-03 4.999867903e-03 6.500000000e-02
      vertex -7.794228634e-03 5.500000000e-03 6.500000000e-02
    endloop
  endfacet
  facet normal 0.000000000e+00 0.000000000e+00 -1.000000000e+00
    outer loop
      vertex 0.000000000e+00 1.000000000e-02 -1.000000000e-03
      vertex -7.483226511e-03 4.999867903e-03 -1.000000000e-03
      vertex -7.794228634e-03 5.500000000e-03 -1.000000000e-03
    endloop
  endfacet
  facet normal 0.000000000e+00 0.000000000e+00 1.000000000e+00
    outer loop
      vertex 0.000000000e+00 1.000000000e-02 6.500000000e-02
      vertex -7.794228634e-03 5.500000000e-03 6.500000000e-02
      vertex -7.483226511e-03 4.999867903e-03 6.500000000e-02
    endloop
  endfacet
  facet normal -8.128466846e-01 -5.824776969e-01 0.000000000e+00
    outer loop
      vertex -7.483226511e-03 4.999867903e-03 -1.000000000e-03
      vertex -7.140180063e-03 4.521147139e-03 -1.000000000e-03
      vertex -7.140180063e-03 4.521147139e-03 6.500000000e-02
    endloop
  endfacet
  facet normal -8.128466846e-01 -5.824776969e-01 0.000000000e+00
    outer loop
      vertex -7.483226511e-03 4.999867903e-03 -1.000000000e-03
      vertex -7.140180063e-03 4.521147139e-03 6.500000000e-02
      vertex -7.483226511e-03 4.999867903e-03 6.500000000e-02
    endloop
  endfacet
  facet normal 0.000000000e+00 0.000000000e+00 -1.000000000e+00
    outer loop
      vertex 0.000000000e+00 1.000000000e-02 -1.000000000e-03
      vertex -7.140180063e-03 4.521147139e-03 -1.000000000e-03
      vertex -7.483226511e-03 4.999867903e-03 -1.000000000e-03
    endloop
  endfacet
  facet normal 0.000000000e+00 0.000000000e+00 1.000000000e+00
    outer loop
      vertex 0.000000000e+00 1.000000000e-02 6.500000000e-02
      vertex -7.483226511e-03 4.999867903e-03 6.500000000e-02
      vertex -7.140180063e-03 4.521147139e-03 6.500000000e-02
    endloop
  endfacet
  facet normal -7.730104534e-01 -6.343932842e-01 0.000000000e+00
    outer loop
      vertex -7.140180063e-03 4.521147139e-03 -1.000000000e-03
      vertex -6.766558267e-03 4.065887664e-03 -1.000000000e-03
      vertex -6.766558267e-03 4.065887664e-03 6.500000000e-02
    endloop
  endfacet
  facet normal -7.730104534e-01 -6.343932842e-01 0.000000000e+00
    outer loop
      vertex -7.140180063e-03 4.521147139e-03 -1.000000000e-03
      vertex -6.766558267e-03 4.065887664e-03 6.500000000e-02
      vertex -7.140180063e-03 4.521147139e-03 6.500000000e-02
    endloop
  endfacet
  facet normal 0.000000000e+00 0.000000000e+00 -1.000000000e+00
    outer loop
      vertex 0.000000000e+00 1.000000000e-02 -1.000000000e-03
      vertex -6.766558267e-03 4.065887664e-03 -1.000000000e-03
      vertex -7.140180063e-03 4.521147139e-03 -1.000000000e-03
    endloop
  endfacet
  facet normal 0.000000000e+00 0.000000000e+00 1.000000000e+00
    outer loop
      vertex 0.000000000e+00 1.000000000e-02 6.500000000e-02
      vertex -7.140180063e-03 4.521147139e-03 6.500000000e-02
      vertex -6.766558267e-03 4.065887664e-03 6.500000000e-02
    endloop
  endfacet
  facet normal -7.298640727e-01 -6.835923020e-01 0.000000000e+00
    outer loop
      vertex -6.766558267e-03 4.065887664e-03 -1.000000000e-03
      vertex -6.363961031e-03 3.636038969e-03 -1.000000000e-03
      vertex -6.363961031e-03 3.636038969e-03 6.500000000e-02
    endloop
  endfacet
  facet normal -7.298640727e-01 -6.835923020e-01 0.000000000e+00
    outer loop
      vertex -6.766558267e-03 4.065887664e-03 -1.000000000e-03
      vertex -6.363961031e-03 3.636038969e-03 6.500000000e-02
      vertex -6.766558267e-03 4.065887664e-03 6.500000000e-02
    endloop
  endfacet
  facet normal 0.000000000e+00 0.000000000e+00 -1.000000000e+00
    outer loop
      vertex 0.000000000e+00 1.000000000e-02 -1.000000000e-03
      vertex -6.363961031e-03 3.636038969e-03 -1.000000000e-03
      vertex -6.766558267e-03 4.065887664e-03 -1.000000000e-03
    endloop
  endfacet
  facet normal 0.000000000e+00 0.000000000e+00 1.000000000e+00
    outer loop
      vertex 0.000000000e+00 1.000000000e-02 6.500000000e-02
      vertex -6.766558267e-03 4.065887664e-03 6.500000000e-02
      vertex -6.363961031e-03 3.636038969e-03 6.500000000e-02
    endloop
  endfacet
  facet normal -6.835923020e-01 -7.298640727e-01 0.000000000e+00
    outer loop
      vertex -6.363961031e-03 3.636038969e-03 -1.000000000e-03
      vertex -5.934112336e-03 3.233441733e-03 -1.000000000e-03
      vertex -5.934112336e-03 3.233441733e-03 6.500000000e-02
    endloop
  endfacet
  facet normal -6.835923020e-01 -7.298640727e-01 0.000000000e+00
    outer loop
      vertex -6.363961031e-03 3.636038969e-03 -1.000000000e-03
      vertex -5.934112336e-03 3.233441733e-03 6.500000000e-02
      vertex -6.363961031e-03 3.636038969e-03 6.500000000e-02
    endloop
  endfacet
  facet normal 0.000000000e+00 0.000000000e+00 -1.000000000e+00
    outer loop
      vertex 0.000000000e+00 1.000000000e-02 -1.000000000e-03
      vertex -5.934112336e-03 3.233441733e-03 -1.000000000e-03
      vertex -6.363961031e-03 3.636038969e-03 -1.000000000e-03
    endloop
  endfacet
  facet normal 0.000000000e+00 0.000000000e+00 1.000000000e+00
    outer loop
      vertex 0.000000000e+00 1.000000000e-02 6.500000000e-02
      vertex -6.363961031e-03 3.636038969e-03 6.500000000e-02
      vertex -5.934112336e-03 3.233441733e-03 6.500000000e-02
    endloop
  endfacet
  facet normal -6.343932842e-01 -7.730104534e-01 0.000000000e+00
    outer loop
      vertex -5.934112336e-03 3.233441733e-03 -1.000000000e-03
      vertex -5.478852861e-03 2.859819937e-03 -1.000000000e-03
      vertex -5.478852861e-03 2.859819937e-03 6.500000000e-02
    endloop
  endfacet
  facet normal -6.343932842e-01 -7.730104534e-01 0.000000000e+00
    outer loop
      vertex -5.934112336e-03 3.233441733e-03 -1.000000000e-03
      vertex -5.478852861e-03 2.859819937e-03 6.500000000e-02
      vertex -5.934112336e-03 3.233441733e-03 6.500000000e-02
    endloop
  endfacet
  facet normal 0.000000000e+00 0.000000000e+00 -1.000000000e+00
    outer loop
      vertex 0.000000000e+00 1.000000000e-02 -1.000000000e-03
      vertex -5.478852861e-03 2.859819937e-03 -1.000000000e-03
      vertex -5.934112336e-03 3.233441733e-03 -1.000000000e-03
    endloop
  endfacet
  facet normal 0.000000000e+00 0.000000000e+00 1.000000000e+00
    outer loop
      vertex 0.000000000e+00 1.000000000e-02 6.500000000e-02
      vertex -5.934112336e-03 3.233441733e-03 6.500000000e-02
      vertex -5.478852861e-03 2.859819937e-03 6.500000000e-02
    endloop
  endfacet
  facet normal -5.824776969e-01 -8.128466846e-01 0.000000000e+00
    outer loop
      vertex -5.478852861e-03 2.859819937e-03 -1.000000000e-03
      vertex -5.000132097e-03 2.516773489e-03 -1.000000000e-03
      vertex -5.000132097e-03 2.516773489e-03 6.500000000e-02
    endloop
  endfacet
  facet normal -5.824776969e-01 -8.128466846e-01 0.000000000e+00
    outer loop
      vertex -5.478852861e-03 2.859819937e-03 -1.000000000e-03
      vertex -5.000132097e-03 2.516773489e-03 6.500000000e-02
      vertex -5.478852861e-03 2.859819937e-03 6.500000000e-02
    endloop
  endfacet
  facet normal 0.000000000e+00 0.000000000e+00 -1.000000000e+00
    outer loop
      vertex 0.000000000e+00 1.000000000e-02 -1.000000000e-03
      vertex -5.000132097e-03 2.516773489e-03 -1.000000000e-03
      vertex -5.478852861e-03 2.859819937e-03 -1.000000000e-03
    endloop
  endfacet
  facet normal 0.000000000e+00 0.000000000e+00 1.000000000e+00
    outer loop
      vertex 0.000000000e+00 1.000000000e-02 6.500000000e-02
      vertex -5.478852861e-03 2.859819937e-03 6.500000000e-02
      vertex -5.000132097e-03 2.516773489e-03 6.500000000e-02
    endloop
  endfacet
  facet normal -5.280678507e-01 -8.492021815e-01 0.000000000e+00
    outer loop
      vertex -5.000132097e-03 2.516773489e-03 -1.000000000e-03
      vertex -4.500000000e-03 2.205771366e-03 -1.000000000e-03
      vertex -4.500000000e-03 2.205771366e-03 6.500000000e-02
    endloop
  endfacet
  facet normal -5.280678507e-01 -8.492021815e-01 0.000000000e+00
    outer loop
      vertex -5.000132097e-03 2.516773489e-03 -1.000000000e-03
      vertex -4.500000000e-03 2.205771366e-03 6.500000000e-02
      vertex -5.000132097e-03 2.516773489e-03 6.500000000e-02
    endloop
  endfacet
  facet normal 0.000000000e+00 0.000000000e+00 -1.000000000e+00
    outer loop
      vertex 0.000000000e+00 1.000000000e-02 -1.000000000e-03
      vertex -4.500000000e-03 2.205771366e-03 -1.000000000e-03
      vertex -5.000132097e-03 2.516773489e-03 -1.000000000e-03
    endloop
  endfacet
  facet normal 0.000000000e+00 0.000000000e+00 1.000000000e+00
    outer loop
      vertex 0.000000000e+00 1.000000000e-02 6.500000000e-02
      vertex -5.000132097e-03 2.516773489e-03 6.500000000e-02
      vertex -4.500000000e-03 2.205771366e-03 6.500000000e-02
    endloop
  endfacet
  facet normal -4.713967368e-01 -8.819212643e-01 0.000000000e+00
    outer loop
      vertex -4.500000000e-03 2.205771366e-03 -1.000000000e-03
      vertex -3.980598212e-03 1.928145326e-03 -1.000000000e-03
      vertex -3.980598212e-03 1.928145326e-03 6.500000000e-02
    endloop
  endfacet
  facet normal -4.713967368e-01 -8.819212643e-01 0.000000000e+00
    outer loop
      vertex -4.500000000e-03 2.205771366e-03 -1.000000000e-03
      vertex -3.980598212e-03 1.928145326e-03 6.500000000e-02
      vertex -4.500000000e-03 2.205771366e-03 6.500000000e-02
    endloop
  endfacet
  facet normal 0.000000000e+00 0.000000000e+00 -1.000000000e+00
    outer loop
      vertex 0.000000000e+00 1.000000000e-02 -1.000000000e-03
      vertex -3.980598212e-03 1.928145326e-03 -1.000000000e-03
      vertex -4.500000000e-03 2.205771366e-03 -1.000000000e-03
    endloop
  endfacet
  facet normal 0.000000000e+00 0.000000000e+00 1.000000000e+00
    outer loop
      vertex 0.000000000e+00 1.000000000e-02 6.500000000e-02
      vertex -4.500000000e-03 2.205771366e-03 6.500000000e-02
      vertex -3.980598212e-03 1.928145326e-03 6.500000000e-02
    endloop
  endfacet
  facet normal -4.127070298e-01 -9.108638249e-01 0.000000000e+00
    outer loop
      vertex -3.980598212e-03 1.928145326e-03 -1.000000000e-03
      vertex -3.444150891e-03 1.685084207e-03 -1.000000000e-03
      vertex -3.444150891e-03 1.685084207e-03 6.500000000e-02
    endloop
  endfacet
  facet normal -4.127070298e-01 -9.108638249e-01 0.000000000e+00
    outer loop
      vertex -3.980598212e-03 1.928145326e-03 -1.000000000e-03
      vertex -3.444150891e-03 1.685084207e-03 6.500000000e-02
      vertex -3.980598212e-03 1.928145326e-03 6.500000000e-02
    endloop
  endfacet
  facet normal 0.000000000e+00 0.000000000e+00 -1.000000000e+00
    outer loop
      vertex 0.000000000e+00 1.000000000e-02 -1.000000000e-03
      vertex -3.444150891e-03 1.685084207e-03 -1.000000000e-03
      vertex -3.980598212e-03 1.928145326e-03 -1.000000000e-03
    endloop
  endfacet
  facet normal 0.000000000e+00 0.000000000e+00 1.000000000e+00
    outer loop
      vertex 0.000000000e+00 1.000000000e-02 6.500000000e-02
      vertex -3.980598212e-03 1.928145326e-03 6.500000000e-02
      vertex -3.444150891e-03 1.685084207e-03 6.500000000e-02
    endloop
  endfacet
  facet normal -3.522500479e-01 -9.359059268e-01 0.000000000e+00
    outer loop
      vertex -3.444150891e-03 1.685084207e-03 -1.000000000e-03
      vertex -2.892955188e-03 1.477628835e-03 -1.000000000e-03
      vertex -2.892955188e-03 1.477628835e-03 6.500000000e-02
    endloop
  endfacet
  facet normal -3.522500479e-01 -9.359059268e-01 0.000000000e+00
    outer loop
      vertex -3.444150891e-03 1.685084207e-03 -1.000000000e-03
      vertex -2.892955188e-03 1.477628835e-03 6.500000000e-02
      vertex -3.444150891e-03 1.685084207e-03 6.500000000e-02
    endloop
  endfacet
  facet normal 0.000000000e+00 0.000000000e+00 -1.000000000e+00
    outer loop
      vertex 0.000000000e+00 1.000000000e-02 -1.000000000e-03
      vertex -2.892955188e-03 1.477628835e-03 -1.000000000e-03
      vertex -3.444150891e-03 1.685084207e-03 -1.000000000e-03
    endloop
  endfacet
  facet normal 0.000000000e+00 0.000000000e+00 1.000000000e+00
    outer loop
      vertex 0.000000000e+00 1.000000000e-02 6.500000000e-02
      vertex -3.444150891e-03 1.685084207e-03 6.500000000e-02
      vertex -2.892955188e-03 1.477628835e-03 6.500000000e-02
    endloop
  endfacet
  facet normal -2.902846773e-01 -9.569403357e-01 0.000000000e+00
    outer loop
      vertex -2.892955188e-03 1.477628835e-03 -1.000000000e-03
      vertex -2.329371406e-03 1.306667563e-03 -1.000000000e-03
      vertex -2.329371406e-03 1.306667563e-03 6.500000000e-02
    endloop
  endfacet
  facet normal -2.902846773e-01 -9.569403357e-01 0.000000000e+00
    outer loop
      vertex -2.892955188e-03 1.477628835e-03 -1.000000000e-03
      vertex -2.329371406e-03 1.306667563e-03 6.500000000e-02
      vertex -2.892955188e-03 1.477628835e-03 6.500000000e-02
    endloop
  endfacet
  facet normal 0.000000000e+00 0.000000000e+00 -1.000000000e+00
    outer loop
      vertex 0.000000000e+00 1.000000000e-02 -1.000000000e-03
      vertex -2.329371406e-03 1.306667563e-03 -1.000000000e-03
      vertex -2.892955188e-03 1.477628835e-03 -1.000000000e-03
    endloop
  endfacet
  facet normal 0.000000000e+00 0.000000000e+00 1.000000000e+00
    outer loop
      vertex 0.000000000e+00 1.000000000e-02 6.500000000e-02
      vertex -2.892955188e-03 1.477628835e-03 6.500000000e-02
      vertex -2.329371406e-03 1.306667563e-03 6.500000000e-02
    endloop
  endfacet
  facet normal -2.270762630e-01 -9.738769793e-01 0.000000000e+00
    outer loop
      vertex -2.329371406e-03 1.306667563e-03 -1.000000000e-03
      vertex -1.755812898e-03 1.172932476e-03 -1.000000000e-03
      vertex -1.755812898e-03 1.172932476e-03 6.500000000e-02
    endloop
  endfacet
  facet normal -2.270762630e-01 -9.738769793e-01 0.000000000e+00
    outer loop
      vertex -2.329371406e-03 1.306667563e-03 -1.000000000e-03
      vertex -1.755812898e-03 1.172932476e-03 6.500000000e-02
      vertex -2.329371406e-03 1.306667563e-03 6.500000000e-02
    endloop
  endfacet
  facet normal 0.000000000e+00 0.000000000e+00 -1.000000000e+00
    outer loop
      vertex 0.000000000e+00 1.000000000e-02 -1.000000000e-03
      vertex -1.755812898e-03 1.172932476e-03 -1.000000000e-03
      vertex -2.329371406e-03 1.306667563e-03 -1.000000000e-03
    endloop
  endfacet
  facet normal 0.000000000e+00 0.000000000e+00 1.000000000e+00
    outer loop
      vertex 0.000000000e+00 1.000000000e-02 6.500000000e-02
      vertex -2.329371406e-03 1.306667563e-03 6.500000000e-02
      vertex -1.755812898e-03 1.172932476e-03 6.500000000e-02
    endloop
  endfacet
  facet normal -1.628954734e-01 -9.866433321e-01 0.000000000e+00
    outer loop
      vertex -1.755812898e-03 1.172932476e-03 -1.000000000e-03
      vertex -1.174735730e-03 1.076996248e-03 -1.000000000e-03
      vertex -1.174735730e-03 1.076996248e-03 6.500000000e-02
    endloop
  endfacet
  facet normal -1.628954734e-01 -9.866433321e-01 0.000000000e+00
    outer loop
      vertex -1.755812898e-03 1.172932476e-03 -1.000000000e-03
      vertex -1.174735730e-03 1.076996248e-03 6.500000000e-02
      vertex -1.755812898e-03 1.172932476e-03 6.500000000e-02
    endloop
  endfacet
  facet normal 0.000000000e+00 0.000000000e+00 -1.000000000e+00
    outer loop
      vertex 0.000000000e+00 1.000000000e-02 -1.000000000e-03
      vertex -1.174735730e-03 1.076996248e-03 -1.000000000e-03
      vertex -1.755812898e-03 1.172932476e-03 -1.000000000e-03
    endloop
  endfacet
  facet normal 0.000000000e+00 0.000000000e+00 1.000000000e+00
    outer loop
      vertex 0.000000000e+00 1.000000000e-02 6.500000000e-02
      vertex -1.755812898e-03 1.172932476e-03 6.500000000e-02
      vertex -1.174735730e-03 1.076996248e-03 6.500000000e-02
    endloop
  endfacet
  facet normal -9.801714033e-02 -9.951847267e-01 0.000000000e+00
    outer loop
      vertex -1.174735730e-03 1.076996248e-03 -1.000000000e-03
      vertex -5.886281631e-04 1.019269691e-03 -1.000000000e-03
      vertex -5.886281631e-04 1.019269691e-03 6.500000000e-02
    endloop
  endfacet
  facet normal -9.801714033e-02 -9.951847267e-01 0.000000000e+00
    outer loop
      vertex -1.174735730e-03 1.076996248e-03 -1.000000000e-03
      vertex -5.886281631e-04 1.019269691e-03 6.500000000e-02
      vertex -1.174735730e-03 1.076996248e-03 6.500000000e-02
    endloop
  endfacet
  facet normal 0.000000000e+00 0.000000000e+00 -1.000000000e+00
    outer loop
      vertex 0.000000000e+00 1.000000000e-02 -1.000000000e-03
      vertex -5.886281631e-04 1.019269691e-03 -1.000000000e-03
      vertex -1.174735730e-03 1.076996248e-03 -1.000000000e-03
    endloop
  endfacet
  facet normal 0.000000000e+00 0.000000000e+00 1.000000000e+00
    outer loop
      vertex 0.000000000e+00 1.000000000e-02 6.500000000e-02
      vertex -1.174735730e-03 1.076996248e-03 6.500000000e-02
      vertex -5.886281631e-04 1.019269691e-03 6.500000000e-02
    endloop
  endfacet
  facet normal -3.271908282e-02 -9.994645875e-01 0.000000000e+00
    outer loop
      vertex -5.886281631e-04 1.019269691e-03 -1.000000000e-03
      vertex -1.653273179e-18 1.000000000e-03 -1.000000000e-03
      vertex -1.653273179e-18 1.000000000e-03 6.500000000e-02
    endloop
  endfacet
  facet normal -3.271908282e-02 -9.994645875e-01 0.000000000e+00
    outer loop
      vertex -5.886281631e-04 1.019269691e-03 -1.000000000e-03
      vertex -1.653273179e-18 1.000000000e-03 6.500000000e-02
      vertex -5.886281631e-04 1.019269691e-03 6.500000000e-02
    endloop
  endfacet
  facet normal 0.000000000e+00 0.000000000e+00 -1.000000000e+00
    outer loop
      vertex 0.000000000e+00 1.000000000e-02 -1.000000000e-03
      vertex -1.653273179e-18 1.000000000e-03 -1.000000000e-03
      vertex -5.886281631e-04 1.019269691e-03 -1.000000000e-03
    endloop
  endfacet
  facet normal 0.000000000e+00 0.000000000e+00 1.000000000e+00
    outer loop
      vertex 0.000000000e+00 1.000000000e-02 6.500000000e-02
      vertex -5.886281631e-04 1.019269691e-03 6.500000000e-02
      vertex -1.653273179e-18 1.000000000e-03 6.500000000e-02
    endloop
  endfacet
  facet normal 3.271908282e-02 -9.994645875e-01 0.000000000e+00
    outer loop
      vertex -1.653273179e-18 1.000000000e-03 -1.000000000e-03
      vertex 5.886281631e-04 1.019269691e-03 -1.000000000e-03
      vertex 5.886281631e-04 1.019269691e-03 6.500000000e-02
    endloop
  endfacet
  facet normal 3.271908282e-02 -9.994645875e-01 0.000000000e+00
    outer loop
      vertex -1.653273179e-18 1.000000000e-03 -1.000000000e-03
      vertex 5.886281631e-04 1.019269691e-03 6.500000000e-02
      vertex -1.653273179e-18 1.000000000e-03 6.500000000e-02
    endloop
  endfacet
  facet normal 0.000000000e+00 0.000000000e+00 -1.000000000e+00
    outer loop
      vertex 0.000000000e+00 1.000000000e-02 -1.000000000e-03
      vertex 5.886281631e-04 1.019269691e-03 -1.000000000e-03
      vertex -1.653273179e-18 1.000000000e-03 -1.000000000e-03
    endloop
  endfacet
  facet normal 0.000000000e+00 0.000000000e+00 1.000000000e+00
    outer loop
      vertex 0.000000000e+00 1.000000000e-02 6.500000000e-02
      vertex -1.653273179e-18 1.000000000e-03 6.500000000e-02
      vertex 5.886281631e-04 1.019269691e-03 6.500000000e-02
    endloop
  endfacet
  facet normal 9.801714033e-02 -9.951847267e-01 0.000000000e+00
    outer loop
      vertex 5.886281631e-04 1.019269691e-03 -1.000000000e-03
      vertex 1.174735730e-03 1.076996248e-03 -1.000000000e-03
      vertex 1.174735730e-03 1.076996248e-03 6.500000000e-02
    endloop
  endfacet
  facet normal 9.801714033e-02 -9.951847267e-01 0.000000000e+00
    outer loop
      vertex 5.886281631e-04 1.019269691e-03 -1.000000000e-03
      vertex 1.174735730e-03 1.076996248e-03 6.500000000e-02
      vertex 5.886281631e-04 1.019269691e-03 6.500000000e-02
    endloop
  endfacet
  facet normal 0.000000000e+00 0.000000000e+00 -1.000000000e+00
    outer loop
      vertex 0.000000000e+00 1.000000000e-02 -1.000000000e-03
      vertex 1.174735730e-03 1.076996248e-03 -1.000000000e-03
      vertex 5.886281631e-04 1.019269691e-03 -1.000000000e-03
    endloop
  endfacet
  facet normal 0.000000000e+00 0.000000000e+00 1.000000000e+00
    outer loop
      vertex 0.000000000e+00 1.000000000e-02 6.500000000e-02
      vertex 5.886281631e-04 1.019269691e-03 6.500000000e-02
      vertex 1.174735730e-03 1.076996248e-03 6.500000000e-02
    endloop
  endfacet
  facet normal 1.628954734e-01 -9.866433321e-01 0.000000000e+00
    outer loop
      vertex 1.174735730e-03 1.076996248e-03 -1.000000000e-03
      vertex 1.755812898e-03 1.172932476e-03 -1.000000000e-03
      vertex 1.755812898e-03 1.172932476e-03 6.500000000e-02
    endloop
  endfacet
  facet normal 1.628954734e-01 -9.866433321e-01 0.000000000e+00
    outer loop
      vertex 1.174735730e-03 1.076996248e-03 -1.000000000e-03
      vertex 1.755812898e-03 1.172932476e-03 6.500000000e-02
      vertex 1.174735730e-03 1.076996248e-03 6.500000000e-02
    endloop
  endfacet
  facet normal 0.000000000e+00 0.000000000e+00 -1.000000000e+00
    outer loop
      vertex 0.000000000e+00 1.000000000e-02 -1.000000000e-03
      vertex 1.755812898e-03 1.172932476e-03 -1.000000000e-03
      vertex 1.174735730e-03 1.076996248e-03 -1.000000000e-03
    endloop
  endfacet
  facet normal 0.000000000e+00 0.000000000e+00 1.000000000e+00
    outer loop
      vertex 0.000000000e+00 1.000000000e-02 6.500000000e-02
      vertex 1.174735730e-03 1.076996248e-03 6.500000000e-02
      vertex 1.755812898e-03 1.172932476e-03 6.500000000e-02
    endloop
  endfacet
  facet normal 2.270762630e-01 -9.738769793e-01 0.000000000e+00
    outer loop
      vertex 1.755812898e-03 1.172932476e-03 -1.000000000e-03
      vertex 2.329371406e-03 1.306667563e-03 -1.000000000e-03
      vertex 2.329371406e-03 1.306667563e-03 6.500000000e-02
    endloop
  endfacet
  facet normal 2.270762630e-01 -9.738769793e-01 0.000000000e+00
    outer loop
      vertex 1.755812898e-03 1.172932476e-03 -1.000000000e-03
      vertex 2.329371406e-03 1.306667563e-03 6.500000000e-02
      vertex 1.755812898e-03 1.172932476e-03 6.500000000e-02
    endloop
  endfacet
  facet normal 0.000000000e+00 0.000000000e+00 -1.000000000e+00
    outer loop
      vertex 0.000000000e+00 1.000000000e-02 -1.000000000e-03
      vertex 2.329371406e-03 1.306667563e-03 -1.000000000e-03
      vertex 1.755812898e-03 1.172932476e-03 -1.000000000e-03
    endloop
  endfacet
  facet normal 0.000000000e+00 0.000000000e+00 1.000000000e+00
    outer loop
      vertex 0.000000000e+00 1.000000000e-02 6.500000000e-02
      vertex 1.755812898e-03 1.172932476e-03 6.500000000e-02
      vertex 2.329371406e-03 1.306667563e-03 6.500000000e-02
    endloop
  endfacet
  facet normal 2.902846773e-01 -9.569403357e-01 0.000000000e+00
    outer loop
      vertex 2.329371406e-03 1.306667563e-03 -1.000000000e-03
      vertex 2.892955188e-03 1.477628835e-03 -1.000000000e-03
      vertex 2.892955188e-03 1.477628835e-03 6.500000000e-02
    endloop
  endfacet
  facet normal 2.902846773e-01 -9.569403357e-01 0.000000000e+00
    outer loop
      vertex 2.329371406e-03 1.306667563e-03 -1.000000000e-03
      vertex 2.892955188e-03 1.477628835e-03 6.500000000e-02
      vertex 2.329371406e-03 1.306667563e-03 6.500000000e-02
    endloop
  endfacet
  facet normal 0.000000000e+00 0.000000000e+00 -1.000000000e+00
    outer loop
      vertex 0.000000000e+00 1.000000000e-02 -1.000000000e-03
      vertex 2.892955188e-03 1.477628835e-03 -1.000000000e-03
      vertex 2.329371406e-03 1.306667563e-03 -1.000000000e-03
    endloop
  endfacet
  facet normal 0.000000000e+00 0.000000000e+00 1.000000000e+00
    outer loop
      vertex 0.000000000e+00 1.000000000e-02 6.500000000e-02
      vertex 2.329371406e-03 1.306667563e-03 6.500000000e-02
      vertex 2.892955188e-03 1.477628835e-03 6.500000000e-02
    endloop
  endfacet
  facet normal 3.522500479e-01 -9.359059268e-01 0.000000000e+00
    outer loop
      vertex 2.892955188e-03 1.477628835e-03 -1.000000000e-03
      vertex 3.444150891e-03 1.685084207e-03 -1.000000000e-03
      vertex 3.444150891e-03 1.685084207e-03 6.500000000e-02
    endloop
  endfacet
  facet normal 3.522500479e-01 -9.359059268e-01 0.000000000e+00
    outer loop
      vertex 2.892955188e-03 1.477628835e-03 -1.000000000e-03
      vertex 3.444150891e-03 1.685084207e-03 6.500000000e-02
      vertex 2.892955188e-03 1.477628835e-03 6.500000000e-02
    endloop
  endfacet
  facet normal 0.000000000e+00 0.000000000e+00 -1.000000000e+00
    outer loop
      vertex 0.000000000e+00 1.000000000e-02 -1.000000000e-03
      vertex 3.444150891e-03 1.685084207e-03 -1.000000000e-03
      vertex 2.892955188e-03 1.477628835e-03 -1.000000000e-03
    endloop
  endfacet
  facet normal 0.000000000e+00 0.000000000e+00 1.000000000e+00
    outer loop
      vertex 0.000000000e+00 1.000000000e-02 6.500000000e-02
      vertex 2.892955188e-03 1.477628835e-03 6.500000000e-02
      vertex 3.444150891e-03 1.685084207e-03 6.500000000e-02
    endloop
  endfacet
  facet normal 4.127070298e-01 -9.108638249e-01 0.000000000e+00
    outer loop
      vertex 3.444150891e-03 1.685084207e-03 -1.000000000e-03
      vertex 3.980598212e-03 1.928145326e-03 -1.000000000e-03
      vertex 3.980598212e-03 1.928145326e-03 6.500000000e-02
    endloop
  endfacet
  facet normal 4.127070298e-01 -9.108638249e-01 0.000000000e+00
    outer loop
      vertex 3.444150891e-03 1.685084207e-03 -1.000000000e-03
      vertex 3.980598212e-03 1.928145326e-03 6.500000000e-02
      vertex 3.444150891e-03 1.685084207e-03 6.500000000e-02
    endloop
  endfacet
  facet normal 0.000000000e+00 0.000000000e+00 -1.000000000e+00
    outer loop
      vertex 0.000000000e+00 1.000000000e-02 -1.000000000e-03
      vertex 3.980598212e-03 1.928145326e-03 -1.000000000e-03
      vertex 3.444150891e-03 1.685084207e-03 -1.000000000e-03
    endloop
  endfacet
  facet normal 0.000000000e+00 0.000000000e+00 1.000000000e+00
    outer loop
      vertex 0.000000000e+00 1.000000000e-02 6.500000000e-02
      vertex 3.444150891e-03 1.685084207e-03 6.500000000e-02
      vertex 3.980598212e-03 1.928145326e-03 6.500000000e-02
    endloop
  endfacet
  facet normal 4.713967368e-01 -8.819212643e-01 0.000000000e+00
    outer loop
      vertex 3.980598212e-03 1.928145326e-03 -1.000000000e-03
      vertex 4.500000000e-03 2.205771366e-03 -1.000000000e-03
      vertex 4.500000000e-03 2.205771366e-03 6.500000000e-02
    endloop
  endfacet
  facet normal 4.713967368e-01 -8.819212643e-01 0.000000000e+00
    outer loop
      vertex 3.980598212e-03 1.928145326e-03 -1.000000000e-03
      vertex 4.500000000e-03 2.205771366e-03 6.500000000e-02
      vertex 3.980598212e-03 1.928145326e-03 6.500000000e-02
    endloop
  endfacet
  facet normal 0.000000000e+00 0.000000000e+00 -1.000000000e+00
    outer loop
      vertex 0.000000000e+00 1.000000000e-02 -1.000000000e-03
      vertex 4.500000000e-03 2.205771366e-03 -1.000000000e-03
      vertex 3.980598212e-03 1.928145326e-03 -1.000000000e-03
    endloop
  endfacet
  facet normal 0.000000000e+00 0.000000000e+00 1.000000000e+00
    outer loop
      vertex 0.000000000e+00 1.000000000e-02 6.500000000e-02
      vertex 3.980598212e-03 1.928145326e-03 6.500000000e-02
      vertex 4.500000000e-03 2.205771366e-03 6.500000000e-02
    endloop
  endfacet
  facet normal 5.280678507e-01 -8.492021815e-01 0.000000000e+00
    outer loop
      vertex 4.500000000e-03 2.205771366e-03 -1.000000000e-03
      vertex 5.000132097e-03 2.516773489e-03 -1.000000000e-03
      vertex 5.000132097e-03 2.516773489e-03 6.500000000e-02
    endloop
  endfacet
  facet normal 5.280678507e-01 -8.492021815e-01 0.000000000e+00
    outer loop
      vertex 4.500000000e-03 2.205771366e-03 -1.000000000e-03
      vertex 5.000132097e-03 2.516773489e-03 6.500000000e-02
      vertex 4.500000000e-03 2.205771366e-03 6.500000000e-02
    endloop
  endfacet
  facet normal 0.000000000e+00 0.000000000e+00 -1.000000000e+00
    outer loop
      vertex 0.000000000e+00 1.000000000e-02 -1.000000000e-03
      vertex 5.000132097e-03 2.516773489e-03 -1.000000000e-03
      vertex 4.500000000e-03 2.205771366e-03 -1.000000000e-03
    endloop
  endfacet
  facet normal 0.000000000e+00 0.000000000e+00 1.000000000e+00
    outer loop
      vertex 0.000000000e+00 1.000000000e-02 6.500000000e-02
      vertex 4.500000000e-03 2.205771366e-03 6.500000000e-02
      vertex 5.000132097e-03 2.516773489e-03 6.500000000e-02
    endloop
  endfacet
  facet normal 5.824776969e-01 -8.128466846e-01 0.000000000e+00
    outer loop
      vertex 5.000132097e-03 2.516773489e-03 -1.000000000e-03
      vertex 5.478852861e-03 2.859819937e-03 -1.000000000e-03
      vertex 5.478852861e-03 2.859819937e-03 6.500000000e-02
    endloop
  endfacet
  facet normal 5.824776969e-01 -8.128466846e-01 0.000000000e+00
    outer loop
      vertex 5.000132097e-03 2.516773489e-03 -1.000000000e-03
      vertex 5.478852861e-03 2.859819937e-03 6.500000000e-02
      vertex 5.000132097e-03 2.516773489e-03 6.500000000e-02
    endloop
  endfacet
  facet normal 0.000000000e+00 0.000000000e+00 -1.000000000e+00
    outer loop
      vertex 0.000000000e+00 1.000000000e-02 -1.000000000e-03
      vertex 5.478852861e-03 2.859819937e-03 -1.000000000e-03
      vertex 5.000132097e-03 2.516773489e-03 -1.000000000e-03
    endloop
  endfacet
  facet normal 0.000000000e+00 0.000000000e+00 1.000000000e+00
    outer loop
      vertex 0.000000000e+00 1.000000000e-02 6.500000000e-02
      vertex 5.000132097e-03 2.516773489e-03 6.500000000e-02
      vertex 5.478852861e-03 2.859819937e-03 6.500000000e-02
    endloop
  endfacet
  facet normal 6.343932842e-01 -7.730104534e-01 0.000000000e+00
    outer loop
      vertex 5.478852861e-03 2.859819937e-03 -1.000000000e-03
      vertex 5.934112336e-03 3.233441733e-03 -1.000000000e-03
      vertex 5.934112336e-03 3.233441733e-03 6.500000000e-02
    endloop
  endfacet
  facet normal 6.343932842e-01 -7.730104534e-01 0.000000000e+00
    outer loop
      vertex 5.478852861e-03 2.859819937e-03 -1.000000000e-03
      vertex 5.934112336e-03 3.233441733e-03 6.500000000e-02
      vertex 5.478852861e-03 2.859819937e-03 6.500000000e-02
    endloop
  endfacet
  facet normal 0.000000000e+00 0.000000000e+00 -1.000000000e+00
    outer loop
      vertex 0.000000000e+00 1.000000000e-02 -1.000000000e-03
      vertex 5.934112336e-03 3.233441733e-03 -1.000000000e-03
      vertex 5.478852861e-03 2.859819937e-03 -1.000000000e-03
    endloop
  endfacet
  facet normal 0.000000000e+00 0.000000000e+00 1.000000000e+00
    outer loop
      vertex 0.000000000e+00 1.000000000e-02 6.500000000e-02
      vertex 5.478852861e-03 2.859819937e-03 6.500000000e-02
      vertex 5.934112336e-03 3.233441733e-03 6.500000000e-02
    endloop
  endfacet
  facet normal 6.835923020e-01 -7.298640727e-01 0.000000000e+00
    outer loop
      vertex 5.934112336e-03 3.233441733e-03 -1.000000000e-03
      vertex 6.363961031e-03 3.636038969e-03 -1.000000000e-03
      vertex 6.363961031e-03 3.636038969e-03 6.500000000e-02
    endloop
  endfacet
  facet normal 6.835923020e-01 -7.298640727e-01 0.000000000e+00
    outer loop
      vertex 5.934112336e-03 3.233441733e-03 -1.000000000e-03
      vertex 6.363961031e-03 3.636038969e-03 6.500000000e-02
      vertex 5.934112336e-03 3.233441733e-03 6.500000000e-02
    endloop
  endfacet
  facet normal 0.000000000e+00 0.000000000e+00 -1.000000000e+00
    outer loop
      vertex 0.000000000e+00 1.000000000e-02 -1.000000000e-03
      vertex 6.363961031e-03 3.636038969e-03 -1.000000000e-03
      vertex 5.934112336e-03 3.233441733e-03 -1.000000000e-03
    endloop
  endfacet
  facet normal 0.000000000e+00 0.000000000e+00 1.000000000e+00
    outer loop
      vertex 0.000000000e+00 1.000000000e-02 6.500000000e-02
      vertex 5.934112336e-03 3.233441733e-03 6.500000000e-02
      vertex 6.363961031e-03 3.636038969e-03 6.500000000e-02
    endloop
  endfacet
  facet normal 7.298640727e-01 -6.835923020e-01 0.000000000e+00
    outer loop
      vertex 6.363961031e-03 3.636038969e-03 -1.000000000e-03
      vertex 6.766558267e-03 4.065887664e-03 -1.000000000e-03
      vertex 6.766558267e-03 4.065887664e-03 6.500000000e-02
    endloop
  endfacet
  facet normal 7.298640727e-01 -6.835923020e-01 0.000000000e+00
    outer loop
      vertex 6.363961031e-03 3.636038969e-03 -1.000000000e-03
      vertex 6.766558267e-03 4.065887664e-03 6.500000000e-02
      vertex 6.363961031e-03 3.636038969e-03 6.500000000e-02
    endloop
  endfacet
  facet normal 0.000000000e+00 0.000000000e+00 -1.000000000e+00
    outer loop
      vertex 0.000000000e+00 1.000000000e-02 -1.000000000e-03
      vertex 6.766558267e-03 4.065887664e-03 -1.000000000e-03
      vertex 6.363961031e-03 3.636038969e-03 -1.000000000e-03
    endloop
  endfacet
  facet normal 0.000000000e+00 0.000000000e+00 1.000000000e+00
    outer loop
      vertex 0.000000000e+00 1.000000000e-02 6.500000000e-02
      vertex 6.363961031e-03 3.636038969e-03 6.500000000e-02
      vertex 6.766558267e-03 4.065887664e-03 6.500000000e-02
    endloop
  endfacet
  facet normal 7.730104534e-01 -6.343932842e-01 0.000000000e+00
    outer loop
      vertex 6.766558267e-03 4.065887664e-03 -1.000000000e-03
      vertex 7.140180063e-03 4.521147139e-03 -1.000000000e-03
      vertex 7.140180063e-03 4.521147139e-03 6.500000000e-02
    endloop
  endfacet
  facet normal 7.730104534e-01 -6.343932842e-01 0.000000000e+00
    outer loop
      vertex 6.766558267e-03 4.065887664e-03 -1.000000000e-03
      vertex 7.140180063e-03 4.521147139e-03 6.500000000e-02
      vertex 6.766558267e-03 4.065887664e-03 6.500000000e-02
    endloop
  endfacet
  facet normal 0.000000000e+00 0.000000000e+00 -1.000000000e+00
    outer loop
      vertex 0.000000000e+00 1.000000000e-02 -1.000000000e-03
      vertex 7.140180063e-03 4.521147139e-03 -1.000000000e-03
      vertex 6.766558267e-03 4.065887664e-03 -1.000000000e-03
    endloop
  endfacet
  facet normal 0.000000000e+00 0.000000000e+00 1.000000000e+00
    outer loop
      vertex 0.000000000e+00 1.000000000e-02 6.500000000e-02
      vertex 6.766558267e-03 4.065887664e-03 6.500000000e-02
      vertex 7.140180063e-03 4.521147139e-03 6.500000000e-02
    endloop
  endfacet
  facet normal 8.128466846e-01 -5.824776969e-01 0.000000000e+00
    outer loop
      vertex 7.140180063e-03 4.521147139e-03 -1.000000000e-03
      vertex 7.483226511e-03 4.999867903e-03 -1.000000000e-03
      vertex 7.483226511e-03 4.999867903e-03 6.500000000e-02
    endloop
  endfacet
  facet normal 8.128466846e-01 -5.824776969e-01 0.000000000e+00
    outer loop
      vertex 7.140180063e-03 4.521147139e-03 -1.000000000e-03
      vertex 7.483226511e-03 4.999867903e-03 6.500000000e-02
      vertex 7.140180063e-03 4.521147139e-03 6.500000000e-02
    endloop
  endfacet
  facet normal 0.000000000e+00 0.000000000e+00 -1.000000000e+00
    outer loop
      vertex 0.000000000e+00 1.000000000e-02 -1.000000000e-03
      vertex 7.483226511e-03 4.999867903e-03 -1.000000000e-03
      vertex 7.140180063e-03 4.521147139e-03 -1.000000000e-03
    endloop
  endfacet
  facet normal 0.000000000e+00 0.000000000e+00 1.000000000e+00
    outer loop
      vertex 0.000000000e+00 1.000000000e-02 6.500000000e-02
      vertex 7.140180063e-03 4.521147139e-03 6.500000000e-02
      vertex 7.483226511e-03 4.999867903e-03 6.500000000e-02
    endloop
  endfacet
  facet normal 8.492021815e-01 -5.280678507e-01 0.000000000e+00
    outer loop
      vertex 7.483226511e-03 4.999867903e-03 -1.000000000e-03
      vertex 7.794228634e-03 5.500000000e-03 -1.000000000e-03
      vertex 7.794228634e-03 5.500000000e-03 6.500000000e-02
    endloop
  endfacet
  facet normal 8.492021815e-01 -5.280678507e-01 0.000000000e+00
    outer loop
      vertex 7.483226511e-03 4.999867903e-03 -1.000000000e-03
      vertex 7.794228634e-03 5.500000000e-03 6.500000000e-02
      vertex 7.483226511e-03 4.999867903e-03 6.500000000e-02
    endloop
  endfacet
  facet normal 0.000000000e+00 0.000000000e+00 -1.000000000e+00
    outer loop
      vertex 0.000000000e+00 1.000000000e-02 -1.000000000e-03
      vertex 7.794228634e-03 5.500000000e-03 -1.000000000e-03
      vertex 7.483226511e-03 4.999867903e-03 -1.000000000e-03
    endloop
  endfacet
  facet normal 0.000000000e+00 0.000000000e+00 1.000000000e+00
    outer loop
      vertex 0.000000000e+00 1.000000000e-02 6.500000000e-02
      vertex 7.483226511e-03 4.999867903e-03 6.500000000e-02
      vertex 7.794228634e-03 5.500000000e-03 6.500000000e-02
    endloop
  endfacet
  facet normal 8.819212643e-01 -4.713967368e-01 0.000000000e+00
    outer loop
      vertex 7.794228634e-03 5.500000000e-03 -1.000000000e-03
      vertex 8.071854674e-03 6.019401788e-03 -1.000000000e-03
      vertex 8.071854674e-03 6.019401788e-03 6.500000000e-02
    endloop
  endfacet
  facet normal 8.819212643e-01 -4.713967368e-01 0.000000000e+00
    outer loop
      vertex 7.794228634e-03 5.500000000e-03 -1.000000000e-03
      vertex 8.071854674e-03 6.019401788e-03 6.500000000e-02
      vertex 7.794228634e-03 5.500000000e-03 6.500000000e-02
    endloop
  endfacet
  facet normal 0.000000000e+00 0.000000000e+00 -1.000000000e+00
    outer loop
      vertex 0.000000000e+00 1.000000000e-02 -1.000000000e-03
      vertex 8.071854674e-03 6.019401788e-03 -1.000000000e-03
      vertex 7.794228634e-03 5.500000000e-03 -1.000000000e-03
    endloop
  endfacet
  facet normal 0.000000000e+00 0.000000000e+00 1.000000000e+00
    outer loop
      vertex 0.000000000e+00 1.000000000e-02 6.500000000e-02
      vertex 7.794228634e-03 5.500000000e-03 6.500000000e-02
      vertex 8.071854674e-03 6.019401788e-03 6.500000000e-02
    endloop
  endfacet
  facet normal 9.108638249e-01 -4.127070298e-01 0.000000000e+00
    outer loop
      vertex 8.071854674e-03 6.019401788e-03 -1.000000000e-03
      vertex 8.314915793e-03 6.555849109e-03 -1.000000000e-03
      vertex 8.314915793e-03 6.555849109e-03 6.500000000e-02
    endloop
  endfacet
  facet normal 9.108638249e-01 -4.127070298e-01 0.000000000e+00
    outer loop
      vertex 8.071854674e-03 6.019401788e-03 -1.000000000e-03
      vertex 8.314915793e-03 6.555849109e-03 6.500000000e-02
      vertex 8.071854674e-03 6.019401788e-03 6.500000000e-02
    endloop
  endfacet
  facet normal 0.000000000e+00 0.000000000e+00 -1.000000000e+00
    outer loop
      vertex 0.000000000e+00 1.000000000e-02 -1.000000000e-03
      vertex 8.314915793e-03 6.555849109e-03 -1.000000000e-03
      vertex 8.071854674e-03 6.019401788e-03 -1.000000000e-03
    endloop
  endfacet
  facet normal 0.000000000e+00 0.000000000e+00 1.000000000e+00
    outer loop
      vertex 0.000000000e+00 1.000000000e-02 6.500000000e-02
      vertex 8.071854674e-03 6.019401788e-03 6.500000000e-02
      vertex 8.314915793e-03 6.555849109e-03 6.500000000e-02
    endloop
  endfacet
  facet normal 9.359059268e-01 -3.522500479e-01 0.000000000e+00
    outer loop
      vertex 8.314915793e-03 6.555849109e-03 -1.000000000e-03
      vertex 8.522371165e-03 7.107044812e-03 -1.000000000e-03
      vertex 8.522371165e-03 7.107044812e-03 6.500000000e-02
    endloop
  endfacet
  facet normal 9.359059268e-01 -3.522500479e-01 0.000000000e+00
    outer loop
      vertex 8.314915793e-03 6.555849109e-03 -1.000000000e-03
      vertex 8.522371165e-03 7.107044812e-03 6.500000000e-02
      vertex 8.314915793e-03 6.555849109e-03 6.500000000e-02
    endloop
  endfacet
  facet normal 0.000000000e+00 0.000000000e+00 -1.000000000e+00
    outer loop
      vertex 0.000000000e+00 1.000000000e-02 -1.000000000e-03
      vertex 8.522371165e-03 7.107044812e-03 -1.000000000e-03
      vertex 8.314915793e-03 6.555849109e-03 -1.000000000e-03
    endloop
  endfacet
  facet normal 0.000000000e+00 0.000000000e+00 1.000000000e+00
    outer loop
      vertex 0.000000000e+00 1.000000000e-02 6.500000000e-02
      vertex 8.314915793e-03 6.555849109e-03 6.500000000e-02
      vertex 8.522371165e-03 7.107044812e-03 6.500000000e-02
    endloop
  endfacet
  facet normal 9.569403357e-01 -2.902846773e-01 0.000000000e+00
    outer loop
      vertex 8.522371165e-03 7.107044812e-03 -1.000000000e-03
      vertex 8.693332437e-03 7.670628594e-03 -1.000000000e-03
      vertex 8.693332437e-03 7.670628594e-03 6.500000000e-02
    endloop
  endfacet
  facet normal 9.569403357e-01 -2.902846773e-01 0.000000000e+00
    outer loop
      vertex 8.522371165e-03 7.107044812e-03 -1.000000000e-03
      vertex 8.693332437e-03 7.670628594e-03 6.500000000e-02
      vertex 8.522371165e-03 7.107044812e-03 6.500000000e-02
    endloop
  endfacet
  facet normal 0.000000000e+00 0.000000000e+00 -1.000000000e+00
    outer loop
      vertex 0.000000000e+00 1.000000000e-02 -1.000000000e-03
      vertex 8.693332437e-03 7.670628594e-03 -1.000000000e-03
      vertex 8.522371165e-03 7.107044812e-03 -1.000000000e-03
    endloop
  endfacet
  facet normal 0.000000000e+00 0.000000000e+00 1.000000000e+00
    outer loop
      vertex 0.000000000e+00 1.000000000e-02 6.500000000e-02
      vertex 8.522371165e-03 7.107044812e-03 6.500000000e-02
      vertex 8.693332437e-03 7.670628594e-03 6.500000000e-02
    endloop
  endfacet
  facet normal 9.738769793e-01 -2.270762630e-01 0.000000000e+00
    outer loop
      vertex 8.693332437e-03 7.670628594e-03 -1.000000000e-03
      vertex 8.827067524e-03 8.244187102e-03 -1.000000000e-03
      vertex 8.827067524e-03 8.244187102e-03 6.500000000e-02
    endloop
  endfacet
  facet normal 9.738769793e-01 -2.270762630e-01 0.000000000e+00
    outer loop
      vertex 8.693332437e-03 7.670628594e-03 -1.000000000e-03
      vertex 8.827067524e-03 8.244187102e-03 6.500000000e-02
      vertex 8.693332437e-03 7.670628594e-03 6.500000000e-02
    endloop
  endfacet
  facet normal 0.000000000e+00 0.000000000e+00 -1.000000000e+00
    outer loop
      vertex 0.000000000e+00 1.000000000e-02 -1.000000000e-03
      vertex 8.827067524e-03 8.244187102e-03 -1.000000000e-03
      vertex 8.693332437e-03 7.670628594e-03 -1.000000000e-03
    endloop
  endfacet
  facet normal 0.000000000e+00 0.000000000e+00 1.000000000e+00
    outer loop
      vertex 0.000000000e+00 1.000000000e-02 6.500000000e-02
      vertex 8.693332437e-03 7.670628594e-03 6.500000000e-02
      vertex 8.827067524e-03 8.244187102e-03 6.500000000e-02
    endloop
  endfacet
  facet normal 9.866433321e-01 -1.628954734e-01 0.000000000e+00
    outer loop
      vertex 8.827067524e-03 8.244187102e-03 -1.000000000e-03
      vertex 8.923003752e-03 8.825264270e-03 -1.000000000e-03
      vertex 8.923003752e-03 8.825264270e-03 6.500000000e-02
    endloop
  endfacet
  facet normal 9.866433321e-01 -1.628954734e-01 0.000000000e+00
    outer loop
      vertex 8.827067524e-03 8.244187102e-03 -1.000000000e-03
      vertex 8.923003752e-03 8.825264270e-03 6.500000000e-02
      vertex 8.827067524e-03 8.244187102e-03 6.500000000e-02
    endloop
  endfacet
  facet normal 0.000000000e+00 0.000000000e+00 -1.000000000e+00
    outer loop
      vertex 0.000000000e+00 1.000000000e-02 -1.000000000e-03
      vertex 8.923003752e-03 8.825264270e-03 -1.000000000e-03
      vertex 8.827067524e-03 8.244187102e-03 -1.000000000e-03
    endloop
  endfacet
  facet normal 0.000000000e+00 0.000000000e+00 1.000000000e+00
    outer loop
      vertex 0.000000000e+00 1.000000000e-02 6.500000000e-02
      vertex 8.827067524e-03 8.244187102e-03 6.500000000e-02
      vertex 8.923003752e-03 8.825264270e-03 6.500000000e-02
    endloop
  endfacet
  facet normal 9.951847267e-01 -9.801714033e-02 0.000000000e+00
    outer loop
      vertex 8.923003752e-03 8.825264270e-03 -1.000000000e-03
      vertex 8.980730309e-03 9.411371837e-03 -1.000000000e-03
      vertex 8.980730309e-03 9.411371837e-03 6.500000000e-02
    endloop
  endfacet
  facet normal 9.951847267e-01 -9.801714033e-02 0.000000000e+00
    outer loop
      vertex 8.923003752e-03 8.825264270e-03 -1.000000000e-03
      vertex 8.980730309e-03 9.411371837e-03 6.500000000e-02
      vertex 8.923003752e-03 8.825264270e-03 6.500000000e-02
    endloop
  endfacet
  facet normal 0.000000000e+00 0.000000000e+00 -1.000000000e+00
    outer loop
      vertex 0.000000000e+00 1.000000000e-02 -1.000000000e-03
      vertex 8.980730309e-03 9.411371837e-03 -1.000000000e-03
      vertex 8.923003752e-03 8.825264270e-03 -1.000000000e-03
    endloop
  endfacet
  facet normal 0.000000000e+00 0.000000000e+00 1.000000000e+00
    outer loop
      vertex 0.000000000e+00 1.000000000e-02 6.500000000e-02
      vertex 8.923003752e-03 8.825264270e-03 6.500000000e-02
      vertex 8.980730309e-03 9.411371837e-03 6.500000000e-02
    endloop
  endfacet
  facet normal 9.994645875e-01 -3.271908282e-02 0.000000000e+00
    outer loop
      vertex 8.980730309e-03 9.411371837e-03 -1.000000000e-03
      vertex 9.000000000e-03 1.000000000e-02 -1.000000000e-03
      vertex 9.000000000e-03 1.000000000e-02 6.500000000e-02
    endloop
  endfacet
  facet normal 9.994645875e-01 -3.271908282e-02 0.000000000e+00
    outer loop
      vertex 8.980730309e-03 9.411371837e-03 -1.000000000e-03
      vertex 9.000000000e-03 1.000000000e-02 6.500000000e-02
      vertex 8.980730309e-03 9.411371837e-03 6.500000000e-02
    endloop
  endfacet
  facet normal 0.000000000e+00 0.000000000e+00 -1.000000000e+00
    outer loop
      vertex 0.000000000e+00 1.000000000e-02 -1.000000000e-03
      vertex 9.000000000e-03 1.000000000e-02 -1.000000000e-03
      vertex 8.980730309e-03 9.411371837e-03 -1.000000000e-03
    endloop
  endfacet
  facet normal 0.000000000e+00 0.000000000e+00 1.000000000e+00
    outer loop
      vertex 0.000000000e+00 1.000000000e-02 6.500000000e-02
      vertex 8.980730309e-03 9.411371837e-03 6.500000000e-02
      vertex 9.000000000e-03 1.000000000e-02 6.500000000e-02
    endloop
  endfacet
endsolid cell4
