/*--------------------------------*- C++ -*----------------------------------*\
| =========                 |                                                 |
| \\      /  F ield         | OpenFOAM: The Open Source CFD Toolbox           |
|  \\    /   O peration     | Version:  2606                                  |
|   \\  /    A nd           | Website:  www.openfoam.com                      |
|    \\/     M anipulation  |                                                 |
\*---------------------------------------------------------------------------*/
FoamFile
{
    version     2.0;
    format      ascii;
    arch        "LSB;label=32;scalar=64";
    class       volScalarField;
    location    "10/cell3";
    object      T;
}
// * * * * * * * * * * * * * * * * * * * * * * * * * * * * * * * * * * * * * //

dimensions      [0 0 0 1 0 0 0];

internalField   nonuniform List<scalar> 
9262
(
298.47156
298.47571
298.46287
298.46154
298.48778
298.50369
298.50385
298.49526
298.479
298.46435
298.49972
298.50707
298.50919
298.50922
298.50721
298.49998
298.47858
298.48092
298.50612
298.5097
298.51057
298.51058
298.50975
298.50632
298.49543
298.46937
298.49034
298.50758
298.51023
298.51081
298.51082
298.51028
298.50785
298.50096
298.47897
298.48759
298.50596
298.50966
298.51055
298.51056
298.50974
298.50635
298.49924
298.47467
298.46855
298.49921
298.50693
298.5091
298.50913
298.50715
298.50035
298.4893
298.47588
298.49713
298.50326
298.50333
298.50184
298.49253
298.46263
298.46839
298.48673
298.48955
298.4792
298.46489
298.47134
298.47305
298.46602
298.46179
298.48784
298.50353
298.50357
298.49438
298.47873
298.46456
298.49973
298.50707
298.50917
298.50919
298.50714
298.50006
298.47874
298.48097
298.50613
298.5097
298.51057
298.51057
298.50974
298.50632
298.49546
298.4697
298.49037
298.50758
298.51023
298.51081
298.51082
298.51027
298.50778
298.50062
298.47633
298.48762
298.50595
298.50966
298.51055
298.51056
298.50973
298.5063
298.49914
298.47454
298.46862
298.49917
298.50692
298.5091
298.50913
298.50707
298.49991
298.48946
298.47543
298.49709
298.50328
298.50334
298.50179
298.49128
298.46411
298.46846
298.48674
298.48959
298.47931
298.4643
298.4715
298.47335
298.46672
298.46221
298.48793
298.50351
298.50351
298.49432
298.47874
298.46481
298.49975
298.50708
298.50917
298.50917
298.50712
298.50012
298.47895
298.48107
298.50614
298.5097
298.51057
298.51057
298.50974
298.50633
298.49552
298.47016
298.49041
298.50759
298.51023
298.51081
298.51082
298.51027
298.50776
298.50058
298.47642
298.48768
298.50596
298.50966
298.51055
298.51056
298.50972
298.5063
298.49915
298.47477
298.46871
298.49917
298.50692
298.50911
298.50913
298.50705
298.49988
298.48961
298.47552
298.49709
298.5033
298.50336
298.5018
298.4913
298.46478
298.46845
298.48676
298.48962
298.47947
298.46524
298.47166
298.47356
298.46652
298.46257
298.48803
298.50353
298.50355
298.49439
298.47887
298.4654
298.49977
298.50709
298.50917
298.50917
298.50713
298.50015
298.4791
298.48121
298.50614
298.50971
298.51057
298.51057
298.50974
298.50634
298.49556
298.47023
298.49046
298.50759
298.51023
298.51081
298.51082
298.51027
298.50777
298.5006
298.47658
298.48773
298.50596
298.50967
298.51055
298.51056
298.50972
298.50631
298.49917
298.47489
298.46884
298.49918
298.50693
298.50911
298.50913
298.50706
298.49993
298.48971
298.47555
298.49709
298.5033
298.50338
298.50182
298.49143
298.46529
298.46847
298.48679
298.48966
298.47963
298.4657
298.47167
298.47364
298.4663
298.46291
298.48812
298.50354
298.50357
298.49448
298.47895
298.46576
298.4998
298.5071
298.50917
298.50917
298.50714
298.50017
298.47922
298.48133
298.50615
298.50971
298.51057
298.51057
298.50974
298.50634
298.49558
298.47024
298.4905
298.50759
298.51023
298.51081
298.51082
298.51027
298.50778
298.50061
298.47668
298.48778
298.50596
298.50967
298.51055
298.51056
298.50973
298.50631
298.49918
298.47496
298.46898
298.49918
298.50693
298.50911
298.50913
298.50707
298.49997
298.48975
298.47561
298.49709
298.50331
298.50339
298.50184
298.49153
298.46571
298.4685
298.48681
298.48969
298.47976
298.46607
298.47174
298.47369
298.46608
298.46319
298.48823
298.50356
298.50358
298.49453
298.47906
298.46607
298.49982
298.5071
298.50917
298.50918
298.50715
298.50017
298.47927
298.48144
298.50615
298.50971
298.51057
298.51057
298.50974
298.50635
298.49558
298.47034
298.49054
298.50759
298.51023
298.51081
298.51082
298.51027
298.50778
298.50063
298.47673
298.48783
298.50597
298.50967
298.51056
298.51056
298.50973
298.50632
298.4992
298.47503
298.46908
298.49919
298.50693
298.50911
298.50913
298.50707
298.49999
298.48979
298.47567
298.4971
298.50331
298.50339
298.50185
298.4916
298.46589
298.46854
298.48682
298.48972
298.47991
298.46597
298.4719
298.47378
298.46617
298.46356
298.48833
298.50357
298.5036
298.49455
298.47914
298.46619
298.49984
298.5071
298.50917
298.50918
298.50715
298.50016
298.47932
298.48153
298.50616
298.50971
298.51057
298.51057
298.50974
298.50635
298.49557
298.47037
298.49057
298.5076
298.51023
298.51081
298.51082
298.51027
298.50778
298.50064
298.47676
298.48787
298.50597
298.50967
298.51055
298.51056
298.50973
298.50632
298.49921
298.47509
298.46921
298.49921
298.50693
298.50911
298.50913
298.50708
298.50002
298.48983
298.47567
298.49712
298.50331
298.5034
298.50186
298.49167
298.46587
298.4686
298.48685
298.48975
298.48006
298.466
298.47198
298.47389
298.46651
298.46392
298.48843
298.50358
298.50361
298.4946
298.47923
298.46623
298.49987
298.50711
298.50918
298.50918
298.50715
298.50016
298.47932
298.4816
298.50616
298.50971
298.51057
298.51057
298.50974
298.50635
298.49558
298.47012
298.49059
298.5076
298.51023
298.51081
298.51082
298.51027
298.50778
298.50064
298.47676
298.48791
298.50597
298.50967
298.51055
298.51056
298.50973
298.50632
298.49922
298.47513
298.46935
298.49921
298.50693
298.50911
298.50913
298.50709
298.50003
298.48985
298.47573
298.49712
298.50331
298.50341
298.50188
298.4917
298.46602
298.46859
298.48687
298.48978
298.48017
298.46613
298.47213
298.47402
298.46699
298.46395
298.48853
298.50359
298.50363
298.49465
298.4793
298.46642
298.49988
298.50711
298.50918
298.50918
298.50716
298.50018
298.47935
298.4817
298.50616
298.50971
298.51057
298.51057
298.50974
298.50635
298.49558
298.47003
298.49062
298.5076
298.51023
298.51081
298.51082
298.51027
298.50779
298.50065
298.47677
298.48794
298.50597
298.50967
298.51055
298.51056
298.50973
298.50632
298.49922
298.47521
298.46944
298.49921
298.50693
298.50911
298.50913
298.50709
298.50004
298.48986
298.4758
298.49713
298.50331
298.50341
298.50189
298.49173
298.46602
298.46873
298.48689
298.48982
298.48028
298.46609
298.47222
298.47417
298.46746
298.46419
298.48861
298.50361
298.50364
298.4947
298.47937
298.4665
298.49991
298.50712
298.50918
298.50919
298.50716
298.50017
298.47934
298.48178
298.50617
298.50971
298.51057
298.51057
298.50974
298.50635
298.49558
298.47014
298.49063
298.5076
298.51023
298.51081
298.51082
298.51027
298.50779
298.50065
298.47676
298.48796
298.50598
298.50967
298.51055
298.51056
298.50973
298.50632
298.49923
298.47529
298.46953
298.49922
298.50693
298.50911
298.50913
298.50709
298.50004
298.48987
298.47579
298.49713
298.50331
298.50342
298.5019
298.49173
298.46608
298.46884
298.4869
298.48985
298.48042
298.46602
298.4723
298.47434
298.46754
298.46445
298.48868
298.50362
298.50365
298.49474
298.47937
298.4664
298.49991
298.50712
298.50918
298.50919
298.50716
298.50018
298.47935
298.48185
298.50617
298.50971
298.51057
298.51057
298.50974
298.50635
298.49559
298.47003
298.49064
298.5076
298.51023
298.51081
298.51081
298.51027
298.50779
298.50065
298.47675
298.48797
298.50598
298.50966
298.51055
298.51056
298.50973
298.50632
298.49923
298.47532
298.46958
298.49924
298.50694
298.50911
298.50913
298.50709
298.50005
298.48988
298.47584
298.49714
298.50332
298.50343
298.50191
298.49173
298.46614
298.4688
298.48691
298.48989
298.48051
298.4661
298.47246
298.47451
298.46777
298.4645
298.48873
298.50362
298.50366
298.49478
298.47942
298.46667
298.49992
298.50712
298.50918
298.50919
298.50716
298.50018
298.4794
298.48189
298.50617
298.50971
298.51056
298.51057
298.50974
298.50634
298.4956
298.47003
298.49065
298.5076
298.51023
298.51081
298.51081
298.51026
298.50778
298.50065
298.47673
298.488
298.50598
298.50966
298.51055
298.51056
298.50973
298.50632
298.49923
298.47537
298.46973
298.49924
298.50694
298.50911
298.50913
298.50709
298.50005
298.48987
298.47593
298.49716
298.50332
298.50343
298.50192
298.49173
298.4661
298.4689
298.48693
298.48992
298.48055
298.46622
298.47261
298.47467
298.46779
298.46459
298.48878
298.50363
298.50366
298.4948
298.47939
298.46661
298.49993
298.50712
298.50918
298.50918
298.50716
298.50017
298.47938
298.48188
298.50617
298.5097
298.51056
298.51056
298.50974
298.50634
298.4956
298.47007
298.49067
298.50759
298.51023
298.5108
298.51081
298.51026
298.50778
298.50065
298.47673
298.48804
298.50598
298.50966
298.51055
298.51055
298.50972
298.50632
298.49923
298.47537
298.46993
298.49925
298.50694
298.50911
298.50913
298.50709
298.50005
298.48989
298.47595
298.49717
298.50333
298.50344
298.50192
298.49172
298.4661
298.46899
298.48696
298.48995
298.48057
298.46616
298.47278
298.47481
298.4679
298.46459
298.48881
298.50363
298.50367
298.49483
298.47939
298.46671
298.49993
298.50712
298.50917
298.50918
298.50716
298.50017
298.47939
298.48184
298.50616
298.5097
298.51055
298.51056
298.50973
298.50634
298.4956
298.47041
298.49068
298.50759
298.51022
298.5108
298.5108
298.51025
298.50778
298.50065
298.47673
298.48806
298.50597
298.50965
298.51054
298.51055
298.50972
298.50631
298.49923
298.47543
298.47008
298.49925
298.50693
298.5091
298.50912
298.50709
298.50005
298.48987
298.47595
298.49718
298.50333
298.50344
298.50193
298.49172
298.46599
298.46906
298.487
298.48998
298.48062
298.46601
298.47292
298.47493
298.4681
298.46466
298.48883
298.50363
298.50367
298.49484
298.47941
298.46674
298.49992
298.50711
298.50916
298.50917
298.50716
298.50017
298.47939
298.48184
298.50616
298.50969
298.51055
298.51055
298.50972
298.50633
298.4956
298.47029
298.49067
298.50758
298.51021
298.51079
298.51079
298.51025
298.50777
298.50065
298.47672
298.48808
298.50597
298.50965
298.51053
298.51054
298.50971
298.5063
298.49922
298.47547
298.47016
298.49926
298.50693
298.50909
298.50912
298.50708
298.50003
298.48982
298.47603
298.49719
298.50333
298.50344
298.50193
298.49171
298.46595
298.46921
298.48704
298.49002
298.48062
298.46575
298.47301
298.47503
298.46826
298.46488
298.48884
298.50363
298.50367
298.49489
298.47945
298.46656
298.4999
298.5071
298.50915
298.50916
298.50715
298.50017
298.47936
298.48182
298.50615
298.50968
298.51053
298.51054
298.50971
298.50632
298.4956
298.47045
298.49067
298.50757
298.5102
298.51078
298.51078
298.51023
298.50776
298.50064
298.4767
298.48808
298.50596
298.50963
298.51052
298.51053
298.5097
298.50629
298.49921
298.47545
298.47025
298.49926
298.50692
298.50908
298.5091
298.50707
298.50002
298.48982
298.47612
298.49721
298.50332
298.50343
298.50192
298.49169
298.46591
298.46936
298.48709
298.49005
298.48067
298.466
298.47312
298.47514
298.46826
298.46481
298.48885
298.50362
298.50366
298.49487
298.47943
298.4664
298.49991
298.50708
298.50913
298.50914
298.50713
298.50016
298.47936
298.4818
298.50613
298.50966
298.51051
298.51052
298.50969
298.5063
298.49559
298.47038
298.49065
298.50755
298.51018
298.51076
298.51076
298.51021
298.50774
298.50062
298.47667
298.48807
298.50595
298.50962
298.5105
298.51051
298.50968
298.50628
298.4992
298.47544
298.47026
298.49926
298.50691
298.50906
298.50909
298.50705
298.50001
298.48982
298.47616
298.49722
298.50331
298.50342
298.50191
298.49169
298.46589
298.46957
298.48713
298.49007
298.48065
298.46585
298.47318
298.47521
298.46853
298.46476
298.48884
298.5036
298.50365
298.49491
298.47941
298.46631
298.49989
298.50706
298.50911
298.50912
298.50711
298.50014
298.47933
298.48178
298.5061
298.50963
298.51049
298.51049
298.50966
298.50628
298.49557
298.47017
298.49063
298.50753
298.51015
298.51073
298.51073
298.51019
298.50771
298.50059
298.47663
298.48806
298.50593
298.50959
298.51047
298.51048
298.50965
298.50625
298.49917
298.47544
298.47035
298.49926
298.50689
298.50904
298.50906
298.50703
298.49999
298.48979
298.47627
298.49722
298.5033
298.50339
298.50189
298.49167
298.46572
298.46974
298.48717
298.49008
298.48066
298.46598
298.47327
298.47526
298.4686
298.46487
298.48885
298.50358
298.50362
298.49489
298.47936
298.46637
298.49985
298.50702
298.50907
298.50908
298.50707
298.5001
298.47927
298.48178
298.50607
298.50959
298.51044
298.51045
298.50962
298.50624
298.49555
298.4703
298.49061
298.50749
298.51011
298.51069
298.51069
298.51015
298.50767
298.50056
298.4766
298.48805
298.50589
298.50955
298.51043
298.51044
298.50961
298.50621
298.49914
298.47545
298.47041
298.49924
298.50686
298.509
298.50902
298.50699
298.49995
298.48976
298.47628
298.49725
298.50328
298.50336
298.50186
298.49163
298.46571
298.47005
298.48719
298.49007
298.48064
298.46579
298.47332
298.47528
298.46841
298.46501
298.48884
298.50354
298.50358
298.49486
298.47932
298.46663
298.4998
298.50697
298.50902
298.50903
298.50702
298.50006
298.47925
298.48178
298.50601
298.50954
298.51039
298.51039
298.50957
298.50619
298.4955
298.47023
298.49057
298.50744
298.51006
298.51063
298.51063
298.51009
298.50762
298.50051
298.47656
298.48802
298.50585
298.5095
298.51037
298.51038
298.50955
298.50616
298.4991
298.47539
298.47042
298.49921
298.50681
298.50895
298.50897
298.50694
298.49991
298.48974
298.47631
298.49724
298.50323
298.50331
298.50182
298.4916
298.46571
298.47023
298.4872
298.49004
298.48062
298.46571
298.47337
298.47528
298.46833
298.46492
298.4888
298.50347
298.50351
298.49484
298.47927
298.46675
298.49974
298.5069
298.50894
298.50895
298.50695
298.5
298.47922
298.48175
298.50594
298.50946
298.51031
298.51031
298.50949
298.50611
298.49543
298.47028
298.49051
298.50736
298.50998
298.51055
298.51055
298.51001
298.50754
298.50045
298.4765
298.48797
298.50577
298.50942
298.51029
298.5103
298.50947
298.50608
298.49903
298.47533
298.4704
298.49915
298.50674
298.50887
298.50889
298.50686
298.49984
298.48968
298.47636
298.49721
298.50317
298.50325
298.50176
298.49154
298.4657
298.47041
298.48721
298.48999
298.4806
298.46577
298.47339
298.47528
298.46846
298.46473
298.48874
298.50338
298.50342
298.49478
298.47923
298.46654
298.49965
298.5068
298.50883
298.50884
298.50685
298.4999
298.47911
298.48167
298.50584
298.50935
298.51019
298.5102
298.50938
298.50601
298.49534
298.46987
298.49041
298.50725
298.50986
298.51043
298.51044
298.5099
298.50743
298.50036
298.47641
298.48789
298.50567
298.50931
298.51018
298.51019
298.50936
298.50598
298.49895
298.47528
298.47047
298.49908
298.50664
298.50876
298.50878
298.50676
298.49974
298.48959
298.47641
298.49716
298.50308
298.50315
298.50167
298.49146
298.46562
298.47073
298.48719
298.48992
298.48052
298.46565
298.47342
298.47525
298.46841
298.46455
298.48863
298.50325
298.50329
298.49466
298.47914
298.46616
298.49952
298.50666
298.50868
298.50869
298.5067
298.49977
298.47908
298.48151
298.5057
298.5092
298.51004
298.51004
298.50923
298.50587
298.49523
298.46977
298.4903
298.50711
298.50971
298.51028
298.51028
298.50974
298.50729
298.50023
298.4763
298.48779
298.50553
298.50916
298.51003
298.51003
298.50921
298.50584
298.49882
298.47514
298.47044
298.49896
298.5065
298.50862
298.50863
298.50661
298.49961
298.48947
298.47637
298.49708
298.50295
298.50301
298.50155
298.49136
298.46562
298.47095
298.48712
298.48981
298.48043
298.46552
298.47331
298.47514
298.46825
298.4646
298.48848
298.50307
298.50311
298.49451
298.47902
298.46605
298.49934
298.50646
298.50848
298.50849
298.5065
298.49959
298.47897
298.48132
298.5055
298.509
298.50983
298.50983
298.50902
298.50567
298.49505
298.46978
298.49013
298.50691
298.50951
298.51007
298.51007
298.50953
298.50709
298.50006
298.47617
298.48765
298.50534
298.50896
298.50982
298.50982
298.509
298.50564
298.49865
298.47497
298.47037
298.4988
298.50632
298.50842
298.50843
298.50642
298.49943
298.48931
298.47634
298.49696
298.50278
298.50283
298.50138
298.49121
298.46538
298.47103
298.48702
298.48966
298.4803
298.46532
298.47318
298.47498
298.46824
298.46441
298.48829
298.50283
298.50286
298.49432
298.4789
298.46586
298.49911
298.5062
298.50821
298.50822
298.50624
298.49936
298.47877
298.48111
298.50524
298.50872
298.50955
298.50955
298.50874
298.50541
298.49484
298.46957
298.4899
298.50665
298.50923
298.50979
298.50978
298.50925
298.50682
298.49983
298.47597
298.48743
298.50509
298.50869
298.50954
298.50954
298.50873
298.50538
298.49842
298.47475
298.47032
298.49858
298.50606
298.50815
298.50815
298.50615
298.4992
298.48912
298.47622
298.49678
298.50254
298.50258
298.50115
298.491
298.46514
298.47104
298.48686
298.48945
298.48013
298.46507
298.47298
298.47474
298.46801
298.46414
298.488
298.5025
298.50253
298.49404
298.47866
298.46583
298.49878
298.50586
298.50785
298.50785
298.50589
298.49905
298.47854
298.48085
298.5049
298.50836
298.50918
298.50918
298.50837
298.50507
298.49456
298.46945
298.4896
298.5063
298.50887
298.50941
298.50941
298.50888
298.50647
298.49952
298.4757
298.48715
298.50475
298.50833
298.50917
298.50917
298.50836
298.50504
298.49811
298.47447
298.47001
298.49828
298.50572
298.50779
298.50779
298.5058
298.49889
298.48886
298.47602
298.49651
298.50221
298.50225
298.50084
298.49072
298.4652
298.47089
298.48663
298.48919
298.47983
298.46481
298.47267
298.4744
298.46749
298.46384
298.48763
298.50207
298.50209
298.49367
298.47831
298.46559
298.49836
298.50541
298.50738
298.50738
298.50543
298.49863
298.47826
298.48045
298.50445
298.50789
298.5087
298.50869
298.50789
298.50461
298.49418
298.46913
298.48921
298.50584
298.50839
298.50893
298.50892
298.50839
298.506
298.49912
298.47537
298.48677
298.5043
298.50785
298.50869
298.50868
298.50788
298.50458
298.49772
298.47409
298.4697
298.49787
298.50527
298.50732
298.50732
298.50535
298.49847
298.48852
298.47573
298.49614
298.50179
298.50181
298.50044
298.49036
298.46488
298.47067
298.4863
298.48882
298.47952
298.46453
298.47226
298.47399
298.46679
298.46322
298.48715
298.50151
298.50153
298.49315
298.47788
298.46505
298.49781
298.50482
298.50677
298.50676
298.50483
298.4981
298.47779
298.47998
298.50387
298.50727
298.50807
298.50806
298.50726
298.50402
298.49369
298.46876
298.4887
298.50525
298.50777
298.5083
298.50828
298.50776
298.5054
298.4986
298.47495
298.48625
298.50373
298.50724
298.50806
298.50805
298.50725
298.50399
298.4972
298.47364
298.46925
298.49733
298.50469
298.50671
298.5067
298.50475
298.49794
298.48802
298.47528
298.49565
298.50123
298.50125
298.49992
298.4899
298.46451
298.47031
298.48586
298.48835
298.47911
298.46413
298.47178
298.47343
298.46613
298.46263
298.48653
298.5008
298.50081
298.49252
298.47731
298.46435
298.49712
298.50407
298.50599
298.50597
298.50405
298.49741
298.47726
298.4793
298.50313
298.50649
298.50727
298.50725
298.50646
298.50326
298.49305
298.46805
298.48804
298.50449
298.50698
298.50749
298.50747
298.50696
298.50462
298.49793
298.47441
298.48559
298.50298
298.50646
298.50726
298.50724
298.50645
298.50323
298.49653
298.47306
298.46868
298.49664
298.50394
298.50592
298.5059
298.50398
298.49726
298.48743
298.47483
298.49502
298.50052
298.50052
298.49924
298.4893
298.46402
298.46983
298.48527
298.48776
298.47855
298.46362
298.47117
298.47272
298.46621
298.46194
298.48572
298.4999
298.49989
298.49171
298.47659
298.46347
298.49623
298.50311
298.50499
298.50496
298.50306
298.49652
298.4766
298.47845
298.50218
298.50549
298.50626
298.50622
298.50543
298.50229
298.49224
298.46741
298.48719
298.50352
298.50597
298.50648
298.50644
298.50593
298.50363
298.49707
298.47372
298.48473
298.50203
298.50546
298.50625
298.50622
298.50542
298.50226
298.49568
298.47234
298.46795
298.49576
298.50298
298.50492
298.50489
298.503
298.49639
298.48668
298.4741
298.49418
298.4996
298.49959
298.49837
298.48852
298.4635
298.46905
298.48452
298.487
298.47779
298.46316
298.47031
298.4718
298.46528
298.46113
298.48465
298.49873
298.49871
298.49065
298.47571
298.46242
298.49508
298.50191
298.50374
298.50369
298.50182
298.49539
298.47579
298.47733
298.50097
298.50424
298.505
298.50495
298.50414
298.50105
298.49117
298.46664
298.48608
298.50229
298.50472
298.50521
298.50516
298.50465
298.50236
298.49595
298.47285
298.48357
298.50082
298.50421
298.505
298.50494
298.50414
298.50103
298.49456
298.47149
298.46706
298.49462
298.50178
298.50367
298.50362
298.50177
298.49527
298.48566
298.47324
298.49313
298.49842
298.49839
298.49726
298.48752
298.46304
298.46827
298.48351
298.48597
298.47678
298.46249
298.46907
298.4704
298.46391
298.45997
298.48304
298.49276
298.49466
298.48921
298.47437
298.461
298.48541
298.49761
298.50128
298.50164
298.5001
298.49413
298.47458
298.47572
298.49615
298.502
298.50349
298.50367
298.50288
298.50007
298.48971
298.46555
298.48442
298.49917
298.50307
298.50396
298.50401
298.50368
298.50179
298.49444
298.47159
298.4818
298.49828
298.50268
298.50387
298.50395
298.5035
298.50066
298.49302
298.47024
298.4659
298.49232
298.50038
298.50277
298.50305
298.50137
298.49592
298.48411
298.4719
298.49177
298.49791
298.49809
298.49585
298.4861
298.46233
298.46701
298.48191
298.4844
298.4753
298.46152
298.46672
298.46792
298.46133
298.45762
298.4817
298.49084
298.49261
298.48712
298.4723
298.45927
298.48309
298.49592
298.49954
298.49987
298.49823
298.49204
298.47249
298.47324
298.4944
298.50026
298.5017
298.50185
298.50105
298.49819
298.48762
298.46323
298.48186
298.49742
298.50128
298.50213
298.50217
298.50182
298.50001
298.49251
298.46932
298.47989
298.49644
298.50093
298.50205
298.50211
298.50163
298.49909
298.49104
298.46788
298.46314
298.49006
298.49859
298.50098
298.50125
298.49976
298.49474
298.48273
298.46948
298.48994
298.49614
298.49656
298.49406
298.48387
298.46
298.46455
298.48047
298.48228
298.47303
298.45941
298.45832
298.46161
298.46542
298.47408
298.46806
298.4815
298.48283
298.46649
298.48278
298.48081
298.47405
298.46588
298.46101
298.45748
298.47058
298.47089
298.48347
298.46059
298.48442
298.4729
298.46094
298.47048
298.46514
298.48116
298.46166
298.48258
298.46742
298.45989
298.46486
298.468
298.4665
298.46629
298.46923
298.46436
298.45844
298.46314
298.48056
298.45749
298.46915
298.46766
298.47207
298.46184
298.45562
298.48273
298.45561
298.4694
298.47211
298.47128
298.45924
298.45701
298.47314
298.46026
298.48198
298.46476
298.46633
298.4807
298.46705
298.46555
298.46449
298.45971
298.46158
298.46174
298.46506
298.46939
298.47988
298.46505
298.46948
298.4799
298.4755
298.48772
298.49113
298.47139
298.47346
298.48755
298.49037
298.47156
298.49125
298.48814
298.47375
298.47172
298.49048
298.48781
298.48096
298.47571
298.46488
298.48043
298.47198
298.47001
298.46679
298.46206
298.46221
298.4766
298.47733
298.49099
298.4617
298.47662
298.47726
298.49096
298.46398
298.49187
298.47864
298.47887
298.46434
298.49178
298.47874
298.46433
298.46455
298.47731
298.47156
298.48876
298.46442
298.47733
298.47163
298.48876
298.46608
298.48958
298.47362
298.47867
298.46634
298.48963
298.47374
298.46595
298.47191
298.46612
298.47199
298.49468
298.48828
298.49849
298.48092
298.49467
298.48828
298.49849
298.48271
298.49931
298.49009
298.49544
298.48273
298.49925
298.48988
298.47535
298.46957
298.47516
298.47344
298.47315
298.47352
298.47328
298.49992
298.49014
298.4998
298.49035
298.49992
298.49017
298.49981
298.49301
298.50095
298.49293
298.5008
298.49221
298.50077
298.49213
298.47865
298.4771
298.47676
298.47099
298.46337
298.47113
298.46374
298.49811
298.47918
298.49384
298.48761
298.49811
298.47915
298.4938
298.48987
298.49526
298.48236
298.49921
298.48966
298.49528
298.48238
298.46852
298.47454
298.46883
298.48731
298.46198
298.4754
298.46861
298.48731
298.46206
298.47542
298.47292
298.47782
298.46443
298.4894
298.47318
298.47806
298.46507
298.45943
298.45958
298.49025
298.45931
298.47535
298.47552
298.49013
298.45946
298.47537
298.48129
298.47779
298.46244
298.49175
298.47875
298.4779
298.46329
298.46371
298.46047
298.46059
298.47888
298.46356
298.46844
298.47885
298.46365
298.48939
298.47007
298.47204
298.48673
298.48942
298.47015
298.47215
298.48701
298.47251
298.47084
298.48957
298.48704
298.47259
298.47091
298.46939
298.46386
298.47927
298.46932
298.46406
298.46392
298.4619
298.46239
298.4653
298.46961
298.47994
298.46521
298.46973
298.48
298.4727
298.48747
298.48991
298.47146
298.47276
298.4875
298.48982
298.472
298.49002
298.48765
298.47322
298.47223
298.48994
298.48768
298.48017
298.46996
298.46654
298.48018
298.46961
298.46528
298.46507
298.46229
298.46249
298.47669
298.47734
298.49098
298.4621
298.47677
298.47731
298.49099
298.46467
298.49175
298.4789
298.47869
298.46501
298.49179
298.47905
298.46483
298.46518
298.47735
298.47176
298.48877
298.4647
298.4774
298.47192
298.4888
298.46665
298.4897
298.47392
298.47887
298.46659
298.48977
298.47407
298.46622
298.47206
298.46651
298.47206
298.49468
298.4883
298.49849
298.481
298.49469
298.4883
298.4985
298.48278
298.4992
298.48976
298.49551
298.48283
298.49919
298.48974
298.47515
298.47001
298.47523
298.47357
298.47334
298.47365
298.47341
298.49993
298.49019
298.49981
298.49039
298.49993
298.49021
298.49982
298.49172
298.50062
298.49164
298.50058
298.49158
298.50056
298.49151
298.47603
298.47632
298.476
298.47118
298.46389
298.47126
298.46402
298.49811
298.47918
298.4938
298.48765
298.49812
298.47923
298.49382
298.48956
298.49533
298.48249
298.49914
298.48958
298.49538
298.48259
298.46925
298.47469
298.46951
298.48733
298.46201
298.47546
298.46869
298.48733
298.46216
298.47547
298.47349
298.47827
298.46559
298.48959
298.47374
298.47839
298.46605
298.45953
298.45956
298.49009
298.45942
298.47539
298.47545
298.49008
298.45948
298.4754
298.47787
298.47795
298.46371
298.49121
298.47781
298.47808
298.46409
298.46446
298.46066
298.46075
298.47888
298.46381
298.46845
298.4789
298.46382
298.48944
298.47017
298.47219
298.48675
298.48945
298.47023
298.47223
298.48707
298.47264
298.47098
298.4896
298.48711
298.4727
298.47105
298.46944
298.46416
298.47944
298.46962
298.46437
298.46492
298.46237
298.46249
298.46532
298.46985
298.48007
298.46555
298.46995
298.48013
298.4729
298.48755
298.48989
298.47161
298.47302
298.48759
298.48995
298.4724
298.49001
298.48775
298.47351
298.47248
298.49007
298.48781
298.48024
298.46986
298.46679
298.48029
298.47005
298.46554
298.46583
298.46265
298.46288
298.47685
298.47741
298.49103
298.46235
298.4769
298.47751
298.49105
298.46532
298.49183
298.47913
298.47881
298.46553
298.49188
298.47925
298.46547
298.46565
298.47748
298.47205
298.48884
298.46506
298.47757
298.47224
298.48887
298.46702
298.48983
298.47417
298.47904
298.46727
298.48986
298.47423
298.46662
298.47218
298.46684
298.47228
298.49471
298.48833
298.49851
298.48114
298.49473
298.48837
298.49852
298.4829
298.49919
298.48978
298.49556
298.48295
298.49921
298.48982
298.47532
298.47016
298.47538
298.47373
298.4735
298.47382
298.47358
298.49994
298.49024
298.49983
298.49044
298.49995
298.49026
298.49983
298.49165
298.50054
298.49158
298.50059
298.4917
298.50056
298.49163
298.47612
298.47654
298.47622
298.4714
298.4643
298.47147
298.46423
298.49813
298.47925
298.49382
298.4877
298.49814
298.47932
298.49384
298.48963
298.49543
298.48268
298.49916
298.48967
298.49546
298.48275
298.46975
298.47487
298.46984
298.48734
298.46227
298.47549
298.46877
298.48736
298.46232
298.47554
298.47393
298.4785
298.4664
298.4897
298.47402
298.47859
298.46658
298.45966
298.45982
298.49008
298.45956
298.47542
298.47552
298.49008
298.4597
298.47544
298.47813
298.47818
298.46442
298.49137
298.47837
298.47827
298.46466
298.46506
298.46086
298.46075
298.47892
298.4637
298.46846
298.47892
298.46377
298.48947
298.47025
298.47227
298.48677
298.48947
298.47029
298.4723
298.48715
298.47275
298.47117
298.48964
298.48718
298.4728
298.47125
298.46979
298.46437
298.47956
298.46991
298.46459
298.46549
298.46243
298.46275
298.4658
298.47002
298.48016
298.46574
298.47012
298.48023
298.47311
298.48762
298.49
298.47166
298.47316
298.48765
298.49003
298.4725
298.49012
298.48786
298.47362
298.47243
298.49015
298.48789
298.48036
298.47021
298.46644
298.48042
298.47035
298.4661
298.46629
298.46308
298.46323
298.47701
298.47758
298.49109
298.46273
298.47707
298.47772
298.49112
298.46564
298.4919
298.47928
298.4789
298.46573
298.49192
298.47937
298.46584
298.46604
298.47768
298.47239
298.48891
298.46561
298.47775
298.47257
298.48897
298.4675
298.48989
298.47429
298.47918
298.46734
298.48991
298.47431
298.46706
298.47236
298.46714
298.47242
298.49474
298.48839
298.49853
298.48129
298.49478
298.48842
298.49854
298.48299
298.49922
298.48985
298.49557
298.48301
298.49923
298.48987
298.47541
298.47019
298.47545
298.4739
298.47366
298.47397
298.47373
298.49996
298.49028
298.49984
298.49048
298.49996
298.4903
298.49985
298.49175
298.50057
298.49168
298.50061
298.49178
298.50058
298.49171
298.4763
298.47665
298.47636
298.47154
298.46429
298.47166
298.46451
298.49814
298.47933
298.49385
298.48776
298.49815
298.47937
298.49385
298.48972
298.49549
298.48281
298.49917
298.48974
298.4955
298.48284
298.4698
298.47491
298.46977
298.48739
298.46243
298.47558
298.46891
298.48741
298.46257
298.47561
298.47409
298.47868
298.46674
298.48974
298.47414
298.47876
298.46679
298.45992
298.45983
298.49009
298.45976
298.47546
298.47568
298.49011
298.45966
298.47545
298.47855
298.47835
298.46489
298.49148
298.4787
298.47845
298.46509
298.46551
298.46087
298.46083
298.47893
298.4639
298.46848
298.47899
298.46389
298.48948
298.47035
298.47233
298.4868
298.48949
298.47033
298.47235
298.48722
298.47286
298.47137
298.48968
298.48726
298.47291
298.47149
298.47009
298.46479
298.47969
298.47018
298.46499
298.46597
298.46264
298.46289
298.46583
298.47026
298.48029
298.46582
298.47045
298.48036
298.47319
298.48766
298.49005
298.47174
298.47321
298.48769
298.49007
298.47245
298.49018
298.48791
298.47366
298.47245
298.4902
298.48792
298.48045
298.47046
298.46599
298.48046
298.47054
298.46632
298.46643
298.46345
298.46371
298.47717
298.47778
298.49116
298.46305
298.47726
298.47789
298.4912
298.4658
298.49193
298.47939
298.47901
298.46581
298.49195
298.47945
298.46614
298.46612
298.47787
298.47271
298.48903
298.46592
298.47796
298.4728
298.48907
298.46751
298.48992
298.47435
298.47928
298.46767
298.48993
298.47436
298.46724
298.47251
298.46738
298.4726
298.4948
298.48845
298.49855
298.4814
298.49482
298.48849
298.49856
298.483
298.49923
298.48988
298.49557
298.483
298.49923
298.48988
298.47548
298.47029
298.47549
298.47403
298.4738
298.47408
298.47385
298.49997
298.49032
298.49985
298.49052
298.49998
298.49034
298.49986
298.4918
298.50059
298.49174
298.50062
298.49182
298.5006
298.49176
298.4764
298.47671
298.47645
298.47173
298.46446
298.47177
298.46458
298.49816
298.4794
298.49386
298.4878
298.49817
298.47947
298.49388
298.48975
298.4955
298.48286
298.49919
298.48977
298.4955
298.48286
298.46991
298.47499
298.47004
298.48742
298.46267
298.47567
298.469
298.48743
298.46256
298.47565
298.47421
298.47882
298.46675
298.48977
298.47427
298.47889
298.46682
298.45996
298.46011
298.49011
298.45971
298.47548
298.47562
298.49011
298.45981
298.47551
298.47882
298.47851
298.46526
298.49158
298.47892
298.47856
298.46532
298.46573
298.46076
298.46072
298.47899
298.46375
298.4685
298.47902
298.46373
298.4895
298.47036
298.47238
298.48682
298.48951
298.47039
298.47241
298.48729
298.47295
298.47155
298.48971
298.48732
298.47298
298.47162
298.47028
298.46523
298.47984
298.47041
298.46534
298.46593
298.46311
298.46336
298.46609
298.4706
298.48043
298.46632
298.47075
298.48051
298.47325
298.4877
298.49009
298.4718
298.4733
298.48773
298.49012
298.47247
298.49021
298.48793
298.47373
298.47251
298.49024
298.48795
298.48048
298.47066
298.46611
298.48052
298.47076
298.46657
298.46677
298.46394
298.4641
298.47735
298.478
298.49124
298.46342
298.47744
298.47799
298.49126
298.4659
298.49196
298.47943
298.47911
298.46584
298.49198
298.47949
298.46617
298.46614
298.47806
298.47287
298.4891
298.46604
298.47812
298.47298
298.48913
298.46765
298.48994
298.47436
298.47932
298.46771
298.48994
298.47437
298.46756
298.47266
298.46767
298.47271
298.49483
298.48851
298.49857
298.48149
298.49485
298.48854
298.49858
298.48302
298.49924
298.48989
298.49557
298.48302
298.49924
298.4899
298.47549
298.47042
298.4755
298.47413
298.4739
298.47417
298.47394
298.49998
298.49036
298.49986
298.49055
298.49999
298.49037
298.49987
298.49184
298.50061
298.49179
298.50064
298.49185
298.50062
298.49181
298.47649
298.47675
298.47653
298.47185
298.4647
298.47191
298.46487
298.49818
298.47952
298.4939
298.48785
298.49818
298.47957
298.49391
298.48978
298.49552
298.48289
298.49921
298.4898
298.49552
298.48291
298.47
298.47507
298.4699
298.48746
298.4627
298.47571
298.46916
298.48747
298.46285
298.47572
298.47425
298.47895
298.46689
298.4898
298.47428
298.47895
298.46702
298.46019
298.46021
298.49012
298.4599
298.47549
298.47565
298.49012
298.46001
298.47552
298.47892
298.4786
298.46534
298.49166
298.47904
298.47862
298.46524
298.46583
298.461
298.4609
298.479
298.46419
298.46856
298.47904
298.46416
298.48952
298.47044
298.47244
298.48683
298.48953
298.47042
298.47246
298.48735
298.47303
298.47171
298.48974
298.48739
298.47307
298.4718
298.47055
298.46566
298.47998
298.47066
298.46587
298.46617
298.46362
298.46371
298.46631
298.47093
298.48058
298.46649
298.47112
298.48067
298.47335
298.48777
298.49015
298.47194
298.4734
298.4878
298.49017
298.47256
298.49027
298.48797
298.47383
298.4726
298.49029
298.48799
298.48055
298.47084
298.46643
298.48061
298.47096
298.46672
298.46685
298.46419
298.46433
298.47756
298.4781
298.49129
298.46375
298.47767
298.47814
298.49132
298.466
298.49198
298.47947
298.47921
298.4661
298.49199
298.47946
298.46626
298.46635
298.47817
298.47309
298.48917
298.46622
298.47822
298.47314
298.4892
298.4677
298.48993
298.4744
298.47932
298.46778
298.48993
298.47439
298.46756
298.47273
298.46752
298.47276
298.49488
298.48856
298.49859
298.48159
298.4949
298.48858
298.4986
298.483
298.49924
298.48989
298.49557
298.483
298.49924
298.48989
298.47549
298.47027
298.47546
298.4742
298.47397
298.47423
298.47399
298.49999
298.49038
298.49987
298.49058
298.5
298.49039
298.49988
298.49186
298.50063
298.49182
298.50064
298.49187
298.50063
298.49183
298.47655
298.47676
298.47657
298.47195
298.46508
298.47195
298.46506
298.49819
298.4796
298.49392
298.48789
298.4982
298.47964
298.49394
298.4898
298.49553
298.48293
298.49921
298.48981
298.49554
298.48295
298.47004
298.4751
298.47001
298.48748
298.46278
298.47572
298.46928
298.48751
298.46276
298.47575
298.47438
298.479
298.467
298.48985
298.47443
298.47901
298.46716
298.46015
298.46009
298.49015
298.45995
298.47557
298.47575
298.49016
298.45992
298.47556
298.47904
298.47863
298.4653
298.49169
298.4791
298.47867
298.46537
298.46596
298.46073
298.46078
298.47906
298.46412
298.4686
298.47906
298.46422
298.48954
298.47047
298.47248
298.48686
298.48955
298.47053
298.47251
298.48742
298.4731
298.47187
298.48977
298.48746
298.47313
298.47194
298.47072
298.46588
298.48012
298.4708
298.46613
298.46611
298.46403
298.46435
298.46681
298.47136
298.48076
298.46697
298.47157
298.48082
298.47345
298.48783
298.49019
298.47204
298.4735
298.48786
298.49022
298.4727
298.49032
298.48803
298.47395
298.47277
298.49034
298.48806
298.48068
298.47113
298.4668
298.48075
298.47126
298.46698
298.46694
298.46432
298.46429
298.47765
298.47823
298.49135
298.46393
298.47777
298.4783
298.49139
298.46615
298.492
298.47948
298.47926
298.46609
298.49201
298.4795
298.46645
298.46635
298.47828
298.47316
298.48922
298.4663
298.47827
298.47326
298.48924
298.46767
298.48993
298.47437
298.47937
298.46756
298.48994
298.47434
298.46774
298.47282
298.46774
298.47283
298.4949
298.48858
298.4986
298.48166
298.49492
298.4886
298.49861
298.48302
298.49924
298.48989
298.49558
298.48302
298.49924
298.48989
298.47542
298.47012
298.47541
298.47426
298.47401
298.47428
298.47403
298.5
298.49041
298.49988
298.4906
298.50001
298.49042
298.49989
298.49187
298.50063
298.49184
298.50065
298.49188
298.50064
298.49184
298.47659
298.47676
298.47661
298.47203
298.46505
298.472
298.46517
298.49821
298.47965
298.49395
298.48792
298.49821
298.47966
298.49395
298.48982
298.49554
298.48298
298.49922
298.48983
298.49554
298.48299
298.47001
298.47518
298.47018
298.48752
298.46268
298.47574
298.46944
298.48754
298.46285
298.47578
298.47446
298.47904
298.46727
298.48986
298.47447
298.47908
298.46721
298.46022
298.46027
298.49016
298.45993
298.47555
298.47577
298.49017
298.45999
298.47559
298.47909
298.47868
298.4655
298.49171
298.47912
298.47869
298.46548
298.46608
298.46101
298.46114
298.47909
298.46426
298.46866
298.47911
298.46437
298.48956
298.47053
298.47253
298.48687
298.48957
298.47055
298.47256
298.48748
298.47316
298.472
298.4898
298.48751
298.47319
298.47203
298.47092
298.46632
298.48024
298.47101
298.4661
298.46621
298.46428
298.4645
298.46719
298.4717
298.48089
298.46734
298.4718
298.48094
298.47356
298.48789
298.49024
298.47216
298.47362
298.48792
298.49027
298.47286
298.49037
298.4881
298.4741
298.47295
298.4904
298.48814
298.48083
298.47137
298.46724
298.48091
298.47152
298.46721
298.46724
298.46436
298.46445
298.47784
298.47835
298.49141
298.46408
298.47792
298.4784
298.49144
298.46604
298.49203
298.47955
298.47933
298.46609
298.49203
298.47955
298.46623
298.46625
298.47829
298.47332
298.48926
298.46634
298.47834
298.47337
298.48928
298.46752
298.48995
298.47435
298.47934
298.46759
298.48994
298.47434
298.46804
298.47288
298.468
298.47288
298.49492
298.48862
298.49862
298.48175
298.49494
298.48864
298.49862
298.48299
298.49924
298.48988
298.49558
298.48301
298.49924
298.48989
298.47542
298.47008
298.47541
298.4743
298.47406
298.47432
298.47408
298.50001
298.49044
298.4999
298.49063
298.50002
298.49045
298.4999
298.49188
298.50064
298.49185
298.50065
298.49188
298.50064
298.49186
298.47664
298.47677
298.47666
298.47205
298.46503
298.47207
298.46484
298.49822
298.47968
298.49396
298.48795
298.49823
298.47972
298.49398
298.48984
298.49554
298.48299
298.49922
298.48985
298.49553
298.48297
298.47017
298.47527
298.47026
298.48755
298.46298
298.4758
298.46947
298.48757
298.46305
298.47587
298.47452
298.4791
298.46733
298.48987
298.47457
298.47912
298.46741
298.46034
298.46049
298.49018
298.46006
298.4756
298.47579
298.49018
298.46015
298.47564
298.47914
298.4787
298.46545
298.49173
298.47916
298.47871
298.46543
298.46603
298.46124
298.46123
298.47914
298.46457
298.46881
298.4791
298.46432
298.48959
298.4706
298.47258
298.48689
298.4896
298.4706
298.47261
298.48755
298.47321
298.4721
298.48984
298.48758
298.47325
298.4722
298.47108
298.46645
298.48035
298.47115
298.46668
298.46586
298.46446
298.46451
298.4672
298.47186
298.48099
298.46722
298.47193
298.48099
298.47369
298.48795
298.49029
298.47227
298.47376
298.48797
298.49032
298.47303
298.49043
298.48817
298.47425
298.47309
298.49045
298.4882
298.48098
298.47164
298.46728
298.48105
298.47176
298.46729
298.46734
298.46454
298.46464
298.47799
298.47847
298.49147
298.46431
298.47805
298.47847
298.49149
298.46615
298.49205
298.47954
298.47939
298.46622
298.49205
298.47953
298.46626
298.46627
298.47839
298.47348
298.48931
298.4666
298.47842
298.47353
298.48934
298.46761
298.48995
298.47437
298.47934
298.46758
298.48995
298.47443
298.46819
298.47291
298.46815
298.47291
298.49496
298.48865
298.49863
298.48182
298.49498
298.48865
298.49863
298.483
298.49924
298.48988
298.49558
298.48302
298.49924
298.48989
298.4754
298.47013
298.47537
298.47433
298.4741
298.47434
298.4741
298.50002
298.49045
298.4999
298.49063
298.50002
298.49045
298.4999
298.49188
298.50065
298.49187
298.50065
298.49188
298.50065
298.49187
298.47668
298.47676
298.4767
298.47208
298.46501
298.47205
298.46505
298.49823
298.47971
298.49399
298.48796
298.49824
298.47971
298.494
298.48987
298.49554
298.48302
298.49923
298.48987
298.49554
298.48299
298.47018
298.47531
298.47015
298.48759
298.46305
298.4759
298.46963
298.48763
298.46297
298.47594
298.47455
298.47912
298.46751
298.48988
298.47453
298.47914
298.46759
298.46059
298.46053
298.49019
298.46023
298.47566
298.47584
298.4902
298.46022
298.47566
298.47921
298.4787
298.46536
298.49172
298.47915
298.47871
298.46544
298.46621
298.46133
298.46113
298.47908
298.46431
298.46885
298.47909
298.46421
298.4896
298.47062
298.47262
298.4869
298.48962
298.47064
298.47264
298.48762
298.47328
298.47224
298.48987
298.48764
298.4733
298.47229
298.47119
298.46664
298.48046
298.47124
298.46677
298.46612
298.46464
298.46491
298.46701
298.47198
298.48105
298.46697
298.47204
298.48106
298.47383
298.48799
298.49034
298.47238
298.4739
298.48802
298.49037
298.47318
298.49048
298.48824
298.47442
298.47326
298.49051
298.48827
298.48112
298.47193
298.46775
298.48117
298.47208
298.46743
298.46738
298.46476
298.46473
298.47813
298.47844
298.49149
298.46442
298.47814
298.47853
298.49152
298.46621
298.49205
298.47958
298.47941
298.46627
298.49206
298.47957
298.46623
298.4663
298.47849
298.47354
298.48936
298.46658
298.47849
298.47359
298.48936
298.46765
298.48997
298.47448
298.47937
298.46773
298.48999
298.47454
298.46825
298.47295
298.46831
298.47299
298.49498
298.48866
298.49863
298.48185
298.49498
298.48867
298.49864
298.48303
298.49924
298.48988
298.49559
298.48302
298.49924
298.48988
298.47535
298.47019
298.47536
298.47435
298.47412
298.47437
298.47414
298.50002
298.49046
298.49991
298.49064
298.50002
298.49047
298.49991
298.49188
298.50065
298.49188
298.50065
298.49188
298.50065
298.49188
298.47671
298.47674
298.47673
298.47209
298.46511
298.47213
298.46521
298.49824
298.47979
298.49403
298.48799
298.49825
298.47984
298.49403
298.48988
298.49556
298.48303
298.49923
298.48987
298.49555
298.48302
298.47017
298.47534
298.47027
298.48765
298.46297
298.47598
298.46969
298.48766
298.46312
298.47597
298.47451
298.47915
298.46722
298.48988
298.47451
298.47914
298.46738
298.46047
298.46051
298.49022
298.46031
298.4757
298.47591
298.49023
298.4603
298.47569
298.47919
298.47871
298.4654
298.49172
298.47917
298.47871
298.46547
298.46613
298.46106
298.46114
298.47912
298.46377
298.46882
298.47912
298.46395
298.48963
298.47059
298.47266
298.48692
298.48964
298.47062
298.47267
298.48767
298.47333
298.47234
298.4899
298.48769
298.47335
298.47237
298.47131
298.46693
298.48054
298.47134
298.46695
298.46623
298.46504
298.46523
298.46718
298.47215
298.4811
298.46734
298.47223
298.48114
298.47399
298.48804
298.49039
298.47254
298.47408
298.48807
298.49042
298.47332
298.49054
298.4883
298.47459
298.47341
298.49056
298.48833
298.48124
298.47219
298.4682
298.48126
298.47227
298.46721
298.46707
298.46472
298.46481
298.47818
298.4786
298.49154
298.46467
298.47823
298.47859
298.49155
298.4663
298.49207
298.47955
298.47939
298.46622
298.49207
298.47959
298.46633
298.46634
298.47848
298.47363
298.48937
298.46677
298.47853
298.47368
298.48938
298.46774
298.49
298.47459
298.47937
298.46778
298.49
298.47461
298.4683
298.473
298.46844
298.47304
298.49499
298.48869
298.49864
298.48187
298.49498
298.48869
298.49864
298.48304
298.49924
298.48988
298.4956
298.48305
298.49924
298.48988
298.47532
298.47025
298.47533
298.4744
298.47417
298.47441
298.47419
298.50003
298.49048
298.49991
298.49066
298.50003
298.49049
298.49992
298.49188
298.50065
298.49188
298.50065
298.49188
298.50065
298.49188
298.47674
298.47673
298.47674
298.47219
298.46551
298.47224
298.46556
298.49825
298.47987
298.49403
298.48802
298.49825
298.47986
298.49402
298.48988
298.49555
298.48301
298.49923
298.48987
298.49555
298.48301
298.47029
298.47538
298.47025
298.48767
298.46331
298.47596
298.46986
298.48769
298.46336
298.476
298.4745
298.47913
298.4675
298.48988
298.47452
298.47915
298.46743
298.4606
298.46059
298.49023
298.46037
298.47572
298.47593
298.49023
298.46044
298.47573
298.47919
298.47871
298.46546
298.49173
298.47917
298.47868
298.46547
298.46609
298.46124
298.4612
298.47912
298.46421
298.46892
298.47917
298.46425
298.48965
298.47067
298.47269
298.48695
298.48966
298.47065
298.47271
298.48771
298.47338
298.47241
298.48993
298.48772
298.47342
298.47245
298.47139
298.46719
298.48059
298.47143
298.46712
298.4663
298.46517
298.46504
298.4675
298.47228
298.48118
298.46765
298.47232
298.48122
298.47416
298.48809
298.49045
298.4727
298.47426
298.48812
298.49048
298.47348
298.49059
298.48836
298.47474
298.47352
298.49062
298.48838
298.48133
298.47236
298.46801
298.48136
298.47246
298.46712
298.46708
298.4649
298.46496
298.47826
298.4787
298.49158
298.46466
298.4783
298.47867
298.4916
298.46619
298.49208
298.4796
298.47938
298.46617
298.49208
298.47961
298.46636
298.46639
298.4785
298.47371
298.48938
298.46664
298.47853
298.47368
298.48939
298.46782
298.48999
298.47463
298.47937
298.46755
298.48999
298.47462
298.46836
298.47303
298.46815
298.47302
298.49498
298.4887
298.49864
298.48187
298.49499
298.4887
298.49864
298.48307
298.49924
298.48988
298.4956
298.48309
298.49924
298.48988
298.4753
298.47021
298.4753
298.47442
298.4742
298.47443
298.47421
298.50003
298.4905
298.49992
298.49067
298.50004
298.4905
298.49992
298.49188
298.50065
298.49188
298.50065
298.49188
298.50065
298.49189
298.47675
298.47673
298.47676
298.47226
298.4656
298.47225
298.46548
298.49826
298.47993
298.49405
298.48805
298.49827
298.47999
298.49407
298.48987
298.49555
298.48302
298.49923
298.48988
298.49555
298.48302
298.47038
298.47538
298.47018
298.48771
298.46348
298.47603
298.47003
298.48773
298.46339
298.47602
298.47457
298.47916
298.46744
298.48989
298.47453
298.47915
298.46754
298.46056
298.46052
298.49025
298.46044
298.47576
298.47603
298.49027
298.46041
298.47578
298.47913
298.4787
298.46545
298.49172
298.4791
298.4787
298.46536
298.4661
298.46129
298.46121
298.47918
298.46433
298.46905
298.47921
298.4644
298.48967
298.47069
298.47274
298.48698
298.48969
298.47075
298.47277
298.48773
298.47347
298.47249
298.48997
298.48775
298.47352
298.47256
298.47146
298.4671
298.48062
298.47145
298.46695
298.46612
298.46513
298.4653
298.46783
298.47233
298.48124
298.46779
298.47232
298.48127
298.47435
298.48814
298.4905
298.47286
298.47443
298.48817
298.49052
298.47356
298.49064
298.4884
298.47487
298.47362
298.49066
298.48842
298.4814
298.47253
298.46794
298.4814
298.47259
298.46702
298.46717
298.46492
298.46494
298.47832
298.47872
298.49161
298.46461
298.47834
298.47871
298.49162
298.46611
298.49208
298.4796
298.47939
298.4661
298.49208
298.47959
298.46639
298.4664
298.47854
298.47366
298.48939
298.46683
298.47853
298.47365
298.48939
298.46767
298.49
298.47466
298.47939
298.46762
298.49002
298.4747
298.46804
298.47301
298.46814
298.47298
298.49499
298.4887
298.49865
298.48186
298.495
298.4887
298.49865
298.48307
298.49924
298.48988
298.49561
298.4831
298.49924
298.48988
298.4753
298.47032
298.47531
298.47444
298.47422
298.47443
298.47423
298.50004
298.49051
298.49992
298.49067
298.50003
298.49051
298.49992
298.49188
298.50065
298.49189
298.50065
298.49188
298.50065
298.49189
298.47677
298.47672
298.47679
298.47228
298.46566
298.47232
298.46579
298.49827
298.47999
298.49407
298.48807
298.49827
298.48002
298.49407
298.48989
298.49554
298.483
298.49923
298.48989
298.49553
298.483
298.47011
298.47544
298.47019
298.48775
298.46321
298.47606
298.47012
298.48776
298.46333
298.47609
298.47448
298.47915
298.46751
298.48984
298.47442
298.47912
298.4675
298.46063
298.46062
298.49026
298.46052
298.47581
298.476
298.49027
298.46064
298.47584
298.47915
298.47865
298.46525
298.49171
298.47913
298.47864
298.46527
298.46595
298.46133
298.46145
298.47924
298.46439
298.4691
298.47929
298.46446
298.4897
298.47079
298.47281
298.48702
298.48972
298.47083
298.47285
298.48776
298.47359
298.47255
298.49
298.48777
298.47366
298.47254
298.47145
298.46701
298.48062
298.47145
298.46678
298.46591
298.46515
298.46516
298.46771
298.47235
298.48129
298.4677
298.47237
298.4813
298.4745
298.48819
298.49055
298.473
298.47456
298.48821
298.49057
298.47369
298.49068
298.48844
298.47499
298.47373
298.49069
298.48846
298.4814
298.47266
298.46813
298.48145
298.47271
298.46736
298.46736
298.46504
298.46513
298.47836
298.47868
298.49161
298.46479
298.47839
298.47867
298.4916
298.46614
298.49206
298.47954
298.47943
298.4662
298.49207
298.47957
298.46644
298.46638
298.47855
298.47364
298.48939
298.46671
298.47856
298.47358
298.48938
298.46755
298.49002
298.47472
298.47937
298.46749
298.49002
298.47476
298.46804
298.47299
298.46818
298.47302
298.49499
298.48869
298.49864
298.48182
298.49498
298.48868
298.49864
298.48311
298.49924
298.48989
298.4956
298.4831
298.49924
298.48988
298.47532
298.47049
298.47531
298.47443
298.47424
298.47444
298.47424
298.50003
298.49051
298.49992
298.49067
298.50003
298.49051
298.49992
298.49188
298.50065
298.49189
298.50064
298.49188
298.50064
298.49189
298.47679
298.47671
298.47679
298.47236
298.46579
298.47238
298.46595
298.49827
298.48006
298.49408
298.48808
298.49827
298.48005
298.49408
298.48989
298.49552
298.48299
298.49922
298.48989
298.49552
298.48301
298.47031
298.47549
298.47048
298.48777
298.46348
298.47609
298.47023
298.48779
298.46354
298.47615
298.47437
298.4791
298.46759
298.48981
298.47434
298.4791
298.46749
298.46076
298.4609
298.49029
298.46063
298.47587
298.47607
298.49031
298.46059
298.47592
298.47911
298.47864
298.46533
298.4917
298.47911
298.47861
298.46528
298.46593
298.46155
298.46148
298.47934
298.46463
298.46927
298.4794
298.46476
298.48973
298.47088
298.4729
298.48707
298.48975
298.47098
298.47295
298.48779
298.47376
298.47264
298.49004
298.4878
298.47387
298.47268
298.47149
298.46677
298.48064
298.47156
298.46695
298.46596
298.46536
298.46536
298.46771
298.47239
298.48131
298.46767
298.47241
298.48132
298.47462
298.48822
298.49058
298.47304
298.47468
298.48824
298.49061
298.47376
298.49071
298.48848
298.47508
298.4738
298.49073
298.48849
298.48149
298.47275
298.46819
298.48152
298.47279
298.46738
298.46736
298.46513
298.4651
298.47836
298.4787
298.49159
298.46492
298.47839
298.4787
298.4916
298.46628
298.49207
298.47954
298.47944
298.4663
298.49208
298.47959
298.46637
298.46625
298.47856
298.47353
298.48936
298.46655
298.47857
298.47349
298.48936
298.46751
298.49002
298.47477
298.47933
298.46759
298.49001
298.47476
298.46807
298.47301
298.46798
298.47296
298.49498
298.48868
298.49864
298.48182
298.49498
298.48868
298.49863
298.4831
298.49923
298.48987
298.4956
298.48312
298.49922
298.48987
298.47529
298.47038
298.47527
298.47444
298.47424
298.47444
298.47424
298.50002
298.4905
298.49991
298.49066
298.50002
298.4905
298.49991
298.49187
298.50063
298.49188
298.50063
298.49186
298.50062
298.49187
298.47679
298.47668
298.47678
298.47235
298.4659
298.4723
298.4657
298.49826
298.48007
298.49409
298.48807
298.49826
298.48012
298.4941
298.48988
298.49552
298.483
298.49921
298.48988
298.49552
298.48302
298.47033
298.47544
298.47018
298.48781
298.46366
298.47618
298.47025
298.48782
298.46375
298.47619
298.47436
298.4791
298.46742
298.48982
298.47433
298.47909
298.46738
298.46098
298.46102
298.49032
298.46068
298.47592
298.47614
298.49034
298.46076
298.47598
298.4791
298.4786
298.46527
298.49169
298.47906
298.4786
298.46525
298.46596
298.46158
298.46172
298.47944
298.46506
298.46947
298.47951
298.46521
298.48976
298.47105
298.47301
298.48711
298.48977
298.47109
298.47307
298.4878
298.47397
298.47271
298.49007
298.48781
298.47404
298.47278
298.4716
298.46716
298.48065
298.47166
298.46724
298.46588
298.46527
298.46535
298.46767
298.47242
298.48131
298.46782
298.47241
298.48133
298.47474
298.48826
298.49063
298.47314
298.47479
298.48827
298.49064
298.47387
298.49075
298.48852
298.47518
298.47391
298.49076
298.48854
298.48155
298.47282
298.4685
298.48156
298.47286
298.46729
298.46718
298.46497
298.46491
298.4784
298.47876
298.49162
298.46476
298.47839
298.47879
298.49163
298.46628
298.49207
298.47954
298.47941
298.46622
298.49207
298.47955
298.46621
298.46619
298.47853
298.47348
298.48935
298.46656
298.47853
298.47348
298.48935
298.4677
298.49001
298.47477
298.47935
298.46783
298.48999
298.47475
298.46801
298.47297
298.468
298.47296
298.49497
298.48867
298.49862
298.48179
298.49496
298.48866
298.49861
298.48309
298.49922
298.48986
298.49558
298.48309
298.4992
298.48984
298.47524
298.47035
298.47523
298.47443
298.47424
298.47442
298.47423
298.50001
298.4905
298.4999
298.49064
298.5
298.49049
298.49989
298.49185
298.50061
298.49186
298.5006
298.49183
298.5006
298.49185
298.47678
298.47665
298.47676
298.47234
298.46569
298.47232
298.46562
298.49826
298.48009
298.4941
298.48807
298.49825
298.48011
298.4941
298.48987
298.49551
298.483
298.49918
298.48986
298.4955
298.48299
298.47025
298.47545
298.47048
298.48783
298.4636
298.47623
298.47027
298.48785
298.4635
298.47626
298.47432
298.47908
298.46748
298.48981
298.47436
298.47907
298.46744
298.46102
298.46101
298.49034
298.46082
298.47601
298.47624
298.49036
298.4608
298.47607
298.47909
298.4786
298.46516
298.49168
298.4791
298.47858
298.4651
298.46581
298.46167
298.46176
298.47957
298.46514
298.46966
298.47961
298.46533
298.48978
298.47114
298.47312
298.48715
298.48979
298.47119
298.47317
298.48781
298.47408
298.47276
298.49008
298.48782
298.4741
298.47275
298.47166
298.46708
298.48072
298.47165
298.46718
298.46592
298.46529
298.46525
298.4678
298.47244
298.48135
298.46788
298.47248
298.48133
298.47484
298.48829
298.49066
298.47325
298.47488
298.4883
298.49066
298.47394
298.49077
298.48855
298.47524
298.47394
298.49078
298.48854
298.48161
298.47289
298.46855
298.48162
298.4729
298.46707
298.46726
298.46491
298.465
298.4784
298.47876
298.49161
298.46486
298.47841
298.47873
298.4916
298.46621
298.49205
298.47949
298.47938
298.46606
298.49206
298.47955
298.46623
298.46612
298.47853
298.47348
298.48934
298.46628
298.47854
298.4735
298.48935
298.46787
298.48999
298.47473
298.47933
298.46748
298.48998
298.47472
298.46799
298.47298
298.46788
298.47295
298.49495
298.48865
298.4986
298.48181
298.49494
298.48864
298.49858
298.4831
298.49919
298.48983
298.49556
298.48308
298.49918
298.48982
298.4752
298.47033
298.47521
298.47442
298.47422
298.47442
298.47421
298.49998
298.49047
298.49988
298.49062
298.49997
298.49046
298.49986
298.49182
298.50059
298.49184
298.50058
298.49181
298.50057
298.49183
298.47675
298.47661
298.47674
298.47232
298.46592
298.47233
298.46604
298.49824
298.48011
298.4941
298.48806
298.49823
298.48014
298.4941
298.48985
298.49549
298.48298
298.49916
298.48985
298.49547
298.48298
298.47032
298.47545
298.47021
298.48785
298.46361
298.47623
298.47042
298.48786
298.46375
298.47626
298.47434
298.47903
298.46751
298.48977
298.47432
298.47899
298.4674
298.46112
298.4612
298.49037
298.46084
298.47606
298.47629
298.49038
298.46092
298.47612
298.47908
298.47857
298.46514
298.49166
298.47905
298.47855
298.46517
298.46573
298.46198
298.46218
298.47966
298.46532
298.46988
298.47965
298.46548
298.4898
298.47126
298.4732
298.48718
298.4898
298.47129
298.47322
298.48781
298.47413
298.47276
298.49007
298.48781
298.47414
298.47276
298.47163
298.46701
298.48068
298.47164
298.46688
298.46592
298.46525
298.46535
298.4679
298.47249
298.48137
298.46788
298.47253
298.48137
298.47491
298.4883
298.49067
298.4733
298.47494
298.48829
298.49067
298.47398
298.49078
298.48855
298.47527
298.47397
298.49078
298.48856
298.48164
298.47289
298.46834
298.48165
298.47287
298.46725
298.46716
298.46502
298.4651
298.47841
298.47876
298.4916
298.46496
298.47841
298.47874
298.49159
298.46597
298.49203
298.47949
298.47933
298.46599
298.492
298.47944
298.46615
298.46619
298.47853
298.47356
298.48934
298.46656
298.47855
298.4736
298.48933
298.46742
298.48996
298.4747
298.47927
298.4676
298.48994
298.4747
298.46812
298.47296
298.46818
298.47296
298.49493
298.48863
298.49857
298.4818
298.49491
298.48861
298.49855
298.48309
298.49916
298.4898
298.49552
298.48302
298.49914
298.48978
298.47519
298.47051
298.47518
298.47441
298.47421
298.4744
298.47421
298.49995
298.49045
298.49985
298.49059
298.49993
298.49044
298.49983
298.49179
298.50056
298.49181
298.50054
298.49177
298.50054
298.49179
298.47672
298.47658
298.4767
298.47236
298.46603
298.47235
298.46608
298.49822
298.4801
298.49408
298.48804
298.4982
298.48007
298.49406
298.48983
298.49546
298.48296
298.49912
298.48981
298.49544
298.48294
298.47025
298.47542
298.47026
298.48786
298.46345
298.47627
298.47041
298.48785
298.46354
298.47629
298.47427
298.47902
298.46732
298.48974
298.47421
298.47902
298.46718
298.46126
298.46136
298.49038
298.46106
298.47619
298.47629
298.49039
298.46118
298.47625
298.47898
298.47857
298.46524
298.49162
298.47902
298.47857
298.46512
298.46567
298.46232
298.46219
298.47976
298.46541
298.47015
298.47982
298.46556
298.48979
298.47131
298.47323
298.4872
298.48979
298.47131
298.47324
298.48779
298.47416
298.47277
298.49006
298.48778
298.47416
298.47276
298.47165
298.46701
298.48064
298.47166
298.46692
298.4657
298.46534
298.46536
298.46798
298.47252
298.48139
298.46787
298.47249
298.48141
298.47496
298.4883
298.49066
298.47334
298.47497
298.4883
298.49065
298.47398
298.49077
298.48855
298.47528
298.47395
298.49076
298.48854
298.48163
298.47285
298.46833
298.48163
298.47282
298.46704
298.46686
298.46518
298.46526
298.47843
298.47868
298.49156
298.46503
298.47841
298.47865
298.49154
298.46592
298.492
298.47946
298.47927
298.46588
298.49198
298.47942
298.46613
298.46607
298.47857
298.47363
298.48931
298.46673
298.47854
298.47364
298.48929
298.46752
298.48992
298.47469
298.47922
298.4676
298.48988
298.47462
298.46839
298.47297
298.46832
298.47295
298.49488
298.48859
298.49852
298.48178
298.49486
298.48857
298.49849
298.48304
298.49911
298.48976
298.49546
298.483
298.49908
298.48973
298.47515
298.47021
298.47513
298.47439
298.47419
298.47437
298.47417
298.49991
298.49042
298.49981
298.49054
298.49988
298.49039
298.49978
298.49175
298.50051
298.49176
298.50048
298.49172
298.50048
298.49173
298.47668
298.47653
298.47665
298.4723
298.46584
298.47225
298.4657
298.49818
298.48009
298.49406
298.48799
298.49815
298.48009
298.49404
298.48978
298.49542
298.48292
298.49907
298.48975
298.4954
298.4829
298.47027
298.47534
298.4701
298.48785
298.46345
298.4763
298.47042
298.48784
298.4636
298.47632
298.47424
298.47902
298.46741
298.48972
298.47421
298.47898
298.46729
298.46142
298.46138
298.49039
298.46123
298.47628
298.47635
298.4904
298.46123
298.47632
298.47898
298.47854
298.46515
298.49157
298.47896
298.4785
298.46518
298.46568
298.46246
298.46234
298.47986
298.46575
298.4703
298.47993
298.46595
298.48978
298.47137
298.47325
298.48721
298.48976
298.4714
298.47325
298.48776
298.47415
298.47272
298.49002
298.48774
298.47412
298.47272
298.47168
298.46682
298.48061
298.4717
298.46671
298.46567
298.46527
298.46517
298.46807
298.4725
298.4814
298.46812
298.47254
298.4814
298.47498
298.48829
298.49063
298.47337
298.47499
298.48827
298.49061
298.47396
298.49073
298.48852
298.47528
298.47397
298.49071
298.48849
298.48162
298.47281
298.46847
298.4816
298.47283
298.46697
298.46701
298.4652
298.46509
298.47838
298.47867
298.49152
298.46488
298.47834
298.47867
298.49149
298.46585
298.49195
298.4794
298.47925
298.46584
298.49192
298.47937
298.466
298.46595
298.4785
298.47363
298.48926
298.46673
298.47847
298.47361
298.48923
298.46768
298.48986
298.47463
298.47918
298.46756
298.48982
298.47459
298.46821
298.47291
298.4682
298.47286
298.49483
298.48854
298.49846
298.4817
298.49479
298.48849
298.49842
298.48297
298.49905
298.48969
298.49538
298.4829
298.49901
298.48965
298.47508
298.47034
298.47505
298.47434
298.47415
298.4743
298.47412
298.49984
298.49036
298.49974
298.49046
298.4998
298.49032
298.4997
298.49168
298.50044
298.4917
298.5004
298.49164
298.5004
298.49167
298.47662
298.47646
298.47659
298.47223
298.46566
298.47225
298.4658
298.49812
298.48007
298.49401
298.48793
298.49808
298.48005
298.49397
298.48972
298.49536
298.48286
298.49899
298.48969
298.49532
298.48283
298.47009
298.4753
298.47011
298.48781
298.46365
298.47631
298.47047
298.48779
298.464
298.47628
298.47417
298.47895
298.46725
298.48964
298.47419
298.4789
298.46707
298.46133
298.46138
298.49041
298.46129
298.47636
298.47643
298.49039
298.46124
298.47634
298.47894
298.47852
298.46522
298.49151
298.47891
298.47848
298.46519
298.46563
298.46246
298.46258
298.47998
298.46582
298.47056
298.48001
298.46608
298.48974
298.47143
298.47324
298.48721
298.48972
298.47142
298.47322
298.48772
298.47409
298.47273
298.48996
298.48768
298.47406
298.47268
298.4717
298.46678
298.48059
298.47171
298.46687
298.4657
298.46523
298.46515
298.46813
298.47254
298.4814
298.46817
298.4725
298.48138
298.47498
298.48826
298.49059
298.47341
298.47497
298.48823
298.49055
298.47394
298.49068
298.48846
298.47527
298.47394
298.49065
298.48843
298.48159
298.47284
298.46854
298.48155
298.47281
298.46707
298.4671
298.46497
298.46492
298.47828
298.4787
298.49144
298.46465
298.47822
298.47861
298.49138
298.46588
298.49188
298.47935
298.47918
298.46592
298.49182
298.4793
298.46603
298.46603
298.4784
298.47354
298.48919
298.46643
298.47836
298.47342
298.48913
298.46759
298.48977
298.47454
298.4791
298.46747
298.48974
298.47449
298.46817
298.47286
298.46795
298.47281
298.49475
298.48845
298.49837
298.48159
298.49469
298.48839
298.49831
298.48285
298.49896
298.4896
298.49529
298.48278
298.4989
298.48954
298.47499
298.4698
298.47491
298.47425
298.47408
298.4742
298.47403
298.49975
298.49027
298.49965
298.49036
298.49969
298.49021
298.49959
298.4916
298.50036
298.49162
298.5003
298.49154
298.5003
298.49156
298.47655
298.47636
298.4765
298.47226
298.46594
298.47219
298.46578
298.49803
298.48002
298.49394
298.48785
298.49798
298.48003
298.4939
298.48964
298.49527
298.48278
298.49889
298.48959
298.49521
298.48273
298.47019
298.47522
298.4701
298.48777
298.46401
298.4763
298.47046
298.48775
298.46394
298.4763
298.47412
298.47887
298.46709
298.48954
298.47408
298.47882
298.46708
298.46145
298.46144
298.49036
298.46131
298.47636
298.47641
298.49033
298.46133
298.47638
298.47886
298.47843
298.46522
298.49142
298.47882
298.4784
298.46513
298.46561
298.46275
298.46281
298.48004
298.46629
298.47084
298.48007
298.46622
298.48969
298.47142
298.47319
298.48717
298.48965
298.47138
298.47315
298.48764
298.47401
298.47266
298.48987
298.4876
298.47395
298.47261
298.47171
298.46712
298.48051
298.4717
298.46701
298.46561
298.46517
298.46524
298.46824
298.47249
298.48134
298.46828
298.47243
298.4813
298.47495
298.48819
298.49051
298.47338
298.47491
298.48814
298.49046
298.4739
298.49061
298.48839
298.47521
298.47387
298.49056
298.48833
298.48152
298.4728
298.4684
298.48146
298.47274
298.46685
298.46669
298.46485
298.46487
298.47817
298.47856
298.49133
298.46461
298.47811
298.47847
298.49126
298.46583
298.49177
298.47927
298.47907
298.46585
298.4917
298.47922
298.466
298.46596
298.47829
298.47329
298.48905
298.466
298.47821
298.47321
298.48897
298.46736
298.48969
298.47445
298.47899
298.46715
298.48962
298.47436
298.46786
298.47274
298.46775
298.47264
298.49461
298.48833
298.49824
298.48145
298.49454
298.48825
298.49816
298.48271
298.49883
298.48948
298.49515
298.48265
298.49876
298.48941
298.47484
298.46973
298.47479
298.47415
298.47398
298.47409
298.47392
298.49962
298.49016
298.49952
298.49023
298.49954
298.49009
298.49945
298.49147
298.50023
298.4915
298.50015
298.4914
298.50015
298.49143
298.47644
298.47623
298.47636
298.47212
298.46565
298.47209
298.46576
298.49791
298.47998
298.49384
298.48772
298.49784
298.47992
298.49376
298.48952
298.49515
298.48266
298.49874
298.48945
298.49507
298.48259
298.46994
298.47506
298.46987
298.48769
298.46388
298.47626
298.47039
298.48763
298.46389
298.47627
298.47402
298.47878
298.46712
298.48939
298.4739
298.47872
298.46727
298.4615
298.46152
298.4903
298.46137
298.4764
298.47635
298.49026
298.46136
298.4764
298.47874
298.47835
298.46513
298.49129
298.47866
298.47825
298.46507
298.46557
298.46289
298.46305
298.48007
298.46613
298.471
298.48008
298.46609
298.48959
298.4713
298.47309
298.48708
298.48952
298.47131
298.47302
298.48754
298.47389
298.47254
298.48974
298.48746
298.47383
298.47243
298.47165
298.46686
298.48039
298.47159
298.46673
298.46548
298.46464
298.46478
298.46826
298.47233
298.48125
298.4682
298.47225
298.48115
298.47487
298.48806
298.49039
298.47326
298.47481
298.48798
298.4903
298.47381
298.49048
298.48826
298.47507
298.47371
298.49039
298.48817
298.48139
298.47272
298.46811
298.48133
298.47271
298.46695
298.46697
298.46473
298.46468
298.47803
298.4784
298.49118
298.46454
298.47793
298.47829
298.49107
298.46584
298.49162
298.47914
298.47893
298.46572
298.49153
298.47907
298.46586
298.46579
298.47813
298.47309
298.48888
298.46588
298.47803
298.47301
298.48878
298.46736
298.48952
298.47426
298.47887
298.46722
298.48942
298.47421
298.46743
298.47254
298.46749
298.47243
298.49444
298.48815
298.49807
298.48123
298.49434
298.48805
298.49796
298.48255
298.49867
298.48933
298.49495
298.48247
298.49856
298.48924
298.47475
298.46977
298.47466
298.47399
298.47384
298.47388
298.47374
298.49945
298.49
298.49935
298.49002
298.49934
298.48989
298.49925
298.49132
298.50006
298.49134
298.49996
298.49122
298.49995
298.49124
298.47628
298.47608
298.47618
298.47203
298.46561
298.47192
298.46589
298.49775
298.4799
298.49369
298.48754
298.49764
298.47979
298.49359
298.48936
298.49497
298.4825
298.49854
298.48925
298.49487
298.4824
298.46982
298.47487
298.4697
298.48756
298.46375
298.47621
298.4704
298.48749
298.46373
298.47616
298.47386
298.47864
298.4671
298.48922
298.47381
298.47856
298.46688
298.46141
298.46153
298.49021
298.4614
298.47638
298.4763
298.49014
298.46145
298.47633
298.47869
298.47816
298.46491
298.49111
298.4786
298.47807
298.46482
298.46527
298.46321
298.46302
298.48007
298.46611
298.47106
298.48003
298.46644
298.48944
298.47124
298.47295
298.48695
298.48935
298.47125
298.47287
298.48738
298.47375
298.47235
298.48956
298.48728
298.47365
298.47227
298.47151
298.46661
298.48018
298.47139
298.46664
298.4652
298.46465
298.46455
298.46819
298.4722
298.48105
298.4678
298.47205
298.48093
298.47473
298.48788
298.49019
298.47309
298.47464
298.48776
298.49007
298.47363
298.49028
298.48806
298.47487
298.47351
298.49015
298.48794
298.48125
298.4726
298.46813
298.48113
298.47249
298.46651
298.46692
298.46455
298.46446
298.47783
298.4782
298.49096
298.46429
298.4777
298.47807
298.49083
298.46561
298.49143
298.47899
298.47877
298.46567
298.4913
298.47889
298.46573
298.46575
298.47793
298.4729
298.48867
298.46608
298.47781
298.47278
298.48853
298.46719
298.48932
298.47412
298.47868
298.46709
298.4892
298.47402
298.46751
298.47232
298.46728
298.4722
298.49422
298.48792
298.49783
298.48098
298.49408
298.48779
298.49769
298.48239
298.49844
298.48912
298.49471
298.48227
298.4983
298.48899
298.47454
298.46937
298.47441
298.47376
298.47362
298.47363
298.47349
298.49921
298.48977
298.49912
298.48976
298.49907
298.48963
298.49897
298.49111
298.49983
298.49112
298.49969
298.49097
298.49968
298.49098
298.47607
298.47585
298.47594
298.4718
298.46566
298.47168
298.46536
298.49752
298.47972
298.49348
298.4873
298.49738
298.47959
298.49335
298.48914
298.49476
298.48231
298.49828
298.489
298.49463
298.48218
298.46957
298.47462
298.46952
298.4874
298.46368
298.47609
298.47018
298.48729
298.46359
298.476
298.47373
298.47846
298.46672
298.489
298.47364
298.47836
298.4668
298.46154
298.46154
298.49006
298.46143
298.47634
298.47613
298.48994
298.46145
298.47625
298.4785
298.47796
298.46467
298.49087
298.47835
298.47783
298.4645
298.46521
298.46297
298.46283
298.47997
298.46633
298.47098
298.47991
298.46621
298.48925
298.47117
298.47278
298.48675
298.48913
298.47106
298.47268
298.48717
298.47355
298.47214
298.48933
298.48704
298.47343
298.472
298.47128
298.46636
298.47997
298.4712
298.46613
298.46497
298.46443
298.46448
298.46758
298.47186
298.48077
298.46744
298.47168
298.48062
298.47453
298.48762
298.48993
298.47283
298.47439
298.48745
298.48977
298.47336
298.49001
298.48779
298.47458
298.47322
298.48983
298.48762
298.481
298.47238
298.46782
298.48081
298.47223
298.46664
298.46644
298.46436
298.46419
298.47756
298.4779
298.49067
298.46403
298.47739
298.47773
298.4905
298.46557
298.49116
298.47878
298.4785
298.46545
298.491
298.47863
298.46563
298.46556
298.4777
298.47268
298.48838
298.4656
298.47754
298.47253
298.48821
298.467
298.48906
298.47393
298.47841
298.46687
298.4889
298.4738
298.46702
298.47206
298.46721
298.47188
298.49392
298.48763
298.49753
298.48065
298.49373
298.48745
298.49734
298.48214
298.49814
298.48884
298.49439
298.48199
298.49795
298.48867
298.47429
298.46929
298.47414
298.47348
298.47334
298.47331
298.47318
298.4989
298.48947
298.49881
298.48942
298.49871
298.48929
298.49862
298.49081
298.49952
298.49082
298.49933
298.49064
298.49933
298.49064
298.47578
298.47554
298.47561
298.47155
298.46508
298.47139
298.46537
298.49722
298.47948
298.4932
298.48697
298.49704
298.47929
298.49302
298.48884
298.49447
298.48203
298.49793
298.48866
298.4943
298.48186
298.46939
298.47428
298.46919
298.48714
298.46342
298.47586
298.46984
298.48696
298.46319
298.47571
298.4735
298.47824
298.46664
298.48871
298.47339
298.4781
298.46645
298.46139
298.46122
298.48981
298.46134
298.47615
298.47588
298.48965
298.46119
298.47601
298.47824
298.47769
298.46435
298.49055
298.4781
298.47752
298.46424
298.46505
298.46285
298.46273
298.4798
298.46622
298.4708
298.47965
298.46605
298.489
298.47095
298.47257
298.48648
298.48884
298.47083
298.47243
298.4869
298.4733
298.47189
298.48902
298.48674
298.47315
298.47174
298.47102
298.46592
298.47969
298.4708
298.46566
298.46465
298.46426
298.46408
298.46721
298.47151
298.48042
298.46695
298.47133
298.48021
298.47423
298.48726
298.48958
298.47248
298.47404
298.48705
298.48936
298.47303
298.48964
298.48743
298.47421
298.47281
298.48943
298.4872
298.48064
298.472
298.46721
298.4804
298.47174
298.46618
298.46587
298.464
298.46381
298.47722
298.47755
298.4903
298.46351
298.47698
298.47731
298.49006
298.46529
298.4908
298.47845
298.4781
298.46512
298.49058
298.47826
298.46548
298.46525
298.47733
298.47234
298.48799
298.46533
298.47711
298.47211
298.48775
298.46655
298.48872
298.47361
298.47804
298.46641
298.48849
298.47339
298.467
298.4717
298.46679
298.4715
298.49352
298.48724
298.49712
298.48025
298.49327
298.48701
298.49688
298.4818
298.49774
298.48847
298.49395
298.4816
298.4975
298.48825
298.47395
298.46898
298.47379
298.47312
298.47298
298.4729
298.47276
298.4985
298.48909
298.49841
298.48898
298.49825
298.48885
298.49816
298.49044
298.49911
298.49044
298.49888
298.49022
298.49887
298.49022
298.47543
298.47518
298.47523
298.47122
298.46534
298.471
298.46501
298.49683
298.47911
298.49281
298.48653
298.49658
298.47889
298.49258
298.48847
298.4941
298.4817
298.49748
298.48824
298.49386
298.48147
298.46895
298.47388
298.46884
298.48676
298.46323
298.47554
298.46952
298.48654
298.46299
298.47533
298.47326
298.47793
298.46627
298.48828
298.47306
298.4777
298.4661
298.46101
298.46085
298.48946
298.46102
298.47586
298.47554
298.48925
298.46082
298.47568
298.47793
298.47737
298.46411
298.49015
298.47773
298.47717
298.4639
298.46471
298.46257
298.46262
298.47953
298.46571
298.47053
298.47933
298.46587
298.48865
298.47065
298.47226
298.48609
298.48843
298.47048
298.47207
298.48654
298.47298
298.47156
298.4886
298.48632
298.47278
298.47136
298.47068
298.46572
298.47931
298.47059
298.46594
298.46431
298.46384
298.46355
298.46671
298.47109
298.48001
298.46693
298.47086
298.47973
298.47383
298.48681
298.48912
298.47204
298.47358
298.48653
298.48884
298.47254
298.48918
298.48695
298.47372
298.47228
298.48889
298.48667
298.48013
298.47151
298.46646
298.47988
298.47127
298.46554
298.46557
298.46351
298.46317
298.47674
298.47708
298.4898
298.46293
298.47647
298.47674
298.4895
298.46491
298.49033
298.47805
298.4776
298.46465
298.49003
298.47778
298.46492
298.46463
298.47684
298.47182
298.48748
298.46473
298.47653
298.47154
298.48717
298.46619
298.48822
298.47313
298.47754
298.46596
298.48794
298.47286
298.46647
298.47121
298.46615
298.47092
298.493
298.48673
298.49659
298.47966
298.49268
298.48642
298.49627
298.48136
298.49723
298.488
298.49339
298.48107
298.49692
298.48771
298.47358
298.46846
298.4733
298.47264
298.4725
298.47235
298.47221
298.49797
298.48858
298.49788
298.48839
298.49765
298.48827
298.49757
298.48997
298.4986
298.48996
298.49829
298.48968
298.49828
298.48967
298.475
298.4747
298.47474
298.47071
298.46464
298.47042
298.46425
298.4963
298.47863
298.49231
298.48594
298.49598
298.47832
298.49199
298.48798
298.49359
298.48123
298.49689
298.48769
298.49329
298.48096
298.46857
298.47337
298.46832
298.48628
298.46273
298.47514
298.46892
298.48598
298.46245
298.47486
298.47284
298.4775
298.46584
298.48774
298.47258
298.47725
298.46579
298.4607
298.46049
298.48899
298.46084
298.47546
298.47509
298.48873
298.46055
298.47523
298.4775
298.47696
298.46373
298.48962
298.47729
298.47671
298.46353
298.46427
298.46241
298.46215
298.47912
298.46564
298.47007
298.47885
298.46541
298.48818
298.47031
298.47187
298.48558
298.48791
298.47008
298.47164
298.48608
298.47255
298.47116
298.48807
298.4858
298.47231
298.47092
298.47044
298.46566
298.47885
298.47016
298.4654
298.4639
298.46325
298.46293
298.46663
298.47064
298.47945
298.46635
298.47032
298.47911
298.4733
298.48622
298.48852
298.47149
298.47299
298.48586
298.48816
298.47201
298.48857
298.48636
298.4731
298.47166
298.48821
298.486
298.47957
298.471
298.46622
298.47924
298.47077
298.46521
298.4649
298.46282
298.46244
298.47615
298.47647
298.48917
298.4623
298.4758
298.47608
298.48878
298.46435
298.4897
298.47752
298.47696
298.46399
298.48932
298.47717
298.46433
298.46401
298.47619
298.47121
298.48683
298.46391
298.47581
298.47079
298.48643
298.46568
298.48762
298.47256
298.47694
298.46543
298.48725
298.47224
298.4658
298.4706
298.46536
298.47022
298.49233
298.48606
298.49591
298.47889
298.49193
298.48566
298.4955
298.48076
298.49657
298.48738
298.49267
298.48042
298.49617
298.48701
298.473
298.46777
298.4727
298.47202
298.47187
298.47163
298.47149
298.49729
298.48791
298.4972
298.48764
298.49688
298.48751
298.4968
298.48935
298.49792
298.48934
298.49753
298.48897
298.49752
298.48896
298.47444
298.47409
298.47409
298.47009
298.46404
298.46969
298.46356
298.49562
298.47798
298.49164
298.48518
298.49522
298.47759
298.49125
298.48736
298.49295
298.48065
298.49613
298.48698
298.49258
298.48032
298.46803
298.47271
298.46769
298.48565
298.46218
298.47457
298.46834
298.48527
298.46188
298.47424
298.47232
298.47698
298.46545
298.48708
298.47207
298.47668
298.4652
298.46022
298.46
298.4884
298.46032
298.47494
298.47447
298.48802
298.46001
298.47459
298.47701
298.47642
298.46327
298.48893
298.4767
298.4761
298.46303
298.46376
298.46183
298.46154
298.47858
298.4651
298.46946
298.47823
298.4649
298.4876
298.46977
298.47137
298.48492
298.48725
298.4695
298.4711
298.48548
298.47205
298.47064
298.4874
298.48513
298.47175
298.47038
298.46988
298.46511
298.47819
298.46958
298.46483
298.46338
298.46258
298.46216
298.46609
298.46997
298.4787
298.46543
298.46956
298.47826
298.47263
298.48545
298.48775
298.47077
298.47222
298.48498
298.48729
298.47128
298.4878
298.48558
298.4723
298.47089
298.48733
298.48512
298.47886
298.47048
298.46577
298.47842
298.4701
298.46458
298.46426
298.46206
298.46168
298.47538
298.47572
298.48835
298.46157
298.47493
298.4752
298.48785
298.46368
298.48891
298.47684
298.47618
298.46344
298.48843
298.47646
298.46372
298.4635
298.47538
298.47036
298.48598
298.46296
298.47491
298.46984
298.48545
298.46519
298.48685
298.47191
298.47624
298.46489
298.48637
298.4715
298.46491
298.46977
298.46445
298.46929
298.49147
298.48519
298.49504
298.47792
298.49095
298.48467
298.49451
298.48001
298.49571
298.48657
298.49174
298.47955
298.49519
298.48608
298.47234
298.46702
298.47193
298.47121
298.47106
298.47074
298.47058
298.49642
298.48706
298.49634
298.48668
298.4959
298.48655
298.49582
298.48854
298.49706
298.48853
298.49655
298.48806
298.49654
298.48804
298.47371
298.47331
298.4733
298.46927
298.46314
298.46881
298.46267
298.49475
298.47714
298.4908
298.4842
298.49422
298.47666
298.49028
298.48654
298.49215
298.47993
298.49516
298.48605
298.49167
298.47949
298.46735
298.47193
298.46702
298.48482
298.46153
298.47387
298.46751
298.48431
298.46111
298.47343
298.47177
298.47634
298.46495
298.48622
298.47145
298.47596
298.4647
298.45971
298.45932
298.48759
298.45968
298.4742
298.4737
298.48711
298.45934
298.47374
298.47638
298.47574
298.46279
298.48805
298.47599
298.47534
298.46256
298.46326
298.4612
298.46085
298.47785
298.46448
298.46868
298.47742
298.46412
298.48685
298.4692
298.47078
298.48406
298.48639
298.46883
298.47041
298.48471
298.47141
298.47003
298.48652
298.48423
298.47102
298.46961
298.46921
298.46449
298.47733
298.46882
298.46401
298.46284
298.46171
298.46118
298.46496
298.46909
298.47773
298.46455
298.46857
298.47709
298.47175
298.48443
298.48674
298.46978
298.47118
298.48374
298.48607
298.47038
298.48678
298.48458
298.47119
298.46977
298.48611
298.48391
298.4779
298.46965
298.46469
298.47724
298.46912
298.46394
298.46362
298.46122
298.46065
298.47439
298.47471
298.4873
298.4606
298.47376
298.47412
298.48664
298.46322
298.48789
298.47602
298.47513
298.46289
298.48725
298.47553
298.46328
298.46311
298.47436
298.46928
298.48485
298.46182
298.47369
298.46864
298.48412
298.46461
298.48581
298.47107
298.47528
298.46429
298.48514
298.47054
298.4639
298.46876
298.46332
298.46817
298.49036
298.48405
298.4939
298.47662
298.48967
298.48331
298.49319
298.47903
298.49459
298.48549
298.49051
298.47841
298.49389
298.48478
298.47149
298.46614
298.47093
298.47022
298.47006
298.46963
298.46947
298.4953
298.48596
298.49522
298.48536
298.49461
298.48524
298.49452
298.4875
298.49594
298.48748
298.49526
298.48682
298.49525
298.4868
298.47282
298.47231
298.47226
298.46826
298.46223
298.46769
298.46181
298.49361
298.47608
298.48969
298.48282
298.4929
298.47538
298.48898
298.48547
298.4911
298.47898
298.49386
298.48476
298.49044
298.47836
298.46667
298.47094
298.46625
298.48371
298.46075
298.47294
298.46658
298.48297
298.46032
298.47233
298.47106
298.47552
298.4644
298.48498
298.4706
298.47499
298.46398
298.45896
298.45859
298.48656
298.45895
298.47324
298.47263
298.48591
298.4585
298.47262
298.47555
298.47487
298.46227
298.48689
298.47503
298.47429
298.46196
298.46278
298.46045
298.45996
298.47689
298.46371
298.46773
298.47626
298.46324
298.48585
298.4684
298.46998
298.48282
298.48517
298.4679
298.46946
298.48366
298.47059
298.46918
298.48529
298.48296
298.47007
298.46866
298.4684
298.46359
298.47614
298.46785
298.46312
298.46207
298.46053
298.4595
298.46398
298.46787
298.47627
298.46299
298.46675
298.47514
298.47043
298.48283
298.4852
298.46799
298.46933
298.48145
298.48396
298.46901
298.48523
298.48303
298.46924
298.46792
298.48396
298.48171
298.47641
298.46843
298.46277
298.47529
298.46733
298.4631
298.46217
298.45997
298.45886
298.47293
298.47334
298.48582
298.45891
298.47176
298.4722
298.48465
298.48909
298.49216
298.49617
298.4817
298.48806
298.49126
298.49532
298.49467
298.49823
298.49842
298.49178
298.49362
298.4974
298.49775
298.4928
298.4984
298.49819
298.49361
298.49181
298.49772
298.49733
298.48364
298.4961
298.49234
298.48817
298.48243
298.49522
298.49144
298.46239
298.48646
298.47483
298.47332
298.46155
298.4854
298.47389
298.46274
298.46194
298.47289
298.4678
298.48319
298.46057
298.47174
298.46665
298.48183
298.49388
298.49289
298.49598
298.48429
298.49278
298.49173
298.49553
298.50024
298.50051
298.50153
298.4968
298.49936
298.49963
298.50083
298.50167
298.50284
298.50317
298.50045
298.50083
298.50198
298.50231
298.50119
298.50311
298.50272
298.5008
298.50035
298.50226
298.50184
298.4976
298.5014
298.50039
298.49919
298.49676
298.50067
298.49948
298.48629
298.49596
298.49336
298.49305
298.48528
298.49551
298.49224
298.46377
298.48428
298.46986
298.47356
298.46288
298.483
298.46879
298.46264
298.46742
298.46147
298.46624
298.48882
298.48231
298.49233
298.47451
298.48774
298.48081
298.4913
298.50012
298.49842
298.50063
298.4953
298.49921
298.49751
298.49996
298.50302
298.50272
298.50362
298.50117
298.50217
298.50188
298.50274
298.50371
298.50387
298.50397
298.50265
298.50285
298.503
298.5031
298.50338
298.50394
298.50378
298.5028
298.50251
298.50307
298.50289
298.50188
298.5035
298.50264
298.50201
298.50102
298.50261
298.50177
298.49645
298.50068
298.49862
298.49914
298.49558
298.49997
298.4977
298.4776
298.49305
298.48383
298.48867
298.47649
298.49205
298.48243
298.47024
298.46452
298.46921
298.46887
298.4687
298.46773
298.46755
298.49378
298.48429
298.4937
298.48307
298.49282
298.48294
298.49274
298.50174
298.49912
298.50173
298.49832
298.50091
298.49828
298.5009
298.50377
298.50306
298.50377
298.50222
298.5029
298.50222
298.5029
298.50404
298.50396
298.50404
298.50309
298.50317
298.5031
298.50317
298.50388
298.50402
298.50388
298.50314
298.503
298.50314
298.503
298.503
298.50368
298.503
298.50279
298.50215
298.50279
298.50215
298.49936
298.50179
298.49936
298.50094
298.4985
298.50094
298.49849
298.48593
298.49442
298.48591
298.49348
298.48466
298.49347
298.48463
298.47153
298.4705
298.47041
298.46696
298.46118
298.46581
298.46003
298.49204
298.47449
298.48813
298.48026
298.49101
298.47324
298.48702
298.50051
298.49578
298.49998
298.49737
298.49986
298.4949
298.49906
298.50361
298.50193
298.50299
298.50185
298.50274
298.50111
298.50214
298.50398
298.50347
298.50369
298.50301
298.50311
298.50263
298.50283
298.50378
298.50366
298.50337
298.50307
298.50289
298.50279
298.5025
298.50263
298.50288
298.50187
298.50261
298.50177
298.502
298.50102
298.4986
298.50005
298.4964
298.49995
298.49768
298.49912
298.49553
298.4838
298.48964
298.47757
298.49203
298.48237
298.48862
298.47648
298.4656
298.46916
298.46455
298.48201
298.45979
298.47155
298.4647
298.48057
298.45878
298.47041
298.49569
298.48456
298.49344
298.49113
298.49525
298.48344
298.49234
298.50141
298.49736
298.50008
298.4995
298.50072
298.49655
298.49919
298.50309
298.50113
298.50153
298.50191
298.50224
298.50029
298.50069
298.50269
298.50151
298.50107
298.5022
298.5018
298.50066
298.50022
298.50037
298.50002
298.4975
298.50064
298.49946
298.49913
298.49667
298.49325
298.49397
298.48604
298.49546
298.49212
298.49287
298.48498
298.46993
298.47428
298.46351
298.48282
298.46889
298.47323
298.46259
298.45806
298.45703
298.4851
298.45797
298.47181
298.47078
298.48392
298.45701
298.47065
298.49586
298.48249
298.48866
298.49086
298.49499
298.48114
298.48762
298.49811
298.49228
298.49417
298.49706
298.49742
298.49125
298.49308
298.49788
298.49419
298.49226
298.4974
298.49702
298.49311
298.49123
298.49205
298.48861
298.48284
298.49498
298.49115
298.48756
298.48153
298.47435
298.47354
298.46151
298.48498
298.47328
298.47243
298.46052
298.46138
298.45931
298.45828
298.47547
298.46268
298.46591
298.47433
298.46168
298.48428
298.46725
298.46874
298.48049
298.48298
298.46618
298.46763
298.48204
298.46936
298.46795
298.48312
298.48063
298.46828
298.46683
298.46708
298.46239
298.47413
298.46593
298.46124
298.46058
298.48705
298.49034
298.49444
298.49263
298.49652
298.49693
298.49082
298.49689
298.49642
298.48144
298.49429
298.49051
298.49175
298.49068
298.49483
298.49844
298.49873
298.49999
298.49991
298.50104
298.50137
298.49941
298.50131
298.50087
298.49585
298.49978
298.49854
298.48427
298.49479
298.49122
298.48664
298.48014
298.49027
298.49829
298.49659
298.49913
298.50124
298.50095
298.50178
298.50189
298.50204
298.50214
298.50154
298.5021
298.50191
298.50009
298.50163
298.50083
298.49465
298.49911
298.49675
298.47539
298.49107
298.48244
298.49185
298.48172
298.49178
298.49999
298.49738
298.49999
298.50194
298.50128
298.50194
298.5022
298.50214
298.5022
298.50202
298.50217
298.50202
298.5012
298.50182
298.5012
298.49758
298.50001
298.49758
298.48362
298.4925
298.4836
298.48999
298.47199
298.48591
298.49904
298.49397
298.49814
298.50178
298.50021
298.50121
298.50214
298.50169
298.50188
298.50191
298.50184
298.50154
298.50082
298.50104
298.50008
298.49674
298.49817
298.49461
298.48236
298.4876
298.47534
298.49455
298.48226
298.49132
298.49988
298.49567
298.49826
298.5013
298.49937
298.49975
298.50084
298.49973
298.49929
298.49852
298.49818
298.49578
298.4911
298.49185
298.48386
298.49408
298.48103
298.48659
298.49657
298.49024
298.49205
298.4961
298.49209
298.49024
298.49022
298.48656
298.48154
298.4943
298.49758
298.50195
298.48781
298.49426
298.49759
298.50194
298.49027
298.50233
298.49838
298.49478
298.48906
298.5022
298.49814
298.50161
298.48704
298.49367
298.4971
298.50159
298.48704
298.49365
298.49794
298.4939
298.48785
298.50182
298.49778
298.49392
298.48786
298.49426
298.49761
298.50194
298.48792
298.49428
298.49762
298.50194
298.48831
298.50207
298.49795
298.49428
298.48809
298.50201
298.49788
298.5016
298.48705
298.49366
298.49709
298.5016
298.48706
298.49367
298.49766
298.49395
298.48789
298.50179
298.49762
298.494
298.48796
298.49431
298.49764
298.50195
298.48801
298.49433
298.49766
298.50196
298.4882
298.50198
298.49788
298.49438
298.48827
298.50199
298.4979
298.50161
298.48706
298.49368
298.49709
298.50161
298.48706
298.49368
298.49763
298.49404
298.48802
298.50181
298.49765
298.49407
298.48807
298.49435
298.49768
298.50197
298.48807
298.49437
298.49769
298.50197
298.48833
298.502
298.49792
298.49446
298.48837
298.50202
298.49793
298.50161
298.48706
298.49369
298.49709
298.50162
298.48707
298.49371
298.49767
298.4941
298.48811
298.50183
298.49769
298.49411
298.48815
298.49441
298.49771
298.50198
298.48817
298.49444
298.49773
298.50199
298.48842
298.50203
298.49795
298.49451
298.48848
298.50204
298.49797
298.50162
298.48708
298.49372
298.49709
298.50162
298.48708
298.49372
298.49772
298.49413
298.48818
298.50184
298.49774
298.49416
298.48821
298.49447
298.49775
298.502
298.48828
298.49449
298.49777
298.502
298.48853
298.50205
298.49799
298.49454
298.48856
298.50205
298.498
298.50162
298.48708
298.49371
298.49711
298.50162
298.4871
298.49373
298.49775
298.49417
298.48824
298.50186
298.49776
298.49419
298.48826
298.49451
298.49779
298.50201
298.48838
298.49453
298.4978
298.50202
298.4886
298.50206
298.49801
298.49457
298.48864
298.50207
298.49802
298.50163
298.48713
298.49374
298.49712
298.50163
298.48712
298.49373
298.49778
298.49422
298.4883
298.50187
298.4978
298.49424
298.48833
298.49457
298.49782
298.50203
298.48849
298.49459
298.49784
298.50204
298.48868
298.50208
298.49803
298.49462
298.48872
298.50209
298.49804
298.50163
298.48712
298.49373
298.49713
298.50163
298.48713
298.49374
298.49781
298.49425
298.48836
298.50189
298.49782
298.49428
298.48839
298.49461
298.49786
298.50205
298.48857
298.49463
298.49787
298.50206
298.48876
298.5021
298.49806
298.49467
298.4888
298.50211
298.49807
298.50163
298.48714
298.49375
298.49713
298.50163
298.48715
298.49374
298.49783
298.4943
298.48841
298.5019
298.49784
298.49431
298.48843
298.49466
298.49789
298.50207
298.48865
298.49467
298.4979
298.50208
298.48883
298.50212
298.49808
298.49472
298.48888
298.50212
298.4981
298.50163
298.48717
298.49373
298.49714
298.50163
298.48717
298.49374
298.49784
298.49433
298.48844
298.50191
298.49784
298.49434
298.48845
298.49469
298.49792
298.50208
298.48871
298.4947
298.49793
298.50209
298.48891
298.50213
298.49811
298.49476
298.48894
298.50214
298.49811
298.50164
298.48718
298.49376
298.49715
298.50164
298.48719
298.49376
298.49784
298.49436
298.48846
298.50192
298.49785
298.49438
298.48848
298.49472
298.49794
298.50209
298.48876
298.49472
298.49795
298.5021
298.48896
298.50214
298.49812
298.49479
298.48898
298.50214
298.49813
298.50164
298.48721
298.49376
298.49716
298.50165
298.48723
298.49378
298.49786
298.49438
298.4885
298.50192
298.49786
298.49438
298.4885
298.49474
298.49796
298.5021
298.4888
298.49475
298.49796
298.5021
298.48901
298.50215
298.49813
298.49481
298.48903
298.50215
298.49814
298.50165
298.48725
298.49379
298.49718
298.50165
298.48726
298.4938
298.49786
298.49438
298.48851
298.50193
298.49786
298.4944
298.48852
298.49475
298.49797
298.5021
298.48882
298.49476
298.49797
298.5021
298.48905
298.50216
298.49814
298.49484
298.48907
298.50216
298.49814
298.50166
298.48728
298.49381
298.49718
298.50166
298.4873
298.49382
298.49786
298.49441
298.48851
298.50193
298.49786
298.49442
298.48852
298.49477
298.49797
298.5021
298.48883
298.49478
298.49797
298.50211
298.48908
298.50216
298.49814
298.49487
298.48911
298.50216
298.49815
298.50166
298.48732
298.49385
298.4972
298.50166
298.48735
298.49386
298.49786
298.49441
298.48853
298.50192
298.49785
298.49441
298.48853
298.49478
298.49796
298.5021
298.48885
298.49479
298.49796
298.5021
298.48914
298.50216
298.49816
298.49489
298.48914
298.50216
298.49816
298.50166
298.48737
298.49386
298.49722
298.50167
298.4874
298.49389
298.49785
298.49441
298.48853
298.50191
298.49785
298.4944
298.48852
298.49477
298.49797
298.5021
298.48884
298.49478
298.49796
298.50209
298.48914
298.50216
298.49815
298.49489
298.48916
298.50215
298.49815
298.50167
298.48743
298.4939
298.49722
298.50166
298.48745
298.49391
298.49784
298.49441
298.48853
298.5019
298.49784
298.49442
298.48853
298.49478
298.49796
298.50208
298.48884
298.49477
298.49795
298.50207
298.48916
298.50215
298.49815
298.49489
298.48915
298.50214
298.49814
298.50166
298.48746
298.49392
298.49723
298.50165
298.48752
298.49392
298.49783
298.4944
298.48853
298.50188
298.49782
298.4944
298.48852
298.49477
298.49794
298.50206
298.48885
298.49476
298.49793
298.50205
298.48914
298.50213
298.49812
298.49488
298.48913
298.50211
298.49811
298.50165
298.48758
298.49396
298.49725
298.50164
298.48762
298.49398
298.4978
298.49438
298.48852
298.50184
298.49778
298.49435
298.4885
298.49476
298.49791
298.50203
298.48882
298.49474
298.49788
298.502
298.48912
298.50209
298.49809
298.49485
298.4891
298.50207
298.49807
298.50163
298.48764
298.49397
298.49723
298.50161
298.48765
298.49398
298.49776
298.49434
298.48849
298.50179
298.49773
298.49432
298.48848
298.49471
298.49785
298.50197
298.48877
298.49469
298.49782
298.50193
298.48909
298.50204
298.49805
298.49482
298.48907
298.502
298.49802
298.50158
298.48767
298.49398
298.49719
298.50155
298.48766
298.49396
298.49771
298.4943
298.48847
298.50172
298.49767
298.49427
298.48844
298.49466
298.49777
298.50188
298.48869
298.4946
298.49772
298.50183
298.48904
298.50196
298.49797
298.49472
298.48899
298.5019
298.49791
298.50151
298.48767
298.49393
298.49712
298.50147
298.48767
298.49391
298.49763
298.49422
298.4884
298.50162
298.49757
298.49418
298.48836
298.49455
298.49765
298.50176
298.48856
298.49448
298.49758
298.50169
298.48892
298.50183
298.49784
298.49458
298.48885
298.50176
298.49777
298.50141
298.48767
298.49388
298.49703
298.50134
298.48765
298.49385
298.49751
298.49411
298.4883
298.50147
298.49743
298.49404
298.48822
298.4944
298.49749
298.5016
298.48839
298.4943
298.4974
298.5015
298.48879
298.50167
298.49768
298.49443
298.48872
298.50156
298.49759
298.50126
298.48762
298.49379
298.49688
298.50117
298.48757
298.49371
298.49734
298.49394
298.48814
298.50127
298.49724
298.49384
298.48804
298.4942
298.49728
298.50138
298.48816
298.49407
298.49714
298.50124
298.48862
298.50144
298.49748
298.49419
298.4885
298.5013
298.49735
298.50105
298.4875
298.49363
298.49665
298.50092
298.4874
298.49351
298.49712
298.49374
298.48793
298.50101
298.49698
298.4936
298.4878
298.49391
298.49698
298.50107
298.48782
298.49373
298.4968
298.50089
298.48837
298.50114
298.49719
298.49387
298.4882
298.50095
298.49701
298.50076
298.48727
298.49336
298.49634
298.50059
298.48713
298.4932
298.49682
298.49344
298.48765
298.50066
298.49665
298.49327
298.48748
298.49353
298.49659
298.50067
298.48741
298.4933
298.49635
298.50043
298.488
298.50073
298.4968
298.49342
298.48777
298.50048
298.49656
298.50038
298.48696
298.49302
298.49591
298.50014
298.48676
298.49281
298.49645
298.49308
298.4873
298.5002
298.49622
298.49286
298.4871
298.49305
298.49608
298.50015
298.48686
298.49274
298.49577
298.49984
298.48752
298.5002
298.49629
298.49287
298.48724
298.49989
298.49599
298.49986
298.48652
298.49256
298.49535
298.49956
298.48625
298.49227
298.49595
298.4926
298.48686
298.4996
298.49565
298.4923
298.48657
298.49241
298.49543
298.49948
298.48616
298.49203
298.49504
298.49909
298.48692
298.49952
298.49564
298.49214
298.48656
298.49911
298.49524
298.4992
298.48593
298.49195
298.49462
298.4988
298.48554
298.49155
298.4953
298.49196
298.48624
298.49883
298.49491
298.49157
298.48587
298.49159
298.4946
298.49863
298.48523
298.4911
298.4941
298.49812
298.48615
298.49864
298.49479
298.49121
298.48567
298.49812
298.49429
298.49834
298.4851
298.49112
298.49369
298.49783
298.48462
298.49064
298.49447
298.49113
298.48545
298.49785
298.49398
298.49065
298.48498
298.49055
298.49353
298.49754
298.48396
298.48989
298.4929
298.4969
298.48512
298.49752
298.49372
298.49
298.48447
298.49685
298.49308
298.49725
298.48407
298.49009
298.4925
298.4966
298.48339
298.48946
298.49342
298.49008
298.48442
298.4966
298.49278
298.48942
298.48374
)
;

boundaryField
{
    walls
    {
        type            zeroGradient;
    }
    cell3_to_fluid
    {
        type            compressible::turbulentTemperatureCoupledBaffleMixed;
        refValue        nonuniform List<scalar> 
4936
(
298.28203
298.28203
298.19137
298.20675
298.22105
298.27892
298.1941
298.25303
298.25818
298.26243
298.26243
298.25676
298.20691
298.19658
298.19193
298.30644
298.19665
298.21058
298.23127
298.20448
298.20926
298.27006
298.30494
298.30494
298.24892
298.24892
298.26117
298.21865
298.2457
298.2457
298.28141
298.25621
298.21419
298.19367
298.20828
298.20032
298.27921
298.27921
298.18678
298.20037
298.21345
298.28139
298.24688
298.25094
298.26246
298.2806
298.2806
298.26481
298.21518
298.20937
298.19378
298.32262
298.20279
298.21395
298.23985
298.20704
298.20686
298.26994
298.31813
298.31813
298.24682
298.24682
298.27625
298.28003
298.24286
298.24286
298.27942
298.26664
298.23481
298.19827
298.21363
298.21082
298.28209
298.28209
298.18843
298.20083
298.21096
298.27335
298.25261
298.25807
298.2716
298.29654
298.29654
298.2659
298.22497
298.22758
298.19851
298.32444
298.21255
298.22086
298.23875
298.2147
298.21185
298.27522
298.32407
298.32407
298.25275
298.25275
298.28987
298.29627
298.24608
298.24608
298.28053
298.28263
298.249
298.20137
298.21708
298.22067
298.2857
298.2857
298.19016
298.20261
298.21202
298.27204
298.25462
298.26217
298.2774
298.29929
298.29929
298.27406
298.22829
298.23508
298.20054
298.32612
298.2143
298.22501
298.23908
298.22008
298.21341
298.27347
298.32354
298.32354
298.25307
298.25307
298.29485
298.29864
298.2497
298.2497
298.28442
298.28971
298.25253
298.20295
298.21848
298.22494
298.28843
298.28843
298.19072
298.20321
298.21369
298.27184
298.25516
298.26359
298.27934
298.29896
298.29896
298.27873
298.23077
298.23466
298.20318
298.32026
298.21637
298.22752
298.23935
298.22286
298.21462
298.28087
298.32566
298.32566
298.25321
298.25321
298.29828
298.30165
298.24886
298.24886
298.28174
298.29101
298.25185
298.20275
298.21844
298.23037
298.28982
298.28982
298.1909
298.20329
298.21464
298.273
298.25412
298.26709
298.27952
298.29837
298.29837
298.2838
298.23098
298.2389
298.20411
298.31741
298.21726
298.22888
298.23974
298.22425
298.21676
298.27804
298.32858
298.32858
298.25595
298.25595
298.29531
298.30277
298.25133
298.25133
298.28567
298.288
298.25169
298.20321
298.21766
298.23248
298.29381
298.29381
298.19086
298.20396
298.21599
298.277
298.25234
298.27103
298.28511
298.29771
298.29771
298.28122
298.23555
298.23978
298.20518
298.32549
298.21605
298.22934
298.24005
298.22474
298.21838
298.2838
298.32714
298.32714
298.25643
298.25643
298.29645
298.29886
298.24927
298.24927
298.28466
298.28882
298.25031
298.20505
298.21829
298.23583
298.30703
298.30703
298.18922
298.20573
298.21734
298.27926
298.25396
298.2758
298.28946
298.30214
298.30214
298.28475
298.2324
298.23981
298.20476
298.3195
298.21629
298.22924
298.24028
298.22472
298.21946
298.28425
298.32522
298.32522
298.25914
298.25914
298.29932
298.30033
298.24946
298.24946
298.28099
298.29113
298.24944
298.2044
298.21671
298.23775
298.31443
298.31443
298.19071
298.20808
298.21921
298.28464
298.25659
298.28236
298.28539
298.29702
298.29702
298.28707
298.23296
298.23441
298.20445
298.31667
298.21494
298.22929
298.24039
298.22458
298.22084
298.2849
298.32942
298.32942
298.25885
298.25885
298.29483
298.30144
298.25172
298.25172
298.28487
298.28515
298.25055
298.20548
298.21467
298.24099
298.30991
298.30991
298.19187
298.21062
298.22175
298.2896
298.25729
298.27951
298.28607
298.29819
298.29819
298.28781
298.23259
298.23633
298.20599
298.32119
298.21422
298.22956
298.24039
298.22437
298.22219
298.28342
298.3311
298.3311
298.26016
298.26016
298.29735
298.29781
298.25295
298.25295
298.28941
298.285
298.24895
298.20744
298.21455
298.24214
298.3085
298.3085
298.19433
298.21486
298.22269
298.2943
298.25298
298.27832
298.29398
298.29748
298.29748
298.28891
298.23017
298.23371
298.2061
298.32153
298.21084
298.2301
298.24018
298.22505
298.22424
298.28319
298.32658
298.32658
298.25625
298.25625
298.29781
298.3002
298.25115
298.25115
298.28496
298.28381
298.25003
298.20676
298.21323
298.24284
298.31069
298.31069
298.19723
298.21884
298.22111
298.30292
298.2444
298.28478
298.28867
298.30144
298.30144
298.28825
298.23287
298.23323
298.20569
298.32379
298.20872
298.23057
298.23986
298.22588
298.22632
298.28888
298.32781
298.32781
298.2608
298.2608
298.29894
298.3004
298.25122
298.25122
298.28988
298.28603
298.25019
298.20654
298.21157
298.24262
298.31508
298.31508
298.20181
298.22261
298.21976
298.30604
298.24282
298.28612
298.28848
298.29877
298.29877
298.29326
298.23256
298.23136
298.20672
298.32806
298.20609
298.23079
298.23924
298.22593
298.22771
298.29155
298.33121
298.33121
298.2603
298.2603
298.29579
298.30173
298.25257
298.25257
298.28933
298.28629
298.25004
298.20731
298.21239
298.24263
298.31682
298.31682
298.20503
298.22517
298.21822
298.30688
298.24034
298.28375
298.28867
298.29507
298.29507
298.29234
298.23101
298.22866
298.20673
298.32984
298.20249
298.23098
298.2384
298.22606
298.22909
298.29129
298.32293
298.32293
298.26117
298.26117
298.29313
298.29869
298.25409
298.25409
298.28896
298.28546
298.24752
298.20815
298.21472
298.24203
298.31488
298.31488
298.2085
298.22787
298.21683
298.31145
298.23813
298.28247
298.28897
298.29924
298.29924
298.29323
298.22888
298.22528
298.20366
298.32823
298.20203
298.23136
298.23806
298.22597
298.22998
298.29271
298.32471
298.32471
298.26101
298.26101
298.29647
298.30043
298.25601
298.25601
298.29169
298.28017
298.24116
298.20925
298.22362
298.24052
298.31376
298.31376
298.20928
298.22923
298.21693
298.31215
298.23836
298.28278
298.29399
298.29924
298.29924
298.29197
298.2281
298.22834
298.20485
298.3327
298.20127
298.23186
298.23767
298.22537
298.23099
298.29678
298.32254
298.32254
298.26414
298.26414
298.294
298.29916
298.25635
298.25635
298.29618
298.28421
298.23663
298.21148
298.23929
298.23176
298.31551
298.31551
298.20936
298.22996
298.21691
298.30834
298.2395
298.28743
298.29036
298.29801
298.29801
298.29008
298.2256
298.22666
298.20531
298.33148
298.20098
298.23202
298.23717
298.22637
298.23141
298.29558
298.31983
298.31983
298.26481
298.26481
298.29172
298.30091
298.25511
298.25511
298.29716
298.28272
298.23862
298.21428
298.24178
298.22975
298.31307
298.31307
298.21216
298.23131
298.21595
298.31342
298.2385
298.28572
298.28884
298.29771
298.29771
298.29077
298.22261
298.22571
298.2033
298.32869
298.19972
298.23242
298.23688
298.22625
298.23176
298.29779
298.3244
298.3244
298.26646
298.26646
298.29414
298.29391
298.25802
298.25802
298.29748
298.28454
298.23497
298.21465
298.24189
298.22813
298.31533
298.31533
298.21392
298.23223
298.21577
298.31351
298.23762
298.28616
298.28933
298.29657
298.29657
298.28752
298.22469
298.22318
298.20437
298.32673
298.19831
298.23249
298.23671
298.22636
298.23214
298.29768
298.32276
298.32276
298.26416
298.26416
298.29116
298.29932
298.2599
298.2599
298.30042
298.28525
298.23084
298.21616
298.24228
298.2283
298.31663
298.31663
298.21426
298.23272
298.21437
298.3122
298.2346
298.28701
298.29557
298.29732
298.29732
298.28973
298.22516
298.2287
298.20449
298.3307
298.20052
298.23289
298.23682
298.22687
298.23197
298.29866
298.32289
298.32289
298.26599
298.26599
298.29076
298.29797
298.26112
298.26112
298.30379
298.28416
298.2269
298.21661
298.24281
298.22382
298.31557
298.31557
298.21564
298.23313
298.21304
298.3108
298.23048
298.28601
298.29614
298.29359
298.29359
298.29474
298.22951
298.22366
298.20574
298.33125
298.20001
298.233
298.23673
298.22675
298.23236
298.29345
298.32163
298.32163
298.26339
298.26339
298.29068
298.3003
298.25986
298.25986
298.30245
298.28911
298.22175
298.21701
298.24282
298.22309
298.31693
298.31693
298.21618
298.23379
298.21303
298.3134
298.23246
298.2854
298.29304
298.29584
298.29584
298.29439
298.22885
298.22816
298.20557
298.3317
298.20068
298.23317
298.23675
298.22733
298.23248
298.30438
298.32459
298.32459
298.27118
298.27118
298.28478
298.30068
298.26341
298.26341
298.32047
298.28608
298.22352
298.21604
298.24152
298.22105
298.31882
298.31882
298.21604
298.23418
298.21334
298.3132
298.23393
298.28262
298.28855
298.29891
298.29891
298.29398
298.2284
298.22684
298.20777
298.33074
298.19913
298.23358
298.23686
298.22757
298.23225
298.29654
298.31999
298.31999
298.2725
298.2725
298.28944
298.30217
298.26268
298.26268
298.31831
298.28296
298.22582
298.2143
298.24013
298.22079
298.31909
298.31909
298.21646
298.23443
298.21352
298.31613
298.23462
298.28618
298.29291
298.29872
298.29872
298.28626
298.22423
298.22722
298.20489
298.32927
298.20007
298.23338
298.23732
298.22742
298.23136
298.29927
298.31928
298.31928
298.27034
298.27034
298.29275
298.29941
298.26504
298.26504
298.31522
298.28631
298.2222
298.2133
298.23921
298.21837
298.32136
298.32136
298.21779
298.235
298.21327
298.31588
298.23747
298.28571
298.29317
298.29322
298.29322
298.28947
298.22226
298.22775
298.20448
298.33073
298.19995
298.23269
298.23731
298.22714
298.23114
298.30734
298.32218
298.32218
298.27328
298.27328
298.28934
298.29441
298.26595
298.26595
298.32131
298.28537
298.22316
298.21327
298.23907
298.21858
298.31866
298.31866
298.22183
298.23525
298.21218
298.31596
298.23695
298.28518
298.29275
298.2976
298.2976
298.29121
298.22397
298.2263
298.20622
298.33124
298.19876
298.23269
298.23695
298.22742
298.23125
298.29607
298.32358
298.32358
298.27152
298.27152
298.29295
298.29673
298.26426
298.26426
298.31943
298.28247
298.2227
298.21335
298.23926
298.21795
298.31578
298.31578
298.22304
298.2355
298.21059
298.31474
298.23061
298.28867
298.29255
298.3019
298.3019
298.29212
298.22805
298.22743
298.20564
298.33307
298.20143
298.23293
298.23736
298.22773
298.2298
298.30729
298.32449
298.32449
298.26988
298.26988
298.29268
298.30158
298.26507
298.26507
298.31817
298.28343
298.216
298.2133
298.23906
298.2147
298.31169
298.31169
298.22133
298.23524
298.20809
298.31175
298.22744
298.28709
298.28467
298.29953
298.29953
298.29459
298.22754
298.22856
298.20667
298.3303
298.20167
298.23316
298.23787
298.22765
298.22766
298.30472
298.3265
298.3265
298.2684
298.2684
298.29662
298.30054
298.2671
298.2671
298.32028
298.28123
298.22258
298.2141
298.2389
298.21486
298.31888
298.31888
298.22186
298.23483
298.20547
298.30929
298.22066
298.28342
298.28676
298.29759
298.29759
298.29241
298.22641
298.22695
298.20608
298.32727
298.20194
298.23362
298.23818
298.22819
298.2267
298.30713
298.3249
298.3249
298.26998
298.26998
298.28945
298.29827
298.26497
298.26497
298.31987
298.27986
298.22174
298.21552
298.23892
298.21485
298.3201
298.3201
298.22548
298.23479
298.20533
298.31462
298.22335
298.28332
298.28653
298.29109
298.29109
298.28599
298.22883
298.23292
298.20659
298.32658
298.20604
298.23274
298.23857
298.22573
298.22652
298.30213
298.32476
298.32476
298.27117
298.27117
298.29032
298.29542
298.26623
298.26623
298.31968
298.28431
298.22541
298.21603
298.23872
298.21564
298.31682
298.31682
298.22904
298.23498
298.20705
298.31878
298.23307
298.28441
298.29473
298.2981
298.2981
298.28697
298.22644
298.24325
298.20119
298.32693
298.20888
298.2246
298.2388
298.2187
298.22639
298.29982
298.32902
298.32902
298.26965
298.26965
298.29578
298.30113
298.27139
298.27139
298.32054
298.28558
298.22346
298.21692
298.24093
298.21883
298.32812
298.32812
298.23327
298.23563
298.21191
298.32017
298.25854
298.28316
298.29641
298.3149
298.3149
298.28237
298.23594
298.25213
298.20757
298.33185
298.21476
298.23315
298.23944
298.22703
298.22835
298.32193
298.33498
298.33498
298.28783
298.28783
298.31634
298.31886
298.2711
298.2711
298.3292
298.29927
298.23232
298.22319
298.25178
298.22847
298.29371
298.29371
298.21228
298.23746
298.20895
298.23495
298.29388
298.19776
298.20639
298.23986
298.27913
298.27122
298.20511
298.2212
298.24544
298.24461
298.22812
298.21907
298.29603
298.29603
298.27578
298.21145
298.18063
298.22126
298.23866
298.23455
298.23319
298.22324
298.22677
298.22893
298.23293
298.20345
298.20076
298.24253
298.23871
298.23467
298.23292
298.22827
298.23134
298.23328
298.30143
298.2161
298.23406
298.22247
298.21183
298.24107
298.23439
298.23173
298.23133
298.23007
298.23379
298.23658
298.23989
298.24573
298.21797
298.20281
298.24177
298.23775
298.23417
298.23274
298.22858
298.23135
298.23245
298.23084
298.23725
298.26705
298.18954
298.21834
298.24104
298.23645
298.23467
298.22931
298.23154
298.23289
298.31165
298.31165
298.25626
298.25626
298.2051
298.23609
298.23229
298.23234
298.23118
298.23417
298.28895
298.28301
298.22682
298.25882
298.25882
298.29617
298.20264
298.2325
298.23118
298.21364
298.26144
298.23911
298.21445
298.20849
298.22494
298.2207
298.19294
298.27913
298.18859
298.21317
298.21974
298.20845
298.22169
298.2115
298.23767
298.23325
298.23762
298.20757
298.22384
298.2374
298.22955
298.29388
298.21464
298.21473
298.27462
298.2153
298.27462
298.27122
298.27578
298.20215
298.21691
298.21878
298.23052
298.2215
298.22702
298.22848
298.29261
298.22964
298.29261
298.28311
298.28311
298.20217
298.19453
298.21169
298.22873
298.23498
298.23931
298.30143
298.18158
298.21589
298.18683
298.2325
298.23805
298.19322
298.22241
298.19312
298.23941
298.24554
298.18765
298.21088
298.18128
298.26705
298.21152
298.23124
298.22226
298.20304
298.17823
298.19434
298.23525
298.22668
298.22719
298.22815
298.28895
298.26568
298.18605
298.26568
298.22519
298.19132
298.21375
298.22716
298.22363
298.22382
298.28301
298.26144
298.18285
298.18986
298.22165
298.29617
298.20628
298.20775
298.23122
298.20488
298.20289
298.20961
298.22391
298.20249
298.20201
298.2238
298.26788
298.21386
298.26788
298.19285
298.18076
298.17986
298.19972
298.18717
298.1958
298.21829
298.20734
298.21304
298.21889
298.159
298.25303
298.15754
298.2494
298.2494
298.27825
298.27825
298.27892
298.28734
298.28734
298.26225
298.26225
298.22558
298.2665
298.2665
298.25818
298.25676
298.26126
298.26126
298.25865
298.25865
298.26874
298.26296
298.26296
298.26874
298.26984
298.26984
298.28459
298.28459
298.21041
298.29675
298.29675
298.30644
298.20007
298.31471
298.31471
298.2042
298.19171
298.2041
298.22383
298.19733
298.2258
298.21049
298.21107
298.21094
298.22212
298.24099
298.22966
298.19533
298.27006
298.20436
298.19486
298.26813
298.18448
298.20502
298.18664
298.31196
298.20977
298.26813
298.21521
298.24716
298.18694
298.26117
298.31196
298.18682
298.26576
298.24887
298.24887
298.24716
298.25229
298.25229
298.24271
298.21865
298.25621
298.26112
298.25912
298.26576
298.26112
298.16676
298.24271
298.16755
298.28141
298.18388
298.28025
298.28025
298.18666
298.2017
298.19525
298.20114
298.20608
298.20985
298.20846
298.27321
298.27321
298.26555
298.26555
298.20515
298.25912
298.2229
298.18086
298.18187
298.19316
298.18754
298.19302
298.20726
298.20032
298.20645
298.21107
298.16098
298.25094
298.16385
298.25544
298.25544
298.28001
298.28001
298.28139
298.27633
298.27633
298.27646
298.27646
298.25187
298.28609
298.28609
298.26246
298.26481
298.2683
298.2683
298.26604
298.26604
298.28829
298.27934
298.27934
298.28829
298.29119
298.29119
298.29962
298.29962
298.22087
298.31057
298.31057
298.32262
298.21828
298.32144
298.32144
298.2062
298.19524
298.2098
298.2296
298.20965
298.23208
298.21385
298.2177
298.21757
298.2299
298.2389
298.23035
298.19693
298.26994
298.21112
298.20163
298.27078
298.19045
298.20963
298.19251
298.3206
298.21983
298.27078
298.22287
298.24788
298.1935
298.27625
298.3206
298.20095
298.28523
298.2534
298.2534
298.24788
298.25501
298.25501
298.24571
298.28003
298.26664
298.2907
298.27686
298.28523
298.2907
298.17037
298.24571
298.17355
298.27942
298.18912
298.28092
298.28092
298.19201
298.2029
298.2006
298.20626
298.21398
298.21584
298.2188
298.26949
298.26949
298.27605
298.27605
298.21644
298.27686
298.24422
298.18255
298.18359
298.1936
298.18938
298.19447
298.20665
298.20175
298.20722
298.21125
298.16595
298.25807
298.16681
298.26131
298.26131
298.28356
298.28356
298.27335
298.27308
298.27308
298.28809
298.28809
298.25433
298.29192
298.29192
298.2716
298.2659
298.27344
298.27344
298.26988
298.26988
298.2964
298.29267
298.29267
298.2964
298.29283
298.29283
298.30543
298.30543
298.22709
298.31652
298.31652
298.32444
298.23128
298.32215
298.32215
298.21283
298.19808
298.21466
298.23362
298.21424
298.23369
298.22076
298.22303
298.22291
298.231
298.23882
298.23147
298.20557
298.27522
298.2174
298.20864
298.27292
298.19548
298.21288
298.19586
298.32407
298.22462
298.27292
298.22676
298.25123
298.20348
298.28987
298.32407
298.20743
298.2958
298.25685
298.25685
298.25123
298.25992
298.25992
298.24727
298.29627
298.28263
298.29735
298.28692
298.2958
298.29735
298.17516
298.24727
298.17614
298.28053
298.19276
298.28204
298.28204
298.19363
298.20736
298.20203
298.20814
298.22096
298.21775
298.22308
298.27693
298.27693
298.27857
298.27857
298.22346
298.28692
298.25178
298.18432
298.18468
298.19503
298.19027
298.19585
298.20787
298.20262
298.20873
298.21313
298.16839
298.26217
298.1687
298.26401
298.26401
298.28676
298.28676
298.27204
298.2707
298.2707
298.29175
298.29175
298.25361
298.29499
298.29499
298.2774
298.27406
298.27629
298.27629
298.27365
298.27365
298.29809
298.29446
298.29446
298.29809
298.29415
298.29415
298.31798
298.31798
298.23179
298.31752
298.31752
298.32612
298.23501
298.3165
298.3165
298.2164
298.20197
298.21789
298.23388
298.21705
298.23405
298.22485
298.22636
298.22624
298.23193
298.2392
298.23229
298.21073
298.27347
298.22164
298.21248
298.27767
298.19584
298.21385
298.19521
298.32383
298.22695
298.27767
298.22825
298.25519
298.20651
298.29485
298.32383
298.20648
298.29714
298.26087
298.26087
298.25519
298.25768
298.25768
298.24946
298.29864
298.28971
298.30017
298.28872
298.29714
298.30017
298.17746
298.24946
298.17815
298.28442
298.19561
298.2826
298.2826
298.19521
298.20924
298.20299
298.20933
298.22446
298.21881
298.22559
298.28108
298.28108
298.28153
298.28153
298.229
298.28872
298.25304
298.18545
298.18473
298.19639
298.19029
298.19613
298.20914
298.20346
298.20936
298.21444
298.16796
298.26359
298.16855
298.26484
298.26484
298.28687
298.28687
298.27184
298.27006
298.27006
298.29308
298.29308
298.25366
298.29369
298.29369
298.27934
298.27873
298.27848
298.27848
298.28494
298.28494
298.29705
298.29615
298.29615
298.29705
298.29572
298.29572
298.31897
298.31897
298.22906
298.31865
298.31865
298.32026
298.2359
298.32158
298.32158
298.21914
298.20312
298.21942
298.23436
298.21588
298.23428
298.22731
298.22823
298.22799
298.23274
298.23954
298.2334
298.21304
298.28087
298.22377
298.2137
298.27988
298.1963
298.21583
298.19794
298.32877
298.2311
298.27988
298.23082
298.25666
298.20763
298.29828
298.32877
298.21035
298.29782
298.25954
298.25954
298.25666
298.26265
298.26265
298.24901
298.30165
298.29101
298.30079
298.29012
298.29782
298.30079
298.17749
298.24901
298.17783
298.28174
298.19487
298.27973
298.27973
298.19436
298.20887
298.20226
298.20853
298.22628
298.21768
298.22715
298.28419
298.28419
298.28696
298.28696
298.23137
298.29012
298.25111
298.18581
298.18592
298.19682
298.19098
298.19691
298.20998
298.2037
298.21004
298.21517
298.1691
298.26709
298.17203
298.27142
298.27142
298.29105
298.29105
298.273
298.27417
298.27417
298.29181
298.29181
298.25306
298.29365
298.29365
298.27952
298.2838
298.28549
298.28549
298.28336
298.28336
298.29603
298.29368
298.29368
298.29603
298.2925
298.2925
298.3193
298.3193
298.23337
298.32465
298.32465
298.31741
298.23968
298.3181
298.3181
298.21987
298.2044
298.22009
298.23415
298.21719
298.23387
298.22846
298.22922
298.22879
298.23399
298.23993
298.23452
298.2148
298.27804
298.22444
298.21461
298.28118
298.19789
298.21745
298.19839
298.3268
298.23059
298.28118
298.23091
298.25694
298.21613
298.29531
298.3268
298.21234
298.29717
298.26199
298.26199
298.25694
298.26566
298.26566
298.25196
298.30277
298.288
298.29842
298.28879
298.29717
298.29842
298.17893
298.25196
298.17996
298.28567
298.19634
298.2863
298.2863
298.1981
298.20913
298.20493
298.21064
298.228
298.21846
298.22961
298.2902
298.2902
298.2927
298.2927
298.23434
298.28879
298.25171
298.18593
298.18463
298.19721
298.19
298.19756
298.21101
298.20442
298.2118
298.21652
298.17233
298.27103
298.17507
298.27071
298.27071
298.2985
298.2985
298.277
298.27982
298.27982
298.29481
298.29481
298.25363
298.29485
298.29485
298.28511
298.28122
298.29134
298.29134
298.28578
298.28578
298.30056
298.29457
298.29457
298.30056
298.29476
298.29476
298.32149
298.32149
298.23232
298.31861
298.31861
298.32549
298.23972
298.32427
298.32427
298.22034
298.20482
298.22026
298.23386
298.21548
298.23369
298.22901
298.22934
298.22925
298.23496
298.24021
298.23525
298.21402
298.2838
298.22483
298.21591
298.28058
298.19997
298.21874
298.20041
298.32578
298.23219
298.28058
298.23231
298.25552
298.20884
298.29645
298.32578
298.20771
298.29842
298.26413
298.26413
298.25552
298.26111
298.26111
298.24748
298.29886
298.28882
298.29817
298.28739
298.29842
298.29817
298.17807
298.24748
298.17567
298.28466
298.1982
298.28095
298.28095
298.19728
298.21089
298.20448
298.21072
298.23049
298.21764
298.23088
298.29243
298.29243
298.29345
298.29345
298.23805
298.28739
298.25064
298.18209
298.18234
298.19743
298.18985
298.19807
298.21228
298.20664
298.21354
298.2184
298.18314
298.2758
298.19254
298.28289
298.28289
298.31543
298.31543
298.27926
298.2804
298.2804
298.2945
298.2945
298.25578
298.29188
298.29188
298.28946
298.28475
298.28674
298.28674
298.28666
298.28666
298.30077
298.29692
298.29692
298.30077
298.2935
298.2935
298.32231
298.32231
298.23116
298.32148
298.32148
298.3195
298.23772
298.31901
298.31901
298.22023
298.205
298.22026
298.23338
298.21515
298.23301
298.22944
298.22931
298.22953
298.23558
298.24037
298.23595
298.21587
298.28425
298.22487
298.2164
298.28734
298.20042
298.21987
298.20076
298.32765
298.23099
298.28734
298.23312
298.25796
298.20782
298.29932
298.32765
298.21198
298.29924
298.26229
298.26229
298.25796
298.2617
298.2617
298.25051
298.30033
298.29113
298.30238
298.28712
298.29924
298.30238
298.17584
298.25051
298.17774
298.28099
298.19729
298.28297
298.28297
298.19774
298.21058
298.20488
298.2111
298.23156
298.21563
298.23188
298.29837
298.29837
298.2944
298.2944
298.24041
298.28712
298.24949
298.18271
298.18284
298.19936
298.1915
298.20055
298.21476
298.20963
298.21604
298.22102
298.1949
298.28236
298.19493
298.28162
298.28162
298.31329
298.31329
298.28464
298.28571
298.28571
298.29287
298.29287
298.25622
298.29536
298.29536
298.28539
298.28707
298.28695
298.28695
298.28632
298.28632
298.29762
298.29381
298.29381
298.29762
298.29271
298.29271
298.32517
298.32517
298.23236
298.32432
298.32432
298.31667
298.23531
298.32042
298.32042
298.22018
298.20551
298.2205
298.23277
298.21437
298.23259
298.22931
298.22949
298.22932
298.23659
298.24037
298.23682
298.21611
298.2849
298.22443
298.21622
298.28153
298.20124
298.22118
298.20099
298.33417
298.23321
298.28153
298.23316
298.25795
298.22442
298.29483
298.33417
298.2275
298.29615
298.26178
298.26178
298.25795
298.2639
298.2639
298.25121
298.30144
298.28515
298.30116
298.28354
298.29615
298.30116
298.17801
298.25121
298.17895
298.28487
298.19895
298.28597
298.28597
298.19974
298.21155
298.20611
298.2122
298.23165
298.21443
298.23172
298.29722
298.29722
298.30202
298.30202
298.2406
298.28354
298.2501
298.18268
298.1838
298.20165
298.19291
298.20329
298.21727
298.21242
298.21867
298.22208
298.19444
298.27951
298.19485
298.27903
298.27903
298.31156
298.31156
298.2896
298.29208
298.29208
298.29522
298.29522
298.25748
298.29276
298.29276
298.28607
298.28781
298.28826
298.28826
298.29088
298.29088
298.2995
298.29318
298.29318
298.2995
298.2928
298.2928
298.32609
298.32609
298.22978
298.32561
298.32561
298.32119
298.23561
298.31958
298.31958
298.22058
298.20543
298.22088
298.23185
298.2133
298.23129
298.22934
298.22972
298.22953
298.23727
298.24033
298.23782
298.21544
298.28342
298.22469
298.21548
298.28651
298.20191
298.22288
298.20389
298.33001
298.23233
298.28651
298.23287
298.258
298.22535
298.29735
298.33001
298.22308
298.2999
298.2668
298.2668
298.258
298.26506
298.26506
298.25283
298.29781
298.285
298.302
298.28349
298.2999
298.302
298.17946
298.25283
298.17941
298.28941
298.20109
298.2875
298.2875
298.20065
298.21261
298.20725
298.21247
298.23187
298.21424
298.23285
298.29966
298.29966
298.30098
298.30098
298.24273
298.28349
298.24913
298.18414
298.18552
298.20508
298.19592
298.20713
298.22043
298.217
298.22177
298.22218
298.19464
298.27832
298.19648
298.28064
298.28064
298.31041
298.31041
298.2943
298.30267
298.30267
298.29807
298.29807
298.24968
298.29834
298.29834
298.29398
298.28891
298.29156
298.29156
298.28614
298.28614
298.2991
298.29293
298.29293
298.2991
298.29388
298.29388
298.32581
298.32581
298.23303
298.32959
298.32959
298.32153
298.23393
298.32503
298.32503
298.22127
298.20599
298.22155
298.22999
298.20889
298.22865
298.22991
298.23038
298.23019
298.23843
298.24011
298.23905
298.21565
298.28319
298.22532
298.21577
298.28388
298.20413
298.22558
298.20643
298.32799
298.23086
298.28388
298.23076
298.25767
298.21381
298.29781
298.32799
298.21612
298.29933
298.2645
298.2645
298.25767
298.26262
298.26262
298.25162
298.3002
298.28381
298.30169
298.28559
298.29933
298.30169
298.17854
298.25162
298.179
298.28496
298.20028
298.28602
298.28602
298.2003
298.21161
298.20634
298.21129
298.23274
298.21189
298.232
298.30203
298.30203
298.29919
298.29919
298.2434
298.28559
298.24922
298.18615
298.18893
298.20929
298.2
298.21215
298.22252
298.22101
298.2233
298.2205
298.19931
298.28478
298.20092
298.28688
298.28688
298.31435
298.31435
298.30292
298.30785
298.30785
298.29609
298.29609
298.24314
298.29512
298.29512
298.28867
298.28825
298.29104
298.29104
298.29132
298.29132
298.29894
298.29197
298.29197
298.29894
298.29592
298.29592
298.32887
298.32887
298.23322
298.3331
298.3331
298.32379
298.23294
298.3273
298.3273
298.22171
298.20561
298.22158
298.22764
298.20856
298.22708
298.2307
298.23058
298.23079
298.23941
298.23961
298.23965
298.21598
298.28888
298.22601
298.21579
298.29417
298.20749
298.22691
298.20755
298.33036
298.23286
298.29417
298.2348
298.2608
298.22199
298.29894
298.33036
298.22876
298.29648
298.2645
298.2645
298.2608
298.26732
298.26732
298.25327
298.3004
298.28603
298.29994
298.2882
298.29648
298.29994
298.17911
298.25327
298.17938
298.28988
298.20131
298.28779
298.28779
298.20129
298.21106
298.207
298.21126
298.23132
298.21178
298.2334
298.30366
298.30366
298.30198
298.30198
298.24333
298.2882
298.25035
298.19032
298.19117
298.21452
298.20283
298.21614
298.22372
298.22368
298.22425
298.21914
298.20229
298.28612
298.20163
298.28435
298.28435
298.31298
298.31298
298.30604
298.30951
298.30951
298.29152
298.29152
298.24232
298.2931
298.2931
298.28848
298.29326
298.29102
298.29102
298.29136
298.29136
298.29858
298.2973
298.2973
298.29858
298.29631
298.29631
298.33138
298.33138
298.232
298.32949
298.32949
298.32806
298.22755
298.32265
298.32265
298.22193
298.20585
298.22197
298.22588
298.20455
298.22472
298.23081
298.23095
298.23086
298.23994
298.23881
298.2401
298.21568
298.29155
298.226
298.21595
298.2884
298.20785
298.22862
298.20928
298.32788
298.23475
298.2884
298.23413
298.26264
298.23142
298.29579
298.32788
298.23428
298.2936
298.26602
298.26602
298.26264
298.26388
298.26388
298.25134
298.30173
298.28629
298.30104
298.28522
298.2936
298.30104
298.18028
298.25134
298.17907
298.28933
298.20229
298.29007
298.29007
298.20309
298.21128
298.20819
298.21185
298.23471
298.21333
298.23468
298.30506
298.30506
298.30289
298.30289
298.24398
298.28522
298.24886
298.19254
298.194
298.21857
298.20728
298.22072
298.22444
298.22657
298.2249
298.2167
298.2006
298.28375
298.19961
298.28372
298.28372
298.31605
298.31605
298.30688
298.30893
298.30893
298.29145
298.29145
298.23782
298.29181
298.29181
298.28867
298.29234
298.28586
298.28586
298.29396
298.29396
298.29555
298.29684
298.29684
298.29555
298.29695
298.29695
298.32711
298.32711
298.22899
298.32667
298.32667
298.32984
298.22613
298.32987
298.32987
298.22204
298.20504
298.22221
298.22384
298.20203
298.22339
298.231
298.23126
298.23116
298.24024
298.23811
298.2403
298.216
298.29129
298.22617
298.21604
298.29416
298.21071
298.22955
298.21103
298.32346
298.23365
298.29416
298.23367
298.26071
298.23368
298.29313
298.32346
298.23085
298.29597
298.26844
298.26844
298.26071
298.26708
298.26708
298.25624
298.29869
298.28546
298.29904
298.28547
298.29597
298.29904
298.17927
298.25624
298.18161
298.28896
298.20314
298.28923
298.28923
298.20345
298.21177
298.2085
298.21185
298.23632
298.21727
298.23729
298.30281
298.30281
298.30038
298.30038
298.24254
298.28547
298.24343
298.19543
298.1954
298.22235
298.20841
298.22312
298.22564
298.22864
298.22622
298.21696
298.19815
298.28247
298.1979
298.28016
298.28016
298.31252
298.31252
298.31145
298.30949
298.30949
298.29474
298.29474
298.23897
298.29238
298.29238
298.28897
298.29323
298.29296
298.29296
298.29305
298.29305
298.29798
298.29462
298.29462
298.29798
298.296
298.296
298.32625
298.32625
298.22992
298.32999
298.32999
298.32823
298.22606
298.33094
298.33094
298.22207
298.20491
298.22225
298.22347
298.2019
298.22314
298.23111
298.2315
298.23111
298.24029
298.2379
298.24043
298.21568
298.29271
298.22545
298.21498
298.29695
298.21223
298.23025
298.21226
298.32724
298.23448
298.29695
298.23433
298.26549
298.2319
298.29647
298.32724
298.23489
298.29482
298.2663
298.2663
298.26549
298.26709
298.26709
298.25477
298.30043
298.28017
298.29982
298.28254
298.29482
298.29982
298.18192
298.25477
298.18175
298.29169
298.20475
298.29055
298.29055
298.20499
298.21227
298.20987
298.2135
298.2387
298.23253
298.24039
298.3017
298.3017
298.30387
298.30387
298.23787
298.28254
298.23673
298.19543
298.19528
298.22401
298.20963
298.22447
298.22659
298.22954
298.22678
298.21716
298.19805
298.28278
298.20017
298.28892
298.28892
298.31183
298.31183
298.31215
298.31087
298.31087
298.29523
298.29523
298.23912
298.29607
298.29607
298.29399
298.29197
298.29266
298.29266
298.29057
298.29057
298.29735
298.29099
298.29099
298.29735
298.29366
298.29366
298.32842
298.32842
298.22698
298.32652
298.32652
298.3327
298.22678
298.33038
298.33038
298.22245
298.20459
298.2223
298.22254
298.20062
298.22217
298.23129
298.23202
298.23175
298.24049
298.23737
298.24047
298.21529
298.29678
298.22611
298.21571
298.29503
298.21297
298.23119
298.21291
298.31948
298.23627
298.29503
298.23503
298.26638
298.23434
298.294
298.31948
298.23421
298.29084
298.26809
298.26809
298.26638
298.26925
298.26925
298.25614
298.29916
298.28421
298.30252
298.28548
298.29084
298.30252
298.18346
298.25614
298.1847
298.29618
298.20711
298.29867
298.29867
298.20948
298.21631
298.21392
298.21865
298.2401
298.24177
298.2399
298.30763
298.30763
298.31079
298.31079
298.22874
298.28548
298.23694
298.19562
298.19601
298.22491
298.21043
298.22601
298.22698
298.23071
298.22745
298.21656
298.19987
298.28743
298.19875
298.28651
298.28651
298.3148
298.3148
298.30834
298.31094
298.31094
298.29568
298.29568
298.23977
298.29467
298.29467
298.29036
298.29008
298.28789
298.28789
298.29194
298.29194
298.2962
298.29368
298.29368
298.2962
298.29606
298.29606
298.32288
298.32288
298.22492
298.32441
298.32441
298.33148
298.22746
298.33096
298.33096
298.22234
298.20438
298.22252
298.22183
298.20059
298.22155
298.23197
298.23231
298.23203
298.24033
298.23702
298.24022
298.21544
298.29558
298.2261
298.215
298.2935
298.21452
298.23141
298.21307
298.32607
298.235
298.2935
298.23328
298.26346
298.23643
298.29172
298.32607
298.23803
298.29055
298.271
298.271
298.26346
298.26938
298.26938
298.25537
298.30091
298.28272
298.29911
298.28336
298.29055
298.29911
298.18385
298.25537
298.18439
298.29716
298.20936
298.29797
298.29797
298.20974
298.21926
298.21478
298.22041
298.23951
298.24192
298.23958
298.30859
298.30859
298.30674
298.30674
298.22947
298.28336
298.23741
298.1967
298.19788
298.22706
298.21317
298.22803
298.22777
298.2318
298.22815
298.21608
298.19761
298.28572
298.1967
298.28366
298.28366
298.31568
298.31568
298.31342
298.31468
298.31468
298.29253
298.29253
298.23943
298.29329
298.29329
298.28884
298.29077
298.29217
298.29217
298.28588
298.28588
298.29593
298.29764
298.29764
298.29593
298.29562
298.29562
298.32551
298.32551
298.22206
298.32218
298.32218
298.32869
298.22477
298.329
298.329
298.2224
298.20414
298.22244
298.22133
298.19975
298.2211
298.23221
298.23241
298.23238
298.24016
298.23678
298.24022
298.2154
298.29779
298.22643
298.21588
298.29917
298.21223
298.23229
298.21434
298.32154
298.23439
298.29917
298.23615
298.2659
298.2359
298.29414
298.32154
298.23672
298.29297
298.26791
298.26791
298.2659
298.26943
298.26943
298.2604
298.29391
298.28454
298.2945
298.2872
298.29297
298.2945
298.18465
298.2604
298.18775
298.29748
298.20955
298.30201
298.30201
298.2114
298.22084
298.21543
298.22137
298.23952
298.24217
298.23984
298.3083
298.3083
298.30593
298.30593
298.22911
298.2872
298.23117
298.19812
298.19884
298.22868
298.21395
298.2289
298.22837
298.23249
298.22837
298.21532
298.19758
298.28616
298.19758
298.2879
298.2879
298.31645
298.31645
298.31351
298.31171
298.31171
298.29497
298.29497
298.2359
298.2931
298.2931
298.28933
298.28752
298.29102
298.29102
298.28881
298.28881
298.29887
298.29663
298.29663
298.29887
298.29807
298.29807
298.32719
298.32719
298.22543
298.32871
298.32871
298.32673
298.22586
298.33289
298.33289
298.22242
298.20463
298.22275
298.22062
298.1992
298.22083
298.23244
298.23259
298.2327
298.24041
298.23674
298.24039
298.2159
298.29768
298.22647
298.21546
298.30052
298.21437
298.23189
298.21448
298.32006
298.2361
298.30052
298.23555
298.26717
298.23636
298.29116
298.32006
298.23468
298.28956
298.27307
298.27307
298.26717
298.27628
298.27628
298.25929
298.29932
298.28525
298.29743
298.28278
298.28956
298.29743
298.18775
298.25929
298.18775
298.30042
298.21178
298.30006
298.30006
298.21183
298.22154
298.21662
298.22202
298.24015
298.24262
298.24077
298.30908
298.30908
298.30834
298.30834
298.22849
298.28278
298.23051
298.19946
298.2
298.22923
298.21487
298.22971
298.22807
298.23291
298.22789
298.2135
298.19806
298.28701
298.19788
298.28656
298.28656
298.31453
298.31453
298.3122
298.30995
298.30995
298.29107
298.29107
298.23111
298.29155
298.29155
298.29557
298.28973
298.29778
298.29778
298.29245
298.29245
298.29612
298.29686
298.29686
298.29612
298.29947
298.29947
298.33448
298.33448
298.2264
298.33258
298.33258
298.3307
298.22826
298.32962
298.32962
298.2231
298.20582
298.2233
298.22114
298.20033
298.22111
298.23305
298.23291
298.23301
298.24027
298.23676
298.24015
298.21574
298.29866
298.22678
298.21583
298.29688
298.21334
298.2322
298.21473
298.32003
298.23613
298.29688
298.23244
298.26944
298.23223
298.29076
298.32003
298.23356
298.29301
298.27577
298.27577
298.26944
298.27467
298.27467
298.26019
298.29797
298.28416
298.29841
298.28479
298.29301
298.29841
298.18983
298.26019
298.19008
298.30379
298.21245
298.30395
298.30395
298.21343
298.22232
298.21689
298.22286
298.24069
298.24302
298.24103
298.31127
298.31127
298.30834
298.30834
298.22258
298.28479
298.22424
298.19911
298.19984
298.2302
298.2161
298.23068
298.22786
298.23344
298.22809
298.21275
298.19752
298.28601
298.19642
298.28578
298.28578
298.32194
298.32194
298.3108
298.31283
298.31283
298.29016
298.29016
298.23052
298.29114
298.29114
298.29614
298.29474
298.29452
298.29452
298.29407
298.29407
298.29396
298.29991
298.29991
298.29396
298.29487
298.29487
298.33091
298.33091
298.22924
298.33228
298.33228
298.33125
298.2282
298.33335
298.33335
298.22334
298.20605
298.22375
298.2213
298.20059
298.2215
298.23293
298.23305
298.23308
298.24019
298.23674
298.24025
298.21573
298.29345
298.2268
298.21609
298.29848
298.21428
298.23243
298.21351
298.32212
298.23292
298.29848
298.23387
298.26882
298.23539
298.29068
298.32212
298.23481
298.292
298.27349
298.27349
298.26882
298.27222
298.27222
298.26191
298.3003
298.28911
298.29929
298.28474
298.292
298.29929
298.19013
298.26191
298.19425
298.30245
298.21318
298.30763
298.30763
298.21146
298.22267
298.21684
298.22244
298.2408
298.24247
298.24073
298.30811
298.30811
298.30963
298.30963
298.22165
298.28474
298.22224
298.20127
298.20148
298.23111
298.21632
298.23125
298.22866
298.23403
298.22877
298.21371
298.19491
298.2854
298.19547
298.28444
298.28444
298.31729
298.31729
298.3134
298.31515
298.31515
298.29214
298.29214
298.23454
298.29368
298.29368
298.29304
298.29439
298.2903
298.2903
298.29518
298.29518
298.2994
298.29791
298.29791
298.2994
298.29684
298.29684
298.33117
298.33117
298.2289
298.3292
298.3292
298.3317
298.22734
298.3299
298.3299
298.22379
298.20726
298.22415
298.22149
298.20008
298.22136
298.23337
298.23354
298.23372
298.24027
298.23675
298.24027
298.21547
298.30438
298.22735
298.21423
298.30271
298.21377
298.23246
298.21512
298.32177
298.23582
298.30271
298.23658
298.26946
298.23506
298.28478
298.32177
298.24087
298.28497
298.27587
298.27587
298.26946
298.27559
298.27559
298.26236
298.30068
298.28608
298.3008
298.28435
298.28497
298.3008
298.20326
298.26236
298.2039
298.32047
298.21167
298.31925
298.31925
298.2111
298.22212
298.21506
298.22193
298.23979
298.2409
298.23913
298.31656
298.31656
298.31451
298.31451
298.22221
298.28435
298.22583
298.20192
298.20199
298.23123
298.21578
298.23132
298.22918
298.23418
298.22934
298.21309
298.19518
298.28262
298.19635
298.28761
298.28761
298.3209
298.3209
298.3132
298.31397
298.31397
298.29274
298.29274
298.23398
298.28856
298.28856
298.28855
298.29398
298.29144
298.29144
298.28491
298.28491
298.29779
298.29543
298.29543
298.29779
298.29601
298.29601
298.32881
298.32881
298.22815
298.32699
298.32699
298.33074
298.22332
298.32577
298.32577
298.22395
298.20584
298.22378
298.22144
298.1993
298.22169
298.23373
298.23351
298.23378
298.24024
298.23709
298.24023
298.21471
298.29654
298.22768
298.21438
298.30151
298.21543
298.23175
298.21455
298.31792
298.23394
298.30151
298.23406
298.27139
298.23919
298.28944
298.31792
298.23718
298.29198
298.27687
298.27687
298.27139
298.27738
298.27738
298.26364
298.30217
298.28296
298.30082
298.28716
298.29198
298.30082
298.20309
298.26364
298.20321
298.31831
298.21072
298.31717
298.31717
298.21047
298.22134
298.21374
298.22099
298.23832
298.23976
298.23787
298.31595
298.31595
298.31431
298.31431
298.21843
298.28716
298.22262
298.2023
298.20257
298.23153
298.21687
298.23194
298.22924
298.23476
298.22918
298.21319
298.19491
298.28618
298.19589
298.287
298.287
298.322
298.322
298.31613
298.31489
298.31489
298.29144
298.29144
298.23662
298.29302
298.29302
298.29291
298.28626
298.2947
298.2947
298.28798
298.28798
298.29878
298.29507
298.29507
298.29878
298.29463
298.29463
298.3241
298.3241
298.22204
298.32495
298.32495
298.32927
298.22638
298.33277
298.33277
298.22338
298.2044
298.22277
298.22198
298.19957
298.22182
298.23371
298.23306
298.2333
298.24016
298.23732
298.24017
298.21509
298.29927
298.22712
298.21385
298.30882
298.21307
298.23123
298.21215
298.32388
298.23261
298.30882
298.23475
298.27235
298.23635
298.29275
298.32388
298.23447
298.29122
298.27414
298.27414
298.27235
298.27609
298.27609
298.26709
298.29941
298.28631
298.2981
298.28639
298.29122
298.2981
298.20308
298.26709
298.20581
298.31522
298.20911
298.32042
298.32042
298.20874
298.22035
298.21315
298.22052
298.2374
298.23914
298.23742
298.31185
298.31185
298.31455
298.31455
298.21766
298.28639
298.22146
298.20263
298.20338
298.23265
298.22003
298.23363
298.22916
298.23517
298.2289
298.21266
298.19585
298.28571
298.19597
298.2864
298.2864
298.31998
298.31998
298.31588
298.31512
298.31512
298.29154
298.29154
298.23539
298.29624
298.29624
298.29317
298.28947
298.29164
298.29164
298.29271
298.29271
298.29577
298.29604
298.29604
298.29577
298.29716
298.29716
298.3267
298.3267
298.22362
298.3246
298.3246
298.33073
298.22585
298.32915
298.32915
298.22277
298.20559
298.22266
298.22165
298.19879
298.22089
298.23333
298.23267
298.23347
298.24019
298.23691
298.24006
298.21233
298.30734
298.22746
298.21339
298.29831
298.21262
298.2311
298.21221
298.3209
298.23546
298.29831
298.23471
298.2729
298.23347
298.28934
298.3209
298.23013
298.29218
298.27791
298.27791
298.2729
298.28237
298.28237
298.26501
298.29441
298.28537
298.29746
298.28435
298.29218
298.29746
298.20535
298.26501
298.20456
298.32131
298.20989
298.31916
298.31916
298.21043
298.22062
298.21343
298.2209
298.23734
298.2392
298.23751
298.3127
298.3127
298.31227
298.31227
298.21902
298.28435
298.22263
298.20427
298.20494
298.23443
298.22284
298.23499
298.22896
298.23543
298.22819
298.21165
298.19599
298.28518
298.19701
298.28819
298.28819
298.31727
298.31727
298.31596
298.31586
298.31586
298.29399
298.29399
298.23343
298.30074
298.30074
298.29275
298.29121
298.29402
298.29402
298.28951
298.28951
298.29954
298.29947
298.29947
298.29954
298.29816
298.29816
298.32205
298.32205
298.22566
298.32917
298.32917
298.33124
298.22761
298.33364
298.33364
298.22274
298.20527
298.22301
298.22109
298.19963
298.22144
298.2336
298.23292
298.23369
298.24001
298.23711
298.24004
298.21395
298.29607
298.22749
298.21451
298.30282
298.21197
298.23068
298.21145
298.3259
298.2333
298.30282
298.23433
298.27053
298.23007
298.29295
298.3259
298.2341
298.29287
298.27994
298.27994
298.27053
298.27827
298.27827
298.2647
298.29673
298.28247
298.29877
298.28456
298.29287
298.29877
298.20371
298.2647
298.20342
298.31943
298.21009
298.32031
298.32031
298.20996
298.22088
298.21337
298.22099
298.23741
298.23933
298.23743
298.31063
298.31063
298.30553
298.30553
298.21643
298.28456
298.2175
298.20459
298.20441
298.23511
298.22228
298.2351
298.22719
298.23545
298.2266
298.20922
298.19791
298.28867
298.19746
298.28747
298.28747
298.3137
298.3137
298.31474
298.31313
298.31313
298.29668
298.29668
298.22913
298.29516
298.29516
298.29255
298.29212
298.29001
298.29001
298.29636
298.29636
298.30088
298.29683
298.29683
298.30088
298.29712
298.29712
298.33062
298.33062
298.22612
298.32883
298.32883
298.33307
298.22671
298.33173
298.33173
298.2229
298.20596
298.22301
298.22218
298.20131
298.22273
298.23385
298.23306
298.23408
298.23997
298.23762
298.23988
298.21408
298.30729
298.22779
298.21645
298.30519
298.21079
298.22859
298.20972
298.32769
298.23556
298.30519
298.23739
298.26976
298.23323
298.29268
298.32769
298.23194
298.29758
298.27642
298.27642
298.26976
298.27714
298.27714
298.26624
298.30158
298.28343
298.29854
298.28101
298.29758
298.29854
298.20302
298.26624
298.20403
298.31817
298.21003
298.32193
298.32193
298.21015
298.22087
298.21368
298.22127
298.23709
298.23895
298.23686
298.30923
298.30923
298.31688
298.31688
298.21491
298.28101
298.22087
298.20281
298.20237
298.23475
298.22153
298.23466
298.22687
298.23502
298.22653
298.20704
298.19671
298.28709
298.19685
298.28291
298.28291
298.31782
298.31782
298.31175
298.30878
298.30878
298.29359
298.29359
298.22195
298.29517
298.29517
298.28467
298.29459
298.28854
298.28854
298.29377
298.29377
298.29876
298.29596
298.29596
298.29876
298.29552
298.29552
298.32662
298.32662
298.22688
298.32743
298.32743
298.3303
298.22736
298.32876
298.32876
298.22327
298.20638
298.22375
298.22291
298.20223
298.22336
298.23408
298.23336
298.23418
298.23964
298.23804
298.23946
298.21518
298.30472
298.22787
298.21386
298.30261
298.20814
298.22713
298.2072
298.32522
298.23747
298.30261
298.23437
298.26942
298.22708
298.29662
298.32522
298.22732
298.2908
298.2808
298.2808
298.26942
298.2792
298.2792
298.26614
298.30054
298.28123
298.29952
298.28192
298.2908
298.29952
298.20366
298.26614
298.20356
298.32028
298.21061
298.32157
298.32157
298.21193
298.22147
298.21506
298.22207
298.23698
298.23878
298.2368
298.31533
298.31533
298.31314
298.31314
298.21444
298.28192
298.22111
298.20296
298.20437
298.23482
298.22304
298.23518
298.22484
298.23474
298.22417
298.2052
298.1966
298.28342
298.19605
298.2829
298.2829
298.32128
298.32128
298.30929
298.31237
298.31237
298.29401
298.29401
298.22164
298.29267
298.29267
298.28676
298.29241
298.28862
298.28862
298.28386
298.28386
298.29284
298.29423
298.29423
298.29284
298.28977
298.28977
298.32839
298.32839
298.22849
298.32683
298.32683
298.32727
298.22889
298.32564
298.32564
298.22411
298.20688
298.22388
298.22368
298.20366
298.22411
298.23455
298.23382
298.23413
298.23929
298.23832
298.23921
298.21214
298.30713
298.22759
298.21271
298.2981
298.20658
298.22666
298.20603
298.32358
298.23485
298.2981
298.23181
298.27327
298.22837
298.28945
298.32358
298.22835
298.29
298.27739
298.27739
298.27327
298.28119
298.28119
298.26627
298.29827
298.27986
298.29677
298.282
298.29
298.29677
298.20217
298.26627
298.20268
298.31987
298.21212
298.32113
298.32113
298.21224
298.22209
298.21581
298.22222
298.23695
298.23857
298.23664
298.31365
298.31365
298.31527
298.31527
298.21474
298.282
298.22233
298.2053
298.2082
298.23582
298.22851
298.23666
298.22413
298.2349
298.22421
298.20613
298.19728
298.28332
298.19644
298.2829
298.2829
298.31845
298.31845
298.31462
298.31736
298.31736
298.28962
298.28962
298.22701
298.29133
298.29133
298.28653
298.28599
298.29339
298.29339
298.28907
298.28907
298.29333
298.29088
298.29088
298.29333
298.29056
298.29056
298.32425
298.32425
298.22906
298.32891
298.32891
298.32658
298.23382
298.32187
298.32187
298.22287
298.20179
298.21821
298.22503
298.20845
298.22588
298.23243
298.22726
298.22702
298.23924
298.2387
298.23914
298.21067
298.30213
298.2202
298.20798
298.29523
298.20629
298.22675
298.20721
298.32547
298.23207
298.29523
298.2286
298.26642
298.22899
298.29032
298.32547
298.22978
298.2952
298.2834
298.2834
298.26642
298.28222
298.28222
298.26764
298.29542
298.28431
298.29794
298.28919
298.2952
298.29794
298.20293
298.26764
298.20231
298.31968
298.21274
298.31779
298.31779
298.21288
298.2225
298.21617
298.22335
298.23679
298.23936
298.23768
298.31348
298.31348
298.31033
298.31033
298.21761
298.28919
298.22305
298.20857
298.20916
298.23693
298.22993
298.23738
298.22442
298.23527
298.22553
298.20933
298.19636
298.28441
298.19776
298.27906
298.27906
298.32075
298.32075
298.31878
298.32551
298.32551
298.29324
298.29324
298.24573
298.30451
298.30451
298.29473
298.28697
298.2914
298.2914
298.2786
298.2786
298.3025
298.29198
298.29198
298.3025
298.30997
298.30997
298.32109
298.32109
298.23045
298.3223
298.3223
298.32693
298.24277
298.32077
298.32077
298.21617
298.20359
298.21873
298.22628
298.21146
298.22742
298.22454
298.22719
298.2272
298.23893
298.23895
298.23893
298.20634
298.29982
298.2212
298.20843
298.30882
298.20709
298.22671
298.20745
298.34192
298.22984
298.30882
298.23524
298.27411
298.23182
298.29578
298.34192
298.24006
298.3041
298.27608
298.27608
298.27411
298.28198
298.28198
298.26509
298.30113
298.28558
298.31097
298.28829
298.3041
298.31097
298.20626
298.26509
298.20617
298.32054
298.21348
298.32206
298.32206
298.21502
298.22535
298.2196
298.2312
298.23922
298.24572
298.24399
298.31324
298.31324
298.32047
298.32047
298.22552
298.28829
298.22859
298.21202
298.21472
298.23804
298.2357
298.23679
298.22675
298.23422
298.22392
298.21154
298.20347
298.28316
298.19599
298.26526
298.26526
298.3182
298.3182
298.32017
298.31051
298.31051
298.30392
298.30392
298.25662
298.29603
298.29603
298.29641
298.28237
298.28209
298.28209
298.26108
298.26108
298.31053
298.30519
298.30519
298.31053
298.29654
298.29654
298.33041
298.33041
298.23654
298.3189
298.3189
298.33185
298.24789
298.32056
298.32056
298.22412
298.19887
298.21363
298.23051
298.21649
298.23019
298.2333
298.22149
298.22156
298.23965
298.23907
298.23888
298.2129
298.32193
298.21627
298.20516
298.30976
298.20985
298.22882
298.21105
298.31916
298.24439
298.30976
298.24212
298.27346
298.24555
298.31634
298.31916
298.23954
298.30386
298.29073
298.29073
298.27346
298.27858
298.27858
298.26609
298.31886
298.29927
298.30733
298.29082
298.30386
298.30733
298.20922
298.26609
298.21
298.3292
298.2176
298.3199
298.3199
298.21883
298.23616
298.22061
298.22615
298.24989
298.2418
298.2406
298.3162
298.3162
298.31046
298.31046
298.22063
298.29082
298.23868
298.23209
298.23738
298.24404
298.24643
298.24259
298.23998
298.24043
298.23799
298.23472
298.21717
298.22358
298.22556
298.23992
298.22983
298.24352
298.23653
298.24211
298.23927
298.23354
298.23738
298.23645
298.23008
298.23474
298.22768
298.22548
298.22863
298.23062
298.22772
298.2318
298.23312
298.21942
298.20168
298.22669
298.24212
298.24145
298.23997
298.23609
298.23634
298.23411
298.23397
298.23294
298.23245
298.22673
298.23185
298.22737
298.23032
298.2287
298.23069
298.23213
298.23157
298.23224
298.23332
298.23294
298.23346
298.24083
298.21222
298.24149
298.23762
298.24154
298.23856
298.23268
298.23526
298.23349
298.23139
298.23249
298.23211
298.22851
298.23189
298.22854
298.23217
298.22997
298.23206
298.23484
298.2337
298.23476
298.2393
298.23648
298.23915
298.22869
298.19515
298.21123
298.24084
298.22993
298.24127
298.23538
298.23996
298.2373
298.23359
298.23581
298.23505
298.22735
298.2339
298.22739
298.23052
298.22854
298.23014
298.23203
298.23049
298.23043
298.23283
298.23052
298.22982
298.24138
298.2113
298.23675
298.23823
298.23612
298.23347
298.23571
298.2316
298.23086
298.22791
298.23171
298.22819
298.23094
298.23004
298.23174
298.23194
298.23269
298.23448
298.23448
298.22496
298.23636
298.23137
298.23499
298.23377
298.22915
298.23406
298.22858
298.23291
298.23046
298.23288
)
;
        refGradient     uniform 0;
        valueFraction   nonuniform List<scalar> 
4936
(
0.059154327
0.10643584
0.042857002
0.052882043
0.02153424
0.057809418
0.025969599
0.057002777
0.060677141
0.06115416
0.060557206
0.050127111
0.02913074
0.028977355
0.023678645
0.059853706
0.021945387
0.054379246
0.053450937
0.045994512
0.043146435
0.10769545
0.059197773
0.10650882
0.050028098
0.057739461
0.056959592
0.058314788
0.057376494
0.050370482
0.10778459
0.049910883
0.029108378
0.045989129
0.054289147
0.023698592
0.06033619
0.10608108
0.042199789
0.051710083
0.021457222
0.060003718
0.029097116
0.057264359
0.061107059
0.061536091
0.061085338
0.050671858
0.029442071
0.029074347
0.02363386
0.060149567
0.021357665
0.054460153
0.05150365
0.046086624
0.042324183
0.10886256
0.060035001
0.10751839
0.05046333
0.057013497
0.057174745
0.061925163
0.057723952
0.050033852
0.10775171
0.05003203
0.029293439
0.045862538
0.054378445
0.023473851
0.059620811
0.10769186
0.042402281
0.051878861
0.021206981
0.06008096
0.028989256
0.057526018
0.061045222
0.061575556
0.061366987
0.050172775
0.029414672
0.02904946
0.023563079
0.059793028
0.021338607
0.054521629
0.05179655
0.046248669
0.042290575
0.10892181
0.060620404
0.10641284
0.050070321
0.057349189
0.057362655
0.061333795
0.057406436
0.050519886
0.10801062
0.050383539
0.029427414
0.045933647
0.054396725
0.02350195
0.059799474
0.10812806
0.042613818
0.051925081
0.021381386
0.059957155
0.028958397
0.057103362
0.06165303
0.061561718
0.061296255
0.050224634
0.029381871
0.029110519
0.023673809
0.060147619
0.021410286
0.054561396
0.051859468
0.046077619
0.042397599
0.10809507
0.059647158
0.10771377
0.050295729
0.057306028
0.057507045
0.06144667
0.057560207
0.050147246
0.10743137
0.050294
0.029463447
0.045968479
0.054406156
0.023592216
0.060057032
0.10699355
0.042421688
0.051929296
0.021434961
0.060102426
0.029014811
0.057085693
0.061476276
0.061860553
0.061011405
0.049773275
0.029469434
0.028996078
0.023490733
0.060032413
0.021153142
0.054514243
0.05185044
0.046224689
0.042456238
0.10936787
0.059799605
0.10742111
0.050251425
0.057533621
0.056777218
0.061884354
0.057198955
0.050245987
0.10745294
0.05029328
0.02935412
0.045938263
0.054385057
0.023578672
0.060209316
0.10592702
0.042314992
0.051856985
0.021190689
0.060220091
0.029028942
0.056762
0.061889276
0.061635908
0.06125346
0.050504294
0.029372942
0.029038696
0.023695197
0.060018241
0.021342879
0.054539071
0.05186825
0.046122999
0.04256161
0.10864466
0.059877442
0.10757418
0.050293052
0.057674809
0.057179416
0.061509348
0.057339982
0.050136064
0.10821411
0.050240195
0.029433687
0.04596814
0.054367145
0.023480033
0.060021571
0.10712433
0.042466898
0.051904839
0.021395899
0.059971806
0.028936437
0.057430789
0.061274854
0.061831768
0.061118088
0.050484531
0.029481639
0.02896388
0.023612361
0.059414221
0.021361515
0.054515944
0.051916425
0.046096491
0.042415805
0.10809974
0.060237608
0.10665547
0.050152069
0.057261403
0.057374197
0.061267759
0.057513578
0.050414942
0.10760394
0.050257874
0.029360856
0.045940587
0.05433791
0.023463724
0.060102913
0.10663569
0.042450967
0.051883973
0.021369551
0.059878838
0.029052125
0.057356089
0.061587362
0.06162696
0.061148471
0.050214451
0.029439144
0.028935001
0.023649315
0.059885992
0.021381855
0.054507709
0.05188867
0.046152388
0.042398432
0.10810476
0.059846481
0.10722976
0.049911619
0.057676863
0.056948119
0.061607408
0.057467747
0.050271572
0.10703437
0.050406568
0.029409361
0.045921305
0.054343698
0.023452101
0.059868676
0.10751511
0.042579324
0.051891788
0.02132508
0.060397999
0.029091056
0.057245357
0.06120955
0.061393677
0.061308952
0.050292889
0.029480235
0.0289192
0.023646064
0.059898806
0.021274082
0.054538224
0.051912267
0.046273253
0.042374473
0.10921391
0.060143066
0.10689907
0.050425648
0.057003854
0.057008234
0.061630419
0.057793683
0.050220138
0.10873739
0.05041034
0.029357197
0.046068011
0.054353358
0.023391005
0.05996502
0.10724884
0.042462376
0.051898667
0.021369891
0.060224104
0.028988248
0.057561907
0.060794488
0.061739114
0.061137368
0.050147272
0.02955198
0.028980945
0.023651427
0.060002762
0.021414172
0.054497741
0.051912876
0.046306265
0.042351451
0.10973655
0.060321249
0.10628488
0.050438727
0.057435927
0.056992481
0.061645382
0.057072184
0.050549092
0.10802276
0.050317027
0.029431408
0.045949547
0.054365811
0.023550064
0.059725924
0.10747846
0.042458062
0.051914461
0.021504385
0.060430909
0.029078594
0.057407621
0.061055805
0.061015865
0.061498996
0.05039773
0.029431193
0.029084085
0.023535062
0.059801879
0.021338939
0.054466909
0.05188156
0.045982036
0.042337331
0.1074343
0.060156165
0.10633001
0.050394635
0.057475349
0.05751858
0.06134786
0.057327781
0.050223839
0.10881223
0.050029028
0.029394518
0.046036086
0.054383291
0.023597054
0.059543739
0.10790976
0.042519855
0.051918353
0.021409961
0.059837503
0.028935325
0.057379268
0.061146114
0.061917118
0.061123793
0.05012193
0.029355599
0.029107688
0.023563796
0.060342473
0.02135699
0.054500463
0.051837823
0.046197449
0.042335746
0.1088877
0.059791461
0.10753646
0.050656642
0.056904161
0.056862428
0.061568391
0.057443392
0.050465006
0.10913621
0.050118283
0.029326471
0.046151593
0.054372628
0.02353626
0.0602593
0.10638362
0.042386019
0.05195879
0.021454779
0.059735926
0.028983247
0.057889639
0.060797119
0.06147871
0.061410053
0.05055604
0.029389861
0.02899538
0.023624121
0.059971624
0.021415198
0.054539917
0.051870809
0.046199704
0.042284905
0.10869373
0.060341083
0.10628874
0.050326643
0.057123835
0.057019139
0.061505201
0.057866385
0.05018487
0.10936307
0.050055264
0.029312395
0.046114884
0.054418848
0.023540856
0.059840766
0.10716722
0.042379138
0.051930943
0.021429351
0.059797379
0.029041892
0.057130209
0.061354913
0.061733719
0.060973115
0.05010387
0.029451967
0.028946567
0.023616384
0.059905269
0.021474522
0.054552596
0.051891644
0.04618004
0.042363885
0.10858645
0.059910664
0.10710955
0.05002388
0.057494647
0.057491676
0.061053974
0.057836183
0.050041893
0.1096298
0.050383425
0.029409079
0.046196342
0.054400718
0.023478199
0.059933619
0.10711522
0.04243054
0.051929164
0.021344225
0.059844743
0.029031769
0.057194769
0.061458051
0.06171365
0.061236254
0.050461107
0.029575585
0.028935038
0.023447672
0.06025644
0.021375564
0.054502607
0.051883248
0.046342974
0.042520311
0.10959696
0.059705263
0.10830638
0.050263537
0.057131309
0.056998696
0.061457761
0.057957781
0.050109232
0.1089898
0.050289801
0.029370817
0.046150351
0.054387759
0.023545524
0.059952251
0.10668685
0.042393939
0.051871222
0.021224573
0.060135489
0.028978244
0.057093243
0.061770133
0.061381287
0.06159987
0.050107206
0.029436241
0.029054414
0.023676602
0.060052071
0.021322663
0.054540857
0.051873646
0.046202799
0.042540124
0.10856542
0.059688054
0.10831298
0.050345959
0.057158908
0.057123707
0.061231902
0.057534668
0.050236313
0.10957917
0.050278589
0.02938153
0.046255059
0.054406023
0.023481009
0.059672067
0.10753236
0.04251424
0.051950576
0.021391194
0.059414198
0.028965335
0.057094466
0.061722814
0.061577947
0.061318727
0.049751621
0.029477643
0.029028623
0.02354109
0.060516976
0.021432831
0.054526654
0.051858117
0.046206381
0.042314286
0.10936384
0.059830195
0.10711918
0.05043716
0.056955446
0.057519781
0.061141136
0.057689544
0.050238354
0.10954212
0.050170478
0.029434189
0.046163293
0.054382459
0.023559505
0.059035951
0.10903947
0.042627923
0.051932853
0.02127217
0.060360106
0.028985926
0.05718621
0.061426284
0.061338509
0.061545624
0.050219124
0.029397716
0.02913812
0.023635563
0.060421001
0.021320506
0.054502235
0.051824377
0.046075863
0.042277519
0.10805298
0.059985482
0.10666546
0.05038155
0.057843
0.057135058
0.061520571
0.056925204
0.050385986
0.11022765
0.050144471
0.029384331
0.046262087
0.054379624
0.023495702
0.059654545
0.10708101
0.042429319
0.051952512
0.021328044
0.05980893
0.029006733
0.057042022
0.061845716
0.061445683
0.0613028
0.050195556
0.029510945
0.029045154
0.023595845
0.060300825
0.021285885
0.054517254
0.051821915
0.046219675
0.042408952
0.10926331
0.060167108
0.10700079
0.050251776
0.05734933
0.057399518
0.061453793
0.057560725
0.050234599
0.10730236
0.050249982
0.029362344
0.045846973
0.054396891
0.023551276
0.060312908
0.10637009
0.042343893
0.051910779
0.021445988
0.060115858
0.029033789
0.057670484
0.061281122
0.061322794
0.061373435
0.050290881
0.029423006
0.029091208
0.023636928
0.060299402
0.021380678
0.054554361
0.05183839
0.046227586
0.042295454
0.10929001
0.060379779
0.10619142
0.050051678
0.057648659
0.057310708
0.061289246
0.057416916
0.05034016
0.1075323
0.050231098
0.029347414
0.045839686
0.054412877
0.023528129
0.059456453
0.10784874
0.042454637
0.051858328
0.021341541
0.060276952
0.029069346
0.057154505
0.061695595
0.061160053
0.061596924
0.050340712
0.029502078
0.02903367
0.023619762
0.06044713
0.021299373
0.054523105
0.051830654
0.046175115
0.042276843
0.1086905
0.059896949
0.10678037
0.050412043
0.057188211
0.056934783
0.061682264
0.057273953
0.050344926
0.10735555
0.050296229
0.029509596
0.045970279
0.054366052
0.023475083
0.060381379
0.1065785
0.042367352
0.051906104
0.021295258
0.060062777
0.029002171
0.056977748
0.061544112
0.061293767
0.061431232
0.050083553
0.029541758
0.029025333
0.023571961
0.059876833
0.021397726
0.054487705
0.05185035
0.046123123
0.042300033
0.10832876
0.060488657
0.10624578
0.050453257
0.057070262
0.056991637
0.061412472
0.057733754
0.050139083
0.10979183
0.050221251
0.029412187
0.046227385
0.054394305
0.023571286
0.060111513
0.10759461
0.042582322
0.051996186
0.021446337
0.059400665
0.028933586
0.057246006
0.061647606
0.061337926
0.061384447
0.050339351
0.029390386
0.029045854
0.023631191
0.060271394
0.021194212
0.054517167
0.05182766
0.046067063
0.042445426
0.10827079
0.060021193
0.10691544
0.050275507
0.057511338
0.05721747
0.061569907
0.057357632
0.050196331
0.1092831
0.050118122
0.029351879
0.04609917
0.054393774
0.023544047
0.059938698
0.10700837
0.042498113
0.051978911
0.021520563
0.059847104
0.028979411
0.056923033
0.06168663
0.061649457
0.06141613
0.05026861
0.029470054
0.028968881
0.023572708
0.059888324
0.021396902
0.054525004
0.051898729
0.046201936
0.042539826
0.10896773
0.059500481
0.10824011
0.05005031
0.057309851
0.057304096
0.061245789
0.057846057
0.050187413
0.10858885
0.050276957
0.029375834
0.046022422
0.054428595
0.023618915
0.059659197
0.10754038
0.042443486
0.051935442
0.021367553
0.059718229
0.029009947
0.057597801
0.061132582
0.061469447
0.061308994
0.049987053
0.029493157
0.02896909
0.023630222
0.060013358
0.021330404
0.054482031
0.051893418
0.04605505
0.042377764
0.10836654
0.060238109
0.10646763
0.050643977
0.057094094
0.057169115
0.061649038
0.057349234
0.050391
0.10759758
0.050195882
0.029361289
0.046047633
0.054400057
0.023592882
0.059818324
0.10732354
0.042481131
0.051908201
0.021279476
0.060110587
0.029047427
0.057017649
0.061617877
0.061242972
0.061484546
0.050396468
0.029493439
0.02902823
0.023621049
0.060071691
0.021345716
0.054476914
0.05186792
0.046048159
0.042462334
0.10782756
0.060174382
0.10711563
0.050576213
0.056911491
0.057503946
0.060895978
0.057780969
0.050186404
0.10931453
0.050300437
0.029399387
0.046156872
0.054432986
0.023594576
0.059959889
0.10666096
0.042370955
0.051864858
0.0213416
0.060339077
0.028956602
0.056948749
0.061636018
0.062004599
0.061016279
0.050218932
0.029467787
0.028939959
0.023610242
0.060542388
0.021422188
0.05449844
0.05184943
0.04618176
0.042317968
0.10839534
0.060323419
0.106087
0.050432812
0.0569571
0.05742626
0.061695788
0.057599931
0.05027683
0.10867746
0.050159601
0.029379684
0.046045373
0.054410256
0.023515942
0.059940838
0.1064313
0.042298125
0.051922261
0.021251533
0.059659728
0.028905572
0.057349359
0.061582815
0.061480755
0.061478214
0.050226856
0.029394615
0.028991327
0.023612272
0.06041635
0.021448712
0.054503729
0.051897887
0.046138008
0.042645083
0.10839914
0.059455989
0.10881663
0.050255503
0.057359858
0.057323039
0.061278876
0.057380032
0.05022472
0.10808444
0.05042273
0.029519568
0.046015536
0.054351686
0.023452621
0.06001996
0.10697187
0.042339855
0.051918759
0.021398889
0.059985302
0.028952069
0.057336559
0.061241224
0.061225776
0.061513841
0.05050294
0.029448678
0.029024883
0.023600806
0.060066443
0.021371953
0.054463188
0.051894984
0.046162857
0.042602849
0.1087551
0.059375227
0.10855122
0.050395421
0.056975878
0.057155259
0.061294805
0.057802567
0.050078971
0.10769682
0.050343078
0.029370673
0.04589843
0.054388342
0.023531016
0.059798711
0.10775683
0.042435022
0.051924907
0.021374965
0.060062816
0.029084551
0.057136138
0.061091037
0.061375987
0.061169892
0.050186981
0.029372876
0.0291729
0.023479807
0.06044972
0.02143512
0.054397018
0.051857114
0.046155129
0.042388353
0.10927248
0.059901243
0.10724138
0.050281925
0.057545762
0.057266048
0.061303971
0.057035559
0.050301597
0.10966763
0.050239328
0.029357508
0.046155134
0.054393035
0.023677369
0.059845768
0.10651992
0.042310392
0.051841724
0.02142148
0.059758375
0.028864509
0.057078786
0.061354288
0.061050533
0.061806151
0.05018409
0.029307098
0.028954977
0.023484725
0.059722038
0.021307682
0.054208844
0.051773727
0.0459311
0.042312471
0.10862953
0.059603823
0.10714774
0.050118948
0.057161332
0.056872263
0.061495574
0.057438074
0.049957067
0.10827991
0.050019881
0.029353527
0.045871568
0.054151273
0.023425723
0.058271729
0.10431457
0.041455714
0.050662962
0.020908002
0.058018629
0.028292829
0.055754127
0.0599475
0.060676959
0.059712054
0.0488014
0.028538733
0.02823471
0.022837694
0.057856322
0.021021355
0.052335757
0.050733202
0.044452789
0.041371455
0.10661181
0.058332121
0.10432453
0.04892825
0.055944472
0.05559922
0.060317995
0.056288276
0.048660728
0.10626053
0.048457448
0.028471646
0.044357504
0.052271814
0.022708579
0.044220295
0.083431293
0.0014486062
0.03564365
0.0015216595
0.044400367
0.044568705
0.0013734286
0.01726327
0.022815045
0.044490213
0.047949359
0.0013774565
0.0016750594
0.0018453471
0.001873735
0.001794147
0.0015734165
0.049760045
0.049159083
0.038534697
0.022582698
0.0013478393
0.0017317983
0.0019131164
0.0019486045
0.0019532942
0.0019387456
0.0018568022
0.001578817
0.022198759
0.017369715
0.0016361624
0.0018971251
0.0019544328
0.0019650001
0.001966432
0.0019617471
0.0019379303
0.0017835808
0.044789573
0.017330641
0.0013424618
0.04142565
0.0017119065
0.0019314988
0.0019621701
0.0019684231
0.0019692598
0.001966333
0.001952707
0.0018692987
0.044337319
0.00148628
0.034232483
0.0016656855
0.0019214843
0.0019600662
0.0019674762
0.0019683912
0.001964907
0.0019485304
0.0018456152
0.03529864
0.0014341879
0.082904065
0.0014719968
0.0018444539
0.0019428465
0.0019601744
0.0019620753
0.0019541473
0.0019133387
0.0016838988
0.043712221
0.083632674
0.038566425
0.044886458
0.0016094785
0.0018469188
0.0019225246
0.0019310074
0.001894641
0.0017266873
0.044492417
0.047250686
0.0013905655
0.044773642
0.038990692
0.083370732
0.0015055442
0.0016723518
0.0017094523
0.0016073308
0.038347197
0.022434971
0.0013237209
0.034069827
0.041306312
0.017398771
0.022551105
0.03891244
0.0013240358
0.0013312001
0.01721995
0.0014645545
0.0016127078
0.0015129948
0.044633891
0.0016617801
0.0017136958
0.0014620688
0.035495449
0.0017175277
0.0016741298
0.083927696
0.0016596755
0.0015212712
0.038971151
0.0013423124
0.046897256
0.047241491
0.044824057
0.0013877643
0.0015664036
0.0016022184
0.0017270183
0.0013758184
0.0017308676
0.0016018995
0.046026999
0.0013807263
0.038190329
0.083678545
0.043708275
0.0015868413
0.0014860897
0.0016852741
0.0013500691
0.0016815977
0.0014830318
0.08198212
0.0013523315
0.03459819
0.0014557475
0.035614088
0.0014393201
0.001505214
0.041275714
0.0015084292
0.044269356
0.0014879507
0.0014594865
0.017177558
0.0013562462
0.043517402
0.016999582
0.0013500405
0.022451794
0.001680997
0.0013348661
0.0015836479
0.0014856131
0.0015846007
0.0013332285
0.022451235
0.038654589
0.047578951
0.0013924531
0.048172764
0.0017349099
0.0014028585
0.0015891175
0.0015958405
0.0015676645
0.0013686593
0.048455766
0.045503109
0.022523964
0.0013489197
0.0016497653
0.044201943
0.0013695392
0.017372698
0.0017115298
0.0014662591
0.0015032335
0.040901505
0.0016565838
0.0015016822
0.0014345407
0.034632302
0.083610612
0.0014655817
0.043904959
0.0013199383
0.021630729
0.021257229
0.053140259
0.042286202
0.051447086
0.042553478
0.051453594
0.042467861
0.021306908
0.028910074
0.050531502
0.028961938
0.050017107
0.057024552
0.05965755
0.10691301
0.11415106
0.060648163
0.1035632
0.051368498
0.056412662
0.029590745
0.049590055
0.05736025
0.06114879
0.057614225
0.06143067
0.061381235
0.057207417
0.050392453
0.06148063
0.057262602
0.050415727
0.061288275
0.057231545
0.049934005
0.10889632
0.060906451
0.029339607
0.10844458
0.061051871
0.10692589
0.029008625
0.10692787
0.059785859
0.046098093
0.023581458
0.046087384
0.043854141
0.021281608
0.042106321
0.054393278
0.054372822
0.054369088
0.053094938
0.051348729
0.051436799
0.023755946
0.060362444
0.046028424
0.023538554
0.060499556
0.021953472
0.042487558
0.021472706
0.059673956
0.02911282
0.10909115
0.029328958
0.050354115
0.028888295
0.050061062
0.10770679
0.028995736
0.050026164
0.061121884
0.060564698
0.057149892
0.061949428
0.061694675
0.05733732
0.057994725
0.058443484
0.064393446
0.057608723
0.056602624
0.064357825
0.029201389
0.050112717
0.029245796
0.060287667
0.023776115
0.10773305
0.060837468
0.023387224
0.054289348
0.045823791
0.054244115
0.046080611
0.054290171
0.046048988
0.10867813
0.061174383
0.10833736
0.060905438
0.023576069
0.049722114
0.029210711
0.021246288
0.021281008
0.051659619
0.042278914
0.051810147
0.042610684
0.051847855
0.042540839
0.021374786
0.029005036
0.049983599
0.029075904
0.05044064
0.057545229
0.060099634
0.10654014
0.10599877
0.059800853
0.10674649
0.049775501
0.057356113
0.029026011
0.049714389
0.057378305
0.061389639
0.057042805
0.061852736
0.061098221
0.056747552
0.050706474
0.06157974
0.057789044
0.049672907
0.061018842
0.057636376
0.049849739
0.1090495
0.060954018
0.02947281
0.10919763
0.061005089
0.10715916
0.029001148
0.10745969
0.059932913
0.046182618
0.023630683
0.046165628
0.042195751
0.021386864
0.042364278
0.054465096
0.054504856
0.054487824
0.051565614
0.051704123
0.051706385
0.023563342
0.060816489
0.04606448
0.023522544
0.06129988
0.021404163
0.042320447
0.021391058
0.060169493
0.029400069
0.10803871
0.029459025
0.050092001
0.029080274
0.050003659
0.10715485
0.029077166
0.050229902
0.061810905
0.06127657
0.05740021
0.06167927
0.061161629
0.057758508
0.062405978
0.057460315
0.061395445
0.05755716
0.056961258
0.061652501
0.029402581
0.050103396
0.029430651
0.061044379
0.023376681
0.10837448
0.060969198
0.023479512
0.054348025
0.045963966
0.054397906
0.046026861
0.05441392
0.046031642
0.10872629
0.060672181
0.10935701
0.060414515
0.023484205
0.050196145
0.029416921
0.021368478
0.021464281
0.051899132
0.042531946
0.051953353
0.04236077
0.051892198
0.042324356
0.021203945
0.029117864
0.050110552
0.02901746
0.050101835
0.057235755
0.059673021
0.10798938
0.10635346
0.060170639
0.10624417
0.049879573
0.057353469
0.02889704
0.050006803
0.057353526
0.061599024
0.057257584
0.061502278
0.061489783
0.05757797
0.050051248
0.061510018
0.057181452
0.050319732
0.061278553
0.057267991
0.04995536
0.10912257
0.060864747
0.029363305
0.10968566
0.060535118
0.10759661
0.029059823
0.10729232
0.059952686
0.046175201
0.023613193
0.046233646
0.04243164
0.021314103
0.042425757
0.054523278
0.05454337
0.054542
0.051774494
0.051830381
0.051826973
0.023695617
0.06129391
0.046221986
0.023705766
0.060959858
0.021421886
0.042338106
0.021440312
0.060170803
0.029441275
0.1091327
0.029391379
0.050466694
0.029154615
0.049978812
0.10717819
0.029180351
0.04991538
0.061638969
0.061122868
0.057106224
0.061784468
0.061460855
0.057349612
0.061421063
0.057440616
0.06143623
0.057340236
0.057544731
0.061117979
0.029422958
0.050440125
0.029361569
0.061135157
0.023453982
0.10784889
0.061253664
0.023434346
0.054388149
0.045932089
0.054370993
0.046026424
0.054390609
0.0460037
0.108588
0.060863496
0.10862326
0.060793399
0.023455041
0.050199206
0.029412713
0.021508656
0.021359565
0.051961041
0.042522843
0.051952612
0.042467098
0.051957031
0.042509111
0.021486685
0.028895887
0.050192276
0.028937254
0.050569826
0.056979604
0.059706633
0.10777604
0.10712846
0.059752332
0.10807102
0.049897605
0.057280068
0.029028354
0.050100689
0.056951744
0.061709769
0.05734127
0.061373916
0.061485099
0.057771145
0.049885213
0.06171634
0.05751789
0.050036588
0.06095089
0.057747684
0.050026781
0.10934886
0.060856026
0.02949429
0.10866534
0.0608808
0.10714045
0.029013307
0.10680325
0.059953435
0.046230329
0.023536648
0.046096642
0.042434247
0.021329092
0.042371454
0.054527219
0.054543807
0.054525315
0.05187272
0.051861258
0.051890503
0.023519526
0.061137318
0.046151768
0.023563224
0.061179542
0.021346494
0.04240692
0.021269703
0.059559095
0.029381139
0.10851452
0.029398382
0.050377805
0.029072136
0.049825931
0.107477
0.029004872
0.049734126
0.061751713
0.061541236
0.057255903
0.061373379
0.061466152
0.057485069
0.06121368
0.057454874
0.061155354
0.057461968
0.057412626
0.061612884
0.029344768
0.0501798
0.029358829
0.06160042
0.023470615
0.10731451
0.061600568
0.023519814
0.054362183
0.045947643
0.054353327
0.04612436
0.054400638
0.046181407
0.10970347
0.060578435
0.10888887
0.061254078
0.023690668
0.050332427
0.02942112
0.021339222
0.02132568
0.051898811
0.042422128
0.051844041
0.04247851
0.051870819
0.042367578
0.021266189
0.028923437
0.050440196
0.029009719
0.050335427
0.057112675
0.059918185
0.10686823
0.10707745
0.060283856
0.10604718
0.050257197
0.056769078
0.028999407
0.05002014
0.057101432
0.061568682
0.057758703
0.061325867
0.061469783
0.057495724
0.050218625
0.061536635
0.057455978
0.050457965
0.061125452
0.057090949
0.050502501
0.1077849
0.061356251
0.029406191
0.10792523
0.061507466
0.10636524
0.029036919
0.10646901
0.060268703
0.046047674
0.023592309
0.04612831
0.042291238
0.021215879
0.042310905
0.054543758
0.054520226
0.054541973
0.051893284
0.051854838
0.051897772
0.023634237
0.060837315
0.046147985
0.023595275
0.060960305
0.021352951
0.04251666
0.021436052
0.060188022
0.029328538
0.10878608
0.029371521
0.050170724
0.028986873
0.050316896
0.10706749
0.028954565
0.05056549
0.061226502
0.061964226
0.057873388
0.061138357
0.061986503
0.057213364
0.061062349
0.057672473
0.061115199
0.05752368
0.05655991
0.061758305
0.029378028
0.050054858
0.029352798
0.061458205
0.023498724
0.10769844
0.061220691
0.023493737
0.054363762
0.045956507
0.054366481
0.046079972
0.054358751
0.045951928
0.1084737
0.061210322
0.10787665
0.061122586
0.023429265
0.050297354
0.029372569
0.021206863
0.021298113
0.051842174
0.042355387
0.051881932
0.042271113
0.051877585
0.042414641
0.021414188
0.029019353
0.050402062
0.029013168
0.050371639
0.056926905
0.060376967
0.10588035
0.10592385
0.060181437
0.10636786
0.04997478
0.057453456
0.028992274
0.050056676
0.057239169
0.061061844
0.057482465
0.061422142
0.061811478
0.05735122
0.050581403
0.061779086
0.057211251
0.050108807
0.060952255
0.057500286
0.049885033
0.1090543
0.061167442
0.029402117
0.10906783
0.061112151
0.10709697
0.028999583
0.10755486
0.059659715
0.046246523
0.023671456
0.046242445
0.042348268
0.021331581
0.042420224
0.054531593
0.054530795
0.054522344
0.051911534
0.051893815
0.05191027
0.023526727
0.061004464
0.046136685
0.023566691
0.061038266
0.021466941
0.042548627
0.02147459
0.059828852
0.029368583
0.10879998
0.029439931
0.050281291
0.02897238
0.050288433
0.10774102
0.028952703
0.05007957
0.061254394
0.061759249
0.057456661
0.061603791
0.061479795
0.057389816
0.061615264
0.05726974
0.061868668
0.05702973
0.057682159
0.060869978
0.029381433
0.050275082
0.029428694
0.061146967
0.023443092
0.10782872
0.061264432
0.023394373
0.05436558
0.045891533
0.054347984
0.045970666
0.054368251
0.046009545
0.10827689
0.061040599
0.1087932
0.060836156
0.023520079
0.050332999
0.029415302
0.021429268
0.021334382
0.051909957
0.042417983
0.051905966
0.042454323
0.051905621
0.042365037
0.02126382
0.029017782
0.050020395
0.028995079
0.049815763
0.057451535
0.059987062
0.10705784
0.10681731
0.059953699
0.10681966
0.050077849
0.057124117
0.028960553
0.050280168
0.057057802
0.061559481
0.057230534
0.061312925
0.061407976
0.05750238
0.050200762
0.061533994
0.057387239
0.050079497
0.06146737
0.05702799
0.050286391
0.10899665
0.060995666
0.029481363
0.10852274
0.06110462
0.10841191
0.02902313
0.10783848
0.059776248
0.04616724
0.023567198
0.04612268
0.042553133
0.021398889
0.04251811
0.05451502
0.054494711
0.05449376
0.051877021
0.051904443
0.051870251
0.023599623
0.061581255
0.046089931
0.023594582
0.061636797
0.021354682
0.042380945
0.021287975
0.059921151
0.029506897
0.10771559
0.029401572
0.04983911
0.029009806
0.050029266
0.1068503
0.029088013
0.0503779
0.061822247
0.060871347
0.057414893
0.061807541
0.060894822
0.057728281
0.061514061
0.05735987
0.061309948
0.057626717
0.056982389
0.061594169
0.029455315
0.050352317
0.029443717
0.06163802
0.023518577
0.10752521
0.061908762
0.023586728
0.05433595
0.04600006
0.05433053
0.04591673
0.054329509
0.04590542
0.10751052
0.061369566
0.10748486
0.061431121
0.023433919
0.050166105
0.029349799
0.021321203
0.021339499
0.051895457
0.042484445
0.051913203
0.04242137
0.051886344
0.042454334
0.021350207
0.028983679
0.049960332
0.028987627
0.05007707
0.05732915
0.06007366
0.10670739
0.1074508
0.059939183
0.10740446
0.050450688
0.056691923
0.029072323
0.050106598
0.056817001
0.061300961
0.0574938
0.06161756
0.061398641
0.057190853
0.050436569
0.061610618
0.057454169
0.050346441
0.061091486
0.057697604
0.050076128
0.10868693
0.061286708
0.029422413
0.10921573
0.060911799
0.10715963
0.028919561
0.10735654
0.059793994
0.046208005
0.023695285
0.046237384
0.042420125
0.021399344
0.04248737
0.05447465
0.054528444
0.054493842
0.051875086
0.051899446
0.051875119
0.023598491
0.061437869
0.046170895
0.023640968
0.061389817
0.021314434
0.04240337
0.021376646
0.060421689
0.029371555
0.10850873
0.029448833
0.05018986
0.029060265
0.050441521
0.10658508
0.029062594
0.050364832
0.061598746
0.061552868
0.057346095
0.061469852
0.061389386
0.057533121
0.06141716
0.057419919
0.061377121
0.057098095
0.057000275
0.061465507
0.029360672
0.05022404
0.029344086
0.061833708
0.023486095
0.10776961
0.061325525
0.023477876
0.054339117
0.045961662
0.054359147
0.045922148
0.054340343
0.045803568
0.10815667
0.061162818
0.10712388
0.061404089
0.023383921
0.050715209
0.029459679
0.021428766
0.021437929
0.051936766
0.042553785
0.051932376
0.042434607
0.051897255
0.042481815
0.021441718
0.029037513
0.050255464
0.029015511
0.050173593
0.057307301
0.059815093
0.10761391
0.10669361
0.060686689
0.10666938
0.050031079
0.057140304
0.029054356
0.050259835
0.056975726
0.061578795
0.057281077
0.061685168
0.061252404
0.057497791
0.050004539
0.061574555
0.057343165
0.050031791
0.061318089
0.057233725
0.050172539
0.10888982
0.06114102
0.029419986
0.10909056
0.061111247
0.10703325
0.028949244
0.10674316
0.060037653
0.046209013
0.023737901
0.046266095
0.042437538
0.021288812
0.042443289
0.054531497
0.0545262
0.05454061
0.051882172
0.051905982
0.051886516
0.023701378
0.061175218
0.046285913
0.02370981
0.061061163
0.021355182
0.042367696
0.021319029
0.059861785
0.029465833
0.10908004
0.029348265
0.050470266
0.029006967
0.050380975
0.10745134
0.02895991
0.050147378
0.061759049
0.060985556
0.057237131
0.061500761
0.061402456
0.057436356
0.061415502
0.057397017
0.061082951
0.057852488
0.05691302
0.062003237
0.029440081
0.050284732
0.029498961
0.061077062
0.023582149
0.10863728
0.061072275
0.023546974
0.054377477
0.046040817
0.054371344
0.045872131
0.054370317
0.046036009
0.10770002
0.061085848
0.10864445
0.060962461
0.023545678
0.050071315
0.029348515
0.021409251
0.021452973
0.0519121
0.042493351
0.05191154
0.042445314
0.051904303
0.042426416
0.021360957
0.029067557
0.04996611
0.029082478
0.050133764
0.057395322
0.059934726
0.10789148
0.10690692
0.060209881
0.10658963
0.050386425
0.05676536
0.028949999
0.049951758
0.057442173
0.061759235
0.057413106
0.06163162
0.060842952
0.057439271
0.050206121
0.061309183
0.057526522
0.049962979
0.061408005
0.057301335
0.049981371
0.10868573
0.061276722
0.029548354
0.10763294
0.061572107
0.10730178
0.029033696
0.10753621
0.05969775
0.046188138
0.023496873
0.045991229
0.042544425
0.021353395
0.042482002
0.054540889
0.054471205
0.054502093
0.051867838
0.05190827
0.051861634
0.023741043
0.06083236
0.046158577
0.02364066
0.061036032
0.02131845
0.042383779
0.021318248
0.060301186
0.029360094
0.10880769
0.029439375
0.050391663
0.028923474
0.05020611
0.10637054
0.028904377
0.050166661
0.061354764
0.061873507
0.057703033
0.061108486
0.06193972
0.057061969
0.061083601
0.057514176
0.061722912
0.057185967
0.057348514
0.061507596
0.029447603
0.050359447
0.029349477
0.061198696
0.02343969
0.10837584
0.060946363
0.023449496
0.054356799
0.045989754
0.05437921
0.046032453
0.054379355
0.04604609
0.10816222
0.061270826
0.1084209
0.061087364
0.02353276
0.050328501
0.029392673
0.021368136
0.021395612
0.051917909
0.042504229
0.051920515
0.042525707
0.051921024
0.042500625
0.021537528
0.029033112
0.050128675
0.029060083
0.049984153
0.05768366
0.059687958
0.10764556
0.10667886
0.060037394
0.10718567
0.049689363
0.057915929
0.029042411
0.050014303
0.057278573
0.061880788
0.057022175
0.061918294
0.060823156
0.056928839
0.050469051
0.061634852
0.057098108
0.050095331
0.061204769
0.057419624
0.050129801
0.10767267
0.061604683
0.029359946
0.10822125
0.061349935
0.10735966
0.029090146
0.10677218
0.06024376
0.046025774
0.023556331
0.04610393
0.042423024
0.021336637
0.042364862
0.054466282
0.054483426
0.054492671
0.051857398
0.051848937
0.051856481
0.023479374
0.061542124
0.046048956
0.023541974
0.06137429
0.021341103
0.042354958
0.0214032
0.060261383
0.029501778
0.10793652
0.029444729
0.050705988
0.028912615
0.049857664
0.10687645
0.029040832
0.050166813
0.061248997
0.061496648
0.056845221
0.061845378
0.061136707
0.057426288
0.061545797
0.057416092
0.061403414
0.057728088
0.057202676
0.06149445
0.029361565
0.050452082
0.029342293
0.060642691
0.023527507
0.10856866
0.060964426
0.023576308
0.054402604
0.046080508
0.054409483
0.046069789
0.054368392
0.046005537
0.10822971
0.061297157
0.10763821
0.061438659
0.023531246
0.049950412
0.029389193
0.021386381
0.02133391
0.05192187
0.042492877
0.051934169
0.042411486
0.051937666
0.042553385
0.021483915
0.029055944
0.050106958
0.029116612
0.05007867
0.057556742
0.059854247
0.10721769
0.10693009
0.060225136
0.10723521
0.050380107
0.056798392
0.02899734
0.050318236
0.056855818
0.06169245
0.057412415
0.061961753
0.061104595
0.05729078
0.050275789
0.061669116
0.057587954
0.04992391
0.061141031
0.057602741
0.049925359
0.10785676
0.061416679
0.029437637
0.10814346
0.061510758
0.10623813
0.029067976
0.10675411
0.060223632
0.046095628
0.023643382
0.046157297
0.042277769
0.021380831
0.042286157
0.054537552
0.054528047
0.054564404
0.051852789
0.051856764
0.051850076
0.023660913
0.061073781
0.046259199
0.023677559
0.060899362
0.021322263
0.042281086
0.021225752
0.059922543
0.029362959
0.10930058
0.029326765
0.050439319
0.029064222
0.050358809
0.10675295
0.028941319
0.050345099
0.062052706
0.06111161
0.056948685
0.062258378
0.060795917
0.057975979
0.061264437
0.057730149
0.061337777
0.057682167
0.056852047
0.061629476
0.029405533
0.05008012
0.029484893
0.060946696
0.02362058
0.10944516
0.060592837
0.023569741
0.054413438
0.046100195
0.054422998
0.046018433
0.054411016
0.046030661
0.1072617
0.06179582
0.10809708
0.061228538
0.023556283
0.050168852
0.029333972
0.021314194
0.021292725
0.051934222
0.042320637
0.051930706
0.042610016
0.051968163
0.042527334
0.021473703
0.029119208
0.049818374
0.028943924
0.05002436
0.057425024
0.059885763
0.10673814
0.10773731
0.059748111
0.1077635
0.050087255
0.05719164
0.029016625
0.049933805
0.05738179
0.061880773
0.05697257
0.061785635
0.06133528
0.057107326
0.05037458
0.061538511
0.057297321
0.050035301
0.061282994
0.057477143
0.049853718
0.10869713
0.061023656
0.029402424
0.10908446
0.060775255
0.10715107
0.028907108
0.10715447
0.059904748
0.04616819
0.02361261
0.046190214
0.042375213
0.021444517
0.042443183
0.054558729
0.054547286
0.054542802
0.05184094
0.051877833
0.051842755
0.023650729
0.061104106
0.046139388
0.023616708
0.061106398
0.021266643
0.042273153
0.021222733
0.060294133
0.029457273
0.10836066
0.02951917
0.050210925
0.029053054
0.050281418
0.10619966
0.029161691
0.050313961
0.061995226
0.060878578
0.057336735
0.061694237
0.060975722
0.057707442
0.061464748
0.057562383
0.061636421
0.057175697
0.057352042
0.061163755
0.029528605
0.050328558
0.02943498
0.060697453
0.023583416
0.10901157
0.060881527
0.023602436
0.0544241
0.046145901
0.05442043
0.046040762
0.054406611
0.046075018
0.10802403
0.061265364
0.10830547
0.061125143
0.023566316
0.050302553
0.029340098
0.021311849
0.021246789
0.051929956
0.042413372
0.051924892
0.042394532
0.051909444
0.042404713
0.021314931
0.028925151
0.050285305
0.029004148
0.050337221
0.05730305
0.059675971
0.10733027
0.10727109
0.06000253
0.10675575
0.049936564
0.056941855
0.029049716
0.050179406
0.056771046
0.061491674
0.057363073
0.061387233
0.061172456
0.057212986
0.050285753
0.061653134
0.057899009
0.049984439
0.061005912
0.057807926
0.050062454
0.10953351
0.060709449
0.029545277
0.10884167
0.060935311
0.10739697
0.028956079
0.10642817
0.060190108
0.04620297
0.023498209
0.04606963
0.042447126
0.021389182
0.04236705
0.054553018
0.054519474
0.054575198
0.051872052
0.051883431
0.051903811
0.023639435
0.061133264
0.046309557
0.023755078
0.060880539
0.021328189
0.042488356
0.021467049
0.059811718
0.029520547
0.10974297
0.029510738
0.050097006
0.029053771
0.050171451
0.10781574
0.029025285
0.050276694
0.061782307
0.061190907
0.057180476
0.061689579
0.060860115
0.058095434
0.061730589
0.05703875
0.061556079
0.057276693
0.057078519
0.061411115
0.029386586
0.05006909
0.029405763
0.060574888
0.023638374
0.10985905
0.060578405
0.02367894
0.054443482
0.046222961
0.05445062
0.045967959
0.054374552
0.045937556
0.10817662
0.061136934
0.10784586
0.061182036
0.023426608
0.050334393
0.029387405
0.021374699
0.021363642
0.051927419
0.04243622
0.051920594
0.042469099
0.051902989
0.042381719
0.0213095
0.028947359
0.050141999
0.028988155
0.050148856
0.056846749
0.06009088
0.10684904
0.1076106
0.05953076
0.10751416
0.050249838
0.056797058
0.028983026
0.050000127
0.057138294
0.061161639
0.057336375
0.061084107
0.061819225
0.057739976
0.050319962
0.061534121
0.057497036
0.050256226
0.061332367
0.057245096
0.050360486
0.10808475
0.061230666
0.029482599
0.10876975
0.061115325
0.10646482
0.028965346
0.10711251
0.060125191
0.045980416
0.02361104
0.046149935
0.042458664
0.021432735
0.04248248
0.05456725
0.054525797
0.054550522
0.051922449
0.051899867
0.051926851
0.023774632
0.060917747
0.046326824
0.023779695
0.061369955
0.021504301
0.042591399
0.021610335
0.059546773
0.029446023
0.10890419
0.029362045
0.05036988
0.029024697
0.050292952
0.10900347
0.02905234
0.050059969
0.061656967
0.060971933
0.057173409
0.061726051
0.061382261
0.057633969
0.061613436
0.057336436
0.061607748
0.057308877
0.057223044
0.061212857
0.029429215
0.050005876
0.029336721
0.0608833
0.023599728
0.10949934
0.06065911
0.023660377
0.054432892
0.046236405
0.0544266
0.046105252
0.054399755
0.046059701
0.10938301
0.060608959
0.10883103
0.060936625
0.02353336
0.050241924
0.029385606
0.02130625
0.021325326
0.05192045
0.04239654
0.051923119
0.042250318
0.051899506
0.042325373
0.021273039
0.02901135
0.050174557
0.028969061
0.050056161
0.057234892
0.060036324
0.10646849
0.10610256
0.059905171
0.10673336
0.050144627
0.05737873
0.029017038
0.050401404
0.05705122
0.061118493
0.057780765
0.061341074
0.061746719
0.057778754
0.049947542
0.061368724
0.056971478
0.050211517
0.061206243
0.057277954
0.050115438
0.10914706
0.060984441
0.029472206
0.10841043
0.061131574
0.10693819
0.029061211
0.10640896
0.060291944
0.046239321
0.023600008
0.046121021
0.042329476
0.021310068
0.042294187
0.054538648
0.05454717
0.054534363
0.051900715
0.051843687
0.051864985
0.023636103
0.061277666
0.046123398
0.023540985
0.060704024
0.021502757
0.042357873
0.021367378
0.060014084
0.02938329
0.1088836
0.029368193
0.05050877
0.029064292
0.050254836
0.10693832
0.029017816
0.050359438
0.061695953
0.061489362
0.057065314
0.061854812
0.061257904
0.057519743
0.061653524
0.057272598
0.061792133
0.057187344
0.057133055
0.061396664
0.029276026
0.05033893
0.029343612
0.060785878
0.023694074
0.10876479
0.0610918
0.023632048
0.054428802
0.046162727
0.054422224
0.045955261
0.054414877
0.046054459
0.10766649
0.061384854
0.10807069
0.061429392
0.0235852
0.050305989
0.029368515
0.021429997
0.021411929
0.051951722
0.042547119
0.051990648
0.042550757
0.051950305
0.042540847
0.02137019
0.028888023
0.050273015
0.028900084
0.050300356
0.057048568
0.05926676
0.10825416
0.10843273
0.059805664
0.10740558
0.05037537
0.056817814
0.028981289
0.050196952
0.057303417
0.061322019
0.05786304
0.061312951
0.061577783
0.057728254
0.050019131
0.061060512
0.057279625
0.050128771
0.061645356
0.057085784
0.050183369
0.10826075
0.061113499
0.029520941
0.10885038
0.060885372
0.10642109
0.029056901
0.1064666
0.060371404
0.046080462
0.023553749
0.046141263
0.042391712
0.02140202
0.042383536
0.054542015
0.054499325
0.05452796
0.051855988
0.051855077
0.051841157
0.023617425
0.060661311
0.046175577
0.023622647
0.060833021
0.0213143
0.042267097
0.02118871
0.059650323
0.02935825
0.10899749
0.029366301
0.05013607
0.029027242
0.05025155
0.10727219
0.029048325
0.050048285
0.06204921
0.061020518
0.057564829
0.061373412
0.061562353
0.057137334
0.06169309
0.05723718
0.061522164
0.057428593
0.057484384
0.061244334
0.029363114
0.050346981
0.029325941
0.060562549
0.023595816
0.11026574
0.060258552
0.023635783
0.054432532
0.046217811
0.054449836
0.046025226
0.054363156
0.045895964
0.10787601
0.061396945
0.10737357
0.061433959
0.02344961
0.050146847
0.029446911
0.021430628
0.021374107
0.052017081
0.042570648
0.051995132
0.0423965
0.051953683
0.042442275
0.021322242
0.02896146
0.050123049
0.028956241
0.049912913
0.05725005
0.059403524
0.10820682
0.10591782
0.060067658
0.10670703
0.050119502
0.057319118
0.028939624
0.050138438
0.057228264
0.061503912
0.057367962
0.061305284
0.061555071
0.057494088
0.050281094
0.061500875
0.057330155
0.050107513
0.061176486
0.057339669
0.049972944
0.10877163
0.061136081
0.029431774
0.10861257
0.061218454
0.10612849
0.029123199
0.10624756
0.06047001
0.046198072
0.02365839
0.046179057
0.042304886
0.021274016
0.042347885
0.054484626
0.054506211
0.054462243
0.05183817
0.051815386
0.051843577
0.023549884
0.061352701
0.046022305
0.023511252
0.061550291
0.021211883
0.042426514
0.021367741
0.060092902
0.029413783
0.1076835
0.029509129
0.050494216
0.029064554
0.050180552
0.10692308
0.029057531
0.050140654
0.06113231
0.061891748
0.057587166
0.061165351
0.061688244
0.057239855
0.061354705
0.057687968
0.061400595
0.057647973
0.057193337
0.061469962
0.02931256
0.050166936
0.029452713
0.060423286
0.023717347
0.10830776
0.061310989
0.023582228
0.054450635
0.046066233
0.054407074
0.045968927
0.05437525
0.045975112
0.10778897
0.06132733
0.10749217
0.061430981
0.023512437
0.050165274
0.029366267
0.02130796
0.021394324
0.051946864
0.042424426
0.051915877
0.042534253
0.051929453
0.042545056
0.021387687
0.028935774
0.050040021
0.028978204
0.050097101
0.057319436
0.059861151
0.10721943
0.10744845
0.059868689
0.10729982
0.050074642
0.057220681
0.029078555
0.050225549
0.057183911
0.06096828
0.057840326
0.061523671
0.061410752
0.057581789
0.050102681
0.061474664
0.057269582
0.05014596
0.061358095
0.057339281
0.050184096
0.1089209
0.061056398
0.029422338
0.10902821
0.060753535
0.10626616
0.029143667
0.10627843
0.060646695
0.04616301
0.023575416
0.046158672
0.042309967
0.021389405
0.042341215
0.054514088
0.054534406
0.054544926
0.051843315
0.051841528
0.051843818
0.023671343
0.060943802
0.046324607
0.023751494
0.060915494
0.021384827
0.042312703
0.021303376
0.060087364
0.029451693
0.10975356
0.029462138
0.050276442
0.029051505
0.049948392
0.10673098
0.028957414
0.049941113
0.061531648
0.061263965
0.057345265
0.061765586
0.06125022
0.05765463
0.061690312
0.057272608
0.061331431
0.05731587
0.05721479
0.061553318
0.029497942
0.05016961
0.029461257
0.06148573
0.023385099
0.10763159
0.061265195
0.023385261
0.054352422
0.045845175
0.054344707
0.046049872
0.054419889
0.046157115
0.10818375
0.06122237
0.1095708
0.06057011
0.023623147
0.050229324
0.029339941
0.021325558
0.021325358
0.051899048
0.042407081
0.051904515
0.042522217
0.051880189
0.042391689
0.021337337
0.02906668
0.049674888
0.029012265
0.04973475
0.057358971
0.059850887
0.10698385
0.10734951
0.060001059
0.1068865
0.050048679
0.057196292
0.028972701
0.050037072
0.057175128
0.061455108
0.057447923
0.061079768
0.061806304
0.057540653
0.050522549
0.061409179
0.057420571
0.050001444
0.061523915
0.057554555
0.049900434
0.10940583
0.060843893
0.029456197
0.10967201
0.060849296
0.1066039
0.028961014
0.10678244
0.060050934
0.046226022
0.023697438
0.04626168
0.042341204
0.02130367
0.042361996
0.054541762
0.054547072
0.054530146
0.051829474
0.05183052
0.051824698
0.023676668
0.06081437
0.04612597
0.02357195
0.060981286
0.021290131
0.042262077
0.02126785
0.060300897
0.029480204
0.10850041
0.029469769
0.05023533
0.029000421
0.050294663
0.10608784
0.029077923
0.050340969
0.061591206
0.061494599
0.057478777
0.061607315
0.061560476
0.057350487
0.061602755
0.057235929
0.061582606
0.057310198
0.057331488
0.061084999
0.029464347
0.050251614
0.029363715
0.061346621
0.023364988
0.10734574
0.061557332
0.023456499
0.054360998
0.045904235
0.05436285
0.046075578
0.054388166
0.046033677
0.10921305
0.060540059
0.10877463
0.060847383
0.023514177
0.050170641
0.029405012
0.021286505
0.021250908
0.05190475
0.042351575
0.051888567
0.04231744
0.051872576
0.042268079
0.021259587
0.028902819
0.050086547
0.028965509
0.050391179
0.057019522
0.059696707
0.10736883
0.10626584
0.060353454
0.1059696
0.050131001
0.057326095
0.029045014
0.050237221
0.057435772
0.061206408
0.057495808
0.061304333
0.061651409
0.057603006
0.05001074
0.061103287
0.057148202
0.050076949
0.061497271
0.056831535
0.050240202
0.10913208
0.060946347
0.029544681
0.10873397
0.061103666
0.1062662
0.029095281
0.10673134
0.060447041
0.046187814
0.023568883
0.046109626
0.042358587
0.02134812
0.042391879
0.054527718
0.054512679
0.054529837
0.051828119
0.051846356
0.051844001
0.023629673
0.060985021
0.046267852
0.023711688
0.060778467
0.021264475
0.042311965
0.021271217
0.060075919
0.029415279
0.10981413
0.029448392
0.05038836
0.029069435
0.050469752
0.10679017
0.02902572
0.050248508
0.061661136
0.061585371
0.057275663
0.061641974
0.061479354
0.057445255
0.061168316
0.057450058
0.06128674
0.057303519
0.057126115
0.061524248
0.029308503
0.050338736
0.029318382
0.061459009
0.023497709
0.10863229
0.060921758
0.023599176
0.054373809
0.046099837
0.054426264
0.046010026
0.054386358
0.046035335
0.10857732
0.061025957
0.10895151
0.060862031
0.023513428
0.050214759
0.029427152
0.021318199
0.021410691
0.05188226
0.042508913
0.051912712
0.042349004
0.051947412
0.042546438
0.021419291
0.029087405
0.050377511
0.029095487
0.050061378
0.057220869
0.060259093
0.10715043
0.10652191
0.059905916
0.10722343
0.050233872
0.057324735
0.029031838
0.050105351
0.057449897
0.061094681
0.057656031
0.061385052
0.061499938
0.057445682
0.05027959
0.061281384
0.057175499
0.050084868
0.061578568
0.057113302
0.050129212
0.10826075
0.061425345
0.02941079
0.10772736
0.061715191
0.10754042
0.028989845
0.10652855
0.060050414
0.046087672
0.023612366
0.046124853
0.042409681
0.021250487
0.042280579
0.054495859
0.05447077
0.054482049
0.051856629
0.051832286
0.051863829
0.023555458
0.061293888
0.046017973
0.023486774
0.061383194
0.021263296
0.042361037
0.021302769
0.060194925
0.029414889
0.107619
0.029375322
0.050413778
0.029046826
0.050280682
0.10666397
0.02901832
0.050140396
0.061794032
0.061224785
0.057127266
0.061703832
0.061202723
0.057634117
0.061425157
0.057419567
0.061383248
0.057347014
0.057269028
0.06146886
0.029386498
0.050131983
0.029429555
0.060615009
0.023673805
0.11017188
0.060327913
0.023635041
0.054451512
0.046206906
0.054448181
0.046069783
0.054381612
0.046062231
0.10830429
0.061447972
0.10822436
0.061279741
0.023565942
0.050263336
0.029394747
0.021516253
0.021474867
0.051928381
0.042527745
0.051935598
0.042639215
0.052011708
0.042684526
0.021573426
0.029112892
0.049882505
0.029011508
0.050324746
0.056866154
0.060114535
0.10712192
0.10820186
0.05946049
0.10892379
0.050045349
0.057201033
0.028846047
0.050050228
0.056991832
0.061010849
0.057603679
0.060961357
0.061914138
0.057640982
0.050323261
0.061610384
0.057189433
0.050192498
0.061369232
0.057287564
0.050172963
0.10897449
0.061108156
0.029488938
0.11003732
0.060509146
0.10602666
0.028990624
0.10605353
0.060388854
0.046205785
0.023632016
0.04620193
0.042189137
0.021250656
0.042278706
0.054519544
0.054551192
0.05455034
0.051880857
0.051854647
0.051902852
0.023521095
0.060986037
0.046198661
0.023621645
0.060894246
0.021364184
0.0424776
0.021387395
0.059974608
0.029340166
0.1090682
0.029381744
0.050129869
0.029023775
0.050066348
0.10713728
0.029013125
0.050213937
0.061639665
0.061569901
0.057520497
0.061683409
0.06144514
0.057449166
0.061368061
0.057677653
0.061386038
0.057718493
0.057130114
0.061352089
0.029397523
0.050279052
0.029400925
0.060567325
0.023572485
0.10810634
0.061081306
0.023499441
0.054424702
0.046015623
0.0543908
0.046100423
0.054410549
0.046042774
0.10882355
0.06088465
0.10839906
0.060983633
0.023536786
0.050115012
0.029382609
0.021376471
0.021344131
0.051958171
0.042498697
0.051954021
0.042605047
0.051951184
0.042527734
0.021405054
0.028882541
0.0502607
0.028982234
0.050124326
0.057364698
0.059720581
0.1076757
0.10781619
0.05960613
0.10778609
0.050278557
0.056931595
0.029063666
0.05036378
0.056979368
0.061404803
0.057416408
0.061597483
0.061421187
0.057390093
0.05019333
0.061568786
0.057195389
0.050316571
0.061263909
0.05740744
0.050091712
0.10882323
0.060968013
0.029471893
0.10792401
0.061477763
0.10752667
0.02896826
0.10797037
0.059788813
0.046147316
0.023565839
0.046074837
0.042494681
0.021442297
0.04255206
0.054534407
0.054497179
0.054523285
0.051926968
0.051914022
0.051908964
0.023652751
0.060846518
0.046138839
0.023576079
0.060941027
0.021405482
0.042458672
0.021391771
0.060013528
0.029423832
0.10895386
0.029435532
0.050484047
0.029005465
0.050215836
0.10704252
0.028995742
0.050176445
0.061707625
0.061088179
0.057203963
0.061741443
0.061263617
0.057575118
0.06167442
0.057229893
0.061503441
0.057356701
0.057056167
0.061639781
0.029471136
0.05025261
0.029388881
0.060916604
0.023532719
0.10837451
0.061289253
0.023556812
0.054389155
0.046062622
0.054384221
0.046136294
0.05441568
0.046171083
0.10926863
0.060667205
0.10867472
0.061168683
0.023647027
0.050377589
0.029304604
0.021291671
0.02127503
0.051919277
0.042449247
0.051911694
0.042472085
0.051920609
0.042415872
0.021280901
0.02902652
0.050003579
0.028957218
0.050171658
0.057289639
0.059659611
0.10719424
0.10755379
0.059818549
0.10739431
0.049958673
0.057016215
0.029083694
0.050489045
0.057182777
0.061508669
0.057458609
0.061386972
0.061354031
0.057512763
0.050212709
0.061216935
0.057328691
0.050168732
0.061505304
0.057172075
0.050147794
0.10777431
0.061810266
0.029527114
0.10774153
0.061770488
0.10696478
0.028954114
0.10710001
0.05981466
0.046092384
0.023607638
0.046104431
0.04243764
0.021337821
0.04240362
0.054496332
0.054468718
0.054467326
0.051886868
0.051880049
0.051893619
0.023546423
0.061086972
0.046032515
0.023542526
0.061473704
0.021346581
0.042464392
0.021399551
0.059696248
0.029462316
0.10781881
0.029432652
0.050777789
0.029011792
0.0500082
0.10793646
0.029103544
0.050184981
0.0617635
0.061315807
0.056812789
0.062043474
0.061231044
0.057674686
0.06127356
0.057526254
0.061717224
0.057164289
0.057527833
0.06109693
0.029347218
0.050229696
0.029355447
0.061627024
0.023550765
0.1081549
0.06117738
0.023584652
0.054372991
0.046055597
0.054409615
0.046068645
0.054410436
0.046055574
0.10810366
0.061245388
0.10888841
0.060789389
0.02353608
0.0503774
0.029471035
0.021373296
0.021322391
0.051923896
0.042430179
0.051909624
0.042357191
0.051874462
0.04235236
0.021315753
0.028948898
0.050049439
0.028905597
0.050147361
0.057216584
0.060152789
0.10655412
0.10661016
0.060352449
0.10633219
0.050013026
0.05748919
0.029036065
0.049991755
0.057278587
0.061220895
0.057507902
0.061404378
0.061457152
0.057345659
0.050329412
0.061616441
0.057089984
0.050177161
0.061355938
0.05724425
0.050310324
0.1088132
0.060996884
0.029466179
0.10831678
0.061322303
0.10696088
0.029011966
0.10640782
0.060451746
0.046143482
0.023575702
0.046106152
0.042382981
0.021439244
0.042359961
0.054464915
0.054485989
0.054496999
0.051874168
0.051840314
0.051828615
0.02352893
0.06138037
0.046121971
0.023574389
0.061373305
0.021411111
0.042298979
0.021292085
0.060639123
0.029394278
0.1084408
0.029385778
0.050307781
0.029035527
0.050305457
0.10586174
0.02894349
0.050235669
0.061944286
0.061233079
0.057060074
0.061780777
0.061197702
0.057738067
0.061880419
0.057040865
0.061541809
0.057563309
0.057259854
0.061558814
0.029403857
0.050217325
0.029436349
0.060716437
0.023659021
0.10920043
0.06083485
0.023618624
0.054439725
0.046160113
0.054431286
0.046149103
0.054436862
0.046176765
0.10972127
0.060391937
0.10975363
0.060420023
0.023599527
0.04993195
0.029299301
0.021265035
0.021275442
0.051901616
0.042262916
0.051881411
0.042338504
0.051900053
0.042383175
0.021324234
0.028863981
0.050392465
0.029000836
0.050065678
0.057098328
0.060148977
0.10629918
0.10612625
0.060001402
0.10670806
0.050272265
0.056704077
0.028839558
0.050342083
0.056614985
0.061198734
0.057539505
0.06104782
0.061795025
0.057660686
0.050303091
0.062072052
0.057491525
0.050353791
0.060842533
0.057323584
0.05047791
0.10823988
0.06145821
0.029437885
0.10873735
0.061307851
0.10605687
0.028995443
0.10702305
0.060186778
0.046146938
0.02369862
0.046221966
0.042384475
0.021397776
0.042492549
0.054507213
0.054509486
0.054504453
0.051832344
0.051886988
0.051889661
0.023657711
0.061564038
0.046182602
0.023660329
0.061580865
0.021333442
0.042511141
0.021536015
0.060010442
0.029408591
0.10823352
0.029417192
0.050369407
0.028992419
0.049893945
0.10753945
0.029071458
0.049827768
0.061674927
0.06113357
0.057145686
0.061792391
0.06103487
0.057566709
0.061381586
0.057429377
0.061524391
0.057110813
0.057804389
0.061186596
0.029407181
0.050270754
0.029459087
0.060805941
0.023546327
0.10827772
0.061240526
0.023506776
0.054409114
0.046001399
0.054368913
0.04605818
0.054383348
0.045941243
0.1089152
0.060788489
0.10836771
0.061094123
0.023435655
0.050459966
0.029483749
0.02127966
0.021346129
0.051900354
0.042367414
0.05193117
0.042396494
0.051909419
0.042338646
0.021280736
0.028964433
0.049775016
0.029022042
0.050012955
0.05729365
0.060006185
0.10707742
0.10715577
0.060220037
0.10622561
0.050247874
0.057031841
0.028962136
0.050133835
0.057410468
0.061287995
0.057590153
0.061639812
0.061439329
0.057535574
0.050158339
0.061310232
0.057128457
0.050071171
0.061653225
0.057197331
0.050001134
0.10830691
0.061259486
0.0294453
0.1086359
0.061023
0.10687324
0.02901987
0.1065416
0.060296757
0.046133904
0.023541586
0.046107761
0.042503565
0.021352848
0.042453523
0.054509423
0.054490435
0.054505338
0.051933914
0.051902465
0.051954409
0.023572143
0.06119047
0.046177024
0.023593067
0.061027215
0.02158666
0.042664197
0.021527602
0.059528591
0.02932979
0.10874771
0.0292338
0.050279369
0.029059228
0.050015699
0.1085413
0.029020772
0.050324501
0.061639537
0.061627652
0.057208806
0.061689626
0.061294562
0.057439025
0.061435623
0.057355852
0.061377127
0.057368075
0.056964534
0.061451924
0.029447451
0.050238893
0.029390229
0.061338322
0.02352607
0.10785267
0.061500569
0.023528291
0.054353833
0.046000636
0.054359297
0.045939087
0.054361666
0.045998518
0.10838596
0.060949124
0.10847023
0.060949937
0.023516467
0.050453508
0.029454414
0.021400427
0.021377806
0.051921915
0.042398121
0.051918531
0.042422092
0.051929132
0.042425884
0.021316834
0.029056342
0.050097959
0.029073448
0.05035776
0.057049873
0.059973053
0.10711657
0.1071416
0.05984126
0.10727636
0.050006238
0.057410597
0.02908497
0.049986411
0.057337548
0.061581604
0.057095781
0.061623898
0.061345058
0.05719603
0.050280544
0.061370512
0.056926441
0.050227784
0.061212282
0.05740794
0.049932689
0.1084367
0.061312934
0.029392289
0.1075034
0.06172417
0.10686908
0.02907937
0.10712459
0.060127882
0.046110679
0.023559563
0.046045061
0.042377149
0.021464501
0.042400741
0.054479132
0.054422827
0.0544537
0.051947651
0.051878456
0.051917562
0.023620424
0.061143761
0.046126323
0.023561168
0.060982774
0.021389951
0.042526847
0.021354348
0.059427627
0.029344417
0.10893191
0.029432096
0.050318936
0.028992669
0.050129147
0.10818924
0.029058711
0.050255845
0.061967778
0.060903445
0.057497426
0.061494729
0.061390114
0.057380645
0.061615829
0.057122851
0.061561335
0.057125867
0.057162135
0.061321347
0.029407002
0.050204126
0.029379751
0.061177444
0.023425594
0.10902153
0.060718148
0.023503627
0.054363837
0.046036252
0.05440863
0.046009556
0.054405348
0.046149855
0.10821377
0.061059128
0.10887425
0.061055177
0.023646715
0.050400745
0.02941806
0.021331388
0.021324538
0.051929372
0.042376609
0.051893995
0.042435756
0.051917877
0.04258986
0.021490951
0.029088943
0.050280137
0.029015991
0.049964124
0.057267151
0.059582422
0.10752586
0.10695889
0.059999157
0.10744845
0.050046184
0.057203587
0.029025639
0.050202706
0.057229061
0.061510416
0.057337454
0.061891705
0.061367632
0.057293336
0.050233668
0.061201583
0.057635029
0.049876609
0.061648291
0.057016565
0.050194157
0.10795183
0.061151642
0.029277739
0.10812838
0.06102645
0.10646075
0.02902451
0.10659146
0.060051074
0.045989815
0.023490646
0.04598249
0.04242014
0.021341054
0.042393207
0.05442869
0.054359956
0.054362036
0.051876329
0.051829769
0.0518334
0.023608788
0.060916692
0.046112594
0.023600453
0.060894908
0.021333921
0.042312057
0.021285224
0.059786323
0.029417698
0.10889599
0.029322176
0.050121527
0.029085537
0.050113462
0.10716157
0.029054174
0.050099097
0.061295517
0.061653994
0.05726377
0.061589111
0.061218761
0.05764344
0.061451639
0.057298166
0.061387173
0.05766755
0.057106757
0.061417478
0.029325227
0.049918152
0.029374968
0.060545474
0.023628347
0.10908068
0.060661361
0.023556842
0.054412682
0.046061625
0.054338352
0.046154748
0.054303957
0.045922281
0.10881212
0.061163349
0.10740619
0.061305414
0.023469357
0.049964452
0.02935703
0.021328487
0.021178729
0.05179646
0.042108413
0.051523958
0.042561543
0.051547231
0.042233066
0.021195217
0.028958057
0.049938781
0.028808988
0.04978399
0.056678497
0.059727559
0.10590257
0.10733158
0.059353749
0.10668721
0.050019838
0.057441009
0.028747858
0.049930254
0.056835196
0.061346257
0.057274242
0.060640394
0.061246063
0.057222731
0.049922313
0.061024703
0.056840388
0.050177106
0.060981468
0.057030322
0.049695747
0.10803344
0.061074041
0.029247471
0.10862283
0.060144785
0.10696559
0.028817364
0.10679761
0.059180208
0.045879357
0.023330159
0.045608244
0.042326543
0.021269081
0.042136868
0.05421788
0.053768996
0.053780816
0.051754344
0.051543526
0.05150193
0.023477177
0.060657726
0.045631418
0.023378643
0.060152757
0.021232049
0.042084954
0.021152345
0.059578896
0.029293211
0.10874262
0.029135111
0.049710503
0.028928236
0.050212172
0.10612024
0.028723456
0.049844268
0.061326307
0.061166877
0.057182808
0.06099194
0.061177536
0.056815975
0.061245286
0.057429071
0.060933446
0.057149991
0.056593192
0.061359089
0.029363266
0.05002496
0.029199716
0.06084105
0.023465409
0.10758883
0.060515032
0.023267322
0.054157468
0.045493609
0.053677115
0.045825102
0.05371181
0.045543172
0.10766411
0.061094345
0.10748048
0.060650352
0.023346614
0.049813191
0.029160232
0.020793073
0.019517279
0.050691473
0.039146434
0.04807376
0.041522271
0.047981796
0.039233868
0.019656329
0.028271402
0.048834159
0.026174119
0.045126583
0.051871448
0.053056818
0.097935023
0.10519878
0.052977857
0.098610327
0.049205397
0.055621817
0.026254963
0.045486299
0.052335226
0.05980702
0.055979339
0.055443222
0.055592524
0.051968942
0.045072622
0.056441043
0.056436135
0.048662205
0.055825545
0.052549166
0.044865856
0.10687569
0.058613564
0.026359808
0.099515713
0.05280985
0.10516044
0.026113057
0.0974166
0.053210761
0.044514071
0.020817311
0.040663119
0.041470568
0.019664616
0.039067231
0.052318456
0.047943275
0.047879528
0.050658868
0.048001494
0.047918905
0.022791731
0.058623561
0.040538289
0.020698451
0.053244632
0.020797949
0.039049682
0.019481294
0.052725728
0.028574411
0.09847374
0.02632867
0.045201632
0.028227388
0.048846053
0.098250309
0.026159794
0.044842076
0.05996323
0.059931108
0.051833721
0.055508064
0.055862438
0.052425902
0.05976092
0.056574085
0.05577827
0.052502235
0.052068827
0.055601326
0.028499089
0.044960589
0.026288748
0.058427622
0.022711607
0.098863119
0.053045314
0.020761071
0.052198905
0.040474474
0.047729775
0.044352647
0.04788961
0.040613587
0.1054101
0.058959796
0.098970993
0.053057329
0.020810082
0.044663801
0.026186788
0.0017804605
0.0018413572
0.001895013
0.0018723137
0.0019208135
0.0019314355
0.0018504089
0.0019319858
0.0019226694
0.0016925378
0.001898812
0.0018459189
0.0018559488
0.0018445363
0.0019137637
0.0019375951
0.0019420865
0.0019542973
0.0019530817
0.0019598693
0.0019621574
0.0019492868
0.0019622461
0.0019601332
0.0019143454
0.0019546803
0.0019424257
0.0017314159
0.001913766
0.0018436285
0.0017874398
0.0016670722
0.0018475892
0.0019381764
0.0019217157
0.0019489119
0.00196163
0.0019599632
0.001965017
0.0019663955
0.0019674266
0.0019684272
0.001965101
0.0019684391
0.0019674549
0.0019544733
0.0019650205
0.0019598719
0.0018960654
0.0019485595
0.0019207171
0.0016245162
0.0018448752
0.0016594465
0.0018721252
0.0017121409
0.0018720089
0.0019531302
0.0019314463
0.0019531368
0.0019663937
0.0019621945
0.001966415
0.0019692627
0.0019684344
0.00196926
0.001968409
0.0019692436
0.0019683821
0.0019620045
0.0019662995
0.0019619739
0.0019304703
0.0019526969
0.0019305165
0.0017029217
0.0018694724
0.0017033374
0.001846762
0.0016243042
0.0017839845
0.0019489576
0.0018966085
0.0019383608
0.0019651054
0.0019547239
0.0019618613
0.001968427
0.0019651272
0.0019664088
0.0019673674
0.0019663395
0.0019649167
0.0019597689
0.0019614996
0.0019542398
0.0019209185
0.0019378503
0.0018966804
0.0016599201
0.0017876568
0.0016389296
0.0019145147
0.0017336783
0.0018584648
0.0019548683
0.0019151171
0.0019389993
0.0019622076
0.001949311
0.0019531875
0.0019597596
0.0019529167
0.0019484222
0.0019418724
0.0019374065
0.0019129066
0.0018436516
0.0018554667
0.0017296349
0.0018988021
0.0016914462
0.0017922763
0.0019316086
0.0018496764
0.0018723265
0.0019203924
0.0018710209
0.0018439784
0.0018412476
0.0017790914
0.0016752458
)
;
        source          uniform 0;
        value           nonuniform List<scalar> 
4936
(
298.45424
298.44946
298.45955
298.46142
298.45776
298.45233
298.46268
298.44967
298.44921
298.45167
298.45211
298.45394
298.45684
298.45827
298.45946
298.45962
298.46338
298.45915
298.46566
298.45873
298.46321
298.44718
298.45884
298.45503
298.45132
298.44728
298.45122
298.44846
298.44706
298.44965
298.44825
298.45444
298.45756
298.45736
298.45817
298.45761
298.45405
298.44941
298.45933
298.45895
298.46059
298.45493
298.45895
298.44972
298.44961
298.45334
298.45358
298.45442
298.4572
298.45915
298.45978
298.46086
298.464
298.45943
298.46417
298.459
298.46322
298.44699
298.46017
298.45678
298.45115
298.4474
298.45336
298.4527
298.44692
298.44975
298.44808
298.45441
298.45758
298.4577
298.45855
298.45821
298.4544
298.44963
298.4595
298.45922
298.46129
298.4551
298.45936
298.45045
298.45056
298.45493
298.4551
298.45483
298.45775
298.46005
298.46029
298.46143
298.46464
298.45994
298.4641
298.45953
298.46366
298.44762
298.46091
298.45798
298.45177
298.4478
298.45473
298.45443
298.4473
298.44999
298.44814
298.45602
298.45886
298.4579
298.45885
298.45864
298.45501
298.45009
298.45965
298.45948
298.46106
298.45484
298.45997
298.45111
298.45114
298.4554
298.45563
298.45578
298.45843
298.46072
298.46074
298.46155
298.46474
298.46032
298.46426
298.45995
298.4638
298.44771
298.46107
298.45788
298.4519
298.44807
298.45548
298.45504
298.44767
298.45027
298.44868
298.45685
298.45942
298.45806
298.45902
298.45913
298.45517
298.45081
298.45974
298.45958
298.46088
298.4546
298.46019
298.45152
298.45161
298.45548
298.45594
298.45643
298.45881
298.46076
298.46103
298.46123
298.46486
298.46059
298.46435
298.46023
298.46389
298.44839
298.46128
298.45826
298.45214
298.44806
298.45619
298.45554
298.44765
298.4501
298.44841
298.45725
298.45976
298.45806
298.45911
298.45969
298.45547
298.45146
298.45985
298.45965
298.46073
298.45444
298.46039
298.45205
298.45181
298.45557
298.45588
298.45685
298.45915
298.461
298.46131
298.46115
298.46493
298.46076
298.46442
298.46043
298.46402
298.44831
298.46152
298.45858
298.45229
298.44841
298.45613
298.45585
298.44794
298.45047
298.44874
298.45701
298.45965
298.45815
298.45915
298.46018
298.45595
298.45196
298.45995
298.45976
298.46081
298.45482
298.46051
298.45249
298.45261
298.45559
298.45596
298.45682
298.45936
298.46109
298.46136
298.46175
298.46493
298.46086
298.46445
298.46055
298.46419
298.44916
298.46143
298.45868
298.45243
298.44848
298.45615
298.45564
298.44783
298.45006
298.44879
298.4571
298.45967
298.45828
298.45925
298.46048
298.4572
298.45384
298.45996
298.45996
298.46118
298.45529
298.46079
298.45312
298.45317
298.45604
298.4564
298.45709
298.45932
298.46107
298.46151
298.4611
298.4647
298.4609
298.46447
298.46061
298.46427
298.44933
298.46134
298.45846
298.45252
298.44862
298.45651
298.45579
298.44784
298.45036
298.44851
298.45731
298.45976
298.45831
298.45922
298.46094
298.45804
298.4548
298.46013
298.4602
298.4617
298.45597
298.46107
298.45354
298.453
298.45566
298.45586
298.45739
298.45952
298.46078
298.46178
298.46084
298.4646
298.46094
298.46448
298.4606
298.46442
298.44927
298.4617
298.45901
298.45268
298.44885
298.45625
298.45587
298.44802
298.45071
298.44872
298.45695
298.45975
298.45839
298.45916
298.46117
298.45777
298.45449
298.4603
298.46048
298.46219
298.45673
298.46119
298.45355
298.45335
298.45578
298.45598
298.45752
298.45957
298.4609
298.46197
298.46119
298.46465
298.46099
298.46448
298.4606
298.46455
298.44909
298.46179
298.4593
298.45281
298.44907
298.45645
298.4557
298.4484
298.45078
298.44945
298.45691
298.45963
298.45853
298.45921
298.46135
298.45754
298.45441
298.46049
298.46085
298.46225
298.45705
298.46119
298.45376
298.45403
298.45592
298.45585
298.45746
298.45946
298.46084
298.46207
298.46116
298.46451
298.46105
298.46446
298.46073
298.46467
298.44956
298.46153
298.45878
298.45255
298.44873
298.45645
298.45595
298.44832
298.45051
298.44879
298.45697
298.45973
298.45844
298.45918
298.46164
298.45785
298.45473
298.46074
298.46122
298.46248
298.4579
298.46075
298.45418
298.45374
298.45609
298.45624
298.45771
298.45979
298.4609
298.4621
298.46122
298.46446
298.46111
298.46444
298.46081
298.46481
298.45005
298.46177
298.45873
298.45304
298.44922
298.45659
298.45589
298.44836
298.45064
298.44935
298.45718
298.45988
298.45848
298.45914
298.46189
298.45831
298.45556
298.46111
298.46156
298.46247
298.45813
298.4606
298.45425
298.45388
298.4559
298.45607
298.45783
298.45972
298.46095
298.46216
298.46157
298.46443
298.46114
298.46439
298.46088
298.46488
298.45053
298.46197
298.45933
298.45325
298.44912
298.45638
298.45598
298.44841
298.45081
298.44934
298.45716
298.45982
298.45855
298.45926
298.46181
298.45878
298.45566
298.46142
298.46183
298.46254
298.45826
298.46043
298.45425
298.45379
298.45555
298.45594
298.45797
298.45977
298.46074
298.46186
298.46197
298.46464
298.46115
298.46434
298.46091
298.46498
298.45066
298.4613
298.45825
298.4531
298.44916
298.45605
298.45577
298.44858
298.45095
298.44931
298.45691
298.45958
298.45865
298.45951
298.46171
298.45855
298.45548
298.46169
298.46209
298.46272
298.45871
298.46068
298.45424
298.45387
298.45584
298.4562
298.45798
298.4597
298.46054
298.46184
298.46173
298.46455
298.46118
298.46432
298.46094
298.46501
298.4507
298.46161
298.45816
298.4533
298.44935
298.45629
298.45577
298.44877
298.45124
298.44985
298.45641
298.45915
298.45881
298.46015
298.46144
298.45847
298.45547
298.46181
298.46226
298.46292
298.45886
298.46073
298.45447
298.45431
298.45602
298.45607
298.45781
298.45954
298.46055
298.46183
298.46216
298.46469
298.46121
298.46428
298.46093
298.46504
298.45141
298.4615
298.45792
298.45361
298.44973
298.45608
298.45569
298.44892
298.45126
298.45037
298.45685
298.45925
298.45904
298.4612
298.46162
298.45859
298.45555
298.46189
298.46238
298.46287
298.45874
298.46068
298.45469
298.45405
298.45591
298.45589
298.45764
298.45931
298.46069
298.46181
298.46196
298.46459
298.46121
298.46423
298.46097
298.4651
298.45114
298.46125
298.45778
298.45357
298.44984
298.45586
298.45579
298.44895
298.45129
298.45067
298.45665
298.45915
298.45929
298.46144
298.46149
298.45866
298.45506
298.46205
298.46253
298.46314
298.45915
298.46045
298.45452
298.45396
298.45587
298.45586
298.45749
298.45914
298.46079
298.46172
298.46163
298.46441
298.46123
298.46419
298.46098
298.46513
298.45169
298.46157
298.45835
298.45367
298.44986
298.4559
298.45513
298.4493
298.4517
298.45074
298.45687
298.45918
298.45939
298.4615
298.46139
298.45879
298.45566
298.46224
298.46262
298.46319
298.45931
298.46058
298.45467
298.45401
298.45557
298.45576
298.4574
298.45924
298.46033
298.46188
298.46164
298.46451
298.46122
298.46415
298.46099
298.46512
298.45153
298.46137
298.45806
298.45344
298.44995
298.45568
298.45547
298.44948
298.45214
298.45183
298.4567
298.45887
298.45961
298.46154
298.46137
298.45884
298.45594
298.46234
298.46267
298.46296
298.45902
298.46028
298.45474
298.45462
298.45558
298.45577
298.45774
298.45953
298.46057
298.46213
298.46182
298.46447
298.46122
298.46412
298.46095
298.46508
298.45163
298.46136
298.45817
298.45357
298.45015
298.45566
298.45541
298.44974
298.45231
298.45232
298.45658
298.45869
298.45969
298.46156
298.4611
298.45899
298.45558
298.46242
298.46271
298.46288
298.45883
298.46009
298.4547
298.45451
298.45532
298.45538
298.45809
298.45975
298.46058
298.46201
298.46187
298.46451
298.46118
298.46405
298.4609
298.46504
298.45116
298.46119
298.45788
298.45355
298.45001
298.45572
298.45548
298.44975
298.45225
298.45237
298.45687
298.45855
298.45973
298.46152
298.46105
298.459
298.45596
298.46248
298.46272
298.46301
298.45914
298.46025
298.4545
298.45415
298.45545
298.45557
298.45791
298.45951
298.46063
298.46197
298.46161
298.46412
298.46112
298.46397
298.46096
298.46499
298.45247
298.46138
298.45823
298.45427
298.45059
298.45529
298.45547
298.44988
298.45275
298.45422
298.45661
298.4585
298.45961
298.46136
298.46131
298.45925
298.45595
298.46245
298.4627
298.46293
298.45918
298.4601
298.45413
298.4537
298.4556
298.45574
298.45749
298.45917
298.46037
298.4617
298.46137
298.46401
298.46104
298.46387
298.46085
298.46482
298.45159
298.46094
298.45755
298.45425
298.45063
298.45553
298.45555
298.44997
298.45284
298.45425
298.45635
298.45846
298.45946
298.46118
298.46106
298.45931
298.45594
298.46238
298.46261
298.46275
298.45913
298.46019
298.45443
298.45399
298.45554
298.4556
298.45699
298.4589
298.46039
298.46124
298.46135
298.464
298.46087
298.46375
298.46072
298.46459
298.45172
298.46086
298.45713
298.45407
298.45046
298.45549
298.45521
298.45004
298.45325
298.4541
298.45632
298.45818
298.45937
298.46098
298.46074
298.45942
298.45598
298.46232
298.4625
298.46278
298.45913
298.45988
298.45411
298.45393
298.45501
298.45515
298.45703
298.45867
298.46025
298.46128
298.46124
298.46382
298.46063
298.46357
298.46053
298.46441
298.45265
298.46069
298.4576
298.45403
298.45079
298.45508
298.45461
298.45022
298.45303
298.45492
298.45604
298.45796
298.4593
298.46079
298.46051
298.45867
298.45542
298.4623
298.46229
298.46254
298.45885
298.45996
298.45392
298.45357
298.45529
298.4553
298.45701
298.45867
298.46001
298.46086
298.46113
298.46366
298.46036
298.4633
298.4603
298.46413
298.45124
298.46061
298.45744
298.45371
298.45058
298.45528
298.45492
298.44996
298.45287
298.45432
298.45562
298.45767
298.45906
298.46057
298.46006
298.45813
298.4549
298.46207
298.462
298.46201
298.45828
298.45935
298.45385
298.45327
298.45516
298.45549
298.45687
298.45858
298.45963
298.46082
298.46088
298.46338
298.46003
298.46301
298.45997
298.46374
298.45208
298.46023
298.45748
298.45347
298.45012
298.45498
298.45479
298.44973
298.45264
298.45408
298.45543
298.45721
298.4588
298.46025
298.45982
298.45742
298.45412
298.46163
298.46158
298.46129
298.45754
298.45866
298.4531
298.45221
298.45474
298.45475
298.45646
298.45804
298.4593
298.46033
298.46037
298.46301
298.45959
298.46263
298.45949
298.46314
298.4514
298.46012
298.45692
298.45296
298.44967
298.45487
298.45445
298.44972
298.45259
298.45408
298.45489
298.45698
298.45852
298.45986
298.45977
298.45776
298.4544
298.46118
298.46102
298.46055
298.45672
298.45812
298.45234
298.45185
298.45414
298.45407
298.45565
298.45732
298.45875
298.45966
298.4596
298.46237
298.45903
298.46213
298.45892
298.46254
298.45109
298.45953
298.45632
298.45249
298.44938
298.45402
298.45384
298.44903
298.45197
298.45367
298.45435
298.4565
298.45811
298.45937
298.45922
298.45734
298.45382
298.46072
298.46035
298.46061
298.45708
298.45755
298.45172
298.45121
298.45309
298.45316
298.45455
298.45656
298.45841
298.45884
298.45887
298.46178
298.45824
298.46151
298.45803
298.46191
298.44982
298.4588
298.45601
298.45195
298.44886
298.45357
298.45318
298.44865
298.45138
298.45266
298.45415
298.45615
298.45752
298.45875
298.45859
298.4561
298.45287
298.46009
298.45951
298.45973
298.45651
298.45727
298.45103
298.45091
298.45314
298.45307
298.4536
298.45548
298.45819
298.45773
298.45828
298.46113
298.45691
298.46072
298.45679
298.4611
298.44888
298.45846
298.45584
298.45116
298.44814
298.45352
298.45307
298.44818
298.451
298.45226
298.45362
298.45545
298.45686
298.45815
298.45785
298.45605
298.45329
298.45929
298.45849
298.45863
298.45556
298.4573
298.4501
298.45015
298.45344
298.45391
298.45227
298.45457
298.45779
298.45681
298.4578
298.46026
298.45653
298.4598
298.45629
298.46022
298.45054
298.45797
298.45585
298.45136
298.44853
298.4542
298.45366
298.44745
298.45015
298.45236
298.45364
298.45497
298.45642
298.45799
298.45707
298.45424
298.45108
298.46636
298.45856
298.46753
298.45758
298.4539
298.46101
298.45697
298.45599
298.44969
298.44869
298.45728
298.48127
298.49039
298.49214
298.48665
298.4719
298.4524
298.45283
298.45223
298.4537
298.45893
298.48264
298.49543
298.49902
298.49936
298.4977
298.49155
298.4721
298.45663
298.45549
298.47279
298.49393
298.49976
298.50118
298.50132
298.50052
298.49768
298.48716
298.45603
298.45899
298.46297
298.4564
298.4814
298.49693
298.50076
298.5016
298.50164
298.50129
298.49949
298.49203
298.45916
298.469
298.45594
298.47942
298.49596
298.50042
298.50153
298.50158
298.5011
298.49857
298.49056
298.45953
298.46757
298.44688
298.46273
298.48956
298.4981
298.50046
298.50074
298.49923
298.49423
298.48229
298.45657
298.45461
298.44976
298.44668
298.46906
298.48946
298.49564
298.49605
298.49356
298.48343
298.45241
298.45165
298.45969
298.44682
298.44932
298.4505
298.46415
298.48005
298.48184
298.47261
298.45184
298.45449
298.45911
298.45604
298.45705
298.4556
298.45237
298.45138
298.45799
298.46133
298.4575
298.46503
298.47368
298.46768
298.45779
298.48109
298.48241
298.46612
298.45789
298.48236
298.48039
298.45145
298.47363
298.4655
298.45377
298.46071
298.45187
298.4487
298.44936
298.45715
298.47019
298.47049
298.48303
298.46026
298.48397
298.47251
298.45319
298.46062
298.45525
298.4499
298.45221
298.47006
298.46473
298.4807
298.46139
298.48216
298.46708
298.45381
298.45956
298.45627
298.46448
298.45963
298.46769
298.4661
298.45624
298.46589
298.45906
298.46891
298.46397
298.45425
298.45812
298.45017
298.45892
298.46288
298.45223
298.48009
298.45714
298.46872
298.46731
298.4717
298.46155
298.45661
298.45518
298.4466
298.45526
298.44648
298.48228
298.45526
298.469
298.47172
298.4709
298.45893
298.45071
298.45025
298.45087
298.45668
298.47273
298.45305
298.45995
298.45592
298.48154
298.4644
298.46595
298.45584
298.48027
298.46666
298.46519
298.4572
298.44804
298.46411
298.45134
298.45941
298.45891
298.45899
298.46078
298.45935
298.4592
298.46078
298.46004
298.46074
298.45957
298.45284
298.45105
298.45293
298.45112
298.44956
298.45391
298.44904
298.45318
298.45404
298.45289
298.45917
298.45261
298.45968
298.45689
298.453
298.44961
298.45024
298.44986
298.44936
298.45056
298.45402
298.45232
298.45281
298.45584
298.45255
298.45341
298.45652
298.4512
298.45491
298.45693
298.45267
298.45578
298.45575
298.45861
298.45674
298.46028
298.45957
298.45965
298.45964
298.4643
298.46374
298.46468
298.45887
298.45925
298.45902
298.46495
298.46497
298.46408
298.45701
298.45171
298.45885
298.45741
298.4519
298.46229
298.46306
298.46277
298.45947
298.45464
298.4467
298.45481
298.45123
298.45643
298.45427
298.45582
298.457
298.45509
298.44656
298.44657
298.44744
298.44673
298.44668
298.44703
298.44834
298.45043
298.45025
298.45151
298.45245
298.45062
298.45189
298.44967
298.45202
298.45258
298.45691
298.44813
298.45249
298.45717
298.45737
298.45756
298.45746
298.45864
298.45833
298.45883
298.44808
298.45219
298.44725
298.45197
298.45795
298.45373
298.45687
298.45924
298.45918
298.45827
298.45938
298.45827
298.46072
298.45903
298.46093
298.461
298.45317
298.45136
298.45369
298.45193
298.45015
298.45408
298.44952
298.44999
298.45509
298.44899
298.4559
298.45388
298.45889
298.45618
298.45474
298.45003
298.45103
298.45048
298.4502
298.45135
298.45457
298.45413
298.45411
298.45733
298.45439
298.45515
298.45786
298.45299
298.45606
298.45746
298.4543
298.45699
298.45771
298.4594
298.45767
298.46102
298.45979
298.4601
298.45995
298.46479
298.46435
298.46494
298.45921
298.4597
298.45947
298.46335
298.46399
298.46331
298.45759
298.45209
298.45928
298.45785
298.45217
298.46327
298.46341
298.46358
298.46055
298.45489
298.44725
298.4551
298.45142
298.45767
298.45611
298.45734
298.45833
298.45696
298.44679
298.44679
298.44741
298.44694
298.44697
298.44713
298.45225
298.45239
298.45344
298.45331
298.4542
298.4537
298.45211
298.44997
298.4523
298.45255
298.45738
298.44808
298.45266
298.45743
298.45756
298.45783
298.45777
298.45915
298.45872
298.45944
298.4477
298.45234
298.44845
298.45299
298.45854
298.4554
298.45834
298.45928
298.45949
298.45841
298.45954
298.45856
298.46114
298.45934
298.46125
298.4613
298.45373
298.45213
298.4539
298.45241
298.4508
298.45469
298.44982
298.44896
298.45506
298.44913
298.45668
298.45516
298.45972
298.45713
298.45557
298.45089
298.45139
298.45123
298.45069
298.45177
298.45522
298.45513
298.45559
298.45823
298.45528
298.45576
298.45855
298.45387
298.4568
298.458
298.45516
298.45774
298.45806
298.46041
298.45792
298.46123
298.4602
298.46049
298.46037
298.46506
298.46465
298.46513
298.45972
298.46014
298.45991
298.46343
298.46415
298.46354
298.45816
298.4527
298.45973
298.45817
298.45256
298.46386
298.46371
298.46396
298.46106
298.45526
298.44735
298.45539
298.45166
298.45873
298.45757
298.45796
298.45902
298.45805
298.44716
298.44717
298.4479
298.44747
298.44742
298.44752
298.45409
298.45397
298.45438
298.45447
298.45527
298.45476
298.45244
298.44998
298.45239
298.4525
298.45734
298.44832
298.45264
298.45744
298.45786
298.45797
298.45794
298.45966
298.45893
298.45984
298.44884
298.45296
298.44913
298.45327
298.45893
298.45646
298.45914
298.45973
298.45973
298.45866
298.45965
298.45875
298.46126
298.45948
298.46123
298.46093
298.45394
298.45238
298.45422
298.45268
298.45136
298.45505
298.45036
298.44898
298.45468
298.44878
298.45739
298.45568
298.46011
298.4577
298.456
298.45162
298.45224
298.45176
298.45122
298.45228
298.45598
298.45538
298.45598
298.45883
298.4558
298.45611
298.45868
298.4555
298.45798
298.45865
298.45573
298.45803
298.45842
298.46061
298.45746
298.4609
298.46053
298.4609
298.46069
298.46516
298.46471
298.46523
298.46009
298.46046
298.46024
298.46362
298.46428
298.46369
298.45833
298.45262
298.46012
298.45856
298.45307
298.46394
298.46378
298.46393
298.46108
298.45551
298.4481
298.45568
298.45212
298.45916
298.45816
298.45798
298.45923
298.45834
298.44763
298.44752
298.44812
298.44743
298.44725
298.44758
298.45472
298.45483
298.45501
298.45496
298.45579
298.45527
298.45254
298.45022
298.45252
298.45284
298.4576
298.44848
298.45272
298.45757
298.45803
298.45805
298.45806
298.45998
298.45909
298.46013
298.44935
298.45366
298.44964
298.45376
298.4594
298.45697
298.45963
298.45984
298.45983
298.45882
298.45974
298.45885
298.46126
298.45959
298.4613
298.46058
298.45412
298.4526
298.45434
298.45291
298.45168
298.4551
298.45083
298.44919
298.45412
298.44928
298.45761
298.456
298.46026
298.45779
298.45599
298.45212
298.45278
298.45235
298.45165
298.45343
298.45677
298.45543
298.45637
298.45886
298.45579
298.4564
298.45898
298.45614
298.45813
298.4589
298.45617
298.45823
298.45797
298.46093
298.4581
298.46127
298.46084
298.46114
298.46092
298.46528
298.46483
298.46529
298.46035
298.46068
298.46044
298.46376
298.46435
298.46384
298.45852
298.45329
298.46033
298.45866
298.45332
298.46406
298.46392
298.4642
298.46153
298.45587
298.44839
298.45576
298.45223
298.45924
298.45827
298.4587
298.45939
298.45827
298.44769
298.44731
298.44834
298.44804
298.44759
298.44775
298.45527
298.45521
298.45527
298.45524
298.45618
298.45549
298.45243
298.45013
298.45243
298.45256
298.45743
298.44812
298.45247
298.45741
298.45806
298.45807
298.45806
298.46025
298.45911
298.46039
298.45009
298.45414
298.45063
298.45444
298.45986
298.45703
298.45956
298.46014
298.46034
298.45892
298.45985
298.45896
298.46137
298.45967
298.46138
298.46069
298.45458
298.45323
298.45491
298.45369
298.45244
298.45573
298.45173
298.44973
298.45451
298.44985
298.45783
298.45589
298.46056
298.45809
298.45599
298.45268
298.45359
298.45313
298.45238
298.45373
298.45673
298.45536
298.45629
298.45893
298.45578
298.45616
298.45897
298.45612
298.45848
298.45913
298.4568
298.45892
298.45755
298.4611
298.45757
298.46126
298.46097
298.46143
298.46103
298.46527
298.46494
298.46525
298.46052
298.46082
298.46057
298.4639
298.4644
298.46397
298.45881
298.45331
298.4605
298.45897
298.45366
298.46415
298.46405
298.46408
298.46135
298.45587
298.44866
298.45601
298.45249
298.45962
298.45826
298.45839
298.45964
298.45851
298.44805
298.44768
298.44853
298.44822
298.44807
298.44807
298.45532
298.45518
298.45493
298.45519
298.45603
298.45556
298.4527
298.45039
298.45263
298.45325
298.45789
298.44887
298.45326
298.45793
298.45812
298.45824
298.45824
298.46051
298.45923
298.46066
298.45102
298.45494
298.4513
298.45534
298.46043
298.45715
298.45976
298.4603
298.46048
298.45902
298.45993
298.45909
298.46146
298.4598
298.46155
298.46105
298.45516
298.45398
298.45534
298.45409
298.45261
298.45642
298.45265
298.45014
298.45518
298.45055
298.45811
298.45622
298.46067
298.4582
298.45633
298.45316
298.45372
298.45373
298.45311
298.45407
298.45712
298.45592
298.4564
298.45902
298.45616
298.45656
298.45907
298.45657
298.45864
298.45928
298.45637
298.45843
298.45826
298.46115
298.4582
298.46146
298.46108
298.46134
298.46112
298.46521
298.46474
298.46519
298.46062
298.46088
298.46066
298.46401
298.46443
298.46405
298.45915
298.45392
298.46056
298.45918
298.45368
298.46427
298.46418
298.46427
298.46137
298.45597
298.4489
298.45598
298.45242
298.45951
298.45847
298.45855
298.45961
298.45865
298.44803
298.44803
298.44835
298.4478
298.44782
298.44766
298.45507
298.45518
298.45512
298.45511
298.45635
298.45556
298.4524
298.45004
298.45238
298.45306
298.45787
298.44837
298.45287
298.45792
298.45827
298.45829
298.45829
298.46079
298.45925
298.46088
298.45155
298.45523
298.45175
298.45551
298.46078
298.45706
298.4597
298.46073
298.46089
298.45912
298.46
298.4592
298.46166
298.46002
298.46177
298.46142
298.45588
298.45462
298.45646
298.45526
298.4535
298.45786
298.45491
298.45051
298.45555
298.45076
298.45827
298.45641
298.46081
298.45817
298.4562
298.4536
298.45399
298.45336
298.453
298.45414
298.45719
298.45591
298.45671
298.45906
298.45624
298.45638
298.45884
298.45677
298.45882
298.45933
298.45668
298.45884
298.45778
298.46091
298.45766
298.46101
298.46115
298.46152
298.46116
298.46515
298.46458
298.46512
298.46069
298.46093
298.46071
298.46409
298.46444
298.46413
298.45917
298.45394
298.4606
298.45928
298.45424
298.46426
298.4643
298.46441
298.46156
298.45587
298.44964
298.45609
298.45257
298.45972
298.45879
298.45883
298.45979
298.45875
298.44802
298.44777
298.44867
298.44807
298.44782
298.44794
298.45535
298.45548
298.45547
298.4553
298.4565
298.45595
298.45262
298.45056
298.45282
298.45293
298.45799
298.44859
298.45324
298.45811
298.4583
298.45834
298.45835
298.46097
298.45919
298.46104
298.45226
298.45603
298.4521
298.45558
298.46084
298.45705
298.45975
298.46109
298.46123
298.45932
298.46016
298.45944
298.4619
298.46032
298.46204
298.4619
298.45646
298.45514
298.45668
298.45532
298.45357
298.45812
298.45474
298.45145
298.45617
298.4517
298.45847
298.45614
298.46111
298.4586
298.45637
298.45334
298.45421
298.45351
298.45318
298.45421
298.45727
298.45572
298.45634
298.45883
298.45591
298.45632
298.45881
298.45718
298.45928
298.45939
298.45712
298.45922
298.45747
298.46086
298.45791
298.46104
298.4612
298.46177
298.4612
298.46512
298.46458
298.46511
298.46072
298.46097
298.46073
298.46418
298.46444
298.46422
298.45913
298.45401
298.46061
298.45895
298.45365
298.46442
298.46444
298.46452
298.46211
298.45621
298.44892
298.4563
298.45269
298.46027
298.45863
298.45949
298.46046
298.45882
298.44807
298.44797
298.4489
298.4484
298.4481
298.44815
298.45538
298.45511
298.4554
298.45491
298.45631
298.45576
298.45289
298.45067
298.4529
298.45358
298.45829
298.44889
298.45343
298.4581
298.45839
298.45843
298.45845
298.46108
298.45918
298.46113
298.45236
298.4561
298.45278
298.45663
298.46135
298.45666
298.45946
298.46111
298.46113
298.45956
298.46035
298.45972
298.46217
298.46061
298.4623
298.46198
298.45661
298.45522
298.45667
298.45521
298.45362
298.45788
298.45463
298.45218
298.45667
298.45261
298.45861
298.45645
298.46126
298.45862
298.45625
298.45352
298.4544
298.45378
298.45355
298.45466
298.45772
298.456
298.4563
298.45889
298.45603
298.45633
298.45884
298.45746
298.45947
298.45954
298.45761
298.45937
298.45794
298.46084
298.45778
298.46106
298.46126
298.46197
298.46133
298.46504
298.46456
298.465
298.46075
298.46101
298.46078
298.46426
298.46443
298.46431
298.45908
298.45396
298.46064
298.45915
298.45415
298.46446
298.46456
298.46447
298.4617
298.45627
298.44966
298.4562
298.45265
298.46049
298.45896
298.45916
298.46051
298.45917
298.4487
298.44826
298.44884
298.44859
298.44814
298.44839
298.45513
298.45499
298.45535
298.45503
298.4566
298.45604
298.45301
298.45064
298.45287
298.4536
298.45813
298.44914
298.45343
298.45802
298.45849
298.45853
298.45849
298.46118
298.45922
298.46126
298.45264
298.45641
298.45279
298.45664
298.4615
298.45686
298.45967
298.46096
298.46095
298.45988
298.46057
298.46005
298.46243
298.461
298.46257
298.46241
298.4568
298.4553
298.4571
298.45569
298.45377
298.45763
298.45465
298.45299
298.45779
298.45392
298.45901
298.45647
298.46105
298.45892
298.45665
298.4542
298.45474
298.45401
298.45385
298.45457
298.45739
298.45597
298.45633
298.45889
298.45607
298.4564
298.45901
298.45763
298.45946
298.45964
298.45801
298.4598
298.45807
298.46092
298.45858
298.46136
298.46137
298.46213
298.4614
298.46494
298.46453
298.46491
298.46082
298.46108
298.46085
298.46436
298.46441
298.46441
298.45925
298.45391
298.46077
298.45934
298.45408
298.46449
298.4647
298.46462
298.46169
298.45612
298.44957
298.45628
298.4527
298.4599
298.45878
298.45886
298.46008
298.45894
298.44847
298.44827
298.44898
298.44828
298.44822
298.44832
298.45524
298.45498
298.45541
298.45508
298.45654
298.45597
298.45276
298.45056
298.45286
298.45293
298.45758
298.44893
298.45311
298.45774
298.45846
298.45844
298.45845
298.4613
298.45913
298.46131
298.45298
298.45682
298.45281
298.45665
298.4617
298.45713
298.45978
298.46116
298.4614
298.46024
298.46091
298.46048
298.46269
298.46137
298.46277
298.46278
298.45731
298.456
298.45753
298.45629
298.45436
298.45818
298.4553
298.45409
298.45844
298.45464
298.45858
298.45663
298.46058
298.45842
298.4565
298.45386
298.45459
298.45405
298.45398
298.45487
298.45788
298.45591
298.45628
298.45895
298.4561
298.45652
298.4592
298.45802
298.45973
298.45982
298.45848
298.46011
298.45857
298.46095
298.45889
298.46155
298.46142
298.46222
298.46143
298.46485
298.46456
298.46483
298.46089
298.46112
298.46091
298.46443
298.46438
298.46445
298.4596
298.45471
298.46086
298.45964
298.45512
298.46468
298.46482
298.46468
298.46187
298.45654
298.45061
298.45665
298.45314
298.46036
298.459
298.45914
298.46052
298.45882
298.44842
298.4484
298.44921
298.44856
298.44871
298.44844
298.45535
298.4551
298.45532
298.45524
298.45639
298.45579
298.45294
298.45078
298.45289
298.45358
298.45799
298.44905
298.45356
298.45805
298.45845
298.4585
298.45848
298.46132
298.45919
298.46145
298.4534
298.45707
298.45312
298.45701
298.46185
298.45728
298.45988
298.46158
298.46176
298.46068
298.46122
298.46085
298.46284
298.46164
298.46292
298.4626
298.45751
298.45625
298.45742
298.456
298.45425
298.45839
298.45531
298.45445
298.45848
298.4549
298.45831
298.4562
298.46055
298.45839
298.45624
298.45398
298.45512
298.45421
298.45395
298.45505
298.45776
298.45586
298.45668
298.45928
298.45611
298.45662
298.45902
298.45824
298.45999
298.45969
298.45796
298.45972
298.45893
298.46062
298.45834
298.46129
298.46144
298.46195
298.46142
298.46473
298.46443
298.46467
298.46092
298.46115
298.46094
298.46447
298.46433
298.46449
298.45968
298.45495
298.46089
298.45959
298.45467
298.46478
298.4649
298.46465
298.46161
298.45674
298.4503
298.45662
298.4533
298.46058
298.4588
298.45896
298.46073
298.45878
298.4485
298.4486
298.44918
298.4484
298.44843
298.44835
298.45539
298.45514
298.45523
298.45506
298.45613
298.45593
298.45299
298.45065
298.4529
298.4537
298.45814
298.44948
298.45378
298.45823
298.45851
298.45863
298.45857
298.46154
298.45937
298.4616
298.45349
298.45716
298.4532
298.45693
298.4617
298.45694
298.45967
298.46195
298.46197
298.46106
298.46154
298.46125
298.463
298.46192
298.46307
298.46254
298.45748
298.45601
298.45758
298.45615
298.45419
298.45873
298.45555
298.45476
298.45835
298.45512
298.45825
298.45617
298.46051
298.45837
298.45621
298.45408
298.45502
298.45395
298.45362
298.45516
298.45806
298.45558
298.45657
298.45912
298.45598
298.4566
298.45907
298.45761
298.45948
298.45973
298.45766
298.45952
298.45911
298.46062
298.45929
298.46181
298.46142
298.46195
298.46143
298.46462
298.46452
298.46464
298.46095
298.46117
298.46097
298.4645
298.46428
298.46452
298.45975
298.45499
298.46092
298.45985
298.45533
298.46458
298.46494
298.46462
298.46141
298.45643
298.45075
298.45655
298.45318
298.46071
298.45876
298.45815
298.46063
298.45887
298.44875
298.44876
298.4492
298.44869
298.44886
298.44877
298.45498
298.455
298.45504
298.45497
298.45619
298.45565
298.45303
298.45117
298.45321
298.45376
298.45821
298.4493
298.45385
298.45828
298.4586
298.45871
298.45864
298.46169
298.45972
298.46174
298.4532
298.45696
298.45301
298.4566
298.46153
298.45676
298.45931
298.46188
298.46188
298.46141
298.46171
298.46151
298.46315
298.46215
298.46325
298.46271
298.45742
298.45599
298.45741
298.45588
298.45422
298.45837
298.45529
298.45531
298.45862
298.45516
298.45867
298.4564
298.46074
298.45861
298.45627
298.45427
298.45519
298.45461
298.4541
298.45519
298.45791
298.45585
298.45656
298.45885
298.45605
298.45663
298.45886
298.45771
298.45936
298.45967
298.45797
298.45973
298.45912
298.4605
298.45935
298.46203
298.46145
298.46196
298.46145
298.46463
298.46466
298.4646
298.46097
298.4612
298.46098
298.46451
298.46426
298.46452
298.45985
298.45525
298.46094
298.45997
298.45557
298.46475
298.46499
298.46489
298.46194
298.45673
298.45131
298.45681
298.45356
298.46074
298.45898
298.45831
298.46073
298.45884
298.44877
298.44878
298.44973
298.44894
298.44872
298.44873
298.45517
298.45471
298.45508
298.45481
298.45608
298.4557
298.45331
298.45114
298.45328
298.45409
298.45849
298.44966
298.45419
298.45861
298.45871
298.45891
298.45883
298.46186
298.46074
298.46198
298.45292
298.45676
298.45331
298.45702
298.46156
298.45666
298.45914
298.4619
298.46186
298.46161
298.46182
298.46169
298.46331
298.46228
298.46335
298.4628
298.45759
298.45619
298.45767
298.45652
298.45479
298.45831
298.45532
298.45572
298.45871
298.45551
298.45874
298.45646
298.46073
298.45872
298.45659
298.45467
298.45513
298.45452
298.45423
298.45501
298.45768
298.45593
298.45637
298.45864
298.45592
298.45637
298.45887
298.45769
298.45954
298.45941
298.45756
298.45933
298.45958
298.46059
298.4594
298.46187
298.46142
298.46177
298.46141
298.46459
298.46456
298.46457
298.46099
298.46122
298.46102
298.46453
298.46422
298.46453
298.45997
298.45553
298.46095
298.45982
298.45534
298.46479
298.46504
298.46469
298.46114
298.45697
298.45112
298.45703
298.45378
298.46064
298.4587
298.45777
298.46061
298.45849
298.44908
298.44884
298.44991
298.44916
298.44903
298.44899
298.45503
298.4549
298.45519
298.45497
298.45588
298.45585
298.45343
298.45136
298.45358
298.45478
298.45894
298.45085
298.45503
298.45916
298.45904
298.45922
298.45923
298.46202
298.4614
298.46206
298.45395
298.45736
298.45427
298.45763
298.46161
298.45675
298.4591
298.46183
298.462
298.46176
298.46191
298.46186
298.46337
298.46242
298.46343
298.46303
298.4576
298.45633
298.45764
298.45635
298.45453
298.45875
298.45535
298.45499
298.45899
298.45547
298.45864
298.45658
298.46058
298.45851
298.45639
298.45426
298.45485
298.45406
298.45381
298.45493
298.45774
298.45584
298.45633
298.45897
298.45571
298.45648
298.45921
298.45718
298.45913
298.45934
298.45725
298.45925
298.45952
298.46084
298.45944
298.46187
298.46142
298.46179
298.46141
298.4645
298.46451
298.46448
298.46103
298.46123
298.46103
298.46451
298.46417
298.4645
298.45978
298.45537
298.46096
298.45971
298.45516
298.4648
298.46507
298.46501
298.46185
298.45689
298.45095
298.45674
298.45347
298.46077
298.45864
298.45845
298.46077
298.45858
298.44923
298.44923
298.44964
298.44925
298.44902
298.44906
298.45503
298.45472
298.45489
298.45467
298.45568
298.45554
298.45351
298.45137
298.45362
298.45496
298.4591
298.45068
298.45524
298.45928
298.4593
298.45934
298.45941
298.46203
298.46148
298.46205
298.45407
298.45735
298.45394
298.45731
298.4616
298.45668
298.45911
298.46199
298.4621
298.46195
298.46212
298.46205
298.46351
298.46254
298.46351
298.46311
298.45754
298.45629
298.45747
298.45619
298.45443
298.45884
298.45552
298.456
298.45925
298.45602
298.45832
298.45625
298.46066
298.45853
298.45618
298.45408
298.45492
298.4544
298.45417
298.4547
298.45714
298.4556
298.45656
298.45932
298.45571
298.45635
298.4589
298.45739
298.45926
298.45902
298.45707
298.45897
298.45924
298.46042
298.45924
298.46171
298.4614
298.46165
298.46139
298.46446
298.4645
298.46446
298.46104
298.46123
298.46104
298.46449
298.46413
298.46448
298.46002
298.4556
298.46101
298.46015
298.45576
298.46485
298.46508
298.46475
298.46128
298.45686
298.45193
298.45702
298.45374
298.46077
298.4588
298.45799
298.4607
298.45865
298.44931
298.4489
298.44996
298.44947
298.44911
298.44944
298.45463
298.45472
298.4547
298.45492
298.4558
298.45515
298.45384
298.45205
298.45409
298.45518
298.45926
298.45165
298.45545
298.45949
298.45946
298.45951
298.45952
298.46204
298.46153
298.46205
298.45403
298.45727
298.45384
298.457
298.46129
298.45688
298.45895
298.46214
298.46213
298.46212
298.46224
298.46217
298.46353
298.46261
298.46352
298.46286
298.4575
298.45628
298.45759
298.45646
298.45474
298.45882
298.4558
298.45577
298.45889
298.45558
298.45861
298.45619
298.46043
298.45841
298.4561
298.45431
298.45476
298.45439
298.45421
298.45495
298.45758
298.45572
298.45644
298.45886
298.45592
298.45655
298.45908
298.45761
298.4595
298.45939
298.4578
298.45971
298.45898
298.46055
298.45963
298.46207
298.4614
298.46197
298.46142
298.46442
298.46461
298.46441
298.46103
298.46122
298.46103
298.46447
298.46409
298.46446
298.46011
298.45577
298.46096
298.46012
298.45599
298.46477
298.46506
298.46481
298.46123
298.45676
298.45172
298.45681
298.45366
298.4606
298.45852
298.45777
298.46046
298.45832
298.44968
298.44954
298.45023
298.44993
298.44985
298.44954
298.455
298.45493
298.45484
298.45467
298.45553
298.45525
298.4542
298.45202
298.45411
298.45527
298.45948
298.4518
298.45542
298.45963
298.45956
298.45964
298.45959
298.46206
298.46156
298.46206
298.45406
298.45733
298.45377
298.45732
298.46129
298.45645
298.45873
298.46224
298.46217
298.4622
298.46232
298.46224
298.46353
298.46265
298.46353
298.46282
298.45756
298.45647
298.45759
298.45646
298.45474
298.4587
298.4556
298.4556
298.45876
298.45541
298.45822
298.45592
298.46004
298.45809
298.45591
298.45476
298.45511
298.45503
298.45464
298.45532
298.45784
298.45545
298.45641
298.45899
298.45561
298.45648
298.45921
298.45841
298.46022
298.45957
298.45818
298.46006
298.45934
298.46066
298.45914
298.46169
298.46142
298.4621
298.46141
298.46439
298.46438
298.46437
298.46104
298.4612
298.46102
298.46443
298.46405
298.46439
298.45992
298.45568
298.46093
298.45981
298.4554
298.46479
298.46501
298.46467
298.46106
298.45675
298.45154
298.45679
298.45385
298.46057
298.45851
298.45786
298.46049
298.45851
298.44998
298.44983
298.45035
298.44988
298.44974
298.4497
298.45485
298.45479
298.45491
298.45484
298.45572
298.4554
298.45441
298.45218
298.45435
298.45581
298.45983
298.4524
298.45597
298.46002
298.45961
298.45972
298.45964
298.46203
298.46156
298.46206
298.45416
298.4574
298.45394
298.45707
298.46097
298.45653
298.45851
298.46233
298.46241
298.46228
298.46242
298.46231
298.46354
298.46268
298.46358
298.46296
298.45753
298.45629
298.45739
298.45613
298.4546
298.45939
298.45638
298.4556
298.459
298.45587
298.4581
298.45578
298.46014
298.45817
298.45581
298.45486
298.4554
298.45464
298.45431
298.45524
298.45802
298.45534
298.45651
298.45926
298.45537
298.45623
298.45888
298.45805
298.45984
298.45963
298.45824
298.45989
298.4594
298.46059
298.45952
298.46198
298.46139
298.46201
298.46137
298.46433
298.46449
298.4643
298.46099
298.46115
298.46097
298.46436
298.46398
298.46434
298.45976
298.45516
298.4609
298.45987
298.45563
298.46464
298.46497
298.46465
298.46122
298.45686
298.45152
298.45721
298.45415
298.4605
298.45833
298.45795
298.46033
298.45828
298.44974
298.44972
298.45035
298.44972
298.44963
298.4498
298.45513
298.4551
298.45502
298.45485
298.45566
298.45535
298.45447
298.45247
298.4547
298.45579
298.45989
298.45281
298.45642
298.46007
298.45961
298.45969
298.45958
298.46206
298.46146
298.46201
298.45394
298.45709
298.45406
298.4573
298.4611
298.45656
298.45848
298.46244
298.46246
298.46233
298.46242
298.46232
298.46355
298.46268
298.46351
298.463
298.45736
298.45616
298.45731
298.45611
298.45429
298.45908
298.45587
298.45585
298.45927
298.45591
298.45827
298.45592
298.46033
298.4584
298.45602
298.45447
298.45514
298.4542
298.45388
298.45517
298.45776
298.45571
298.45641
298.45908
298.45578
298.45637
298.45891
298.45812
298.45974
298.45938
298.45789
298.45939
298.45918
298.4605
298.45909
298.46134
298.46138
298.4618
298.46134
298.46424
298.464
298.4642
298.46096
298.46109
298.46094
298.46429
298.46388
298.46425
298.46003
298.45602
298.46092
298.45987
298.45577
298.46473
298.46487
298.46467
298.46117
298.45729
298.45236
298.45726
298.45413
298.46034
298.45791
298.45783
298.46052
298.45795
298.44998
298.44995
298.45048
298.44998
298.44996
298.44986
298.45511
298.45493
298.45505
298.45477
298.45521
298.45543
298.45512
298.45276
298.45519
298.45745
298.46026
298.45409
298.45735
298.46019
298.45952
298.45954
298.45947
298.46193
298.46128
298.46185
298.4549
298.45786
298.45469
298.45766
298.46123
298.45645
298.45851
298.4625
298.46255
298.46229
298.46237
298.46226
298.46347
298.46262
298.46344
298.46283
298.45731
298.45606
298.45741
298.45628
298.45449
298.45941
298.4562
298.45554
298.45916
298.45545
298.45813
298.45593
298.45999
298.45778
298.45575
298.4541
298.45501
298.4543
298.45383
298.4545
298.45683
298.4555
298.45624
298.45872
298.45564
298.45622
298.45858
298.45755
298.45935
298.45893
298.45712
298.45922
298.45922
298.46009
298.4586
298.46097
298.46125
298.46155
298.46114
298.46415
298.46391
298.46409
298.46089
298.46096
298.46082
298.46418
298.46378
298.46411
298.45975
298.45534
298.4608
298.45982
298.45575
298.4645
298.46466
298.46441
298.46076
298.45713
298.45192
298.45713
298.45423
298.4605
298.45822
298.45719
298.46058
298.45846
298.45011
298.45001
298.45058
298.45016
298.45006
298.45001
298.45513
298.45462
298.45498
298.4548
298.45558
298.45539
298.45525
298.45302
298.45541
298.45718
298.46011
298.45433
298.457
298.46009
298.45939
298.45946
298.45931
298.46175
298.46109
298.46163
298.45471
298.45767
298.45454
298.45743
298.46088
298.45647
298.45827
298.46256
298.46252
298.46223
298.46231
298.4622
298.46339
298.46253
298.46332
298.46259
298.45687
298.45569
298.45697
298.45586
298.45429
298.45946
298.45608
298.45584
298.45892
298.4557
298.4581
298.45591
298.46026
298.45819
298.45588
298.45418
298.45448
298.45421
298.45405
298.45454
298.4569
298.45544
298.4561
298.45867
298.45556
298.45596
298.45857
298.45687
298.45869
298.45864
298.45704
298.45872
298.45868
298.46024
298.45894
298.46151
298.46104
298.46129
298.46093
298.46401
298.4639
298.46391
298.46074
298.46076
298.46063
298.46402
298.46363
298.46393
298.45969
298.45549
298.46062
298.45994
298.45631
298.46432
298.46447
298.46419
298.46094
298.45695
298.45274
298.45699
298.45407
298.4604
298.45834
298.45777
298.46014
298.45807
298.44986
298.44996
298.45071
298.45008
298.4501
298.45026
298.4547
298.45469
298.45456
298.45458
298.45528
298.45491
298.45553
298.45318
298.45547
298.45693
298.46007
298.45468
298.45747
298.46035
298.45921
298.45936
298.45915
298.46151
298.46089
298.46143
298.45406
298.45722
298.45435
298.45733
298.46075
298.45611
298.45797
298.46252
298.46218
298.46216
298.4623
298.46213
298.46324
298.46237
298.46314
298.46264
298.45685
298.4557
298.45677
298.45561
298.45405
298.45899
298.45575
298.45574
298.45892
298.45559
298.45778
298.45568
298.46016
298.45828
298.45598
298.45402
298.4545
298.45386
298.45365
298.45459
298.4573
298.45527
298.456
298.4586
298.4553
298.45611
298.45857
298.45714
298.45879
298.45885
298.45682
298.45847
298.45879
298.4601
298.45851
298.46091
298.46082
298.4611
298.4607
298.4638
298.46352
298.46366
298.46053
298.4605
298.46042
298.46383
298.46339
298.4637
298.45969
298.45598
298.46044
298.45943
298.45509
298.46408
298.46422
298.46401
298.46064
298.45695
298.4516
298.45685
298.4539
298.45996
298.45786
298.45716
298.4599
298.45803
298.4502
298.45018
298.45082
298.45042
298.45049
298.45012
298.45424
298.45436
298.45419
298.4542
298.45519
298.45489
298.4554
298.4529
298.45525
298.45739
298.46029
298.45451
298.45721
298.46018
298.45907
298.45919
298.45899
298.46132
298.46069
298.46121
298.45414
298.45694
298.45389
298.45678
298.46032
298.45581
298.45777
298.46195
298.46184
298.46206
298.46217
298.46197
298.46301
298.46212
298.46284
298.46229
298.45666
298.45546
298.45674
298.45563
298.45392
298.4584
298.45523
298.4557
298.45858
298.4556
298.458
298.45571
298.45967
298.45815
298.45602
298.45386
298.4544
298.45374
298.45354
298.45417
298.45668
298.45523
298.45614
298.45859
298.45538
298.45598
298.45837
298.45629
298.45818
298.45847
298.45701
298.45873
298.45867
298.45992
298.45889
298.46104
298.46055
298.46102
298.46041
298.46356
298.46345
298.46344
298.46029
298.46022
298.46013
298.46355
298.46313
298.4634
298.45918
298.45471
298.46014
298.45945
298.45538
298.46387
298.46392
298.46369
298.46049
298.45665
298.45168
298.45647
298.4535
298.45977
298.4579
298.45778
298.45972
298.45773
298.45015
298.45024
298.45034
298.44992
298.44999
298.44984
298.45398
298.45398
298.45406
298.4539
298.45514
298.45476
298.45522
298.45278
298.45509
298.4573
298.46016
298.45431
298.45718
298.45999
298.45887
298.45895
298.45874
298.46107
298.46043
298.46092
298.45342
298.45654
298.45266
298.45599
298.45978
298.4556
298.45735
298.46162
298.46137
298.46182
298.46185
298.46165
298.46262
298.46177
298.46237
298.46162
298.45657
298.45541
298.45635
298.45524
298.4534
298.45774
298.45457
298.45532
298.45788
298.45482
298.45765
298.45573
298.45904
298.45727
298.4555
298.45351
298.45411
298.4532
298.45273
298.45415
298.45678
298.45493
298.45578
298.458
298.45525
298.45561
298.45786
298.457
298.45861
298.45824
298.45653
298.45833
298.45871
298.45945
298.45823
298.46066
298.46022
298.4606
298.46001
298.46328
298.46319
298.46312
298.45995
298.45983
298.45975
298.46322
298.46279
298.46302
298.45938
298.4556
298.45977
298.45912
298.45516
298.46344
298.46339
298.46325
298.46036
298.45652
298.45169
298.45635
298.45325
298.45951
298.45761
298.45743
298.45929
298.4577
298.44962
298.44974
298.44993
298.4495
298.44961
298.44962
298.45413
298.45373
298.45373
298.45346
298.455
298.45449
298.45493
298.45274
298.455
298.45675
298.45971
298.45439
298.45705
298.45985
298.45859
298.45867
298.45844
298.46076
298.46006
298.46059
298.4531
298.45621
298.45394
298.45683
298.46005
298.45499
298.45706
298.4611
298.46127
298.46142
298.46137
298.46118
298.46213
298.46128
298.46188
298.46088
298.4561
298.45504
298.4558
298.45451
298.45257
298.45797
298.45448
298.45439
298.45691
298.45401
298.4569
298.45514
298.4585
298.45702
298.45492
298.45255
298.45379
298.4524
298.45217
298.45342
298.4561
298.45448
298.45526
298.45766
298.4544
298.45495
298.45743
298.4561
298.4579
298.45767
298.45589
298.45768
298.45786
298.45903
298.45751
298.45997
298.45977
298.46003
298.45953
298.46292
298.4627
298.46269
298.45951
298.45933
298.45924
298.46278
298.46236
298.46252
298.45876
298.45485
298.45922
298.45834
298.45438
298.46295
298.4628
298.46269
298.45979
298.45612
298.45078
298.45578
298.45274
298.4589
298.45737
298.45659
298.45886
298.45698
298.44961
298.44974
298.44956
298.44931
298.44944
298.44939
298.45371
298.45326
298.45347
298.45311
298.45433
298.45409
298.45478
298.45229
298.45454
298.45672
298.45963
298.45401
298.45656
298.45944
298.45826
298.45835
298.45807
298.4604
298.45962
298.46015
298.45363
298.45649
298.45313
298.45612
298.4595
298.45466
298.45669
298.46098
298.46074
298.46092
298.46091
298.46064
298.46152
298.46067
298.46116
298.46058
298.4555
298.45424
298.45517
298.45386
298.45202
298.45764
298.45436
298.45368
298.45694
298.45378
298.45664
298.45457
298.45782
298.45629
298.45417
298.45198
298.45309
298.45173
298.4516
298.45223
298.4548
298.45349
298.45464
298.45707
298.45353
298.45401
298.45665
298.45572
298.45736
298.45694
298.45532
298.45681
298.45704
298.45854
298.45654
298.45916
298.45924
298.45927
298.45888
298.46244
298.46204
298.46217
298.45894
298.45869
298.45856
298.46222
298.4618
298.4619
298.45808
298.45444
298.45853
298.45764
298.45346
298.46243
298.46219
298.4621
298.45912
298.4555
298.44975
298.45511
298.45239
298.45857
298.45663
298.45601
298.45832
298.4564
298.44889
298.44918
298.44926
298.449
298.44904
298.4489
298.4531
298.45279
298.45279
298.45269
298.45378
298.45347
298.45419
298.45173
298.45393
298.45621
298.45917
298.45324
298.45616
298.45895
298.45782
298.45783
298.45756
298.45989
298.45906
298.45959
298.45298
298.45586
298.45278
298.45569
298.45891
298.45418
298.45623
298.46051
298.45995
298.46034
298.46045
298.46
298.46079
298.45992
298.46039
298.46014
298.45486
298.45356
298.45444
298.4532
298.45129
298.45667
298.45331
298.45381
298.45681
298.45369
298.45581
298.45372
298.45737
298.45558
298.45359
298.45126
298.45196
298.45127
298.4512
298.45179
298.45417
298.45303
298.45376
298.45649
298.45301
298.45364
298.45614
298.45458
298.4563
298.45605
298.45461
298.45617
298.45644
298.45818
298.45556
298.45825
298.45842
298.45828
298.45775
298.46184
298.46144
298.46151
298.45807
298.45751
298.45734
298.46155
298.4611
298.46116
298.45718
298.45333
298.45734
298.45666
298.45247
298.46177
298.4615
298.46148
298.45855
298.45478
298.44871
298.45429
298.45135
298.45808
298.4562
298.45581
298.45786
298.4562
298.4489
298.44882
298.44828
298.44842
298.4485
298.44829
298.4525
298.45256
298.45246
298.45256
298.45361
298.45306
298.45362
298.4512
298.45325
298.45572
298.45854
298.45218
298.45524
298.4582
298.45727
298.4572
298.45698
298.45927
298.45844
298.45896
298.45226
298.45525
298.4518
298.45459
298.45823
298.45411
298.45574
298.4595
298.45914
298.45958
298.45963
298.45913
298.45991
298.45898
298.45946
298.45922
298.45402
298.45285
298.45359
298.45211
298.45026
298.45596
298.45291
298.45346
298.45638
298.4538
298.45539
298.45345
298.45735
298.45567
298.45389
298.451
298.45124
298.45039
298.45019
298.45023
298.45262
298.4531
298.45354
298.45594
298.45332
298.45438
298.45661
298.45327
298.45517
298.455
298.45274
298.45483
298.45565
298.4579
298.45454
298.45748
298.45717
298.45726
298.45679
298.46111
298.46067
298.46067
298.45675
298.4566
298.45644
298.46071
298.46023
298.46024
298.45622
298.45238
298.45644
298.45588
298.4526
298.46116
298.46061
298.46077
298.45884
298.45398
298.44938
298.45375
298.45106
298.45766
298.45593
298.45694
298.45755
298.45601
298.44774
298.44777
298.44804
298.44782
298.4477
298.44751
298.4524
298.45212
298.45276
298.45204
298.45374
298.45341
298.45298
298.45021
298.45255
298.45499
298.45783
298.45202
298.45469
298.45746
298.45673
298.4566
298.45667
298.45864
298.45802
298.45843
298.4517
298.4544
298.45201
298.45446
298.45757
298.45336
298.45521
298.45873
298.45814
298.45865
298.45887
298.45815
298.45895
298.45794
298.45835
298.4578
298.45326
298.45186
298.45259
298.45073
298.44884
298.45531
298.4522
298.45284
298.45467
298.45187
298.45526
298.45357
298.45677
298.45461
298.45289
298.45018
298.45002
298.44905
298.44906
298.44858
298.45154
298.45303
298.45385
298.45604
298.45348
298.45325
298.45541
298.45312
298.45488
298.45462
298.45195
298.45394
298.45535
298.45726
298.45435
298.45683
298.45659
298.456
298.45597
298.46029
298.45961
298.45988
298.45638
298.45593
298.45577
298.45978
298.45936
298.45932
298.45552
298.45301
298.4557
298.45476
298.45203
298.46027
298.45975
298.4596
298.45688
298.45362
298.44942
298.45307
298.4504
298.45735
298.45631
298.45418
298.45677
298.45548
298.44802
298.44795
298.44752
298.44713
298.44704
298.447
298.45298
298.45233
298.45198
298.45162
298.45315
298.45278
298.45218
298.44964
298.45175
298.45488
298.45711
298.45145
298.45416
298.45664
298.4566
298.45625
298.45611
298.45828
298.45744
298.45765
298.45117
298.45376
298.45055
298.45324
298.45624
298.45297
298.45474
298.48659
298.48986
298.49396
298.49217
298.49603
298.49643
298.49035
298.49639
298.49592
298.48098
298.49376
298.49001
298.49127
298.49019
298.49435
298.49793
298.49823
298.49948
298.49939
298.50053
298.50086
298.49889
298.50079
298.50034
298.49534
298.49925
298.49802
298.48382
298.49429
298.49074
298.48616
298.47968
298.48978
298.49779
298.4961
298.49863
298.50072
298.50043
298.50126
298.50137
298.50151
298.50161
298.501
298.50157
298.50137
298.49956
298.50109
298.5003
298.49415
298.49859
298.49625
298.475
298.49059
298.48202
298.49138
298.48126
298.49131
298.49948
298.49688
298.49948
298.50141
298.50076
298.50142
298.50167
298.5016
298.50168
298.50149
298.50164
298.50149
298.50067
298.50128
298.50067
298.49707
298.49949
298.49707
298.4832
298.49202
298.48318
298.4895
298.47154
298.48541
298.49853
298.49347
298.49765
298.50126
298.4997
298.5007
298.50162
298.50117
298.50136
298.50137
298.50131
298.501
298.50029
298.50051
298.49955
298.49623
298.49765
298.49411
298.48194
298.48713
298.47494
298.49406
298.48178
298.49084
298.49937
298.49517
298.49775
298.50078
298.49885
298.49923
298.5003
298.49921
298.49876
298.498
298.49766
298.49528
298.49062
298.49137
298.48342
298.49358
298.48058
298.48613
298.49606
298.48977
298.49157
298.49558
298.4916
298.48976
298.48973
298.48609
298.48112
)
;
        Tnbr            T;
        kappaMethod     directionalSolidThermo;
        alphaAni        aniAlpha;
    }
}


// ************************************************************************* //
