/*--------------------------------*- C++ -*----------------------------------*\
| =========                 |                                                 |
| \\      /  F ield         | OpenFOAM: The Open Source CFD Toolbox           |
|  \\    /   O peration     | Version:  2606                                  |
|   \\  /    A nd           | Website:  www.openfoam.com                      |
|    \\/     M anipulation  |                                                 |
\*---------------------------------------------------------------------------*/
FoamFile
{
    version     2.0;
    format      ascii;
    arch        "LSB;label=32;scalar=64";
    class       volScalarField;
    location    "10/cell2";
    object      T;
}
// * * * * * * * * * * * * * * * * * * * * * * * * * * * * * * * * * * * * * //

dimensions      [0 0 0 1 0 0 0];

internalField   nonuniform List<scalar> 
9262
(
298.47026
298.47276
298.465
298.46042
298.48706
298.50326
298.50334
298.49408
298.47774
298.46364
298.50004
298.50708
298.50912
298.50912
298.50704
298.49981
298.47763
298.48215
298.50627
298.50973
298.51056
298.51056
298.5097
298.50616
298.49486
298.46652
298.49247
298.50781
298.51027
298.51082
298.51081
298.51024
298.50765
298.50009
298.47388
298.4899
298.50633
298.50975
298.51058
298.51057
298.50971
298.50619
298.49868
298.47241
298.47323
298.50028
298.50726
298.50923
298.5092
298.50712
298.49994
298.48912
298.47943
298.49841
298.50385
298.50379
298.50216
298.49168
298.46312
298.47619
298.4882
298.4916
298.48115
298.46479
298.47033
298.47296
298.46474
298.46115
298.48721
298.50328
298.50336
298.4941
298.47785
298.46482
298.49957
298.507
298.50911
298.50912
298.50703
298.49976
298.47774
298.48228
298.50624
298.50971
298.51056
298.51056
298.5097
298.50615
298.49483
298.46701
298.49156
298.50777
298.51027
298.51082
298.51081
298.51024
298.50765
298.50011
298.47408
298.48972
298.5063
298.50974
298.51058
298.51057
298.50972
298.5062
298.49868
298.47257
298.47375
298.49993
298.50714
298.50919
298.50919
298.50713
298.49995
298.48908
298.47825
298.49786
298.50359
298.50364
298.50214
298.49171
298.46339
298.47061
298.48775
298.49043
298.48116
298.46525
298.47035
298.47312
298.46528
298.46139
298.48732
298.5033
298.50338
298.49408
298.47799
298.46529
298.49952
298.50698
298.50911
298.50912
298.50703
298.49977
298.4779
298.48243
298.50624
298.50971
298.51056
298.51056
298.5097
298.50616
298.49486
298.46761
298.49157
298.50776
298.51026
298.51082
298.51081
298.51024
298.50765
298.50011
298.47428
298.48976
298.5063
298.50973
298.51057
298.51057
298.50972
298.5062
298.49869
298.47284
298.47409
298.49992
298.5071
298.50917
298.50918
298.50714
298.49997
298.48916
298.47836
298.49782
298.50354
298.50363
298.50214
298.49173
298.46406
298.47085
298.48789
298.49043
298.48133
298.46582
298.4704
298.47324
298.46548
298.46125
298.48734
298.50331
298.50338
298.49412
298.47816
298.46535
298.49958
298.50698
298.50912
298.50912
298.50704
298.49979
298.47802
298.48253
298.50625
298.50971
298.51056
298.51056
298.5097
298.50616
298.4949
298.46809
298.49165
298.50776
298.51026
298.51082
298.51082
298.51025
298.50766
298.50012
298.47447
298.48985
298.50631
298.50973
298.51057
298.51057
298.50972
298.50621
298.49871
298.47306
298.47418
298.49996
298.50711
298.50917
298.50918
298.50715
298.49999
298.48928
298.47857
298.49786
298.50358
298.50365
298.50215
298.49182
298.46465
298.47125
298.48804
298.49054
298.4814
298.46626
298.4705
298.47334
298.46607
298.46118
298.48733
298.50332
298.50339
298.49415
298.47822
298.46535
298.49962
298.50699
298.50912
298.50913
298.50704
298.4998
298.47811
298.48255
298.50625
298.50971
298.51056
298.51056
298.5097
298.50616
298.49493
298.46845
298.4917
298.50777
298.51026
298.51082
298.51082
298.51025
298.50766
298.50014
298.47463
298.48986
298.50632
298.50973
298.51057
298.51057
298.50972
298.50621
298.49873
298.47325
298.47423
298.5
298.50712
298.50917
298.50919
298.50715
298.50001
298.48937
298.47866
298.49789
298.5036
298.50366
298.50216
298.49187
298.4651
298.4716
298.4881
298.49061
298.48144
298.46649
298.47054
298.47344
298.46604
298.46123
298.48735
298.50332
298.5034
298.49416
298.47827
298.46572
298.49961
298.50699
298.50912
298.50913
298.50704
298.49981
298.47816
298.4826
298.50625
298.50971
298.51056
298.51056
298.5097
298.50617
298.49495
298.46859
298.49173
298.50777
298.51026
298.51082
298.51082
298.51025
298.50766
298.50016
298.47475
298.48987
298.50632
298.50973
298.51057
298.51057
298.50972
298.50622
298.49876
298.4734
298.47424
298.50002
298.50713
298.50918
298.50919
298.50715
298.50002
298.48943
298.4788
298.49791
298.50361
298.50367
298.50217
298.4919
298.46536
298.47184
298.48812
298.49065
298.48151
298.46682
298.47063
298.47352
298.46576
298.46117
298.48732
298.50332
298.5034
298.49418
298.47826
298.46588
298.49963
298.507
298.50912
298.50913
298.50705
298.49981
298.47809
298.48261
298.50625
298.50971
298.51056
298.51056
298.5097
298.50617
298.49497
298.4686
298.49175
298.50777
298.51026
298.51082
298.51081
298.51025
298.50766
298.50017
298.47481
298.48988
298.50632
298.50974
298.51057
298.51057
298.50972
298.50622
298.49877
298.47346
298.47425
298.50003
298.50713
298.50918
298.50919
298.50715
298.50002
298.48947
298.47882
298.49793
298.50363
298.50368
298.50217
298.49192
298.46553
298.47202
298.48816
298.49071
298.48156
298.46678
298.47069
298.47358
298.46583
298.4612
298.48732
298.50332
298.50341
298.4942
298.47826
298.46569
298.49963
298.507
298.50912
298.50913
298.50704
298.49982
298.47816
298.48262
298.50626
298.50971
298.51056
298.51056
298.5097
298.50617
298.49498
298.46838
298.49175
298.50777
298.51026
298.51082
298.51081
298.51025
298.50766
298.50017
298.47487
298.48987
298.50632
298.50974
298.51057
298.51057
298.50972
298.50622
298.49879
298.4735
298.47425
298.50005
298.50714
298.50918
298.50919
298.50715
298.50004
298.4895
298.47891
298.49796
298.50364
298.50369
298.50218
298.49194
298.46545
298.47213
298.48818
298.49074
298.48164
298.467
298.4707
298.47365
298.46644
298.46133
298.48733
298.50333
298.50341
298.49423
298.47826
298.466
298.49964
298.507
298.50912
298.50913
298.50704
298.49981
298.47817
298.4826
298.50625
298.50971
298.51056
298.51056
298.5097
298.50617
298.49498
298.46842
298.49176
298.50777
298.51026
298.51082
298.51081
298.51025
298.50766
298.50018
298.47491
298.48988
298.50632
298.50974
298.51057
298.51057
298.50972
298.50623
298.49879
298.47349
298.47422
298.50005
298.50714
298.50918
298.50919
298.50716
298.50004
298.48955
298.47894
298.49798
298.50364
298.50369
298.50218
298.49196
298.46559
298.47221
298.4882
298.49076
298.48168
298.46704
298.47071
298.47371
298.46665
298.46146
298.48734
298.50333
298.50341
298.49424
298.47825
298.46619
298.49964
298.507
298.50912
298.50913
298.50704
298.49981
298.4782
298.48262
298.50625
298.50971
298.51056
298.51056
298.5097
298.50617
298.49498
298.46858
298.49177
298.50777
298.51026
298.51082
298.51081
298.51024
298.50766
298.50019
298.47495
298.48988
298.50633
298.50974
298.51057
298.51057
298.50972
298.50623
298.4988
298.47358
298.47416
298.50006
298.50715
298.50918
298.50919
298.50716
298.50005
298.48954
298.47896
298.498
298.50365
298.5037
298.50219
298.49197
298.46551
298.47219
298.48822
298.49077
298.4817
298.46694
298.47079
298.47376
298.46659
298.46167
298.48737
298.50333
298.50342
298.49427
298.47825
298.46599
298.49964
298.507
298.50912
298.50913
298.50704
298.49981
298.4782
298.48261
298.50625
298.50971
298.51056
298.51056
298.5097
298.50617
298.49499
298.46855
298.49178
298.50777
298.51026
298.51081
298.51081
298.51024
298.50766
298.50019
298.47496
298.48988
298.50632
298.50974
298.51057
298.51057
298.50972
298.50622
298.4988
298.4736
298.47421
298.50007
298.50715
298.50918
298.50919
298.50716
298.50006
298.48956
298.47897
298.49801
298.50366
298.5037
298.5022
298.49197
298.46559
298.47217
298.48825
298.49079
298.48172
298.46694
298.47087
298.47382
298.46668
298.4616
298.48739
298.50333
298.50342
298.4943
298.4783
298.46601
298.49965
298.507
298.50912
298.50913
298.50704
298.49981
298.47822
298.48264
298.50625
298.50971
298.51056
298.51055
298.5097
298.50617
298.495
298.46881
298.49178
298.50777
298.51026
298.51081
298.51081
298.51024
298.50766
298.50019
298.47496
298.48989
298.50632
298.50973
298.51057
298.51057
298.50972
298.50622
298.4988
298.47364
298.47432
298.50007
298.50715
298.50918
298.50919
298.50716
298.50005
298.48959
298.47894
298.49802
298.50366
298.50371
298.50221
298.49198
298.46555
298.47225
298.48829
298.49082
298.48174
298.46694
298.47093
298.4739
298.46688
298.4615
298.48741
298.50333
298.50342
298.49431
298.47829
298.46586
298.49965
298.507
298.50911
298.50912
298.50704
298.4998
298.47818
298.48266
298.50624
298.50971
298.51055
298.51055
298.50969
298.50616
298.495
298.46869
298.49179
298.50777
298.51026
298.51081
298.51081
298.51024
298.50765
298.50018
298.47497
298.48989
298.50632
298.50973
298.51056
298.51056
298.50971
298.50622
298.4988
298.47365
298.47433
298.50007
298.50715
298.50918
298.50919
298.50715
298.50005
298.48959
298.47902
298.49803
298.50367
298.50371
298.50221
298.49198
298.4657
298.47237
298.48831
298.49084
298.48177
298.46699
298.47092
298.47399
298.46656
298.46136
298.48744
298.50334
298.50342
298.49431
298.47823
298.46573
298.49965
298.507
298.50911
298.50912
298.50703
298.49981
298.47816
298.48267
298.50624
298.5097
298.51055
298.51054
298.50969
298.50616
298.495
298.46855
298.49179
298.50776
298.51025
298.5108
298.5108
298.51023
298.50765
298.50018
298.47499
298.48988
298.50632
298.50973
298.51056
298.51056
298.50971
298.50622
298.4988
298.47364
298.47438
298.50007
298.50714
298.50918
298.50918
298.50715
298.50005
298.48959
298.47899
298.49804
298.50367
298.50371
298.50221
298.49199
298.46576
298.47234
298.48835
298.49086
298.48178
298.46718
298.47101
298.47407
298.46666
298.4613
298.48746
298.50333
298.50342
298.49431
298.4782
298.46574
298.49965
298.50699
298.5091
298.50911
298.50703
298.49979
298.47813
298.48263
298.50623
298.50969
298.51054
298.51054
298.50968
298.50615
298.49497
298.4687
298.4918
298.50775
298.51024
298.51079
298.51079
298.51022
298.50764
298.50018
298.47502
298.48987
298.50631
298.50972
298.51055
298.51055
298.5097
298.50621
298.4988
298.47368
298.47443
298.50007
298.50714
298.50917
298.50917
298.50714
298.50004
298.48958
298.47905
298.49805
298.50367
298.50371
298.50221
298.49199
298.4657
298.47251
298.48839
298.49088
298.48177
298.46709
298.47108
298.4741
298.46674
298.4616
298.48751
298.50333
298.50341
298.49431
298.47817
298.46606
298.49963
298.50698
298.50909
298.5091
298.50702
298.49978
298.47811
298.48265
298.50622
298.50968
298.51052
298.51052
298.50966
298.50614
298.49497
298.46866
298.49179
298.50774
298.51023
298.51078
298.51078
298.51021
298.50763
298.50017
298.47503
298.48986
298.5063
298.50971
298.51054
298.51053
298.50969
298.50619
298.49879
298.47362
298.47438
298.50007
298.50713
298.50916
298.50916
298.50713
298.50004
298.48957
298.47911
298.49805
298.50367
298.50371
298.50221
298.492
298.46553
298.47263
298.48844
298.4909
298.4818
298.46692
298.4712
298.47411
298.46687
298.46174
298.48758
298.50332
298.50339
298.49432
298.47819
298.46578
298.49963
298.50697
298.50907
298.50908
298.507
298.49976
298.47807
298.48261
298.5062
298.50966
298.51051
298.5105
298.50965
298.50612
298.49495
298.46854
298.49178
298.50772
298.51021
298.51076
298.51076
298.51019
298.50761
298.50015
298.47506
298.48984
298.50628
298.50969
298.51052
298.51052
298.50967
298.50618
298.49877
298.47369
298.47439
298.50006
298.50712
298.50914
298.50914
298.50712
298.50002
298.48956
298.47913
298.49805
298.50366
298.50369
298.5022
298.49197
298.46584
298.47272
298.48845
298.49089
298.48178
298.46696
298.47127
298.47412
298.46684
298.46183
298.48763
298.5033
298.50337
298.49429
298.47817
298.46597
298.49961
298.50695
298.50905
298.50905
298.50697
298.49974
298.47807
298.48256
298.50618
298.50963
298.51048
298.51047
298.50962
298.50609
298.49492
298.46844
298.49176
298.5077
298.51018
298.51073
298.51073
298.51016
298.50758
298.50013
298.47507
298.4898
298.50626
298.50966
298.51049
298.51049
298.50964
298.50615
298.49875
298.47367
298.47433
298.50004
298.50709
298.50912
298.50912
298.50709
298.5
298.48954
298.47911
298.49805
298.50364
298.50367
298.50218
298.49196
298.46567
298.4727
298.48846
298.49089
298.48177
298.46691
298.47136
298.47411
298.46692
298.46201
298.48771
298.50328
298.50334
298.49426
298.4781
298.46591
298.49959
298.50692
298.50901
298.50901
298.50694
298.49971
298.47806
298.48253
298.50614
298.5096
298.51044
298.51043
298.50958
298.50605
298.49489
298.46848
298.49173
298.50766
298.51014
298.51069
298.51069
298.51012
298.50754
298.50009
298.47505
298.48978
298.50622
298.50962
298.51045
298.51045
298.5096
298.50611
298.49872
298.47369
298.47428
298.50001
298.50706
298.50908
298.50908
298.50706
298.49997
298.48952
298.47914
298.49804
298.50361
298.50364
298.50215
298.49193
298.46563
298.47276
298.48847
298.49088
298.48174
298.46702
298.47136
298.47405
298.46676
298.46222
298.48778
298.50324
298.50329
298.49422
298.47803
298.46599
298.49955
298.50687
298.50895
298.50896
298.50688
298.49965
298.47805
298.48249
298.50609
298.50954
298.51038
298.51038
298.50952
298.506
298.49485
298.46824
298.49169
298.50761
298.51009
298.51063
298.51063
298.51006
298.50749
298.50005
298.47503
298.48974
298.50617
298.50957
298.51039
298.51039
298.50955
298.50606
298.49868
298.47367
298.47425
298.49996
298.50701
298.50903
298.50903
298.507
298.49992
298.48949
298.47909
298.49801
298.50357
298.50359
298.50211
298.49188
298.46558
298.47275
298.48845
298.49086
298.48173
298.46705
298.47136
298.47396
298.46653
298.46233
298.48783
298.50317
298.50322
298.49415
298.47795
298.46605
298.4995
298.5068
298.50888
298.50888
298.50681
298.49958
298.47797
298.48243
298.50602
298.50946
298.5103
298.5103
298.50944
298.50593
298.49478
298.46823
298.49162
298.50753
298.51001
298.51055
298.51055
298.50998
298.50742
298.49999
298.47501
298.48967
298.50609
298.50949
298.51031
298.51031
298.50947
298.50599
298.49862
298.47365
298.47428
298.4999
298.50694
298.50895
298.50895
298.50692
298.49984
298.48941
298.47906
298.49795
298.50351
298.50352
298.50204
298.49182
298.46544
298.4727
298.48843
298.49082
298.48166
298.46687
298.47139
298.47386
298.46617
298.46232
298.48784
298.50308
298.50312
298.49406
298.47782
298.46591
298.49942
298.5067
298.50877
298.50877
298.5067
298.49948
298.47786
298.48232
298.50592
298.50936
298.51019
298.51018
298.50933
298.50582
298.49468
298.46844
298.49153
298.50742
298.5099
298.51044
298.51043
298.50987
298.50731
298.49991
298.47495
298.48958
298.50599
298.50938
298.5102
298.5102
298.50935
298.50588
298.49853
298.47357
298.47428
298.49981
298.50683
298.50884
298.50884
298.50682
298.49975
298.48933
298.47901
298.49787
298.50341
298.50342
298.50195
298.49174
298.46534
298.47263
298.48837
298.49075
298.48161
298.46674
298.47132
298.47372
298.46616
298.46214
298.48781
298.50295
298.50298
298.49395
298.47771
298.46573
298.4993
298.50656
298.50862
298.50862
298.50655
298.49934
298.47771
298.48223
298.50578
298.50921
298.51003
298.51003
298.50918
298.50568
298.49457
298.46836
298.49141
298.50728
298.50975
298.51028
298.51028
298.50972
298.50717
298.49979
298.47485
298.48944
298.50585
298.50923
298.51005
298.51004
298.5092
298.50574
298.49841
298.47341
298.47426
298.49968
298.50669
298.50869
298.50869
298.50667
298.49961
298.48921
298.47891
298.49776
298.50328
298.50328
298.50182
298.49163
298.46527
298.47267
298.48828
298.49065
298.48153
298.46665
298.4712
298.47358
298.46603
298.4622
298.48773
298.50277
298.5028
298.49376
298.47753
298.466
298.49912
298.50637
298.50842
298.50842
298.50636
298.49916
298.4776
298.48207
298.50558
298.509
298.50983
298.50982
298.50897
298.50549
298.49441
298.46816
298.49125
298.50708
298.50954
298.51008
298.51007
298.50951
298.50697
298.49962
298.47472
298.48928
298.50565
298.50903
298.50984
298.50983
298.509
298.50554
298.49824
298.47329
298.47411
298.4995
298.5065
298.50849
298.50849
298.50647
298.49942
298.48903
298.47877
298.49759
298.50309
298.5031
298.50165
298.49146
298.46535
298.47252
298.48814
298.49049
298.48139
298.46655
298.47102
298.47335
298.46587
298.46207
298.48755
298.50253
298.50255
298.49355
298.4773
298.46565
298.49889
298.50611
298.50816
298.50815
298.50609
298.49892
298.47737
298.48187
298.50533
298.50873
298.50955
298.50954
298.5087
298.50523
298.49419
298.46765
298.49102
298.50682
298.50927
298.5098
298.50979
298.50923
298.5067
298.49939
298.47452
298.48904
298.50539
298.50875
298.50956
298.50955
298.50872
298.50528
298.49801
298.47312
298.47399
298.49926
298.50624
298.50822
298.50821
298.50621
298.49919
298.48881
298.47857
298.49736
298.50285
298.50285
298.50142
298.49126
298.46509
298.47233
298.48794
298.49029
298.48121
298.46645
298.4708
298.47306
298.46569
298.46198
298.48728
298.5022
298.50221
298.49324
298.47705
298.46556
298.49857
298.50577
298.5078
298.50779
298.50574
298.49861
298.47712
298.48159
298.50498
298.50837
298.50918
298.50917
298.50833
298.50488
298.4939
298.46753
298.49073
298.50646
298.5089
298.50943
298.50941
298.50886
298.50634
298.49908
298.47425
298.48874
298.50505
298.50839
298.50919
298.50918
298.50835
298.50493
298.49771
298.47286
298.47366
298.49894
298.50589
298.50787
298.50786
298.50586
298.49887
298.48854
298.47836
298.49707
298.50252
298.50252
298.50111
298.49098
298.46479
298.47206
298.48768
298.49002
298.4809
298.4663
298.47048
298.47268
298.46524
298.46172
298.48695
298.50177
298.50178
298.49285
298.47669
298.46525
298.49816
298.50532
298.50733
298.50732
298.50528
298.4982
298.47681
298.48123
298.50453
298.5079
298.5087
298.50869
298.50785
298.50442
298.49353
298.46705
298.49033
298.506
298.50843
298.50894
298.50893
298.50837
298.50587
298.49868
298.47391
298.48835
298.50459
298.50792
298.50871
298.5087
298.50786
298.50447
298.4973
298.47252
298.47337
298.4985
298.50544
298.5074
298.50738
298.50539
298.49844
298.48815
298.47797
298.49668
298.50209
298.50208
298.50071
298.4906
298.46441
298.47178
298.48732
298.48964
298.48054
298.46589
298.47006
298.4722
298.46472
298.46115
298.48646
298.50122
298.50122
298.49232
298.47621
298.46485
298.4976
298.50473
298.50673
298.50671
298.50468
298.49765
298.4764
298.48074
298.50395
298.50729
298.50808
298.50806
298.50722
298.50383
298.49304
298.46704
298.48982
298.50541
298.50781
298.50832
298.5083
298.50774
298.50526
298.49816
298.47349
298.48784
298.50401
298.50731
298.5081
298.50807
298.50724
298.50387
298.49678
298.47209
298.47294
298.49794
298.50484
298.50679
298.50677
298.50479
298.4979
298.48769
298.47752
298.49615
298.50152
298.50152
298.50017
298.4901
298.46401
298.47137
298.48683
298.48916
298.48006
298.46544
298.46949
298.4716
298.46399
298.46072
298.48584
298.5005
298.5005
298.49169
298.47561
298.46427
298.4969
298.50398
298.50595
298.50593
298.50391
298.49695
298.47585
298.48011
298.5032
298.50651
298.50729
298.50727
298.50641
298.50306
298.4924
298.46647
298.48918
298.50465
298.50703
298.50752
298.5075
298.50693
298.50447
298.49749
298.47296
298.48719
298.50325
298.50653
298.5073
298.50728
298.50643
298.5031
298.49612
298.47155
298.4723
298.49721
298.50409
298.50601
298.50599
298.50402
298.49719
298.48707
298.47691
298.49547
298.5008
298.50079
298.49948
298.48947
298.46346
298.47078
298.48622
298.48854
298.47944
298.46485
298.4688
298.47089
298.46322
298.46012
298.485
298.49958
298.49958
298.49083
298.47483
298.46351
298.49598
298.50302
298.50497
298.50493
298.50293
298.49605
298.47518
298.4793
298.50224
298.50552
298.5063
298.50626
298.50539
298.50208
298.49158
298.46576
298.48833
298.50367
298.50604
298.50652
298.50649
298.5059
298.50347
298.49662
298.47228
298.48632
298.50228
298.50554
298.50631
298.50627
298.50541
298.50212
298.49525
298.47085
298.47167
298.49629
298.50312
298.50503
298.50499
298.50304
298.49629
298.48627
298.47609
298.4946
298.49987
298.49987
298.49861
298.48864
298.4629
298.46999
298.4854
298.48774
298.47868
298.46424
298.46796
298.47001
298.4623
298.45916
298.48385
298.49839
298.49839
298.48976
298.47384
298.46271
298.49479
298.50181
298.50373
298.50369
298.5017
298.4949
298.47437
298.47821
298.50101
298.50428
298.50505
298.50501
298.50411
298.50082
298.49053
298.46496
298.48721
298.50243
298.5048
298.50527
298.50523
298.50462
298.50219
298.49549
298.47142
298.48518
298.50105
298.5043
298.50506
298.50502
298.50413
298.50085
298.49413
298.47005
298.47062
298.49509
298.5019
298.50379
298.50375
298.50182
298.49512
298.48523
298.47507
298.49349
298.49868
298.49868
298.4975
298.48758
298.46233
298.46909
298.48431
298.48669
298.47768
298.4635
298.46667
298.46868
298.46102
298.45781
298.48211
298.4921
298.49413
298.48831
298.47241
298.46149
298.48489
298.49729
298.5012
298.5016
298.50001
298.49358
298.47314
298.47665
298.49616
298.502
298.50354
298.50373
298.5029
298.49983
298.48905
298.46404
298.48557
298.49935
298.50318
298.50404
298.5041
298.5037
298.5016
298.49394
298.47026
298.48344
298.49857
298.50281
298.50396
298.50403
298.50353
298.50048
298.49256
298.46893
298.46902
298.49297
298.50046
298.50289
298.50318
298.50143
298.49566
298.48368
298.47356
298.49203
298.49817
298.49838
298.4961
298.48609
298.46165
298.46762
298.48262
298.48512
298.47621
298.46253
298.46387
298.46635
298.45808
298.45512
298.48067
298.49003
298.49202
298.48623
298.47008
298.45898
298.48257
298.49553
298.4995
298.49987
298.49822
298.49143
298.47148
298.47425
298.49433
298.5003
298.50179
298.50194
298.50111
298.49789
298.48694
298.46186
298.4831
298.49757
298.50143
298.50225
298.50228
298.50187
298.49977
298.49195
298.468
298.48198
298.49668
298.50108
298.50217
298.50222
298.50171
298.49886
298.49054
298.4668
298.46627
298.49067
298.49863
298.50112
298.5014
298.49987
298.49443
298.48158
298.47091
298.49
298.49642
298.49689
298.49435
298.48379
298.45945
298.46478
298.48108
298.48273
298.47403
298.46029
298.45601
298.45896
298.46344
298.47249
298.46552
298.48002
298.4815
298.46469
298.48171
298.47991
298.47201
298.46251
298.45766
298.45592
298.46895
298.46963
298.48254
298.45694
298.48322
298.47101
298.4585
298.47007
298.46541
298.48163
298.46018
298.48204
298.46646
298.46149
298.46727
298.46644
298.46878
298.46875
298.46816
298.46733
298.46216
298.4622
298.48158
298.45978
298.47086
298.46655
298.47148
298.46033
298.45787
298.48318
298.45735
298.47031
298.47181
298.47159
298.45911
298.45839
298.47369
298.46107
298.48257
298.46612
298.46769
298.48147
298.46799
298.46672
298.46558
298.46119
298.46034
298.4609
298.46417
298.46879
298.47891
298.46415
298.46894
298.47894
298.4723
298.48671
298.48945
298.47032
298.47236
298.48673
298.48947
298.47118
298.48963
298.48722
298.47289
298.47131
298.48966
298.48724
298.47967
298.46996
298.46494
298.4797
298.47
298.46416
298.46438
298.462
298.46248
298.47545
298.48036
298.4917
298.46107
298.47572
298.47745
298.49083
298.46266
298.49143
298.4783
298.4778
298.46294
298.49132
298.4779
298.46294
298.46316
298.47709
298.47259
298.48904
298.46432
298.4773
298.47281
298.4891
298.46476
298.48895
298.47197
298.47771
298.46479
298.48896
298.47205
298.4688
298.47452
298.46877
298.4744
298.4951
298.48965
298.49911
298.48223
298.49513
298.48952
298.49908
298.48132
298.49862
298.48854
298.49483
298.48134
298.49863
298.48856
298.4723
298.46673
298.47244
298.47799
298.47838
298.47639
298.4768
298.50079
298.4926
298.50083
298.49191
298.50066
298.49202
298.50071
298.49065
298.50011
298.49069
298.5001
298.49068
298.50012
298.49072
298.47399
298.47401
298.47409
298.47528
298.46923
298.47517
298.46939
298.49923
298.4825
298.49541
298.4898
298.49919
298.48258
298.49537
298.48861
298.49493
298.48132
298.49868
298.48862
298.4949
298.48132
298.46628
298.47249
298.46669
298.48991
298.46458
298.47984
298.47349
298.48971
298.46573
298.47907
298.47194
298.47795
298.46496
298.48907
298.47201
298.47797
298.46507
298.47227
298.46654
298.49205
298.46256
298.47829
298.47865
298.49168
298.46327
298.47804
298.47833
298.47836
298.46342
298.4917
298.47836
298.47841
298.46351
298.4632
298.46902
298.46541
298.48114
298.46334
298.47251
298.48066
298.46522
298.49143
298.47161
298.47613
298.48791
298.49069
298.4718
298.47431
298.48851
298.47705
298.47362
298.49089
298.48834
298.4751
298.47345
298.47166
298.4673
298.48113
298.47176
298.46751
298.46502
298.46124
298.46144
298.46409
298.46906
298.47904
298.464
298.46914
298.47908
298.4724
298.48677
298.48949
298.47032
298.47244
298.4868
298.48951
298.47137
298.48969
298.48726
298.47304
298.47148
298.48971
298.48728
298.47973
298.47006
298.46503
298.47971
298.47019
298.46463
298.46498
298.46278
298.46292
298.47588
298.47644
298.49038
298.46134
298.47597
298.47625
298.49025
298.46318
298.49128
298.47785
298.47789
298.46349
298.49127
298.47796
298.46337
298.46368
298.47741
298.47306
298.48915
298.46519
298.47751
298.47324
298.48922
298.46504
298.48898
298.47228
298.4778
298.46527
298.48901
298.4725
298.46899
298.47441
298.46901
298.47448
298.49518
298.48947
298.49906
298.48243
298.49523
298.48949
298.49906
298.48137
298.49863
298.48858
298.49485
298.48146
298.49864
298.48861
298.47252
298.46731
298.47263
298.47594
298.47634
298.47594
298.47634
298.50057
298.4917
298.5006
298.49152
298.50053
298.49163
298.50057
298.4907
298.50012
298.49074
298.50011
298.49072
298.50013
298.49076
298.47417
298.47418
298.47426
298.47519
298.4698
298.47526
298.47003
298.49916
298.48267
298.49538
298.48975
298.49916
298.48278
298.49542
298.48863
298.49491
298.48137
298.49869
298.48866
298.49492
298.48144
298.46687
298.47269
298.46708
298.4896
298.46646
298.47859
298.47399
298.48959
298.46692
298.47844
298.47219
298.47801
298.46523
298.48912
298.47239
298.47809
298.46546
298.46338
298.46308
298.4914
298.46394
298.47787
298.47826
298.49136
298.46432
298.47791
298.47839
298.47847
298.46377
298.49172
298.47847
298.47856
298.46403
298.46371
298.46363
298.46347
298.48045
298.46669
298.47041
298.4806
298.46719
298.49026
298.47213
298.47372
298.48783
298.4902
298.47242
298.47388
298.48827
298.47438
298.47338
298.49038
298.48829
298.47438
298.47345
298.4719
298.46774
298.48128
298.47201
298.46774
298.46551
298.46158
298.46161
298.46396
298.46918
298.47913
298.46414
298.46922
298.4791
298.47247
298.48682
298.48953
298.47041
298.4725
298.48683
298.48954
298.47158
298.48973
298.4873
298.47318
298.47167
298.48975
298.48733
298.47978
298.47032
298.4653
298.47985
298.47044
298.46518
298.46538
298.46297
298.46291
298.47602
298.47646
298.49027
298.46133
298.47603
298.47663
298.49034
298.46385
298.49129
298.47806
298.47807
298.46422
298.49132
298.47816
298.46403
298.46431
298.47758
298.4734
298.48928
298.46521
298.47763
298.47348
298.48931
298.46547
298.48904
298.47269
298.47796
298.46564
298.48908
298.47289
298.46926
298.47456
298.46942
298.47463
298.49527
298.48953
298.49907
298.48252
298.49529
298.48956
298.49909
298.48152
298.49865
298.48864
298.49488
298.4816
298.49865
298.48867
298.47278
298.46786
298.4729
298.47605
298.47644
298.47614
298.47652
298.50053
298.49168
298.50056
298.49163
298.50054
298.49172
298.50057
298.49074
298.50013
298.49078
298.50012
298.49076
298.50014
298.4908
298.47437
298.47437
298.47446
298.47534
298.47021
298.47538
298.47024
298.49917
298.48286
298.49546
298.48985
298.49919
298.48293
298.49549
298.4887
298.49494
298.48153
298.4987
298.48873
298.49496
298.4816
298.46738
298.47297
298.46757
298.48964
298.46707
298.47852
298.4742
298.48968
298.46714
298.47859
298.47258
298.47819
298.46569
298.48921
298.47279
298.47828
298.46598
298.46375
298.46419
298.49141
298.46451
298.47799
298.47851
298.49148
298.46463
298.47808
298.47852
298.47864
298.46428
298.49179
298.47864
298.47874
298.46459
298.46435
298.4639
298.46421
298.48072
298.46761
298.47107
298.48082
298.46768
298.49026
298.47263
298.47404
298.48802
298.49033
298.47277
298.47418
298.48835
298.47451
298.47355
298.49051
298.48839
298.47462
298.4736
298.4721
298.46771
298.48134
298.4722
298.46797
298.46609
298.46143
298.46146
298.46403
298.46919
298.47913
298.46404
298.46919
298.47913
298.47253
298.48685
298.48955
298.47046
298.47256
298.48685
298.48956
298.47178
298.48976
298.48736
298.47329
298.47188
298.48978
298.48738
298.47985
298.47054
298.46584
298.47991
298.47065
298.46554
298.4657
298.46284
298.46278
298.47605
298.47671
298.49039
298.46125
298.47603
298.47673
298.49042
298.46421
298.49135
298.47827
298.47819
298.46443
298.49136
298.4783
298.46426
298.46446
298.47765
298.47359
298.48934
298.46551
298.47764
298.47365
298.48935
298.46579
298.48912
298.47304
298.47807
298.46572
298.48915
298.47318
298.46949
298.47467
298.46951
298.47468
298.49531
298.48959
298.4991
298.48256
298.49532
298.48961
298.49911
298.48166
298.49866
298.4887
298.49492
298.48174
298.49867
298.48873
298.47301
298.46827
298.47312
298.47619
298.47657
298.47624
298.47661
298.50055
298.49175
298.50059
298.49168
298.50056
298.49178
298.5006
298.49078
298.50014
298.49082
298.50013
298.49081
298.50015
298.49084
298.47455
298.47455
298.47463
298.47542
298.47026
298.47543
298.4703
298.4992
298.48295
298.49551
298.48986
298.49921
298.48294
298.49551
298.48876
298.49499
298.48169
298.49872
298.48879
298.49501
298.48177
298.46774
298.47317
298.46797
298.48971
298.46721
298.47868
298.47426
298.48974
298.4673
298.47875
298.47301
298.47838
298.46615
298.48933
298.47316
298.4785
298.46627
298.46451
298.46472
298.49152
298.46471
298.47814
298.47859
298.49154
298.46483
298.4782
298.47875
298.47883
298.46479
298.49184
298.47883
298.47892
298.46495
298.46493
298.4644
298.4646
298.48091
298.46743
298.47147
298.48096
298.46759
298.49039
298.47283
298.47426
298.48809
298.49042
298.47287
298.47433
298.48842
298.47471
298.47364
298.49059
298.48844
298.47477
298.47368
298.4723
298.46809
298.48141
298.47238
298.46812
298.46638
298.46147
298.46146
298.46407
298.4692
298.47916
298.46425
298.46924
298.47917
298.47258
298.48687
298.48957
298.47052
298.4726
298.48688
298.48958
298.47195
298.48979
298.4874
298.47339
298.472
298.48981
298.48743
298.47995
298.47076
298.46583
298.48
298.47083
298.46578
298.46581
298.4627
298.46272
298.47602
298.47681
298.49046
298.46121
298.47603
298.47686
298.49048
298.46458
298.49137
298.47833
298.47827
298.46455
298.4914
298.47839
298.46465
298.4647
298.47764
298.47367
298.48935
298.46549
298.47763
298.47372
298.48935
298.46595
298.48917
298.47327
298.47812
298.46601
298.48918
298.47332
298.46943
298.47474
298.46952
298.4748
298.49532
298.48962
298.49912
298.48257
298.49532
298.48964
298.49912
298.48179
298.49868
298.48876
298.49494
298.48185
298.49869
298.48879
298.4732
298.46848
298.47328
298.4763
298.47665
298.47633
298.47668
298.50057
298.4918
298.50061
298.49172
298.50058
298.49182
298.50061
298.49083
298.50016
298.49087
298.50015
298.49086
298.50017
298.49089
298.47471
298.47469
298.47477
298.47545
298.47029
298.47545
298.47014
298.49922
298.48295
298.49552
298.48987
298.49922
298.48297
298.49553
298.48882
298.49503
298.48183
298.49875
298.48886
298.49506
298.48192
298.46816
298.47332
298.46828
298.48976
298.46717
298.47883
298.47426
298.48976
298.46738
298.47881
298.47331
298.47858
298.46661
298.48941
298.47343
298.47865
298.46671
298.46487
298.46506
298.49157
298.46482
298.47824
298.47873
298.49159
298.46478
298.47828
298.47894
298.47899
298.46511
298.49189
298.47898
298.47905
298.4653
298.46524
298.46472
298.4651
298.48099
298.46746
298.47173
298.48104
298.46735
298.49045
298.47284
298.47438
298.48811
298.49048
298.47287
298.47443
298.48844
298.47481
298.47368
298.49063
298.48845
298.47485
298.47367
298.47246
298.4684
298.4815
298.47253
298.46821
298.4667
298.46142
298.46149
298.4647
298.46928
298.47916
298.4646
298.46928
298.47919
298.47263
298.48688
298.48958
298.47059
298.47266
298.4869
298.4896
298.47206
298.48983
298.48744
298.47348
298.47213
298.48984
298.48747
298.48004
298.47087
298.46598
298.48005
298.47093
298.46584
298.46567
298.46287
298.4629
298.47601
298.47682
298.49048
298.46131
298.47601
298.47681
298.49048
298.46464
298.49141
298.47844
298.47827
298.46474
298.4914
298.47839
298.46464
298.46473
298.47764
298.47381
298.48935
298.4658
298.47767
298.47384
298.48935
298.46587
298.4892
298.47335
298.47817
298.46596
298.48921
298.4734
298.46957
298.4748
298.46971
298.47484
298.49532
298.48964
298.49912
298.4826
298.49531
298.48964
298.49912
298.48185
298.4987
298.48881
298.49496
298.48188
298.49871
298.48884
298.47334
298.4686
298.4734
298.47636
298.4767
298.47639
298.47672
298.50058
298.49183
298.50062
298.49174
298.50058
298.49184
298.50062
298.49088
298.50018
298.49091
298.50016
298.49089
298.50018
298.49093
298.47482
298.47478
298.47486
298.47547
298.47022
298.47549
298.47019
298.49922
298.48294
298.49552
298.48988
298.49922
298.48293
298.49551
298.48888
298.49506
298.48192
298.49876
298.4889
298.49507
298.48197
298.46849
298.47344
298.46866
298.48977
298.46745
298.47889
298.47424
298.48978
298.46748
298.47895
298.47352
298.4787
298.46666
298.48945
298.47364
298.47875
298.46676
298.46519
298.46531
298.49162
298.46471
298.47831
298.47876
298.49161
298.46484
298.47835
298.47905
298.4791
298.46541
298.49191
298.47908
298.47913
298.46546
298.46546
298.46523
298.46524
298.48104
298.46742
298.47193
298.48108
298.46745
298.4905
298.47288
298.47447
298.48814
298.49053
298.47287
298.47451
298.48848
298.4749
298.47372
298.49068
298.4885
298.47495
298.47378
298.4726
298.46814
298.48155
298.47265
298.46832
298.4669
298.46141
298.46138
298.46444
298.46922
298.4792
298.46467
298.46925
298.47918
298.47269
298.48691
298.48962
298.47065
298.47272
298.48691
298.48963
298.47211
298.48986
298.48749
298.47355
298.47219
298.48988
298.48751
298.48008
298.47092
298.46602
298.4801
298.47094
298.46565
298.46555
298.46282
298.46279
298.476
298.47689
298.49051
298.46121
298.47596
298.47689
298.49051
298.46449
298.49142
298.47848
298.47825
298.46445
298.49142
298.47844
298.46466
298.46465
298.47767
298.47387
298.48935
298.46591
298.47767
298.47386
298.48935
298.46605
298.48921
298.47339
298.47816
298.46576
298.48922
298.47338
298.46989
298.47488
298.4698
298.4749
298.4953
298.48965
298.49912
298.48262
298.4953
298.48965
298.49912
298.4819
298.49871
298.48885
298.49498
298.48191
298.49871
298.48885
298.4734
298.46854
298.4734
298.47641
298.47673
298.47642
298.47674
298.50059
298.49185
298.50062
298.49175
298.50059
298.49185
298.50062
298.49091
298.50019
298.49094
298.50017
298.49092
298.50019
298.49095
298.4749
298.47484
298.47492
298.47546
298.4701
298.47548
298.47021
298.49922
298.48295
298.49552
298.48988
298.49922
298.48295
298.49552
298.48892
298.49509
298.48201
298.49878
298.48894
298.4951
298.48203
298.46858
298.47349
298.4684
298.48979
298.46751
298.47897
298.47423
298.4898
298.46756
298.47902
298.47364
298.47874
298.46675
298.48948
298.47363
298.47879
298.46684
298.46538
298.46542
298.49163
298.46486
298.47838
298.47887
298.49164
298.46484
298.47841
298.47913
298.47915
298.46551
298.49192
298.47914
298.47917
298.46558
298.46556
298.46542
298.46551
298.48111
298.46746
298.47208
298.48111
298.46753
298.49055
298.47293
298.47455
298.48817
298.49058
298.47297
298.47461
298.48852
298.475
298.47381
298.49073
298.48853
298.47505
298.47384
298.47268
298.46836
298.48158
298.47273
298.46855
298.46693
298.46133
298.46147
298.46455
298.46919
298.47921
298.46459
298.46915
298.47923
298.47273
298.48693
298.48963
298.47069
298.47275
298.48694
298.48964
298.47224
298.48989
298.48754
298.47361
298.4723
298.4899
298.48756
298.48016
298.47093
298.46636
298.48018
298.47102
298.46536
298.4655
298.46282
298.46279
298.47597
298.47687
298.49051
298.46124
298.47599
298.47687
298.49053
298.46452
298.49144
298.47848
298.47825
298.46462
298.49142
298.47847
298.46473
298.46475
298.47768
298.47382
298.48934
298.46588
298.47769
298.47382
298.48935
298.46567
298.48923
298.4733
298.47816
298.46569
298.48923
298.47332
298.46963
298.4749
298.46955
298.47489
298.49531
298.48966
298.49912
298.48261
298.49531
298.48966
298.49912
298.48191
298.49872
298.48887
298.49498
298.4819
298.49872
298.48887
298.47343
298.46843
298.47342
298.47643
298.47674
298.47643
298.47674
298.50059
298.49185
298.50063
298.49175
298.50059
298.49185
298.50063
298.49093
298.5002
298.49096
298.50018
298.49093
298.5002
298.49096
298.47493
298.47489
298.47494
298.47549
298.47018
298.47551
298.47018
298.49922
298.48292
298.49551
298.48988
298.49922
298.48293
298.49552
298.48895
298.49511
298.48204
298.49879
298.48895
298.49513
298.48206
298.46847
298.47349
298.46848
298.48981
298.46758
298.47905
298.47426
298.48982
298.46761
298.47908
298.47366
298.47878
298.46686
298.48953
298.47371
298.47879
298.46678
298.4655
298.46556
298.49166
298.46491
298.47844
298.47893
298.49167
298.46495
298.47845
298.47921
298.47917
298.46554
298.49195
298.47918
298.4792
298.46563
298.46555
298.46566
298.46549
298.48113
298.46745
298.47217
298.48117
298.46757
298.49059
298.47299
298.47464
298.48819
298.4906
298.47302
298.47467
298.48855
298.47507
298.47386
298.49075
298.48855
298.4751
298.47391
298.4728
298.46835
298.48164
298.47285
298.46878
298.46706
298.46134
298.46138
298.46465
298.46915
298.47922
298.4645
298.46913
298.47925
298.47277
298.48694
298.48965
298.47069
298.47278
298.48695
298.48966
298.47232
298.48991
298.48757
298.47368
298.47238
298.48993
298.4876
298.48023
298.47107
298.46654
298.48028
298.47111
298.46554
298.46557
298.46278
298.46282
298.47603
298.47693
298.49055
298.4614
298.47605
298.47692
298.49056
298.46467
298.49142
298.47848
298.47825
298.46454
298.49143
298.47851
298.4648
298.46482
298.4777
298.47383
298.48934
298.46614
298.47772
298.47385
298.48934
298.46576
298.48923
298.47336
298.47818
298.46601
298.48922
298.47335
298.46959
298.47488
298.46963
298.47489
298.49531
298.48966
298.49912
298.48261
298.4953
298.48966
298.49912
298.48189
298.49872
298.48888
298.49498
298.48192
298.49873
298.48889
298.47348
298.4685
298.4735
298.47644
298.47674
298.47645
298.47674
298.50059
298.49185
298.50063
298.49176
298.50059
298.49185
298.50063
298.49094
298.5002
298.49097
298.50018
298.49095
298.50021
298.49098
298.47495
298.47493
298.47496
298.47549
298.47008
298.47549
298.46999
298.49922
298.48294
298.49553
298.48988
298.49922
298.48293
298.49553
298.48896
298.49515
298.48209
298.4988
298.48897
298.49514
298.48209
298.46845
298.47354
298.46853
298.48982
298.46765
298.47908
298.47419
298.48982
298.46755
298.47908
298.47371
298.47882
298.46674
298.48955
298.47373
298.47882
298.46668
298.46565
298.46566
298.49168
298.46499
298.47846
298.47895
298.49169
298.46506
298.47845
298.47914
298.47923
298.4657
298.49196
298.47918
298.47924
298.46567
298.4656
298.46546
298.46537
298.4812
298.46771
298.47221
298.48121
298.46765
298.49061
298.47302
298.4747
298.48822
298.49062
298.47306
298.47473
298.48856
298.47513
298.47391
298.49077
298.48857
298.47515
298.47394
298.47285
298.46878
298.48169
298.47285
298.46869
298.46715
298.46147
298.46155
298.46443
298.46916
298.47925
298.46451
298.46918
298.47929
298.4728
298.48696
298.48967
298.47076
298.47282
298.48698
298.48968
298.47245
298.48995
298.48763
298.47374
298.47245
298.48996
298.48764
298.48032
298.47116
298.46669
298.48036
298.47123
298.46546
298.46564
298.4629
298.46297
298.47604
298.47692
298.49054
298.46162
298.47609
298.47691
298.49054
298.46458
298.49143
298.47849
298.47825
298.46452
298.49144
298.47853
298.46487
298.46488
298.4777
298.47387
298.48934
298.46611
298.47773
298.47389
298.48935
298.46589
298.48922
298.47333
298.47819
298.46604
298.48921
298.47334
298.46963
298.47489
298.46971
298.47494
298.4953
298.48967
298.49912
298.48262
298.4953
298.48967
298.49912
298.48193
298.49873
298.4889
298.49498
298.48195
298.49873
298.48891
298.4735
298.4685
298.47352
298.47647
298.47674
298.47648
298.47674
298.50059
298.49185
298.50063
298.49177
298.50059
298.49186
298.50063
298.49096
298.50021
298.49099
298.50019
298.49097
298.50021
298.491
298.47498
298.47496
298.475
298.47547
298.46985
298.47546
298.46996
298.49922
298.48292
298.49553
298.48988
298.49923
298.48294
298.49553
298.48899
298.49514
298.48208
298.4988
298.489
298.49514
298.48214
298.46854
298.4736
298.46845
298.48982
298.46746
298.47909
298.47417
298.48982
298.46747
298.47908
298.47377
298.4788
298.46665
298.48953
298.4738
298.47881
298.46671
298.46561
298.46561
298.4917
298.46493
298.47845
298.47895
298.4917
298.46495
298.47841
298.4792
298.47926
298.46563
298.49197
298.47916
298.47926
298.46571
298.46554
298.4652
298.46513
298.48121
298.46754
298.47217
298.48124
298.46755
298.49063
298.47308
298.47476
298.48824
298.49064
298.47312
298.4748
298.48859
298.47517
298.47396
298.49078
298.48859
298.47519
298.47396
298.47283
298.46862
298.4817
298.47288
298.46872
298.46704
298.4615
298.46155
298.46474
298.46927
298.47927
298.46472
298.46935
298.47932
298.47284
298.48698
298.48969
298.47085
298.47287
298.487
298.4897
298.47252
298.48997
298.48766
298.47379
298.47254
298.48998
298.48767
298.4804
298.47122
298.4667
298.48038
298.47123
298.46567
298.46567
298.46302
298.46298
298.47611
298.4769
298.49055
298.46169
298.47615
298.47691
298.49056
298.4645
298.49144
298.47851
298.47828
298.46453
298.49143
298.47849
298.46491
298.46491
298.47773
298.47392
298.48935
298.46601
298.47772
298.4739
298.48935
298.46605
298.48923
298.47336
298.47823
298.46596
298.48924
298.47338
298.46992
298.47496
298.46969
298.47496
298.49529
298.48967
298.49911
298.48267
298.4953
298.48968
298.49912
298.48197
298.49874
298.48892
298.495
298.48196
298.49873
298.48892
298.47356
298.4688
298.47358
298.4765
298.47675
298.4765
298.47676
298.50059
298.49186
298.50063
298.49178
298.50059
298.49186
298.50063
298.49097
298.50021
298.491
298.50019
298.49097
298.50021
298.491
298.47501
298.47496
298.47501
298.47549
298.4703
298.47552
298.47043
298.49923
298.48297
298.49554
298.48989
298.49922
298.48295
298.49553
298.489
298.49514
298.48213
298.4988
298.489
298.49515
298.48216
298.46877
298.47363
298.46894
298.48983
298.46742
298.47908
298.47427
298.48983
298.46753
298.47907
298.47386
298.47886
298.46685
298.48958
298.47397
298.47885
298.4669
298.46551
298.46546
298.49172
298.46475
298.47841
298.47899
298.49173
298.46468
298.47845
298.47915
298.47926
298.46574
298.49197
298.47919
298.47924
298.46567
298.46556
298.46518
298.46522
298.48121
298.46752
298.4722
298.48126
298.46735
298.49066
298.47316
298.47483
298.48827
298.49067
298.47318
298.47487
298.4886
298.4752
298.47399
298.49081
298.48862
298.47523
298.47398
298.47289
298.46861
298.48174
298.47288
298.46853
298.46696
298.46171
298.46175
298.46472
298.46935
298.47931
298.4648
298.46935
298.47934
298.4729
298.48701
298.48971
298.47088
298.47293
298.48702
298.48972
298.47257
298.48999
298.48768
298.47386
298.47261
298.49
298.4877
298.48042
298.47129
298.46684
298.48043
298.47135
298.4657
298.46591
298.46291
298.46293
298.47616
298.47693
298.49057
298.46161
298.47618
298.47689
298.49057
298.46448
298.49144
298.47851
298.47828
298.46457
298.49143
298.47849
298.46492
298.4649
298.47773
298.47391
298.48935
298.46601
298.47769
298.47384
298.48933
298.46601
298.48924
298.47342
298.47824
298.46589
298.48924
298.4734
298.46978
298.47502
298.46977
298.47501
298.4953
298.48969
298.49912
298.48266
298.49529
298.48969
298.49912
298.48197
298.49873
298.48892
298.49499
298.48197
298.49873
298.48892
298.47361
298.46891
298.47361
298.47652
298.47676
298.47653
298.47677
298.50059
298.49186
298.50063
298.49179
298.50059
298.49187
298.50063
298.49097
298.50021
298.491
298.50018
298.49097
298.50021
298.49101
298.47501
298.47497
298.47502
298.47549
298.47033
298.47548
298.4703
298.49922
298.48298
298.49553
298.48989
298.49922
298.48298
298.49553
298.48901
298.49516
298.48219
298.4988
298.48901
298.49516
298.4822
298.46899
298.47366
298.46903
298.48984
298.46763
298.47912
298.47433
298.48984
298.46762
298.47911
298.47402
298.47883
298.46687
298.48959
298.47401
298.47881
298.46707
298.46554
298.46557
298.49172
298.46479
298.47844
298.47899
298.49174
298.46489
298.47846
298.47923
298.47927
298.46573
298.49198
298.47927
298.47925
298.46578
298.46566
298.46515
298.46529
298.48126
298.46748
298.47233
298.48128
298.46769
298.49069
298.47322
298.47491
298.4883
298.4907
298.47326
298.47494
298.48863
298.47526
298.47399
298.49084
298.48863
298.47529
298.474
298.47289
298.46862
298.48175
298.47291
298.46858
298.46691
298.46168
298.46181
298.46485
298.46934
298.47937
298.46487
298.46941
298.47937
298.47296
298.48703
298.48973
298.47094
298.473
298.48704
298.48974
298.47261
298.49001
298.48771
298.47395
298.4726
298.49002
298.48772
298.48046
298.47133
298.46687
298.48047
298.4713
298.46562
298.46562
298.46286
298.46281
298.47618
298.47691
298.49058
298.46143
298.47613
298.47697
298.49059
298.46454
298.49143
298.47847
298.47828
298.46445
298.49144
298.47847
298.4649
298.46486
298.47769
298.4738
298.48932
298.46581
298.47766
298.4738
298.48932
298.46585
298.48924
298.47338
298.47818
298.46591
298.48923
298.47335
298.46988
298.47505
298.46995
298.47506
298.49529
298.48969
298.49911
298.48267
298.49528
298.48969
298.49911
298.48199
298.49873
298.48892
298.49499
298.48197
298.49873
298.48893
298.47358
298.46862
298.4736
298.47655
298.47678
298.47657
298.47677
298.50059
298.49187
298.50063
298.49179
298.50059
298.49187
298.50063
298.49097
298.50021
298.49101
298.50018
298.49097
298.50021
298.49101
298.47502
298.47498
298.47503
298.47549
298.47031
298.47549
298.47025
298.49922
298.48298
298.49553
298.48989
298.49922
298.48299
298.49553
298.48902
298.49517
298.48222
298.4988
298.48901
298.49517
298.4822
298.46885
298.47364
298.46874
298.48984
298.46775
298.47911
298.47436
298.48984
298.46772
298.47912
298.474
298.47884
298.46697
298.48959
298.47397
298.47886
298.46685
298.46562
298.46564
298.49175
298.46489
298.47849
298.47906
298.49177
298.46494
298.47853
298.47927
298.47926
298.46582
298.49198
298.47924
298.47927
298.46592
298.46584
298.46526
298.46545
298.48129
298.46774
298.47236
298.48136
298.46784
298.49071
298.47329
298.47497
298.48833
298.49073
298.47332
298.475
298.48864
298.47531
298.47402
298.49085
298.48865
298.47533
298.47406
298.47293
298.46862
298.48178
298.47297
298.46858
298.46719
298.46184
298.46184
298.46469
298.4694
298.47941
298.46462
298.46941
298.47942
298.47303
298.48705
298.48974
298.47095
298.47306
298.48707
298.48975
298.4726
298.49003
298.48773
298.47403
298.47265
298.49005
298.48774
298.48048
298.47131
298.46656
298.48047
298.47132
298.46565
298.46539
298.46275
298.46274
298.47616
298.47697
298.4906
298.46132
298.47618
298.47698
298.49061
298.46434
298.49144
298.4785
298.47821
298.46432
298.49143
298.47848
298.46474
298.46473
298.47765
298.47378
298.48931
298.46587
298.47765
298.47383
298.48931
298.4658
298.48923
298.47333
298.47813
298.4659
298.48921
298.47334
298.47019
298.47508
298.47
298.47508
298.49528
298.48969
298.49911
298.48271
298.49528
298.4897
298.49911
298.48198
298.49873
298.48892
298.49498
298.48196
298.49873
298.48892
298.47358
298.4688
298.4736
298.47658
298.47677
298.47659
298.47677
298.50059
298.49186
298.50063
298.49179
298.50059
298.49186
298.50062
298.49097
298.50021
298.49101
298.50018
298.49098
298.50021
298.49101
298.47503
298.47501
298.47505
298.47547
298.47021
298.47546
298.47043
298.49922
298.48301
298.49554
298.48988
298.49922
298.48298
298.49553
298.48901
298.49517
298.48221
298.4988
298.48901
298.49516
298.48219
298.46881
298.47367
298.46876
298.48985
298.46765
298.47914
298.47442
298.48985
298.46772
298.47914
298.47395
298.47886
298.46688
298.48958
298.47393
298.47887
298.46691
298.46575
298.46579
298.49176
298.4651
298.47857
298.47903
298.49175
298.46518
298.47856
298.47926
298.47929
298.46594
298.492
298.4793
298.47931
298.46587
298.46572
298.46547
298.4655
298.48138
298.46777
298.47241
298.48141
298.46778
298.49074
298.47337
298.47504
298.48837
298.49075
298.47341
298.47507
298.48866
298.47535
298.47405
298.49087
298.48868
298.47537
298.47408
298.47295
298.46867
298.48182
298.47298
298.46848
298.4671
298.46179
298.46172
298.46477
298.46946
298.47945
298.46488
298.46951
298.47948
298.4731
298.48709
298.48977
298.47108
298.47313
298.48711
298.48978
298.47264
298.49006
298.48774
298.47409
298.47268
298.49006
298.48775
298.48049
298.47133
298.46685
298.48049
298.47134
298.46529
298.46529
298.46273
298.4629
298.47618
298.47708
298.49063
298.46152
298.47623
298.47699
298.49062
298.46436
298.49141
298.47842
298.47822
298.46425
298.49142
298.47845
298.46478
298.46474
298.47764
298.47387
298.48931
298.46606
298.47767
298.47384
298.48931
298.46569
298.4892
298.47329
298.47813
298.46578
298.48919
298.47325
298.47022
298.47513
298.46988
298.47512
298.49527
298.48969
298.49911
298.48266
298.49527
298.4897
298.49911
298.48194
298.49872
298.48891
298.49497
298.48195
298.49872
298.48892
298.47361
298.46874
298.47364
298.47661
298.47676
298.47661
298.47676
298.50059
298.49186
298.50062
298.4918
298.50059
298.49185
298.50062
298.49098
298.5002
298.49101
298.50017
298.49097
298.5002
298.491
298.47506
298.47503
298.47506
298.47544
298.47024
298.47543
298.47028
298.49921
298.483
298.49553
298.48987
298.49921
298.48298
298.49552
298.48901
298.49515
298.48217
298.49879
298.48901
298.49515
298.48219
298.46885
298.47364
298.46876
298.48985
298.46771
298.47912
298.47437
298.48986
298.46758
298.47915
298.47392
298.47888
298.46675
298.48958
298.4739
298.47886
298.46673
298.46577
298.46566
298.49176
298.46521
298.47858
298.47911
298.49178
298.46515
298.4786
298.47925
298.47929
298.46598
298.492
298.47929
298.47928
298.46586
298.46556
298.46553
298.46559
298.48145
298.46785
298.47259
298.48146
298.4682
298.49077
298.47345
298.4751
298.48841
298.49079
298.4735
298.47513
298.48867
298.4754
298.47414
298.49089
298.48868
298.47541
298.47416
298.47302
298.46883
298.48182
298.47307
298.46895
298.46705
298.46184
298.46207
298.46491
298.46958
298.47952
298.46506
298.46974
298.4796
298.47315
298.48711
298.48978
298.47115
298.47316
298.48713
298.48979
298.47266
298.49006
298.48775
298.4741
298.47268
298.49007
298.48775
298.48051
298.47138
298.46683
298.48053
298.47141
298.4655
298.46543
298.46299
298.46301
298.47629
298.47695
298.49062
298.46167
298.47632
298.47705
298.49063
298.46433
298.49141
298.47847
298.47818
298.4644
298.4914
298.47844
298.46472
298.46477
298.47769
298.47379
298.48931
298.46616
298.47769
298.47372
298.48929
298.46566
298.48918
298.47321
298.4781
298.46552
298.48917
298.47321
298.46982
298.4751
298.46978
298.47511
298.49528
298.4897
298.4991
298.48262
298.49527
298.48969
298.4991
298.48194
298.49871
298.48891
298.49496
298.48191
298.4987
298.4889
298.47362
298.46862
298.4736
298.47661
298.47675
298.47661
298.47674
298.50058
298.49185
298.50061
298.49179
298.50057
298.49184
298.50061
298.49097
298.50019
298.491
298.50016
298.49097
298.50018
298.491
298.47507
298.47504
298.47509
298.47542
298.47031
298.47541
298.47028
298.4992
298.48296
298.49551
298.48985
298.4992
298.48295
298.49551
298.489
298.49514
298.48218
298.49878
298.489
298.49513
298.48218
298.46883
298.47369
298.46882
298.48985
298.46754
298.47911
298.4744
298.48985
298.46756
298.47912
298.4739
298.47886
298.46686
298.48955
298.47391
298.47882
298.46698
298.46566
298.46571
298.49178
298.46516
298.47862
298.47912
298.49178
298.46521
298.47863
298.47933
298.47931
298.46578
298.49198
298.47922
298.47932
298.46585
298.4658
298.46554
298.46562
298.48149
298.46828
298.47266
298.48154
298.46818
298.4908
298.47356
298.47517
298.48845
298.4908
298.47359
298.47518
298.48868
298.47544
298.47415
298.4909
298.48868
298.47544
298.47414
298.47305
298.46893
298.4818
298.47306
298.46874
298.46698
298.4623
298.46239
298.46547
298.46982
298.47963
298.46531
298.46988
298.4797
298.47319
298.48715
298.48979
298.47121
298.47321
298.48717
298.4898
298.4727
298.49006
298.48775
298.47412
298.47267
298.49006
298.48774
298.48052
298.47142
298.46693
298.48052
298.47142
298.46537
298.46543
298.463
298.46296
298.47638
298.47705
298.49065
298.4618
298.47642
298.47708
298.49066
298.46438
298.4914
298.47846
298.47818
298.46447
298.49138
298.47842
298.46477
298.46486
298.47771
298.47373
298.4893
298.46596
298.47771
298.47373
298.48928
298.4654
298.48915
298.47315
298.47808
298.46539
298.48914
298.47312
298.46989
298.47514
298.46988
298.47514
298.49525
298.48969
298.49909
298.48259
298.49524
298.48968
298.49908
298.48189
298.4987
298.4889
298.49493
298.48187
298.49868
298.48889
298.47362
298.46853
298.47362
298.47661
298.47671
298.47661
298.4767
298.50056
298.49182
298.50059
298.49177
298.50055
298.49181
298.50058
298.49096
298.50018
298.49099
298.50014
298.49096
298.50017
298.49099
298.47509
298.47507
298.47509
298.47538
298.47016
298.47534
298.47005
298.49919
298.48294
298.49551
298.48982
298.49918
298.48292
298.4955
298.489
298.49513
298.48216
298.49876
298.48899
298.49513
298.48217
298.46877
298.47367
298.46871
298.48986
298.4675
298.47913
298.47435
298.48986
298.46747
298.47911
298.47394
298.47886
298.46695
298.48955
298.47391
298.47884
298.46693
298.46568
298.46567
298.49178
298.46524
298.47865
298.47919
298.4918
298.46525
298.47868
298.47921
298.47928
298.46587
298.49197
298.47923
298.47926
298.46581
298.46578
298.46586
298.46579
298.48153
298.46833
298.47272
298.48156
298.4683
298.4908
298.47362
298.47519
298.48845
298.4908
298.47361
298.4752
298.48867
298.47545
298.47413
298.49089
298.48868
298.47545
298.4741
298.47306
298.46872
298.4818
298.47301
298.46856
298.46685
298.46215
298.46231
298.46533
298.46996
298.47975
298.46558
298.47006
298.47981
298.47322
298.48719
298.4898
298.47133
298.47323
298.48721
298.4898
298.47271
298.49006
298.48774
298.47412
298.47268
298.49005
298.48773
298.48052
298.47143
298.46705
298.48051
298.47144
298.46551
298.46541
298.46298
298.463
298.47646
298.47711
298.49068
298.46189
298.47651
298.47715
298.49069
298.46444
298.49137
298.47841
298.47815
298.46434
298.49137
298.47843
298.46488
298.46485
298.4777
298.47372
298.48927
298.46592
298.47772
298.4737
298.48925
298.46553
298.48913
298.4731
298.47805
298.4655
298.48912
298.47312
298.4699
298.47513
298.46984
298.4751
298.49522
298.48966
298.49906
298.48259
298.49522
298.48965
298.49905
298.48186
298.49867
298.48887
298.4949
298.48182
298.49865
298.48886
298.47361
298.46849
298.47361
298.4766
298.47669
298.47659
298.47668
298.50054
298.4918
298.50057
298.49175
298.50053
298.49179
298.50056
298.49095
298.50015
298.49098
298.50011
298.49093
298.50014
298.49096
298.47509
298.47507
298.47509
298.47531
298.47004
298.4753
298.47031
298.49916
298.48293
298.49549
298.48979
298.49915
298.48288
298.49546
298.48899
298.49512
298.48217
298.49874
298.48898
298.49511
298.48218
298.46861
298.47368
298.46851
298.48983
298.46738
298.47908
298.47429
298.4898
298.46731
298.47909
298.47384
298.47884
298.46684
298.48953
298.47382
298.47882
298.4668
298.46572
298.46578
298.49179
298.46536
298.47869
298.47912
298.49178
298.46538
298.47871
298.47925
298.47926
298.46576
298.49195
298.47925
298.47924
298.46571
298.4656
298.46572
298.46561
298.48162
298.46814
298.47275
298.48158
298.46875
298.4908
298.4736
298.47521
298.48846
298.4908
298.47364
298.47523
298.48867
298.47546
298.4741
298.49089
298.48866
298.47546
298.47412
298.47298
298.46848
298.48176
298.47295
298.46857
298.46683
298.46247
298.4627
298.46585
298.47019
298.47987
298.46569
298.47031
298.47993
298.47324
298.48722
298.48979
298.47139
298.47323
298.48724
298.48978
298.47266
298.49004
298.48771
298.47408
298.47264
298.49002
298.48769
298.48048
298.4714
298.46684
298.48046
298.47136
298.46539
298.46521
298.46305
298.4632
298.47657
298.47723
298.49071
298.46215
298.47663
298.4772
298.4907
298.46428
298.49134
298.4784
298.47807
298.46425
298.49132
298.47835
298.46482
298.46481
298.47774
298.47364
298.48923
298.46588
298.47775
298.47366
298.48922
298.46556
298.48912
298.47311
298.47806
298.46561
298.4891
298.47308
298.46971
298.47509
298.4698
298.47506
298.49519
298.48963
298.49903
298.48251
298.49517
298.48961
298.49901
298.48182
298.49864
298.48884
298.49487
298.48178
298.49862
298.48882
298.47359
298.46841
298.47357
298.47658
298.47667
298.47656
298.47665
298.50051
298.49178
298.50054
298.49171
298.50049
298.49176
298.50052
298.49091
298.50012
298.49095
298.50007
298.49089
298.5001
298.49093
298.47509
298.47504
298.47509
298.47529
298.47022
298.47526
298.46993
298.49913
298.48286
298.49544
298.48976
298.49911
298.48287
298.49543
298.48896
298.49509
298.48214
298.4987
298.48895
298.49507
298.48213
298.46874
298.47372
298.46886
298.48979
298.46728
298.4791
298.47425
298.48976
298.46721
298.47906
298.47384
298.47879
298.46668
298.48951
298.47389
298.4788
298.46674
298.4657
298.46571
298.49178
298.46538
298.47868
298.47914
298.49177
298.46539
298.47867
298.4792
298.47924
298.4658
298.49191
298.4792
298.47923
298.4658
298.4656
298.46561
298.46565
298.48163
298.46844
298.47274
298.48162
298.46828
298.4908
298.47366
298.47523
298.48846
298.49079
298.47367
298.47524
298.48865
298.47546
298.47408
298.49087
298.48864
298.47546
298.47406
298.47295
298.46854
298.48175
298.47296
298.46844
298.46729
298.46255
298.46277
298.4658
298.47046
298.47999
298.46593
298.47064
298.48004
298.47321
298.48723
298.48977
298.47137
298.47318
298.48723
298.48974
298.47261
298.49
298.48767
298.47401
298.47258
298.48997
298.48764
298.48043
298.47128
298.46667
298.48037
298.47119
298.46516
298.46513
298.46328
298.46338
298.47668
298.47718
298.4907
298.46224
298.47673
298.47719
298.49071
298.46416
298.4913
298.47836
298.478
298.4641
298.49126
298.47829
298.4648
298.46473
298.47774
298.47367
298.48921
298.46616
298.47773
298.47366
298.48919
298.46565
298.48907
298.47305
298.47802
298.46567
298.48903
298.47303
298.46975
298.47505
298.46974
298.47502
298.49515
298.48959
298.49899
298.48246
298.49513
298.48955
298.49896
298.48178
298.49859
298.4888
298.49481
298.48174
298.49857
298.48878
298.47355
298.46838
298.47352
298.47654
298.47663
298.4765
298.4766
298.50047
298.49174
298.5005
298.49165
298.50044
298.4917
298.50047
298.49088
298.50008
298.49091
298.50003
298.49086
298.50005
298.49089
298.47508
298.47502
298.47506
298.47527
298.46985
298.47521
298.46989
298.49909
298.48286
298.49541
298.4897
298.49906
298.4828
298.49537
298.48893
298.49505
298.48213
298.49865
298.48891
298.49503
298.48213
298.46887
298.47369
298.46888
298.48974
298.46751
298.47902
298.47427
298.48972
298.4674
298.47902
298.47388
298.47876
298.46682
298.48946
298.47383
298.47873
298.4667
298.46577
298.46573
298.49176
298.46548
298.47867
298.47906
298.49173
298.46543
298.47863
298.47916
298.4792
298.4658
298.49185
298.47912
298.47917
298.46575
298.46554
298.46557
298.46554
298.4816
298.46845
298.47271
298.48156
298.46845
298.49078
298.47369
298.47524
298.48844
298.49077
298.4737
298.47524
298.48863
298.47546
298.47408
298.49085
298.48861
298.47546
298.47409
298.47294
298.46853
298.48172
298.47291
298.46852
298.4669
298.4629
298.46298
298.46593
298.47081
298.48009
298.46621
298.47095
298.48012
298.47315
298.48722
298.48972
298.47134
298.47313
298.4872
298.48969
298.47251
298.48994
298.4876
298.47391
298.47243
298.4899
298.48756
298.48029
298.47113
298.46629
298.48031
298.47107
298.46504
298.46503
298.46333
298.46318
298.47673
298.4772
298.4907
298.46235
298.47672
298.47721
298.49069
298.46402
298.49122
298.47825
298.47787
298.46394
298.49117
298.47822
298.46466
298.4646
298.47774
298.47362
298.48917
298.46601
298.47771
298.47353
298.48913
298.46582
298.48898
298.47297
298.47794
298.46589
298.48895
298.473
298.46978
298.47497
298.46942
298.47494
298.4951
298.48951
298.49892
298.48238
298.49505
298.48948
298.49888
298.48173
298.49853
298.48875
298.49474
298.48168
298.49849
298.48871
298.47348
298.46831
298.47348
298.47646
298.47656
298.47643
298.47651
298.5004
298.49167
298.50043
298.49158
298.50035
298.49162
298.50038
298.49083
298.50002
298.49087
298.49995
298.4908
298.49998
298.49083
298.47505
298.47498
298.47503
298.47516
298.47008
298.47514
298.47
298.49902
298.48279
298.49534
298.48963
298.49898
298.48275
298.4953
298.48888
298.49499
298.4821
298.49858
298.48884
298.49495
298.48206
298.46895
298.4736
298.46888
298.48969
298.46724
298.47901
298.47427
298.48966
298.46744
298.47895
298.47381
298.47868
298.46674
298.48938
298.47379
298.47866
298.46676
298.46571
298.46576
298.49169
298.46532
298.47858
298.47902
298.49166
298.46529
298.47856
298.47912
298.47912
298.46567
298.49177
298.47903
298.47907
298.46561
298.46544
298.46534
298.4652
298.48158
298.46836
298.47268
298.48157
298.46823
298.49074
298.47368
298.47523
298.4884
298.49071
298.47364
298.47521
298.48859
298.47545
298.47406
298.49079
298.48856
298.47543
298.47407
298.47291
298.46865
298.48165
298.47287
298.46847
298.46682
298.46308
298.46325
298.46617
298.47104
298.48016
298.46634
298.47111
298.48016
298.47308
298.4872
298.48965
298.47137
298.47303
298.48717
298.4896
298.47237
298.48986
298.48751
298.4738
298.47232
298.4898
298.48745
298.48023
298.47098
298.46633
298.48016
298.47091
298.46491
298.4649
298.46312
298.46317
298.47672
298.47723
298.49067
298.46226
298.47674
298.47715
298.49063
298.46383
298.49112
298.47815
298.47777
298.46371
298.49107
298.47806
298.46452
298.46448
298.47768
298.47345
298.48908
298.46585
298.47763
298.47341
298.48903
298.46536
298.48891
298.47301
298.47782
298.46543
298.48886
298.47294
298.46939
298.47491
298.46946
298.47488
298.495
298.48943
298.49883
298.48227
298.49495
298.48938
298.49877
298.48163
298.49845
298.48867
298.49464
298.48163
298.49839
298.48862
298.47344
298.46837
298.47338
298.47639
298.47645
298.47634
298.47638
298.5003
298.49157
298.50033
298.49147
298.50025
298.49151
298.50027
298.49075
298.49993
298.49079
298.49985
298.49071
298.49988
298.49074
298.47499
298.47491
298.47494
298.47509
298.46995
298.47499
298.46984
298.49893
298.48271
298.49525
298.48951
298.49887
298.48266
298.49521
298.48879
298.4949
298.482
298.49847
298.48874
298.49484
298.48194
298.46879
298.47351
298.46855
298.48962
298.46736
298.47889
298.47426
298.48959
298.46723
298.4789
298.47375
298.47862
298.46689
298.48928
298.47368
298.47857
298.4667
298.46574
298.46566
298.49163
298.46523
298.47854
298.47894
298.49158
298.46523
298.4785
298.47907
298.479
298.46543
298.49169
298.47897
298.479
298.46535
298.4653
298.46534
298.46548
298.48154
298.46828
298.47265
298.48149
298.46835
298.49068
298.47366
298.47518
298.48833
298.49063
298.47365
298.47515
298.48852
298.4754
298.47404
298.4907
298.48847
298.47537
298.474
298.47281
298.46841
298.48158
298.47278
298.46835
298.46658
298.4632
298.46314
298.46634
298.47113
298.48016
298.46642
298.47117
298.48015
298.47297
298.48712
298.48954
298.47126
298.47291
298.48706
298.48947
298.47225
298.48973
298.48739
298.47365
298.47219
298.48966
298.48731
298.48009
298.47087
298.4661
298.48002
298.47078
298.46495
298.46467
298.46309
298.46318
298.47673
298.4772
298.4906
298.46222
298.4767
298.47715
298.49054
298.46375
298.491
298.478
298.47762
298.46361
298.49092
298.47792
298.46451
298.46436
298.47761
298.4734
298.48898
298.4659
298.47757
298.47329
298.4889
298.46533
298.48879
298.47287
298.47769
298.4653
298.48871
298.47277
298.46951
298.47483
298.46939
298.47477
298.49489
298.48932
298.49871
298.48214
298.4948
298.48924
298.49863
298.48156
298.49833
298.48857
298.4945
298.48149
298.49826
298.4885
298.47335
298.46824
298.4733
298.47628
298.47631
298.47622
298.47623
298.50018
298.49144
298.5002
298.49134
298.5001
298.49136
298.50012
298.49065
298.49981
298.49068
298.49971
298.49058
298.49974
298.49061
298.47489
298.4748
298.47483
298.47488
298.46994
298.47484
298.46983
298.4988
298.48261
298.49515
298.48937
298.49872
298.48253
298.49507
298.48867
298.49477
298.48186
298.49833
298.48861
298.4947
298.48179
298.46847
298.47338
298.46839
298.48954
298.46705
298.47883
298.47416
298.48947
298.46701
298.47879
298.47362
298.4785
298.46661
298.48913
298.47354
298.4784
298.46653
298.46559
298.46551
298.49151
298.46518
298.47844
298.47887
298.49144
298.46512
298.47837
298.47893
298.47892
298.46527
298.49156
298.47888
298.47888
298.46534
298.46536
298.46543
298.46533
298.48145
298.46839
298.47263
298.48142
298.46845
298.49058
298.47356
298.47511
298.48821
298.49051
298.47349
298.47506
298.48841
298.47532
298.47395
298.49058
298.48834
298.47527
298.47388
298.4727
298.46852
298.48147
298.47265
298.46846
298.46667
298.4631
298.46315
298.46632
298.47117
298.4801
298.46632
298.47111
298.48003
298.47284
298.487
298.48939
298.47117
298.47275
298.48692
298.4893
298.47207
298.48958
298.48721
298.47348
298.47196
298.48948
298.48711
298.47992
298.47064
298.46589
298.47984
298.47053
298.46458
298.46427
298.46318
298.46315
298.47667
298.47708
298.49046
298.4621
298.47661
298.47703
298.49038
298.46352
298.49083
298.47784
298.47743
298.46357
298.49073
298.47775
298.46427
298.46413
298.47751
298.47319
298.48881
298.46591
298.47745
298.47316
298.48873
298.46513
298.48864
298.47267
298.47749
298.46496
298.48855
298.47262
298.4693
298.47469
298.46919
298.4746
298.49472
298.48916
298.49854
298.48198
298.49462
298.48906
298.49843
298.48137
298.49816
298.48841
298.49431
298.48128
298.49806
298.48831
298.47319
298.46789
298.47309
298.47615
298.47614
298.47605
298.47602
298.5
298.49127
298.50003
298.49114
298.49989
298.49116
298.49992
298.4905
298.49965
298.49053
298.49952
298.4904
298.49954
298.49044
298.47477
298.47463
298.47468
298.47476
298.4696
298.47461
298.4697
298.49863
298.48246
298.49498
298.48916
298.49852
298.48235
298.49488
298.48852
298.4946
298.48169
298.49814
298.48843
298.49449
298.4816
298.46836
298.47322
298.4682
298.48938
298.46702
298.47871
298.47407
298.4893
298.46713
298.47865
298.47342
298.47839
298.46644
298.48892
298.47329
298.47829
298.4663
298.46545
298.46538
298.49137
298.46508
298.47832
298.4787
298.49127
298.46501
298.47822
298.47877
298.4788
298.46544
298.49137
298.4787
298.47874
298.46535
298.46524
298.46519
298.46524
298.48133
298.46824
298.47242
298.48124
298.4681
298.49043
298.47345
298.47499
298.48805
298.49034
298.47338
298.47491
298.48826
298.47519
298.47382
298.4904
298.48817
298.4751
298.47376
298.47261
298.4683
298.4813
298.47252
298.46827
298.46662
298.46322
298.46305
298.46613
298.47104
298.47995
298.46596
298.47092
298.47984
298.47266
298.48681
298.48919
298.47091
298.47254
298.48669
298.48907
298.47186
298.48936
298.487
298.47321
298.47172
298.48923
298.48686
298.47971
298.47045
298.46569
298.47958
298.47032
298.46433
298.46412
298.46307
298.46298
298.47655
298.47692
298.49027
298.46197
298.47645
298.47683
298.49015
298.4634
298.49061
298.47764
298.4772
298.46323
298.49048
298.4775
298.46398
298.46383
298.47736
298.47306
298.48863
298.46574
298.47726
298.47287
298.48849
298.46487
298.48842
298.4725
298.47725
298.46471
298.48829
298.47232
298.46917
298.47451
298.46905
298.47441
298.49451
298.48895
298.49831
298.48175
298.49437
298.48882
298.49816
298.48117
298.49794
298.4882
298.49405
298.48102
298.4978
298.48807
298.47297
298.46776
298.47287
298.47594
298.47589
298.47582
298.47576
298.49977
298.49103
298.49979
298.49088
298.49962
298.49089
298.49964
298.49029
298.49942
298.49032
298.49925
298.49015
298.49927
298.49018
298.47458
298.4744
298.47445
298.47447
298.46942
298.47433
298.46924
298.49839
298.48225
298.49476
298.4889
298.49824
298.48211
298.49462
298.48831
298.49437
298.48147
298.49787
298.48818
298.49425
298.48136
298.46801
298.47299
298.46805
298.48921
298.46717
298.47854
298.47386
298.48907
298.46696
298.47843
298.47318
298.47817
298.46617
298.4887
298.47313
298.47807
298.46599
298.46532
298.46516
298.49115
298.46487
298.47812
298.47844
298.49101
298.46475
298.47798
298.47862
298.47863
298.46525
298.49112
298.47847
298.47851
298.46513
298.46495
298.46514
298.46501
298.48115
298.46788
298.47221
298.48103
298.46794
298.49024
298.47326
298.47482
298.48782
298.49011
298.47317
298.4747
298.48805
298.47501
298.47363
298.49017
298.48792
298.4749
298.47351
298.47245
298.46823
298.48107
298.47231
298.46799
298.46624
298.46309
298.4629
298.46586
298.47079
298.4797
298.46571
298.47068
298.47955
298.4724
298.48655
298.48892
298.47067
298.47223
298.4864
298.48875
298.47159
298.48907
298.48671
298.47288
298.4714
298.4889
298.48653
298.47943
298.47012
298.46545
298.47925
298.46989
298.46439
298.4643
298.46299
298.46283
298.47635
298.4767
298.49002
298.46186
298.4762
298.47655
298.48985
298.4631
298.49033
298.47738
298.4769
298.46292
298.49015
298.4772
298.46366
298.46369
298.47714
298.47265
298.48833
298.46541
298.47698
298.47247
298.48815
298.46481
298.48816
298.47223
298.47697
298.46462
298.48801
298.4721
298.46886
298.4743
298.46867
298.47413
298.49421
298.48867
298.498
298.48143
298.49402
298.48849
298.49781
298.48086
298.49764
298.48791
298.49374
298.48073
298.49745
298.48773
298.47272
298.46725
298.47252
298.47567
298.4756
298.4755
298.47543
298.49946
298.49073
298.49947
298.49054
298.49926
298.49055
298.49928
298.48999
298.49911
298.49003
298.49889
298.48982
298.49892
298.48985
298.47431
298.47409
298.47416
298.47419
298.46902
298.47401
298.46916
298.49808
298.48198
298.49445
298.48856
298.49789
298.4818
298.49427
298.48803
298.49409
298.48122
298.49752
298.48785
298.4939
298.48105
298.46787
298.47269
298.46772
298.4889
298.46672
298.47828
298.4735
298.48872
298.46651
298.47811
298.47298
298.47789
298.46608
298.48836
298.47281
298.47773
298.46582
298.465
298.46484
298.49087
298.46464
298.47785
298.47819
298.49069
298.46449
298.47769
298.47835
298.47837
298.46496
298.4908
298.47819
298.47822
298.46483
298.46459
298.46489
298.4647
298.48093
298.4677
298.47193
298.48076
298.468
298.48996
298.47305
298.47457
298.48751
298.48979
298.47289
298.47442
298.48778
298.47476
298.4734
298.48984
298.48761
298.4746
298.47323
298.47214
298.46778
298.48074
298.47197
298.46749
298.46609
298.46273
298.46246
298.46553
298.47052
298.47937
298.4653
298.47031
298.47917
298.47204
298.4862
298.48855
298.47027
298.47183
298.48598
298.48833
298.47119
298.48869
298.48633
298.47246
298.47096
298.48847
298.48609
298.47904
298.46967
298.46499
298.47881
298.46944
298.46407
298.46352
298.4626
298.46239
298.47603
298.4764
298.48966
298.46147
298.4758
298.47617
298.48943
298.46271
298.48995
298.47702
298.47647
298.46249
298.48972
298.4768
298.46346
298.46321
298.47679
298.47232
298.48796
298.46502
298.4766
298.47214
298.48773
298.46443
298.48782
298.4719
298.47661
298.46425
298.48761
298.47178
298.4686
298.47394
298.46837
298.47372
298.49381
298.48828
298.49759
298.481
298.49357
298.48804
298.49734
298.48056
298.49724
298.48754
298.4933
298.48035
298.497
298.48732
298.47236
298.46676
298.47216
298.47531
298.47523
298.47508
298.475
298.49904
298.49034
298.49906
298.49009
298.49879
298.4901
298.49881
298.48962
298.4987
298.48965
298.49843
298.48939
298.49845
298.48943
298.47399
298.47371
298.47378
298.4738
298.46891
298.47357
298.46862
298.49767
298.48161
298.49406
298.48811
298.49742
298.48139
298.49382
298.48765
298.49369
298.48088
298.49706
298.48742
298.49346
298.48066
298.46776
298.47232
298.46747
298.48853
298.4663
298.47792
298.47317
298.48831
298.46608
298.47772
298.47261
298.47755
298.46562
298.48794
298.47241
298.47734
298.46544
298.46471
298.46456
298.49047
298.46425
298.47749
298.47776
298.49024
298.46401
298.47726
298.478
298.47803
298.46473
298.49036
298.47777
298.47781
298.46452
298.46423
298.46456
298.46433
298.4806
298.46779
298.47161
298.4804
298.46749
298.48959
298.47274
298.47423
298.4871
298.48936
298.47252
298.47402
298.4874
298.47442
298.47302
298.48942
298.48718
298.47421
298.47281
298.4718
298.46733
298.48032
298.47159
298.46717
298.46568
298.46213
298.46186
298.46527
298.47005
298.47894
298.46496
298.46979
298.47864
298.47159
298.48574
298.48807
298.4698
298.47132
298.48545
298.48778
298.47072
298.48821
298.48583
298.47192
298.47039
298.48791
298.48552
298.47852
298.46917
298.46435
298.47821
298.46887
298.46328
298.46304
298.46213
298.46184
298.47556
298.47594
298.48916
298.46091
298.47527
298.47565
298.48886
298.46222
298.48945
298.47653
298.47591
298.46189
298.48914
298.47625
298.46301
298.46272
298.47635
298.47194
298.48746
298.46459
298.47605
298.47166
298.48714
298.46405
298.48736
298.47161
298.47614
298.46384
298.48707
298.47137
298.46815
298.47347
298.46789
298.47318
298.49329
298.48777
298.49706
298.48045
298.49298
298.48746
298.49674
298.48014
298.49672
298.48707
298.49274
298.4799
298.49641
298.48679
298.47194
298.46678
298.4717
298.47484
298.47476
298.47457
298.47449
298.49851
298.48983
298.49853
298.48952
298.49819
298.48953
298.49821
298.48914
298.49817
298.48917
298.49784
298.48885
298.49786
298.48888
298.47355
298.47324
298.47328
298.47333
298.46837
298.47306
298.46816
298.49714
298.48114
298.49355
298.48753
298.49681
298.48083
298.49322
298.48717
298.49319
298.48041
298.49647
298.48688
298.49289
298.48014
298.46721
298.47185
298.46696
298.48803
298.46584
298.47745
298.47262
298.48771
298.46555
298.47718
298.4722
298.47712
298.46525
298.4874
298.47192
298.47683
298.46503
298.46437
298.46414
298.48997
298.4638
298.47701
298.47724
298.48965
298.46357
298.47671
298.47755
298.47755
298.46428
298.48981
298.47726
298.4773
298.46409
298.46373
298.46405
298.46374
298.48015
298.46725
298.47108
298.47986
298.467
298.48911
298.47226
298.4738
298.48655
298.48882
298.47202
298.47353
298.48691
298.47399
298.47257
298.48887
298.48662
298.47372
298.47232
298.47133
298.46694
298.47979
298.47106
298.46672
298.46513
298.46156
298.46126
298.46466
298.46951
298.47835
298.46436
298.46916
298.47799
298.47103
298.48512
298.48745
298.46919
298.47071
298.48475
298.48708
298.47008
298.48757
298.48519
298.47125
298.46973
298.4872
298.48481
298.47787
298.46853
298.46357
298.47746
298.46816
298.46277
298.46243
298.46152
298.46121
298.47497
298.47535
298.48853
298.46047
298.47461
298.475
298.48813
298.46162
298.48881
298.47595
298.47526
298.46129
298.48843
298.47567
298.46237
298.46204
298.47573
298.4713
298.48678
298.4639
298.47536
298.47096
298.48639
298.46358
298.48673
298.47109
298.47552
298.46336
298.48636
298.47078
298.46758
298.47286
298.4672
298.47251
298.49262
298.48711
298.49638
298.47973
298.49222
298.48672
298.49597
298.47959
298.49606
298.48646
298.49202
298.47927
298.49566
298.4861
298.47142
298.46612
298.4711
298.47425
298.47419
298.47389
298.47383
298.49783
298.48918
298.49784
298.48878
298.49741
298.48879
298.49743
298.48853
298.4975
298.48855
298.49708
298.48816
298.4971
298.48818
298.47299
298.47263
298.47267
298.47278
298.46792
298.47241
298.46757
298.49645
298.48049
298.49286
298.48679
298.49604
298.48012
298.49247
298.48655
298.49255
298.47981
298.49571
298.48617
298.49217
298.47947
298.46664
298.47121
298.46613
298.48735
298.46522
298.47686
298.47202
298.48697
298.46525
298.47651
298.47159
298.47653
298.46456
298.4867
298.47124
298.47621
298.46423
298.46387
298.46359
298.48929
298.46327
298.47638
298.47655
298.48889
298.46294
298.476
298.47697
298.47698
298.46381
298.48908
298.47663
298.47663
298.46342
298.46318
298.46334
298.46336
298.47953
298.46667
298.47043
298.47918
298.46629
298.48849
298.47174
298.47323
298.48584
298.48811
298.47138
298.47288
298.48629
298.47341
298.47201
298.48816
298.48591
298.47306
298.47167
298.47078
298.4664
298.4791
298.47045
298.46601
298.46455
298.46096
298.46056
298.46401
298.46881
298.47757
298.46364
298.46839
298.4771
298.47034
298.48431
298.48667
298.46842
298.46993
298.48382
298.48619
298.46935
298.48679
298.48438
298.47048
298.46892
298.48631
298.48389
298.47702
298.4678
298.46281
298.47654
298.46735
298.46209
298.46174
298.46087
298.46046
298.47417
298.47459
298.48767
298.45967
298.47367
298.47413
298.48714
298.46094
298.48798
298.47527
298.47437
298.46055
298.48748
298.47485
298.46176
298.46152
298.47496
298.47056
298.48594
298.46315
298.47447
298.47013
298.48543
298.46312
298.48595
298.47048
298.47481
298.46288
298.48547
298.47014
298.46675
298.47209
298.46628
298.4716
298.49177
298.48626
298.4955
298.47879
298.49126
298.48573
298.49496
298.47887
298.4952
298.48568
298.49109
298.47845
298.49468
298.4852
298.47074
298.46543
298.47034
298.47348
298.47342
298.47302
298.47297
298.49694
298.48833
298.49695
298.48781
298.4964
298.48782
298.49641
298.48774
298.49664
298.48776
298.4961
298.48726
298.49611
298.48728
298.47231
298.47187
298.47191
298.47199
298.46712
298.47156
298.46666
298.49556
298.47967
298.49201
298.4858
298.49502
298.4792
298.4915
298.48575
298.49172
298.47905
298.49473
298.48526
298.49123
298.47861
298.46581
298.47049
298.46544
298.48654
298.46486
298.4761
298.47117
298.48601
298.46445
298.47559
298.47083
298.47585
298.46385
298.48579
298.47043
298.47544
298.46349
298.46324
298.46277
298.48844
298.46257
298.47558
298.47563
298.48792
298.46219
298.47509
298.47625
298.47623
298.4631
298.48815
298.47582
298.47579
298.46279
298.4626
298.46283
298.46228
298.47872
298.46594
298.46956
298.47824
298.46556
298.48769
298.47098
298.47248
298.4849
298.4872
298.47054
298.47204
298.48548
298.47267
298.47129
298.48725
298.48499
298.47223
298.47086
298.47007
298.46572
298.47823
298.46973
298.46532
298.46388
298.46006
298.45949
298.46324
298.46791
298.47653
298.46269
298.46726
298.47584
298.46947
298.48324
298.48562
298.46741
298.4689
298.48251
298.48492
298.46844
298.48575
298.48332
298.46944
298.4679
298.48505
298.48263
298.47596
298.46683
298.46182
298.4753
298.46625
298.46132
298.46085
298.46009
298.45962
298.47313
298.47354
298.48654
298.45862
298.47239
298.47292
298.48583
298.46022
298.48691
298.47435
298.47321
298.45985
298.48625
298.47383
298.46124
298.46093
298.47395
298.46962
298.48482
298.4622
298.47331
298.46895
298.48407
298.46268
298.48492
298.46975
298.47384
298.46232
298.48424
298.46931
298.46578
298.47108
298.46517
298.47054
298.49066
298.48512
298.49434
298.4775
298.48996
298.48439
298.49361
298.47794
298.49408
298.48463
298.48987
298.47732
298.49337
298.48394
298.4699
298.46449
298.46942
298.47251
298.47247
298.4719
298.47188
298.49578
298.48722
298.4958
298.4865
298.49506
298.48651
298.49507
298.4867
298.49551
298.48672
298.49478
298.48602
298.4948
298.48604
298.47148
298.47091
298.47099
298.47106
298.46616
298.47049
298.46562
298.4944
298.4786
298.4909
298.48443
298.49367
298.47789
298.49018
298.48468
298.49065
298.47809
298.49341
298.48396
298.48997
298.47746
298.46505
298.46955
298.46472
298.4854
298.46392
298.47502
298.46995
298.48464
298.46328
298.47433
298.47001
298.47498
298.46315
298.48456
298.46952
298.47444
298.46277
298.46227
298.46166
298.48732
298.4617
298.47451
298.47439
298.48661
298.46114
298.47382
298.47538
298.47529
298.46242
298.48691
298.47479
298.47467
298.46202
298.46207
298.46172
298.46104
298.47768
298.46503
298.46847
298.477
298.46444
298.48663
298.47001
298.47152
298.48358
298.48593
298.4694
298.4709
298.48441
298.47172
298.47033
298.48601
298.48372
298.47111
298.46977
298.46927
298.46487
298.47705
298.4687
298.46438
298.46307
298.4587
298.45747
298.46195
298.46633
298.47497
298.46068
298.46503
298.47372
298.46813
298.48153
298.484
298.46542
298.46691
298.47998
298.48264
298.46714
298.48414
298.4817
298.46756
298.46603
298.48285
298.48031
298.47442
298.46543
298.45973
298.47324
298.46416
298.46017
298.45907
298.45883
298.45756
298.47151
298.47211
298.48496
298.45659
298.47025
298.4709
298.48373
298.48837
298.49156
298.49575
298.48068
298.48727
298.4906
298.49486
298.4941
298.4979
298.49811
298.49105
298.49299
298.49706
298.49745
298.49215
298.4981
298.49789
298.49305
298.49113
298.49744
298.49705
298.48217
298.49574
298.4917
298.48727
298.48083
298.49489
298.4908
298.45924
298.48544
298.4731
298.47129
298.45823
298.48431
298.4721
298.4605
298.45964
298.47247
298.46812
298.48311
298.46037
298.47131
298.46687
298.48172
298.4934
298.49273
298.49567
298.48376
298.49224
298.49155
298.4952
298.5001
298.50041
298.50145
298.49644
298.49921
298.49951
298.50078
298.50162
298.50285
298.50317
298.50039
298.5008
298.502
298.50233
298.50114
298.50313
298.50277
298.50077
298.50032
298.50229
298.50191
298.4973
298.50133
298.50024
298.49913
298.49648
298.50063
298.49933
298.48534
298.49556
298.49281
298.49247
298.48432
298.49509
298.49166
298.46197
298.48334
298.4687
298.4721
298.46123
298.48202
298.46776
298.46437
298.46976
298.46313
298.4686
298.48913
298.48342
298.49275
298.47542
298.48805
298.48196
298.49171
298.50006
298.49856
298.50069
298.49527
298.49914
298.49763
298.50003
298.50306
298.5028
298.5037
298.50119
298.50222
298.50197
298.50284
298.50376
298.50395
298.50405
298.50271
298.50291
298.5031
298.50319
298.50346
298.50403
298.50386
298.50288
298.50262
298.50317
298.503
298.50177
298.50352
298.50254
298.50205
298.50092
298.50265
298.50167
298.49605
298.50045
298.49831
298.49887
298.49515
298.49973
298.49736
298.47653
298.49252
298.48301
298.488
298.47544
298.4915
298.48159
298.46879
298.46323
298.46778
298.47112
298.47112
298.46998
298.47001
298.49421
298.4856
298.49422
298.48426
298.49322
298.4843
298.49323
298.50189
298.49936
298.50189
298.49849
298.50106
298.49849
298.50106
298.50387
298.50318
298.50387
298.50235
298.50301
298.50235
298.50301
298.50412
298.50405
298.50413
298.50319
298.50326
298.5032
298.50327
298.50396
298.5041
298.50396
298.50324
298.5031
298.50324
298.50311
298.50291
298.5037
298.50292
298.50283
298.50204
298.50283
298.50205
298.49907
298.50161
298.49909
298.50073
298.49819
298.50073
298.4982
298.48512
298.49396
298.48515
298.49296
298.48383
298.49298
298.48387
298.47035
298.46925
298.46935
298.46978
298.46492
298.46866
298.46371
298.4928
298.47701
298.48932
298.48199
298.49177
298.47584
298.48824
298.50071
298.49625
298.50008
298.49764
298.50005
298.49535
298.49915
298.50371
298.50203
298.50309
298.50199
298.50285
298.50121
298.50225
298.50406
298.50357
298.50378
298.50311
298.5032
298.50274
298.50294
298.50387
298.50375
298.50348
298.50317
298.50301
298.5029
298.50264
298.50256
298.50293
298.50181
298.50266
298.50169
298.50208
298.50096
298.49833
298.49987
298.49612
298.49975
298.49739
298.49891
298.49521
298.48301
298.48916
298.47668
298.49154
298.48159
298.4881
298.47556
298.46424
298.46799
298.46341
298.48368
298.46243
298.47344
298.46773
298.48231
298.46121
298.47219
298.49576
298.4855
298.49374
298.49177
298.49528
298.48433
298.49256
298.50153
298.4975
298.50022
298.49956
298.50085
298.49663
298.49933
298.50322
298.50131
298.50172
298.50204
298.50238
298.50049
298.5009
298.50281
298.5017
298.50126
298.50234
298.50196
298.50087
298.50044
298.50032
298.50017
298.49753
298.50073
298.49942
298.49929
298.49671
298.49297
298.49387
298.48575
298.49519
298.4918
298.49274
298.48467
298.46891
298.47371
298.46234
298.4824
298.46794
298.47264
298.46155
298.46086
298.45956
298.48573
298.46034
298.47294
298.47232
298.48448
298.45906
298.47173
298.49605
298.48305
298.48896
298.49104
298.49515
298.48168
298.48784
298.49838
298.49261
298.49457
298.49732
298.49772
298.49157
298.49348
298.49818
298.49458
298.49271
298.49771
298.49734
298.49351
298.49171
298.4922
298.48907
298.48325
298.49524
298.49129
298.48803
298.48194
298.47407
298.47388
298.46153
298.48494
298.47302
298.47277
298.46053
298.46081
298.46005
298.46017
298.47612
298.46376
298.46636
298.47488
298.4626
298.48503
298.46865
298.47011
298.48116
298.48373
298.46753
298.46895
298.48281
298.47034
298.46909
298.48386
298.48144
298.46921
298.46798
298.46799
298.46379
298.47508
298.46693
298.46277
298.46157
298.48618
298.4896
298.49392
298.49195
298.49617
298.49663
298.49013
298.49662
298.49615
298.48068
298.494
298.48987
298.49117
298.49048
298.49446
298.49829
298.4986
298.49995
298.4999
298.50108
298.5014
298.49943
298.50136
298.50098
298.49558
298.49978
298.49839
298.48332
298.49434
298.49061
298.48698
298.48156
298.49068
298.49821
298.49667
298.49921
298.50131
298.50107
298.5019
298.50198
298.50216
298.50224
298.50169
298.50221
298.50206
298.49997
298.50169
298.50071
298.49419
298.49884
298.49639
298.47431
298.49048
298.48113
298.4922
298.48313
298.49222
298.50016
298.49757
298.50016
298.50207
298.50144
298.50207
298.50231
298.50225
298.50232
298.50216
298.50229
298.50216
298.50107
298.50187
298.50108
298.49724
298.49977
298.49725
298.48262
298.49197
298.4827
298.49075
298.47472
298.48717
298.49923
298.4944
298.49821
298.50191
298.50031
298.50134
298.50225
298.50181
298.502
298.50206
298.50196
298.5017
298.50073
298.50115
298.50002
298.49641
298.49792
298.49425
298.48162
298.48703
298.4745
298.49453
298.48308
298.49144
298.50001
298.4957
298.4984
298.50145
298.4996
298.5
298.50102
298.49997
298.49954
298.49849
298.49838
298.49582
298.49071
298.49168
298.48353
298.49419
298.48072
298.48672
298.4969
298.49054
298.49246
298.49645
298.4925
298.49074
298.49038
298.48702
298.48194
298.4936
298.4975
298.50166
298.48716
298.49363
298.49734
298.50165
298.48799
298.50179
298.49767
298.49409
298.48801
298.50179
298.49764
298.50235
298.49019
298.49529
298.49814
298.50223
298.48907
298.49483
298.49798
298.49478
298.48873
298.50214
298.49799
298.49474
298.48875
298.49369
298.49722
298.50163
298.48731
298.49374
298.49718
298.50164
298.48803
298.5018
298.49763
298.49407
298.48803
298.5018
298.49763
298.50209
298.48836
298.49449
298.4978
298.50203
298.48818
298.49439
298.49801
298.49474
298.48879
298.50213
298.49803
298.49476
298.48883
298.49378
298.49718
298.50164
298.48734
298.49379
298.49719
298.50165
298.48805
298.5018
298.49763
298.4941
298.48809
298.50181
298.49764
298.502
298.48829
298.49446
298.49785
298.50202
298.48838
298.49451
298.49805
298.49479
298.48887
298.50214
298.49806
298.4948
298.4889
298.4938
298.49721
298.50165
298.48732
298.4938
298.49721
298.50165
298.48813
298.50181
298.49766
298.49414
298.48815
298.50181
298.49766
298.50203
298.48847
298.49457
298.49788
298.50204
298.48853
298.4946
298.49808
298.49483
298.48893
298.50215
298.49808
298.49484
298.48895
298.4938
298.49723
298.50166
298.48735
298.4938
298.49724
298.50167
298.48817
298.50182
298.49767
298.49416
298.48819
298.50182
298.49768
298.50205
298.48857
298.49462
298.4979
298.50206
298.48861
298.49465
298.49809
298.49485
298.48898
298.50216
298.4981
298.49487
298.48901
298.49379
298.49725
298.50167
298.48734
298.4938
298.49725
298.50167
298.4882
298.50183
298.49768
298.49417
298.48821
298.50183
298.49768
298.50207
298.48864
298.49466
298.49792
298.50207
298.48867
298.49468
298.49811
298.49488
298.48903
298.50217
298.49811
298.49489
298.48905
298.49379
298.49725
298.50167
298.48732
298.49378
298.49725
298.50167
298.48821
298.50183
298.49769
298.49418
298.48822
298.50184
298.49769
298.50208
298.4887
298.49469
298.49794
298.50209
298.48872
298.49469
298.49812
298.49488
298.48905
298.50218
298.49812
298.49488
298.48906
298.49379
298.49725
298.50167
298.48732
298.4938
298.49726
298.50167
298.48825
298.50184
298.4977
298.49422
298.48824
298.50184
298.4977
298.5021
298.48874
298.4947
298.49797
298.5021
298.48877
298.49473
298.49812
298.49492
298.48908
298.50218
298.49813
298.4949
298.4891
298.4938
298.49727
298.50167
298.48734
298.49382
298.49727
298.50168
298.48826
298.50184
298.4977
298.49423
298.48827
298.50185
298.4977
298.50211
298.48879
298.49475
298.49799
298.50212
298.4888
298.49476
298.49813
298.49491
298.48911
298.50219
298.49814
298.49492
298.48912
298.49382
298.49727
298.50168
298.48735
298.49383
298.49727
298.50168
298.48828
298.50185
298.4977
298.49426
298.48829
298.50185
298.49771
298.50212
298.48882
298.49476
298.49801
298.50212
298.48881
298.49477
298.49815
298.49494
298.48913
298.5022
298.49815
298.49495
298.48915
298.49382
298.49728
298.50168
298.48739
298.49384
298.49729
298.50169
298.48831
298.50186
298.49771
298.49428
298.48831
298.50186
298.49771
298.50213
298.48882
298.49477
298.49802
298.50213
298.48883
298.49478
298.49816
298.49495
298.48916
298.5022
298.49816
298.49496
298.48916
298.49383
298.49729
298.50169
298.4874
298.49384
298.49729
298.50169
298.48834
298.50186
298.49772
298.4943
298.48834
298.50186
298.49772
298.50213
298.48885
298.49479
298.49803
298.50214
298.48887
298.49479
298.49816
298.49496
298.48916
298.50221
298.49816
298.49497
298.48916
298.49385
298.4973
298.50169
298.48742
298.49386
298.4973
298.50169
298.48835
298.50186
298.49772
298.49431
298.48835
298.50186
298.49772
298.50214
298.48888
298.4948
298.49804
298.50214
298.48889
298.49482
298.49816
298.49498
298.48917
298.50221
298.49816
298.49499
298.48918
298.49389
298.49731
298.5017
298.48745
298.49389
298.49731
298.5017
298.48834
298.50187
298.49773
298.4943
298.48834
298.50186
298.49772
298.50215
298.4889
298.49483
298.49804
298.50215
298.48892
298.49485
298.49816
298.49499
298.48919
298.50221
298.49817
298.49499
298.4892
298.4939
298.49732
298.5017
298.48748
298.4939
298.49732
298.5017
298.48834
298.50186
298.49771
298.4943
298.48834
298.50186
298.49771
298.50215
298.48893
298.49485
298.49805
298.50215
298.48894
298.49484
298.49817
298.49498
298.4892
298.50221
298.49817
298.49499
298.48921
298.49392
298.49733
298.5017
298.48755
298.49395
298.49734
298.50171
298.48834
298.50185
298.49771
298.49432
298.48835
298.50185
298.49771
298.50215
298.48895
298.49485
298.49805
298.50215
298.48897
298.49487
298.49818
298.49498
298.48921
298.5022
298.49817
298.49499
298.48922
298.49396
298.49735
298.5017
298.4876
298.49397
298.49735
298.50171
298.48835
298.50184
298.4977
298.4943
298.48834
298.50183
298.49769
298.50214
298.48898
298.49487
298.49805
298.50214
298.48899
298.49488
298.49816
298.49499
298.48922
298.50219
298.49815
298.495
298.48921
298.49399
298.49736
298.5017
298.48767
298.494
298.49736
298.5017
298.48833
298.50182
298.49768
298.49429
298.48833
298.50181
298.49767
298.50213
298.489
298.49489
298.49805
298.50212
298.489
298.49487
298.49814
298.49497
298.48919
298.50216
298.49813
298.49496
298.48918
298.49402
298.49737
298.50169
298.48775
298.49403
298.49736
298.50168
298.4883
298.50179
298.49765
298.49424
298.48827
298.50177
298.49763
298.50211
298.489
298.49487
298.49802
298.5021
298.489
298.49487
298.49811
298.49495
298.48916
298.50213
298.49809
298.49495
298.48915
298.49404
298.49736
298.50167
298.48781
298.49405
298.49735
298.50165
298.48824
298.50174
298.4976
298.49419
298.4882
298.50171
298.49757
298.50208
298.48898
298.49485
298.49798
298.50205
298.48896
298.49482
298.49807
298.49491
298.48912
298.50208
298.49803
298.49488
298.48909
298.49404
298.49734
298.50162
298.48784
298.49402
298.49732
298.50159
298.48817
298.50168
298.49754
298.49411
298.48813
298.50164
298.4975
298.50202
298.48894
298.4948
298.49792
298.50198
298.48892
298.49478
298.498
298.49484
298.48905
298.502
298.49796
298.49481
298.48902
298.494
298.49729
298.50155
298.48783
298.49398
298.49725
298.5015
298.48807
298.50159
298.49744
298.49401
298.488
298.50153
298.49738
298.50194
298.48888
298.49474
298.49782
298.50188
298.48883
298.49468
298.49791
298.49477
298.48898
298.50189
298.49785
298.49471
298.48893
298.49394
298.4972
298.50144
298.48778
298.49389
298.49713
298.50138
298.48794
298.50146
298.49732
298.49387
298.48786
298.50138
298.49724
298.50181
298.48878
298.49463
298.49768
298.50174
298.48871
298.49456
298.49778
298.49464
298.48885
298.50174
298.49771
298.49457
298.48879
298.49383
298.49706
298.50129
298.48765
298.49373
298.49696
298.50119
298.48776
298.50129
298.49714
298.49366
298.48766
298.50118
298.49704
298.50164
298.48862
298.49447
298.49749
298.50154
298.48852
298.49437
298.49762
298.4945
298.48872
298.50155
298.49752
298.49441
298.48863
298.49362
298.49685
298.50107
298.48743
298.49349
298.49671
298.50093
298.48755
298.50105
298.49692
298.49341
298.48741
298.50091
298.49678
298.50141
298.48841
298.49426
298.49723
298.50128
298.48828
298.49413
298.49741
298.49429
298.48853
298.50128
298.49727
298.49414
298.48839
298.49334
298.49656
298.50077
298.48713
298.49317
298.49639
298.50059
298.48724
298.50074
298.49661
298.49306
298.48706
298.50055
298.49642
298.50111
298.48814
298.49398
298.49689
298.50093
298.48797
298.4938
298.4971
298.49398
298.48823
298.50093
298.49692
298.49381
298.48806
298.49298
298.49619
298.50038
298.48673
298.49276
298.49595
298.50014
298.48685
298.50033
298.49621
298.4926
298.48662
298.50008
298.49597
298.50071
298.48777
298.49361
298.49643
298.50047
298.48755
298.49339
298.49671
298.4936
298.48787
298.50046
298.49647
298.49337
298.48764
298.49249
298.49568
298.49985
298.48617
298.49219
298.49536
298.49954
298.48634
298.4998
298.49569
298.49203
298.48604
298.49948
298.49538
298.50018
298.48728
298.49311
298.49584
298.49986
298.48698
298.4928
298.49619
298.49308
298.48737
298.49985
298.49588
298.49278
298.48707
298.49185
298.49501
298.49918
298.48544
298.49146
298.49461
298.49877
298.48571
298.49912
298.49503
298.49129
298.48533
298.49871
298.49463
298.49949
298.48663
298.49244
298.49506
298.49909
298.48623
298.49205
298.49552
298.49244
298.48673
298.49908
298.49512
298.49205
298.48635
298.49101
298.49415
298.49831
298.48447
298.4905
298.49363
298.49779
298.48488
298.49824
298.49417
298.49033
298.48436
298.49773
298.49366
298.49861
298.48578
298.49159
298.49408
298.49809
298.48527
298.49108
298.49467
298.4916
298.48591
298.49809
298.49416
298.49111
298.48542
298.48991
298.49303
298.49718
298.4831
298.48922
298.49235
298.49651
298.48377
298.49713
298.49308
298.4891
298.48307
298.49648
298.49243
298.49749
298.48469
298.4905
298.49282
298.49682
298.48399
298.48982
298.49359
298.49054
298.48485
298.49684
298.49294
298.48988
298.48415
)
;

boundaryField
{
    walls
    {
        type            zeroGradient;
    }
    cell2_to_fluid
    {
        type            compressible::turbulentTemperatureCoupledBaffleMixed;
        refValue        nonuniform List<scalar> 
4936
(
298.29058
298.29058
298.19825
298.21109
298.19601
298.28205
298.2071
298.25677
298.21623
298.25139
298.25139
298.25909
298.18083
298.2051
298.1869
298.28142
298.19104
298.22522
298.20986
298.22712
298.2042
298.30791
298.27992
298.27992
298.26042
298.26042
298.2532
298.25609
298.26341
298.26341
298.28147
298.2539
298.18679
298.20683
298.22384
298.20328
298.29787
298.29787
298.19992
298.21898
298.20958
298.2803
298.22611
298.25772
298.27257
298.27205
298.27205
298.26848
298.18076
298.21533
298.18939
298.30558
298.19422
298.22694
298.21363
298.23002
298.2091
298.32338
298.29499
298.29499
298.27576
298.27576
298.26013
298.2646
298.27722
298.27722
298.30296
298.26091
298.20152
298.20058
298.22498
298.21467
298.29522
298.29522
298.20299
298.22533
298.21928
298.28964
298.24368
298.25981
298.28357
298.28512
298.28512
298.27864
298.19204
298.22066
298.19042
298.32073
298.20435
298.22898
298.22244
298.23296
298.21836
298.32873
298.30896
298.30896
298.29129
298.29129
298.27426
298.27873
298.28033
298.28033
298.30475
298.27528
298.21966
298.20254
298.22322
298.21736
298.29514
298.29514
298.20384
298.2278
298.22519
298.29365
298.24655
298.25764
298.27606
298.29109
298.29109
298.27808
298.19907
298.21974
298.19207
298.32762
298.21249
298.23078
298.22779
298.23441
298.22369
298.32522
298.31584
298.31584
298.29219
298.29219
298.27994
298.28357
298.2811
298.2811
298.30179
298.2829
298.2286
298.20487
298.22453
298.21752
298.29488
298.29488
298.20393
298.2299
298.22799
298.30197
298.24906
298.25851
298.27393
298.29588
298.29588
298.27812
298.20735
298.21758
298.19238
298.32936
298.21606
298.23191
298.23036
298.23476
298.22602
298.32246
298.3218
298.3218
298.2888
298.2888
298.28593
298.2867
298.2813
298.2813
298.30554
298.28421
298.22891
298.20745
298.22615
298.21685
298.30097
298.30097
298.2049
298.23086
298.22894
298.29986
298.24444
298.25964
298.27577
298.29296
298.29296
298.28228
298.21089
298.21508
298.193
298.32994
298.2178
298.23297
298.23099
298.2351
298.2268
298.32304
298.32228
298.32228
298.29125
298.29125
298.28612
298.29218
298.28472
298.28472
298.30759
298.28882
298.22863
298.20892
298.22742
298.21626
298.2938
298.2938
298.2054
298.23074
298.23135
298.3006
298.2405
298.25967
298.2745
298.29185
298.29185
298.28375
298.21886
298.21383
298.19576
298.3289
298.21848
298.23361
298.23131
298.23492
298.22709
298.32071
298.3269
298.3269
298.29337
298.29337
298.289
298.29117
298.28172
298.28172
298.30782
298.28769
298.23057
298.20934
298.22804
298.21558
298.2957
298.2957
298.20676
298.23157
298.23335
298.29744
298.23764
298.25917
298.27518
298.29152
298.29152
298.28081
298.22026
298.21062
298.19514
298.32546
298.21897
298.23396
298.23202
298.23505
298.22715
298.32359
298.32559
298.32559
298.29252
298.29252
298.29009
298.28937
298.28753
298.28753
298.30832
298.29043
298.22904
298.21165
298.22869
298.21542
298.29456
298.29456
298.20697
298.233
298.23348
298.30616
298.23752
298.2597
298.27275
298.29555
298.29555
298.28186
298.21863
298.20833
298.19485
298.32673
298.21899
298.23413
298.23316
298.23481
298.22748
298.32037
298.32228
298.32228
298.29421
298.29421
298.29167
298.2957
298.28607
298.28607
298.31207
298.2897
298.23383
298.21328
298.22943
298.21443
298.29115
298.29115
298.20653
298.23166
298.23419
298.30606
298.23651
298.26097
298.27483
298.29491
298.29491
298.28556
298.22084
298.20812
298.1955
298.32759
298.21909
298.23431
298.23281
298.23447
298.22724
298.31508
298.32686
298.32686
298.29247
298.29247
298.28934
298.29156
298.28249
298.28249
298.30966
298.28964
298.23416
298.21363
298.22982
298.2143
298.29652
298.29652
298.20777
298.23122
298.23437
298.30308
298.23543
298.26295
298.28008
298.29305
298.29305
298.28216
298.22184
298.20781
298.19594
298.32516
298.21984
298.23468
298.23255
298.2344
298.22703
298.32069
298.32618
298.32618
298.29019
298.29019
298.2874
298.29475
298.28303
298.28303
298.3094
298.28847
298.23238
298.21441
298.23018
298.21284
298.29682
298.29682
298.20875
298.23199
298.23633
298.30374
298.23867
298.26205
298.27668
298.29305
298.29305
298.28393
298.22
298.20866
298.19664
298.32945
298.22039
298.23527
298.23261
298.23408
298.22735
298.32263
298.33252
298.33252
298.29157
298.29157
298.28962
298.29197
298.28144
298.28144
298.30842
298.2892
298.23063
298.21544
298.23057
298.2128
298.29498
298.29498
298.20961
298.23359
298.23535
298.30617
298.23736
298.26003
298.27664
298.29657
298.29657
298.28209
298.22396
298.20544
298.1983
298.32757
298.22044
298.23594
298.23197
298.23348
298.22744
298.31883
298.33165
298.33165
298.29357
298.29357
298.29558
298.29122
298.28189
298.28189
298.31498
298.29065
298.2301
298.2169
298.23112
298.21262
298.29512
298.29512
298.21192
298.2403
298.22977
298.30355
298.23326
298.26269
298.274
298.29262
298.29262
298.27783
298.22555
298.20603
298.19919
298.32356
298.22068
298.23671
298.23258
298.23288
298.2281
298.32082
298.32885
298.32885
298.29523
298.29523
298.29613
298.2965
298.28385
298.28385
298.30905
298.29438
298.23027
298.21916
298.2319
298.21214
298.29415
298.29415
298.21242
298.24209
298.22696
298.30539
298.23049
298.26255
298.26855
298.29471
298.29471
298.28008
298.22857
298.20644
298.20203
298.32859
298.21949
298.23751
298.23416
298.23159
298.22843
298.32182
298.33045
298.33045
298.29683
298.29683
298.2942
298.29747
298.28805
298.28805
298.31139
298.29303
298.23135
298.2181
298.23225
298.21175
298.29604
298.29604
298.21309
298.24206
298.22466
298.30888
298.22927
298.26003
298.28024
298.29006
298.29006
298.28108
298.23104
298.20574
298.20391
298.32615
298.22141
298.23836
298.23533
298.23117
298.2288
298.32883
298.32794
298.32794
298.29447
298.29447
298.29149
298.28732
298.28538
298.28538
298.32236
298.2901
298.23344
298.21935
298.23277
298.21257
298.30254
298.30254
298.21464
298.24224
298.22496
298.3081
298.22922
298.26522
298.28007
298.29062
298.29062
298.28053
298.22737
298.2041
298.20717
298.3242
298.22108
298.23869
298.23676
298.23034
298.22906
298.33009
298.33267
298.33267
298.29253
298.29253
298.29573
298.29827
298.28947
298.28947
298.31889
298.29022
298.23342
298.21995
298.23309
298.21253
298.29693
298.29693
298.21577
298.24213
298.22609
298.3083
298.22929
298.26439
298.27841
298.29713
298.29713
298.28157
298.23132
298.20363
298.20659
298.32305
298.21843
298.23882
298.23834
298.23026
298.22959
298.31981
298.32974
298.32974
298.29256
298.29256
298.29278
298.29484
298.28794
298.28794
298.31215
298.28881
298.22723
298.21967
298.23359
298.2112
298.3034
298.3034
298.21619
298.24166
298.22672
298.30956
298.23091
298.26273
298.27456
298.29436
298.29436
298.28153
298.22819
298.20422
298.20579
298.3245
298.21777
298.23876
298.23933
298.23019
298.23013
298.32502
298.32632
298.32632
298.28923
298.28923
298.29358
298.29471
298.28751
298.28751
298.31873
298.29161
298.22695
298.21928
298.2337
298.21044
298.30333
298.30333
298.2169
298.24144
298.22435
298.30635
298.22913
298.26692
298.28406
298.29365
298.29365
298.28214
298.22788
298.20425
298.20548
298.32275
298.21763
298.23895
298.23947
298.22971
298.23063
298.32048
298.33002
298.33002
298.29479
298.29479
298.2947
298.29517
298.28797
298.28797
298.31687
298.29525
298.22849
298.21975
298.23374
298.21075
298.31418
298.31418
298.21394
298.23952
298.22506
298.30286
298.22906
298.26654
298.28193
298.29328
298.29328
298.28528
298.22951
298.20329
298.20576
298.32152
298.21614
298.23923
298.23981
298.22934
298.23117
298.32618
298.32794
298.32794
298.29182
298.29182
298.29451
298.29238
298.28595
298.28595
298.32022
298.29119
298.23091
298.22139
298.23434
298.21077
298.31692
298.31692
298.21286
298.23834
298.22637
298.30427
298.23239
298.26945
298.27891
298.29019
298.29019
298.28162
298.22999
298.20633
298.20992
298.32827
298.21711
298.23974
298.24023
298.22819
298.23148
298.33348
298.33216
298.33216
298.2967
298.2967
298.29502
298.29236
298.28518
298.28518
298.31401
298.28872
298.23018
298.22105
298.23489
298.21179
298.31928
298.31928
298.21271
298.2381
298.225
298.3037
298.23109
298.2694
298.27882
298.29292
298.29292
298.28075
298.23411
298.20472
298.20821
298.32696
298.21887
298.23996
298.24004
298.22633
298.231
298.33229
298.32887
298.32887
298.2934
298.2934
298.29362
298.28866
298.28802
298.28802
298.32186
298.29011
298.22915
298.21886
298.23491
298.21216
298.31918
298.31918
298.21394
298.23823
298.22488
298.30494
298.23017
298.26865
298.28421
298.29049
298.29049
298.28576
298.23323
298.205
298.21006
298.32594
298.21783
298.24005
298.24049
298.22553
298.23135
298.32648
298.32852
298.32852
298.29313
298.29313
298.29458
298.29695
298.28724
298.28724
298.31989
298.29359
298.23373
298.22024
298.23523
298.2131
298.31934
298.31934
298.21471
298.23779
298.22213
298.30683
298.22974
298.26879
298.28418
298.29235
298.29235
298.28444
298.23657
298.20409
298.21218
298.32191
298.21498
298.24003
298.2403
298.22394
298.23186
298.33096
298.32728
298.32728
298.29744
298.29744
298.29326
298.29628
298.2867
298.2867
298.31609
298.29098
298.23566
298.21987
298.23567
298.2128
298.3179
298.3179
298.21438
298.2359
298.22471
298.2971
298.23255
298.27033
298.2835
298.28936
298.28936
298.28576
298.23075
298.20364
298.21361
298.32494
298.21436
298.24018
298.24064
298.2218
298.23206
298.3263
298.32903
298.32903
298.29539
298.29539
298.29494
298.29607
298.29046
298.29046
298.31569
298.2892
298.23343
298.21899
298.23562
298.21306
298.32001
298.32001
298.21425
298.23501
298.22578
298.2974
298.23759
298.26855
298.28512
298.28886
298.28886
298.28684
298.23444
298.20219
298.21688
298.31827
298.21418
298.24023
298.24034
298.22082
298.23184
298.33295
298.32606
298.32606
298.29226
298.29226
298.29174
298.29322
298.29002
298.29002
298.3218
298.29203
298.2289
298.21988
298.2357
298.21167
298.31689
298.31689
298.21257
298.23418
298.22674
298.2986
298.23914
298.26649
298.2797
298.29001
298.29001
298.28495
298.23927
298.20667
298.21723
298.32768
298.21382
298.24021
298.24028
298.22059
298.23208
298.32936
298.33025
298.33025
298.2969
298.2969
298.29208
298.29358
298.28878
298.28878
298.31909
298.29244
298.22898
298.21983
298.23554
298.21086
298.31625
298.31625
298.21152
298.23325
298.22785
298.29352
298.2379
298.26593
298.2787
298.28712
298.28712
298.28207
298.23802
298.20466
298.21324
298.32546
298.21636
298.2398
298.24021
298.22151
298.23225
298.33289
298.32482
298.32482
298.29371
298.29371
298.29047
298.29269
298.28704
298.28704
298.31793
298.29071
298.22991
298.22008
298.23561
298.21132
298.32017
298.32017
298.21296
298.23137
298.22483
298.29471
298.23593
298.27269
298.28679
298.28421
298.28421
298.28158
298.23429
298.20451
298.21256
298.32435
298.21364
298.23971
298.23853
298.22194
298.23073
298.33238
298.32395
298.32395
298.29379
298.29379
298.28761
298.29091
298.28875
298.28875
298.32234
298.29052
298.2286
298.21963
298.23588
298.21173
298.32323
298.32323
298.21641
298.23431
298.23029
298.29446
298.2422
298.26757
298.28602
298.28597
298.28597
298.28783
298.23575
298.209
298.21061
298.32223
298.20943
298.23932
298.23339
298.2229
298.2262
298.33059
298.31856
298.31856
298.30585
298.30585
298.28973
298.28892
298.28817
298.28817
298.32039
298.29026
298.23159
298.21591
298.23571
298.21072
298.32231
298.32231
298.21981
298.24061
298.23631
298.30346
298.25154
298.27154
298.29013
298.30234
298.30234
298.28955
298.24967
298.22699
298.21624
298.33073
298.21216
298.2403
298.24057
298.22752
298.23589
298.33273
298.33191
298.33191
298.29568
298.29568
298.30477
298.31396
298.29552
298.29552
298.32539
298.30403
298.24297
298.2183
298.23599
298.2128
298.27128
298.27128
298.18233
298.1993
298.19456
298.21072
298.23633
298.1907
298.20923
298.22465
298.23782
298.24337
298.17035
298.19608
298.22613
298.23644
298.23853
298.21306
298.25879
298.25879
298.24285
298.22378
298.1887
298.20136
298.22151
298.24308
298.24064
298.23967
298.21707
298.22056
298.23691
298.22194
298.21379
298.2242
298.24367
298.24115
298.23795
298.23729
298.21961
298.22025
298.30457
298.22584
298.20419
298.24044
298.22233
298.23293
298.24106
298.23803
298.23616
298.23518
298.22517
298.22581
298.23783
298.21545
298.23295
298.22281
298.22877
298.24217
298.2392
298.2369
298.23634
298.22222
298.22368
298.23601
298.21162
298.27859
298.20259
298.21371
298.23389
298.24176
298.23774
298.23873
298.22034
298.21385
298.30645
298.30645
298.25422
298.25422
298.18254
298.2114
298.2356
298.24043
298.23832
298.21957
298.28118
298.27214
298.21308
298.24936
298.24936
298.28149
298.18187
298.20778
298.22923
298.22345
298.26111
298.25438
298.21024
298.22406
298.23793
298.22338
298.15936
298.23782
298.16955
298.17457
298.19376
298.17378
298.19439
298.18672
298.20017
298.20851
298.21666
298.19758
298.2099
298.22145
298.22273
298.23633
298.21427
298.21705
298.23953
298.20986
298.23953
298.24337
298.24285
298.17689
298.18001
298.18364
298.19501
298.21366
298.21781
298.21241
298.27883
298.21586
298.27883
298.27354
298.27354
298.19182
298.20757
298.20927
298.20734
298.21678
298.2224
298.30457
298.21065
298.23499
298.22485
298.23538
298.21106
298.22724
298.23981
298.22696
298.23736
298.21659
298.22357
298.21805
298.20939
298.27859
298.2284
298.20491
298.21181
298.20446
298.18223
298.18429
298.21904
298.21685
298.20738
298.22821
298.28118
298.25132
298.17205
298.25132
298.19936
298.16792
298.18743
298.20966
298.21868
298.2138
298.27214
298.26111
298.15995
298.16371
298.19514
298.28149
298.18782
298.21072
298.22065
298.19499
298.20174
298.23501
298.23142
298.20694
298.20895
298.23426
298.28518
298.21486
298.28518
298.20066
298.1867
298.18864
298.20731
298.19799
298.2069
298.20719
298.21343
298.20984
298.20117
298.18031
298.25677
298.17647
298.25912
298.25912
298.29856
298.29856
298.28205
298.28063
298.28063
298.25563
298.25563
298.21366
298.25905
298.25905
298.21623
298.25909
298.25788
298.25788
298.26257
298.26257
298.26303
298.25486
298.25486
298.26303
298.26037
298.26037
298.30412
298.30412
298.17808
298.30792
298.30792
298.28142
298.20862
298.28804
298.28804
298.20859
298.1875
298.20317
298.20324
298.19154
298.20299
298.23693
298.22728
298.23988
298.21027
298.21028
298.21095
298.19785
298.30791
298.22779
298.19865
298.31294
298.19388
298.20487
298.19412
298.28848
298.19383
298.31294
298.19544
298.26505
298.20812
298.2532
298.28848
298.21087
298.25572
298.25965
298.25965
298.26505
298.26847
298.26847
298.26901
298.25609
298.2539
298.25785
298.25525
298.25572
298.25785
298.17153
298.26901
298.18678
298.28147
298.1879
298.29213
298.29213
298.18774
298.2135
298.20118
298.22006
298.22325
298.22917
298.22721
298.29299
298.29299
298.29855
298.29855
298.20832
298.25525
298.1897
298.1901
298.1922
298.20848
298.20244
298.21089
298.21611
298.22325
298.22161
298.21579
298.1728
298.25772
298.17436
298.25986
298.25986
298.29766
298.29766
298.2803
298.28535
298.28535
298.264
298.264
298.23674
298.27134
298.27134
298.27257
298.26848
298.28293
298.28293
298.2779
298.2779
298.27928
298.26945
298.26945
298.27928
298.27682
298.27682
298.31498
298.31498
298.1846
298.31443
298.31443
298.30558
298.21856
298.3124
298.3124
298.20434
298.18897
298.20664
298.20581
298.19962
298.21094
298.23857
298.22778
298.23806
298.21473
298.21813
298.21979
298.20294
298.32338
298.23232
298.20947
298.32367
298.19755
298.21407
298.20147
298.30291
298.20657
298.32367
298.21515
298.28537
298.21798
298.26013
298.30291
298.22256
298.26644
298.27738
298.27738
298.28537
298.2895
298.2895
298.27623
298.2646
298.26091
298.27103
298.26731
298.26644
298.27103
298.19331
298.27623
298.19711
298.30296
298.18888
298.30347
298.30347
298.18961
298.21537
298.20135
298.21479
298.22673
298.22322
298.22493
298.30384
298.30384
298.30616
298.30616
298.21647
298.26731
298.21328
298.1924
298.19394
298.21158
298.20418
298.21272
298.22552
298.22704
298.229
298.2235
298.17404
298.25981
298.17516
298.2597
298.2597
298.29714
298.29714
298.28964
298.28959
298.28959
298.27932
298.27932
298.24571
298.28396
298.28396
298.28357
298.27864
298.27977
298.27977
298.27813
298.27813
298.2924
298.28311
298.28311
298.2924
298.28882
298.28882
298.32035
298.32035
298.19602
298.32268
298.32268
298.32073
298.21998
298.32506
298.32506
298.20907
298.1913
298.21063
298.21584
298.20869
298.21939
298.23808
298.22998
298.23827
298.22443
298.22545
298.22772
298.21173
298.32873
298.23398
298.21495
298.32535
298.20455
298.22141
298.20769
298.31338
298.22284
298.32535
298.22804
298.29199
298.2261
298.27426
298.31338
298.23036
298.27573
298.28871
298.28871
298.29199
298.28787
298.28787
298.2795
298.27873
298.27528
298.28318
298.28111
298.27573
298.28318
298.20127
298.2795
298.20325
298.30475
298.19039
298.30262
298.30262
298.19074
298.21544
298.20363
298.21675
298.22422
298.22367
298.22422
298.30467
298.30467
298.30778
298.30778
298.21755
298.28111
298.22614
298.19298
298.19318
298.21276
298.20391
298.21292
298.23066
298.22908
298.23223
298.22697
298.17484
298.25764
298.17578
298.25809
298.25809
298.29574
298.29574
298.29365
298.29707
298.29707
298.28461
298.28461
298.24539
298.28933
298.28933
298.27606
298.27808
298.27631
298.27631
298.27972
298.27972
298.29124
298.29042
298.29042
298.29124
298.28968
298.28968
298.32348
298.32348
298.20364
298.32564
298.32564
298.32762
298.21815
298.32793
298.32793
298.21173
298.19202
298.21232
298.22257
298.21471
298.22451
298.23856
298.23134
298.23889
298.23015
298.22937
298.23178
298.21601
298.32522
298.23467
298.21803
298.32394
298.20877
298.22516
298.21036
298.31708
298.22989
298.32394
298.23704
298.29018
298.23144
298.27994
298.31708
298.23285
298.27961
298.28801
298.28801
298.29018
298.29147
298.29147
298.28081
298.28357
298.2829
298.28726
298.28357
298.27961
298.28726
298.20466
298.28081
298.20616
298.30179
298.19101
298.30358
298.30358
298.1921
298.2182
298.20615
298.21962
298.22432
298.22529
298.22433
298.30822
298.30822
298.30834
298.30834
298.21741
298.28357
298.22866
298.1936
298.19422
298.21304
298.20399
298.21317
298.23332
298.23083
298.23474
298.22874
298.17504
298.25851
298.17554
298.25823
298.25823
298.29528
298.29528
298.30197
298.30035
298.30035
298.28528
298.28528
298.24656
298.28971
298.28971
298.27393
298.27812
298.27185
298.27185
298.27874
298.27874
298.29469
298.29088
298.29088
298.29469
298.29311
298.29311
298.32521
298.32521
298.21016
298.32501
298.32501
298.32936
298.21544
298.32886
298.32886
298.21345
298.19237
298.21391
298.22589
298.21672
298.22668
298.23909
298.23236
298.23933
298.23271
298.23076
298.23317
298.21874
298.32246
298.23512
298.21836
298.31993
298.21054
298.22654
298.2114
298.32051
298.23777
298.31993
298.23622
298.29312
298.2326
298.28593
298.32051
298.23334
298.28589
298.28999
298.28999
298.29312
298.29245
298.29245
298.28246
298.2867
298.28421
298.28983
298.28619
298.28589
298.28983
298.20716
298.28246
298.20762
298.30554
298.19333
298.30366
298.30366
298.19326
298.22098
298.20806
298.22202
298.22464
298.22689
298.22499
298.31184
298.31184
298.31067
298.31067
298.21651
298.28619
298.22953
298.19576
298.19697
298.21359
298.20566
298.21411
298.23605
298.23092
298.23712
298.23016
298.17754
298.25964
298.177
298.26081
298.26081
298.29976
298.29976
298.29986
298.30321
298.30321
298.28848
298.28848
298.24145
298.2907
298.2907
298.27577
298.28228
298.27853
298.27853
298.2821
298.2821
298.29563
298.29176
298.29176
298.29563
298.29315
298.29315
298.3263
298.3263
298.21434
298.32915
298.32915
298.32994
298.21386
298.32974
298.32974
298.21495
298.19419
298.21559
298.2273
298.21831
298.22738
298.23955
298.23333
298.23966
298.23338
298.23112
298.23352
298.21779
298.32304
298.23512
298.21915
298.32238
298.21233
298.22699
298.2122
298.33019
298.23824
298.32238
298.23975
298.29116
298.23434
298.28612
298.33019
298.23659
298.28636
298.28859
298.28859
298.29116
298.29351
298.29351
298.28638
298.29218
298.28882
298.29153
298.28888
298.28636
298.29153
298.20852
298.28638
298.20897
298.30759
298.19369
298.30768
298.30768
298.19459
298.22293
298.20932
298.22349
298.2251
298.22779
298.22512
298.31131
298.31131
298.30923
298.30923
298.2161
298.28888
298.22916
298.19667
298.19804
298.21392
298.20603
298.21401
298.23794
298.23077
298.23865
298.23127
298.17398
298.25967
298.17522
298.25981
298.25981
298.29672
298.29672
298.3006
298.30192
298.30192
298.28853
298.28853
298.23959
298.28681
298.28681
298.2745
298.28375
298.27353
298.27353
298.28299
298.28299
298.29224
298.29461
298.29461
298.29224
298.2919
298.2919
298.33143
298.33143
298.22051
298.33121
298.33121
298.3289
298.21241
298.32838
298.32838
298.21629
298.19544
298.21649
298.22759
298.21865
298.22825
298.23974
298.23379
298.23976
298.23361
298.23155
298.23379
298.21904
298.32071
298.23494
298.21941
298.31845
298.21314
298.22721
298.21348
298.32279
298.23804
298.31845
298.2382
298.29417
298.23629
298.289
298.32279
298.23525
298.28841
298.2922
298.2922
298.29417
298.29018
298.29018
298.28683
298.29117
298.28769
298.29272
298.2893
298.28841
298.29272
298.20769
298.28683
298.20919
298.30782
298.19506
298.3087
298.3087
298.19538
298.22393
298.21007
298.22451
298.22501
298.22835
298.22538
298.31034
298.31034
298.31384
298.31384
298.21566
298.2893
298.22926
298.19945
298.19918
298.21452
298.20701
298.21457
298.23907
298.233
298.23971
298.233
298.17374
298.25917
298.17355
298.26044
298.26044
298.29305
298.29305
298.29744
298.30243
298.30243
298.2815
298.2815
298.23688
298.28376
298.28376
298.27518
298.28081
298.27581
298.27581
298.27906
298.27906
298.2924
298.29316
298.29316
298.2924
298.28939
298.28939
298.32736
298.32736
298.22065
298.32602
298.32602
298.32546
298.20938
298.32588
298.32588
298.21668
298.19449
298.21669
298.2289
298.21906
298.22948
298.23978
298.23402
298.2398
298.234
298.23262
298.23433
298.21885
298.32359
298.23505
298.21898
298.32282
298.21241
298.22727
298.21262
298.32491
298.24124
298.32282
298.24109
298.29339
298.2329
298.29009
298.32491
298.23355
298.28631
298.29077
298.29077
298.29339
298.2915
298.2915
298.28649
298.28937
298.29043
298.29078
298.291
298.28631
298.29078
298.20949
298.28649
298.20934
298.30832
298.19579
298.31009
298.31009
298.19634
298.2254
298.21265
298.22625
298.22521
298.22908
298.2253
298.31114
298.31114
298.31423
298.31423
298.21489
298.291
298.23038
298.19948
298.1992
298.21448
298.2068
298.21426
298.24063
298.23268
298.24127
298.23383
298.17437
298.2597
298.17295
298.25817
298.25817
298.29225
298.29225
298.30616
298.30595
298.30595
298.2835
298.2835
298.23638
298.28667
298.28667
298.27275
298.28186
298.27341
298.27341
298.28258
298.28258
298.29368
298.28901
298.28901
298.29368
298.29172
298.29172
298.32703
298.32703
298.22013
298.32773
298.32773
298.32673
298.20767
298.3263
298.3263
298.21693
298.19555
298.217
298.22982
298.21869
298.22977
298.23988
298.2342
298.23996
298.23468
298.23318
298.23479
298.21868
298.32037
298.23471
298.21903
298.31834
298.21308
298.22758
298.21225
298.32473
298.24074
298.31834
298.23948
298.29423
298.23071
298.29167
298.32473
298.22957
298.28903
298.29368
298.29368
298.29423
298.297
298.297
298.28539
298.2957
298.2897
298.29493
298.29145
298.28903
298.29493
298.20924
298.28539
298.20898
298.31207
298.19729
298.31043
298.31043
298.19743
298.22688
298.21317
298.22715
298.22551
298.22959
298.22561
298.31446
298.31446
298.31574
298.31574
298.21435
298.29145
298.2334
298.19914
298.19906
298.21374
298.20679
298.21378
298.24101
298.23128
298.24097
298.23467
298.17432
298.26097
298.1751
298.26132
298.26132
298.29191
298.29191
298.30606
298.30607
298.30607
298.2838
298.2838
298.23691
298.28428
298.28428
298.27483
298.28556
298.27832
298.27832
298.2836
298.2836
298.29294
298.29061
298.29061
298.29294
298.29244
298.29244
298.32604
298.32604
298.22062
298.32769
298.32769
298.32759
298.20794
298.32496
298.32496
298.21725
298.1955
298.21741
298.22993
298.21985
298.23002
298.23997
298.23451
298.23997
298.23445
298.2325
298.23406
298.21965
298.31508
298.23435
298.21787
298.31672
298.2118
298.22697
298.21188
298.32182
298.23829
298.31672
298.23661
298.29143
298.22911
298.28934
298.32182
298.22737
298.29036
298.29465
298.29465
298.29143
298.29308
298.29308
298.28444
298.29156
298.28964
298.29312
298.29027
298.29036
298.29312
298.20694
298.28444
298.20618
298.30966
298.19755
298.30721
298.30721
298.19757
298.22759
298.21414
298.22806
298.22557
298.23001
298.22537
298.31307
298.31307
298.31442
298.31442
298.21359
298.29027
298.23403
298.20212
298.20217
298.21397
298.20848
298.21453
298.24041
298.23177
298.24039
298.23549
298.17681
298.26295
298.17557
298.26154
298.26154
298.29511
298.29511
298.30308
298.30503
298.30503
298.2861
298.2861
298.23734
298.28439
298.28439
298.28008
298.28216
298.27894
298.27894
298.28506
298.28506
298.29463
298.29541
298.29541
298.29463
298.29479
298.29479
298.33198
298.33198
298.22099
298.32899
298.32899
298.32516
298.20911
298.32784
298.32784
298.21774
298.1959
298.21825
298.23012
298.2202
298.23026
298.23998
298.23496
298.24
298.23405
298.23268
298.23423
298.21637
298.32069
298.23423
298.2188
298.32349
298.21223
298.22722
298.21194
298.33134
298.23579
298.32349
298.23974
298.29142
298.22885
298.2874
298.33134
298.22849
298.2885
298.29023
298.29023
298.29142
298.28787
298.28787
298.28092
298.29475
298.28847
298.29349
298.28903
298.2885
298.29349
298.20561
298.28092
298.20313
298.3094
298.19816
298.30626
298.30626
298.19748
298.22841
298.21464
298.22872
298.22532
298.23042
298.22522
298.31404
298.31404
298.31299
298.31299
298.21262
298.28903
298.23155
298.2028
298.20333
298.21469
298.20958
298.21509
298.2403
298.23235
298.24032
298.23532
298.17535
298.26205
298.1764
298.26267
298.26267
298.29657
298.29657
298.30374
298.30798
298.30798
298.28162
298.28162
298.23796
298.28538
298.28538
298.27668
298.28393
298.27854
298.27854
298.28344
298.28344
298.29389
298.29287
298.29287
298.29389
298.29181
298.29181
298.32765
298.32765
298.22029
298.32721
298.32721
298.32945
298.2073
298.33027
298.33027
298.21863
298.19719
298.21896
298.23033
298.22062
298.23027
298.24009
298.23548
298.24012
298.23426
298.23241
298.23423
298.21822
298.32263
298.23391
298.21748
298.32411
298.21178
298.22757
298.21311
298.33408
298.24062
298.32411
298.24034
298.29241
298.22955
298.28962
298.33408
298.2315
298.29406
298.29141
298.29141
298.29241
298.29174
298.29174
298.28361
298.29197
298.2892
298.28892
298.29028
298.29406
298.28892
298.20334
298.28361
298.20472
298.30842
298.19756
298.31207
298.31207
298.19904
298.22907
298.2157
298.22939
298.22515
298.2307
298.2253
298.31382
298.31382
298.31315
298.31315
298.21227
298.29028
298.23075
298.20307
298.20452
298.21562
298.2108
298.21719
298.23987
298.23747
298.23926
298.23295
298.17528
298.26003
298.17687
298.26318
298.26318
298.29769
298.29769
298.30617
298.30598
298.30598
298.28333
298.28333
298.23661
298.28167
298.28167
298.27664
298.28209
298.27462
298.27462
298.27919
298.27919
298.2951
298.28868
298.28868
298.2951
298.29356
298.29356
298.32923
298.32923
298.22517
298.32672
298.32672
298.32757
298.20661
298.32651
298.32651
298.21963
298.19957
298.22096
298.23002
298.22037
298.22987
298.24016
298.23645
298.24028
298.23401
298.23198
298.23406
298.2183
298.31883
298.23312
298.21549
298.32495
298.21282
298.22785
298.21382
298.32766
298.2409
298.32495
298.23934
298.29617
298.23055
298.29558
298.32766
298.22798
298.29422
298.28937
298.28937
298.29617
298.28947
298.28947
298.28292
298.29122
298.29065
298.29563
298.29354
298.29422
298.29563
298.20462
298.28292
298.20338
298.31498
298.19983
298.31361
298.31361
298.20049
298.23007
298.21887
298.23077
298.22561
298.23163
298.22558
298.31393
298.31393
298.31301
298.31301
298.21245
298.29354
298.23074
298.20521
298.20469
298.21929
298.2123
298.22059
298.23845
298.24189
298.23857
298.22685
298.17651
298.26269
298.17559
298.26167
298.26167
298.29304
298.29304
298.30355
298.30502
298.30502
298.2846
298.2846
298.23313
298.28145
298.28145
298.274
298.27783
298.27123
298.27123
298.27937
298.27937
298.29118
298.29089
298.29089
298.29118
298.29515
298.29515
298.32963
298.32963
298.22452
298.32669
298.32669
298.32356
298.2066
298.3268
298.3268
298.22102
298.20034
298.22176
298.23014
298.21941
298.23061
298.24031
298.23702
298.24033
298.23461
298.23388
298.23533
298.21488
298.32082
298.23236
298.21537
298.32479
298.21253
298.22826
298.21269
298.32884
298.23632
298.32479
298.23902
298.29508
298.22009
298.29613
298.32884
298.2181
298.29539
298.29405
298.29405
298.29508
298.2951
298.2951
298.28702
298.2965
298.29438
298.29364
298.29272
298.29539
298.29364
298.20228
298.28702
298.20313
298.30905
298.2004
298.3102
298.3102
298.20001
298.231
298.21873
298.23111
298.22586
298.23201
298.22585
298.31373
298.31373
298.31075
298.31075
298.21163
298.29272
298.22898
298.20497
298.20574
298.22047
298.21281
298.22007
298.23896
298.24214
298.23936
298.22463
298.17655
298.26255
298.17601
298.26092
298.26092
298.29553
298.29553
298.30539
298.31034
298.31034
298.28008
298.28008
298.22896
298.27746
298.27746
298.26855
298.28008
298.27378
298.27378
298.28226
298.28226
298.29301
298.29318
298.29318
298.29301
298.29201
298.29201
298.33267
298.33267
298.23078
298.33065
298.33065
298.32859
298.20606
298.32753
298.32753
298.22279
298.20532
298.22412
298.23101
298.22092
298.23113
298.24036
298.23797
298.24033
298.23563
298.23435
298.23574
298.21525
298.32182
298.23116
298.21486
298.32237
298.21258
298.22826
298.21307
298.32794
298.23901
298.32237
298.23654
298.29535
298.21745
298.2942
298.32794
298.21826
298.28992
298.29406
298.29406
298.29535
298.29161
298.29161
298.28628
298.29747
298.29303
298.29546
298.29238
298.28992
298.29546
298.20417
298.28628
298.20301
298.31139
298.20002
298.31771
298.31771
298.19979
298.23126
298.21838
298.2314
298.22596
298.23258
298.22589
298.31551
298.31551
298.31811
298.31811
298.21197
298.29238
298.23125
298.20638
298.20712
298.21995
298.21368
298.22065
298.23953
298.2422
298.2398
298.2255
298.17707
298.26003
298.17707
298.26242
298.26242
298.29668
298.29668
298.30888
298.30668
298.30668
298.28036
298.28036
298.22937
298.28124
298.28124
298.28024
298.28108
298.27829
298.27829
298.28192
298.28192
298.29204
298.29102
298.29102
298.29204
298.29231
298.29231
298.32902
298.32902
298.22898
298.32296
298.32296
298.32615
298.20431
298.32555
298.32555
298.2244
298.20631
298.22527
298.23169
298.22129
298.23224
298.24036
298.23858
298.24038
298.23602
298.23626
298.23643
298.2126
298.32883
298.23048
298.2117
298.33046
298.21397
298.22892
298.21372
298.32964
298.2375
298.33046
298.23803
298.29399
298.21953
298.29149
298.32964
298.22425
298.296
298.2927
298.2927
298.29399
298.29423
298.29423
298.28691
298.28732
298.2901
298.29288
298.28981
298.296
298.29288
298.20166
298.28691
298.20105
298.32236
298.20174
298.31449
298.31449
298.2022
298.2319
298.21969
298.23229
298.2263
298.2329
298.22651
298.31775
298.31775
298.31609
298.31609
298.21256
298.28981
298.23456
298.20956
298.2108
298.22117
298.21578
298.22219
298.23958
298.24242
298.23986
298.22598
298.18236
298.26522
298.18114
298.26577
298.26577
298.30068
298.30068
298.3081
298.30861
298.30861
298.28039
298.28039
298.22979
298.27913
298.27913
298.28007
298.28053
298.27907
298.27907
298.28067
298.28067
298.29429
298.28973
298.28973
298.29429
298.28987
298.28987
298.32349
298.32349
298.22759
298.32716
298.32716
298.3242
298.20384
298.3244
298.3244
298.22548
298.20578
298.22564
298.23221
298.22052
298.23219
298.24046
298.23881
298.24041
298.23691
298.23751
298.23737
298.2113
298.33009
298.23014
298.21262
298.32317
298.21344
298.22939
298.21328
298.33086
298.23467
298.32317
298.23424
298.29334
298.22936
298.29573
298.33086
298.23102
298.29389
298.29588
298.29588
298.29334
298.29018
298.29018
298.28887
298.29827
298.29022
298.29686
298.28828
298.29389
298.29686
298.20228
298.28887
298.20075
298.31889
298.20244
298.31507
298.31507
298.20267
298.23247
298.21999
298.23264
298.22691
298.23337
298.22721
298.3148
298.3148
298.31305
298.31305
298.21249
298.28828
298.23267
298.21002
298.21032
298.22201
298.21586
298.22214
298.23962
298.24196
298.23955
298.22619
298.17879
298.26439
298.18061
298.26296
298.26296
298.29949
298.29949
298.3083
298.3106
298.3106
298.28005
298.28005
298.23165
298.27781
298.27781
298.27841
298.28157
298.27434
298.27434
298.28115
298.28115
298.29548
298.29114
298.29114
298.29548
298.29358
298.29358
298.32837
298.32837
298.2288
298.32628
298.32628
298.32305
298.2048
298.32597
298.32597
298.22564
298.20618
298.22536
298.2322
298.21764
298.23217
298.24036
298.23877
298.24032
298.23794
298.23886
298.23838
298.21299
298.31981
298.23023
298.21245
298.32724
298.21287
298.22977
298.21337
298.31978
298.23559
298.32724
298.23571
298.29147
298.22843
298.29278
298.31978
298.22615
298.28902
298.29436
298.29436
298.29147
298.29782
298.29782
298.28642
298.29484
298.28881
298.29103
298.28909
298.28902
298.29103
298.19962
298.28642
298.20052
298.31215
298.2021
298.32074
298.32074
298.20238
298.23265
298.21955
298.23264
298.22643
298.23373
298.22619
298.31052
298.31052
298.31307
298.31307
298.21043
298.28909
298.2266
298.21187
298.21274
298.22226
298.21685
298.22268
298.23935
298.24172
298.23956
298.22499
298.18143
298.26273
298.18251
298.26781
298.26781
298.30129
298.30129
298.30956
298.30804
298.30804
298.28267
298.28267
298.23043
298.28086
298.28086
298.27456
298.28153
298.27933
298.27933
298.28007
298.28007
298.29511
298.29174
298.29174
298.29511
298.29285
298.29285
298.32664
298.32664
298.22889
298.32831
298.32831
298.3245
298.20518
298.32483
298.32483
298.22547
298.20591
298.22559
298.23229
298.21842
298.23217
298.24031
298.23886
298.24033
298.23874
298.23941
298.23884
298.21227
298.32502
298.23024
298.21269
298.32271
298.21317
298.23025
298.21319
298.33231
298.23507
298.32271
298.23384
298.29071
298.22442
298.29358
298.33231
298.22564
298.29225
298.29664
298.29664
298.29071
298.29151
298.29151
298.28679
298.29471
298.29161
298.29398
298.29592
298.29225
298.29398
298.19986
298.28679
298.19813
298.31873
298.2025
298.31308
298.31308
298.20216
298.23266
298.21964
298.23269
298.22641
298.2337
298.22658
298.31351
298.31351
298.31163
298.31163
298.2104
298.29592
298.22709
298.21178
298.2087
298.22242
298.21578
298.22186
298.23932
298.24084
298.2388
298.2246
298.18586
298.26692
298.19243
298.26578
298.26578
298.31176
298.31176
298.30635
298.30476
298.30476
298.27965
298.27965
298.22875
298.2788
298.2788
298.28406
298.28214
298.28327
298.28327
298.28679
298.28679
298.29403
298.29405
298.29405
298.29403
298.29257
298.29257
298.32709
298.32709
298.22789
298.33015
298.33015
298.32275
298.20418
298.32404
298.32404
298.2258
298.20468
298.22568
298.23223
298.21696
298.23223
298.24034
298.23907
298.24026
298.23897
298.23959
298.23938
298.21063
298.32048
298.22956
298.2114
298.32374
298.21431
298.23107
298.21522
298.32678
298.23291
298.32374
298.23252
298.29374
298.22433
298.2947
298.32678
298.22467
298.29252
298.29418
298.29418
298.29374
298.29637
298.29637
298.28728
298.29517
298.29525
298.29416
298.29398
298.29252
298.29416
298.19959
298.28728
298.19864
298.31687
298.20204
298.32162
298.32162
298.2021
298.2329
298.21982
298.23311
298.22712
298.23396
298.22711
298.31266
298.31266
298.31137
298.31137
298.21059
298.29398
298.22863
298.20516
298.20561
298.22037
298.21405
298.21998
298.23778
298.23868
298.2367
298.22804
298.19489
298.26654
298.19596
298.26807
298.26807
298.31817
298.31817
298.30286
298.3003
298.3003
298.27583
298.27583
298.23239
298.27649
298.27649
298.28193
298.28528
298.28044
298.28044
298.28413
298.28413
298.29167
298.29449
298.29449
298.29167
298.29681
298.29681
298.32768
298.32768
298.22858
298.32593
298.32593
298.32152
298.20511
298.32357
298.32357
298.22625
298.20736
298.22702
298.23214
298.21633
298.23205
298.24019
298.23954
298.24013
298.23979
298.24015
298.24011
298.21137
298.32618
298.22958
298.21324
298.32663
298.21565
298.23156
298.21475
298.33419
298.2342
298.32663
298.23521
298.29488
298.22666
298.29451
298.33419
298.22882
298.2936
298.29482
298.29482
298.29488
298.2956
298.2956
298.28437
298.29238
298.29119
298.29408
298.29061
298.2936
298.29408
298.19708
298.28437
298.19607
298.32022
298.20359
298.31278
298.31278
298.20391
298.23371
298.22199
298.23403
298.22767
298.23472
298.22798
298.31558
298.31558
298.31388
298.31388
298.21164
298.29061
298.23007
298.20522
298.20627
298.21948
298.21277
298.21915
298.23629
298.23825
298.23644
298.22429
298.1965
298.26945
298.19707
298.26878
298.26878
298.31972
298.31972
298.30427
298.30571
298.30571
298.2751
298.2751
298.22901
298.27814
298.27814
298.27891
298.28162
298.28035
298.28035
298.28239
298.28239
298.29128
298.29567
298.29567
298.29128
298.29132
298.29132
298.32261
298.32261
298.23438
298.32446
298.32446
298.32827
298.20508
298.32633
298.32633
298.22758
298.21015
298.22806
298.23237
298.21826
298.2328
298.23997
298.23984
298.23984
298.24019
298.2401
298.24006
298.21033
298.33348
298.22706
298.20816
298.32948
298.21635
298.2312
298.21486
298.33046
298.2354
298.32948
298.23333
298.2953
298.2298
298.29502
298.33046
298.23119
298.29366
298.2944
298.2944
298.2953
298.29578
298.29578
298.28689
298.29236
298.28872
298.29352
298.28727
298.29366
298.29352
298.19738
298.28689
298.19786
298.31401
298.20338
298.31909
298.31909
298.20344
298.2339
298.21995
298.23359
298.22796
298.23493
298.22825
298.31331
298.31331
298.31169
298.31169
298.21202
298.28727
298.22887
298.20715
298.20783
298.21883
298.21368
298.21945
298.23647
298.23837
298.23668
298.22743
298.19787
298.2694
298.19801
298.26957
298.26957
298.32027
298.32027
298.3037
298.30168
298.30168
298.27804
298.27804
298.23125
298.27686
298.27686
298.27882
298.28075
298.28126
298.28126
298.28398
298.28398
298.28925
298.2939
298.2939
298.28925
298.29288
298.29288
298.32823
298.32823
298.23166
298.32576
298.32576
298.32696
298.20417
298.3241
298.3241
298.22802
298.20881
298.22832
298.23306
298.21874
298.23301
298.23959
298.24003
298.23931
298.23994
298.24036
298.23993
298.20588
298.33229
298.22641
298.20725
298.32779
298.21331
298.23114
298.21289
298.32754
298.23425
298.32779
298.232
298.29155
298.23052
298.29362
298.32754
298.22924
298.29581
298.29461
298.29461
298.29155
298.29332
298.29332
298.28868
298.28866
298.29011
298.28985
298.29128
298.29581
298.28985
298.19716
298.28868
298.19687
298.32186
298.20321
298.32252
298.32252
298.20396
298.23324
298.21937
298.23315
298.22837
298.235
298.22906
298.31373
298.31373
298.31417
298.31417
298.21262
298.29128
298.23306
298.208
298.20876
298.21952
298.21484
298.21989
298.23638
298.2382
298.23663
298.22409
298.19709
298.26865
298.19701
298.26809
298.26809
298.32083
298.32083
298.30494
298.30343
298.30343
298.27528
298.27528
298.22897
298.27398
298.27398
298.28421
298.28576
298.28284
298.28284
298.28639
298.28639
298.29286
298.29165
298.29165
298.29286
298.291
298.291
298.32374
298.32374
298.23255
298.3244
298.3244
298.32594
298.20517
298.32426
298.32426
298.22908
298.21108
298.22949
298.23265
298.21696
298.23197
298.23913
298.24003
298.2387
298.24005
298.24045
298.24037
298.2044
298.32648
298.22452
298.20434
298.33189
298.21345
298.23169
298.21318
298.32673
298.2275
298.33189
298.22927
298.29492
298.22665
298.29458
298.32673
298.22567
298.29058
298.29687
298.29687
298.29492
298.29573
298.29573
298.28841
298.29695
298.29359
298.29774
298.29241
298.29058
298.29774
298.19614
298.28841
298.19618
298.31989
298.20457
298.31803
298.31803
298.20436
298.23375
298.22044
298.23407
298.22933
298.23568
298.22926
298.31348
298.31348
298.31632
298.31632
298.21328
298.29241
298.23523
298.20904
298.20803
298.21965
298.21436
298.21905
298.23642
298.23728
298.23589
298.2222
298.19704
298.26879
298.19598
298.26919
298.26919
298.31709
298.31709
298.30683
298.30346
298.30346
298.27433
298.27433
298.22938
298.27284
298.27284
298.28418
298.28444
298.28064
298.28064
298.28545
298.28545
298.29085
298.28993
298.28993
298.29085
298.28873
298.28873
298.32614
298.32614
298.23439
298.32542
298.32542
298.32191
298.20363
298.32461
298.32461
298.23005
298.21192
298.23103
298.23097
298.21477
298.23108
298.23834
298.24002
298.23763
298.24055
298.24045
298.24083
298.2022
298.33096
298.22242
298.20032
298.32842
298.21412
298.23208
298.21395
298.32823
298.22836
298.32842
298.22696
298.29615
298.22487
298.29326
298.32823
298.22349
298.29215
298.29529
298.29529
298.29615
298.29424
298.29424
298.28875
298.29628
298.29098
298.29741
298.28844
298.29215
298.29741
298.19531
298.28875
298.19605
298.31609
298.20341
298.31825
298.31825
298.20348
298.23382
298.21934
298.23355
298.22924
298.23557
298.22952
298.31502
298.31502
298.31374
298.31374
298.21315
298.28844
298.23467
298.20767
298.20851
298.21843
298.21462
298.21853
298.23374
298.23549
298.2333
298.22621
298.19756
298.27033
298.19778
298.26916
298.26916
298.31911
298.31911
298.2971
298.29885
298.29885
298.27581
298.27581
298.2379
298.2762
298.2762
298.2835
298.28576
298.28574
298.28574
298.28633
298.28633
298.29205
298.2902
298.2902
298.29205
298.29046
298.29046
298.31625
298.31625
298.23229
298.31385
298.31385
298.32494
298.20311
298.323
298.323
298.2314
298.21574
298.23165
298.23087
298.21483
298.23109
298.23729
298.2402
298.23682
298.24096
298.24071
298.24083
298.19932
298.3263
298.2208
298.19814
298.33103
298.21456
298.23176
298.21352
298.33333
298.22318
298.33103
298.22582
298.29404
298.22366
298.29494
298.33333
298.22602
298.29386
298.29308
298.29308
298.29404
298.2923
298.2923
298.28946
298.29607
298.2892
298.29039
298.29098
298.29386
298.29039
298.1964
298.28946
298.19744
298.31569
298.2035
298.31913
298.31913
298.20317
298.23356
298.21969
298.2337
298.22982
298.23576
298.22961
298.31279
298.31279
298.31132
298.31132
298.21256
298.29098
298.2287
298.20846
298.20612
298.2181
298.21342
298.2173
298.23289
298.2346
298.23261
298.2264
298.19686
298.26855
298.19575
298.26754
298.26754
298.3161
298.3161
298.2974
298.29572
298.29572
298.27543
298.27543
298.23719
298.27407
298.27407
298.28512
298.28684
298.28124
298.28124
298.28354
298.28354
298.28918
298.28904
298.28904
298.28918
298.28928
298.28928
298.31714
298.31714
298.23891
298.32029
298.32029
298.31827
298.20343
298.32128
298.32128
298.23224
298.21739
298.2321
298.23077
298.21306
298.23012
298.2367
298.24022
298.23662
298.24049
298.24021
298.24053
298.19856
298.33295
298.22094
298.19978
298.33076
298.21348
298.232
298.21457
298.32781
298.22518
298.33076
298.22447
298.29329
298.22592
298.29174
298.32781
298.22715
298.29311
298.29356
298.29356
298.29329
298.29232
298.29232
298.2895
298.29322
298.29203
298.29485
298.29288
298.29311
298.29485
298.19659
298.2895
298.19672
298.3218
298.20372
298.31867
298.31867
298.20409
298.23391
298.21962
298.234
298.22894
298.23568
298.22856
298.31029
298.31029
298.31131
298.31131
298.21071
298.29288
298.22843
298.20472
298.20376
298.21683
298.21219
298.21686
298.23228
298.23407
298.23253
298.22623
298.19465
298.26649
298.1955
298.26738
298.26738
298.31819
298.31819
298.2986
298.29832
298.29832
298.27034
298.27034
298.23814
298.26987
298.26987
298.2797
298.28495
298.27819
298.27819
298.28326
298.28326
298.28863
298.29061
298.29061
298.28863
298.28561
298.28561
298.32264
298.32264
298.2399
298.32538
298.32538
298.32768
298.20648
298.32748
298.32748
298.23197
298.2151
298.23181
298.23034
298.21578
298.23115
298.23649
298.24007
298.2366
298.24062
298.24035
298.24059
298.19897
298.32936
298.2207
298.1984
298.33139
298.21416
298.23222
298.2138
298.33189
298.22343
298.33139
298.22317
298.29658
298.22728
298.29208
298.33189
298.22756
298.29205
298.29324
298.29324
298.29658
298.29586
298.29586
298.28998
298.29358
298.29244
298.29385
298.2901
298.29205
298.29385
298.19815
298.28998
298.19796
298.31909
298.20382
298.32134
298.32134
298.20394
298.23382
298.21998
298.23389
298.2289
298.23552
298.22915
298.31354
298.31354
298.31205
298.31205
298.21099
298.2901
298.22889
298.20236
298.20257
298.2158
298.21164
298.21518
298.23146
298.23125
298.22959
298.22706
298.19512
298.26593
298.19549
298.26806
298.26806
298.31644
298.31644
298.29352
298.29513
298.29513
298.26855
298.26855
298.2384
298.26699
298.26699
298.2787
298.28207
298.28241
298.28241
298.28266
298.28266
298.28564
298.28573
298.28573
298.28564
298.28621
298.28621
298.32405
298.32405
298.23667
298.32263
298.32263
298.32546
298.20469
298.32385
298.32385
298.23118
298.21225
298.2305
298.23133
298.21521
298.23099
298.23688
298.23976
298.23712
298.24046
298.24003
298.23992
298.19898
298.33289
298.22178
298.20019
298.33129
298.21397
298.23192
298.21457
298.32316
298.22749
298.33129
298.22824
298.29655
298.22694
298.29047
298.32316
298.22437
298.28912
298.29665
298.29665
298.29655
298.29541
298.29541
298.28974
298.29269
298.29071
298.29
298.28949
298.28912
298.29
298.19543
298.28974
298.19492
298.31793
298.20411
298.31592
298.31592
298.20418
298.23407
298.22091
298.23417
298.22918
298.23573
298.22923
298.31261
298.31261
298.31169
298.31169
298.21137
298.28949
298.22917
298.20532
298.20636
298.21557
298.21406
298.21684
298.22975
298.23237
298.23104
298.22524
298.19944
298.27269
298.19734
298.26819
298.26819
298.31826
298.31826
298.29471
298.29095
298.29095
298.26876
298.26876
298.23644
298.27024
298.27024
298.28679
298.28158
298.28145
298.28145
298.28392
298.28392
298.28289
298.28717
298.28717
298.28289
298.2883
298.2883
298.31683
298.31683
298.2348
298.32122
298.32122
298.32435
298.20603
298.32297
298.32297
298.2296
298.21081
298.22907
298.22973
298.21178
298.22526
298.23718
298.23953
298.23721
298.23809
298.23277
298.23244
298.20017
298.33238
298.22221
298.20066
298.33104
298.21298
298.22546
298.21059
298.31676
298.23254
298.33104
298.23013
298.30125
298.22295
298.28761
298.31676
298.21681
298.28632
298.29703
298.29703
298.30125
298.29592
298.29592
298.28772
298.29091
298.29052
298.2938
298.29181
298.28632
298.2938
298.19424
298.28772
298.19149
298.32234
298.20322
298.32192
298.32192
298.20381
298.23379
298.21652
298.2326
298.22958
298.23587
298.22947
298.31406
298.31406
298.31125
298.31125
298.21069
298.29181
298.2293
298.21019
298.21671
298.21941
298.21958
298.22477
298.23321
298.23937
298.23861
298.23838
298.19866
298.26757
298.20381
298.27614
298.27614
298.32675
298.32675
298.29446
298.30589
298.30589
298.27254
298.27254
298.24936
298.28504
298.28504
298.28602
298.28783
298.29728
298.29728
298.29442
298.29442
298.29164
298.29032
298.29032
298.29164
298.2966
298.2966
298.32268
298.32268
298.23998
298.32496
298.32496
298.32223
298.21539
298.32602
298.32602
298.22918
298.21376
298.22967
298.22487
298.20971
298.22636
298.23742
298.23953
298.23796
298.2335
298.2358
298.2363
298.20162
298.33059
298.22449
298.20447
298.33684
298.21121
298.22964
298.21358
298.32639
298.23121
298.33684
298.24075
298.30166
298.21165
298.28973
298.32639
298.2125
298.29508
298.29548
298.29548
298.30166
298.29944
298.29944
298.30223
298.28892
298.29026
298.29683
298.296
298.29508
298.29683
298.19157
298.30223
298.1968
298.32039
298.204
298.31942
298.31942
298.20284
298.23199
298.21718
298.2324
298.22943
298.23568
298.22941
298.31303
298.31303
298.31165
298.31165
298.21079
298.296
298.23346
298.21745
298.20602
298.22331
298.21018
298.21159
298.23892
298.22929
298.22868
298.22789
298.20019
298.27154
298.19255
298.25874
298.25874
298.30922
298.30922
298.30346
298.28803
298.28803
298.28011
298.28011
298.24914
298.26739
298.26739
298.29013
298.28955
298.27143
298.27143
298.27984
298.27984
298.29255
298.30639
298.30639
298.29255
298.30362
298.30362
298.32382
298.32382
298.24614
298.31057
298.31057
298.33073
298.23927
298.3415
298.3415
298.23087
298.21838
298.23146
298.23011
298.21832
298.23889
298.23927
298.23936
298.23858
298.24177
298.24979
298.25137
298.21022
298.33273
298.22936
298.21346
298.32283
298.21769
298.2467
298.22429
298.34302
298.24572
298.32283
298.2386
298.28074
298.21877
298.30477
298.34302
298.2328
298.31525
298.3063
298.3063
298.28074
298.29247
298.29247
298.27533
298.31396
298.30403
298.31395
298.29677
298.31525
298.31395
298.19671
298.27533
298.19571
298.32539
298.203
298.31557
298.31557
298.20466
298.23292
298.22063
298.23364
298.23007
298.2362
298.23041
298.31916
298.31916
298.32025
298.32025
298.21498
298.29677
298.26029
298.21314
298.20782
298.22454
298.23291
298.23831
298.23996
298.23721
298.2383
298.23834
298.23259
298.23972
298.23422
298.21038
298.21699
298.22322
298.23704
298.23779
298.24341
298.24262
298.24264
298.24063
298.24128
298.23907
298.24002
298.23264
298.23851
298.23209
298.21677
298.21686
298.21649
298.21919
298.22274
298.22138
298.23692
298.23036
298.24257
298.24309
298.2423
298.24086
298.23939
298.23937
298.2382
298.23874
298.23689
298.23757
298.22981
298.23604
298.22761
298.21968
298.22253
298.2233
298.22842
298.22391
298.22668
298.22117
298.22263
298.22122
298.242
298.23235
298.24193
298.23929
298.24111
298.23944
298.23723
298.2382
298.23747
298.2368
298.23629
298.2369
298.22556
298.23535
298.22573
298.22565
298.22525
298.22577
298.22608
298.22603
298.2255
298.22136
298.21248
298.21635
298.24198
298.2216
298.2321
298.24061
298.24274
298.24229
298.23836
298.24093
298.23962
298.23753
298.23755
298.2381
298.22842
298.23767
298.23224
298.22292
298.21924
298.21884
298.22611
298.21904
298.22745
298.21986
298.19714
298.20876
298.24244
298.21953
298.23413
298.24046
298.24178
298.24141
298.23807
298.2391
298.23939
298.23477
298.24011
298.23594
298.21387
298.21906
298.21433
298.2224
298.19942
298.21038
298.24097
298.2231
298.23442
298.24096
298.23719
298.2383
298.23453
298.22901
298.23006
)
;
        refGradient     uniform 0;
        valueFraction   nonuniform List<scalar> 
4936
(
0.061266571
0.10809254
0.046017002
0.054257961
0.023724835
0.060414952
0.029211298
0.057929608
0.046692322
0.060747326
0.0607946
0.050297782
0.029267082
0.029078152
0.021935076
0.060485859
0.023783417
0.052924526
0.054406416
0.044048496
0.046150448
0.10691722
0.060977573
0.10886318
0.048856803
0.061667425
0.057729761
0.061250394
0.056692029
0.051260893
0.11518058
0.050291218
0.028930567
0.042706511
0.052964981
0.021681283
0.060463534
0.10971086
0.046136629
0.054313421
0.02347617
0.061231869
0.029398604
0.057216286
0.061728721
0.061631971
0.061415321
0.050168079
0.029008117
0.02949854
0.021247625
0.060789006
0.023553124
0.051500158
0.054481241
0.042169384
0.046251564
0.10675077
0.060628527
0.10969003
0.050107043
0.056895782
0.05700814
0.061938409
0.056905592
0.049888469
0.10572145
0.050262174
0.029009583
0.042552822
0.051695623
0.021390367
0.060559876
0.10960048
0.046159686
0.054445833
0.023655373
0.060542478
0.029408947
0.056916644
0.061988041
0.061977259
0.061040939
0.050185853
0.028992597
0.02944111
0.021256029
0.060983448
0.023596878
0.051813626
0.054508651
0.042316903
0.046346178
0.10754904
0.060698158
0.10998734
0.05022
0.056824617
0.057171813
0.061730231
0.057375959
0.050199053
0.10537865
0.050044724
0.029038951
0.042296406
0.051892341
0.021381166
0.061097933
0.10807149
0.046002058
0.054393745
0.023559804
0.060857613
0.029365796
0.057280935
0.061627914
0.061239035
0.061566716
0.050165841
0.028952073
0.029420277
0.021422008
0.061697499
0.0235574
0.051847668
0.054477396
0.042304771
0.046177685
0.10617651
0.06100143
0.10881815
0.050247955
0.056885632
0.057165562
0.061572891
0.057271277
0.050080423
0.10693394
0.050017911
0.029113202
0.042497631
0.051917301
0.021397678
0.060715395
0.10940588
0.046154045
0.054363908
0.023516814
0.061427975
0.029441464
0.05763072
0.061188546
0.061441464
0.061510063
0.050203855
0.028971587
0.029562944
0.021439044
0.061137882
0.023539955
0.051898983
0.054497501
0.04246242
0.046221002
0.10806548
0.060888709
0.10926149
0.049752689
0.057285169
0.057436315
0.061218775
0.057233625
0.050139513
0.10684655
0.050350523
0.029022465
0.04252739
0.051887585
0.021210576
0.061180922
0.10796219
0.045946184
0.054405958
0.023514895
0.060618165
0.029328756
0.058000308
0.061056853
0.061581694
0.061300351
0.050005965
0.029067159
0.029413403
0.021353647
0.061235293
0.023685281
0.051897855
0.054536863
0.042515976
0.046302738
0.107579
0.060785438
0.10953583
0.050048204
0.05753734
0.057278493
0.061641431
0.057065415
0.049973921
0.10703464
0.050341325
0.029056428
0.042414235
0.051865564
0.021278908
0.06037339
0.11008647
0.04617893
0.054434849
0.023552986
0.060794381
0.029359679
0.057625285
0.06094631
0.061570966
0.061083085
0.050275335
0.02904061
0.029555836
0.021429913
0.061087683
0.023643026
0.051896446
0.054526679
0.042389077
0.046351306
0.10781594
0.060705712
0.10973541
0.049944049
0.057743913
0.057650707
0.061223223
0.056904928
0.050199388
0.10703392
0.049897996
0.029077056
0.042496993
0.051935896
0.021432104
0.061086168
0.10880414
0.046134943
0.054402657
0.023621156
0.060721092
0.029386171
0.057341437
0.061356471
0.061446238
0.061513134
0.050356482
0.029021048
0.029374236
0.021199919
0.061175143
0.023565786
0.051840442
0.054536347
0.042344626
0.046325706
0.1070721
0.060966643
0.10934825
0.050238527
0.057099026
0.057369679
0.061245537
0.057130391
0.05031006
0.1097272
0.05023659
0.029022809
0.04261794
0.051951191
0.021434703
0.060826007
0.10909974
0.046156257
0.054418018
0.023517947
0.060785905
0.029325514
0.057560998
0.061317056
0.061755779
0.061549606
0.050234928
0.029071991
0.029419025
0.021316327
0.060984477
0.023704336
0.051831805
0.054538979
0.042295009
0.046107501
0.10599253
0.061061614
0.10859765
0.050335634
0.057224015
0.057868376
0.061071901
0.057316105
0.04991092
0.10716605
0.05028383
0.028992283
0.042474751
0.051901181
0.021236871
0.060875566
0.10882797
0.046120525
0.054453909
0.023686137
0.060521899
0.029320961
0.057621824
0.061346111
0.061347393
0.061873658
0.050185986
0.029049201
0.029388775
0.021342732
0.060774211
0.023689356
0.051862152
0.054588822
0.04232993
0.046329201
0.10691839
0.061064782
0.10924255
0.050215235
0.05711714
0.057461556
0.061324128
0.057020085
0.050366259
0.10625035
0.050070358
0.028928207
0.042298592
0.051875436
0.021318023
0.060962173
0.10882155
0.046116175
0.054423304
0.023583517
0.061086201
0.029449237
0.057738989
0.061155341
0.061399205
0.061689662
0.050119552
0.029090169
0.029291824
0.021451276
0.061028422
0.023593764
0.05190471
0.054556954
0.042297469
0.046325386
0.10629013
0.060492623
0.11010841
0.050095023
0.057497704
0.057568454
0.06116435
0.057035866
0.050034737
0.10644055
0.050245838
0.028968612
0.042391752
0.051855754
0.021222541
0.061093015
0.1087019
0.046120902
0.054387423
0.023441268
0.061068393
0.0293405
0.057479992
0.061104356
0.06178474
0.061189459
0.050259445
0.029085232
0.029481812
0.021369213
0.060893796
0.023669264
0.051871521
0.054519109
0.042421678
0.046095238
0.10692703
0.061605322
0.10796503
0.050484537
0.056977341
0.057348143
0.061453021
0.057309111
0.049993512
0.10728722
0.050000658
0.028959097
0.042385674
0.051901274
0.021355535
0.060719034
0.10972218
0.04621607
0.054407469
0.02357368
0.060936215
0.029433973
0.057437401
0.061048345
0.061405138
0.061573848
0.050262202
0.028961841
0.029379972
0.021336716
0.061100584
0.023530025
0.05187947
0.054504467
0.042415607
0.046152511
0.10741267
0.06122861
0.10849353
0.050207122
0.057525143
0.05747026
0.061494795
0.056906542
0.050202667
0.10646668
0.050104316
0.028960827
0.04226756
0.051910595
0.021354865
0.061154824
0.10788946
0.045913356
0.054401302
0.023567052
0.060775388
0.029473618
0.05750811
0.061217925
0.061248218
0.061463255
0.0499178
0.02893483
0.029471169
0.021357061
0.061051541
0.023538169
0.051886475
0.054495071
0.042404468
0.046075465
0.10632385
0.061289696
0.10812982
0.050210283
0.057113267
0.057508946
0.061536017
0.057478357
0.049807654
0.10682565
0.050173318
0.028963229
0.042469089
0.051901436
0.021249055
0.060890128
0.10842097
0.046026368
0.054421398
0.023657966
0.060753118
0.029345342
0.057056281
0.061804283
0.061407231
0.061797603
0.050335804
0.029002832
0.02939245
0.021394387
0.060969389
0.023670874
0.051899603
0.054533415
0.042368471
0.046273792
0.10685023
0.061158672
0.1091207
0.05001279
0.057493379
0.057561814
0.061454718
0.057118644
0.050164227
0.10703392
0.050358041
0.028989942
0.042462597
0.051921267
0.021367593
0.061164006
0.10863064
0.046128816
0.054405194
0.023556033
0.061063929
0.029393185
0.057021977
0.061710268
0.06157227
0.06134891
0.050512777
0.029074476
0.029436067
0.021394659
0.061315883
0.023572876
0.05192492
0.054475495
0.042588263
0.046071164
0.10827635
0.061253482
0.10824976
0.049939851
0.057171227
0.056902949
0.061683451
0.057557352
0.049735274
0.10954711
0.050177289
0.029035171
0.04273928
0.051977666
0.021452539
0.060873646
0.10911919
0.04605133
0.054354293
0.023413459
0.061315694
0.029356202
0.057434915
0.061345723
0.06178925
0.061271168
0.049941098
0.028994681
0.029410583
0.021412801
0.061427694
0.023566419
0.051911222
0.054499179
0.042324556
0.046152762
0.10623992
0.061053819
0.10882127
0.050038873
0.05764376
0.057283673
0.06125377
0.056893058
0.050245156
0.10650353
0.050093388
0.029073059
0.042514794
0.051898836
0.021258681
0.060396094
0.1094759
0.046091241
0.054398669
0.023622788
0.060982308
0.029349238
0.057352855
0.061576638
0.061678081
0.061661141
0.049807849
0.029066768
0.029391059
0.021361019
0.061119131
0.02352487
0.051905953
0.054491309
0.04229105
0.046083612
0.10667535
0.061473391
0.1078937
0.050043462
0.057545049
0.057441277
0.06131938
0.056904748
0.050237373
0.1060862
0.050054704
0.028944453
0.04232846
0.051917366
0.021523991
0.061111239
0.10867185
0.046092296
0.054426941
0.023586678
0.060875471
0.029444363
0.057586417
0.061068263
0.061325431
0.061507153
0.050091747
0.028882632
0.029482776
0.021363763
0.061874654
0.023507994
0.051956447
0.054445013
0.042485648
0.046072756
0.10740413
0.061309147
0.10816002
0.050093996
0.057072687
0.057549641
0.061716216
0.057342086
0.050039141
0.10736888
0.050118856
0.029083679
0.042433893
0.051890022
0.021269434
0.061102962
0.10843345
0.046046878
0.054397787
0.023585994
0.060871662
0.029406093
0.057035064
0.061743487
0.06161106
0.061585538
0.049860985
0.028960741
0.029376869
0.02138965
0.060963658
0.02350891
0.051956355
0.054444321
0.042469815
0.045993075
0.10789857
0.061569473
0.10764621
0.050241262
0.057013373
0.057419879
0.061447991
0.057360307
0.050199538
0.10688191
0.050254659
0.028976115
0.042366752
0.051943238
0.02140787
0.060948902
0.10819203
0.045971813
0.054399013
0.023611166
0.061106716
0.029449496
0.057172172
0.061667313
0.061390738
0.06156304
0.04992956
0.029038899
0.02941124
0.021253282
0.060900763
0.023662434
0.051910911
0.054511659
0.042463652
0.046177895
0.10756851
0.060997155
0.10923215
0.050049668
0.057235351
0.057513002
0.061234306
0.057340083
0.049967307
0.107633
0.050242733
0.029013558
0.042456708
0.05198529
0.021594848
0.060852778
0.10913009
0.046175892
0.054429796
0.023580408
0.060548925
0.029392184
0.057663294
0.061173486
0.060997193
0.061806527
0.050178613
0.028982623
0.029351597
0.021340367
0.06134908
0.023546968
0.051912518
0.054506635
0.042563866
0.046097964
0.10842198
0.061446933
0.1080542
0.050165221
0.05698147
0.057061669
0.061563532
0.057624494
0.049983433
0.10667242
0.049908489
0.02897222
0.042406176
0.051925472
0.021436302
0.061381097
0.10793462
0.046068312
0.054358791
0.023522903
0.061308619
0.029471585
0.057023555
0.061766587
0.061449855
0.061321404
0.049944966
0.028967162
0.029400355
0.021249194
0.060965386
0.023682195
0.05189918
0.054538674
0.042304922
0.046081912
0.10631341
0.060697891
0.10888161
0.049892746
0.057326921
0.057430612
0.061163846
0.057305261
0.050174547
0.10697284
0.050338746
0.028908621
0.042409355
0.051955463
0.02134425
0.060983169
0.10860472
0.04601211
0.054416695
0.023529718
0.060642975
0.029362639
0.057715891
0.061276702
0.061702643
0.061361736
0.049845723
0.028955136
0.029383502
0.021327214
0.061549346
0.023678189
0.051944269
0.054544847
0.042532807
0.046345409
0.10783235
0.060506921
0.11046085
0.050024465
0.057114866
0.057636162
0.061324108
0.057048046
0.050269081
0.10703082
0.050166121
0.028920459
0.042449565
0.051900651
0.021204076
0.060619129
0.1092928
0.046044526
0.054409575
0.023460454
0.060927851
0.029485322
0.057058526
0.061529198
0.061216528
0.061610041
0.049938642
0.029089091
0.029474079
0.021262612
0.060868598
0.023679327
0.05188893
0.054549008
0.042252709
0.046316264
0.10675075
0.060752668
0.10964718
0.05032695
0.057248398
0.057429999
0.061762874
0.056907673
0.050373316
0.10762213
0.049900016
0.029031686
0.042403629
0.051934289
0.021370569
0.060126583
0.11026543
0.046164728
0.054389439
0.023574508
0.061441785
0.029428445
0.057139665
0.061793249
0.0617529
0.061185891
0.050097419
0.029009298
0.029477413
0.021424629
0.061317966
0.023648431
0.051880822
0.054504327
0.042371332
0.046179854
0.10769125
0.06111815
0.10871489
0.050208285
0.056953932
0.057513952
0.061356792
0.057447257
0.050114989
0.10774237
0.050173841
0.029000426
0.042510985
0.051947901
0.021373524
0.060919048
0.1090358
0.046131663
0.054381191
0.023514176
0.061546247
0.029382671
0.057432258
0.061214283
0.061589283
0.061473197
0.050183999
0.029033772
0.029384283
0.021324154
0.061341385
0.023558913
0.051871362
0.05447697
0.042383383
0.04620589
0.1069214
0.060833352
0.10933194
0.049884331
0.057543591
0.056904786
0.06182772
0.057230788
0.050035727
0.10656082
0.050214634
0.029032511
0.042437892
0.051910921
0.02132715
0.060939921
0.10912227
0.046169089
0.054394717
0.023578218
0.061027798
0.029387691
0.057494044
0.061325081
0.06160886
0.061412866
0.050475552
0.029006184
0.029464364
0.021249205
0.061203304
0.023553406
0.051871274
0.054492008
0.042367973
0.046124122
0.10730908
0.060771184
0.10911881
0.049990881
0.057585089
0.057178457
0.061532404
0.05733626
0.049812983
0.10588063
0.049962369
0.029036397
0.042306311
0.051940943
0.021374897
0.060838788
0.10867876
0.046077432
0.054322294
0.023456608
0.061797857
0.029438923
0.057544671
0.061157206
0.061140901
0.061830563
0.050287086
0.029020173
0.029444407
0.021342279
0.060961034
0.023620147
0.05193452
0.054527512
0.042544753
0.046155812
0.10811451
0.061233835
0.10884243
0.050134015
0.05703186
0.057192682
0.061422104
0.057187089
0.050122278
0.1078704
0.050417224
0.028989155
0.042374023
0.051928548
0.021327646
0.061035396
0.10837472
0.045989001
0.054356773
0.023507365
0.060517723
0.029466378
0.058215346
0.060713153
0.060812415
0.061724191
0.049975872
0.029023554
0.029470491
0.021338824
0.060718478
0.023591969
0.0518762
0.054487758
0.04225086
0.046155213
0.10724697
0.060753767
0.10924222
0.050047813
0.057911158
0.057455402
0.061379947
0.05669895
0.050148596
0.10732981
0.050090373
0.029021573
0.042392474
0.051907577
0.021424203
0.060649417
0.10854353
0.045837031
0.054182774
0.023400192
0.060866825
0.029336888
0.057038822
0.061324891
0.061440915
0.061039787
0.049842943
0.029088499
0.029414488
0.021205231
0.06072667
0.023522808
0.051735445
0.054217132
0.04220462
0.046015077
0.1059322
0.060934783
0.10871679
0.049792758
0.057229776
0.05736991
0.061232687
0.057177014
0.049936915
0.10604434
0.049926959
0.029016781
0.042319666
0.051775253
0.021246651
0.059044386
0.10550531
0.044352967
0.052308507
0.022767356
0.058438912
0.028573356
0.055957739
0.060229623
0.060312656
0.059781282
0.04899741
0.028294571
0.028608955
0.020870213
0.059189962
0.022853345
0.050656182
0.052240598
0.041620883
0.044389348
0.10558125
0.05897823
0.10598134
0.048750787
0.055772458
0.055857944
0.059933545
0.056017887
0.048592234
0.10370567
0.049097656
0.02824412
0.04143293
0.050699436
0.020995824
0.043102542
0.083305439
0.0014451464
0.033682862
0.0015196632
0.041814791
0.04443778
0.0013694076
0.017522897
0.022455982
0.045581846
0.04848427
0.0013720968
0.0016766299
0.0018450915
0.0018737067
0.001790052
0.0015983445
0.049220137
0.049252392
0.039067967
0.022519794
0.0013262818
0.0017269689
0.0019129312
0.0019486117
0.0019533349
0.0019388531
0.0018576096
0.0015608602
0.022708901
0.016767351
0.0016072777
0.0018944142
0.0019540084
0.001964911
0.001966434
0.0019618349
0.0019382584
0.0017868697
0.044204574
0.017444127
0.0013650284
0.044698939
0.0017065544
0.001930141
0.0019618048
0.0019683462
0.0019692764
0.0019664509
0.0019531623
0.0018720179
0.040721361
0.0015084057
0.035312711
0.0016566465
0.0019200706
0.001959748
0.001967432
0.0019684688
0.0019651271
0.0019489656
0.0018459386
0.034710233
0.0014401198
0.083048729
0.0014683932
0.0018435369
0.0019425854
0.001960057
0.0019622561
0.0019546333
0.0019141001
0.0016839108
0.044736196
0.08327347
0.038715558
0.044349607
0.0016209939
0.0018459029
0.0019211627
0.0019314401
0.0018962826
0.0017302924
0.045310506
0.047722923
0.0013809895
0.045149677
0.037984404
0.082225208
0.0014684271
0.0016593071
0.0017117813
0.0016184588
0.038471353
0.022310216
0.0013296515
0.035311682
0.044843186
0.01753873
0.022533367
0.038660138
0.0013310956
0.0013309758
0.017072174
0.0014660181
0.001614295
0.0015049938
0.040862249
0.0016592593
0.0017110782
0.0014736649
0.034994799
0.0017178581
0.0016750466
0.082950806
0.0016410519
0.0015060712
0.038793245
0.0013619575
0.04594761
0.047948866
0.04470455
0.0013800877
0.0015722207
0.0015930234
0.0017276583
0.0014016436
0.0017367983
0.0016070239
0.046191736
0.0013700354
0.039001581
0.083197894
0.043206119
0.0015721556
0.0014619672
0.0016750712
0.001323326
0.0016794793
0.0014821729
0.083352246
0.0013303842
0.035234848
0.0014481123
0.034157748
0.0014626166
0.0014977918
0.044373504
0.0014983074
0.040972671
0.0015003234
0.0014413344
0.01708971
0.0013181047
0.044162313
0.017768303
0.0013421964
0.022396203
0.001678334
0.0013329298
0.0015834623
0.0014847194
0.0015823621
0.0013474691
0.022373598
0.038049063
0.047776848
0.0013974895
0.047617822
0.0017399113
0.0014261613
0.0016039638
0.0016045008
0.0015764853
0.0013871649
0.048348021
0.045018647
0.0220656
0.0013487878
0.0016125381
0.043878398
0.001341784
0.016904346
0.0017092455
0.0014414567
0.0015005739
0.044636438
0.0016640014
0.0015080926
0.001450141
0.035935976
0.083434279
0.0014711841
0.044798177
0.0013424328
0.023642367
0.023580305
0.054248962
0.046067163
0.05424984
0.045936608
0.054199557
0.045835891
0.023437413
0.029168023
0.04991198
0.029431011
0.050535911
0.057224382
0.060866625
0.10877834
0.1075382
0.061214044
0.10747461
0.050548833
0.057108977
0.029246557
0.05043268
0.056671864
0.050958101
0.057744727
0.062531446
0.061925389
0.057558584
0.050499999
0.06218413
0.057980753
0.050026661
0.061413485
0.057550126
0.050220995
0.1060861
0.059637642
0.029199388
0.10684896
0.059878725
0.10773995
0.029297526
0.10843026
0.06073424
0.042948547
0.021291901
0.042235606
0.046039461
0.023494067
0.045990839
0.053613362
0.051340358
0.051358636
0.054419869
0.054368858
0.054450865
0.022085018
0.060064797
0.042254454
0.021372875
0.060117333
0.023708739
0.046192555
0.023678022
0.060739026
0.02908623
0.1070003
0.029235407
0.050481735
0.029130612
0.0500642
0.10932273
0.029383754
0.050244812
0.064042844
0.059122219
0.054905654
0.058038998
0.061276799
0.057384926
0.060749272
0.05727318
0.061203002
0.057276237
0.057112897
0.061605683
0.025885556
0.049072255
0.029429604
0.058958717
0.021732739
0.10386076
0.061113603
0.021578894
0.052748015
0.042614292
0.051511704
0.042850918
0.051488872
0.042468498
0.10667282
0.058840386
0.1077638
0.059369018
0.021349259
0.049945392
0.028951772
0.023594691
0.023544359
0.054353185
0.046119783
0.05441976
0.045935101
0.054409656
0.046163914
0.02362697
0.029403103
0.050228885
0.02937021
0.050330659
0.056884288
0.060382494
0.10974506
0.10774525
0.060562715
0.10990314
0.050465722
0.056978198
0.029452028
0.050443903
0.057157796
0.061890129
0.057499642
0.061087136
0.061991002
0.057690102
0.050143629
0.061606635
0.057370018
0.050472371
0.061243582
0.057510371
0.050370956
0.1069085
0.05998485
0.029007527
0.10697736
0.059798091
0.10919458
0.029508722
0.10930336
0.060737735
0.042216742
0.021220935
0.042306201
0.046109191
0.023571349
0.046123137
0.051478608
0.051689668
0.051682445
0.054545801
0.054518388
0.054556632
0.021337604
0.060430979
0.042284841
0.021382905
0.059906135
0.023704202
0.046270623
0.023670098
0.060543631
0.029204847
0.10731612
0.028980257
0.050198947
0.029417834
0.050384986
0.10968939
0.029436559
0.050374566
0.060232235
0.061207797
0.056971225
0.061401601
0.061348313
0.057102489
0.060992579
0.057444348
0.06113308
0.057450765
0.057111872
0.061865341
0.029133617
0.05009813
0.028989994
0.060375852
0.021477843
0.10633561
0.060054658
0.021360431
0.051742891
0.042480727
0.051861066
0.042417764
0.05183793
0.042362603
0.10714097
0.059992834
0.10702469
0.059956753
0.021391039
0.050174647
0.028984447
0.023620448
0.023570958
0.054440785
0.046068336
0.054415388
0.04618672
0.054433925
0.046137771
0.023615025
0.029343762
0.050287449
0.029399908
0.050130846
0.057220172
0.061352474
0.10822127
0.1097831
0.060522859
0.10950166
0.050482733
0.056947238
0.029394825
0.050540681
0.057128967
0.061011322
0.05768923
0.061319747
0.061627593
0.057472508
0.050104815
0.061907259
0.057637317
0.050273207
0.061258013
0.057496695
0.050260686
0.10687287
0.060015892
0.0289315
0.10717285
0.060029057
0.10906361
0.029429741
0.10804036
0.06151847
0.042381181
0.021448746
0.04247562
0.046171487
0.023596946
0.046105959
0.051820083
0.051862014
0.051856122
0.05455574
0.054484347
0.054531957
0.021366653
0.059766725
0.042259115
0.021284456
0.059931092
0.023771609
0.046287051
0.023700677
0.060879001
0.028973668
0.10686077
0.028967314
0.050177179
0.02937197
0.050373397
0.109517
0.029440351
0.050408631
0.061577021
0.061086045
0.056842535
0.061660459
0.061181984
0.057413239
0.061583225
0.057381948
0.060949853
0.057758172
0.056943443
0.061746862
0.028987498
0.050159655
0.028909126
0.060577818
0.021197694
0.10561234
0.060453374
0.021197398
0.05187666
0.042340276
0.051904257
0.042364911
0.051913758
0.04241124
0.10738037
0.059766996
0.10737473
0.059904302
0.021366262
0.050085329
0.029109399
0.023493845
0.023539688
0.054394361
0.046109612
0.054411399
0.046103998
0.054367061
0.046048206
0.023549337
0.02936184
0.050073063
0.029277028
0.050340461
0.05704658
0.06040648
0.10954727
0.10882852
0.061451145
0.10808952
0.050347341
0.057530573
0.02939506
0.050340566
0.057501661
0.061390429
0.057266026
0.061164322
0.061984514
0.057328147
0.050281985
0.061100636
0.057034993
0.050402261
0.061671908
0.057093233
0.050419879
0.10641603
0.060373164
0.029000497
0.10570196
0.060614253
0.1077033
0.029461439
0.108164
0.06137115
0.04239398
0.021272029
0.04226194
0.046056531
0.023555736
0.046076836
0.051845601
0.051843447
0.051863222
0.054499971
0.054476955
0.054506208
0.021286065
0.060381922
0.04236869
0.02135379
0.060360564
0.023613519
0.046208938
0.023650814
0.060915592
0.028963718
0.10645163
0.028977097
0.050150898
0.029434289
0.050385208
0.10902248
0.029340987
0.050442929
0.061491292
0.061463348
0.057126465
0.061485094
0.06167902
0.05715556
0.06095618
0.057661488
0.061831565
0.05701369
0.057526644
0.061407354
0.028821335
0.050195755
0.028949786
0.059768761
0.021343372
0.10689614
0.05986748
0.021343625
0.051947919
0.042477509
0.051937552
0.0424228
0.051903283
0.042328312
0.10686717
0.060161063
0.10644391
0.060171095
0.021289215
0.050147794
0.029020664
0.023620816
0.02358682
0.054411131
0.046089529
0.054387406
0.046002996
0.054372888
0.045976741
0.023456491
0.029369873
0.050291084
0.029466071
0.050045767
0.058246542
0.060957629
0.10880847
0.10805038
0.061029047
0.10808059
0.050206352
0.057417816
0.029373661
0.050122918
0.057514208
0.061402979
0.056902227
0.061767977
0.060783325
0.056910752
0.04992589
0.061510926
0.057453705
0.050416337
0.06149059
0.057475528
0.050245926
0.10762834
0.059829853
0.029001677
0.10784262
0.059702208
0.10868317
0.029486939
0.10908135
0.060985004
0.042442157
0.021452218
0.042505339
0.046097498
0.023625894
0.046178104
0.051904651
0.051900126
0.051907831
0.054528291
0.054522182
0.054529704
0.021402768
0.059505299
0.042479347
0.021313231
0.059303216
0.02364584
0.046158812
0.02360642
0.061175905
0.028984811
0.10812719
0.029006633
0.050134687
0.029415985
0.050548824
0.10829454
0.029373357
0.050543359
0.061420573
0.061554117
0.05723065
0.061433522
0.061625988
0.057262738
0.061785977
0.056877954
0.061781108
0.057029904
0.057288207
0.06150425
0.028928844
0.050078809
0.02895453
0.060044213
0.021420647
0.10751859
0.059690448
0.021439705
0.051929997
0.042494545
0.051925554
0.042246975
0.051870257
0.042207508
0.10571141
0.060526041
0.10561184
0.060416739
0.021234116
0.050300234
0.029017007
0.023416543
0.023513149
0.054377626
0.046035714
0.054410408
0.046043515
0.054409598
0.046046032
0.023477022
0.029433206
0.050066619
0.029440905
0.050168916
0.057900671
0.060829349
0.10865898
0.10908546
0.060909556
0.10857501
0.050217449
0.057379482
0.029349593
0.050341396
0.057289418
0.061786875
0.057161748
0.061946
0.060951694
0.056947168
0.050172661
0.061825671
0.05747855
0.050146303
0.061425244
0.057402932
0.05037132
0.10699921
0.059908914
0.029057531
0.10714614
0.060107109
0.1088278
0.029461491
0.10916331
0.061110916
0.04241618
0.021438859
0.042466152
0.046232978
0.023686899
0.04625545
0.05192592
0.051914497
0.051934439
0.054552719
0.05453378
0.054579036
0.021321699
0.059730069
0.042489068
0.021410141
0.059573485
0.023704739
0.046378582
0.023774601
0.060479718
0.029019709
0.10816338
0.029015761
0.049798257
0.029338292
0.050402941
0.1104301
0.029412895
0.050428656
0.060790201
0.061671176
0.05775048
0.061072362
0.061716675
0.056836638
0.061480673
0.057111288
0.061598562
0.056883988
0.057580144
0.061217381
0.02895368
0.050246762
0.029006857
0.059912721
0.021347783
0.10685104
0.060200309
0.021417352
0.05190866
0.042446815
0.051905214
0.042270034
0.051879842
0.042415765
0.10611442
0.060345568
0.10641713
0.060453577
0.021356692
0.050361479
0.029085252
0.02363998
0.023581219
0.054454006
0.046145013
0.054453767
0.04609215
0.054446536
0.046198788
0.02367734
0.029451997
0.050135373
0.029505695
0.050165672
0.057377334
0.060618266
0.10972295
0.10880062
0.0607407
0.10970936
0.050617959
0.05699155
0.029369108
0.050486496
0.056973723
0.061732788
0.056984919
0.061478614
0.061315929
0.057112057
0.050452041
0.061784695
0.057675555
0.050250344
0.061137414
0.057901516
0.049829313
0.10688821
0.060315116
0.029036557
0.10687645
0.060137048
0.10909384
0.029506032
0.10837689
0.061134748
0.042447225
0.021307513
0.042388232
0.046194307
0.023528925
0.046074579
0.051920614
0.051867915
0.051913543
0.054578764
0.054527322
0.054578794
0.021414899
0.059643787
0.042336043
0.021334672
0.05990785
0.023759565
0.046417547
0.02381908
0.060471176
0.029064016
0.10700754
0.029055812
0.050146746
0.029384751
0.05043302
0.1104647
0.029356259
0.050441286
0.06082507
0.061601101
0.057447591
0.0608464
0.061538938
0.057028036
0.061542042
0.057237898
0.061540387
0.057383343
0.057380725
0.061492562
0.029052234
0.05015597
0.029040915
0.060274029
0.021496515
0.10869702
0.059471115
0.021592074
0.051927446
0.042601627
0.051989153
0.042549207
0.051983478
0.042656237
0.1081411
0.059601482
0.10890937
0.059512218
0.021570899
0.049844874
0.029084111
0.023582551
0.023683821
0.054426323
0.046175704
0.054421029
0.046145087
0.054398486
0.046094758
0.02355881
0.02948995
0.050140199
0.029382875
0.050167429
0.057438669
0.061116904
0.10884255
0.10902031
0.060878114
0.10877643
0.050316972
0.057405466
0.029385576
0.050482591
0.057561564
0.061477654
0.057171352
0.061558175
0.06141769
0.057193768
0.050206521
0.061556517
0.057442008
0.050021023
0.061641485
0.056992961
0.050384389
0.10652277
0.060045816
0.029047806
0.10716392
0.059776839
0.10828161
0.029357524
0.10930297
0.061076131
0.042303088
0.021225866
0.042307791
0.046119723
0.023734007
0.04627749
0.051888477
0.051832046
0.05185397
0.054555208
0.054547121
0.054520505
0.021271702
0.059823342
0.042326141
0.021247842
0.060088183
0.02374576
0.046170531
0.023666137
0.061448657
0.028978227
0.10673822
0.029001714
0.050283543
0.029396761
0.050607342
0.10827082
0.029484301
0.050307217
0.06150911
0.061373225
0.057284861
0.061296766
0.061584101
0.057182922
0.061693217
0.05696924
0.061720376
0.056953107
0.057612502
0.061305991
0.029056259
0.049992766
0.029025477
0.058877885
0.021543082
0.10759685
0.059563094
0.021347165
0.051990638
0.042498608
0.051932673
0.042468785
0.051914737
0.042337185
0.10678475
0.060018059
0.10630488
0.060262908
0.021241081
0.050329651
0.029048576
0.023633622
0.023512607
0.05442557
0.046043404
0.054417022
0.046049936
0.054433248
0.046144822
0.023579395
0.029286002
0.050373945
0.029348435
0.050323608
0.057547457
0.06109964
0.10803202
0.10863626
0.060608801
0.1091826
0.050352502
0.057463612
0.029318689
0.050159449
0.057511638
0.061684684
0.056958639
0.06166783
0.061296865
0.056820246
0.050361414
0.061389572
0.057167072
0.050382996
0.061663721
0.057193611
0.050467126
0.10698999
0.060024081
0.029045616
0.10617398
0.060396475
0.109424
0.029446364
0.10916414
0.060835217
0.042325301
0.021327405
0.042292548
0.046296419
0.023614832
0.046223606
0.051837992
0.05183688
0.051848998
0.054507392
0.054549376
0.054511969
0.021274162
0.060444655
0.042346045
0.021308719
0.060367241
0.023571674
0.046137528
0.023566798
0.061154085
0.028930188
0.10619256
0.028916024
0.050257684
0.029523666
0.050207928
0.10840524
0.02942206
0.050393661
0.061581494
0.06137621
0.057226389
0.061550755
0.061588069
0.057014191
0.062030561
0.056854469
0.061959147
0.056791996
0.057507056
0.061240746
0.02911142
0.050298102
0.029068025
0.060008424
0.021353381
0.10689085
0.060108325
0.021349924
0.051917393
0.042406667
0.051890013
0.042340728
0.051894771
0.042331559
0.10687376
0.059780512
0.10675068
0.059952574
0.021314363
0.05041717
0.028917694
0.023584887
0.023587997
0.05444168
0.046141262
0.054451131
0.04625895
0.054448138
0.046177357
0.023640088
0.029352002
0.050167491
0.029350413
0.050236729
0.057608122
0.060487862
0.10952132
0.10999107
0.060736134
0.10938875
0.05009865
0.057548263
0.029423294
0.04998094
0.057662133
0.061569093
0.05711401
0.061603802
0.061309018
0.057203662
0.050010952
0.061235786
0.057158989
0.050349826
0.061894579
0.057136989
0.050590403
0.1068543
0.060023307
0.029096497
0.10777287
0.059743826
0.10948877
0.029287939
0.10948731
0.060622153
0.042362615
0.021436567
0.042509616
0.046257766
0.023678865
0.0462676
0.051856315
0.051895953
0.051865261
0.05457168
0.054590049
0.054620293
0.021204049
0.059817363
0.042307604
0.021219664
0.059595312
0.02374237
0.04641395
0.023831969
0.060477048
0.029013887
0.10718662
0.029042416
0.050276744
0.029354761
0.05023359
0.11070995
0.029407801
0.050148901
0.061523415
0.061324941
0.057222439
0.061445686
0.061243787
0.05733554
0.061672885
0.057003043
0.061483091
0.057250952
0.057430139
0.061419963
0.028978323
0.050068592
0.02904609
0.060180749
0.021246724
0.10613934
0.06039434
0.02134322
0.051868023
0.042312914
0.051859109
0.042332492
0.051866357
0.042365378
0.10556186
0.060614297
0.10611991
0.060313692
0.021282041
0.050158471
0.028935627
0.023585468
0.023622725
0.054427846
0.046123418
0.05441736
0.046104124
0.054409589
0.046045439
0.023565595
0.029389756
0.050260742
0.029474827
0.050302849
0.057867241
0.060976123
0.10887603
0.10851952
0.061269008
0.10810499
0.049979337
0.057499813
0.029358346
0.05026068
0.057171671
0.061775084
0.05706632
0.06199169
0.060830535
0.056902615
0.050260443
0.061839727
0.057266584
0.050508372
0.061137529
0.057571305
0.05018926
0.10777912
0.059791242
0.029075868
0.10692438
0.05977541
0.10852629
0.029453482
0.10868345
0.061326139
0.042511696
0.021323309
0.042362265
0.046185057
0.023632655
0.046191171
0.051867252
0.051876532
0.051868648
0.054581923
0.054532736
0.054515435
0.021336294
0.060391202
0.042372977
0.021357374
0.060508647
0.023727419
0.046174385
0.023588328
0.060947451
0.029068455
0.10648567
0.029078018
0.050240524
0.029412786
0.05031745
0.10886208
0.029456423
0.05043646
0.061006267
0.061531203
0.057333872
0.061060641
0.061475192
0.05699004
0.061643824
0.057015341
0.061623652
0.057165048
0.057537799
0.060987864
0.029043453
0.050056123
0.029041887
0.060392959
0.021400449
0.1070078
0.059812169
0.021290629
0.051870456
0.042377041
0.051900274
0.042394228
0.051861738
0.042372766
0.10667536
0.059972129
0.1061725
0.060294822
0.021258953
0.050046101
0.028990857
0.023586327
0.023651514
0.054417199
0.046146824
0.054422106
0.0459535
0.054392249
0.046008286
0.023483797
0.02944965
0.05038776
0.029396928
0.050536599
0.057327753
0.061237907
0.10861516
0.10771479
0.061010638
0.10835144
0.05016893
0.057356145
0.029473426
0.050057989
0.058076629
0.061443481
0.057103572
0.061451848
0.061196977
0.057146401
0.050112221
0.06129608
0.057548372
0.050271422
0.061703234
0.057194756
0.050292724
0.1075869
0.059754127
0.029032447
0.10689138
0.060223813
0.10958941
0.029442024
0.10889947
0.061006255
0.042426731
0.021420251
0.042436467
0.046240723
0.023595696
0.046166311
0.051873396
0.05186984
0.051890717
0.054479936
0.054505015
0.054478362
0.021337653
0.060003914
0.042414554
0.02139329
0.060081725
0.023591693
0.046111837
0.023588375
0.061743753
0.029015231
0.10695944
0.029023417
0.050299332
0.029502753
0.050168156
0.10781789
0.029497118
0.050154118
0.061487984
0.061360103
0.057275078
0.061230978
0.061430556
0.057341442
0.061274077
0.05748632
0.061268864
0.057325833
0.057479666
0.061592563
0.029072523
0.049993312
0.029139664
0.059828265
0.021344046
0.10663574
0.060156968
0.021350014
0.051914325
0.042319735
0.051893617
0.042409239
0.051913813
0.042395173
0.10696115
0.05997504
0.10755955
0.059492666
0.021302367
0.050107013
0.028911632
0.023673948
0.023600353
0.054436445
0.046132762
0.054419771
0.046072548
0.054403862
0.046074576
0.023557108
0.029355441
0.05044524
0.029439325
0.050243511
0.057562565
0.060768877
0.10949219
0.10871205
0.060984841
0.10853084
0.049991382
0.057833407
0.029406261
0.050149699
0.057568946
0.061863433
0.056703876
0.0618612
0.061130781
0.056830835
0.050380792
0.061642301
0.057414072
0.050179521
0.061522161
0.057271503
0.050455381
0.10625278
0.060510342
0.028898161
0.10726039
0.059877929
0.10819598
0.029373921
0.10805777
0.061213328
0.042433413
0.021344391
0.042479346
0.046060018
0.023521383
0.046058288
0.051901595
0.051896035
0.051889894
0.054510282
0.054499997
0.054520048
0.021368234
0.059763514
0.042407933
0.021228831
0.059834468
0.023649163
0.046127203
0.023581669
0.060908279
0.028998387
0.10678989
0.028921772
0.050229938
0.029427459
0.050307511
0.10880192
0.029403902
0.050227653
0.061143718
0.061686772
0.057331016
0.061277486
0.061748931
0.05694951
0.061448863
0.057084611
0.061530916
0.057123217
0.057568138
0.061504857
0.029042057
0.050211756
0.02893126
0.060003121
0.021200101
0.10641295
0.059945833
0.021199277
0.051886536
0.042315292
0.051914483
0.042356891
0.051910892
0.042309301
0.10669549
0.060027499
0.10631987
0.060206187
0.021323409
0.050115275
0.028992228
0.023408305
0.023364341
0.054379841
0.045900537
0.054372489
0.046087327
0.054414164
0.046148099
0.023587329
0.02947245
0.050114776
0.029346947
0.050141533
0.057243201
0.061069533
0.10769853
0.10898084
0.060713974
0.10942187
0.050249852
0.057488394
0.029439638
0.05020793
0.057378935
0.061591677
0.057362892
0.061338725
0.061712995
0.057525852
0.050010623
0.061155495
0.057189799
0.050416099
0.061497374
0.057465639
0.050282682
0.10690461
0.060072501
0.028961471
0.10648479
0.059988294
0.10848177
0.029519903
0.10945511
0.060835104
0.0423608
0.021337344
0.042294086
0.046090603
0.023595849
0.046177734
0.051888448
0.051876953
0.051878643
0.054491844
0.054524635
0.054507563
0.021270096
0.060257731
0.042377673
0.021354385
0.06028131
0.023509422
0.046218893
0.023665846
0.061201231
0.029016356
0.10675754
0.02909969
0.050265467
0.029460166
0.050173568
0.1088168
0.029424392
0.050268173
0.061444839
0.061458258
0.057108445
0.061395371
0.061427814
0.057482733
0.061414572
0.057182077
0.061515
0.056883809
0.057538602
0.061279907
0.028891566
0.049928893
0.02889875
0.059873421
0.021312649
0.10655027
0.060058175
0.021351393
0.051935638
0.042499297
0.05193069
0.042283724
0.051893962
0.042327057
0.10626074
0.060213011
0.10627237
0.060074513
0.021275733
0.050286734
0.028943659
0.023515418
0.023656998
0.054395578
0.046131833
0.054426145
0.046215976
0.054426481
0.046218973
0.023665102
0.029322204
0.050367406
0.029364796
0.05028217
0.05712299
0.061118339
0.10877821
0.10955696
0.060917741
0.10943074
0.050169786
0.057445396
0.029330989
0.050382324
0.05697797
0.061073633
0.057329467
0.0613327
0.061812268
0.057036056
0.050672377
0.061695211
0.05715108
0.050375933
0.061362405
0.05734476
0.050387106
0.1072463
0.059989366
0.029065065
0.10796137
0.059480346
0.1092814
0.029386853
0.10813563
0.061539226
0.042455928
0.021406779
0.042467823
0.046219686
0.023649761
0.046175656
0.051876724
0.051914792
0.051920718
0.054519531
0.05450118
0.05449404
0.021362717
0.059966482
0.042481314
0.021345556
0.059661294
0.02373017
0.046077498
0.023582475
0.061540781
0.029063878
0.10754355
0.028968603
0.049892121
0.029363837
0.050264634
0.10762717
0.029427954
0.050230165
0.061196702
0.061865994
0.057171779
0.061378251
0.061457158
0.057449993
0.061878084
0.056954706
0.061087228
0.05749751
0.057191282
0.061741677
0.028915486
0.049970767
0.028959172
0.059792259
0.021366544
0.10870942
0.059180186
0.021421789
0.051940615
0.042591045
0.051978925
0.042474718
0.051949086
0.042511407
0.10751764
0.059863719
0.10739756
0.059900906
0.021453793
0.050289838
0.029021731
0.023635224
0.023483905
0.054409153
0.046009921
0.054378389
0.046057251
0.054363211
0.045946604
0.023457112
0.029414631
0.050356635
0.02948224
0.050295008
0.057353359
0.061034617
0.1083809
0.10864363
0.061341706
0.10771443
0.050548271
0.057082134
0.029362806
0.05040165
0.057164541
0.061342009
0.057114685
0.061238223
0.061349872
0.057298368
0.050249776
0.06166417
0.057431262
0.05031204
0.061442688
0.057322013
0.050571297
0.10760915
0.059677982
0.029082921
0.1069968
0.060109942
0.10826901
0.029437729
0.10814902
0.061309942
0.042392459
0.021427879
0.042401499
0.046117651
0.02352343
0.046056063
0.051942617
0.05191687
0.051907395
0.054512202
0.054477731
0.054520669
0.0213713
0.059466377
0.042487175
0.021378419
0.059683912
0.02357344
0.046147529
0.023580543
0.061007442
0.028919948
0.10780195
0.029012184
0.049747919
0.029483924
0.050369348
0.10894904
0.029449322
0.050544272
0.06151243
0.061339309
0.057719939
0.061304971
0.061378236
0.057334378
0.06084862
0.057651679
0.061509537
0.057427397
0.057114403
0.061626426
0.028966306
0.049805255
0.029042002
0.05918893
0.021516316
0.10848529
0.059674089
0.021553164
0.052012424
0.042748117
0.051987164
0.042476932
0.051949843
0.042330976
0.10747393
0.059856154
0.10726548
0.059615556
0.02128756
0.0501366
0.029034159
0.023533698
0.023491192
0.054401527
0.046057345
0.054402103
0.045906205
0.054386194
0.046044499
0.023572198
0.029520208
0.050317649
0.029413768
0.050501302
0.057141288
0.060378541
0.10943859
0.10750627
0.060994674
0.10853547
0.050445899
0.057038655
0.029366063
0.05042786
0.057211856
0.061440439
0.057237807
0.061263236
0.061610416
0.057276951
0.050057673
0.061778601
0.057549655
0.050329537
0.061608914
0.057408743
0.050263169
0.10744233
0.059914691
0.029005367
0.10746155
0.059929539
0.10796137
0.029407105
0.10858682
0.061075454
0.042476193
0.021357554
0.042469958
0.046066742
0.023577571
0.046099226
0.05185948
0.051903266
0.051848024
0.05451204
0.054510544
0.054513905
0.021337071
0.060315634
0.042250838
0.021298518
0.060577558
0.023581004
0.046112971
0.02356547
0.060986681
0.029034664
0.10564
0.029068886
0.050381325
0.029410371
0.050592038
0.10875962
0.029418887
0.050473371
0.061104475
0.061627111
0.057473638
0.060867908
0.061850195
0.056549608
0.061754527
0.057236815
0.061669647
0.057220134
0.057401985
0.061214404
0.02906713
0.050500495
0.028947974
0.060276362
0.021350332
0.1060486
0.060286895
0.021285284
0.051920485
0.042381604
0.051886979
0.042249103
0.05190174
0.042461889
0.10601597
0.06029211
0.10611293
0.06055644
0.021494013
0.049983958
0.02903278
0.02352496
0.023584663
0.054406442
0.046112595
0.05441004
0.046143317
0.054401034
0.046047129
0.023555369
0.029384398
0.050019147
0.029407876
0.050222675
0.057284613
0.060790004
0.10907641
0.10885773
0.061350937
0.10806591
0.050536664
0.057171569
0.029430909
0.050240396
0.05752419
0.061174218
0.057772818
0.061430907
0.061442468
0.05762341
0.049829296
0.061245508
0.057244103
0.050450206
0.061650793
0.057251011
0.050280426
0.10700287
0.060086931
0.029041473
0.1078092
0.059517952
0.1083293
0.029403655
0.1080327
0.061351614
0.042456125
0.021404004
0.042438959
0.046069202
0.023495996
0.046028928
0.05187714
0.05192418
0.051913124
0.054491788
0.054471615
0.054477972
0.021260554
0.059800797
0.04238109
0.021294
0.059982613
0.023558347
0.046090078
0.023592724
0.06132743
0.029001236
0.10683874
0.028986148
0.049778965
0.029417312
0.050207814
0.10815293
0.029447586
0.050167685
0.061135547
0.061852955
0.057447547
0.061526013
0.061521333
0.057349603
0.061584878
0.057173154
0.061427032
0.057167957
0.05757518
0.061378264
0.028850963
0.049985194
0.02891723
0.059918474
0.021271364
0.10643017
0.060412521
0.021355319
0.051885492
0.042415113
0.05190987
0.042602126
0.051910407
0.042451355
0.10709255
0.060326516
0.10644734
0.060393342
0.021373708
0.05000492
0.028987554
0.02358284
0.023619406
0.054404346
0.046141022
0.05440323
0.046086814
0.054425106
0.046137328
0.023600956
0.029404258
0.050285293
0.029377483
0.050388642
0.057493722
0.061093422
0.10881283
0.10891144
0.060461466
0.10968773
0.050352762
0.057411744
0.02939481
0.050640798
0.056965185
0.061842513
0.056999975
0.061669125
0.061318024
0.057098325
0.04997298
0.06171214
0.057250545
0.0503815
0.061575785
0.057235595
0.050577882
0.10800393
0.059376642
0.028930555
0.10830067
0.059312745
0.1071671
0.02941984
0.10723813
0.061743429
0.042517341
0.021401096
0.042554818
0.045950059
0.023470522
0.045944809
0.051948494
0.051967509
0.05196048
0.054461932
0.054427401
0.05444121
0.02139894
0.059843462
0.042545827
0.021412825
0.059478049
0.023551974
0.046022995
0.02351917
0.061647698
0.029016887
0.10806527
0.028980676
0.050352288
0.029408345
0.05013595
0.1075082
0.029438416
0.050183577
0.061455667
0.061287029
0.056881125
0.061516828
0.061345766
0.05728552
0.061360638
0.057342117
0.061509849
0.057164168
0.057515476
0.061423468
0.029014761
0.050083176
0.028986533
0.059745672
0.021332976
0.10698033
0.059629121
0.021206594
0.051921236
0.04234753
0.051921508
0.042294118
0.051910627
0.042348472
0.10576602
0.060556837
0.10655005
0.060053333
0.021299792
0.050325263
0.029070052
0.023535502
0.023467143
0.054386472
0.045988298
0.054368645
0.046120602
0.054388264
0.046136694
0.023581313
0.029328378
0.050487447
0.02936488
0.050277878
0.057152917
0.061248017
0.10801952
0.10893048
0.060849713
0.10903402
0.050489754
0.057080377
0.029349838
0.05055749
0.056955283
0.061339471
0.057466561
0.061389196
0.061589028
0.05754672
0.049960123
0.061738415
0.05720339
0.050668039
0.061425933
0.057466733
0.050355454
0.10873259
0.059160425
0.029003218
0.10710148
0.059812133
0.1084989
0.029427382
0.10909247
0.060974367
0.042557883
0.021325099
0.042445752
0.046062311
0.023608682
0.046187758
0.05195433
0.051934982
0.051952157
0.054442915
0.054481814
0.054467885
0.021376476
0.059611065
0.042465283
0.021459491
0.059795399
0.023522013
0.04610581
0.023588484
0.061428775
0.029048352
0.10781519
0.029100149
0.050070946
0.029521367
0.050320186
0.10822861
0.02951745
0.050235335
0.061541927
0.061445047
0.057264026
0.061278666
0.061466207
0.057109061
0.061478665
0.057205981
0.061390955
0.05709492
0.057444875
0.061362485
0.028904383
0.050331726
0.028953668
0.059762056
0.021200862
0.10764253
0.059591005
0.021252109
0.051917827
0.042397834
0.051926477
0.042464559
0.05196267
0.042545558
0.10720467
0.05994196
0.10738702
0.059797269
0.021443049
0.050268177
0.02898229
0.023438653
0.023547473
0.054383681
0.04606303
0.054418764
0.046131174
0.054419214
0.04609475
0.023596199
0.029352118
0.050310216
0.029315589
0.050460729
0.057452777
0.060690476
0.10900755
0.10891447
0.060872268
0.10906374
0.05061089
0.057102716
0.029531037
0.050276465
0.05775331
0.06137888
0.057591241
0.061508861
0.061317931
0.057175632
0.049957125
0.060754476
0.057465891
0.050210284
0.062042069
0.057126896
0.050408581
0.10627527
0.060251331
0.029016259
0.10665196
0.060004886
0.10912759
0.029381676
0.10885807
0.061051047
0.042371352
0.021244263
0.042389858
0.046204951
0.023657806
0.046198449
0.051946844
0.05190353
0.051936737
0.054503207
0.054514408
0.054511368
0.021466246
0.059832254
0.042531313
0.021500721
0.059648833
0.023622455
0.046108131
0.023575254
0.061052529
0.02899928
0.10798445
0.02902958
0.050059702
0.029503276
0.050255984
0.10870117
0.029446154
0.050396067
0.061424514
0.061176067
0.057027002
0.061797888
0.06084454
0.057802498
0.061462895
0.057117956
0.061488955
0.057481078
0.057211441
0.06166747
0.029070966
0.049836337
0.029070948
0.059602923
0.021321065
0.10677538
0.060012682
0.021284215
0.051931174
0.042387147
0.051907925
0.042651483
0.051949642
0.042599796
0.10847147
0.05960688
0.10742063
0.059990833
0.021594719
0.049957374
0.02900428
0.023656769
0.023627582
0.054411212
0.046133077
0.054386668
0.046133891
0.054397438
0.046095078
0.023579165
0.029354068
0.05026588
0.029360475
0.050213706
0.0573128
0.06129294
0.10840114
0.10955891
0.061045097
0.10863587
0.049860134
0.057860802
0.029357944
0.050234238
0.057147211
0.061551561
0.05683011
0.061411897
0.061766133
0.057274142
0.05012424
0.061723122
0.057203515
0.050270498
0.061191164
0.057423002
0.050434211
0.10768012
0.059707639
0.028986525
0.10777093
0.059534348
0.10826879
0.029402819
0.10851133
0.061139331
0.042491116
0.021278575
0.04247634
0.046112593
0.023547485
0.04612018
0.051925761
0.051905247
0.051912285
0.054497855
0.054514132
0.054506497
0.021569109
0.059701338
0.0424179
0.02141521
0.059911699
0.023571678
0.046073813
0.023491709
0.060878974
0.02897489
0.10754014
0.028995166
0.050115877
0.02943362
0.050618037
0.10863993
0.029428629
0.050547068
0.061622322
0.061125567
0.056945735
0.061617688
0.061252683
0.057424845
0.061356803
0.057566505
0.061666253
0.057205468
0.057184723
0.0613672
0.028994163
0.050089041
0.029033861
0.060102301
0.021326091
0.10771427
0.059853082
0.021453806
0.051903028
0.04254959
0.051920095
0.04255015
0.05194356
0.042563973
0.10660631
0.060234977
0.10769779
0.059559004
0.021380205
0.049955184
0.028943476
0.02357724
0.023504376
0.054366709
0.045981909
0.054366251
0.046011929
0.05437285
0.046052635
0.023543907
0.029272672
0.050381072
0.029383427
0.050354245
0.057200276
0.0613504
0.10796706
0.1080439
0.061101695
0.10834456
0.050555737
0.057219319
0.029436854
0.050154483
0.057516242
0.061159742
0.057492509
0.061506296
0.061482992
0.057386371
0.050028562
0.061296098
0.057632638
0.050198828
0.061382212
0.057510436
0.050121241
0.10713582
0.059726026
0.028889329
0.10731543
0.059783062
0.10937141
0.02944694
0.1094166
0.061098058
0.04238763
0.021340653
0.042430168
0.046264079
0.023763223
0.046317505
0.051897349
0.051929442
0.051914579
0.05452816
0.054554609
0.054547822
0.02132622
0.060311187
0.042508045
0.021497696
0.060005724
0.02349518
0.046201343
0.023632351
0.060794769
0.029033477
0.10732199
0.028973354
0.049882541
0.029408568
0.050559771
0.10917956
0.029461698
0.050307115
0.061475476
0.06117284
0.057353833
0.061362551
0.061386956
0.057112669
0.061895377
0.05677535
0.061755662
0.056825784
0.057636968
0.061243533
0.029078007
0.050233227
0.029046521
0.059954636
0.021274061
0.10672779
0.059988677
0.021259216
0.051925034
0.042346827
0.051938683
0.042522476
0.051940443
0.042431726
0.10785579
0.059509669
0.10749883
0.059463296
0.021254101
0.050338677
0.028884225
0.02348984
0.023571589
0.054373658
0.046130615
0.054390282
0.046068647
0.054421798
0.04603801
0.023525202
0.029450872
0.050001376
0.029463807
0.050096494
0.057416506
0.060841473
0.10936859
0.10907976
0.060654366
0.10884784
0.050155263
0.057336863
0.029339787
0.049953895
0.05768393
0.06164863
0.057367894
0.061249545
0.061336627
0.057492131
0.050032342
0.061499806
0.057447788
0.050306565
0.06169089
0.05709739
0.050526765
0.10731516
0.059730533
0.02906383
0.10724576
0.059661376
0.10834621
0.029394963
0.10836736
0.061287975
0.042453254
0.021246028
0.042361185
0.046235116
0.02362107
0.046186424
0.051916705
0.051916385
0.051903624
0.054585752
0.054540416
0.054591326
0.021464799
0.059769401
0.042346349
0.021314338
0.059856126
0.023752656
0.046387482
0.023791981
0.060402626
0.028938661
0.10736071
0.029012542
0.050229366
0.029526203
0.050240726
0.110676
0.029431448
0.050286453
0.061651662
0.061405195
0.057016642
0.0615391
0.061384127
0.057013167
0.061711258
0.057023692
0.061624354
0.057130903
0.057560728
0.061387811
0.028928657
0.05036939
0.028951432
0.059918448
0.021313478
0.10715791
0.059921109
0.021304091
0.051934937
0.042472965
0.051937387
0.042349695
0.051901238
0.042418848
0.10671836
0.05976962
0.10600361
0.060366189
0.021295992
0.049988587
0.028971812
0.023500472
0.023492673
0.054413553
0.046072076
0.054440598
0.046003967
0.054394784
0.045983297
0.0234847
0.02949092
0.050399796
0.029414425
0.050171123
0.057275555
0.060248111
0.10971628
0.10854724
0.061077822
0.10832716
0.050026222
0.057712731
0.029469639
0.050290282
0.057099983
0.061090322
0.057604808
0.061122743
0.061574688
0.057660788
0.049847397
0.061493706
0.057321843
0.050414373
0.06136227
0.057520495
0.05018442
0.10687098
0.059926536
0.029065528
0.10678238
0.060147071
0.10935098
0.029399528
0.10998848
0.060929584
0.042355235
0.021346605
0.042375024
0.046243093
0.023779677
0.046347078
0.051863882
0.05188497
0.051864057
0.054557032
0.054538669
0.054514269
0.021234107
0.059930195
0.042291651
0.0212588
0.060003834
0.023727224
0.046181482
0.023619069
0.061036864
0.029095245
0.10673884
0.029064471
0.050173069
0.029382036
0.050169361
0.10869799
0.029423065
0.050162758
0.061335337
0.061523772
0.057290149
0.061300416
0.061552283
0.057075771
0.061121601
0.057616018
0.061337381
0.057513586
0.057365569
0.061646059
0.029076835
0.050274108
0.029064531
0.05960987
0.021311082
0.10746594
0.059750002
0.02139795
0.051948578
0.04241319
0.051936355
0.042453959
0.051944362
0.042405472
0.10655324
0.06013835
0.1075645
0.059480709
0.021282823
0.050003374
0.029030399
0.023576564
0.023591785
0.054442729
0.046174719
0.05441676
0.046041521
0.054376563
0.045997061
0.02352412
0.02937989
0.050189777
0.029417507
0.050448647
0.057099794
0.060398409
0.10995728
0.10816682
0.061733624
0.10740637
0.050854577
0.056818976
0.029353959
0.05045371
0.057062444
0.061038401
0.057595363
0.061190173
0.061531243
0.057466392
0.050081496
0.061810392
0.057357004
0.050478077
0.061367241
0.05743705
0.050465391
0.10669111
0.060433462
0.029030297
0.10693166
0.060246663
0.10885658
0.029419998
0.10761079
0.061554253
0.04238344
0.021427812
0.042402459
0.046221868
0.023517297
0.046022209
0.051897767
0.051877324
0.051893976
0.054507859
0.054481955
0.05453699
0.021319712
0.05955915
0.042375012
0.021307638
0.059849141
0.023610533
0.046207495
0.023620466
0.06078346
0.028945403
0.10721087
0.028959054
0.05008623
0.029458824
0.050207157
0.10947351
0.029432383
0.050284154
0.061545595
0.061214046
0.056929039
0.06167355
0.061091377
0.05764757
0.061454928
0.057218863
0.061230668
0.057351423
0.057118659
0.061522149
0.028996871
0.049977082
0.029042073
0.059560782
0.021485209
0.10772526
0.059704562
0.021424773
0.051948552
0.042501264
0.051944486
0.042526347
0.051936147
0.042518837
0.10794572
0.059565979
0.1074328
0.059828397
0.021368612
0.050274694
0.029009728
0.023608527
0.023593603
0.054405659
0.046093706
0.054405127
0.046001003
0.054404981
0.046069531
0.023589097
0.02942993
0.05043435
0.029445994
0.050284012
0.057488378
0.061100614
0.10862485
0.10764694
0.061144648
0.1084735
0.050257193
0.057318055
0.029389327
0.050241385
0.057368624
0.061685848
0.057036707
0.061874162
0.061255145
0.056902771
0.050360591
0.06127674
0.057439041
0.05030323
0.06178362
0.057191904
0.050505919
0.10667439
0.060233329
0.028938519
0.10650274
0.060156161
0.10798505
0.029444857
0.10816381
0.061149145
0.042411022
0.021259889
0.04237906
0.046062367
0.023496481
0.046051404
0.051870161
0.051857674
0.051851626
0.05455024
0.054469114
0.054524694
0.02139148
0.06008128
0.042367595
0.021421698
0.060039063
0.023656614
0.046157124
0.023593491
0.060949626
0.028997288
0.10663732
0.028995186
0.04995315
0.029411473
0.050413878
0.10882512
0.029370753
0.050342336
0.061193591
0.061413957
0.057682887
0.061051125
0.061572863
0.05716746
0.061057326
0.057543644
0.061163123
0.057598551
0.057143138
0.061855873
0.029058031
0.049954802
0.029079822
0.060300262
0.021366359
0.10562335
0.060686956
0.021331994
0.051896465
0.042328309
0.05186355
0.042402045
0.051915624
0.042425819
0.10693444
0.059906766
0.10700705
0.059808899
0.021305836
0.049969023
0.029051183
0.023643288
0.023610646
0.054406517
0.04614116
0.054387275
0.046089911
0.054353097
0.045925125
0.02345364
0.029419993
0.049960562
0.029369501
0.050080382
0.057460082
0.06106468
0.1087229
0.10872982
0.061359166
0.10766999
0.050110839
0.057427928
0.029422589
0.050054928
0.05739179
0.061600198
0.056994417
0.061426084
0.061519232
0.057087341
0.050364794
0.06174409
0.057435734
0.050624081
0.06110555
0.057648482
0.050435828
0.10736838
0.059723209
0.029039512
0.1075589
0.059703079
0.10848913
0.029509388
0.10881891
0.061023468
0.042406007
0.021270282
0.0424496
0.046067809
0.023583364
0.046112328
0.051870647
0.051913382
0.051907459
0.05451368
0.05451799
0.054506526
0.021413263
0.059684357
0.042402651
0.021339005
0.059693593
0.023531521
0.04616207
0.02359142
0.060958728
0.028990759
0.10763724
0.028934218
0.05015334
0.029439786
0.050382174
0.10914553
0.029497014
0.050520259
0.061261738
0.061517543
0.057131109
0.0614379
0.061407517
0.057337975
0.061280191
0.057467603
0.061214688
0.057496032
0.056946868
0.061656675
0.029052251
0.0499295
0.029077578
0.06043831
0.021314776
0.10690938
0.060139428
0.021386895
0.05188375
0.042385194
0.051920294
0.042463036
0.051950127
0.042467903
0.107473
0.05973703
0.10711497
0.060006592
0.021446728
0.050175311
0.02895888
0.023573757
0.023573794
0.054377929
0.046101232
0.054382583
0.045895207
0.054325219
0.045932677
0.023419984
0.029339269
0.050308471
0.029322628
0.049928076
0.058145458
0.060650151
0.1090734
0.10723281
0.061302297
0.1078264
0.050229832
0.05754203
0.029420138
0.050148904
0.057851687
0.061627722
0.056793413
0.061999757
0.06088826
0.056677585
0.05038613
0.060706225
0.057174636
0.050435092
0.061828311
0.056998214
0.05033856
0.10764132
0.05977686
0.029019332
0.10739107
0.059988591
0.10898697
0.029446575
0.10899766
0.060836074
0.042459616
0.021401942
0.042440802
0.046158841
0.023587212
0.046152015
0.051934153
0.051912556
0.051908738
0.054500608
0.054506788
0.054491771
0.021416006
0.059753904
0.04250037
0.02144589
0.059622494
0.023621335
0.046108468
0.023568343
0.06096473
0.028912462
0.10818022
0.029086729
0.050193416
0.029481831
0.050265544
0.10866741
0.02944284
0.050186466
0.061363246
0.061427592
0.057573192
0.060727314
0.061752448
0.056897336
0.061343226
0.057347779
0.061371878
0.057218596
0.057425389
0.061456478
0.029142465
0.050212485
0.029063658
0.059751233
0.021373716
0.10763403
0.059588613
0.021288076
0.051919049
0.04235199
0.051905612
0.042424779
0.0519109
0.042411475
0.10701472
0.059967851
0.1072694
0.059668105
0.021307577
0.050111792
0.029004278
0.02349655
0.023448649
0.054367918
0.045959153
0.054320306
0.046034993
0.054327161
0.045995597
0.023535289
0.029413858
0.049905108
0.029439005
0.05029695
0.057701762
0.060630373
0.10886756
0.10936431
0.060551699
0.10916289
0.05005687
0.057913312
0.029481325
0.050348833
0.057184158
0.061915879
0.056950991
0.061445105
0.060843043
0.057412274
0.049715369
0.061246888
0.057304267
0.050116922
0.06118427
0.057618393
0.050104918
0.10699313
0.059978521
0.029131343
0.10660008
0.060065874
0.10920294
0.029463652
0.10965633
0.060664416
0.042355839
0.021224132
0.042243409
0.046163668
0.023685178
0.046158795
0.051840598
0.05182843
0.051791663
0.054475686
0.054429863
0.054399852
0.021165095
0.059775516
0.042223347
0.021123411
0.059880625
0.023587391
0.046200361
0.023682949
0.060748304
0.029153055
0.10675399
0.029114594
0.049910466
0.029407802
0.050199835
0.10962211
0.029408609
0.050064478
0.060641337
0.062035776
0.057585683
0.060997546
0.061571424
0.056884807
0.061366284
0.057196922
0.061051881
0.057240912
0.0573614
0.061458697
0.028937604
0.050190234
0.0289198
0.059838861
0.021320052
0.10700556
0.060134536
0.021430761
0.051902314
0.042407823
0.05187393
0.042500822
0.051866103
0.042414541
0.10744676
0.059951538
0.10714308
0.059880412
0.02133199
0.050314048
0.029075559
0.023407999
0.023291176
0.054167389
0.045498906
0.053707125
0.045824017
0.053747391
0.045610021
0.0233395
0.029386016
0.050191307
0.029194097
0.049778534
0.05703156
0.060632707
0.10734901
0.10788967
0.059907284
0.10875908
0.050325429
0.057057514
0.029128125
0.049720183
0.057154116
0.06119204
0.057412163
0.060790058
0.061292878
0.056979103
0.050033656
0.061070387
0.057491423
0.050122787
0.060972252
0.057056307
0.049770889
0.1066192
0.059940038
0.028884766
0.10676093
0.059659527
0.10881998
0.029193111
0.10751021
0.060821372
0.042203021
0.021293673
0.042203615
0.045953575
0.023302053
0.04555843
0.051716236
0.051484461
0.051484978
0.054214672
0.053705033
0.053766113
0.021153242
0.060117647
0.042101492
0.021268576
0.059958784
0.023583011
0.045584384
0.023361534
0.060565712
0.028991432
0.1056608
0.028842797
0.049818565
0.029374857
0.050065973
0.10795913
0.029135008
0.049967234
0.061073044
0.061312627
0.056827055
0.060876488
0.06133226
0.056939371
0.060911537
0.057340725
0.061138454
0.056903135
0.057013492
0.061086566
0.028963067
0.049648174
0.028792962
0.060302292
0.021410224
0.10558604
0.059666169
0.021209693
0.051773019
0.042094528
0.051511345
0.042276146
0.051523935
0.042173349
0.10639119
0.059947789
0.10642157
0.059478894
0.021263876
0.049600631
0.028800545
0.022776854
0.020662951
0.052257899
0.040322015
0.047758954
0.044452569
0.048016817
0.040711637
0.02076039
0.028527582
0.048728357
0.026329573
0.045145421
0.052135146
0.053127523
0.098403729
0.10682605
0.053424217
0.098208503
0.048923731
0.055914008
0.026327701
0.045214897
0.052209434
0.059647267
0.055966891
0.055626175
0.056129589
0.052014544
0.045275984
0.056264852
0.056087212
0.04901656
0.055879779
0.052367436
0.04562935
0.10502733
0.057970474
0.026188667
0.097999501
0.052415295
0.10606668
0.02642408
0.098939122
0.053564074
0.041423546
0.019283163
0.038899555
0.044431386
0.020869787
0.040539751
0.050684449
0.048016075
0.04798821
0.052295567
0.04771533
0.047794999
0.02114088
0.05791141
0.039132613
0.019583185
0.052525284
0.022769301
0.040651223
0.020858138
0.053395645
0.028180451
0.098363082
0.02608403
0.044913689
0.028527112
0.048961285
0.098987618
0.026293175
0.044703843
0.059942422
0.059942596
0.051825398
0.055684636
0.05546714
0.052162677
0.060182581
0.055682128
0.055957126
0.051954301
0.052391216
0.05537659
0.028216683
0.044876969
0.026113001
0.058538709
0.020811174
0.096150076
0.053971052
0.019462398
0.050667715
0.03911407
0.048017788
0.04163319
0.048122678
0.039249197
0.10553506
0.058195249
0.098266062
0.053094402
0.01967191
0.045089116
0.026139566
0.0017810333
0.0018418009
0.0018952181
0.0018719219
0.001920831
0.0019313899
0.0018499989
0.0019320081
0.0019226129
0.0016926338
0.001898409
0.0018471848
0.001855128
0.0018413194
0.0019127138
0.0019375872
0.0019417094
0.0019541513
0.001953081
0.0019598106
0.0019621354
0.0019493427
0.0019622646
0.0019601887
0.0019148428
0.0019547897
0.0019426276
0.001728931
0.0019139207
0.0018430629
0.0017785752
0.0016585772
0.0018436737
0.0019371784
0.0019199343
0.0019480826
0.0019614328
0.0019595629
0.0019648191
0.001966358
0.0019673376
0.0019683921
0.0019651393
0.0019684432
0.0019674937
0.0019546459
0.0019651147
0.0019600642
0.0018968391
0.0019489747
0.001921711
0.0016382205
0.0018478192
0.0016689851
0.0018695017
0.0017061628
0.0018694093
0.001952408
0.0019301699
0.0019524684
0.0019662132
0.0019618599
0.0019662585
0.0019692396
0.0019683774
0.0019692594
0.0019684638
0.0019692872
0.0019684709
0.0019622301
0.0019664588
0.0019622389
0.0019314645
0.001953154
0.0019313395
0.0017116889
0.0018713704
0.0017090128
0.0018433042
0.0016092839
0.0017793449
0.0019483013
0.0018950425
0.0019377444
0.0019649609
0.0019544202
0.0019617075
0.0019684476
0.001965081
0.0019664492
0.0019675053
0.0019664653
0.001965132
0.0019600863
0.0019618188
0.0019546503
0.0019213975
0.0019383225
0.0018966939
0.0016609501
0.0017844111
0.0016232672
0.001914173
0.001735337
0.0018593042
0.0019546281
0.0019148457
0.0019383795
0.0019622403
0.0019489199
0.0019531434
0.0019600904
0.0019531825
0.0019489742
0.0019424779
0.0019382244
0.0019138798
0.0018444703
0.0018567932
0.0017316234
0.0018963603
0.0016831944
0.0017814763
0.0019312926
0.0018451179
0.0018712229
0.0019214516
0.0018718232
0.0018464191
0.0018432208
0.0017830146
0.0016789892
)
;
        source          uniform 0;
        value           nonuniform List<scalar> 
4936
(
298.45354
298.44953
298.45774
298.45856
298.45862
298.45395
298.45665
298.44866
298.44906
298.44984
298.45008
298.45337
298.45538
298.45721
298.46262
298.45532
298.45996
298.46456
298.45951
298.46435
298.46003
298.45556
298.45492
298.45104
298.45464
298.459
298.451
298.45044
298.4513
298.4583
298.45369
298.45418
298.45674
298.46031
298.46357
298.46158
298.45403
298.45028
298.45785
298.45915
298.45874
298.45344
298.45761
298.44952
298.44952
298.4514
298.45161
298.45496
298.45657
298.45766
298.46303
298.45718
298.46057
298.46312
298.45988
298.46485
298.46037
298.4577
298.45644
298.45276
298.45689
298.45276
298.45179
298.45107
298.45331
298.45436
298.45291
298.45496
298.45758
298.46058
298.4615
298.46232
298.45374
298.45011
298.458
298.45961
298.45945
298.45463
298.45866
298.44991
298.45036
298.45278
298.4531
298.45592
298.45736
298.45825
298.46332
298.45863
298.46138
298.46325
298.46054
298.46508
298.46103
298.45846
298.45775
298.45458
298.45823
298.45395
298.4532
298.45261
298.45394
298.45468
298.45334
298.45626
298.45865
298.46121
298.46147
298.46236
298.45371
298.45039
298.45813
298.45987
298.45982
298.45502
298.4591
298.44957
298.44982
298.45361
298.4536
298.45594
298.45762
298.45854
298.46354
298.4594
298.46205
298.46347
298.46101
298.46522
298.46153
298.45836
298.45847
298.45591
298.45841
298.4547
298.45408
298.45349
298.45419
298.45522
298.45312
298.45707
298.45932
298.46144
298.46172
298.46272
298.4538
298.45013
298.45818
298.46009
298.46045
298.45597
298.45939
298.44949
298.44972
298.45421
298.45426
298.45596
298.45788
298.45859
298.46349
298.45992
298.46248
298.46361
298.4613
298.46523
298.46181
298.45782
298.45924
298.45675
298.4583
298.45479
298.45479
298.45416
298.45431
298.45553
298.45385
298.45731
298.45959
298.46155
298.46191
298.46305
298.45466
298.45111
298.45833
298.46022
298.46044
298.45594
298.45933
298.44954
298.44991
298.45407
298.45412
298.45654
298.4583
298.4585
298.46365
298.46008
298.46263
298.46373
298.46143
298.46525
298.46197
298.45796
298.4596
298.45695
298.45862
298.45518
298.45507
298.45466
298.45445
298.4562
298.45424
298.45784
298.45988
298.46169
298.46206
298.46279
298.45414
298.44991
298.45837
298.46028
298.46024
298.45572
298.45903
298.44956
298.44979
298.45387
298.45411
298.45671
298.45869
298.45857
298.46399
298.46005
298.46267
298.46381
298.46152
298.46526
298.46202
298.45768
298.45997
298.45754
298.45881
298.45544
298.45534
298.45484
298.45444
298.45619
298.45443
298.45785
298.45992
298.46172
298.46218
298.46294
298.45423
298.45032
298.45851
298.46039
298.46036
298.45563
298.45867
298.44961
298.44978
298.45389
298.45407
298.4564
298.45858
298.45817
298.4638
298.45963
298.46249
298.46386
298.4616
298.46531
298.46208
298.45811
298.45975
298.45748
298.45878
298.45562
298.4554
298.45467
298.45478
298.45668
298.45414
298.45812
298.46009
298.46186
298.46227
298.46294
298.45429
298.4501
298.45851
298.46054
298.46095
298.45669
298.45884
298.44971
298.44976
298.45422
298.45438
298.45675
298.45881
298.45819
298.46372
298.45977
298.4625
298.46388
298.4617
298.46531
298.46214
298.4579
298.45952
298.45726
298.45891
298.45583
298.45552
298.45521
298.45474
298.4565
298.45504
298.45811
298.46027
298.46199
298.46238
298.46336
298.45388
298.44979
298.45851
298.46051
298.46112
298.45691
298.45874
298.44992
298.45002
298.45417
298.45435
298.45711
298.45904
298.45832
298.46377
298.46
298.46266
298.46391
298.46171
298.46527
298.46215
298.45714
298.45988
298.45772
298.45867
298.45572
298.45538
298.45484
298.45453
298.45599
298.45491
298.45807
298.46021
298.46211
298.46244
298.46319
298.45447
298.45047
298.45865
298.46054
298.46112
298.45661
298.45888
298.45019
298.45056
298.45397
298.45431
298.45677
298.45888
298.45848
298.46402
298.45981
298.46269
298.46395
298.46172
298.46529
298.46217
298.45788
298.46014
298.4576
298.45854
298.45542
298.45532
298.45513
298.45438
298.45606
298.45484
298.45797
298.46014
298.46219
298.4625
298.46318
298.45445
298.4506
298.45878
298.46065
298.46127
298.45672
298.45903
298.45013
298.4503
298.45389
298.4544
298.45684
298.45884
298.45841
298.46394
298.46032
298.46293
298.464
298.46174
298.46525
298.46228
298.45809
298.46057
298.45875
298.45873
298.45562
298.45547
298.45489
298.45429
298.45596
298.45466
298.45803
298.46007
298.4623
298.46256
298.46314
298.45453
298.45021
298.45883
298.46081
298.46141
298.45707
298.4589
298.44992
298.45021
298.45422
298.45453
298.45663
298.45886
298.4582
298.46408
298.46007
298.46286
298.46406
298.46171
298.46522
298.46227
298.45761
298.46045
298.45856
298.459
298.45572
298.45593
298.45497
298.45448
298.45605
298.4556
298.45816
298.46013
298.46245
298.46263
298.46314
298.45432
298.4506
298.45902
298.46126
298.46097
298.45665
298.45879
298.44993
298.44988
298.45383
298.45417
298.45635
298.45878
298.45814
298.46437
298.4597
298.46271
298.46414
298.46176
298.46519
298.46231
298.45804
298.46022
298.45826
298.45899
298.45601
298.456
298.45534
298.45468
298.45641
298.45489
298.4585
298.4603
298.46257
298.46272
298.4632
298.45437
298.45046
298.45909
298.46143
298.461
298.45687
298.4584
298.44996
298.44938
298.45394
298.45426
298.4564
298.45887
298.45807
298.46445
298.46015
298.4628
298.4642
298.46187
298.46511
298.46231
298.45811
298.46038
298.45827
298.45916
298.45606
298.45581
298.45534
298.45509
298.45662
298.45525
298.45832
298.46025
298.46261
298.46277
298.46332
298.45458
298.45073
298.45917
298.46146
298.46104
298.4571
298.45854
298.4501
298.45041
298.4536
298.45401
298.45671
298.45922
298.458
298.46412
298.45991
298.46282
298.46424
298.46195
298.46502
298.46234
298.45862
298.4602
298.4581
298.45889
298.45587
298.45562
298.45453
298.45482
298.45658
298.45615
298.45805
298.46014
298.4627
298.46282
298.46342
298.45553
298.45157
298.45937
298.46149
298.46119
298.45712
298.45843
298.45044
298.45058
298.45365
298.4541
298.45654
298.45888
298.45771
298.46425
298.45966
298.4627
298.46426
298.46206
298.46501
298.46239
298.45904
298.46046
298.45857
298.45874
298.4557
298.45607
298.45555
298.45524
298.45698
298.45633
298.45808
298.46014
298.46283
298.46287
298.46326
298.45516
298.45101
298.45948
298.46149
298.46116
298.45718
298.45856
298.45049
298.45052
298.45412
298.45453
298.45677
298.45913
298.45783
298.46426
298.45954
298.46254
298.46426
298.46215
298.46495
298.4624
298.45782
298.46007
298.45829
298.45862
298.45575
298.45572
298.45518
298.45526
298.45678
298.45566
298.45798
298.45995
298.46286
298.4629
298.46294
298.4559
298.45206
298.45958
298.46144
298.46126
298.45735
298.45847
298.45053
298.45056
298.45386
298.45433
298.45666
298.45903
298.45785
298.46407
298.45955
298.46256
298.46422
298.4622
298.46487
298.46246
298.45824
298.46
298.45789
298.45836
298.45563
298.45573
298.45508
298.45518
298.45669
298.4562
298.45823
298.46004
298.46287
298.46292
298.46304
298.45587
298.45233
298.45963
298.46138
298.46103
298.45699
298.45821
298.45107
298.4512
298.45366
298.45426
298.45682
298.45909
298.45796
298.46409
298.45938
298.46236
298.46419
298.46219
298.46484
298.46248
298.45765
298.46031
298.4584
298.45882
298.45601
298.45575
298.45509
298.4553
298.45665
298.45607
298.45842
298.46014
298.46293
298.4629
298.463
298.45668
298.45387
298.45951
298.46119
298.46083
298.45653
298.45808
298.45112
298.45119
298.45354
298.45411
298.45701
298.45917
298.45808
298.46415
298.4593
298.46227
298.46415
298.46217
298.46472
298.46244
298.45834
298.46034
298.45788
298.45846
298.45576
298.4556
298.45483
298.45503
298.45637
298.45627
298.45802
298.46
298.46297
298.46292
298.46307
298.45709
298.45422
298.45943
298.46103
298.46052
298.45637
298.45807
298.45118
298.45108
298.45324
298.45374
298.45666
298.45906
298.45777
298.46385
298.45983
298.46251
298.4641
298.46214
298.46458
298.4624
298.45901
298.46038
298.45845
298.45879
298.4561
298.45561
298.45468
298.45486
298.45633
298.4557
298.45784
298.45987
298.46295
298.46291
298.4629
298.45731
298.45474
298.45939
298.4609
298.46048
298.45619
298.45803
298.45116
298.45082
298.45325
298.45398
298.45648
298.45901
298.45766
298.46394
298.45974
298.46245
298.46402
298.46203
298.46437
298.46224
298.45915
298.45999
298.45786
298.45838
298.45572
298.4554
298.45446
298.45503
298.45652
298.45652
298.45775
298.45977
298.46276
298.46283
298.46304
298.45734
298.45467
298.45935
298.46075
298.46034
298.45624
298.45769
298.45103
298.45129
298.45284
298.45361
298.457
298.45924
298.45748
298.46376
298.45938
298.46221
298.46389
298.46192
298.46416
298.46207
298.45817
298.4599
298.45742
298.45831
298.4556
298.4555
298.45502
298.45494
298.45624
298.45617
298.45787
298.45981
298.4627
298.46273
298.46288
298.45722
298.45446
298.45921
298.46052
298.46013
298.45616
298.4574
298.45102
298.45111
298.45293
298.4534
298.45661
298.459
298.45717
298.4637
298.45879
298.46168
298.4637
298.46173
298.46388
298.46193
298.45872
298.45946
298.45719
298.45862
298.4557
298.45521
298.45465
298.45473
298.45614
298.45551
298.45767
298.45973
298.46252
298.46258
298.46276
298.45696
298.45393
298.45895
298.46014
298.46
298.45532
298.45755
298.45102
298.45094
298.45237
298.45299
298.45653
298.45873
298.4571
298.46339
298.45877
298.46153
298.46345
298.46151
298.46349
298.46172
298.45778
298.45938
298.45733
298.45811
298.45534
298.45501
298.45442
298.45463
298.45614
298.4552
298.4574
298.45953
298.46225
298.46234
298.46232
298.45666
298.45411
298.45864
298.45973
298.4596
298.4549
298.45739
298.45061
298.45089
298.452
298.45273
298.45628
298.45853
298.45672
298.46322
298.4579
298.46107
298.46311
298.46117
298.46308
298.46138
298.45834
298.45913
298.45659
298.45761
298.45479
298.45456
298.45381
298.45428
298.45582
298.45579
298.45714
298.45899
298.46201
298.46203
298.46187
298.45622
298.45334
298.45816
298.45924
298.45909
298.45456
298.45669
298.44995
298.45001
298.45161
298.45238
298.45575
298.45828
298.45646
298.46281
298.45849
298.46106
298.46267
298.46077
298.46262
298.461
298.45752
298.45888
298.45671
298.45739
298.45472
298.45416
298.4535
298.45377
298.45531
298.45523
298.45678
298.45856
298.46158
298.4616
298.46146
298.45563
298.45286
298.45759
298.45863
298.45843
298.45343
298.45614
298.44949
298.44957
298.45095
298.45154
298.45509
298.45769
298.45595
298.46215
298.45785
298.46054
298.46208
298.46025
298.46209
298.46049
298.45721
298.45794
298.45562
298.45662
298.45416
298.45355
298.45295
298.45319
298.4545
298.45428
298.45605
298.45802
298.46108
298.46106
298.46094
298.45523
298.4527
298.45702
298.45785
298.4576
298.45301
298.45542
298.4492
298.44958
298.45019
298.4508
298.4544
298.45684
298.45549
298.46131
298.45716
298.45979
298.46135
298.45952
298.46143
298.45976
298.45672
298.45719
298.45479
298.45629
298.45343
298.45282
298.45233
298.45272
298.4541
298.45413
298.45552
298.45738
298.46033
298.46038
298.46027
298.45474
298.45221
298.45641
298.45722
298.45686
298.45207
298.45488
298.44822
298.44853
298.44952
298.45054
298.45398
298.45609
298.45521
298.46036
298.45628
298.45893
298.46044
298.4585
298.46058
298.45882
298.45577
298.45612
298.45354
298.45605
298.45331
298.45242
298.4517
298.45178
298.45304
298.45331
298.45483
298.45675
298.45926
298.4595
298.45947
298.45369
298.45113
298.45571
298.45674
298.45589
298.4518
298.4542
298.44738
298.4477
298.44978
298.45104
298.45305
298.45548
298.45524
298.45918
298.45613
298.45827
298.45943
298.45825
298.45969
298.45858
298.45462
298.45643
298.45439
298.4543
298.45164
298.45288
298.45279
298.4511
298.45207
298.45286
298.45473
298.45631
298.45827
298.45846
298.4585
298.45092
298.44743
298.46349
298.45498
298.46594
298.45566
298.44827
298.45776
298.45376
298.45246
298.44522
298.44486
298.45473
298.48019
298.48954
298.49154
298.48578
298.46967
298.4472
298.44867
298.45057
298.45372
298.45865
298.48208
298.495
298.499
298.49937
298.49772
298.49092
298.47109
298.45513
298.45753
298.47383
298.49382
298.4998
298.50128
298.50143
298.5006
298.49735
298.48646
298.45495
298.45779
298.46156
298.45859
298.48265
298.49706
298.50093
298.50173
298.50177
298.50135
298.49924
298.49145
298.45863
298.46763
298.45908
298.48155
298.49617
298.50057
298.50165
298.5017
298.50119
298.49833
298.49004
298.4588
298.46645
298.45067
298.46587
298.49015
298.49812
298.50062
298.50089
298.49937
298.49391
298.48112
298.45528
298.45322
298.45186
298.44884
298.47044
298.48948
298.49592
298.4964
298.49386
298.48332
298.45138
298.45052
298.45912
298.44799
298.45048
298.44971
298.46437
298.48061
298.48229
298.47363
298.45266
298.45572
298.45999
298.45758
298.45768
298.45711
298.44936
298.44761
298.45566
298.45864
298.45449
298.46301
298.47205
298.46511
298.45469
298.47956
298.48104
298.46431
298.45578
298.48127
298.47948
298.44375
298.4716
298.46214
298.44923
298.45736
298.44696
298.44575
298.44641
298.45555
298.4685
298.46918
298.48204
298.45661
298.48275
298.47059
298.45021
298.45818
298.45313
298.44944
298.45342
298.46964
298.46503
298.48117
298.45987
298.48159
298.46609
298.45296
298.46121
298.45911
298.46694
298.45857
298.46609
298.46843
298.4586
298.4684
298.45871
298.46779
298.467
298.45804
298.46188
298.4541
298.4581
298.46191
298.45427
298.48111
298.45945
298.47041
298.46618
298.47108
298.46003
298.45517
298.45355
298.44801
298.45748
298.44757
298.48268
298.45696
298.46986
298.47139
298.47121
298.45879
298.45009
298.45021
298.45183
298.45802
298.47324
298.45325
298.46076
298.4569
298.48212
298.46574
298.4673
298.45731
298.48105
298.4676
298.46636
298.45838
298.45052
298.4652
298.45339
298.46093
298.45761
298.45765
298.45793
298.45774
298.45796
298.45905
298.4588
298.45933
298.45871
298.45219
298.4502
298.45252
298.45069
298.44947
298.45407
298.45041
298.44976
298.45361
298.44965
298.45362
298.45085
298.45704
298.45402
298.45139
298.44952
298.45032
298.44967
298.44844
298.45096
298.45408
298.45051
298.45088
298.45426
298.45087
298.45149
298.45452
298.45472
298.45898
298.45591
298.4552
298.45915
298.45144
298.45728
298.4521
298.45584
298.4631
298.46279
298.46295
298.45991
298.46023
298.46005
298.46539
298.46362
298.46465
298.45964
298.45964
298.45976
298.46324
298.45955
298.46472
298.46361
298.45999
298.45983
298.4601
298.46022
298.45585
298.45674
298.45628
298.45781
298.45558
298.45747
298.45435
298.45195
298.4576
298.45455
298.45845
298.45059
298.45552
298.45508
298.45134
298.45213
298.45083
298.45142
298.45092
298.45158
298.45132
298.45052
298.46113
298.4558
298.45724
298.45269
298.45743
298.45377
298.45462
298.45921
298.4622
298.46027
298.46124
298.46288
298.46246
298.463
298.45261
298.45704
298.4531
298.45748
298.46198
298.45451
298.45701
298.45761
298.4576
298.45805
298.45791
298.4582
298.45964
298.4594
298.45995
298.45909
298.45275
298.45101
298.453
298.45129
298.44982
298.45396
298.45033
298.44962
298.4541
298.44988
298.4545
298.45183
298.45825
298.45521
298.45251
298.45101
298.45161
298.45193
298.45022
298.45225
298.45572
298.45215
298.45224
298.45516
298.45239
298.45294
298.45577
298.45616
298.45974
298.45697
298.45625
298.45977
298.45408
298.45799
298.455
298.45784
298.46301
298.46307
298.46315
298.46023
298.46094
298.46056
298.46411
298.46311
298.46403
298.46002
298.46017
298.46038
298.46409
298.46094
298.46499
298.46445
298.46125
298.46048
298.46067
298.46079
298.45714
298.45886
298.45778
298.45961
298.45779
298.45795
298.45489
298.4538
298.45831
298.45543
298.45223
298.45251
298.45298
298.45244
298.45359
298.45358
298.45162
298.45212
298.45224
298.45273
298.45239
298.45173
298.45578
298.4541
298.45575
298.45678
298.4607
298.45261
298.45735
298.46126
298.46036
298.46091
298.46045
298.46292
298.46137
298.46292
298.45389
298.4579
298.45427
298.45805
298.46236
298.4555
298.45813
298.45754
298.45777
298.45827
298.45808
298.45837
298.46022
298.45973
298.46048
298.45953
298.45313
298.45142
298.45318
298.45148
298.44974
298.45389
298.4506
298.45048
298.45461
298.45064
298.45579
298.45334
298.45892
298.45621
298.45392
298.45203
298.45234
298.45168
298.45009
298.45229
298.45578
298.45358
298.4536
298.45629
298.45378
298.45422
298.45675
298.45704
298.46031
298.45736
298.45732
298.4606
298.45612
298.45841
298.45692
298.45902
298.46331
298.46345
298.46342
298.46092
298.46169
298.46121
298.46409
298.46337
298.46416
298.46073
298.46076
298.46101
298.46468
298.46175
298.46518
298.4648
298.46155
298.46112
298.46127
298.46141
298.45818
298.45998
298.45823
298.46021
298.45834
298.45865
298.45605
298.45534
298.45903
298.45638
298.45297
298.45376
298.4544
298.45332
298.45381
298.454
298.45286
298.45344
298.45353
298.45399
298.45355
298.45311
298.45628
298.45494
298.45666
298.45773
298.46172
298.45324
298.45769
298.4618
298.46063
298.46138
298.46082
298.46298
298.4616
298.46303
298.45412
298.45797
298.45455
298.45837
298.46261
298.45676
298.45904
298.45766
298.45766
298.4584
298.45811
298.45843
298.46067
298.45995
298.46084
298.46014
298.45302
298.45123
298.45309
298.45122
298.44961
298.45387
298.4502
298.45129
298.4554
298.45189
298.45642
298.45388
298.45921
298.45681
298.45437
298.45138
298.45226
298.45138
298.44973
298.45229
298.4561
298.45385
298.45435
298.45694
298.45378
298.45448
298.45685
298.45761
298.46066
298.45784
298.45801
298.46078
298.45738
298.45843
298.45748
298.4596
298.46352
298.4636
298.46359
298.46148
298.46224
298.46167
298.46423
298.46355
298.46428
298.46123
298.46114
298.4614
298.46485
298.4615
298.46524
298.46491
298.46146
298.46162
298.46165
298.46187
298.45877
298.46033
298.4582
298.46062
298.45841
298.45924
298.45677
298.45615
298.45942
298.45685
298.45365
298.45385
298.45475
298.45407
298.45414
298.45431
298.45375
298.45431
298.45397
298.45461
298.45422
298.45397
298.45691
298.45537
298.45711
298.45753
298.46153
298.45348
298.45776
298.4617
298.46096
298.46154
298.4611
298.46306
298.46182
298.46312
298.45477
298.45846
298.45492
298.45851
298.46279
298.45714
298.45941
298.45768
298.45788
298.45846
298.45818
298.4585
298.46097
298.46015
298.4611
298.46022
298.45306
298.45126
298.45303
298.45129
298.44933
298.45395
298.45032
298.45253
298.45568
298.45241
298.4567
298.45428
298.45936
298.45698
298.4545
298.45111
298.4522
298.45094
298.44964
298.45225
298.4561
298.45411
298.45466
298.45711
298.45425
298.45484
298.45731
298.45769
298.4608
298.45802
298.45769
298.46089
298.45764
298.45861
298.45757
298.45991
298.46365
298.46357
298.46371
298.4618
298.46248
298.4619
298.46432
298.46367
298.46436
298.46151
298.46134
298.4616
298.4649
298.46148
298.46524
298.46477
298.46123
298.46206
298.46187
298.46222
298.45924
298.46053
298.45752
298.46067
298.45864
298.45971
298.45746
298.45687
298.45985
298.45756
298.45413
298.45405
298.45522
298.45445
298.45416
298.45434
298.45409
298.45482
298.45446
298.45508
298.45491
298.4544
298.45727
298.45595
298.45764
298.45773
298.46158
298.45361
298.45758
298.46147
298.46122
298.46162
298.46133
298.46316
298.46199
298.46317
298.45548
298.45891
298.45544
298.4587
298.46287
298.45754
298.45973
298.45838
298.4583
298.45854
298.45834
298.45859
298.46119
298.46023
298.46131
298.46036
298.45306
298.45131
298.45311
298.45142
298.44964
298.45457
298.45087
298.45222
298.45599
298.45273
298.45692
298.45453
298.45909
298.45686
298.45477
298.45131
298.45255
298.45148
298.4501
298.4526
298.45651
298.45428
298.45471
298.45714
298.45435
298.45488
298.45725
298.45802
298.46098
298.45842
298.45834
298.46126
298.45774
298.45853
298.45772
298.46006
298.46378
298.4638
298.46384
298.46197
298.46262
298.46202
298.46439
298.46377
298.46441
298.46165
298.46144
298.46169
298.46483
298.46142
298.46527
298.46481
298.46138
298.46241
298.46196
298.46256
298.46028
298.46079
298.45777
298.46087
298.45869
298.45984
298.45756
298.4578
298.45998
298.45766
298.45445
298.45386
298.45525
298.45482
298.45426
298.45469
298.45476
298.45533
298.45475
298.45542
298.4551
298.45476
298.45779
298.45625
298.45781
298.45784
298.46158
298.45433
298.45783
298.46161
298.46142
298.46169
298.46148
298.46322
298.46212
298.46323
298.45549
298.45868
298.45526
298.4587
298.46293
298.45786
298.45991
298.45811
298.45838
298.4586
298.45839
298.45863
298.46132
298.46028
298.4614
298.4604
298.45294
298.45129
298.45294
298.45127
298.44959
298.45448
298.45032
298.4524
298.45599
298.4524
298.45667
298.45447
298.45891
298.45652
298.45433
298.45119
298.45262
298.45116
298.44964
298.45253
298.45661
298.45381
298.45485
298.45741
298.45411
298.45465
298.4571
298.45865
298.46152
298.45872
298.45861
298.46147
298.45763
298.45829
298.45767
298.45989
298.4639
298.46395
298.46394
298.46204
298.46257
298.46211
298.46443
298.46384
298.46444
298.46173
298.46152
298.46176
298.46473
298.4612
298.4653
298.46485
298.46111
298.4625
298.46199
298.46233
298.4596
298.46084
298.45751
298.46089
298.45886
298.45998
298.45779
298.45697
298.46003
298.45783
298.45484
298.45422
298.45559
298.45477
298.45409
298.45469
298.45478
298.45533
298.45494
298.45546
298.45533
298.45486
298.45792
298.45655
298.45806
298.45783
298.4616
298.45427
298.45808
298.46165
298.46154
298.46178
298.4616
298.46323
298.46222
298.46325
298.45512
298.45894
298.45543
298.45934
298.46309
298.45799
298.45993
298.45829
298.4583
298.45868
298.45845
298.4587
298.46148
298.46047
298.46158
298.46077
298.45285
298.45119
298.453
298.45138
298.44966
298.4541
298.44998
298.45202
298.45629
298.45269
298.45611
298.45402
298.45878
298.45632
298.45421
298.45129
298.45242
298.45128
298.4498
298.45228
298.45643
298.45402
298.45487
298.45703
298.45413
298.45476
298.45681
298.45822
298.46108
298.45868
298.45798
298.46097
298.4573
298.45817
298.4572
298.45968
298.46398
298.46371
298.46397
298.46215
298.46246
298.46214
298.46444
298.46387
298.46445
298.46178
298.46162
298.46182
298.46483
298.46141
298.46533
298.46484
298.46132
298.46238
298.46207
298.46242
298.45966
298.46101
298.45804
298.46103
298.45884
298.45998
298.45791
298.4576
298.4599
298.4577
298.45475
298.45422
298.4557
298.4549
298.45427
298.45475
298.45468
298.45557
298.45483
298.45568
298.45516
298.45477
298.4582
298.45654
298.45806
298.45808
298.4616
298.45468
298.45819
298.46178
298.46169
298.46195
298.46177
298.46331
298.46233
298.46338
298.45553
298.45892
298.45599
298.45945
298.46337
298.45814
298.46013
298.45837
298.45826
298.45871
298.45849
298.45871
298.46165
298.46051
298.46172
298.461
298.45294
298.45118
298.45291
298.45115
298.44963
298.45397
298.45003
298.45316
298.45675
298.45308
298.45636
298.45425
298.45884
298.45659
298.45431
298.45106
298.45248
298.45115
298.44981
298.45259
298.45683
298.45405
298.45475
298.45686
298.45427
298.45492
298.4572
298.45812
298.46102
298.45892
298.45834
298.46106
298.45732
298.45839
298.4573
298.45977
298.46397
298.46378
298.46399
298.4622
298.46251
298.46224
298.46446
298.4639
298.46446
298.46185
298.46168
298.46187
298.46473
298.46103
298.46529
298.46464
298.46084
298.46243
298.46213
298.46249
298.45974
298.46107
298.45759
298.46095
298.45884
298.45977
298.45795
298.45758
298.4597
298.45772
298.45505
298.45448
298.45585
298.45528
298.45471
298.45481
298.45515
298.45569
298.45509
298.45578
298.45538
298.45508
298.45799
298.45632
298.45792
298.45836
298.46192
298.45487
298.4582
298.46188
298.46184
298.46204
298.46189
298.46339
298.46241
298.46343
298.45592
298.45954
298.45608
298.45952
298.46327
298.4582
298.4603
298.45817
298.45825
298.4587
298.45852
298.45872
298.46174
298.46048
298.46177
298.46113
298.45304
298.45141
298.45313
298.45148
298.45001
298.45407
298.44977
298.45301
298.45686
298.45316
298.45635
298.45417
298.4589
298.45656
298.45413
298.45132
298.45277
298.4516
298.45031
298.45271
298.4569
298.45402
298.4549
298.45707
298.45424
298.45503
298.45725
298.45807
298.46101
298.45888
298.45814
298.46123
298.45737
298.45848
298.4571
298.45974
298.46398
298.46384
298.46399
298.46224
298.46255
298.46226
298.46446
298.46393
298.46446
298.46186
298.46166
298.46184
298.46455
298.46059
298.46526
298.46462
298.46083
298.46244
298.46209
298.46235
298.45959
298.4608
298.45724
298.46076
298.45862
298.45967
298.45774
298.45697
298.45967
298.45786
298.45509
298.45449
298.45564
298.45501
298.45443
298.4546
298.4549
298.4556
298.4551
298.45567
298.45542
298.45489
298.45771
298.45608
298.4576
298.45804
298.46181
298.45461
298.45786
298.46178
298.46194
298.46217
298.462
298.46345
298.46247
298.46343
298.45597
298.45919
298.45607
298.4594
298.46328
298.45809
298.46021
298.45853
298.45852
298.45875
298.45869
298.45881
298.46182
298.46057
298.46185
298.46119
298.45313
298.45152
298.45312
298.45149
298.45005
298.45438
298.45038
298.45297
298.45674
298.45327
298.45668
298.45424
298.45896
298.45655
298.45423
298.45172
298.4527
298.45157
298.45051
298.45286
298.45687
298.45403
298.4552
298.45742
298.4545
298.45512
298.45737
298.45862
298.46165
298.45884
298.45841
298.46129
298.45728
298.4584
298.45756
298.46007
298.46403
298.46386
298.46409
298.46231
298.46284
298.46234
298.46447
298.46398
298.46448
298.46186
298.46169
298.46189
298.46487
298.46125
298.46529
298.46505
298.46153
298.46267
298.4622
298.46287
298.46055
298.46068
298.45816
298.4609
298.45868
298.45984
298.45781
298.45845
298.45987
298.4579
298.45481
298.45401
298.45548
298.45462
298.45382
298.45422
298.4552
298.45564
298.45507
298.45558
298.45532
298.45501
298.45764
298.45599
298.4576
298.45796
298.46175
298.45439
298.45773
298.46162
298.46205
298.46223
298.46209
298.46345
298.46253
298.46344
298.45594
298.45933
298.45591
298.45915
298.46309
298.458
298.46008
298.45853
298.45861
298.45884
298.45876
298.4589
298.46189
298.46067
298.46193
298.46134
298.45327
298.45165
298.45336
298.45169
298.45014
298.45449
298.45058
298.45325
298.45708
298.45365
298.45646
298.45399
298.45917
298.45685
298.45416
298.45147
298.4527
298.4516
298.45034
298.45268
298.45679
298.45411
298.45502
298.4573
298.45435
298.455
298.45713
298.45817
298.46128
298.4588
298.45817
298.46118
298.45764
298.45827
298.45782
298.46037
298.46414
298.46393
298.46414
298.46236
298.46297
298.46238
298.46449
298.46403
298.46449
298.4619
298.46169
298.4619
298.46495
298.46147
298.46524
298.46489
298.46152
298.46291
298.46226
298.46299
298.46069
298.46103
298.45822
298.46102
298.45881
298.45987
298.45798
298.45893
298.46011
298.45838
298.45483
298.45415
298.45565
298.45493
298.45425
298.45449
298.45508
298.45558
298.45494
298.45572
298.45572
298.4547
298.45754
298.4562
298.45769
298.45797
298.46172
298.45519
298.45832
298.46195
298.46215
298.46237
298.4622
298.46344
298.46259
298.46346
298.45588
298.45932
298.45573
298.45934
298.46312
298.45799
298.46001
298.45864
298.45872
298.45895
298.45888
298.45908
298.46188
298.46103
298.46185
298.46127
298.45327
298.4515
298.45341
298.45182
298.44996
298.45471
298.45062
298.45338
298.45698
298.45336
298.4565
298.45406
298.45888
298.45639
298.45393
298.45134
298.45261
298.45117
298.44996
298.45237
298.45634
298.45401
298.45478
298.45696
298.45441
298.45505
298.45721
298.45844
298.46136
298.45878
298.45803
298.46137
298.4576
298.45829
298.45749
298.45986
298.46422
298.46418
298.46426
298.46236
298.46272
298.46238
298.4645
298.46411
298.4645
298.46189
298.46168
298.46189
298.46492
298.46125
298.46521
298.46484
298.46155
298.46279
298.46225
298.46274
298.46015
298.46116
298.45836
298.46111
298.4591
298.46
298.45834
298.45805
298.45983
298.45818
298.45484
298.45406
298.45593
298.45485
298.45411
298.45458
298.45509
298.45582
298.45544
298.45607
298.45589
298.4553
298.45769
298.45628
298.45786
298.45857
298.46206
298.45542
298.45858
298.46216
298.46226
298.46255
298.46232
298.4635
298.46268
298.46354
298.45596
298.45933
298.45596
298.45922
298.46312
298.45841
298.46025
298.45862
298.45856
298.45923
298.45903
298.45933
298.46181
298.46135
298.46185
298.46085
298.45343
298.45186
298.45343
298.45179
298.44984
298.45415
298.45042
298.45303
298.4567
298.45312
298.45654
298.45401
298.45856
298.45616
298.45383
298.45113
298.45214
298.45099
298.44954
298.45219
298.45646
298.45374
298.4548
298.45698
298.45406
298.45499
298.4573
298.45837
298.46172
298.4588
298.45816
298.46141
298.45709
298.45824
298.4573
298.46007
298.46432
298.46425
298.46437
298.46236
298.46282
298.46239
298.4645
298.46416
298.4645
298.46193
298.46181
298.46198
298.46478
298.46121
298.46516
298.46497
298.46163
298.46278
298.46227
298.46271
298.4602
298.46094
298.45839
298.46106
298.45904
298.4596
298.45831
298.45814
298.45958
298.45828
298.4552
298.45458
298.45604
298.45531
298.45473
298.45494
298.45553
298.45613
298.45528
298.45603
298.45586
298.45511
298.45786
298.45659
298.45792
298.45826
298.46207
298.45508
298.45831
298.46206
298.46237
298.46259
298.4624
298.46356
298.46275
298.46357
298.45603
298.45933
298.45574
298.45902
298.46303
298.45826
298.46013
298.45865
298.45875
298.45935
298.45911
298.45936
298.46184
298.46141
298.4619
298.46103
298.45343
298.45175
298.45333
298.45163
298.44999
298.45453
298.45059
298.45315
298.45723
298.45372
298.456
298.45377
298.45836
298.45583
298.45362
298.45087
298.45226
298.4513
298.44985
298.4526
298.45667
298.4537
298.45497
298.457
298.45421
298.45484
298.45701
298.45872
298.46194
298.45915
298.45839
298.4616
298.45748
298.45814
298.4575
298.45999
298.46442
298.46422
298.46446
298.4624
298.46282
298.46244
298.4645
298.46422
298.46449
298.46201
298.46185
298.46202
298.4648
298.46135
298.46506
298.46483
298.46145
298.46276
298.46228
298.46273
298.4601
298.46106
298.45797
298.46089
298.45899
298.45943
298.45807
298.45819
298.45942
298.45785
298.45526
298.45462
298.45592
298.45498
298.45449
298.45488
298.45555
298.45612
298.45545
298.45589
298.45546
298.45501
298.45796
298.45662
298.45798
298.4585
298.46214
298.4557
298.45928
298.46244
298.46243
298.46264
298.46247
298.4636
298.4628
298.46361
298.45609
298.45964
298.45643
298.45991
298.46343
298.45818
298.46012
298.4588
298.45901
298.45937
298.45924
298.45943
298.46192
298.46144
298.46198
298.46109
298.45347
298.45168
298.45367
298.45203
298.45019
298.45479
298.45098
298.45373
298.45693
298.45367
298.45612
298.45383
298.4585
298.45615
298.45393
298.45178
298.4526
298.4517
298.45037
298.45264
298.45682
298.45377
298.45475
298.45686
298.45416
298.45489
298.45676
298.45821
298.46141
298.45918
298.45759
298.46096
298.45729
298.45783
298.45725
298.45977
298.46447
298.46414
298.46452
298.46246
298.46272
298.46249
298.46448
298.46426
298.46447
298.46204
298.46198
298.46208
298.4648
298.46189
298.46501
298.46475
298.46193
298.46282
298.46233
298.4628
298.46032
298.46088
298.45883
298.4609
298.45892
298.45957
298.45803
298.4582
298.45982
298.45833
298.45502
298.45458
298.4558
298.4552
298.45472
298.45499
298.45492
298.45565
298.45521
298.45574
298.45604
298.45508
298.45789
298.45672
298.45794
298.45964
298.46254
298.45545
298.45901
298.46244
298.46251
298.46274
298.46255
298.46363
298.46284
298.46366
298.45636
298.45987
298.45623
298.45965
298.4633
298.45803
298.46017
298.45943
298.45933
298.45948
298.45939
298.45956
298.462
298.46147
298.46196
298.46118
298.45402
298.45237
298.45411
298.45245
298.45055
298.45537
298.45136
298.45387
298.45721
298.45375
298.45603
298.45389
298.45851
298.45604
298.45387
298.45176
298.45256
298.45169
298.45049
298.45252
298.4566
298.45396
298.45469
298.45656
298.45436
298.45482
298.45657
298.45759
298.46111
298.45896
298.45798
298.46132
298.45707
298.4577
298.45697
298.45967
298.46454
298.46423
298.46455
298.4625
298.46262
298.46249
298.46446
298.46427
298.46445
298.4621
298.46206
298.46213
298.46464
298.46171
298.46498
298.46457
298.46116
298.46275
298.46235
298.46269
298.4603
298.46074
298.45834
298.46069
298.45869
298.45996
298.45828
298.45836
298.45998
298.45819
298.45531
298.4548
298.45577
298.45499
298.45443
298.45528
298.45552
298.45582
298.45539
298.45565
298.45586
298.45538
298.45818
298.45685
298.45811
298.45932
298.46265
298.45595
298.45906
298.46264
298.46259
298.46286
298.46262
298.46369
298.46289
298.46362
298.45628
298.45943
298.45604
298.45914
298.46306
298.45786
298.45999
298.45933
298.45956
298.45956
298.45949
298.45957
298.46196
298.46143
298.46195
298.46128
298.45383
298.45226
298.45402
298.4523
298.45044
298.45548
298.45146
298.45367
298.45736
298.45406
298.45612
298.4539
298.45853
298.45598
298.45361
298.45169
298.4525
298.45141
298.45031
298.45252
298.45666
298.454
298.45493
298.45672
298.45441
298.45504
298.45686
298.45817
298.46138
298.45898
298.45781
298.46129
298.45685
298.45784
298.45722
298.45968
298.46454
298.46419
298.4645
298.46249
298.46253
298.4625
298.46443
298.46424
298.46441
298.46217
298.46215
298.4622
298.46458
298.46106
298.46492
298.4648
298.46171
298.46258
298.46238
298.4625
298.45939
298.46065
298.45853
298.4606
298.45856
298.45983
298.4581
298.45717
298.45971
298.45787
298.45524
298.45478
298.45576
298.45544
298.45507
298.45512
298.45523
298.45564
298.45498
298.45562
298.45537
298.45482
298.45803
298.45665
298.45794
298.45881
298.4625
298.45652
298.45978
298.46303
298.46263
298.46287
298.46263
298.46355
298.46291
298.46359
298.45558
298.45895
298.45594
298.45918
298.46305
298.45788
298.4598
298.45984
298.45972
298.45958
298.4596
298.4596
298.46191
298.46138
298.46189
298.46106
298.45421
298.45243
298.45446
298.45287
298.45091
298.45565
298.45192
298.45378
298.45717
298.45345
298.45618
298.45386
298.45831
298.45588
298.45381
298.4514
298.45271
298.45186
298.45088
298.45274
298.45653
298.45382
298.45491
298.4568
298.45437
298.45497
298.45687
298.45777
298.46121
298.45896
298.45792
298.46141
298.45719
298.45794
298.45718
298.45948
298.46448
298.46415
298.46444
298.4625
298.46248
298.46248
298.46439
298.46421
298.46437
298.46222
298.46216
298.46223
298.46469
298.46152
298.46484
298.46443
298.46118
298.46271
298.46245
298.46284
298.46043
298.46054
298.45781
298.46046
298.45833
298.45956
298.458
298.45867
298.45963
298.45798
298.45531
298.45504
298.45576
298.45499
298.45473
298.45517
298.4553
298.45581
298.45523
298.45609
298.45556
298.45499
298.45789
298.45668
298.45789
298.4595
298.46277
298.45561
298.45903
298.46264
298.46264
298.46291
298.46265
298.46361
298.46291
298.46359
298.45609
298.45914
298.45577
298.45903
298.46295
298.45857
298.46021
298.45982
298.45989
298.45957
298.45957
298.45952
298.46185
298.46127
298.46179
298.46088
298.45444
298.45268
298.45483
298.45286
298.45097
298.45649
298.45348
298.45332
298.45674
298.45305
298.45579
298.45363
298.45819
298.4557
298.45355
298.45229
298.45287
298.45232
298.45117
298.45321
298.45712
298.4536
298.45503
298.45695
298.45425
298.45484
298.45695
298.45773
298.4613
298.45917
298.45829
298.46139
298.45675
298.45797
298.45678
298.45949
298.46445
298.46409
298.46443
298.46243
298.46235
298.46238
298.46435
298.46417
298.46432
298.46222
298.46214
298.46223
298.46431
298.46095
298.46478
298.46435
298.46115
298.46287
298.46245
298.4629
298.46015
298.46068
298.45799
298.46056
298.4587
298.45965
298.45814
298.45792
298.45956
298.45795
298.4552
298.45496
298.45588
298.45535
298.45504
298.45525
298.45531
298.45605
298.45522
298.45595
298.45554
298.45496
298.45788
298.45656
298.4578
298.45938
298.46279
298.4564
298.45969
298.46278
298.46266
298.46294
298.46267
298.4636
298.46291
298.46359
298.45576
298.45918
298.45557
298.45912
298.46299
298.45815
298.45994
298.45982
298.46006
298.45941
298.45943
298.45935
298.46168
298.46106
298.46156
298.46059
298.45503
298.45302
298.45515
298.45314
298.45114
298.45721
298.4543
298.45281
298.45611
298.45245
298.45546
298.45327
298.45815
298.45555
298.45312
298.45219
298.45307
298.45195
298.45114
298.45295
298.45686
298.45348
298.45488
298.4572
298.45387
298.45502
298.45735
298.45811
298.4612
298.45906
298.45779
298.46082
298.45644
298.45821
298.45673
298.4594
298.46443
298.46386
298.46443
298.46233
298.46227
298.46233
298.46428
298.46413
298.46423
298.46223
298.46212
298.46222
298.46452
298.46147
298.4647
298.46447
298.46144
298.46296
298.46239
298.46289
298.46066
298.46048
298.45827
298.46069
298.45879
298.45966
298.45808
298.45862
298.45975
298.45803
298.45521
298.45489
298.45602
298.45525
298.45497
298.45483
298.45502
298.45571
298.45506
298.45555
298.45555
298.45482
298.45754
298.4562
298.45739
298.45952
298.46271
298.45556
298.4589
298.4626
298.46269
298.46298
298.46269
298.46356
298.46293
298.46359
298.45584
298.45951
298.45579
298.4592
298.46293
298.45795
298.45989
298.45999
298.46019
298.45928
298.45939
298.45922
298.46148
298.46093
298.46145
298.46054
298.45526
298.45335
298.45543
298.45348
298.45111
298.45735
298.4547
298.45272
298.45644
298.45296
298.45544
298.45291
298.45798
298.45552
298.45311
298.45179
298.45282
298.45194
298.45097
298.45282
298.4566
298.45308
298.45486
298.45684
298.45388
298.45454
298.45664
298.4572
298.46062
298.45909
298.45736
298.46082
298.45734
298.45777
298.45703
298.45962
298.46441
298.46394
298.4644
298.46232
298.46241
298.46229
298.46417
298.46406
298.46411
298.46219
298.46205
298.46214
298.46435
298.4618
298.46448
298.46423
298.46143
298.46283
298.46229
298.4626
298.46015
298.46063
298.45865
298.46045
298.45861
298.4599
298.45818
298.45812
298.45977
298.45795
298.45518
298.45479
298.45596
298.4552
298.45486
298.45499
298.45482
298.45526
298.45476
298.45517
298.45544
298.45471
298.45756
298.45653
298.4577
298.45901
298.46263
298.45606
298.45941
298.46266
298.46266
298.46285
298.46261
298.46357
298.46288
298.46354
298.45581
298.45906
298.45543
298.45903
298.46288
298.45755
298.45962
298.46023
298.46034
298.45915
298.45936
298.45913
298.4614
298.4608
298.46134
298.46041
298.45543
298.45343
298.45534
298.45339
298.45114
298.45745
298.45488
298.45281
298.45599
298.45246
298.45548
298.45312
298.4578
298.45525
298.45287
298.45183
298.45262
298.45199
298.45103
298.4529
298.45672
298.45293
298.45467
298.45672
298.45362
298.4545
298.45665
298.45785
298.46106
298.45905
298.45746
298.4608
298.45692
298.4576
298.45651
298.45938
298.46437
298.46383
298.46431
298.46223
298.46225
298.46217
298.46403
298.46396
298.46393
298.46208
298.46195
298.46202
298.4643
298.46163
298.46428
298.46417
298.4613
298.46247
298.46212
298.46235
298.45982
298.46029
298.45841
298.4602
298.45826
298.45966
298.45786
298.4576
298.45954
298.45794
298.45508
298.45474
298.45553
298.45495
298.45458
298.45504
298.45435
298.45533
298.45451
298.45545
298.45551
298.45453
298.45762
298.45645
298.45752
298.4596
298.46274
298.45656
298.45969
298.46282
298.46255
298.46273
298.4625
298.46351
298.46279
298.46349
298.45555
298.4593
298.45561
298.45928
298.46301
298.45778
298.45986
298.46024
298.46024
298.45906
298.45929
298.459
298.46121
298.46062
298.46113
298.46015
298.45526
298.45337
298.45531
298.45338
298.45091
298.45746
298.45467
298.45257
298.45598
298.45235
298.45507
298.45272
298.45738
298.45477
298.45263
298.45215
298.45301
298.45211
298.45105
298.45299
298.45686
298.45307
298.45435
298.4564
298.45356
298.45424
298.45617
298.45715
298.4606
298.45906
298.45721
298.46055
298.45678
298.45733
298.45655
298.45901
298.46427
298.4637
298.46422
298.46207
298.46188
298.46195
298.46383
298.4638
298.46371
298.46196
298.4618
298.46189
298.46392
298.46106
298.46402
298.46404
298.46144
298.4623
298.46196
298.46214
298.45966
298.46008
298.45875
298.46023
298.45848
298.45935
298.4578
298.45708
298.45921
298.45746
298.45505
298.45475
298.45566
298.45494
298.45462
298.45494
298.45504
298.45564
298.45502
298.45547
298.45514
298.45491
298.4574
298.45633
298.45745
298.45935
298.46262
298.45582
298.4591
298.46247
298.46246
298.46264
298.4624
298.46346
298.46268
298.46339
298.45563
298.45904
298.45597
298.4591
298.46284
298.45784
298.45984
298.46008
298.4599
298.45889
298.45903
298.45874
298.46103
298.46032
298.46088
298.45991
298.45536
298.45341
298.45519
298.45332
298.45087
298.45699
298.45405
298.45269
298.45572
298.45225
298.45481
298.45249
298.45721
298.45451
298.45236
298.45215
298.45278
298.45184
298.45075
298.45275
298.45669
298.45263
298.454
298.45604
298.45321
298.45376
298.45588
298.45736
298.46059
298.45895
298.45713
298.4604
298.45603
298.45704
298.45608
298.45897
298.46416
298.46355
298.46409
298.46178
298.46167
298.46167
298.46357
298.46358
298.46341
298.46181
298.46159
298.46171
298.46374
298.46112
298.46368
298.46352
298.46079
298.46199
298.46181
298.46204
298.45951
298.46021
298.45829
298.45997
298.45838
298.45907
298.45749
298.45738
298.45886
298.45727
298.45488
298.45443
298.45548
298.45468
298.45426
298.45471
298.45492
298.45521
298.45484
298.45496
298.45498
298.45457
298.45728
298.45615
298.45719
298.45884
298.46225
298.45562
298.45899
298.46228
298.4623
298.4624
298.46218
298.46326
298.46247
298.46317
298.45567
298.45901
298.45526
298.45881
298.46256
298.45728
298.45945
298.45976
298.45964
298.45858
298.45879
298.45842
298.46064
298.45991
298.46045
298.45976
298.45528
298.4534
298.4551
298.45313
298.45081
298.45686
298.45402
298.45141
298.45511
298.45152
298.45479
298.45246
298.45764
298.4548
298.45227
298.45203
298.45278
298.452
298.45098
298.45269
298.45639
298.45236
298.45371
298.45598
298.45316
298.45374
298.45583
298.45596
298.45963
298.45859
298.45551
298.45934
298.4562
298.45692
298.45606
298.45831
298.46401
298.46325
298.46385
298.46154
298.46125
298.46141
298.46324
298.4633
298.46305
298.46159
298.46132
298.46144
298.46328
298.46053
298.46328
298.46338
298.46089
298.46188
298.46151
298.46172
298.45956
298.45966
298.45818
298.45954
298.45787
298.45892
298.45747
298.45754
298.45876
298.45717
298.45442
298.45414
298.45512
298.4542
298.45397
298.4544
298.45458
298.45491
298.45415
298.45486
298.45478
298.45381
298.4571
298.45594
298.45693
298.45865
298.46203
298.45542
298.4591
298.46231
298.46205
298.46213
298.46191
298.46304
298.4622
298.46288
298.45494
298.45854
298.45472
298.45815
298.46205
298.45723
298.45914
298.45946
298.45919
298.45822
298.45837
298.45798
298.46023
298.45946
298.45999
298.4593
298.4549
298.45293
298.4546
298.45265
298.45026
298.45618
298.45356
298.45113
298.45458
298.4506
298.45457
298.45197
298.45688
298.45401
298.45168
298.45166
298.45258
298.45118
298.45037
298.45221
298.45583
298.45187
298.45344
298.4556
298.45246
298.45326
298.45541
298.45576
298.45947
298.45842
298.45597
298.45946
298.45532
298.45656
298.45551
298.45781
298.46369
298.46303
298.46348
298.46123
298.46074
298.46102
298.46286
298.4629
298.46264
298.46125
298.46094
298.46106
298.46312
298.46073
298.46287
298.46286
298.46034
298.46173
298.46117
298.4615
298.45896
298.4593
298.45794
298.45907
298.45744
298.45857
298.45685
298.45668
298.45844
298.45676
298.45424
298.45376
298.45469
298.45405
298.45344
298.45404
298.45426
298.45479
298.45414
298.45463
298.45439
298.45369
298.45677
298.4556
298.45655
298.45898
298.46214
298.45541
298.45846
298.46187
298.46176
298.46182
298.46158
298.46268
298.46183
298.46245
298.45453
298.45792
298.45444
298.45785
298.4617
298.45699
298.45873
298.4591
298.45879
298.45773
298.45786
298.45749
298.45973
298.45894
298.45947
298.45871
298.45426
298.45235
298.45403
298.45211
298.44974
298.456
298.45331
298.45062
298.45411
298.45051
298.45361
298.4512
298.45642
298.45337
298.45088
298.45089
298.45203
298.45056
298.44962
298.45164
298.4554
298.4512
298.45311
298.45527
298.45208
298.45251
298.45485
298.45591
298.45946
298.458
298.45593
298.45938
298.456
298.45624
298.45571
298.45822
298.46323
298.46251
298.46293
298.46081
298.4608
298.46061
298.4624
298.46239
298.46214
298.46085
298.46049
298.4606
298.4626
298.46007
298.46236
298.4624
298.45999
298.46125
298.46073
298.46098
298.45872
298.4588
298.45737
298.45854
298.45707
298.45824
298.45652
298.45664
298.45801
298.45628
298.45388
298.45331
298.45457
298.45381
298.45327
298.45362
298.45382
298.4544
298.45367
298.45409
298.4539
298.45321
298.45632
298.45506
298.45601
298.45829
298.46163
298.45502
298.45823
298.46137
298.46135
298.46134
298.46109
298.46222
298.46134
298.46199
298.45438
298.45777
298.45403
298.45744
298.46124
298.45629
298.45822
298.45847
298.45819
298.45715
298.45726
298.45681
298.45913
298.45816
298.4587
298.45798
298.45374
298.45172
298.45346
298.45161
298.44924
298.45539
298.4525
298.44977
298.45319
298.44951
298.45301
298.45051
298.45584
298.45263
298.45005
298.45025
298.45133
298.45013
298.44958
298.4511
298.45471
298.45063
298.45227
298.45461
298.45114
298.45203
298.45444
298.45545
298.459
298.45725
298.45504
298.45853
298.45522
298.45574
298.45477
298.45741
298.4626
298.46174
298.46224
298.46034
298.46015
298.46002
298.46186
298.46174
298.46155
298.46032
298.4599
298.45999
298.46216
298.45985
298.46176
298.46183
298.45944
298.46066
298.46012
298.4602
298.45742
298.45835
298.45675
298.45834
298.45677
298.45756
298.45581
298.45515
298.45716
298.45544
298.4536
298.45304
298.45398
298.45338
298.4526
298.45309
298.45331
298.45388
298.45278
298.45347
298.45313
298.45249
298.45553
298.45463
298.45555
298.45778
298.46106
298.45375
298.45733
298.46071
298.46081
298.46077
298.46049
298.46171
298.46074
298.46139
298.45386
298.45716
298.45342
298.45681
298.46059
298.45571
298.45765
298.45793
298.4576
298.45649
298.45668
298.45619
298.45832
298.45749
298.45798
298.45717
298.45326
298.45156
298.4528
298.45088
298.44858
298.45482
298.45205
298.44887
298.45235
298.4481
298.45241
298.44981
298.45509
298.45209
298.44967
298.45009
298.45066
298.44946
298.44878
298.45032
298.45418
298.44968
298.45175
298.4543
298.45059
298.45154
298.45413
298.45411
298.45775
298.45644
298.45426
298.45756
298.45453
298.45531
298.45401
298.45673
298.46182
298.46086
298.46136
298.45961
298.45937
298.45903
298.46118
298.46092
298.46076
298.45955
298.4588
298.45888
298.46147
298.45906
298.46104
298.46104
298.45854
298.45985
298.45911
298.4594
298.4564
298.45808
298.45617
298.45762
298.4563
298.45677
298.45501
298.45358
298.45623
298.45461
298.45316
298.45231
298.45347
298.4526
298.45195
298.45227
298.45253
298.45323
298.45247
298.453
298.45244
298.45218
298.45505
298.45351
298.45444
298.45734
298.46033
298.45372
298.45692
298.45995
298.4601
298.45977
298.45962
298.46102
298.45997
298.46062
298.45331
298.45662
298.45275
298.4561
298.45989
298.45516
298.457
298.45731
298.45696
298.45593
298.45609
298.45579
298.45766
298.45703
298.45744
298.45655
298.45237
298.45039
298.45202
298.45036
298.44817
298.45444
298.45218
298.44824
298.45242
298.44881
298.45181
298.44952
298.45468
298.4521
298.44986
298.44944
298.4502
298.44976
298.44868
298.45021
298.45375
298.44958
298.45141
298.45403
298.45061
298.45155
298.45407
298.45395
298.45719
298.45573
298.45358
298.4568
298.4537
298.45511
298.45391
298.45601
298.46087
298.45982
298.46037
298.45864
298.4585
298.45835
298.46031
298.45994
298.45984
298.45857
298.45823
298.45838
298.46056
298.45801
298.46013
298.46006
298.4579
298.45906
298.45856
298.45885
298.45634
298.45717
298.45584
298.45686
298.45523
298.45575
298.45446
298.45407
298.45547
298.45438
298.45208
298.45151
298.45257
298.45179
298.45122
298.45209
298.45186
298.45255
298.45192
298.45257
298.4525
298.45193
298.45388
298.45316
298.45343
298.4563
298.45943
298.45268
298.45578
298.45889
298.45912
298.45878
298.45862
298.46015
298.45899
298.45963
298.45265
298.45576
298.45199
298.4553
298.45899
298.45473
298.4564
298.45637
298.45542
298.45533
298.45511
298.45472
298.45699
298.45609
298.45637
298.45488
298.45132
298.44957
298.45048
298.44849
298.44625
298.45263
298.44969
298.44813
298.45052
298.44687
298.45135
298.44922
298.45355
298.45041
298.44826
298.44877
298.44936
298.44721
298.44617
298.44832
298.45217
298.44891
298.45186
298.45434
298.45031
298.45147
298.45404
298.45297
298.45621
298.45473
298.45155
298.45513
298.45407
298.45536
298.45526
298.45667
298.45986
298.45841
298.45938
298.45818
298.45808
298.45851
298.45937
298.45891
298.4589
298.45839
298.45875
298.45893
298.45953
298.45726
298.4593
298.45881
298.45631
298.45862
298.45897
298.45842
298.45698
298.45632
298.45345
298.4554
298.4531
298.45538
298.45461
298.45557
298.45554
298.45501
298.45159
298.4511
298.4503
298.45026
298.44982
298.44948
298.45264
298.45276
298.45233
298.45202
298.45316
298.45265
298.45263
298.45185
298.45324
298.45565
298.45833
298.45183
298.45467
298.45759
298.45809
298.45788
298.45765
298.45914
298.458
298.45866
298.45228
298.45536
298.45251
298.45517
298.45786
298.45411
298.45628
298.48569
298.48907
298.4934
298.49146
298.49567
298.49614
298.48966
298.49612
298.49566
298.48025
298.49351
298.48939
298.49064
298.48997
298.49394
298.49779
298.49809
298.49945
298.4994
298.50057
298.50089
298.49892
298.50085
298.50048
298.49508
298.49927
298.49787
298.48285
298.49381
298.4901
298.4865
298.48113
298.49018
298.49771
298.49616
298.49871
298.5008
298.50056
298.50139
298.50146
298.50164
298.50173
298.50117
298.50169
298.50154
298.49945
298.50117
298.50018
298.49367
298.4983
298.49586
298.47391
298.48998
298.4807
298.49169
298.48268
298.49172
298.49966
298.49706
298.49966
298.50155
298.50093
298.50156
298.50179
298.50174
298.5018
298.50163
298.50176
298.50164
298.50053
298.50135
298.50054
298.49671
298.49924
298.49672
298.48217
298.49147
298.48225
298.49025
298.4743
298.48668
298.49873
298.49388
298.49769
298.5014
298.49981
298.50083
298.50173
298.5013
298.50149
298.50154
298.50144
298.50119
298.5002
298.50063
298.4995
298.49589
298.49738
298.49373
298.48119
298.48654
298.47411
298.494
298.48258
298.49091
298.49951
298.49516
298.49789
298.50094
298.4991
298.4995
298.50051
298.49946
298.49904
298.49797
298.49788
298.49532
298.4902
298.49116
298.48306
298.49367
298.48023
298.48622
298.4964
298.49004
298.49197
298.49596
298.49201
298.49027
298.48989
298.48655
298.48151
)
;
        Tnbr            T;
        kappaMethod     directionalSolidThermo;
        alphaAni        aniAlpha;
    }
}


// ************************************************************************* //
