solid cell3
  facet normal 9.994645875e-01 3.271908282e-02 0.000000000e+00
    outer loop
      vertex -1.100000000e-02 1.000000000e-02 -1.000000000e-03
      vertex -1.101926969e-02 1.058862816e-02 -1.000000000e-03
      vertex -1.101926969e-02 1.058862816e-02 6.500000000e-02
    endloop
  endfacet
  facet normal 9.994645875e-01 3.271908282e-02 0.000000000e+00
    outer loop
      vertex -1.100000000e-02 1.000000000e-02 -1.000000000e-03
      vertex -1.101926969e-02 1.058862816e-02 6.500000000e-02
      vertex -1.100000000e-02 1.000000000e-02 6.500000000e-02
    endloop
  endfacet
  facet normal 0.000000000e+00 0.000000000e+00 -1.000000000e+00
    outer loop
      vertex -2.000000000e-02 1.000000000e-02 -1.000000000e-03
      vertex -1.101926969e-02 1.058862816e-02 -1.000000000e-03
      vertex -1.100000000e-02 1.000000000e-02 -1.000000000e-03
    endloop
  endfacet
  facet normal 0.000000000e+00 0.000000000e+00 1.000000000e+00
    outer loop
      vertex -2.000000000e-02 1.000000000e-02 6.500000000e-02
      vertex -1.100000000e-02 1.000000000e-02 6.500000000e-02
      vertex -1.101926969e-02 1.058862816e-02 6.500000000e-02
    endloop
  endfacet
  facet normal 9.951847267e-01 9.801714033e-02 0.000000000e+00
    outer loop
      vertex -1.101926969e-02 1.058862816e-02 -1.000000000e-03
      vertex -1.107699625e-02 1.117473573e-02 -1.000000000e-03
      vertex -1.107699625e-02 1.117473573e-02 6.500000000e-02
    endloop
  endfacet
  facet normal 9.951847267e-01 9.801714033e-02 0.000000000e+00
    outer loop
      vertex -1.101926969e-02 1.058862816e-02 -1.000000000e-03
      vertex -1.107699625e-02 1.117473573e-02 6.500000000e-02
      vertex -1.101926969e-02 1.058862816e-02 6.500000000e-02
    endloop
  endfacet
  facet normal 0.000000000e+00 0.000000000e+00 -1.000000000e+00
    outer loop
      vertex -2.000000000e-02 1.000000000e-02 -1.000000000e-03
      vertex -1.107699625e-02 1.117473573e-02 -1.000000000e-03
      vertex -1.101926969e-02 1.058862816e-02 -1.000000000e-03
    endloop
  endfacet
  facet normal 0.000000000e+00 0.000000000e+00 1.000000000e+00
    outer loop
      vertex -2.000000000e-02 1.000000000e-02 6.500000000e-02
      vertex -1.101926969e-02 1.058862816e-02 6.500000000e-02
      vertex -1.107699625e-02 1.117473573e-02 6.500000000e-02
    endloop
  endfacet
  facet normal 9.866433321e-01 1.628954734e-01 0.000000000e+00
    outer loop
      vertex -1.107699625e-02 1.117473573e-02 -1.000000000e-03
      vertex -1.117293248e-02 1.175581290e-02 -1.000000000e-03
      vertex -1.117293248e-02 1.175581290e-02 6.500000000e-02
    endloop
  endfacet
  facet normal 9.866433321e-01 1.628954734e-01 0.000000000e+00
    outer loop
      vertex -1.107699625e-02 1.117473573e-02 -1.000000000e-03
      vertex -1.117293248e-02 1.175581290e-02 6.500000000e-02
      vertex -1.107699625e-02 1.117473573e-02 6.500000000e-02
    endloop
  endfacet
  facet normal 0.000000000e+00 0.000000000e+00 -1.000000000e+00
    outer loop
      vertex -2.000000000e-02 1.000000000e-02 -1.000000000e-03
      vertex -1.117293248e-02 1.175581290e-02 -1.000000000e-03
      vertex -1.107699625e-02 1.117473573e-02 -1.000000000e-03
    endloop
  endfacet
  facet normal 0.000000000e+00 0.000000000e+00 1.000000000e+00
    outer loop
      vertex -2.000000000e-02 1.000000000e-02 6.500000000e-02
      vertex -1.107699625e-02 1.117473573e-02 6.500000000e-02
      vertex -1.117293248e-02 1.175581290e-02 6.500000000e-02
    endloop
  endfacet
  facet normal 9.738769793e-01 2.270762630e-01 0.000000000e+00
    outer loop
      vertex -1.117293248e-02 1.175581290e-02 -1.000000000e-03
      vertex -1.130666756e-02 1.232937141e-02 -1.000000000e-03
      vertex -1.130666756e-02 1.232937141e-02 6.500000000e-02
    endloop
  endfacet
  facet normal 9.738769793e-01 2.270762630e-01 0.000000000e+00
    outer loop
      vertex -1.117293248e-02 1.175581290e-02 -1.000000000e-03
      vertex -1.130666756e-02 1.232937141e-02 6.500000000e-02
      vertex -1.117293248e-02 1.175581290e-02 6.500000000e-02
    endloop
  endfacet
  facet normal 0.000000000e+00 0.000000000e+00 -1.000000000e+00
    outer loop
      vertex -2.000000000e-02 1.000000000e-02 -1.000000000e-03
      vertex -1.130666756e-02 1.232937141e-02 -1.000000000e-03
      vertex -1.117293248e-02 1.175581290e-02 -1.000000000e-03
    endloop
  endfacet
  facet normal 0.000000000e+00 0.000000000e+00 1.000000000e+00
    outer loop
      vertex -2.000000000e-02 1.000000000e-02 6.500000000e-02
      vertex -1.117293248e-02 1.175581290e-02 6.500000000e-02
      vertex -1.130666756e-02 1.232937141e-02 6.500000000e-02
    endloop
  endfacet
  facet normal 9.569403357e-01 2.902846773e-01 0.000000000e+00
    outer loop
      vertex -1.130666756e-02 1.232937141e-02 -1.000000000e-03
      vertex -1.147762883e-02 1.289295519e-02 -1.000000000e-03
      vertex -1.147762883e-02 1.289295519e-02 6.500000000e-02
    endloop
  endfacet
  facet normal 9.569403357e-01 2.902846773e-01 0.000000000e+00
    outer loop
      vertex -1.130666756e-02 1.232937141e-02 -1.000000000e-03
      vertex -1.147762883e-02 1.289295519e-02 6.500000000e-02
      vertex -1.130666756e-02 1.232937141e-02 6.500000000e-02
    endloop
  endfacet
  facet normal 0.000000000e+00 0.000000000e+00 -1.000000000e+00
    outer loop
      vertex -2.000000000e-02 1.000000000e-02 -1.000000000e-03
      vertex -1.147762883e-02 1.289295519e-02 -1.000000000e-03
      vertex -1.130666756e-02 1.232937141e-02 -1.000000000e-03
    endloop
  endfacet
  facet normal 0.000000000e+00 0.000000000e+00 1.000000000e+00
    outer loop
      vertex -2.000000000e-02 1.000000000e-02 6.500000000e-02
      vertex -1.130666756e-02 1.232937141e-02 6.500000000e-02
      vertex -1.147762883e-02 1.289295519e-02 6.500000000e-02
    endloop
  endfacet
  facet normal 9.359059268e-01 3.522500479e-01 0.000000000e+00
    outer loop
      vertex -1.147762883e-02 1.289295519e-02 -1.000000000e-03
      vertex -1.168508421e-02 1.344415089e-02 -1.000000000e-03
      vertex -1.168508421e-02 1.344415089e-02 6.500000000e-02
    endloop
  endfacet
  facet normal 9.359059268e-01 3.522500479e-01 0.000000000e+00
    outer loop
      vertex -1.147762883e-02 1.289295519e-02 -1.000000000e-03
      vertex -1.168508421e-02 1.344415089e-02 6.500000000e-02
      vertex -1.147762883e-02 1.289295519e-02 6.500000000e-02
    endloop
  endfacet
  facet normal 0.000000000e+00 0.000000000e+00 -1.000000000e+00
    outer loop
      vertex -2.000000000e-02 1.000000000e-02 -1.000000000e-03
      vertex -1.168508421e-02 1.344415089e-02 -1.000000000e-03
      vertex -1.147762883e-02 1.289295519e-02 -1.000000000e-03
    endloop
  endfacet
  facet normal 0.000000000e+00 0.000000000e+00 1.000000000e+00
    outer loop
      vertex -2.000000000e-02 1.000000000e-02 6.500000000e-02
      vertex -1.147762883e-02 1.289295519e-02 6.500000000e-02
      vertex -1.168508421e-02 1.344415089e-02 6.500000000e-02
    endloop
  endfacet
  facet normal 9.108638249e-01 4.127070298e-01 0.000000000e+00
    outer loop
      vertex -1.168508421e-02 1.344415089e-02 -1.000000000e-03
      vertex -1.192814533e-02 1.398059821e-02 -1.000000000e-03
      vertex -1.192814533e-02 1.398059821e-02 6.500000000e-02
    endloop
  endfacet
  facet normal 9.108638249e-01 4.127070298e-01 0.000000000e+00
    outer loop
      vertex -1.168508421e-02 1.344415089e-02 -1.000000000e-03
      vertex -1.192814533e-02 1.398059821e-02 6.500000000e-02
      vertex -1.168508421e-02 1.344415089e-02 6.500000000e-02
    endloop
  endfacet
  facet normal 0.000000000e+00 0.000000000e+00 -1.000000000e+00
    outer loop
      vertex -2.000000000e-02 1.000000000e-02 -1.000000000e-03
      vertex -1.192814533e-02 1.398059821e-02 -1.000000000e-03
      vertex -1.168508421e-02 1.344415089e-02 -1.000000000e-03
    endloop
  endfacet
  facet normal 0.000000000e+00 0.000000000e+00 1.000000000e+00
    outer loop
      vertex -2.000000000e-02 1.000000000e-02 6.500000000e-02
      vertex -1.168508421e-02 1.344415089e-02 6.500000000e-02
      vertex -1.192814533e-02 1.398059821e-02 6.500000000e-02
    endloop
  endfacet
  facet normal 8.819212643e-01 4.713967368e-01 0.000000000e+00
    outer loop
      vertex -1.192814533e-02 1.398059821e-02 -1.000000000e-03
      vertex -1.220577137e-02 1.450000000e-02 -1.000000000e-03
      vertex -1.220577137e-02 1.450000000e-02 6.500000000e-02
    endloop
  endfacet
  facet normal 8.819212643e-01 4.713967368e-01 0.000000000e+00
    outer loop
      vertex -1.192814533e-02 1.398059821e-02 -1.000000000e-03
      vertex -1.220577137e-02 1.450000000e-02 6.500000000e-02
      vertex -1.192814533e-02 1.398059821e-02 6.500000000e-02
    endloop
  endfacet
  facet normal 0.000000000e+00 0.000000000e+00 -1.000000000e+00
    outer loop
      vertex -2.000000000e-02 1.000000000e-02 -1.000000000e-03
      vertex -1.220577137e-02 1.450000000e-02 -1.000000000e-03
      vertex -1.192814533e-02 1.398059821e-02 -1.000000000e-03
    endloop
  endfacet
  facet normal 0.000000000e+00 0.000000000e+00 1.000000000e+00
    outer loop
      vertex -2.000000000e-02 1.000000000e-02 6.500000000e-02
      vertex -1.192814533e-02 1.398059821e-02 6.500000000e-02
      vertex -1.220577137e-02 1.450000000e-02 6.500000000e-02
    endloop
  endfacet
  facet normal 8.492021815e-01 5.280678507e-01 0.000000000e+00
    outer loop
      vertex -1.220577137e-02 1.450000000e-02 -1.000000000e-03
      vertex -1.251677349e-02 1.500013210e-02 -1.000000000e-03
      vertex -1.251677349e-02 1.500013210e-02 6.500000000e-02
    endloop
  endfacet
  facet normal 8.492021815e-01 5.280678507e-01 0.000000000e+00
    outer loop
      vertex -1.220577137e-02 1.450000000e-02 -1.000000000e-03
      vertex -1.251677349e-02 1.500013210e-02 6.500000000e-02
      vertex -1.220577137e-02 1.450000000e-02 6.500000000e-02
    endloop
  endfacet
  facet normal 0.000000000e+00 0.000000000e+00 -1.000000000e+00
    outer loop
      vertex -2.000000000e-02 1.000000000e-02 -1.000000000e-03
      vertex -1.251677349e-02 1.500013210e-02 -1.000000000e-03
      vertex -1.220577137e-02 1.450000000e-02 -1.000000000e-03
    endloop
  endfacet
  facet normal 0.000000000e+00 0.000000000e+00 1.000000000e+00
    outer loop
      vertex -2.000000000e-02 1.000000000e-02 6.500000000e-02
      vertex -1.220577137e-02 1.450000000e-02 6.500000000e-02
      vertex -1.251677349e-02 1.500013210e-02 6.500000000e-02
    endloop
  endfacet
  facet normal 8.128466846e-01 5.824776969e-01 0.000000000e+00
    outer loop
      vertex -1.251677349e-02 1.500013210e-02 -1.000000000e-03
      vertex -1.285981994e-02 1.547885286e-02 -1.000000000e-03
      vertex -1.285981994e-02 1.547885286e-02 6.500000000e-02
    endloop
  endfacet
  facet normal 8.128466846e-01 5.824776969e-01 0.000000000e+00
    outer loop
      vertex -1.251677349e-02 1.500013210e-02 -1.000000000e-03
      vertex -1.285981994e-02 1.547885286e-02 6.500000000e-02
      vertex -1.251677349e-02 1.500013210e-02 6.500000000e-02
    endloop
  endfacet
  facet normal 0.000000000e+00 0.000000000e+00 -1.000000000e+00
    outer loop
      vertex -2.000000000e-02 1.000000000e-02 -1.000000000e-03
      vertex -1.285981994e-02 1.547885286e-02 -1.000000000e-03
      vertex -1.251677349e-02 1.500013210e-02 -1.000000000e-03
    endloop
  endfacet
  facet normal 0.000000000e+00 0.000000000e+00 1.000000000e+00
    outer loop
      vertex -2.000000000e-02 1.000000000e-02 6.500000000e-02
      vertex -1.251677349e-02 1.500013210e-02 6.500000000e-02
      vertex -1.285981994e-02 1.547885286e-02 6.500000000e-02
    endloop
  endfacet
  facet normal 7.730104534e-01 6.343932842e-01 0.000000000e+00
    outer loop
      vertex -1.285981994e-02 1.547885286e-02 -1.000000000e-03
      vertex -1.323344173e-02 1.593411234e-02 -1.000000000e-03
      vertex -1.323344173e-02 1.593411234e-02 6.500000000e-02
    endloop
  endfacet
  facet normal 7.730104534e-01 6.343932842e-01 0.000000000e+00
    outer loop
      vertex -1.285981994e-02 1.547885286e-02 -1.000000000e-03
      vertex -1.323344173e-02 1.593411234e-02 6.500000000e-02
      vertex -1.285981994e-02 1.547885286e-02 6.500000000e-02
    endloop
  endfacet
  facet normal 0.000000000e+00 0.000000000e+00 -1.000000000e+00
    outer loop
      vertex -2.000000000e-02 1.000000000e-02 -1.000000000e-03
      vertex -1.323344173e-02 1.593411234e-02 -1.000000000e-03
      vertex -1.285981994e-02 1.547885286e-02 -1.000000000e-03
    endloop
  endfacet
  facet normal 0.000000000e+00 0.000000000e+00 1.000000000e+00
    outer loop
      vertex -2.000000000e-02 1.000000000e-02 6.500000000e-02
      vertex -1.285981994e-02 1.547885286e-02 6.500000000e-02
      vertex -1.323344173e-02 1.593411234e-02 6.500000000e-02
    endloop
  endfacet
  facet normal 7.298640727e-01 6.835923020e-01 0.000000000e+00
    outer loop
      vertex -1.323344173e-02 1.593411234e-02 -1.000000000e-03
      vertex -1.363603897e-02 1.636396103e-02 -1.000000000e-03
      vertex -1.363603897e-02 1.636396103e-02 6.500000000e-02
    endloop
  endfacet
  facet normal 7.298640727e-01 6.835923020e-01 0.000000000e+00
    outer loop
      vertex -1.323344173e-02 1.593411234e-02 -1.000000000e-03
      vertex -1.363603897e-02 1.636396103e-02 6.500000000e-02
      vertex -1.323344173e-02 1.593411234e-02 6.500000000e-02
    endloop
  endfacet
  facet normal 0.000000000e+00 0.000000000e+00 -1.000000000e+00
    outer loop
      vertex -2.000000000e-02 1.000000000e-02 -1.000000000e-03
      vertex -1.363603897e-02 1.636396103e-02 -1.000000000e-03
      vertex -1.323344173e-02 1.593411234e-02 -1.000000000e-03
    endloop
  endfacet
  facet normal 0.000000000e+00 0.000000000e+00 1.000000000e+00
    outer loop
      vertex -2.000000000e-02 1.000000000e-02 6.500000000e-02
      vertex -1.323344173e-02 1.593411234e-02 6.500000000e-02
      vertex -1.363603897e-02 1.636396103e-02 6.500000000e-02
    endloop
  endfacet
  facet normal 6.835923020e-01 7.298640727e-01 0.000000000e+00
    outer loop
      vertex -1.363603897e-02 1.636396103e-02 -1.000000000e-03
      vertex -1.406588766e-02 1.676655827e-02 -1.000000000e-03
      vertex -1.406588766e-02 1.676655827e-02 6.500000000e-02
    endloop
  endfacet
  facet normal 6.835923020e-01 7.298640727e-01 0.000000000e+00
    outer loop
      vertex -1.363603897e-02 1.636396103e-02 -1.000000000e-03
      vertex -1.406588766e-02 1.676655827e-02 6.500000000e-02
      vertex -1.363603897e-02 1.636396103e-02 6.500000000e-02
    endloop
  endfacet
  facet normal 0.000000000e+00 0.000000000e+00 -1.000000000e+00
    outer loop
      vertex -2.000000000e-02 1.000000000e-02 -1.000000000e-03
      vertex -1.406588766e-02 1.676655827e-02 -1.000000000e-03
      vertex -1.363603897e-02 1.636396103e-02 -1.000000000e-03
    endloop
  endfacet
  facet normal 0.000000000e+00 0.000000000e+00 1.000000000e+00
    outer loop
      vertex -2.000000000e-02 1.000000000e-02 6.500000000e-02
      vertex -1.363603897e-02 1.636396103e-02 6.500000000e-02
      vertex -1.406588766e-02 1.676655827e-02 6.500000000e-02
    endloop
  endfacet
  facet normal 6.343932842e-01 7.730104534e-01 0.000000000e+00
    outer loop
      vertex -1.406588766e-02 1.676655827e-02 -1.000000000e-03
      vertex -1.452114714e-02 1.714018006e-02 -1.000000000e-03
      vertex -1.452114714e-02 1.714018006e-02 6.500000000e-02
    endloop
  endfacet
  facet normal 6.343932842e-01 7.730104534e-01 0.000000000e+00
    outer loop
      vertex -1.406588766e-02 1.676655827e-02 -1.000000000e-03
      vertex -1.452114714e-02 1.714018006e-02 6.500000000e-02
      vertex -1.406588766e-02 1.676655827e-02 6.500000000e-02
    endloop
  endfacet
  facet normal 0.000000000e+00 0.000000000e+00 -1.000000000e+00
    outer loop
      vertex -2.000000000e-02 1.000000000e-02 -1.000000000e-03
      vertex -1.452114714e-02 1.714018006e-02 -1.000000000e-03
      vertex -1.406588766e-02 1.676655827e-02 -1.000000000e-03
    endloop
  endfacet
  facet normal 0.000000000e+00 0.000000000e+00 1.000000000e+00
    outer loop
      vertex -2.000000000e-02 1.000000000e-02 6.500000000e-02
      vertex -1.406588766e-02 1.676655827e-02 6.500000000e-02
      vertex -1.452114714e-02 1.714018006e-02 6.500000000e-02
    endloop
  endfacet
  facet normal 5.824776969e-01 8.128466846e-01 0.000000000e+00
    outer loop
      vertex -1.452114714e-02 1.714018006e-02 -1.000000000e-03
      vertex -1.499986790e-02 1.748322651e-02 -1.000000000e-03
      vertex -1.499986790e-02 1.748322651e-02 6.500000000e-02
    endloop
  endfacet
  facet normal 5.824776969e-01 8.128466846e-01 0.000000000e+00
    outer loop
      vertex -1.452114714e-02 1.714018006e-02 -1.000000000e-03
      vertex -1.499986790e-02 1.748322651e-02 6.500000000e-02
      vertex -1.452114714e-02 1.714018006e-02 6.500000000e-02
    endloop
  endfacet
  facet normal 0.000000000e+00 0.000000000e+00 -1.000000000e+00
    outer loop
      vertex -2.000000000e-02 1.000000000e-02 -1.000000000e-03
      vertex -1.499986790e-02 1.748322651e-02 -1.000000000e-03
      vertex -1.452114714e-02 1.714018006e-02 -1.000000000e-03
    endloop
  endfacet
  facet normal 0.000000000e+00 0.000000000e+00 1.000000000e+00
    outer loop
      vertex -2.000000000e-02 1.000000000e-02 6.500000000e-02
      vertex -1.452114714e-02 1.714018006e-02 6.500000000e-02
      vertex -1.499986790e-02 1.748322651e-02 6.500000000e-02
    endloop
  endfacet
  facet normal 5.280678507e-01 8.492021815e-01 0.000000000e+00
    outer loop
      vertex -1.499986790e-02 1.748322651e-02 -1.000000000e-03
      vertex -1.550000000e-02 1.779422863e-02 -1.000000000e-03
      vertex -1.550000000e-02 1.779422863e-02 6.500000000e-02
    endloop
  endfacet
  facet normal 5.280678507e-01 8.492021815e-01 0.000000000e+00
    outer loop
      vertex -1.499986790e-02 1.748322651e-02 -1.000000000e-03
      vertex -1.550000000e-02 1.779422863e-02 6.500000000e-02
      vertex -1.499986790e-02 1.748322651e-02 6.500000000e-02
    endloop
  endfacet
  facet normal 0.000000000e+00 0.000000000e+00 -1.000000000e+00
    outer loop
      vertex -2.000000000e-02 1.000000000e-02 -1.000000000e-03
      vertex -1.550000000e-02 1.779422863e-02 -1.000000000e-03
      vertex -1.499986790e-02 1.748322651e-02 -1.000000000e-03
    endloop
  endfacet
  facet normal 0.000000000e+00 0.000000000e+00 1.000000000e+00
    outer loop
      vertex -2.000000000e-02 1.000000000e-02 6.500000000e-02
      vertex -1.499986790e-02 1.748322651e-02 6.500000000e-02
      vertex -1.550000000e-02 1.779422863e-02 6.500000000e-02
    endloop
  endfacet
  facet normal 4.713967368e-01 8.819212643e-01 0.000000000e+00
    outer loop
      vertex -1.550000000e-02 1.779422863e-02 -1.000000000e-03
      vertex -1.601940179e-02 1.807185467e-02 -1.000000000e-03
      vertex -1.601940179e-02 1.807185467e-02 6.500000000e-02
    endloop
  endfacet
  facet normal 4.713967368e-01 8.819212643e-01 0.000000000e+00
    outer loop
      vertex -1.550000000e-02 1.779422863e-02 -1.000000000e-03
      vertex -1.601940179e-02 1.807185467e-02 6.500000000e-02
      vertex -1.550000000e-02 1.779422863e-02 6.500000000e-02
    endloop
  endfacet
  facet normal 0.000000000e+00 0.000000000e+00 -1.000000000e+00
    outer loop
      vertex -2.000000000e-02 1.000000000e-02 -1.000000000e-03
      vertex -1.601940179e-02 1.807185467e-02 -1.000000000e-03
      vertex -1.550000000e-02 1.779422863e-02 -1.000000000e-03
    endloop
  endfacet
  facet normal 0.000000000e+00 0.000000000e+00 1.000000000e+00
    outer loop
      vertex -2.000000000e-02 1.000000000e-02 6.500000000e-02
      vertex -1.550000000e-02 1.779422863e-02 6.500000000e-02
      vertex -1.601940179e-02 1.807185467e-02 6.500000000e-02
    endloop
  endfacet
  facet normal 4.127070298e-01 9.108638249e-01 0.000000000e+00
    outer loop
      vertex -1.601940179e-02 1.807185467e-02 -1.000000000e-03
      vertex -1.655584911e-02 1.831491579e-02 -1.000000000e-03
      vertex -1.655584911e-02 1.831491579e-02 6.500000000e-02
    endloop
  endfacet
  facet normal 4.127070298e-01 9.108638249e-01 0.000000000e+00
    outer loop
      vertex -1.601940179e-02 1.807185467e-02 -1.000000000e-03
      vertex -1.655584911e-02 1.831491579e-02 6.500000000e-02
      vertex -1.601940179e-02 1.807185467e-02 6.500000000e-02
    endloop
  endfacet
  facet normal 0.000000000e+00 0.000000000e+00 -1.000000000e+00
    outer loop
      vertex -2.000000000e-02 1.000000000e-02 -1.000000000e-03
      vertex -1.655584911e-02 1.831491579e-02 -1.000000000e-03
      vertex -1.601940179e-02 1.807185467e-02 -1.000000000e-03
    endloop
  endfacet
  facet normal 0.000000000e+00 0.000000000e+00 1.000000000e+00
    outer loop
      vertex -2.000000000e-02 1.000000000e-02 6.500000000e-02
      vertex -1.601940179e-02 1.807185467e-02 6.500000000e-02
      vertex -1.655584911e-02 1.831491579e-02 6.500000000e-02
    endloop
  endfacet
  facet normal 3.522500479e-01 9.359059268e-01 0.000000000e+00
    outer loop
      vertex -1.655584911e-02 1.831491579e-02 -1.000000000e-03
      vertex -1.710704481e-02 1.852237117e-02 -1.000000000e-03
      vertex -1.710704481e-02 1.852237117e-02 6.500000000e-02
    endloop
  endfacet
  facet normal 3.522500479e-01 9.359059268e-01 0.000000000e+00
    outer loop
      vertex -1.655584911e-02 1.831491579e-02 -1.000000000e-03
      vertex -1.710704481e-02 1.852237117e-02 6.500000000e-02
      vertex -1.655584911e-02 1.831491579e-02 6.500000000e-02
    endloop
  endfacet
  facet normal 0.000000000e+00 0.000000000e+00 -1.000000000e+00
    outer loop
      vertex -2.000000000e-02 1.000000000e-02 -1.000000000e-03
      vertex -1.710704481e-02 1.852237117e-02 -1.000000000e-03
      vertex -1.655584911e-02 1.831491579e-02 -1.000000000e-03
    endloop
  endfacet
  facet normal 0.000000000e+00 0.000000000e+00 1.000000000e+00
    outer loop
      vertex -2.000000000e-02 1.000000000e-02 6.500000000e-02
      vertex -1.655584911e-02 1.831491579e-02 6.500000000e-02
      vertex -1.710704481e-02 1.852237117e-02 6.500000000e-02
    endloop
  endfacet
  facet normal 2.902846773e-01 9.569403357e-01 0.000000000e+00
    outer loop
      vertex -1.710704481e-02 1.852237117e-02 -1.000000000e-03
      vertex -1.767062859e-02 1.869333244e-02 -1.000000000e-03
      vertex -1.767062859e-02 1.869333244e-02 6.500000000e-02
    endloop
  endfacet
  facet normal 2.902846773e-01 9.569403357e-01 0.000000000e+00
    outer loop
      vertex -1.710704481e-02 1.852237117e-02 -1.000000000e-03
      vertex -1.767062859e-02 1.869333244e-02 6.500000000e-02
      vertex -1.710704481e-02 1.852237117e-02 6.500000000e-02
    endloop
  endfacet
  facet normal 0.000000000e+00 0.000000000e+00 -1.000000000e+00
    outer loop
      vertex -2.000000000e-02 1.000000000e-02 -1.000000000e-03
      vertex -1.767062859e-02 1.869333244e-02 -1.000000000e-03
      vertex -1.710704481e-02 1.852237117e-02 -1.000000000e-03
    endloop
  endfacet
  facet normal 0.000000000e+00 0.000000000e+00 1.000000000e+00
    outer loop
      vertex -2.000000000e-02 1.000000000e-02 6.500000000e-02
      vertex -1.710704481e-02 1.852237117e-02 6.500000000e-02
      vertex -1.767062859e-02 1.869333244e-02 6.500000000e-02
    endloop
  endfacet
  facet normal 2.270762630e-01 9.738769793e-01 0.000000000e+00
    outer loop
      vertex -1.767062859e-02 1.869333244e-02 -1.000000000e-03
      vertex -1.824418710e-02 1.882706752e-02 -1.000000000e-03
      vertex -1.824418710e-02 1.882706752e-02 6.500000000e-02
    endloop
  endfacet
  facet normal 2.270762630e-01 9.738769793e-01 0.000000000e+00
    outer loop
      vertex -1.767062859e-02 1.869333244e-02 -1.000000000e-03
      vertex -1.824418710e-02 1.882706752e-02 6.500000000e-02
      vertex -1.767062859e-02 1.869333244e-02 6.500000000e-02
    endloop
  endfacet
  facet normal 0.000000000e+00 0.000000000e+00 -1.000000000e+00
    outer loop
      vertex -2.000000000e-02 1.000000000e-02 -1.000000000e-03
      vertex -1.824418710e-02 1.882706752e-02 -1.000000000e-03
      vertex -1.767062859e-02 1.869333244e-02 -1.000000000e-03
    endloop
  endfacet
  facet normal 0.000000000e+00 0.000000000e+00 1.000000000e+00
    outer loop
      vertex -2.000000000e-02 1.000000000e-02 6.500000000e-02
      vertex -1.767062859e-02 1.869333244e-02 6.500000000e-02
      vertex -1.824418710e-02 1.882706752e-02 6.500000000e-02
    endloop
  endfacet
  facet normal 1.628954734e-01 9.866433321e-01 0.000000000e+00
    outer loop
      vertex -1.824418710e-02 1.882706752e-02 -1.000000000e-03
      vertex -1.882526427e-02 1.892300375e-02 -1.000000000e-03
      vertex -1.882526427e-02 1.892300375e-02 6.500000000e-02
    endloop
  endfacet
  facet normal 1.628954734e-01 9.866433321e-01 0.000000000e+00
    outer loop
      vertex -1.824418710e-02 1.882706752e-02 -1.000000000e-03
      vertex -1.882526427e-02 1.892300375e-02 6.500000000e-02
      vertex -1.824418710e-02 1.882706752e-02 6.500000000e-02
    endloop
  endfacet
  facet normal 0.000000000e+00 0.000000000e+00 -1.000000000e+00
    outer loop
      vertex -2.000000000e-02 1.000000000e-02 -1.000000000e-03
      vertex -1.882526427e-02 1.892300375e-02 -1.000000000e-03
      vertex -1.824418710e-02 1.882706752e-02 -1.000000000e-03
    endloop
  endfacet
  facet normal 0.000000000e+00 0.000000000e+00 1.000000000e+00
    outer loop
      vertex -2.000000000e-02 1.000000000e-02 6.500000000e-02
      vertex -1.824418710e-02 1.882706752e-02 6.500000000e-02
      vertex -1.882526427e-02 1.892300375e-02 6.500000000e-02
    endloop
  endfacet
  facet normal 9.801714033e-02 9.951847267e-01 0.000000000e+00
    outer loop
      vertex -1.882526427e-02 1.892300375e-02 -1.000000000e-03
      vertex -1.941137184e-02 1.898073031e-02 -1.000000000e-03
      vertex -1.941137184e-02 1.898073031e-02 6.500000000e-02
    endloop
  endfacet
  facet normal 9.801714033e-02 9.951847267e-01 0.000000000e+00
    outer loop
      vertex -1.882526427e-02 1.892300375e-02 -1.000000000e-03
      vertex -1.941137184e-02 1.898073031e-02 6.500000000e-02
      vertex -1.882526427e-02 1.892300375e-02 6.500000000e-02
    endloop
  endfacet
  facet normal 0.000000000e+00 0.000000000e+00 -1.000000000e+00
    outer loop
      vertex -2.000000000e-02 1.000000000e-02 -1.000000000e-03
      vertex -1.941137184e-02 1.898073031e-02 -1.000000000e-03
      vertex -1.882526427e-02 1.892300375e-02 -1.000000000e-03
    endloop
  endfacet
  facet normal 0.000000000e+00 0.000000000e+00 1.000000000e+00
    outer loop
      vertex -2.000000000e-02 1.000000000e-02 6.500000000e-02
      vertex -1.882526427e-02 1.892300375e-02 6.500000000e-02
      vertex -1.941137184e-02 1.898073031e-02 6.500000000e-02
    endloop
  endfacet
  facet normal 3.271908282e-02 9.994645875e-01 0.000000000e+00
    outer loop
      vertex -1.941137184e-02 1.898073031e-02 -1.000000000e-03
      vertex -2.000000000e-02 1.900000000e-02 -1.000000000e-03
      vertex -2.000000000e-02 1.900000000e-02 6.500000000e-02
    endloop
  endfacet
  facet normal 3.271908282e-02 9.994645875e-01 0.000000000e+00
    outer loop
      vertex -1.941137184e-02 1.898073031e-02 -1.000000000e-03
      vertex -2.000000000e-02 1.900000000e-02 6.500000000e-02
      vertex -1.941137184e-02 1.898073031e-02 6.500000000e-02
    endloop
  endfacet
  facet normal 0.000000000e+00 0.000000000e+00 -1.000000000e+00
    outer loop
      vertex -2.000000000e-02 1.000000000e-02 -1.000000000e-03
      vertex -2.000000000e-02 1.900000000e-02 -1.000000000e-03
      vertex -1.941137184e-02 1.898073031e-02 -1.000000000e-03
    endloop
  endfacet
  facet normal 0.000000000e+00 0.000000000e+00 1.000000000e+00
    outer loop
      vertex -2.000000000e-02 1.000000000e-02 6.500000000e-02
      vertex -1.941137184e-02 1.898073031e-02 6.500000000e-02
      vertex -2.000000000e-02 1.900000000e-02 6.500000000e-02
    endloop
  endfacet
  facet normal -3.271908282e-02 9.994645875e-01 0.000000000e+00
    outer loop
      vertex -2.000000000e-02 1.900000000e-02 -1.000000000e-03
      vertex -2.058862816e-02 1.898073031e-02 -1.000000000e-03
      vertex -2.058862816e-02 1.898073031e-02 6.500000000e-02
    endloop
  endfacet
  facet normal -3.271908282e-02 9.994645875e-01 0.000000000e+00
    outer loop
      vertex -2.000000000e-02 1.900000000e-02 -1.000000000e-03
      vertex -2.058862816e-02 1.898073031e-02 6.500000000e-02
      vertex -2.000000000e-02 1.900000000e-02 6.500000000e-02
    endloop
  endfacet
  facet normal 0.000000000e+00 0.000000000e+00 -1.000000000e+00
    outer loop
      vertex -2.000000000e-02 1.000000000e-02 -1.000000000e-03
      vertex -2.058862816e-02 1.898073031e-02 -1.000000000e-03
      vertex -2.000000000e-02 1.900000000e-02 -1.000000000e-03
    endloop
  endfacet
  facet normal 0.000000000e+00 0.000000000e+00 1.000000000e+00
    outer loop
      vertex -2.000000000e-02 1.000000000e-02 6.500000000e-02
      vertex -2.000000000e-02 1.900000000e-02 6.500000000e-02
      vertex -2.058862816e-02 1.898073031e-02 6.500000000e-02
    endloop
  endfacet
  facet normal -9.801714033e-02 9.951847267e-01 0.000000000e+00
    outer loop
      vertex -2.058862816e-02 1.898073031e-02 -1.000000000e-03
      vertex -2.117473573e-02 1.892300375e-02 -1.000000000e-03
      vertex -2.117473573e-02 1.892300375e-02 6.500000000e-02
    endloop
  endfacet
  facet normal -9.801714033e-02 9.951847267e-01 0.000000000e+00
    outer loop
      vertex -2.058862816e-02 1.898073031e-02 -1.000000000e-03
      vertex -2.117473573e-02 1.892300375e-02 6.500000000e-02
      vertex -2.058862816e-02 1.898073031e-02 6.500000000e-02
    endloop
  endfacet
  facet normal 0.000000000e+00 0.000000000e+00 -1.000000000e+00
    outer loop
      vertex -2.000000000e-02 1.000000000e-02 -1.000000000e-03
      vertex -2.117473573e-02 1.892300375e-02 -1.000000000e-03
      vertex -2.058862816e-02 1.898073031e-02 -1.000000000e-03
    endloop
  endfacet
  facet normal 0.000000000e+00 0.000000000e+00 1.000000000e+00
    outer loop
      vertex -2.000000000e-02 1.000000000e-02 6.500000000e-02
      vertex -2.058862816e-02 1.898073031e-02 6.500000000e-02
      vertex -2.117473573e-02 1.892300375e-02 6.500000000e-02
    endloop
  endfacet
  facet normal -1.628954734e-01 9.866433321e-01 0.000000000e+00
    outer loop
      vertex -2.117473573e-02 1.892300375e-02 -1.000000000e-03
      vertex -2.175581290e-02 1.882706752e-02 -1.000000000e-03
      vertex -2.175581290e-02 1.882706752e-02 6.500000000e-02
    endloop
  endfacet
  facet normal -1.628954734e-01 9.866433321e-01 0.000000000e+00
    outer loop
      vertex -2.117473573e-02 1.892300375e-02 -1.000000000e-03
      vertex -2.175581290e-02 1.882706752e-02 6.500000000e-02
      vertex -2.117473573e-02 1.892300375e-02 6.500000000e-02
    endloop
  endfacet
  facet normal 0.000000000e+00 0.000000000e+00 -1.000000000e+00
    outer loop
      vertex -2.000000000e-02 1.000000000e-02 -1.000000000e-03
      vertex -2.175581290e-02 1.882706752e-02 -1.000000000e-03
      vertex -2.117473573e-02 1.892300375e-02 -1.000000000e-03
    endloop
  endfacet
  facet normal 0.000000000e+00 0.000000000e+00 1.000000000e+00
    outer loop
      vertex -2.000000000e-02 1.000000000e-02 6.500000000e-02
      vertex -2.117473573e-02 1.892300375e-02 6.500000000e-02
      vertex -2.175581290e-02 1.882706752e-02 6.500000000e-02
    endloop
  endfacet
  facet normal -2.270762630e-01 9.738769793e-01 0.000000000e+00
    outer loop
      vertex -2.175581290e-02 1.882706752e-02 -1.000000000e-03
      vertex -2.232937141e-02 1.869333244e-02 -1.000000000e-03
      vertex -2.232937141e-02 1.869333244e-02 6.500000000e-02
    endloop
  endfacet
  facet normal -2.270762630e-01 9.738769793e-01 0.000000000e+00
    outer loop
      vertex -2.175581290e-02 1.882706752e-02 -1.000000000e-03
      vertex -2.232937141e-02 1.869333244e-02 6.500000000e-02
      vertex -2.175581290e-02 1.882706752e-02 6.500000000e-02
    endloop
  endfacet
  facet normal 0.000000000e+00 0.000000000e+00 -1.000000000e+00
    outer loop
      vertex -2.000000000e-02 1.000000000e-02 -1.000000000e-03
      vertex -2.232937141e-02 1.869333244e-02 -1.000000000e-03
      vertex -2.175581290e-02 1.882706752e-02 -1.000000000e-03
    endloop
  endfacet
  facet normal 0.000000000e+00 0.000000000e+00 1.000000000e+00
    outer loop
      vertex -2.000000000e-02 1.000000000e-02 6.500000000e-02
      vertex -2.175581290e-02 1.882706752e-02 6.500000000e-02
      vertex -2.232937141e-02 1.869333244e-02 6.500000000e-02
    endloop
  endfacet
  facet normal -2.902846773e-01 9.569403357e-01 0.000000000e+00
    outer loop
      vertex -2.232937141e-02 1.869333244e-02 -1.000000000e-03
      vertex -2.289295519e-02 1.852237117e-02 -1.000000000e-03
      vertex -2.289295519e-02 1.852237117e-02 6.500000000e-02
    endloop
  endfacet
  facet normal -2.902846773e-01 9.569403357e-01 0.000000000e+00
    outer loop
      vertex -2.232937141e-02 1.869333244e-02 -1.000000000e-03
      vertex -2.289295519e-02 1.852237117e-02 6.500000000e-02
      vertex -2.232937141e-02 1.869333244e-02 6.500000000e-02
    endloop
  endfacet
  facet normal 0.000000000e+00 0.000000000e+00 -1.000000000e+00
    outer loop
      vertex -2.000000000e-02 1.000000000e-02 -1.000000000e-03
      vertex -2.289295519e-02 1.852237117e-02 -1.000000000e-03
      vertex -2.232937141e-02 1.869333244e-02 -1.000000000e-03
    endloop
  endfacet
  facet normal 0.000000000e+00 0.000000000e+00 1.000000000e+00
    outer loop
      vertex -2.000000000e-02 1.000000000e-02 6.500000000e-02
      vertex -2.232937141e-02 1.869333244e-02 6.500000000e-02
      vertex -2.289295519e-02 1.852237117e-02 6.500000000e-02
    endloop
  endfacet
  facet normal -3.522500479e-01 9.359059268e-01 0.000000000e+00
    outer loop
      vertex -2.289295519e-02 1.852237117e-02 -1.000000000e-03
      vertex -2.344415089e-02 1.831491579e-02 -1.000000000e-03
      vertex -2.344415089e-02 1.831491579e-02 6.500000000e-02
    endloop
  endfacet
  facet normal -3.522500479e-01 9.359059268e-01 0.000000000e+00
    outer loop
      vertex -2.289295519e-02 1.852237117e-02 -1.000000000e-03
      vertex -2.344415089e-02 1.831491579e-02 6.500000000e-02
      vertex -2.289295519e-02 1.852237117e-02 6.500000000e-02
    endloop
  endfacet
  facet normal 0.000000000e+00 0.000000000e+00 -1.000000000e+00
    outer loop
      vertex -2.000000000e-02 1.000000000e-02 -1.000000000e-03
      vertex -2.344415089e-02 1.831491579e-02 -1.000000000e-03
      vertex -2.289295519e-02 1.852237117e-02 -1.000000000e-03
    endloop
  endfacet
  facet normal 0.000000000e+00 0.000000000e+00 1.000000000e+00
    outer loop
      vertex -2.000000000e-02 1.000000000e-02 6.500000000e-02
      vertex -2.289295519e-02 1.852237117e-02 6.500000000e-02
      vertex -2.344415089e-02 1.831491579e-02 6.500000000e-02
    endloop
  endfacet
  facet normal -4.127070298e-01 9.108638249e-01 0.000000000e+00
    outer loop
      vertex -2.344415089e-02 1.831491579e-02 -1.000000000e-03
      vertex -2.398059821e-02 1.807185467e-02 -1.000000000e-03
      vertex -2.398059821e-02 1.807185467e-02 6.500000000e-02
    endloop
  endfacet
  facet normal -4.127070298e-01 9.108638249e-01 0.000000000e+00
    outer loop
      vertex -2.344415089e-02 1.831491579e-02 -1.000000000e-03
      vertex -2.398059821e-02 1.807185467e-02 6.500000000e-02
      vertex -2.344415089e-02 1.831491579e-02 6.500000000e-02
    endloop
  endfacet
  facet normal 0.000000000e+00 0.000000000e+00 -1.000000000e+00
    outer loop
      vertex -2.000000000e-02 1.000000000e-02 -1.000000000e-03
      vertex -2.398059821e-02 1.807185467e-02 -1.000000000e-03
      vertex -2.344415089e-02 1.831491579e-02 -1.000000000e-03
    endloop
  endfacet
  facet normal 0.000000000e+00 0.000000000e+00 1.000000000e+00
    outer loop
      vertex -2.000000000e-02 1.000000000e-02 6.500000000e-02
      vertex -2.344415089e-02 1.831491579e-02 6.500000000e-02
      vertex -2.398059821e-02 1.807185467e-02 6.500000000e-02
    endloop
  endfacet
  facet normal -4.713967368e-01 8.819212643e-01 0.000000000e+00
    outer loop
      vertex -2.398059821e-02 1.807185467e-02 -1.000000000e-03
      vertex -2.450000000e-02 1.779422863e-02 -1.000000000e-03
      vertex -2.450000000e-02 1.779422863e-02 6.500000000e-02
    endloop
  endfacet
  facet normal -4.713967368e-01 8.819212643e-01 0.000000000e+00
    outer loop
      vertex -2.398059821e-02 1.807185467e-02 -1.000000000e-03
      vertex -2.450000000e-02 1.779422863e-02 6.500000000e-02
      vertex -2.398059821e-02 1.807185467e-02 6.500000000e-02
    endloop
  endfacet
  facet normal 0.000000000e+00 0.000000000e+00 -1.000000000e+00
    outer loop
      vertex -2.000000000e-02 1.000000000e-02 -1.000000000e-03
      vertex -2.450000000e-02 1.779422863e-02 -1.000000000e-03
      vertex -2.398059821e-02 1.807185467e-02 -1.000000000e-03
    endloop
  endfacet
  facet normal 0.000000000e+00 0.000000000e+00 1.000000000e+00
    outer loop
      vertex -2.000000000e-02 1.000000000e-02 6.500000000e-02
      vertex -2.398059821e-02 1.807185467e-02 6.500000000e-02
      vertex -2.450000000e-02 1.779422863e-02 6.500000000e-02
    endloop
  endfacet
  facet normal -5.280678507e-01 8.492021815e-01 0.000000000e+00
    outer loop
      vertex -2.450000000e-02 1.779422863e-02 -1.000000000e-03
      vertex -2.500013210e-02 1.748322651e-02 -1.000000000e-03
      vertex -2.500013210e-02 1.748322651e-02 6.500000000e-02
    endloop
  endfacet
  facet normal -5.280678507e-01 8.492021815e-01 0.000000000e+00
    outer loop
      vertex -2.450000000e-02 1.779422863e-02 -1.000000000e-03
      vertex -2.500013210e-02 1.748322651e-02 6.500000000e-02
      vertex -2.450000000e-02 1.779422863e-02 6.500000000e-02
    endloop
  endfacet
  facet normal 0.000000000e+00 0.000000000e+00 -1.000000000e+00
    outer loop
      vertex -2.000000000e-02 1.000000000e-02 -1.000000000e-03
      vertex -2.500013210e-02 1.748322651e-02 -1.000000000e-03
      vertex -2.450000000e-02 1.779422863e-02 -1.000000000e-03
    endloop
  endfacet
  facet normal 0.000000000e+00 0.000000000e+00 1.000000000e+00
    outer loop
      vertex -2.000000000e-02 1.000000000e-02 6.500000000e-02
      vertex -2.450000000e-02 1.779422863e-02 6.500000000e-02
      vertex -2.500013210e-02 1.748322651e-02 6.500000000e-02
    endloop
  endfacet
  facet normal -5.824776969e-01 8.128466846e-01 0.000000000e+00
    outer loop
      vertex -2.500013210e-02 1.748322651e-02 -1.000000000e-03
      vertex -2.547885286e-02 1.714018006e-02 -1.000000000e-03
      vertex -2.547885286e-02 1.714018006e-02 6.500000000e-02
    endloop
  endfacet
  facet normal -5.824776969e-01 8.128466846e-01 0.000000000e+00
    outer loop
      vertex -2.500013210e-02 1.748322651e-02 -1.000000000e-03
      vertex -2.547885286e-02 1.714018006e-02 6.500000000e-02
      vertex -2.500013210e-02 1.748322651e-02 6.500000000e-02
    endloop
  endfacet
  facet normal 0.000000000e+00 0.000000000e+00 -1.000000000e+00
    outer loop
      vertex -2.000000000e-02 1.000000000e-02 -1.000000000e-03
      vertex -2.547885286e-02 1.714018006e-02 -1.000000000e-03
      vertex -2.500013210e-02 1.748322651e-02 -1.000000000e-03
    endloop
  endfacet
  facet normal 0.000000000e+00 0.000000000e+00 1.000000000e+00
    outer loop
      vertex -2.000000000e-02 1.000000000e-02 6.500000000e-02
      vertex -2.500013210e-02 1.748322651e-02 6.500000000e-02
      vertex -2.547885286e-02 1.714018006e-02 6.500000000e-02
    endloop
  endfacet
  facet normal -6.343932842e-01 7.730104534e-01 0.000000000e+00
    outer loop
      vertex -2.547885286e-02 1.714018006e-02 -1.000000000e-03
      vertex -2.593411234e-02 1.676655827e-02 -1.000000000e-03
      vertex -2.593411234e-02 1.676655827e-02 6.500000000e-02
    endloop
  endfacet
  facet normal -6.343932842e-01 7.730104534e-01 0.000000000e+00
    outer loop
      vertex -2.547885286e-02 1.714018006e-02 -1.000000000e-03
      vertex -2.593411234e-02 1.676655827e-02 6.500000000e-02
      vertex -2.547885286e-02 1.714018006e-02 6.500000000e-02
    endloop
  endfacet
  facet normal 0.000000000e+00 0.000000000e+00 -1.000000000e+00
    outer loop
      vertex -2.000000000e-02 1.000000000e-02 -1.000000000e-03
      vertex -2.593411234e-02 1.676655827e-02 -1.000000000e-03
      vertex -2.547885286e-02 1.714018006e-02 -1.000000000e-03
    endloop
  endfacet
  facet normal 0.000000000e+00 0.000000000e+00 1.000000000e+00
    outer loop
      vertex -2.000000000e-02 1.000000000e-02 6.500000000e-02
      vertex -2.547885286e-02 1.714018006e-02 6.500000000e-02
      vertex -2.593411234e-02 1.676655827e-02 6.500000000e-02
    endloop
  endfacet
  facet normal -6.835923020e-01 7.298640727e-01 0.000000000e+00
    outer loop
      vertex -2.593411234e-02 1.676655827e-02 -1.000000000e-03
      vertex -2.636396103e-02 1.636396103e-02 -1.000000000e-03
      vertex -2.636396103e-02 1.636396103e-02 6.500000000e-02
    endloop
  endfacet
  facet normal -6.835923020e-01 7.298640727e-01 0.000000000e+00
    outer loop
      vertex -2.593411234e-02 1.676655827e-02 -1.000000000e-03
      vertex -2.636396103e-02 1.636396103e-02 6.500000000e-02
      vertex -2.593411234e-02 1.676655827e-02 6.500000000e-02
    endloop
  endfacet
  facet normal 0.000000000e+00 0.000000000e+00 -1.000000000e+00
    outer loop
      vertex -2.000000000e-02 1.000000000e-02 -1.000000000e-03
      vertex -2.636396103e-02 1.636396103e-02 -1.000000000e-03
      vertex -2.593411234e-02 1.676655827e-02 -1.000000000e-03
    endloop
  endfacet
  facet normal 0.000000000e+00 0.000000000e+00 1.000000000e+00
    outer loop
      vertex -2.000000000e-02 1.000000000e-02 6.500000000e-02
      vertex -2.593411234e-02 1.676655827e-02 6.500000000e-02
      vertex -2.636396103e-02 1.636396103e-02 6.500000000e-02
    endloop
  endfacet
  facet normal -7.298640727e-01 6.835923020e-01 0.000000000e+00
    outer loop
      vertex -2.636396103e-02 1.636396103e-02 -1.000000000e-03
      vertex -2.676655827e-02 1.593411234e-02 -1.000000000e-03
      vertex -2.676655827e-02 1.593411234e-02 6.500000000e-02
    endloop
  endfacet
  facet normal -7.298640727e-01 6.835923020e-01 0.000000000e+00
    outer loop
      vertex -2.636396103e-02 1.636396103e-02 -1.000000000e-03
      vertex -2.676655827e-02 1.593411234e-02 6.500000000e-02
      vertex -2.636396103e-02 1.636396103e-02 6.500000000e-02
    endloop
  endfacet
  facet normal 0.000000000e+00 0.000000000e+00 -1.000000000e+00
    outer loop
      vertex -2.000000000e-02 1.000000000e-02 -1.000000000e-03
      vertex -2.676655827e-02 1.593411234e-02 -1.000000000e-03
      vertex -2.636396103e-02 1.636396103e-02 -1.000000000e-03
    endloop
  endfacet
  facet normal 0.000000000e+00 0.000000000e+00 1.000000000e+00
    outer loop
      vertex -2.000000000e-02 1.000000000e-02 6.500000000e-02
      vertex -2.636396103e-02 1.636396103e-02 6.500000000e-02
      vertex -2.676655827e-02 1.593411234e-02 6.500000000e-02
    endloop
  endfacet
  facet normal -7.730104534e-01 6.343932842e-01 0.000000000e+00
    outer loop
      vertex -2.676655827e-02 1.593411234e-02 -1.000000000e-03
      vertex -2.714018006e-02 1.547885286e-02 -1.000000000e-03
      vertex -2.714018006e-02 1.547885286e-02 6.500000000e-02
    endloop
  endfacet
  facet normal -7.730104534e-01 6.343932842e-01 0.000000000e+00
    outer loop
      vertex -2.676655827e-02 1.593411234e-02 -1.000000000e-03
      vertex -2.714018006e-02 1.547885286e-02 6.500000000e-02
      vertex -2.676655827e-02 1.593411234e-02 6.500000000e-02
    endloop
  endfacet
  facet normal 0.000000000e+00 0.000000000e+00 -1.000000000e+00
    outer loop
      vertex -2.000000000e-02 1.000000000e-02 -1.000000000e-03
      vertex -2.714018006e-02 1.547885286e-02 -1.000000000e-03
      vertex -2.676655827e-02 1.593411234e-02 -1.000000000e-03
    endloop
  endfacet
  facet normal 0.000000000e+00 0.000000000e+00 1.000000000e+00
    outer loop
      vertex -2.000000000e-02 1.000000000e-02 6.500000000e-02
      vertex -2.676655827e-02 1.593411234e-02 6.500000000e-02
      vertex -2.714018006e-02 1.547885286e-02 6.500000000e-02
    endloop
  endfacet
  facet normal -8.128466846e-01 5.824776969e-01 0.000000000e+00
    outer loop
      vertex -2.714018006e-02 1.547885286e-02 -1.000000000e-03
      vertex -2.748322651e-02 1.500013210e-02 -1.000000000e-03
      vertex -2.748322651e-02 1.500013210e-02 6.500000000e-02
    endloop
  endfacet
  facet normal -8.128466846e-01 5.824776969e-01 0.000000000e+00
    outer loop
      vertex -2.714018006e-02 1.547885286e-02 -1.000000000e-03
      vertex -2.748322651e-02 1.500013210e-02 6.500000000e-02
      vertex -2.714018006e-02 1.547885286e-02 6.500000000e-02
    endloop
  endfacet
  facet normal 0.000000000e+00 0.000000000e+00 -1.000000000e+00
    outer loop
      vertex -2.000000000e-02 1.000000000e-02 -1.000000000e-03
      vertex -2.748322651e-02 1.500013210e-02 -1.000000000e-03
      vertex -2.714018006e-02 1.547885286e-02 -1.000000000e-03
    endloop
  endfacet
  facet normal 0.000000000e+00 0.000000000e+00 1.000000000e+00
    outer loop
      vertex -2.000000000e-02 1.000000000e-02 6.500000000e-02
      vertex -2.714018006e-02 1.547885286e-02 6.500000000e-02
      vertex -2.748322651e-02 1.500013210e-02 6.500000000e-02
    endloop
  endfacet
  facet normal -8.492021815e-01 5.280678507e-01 0.000000000e+00
    outer loop
      vertex -2.748322651e-02 1.500013210e-02 -1.000000000e-03
      vertex -2.779422863e-02 1.450000000e-02 -1.000000000e-03
      vertex -2.779422863e-02 1.450000000e-02 6.500000000e-02
    endloop
  endfacet
  facet normal -8.492021815e-01 5.280678507e-01 0.000000000e+00
    outer loop
      vertex -2.748322651e-02 1.500013210e-02 -1.000000000e-03
      vertex -2.779422863e-02 1.450000000e-02 6.500000000e-02
      vertex -2.748322651e-02 1.500013210e-02 6.500000000e-02
    endloop
  endfacet
  facet normal 0.000000000e+00 0.000000000e+00 -1.000000000e+00
    outer loop
      vertex -2.000000000e-02 1.000000000e-02 -1.000000000e-03
      vertex -2.779422863e-02 1.450000000e-02 -1.000000000e-03
      vertex -2.748322651e-02 1.500013210e-02 -1.000000000e-03
    endloop
  endfacet
  facet normal 0.000000000e+00 0.000000000e+00 1.000000000e+00
    outer loop
      vertex -2.000000000e-02 1.000000000e-02 6.500000000e-02
      vertex -2.748322651e-02 1.500013210e-02 6.500000000e-02
      vertex -2.779422863e-02 1.450000000e-02 6.500000000e-02
    endloop
  endfacet
  facet normal -8.819212643e-01 4.713967368e-01 0.000000000e+00
    outer loop
      vertex -2.779422863e-02 1.450000000e-02 -1.000000000e-03
      vertex -2.807185467e-02 1.398059821e-02 -1.000000000e-03
      vertex -2.807185467e-02 1.398059821e-02 6.500000000e-02
    endloop
  endfacet
  facet normal -8.819212643e-01 4.713967368e-01 0.000000000e+00
    outer loop
      vertex -2.779422863e-02 1.450000000e-02 -1.000000000e-03
      vertex -2.807185467e-02 1.398059821e-02 6.500000000e-02
      vertex -2.779422863e-02 1.450000000e-02 6.500000000e-02
    endloop
  endfacet
  facet normal 0.000000000e+00 0.000000000e+00 -1.000000000e+00
    outer loop
      vertex -2.000000000e-02 1.000000000e-02 -1.000000000e-03
      vertex -2.807185467e-02 1.398059821e-02 -1.000000000e-03
      vertex -2.779422863e-02 1.450000000e-02 -1.000000000e-03
    endloop
  endfacet
  facet normal 0.000000000e+00 0.000000000e+00 1.000000000e+00
    outer loop
      vertex -2.000000000e-02 1.000000000e-02 6.500000000e-02
      vertex -2.779422863e-02 1.450000000e-02 6.500000000e-02
      vertex -2.807185467e-02 1.398059821e-02 6.500000000e-02
    endloop
  endfacet
  facet normal -9.108638249e-01 4.127070298e-01 0.000000000e+00
    outer loop
      vertex -2.807185467e-02 1.398059821e-02 -1.000000000e-03
      vertex -2.831491579e-02 1.344415089e-02 -1.000000000e-03
      vertex -2.831491579e-02 1.344415089e-02 6.500000000e-02
    endloop
  endfacet
  facet normal -9.108638249e-01 4.127070298e-01 0.000000000e+00
    outer loop
      vertex -2.807185467e-02 1.398059821e-02 -1.000000000e-03
      vertex -2.831491579e-02 1.344415089e-02 6.500000000e-02
      vertex -2.807185467e-02 1.398059821e-02 6.500000000e-02
    endloop
  endfacet
  facet normal 0.000000000e+00 0.000000000e+00 -1.000000000e+00
    outer loop
      vertex -2.000000000e-02 1.000000000e-02 -1.000000000e-03
      vertex -2.831491579e-02 1.344415089e-02 -1.000000000e-03
      vertex -2.807185467e-02 1.398059821e-02 -1.000000000e-03
    endloop
  endfacet
  facet normal 0.000000000e+00 0.000000000e+00 1.000000000e+00
    outer loop
      vertex -2.000000000e-02 1.000000000e-02 6.500000000e-02
      vertex -2.807185467e-02 1.398059821e-02 6.500000000e-02
      vertex -2.831491579e-02 1.344415089e-02 6.500000000e-02
    endloop
  endfacet
  facet normal -9.359059268e-01 3.522500479e-01 0.000000000e+00
    outer loop
      vertex -2.831491579e-02 1.344415089e-02 -1.000000000e-03
      vertex -2.852237117e-02 1.289295519e-02 -1.000000000e-03
      vertex -2.852237117e-02 1.289295519e-02 6.500000000e-02
    endloop
  endfacet
  facet normal -9.359059268e-01 3.522500479e-01 0.000000000e+00
    outer loop
      vertex -2.831491579e-02 1.344415089e-02 -1.000000000e-03
      vertex -2.852237117e-02 1.289295519e-02 6.500000000e-02
      vertex -2.831491579e-02 1.344415089e-02 6.500000000e-02
    endloop
  endfacet
  facet normal 0.000000000e+00 0.000000000e+00 -1.000000000e+00
    outer loop
      vertex -2.000000000e-02 1.000000000e-02 -1.000000000e-03
      vertex -2.852237117e-02 1.289295519e-02 -1.000000000e-03
      vertex -2.831491579e-02 1.344415089e-02 -1.000000000e-03
    endloop
  endfacet
  facet normal 0.000000000e+00 0.000000000e+00 1.000000000e+00
    outer loop
      vertex -2.000000000e-02 1.000000000e-02 6.500000000e-02
      vertex -2.831491579e-02 1.344415089e-02 6.500000000e-02
      vertex -2.852237117e-02 1.289295519e-02 6.500000000e-02
    endloop
  endfacet
  facet normal -9.569403357e-01 2.902846773e-01 0.000000000e+00
    outer loop
      vertex -2.852237117e-02 1.289295519e-02 -1.000000000e-03
      vertex -2.869333244e-02 1.232937141e-02 -1.000000000e-03
      vertex -2.869333244e-02 1.232937141e-02 6.500000000e-02
    endloop
  endfacet
  facet normal -9.569403357e-01 2.902846773e-01 0.000000000e+00
    outer loop
      vertex -2.852237117e-02 1.289295519e-02 -1.000000000e-03
      vertex -2.869333244e-02 1.232937141e-02 6.500000000e-02
      vertex -2.852237117e-02 1.289295519e-02 6.500000000e-02
    endloop
  endfacet
  facet normal 0.000000000e+00 0.000000000e+00 -1.000000000e+00
    outer loop
      vertex -2.000000000e-02 1.000000000e-02 -1.000000000e-03
      vertex -2.869333244e-02 1.232937141e-02 -1.000000000e-03
      vertex -2.852237117e-02 1.289295519e-02 -1.000000000e-03
    endloop
  endfacet
  facet normal 0.000000000e+00 0.000000000e+00 1.000000000e+00
    outer loop
      vertex -2.000000000e-02 1.000000000e-02 6.500000000e-02
      vertex -2.852237117e-02 1.289295519e-02 6.500000000e-02
      vertex -2.869333244e-02 1.232937141e-02 6.500000000e-02
    endloop
  endfacet
  facet normal -9.738769793e-01 2.270762630e-01 0.000000000e+00
    outer loop
      vertex -2.869333244e-02 1.232937141e-02 -1.000000000e-03
      vertex -2.882706752e-02 1.175581290e-02 -1.000000000e-03
      vertex -2.882706752e-02 1.175581290e-02 6.500000000e-02
    endloop
  endfacet
  facet normal -9.738769793e-01 2.270762630e-01 0.000000000e+00
    outer loop
      vertex -2.869333244e-02 1.232937141e-02 -1.000000000e-03
      vertex -2.882706752e-02 1.175581290e-02 6.500000000e-02
      vertex -2.869333244e-02 1.232937141e-02 6.500000000e-02
    endloop
  endfacet
  facet normal 0.000000000e+00 0.000000000e+00 -1.000000000e+00
    outer loop
      vertex -2.000000000e-02 1.000000000e-02 -1.000000000e-03
      vertex -2.882706752e-02 1.175581290e-02 -1.000000000e-03
      vertex -2.869333244e-02 1.232937141e-02 -1.000000000e-03
    endloop
  endfacet
  facet normal 0.000000000e+00 0.000000000e+00 1.000000000e+00
    outer loop
      vertex -2.000000000e-02 1.000000000e-02 6.500000000e-02
      vertex -2.869333244e-02 1.232937141e-02 6.500000000e-02
      vertex -2.882706752e-02 1.175581290e-02 6.500000000e-02
    endloop
  endfacet
  facet normal -9.866433321e-01 1.628954734e-01 0.000000000e+00
    outer loop
      vertex -2.882706752e-02 1.175581290e-02 -1.000000000e-03
      vertex -2.892300375e-02 1.117473573e-02 -1.000000000e-03
      vertex -2.892300375e-02 1.117473573e-02 6.500000000e-02
    endloop
  endfacet
  facet normal -9.866433321e-01 1.628954734e-01 0.000000000e+00
    outer loop
      vertex -2.882706752e-02 1.175581290e-02 -1.000000000e-03
      vertex -2.892300375e-02 1.117473573e-02 6.500000000e-02
      vertex -2.882706752e-02 1.175581290e-02 6.500000000e-02
    endloop
  endfacet
  facet normal 0.000000000e+00 0.000000000e+00 -1.000000000e+00
    outer loop
      vertex -2.000000000e-02 1.000000000e-02 -1.000000000e-03
      vertex -2.892300375e-02 1.117473573e-02 -1.000000000e-03
      vertex -2.882706752e-02 1.175581290e-02 -1.000000000e-03
    endloop
  endfacet
  facet normal 0.000000000e+00 0.000000000e+00 1.000000000e+00
    outer loop
      vertex -2.000000000e-02 1.000000000e-02 6.500000000e-02
      vertex -2.882706752e-02 1.175581290e-02 6.500000000e-02
      vertex -2.892300375e-02 1.117473573e-02 6.500000000e-02
    endloop
  endfacet
  facet normal -9.951847267e-01 9.801714033e-02 0.000000000e+00
    outer loop
      vertex -2.892300375e-02 1.117473573e-02 -1.000000000e-03
      vertex -2.898073031e-02 1.058862816e-02 -1.000000000e-03
      vertex -2.898073031e-02 1.058862816e-02 6.500000000e-02
    endloop
  endfacet
  facet normal -9.951847267e-01 9.801714033e-02 0.000000000e+00
    outer loop
      vertex -2.892300375e-02 1.117473573e-02 -1.000000000e-03
      vertex -2.898073031e-02 1.058862816e-02 6.500000000e-02
      vertex -2.892300375e-02 1.117473573e-02 6.500000000e-02
    endloop
  endfacet
  facet normal 0.000000000e+00 0.000000000e+00 -1.000000000e+00
    outer loop
      vertex -2.000000000e-02 1.000000000e-02 -1.000000000e-03
      vertex -2.898073031e-02 1.058862816e-02 -1.000000000e-03
      vertex -2.892300375e-02 1.117473573e-02 -1.000000000e-03
    endloop
  endfacet
  facet normal 0.000000000e+00 0.000000000e+00 1.000000000e+00
    outer loop
      vertex -2.000000000e-02 1.000000000e-02 6.500000000e-02
      vertex -2.892300375e-02 1.117473573e-02 6.500000000e-02
      vertex -2.898073031e-02 1.058862816e-02 6.500000000e-02
    endloop
  endfacet
  facet normal -9.994645875e-01 3.271908282e-02 0.000000000e+00
    outer loop
      vertex -2.898073031e-02 1.058862816e-02 -1.000000000e-03
      vertex -2.900000000e-02 1.000000000e-02 -1.000000000e-03
      vertex -2.900000000e-02 1.000000000e-02 6.500000000e-02
    endloop
  endfacet
  facet normal -9.994645875e-01 3.271908282e-02 0.000000000e+00
    outer loop
      vertex -2.898073031e-02 1.058862816e-02 -1.000000000e-03
      vertex -2.900000000e-02 1.000000000e-02 6.500000000e-02
      vertex -2.898073031e-02 1.058862816e-02 6.500000000e-02
    endloop
  endfacet
  facet normal 0.000000000e+00 0.000000000e+00 -1.000000000e+00
    outer loop
      vertex -2.000000000e-02 1.000000000e-02 -1.000000000e-03
      vertex -2.900000000e-02 1.000000000e-02 -1.000000000e-03
      vertex -2.898073031e-02 1.058862816e-02 -1.000000000e-03
    endloop
  endfacet
  facet normal 0.000000000e+00 0.000000000e+00 1.000000000e+00
    outer loop
      vertex -2.000000000e-02 1.000000000e-02 6.500000000e-02
      vertex -2.898073031e-02 1.058862816e-02 6.500000000e-02
      vertex -2.900000000e-02 1.000000000e-02 6.500000000e-02
    endloop
  endfacet
  facet normal -9.994645875e-01 -3.271908282e-02 0.000000000e+00
    outer loop
      vertex -2.900000000e-02 1.000000000e-02 -1.000000000e-03
      vertex -2.898073031e-02 9.411371837e-03 -1.000000000e-03
      vertex -2.898073031e-02 9.411371837e-03 6.500000000e-02
    endloop
  endfacet
  facet normal -9.994645875e-01 -3.271908282e-02 0.000000000e+00
    outer loop
      vertex -2.900000000e-02 1.000000000e-02 -1.000000000e-03
      vertex -2.898073031e-02 9.411371837e-03 6.500000000e-02
      vertex -2.900000000e-02 1.000000000e-02 6.500000000e-02
    endloop
  endfacet
  facet normal 0.000000000e+00 0.000000000e+00 -1.000000000e+00
    outer loop
      vertex -2.000000000e-02 1.000000000e-02 -1.000000000e-03
      vertex -2.898073031e-02 9.411371837e-03 -1.000000000e-03
      vertex -2.900000000e-02 1.000000000e-02 -1.000000000e-03
    endloop
  endfacet
  facet normal 0.000000000e+00 0.000000000e+00 1.000000000e+00
    outer loop
      vertex -2.000000000e-02 1.000000000e-02 6.500000000e-02
      vertex -2.900000000e-02 1.000000000e-02 6.500000000e-02
      vertex -2.898073031e-02 9.411371837e-03 6.500000000e-02
    endloop
  endfacet
  facet normal -9.951847267e-01 -9.801714033e-02 0.000000000e+00
    outer loop
      vertex -2.898073031e-02 9.411371837e-03 -1.000000000e-03
      vertex -2.892300375e-02 8.825264270e-03 -1.000000000e-03
      vertex -2.892300375e-02 8.825264270e-03 6.500000000e-02
    endloop
  endfacet
  facet normal -9.951847267e-01 -9.801714033e-02 0.000000000e+00
    outer loop
      vertex -2.898073031e-02 9.411371837e-03 -1.000000000e-03
      vertex -2.892300375e-02 8.825264270e-03 6.500000000e-02
      vertex -2.898073031e-02 9.411371837e-03 6.500000000e-02
    endloop
  endfacet
  facet normal 0.000000000e+00 0.000000000e+00 -1.000000000e+00
    outer loop
      vertex -2.000000000e-02 1.000000000e-02 -1.000000000e-03
      vertex -2.892300375e-02 8.825264270e-03 -1.000000000e-03
      vertex -2.898073031e-02 9.411371837e-03 -1.000000000e-03
    endloop
  endfacet
  facet normal 0.000000000e+00 0.000000000e+00 1.000000000e+00
    outer loop
      vertex -2.000000000e-02 1.000000000e-02 6.500000000e-02
      vertex -2.898073031e-02 9.411371837e-03 6.500000000e-02
      vertex -2.892300375e-02 8.825264270e-03 6.500000000e-02
    endloop
  endfacet
  facet normal -9.866433321e-01 -1.628954734e-01 0.000000000e+00
    outer loop
      vertex -2.892300375e-02 8.825264270e-03 -1.000000000e-03
      vertex -2.882706752e-02 8.244187102e-03 -1.000000000e-03
      vertex -2.882706752e-02 8.244187102e-03 6.500000000e-02
    endloop
  endfacet
  facet normal -9.866433321e-01 -1.628954734e-01 0.000000000e+00
    outer loop
      vertex -2.892300375e-02 8.825264270e-03 -1.000000000e-03
      vertex -2.882706752e-02 8.244187102e-03 6.500000000e-02
      vertex -2.892300375e-02 8.825264270e-03 6.500000000e-02
    endloop
  endfacet
  facet normal 0.000000000e+00 0.000000000e+00 -1.000000000e+00
    outer loop
      vertex -2.000000000e-02 1.000000000e-02 -1.000000000e-03
      vertex -2.882706752e-02 8.244187102e-03 -1.000000000e-03
      vertex -2.892300375e-02 8.825264270e-03 -1.000000000e-03
    endloop
  endfacet
  facet normal 0.000000000e+00 0.000000000e+00 1.000000000e+00
    outer loop
      vertex -2.000000000e-02 1.000000000e-02 6.500000000e-02
      vertex -2.892300375e-02 8.825264270e-03 6.500000000e-02
      vertex -2.882706752e-02 8.244187102e-03 6.500000000e-02
    endloop
  endfacet
  facet normal -9.738769793e-01 -2.270762630e-01 0.000000000e+00
    outer loop
      vertex -2.882706752e-02 8.244187102e-03 -1.000000000e-03
      vertex -2.869333244e-02 7.670628594e-03 -1.000000000e-03
      vertex -2.869333244e-02 7.670628594e-03 6.500000000e-02
    endloop
  endfacet
  facet normal -9.738769793e-01 -2.270762630e-01 0.000000000e+00
    outer loop
      vertex -2.882706752e-02 8.244187102e-03 -1.000000000e-03
      vertex -2.869333244e-02 7.670628594e-03 6.500000000e-02
      vertex -2.882706752e-02 8.244187102e-03 6.500000000e-02
    endloop
  endfacet
  facet normal 0.000000000e+00 0.000000000e+00 -1.000000000e+00
    outer loop
      vertex -2.000000000e-02 1.000000000e-02 -1.000000000e-03
      vertex -2.869333244e-02 7.670628594e-03 -1.000000000e-03
      vertex -2.882706752e-02 8.244187102e-03 -1.000000000e-03
    endloop
  endfacet
  facet normal 0.000000000e+00 0.000000000e+00 1.000000000e+00
    outer loop
      vertex -2.000000000e-02 1.000000000e-02 6.500000000e-02
      vertex -2.882706752e-02 8.244187102e-03 6.500000000e-02
      vertex -2.869333244e-02 7.670628594e-03 6.500000000e-02
    endloop
  endfacet
  facet normal -9.569403357e-01 -2.902846773e-01 0.000000000e+00
    outer loop
      vertex -2.869333244e-02 7.670628594e-03 -1.000000000e-03
      vertex -2.852237117e-02 7.107044812e-03 -1.000000000e-03
      vertex -2.852237117e-02 7.107044812e-03 6.500000000e-02
    endloop
  endfacet
  facet normal -9.569403357e-01 -2.902846773e-01 0.000000000e+00
    outer loop
      vertex -2.869333244e-02 7.670628594e-03 -1.000000000e-03
      vertex -2.852237117e-02 7.107044812e-03 6.500000000e-02
      vertex -2.869333244e-02 7.670628594e-03 6.500000000e-02
    endloop
  endfacet
  facet normal 0.000000000e+00 0.000000000e+00 -1.000000000e+00
    outer loop
      vertex -2.000000000e-02 1.000000000e-02 -1.000000000e-03
      vertex -2.852237117e-02 7.107044812e-03 -1.000000000e-03
      vertex -2.869333244e-02 7.670628594e-03 -1.000000000e-03
    endloop
  endfacet
  facet normal 0.000000000e+00 0.000000000e+00 1.000000000e+00
    outer loop
      vertex -2.000000000e-02 1.000000000e-02 6.500000000e-02
      vertex -2.869333244e-02 7.670628594e-03 6.500000000e-02
      vertex -2.852237117e-02 7.107044812e-03 6.500000000e-02
    endloop
  endfacet
  facet normal -9.359059268e-01 -3.522500479e-01 0.000000000e+00
    outer loop
      vertex -2.852237117e-02 7.107044812e-03 -1.000000000e-03
      vertex -2.831491579e-02 6.555849109e-03 -1.000000000e-03
      vertex -2.831491579e-02 6.555849109e-03 6.500000000e-02
    endloop
  endfacet
  facet normal -9.359059268e-01 -3.522500479e-01 0.000000000e+00
    outer loop
      vertex -2.852237117e-02 7.107044812e-03 -1.000000000e-03
      vertex -2.831491579e-02 6.555849109e-03 6.500000000e-02
      vertex -2.852237117e-02 7.107044812e-03 6.500000000e-02
    endloop
  endfacet
  facet normal 0.000000000e+00 0.000000000e+00 -1.000000000e+00
    outer loop
      vertex -2.000000000e-02 1.000000000e-02 -1.000000000e-03
      vertex -2.831491579e-02 6.555849109e-03 -1.000000000e-03
      vertex -2.852237117e-02 7.107044812e-03 -1.000000000e-03
    endloop
  endfacet
  facet normal 0.000000000e+00 0.000000000e+00 1.000000000e+00
    outer loop
      vertex -2.000000000e-02 1.000000000e-02 6.500000000e-02
      vertex -2.852237117e-02 7.107044812e-03 6.500000000e-02
      vertex -2.831491579e-02 6.555849109e-03 6.500000000e-02
    endloop
  endfacet
  facet normal -9.108638249e-01 -4.127070298e-01 0.000000000e+00
    outer loop
      vertex -2.831491579e-02 6.555849109e-03 -1.000000000e-03
      vertex -2.807185467e-02 6.019401788e-03 -1.000000000e-03
      vertex -2.807185467e-02 6.019401788e-03 6.500000000e-02
    endloop
  endfacet
  facet normal -9.108638249e-01 -4.127070298e-01 0.000000000e+00
    outer loop
      vertex -2.831491579e-02 6.555849109e-03 -1.000000000e-03
      vertex -2.807185467e-02 6.019401788e-03 6.500000000e-02
      vertex -2.831491579e-02 6.555849109e-03 6.500000000e-02
    endloop
  endfacet
  facet normal 0.000000000e+00 0.000000000e+00 -1.000000000e+00
    outer loop
      vertex -2.000000000e-02 1.000000000e-02 -1.000000000e-03
      vertex -2.807185467e-02 6.019401788e-03 -1.000000000e-03
      vertex -2.831491579e-02 6.555849109e-03 -1.000000000e-03
    endloop
  endfacet
  facet normal 0.000000000e+00 0.000000000e+00 1.000000000e+00
    outer loop
      vertex -2.000000000e-02 1.000000000e-02 6.500000000e-02
      vertex -2.831491579e-02 6.555849109e-03 6.500000000e-02
      vertex -2.807185467e-02 6.019401788e-03 6.500000000e-02
    endloop
  endfacet
  facet normal -8.819212643e-01 -4.713967368e-01 0.000000000e+00
    outer loop
      vertex -2.807185467e-02 6.019401788e-03 -1.000000000e-03
      vertex -2.779422863e-02 5.500000000e-03 -1.000000000e-03
      vertex -2.779422863e-02 5.500000000e-03 6.500000000e-02
    endloop
  endfacet
  facet normal -8.819212643e-01 -4.713967368e-01 0.000000000e+00
    outer loop
      vertex -2.807185467e-02 6.019401788e-03 -1.000000000e-03
      vertex -2.779422863e-02 5.500000000e-03 6.500000000e-02
      vertex -2.807185467e-02 6.019401788e-03 6.500000000e-02
    endloop
  endfacet
  facet normal 0.000000000e+00 0.000000000e+00 -1.000000000e+00
    outer loop
      vertex -2.000000000e-02 1.000000000e-02 -1.000000000e-03
      vertex -2.779422863e-02 5.500000000e-03 -1.000000000e-03
      vertex -2.807185467e-02 6.019401788e-03 -1.000000000e-03
    endloop
  endfacet
  facet normal 0.000000000e+00 0.000000000e+00 1.000000000e+00
    outer loop
      vertex -2.000000000e-02 1.000000000e-02 6.500000000e-02
      vertex -2.807185467e-02 6.019401788e-03 6.500000000e-02
      vertex -2.779422863e-02 5.500000000e-03 6.500000000e-02
    endloop
  endfacet
  facet normal -8.492021815e-01 -5.280678507e-01 0.000000000e+00
    outer loop
      vertex -2.779422863e-02 5.500000000e-03 -1.000000000e-03
      vertex -2.748322651e-02 4.999867903e-03 -1.000000000e-03
      vertex -2.748322651e-02 4.999867903e-03 6.500000000e-02
    endloop
  endfacet
  facet normal -8.492021815e-01 -5.280678507e-01 0.000000000e+00
    outer loop
      vertex -2.779422863e-02 5.500000000e-03 -1.000000000e-03
      vertex -2.748322651e-02 4.999867903e-03 6.500000000e-02
      vertex -2.779422863e-02 5.500000000e-03 6.500000000e-02
    endloop
  endfacet
  facet normal 0.000000000e+00 0.000000000e+00 -1.000000000e+00
    outer loop
      vertex -2.000000000e-02 1.000000000e-02 -1.000000000e-03
      vertex -2.748322651e-02 4.999867903e-03 -1.000000000e-03
      vertex -2.779422863e-02 5.500000000e-03 -1.000000000e-03
    endloop
  endfacet
  facet normal 0.000000000e+00 0.000000000e+00 1.000000000e+00
    outer loop
      vertex -2.000000000e-02 1.000000000e-02 6.500000000e-02
      vertex -2.779422863e-02 5.500000000e-03 6.500000000e-02
      vertex -2.748322651e-02 4.999867903e-03 6.500000000e-02
    endloop
  endfacet
  facet normal -8.128466846e-01 -5.824776969e-01 0.000000000e+00
    outer loop
      vertex -2.748322651e-02 4.999867903e-03 -1.000000000e-03
      vertex -2.714018006e-02 4.521147139e-03 -1.000000000e-03
      vertex -2.714018006e-02 4.521147139e-03 6.500000000e-02
    endloop
  endfacet
  facet normal -8.128466846e-01 -5.824776969e-01 0.000000000e+00
    outer loop
      vertex -2.748322651e-02 4.999867903e-03 -1.000000000e-03
      vertex -2.714018006e-02 4.521147139e-03 6.500000000e-02
      vertex -2.748322651e-02 4.999867903e-03 6.500000000e-02
    endloop
  endfacet
  facet normal 0.000000000e+00 0.000000000e+00 -1.000000000e+00
    outer loop
      vertex -2.000000000e-02 1.000000000e-02 -1.000000000e-03
      vertex -2.714018006e-02 4.521147139e-03 -1.000000000e-03
      vertex -2.748322651e-02 4.999867903e-03 -1.000000000e-03
    endloop
  endfacet
  facet normal 0.000000000e+00 0.000000000e+00 1.000000000e+00
    outer loop
      vertex -2.000000000e-02 1.000000000e-02 6.500000000e-02
      vertex -2.748322651e-02 4.999867903e-03 6.500000000e-02
      vertex -2.714018006e-02 4.521147139e-03 6.500000000e-02
    endloop
  endfacet
  facet normal -7.730104534e-01 -6.343932842e-01 0.000000000e+00
    outer loop
      vertex -2.714018006e-02 4.521147139e-03 -1.000000000e-03
      vertex -2.676655827e-02 4.065887664e-03 -1.000000000e-03
      vertex -2.676655827e-02 4.065887664e-03 6.500000000e-02
    endloop
  endfacet
  facet normal -7.730104534e-01 -6.343932842e-01 0.000000000e+00
    outer loop
      vertex -2.714018006e-02 4.521147139e-03 -1.000000000e-03
      vertex -2.676655827e-02 4.065887664e-03 6.500000000e-02
      vertex -2.714018006e-02 4.521147139e-03 6.500000000e-02
    endloop
  endfacet
  facet normal 0.000000000e+00 0.000000000e+00 -1.000000000e+00
    outer loop
      vertex -2.000000000e-02 1.000000000e-02 -1.000000000e-03
      vertex -2.676655827e-02 4.065887664e-03 -1.000000000e-03
      vertex -2.714018006e-02 4.521147139e-03 -1.000000000e-03
    endloop
  endfacet
  facet normal 0.000000000e+00 0.000000000e+00 1.000000000e+00
    outer loop
      vertex -2.000000000e-02 1.000000000e-02 6.500000000e-02
      vertex -2.714018006e-02 4.521147139e-03 6.500000000e-02
      vertex -2.676655827e-02 4.065887664e-03 6.500000000e-02
    endloop
  endfacet
  facet normal -7.298640727e-01 -6.835923020e-01 0.000000000e+00
    outer loop
      vertex -2.676655827e-02 4.065887664e-03 -1.000000000e-03
      vertex -2.636396103e-02 3.636038969e-03 -1.000000000e-03
      vertex -2.636396103e-02 3.636038969e-03 6.500000000e-02
    endloop
  endfacet
  facet normal -7.298640727e-01 -6.835923020e-01 0.000000000e+00
    outer loop
      vertex -2.676655827e-02 4.065887664e-03 -1.000000000e-03
      vertex -2.636396103e-02 3.636038969e-03 6.500000000e-02
      vertex -2.676655827e-02 4.065887664e-03 6.500000000e-02
    endloop
  endfacet
  facet normal 0.000000000e+00 0.000000000e+00 -1.000000000e+00
    outer loop
      vertex -2.000000000e-02 1.000000000e-02 -1.000000000e-03
      vertex -2.636396103e-02 3.636038969e-03 -1.000000000e-03
      vertex -2.676655827e-02 4.065887664e-03 -1.000000000e-03
    endloop
  endfacet
  facet normal 0.000000000e+00 0.000000000e+00 1.000000000e+00
    outer loop
      vertex -2.000000000e-02 1.000000000e-02 6.500000000e-02
      vertex -2.676655827e-02 4.065887664e-03 6.500000000e-02
      vertex -2.636396103e-02 3.636038969e-03 6.500000000e-02
    endloop
  endfacet
  facet normal -6.835923020e-01 -7.298640727e-01 0.000000000e+00
    outer loop
      vertex -2.636396103e-02 3.636038969e-03 -1.000000000e-03
      vertex -2.593411234e-02 3.233441733e-03 -1.000000000e-03
      vertex -2.593411234e-02 3.233441733e-03 6.500000000e-02
    endloop
  endfacet
  facet normal -6.835923020e-01 -7.298640727e-01 0.000000000e+00
    outer loop
      vertex -2.636396103e-02 3.636038969e-03 -1.000000000e-03
      vertex -2.593411234e-02 3.233441733e-03 6.500000000e-02
      vertex -2.636396103e-02 3.636038969e-03 6.500000000e-02
    endloop
  endfacet
  facet normal 0.000000000e+00 0.000000000e+00 -1.000000000e+00
    outer loop
      vertex -2.000000000e-02 1.000000000e-02 -1.000000000e-03
      vertex -2.593411234e-02 3.233441733e-03 -1.000000000e-03
      vertex -2.636396103e-02 3.636038969e-03 -1.000000000e-03
    endloop
  endfacet
  facet normal 0.000000000e+00 0.000000000e+00 1.000000000e+00
    outer loop
      vertex -2.000000000e-02 1.000000000e-02 6.500000000e-02
      vertex -2.636396103e-02 3.636038969e-03 6.500000000e-02
      vertex -2.593411234e-02 3.233441733e-03 6.500000000e-02
    endloop
  endfacet
  facet normal -6.343932842e-01 -7.730104534e-01 0.000000000e+00
    outer loop
      vertex -2.593411234e-02 3.233441733e-03 -1.000000000e-03
      vertex -2.547885286e-02 2.859819937e-03 -1.000000000e-03
      vertex -2.547885286e-02 2.859819937e-03 6.500000000e-02
    endloop
  endfacet
  facet normal -6.343932842e-01 -7.730104534e-01 0.000000000e+00
    outer loop
      vertex -2.593411234e-02 3.233441733e-03 -1.000000000e-03
      vertex -2.547885286e-02 2.859819937e-03 6.500000000e-02
      vertex -2.593411234e-02 3.233441733e-03 6.500000000e-02
    endloop
  endfacet
  facet normal 0.000000000e+00 0.000000000e+00 -1.000000000e+00
    outer loop
      vertex -2.000000000e-02 1.000000000e-02 -1.000000000e-03
      vertex -2.547885286e-02 2.859819937e-03 -1.000000000e-03
      vertex -2.593411234e-02 3.233441733e-03 -1.000000000e-03
    endloop
  endfacet
  facet normal 0.000000000e+00 0.000000000e+00 1.000000000e+00
    outer loop
      vertex -2.000000000e-02 1.000000000e-02 6.500000000e-02
      vertex -2.593411234e-02 3.233441733e-03 6.500000000e-02
      vertex -2.547885286e-02 2.859819937e-03 6.500000000e-02
    endloop
  endfacet
  facet normal -5.824776969e-01 -8.128466846e-01 0.000000000e+00
    outer loop
      vertex -2.547885286e-02 2.859819937e-03 -1.000000000e-03
      vertex -2.500013210e-02 2.516773489e-03 -1.000000000e-03
      vertex -2.500013210e-02 2.516773489e-03 6.500000000e-02
    endloop
  endfacet
  facet normal -5.824776969e-01 -8.128466846e-01 0.000000000e+00
    outer loop
      vertex -2.547885286e-02 2.859819937e-03 -1.000000000e-03
      vertex -2.500013210e-02 2.516773489e-03 6.500000000e-02
      vertex -2.547885286e-02 2.859819937e-03 6.500000000e-02
    endloop
  endfacet
  facet normal 0.000000000e+00 0.000000000e+00 -1.000000000e+00
    outer loop
      vertex -2.000000000e-02 1.000000000e-02 -1.000000000e-03
      vertex -2.500013210e-02 2.516773489e-03 -1.000000000e-03
      vertex -2.547885286e-02 2.859819937e-03 -1.000000000e-03
    endloop
  endfacet
  facet normal 0.000000000e+00 0.000000000e+00 1.000000000e+00
    outer loop
      vertex -2.000000000e-02 1.000000000e-02 6.500000000e-02
      vertex -2.547885286e-02 2.859819937e-03 6.500000000e-02
      vertex -2.500013210e-02 2.516773489e-03 6.500000000e-02
    endloop
  endfacet
  facet normal -5.280678507e-01 -8.492021815e-01 0.000000000e+00
    outer loop
      vertex -2.500013210e-02 2.516773489e-03 -1.000000000e-03
      vertex -2.450000000e-02 2.205771366e-03 -1.000000000e-03
      vertex -2.450000000e-02 2.205771366e-03 6.500000000e-02
    endloop
  endfacet
  facet normal -5.280678507e-01 -8.492021815e-01 0.000000000e+00
    outer loop
      vertex -2.500013210e-02 2.516773489e-03 -1.000000000e-03
      vertex -2.450000000e-02 2.205771366e-03 6.500000000e-02
      vertex -2.500013210e-02 2.516773489e-03 6.500000000e-02
    endloop
  endfacet
  facet normal 0.000000000e+00 0.000000000e+00 -1.000000000e+00
    outer loop
      vertex -2.000000000e-02 1.000000000e-02 -1.000000000e-03
      vertex -2.450000000e-02 2.205771366e-03 -1.000000000e-03
      vertex -2.500013210e-02 2.516773489e-03 -1.000000000e-03
    endloop
  endfacet
  facet normal 0.000000000e+00 0.000000000e+00 1.000000000e+00
    outer loop
      vertex -2.000000000e-02 1.000000000e-02 6.500000000e-02
      vertex -2.500013210e-02 2.516773489e-03 6.500000000e-02
      vertex -2.450000000e-02 2.205771366e-03 6.500000000e-02
    endloop
  endfacet
  facet normal -4.713967368e-01 -8.819212643e-01 0.000000000e+00
    outer loop
      vertex -2.450000000e-02 2.205771366e-03 -1.000000000e-03
      vertex -2.398059821e-02 1.928145326e-03 -1.000000000e-03
      vertex -2.398059821e-02 1.928145326e-03 6.500000000e-02
    endloop
  endfacet
  facet normal -4.713967368e-01 -8.819212643e-01 0.000000000e+00
    outer loop
      vertex -2.450000000e-02 2.205771366e-03 -1.000000000e-03
      vertex -2.398059821e-02 1.928145326e-03 6.500000000e-02
      vertex -2.450000000e-02 2.205771366e-03 6.500000000e-02
    endloop
  endfacet
  facet normal 0.000000000e+00 0.000000000e+00 -1.000000000e+00
    outer loop
      vertex -2.000000000e-02 1.000000000e-02 -1.000000000e-03
      vertex -2.398059821e-02 1.928145326e-03 -1.000000000e-03
      vertex -2.450000000e-02 2.205771366e-03 -1.000000000e-03
    endloop
  endfacet
  facet normal 0.000000000e+00 0.000000000e+00 1.000000000e+00
    outer loop
      vertex -2.000000000e-02 1.000000000e-02 6.500000000e-02
      vertex -2.450000000e-02 2.205771366e-03 6.500000000e-02
      vertex -2.398059821e-02 1.928145326e-03 6.500000000e-02
    endloop
  endfacet
  facet normal -4.127070298e-01 -9.108638249e-01 0.000000000e+00
    outer loop
      vertex -2.398059821e-02 1.928145326e-03 -1.000000000e-03
      vertex -2.344415089e-02 1.685084207e-03 -1.000000000e-03
      vertex -2.344415089e-02 1.685084207e-03 6.500000000e-02
    endloop
  endfacet
  facet normal -4.127070298e-01 -9.108638249e-01 0.000000000e+00
    outer loop
      vertex -2.398059821e-02 1.928145326e-03 -1.000000000e-03
      vertex -2.344415089e-02 1.685084207e-03 6.500000000e-02
      vertex -2.398059821e-02 1.928145326e-03 6.500000000e-02
    endloop
  endfacet
  facet normal 0.000000000e+00 0.000000000e+00 -1.000000000e+00
    outer loop
      vertex -2.000000000e-02 1.000000000e-02 -1.000000000e-03
      vertex -2.344415089e-02 1.685084207e-03 -1.000000000e-03
      vertex -2.398059821e-02 1.928145326e-03 -1.000000000e-03
    endloop
  endfacet
  facet normal 0.000000000e+00 0.000000000e+00 1.000000000e+00
    outer loop
      vertex -2.000000000e-02 1.000000000e-02 6.500000000e-02
      vertex -2.398059821e-02 1.928145326e-03 6.500000000e-02
      vertex -2.344415089e-02 1.685084207e-03 6.500000000e-02
    endloop
  endfacet
  facet normal -3.522500479e-01 -9.359059268e-01 0.000000000e+00
    outer loop
      vertex -2.344415089e-02 1.685084207e-03 -1.000000000e-03
      vertex -2.289295519e-02 1.477628835e-03 -1.000000000e-03
      vertex -2.289295519e-02 1.477628835e-03 6.500000000e-02
    endloop
  endfacet
  facet normal -3.522500479e-01 -9.359059268e-01 0.000000000e+00
    outer loop
      vertex -2.344415089e-02 1.685084207e-03 -1.000000000e-03
      vertex -2.289295519e-02 1.477628835e-03 6.500000000e-02
      vertex -2.344415089e-02 1.685084207e-03 6.500000000e-02
    endloop
  endfacet
  facet normal 0.000000000e+00 0.000000000e+00 -1.000000000e+00
    outer loop
      vertex -2.000000000e-02 1.000000000e-02 -1.000000000e-03
      vertex -2.289295519e-02 1.477628835e-03 -1.000000000e-03
      vertex -2.344415089e-02 1.685084207e-03 -1.000000000e-03
    endloop
  endfacet
  facet normal 0.000000000e+00 0.000000000e+00 1.000000000e+00
    outer loop
      vertex -2.000000000e-02 1.000000000e-02 6.500000000e-02
      vertex -2.344415089e-02 1.685084207e-03 6.500000000e-02
      vertex -2.289295519e-02 1.477628835e-03 6.500000000e-02
    endloop
  endfacet
  facet normal -2.902846773e-01 -9.569403357e-01 0.000000000e+00
    outer loop
      vertex -2.289295519e-02 1.477628835e-03 -1.000000000e-03
      vertex -2.232937141e-02 1.306667563e-03 -1.000000000e-03
      vertex -2.232937141e-02 1.306667563e-03 6.500000000e-02
    endloop
  endfacet
  facet normal -2.902846773e-01 -9.569403357e-01 0.000000000e+00
    outer loop
      vertex -2.289295519e-02 1.477628835e-03 -1.000000000e-03
      vertex -2.232937141e-02 1.306667563e-03 6.500000000e-02
      vertex -2.289295519e-02 1.477628835e-03 6.500000000e-02
    endloop
  endfacet
  facet normal 0.000000000e+00 0.000000000e+00 -1.000000000e+00
    outer loop
      vertex -2.000000000e-02 1.000000000e-02 -1.000000000e-03
      vertex -2.232937141e-02 1.306667563e-03 -1.000000000e-03
      vertex -2.289295519e-02 1.477628835e-03 -1.000000000e-03
    endloop
  endfacet
  facet normal 0.000000000e+00 0.000000000e+00 1.000000000e+00
    outer loop
      vertex -2.000000000e-02 1.000000000e-02 6.500000000e-02
      vertex -2.289295519e-02 1.477628835e-03 6.500000000e-02
      vertex -2.232937141e-02 1.306667563e-03 6.500000000e-02
    endloop
  endfacet
  facet normal -2.270762630e-01 -9.738769793e-01 0.000000000e+00
    outer loop
      vertex -2.232937141e-02 1.306667563e-03 -1.000000000e-03
      vertex -2.175581290e-02 1.172932476e-03 -1.000000000e-03
      vertex -2.175581290e-02 1.172932476e-03 6.500000000e-02
    endloop
  endfacet
  facet normal -2.270762630e-01 -9.738769793e-01 0.000000000e+00
    outer loop
      vertex -2.232937141e-02 1.306667563e-03 -1.000000000e-03
      vertex -2.175581290e-02 1.172932476e-03 6.500000000e-02
      vertex -2.232937141e-02 1.306667563e-03 6.500000000e-02
    endloop
  endfacet
  facet normal 0.000000000e+00 0.000000000e+00 -1.000000000e+00
    outer loop
      vertex -2.000000000e-02 1.000000000e-02 -1.000000000e-03
      vertex -2.175581290e-02 1.172932476e-03 -1.000000000e-03
      vertex -2.232937141e-02 1.306667563e-03 -1.000000000e-03
    endloop
  endfacet
  facet normal 0.000000000e+00 0.000000000e+00 1.000000000e+00
    outer loop
      vertex -2.000000000e-02 1.000000000e-02 6.500000000e-02
      vertex -2.232937141e-02 1.306667563e-03 6.500000000e-02
      vertex -2.175581290e-02 1.172932476e-03 6.500000000e-02
    endloop
  endfacet
  facet normal -1.628954734e-01 -9.866433321e-01 0.000000000e+00
    outer loop
      vertex -2.175581290e-02 1.172932476e-03 -1.000000000e-03
      vertex -2.117473573e-02 1.076996248e-03 -1.000000000e-03
      vertex -2.117473573e-02 1.076996248e-03 6.500000000e-02
    endloop
  endfacet
  facet normal -1.628954734e-01 -9.866433321e-01 0.000000000e+00
    outer loop
      vertex -2.175581290e-02 1.172932476e-03 -1.000000000e-03
      vertex -2.117473573e-02 1.076996248e-03 6.500000000e-02
      vertex -2.175581290e-02 1.172932476e-03 6.500000000e-02
    endloop
  endfacet
  facet normal 0.000000000e+00 0.000000000e+00 -1.000000000e+00
    outer loop
      vertex -2.000000000e-02 1.000000000e-02 -1.000000000e-03
      vertex -2.117473573e-02 1.076996248e-03 -1.000000000e-03
      vertex -2.175581290e-02 1.172932476e-03 -1.000000000e-03
    endloop
  endfacet
  facet normal 0.000000000e+00 0.000000000e+00 1.000000000e+00
    outer loop
      vertex -2.000000000e-02 1.000000000e-02 6.500000000e-02
      vertex -2.175581290e-02 1.172932476e-03 6.500000000e-02
      vertex -2.117473573e-02 1.076996248e-03 6.500000000e-02
    endloop
  endfacet
  facet normal -9.801714033e-02 -9.951847267e-01 0.000000000e+00
    outer loop
      vertex -2.117473573e-02 1.076996248e-03 -1.000000000e-03
      vertex -2.058862816e-02 1.019269691e-03 -1.000000000e-03
      vertex -2.058862816e-02 1.019269691e-03 6.500000000e-02
    endloop
  endfacet
  facet normal -9.801714033e-02 -9.951847267e-01 0.000000000e+00
    outer loop
      vertex -2.117473573e-02 1.076996248e-03 -1.000000000e-03
      vertex -2.058862816e-02 1.019269691e-03 6.500000000e-02
      vertex -2.117473573e-02 1.076996248e-03 6.500000000e-02
    endloop
  endfacet
  facet normal 0.000000000e+00 0.000000000e+00 -1.000000000e+00
    outer loop
      vertex -2.000000000e-02 1.000000000e-02 -1.000000000e-03
      vertex -2.058862816e-02 1.019269691e-03 -1.000000000e-03
      vertex -2.117473573e-02 1.076996248e-03 -1.000000000e-03
    endloop
  endfacet
  facet normal 0.000000000e+00 0.000000000e+00 1.000000000e+00
    outer loop
      vertex -2.000000000e-02 1.000000000e-02 6.500000000e-02
      vertex -2.117473573e-02 1.076996248e-03 6.500000000e-02
      vertex -2.058862816e-02 1.019269691e-03 6.500000000e-02
    endloop
  endfacet
  facet normal -3.271908282e-02 -9.994645875e-01 0.000000000e+00
    outer loop
      vertex -2.058862816e-02 1.019269691e-03 -1.000000000e-03
      vertex -2.000000000e-02 1.000000000e-03 -1.000000000e-03
      vertex -2.000000000e-02 1.000000000e-03 6.500000000e-02
    endloop
  endfacet
  facet normal -3.271908282e-02 -9.994645875e-01 0.000000000e+00
    outer loop
      vertex -2.058862816e-02 1.019269691e-03 -1.000000000e-03
      vertex -2.000000000e-02 1.000000000e-03 6.500000000e-02
      vertex -2.058862816e-02 1.019269691e-03 6.500000000e-02
    endloop
  endfacet
  facet normal 0.000000000e+00 0.000000000e+00 -1.000000000e+00
    outer loop
      vertex -2.000000000e-02 1.000000000e-02 -1.000000000e-03
      vertex -2.000000000e-02 1.000000000e-03 -1.000000000e-03
      vertex -2.058862816e-02 1.019269691e-03 -1.000000000e-03
    endloop
  endfacet
  facet normal 0.000000000e+00 0.000000000e+00 1.000000000e+00
    outer loop
      vertex -2.000000000e-02 1.000000000e-02 6.500000000e-02
      vertex -2.058862816e-02 1.019269691e-03 6.500000000e-02
      vertex -2.000000000e-02 1.000000000e-03 6.500000000e-02
    endloop
  endfacet
  facet normal 3.271908282e-02 -9.994645875e-01 0.000000000e+00
    outer loop
      vertex -2.000000000e-02 1.000000000e-03 -1.000000000e-03
      vertex -1.941137184e-02 1.019269691e-03 -1.000000000e-03
      vertex -1.941137184e-02 1.019269691e-03 6.500000000e-02
    endloop
  endfacet
  facet normal 3.271908282e-02 -9.994645875e-01 0.000000000e+00
    outer loop
      vertex -2.000000000e-02 1.000000000e-03 -1.000000000e-03
      vertex -1.941137184e-02 1.019269691e-03 6.500000000e-02
      vertex -2.000000000e-02 1.000000000e-03 6.500000000e-02
    endloop
  endfacet
  facet normal 0.000000000e+00 0.000000000e+00 -1.000000000e+00
    outer loop
      vertex -2.000000000e-02 1.000000000e-02 -1.000000000e-03
      vertex -1.941137184e-02 1.019269691e-03 -1.000000000e-03
      vertex -2.000000000e-02 1.000000000e-03 -1.000000000e-03
    endloop
  endfacet
  facet normal 0.000000000e+00 0.000000000e+00 1.000000000e+00
    outer loop
      vertex -2.000000000e-02 1.000000000e-02 6.500000000e-02
      vertex -2.000000000e-02 1.000000000e-03 6.500000000e-02
      vertex -1.941137184e-02 1.019269691e-03 6.500000000e-02
    endloop
  endfacet
  facet normal 9.801714033e-02 -9.951847267e-01 0.000000000e+00
    outer loop
      vertex -1.941137184e-02 1.019269691e-03 -1.000000000e-03
      vertex -1.882526427e-02 1.076996248e-03 -1.000000000e-03
      vertex -1.882526427e-02 1.076996248e-03 6.500000000e-02
    endloop
  endfacet
  facet normal 9.801714033e-02 -9.951847267e-01 0.000000000e+00
    outer loop
      vertex -1.941137184e-02 1.019269691e-03 -1.000000000e-03
      vertex -1.882526427e-02 1.076996248e-03 6.500000000e-02
      vertex -1.941137184e-02 1.019269691e-03 6.500000000e-02
    endloop
  endfacet
  facet normal 0.000000000e+00 0.000000000e+00 -1.000000000e+00
    outer loop
      vertex -2.000000000e-02 1.000000000e-02 -1.000000000e-03
      vertex -1.882526427e-02 1.076996248e-03 -1.000000000e-03
      vertex -1.941137184e-02 1.019269691e-03 -1.000000000e-03
    endloop
  endfacet
  facet normal 0.000000000e+00 0.000000000e+00 1.000000000e+00
    outer loop
      vertex -2.000000000e-02 1.000000000e-02 6.500000000e-02
      vertex -1.941137184e-02 1.019269691e-03 6.500000000e-02
      vertex -1.882526427e-02 1.076996248e-03 6.500000000e-02
    endloop
  endfacet
  facet normal 1.628954734e-01 -9.866433321e-01 0.000000000e+00
    outer loop
      vertex -1.882526427e-02 1.076996248e-03 -1.000000000e-03
      vertex -1.824418710e-02 1.172932476e-03 -1.000000000e-03
      vertex -1.824418710e-02 1.172932476e-03 6.500000000e-02
    endloop
  endfacet
  facet normal 1.628954734e-01 -9.866433321e-01 0.000000000e+00
    outer loop
      vertex -1.882526427e-02 1.076996248e-03 -1.000000000e-03
      vertex -1.824418710e-02 1.172932476e-03 6.500000000e-02
      vertex -1.882526427e-02 1.076996248e-03 6.500000000e-02
    endloop
  endfacet
  facet normal 0.000000000e+00 0.000000000e+00 -1.000000000e+00
    outer loop
      vertex -2.000000000e-02 1.000000000e-02 -1.000000000e-03
      vertex -1.824418710e-02 1.172932476e-03 -1.000000000e-03
      vertex -1.882526427e-02 1.076996248e-03 -1.000000000e-03
    endloop
  endfacet
  facet normal 0.000000000e+00 0.000000000e+00 1.000000000e+00
    outer loop
      vertex -2.000000000e-02 1.000000000e-02 6.500000000e-02
      vertex -1.882526427e-02 1.076996248e-03 6.500000000e-02
      vertex -1.824418710e-02 1.172932476e-03 6.500000000e-02
    endloop
  endfacet
  facet normal 2.270762630e-01 -9.738769793e-01 0.000000000e+00
    outer loop
      vertex -1.824418710e-02 1.172932476e-03 -1.000000000e-03
      vertex -1.767062859e-02 1.306667563e-03 -1.000000000e-03
      vertex -1.767062859e-02 1.306667563e-03 6.500000000e-02
    endloop
  endfacet
  facet normal 2.270762630e-01 -9.738769793e-01 0.000000000e+00
    outer loop
      vertex -1.824418710e-02 1.172932476e-03 -1.000000000e-03
      vertex -1.767062859e-02 1.306667563e-03 6.500000000e-02
      vertex -1.824418710e-02 1.172932476e-03 6.500000000e-02
    endloop
  endfacet
  facet normal 0.000000000e+00 0.000000000e+00 -1.000000000e+00
    outer loop
      vertex -2.000000000e-02 1.000000000e-02 -1.000000000e-03
      vertex -1.767062859e-02 1.306667563e-03 -1.000000000e-03
      vertex -1.824418710e-02 1.172932476e-03 -1.000000000e-03
    endloop
  endfacet
  facet normal 0.000000000e+00 0.000000000e+00 1.000000000e+00
    outer loop
      vertex -2.000000000e-02 1.000000000e-02 6.500000000e-02
      vertex -1.824418710e-02 1.172932476e-03 6.500000000e-02
      vertex -1.767062859e-02 1.306667563e-03 6.500000000e-02
    endloop
  endfacet
  facet normal 2.902846773e-01 -9.569403357e-01 0.000000000e+00
    outer loop
      vertex -1.767062859e-02 1.306667563e-03 -1.000000000e-03
      vertex -1.710704481e-02 1.477628835e-03 -1.000000000e-03
      vertex -1.710704481e-02 1.477628835e-03 6.500000000e-02
    endloop
  endfacet
  facet normal 2.902846773e-01 -9.569403357e-01 0.000000000e+00
    outer loop
      vertex -1.767062859e-02 1.306667563e-03 -1.000000000e-03
      vertex -1.710704481e-02 1.477628835e-03 6.500000000e-02
      vertex -1.767062859e-02 1.306667563e-03 6.500000000e-02
    endloop
  endfacet
  facet normal 0.000000000e+00 0.000000000e+00 -1.000000000e+00
    outer loop
      vertex -2.000000000e-02 1.000000000e-02 -1.000000000e-03
      vertex -1.710704481e-02 1.477628835e-03 -1.000000000e-03
      vertex -1.767062859e-02 1.306667563e-03 -1.000000000e-03
    endloop
  endfacet
  facet normal 0.000000000e+00 0.000000000e+00 1.000000000e+00
    outer loop
      vertex -2.000000000e-02 1.000000000e-02 6.500000000e-02
      vertex -1.767062859e-02 1.306667563e-03 6.500000000e-02
      vertex -1.710704481e-02 1.477628835e-03 6.500000000e-02
    endloop
  endfacet
  facet normal 3.522500479e-01 -9.359059268e-01 0.000000000e+00
    outer loop
      vertex -1.710704481e-02 1.477628835e-03 -1.000000000e-03
      vertex -1.655584911e-02 1.685084207e-03 -1.000000000e-03
      vertex -1.655584911e-02 1.685084207e-03 6.500000000e-02
    endloop
  endfacet
  facet normal 3.522500479e-01 -9.359059268e-01 0.000000000e+00
    outer loop
      vertex -1.710704481e-02 1.477628835e-03 -1.000000000e-03
      vertex -1.655584911e-02 1.685084207e-03 6.500000000e-02
      vertex -1.710704481e-02 1.477628835e-03 6.500000000e-02
    endloop
  endfacet
  facet normal 0.000000000e+00 0.000000000e+00 -1.000000000e+00
    outer loop
      vertex -2.000000000e-02 1.000000000e-02 -1.000000000e-03
      vertex -1.655584911e-02 1.685084207e-03 -1.000000000e-03
      vertex -1.710704481e-02 1.477628835e-03 -1.000000000e-03
    endloop
  endfacet
  facet normal 0.000000000e+00 0.000000000e+00 1.000000000e+00
    outer loop
      vertex -2.000000000e-02 1.000000000e-02 6.500000000e-02
      vertex -1.710704481e-02 1.477628835e-03 6.500000000e-02
      vertex -1.655584911e-02 1.685084207e-03 6.500000000e-02
    endloop
  endfacet
  facet normal 4.127070298e-01 -9.108638249e-01 0.000000000e+00
    outer loop
      vertex -1.655584911e-02 1.685084207e-03 -1.000000000e-03
      vertex -1.601940179e-02 1.928145326e-03 -1.000000000e-03
      vertex -1.601940179e-02 1.928145326e-03 6.500000000e-02
    endloop
  endfacet
  facet normal 4.127070298e-01 -9.108638249e-01 0.000000000e+00
    outer loop
      vertex -1.655584911e-02 1.685084207e-03 -1.000000000e-03
      vertex -1.601940179e-02 1.928145326e-03 6.500000000e-02
      vertex -1.655584911e-02 1.685084207e-03 6.500000000e-02
    endloop
  endfacet
  facet normal 0.000000000e+00 0.000000000e+00 -1.000000000e+00
    outer loop
      vertex -2.000000000e-02 1.000000000e-02 -1.000000000e-03
      vertex -1.601940179e-02 1.928145326e-03 -1.000000000e-03
      vertex -1.655584911e-02 1.685084207e-03 -1.000000000e-03
    endloop
  endfacet
  facet normal 0.000000000e+00 0.000000000e+00 1.000000000e+00
    outer loop
      vertex -2.000000000e-02 1.000000000e-02 6.500000000e-02
      vertex -1.655584911e-02 1.685084207e-03 6.500000000e-02
      vertex -1.601940179e-02 1.928145326e-03 6.500000000e-02
    endloop
  endfacet
  facet normal 4.713967368e-01 -8.819212643e-01 0.000000000e+00
    outer loop
      vertex -1.601940179e-02 1.928145326e-03 -1.000000000e-03
      vertex -1.550000000e-02 2.205771366e-03 -1.000000000e-03
      vertex -1.550000000e-02 2.205771366e-03 6.500000000e-02
    endloop
  endfacet
  facet normal 4.713967368e-01 -8.819212643e-01 0.000000000e+00
    outer loop
      vertex -1.601940179e-02 1.928145326e-03 -1.000000000e-03
      vertex -1.550000000e-02 2.205771366e-03 6.500000000e-02
      vertex -1.601940179e-02 1.928145326e-03 6.500000000e-02
    endloop
  endfacet
  facet normal 0.000000000e+00 0.000000000e+00 -1.000000000e+00
    outer loop
      vertex -2.000000000e-02 1.000000000e-02 -1.000000000e-03
      vertex -1.550000000e-02 2.205771366e-03 -1.000000000e-03
      vertex -1.601940179e-02 1.928145326e-03 -1.000000000e-03
    endloop
  endfacet
  facet normal 0.000000000e+00 0.000000000e+00 1.000000000e+00
    outer loop
      vertex -2.000000000e-02 1.000000000e-02 6.500000000e-02
      vertex -1.601940179e-02 1.928145326e-03 6.500000000e-02
      vertex -1.550000000e-02 2.205771366e-03 6.500000000e-02
    endloop
  endfacet
  facet normal 5.280678507e-01 -8.492021815e-01 0.000000000e+00
    outer loop
      vertex -1.550000000e-02 2.205771366e-03 -1.000000000e-03
      vertex -1.499986790e-02 2.516773489e-03 -1.000000000e-03
      vertex -1.499986790e-02 2.516773489e-03 6.500000000e-02
    endloop
  endfacet
  facet normal 5.280678507e-01 -8.492021815e-01 0.000000000e+00
    outer loop
      vertex -1.550000000e-02 2.205771366e-03 -1.000000000e-03
      vertex -1.499986790e-02 2.516773489e-03 6.500000000e-02
      vertex -1.550000000e-02 2.205771366e-03 6.500000000e-02
    endloop
  endfacet
  facet normal 0.000000000e+00 0.000000000e+00 -1.000000000e+00
    outer loop
      vertex -2.000000000e-02 1.000000000e-02 -1.000000000e-03
      vertex -1.499986790e-02 2.516773489e-03 -1.000000000e-03
      vertex -1.550000000e-02 2.205771366e-03 -1.000000000e-03
    endloop
  endfacet
  facet normal 0.000000000e+00 0.000000000e+00 1.000000000e+00
    outer loop
      vertex -2.000000000e-02 1.000000000e-02 6.500000000e-02
      vertex -1.550000000e-02 2.205771366e-03 6.500000000e-02
      vertex -1.499986790e-02 2.516773489e-03 6.500000000e-02
    endloop
  endfacet
  facet normal 5.824776969e-01 -8.128466846e-01 0.000000000e+00
    outer loop
      vertex -1.499986790e-02 2.516773489e-03 -1.000000000e-03
      vertex -1.452114714e-02 2.859819937e-03 -1.000000000e-03
      vertex -1.452114714e-02 2.859819937e-03 6.500000000e-02
    endloop
  endfacet
  facet normal 5.824776969e-01 -8.128466846e-01 0.000000000e+00
    outer loop
      vertex -1.499986790e-02 2.516773489e-03 -1.000000000e-03
      vertex -1.452114714e-02 2.859819937e-03 6.500000000e-02
      vertex -1.499986790e-02 2.516773489e-03 6.500000000e-02
    endloop
  endfacet
  facet normal 0.000000000e+00 0.000000000e+00 -1.000000000e+00
    outer loop
      vertex -2.000000000e-02 1.000000000e-02 -1.000000000e-03
      vertex -1.452114714e-02 2.859819937e-03 -1.000000000e-03
      vertex -1.499986790e-02 2.516773489e-03 -1.000000000e-03
    endloop
  endfacet
  facet normal 0.000000000e+00 0.000000000e+00 1.000000000e+00
    outer loop
      vertex -2.000000000e-02 1.000000000e-02 6.500000000e-02
      vertex -1.499986790e-02 2.516773489e-03 6.500000000e-02
      vertex -1.452114714e-02 2.859819937e-03 6.500000000e-02
    endloop
  endfacet
  facet normal 6.343932842e-01 -7.730104534e-01 0.000000000e+00
    outer loop
      vertex -1.452114714e-02 2.859819937e-03 -1.000000000e-03
      vertex -1.406588766e-02 3.233441733e-03 -1.000000000e-03
      vertex -1.406588766e-02 3.233441733e-03 6.500000000e-02
    endloop
  endfacet
  facet normal 6.343932842e-01 -7.730104534e-01 0.000000000e+00
    outer loop
      vertex -1.452114714e-02 2.859819937e-03 -1.000000000e-03
      vertex -1.406588766e-02 3.233441733e-03 6.500000000e-02
      vertex -1.452114714e-02 2.859819937e-03 6.500000000e-02
    endloop
  endfacet
  facet normal 0.000000000e+00 0.000000000e+00 -1.000000000e+00
    outer loop
      vertex -2.000000000e-02 1.000000000e-02 -1.000000000e-03
      vertex -1.406588766e-02 3.233441733e-03 -1.000000000e-03
      vertex -1.452114714e-02 2.859819937e-03 -1.000000000e-03
    endloop
  endfacet
  facet normal 0.000000000e+00 0.000000000e+00 1.000000000e+00
    outer loop
      vertex -2.000000000e-02 1.000000000e-02 6.500000000e-02
      vertex -1.452114714e-02 2.859819937e-03 6.500000000e-02
      vertex -1.406588766e-02 3.233441733e-03 6.500000000e-02
    endloop
  endfacet
  facet normal 6.835923020e-01 -7.298640727e-01 0.000000000e+00
    outer loop
      vertex -1.406588766e-02 3.233441733e-03 -1.000000000e-03
      vertex -1.363603897e-02 3.636038969e-03 -1.000000000e-03
      vertex -1.363603897e-02 3.636038969e-03 6.500000000e-02
    endloop
  endfacet
  facet normal 6.835923020e-01 -7.298640727e-01 0.000000000e+00
    outer loop
      vertex -1.406588766e-02 3.233441733e-03 -1.000000000e-03
      vertex -1.363603897e-02 3.636038969e-03 6.500000000e-02
      vertex -1.406588766e-02 3.233441733e-03 6.500000000e-02
    endloop
  endfacet
  facet normal 0.000000000e+00 0.000000000e+00 -1.000000000e+00
    outer loop
      vertex -2.000000000e-02 1.000000000e-02 -1.000000000e-03
      vertex -1.363603897e-02 3.636038969e-03 -1.000000000e-03
      vertex -1.406588766e-02 3.233441733e-03 -1.000000000e-03
    endloop
  endfacet
  facet normal 0.000000000e+00 0.000000000e+00 1.000000000e+00
    outer loop
      vertex -2.000000000e-02 1.000000000e-02 6.500000000e-02
      vertex -1.406588766e-02 3.233441733e-03 6.500000000e-02
      vertex -1.363603897e-02 3.636038969e-03 6.500000000e-02
    endloop
  endfacet
  facet normal 7.298640727e-01 -6.835923020e-01 0.000000000e+00
    outer loop
      vertex -1.363603897e-02 3.636038969e-03 -1.000000000e-03
      vertex -1.323344173e-02 4.065887664e-03 -1.000000000e-03
      vertex -1.323344173e-02 4.065887664e-03 6.500000000e-02
    endloop
  endfacet
  facet normal 7.298640727e-01 -6.835923020e-01 0.000000000e+00
    outer loop
      vertex -1.363603897e-02 3.636038969e-03 -1.000000000e-03
      vertex -1.323344173e-02 4.065887664e-03 6.500000000e-02
      vertex -1.363603897e-02 3.636038969e-03 6.500000000e-02
    endloop
  endfacet
  facet normal 0.000000000e+00 0.000000000e+00 -1.000000000e+00
    outer loop
      vertex -2.000000000e-02 1.000000000e-02 -1.000000000e-03
      vertex -1.323344173e-02 4.065887664e-03 -1.000000000e-03
      vertex -1.363603897e-02 3.636038969e-03 -1.000000000e-03
    endloop
  endfacet
  facet normal 0.000000000e+00 0.000000000e+00 1.000000000e+00
    outer loop
      vertex -2.000000000e-02 1.000000000e-02 6.500000000e-02
      vertex -1.363603897e-02 3.636038969e-03 6.500000000e-02
      vertex -1.323344173e-02 4.065887664e-03 6.500000000e-02
    endloop
  endfacet
  facet normal 7.730104534e-01 -6.343932842e-01 0.000000000e+00
    outer loop
      vertex -1.323344173e-02 4.065887664e-03 -1.000000000e-03
      vertex -1.285981994e-02 4.521147139e-03 -1.000000000e-03
      vertex -1.285981994e-02 4.521147139e-03 6.500000000e-02
    endloop
  endfacet
  facet normal 7.730104534e-01 -6.343932842e-01 0.000000000e+00
    outer loop
      vertex -1.323344173e-02 4.065887664e-03 -1.000000000e-03
      vertex -1.285981994e-02 4.521147139e-03 6.500000000e-02
      vertex -1.323344173e-02 4.065887664e-03 6.500000000e-02
    endloop
  endfacet
  facet normal 0.000000000e+00 0.000000000e+00 -1.000000000e+00
    outer loop
      vertex -2.000000000e-02 1.000000000e-02 -1.000000000e-03
      vertex -1.285981994e-02 4.521147139e-03 -1.000000000e-03
      vertex -1.323344173e-02 4.065887664e-03 -1.000000000e-03
    endloop
  endfacet
  facet normal 0.000000000e+00 0.000000000e+00 1.000000000e+00
    outer loop
      vertex -2.000000000e-02 1.000000000e-02 6.500000000e-02
      vertex -1.323344173e-02 4.065887664e-03 6.500000000e-02
      vertex -1.285981994e-02 4.521147139e-03 6.500000000e-02
    endloop
  endfacet
  facet normal 8.128466846e-01 -5.824776969e-01 0.000000000e+00
    outer loop
      vertex -1.285981994e-02 4.521147139e-03 -1.000000000e-03
      vertex -1.251677349e-02 4.999867903e-03 -1.000000000e-03
      vertex -1.251677349e-02 4.999867903e-03 6.500000000e-02
    endloop
  endfacet
  facet normal 8.128466846e-01 -5.824776969e-01 0.000000000e+00
    outer loop
      vertex -1.285981994e-02 4.521147139e-03 -1.000000000e-03
      vertex -1.251677349e-02 4.999867903e-03 6.500000000e-02
      vertex -1.285981994e-02 4.521147139e-03 6.500000000e-02
    endloop
  endfacet
  facet normal 0.000000000e+00 0.000000000e+00 -1.000000000e+00
    outer loop
      vertex -2.000000000e-02 1.000000000e-02 -1.000000000e-03
      vertex -1.251677349e-02 4.999867903e-03 -1.000000000e-03
      vertex -1.285981994e-02 4.521147139e-03 -1.000000000e-03
    endloop
  endfacet
  facet normal 0.000000000e+00 0.000000000e+00 1.000000000e+00
    outer loop
      vertex -2.000000000e-02 1.000000000e-02 6.500000000e-02
      vertex -1.285981994e-02 4.521147139e-03 6.500000000e-02
      vertex -1.251677349e-02 4.999867903e-03 6.500000000e-02
    endloop
  endfacet
  facet normal 8.492021815e-01 -5.280678507e-01 0.000000000e+00
    outer loop
      vertex -1.251677349e-02 4.999867903e-03 -1.000000000e-03
      vertex -1.220577137e-02 5.500000000e-03 -1.000000000e-03
      vertex -1.220577137e-02 5.500000000e-03 6.500000000e-02
    endloop
  endfacet
  facet normal 8.492021815e-01 -5.280678507e-01 0.000000000e+00
    outer loop
      vertex -1.251677349e-02 4.999867903e-03 -1.000000000e-03
      vertex -1.220577137e-02 5.500000000e-03 6.500000000e-02
      vertex -1.251677349e-02 4.999867903e-03 6.500000000e-02
    endloop
  endfacet
  facet normal 0.000000000e+00 0.000000000e+00 -1.000000000e+00
    outer loop
      vertex -2.000000000e-02 1.000000000e-02 -1.000000000e-03
      vertex -1.220577137e-02 5.500000000e-03 -1.000000000e-03
      vertex -1.251677349e-02 4.999867903e-03 -1.000000000e-03
    endloop
  endfacet
  facet normal 0.000000000e+00 0.000000000e+00 1.000000000e+00
    outer loop
      vertex -2.000000000e-02 1.000000000e-02 6.500000000e-02
      vertex -1.251677349e-02 4.999867903e-03 6.500000000e-02
      vertex -1.220577137e-02 5.500000000e-03 6.500000000e-02
    endloop
  endfacet
  facet normal 8.819212643e-01 -4.713967368e-01 0.000000000e+00
    outer loop
      vertex -1.220577137e-02 5.500000000e-03 -1.000000000e-03
      vertex -1.192814533e-02 6.019401788e-03 -1.000000000e-03
      vertex -1.192814533e-02 6.019401788e-03 6.500000000e-02
    endloop
  endfacet
  facet normal 8.819212643e-01 -4.713967368e-01 0.000000000e+00
    outer loop
      vertex -1.220577137e-02 5.500000000e-03 -1.000000000e-03
      vertex -1.192814533e-02 6.019401788e-03 6.500000000e-02
      vertex -1.220577137e-02 5.500000000e-03 6.500000000e-02
    endloop
  endfacet
  facet normal 0.000000000e+00 0.000000000e+00 -1.000000000e+00
    outer loop
      vertex -2.000000000e-02 1.000000000e-02 -1.000000000e-03
      vertex -1.192814533e-02 6.019401788e-03 -1.000000000e-03
      vertex -1.220577137e-02 5.500000000e-03 -1.000000000e-03
    endloop
  endfacet
  facet normal 0.000000000e+00 0.000000000e+00 1.000000000e+00
    outer loop
      vertex -2.000000000e-02 1.000000000e-02 6.500000000e-02
      vertex -1.220577137e-02 5.500000000e-03 6.500000000e-02
      vertex -1.192814533e-02 6.019401788e-03 6.500000000e-02
    endloop
  endfacet
  facet normal 9.108638249e-01 -4.127070298e-01 0.000000000e+00
    outer loop
      vertex -1.192814533e-02 6.019401788e-03 -1.000000000e-03
      vertex -1.168508421e-02 6.555849109e-03 -1.000000000e-03
      vertex -1.168508421e-02 6.555849109e-03 6.500000000e-02
    endloop
  endfacet
  facet normal 9.108638249e-01 -4.127070298e-01 0.000000000e+00
    outer loop
      vertex -1.192814533e-02 6.019401788e-03 -1.000000000e-03
      vertex -1.168508421e-02 6.555849109e-03 6.500000000e-02
      vertex -1.192814533e-02 6.019401788e-03 6.500000000e-02
    endloop
  endfacet
  facet normal 0.000000000e+00 0.000000000e+00 -1.000000000e+00
    outer loop
      vertex -2.000000000e-02 1.000000000e-02 -1.000000000e-03
      vertex -1.168508421e-02 6.555849109e-03 -1.000000000e-03
      vertex -1.192814533e-02 6.019401788e-03 -1.000000000e-03
    endloop
  endfacet
  facet normal 0.000000000e+00 0.000000000e+00 1.000000000e+00
    outer loop
      vertex -2.000000000e-02 1.000000000e-02 6.500000000e-02
      vertex -1.192814533e-02 6.019401788e-03 6.500000000e-02
      vertex -1.168508421e-02 6.555849109e-03 6.500000000e-02
    endloop
  endfacet
  facet normal 9.359059268e-01 -3.522500479e-01 0.000000000e+00
    outer loop
      vertex -1.168508421e-02 6.555849109e-03 -1.000000000e-03
      vertex -1.147762883e-02 7.107044812e-03 -1.000000000e-03
      vertex -1.147762883e-02 7.107044812e-03 6.500000000e-02
    endloop
  endfacet
  facet normal 9.359059268e-01 -3.522500479e-01 0.000000000e+00
    outer loop
      vertex -1.168508421e-02 6.555849109e-03 -1.000000000e-03
      vertex -1.147762883e-02 7.107044812e-03 6.500000000e-02
      vertex -1.168508421e-02 6.555849109e-03 6.500000000e-02
    endloop
  endfacet
  facet normal 0.000000000e+00 0.000000000e+00 -1.000000000e+00
    outer loop
      vertex -2.000000000e-02 1.000000000e-02 -1.000000000e-03
      vertex -1.147762883e-02 7.107044812e-03 -1.000000000e-03
      vertex -1.168508421e-02 6.555849109e-03 -1.000000000e-03
    endloop
  endfacet
  facet normal 0.000000000e+00 0.000000000e+00 1.000000000e+00
    outer loop
      vertex -2.000000000e-02 1.000000000e-02 6.500000000e-02
      vertex -1.168508421e-02 6.555849109e-03 6.500000000e-02
      vertex -1.147762883e-02 7.107044812e-03 6.500000000e-02
    endloop
  endfacet
  facet normal 9.569403357e-01 -2.902846773e-01 0.000000000e+00
    outer loop
      vertex -1.147762883e-02 7.107044812e-03 -1.000000000e-03
      vertex -1.130666756e-02 7.670628594e-03 -1.000000000e-03
      vertex -1.130666756e-02 7.670628594e-03 6.500000000e-02
    endloop
  endfacet
  facet normal 9.569403357e-01 -2.902846773e-01 0.000000000e+00
    outer loop
      vertex -1.147762883e-02 7.107044812e-03 -1.000000000e-03
      vertex -1.130666756e-02 7.670628594e-03 6.500000000e-02
      vertex -1.147762883e-02 7.107044812e-03 6.500000000e-02
    endloop
  endfacet
  facet normal 0.000000000e+00 0.000000000e+00 -1.000000000e+00
    outer loop
      vertex -2.000000000e-02 1.000000000e-02 -1.000000000e-03
      vertex -1.130666756e-02 7.670628594e-03 -1.000000000e-03
      vertex -1.147762883e-02 7.107044812e-03 -1.000000000e-03
    endloop
  endfacet
  facet normal 0.000000000e+00 0.000000000e+00 1.000000000e+00
    outer loop
      vertex -2.000000000e-02 1.000000000e-02 6.500000000e-02
      vertex -1.147762883e-02 7.107044812e-03 6.500000000e-02
      vertex -1.130666756e-02 7.670628594e-03 6.500000000e-02
    endloop
  endfacet
  facet normal 9.738769793e-01 -2.270762630e-01 0.000000000e+00
    outer loop
      vertex -1.130666756e-02 7.670628594e-03 -1.000000000e-03
      vertex -1.117293248e-02 8.244187102e-03 -1.000000000e-03
      vertex -1.117293248e-02 8.244187102e-03 6.500000000e-02
    endloop
  endfacet
  facet normal 9.738769793e-01 -2.270762630e-01 0.000000000e+00
    outer loop
      vertex -1.130666756e-02 7.670628594e-03 -1.000000000e-03
      vertex -1.117293248e-02 8.244187102e-03 6.500000000e-02
      vertex -1.130666756e-02 7.670628594e-03 6.500000000e-02
    endloop
  endfacet
  facet normal 0.000000000e+00 0.000000000e+00 -1.000000000e+00
    outer loop
      vertex -2.000000000e-02 1.000000000e-02 -1.000000000e-03
      vertex -1.117293248e-02 8.244187102e-03 -1.000000000e-03
      vertex -1.130666756e-02 7.670628594e-03 -1.000000000e-03
    endloop
  endfacet
  facet normal 0.000000000e+00 0.000000000e+00 1.000000000e+00
    outer loop
      vertex -2.000000000e-02 1.000000000e-02 6.500000000e-02
      vertex -1.130666756e-02 7.670628594e-03 6.500000000e-02
      vertex -1.117293248e-02 8.244187102e-03 6.500000000e-02
    endloop
  endfacet
  facet normal 9.866433321e-01 -1.628954734e-01 0.000000000e+00
    outer loop
      vertex -1.117293248e-02 8.244187102e-03 -1.000000000e-03
      vertex -1.107699625e-02 8.825264270e-03 -1.000000000e-03
      vertex -1.107699625e-02 8.825264270e-03 6.500000000e-02
    endloop
  endfacet
  facet normal 9.866433321e-01 -1.628954734e-01 0.000000000e+00
    outer loop
      vertex -1.117293248e-02 8.244187102e-03 -1.000000000e-03
      vertex -1.107699625e-02 8.825264270e-03 6.500000000e-02
      vertex -1.117293248e-02 8.244187102e-03 6.500000000e-02
    endloop
  endfacet
  facet normal 0.000000000e+00 0.000000000e+00 -1.000000000e+00
    outer loop
      vertex -2.000000000e-02 1.000000000e-02 -1.000000000e-03
      vertex -1.107699625e-02 8.825264270e-03 -1.000000000e-03
      vertex -1.117293248e-02 8.244187102e-03 -1.000000000e-03
    endloop
  endfacet
  facet normal 0.000000000e+00 0.000000000e+00 1.000000000e+00
    outer loop
      vertex -2.000000000e-02 1.000000000e-02 6.500000000e-02
      vertex -1.117293248e-02 8.244187102e-03 6.500000000e-02
      vertex -1.107699625e-02 8.825264270e-03 6.500000000e-02
    endloop
  endfacet
  facet normal 9.951847267e-01 -9.801714033e-02 0.000000000e+00
    outer loop
      vertex -1.107699625e-02 8.825264270e-03 -1.000000000e-03
      vertex -1.101926969e-02 9.411371837e-03 -1.000000000e-03
      vertex -1.101926969e-02 9.411371837e-03 6.500000000e-02
    endloop
  endfacet
  facet normal 9.951847267e-01 -9.801714033e-02 0.000000000e+00
    outer loop
      vertex -1.107699625e-02 8.825264270e-03 -1.000000000e-03
      vertex -1.101926969e-02 9.411371837e-03 6.500000000e-02
      vertex -1.107699625e-02 8.825264270e-03 6.500000000e-02
    endloop
  endfacet
  facet normal 0.000000000e+00 0.000000000e+00 -1.000000000e+00
    outer loop
      vertex -2.000000000e-02 1.000000000e-02 -1.000000000e-03
      vertex -1.101926969e-02 9.411371837e-03 -1.000000000e-03
      vertex -1.107699625e-02 8.825264270e-03 -1.000000000e-03
    endloop
  endfacet
  facet normal 0.000000000e+00 0.000000000e+00 1.000000000e+00
    outer loop
      vertex -2.000000000e-02 1.000000000e-02 6.500000000e-02
      vertex -1.107699625e-02 8.825264270e-03 6.500000000e-02
      vertex -1.101926969e-02 9.411371837e-03 6.500000000e-02
    endloop
  endfacet
  facet normal 9.994645875e-01 -3.271908282e-02 0.000000000e+00
    outer loop
      vertex -1.101926969e-02 9.411371837e-03 -1.000000000e-03
      vertex -1.100000000e-02 1.000000000e-02 -1.000000000e-03
      vertex -1.100000000e-02 1.000000000e-02 6.500000000e-02
    endloop
  endfacet
  facet normal 9.994645875e-01 -3.271908282e-02 0.000000000e+00
    outer loop
      vertex -1.101926969e-02 9.411371837e-03 -1.000000000e-03
      vertex -1.100000000e-02 1.000000000e-02 6.500000000e-02
      vertex -1.101926969e-02 9.411371837e-03 6.500000000e-02
    endloop
  endfacet
  facet normal 0.000000000e+00 0.000000000e+00 -1.000000000e+00
    outer loop
      vertex -2.000000000e-02 1.000000000e-02 -1.000000000e-03
      vertex -1.100000000e-02 1.000000000e-02 -1.000000000e-03
      vertex -1.101926969e-02 9.411371837e-03 -1.000000000e-03
    endloop
  endfacet
  facet normal 0.000000000e+00 0.000000000e+00 1.000000000e+00
    outer loop
      vertex -2.000000000e-02 1.000000000e-02 6.500000000e-02
      vertex -1.101926969e-02 9.411371837e-03 6.500000000e-02
      vertex -1.100000000e-02 1.000000000e-02 6.500000000e-02
    endloop
  endfacet
endsolid cell3
